user_id,round_id,timestamp,event_type,flight_id,flight_x,flight_y,human_x,human_y,agent_x,agent_y,dist_human_flight,dist_agent_flight,dist_human_agent,triggered_by,signal_type,dir_ratio,flight_speed,flight_angle,human_speed,human_direction,agent_speed,agent_direction
Negotiation_37,R1,2026-09-07T03:52:09.457373Z,flight_spawn,1,530,-20,1232,910,1161,828,1164.88,1057.45,107.7,system,NA,0.476,2.83,45.0,0.0,180.0,0.0,125.75
Negotiation_37,R1,2026-09-07T04:00:45.127512Z,agent_signal,1,759,309,1123,672,530,566,514.21,343.67,602.33,agent,i_can,0.401,2.83,71.36,137.99,-155.95,76.24,0.0
Negotiation_37,R1,2026-09-07T04:00:45.144218Z,behavior_monitor,1,759,309,1123,672,532,566,514.21,343.08,600.99,system,NA,0.4,2.83,71.36,137.89,-156.44,79.26,15.7
Negotiation_37,R1,2026-09-07T04:00:45.656516Z,behavior_monitor,1,736,386,1058,651,583,564,416.74,234.6,482.37,system,NA,0.36,2.83,121.18,133.84,-165.23,99.11,0.0
Negotiation_37,R1,2026-09-07T04:00:46.167113Z,behavior_monitor,1,765,447,1006,636,634,565,305.8,176.61,378.6,system,NA,0.366,2.83,15.31,0.0,180.0,99.11,0.0
Negotiation_37,R1,2026-09-07T04:00:46.677594Z,behavior_monitor,1,834,485,962,636,685,565,198.12,169.58,285.98,system,NA,0.461,2.83,66.35,128.11,180.0,99.11,0.0
Negotiation_37,R1,2026-09-07T04:00:47.187486Z,behavior_monitor,1,842,567,900,625,736,565,81.92,105.69,174.47,system,NA,0.563,2.83,63.08,129.41,180.0,99.11,0.0
Negotiation_37,R1,2026-09-07T04:00:47.425771Z,human_signal,1,866,599,869,625,760,594,26.89,106.66,113.93,human,your_turn,0.799,2.83,60.06,129.41,180.0,169.61,54.25
Negotiation_37,R1,2026-09-07T04:00:47.426377Z,human_signal,1,867,601,867,625,760,594,24.29,107.43,111.82,human,your_turn,0.816,2.83,60.06,129.41,180.0,169.61,54.25
Negotiation_37,R1,2026-09-07T04:00:47.630277Z,conflict,1,882,630,861,625,781,624,22.12,101.12,79.41,system,NA,0.821,2.83,60.06,0.0,180.0,169.61,54.25
Negotiation_37,R1,2026-09-07T04:00:47.697438Z,behavior_monitor,1,888,638,861,625,781,624,29.91,107.47,79.41,system,NA,0.782,2.83,60.06,0.0,180.0,0.0,54.25
Negotiation_37,R1,2026-09-07T04:00:48.207827Z,behavior_monitor,1,901,721,867,625,787,633,101.47,144.01,80.06,system,NA,0.587,2.83,85.97,75.43,0.0,163.58,57.3
Negotiation_37,R1,2026-09-07T04:00:48.633316Z,conflict,1,892,792,889,642,829,694,150.34,116.86,79.71,system,NA,0.437,2.83,109.15,71.75,64.4,165.2,56.43
Negotiation_37,R1,2026-09-07T04:00:48.718083Z,behavior_monitor,1,889,803,889,642,829,694,161.0,124.76,79.71,system,NA,0.437,2.83,109.15,0.0,71.44,0.0,54.25
Negotiation_37,R1,2026-09-07T04:00:49.227867Z,behavior_monitor,1,836,866,889,642,820,706,229.98,160.89,93.78,system,NA,0.412,2.83,134.96,0.0,71.44,169.61,125.75
Negotiation_37,R1,2026-09-07T04:00:49.737917Z,behavior_monitor,1,770,918,889,622,770,776,318.87,141.98,194.61,system,NA,0.308,2.83,175.28,0.0,-90.0,169.61,125.75
Negotiation_37,R1,2026-09-07T04:00:50.249878Z,behavior_monitor,1,685,925,889,657,719,845,336.56,86.02,254.16,system,NA,0.204,2.83,175.28,129.41,90.0,169.61,125.75
Negotiation_37,R1,2026-09-07T04:00:50.744105Z,flight_missed,1,607,953,889,691,668,910,385.27,75.12,310.94,system,NA,0.163,2.83,140.83,0.0,90.0,99.11,180.0
Negotiation_37,R1,2026-09-07T04:00:50.744524Z,flight_spawn,2,521,-20,889,691,668,910,800.94,941.53,310.94,system,NA,0.54,3.51,55.27,0.0,90.0,99.11,180.0
Negotiation_37,R1,2026-09-07T04:00:53.533218Z,agent_signal,2,940,308,832,552,730,644,266.53,396.01,137.71,agent,your_turn,0.598,3.51,18.18,141.38,-41.01,130.47,-54.25
Negotiation_37,R1,2026-09-07T04:00:53.548437Z,behavior_monitor,2,940,308,832,552,731,642,266.53,394.35,136.09,system,NA,0.597,3.51,18.18,150.02,-40.73,103.97,-54.25
Negotiation_37,R1,2026-09-07T04:00:54.058107Z,behavior_monitor,2,1040,334,889,508,760,602,229.82,387.26,159.85,system,NA,0.628,3.51,18.7,141.57,-33.73,97.85,-54.25
Negotiation_37,R1,2026-09-07T04:00:54.566893Z,behavior_monitor,2,1140,368,951,472,775,583,215.55,424.16,208.77,system,NA,0.663,3.51,18.7,139.34,-27.89,0.0,20.54
Negotiation_37,R1,2026-09-07T04:00:55.078886Z,behavior_monitor,2,1239,402,1016,453,774,584,228.07,498.45,274.86,system,NA,0.686,3.51,18.7,129.41,0.0,0.0,147.54
Negotiation_37,R1,2026-09-07T04:00:55.590129Z,behavior_monitor,2,1271,486,1080,465,803,566,192.14,474.94,295.13,system,NA,0.712,3.51,101.33,138.05,43.71,76.24,0.0
Negotiation_37,R1,2026-09-07T04:00:56.101594Z,behavior_monitor,2,1203,561,1106,527,842,565,102.52,361.24,267.23,system,NA,0.779,3.51,178.33,83.92,90.0,81.96,11.0
Negotiation_37,R1,2026-09-07T04:00:56.611046Z,behavior_monitor,2,1109,607,1106,574,880,602,32.97,228.25,227.71,system,NA,0.874,3.51,151.0,129.41,90.0,130.47,54.25
Negotiation_37,R1,2026-09-07T04:00:56.696060Z,shot_miss,2,1094,616,1106,585,887,611,33.0,206.86,221.04,human,NA,0.862,3.51,151.0,129.41,90.0,130.47,54.25
Negotiation_37,R1,2026-09-07T04:00:57.123807Z,behavior_monitor,2,1013,638,1092,640,920,632,78.57,93.17,171.72,system,NA,0.543,3.51,155.26,144.43,119.52,91.72,7.99
Negotiation_37,R1,2026-09-07T04:00:57.585483Z,shot_hit,2,942,704,1036,676,932,681,97.81,25.52,104.42,agent,NA,0.207,3.51,130.96,140.9,148.86,130.47,125.75
Negotiation_37,R1,2026-09-07T04:00:57.586309Z,flight_spawn,3,825,-20,1036,676,932,681,727.49,709.19,104.42,system,NA,0.494,2.83,135.0,140.9,148.86,130.47,125.75
Negotiation_37,R1,2026-09-07T04:00:57.806028Z,conflict,3,799,6,1010,693,932,681,719.16,688.06,79.23,system,NA,0.489,2.83,135.0,141.81,144.62,0.0,125.75
Negotiation_37,R1,2026-09-07T04:01:00.193002Z,agent_signal,3,818,369,854,634,801,566,267.13,197.48,86.09,agent,i_can,0.425,2.83,98.73,36.47,-90.0,76.24,180.0
Negotiation_37,R1,2026-09-07T04:01:00.210044Z,behavior_monitor,3,818,369,854,634,801,566,267.13,197.48,86.09,system,NA,0.425,2.83,98.73,36.47,-90.0,0.0,180.0
Negotiation_37,R1,2026-09-07T04:01:00.661675Z,conflict,3,804,448,828,634,787,567,187.93,120.14,78.85,system,NA,0.39,2.83,98.73,129.41,180.0,99.11,180.0
Negotiation_37,R1,2026-09-07T04:01:00.713029Z,behavior_monitor,3,803,453,828,634,787,567,182.53,114.45,78.85,system,NA,0.385,2.83,98.73,0.0,180.0,0.0,180.0
Negotiation_37,R1,2026-09-07T04:01:01.223005Z,behavior_monitor,3,790,537,831,635,782,567,105.71,30.51,83.69,system,NA,0.224,2.83,98.73,66.26,26.94,99.11,180.0
Negotiation_37,R1,2026-09-07T04:01:01.512660Z,shot_hit,3,795,587,836,649,772,581,75.05,23.69,94.04,agent,NA,0.24,2.83,75.07,66.54,120.5,137.65,90.0
Negotiation_37,R1,2026-09-07T04:01:01.513611Z,flight_spawn,4,894,-20,836,649,772,581,672.13,613.38,94.04,system,NA,0.477,2.83,135.0,66.54,120.5,137.65,90.0
Negotiation_37,R1,2026-09-07T04:01:04.740516Z,agent_signal,4,536,311,722,730,593,564,458.01,259.6,209.85,agent,i_can,0.362,2.83,103.23,129.41,0.0,76.24,180.0
Negotiation_37,R1,2026-09-07T04:01:04.756869Z,behavior_monitor,4,536,311,722,730,591,564,458.01,259.24,210.9,system,NA,0.361,2.83,103.23,129.41,0.0,99.11,180.0
Negotiation_37,R1,2026-09-07T04:01:05.267426Z,behavior_monitor,4,515,394,782,725,541,565,426.03,173.05,290.02,system,NA,0.289,2.83,127.04,77.92,-35.37,99.11,180.0
Negotiation_37,R1,2026-09-07T04:01:05.776672Z,behavior_monitor,4,465,461,820,700,490,565,427.82,106.75,356.35,system,NA,0.2,2.83,127.04,78.25,-40.47,99.11,180.0
Negotiation_37,R1,2026-09-07T04:01:06.288509Z,behavior_monitor,4,419,531,819,690,440,565,429.83,39.3,399.31,system,NA,0.084,2.83,125.03,36.72,-90.0,99.11,180.0
Negotiation_37,R1,2026-09-07T04:01:06.391404Z,shot_hit,4,406,547,819,685,428,565,434.81,27.65,409.2,agent,NA,0.06,2.83,125.03,39.97,-90.0,109.85,171.75
Negotiation_37,R1,2026-09-07T04:01:06.392434Z,flight_spawn,5,743,-20,819,685,428,565,710.0,665.29,409.2,system,NA,0.484,2.96,132.51,39.97,-90.0,109.85,171.75
Negotiation_37,R1,2026-09-07T04:01:09.419518Z,agent_signal,5,781,410,811,575,603,566,167.9,236.02,207.74,agent,your_turn,0.584,2.96,69.42,109.1,-90.0,76.24,0.0
Negotiation_37,R1,2026-09-07T04:01:09.435372Z,behavior_monitor,5,781,410,811,575,604,566,167.9,235.29,206.76,system,NA,0.584,2.96,69.42,111.9,-90.0,57.18,0.0
Negotiation_37,R1,2026-09-07T04:01:09.947152Z,behavior_monitor,5,803,495,811,514,633,566,20.26,183.73,184.94,system,NA,0.901,2.96,90.21,128.57,-90.0,56.59,0.97
Negotiation_37,R1,2026-09-07T04:01:10.134067Z,shot_miss,5,801,528,813,494,644,566,35.54,161.26,183.54,human,NA,0.819,2.96,90.21,93.89,-68.71,57.18,0.0
Negotiation_37,R1,2026-09-07T04:01:10.456652Z,behavior_monitor,5,792,581,817,480,647,565,104.46,145.99,190.63,system,NA,0.583,2.96,134.13,0.0,-90.0,0.0,-110.97
Negotiation_37,R1,2026-09-07T04:01:10.965545Z,behavior_monitor,5,719,620,806,539,646,565,119.31,90.91,162.32,system,NA,0.432,2.96,156.65,140.62,113.03,0.0,33.45
Negotiation_37,R1,2026-09-07T04:01:11.475694Z,behavior_monitor,5,637,655,776,605,640,607,147.4,48.64,136.02,system,NA,0.248,2.96,156.65,144.79,118.11,130.47,125.75
Negotiation_37,R1,2026-09-07T04:01:11.611672Z,shot_miss,5,614,666,765,624,628,623,156.7,45.15,137.17,agent,NA,0.224,2.96,156.65,144.87,118.4,130.47,125.75
Negotiation_37,R1,2026-09-07T04:01:11.866992Z,shot_miss,5,574,689,747,657,609,650,175.91,52.38,138.25,agent,NA,0.229,2.96,135.56,145.05,121.07,130.47,125.75
Negotiation_37,R1,2026-09-07T04:01:11.985442Z,behavior_monitor,5,562,701,743,666,601,661,184.53,56.45,142.17,system,NA,0.234,2.96,135.56,0.0,90.0,130.47,125.75
Negotiation_37,R1,2026-09-07T04:01:12.494211Z,behavior_monitor,5,484,740,742,700,562,715,261.21,82.91,179.84,system,NA,0.241,2.96,159.12,135.15,106.76,130.47,125.75
Negotiation_37,R1,2026-09-07T04:01:13.005319Z,behavior_monitor,5,403,777,712,766,524,769,310.07,121.26,188.89,system,NA,0.281,2.96,138.74,143.09,115.26,130.47,125.75
Negotiation_37,R1,2026-09-07T04:01:13.516861Z,behavior_monitor,5,357,853,674,829,485,824,317.95,130.65,189.68,system,NA,0.291,2.96,118.59,145.75,126.05,130.47,125.75
Negotiation_37,R1,2026-09-07T04:01:14.029186Z,behavior_monitor,5,332,935,686,832,445,878,367.75,126.47,244.5,system,NA,0.256,2.96,90.03,134.39,-27.29,130.47,125.75
Negotiation_37,R1,2026-09-07T04:01:14.113990Z,flight_missed,5,332,952,698,825,437,888,386.93,123.02,268.05,system,NA,0.241,2.96,90.03,137.27,-28.06,130.47,125.75
Negotiation_37,R1,2026-09-07T04:01:14.115212Z,flight_spawn,6,802,-20,698,825,437,888,852.22,978.95,268.05,system,NA,0.535,2.83,135.0,137.27,-28.06,130.47,125.75
Negotiation_37,R1,2026-09-07T04:01:17.041793Z,agent_signal,6,457,316,752,563,492,621,385.5,307.85,266.18,agent,i_can,0.444,2.83,158.0,134.36,15.6,130.47,-125.75
Negotiation_37,R1,2026-09-07T04:01:17.059279Z,behavior_monitor,6,457,316,752,563,491,619,385.5,305.33,267.32,system,NA,0.442,2.83,158.0,127.34,16.31,160.19,-125.75
Negotiation_37,R1,2026-09-07T04:01:17.571078Z,behavior_monitor,6,377,348,816,591,440,565,501.67,225.43,377.39,system,NA,0.31,2.83,158.32,139.85,33.54,99.11,180.0
Negotiation_37,R1,2026-09-07T04:01:18.081726Z,behavior_monitor,6,301,377,876,621,389,565,625.26,207.99,490.06,system,NA,0.25,2.83,173.3,129.41,0.0,99.11,180.0
Negotiation_37,R1,2026-09-07T04:01:18.593369Z,behavior_monitor,6,221,407,939,601,338,565,743.55,197.26,601.37,system,NA,0.21,2.83,152.64,135.47,-21.5,99.11,180.0
Negotiation_37,R1,2026-09-07T04:01:19.103144Z,behavior_monitor,6,162,457,958,591,288,566,807.75,166.88,670.67,system,NA,0.171,2.83,140.89,0.0,-46.53,99.11,180.0
Negotiation_37,R1,2026-09-07T04:01:19.613357Z,behavior_monitor,6,147,536,958,591,238,565,812.87,95.22,720.99,system,NA,0.105,2.83,93.12,0.0,-46.53,99.11,180.0
Negotiation_37,R1,2026-09-07T04:01:20.123527Z,behavior_monitor,6,123,615,936,637,187,607,812.67,64.18,749.21,system,NA,0.073,2.83,121.15,144.64,126.5,169.61,125.75
Negotiation_37,R1,2026-09-07T04:01:20.566428Z,shot_miss,6,106,689,895,689,142,671,789.0,39.66,754.09,agent,NA,0.048,2.83,98.54,143.57,128.79,169.61,125.75
Negotiation_37,R1,2026-09-07T04:01:20.633811Z,behavior_monitor,6,104,697,891,695,137,678,787.08,37.98,754.52,system,NA,0.046,2.83,127.59,143.66,128.84,169.61,125.75
Negotiation_37,R1,2026-09-07T04:01:20.890038Z,shot_miss,6,68,721,866,726,110,715,798.72,42.42,756.8,agent,NA,0.05,2.83,124.77,143.1,128.8,169.61,125.75
Negotiation_37,R1,2026-09-07T04:01:21.094326Z,shot_miss,6,47,749,848,748,89,743,801.77,43.11,759.07,agent,NA,0.051,2.83,124.77,142.56,127.94,169.61,125.75
Negotiation_37,R1,2026-09-07T04:01:21.144546Z,behavior_monitor,6,43,754,845,752,86,748,802.09,43.12,759.36,system,NA,0.051,2.83,124.77,142.69,129.22,169.61,125.75
Negotiation_37,R1,2026-09-07T04:01:21.655766Z,behavior_monitor,6,44,811,797,807,35,806,753.43,9.34,761.68,system,NA,0.012,2.07,45.82,143.4,131.53,169.61,125.75
Negotiation_37,R1,2026-09-07T04:01:22.814148Z,shot_hit,6,101,933,815,888,77,910,715.64,33.07,738.11,agent,NA,0.044,2.07,41.69,0.0,90.0,99.11,0.0
Negotiation_37,R1,2026-09-07T04:01:22.814842Z,flight_spawn,7,551,-20,815,888,77,910,946.11,1043.54,738.11,system,NA,0.524,2.83,135.0,0.0,90.0,99.11,0.0
Negotiation_37,R1,2026-09-07T04:01:27.679243Z,agent_signal,7,94,325,751,789,68,566,803.73,241.51,718.56,agent,i_can,0.231,1.7,36.57,0.0,180.0,61.03,10.17
Negotiation_37,R1,2026-09-07T04:01:27.696072Z,behavior_monitor,7,94,325,751,789,70,566,803.73,241.33,716.96,system,NA,0.231,1.7,36.57,0.0,180.0,99.11,0.0
Negotiation_37,R1,2026-09-07T04:01:28.204645Z,behavior_monitor,7,133,356,751,789,110,565,754.4,210.81,678.74,system,NA,0.218,1.7,36.57,0.0,180.0,29.51,24.17
Negotiation_37,R1,2026-09-07T04:01:28.715254Z,behavior_monitor,7,180,380,739,784,157,565,690.07,186.68,622.09,system,NA,0.213,1.7,17.59,98.38,-149.13,99.11,0.0
Negotiation_37,R1,2026-09-07T04:01:29.226748Z,behavior_monitor,7,226,401,723,759,202,565,613.03,166.37,555.99,system,NA,0.213,1.7,32.4,38.75,-90.0,0.0,0.0
Negotiation_37,R1,2026-09-07T04:01:29.736952Z,behavior_monitor,7,267,428,748,755,244,565,581.23,139.21,538.3,system,NA,0.193,1.7,32.4,107.71,0.0,99.11,0.0
Negotiation_37,R1,2026-09-07T04:01:30.245467Z,behavior_monitor,7,309,455,809,755,285,565,583.07,112.61,557.21,system,NA,0.162,1.7,32.4,134.9,0.0,80.72,-4.01
Negotiation_37,R1,2026-09-07T04:01:30.755137Z,behavior_monitor,7,350,483,783,755,327,566,511.7,86.18,493.48,system,NA,0.144,1.7,32.4,110.32,180.0,99.11,0.0
Negotiation_37,R1,2026-09-07T04:01:31.261753Z,behavior_monitor,7,398,508,721,764,374,565,411.63,61.76,399.85,system,NA,0.13,1.7,31.8,84.22,180.0,99.11,0.0
Negotiation_37,R1,2026-09-07T04:01:31.500626Z,shot_miss,7,420,522,705,764,396,565,374.46,49.69,367.81,agent,NA,0.117,1.7,31.8,50.71,180.0,99.11,0.0
Negotiation_37,R1,2026-09-07T04:01:31.686871Z,shot_miss,7,436,532,692,764,412,565,345.29,40.83,343.04,agent,NA,0.106,1.7,54.08,91.82,180.0,99.11,0.0
Negotiation_37,R1,2026-09-07T04:01:31.773260Z,behavior_monitor,7,440,538,685,764,418,565,333.62,35.3,333.68,system,NA,0.096,1.7,74.13,97.23,180.0,99.11,0.0
Negotiation_37,R1,2026-09-07T04:01:31.926625Z,shot_hit,7,447,554,671,764,424,565,306.97,25.51,317.32,agent,NA,0.077,1.7,74.13,67.95,180.0,99.11,0.0
Negotiation_37,R1,2026-09-07T04:01:31.927578Z,flight_spawn,8,385,-20,671,764,424,565,835.2,586.55,317.32,system,NA,0.413,3.36,126.58,67.95,180.0,99.11,0.0
Negotiation_37,R1,2026-09-07T04:01:34.556313Z,agent_signal,8,163,381,538,747,246,564,523.82,200.85,344.44,agent,i_can,0.277,3.36,141.27,122.31,180.0,76.24,180.0
Negotiation_37,R1,2026-09-07T04:01:34.573168Z,behavior_monitor,8,163,381,538,747,245,564,523.82,200.16,345.87,system,NA,0.276,3.36,141.27,123.61,180.0,99.11,180.0
Negotiation_37,R1,2026-09-07T04:01:35.087316Z,behavior_monitor,8,94,447,510,747,194,564,512.21,153.24,365.05,system,NA,0.23,3.36,145.54,0.0,180.0,99.11,180.0
Negotiation_37,R1,2026-09-07T04:01:35.597316Z,behavior_monitor,8,25,504,485,747,144,564,519.75,132.28,387.52,system,NA,0.203,2.52,48.83,104.14,180.0,99.11,180.0
Negotiation_37,R1,2026-09-07T04:01:36.106630Z,behavior_monitor,8,21,572,432,758,93,568,450.79,72.16,388.3,system,NA,0.138,2.17,63.59,91.97,148.74,169.61,125.75
Negotiation_37,R1,2026-09-07T04:01:36.515199Z,shot_hit,8,42,621,384,791,51,616,381.53,9.96,376.54,agent,NA,0.025,2.17,63.59,141.39,144.44,188.49,126.52
Negotiation_37,R1,2026-09-07T04:01:36.515813Z,flight_spawn,9,853,-20,384,791,51,616,936.97,1024.04,376.54,system,NA,0.522,3.56,55.85,141.39,144.44,188.49,126.52
Negotiation_37,R1,2026-09-07T04:01:37.995539Z,human_signal,9,1137,88,483,784,131,566,954.22,1113.43,414.65,human,i_can,0.539,3.56,27.36,140.63,-23.64,76.24,0.0
Negotiation_37,R1,2026-09-07T04:01:38.011808Z,behavior_monitor,9,1137,88,483,784,132,566,954.22,1112.55,413.82,system,NA,0.538,3.56,27.36,140.69,-23.95,57.18,0.0
Negotiation_37,R1,2026-09-07T04:01:38.521808Z,behavior_monitor,9,1236,126,548,753,161,565,931.24,1161.48,430.45,system,NA,0.555,3.56,2.84,140.5,-25.2,57.18,0.0
Negotiation_37,R1,2026-09-07T04:01:39.031910Z,behavior_monitor,9,1315,190,613,731,175,565,885.81,1200.64,469.04,system,NA,0.575,3.56,46.62,129.41,0.0,0.0,0.0
Negotiation_37,R1,2026-09-07T04:01:39.543252Z,behavior_monitor,9,1388,268,679,731,189,566,846.14,1234.7,517.2,system,NA,0.593,3.56,46.62,129.41,0.0,76.24,0.0
Negotiation_37,R1,2026-09-07T04:01:40.053580Z,behavior_monitor,9,1427,289,745,731,229,566,811.93,1229.27,542.07,system,NA,0.602,2.14,144.25,129.41,0.0,76.24,0.0
Negotiation_37,R1,2026-09-07T04:01:40.429784Z,agent_signal,9,1385,318,796,731,257,566,719.12,1154.18,563.22,agent,your_turn,0.616,2.14,144.25,129.41,0.0,76.24,0.0
Negotiation_37,R1,2026-09-07T04:01:40.565982Z,behavior_monitor,9,1375,328,811,731,265,566,692.85,1134.95,570.29,system,NA,0.621,2.14,115.47,129.41,0.0,57.18,0.0
Negotiation_37,R1,2026-09-07T04:01:41.074600Z,behavior_monitor,9,1361,388,877,731,294,566,592.82,1081.77,606.62,system,NA,0.646,2.14,121.98,129.41,0.0,57.18,0.0
Negotiation_37,R1,2026-09-07T04:01:41.584585Z,behavior_monitor,9,1329,442,943,731,301,566,481.5,1035.1,663.39,system,NA,0.683,2.14,121.98,129.41,0.0,0.0,-97.41
Negotiation_37,R1,2026-09-07T04:01:42.095387Z,behavior_monitor,9,1290,495,1009,731,315,567,366.97,978.4,714.01,system,NA,0.727,2.14,122.46,129.41,0.0,76.24,0.0
Negotiation_37,R1,2026-09-07T04:01:42.606013Z,behavior_monitor,9,1262,550,1075,731,354,567,260.33,908.84,740.43,system,NA,0.777,2.14,101.34,129.41,0.0,76.24,0.0
Negotiation_37,R1,2026-09-07T04:01:43.116129Z,behavior_monitor,9,1242,604,1141,731,392,599,161.5,849.15,760.6,system,NA,0.84,2.14,133.38,129.41,0.0,130.47,54.25
Negotiation_37,R1,2026-09-07T04:01:43.627016Z,behavior_monitor,9,1215,660,1207,731,431,653,71.23,783.85,780.06,system,NA,0.917,2.14,128.36,129.41,0.0,130.47,54.25
Negotiation_37,R1,2026-09-07T04:01:44.137412Z,shot_hit,9,1175,710,1183,716,470,705,9.5,705.25,712.66,human,NA,0.987,2.14,150.39,120.48,180.0,130.47,54.25
Negotiation_37,R1,2026-09-07T04:01:44.138509Z,flight_spawn,10,793,-20,1183,716,470,705,832.91,794.17,712.66,system,NA,0.488,3.4,54.01,120.48,180.0,130.47,54.25
Negotiation_37,R1,2026-09-07T04:01:45.615735Z,human_signal,10,963,225,1073,651,560,578,439.39,535.59,517.57,human,i_can,0.549,3.4,57.3,137.6,-69.58,130.47,-54.25
Negotiation_37,R1,2026-09-07T04:01:45.633066Z,behavior_monitor,10,963,225,1073,651,561,577,439.39,534.43,517.14,system,NA,0.549,3.4,57.3,136.14,-68.77,72.99,-61.5
Negotiation_37,R1,2026-09-07T04:01:46.145448Z,behavior_monitor,10,1006,317,1103,599,590,566,297.81,484.66,513.52,system,NA,0.619,3.4,51.84,129.41,-90.0,57.18,0.0
Negotiation_37,R1,2026-09-07T04:01:46.146584Z,agent_signal,10,1008,320,1103,597,590,566,292.74,484.49,513.38,agent,your_turn,0.623,3.4,30.41,129.41,-90.0,57.18,0.0
Negotiation_37,R1,2026-09-07T04:01:46.654422Z,behavior_monitor,10,1071,390,1114,534,620,566,150.04,484.72,495.25,system,NA,0.764,3.4,53.01,149.71,-60.86,60.75,0.0
Negotiation_37,R1,2026-09-07T04:01:47.163370Z,behavior_monitor,10,1158,437,1127,470,635,567,45.85,539.17,501.35,system,NA,0.922,3.4,17.83,145.36,-53.36,0.0,2.09
Negotiation_37,R1,2026-09-07T04:01:47.674323Z,behavior_monitor,10,1243,488,1187,433,635,567,79.18,613.33,567.86,system,NA,0.886,3.4,49.17,134.74,-16.17,0.0,2.09
Negotiation_37,R1,2026-09-07T04:01:48.182890Z,behavior_monitor,10,1269,583,1236,471,671,574,116.91,598.99,574.21,system,NA,0.837,3.4,66.26,129.41,90.0,130.47,54.25
Negotiation_37,R1,2026-09-07T04:01:48.690597Z,behavior_monitor,10,1307,676,1236,537,709,628,156.54,599.81,534.32,system,NA,0.793,3.4,66.26,129.41,90.0,130.47,54.25
Negotiation_37,R1,2026-09-07T04:01:49.201154Z,behavior_monitor,10,1350,765,1237,603,748,682,197.15,608.02,495.36,system,NA,0.755,3.4,42.09,133.48,75.81,130.47,54.25
Negotiation_37,R1,2026-09-07T04:01:49.711617Z,behavior_monitor,10,1413,842,1262,647,786,735,246.39,635.76,484.16,system,NA,0.721,3.4,42.04,138.2,59.8,130.47,54.25
Negotiation_37,R1,2026-09-07T04:01:50.224506Z,behavior_monitor,10,1423,918,1295,706,811,770,247.49,630.2,488.5,system,NA,0.718,3.22,130.13,107.3,69.56,0.0,54.25
Negotiation_37,R1,2026-09-07T04:01:50.445296Z,flight_missed,10,1394,952,1306,731,824,788,238.06,593.32,486.27,system,NA,0.714,3.22,130.13,133.87,59.56,130.47,54.25
Negotiation_37,R1,2026-09-07T04:01:50.445977Z,flight_spawn,11,551,-20,1306,731,824,788,1065.45,852.94,486.27,system,NA,0.445,3.58,56.04,133.87,59.56,130.47,54.25
Negotiation_37,R1,2026-09-07T04:01:53.709823Z,human_signal,11,1133,303,1278,626,912,566,353.95,343.42,371.42,human,i_can,0.492,3.58,24.74,136.54,-119.26,76.24,0.0
Negotiation_37,R1,2026-09-07T04:01:53.727384Z,behavior_monitor,11,1133,303,1278,626,913,566,353.95,342.8,370.46,system,NA,0.492,3.58,24.74,133.77,-117.31,57.18,0.0
Negotiation_37,R1,2026-09-07T04:01:54.238543Z,behavior_monitor,11,1227,349,1266,563,942,566,218.02,358.95,323.88,system,NA,0.622,3.58,30.9,129.41,-90.0,57.18,0.0
Negotiation_37,R1,2026-09-07T04:01:54.307318Z,agent_signal,11,1243,353,1266,552,944,566,200.59,367.29,322.79,agent,your_turn,0.647,3.58,3.8,129.41,-90.0,0.0,0.0
Negotiation_37,R1,2026-09-07T04:01:54.748686Z,behavior_monitor,11,1333,359,1302,506,952,566,149.99,433.42,354.58,system,NA,0.743,3.58,1.49,140.96,-38.81,57.18,0.0
Negotiation_37,R1,2026-09-07T04:01:55.261205Z,behavior_monitor,11,1433,391,1361,465,971,566,103.07,494.08,403.14,system,NA,0.827,3.58,1.33,140.18,-31.93,0.0,0.0
Negotiation_37,R1,2026-09-07T04:01:55.772225Z,behavior_monitor,11,1398,402,1422,439,971,566,43.86,457.26,469.24,system,NA,0.912,2.15,169.41,110.95,-90.0,0.0,-109.22
Negotiation_37,R1,2026-09-07T04:01:56.147418Z,shot_hit,11,1367,433,1382,422,983,566,18.87,405.97,424.22,human,NA,0.956,2.15,136.1,91.73,180.0,49.44,-15.71
Negotiation_37,R1,2026-09-07T04:01:56.148092Z,flight_spawn,12,710,-20,1382,422,983,566,804.8,646.71,424.22,system,NA,0.446,3.14,50.39,91.73,180.0,49.44,-15.71
Negotiation_37,R1,2026-09-07T04:01:58.053684Z,agent_signal,12,714,309,1254,519,859,566,579.63,294.9,398.23,agent,i_can,0.337,3.14,130.9,64.18,139.07,76.24,180.0
Negotiation_37,R1,2026-09-07T04:01:58.071115Z,behavior_monitor,12,714,309,1254,519,857,566,579.63,294.07,399.91,system,NA,0.337,3.14,130.9,63.98,139.27,99.11,180.0
Negotiation_37,R1,2026-09-07T04:01:58.087950Z,human_signal,12,712,312,1253,519,855,566,580.18,292.19,400.68,human,your_turn,0.335,3.14,130.9,63.98,139.27,99.11,180.0
Negotiation_37,R1,2026-09-07T04:01:58.088704Z,human_signal,12,709,314,1252,520,855,566,581.21,291.4,399.78,human,your_turn,0.334,3.14,109.13,63.98,139.27,99.11,180.0
Negotiation_37,R1,2026-09-07T04:01:58.583320Z,behavior_monitor,12,664,389,1206,537,806,566,561.85,227.39,400.44,system,NA,0.288,3.14,138.88,133.62,165.59,99.11,180.0
Negotiation_37,R1,2026-09-07T04:01:59.092570Z,behavior_monitor,12,583,431,1141,560,755,566,572.73,218.43,385.92,system,NA,0.276,3.14,138.33,141.85,143.27,99.11,180.0
Negotiation_37,R1,2026-09-07T04:01:59.602955Z,behavior_monitor,12,504,478,1085,608,705,565,595.22,218.92,382.62,system,NA,0.269,3.14,162.73,144.59,139.2,99.11,180.0
Negotiation_37,R1,2026-09-07T04:02:00.113380Z,behavior_monitor,12,410,505,1032,647,654,565,637.92,251.89,386.1,system,NA,0.283,3.14,164.18,72.82,134.8,99.11,180.0
Negotiation_37,R1,2026-09-07T04:02:00.621822Z,behavior_monitor,12,335,554,994,663,604,565,668.08,269.3,402.35,system,NA,0.287,3.14,113.39,139.69,150.41,99.11,180.0
Negotiation_37,R1,2026-09-07T04:02:01.129787Z,behavior_monitor,12,323,643,938,708,554,623,618.36,232.33,392.64,system,NA,0.273,3.14,71.99,142.5,140.3,169.61,125.75
Negotiation_37,R1,2026-09-07T04:02:01.640607Z,behavior_monitor,12,352,732,887,759,504,694,534.77,156.77,387.77,system,NA,0.227,3.14,71.99,133.19,134.12,160.19,125.75
Negotiation_37,R1,2026-09-07T04:02:02.151101Z,behavior_monitor,12,356,824,837,811,454,764,480.98,115.17,385.63,system,NA,0.193,3.14,97.28,141.54,133.85,169.61,125.75
Negotiation_37,R1,2026-09-07T04:02:02.659763Z,behavior_monitor,12,380,913,788,862,403,834,411.49,82.98,386.09,system,NA,0.168,3.14,68.97,93.75,133.77,169.61,125.75
Negotiation_37,R1,2026-09-07T04:02:02.880983Z,flight_missed,12,398,954,787,863,381,867,399.15,89.22,406.21,system,NA,0.183,3.14,68.97,0.0,133.86,169.61,125.75
Negotiation_37,R1,2026-09-07T04:02:02.882343Z,flight_spawn,13,331,-20,787,863,381,867,994.2,888.74,406.21,system,NA,0.472,2.83,135.0,0.0,133.86,169.61,125.75
Negotiation_37,R1,2026-09-07T04:02:04.782835Z,human_signal,13,37,84,777,779,297,749,1015.51,714.03,481.86,human,your_turn,0.413,2.83,160.09,0.0,-90.0,130.47,-125.75
Negotiation_37,R1,2026-09-07T04:02:04.783933Z,behavior_monitor,13,37,84,777,779,297,749,1015.51,714.03,481.86,system,NA,0.413,2.83,160.09,0.0,-90.0,130.47,-125.75
Negotiation_37,R1,2026-09-07T04:02:04.784317Z,human_signal,13,35,85,777,779,297,749,1016.31,713.86,481.86,human,your_turn,0.413,2.83,160.09,0.0,-90.0,130.47,-125.75
Negotiation_37,R1,2026-09-07T04:02:05.294074Z,behavior_monitor,13,56,113,769,779,245,679,976.27,597.04,533.24,system,NA,0.379,1.86,31.12,88.61,180.0,169.61,-125.75
Negotiation_37,R1,2026-09-07T04:02:05.803502Z,behavior_monitor,13,77,162,719,747,195,608,868.68,461.1,542.78,system,NA,0.347,1.86,80.97,136.78,-108.89,169.61,-125.75
Negotiation_37,R1,2026-09-07T04:02:06.314206Z,behavior_monitor,13,95,209,711,711,144,566,794.42,360.06,585.0,system,NA,0.312,1.86,22.56,0.0,-90.0,99.11,180.0
Negotiation_37,R1,2026-09-07T04:02:06.825644Z,behavior_monitor,13,135,240,716,711,112,566,748.11,327.09,621.05,system,NA,0.304,1.86,46.61,90.03,0.0,99.11,0.0
Negotiation_37,R1,2026-09-07T04:02:07.338346Z,behavior_monitor,13,188,262,781,711,161,566,743.8,304.57,636.43,system,NA,0.291,1.86,21.77,129.41,0.0,99.11,0.0
Negotiation_37,R1,2026-09-07T04:02:07.847533Z,behavior_monitor,13,241,283,785,711,211,565,692.32,284.01,592.17,system,NA,0.291,1.86,21.77,88.62,180.0,99.11,0.0
Negotiation_37,R1,2026-09-07T04:02:08.358148Z,behavior_monitor,13,297,291,803,692,262,566,645.53,277.32,554.9,system,NA,0.301,1.86,23.63,129.41,0.0,99.11,0.0
Negotiation_37,R1,2026-09-07T04:02:08.868086Z,behavior_monitor,13,353,299,863,686,312,566,640.87,270.09,564.15,system,NA,0.296,1.86,18.5,97.87,-35.81,99.11,0.0
Negotiation_37,R1,2026-09-07T04:02:09.174068Z,agent_signal,13,386,308,888,665,343,566,615.99,261.51,554.07,agent,i_can,0.298,1.86,31.48,100.25,-42.04,99.11,0.0
Negotiation_37,R1,2026-09-07T04:02:09.377972Z,behavior_monitor,13,403,318,902,654,363,566,601.56,251.29,545.92,system,NA,0.295,1.86,2.05,92.25,-36.95,99.11,0.0
Negotiation_37,R1,2026-09-07T04:02:09.888949Z,behavior_monitor,13,455,336,941,629,413,565,567.05,232.71,531.33,system,NA,0.291,1.86,52.35,133.66,-14.49,128.68,-7.75
Negotiation_37,R1,2026-09-07T04:02:10.399434Z,behavior_monitor,13,492,380,1007,629,464,565,571.74,186.58,546.77,system,NA,0.246,1.86,52.35,122.22,0.0,93.6,0.0
Negotiation_37,R1,2026-09-07T04:02:10.909487Z,behavior_monitor,13,521,428,1060,629,497,565,575.54,138.45,566.3,system,NA,0.194,1.86,56.39,66.02,0.0,99.11,0.0
Negotiation_37,R1,2026-09-07T04:02:11.419535Z,behavior_monitor,13,555,475,1105,629,533,565,570.76,92.7,575.7,system,NA,0.14,1.86,56.39,122.22,0.0,93.6,0.0
Negotiation_37,R1,2026-09-07T04:02:11.931285Z,behavior_monitor,13,603,505,1142,629,578,565,553.27,64.19,567.58,system,NA,0.104,1.86,30.27,0.0,0.0,99.11,0.0
Negotiation_37,R1,2026-09-07T04:02:12.304661Z,shot_miss,13,631,533,1142,629,607,564,520.51,39.17,538.82,agent,NA,0.07,1.86,80.29,0.0,0.0,99.11,0.0
Negotiation_37,R1,2026-09-07T04:02:12.441147Z,behavior_monitor,13,634,546,1142,629,611,564,515.27,29.61,535.48,system,NA,0.054,1.86,80.29,0.0,0.0,0.0,0.0
Negotiation_37,R1,2026-09-07T04:02:12.526616Z,shot_hit,13,636,557,1142,629,612,564,511.38,24.8,533.81,agent,NA,0.046,1.86,80.29,0.0,0.0,0.0,0.0
Negotiation_37,R1,2026-09-07T04:02:12.527614Z,flight_spawn,14,695,-20,1142,629,612,564,788.09,590.83,533.81,system,NA,0.428,2.85,134.6,0.0,0.0,0.0,0.0
Negotiation_37,R1,2026-09-07T04:02:14.164834Z,human_signal,14,603,213,1023,719,604,564,657.51,350.97,447.07,human,your_turn,0.348,2.85,135.4,55.21,90.0,76.24,180.0
Negotiation_37,R1,2026-09-07T04:02:14.165550Z,behavior_monitor,14,603,213,1023,719,604,564,657.51,350.97,447.07,system,NA,0.348,2.85,135.4,55.21,90.0,76.24,180.0
Negotiation_37,R1,2026-09-07T04:02:14.166563Z,human_signal,14,601,215,1023,720,604,564,657.82,348.98,447.4,human,your_turn,0.347,2.85,135.4,55.21,90.0,76.24,180.0
Negotiation_37,R1,2026-09-07T04:02:14.675472Z,behavior_monitor,14,546,273,996,735,554,564,644.63,290.69,474.18,system,NA,0.311,2.85,135.4,129.41,180.0,99.11,180.0
Negotiation_37,R1,2026-09-07T04:02:14.896455Z,agent_signal,14,529,309,965,735,532,564,610.02,255.04,465.89,agent,i_can,0.295,2.85,109.34,129.41,180.0,99.11,180.0
Negotiation_37,R1,2026-09-07T04:02:15.187152Z,behavior_monitor,14,515,351,933,726,503,564,560.93,213.02,459.04,system,NA,0.275,2.85,132.7,61.74,-147.9,99.11,180.0
Negotiation_37,R1,2026-09-07T04:02:15.696469Z,behavior_monitor,14,457,412,937,726,453,564,572.76,151.98,510.1,system,NA,0.21,2.85,139.08,0.0,0.0,93.6,180.0
Negotiation_37,R1,2026-09-07T04:02:16.206707Z,behavior_monitor,14,390,451,922,726,402,564,598.59,113.83,544.89,system,NA,0.16,2.85,165.24,108.71,180.0,99.11,180.0
Negotiation_37,R1,2026-09-07T04:02:16.718304Z,behavior_monitor,14,311,482,858,726,351,564,599.14,90.93,532.6,system,NA,0.132,2.85,137.56,129.41,180.0,99.11,180.0
Negotiation_37,R1,2026-09-07T04:02:17.229478Z,behavior_monitor,14,244,540,820,726,300,564,605.5,61.63,544.13,system,NA,0.092,2.85,137.56,0.0,180.0,99.11,180.0
Negotiation_37,R1,2026-09-07T04:02:17.571801Z,shot_miss,14,218,594,791,726,265,585,588.54,48.21,544.5,agent,NA,0.076,2.85,84.47,129.41,180.0,169.61,125.75
Negotiation_37,R1,2026-09-07T04:02:17.742602Z,behavior_monitor,14,217,619,772,735,250,606,566.83,35.24,537.36,system,NA,0.059,2.85,110.89,139.01,150.07,169.61,125.75
Negotiation_37,R1,2026-09-07T04:02:17.776212Z,shot_hit,14,215,627,766,738,245,613,561.87,32.6,535.68,agent,NA,0.055,2.85,81.87,139.74,147.91,169.61,125.75
Negotiation_37,R1,2026-09-07T04:02:17.777536Z,flight_spawn,15,653,-20,766,738,245,613,767.34,753.6,535.68,system,NA,0.495,2.83,135.0,139.74,147.91,169.61,125.75
Negotiation_37,R1,2026-09-07T04:02:20.311188Z,human_signal,15,634,383,802,665,413,566,328.4,287.42,401.75,human,i_can,0.467,2.83,84.98,137.28,-158.79,76.24,0.0
Negotiation_37,R1,2026-09-07T04:02:20.327784Z,behavior_monitor,15,634,383,802,665,414,566,328.4,286.67,400.81,system,NA,0.466,2.83,84.98,137.28,-158.79,57.18,0.0
Negotiation_37,R1,2026-09-07T04:02:20.838401Z,behavior_monitor,15,660,461,736,649,443,566,203.25,241.48,305.0,system,NA,0.543,2.83,64.39,129.41,180.0,57.18,0.0
Negotiation_37,R1,2026-09-07T04:02:21.111469Z,agent_signal,15,659,508,707,637,457,566,137.5,210.26,260.31,agent,your_turn,0.605,2.83,90.12,79.38,-128.11,0.0,0.0
Negotiation_37,R1,2026-09-07T04:02:21.351461Z,behavior_monitor,15,657,545,681,624,471,566,82.61,187.5,217.94,system,NA,0.694,2.83,90.12,138.09,-159.58,57.18,0.0
Negotiation_37,R1,2026-09-07T04:02:21.776681Z,shot_miss,15,696,599,669,617,495,587,33.08,201.48,176.29,human,NA,0.859,2.83,12.83,129.41,0.0,97.85,54.25
Negotiation_37,R1,2026-09-07T04:02:21.862312Z,behavior_monitor,15,709,602,680,617,499,593,33.4,210.05,181.73,system,NA,0.863,2.83,12.83,129.41,0.0,97.85,54.25
Negotiation_37,R1,2026-09-07T04:02:22.372338Z,behavior_monitor,15,782,631,746,617,499,593,39.35,285.97,247.86,system,NA,0.879,2.83,56.27,129.41,0.0,0.0,-125.76
Negotiation_37,R1,2026-09-07T04:02:22.878664Z,behavior_monitor,15,799,707,807,636,521,624,71.48,289.93,286.55,system,NA,0.802,2.83,113.51,136.78,42.5,130.47,54.25
Negotiation_37,R1,2026-09-07T04:02:23.390692Z,behavior_monitor,15,769,785,821,698,560,679,101.28,234.06,261.41,system,NA,0.698,2.83,113.51,122.22,90.0,123.22,54.25
Negotiation_37,R1,2026-09-07T04:02:23.900624Z,behavior_monitor,15,736,863,821,738,599,733,150.79,189.01,221.74,system,NA,0.556,2.83,113.51,0.0,90.0,130.47,54.25
Negotiation_37,R1,2026-09-07T04:02:24.413684Z,behavior_monitor,15,699,935,821,775,638,787,200.88,160.03,182.81,system,NA,0.443,2.83,140.64,122.22,90.0,123.22,54.25
Negotiation_37,R1,2026-09-07T04:02:24.567299Z,flight_missed,15,679,953,821,797,652,804,210.41,150.97,169.36,system,NA,0.418,2.83,140.64,129.41,90.0,130.47,54.25
Negotiation_37,R1,2026-09-07T04:02:24.568390Z,flight_spawn,16,1303,-20,821,797,652,804,949.08,1051.06,169.36,system,NA,0.525,2.83,45.03,129.41,90.0,130.47,54.25
Negotiation_37,R1,2026-09-07T04:02:26.242453Z,human_signal,16,1441,186,951,787,754,662,775.22,835.56,233.61,human,i_can,0.519,2.04,81.54,142.91,-33.55,130.47,-54.25
Negotiation_37,R1,2026-09-07T04:02:26.258636Z,behavior_monitor,16,1441,186,951,787,755,661,775.22,834.0,233.51,system,NA,0.518,2.04,81.54,142.91,-33.55,97.85,-54.25
Negotiation_37,R1,2026-09-07T04:02:26.769397Z,behavior_monitor,16,1434,244,1012,747,784,620,656.47,750.65,260.48,system,NA,0.533,2.04,129.99,142.89,-33.63,97.85,-54.25
Negotiation_37,R1,2026-09-07T04:02:27.279359Z,behavior_monitor,16,1424,304,1073,708,798,601,535.11,692.64,295.11,system,NA,0.564,2.04,100.45,140.37,-30.9,0.0,-169.23
Negotiation_37,R1,2026-09-07T04:02:27.534595Z,agent_signal,16,1431,332,1106,688,798,601,482.05,687.37,320.0,agent,your_turn,0.588,2.04,49.19,140.34,-30.66,0.0,-169.23
Negotiation_37,R1,2026-09-07T04:02:27.790496Z,behavior_monitor,16,1446,354,1134,671,812,580,444.72,672.76,334.73,system,NA,0.602,2.04,51.71,132.26,-30.28,92.42,-54.25
Negotiation_37,R1,2026-09-07T04:02:28.301973Z,behavior_monitor,16,1428,402,1197,636,841,566,329.43,610.14,362.83,system,NA,0.649,1.77,115.35,140.2,-29.41,0.0,0.0
Negotiation_37,R1,2026-09-07T04:02:28.811933Z,behavior_monitor,16,1408,450,1259,601,841,566,212.11,579.41,419.84,system,NA,0.732,1.77,94.31,140.16,-29.37,0.0,69.91
Negotiation_37,R1,2026-09-07T04:02:29.322241Z,behavior_monitor,16,1385,498,1321,566,856,565,93.11,533.79,465.57,system,NA,0.851,1.77,145.48,140.16,-29.37,76.24,0.0
Negotiation_37,R1,2026-09-07T04:02:29.832497Z,behavior_monitor,16,1338,520,1347,531,895,565,14.79,445.01,453.43,system,NA,0.968,1.77,173.71,141.94,-155.75,76.24,0.0
Negotiation_37,R1,2026-09-07T04:02:29.899029Z,shot_hit,16,1331,520,1338,528,900,565,10.23,433.23,439.76,human,NA,0.977,1.77,173.71,146.17,-160.16,81.0,0.0
Negotiation_37,R1,2026-09-07T04:02:29.899631Z,flight_spawn,17,865,-20,1338,528,900,565,724.18,586.53,439.76,system,NA,0.447,3.03,48.71,146.17,-160.16,81.0,0.0
Negotiation_37,R1,2026-09-07T04:02:32.296428Z,human_signal,17,934,231,1269,601,950,565,499.02,333.94,321.32,human,your_turn,0.401,3.03,156.09,85.77,90.0,76.24,180.0
Negotiation_37,R1,2026-09-07T04:02:32.298042Z,behavior_monitor,17,934,231,1269,601,950,565,499.02,333.94,321.32,system,NA,0.401,3.03,156.09,85.77,90.0,76.24,180.0
Negotiation_37,R1,2026-09-07T04:02:32.298727Z,human_signal,17,932,233,1269,602,950,565,500.89,332.84,321.5,human,your_turn,0.399,3.03,130.65,85.77,90.0,76.24,180.0
Negotiation_37,R1,2026-09-07T04:02:32.808567Z,behavior_monitor,17,884,305,1236,641,900,564,486.44,259.4,344.67,system,NA,0.348,3.03,134.23,122.22,180.0,93.6,180.0
Negotiation_37,R1,2026-09-07T04:02:32.825975Z,agent_signal,17,879,309,1232,641,898,564,484.16,255.32,342.03,agent,i_can,0.345,3.03,134.23,129.41,180.0,99.11,180.0
Negotiation_37,R1,2026-09-07T04:02:33.320173Z,behavior_monitor,17,832,377,1191,641,849,563,445.14,187.14,350.22,system,NA,0.296,3.03,109.32,54.04,180.0,99.11,180.0
Negotiation_37,R1,2026-09-07T04:02:33.830380Z,behavior_monitor,17,800,463,1154,641,799,564,396.5,100.98,364.0,system,NA,0.203,3.03,109.32,0.0,180.0,99.11,180.0
Negotiation_37,R1,2026-09-07T04:02:34.340746Z,behavior_monitor,17,771,548,1154,641,754,564,394.42,22.72,407.65,system,NA,0.054,3.03,109.32,0.0,180.0,99.11,180.0
Negotiation_37,R1,2026-09-07T04:02:34.341820Z,shot_hit,17,769,551,1154,641,752,564,395.26,21.03,409.3,agent,NA,0.051,3.03,109.32,0.0,180.0,99.11,180.0
Negotiation_37,R1,2026-09-07T04:02:34.342167Z,flight_spawn,18,317,-20,1154,641,752,564,1067.29,728.72,409.3,system,NA,0.406,3.29,52.6,0.0,180.0,99.11,180.0
Negotiation_37,R1,2026-09-07T04:02:35.718511Z,human_signal,18,439,206,1132,641,671,564,818.49,426.86,467.84,human,your_turn,0.343,3.29,59.52,46.06,180.0,76.24,180.0
Negotiation_37,R1,2026-09-07T04:02:35.718875Z,behavior_monitor,18,439,206,1132,641,671,564,818.49,426.86,467.84,system,NA,0.343,3.29,59.52,46.06,180.0,76.24,180.0
Negotiation_37,R1,2026-09-07T04:02:35.719173Z,human_signal,18,441,208,1131,641,671,564,814.83,423.58,466.97,human,your_turn,0.342,3.29,59.52,46.06,180.0,76.24,180.0
Negotiation_37,R1,2026-09-07T04:02:36.230508Z,behavior_monitor,18,427,299,1113,641,620,564,766.29,327.39,499.01,system,NA,0.299,3.29,105.97,122.22,180.0,93.6,180.0
Negotiation_37,R1,2026-09-07T04:02:36.605262Z,agent_signal,18,450,368,1062,641,582,564,670.15,236.15,486.17,agent,i_can,0.261,3.29,58.62,129.41,180.0,99.11,180.0
Negotiation_37,R1,2026-09-07T04:02:36.740689Z,behavior_monitor,18,461,387,1047,641,569,564,638.12,206.39,484.28,system,NA,0.244,3.29,58.62,129.41,180.0,99.11,180.0
Negotiation_37,R1,2026-09-07T04:02:37.252625Z,behavior_monitor,18,518,468,1001,625,518,564,507.91,95.4,487.0,system,NA,0.158,3.29,55.83,54.13,-131.97,99.11,180.0
Negotiation_37,R1,2026-09-07T04:02:37.762047Z,behavior_monitor,18,599,521,1025,622,547,564,437.97,67.51,481.75,system,NA,0.134,3.29,15.71,129.41,0.0,99.11,0.0
Negotiation_37,R1,2026-09-07T04:02:38.272266Z,behavior_monitor,18,683,573,1038,623,598,569,358.53,85.36,443.63,system,NA,0.192,3.29,35.85,136.21,161.83,169.61,54.25
Negotiation_37,R1,2026-09-07T04:02:38.780647Z,behavior_monitor,18,786,593,977,660,648,587,202.31,138.37,336.97,system,NA,0.406,3.29,8.87,144.37,140.57,99.11,0.0
Negotiation_37,R1,2026-09-07T04:02:39.052613Z,human_signal,18,842,601,946,662,675,596,119.98,167.27,278.67,human,i_can,0.582,3.29,8.87,113.91,180.0,93.82,-9.94
Negotiation_37,R1,2026-09-07T04:02:39.293116Z,behavior_monitor,18,884,608,938,653,688,603,69.97,195.67,254.4,system,NA,0.737,3.29,8.87,39.81,-90.0,97.85,54.25
Negotiation_37,R1,2026-09-07T04:02:39.482643Z,shot_miss,18,921,614,923,646,699,609,31.52,221.54,226.65,human,NA,0.875,3.29,20.41,114.86,-161.34,57.18,0.0
Negotiation_37,R1,2026-09-07T04:02:39.770673Z,agent_signal,18,974,630,916,630,716,624,58.2,258.32,200.17,agent,your_turn,0.816,3.29,1.38,135.6,-27.88,57.18,0.0
Negotiation_37,R1,2026-09-07T04:02:39.804556Z,behavior_monitor,18,977,630,920,628,718,624,57.18,259.44,202.26,system,NA,0.819,3.29,1.38,136.43,-27.27,57.18,0.0
Negotiation_37,R1,2026-09-07T04:02:40.317105Z,behavior_monitor,18,1078,642,986,617,747,637,95.34,330.83,239.63,system,NA,0.776,3.29,22.11,129.41,0.0,97.85,54.25
Negotiation_37,R1,2026-09-07T04:02:40.830109Z,behavior_monitor,18,1174,680,1047,635,758,651,133.92,416.27,289.53,system,NA,0.757,3.29,22.11,135.13,48.32,0.0,51.37
Negotiation_37,R1,2026-09-07T04:02:41.340223Z,behavior_monitor,18,1271,717,1087,691,758,651,185.78,517.58,331.83,system,NA,0.736,3.29,22.11,134.93,55.49,0.0,-154.76
Negotiation_37,R1,2026-09-07T04:02:41.852248Z,behavior_monitor,18,1353,767,1135,739,782,685,219.86,576.48,356.66,system,NA,0.724,3.29,40.42,134.48,23.06,130.47,54.25
Negotiation_37,R1,2026-09-07T04:02:42.364429Z,behavior_monitor,18,1428,833,1200,760,821,739,239.27,614.47,379.9,system,NA,0.72,3.29,67.09,135.1,17.07,130.47,54.25
Negotiation_37,R1,2026-09-07T04:02:42.872975Z,behavior_monitor,18,1437,924,1251,764,860,793,244.56,591.89,392.87,system,NA,0.708,3.13,104.23,0.0,0.0,130.47,54.25
Negotiation_37,R1,2026-09-07T04:02:43.026461Z,flight_missed,18,1429,954,1251,764,873,811,260.23,574.63,381.22,system,NA,0.688,3.13,104.23,0.0,0.0,130.47,54.25
Negotiation_37,R1,2026-09-07T04:02:43.027562Z,flight_spawn,19,876,-20,1251,764,873,811,869.96,831.46,381.22,system,NA,0.489,3.22,128.37,0.0,0.0,130.47,54.25
Negotiation_37,R1,2026-09-07T04:02:45.118422Z,agent_signal,19,934,313,1146,699,870,620,440.58,314.1,287.4,agent,i_can,0.416,3.22,31.29,134.27,25.75,130.47,-54.25
Negotiation_37,R1,2026-09-07T04:02:45.134517Z,behavior_monitor,19,934,313,1146,699,872,618,440.58,311.46,286.43,system,NA,0.414,3.22,31.29,129.41,0.0,169.61,-54.25
Negotiation_37,R1,2026-09-07T04:02:45.645038Z,behavior_monitor,19,1021,351,1210,676,922,565,376.42,235.92,308.87,system,NA,0.385,3.22,5.11,142.43,-32.67,99.11,0.0
Negotiation_37,R1,2026-09-07T04:02:46.154958Z,behavior_monitor,19,1110,382,1265,629,973,565,290.95,228.76,298.68,system,NA,0.44,3.22,1.41,143.46,-42.68,99.11,0.0
Negotiation_37,R1,2026-09-07T04:02:46.666177Z,behavior_monitor,19,1209,384,1320,634,1024,565,273.04,258.91,304.1,system,NA,0.487,3.22,24.8,137.23,53.42,99.11,0.0
Negotiation_37,R1,2026-09-07T04:02:47.177273Z,behavior_monitor,19,1298,428,1370,683,1075,565,264.96,262.2,318.34,system,NA,0.497,3.22,20.84,138.97,49.45,99.11,0.0
Negotiation_37,R1,2026-09-07T04:02:47.687274Z,behavior_monitor,19,1390,463,1408,727,1125,564,265.08,284.29,326.96,system,NA,0.517,3.22,20.84,0.0,45.45,99.11,0.0
Negotiation_37,R1,2026-09-07T04:02:48.198821Z,behavior_monitor,19,1432,494,1408,727,1174,564,234.07,266.66,284.92,system,NA,0.533,2.14,168.22,0.0,45.45,99.11,0.0
Negotiation_37,R1,2026-09-07T04:02:48.709719Z,behavior_monitor,19,1376,525,1381,741,1225,564,216.43,155.89,235.82,system,NA,0.419,2.14,141.32,114.51,154.33,99.11,0.0
Negotiation_37,R1,2026-09-07T04:02:49.219773Z,behavior_monitor,19,1339,575,1321,775,1276,569,201.0,63.52,210.81,system,NA,0.24,2.14,116.57,141.74,148.63,99.11,0.0
Negotiation_37,R1,2026-09-07T04:02:49.441397Z,shot_hit,19,1328,602,1292,793,1299,597,194.36,28.86,195.72,agent,NA,0.129,2.14,116.57,138.61,147.65,169.61,54.25
Negotiation_37,R1,2026-09-07T04:02:49.442239Z,flight_spawn,20,1109,-20,1292,793,1299,597,833.55,646.31,195.72,system,NA,0.437,3.0,48.27,138.61,147.65,169.61,54.25
Negotiation_37,R1,2026-09-07T04:02:51.378867Z,human_signal,20,1217,289,1210,783,1193,566,494.66,278.37,217.92,human,your_turn,0.36,3.0,67.13,107.51,0.0,0.0,180.0
Negotiation_37,R1,2026-09-07T04:02:51.379974Z,behavior_monitor,20,1217,289,1210,783,1193,566,494.66,278.37,217.92,system,NA,0.36,3.0,67.13,107.51,0.0,76.24,0.0
Negotiation_37,R1,2026-09-07T04:02:51.380432Z,human_signal,20,1217,291,1211,783,1193,566,491.87,275.68,218.08,human,your_turn,0.359,3.0,67.13,107.51,0.0,76.24,0.0
Negotiation_37,R1,2026-09-07T04:02:51.498719Z,agent_signal,20,1223,311,1225,783,1198,566,472.47,256.45,219.03,agent,i_can,0.352,3.0,38.36,119.05,0.0,0.0,0.0
Negotiation_37,R1,2026-09-07T04:02:51.887190Z,behavior_monitor,20,1276,349,1274,783,1236,566,433.96,220.75,220.04,system,NA,0.337,3.0,14.84,129.41,0.0,99.11,0.0
Negotiation_37,R1,2026-09-07T04:02:52.395018Z,behavior_monitor,20,1362,371,1297,783,1287,566,417.12,209.36,217.05,system,NA,0.334,3.0,12.86,0.0,0.0,99.11,0.0
Negotiation_37,R1,2026-09-07T04:02:52.904714Z,behavior_monitor,20,1450,393,1264,777,1337,567,426.51,206.7,222.88,system,NA,0.326,2.24,132.22,136.34,-161.65,99.11,0.0
Negotiation_37,R1,2026-09-07T04:02:53.414666Z,behavior_monitor,20,1405,443,1199,754,1384,567,373.09,125.38,263.56,system,NA,0.252,2.24,132.22,125.66,-158.53,0.0,0.0
Negotiation_37,R1,2026-09-07T04:02:53.924559Z,behavior_monitor,20,1347,474,1187,748,1338,567,317.88,93.29,236.66,system,NA,0.227,2.24,159.21,0.0,-149.01,99.11,180.0
Negotiation_37,R1,2026-09-07T04:02:54.433598Z,behavior_monitor,20,1289,504,1159,741,1288,565,271.48,61.15,218.92,system,NA,0.184,2.24,151.97,136.67,-161.24,99.11,180.0
Negotiation_37,R1,2026-09-07T04:02:54.672406Z,shot_miss,20,1261,522,1138,734,1262,565,245.3,43.01,209.83,agent,NA,0.149,2.24,124.57,0.0,-154.46,99.11,180.0
Negotiation_37,R1,2026-09-07T04:02:54.928143Z,shot_hit,20,1233,540,1138,734,1237,565,215.83,25.12,195.96,agent,NA,0.104,2.24,153.82,0.0,-154.46,99.11,180.0
Negotiation_37,R2,2026-09-07T04:03:01.177803Z,flight_spawn,1,910,-20,1138,734,1237,565,788.01,670.01,195.96,system,NA,0.46,3.45,125.4,0.0,-154.46,0.0,180.0
Negotiation_37,R2,2026-09-07T04:03:05.968729Z,human_signal,1,699,257,1075,758,481,592,627.13,400.02,617.01,human,your_turn,0.389,3.45,95.56,60.85,141.63,130.47,-54.25
Negotiation_37,R2,2026-09-07T04:03:05.969514Z,behavior_monitor,1,699,257,1075,758,481,592,627.13,400.02,617.01,system,NA,0.389,3.45,95.56,58.43,138.56,130.47,-54.25
Negotiation_37,R2,2026-09-07T04:03:05.969983Z,human_signal,1,698,260,1075,759,481,592,624.87,396.79,616.51,human,your_turn,0.388,3.45,95.56,58.43,138.56,130.47,-54.25
Negotiation_37,R2,2026-09-07T04:03:06.258615Z,agent_signal,1,709,315,1072,764,510,566,577.29,320.16,596.01,agent,i_can,0.357,3.45,67.23,0.0,90.0,99.11,0.0
Negotiation_37,R2,2026-09-07T04:03:06.480483Z,behavior_monitor,1,722,354,1081,764,532,566,545.44,285.28,583.91,system,NA,0.343,3.45,67.23,129.41,0.0,99.11,0.0
Negotiation_37,R2,2026-09-07T04:03:06.990037Z,behavior_monitor,1,765,444,1147,764,583,566,498.63,218.99,598.32,system,NA,0.305,3.45,39.15,129.41,0.0,99.11,0.0
Negotiation_37,R2,2026-09-07T04:03:07.501661Z,behavior_monitor,1,851,510,1118,764,633,566,369.2,225.33,524.23,system,NA,0.379,3.45,67.7,129.41,180.0,99.11,0.0
Negotiation_37,R2,2026-09-07T04:03:08.011163Z,behavior_monitor,1,864,607,1052,757,683,592,240.56,182.08,404.62,system,NA,0.431,3.45,41.66,129.41,180.0,169.61,54.25
Negotiation_37,R2,2026-09-07T04:03:08.062530Z,human_signal,1,873,616,1043,757,688,599,220.99,186.16,389.1,human,i_can,0.457,3.45,41.66,129.41,180.0,169.61,54.25
Negotiation_37,R2,2026-09-07T04:03:08.521562Z,behavior_monitor,1,937,678,986,757,713,635,92.84,227.33,298.64,system,NA,0.71,3.45,42.69,129.41,180.0,97.85,54.25
Negotiation_37,R2,2026-09-07T04:03:08.863571Z,agent_signal,1,1001,709,969,757,731,660,57.46,274.91,257.54,agent,your_turn,0.827,3.45,22.45,0.0,180.0,0.0,54.25
Negotiation_37,R2,2026-09-07T04:03:09.033032Z,behavior_monitor,1,1028,721,989,757,740,673,52.63,291.68,262.91,system,NA,0.847,3.45,22.45,129.41,0.0,97.85,54.25
Negotiation_37,R2,2026-09-07T04:03:09.543006Z,behavior_monitor,1,1119,760,1055,750,769,714,64.53,353.13,288.64,system,NA,0.845,3.45,22.45,134.02,-15.08,97.85,54.25
Negotiation_37,R2,2026-09-07T04:03:09.560586Z,shot_miss,1,1122,762,1057,749,770,716,65.36,354.84,289.63,human,NA,0.844,3.45,22.45,134.02,-15.08,97.85,54.25
Negotiation_37,R2,2026-09-07T04:03:10.053047Z,behavior_monitor,1,1199,816,1106,735,773,721,124.12,436.17,332.42,system,NA,0.778,3.45,43.36,0.0,-90.0,0.0,-115.39
Negotiation_37,R2,2026-09-07T04:03:10.564326Z,behavior_monitor,1,1286,861,1153,774,790,745,159.31,509.54,363.96,system,NA,0.762,3.45,12.78,138.66,32.7,130.47,54.25
Negotiation_37,R2,2026-09-07T04:03:11.075184Z,behavior_monitor,1,1386,884,1214,810,829,799,187.37,563.42,384.84,system,NA,0.75,3.45,12.78,138.55,30.98,130.47,54.25
Negotiation_37,R2,2026-09-07T04:03:11.586512Z,behavior_monitor,1,1438,925,1232,821,868,853,231.39,575.24,365.4,system,NA,0.713,2.79,102.8,0.0,31.12,130.47,54.25
Negotiation_37,R2,2026-09-07T04:03:11.738865Z,flight_missed,1,1434,953,1231,821,881,871,241.99,559.21,353.39,system,NA,0.698,2.79,102.8,0.0,31.12,130.47,54.25
Negotiation_37,R2,2026-09-07T04:03:11.739464Z,flight_spawn,2,1397,-20,1231,821,881,871,858.08,1030.06,353.39,system,NA,0.546,3.02,48.56,0.0,31.12,130.47,54.25
Negotiation_37,R2,2026-09-07T04:03:18.441162Z,agent_signal,2,840,374,774,813,880,566,444.3,196.33,269.02,agent,i_can,0.306,2.01,92.82,129.41,180.0,76.24,180.0
Negotiation_37,R2,2026-09-07T04:03:18.458032Z,behavior_monitor,2,840,374,774,813,878,566,444.3,195.99,268.36,system,NA,0.306,2.01,92.82,129.41,180.0,99.11,180.0
Negotiation_37,R2,2026-09-07T04:03:18.969562Z,behavior_monitor,2,841,433,747,813,828,566,390.86,133.23,259.72,system,NA,0.254,2.01,96.36,116.38,0.0,99.11,180.0
Negotiation_37,R2,2026-09-07T04:03:19.480360Z,behavior_monitor,2,828,492,811,808,811,566,315.94,75.5,241.95,system,NA,0.193,2.01,124.73,107.67,-30.79,99.11,180.0
Negotiation_37,R2,2026-09-07T04:03:19.886731Z,shot_hit,2,809,539,851,786,791,566,250.87,32.43,228.0,agent,NA,0.114,2.01,104.24,65.52,-51.02,0.0,55.71
Negotiation_37,R2,2026-09-07T04:03:19.887763Z,flight_spawn,3,1003,-20,851,786,791,566,820.66,623.71,228.0,system,NA,0.432,3.06,130.74,65.52,-51.02,0.0,55.71
Negotiation_37,R2,2026-09-07T04:03:23.582649Z,agent_signal,3,635,393,513,817,617,563,441.72,170.8,275.08,agent,i_can,0.279,3.06,0.6,129.41,0.0,76.24,180.0
Negotiation_37,R2,2026-09-07T04:03:23.599164Z,behavior_monitor,3,635,393,513,817,617,563,441.72,170.8,275.08,system,NA,0.279,3.06,0.6,129.41,0.0,0.0,180.0
Negotiation_37,R2,2026-09-07T04:03:24.109296Z,behavior_monitor,3,724,402,579,817,665,563,439.75,171.08,268.7,system,NA,0.28,3.06,4.86,129.41,0.0,99.11,0.0
Negotiation_37,R2,2026-09-07T04:03:24.619663Z,behavior_monitor,3,804,444,645,815,715,564,403.74,149.11,261.2,system,NA,0.27,3.06,11.14,133.65,-14.47,76.36,11.1
Negotiation_37,R2,2026-09-07T04:03:25.128962Z,behavior_monitor,3,884,483,711,797,765,564,358.71,143.49,239.35,system,NA,0.286,3.06,41.41,134.8,-16.26,99.11,0.0
Negotiation_37,R2,2026-09-07T04:03:25.638394Z,behavior_monitor,3,950,543,777,777,816,564,291.38,135.64,216.41,system,NA,0.318,3.06,67.16,135.31,-16.99,99.11,0.0
Negotiation_37,R2,2026-09-07T04:03:26.154584Z,behavior_monitor,3,1010,613,845,770,868,609,227.66,141.32,162.9,system,NA,0.383,3.06,42.17,137.5,0.0,180.21,54.25
Negotiation_37,R2,2026-09-07T04:03:26.659554Z,behavior_monitor,3,1090,659,911,770,919,654,210.8,171.49,116.52,system,NA,0.449,3.06,12.42,129.41,0.0,108.54,13.01
Negotiation_37,R2,2026-09-07T04:03:27.170850Z,behavior_monitor,3,1182,681,977,770,969,677,224.09,213.32,93.35,system,NA,0.488,3.06,15.02,122.22,0.0,160.19,54.25
Negotiation_37,R2,2026-09-07T04:03:27.681929Z,behavior_monitor,3,1270,704,1042,784,1019,700,242.04,250.97,87.07,system,NA,0.509,3.06,15.02,124.5,46.02,141.57,60.33
Negotiation_37,R2,2026-09-07T04:03:27.804732Z,conflict,3,1293,711,1042,784,1033,707,261.4,259.84,77.64,system,NA,0.499,3.06,15.02,0.0,46.02,99.11,0.0
Negotiation_37,R2,2026-09-07T04:03:28.194952Z,behavior_monitor,3,1345,754,1042,784,1033,707,304.54,315.55,77.64,system,NA,0.509,3.06,63.02,0.0,46.02,0.0,54.25
Negotiation_37,R2,2026-09-07T04:03:28.806708Z,conflict,3,1423,833,1113,784,1034,777,313.45,392.45,79.12,system,NA,0.556,3.06,35.6,72.16,0.0,147.96,68.48
Negotiation_37,R2,2026-09-07T04:03:30.282351Z,flight_missed,3,1318,952,1166,789,1121,910,222.91,201.43,128.7,system,NA,0.475,2.33,124.57,64.7,0.0,154.65,50.15
Negotiation_37,R2,2026-09-07T04:03:30.283685Z,flight_spawn,4,199,-20,1166,789,1121,910,1260.7,1309.37,128.7,system,NA,0.509,2.83,45.0,64.7,0.0,154.65,50.15
Negotiation_37,R2,2026-09-07T04:03:33.573654Z,agent_signal,4,436,379,1030,590,897,602,630.59,511.63,134.24,agent,i_can,0.448,2.83,119.68,48.04,90.0,130.47,-125.75
Negotiation_37,R2,2026-09-07T04:03:33.589946Z,behavior_monitor,4,436,379,1030,590,895,600,630.59,509.34,135.72,system,NA,0.447,2.83,119.68,48.95,90.0,145.74,-131.55
Negotiation_37,R2,2026-09-07T04:03:34.101634Z,behavior_monitor,4,396,454,1019,633,844,565,647.94,461.63,187.38,system,NA,0.416,2.83,98.87,140.39,114.98,99.11,180.0
Negotiation_37,R2,2026-09-07T04:03:34.613471Z,behavior_monitor,4,400,537,979,692,794,565,598.59,394.71,224.23,system,NA,0.397,2.83,77.57,141.83,136.53,99.11,180.0
Negotiation_37,R2,2026-09-07T04:03:35.125239Z,behavior_monitor,4,420,620,923,739,744,607,516.71,323.6,222.8,system,NA,0.385,2.83,77.57,139.69,146.48,169.61,125.75
Negotiation_37,R2,2026-09-07T04:03:35.636040Z,behavior_monitor,4,427,703,867,782,693,677,446.87,267.34,202.84,system,NA,0.374,2.83,102.26,139.13,123.2,169.61,125.75
Negotiation_37,R2,2026-09-07T04:03:36.150831Z,behavior_monitor,4,386,776,900,821,643,747,515.9,257.87,267.96,system,NA,0.333,2.83,97.04,127.0,0.0,169.61,125.75
Negotiation_37,R2,2026-09-07T04:03:36.661890Z,behavior_monitor,4,400,856,932,813,592,818,534.45,196.62,339.95,system,NA,0.269,2.83,67.34,50.5,0.0,169.61,125.75
Negotiation_37,R2,2026-09-07T04:03:37.171731Z,behavior_monitor,4,429,935,960,812,542,889,544.78,121.75,425.04,system,NA,0.183,2.83,67.34,59.11,-32.21,160.19,125.75
Negotiation_37,R2,2026-09-07T04:03:37.273137Z,flight_missed,4,434,953,962,806,530,905,547.82,107.2,443.07,system,NA,0.164,2.83,67.34,52.53,-90.0,169.61,125.75
Negotiation_37,R2,2026-09-07T04:03:37.273801Z,flight_spawn,5,678,-20,962,806,530,905,874.24,937.41,443.07,system,NA,0.517,2.83,135.0,52.53,-90.0,169.61,125.75
Negotiation_37,R2,2026-09-07T04:03:39.249783Z,human_signal,5,781,211,883,642,653,735,442.99,538.94,247.66,human,i_can,0.549,2.83,14.88,130.18,-69.87,123.22,-54.25
Negotiation_37,R2,2026-09-07T04:03:39.266776Z,behavior_monitor,5,781,211,883,642,654,734,442.99,537.4,246.26,system,NA,0.548,2.83,14.88,137.99,-69.7,97.85,-54.25
Negotiation_37,R2,2026-09-07T04:03:39.777070Z,behavior_monitor,5,864,233,911,577,684,693,347.04,493.87,255.5,system,NA,0.587,2.83,25.33,142.64,-59.21,97.85,-54.25
Negotiation_37,R2,2026-09-07T04:03:40.287455Z,behavior_monitor,5,942,267,955,519,697,675,252.62,475.64,300.9,system,NA,0.653,2.83,45.98,141.72,-47.47,0.0,64.95
Negotiation_37,R2,2026-09-07T04:03:40.593168Z,agent_signal,5,975,310,988,488,697,675,177.76,457.92,345.92,agent,your_turn,0.72,2.83,66.22,141.43,-41.03,0.0,-70.43
Negotiation_37,R2,2026-09-07T04:03:40.794948Z,behavior_monitor,5,985,339,1009,471,710,659,133.61,421.89,353.32,system,NA,0.759,2.83,87.81,141.49,-39.81,107.91,-39.5
Negotiation_37,R2,2026-09-07T04:03:41.304519Z,behavior_monitor,5,966,420,1002,437,739,618,40.67,301.73,319.77,system,NA,0.881,2.83,110.29,129.41,180.0,97.85,-54.25
Negotiation_37,R2,2026-09-07T04:03:41.507368Z,shot_hit,5,963,453,976,440,742,615,18.45,273.44,291.7,human,NA,0.937,2.83,89.5,135.3,163.04,0.0,-36.97
Negotiation_37,R2,2026-09-07T04:03:41.507967Z,flight_spawn,6,943,-20,976,440,742,615,461.51,666.01,291.7,system,NA,0.591,2.83,45.0,135.3,163.04,0.0,-36.97
Negotiation_37,R2,2026-09-07T04:03:42.716452Z,human_signal,6,994,164,1007,440,807,566,276.41,443.27,236.28,human,i_can,0.616,2.83,74.14,83.3,-90.0,76.24,0.0
Negotiation_37,R2,2026-09-07T04:03:42.733254Z,behavior_monitor,6,994,164,1007,440,808,566,276.41,443.05,235.72,system,NA,0.616,2.83,74.14,83.84,-90.0,43.17,7.66
Negotiation_37,R2,2026-09-07T04:03:43.242830Z,behavior_monitor,6,995,247,1033,415,836,567,172.12,356.29,248.28,system,NA,0.674,2.83,99.08,45.57,0.0,57.18,0.0
Negotiation_37,R2,2026-09-07T04:03:43.754623Z,behavior_monitor,6,941,308,998,422,850,567,127.25,273.89,206.85,system,NA,0.683,2.83,93.25,133.81,165.27,0.0,0.0
Negotiation_37,R2,2026-09-07T04:03:43.755922Z,agent_signal,6,941,311,996,423,850,567,124.31,271.19,204.87,agent,your_turn,0.686,2.83,93.25,133.81,165.27,0.0,0.0
Negotiation_37,R2,2026-09-07T04:03:44.261468Z,behavior_monitor,6,901,379,932,424,878,566,54.74,188.73,151.97,system,NA,0.775,2.83,130.71,137.5,180.0,0.0,0.0
Negotiation_37,R2,2026-09-07T04:03:44.617687Z,shot_hit,6,871,429,886,424,866,566,15.81,136.99,143.39,human,NA,0.897,2.83,108.63,129.41,180.0,0.0,180.0
Negotiation_37,R2,2026-09-07T04:03:44.618314Z,flight_spawn,7,1113,-20,886,424,866,566,499.34,636.48,143.39,system,NA,0.56,2.85,134.48,129.41,180.0,0.0,180.0
Negotiation_37,R2,2026-09-07T04:03:47.183228Z,human_signal,7,1280,252,893,444,1025,565,431.89,403.28,179.67,human,your_turn,0.483,2.85,61.92,121.65,108.63,0.0,0.0
Negotiation_37,R2,2026-09-07T04:03:47.184802Z,behavior_monitor,7,1280,252,893,444,1025,565,431.89,403.28,179.67,system,NA,0.483,2.85,61.92,121.65,108.63,0.0,0.0
Negotiation_37,R2,2026-09-07T04:03:47.185263Z,human_signal,7,1281,255,892,446,1025,565,432.97,401.83,178.62,human,your_turn,0.481,2.85,61.92,121.65,108.63,0.0,0.0
Negotiation_37,R2,2026-09-07T04:03:47.694570Z,behavior_monitor,7,1323,326,892,510,1076,565,469.25,344.15,192.69,system,NA,0.423,2.85,40.4,129.41,90.0,99.11,0.0
Negotiation_37,R2,2026-09-07T04:03:48.206071Z,behavior_monitor,7,1378,385,908,571,1127,565,505.8,309.18,219.01,system,NA,0.379,2.85,68.88,136.33,33.82,99.11,0.0
Negotiation_37,R2,2026-09-07T04:03:48.206692Z,agent_signal,7,1379,388,910,573,1127,565,504.14,308.26,217.06,agent,i_can,0.379,2.85,68.88,136.33,33.82,99.11,0.0
Negotiation_37,R2,2026-09-07T04:03:48.717156Z,behavior_monitor,7,1403,466,958,593,1177,565,462.76,247.16,220.41,system,NA,0.348,2.85,90.68,0.0,37.72,99.11,0.0
Negotiation_37,R2,2026-09-07T04:03:49.228451Z,behavior_monitor,7,1338,515,943,643,1228,566,414.87,121.32,294.69,system,NA,0.226,2.85,169.48,129.41,90.0,99.11,0.0
Negotiation_37,R2,2026-09-07T04:03:49.738968Z,behavior_monitor,7,1250,531,978,703,1243,566,322.25,35.6,298.55,system,NA,0.099,2.85,169.48,138.99,47.09,99.11,180.0
Negotiation_37,R2,2026-09-07T04:03:49.789971Z,shot_hit,7,1238,533,984,709,1236,566,309.03,33.41,289.18,agent,NA,0.098,2.85,169.48,138.59,42.85,99.11,180.0
Negotiation_37,R2,2026-09-07T04:03:49.790455Z,flight_spawn,8,744,-20,984,709,1236,566,768.31,765.53,289.18,system,NA,0.499,3.14,50.37,138.59,42.85,99.11,180.0
Negotiation_37,R2,2026-09-07T04:03:51.801738Z,human_signal,8,998,225,947,730,1104,566,507.48,357.13,226.79,human,your_turn,0.413,3.14,25.42,0.0,-143.79,76.24,180.0
Negotiation_37,R2,2026-09-07T04:03:51.803760Z,behavior_monitor,8,998,225,947,730,1104,566,507.48,357.13,226.79,system,NA,0.413,3.14,25.42,0.0,-143.79,76.24,180.0
Negotiation_37,R2,2026-09-07T04:03:51.804184Z,human_signal,8,1001,226,947,730,1104,566,506.48,354.88,226.79,human,your_turn,0.412,3.14,25.42,0.0,-143.79,76.24,180.0
Negotiation_37,R2,2026-09-07T04:03:52.312447Z,behavior_monitor,8,1081,264,917,746,1058,567,508.91,303.39,228.01,system,NA,0.374,3.14,30.35,145.98,134.93,0.0,125.74
Negotiation_37,R2,2026-09-07T04:03:52.825362Z,behavior_monitor,8,1164,312,897,789,1108,564,546.96,258.88,308.13,system,NA,0.321,3.14,9.86,0.0,90.0,99.11,0.0
Negotiation_37,R2,2026-09-07T04:03:53.115778Z,agent_signal,8,1219,321,898,788,1136,564,565.99,256.59,326.67,agent,i_can,0.312,3.14,9.86,50.9,-43.73,99.11,0.0
Negotiation_37,R2,2026-09-07T04:03:53.336254Z,behavior_monitor,8,1253,332,907,779,1158,564,565.06,250.63,330.45,system,NA,0.307,3.14,32.32,67.63,-40.02,99.11,0.0
Negotiation_37,R2,2026-09-07T04:03:53.848118Z,behavior_monitor,8,1330,372,966,757,1209,564,529.55,226.66,310.42,system,NA,0.3,3.14,56.55,133.24,-18.83,99.11,0.0
Negotiation_37,R2,2026-09-07T04:03:54.359396Z,behavior_monitor,8,1356,455,1013,739,1260,564,445.71,145.33,302.95,system,NA,0.246,3.14,112.02,0.0,0.0,99.11,0.0
Negotiation_37,R2,2026-09-07T04:03:54.870618Z,behavior_monitor,8,1337,546,1013,739,1311,564,378.12,32.49,345.71,system,NA,0.079,3.14,85.44,0.0,0.0,99.11,0.0
Negotiation_37,R2,2026-09-07T04:03:54.871860Z,shot_hit,8,1338,549,1013,739,1312,564,377.34,30.18,347.16,agent,NA,0.074,3.14,55.91,0.0,0.0,99.11,0.0
Negotiation_37,R2,2026-09-07T04:03:54.872227Z,flight_spawn,9,630,-20,1013,739,1312,564,850.29,898.24,347.16,system,NA,0.514,2.83,135.0,0.0,0.0,99.11,0.0
Negotiation_37,R2,2026-09-07T04:03:56.145999Z,human_signal,9,572,173,914,739,1245,564,661.4,778.27,374.9,human,i_can,0.541,2.83,91.34,129.41,180.0,76.24,180.0
Negotiation_37,R2,2026-09-07T04:03:56.163102Z,behavior_monitor,9,572,173,914,739,1244,564,661.4,777.43,374.04,system,NA,0.54,2.83,91.34,129.41,180.0,57.18,180.0
Negotiation_37,R2,2026-09-07T04:03:56.673875Z,behavior_monitor,9,569,258,848,739,1215,563,556.42,715.15,407.51,system,NA,0.562,2.83,91.34,129.41,180.0,57.18,180.0
Negotiation_37,R2,2026-09-07T04:03:56.981804Z,agent_signal,9,568,311,806,739,1203,563,489.32,682.63,434.0,agent,your_turn,0.582,2.83,91.34,129.41,180.0,0.0,180.0
Negotiation_37,R2,2026-09-07T04:03:57.185761Z,behavior_monitor,9,558,340,782,739,1191,563,457.39,671.27,445.49,system,NA,0.595,2.83,113.24,129.41,180.0,57.18,180.0
Negotiation_37,R2,2026-09-07T04:03:57.695221Z,behavior_monitor,9,538,420,716,730,1185,563,357.6,662.84,498.35,system,NA,0.65,2.83,68.31,129.41,180.0,57.18,180.0
Negotiation_37,R2,2026-09-07T04:03:58.205727Z,behavior_monitor,9,546,494,651,728,1182,563,255.92,640.31,556.75,system,NA,0.714,2.83,123.44,131.07,-133.86,0.0,180.0
Negotiation_37,R2,2026-09-07T04:03:58.717721Z,behavior_monitor,9,539,576,609,681,1163,569,126.06,623.89,564.81,system,NA,0.832,2.83,86.81,135.78,-157.46,130.47,125.75
Negotiation_37,R2,2026-09-07T04:03:59.175906Z,shot_hit,9,545,652,550,663,1128,618,11.68,584.68,580.08,human,NA,0.98,2.83,86.81,134.28,-164.52,130.47,125.75
Negotiation_37,R2,2026-09-07T04:03:59.176999Z,flight_spawn,10,275,-20,550,663,1128,618,736.71,1065.73,580.08,system,NA,0.591,2.83,45.0,134.28,-164.52,130.47,125.75
Negotiation_37,R2,2026-09-07T04:04:01.286851Z,agent_signal,10,244,310,324,589,988,564,290.2,785.87,664.38,agent,your_turn,0.73,2.83,92.92,0.0,-147.8,76.24,180.0
Negotiation_37,R2,2026-09-07T04:04:01.303613Z,behavior_monitor,10,244,310,324,589,987,564,290.2,784.95,663.41,system,NA,0.73,2.83,92.92,0.0,-147.8,57.18,180.0
Negotiation_37,R2,2026-09-07T04:04:01.813187Z,behavior_monitor,10,239,393,322,580,957,565,204.15,738.59,635.11,system,NA,0.783,2.83,111.63,117.3,-132.26,57.18,180.0
Negotiation_37,R2,2026-09-07T04:04:02.324118Z,behavior_monitor,10,221,474,275,528,944,565,76.86,728.62,669.39,system,NA,0.905,2.83,110.76,138.74,-144.56,0.0,180.0
Negotiation_37,R2,2026-09-07T04:04:02.666383Z,shot_miss,10,201,527,233,512,944,565,35.9,744.07,712.61,human,NA,0.954,2.83,86.57,122.22,180.0,0.0,180.0
Negotiation_37,R2,2026-09-07T04:04:02.835147Z,behavior_monitor,10,201,556,211,512,944,565,44.77,743.08,734.55,system,NA,0.943,2.83,86.57,129.41,180.0,0.0,180.0
Negotiation_37,R2,2026-09-07T04:04:03.346702Z,behavior_monitor,10,203,640,176,545,919,599,99.53,717.37,745.36,system,NA,0.878,2.83,86.57,141.3,126.44,130.47,125.75
Negotiation_37,R2,2026-09-07T04:04:03.855169Z,behavior_monitor,10,203,723,155,608,880,653,124.2,680.76,726.52,system,NA,0.846,2.83,110.71,129.41,90.0,130.47,125.75
Negotiation_37,R2,2026-09-07T04:04:04.366433Z,behavior_monitor,10,194,806,155,674,841,707,137.37,654.65,687.04,system,NA,0.827,2.83,108.56,129.41,90.0,130.47,125.75
Negotiation_37,R2,2026-09-07T04:04:04.877045Z,behavior_monitor,10,208,882,155,740,802,760,151.73,606.9,647.49,system,NA,0.8,2.83,56.25,129.41,90.0,130.47,125.75
Negotiation_37,R2,2026-09-07T04:04:05.335739Z,flight_missed,10,238,953,155,802,766,811,172.56,546.83,610.95,system,NA,0.76,2.83,104.47,129.41,90.0,130.47,125.75
Negotiation_37,R2,2026-09-07T04:04:05.336965Z,flight_spawn,11,778,-20,155,802,766,811,1031.78,831.35,610.95,system,NA,0.446,3.26,52.1,129.41,90.0,130.47,125.75
Negotiation_37,R2,2026-09-07T04:04:07.293792Z,human_signal,11,789,338,281,823,771,635,702.0,297.81,524.42,human,your_turn,0.298,3.26,100.56,0.0,0.0,105.88,-90.0
Negotiation_37,R2,2026-09-07T04:04:07.294543Z,behavior_monitor,11,789,338,281,823,771,635,702.0,297.81,524.42,system,NA,0.298,3.26,100.56,0.0,0.0,105.88,-90.0
Negotiation_37,R2,2026-09-07T04:04:07.295052Z,human_signal,11,788,341,281,823,771,635,699.04,294.55,524.42,human,your_turn,0.296,3.26,100.56,0.0,0.0,105.88,-90.0
Negotiation_37,R2,2026-09-07T04:04:07.465180Z,agent_signal,11,782,373,281,823,765,612,673.55,239.23,528.31,agent,i_can,0.262,3.26,100.56,0.0,0.0,141.97,-98.17
Negotiation_37,R2,2026-09-07T04:04:07.807597Z,behavior_monitor,11,781,434,304,819,759,565,612.91,132.99,520.87,system,NA,0.178,3.26,77.44,133.04,-20.95,137.65,-90.0
Negotiation_37,R2,2026-09-07T04:04:08.317687Z,behavior_monitor,11,805,528,361,775,781,565,507.9,43.54,469.67,system,NA,0.079,3.26,52.98,151.13,-39.5,105.3,0.0
Negotiation_37,R2,2026-09-07T04:04:08.504801Z,shot_hit,11,831,559,384,757,801,565,489.01,30.26,459.71,agent,NA,0.058,3.26,52.98,141.84,-39.3,99.11,0.0
Negotiation_37,R2,2026-09-07T04:04:08.505711Z,flight_spawn,12,1208,-20,384,757,801,565,1133.07,712.58,459.71,system,NA,0.386,3.38,53.69,141.84,-39.3,99.11,0.0
Negotiation_37,R2,2026-09-07T04:04:09.829515Z,human_signal,12,1365,154,487,744,863,564,1057.93,648.08,417.04,human,your_turn,0.38,3.38,45.31,52.23,0.0,76.24,0.0
Negotiation_37,R2,2026-09-07T04:04:09.830628Z,behavior_monitor,12,1365,154,487,744,863,564,1057.93,648.08,417.04,system,NA,0.38,3.38,45.31,52.23,0.0,76.24,0.0
Negotiation_37,R2,2026-09-07T04:04:09.831098Z,human_signal,12,1368,157,488,744,863,564,1058.13,648.61,416.34,human,your_turn,0.38,3.38,45.31,52.23,0.0,76.24,0.0
Negotiation_37,R2,2026-09-07T04:04:10.340141Z,behavior_monitor,12,1393,244,524,744,914,564,1001.85,576.07,428.81,system,NA,0.365,3.38,102.22,129.41,0.0,99.11,0.0
Negotiation_37,R2,2026-09-07T04:04:10.696380Z,agent_signal,12,1400,318,573,744,949,565,930.73,514.2,416.92,agent,i_can,0.356,3.38,80.98,129.41,0.0,99.11,0.0
Negotiation_37,R2,2026-09-07T04:04:10.849190Z,behavior_monitor,12,1405,344,590,744,964,565,907.86,493.17,414.72,system,NA,0.352,3.38,80.98,129.41,0.0,99.11,0.0
Negotiation_37,R2,2026-09-07T04:04:11.359934Z,behavior_monitor,12,1429,391,656,744,1015,566,849.58,449.07,400.91,system,NA,0.346,2.1,134.83,129.41,0.0,99.11,0.0
Negotiation_37,R2,2026-09-07T04:04:11.870420Z,behavior_monitor,12,1368,412,722,744,1066,566,726.23,339.32,386.91,system,NA,0.318,2.1,171.03,129.41,0.0,99.11,0.0
Negotiation_37,R2,2026-09-07T04:04:12.378677Z,behavior_monitor,12,1307,433,788,744,1116,566,604.72,232.39,373.21,system,NA,0.278,2.1,159.51,129.41,0.0,99.11,0.0
Negotiation_37,R2,2026-09-07T04:04:12.889347Z,behavior_monitor,12,1247,448,854,744,1166,566,492.56,142.77,360.03,system,NA,0.225,2.1,178.33,90.59,0.0,99.11,0.0
Negotiation_37,R2,2026-09-07T04:04:13.399416Z,behavior_monitor,12,1191,464,855,743,1173,566,436.37,103.71,363.79,system,NA,0.192,2.1,132.75,0.0,-34.94,99.11,180.0
Negotiation_37,R2,2026-09-07T04:04:13.908968Z,behavior_monitor,12,1148,510,892,725,1131,566,334.53,58.57,287.07,system,NA,0.149,2.1,132.75,0.0,-90.0,99.11,180.0
Negotiation_37,R2,2026-09-07T04:04:14.181503Z,shot_miss,12,1122,536,892,725,1105,566,297.38,34.02,266.02,agent,NA,0.103,2.1,132.75,0.0,-90.0,99.11,180.0
Negotiation_37,R2,2026-09-07T04:04:14.420138Z,behavior_monitor,12,1104,556,896,725,1087,566,267.22,19.32,248.16,system,NA,0.067,2.1,105.14,80.49,0.0,99.11,180.0
Negotiation_37,R2,2026-09-07T04:04:14.539830Z,shot_hit,12,1096,572,908,725,1080,568,242.03,16.65,232.56,agent,NA,0.064,2.1,105.14,87.49,0.0,99.11,180.0
Negotiation_37,R2,2026-09-07T04:04:14.540769Z,flight_spawn,13,856,-20,908,725,1080,568,746.97,629.87,232.56,system,NA,0.457,2.91,46.67,87.49,0.0,99.11,180.0
Negotiation_37,R2,2026-09-07T04:04:15.799793Z,human_signal,13,996,133,888,749,1021,566,625.74,433.9,225.98,human,your_turn,0.409,2.91,38.66,133.28,46.31,76.24,180.0
Negotiation_37,R2,2026-09-07T04:04:15.800245Z,behavior_monitor,13,996,133,888,749,1021,566,625.74,433.9,225.98,system,NA,0.409,2.91,38.66,136.16,45.38,76.24,180.0
Negotiation_37,R2,2026-09-07T04:04:15.800551Z,human_signal,13,998,135,890,751,1021,566,625.66,431.94,226.29,human,your_turn,0.408,2.91,38.66,136.16,45.38,76.24,180.0
Negotiation_37,R2,2026-09-07T04:04:16.310369Z,behavior_monitor,13,963,186,951,763,970,566,577.0,379.38,198.44,system,NA,0.397,2.91,173.18,129.41,0.0,99.11,180.0
Negotiation_37,R2,2026-09-07T04:04:16.819558Z,behavior_monitor,13,878,200,949,771,919,566,575.01,367.9,207.18,system,NA,0.39,2.91,168.94,110.29,138.74,99.11,180.0
Negotiation_37,R2,2026-09-07T04:04:17.329445Z,behavior_monitor,13,790,217,890,805,869,565,596.46,357.19,240.64,system,NA,0.375,2.91,145.98,137.37,160.4,99.11,180.0
Negotiation_37,R2,2026-09-07T04:04:17.841224Z,behavior_monitor,13,747,290,824,809,819,565,524.92,284.41,244.33,system,NA,0.351,2.91,92.86,129.41,180.0,99.11,180.0
Negotiation_37,R2,2026-09-07T04:04:17.960838Z,agent_signal,13,740,311,806,809,808,564,502.16,262.04,244.69,agent,i_can,0.343,2.91,119.06,129.41,180.0,99.11,180.0
Negotiation_37,R2,2026-09-07T04:04:18.352019Z,behavior_monitor,13,726,372,758,809,769,564,437.93,196.88,244.95,system,NA,0.31,2.91,95.35,129.41,180.0,99.11,180.0
Negotiation_37,R2,2026-09-07T04:04:18.862628Z,behavior_monitor,13,727,457,692,808,718,564,353.38,107.87,245.56,system,NA,0.234,2.91,129.58,134.07,-164.86,99.11,180.0
Negotiation_37,R2,2026-09-07T04:04:19.371995Z,behavior_monitor,13,675,526,680,786,668,564,259.51,38.84,221.73,system,NA,0.13,2.91,130.24,52.54,-90.0,99.11,180.0
Negotiation_37,R2,2026-09-07T04:04:19.457491Z,shot_hit,13,665,540,680,783,657,564,243.31,25.94,219.29,agent,NA,0.096,2.91,130.24,0.0,-90.0,99.11,180.0
Negotiation_37,R2,2026-09-07T04:04:19.458517Z,flight_spawn,14,921,-20,680,783,657,564,838.61,641.64,219.29,system,NA,0.433,2.91,133.43,0.0,-90.0,99.11,180.0
Negotiation_37,R2,2026-09-07T04:04:21.347399Z,human_signal,14,721,219,682,796,704,564,577.88,344.83,233.21,human,your_turn,0.374,2.91,102.48,139.62,148.57,0.0,180.0
Negotiation_37,R2,2026-09-07T04:04:21.348444Z,behavior_monitor,14,721,219,682,796,704,564,577.88,344.83,233.21,system,NA,0.374,2.91,102.48,139.62,148.57,76.24,180.0
Negotiation_37,R2,2026-09-07T04:04:21.348903Z,human_signal,14,721,222,680,797,704,564,576.37,341.95,234.64,human,your_turn,0.372,2.91,102.48,139.62,148.57,76.24,180.0
Negotiation_37,R2,2026-09-07T04:04:21.857191Z,behavior_monitor,14,659,274,654,811,661,564,536.96,289.4,247.63,system,NA,0.35,2.91,149.33,0.0,180.0,99.11,180.0
Negotiation_37,R2,2026-09-07T04:04:22.300742Z,agent_signal,14,589,309,595,811,616,563,502.83,256.22,248.88,agent,i_can,0.338,2.91,121.95,129.41,180.0,99.11,180.0
Negotiation_37,R2,2026-09-07T04:04:22.368701Z,behavior_monitor,14,584,316,589,811,610,563,495.42,248.72,248.86,system,NA,0.334,2.91,121.95,129.41,180.0,99.11,180.0
Negotiation_37,R2,2026-09-07T04:04:22.878839Z,behavior_monitor,14,559,399,523,811,559,563,413.59,163.73,250.98,system,NA,0.284,2.91,100.89,129.41,180.0,99.11,180.0
Negotiation_37,R2,2026-09-07T04:04:23.389032Z,behavior_monitor,14,582,475,530,811,558,563,340.06,91.09,249.81,system,NA,0.211,2.91,55.93,129.41,0.0,99.11,0.0
Negotiation_37,R2,2026-09-07T04:04:23.780776Z,shot_miss,14,627,525,583,811,598,563,289.62,47.92,248.36,agent,NA,0.142,2.91,8.84,129.41,0.0,99.11,0.0
Negotiation_37,R2,2026-09-07T04:04:23.899116Z,behavior_monitor,14,643,528,596,811,608,563,287.5,50.13,248.19,system,NA,0.148,2.91,8.84,129.41,0.0,99.11,0.0
Negotiation_37,R2,2026-09-07T04:04:24.001318Z,shot_miss,14,662,531,612,811,620,563,284.92,52.96,248.05,agent,NA,0.157,2.91,8.84,129.41,0.0,99.11,0.0
Negotiation_37,R2,2026-09-07T04:04:24.410741Z,behavior_monitor,14,714,563,662,811,659,563,254.06,54.88,248.27,system,NA,0.178,2.91,56.83,129.41,0.0,99.11,0.0
Negotiation_37,R2,2026-09-07T04:04:24.496329Z,shot_miss,14,724,577,675,811,669,572,239.13,55.1,238.98,agent,NA,0.187,2.91,56.83,129.41,0.0,169.61,54.25
Negotiation_37,R2,2026-09-07T04:04:24.768379Z,shot_miss,14,749,613,711,811,696,608,202.05,53.28,204.33,agent,NA,0.209,2.91,28.33,129.41,0.0,169.61,54.25
Negotiation_37,R2,2026-09-07T04:04:24.923316Z,behavior_monitor,14,769,623,728,811,710,618,192.97,59.45,194.67,system,NA,0.236,2.91,2.13,129.41,0.0,99.11,0.0
Negotiation_37,R2,2026-09-07T04:04:25.433894Z,behavior_monitor,14,859,630,794,811,760,625,192.45,98.64,189.76,system,NA,0.339,2.91,3.21,129.41,0.0,99.11,0.0
Negotiation_37,R2,2026-09-07T04:04:25.940535Z,behavior_monitor,14,943,645,860,811,811,641,185.52,132.77,177.74,system,NA,0.417,2.91,17.39,129.41,0.0,99.11,0.0
Negotiation_37,R2,2026-09-07T04:04:26.445162Z,behavior_monitor,14,1030,659,926,811,861,654,184.24,168.92,170.3,system,NA,0.478,2.91,13.57,137.5,0.0,105.3,0.0
Negotiation_37,R2,2026-09-07T04:04:26.952174Z,behavior_monitor,14,1049,735,990,837,912,719,117.73,137.53,141.21,system,NA,0.539,2.91,113.61,139.76,33.38,169.61,54.25
Negotiation_37,R2,2026-09-07T04:04:27.887781Z,conflict,14,1029,893,1056,910,1006,850,31.91,48.39,77.27,system,NA,0.603,2.91,108.42,87.73,180.0,169.61,54.25
Negotiation_37,R2,2026-09-07T04:04:27.921967Z,conflict,14,1028,896,1056,910,1006,850,31.44,50.46,77.27,human,NA,0.616,2.91,108.42,92.25,180.0,137.65,90.0
Negotiation_37,R2,2026-09-07T04:04:27.922562Z,shot_miss,14,1028,896,1056,910,1006,850,31.44,50.46,77.27,human,NA,0.616,2.91,108.42,92.25,180.0,137.65,90.0
Negotiation_37,R2,2026-09-07T04:04:28.412206Z,flight_missed,14,1001,979,1055,910,1005,853,88.17,126.28,76.25,system,NA,0.589,2.91,108.42,0.0,180.0,0.0,90.0
Negotiation_37,R2,2026-09-07T04:04:28.412946Z,flight_spawn,15,203,-20,1055,910,1005,853,1261.88,1185.64,76.25,system,NA,0.484,3.39,53.86,0.0,180.0,0.0,90.0
Negotiation_37,R2,2026-09-07T04:04:30.864037Z,agent_signal,15,465,359,879,885,836,622,668.74,454.1,266.36,agent,i_can,0.404,3.39,24.65,129.41,180.0,130.47,-125.75
Negotiation_37,R2,2026-09-07T04:04:30.880779Z,behavior_monitor,15,465,359,879,885,834,620,668.74,451.38,268.94,system,NA,0.403,3.39,24.65,129.41,180.0,169.61,-125.75
Negotiation_37,R2,2026-09-07T04:04:31.393008Z,behavior_monitor,15,550,402,816,858,783,566,528.24,285.18,293.98,system,NA,0.351,3.39,24.65,133.55,-141.61,109.0,178.7
Negotiation_37,R2,2026-09-07T04:04:31.903709Z,behavior_monitor,15,633,460,774,806,733,566,374.16,145.7,243.99,system,NA,0.28,3.39,56.3,59.71,-90.0,99.11,180.0
Negotiation_37,R2,2026-09-07T04:04:32.413594Z,behavior_monitor,15,729,499,837,806,699,565,325.99,73.26,277.59,system,NA,0.184,3.39,22.05,129.41,0.0,99.11,0.0
Negotiation_37,R2,2026-09-07T04:04:32.924038Z,behavior_monitor,15,828,530,903,793,749,565,274.14,85.93,275.01,system,NA,0.239,3.39,45.84,139.27,-21.69,99.11,0.0
Negotiation_37,R2,2026-09-07T04:04:33.434584Z,behavior_monitor,15,924,574,969,774,799,570,204.99,124.5,265.17,system,NA,0.378,3.39,25.0,129.41,0.0,169.61,54.25
Negotiation_37,R2,2026-09-07T04:04:33.945737Z,behavior_monitor,15,1018,617,1035,774,851,611,157.94,167.19,245.66,system,NA,0.514,3.39,25.0,129.41,0.0,99.11,0.0
Negotiation_37,R2,2026-09-07T04:04:34.388324Z,human_signal,15,1098,642,1094,754,895,635,111.97,203.56,231.96,human,i_can,0.645,3.39,30.12,140.69,-24.9,169.61,54.25
Negotiation_37,R2,2026-09-07T04:04:34.456270Z,behavior_monitor,15,1106,647,1101,751,898,641,103.88,208.02,230.32,system,NA,0.667,3.39,30.12,140.64,-25.31,97.85,54.25
Negotiation_37,R2,2026-09-07T04:04:34.967793Z,behavior_monitor,15,1203,672,1165,718,927,666,60.23,275.77,242.91,system,NA,0.821,3.39,9.56,142.41,-30.51,57.18,0.0
Negotiation_37,R2,2026-09-07T04:04:35.051925Z,agent_signal,15,1224,675,1175,712,932,669,60.88,291.42,246.49,agent,your_turn,0.827,3.39,9.56,143.28,-32.71,57.18,0.0
Negotiation_37,R2,2026-09-07T04:04:35.475890Z,behavior_monitor,15,1299,699,1200,689,956,690,99.35,343.51,244.52,system,NA,0.776,3.39,32.31,0.0,-90.0,97.85,54.25
Negotiation_37,R2,2026-09-07T04:04:35.985153Z,behavior_monitor,15,1380,756,1263,691,975,717,133.33,406.23,288.92,system,NA,0.753,3.39,57.88,129.41,0.0,0.0,54.25
Negotiation_37,R2,2026-09-07T04:04:36.104929Z,human_signal,15,1395,779,1281,691,975,717,143.88,424.0,306.45,human,i_can,0.747,3.39,57.88,122.22,0.0,0.0,54.25
Negotiation_37,R2,2026-09-07T04:04:36.495734Z,behavior_monitor,15,1413,850,1325,691,998,748,181.35,427.23,331.82,system,NA,0.702,3.39,81.44,62.43,0.0,97.85,54.25
Negotiation_37,R2,2026-09-07T04:04:37.003000Z,behavior_monitor,15,1435,918,1330,691,1019,778,250.15,439.3,322.5,system,NA,0.637,2.38,167.56,0.0,0.0,0.0,77.38
Negotiation_37,R2,2026-09-07T04:04:37.513218Z,behavior_monitor,15,1369,932,1330,691,1019,778,244.11,382.69,322.5,system,NA,0.611,2.38,171.33,0.0,0.0,0.0,77.38
Negotiation_37,R2,2026-09-07T04:04:38.024483Z,behavior_monitor,15,1305,946,1330,691,1036,801,255.89,305.83,313.73,system,NA,0.544,2.38,170.2,0.0,0.0,130.47,54.25
Negotiation_37,R2,2026-09-07T04:04:38.177338Z,flight_missed,15,1284,952,1330,691,1049,820,264.16,269.16,308.62,system,NA,0.505,2.38,165.63,0.0,0.0,135.86,54.01
Negotiation_37,R2,2026-09-07T04:04:38.178081Z,flight_spawn,16,840,-20,1330,691,1049,820,864.35,865.76,308.62,system,NA,0.5,3.43,54.33,0.0,0.0,135.86,54.01
Negotiation_37,R2,2026-09-07T04:04:39.657954Z,human_signal,16,1109,82,1314,628,1048,740,582.83,660.57,288.88,human,i_can,0.531,3.43,23.7,122.22,-90.0,123.22,-54.25
Negotiation_37,R2,2026-09-07T04:04:39.675286Z,behavior_monitor,16,1109,82,1314,628,1049,739,582.83,659.13,287.47,system,NA,0.531,3.43,23.7,129.41,-90.0,97.85,-54.25
Negotiation_37,R2,2026-09-07T04:04:40.184775Z,behavior_monitor,16,1192,140,1314,578,1078,698,454.39,569.18,265.1,system,NA,0.556,3.43,44.16,0.0,-90.0,97.85,-54.25
Negotiation_37,R2,2026-09-07T04:04:40.700538Z,behavior_monitor,16,1244,227,1314,561,1091,679,341.01,477.22,252.34,system,NA,0.583,3.43,69.8,92.36,-90.0,0.0,171.1
Negotiation_37,R2,2026-09-07T04:04:41.211984Z,behavior_monitor,16,1244,329,1314,521,1103,663,204.58,362.76,254.3,system,NA,0.639,3.43,93.95,32.56,-90.0,123.22,-54.25
Negotiation_37,R2,2026-09-07T04:04:41.653668Z,agent_signal,16,1234,420,1268,506,1136,616,92.61,219.34,172.19,agent,your_turn,0.703,3.43,111.87,137.54,-159.5,110.41,-44.62
Negotiation_37,R2,2026-09-07T04:04:41.722204Z,behavior_monitor,16,1230,429,1262,503,1140,611,80.54,202.39,162.38,system,NA,0.715,3.43,111.87,137.96,-159.04,97.85,-54.25
Negotiation_37,R2,2026-09-07T04:04:41.909707Z,shot_miss,16,1214,464,1238,494,1151,596,37.78,145.91,134.27,human,NA,0.794,3.43,111.87,138.98,-157.97,97.85,-54.25
Negotiation_37,R2,2026-09-07T04:04:42.232437Z,behavior_monitor,16,1193,525,1196,487,1170,571,38.41,51.29,88.09,system,NA,0.572,3.43,111.87,129.41,180.0,97.85,-54.25
Negotiation_37,R2,2026-09-07T04:04:42.368505Z,shot_hit,16,1189,555,1182,487,1169,566,68.58,23.29,80.8,agent,NA,0.253,3.43,86.25,80.27,180.0,0.0,-146.67
Negotiation_37,R2,2026-09-07T04:04:42.369049Z,flight_spawn,17,804,-20,1182,487,1169,566,632.12,691.29,80.8,system,NA,0.522,2.86,134.41,80.27,180.0,0.0,-146.67
Negotiation_37,R2,2026-09-07T04:04:42.742765Z,conflict,17,761,24,1173,487,1169,566,619.48,678.82,79.96,system,NA,0.523,2.86,134.41,53.24,180.0,0.0,-146.67
Negotiation_37,R2,2026-09-07T04:04:45.719085Z,agent_signal,17,417,307,1176,555,1012,566,797.85,648.22,164.16,agent,i_can,0.448,2.86,167.53,130.12,67.47,72.0,180.0
Negotiation_37,R2,2026-09-07T04:04:45.735873Z,behavior_monitor,17,417,307,1176,555,1010,566,797.85,646.68,165.84,system,NA,0.448,2.86,167.53,137.66,67.81,99.11,180.0
Negotiation_37,R2,2026-09-07T04:04:46.246441Z,behavior_monitor,17,336,326,1183,621,959,566,896.91,667.42,230.8,system,NA,0.427,2.86,167.53,129.41,90.0,123.89,-167.75
Negotiation_37,R2,2026-09-07T04:04:46.759711Z,behavior_monitor,17,258,347,1183,646,908,565,972.29,686.27,286.16,system,NA,0.414,2.86,141.95,0.0,90.0,99.11,180.0
Negotiation_37,R2,2026-09-07T04:04:47.269532Z,behavior_monitor,17,253,426,1136,660,858,565,913.0,620.81,293.22,system,NA,0.405,2.86,70.84,140.54,154.87,99.11,180.0
Negotiation_37,R2,2026-09-07T04:04:47.779142Z,behavior_monitor,17,283,507,1080,692,808,565,818.0,527.73,300.34,system,NA,0.392,2.86,44.14,119.52,146.76,99.11,180.0
Negotiation_37,R2,2026-09-07T04:04:48.288203Z,behavior_monitor,17,335,571,1061,706,757,566,738.39,422.23,334.55,system,NA,0.364,2.86,64.2,110.77,149.14,99.11,180.0
Negotiation_37,R2,2026-09-07T04:04:48.801152Z,behavior_monitor,17,372,648,1002,743,707,636,636.22,335.07,312.89,system,NA,0.345,2.86,64.2,140.2,148.09,169.61,125.75
Negotiation_37,R2,2026-09-07T04:04:49.310997Z,behavior_monitor,17,409,726,1003,733,656,707,593.97,247.68,347.94,system,NA,0.294,2.86,67.09,136.33,-60.42,169.61,125.75
Negotiation_37,R2,2026-09-07T04:04:49.821230Z,behavior_monitor,17,438,805,1039,672,606,777,615.71,170.26,445.76,system,NA,0.217,2.86,67.09,140.35,-59.46,169.61,125.75
Negotiation_37,R2,2026-09-07T04:04:50.331113Z,behavior_monitor,17,466,885,1076,610,555,847,669.28,97.54,571.76,system,NA,0.127,2.86,90.72,140.35,-59.46,169.61,125.75
Negotiation_37,R2,2026-09-07T04:04:50.723206Z,flight_missed,17,460,953,1105,561,515,903,754.93,74.57,682.02,system,NA,0.09,2.86,118.95,140.35,-59.46,169.61,125.75
Negotiation_37,R2,2026-09-07T04:04:50.724016Z,flight_spawn,18,753,-20,1105,561,515,903,679.58,953.4,682.02,system,NA,0.584,3.58,123.99,140.35,-59.46,169.61,125.75
Negotiation_37,R2,2026-09-07T04:04:51.760308Z,human_signal,18,753,187,1035,487,576,818,412.3,655.0,565.57,human,i_can,0.614,3.58,98.32,137.5,180.0,138.63,-54.25
Negotiation_37,R2,2026-09-07T04:04:51.777144Z,behavior_monitor,18,753,187,1035,487,577,816,412.3,653.44,563.99,system,NA,0.613,3.58,98.32,129.41,180.0,97.85,-54.25
Negotiation_37,R2,2026-09-07T04:04:52.288810Z,behavior_monitor,18,735,293,969,487,607,776,304.56,499.47,463.64,system,NA,0.621,3.58,98.32,129.41,180.0,97.85,-54.25
Negotiation_37,R2,2026-09-07T04:04:52.356244Z,agent_signal,18,735,311,958,487,611,770,284.85,476.29,448.66,agent,your_turn,0.626,3.58,73.59,129.41,180.0,97.85,-54.25
Negotiation_37,R2,2026-09-07T04:04:52.796833Z,behavior_monitor,18,788,379,903,487,636,736,157.49,387.24,364.95,system,NA,0.711,3.58,44.22,129.41,180.0,97.85,-54.25
Negotiation_37,R2,2026-09-07T04:04:53.307594Z,behavior_monitor,18,876,425,860,474,655,710,51.5,360.69,312.57,system,NA,0.875,3.58,15.83,141.95,-24.27,0.0,-54.25
Negotiation_37,R2,2026-09-07T04:04:53.750993Z,shot_miss,18,948,480,917,455,654,710,39.32,372.81,366.35,human,NA,0.905,3.58,44.18,134.95,-16.48,0.0,140.86
Negotiation_37,R2,2026-09-07T04:04:53.817858Z,behavior_monitor,18,955,492,926,453,659,703,49.02,363.55,365.96,system,NA,0.881,3.58,72.83,134.87,-16.37,130.47,-54.25
Negotiation_37,R2,2026-09-07T04:04:54.329544Z,behavior_monitor,18,1019,574,965,452,698,649,133.81,329.52,331.66,system,NA,0.711,3.58,45.03,125.93,62.89,130.47,-54.25
Negotiation_37,R2,2026-09-07T04:04:54.839956Z,behavior_monitor,18,1089,653,1008,506,737,642,167.69,352.21,303.42,system,NA,0.677,3.58,42.01,139.51,43.53,130.47,54.25
Negotiation_37,R2,2026-09-07T04:04:54.891409Z,human_signal,18,1097,660,1013,511,740,648,171.18,356.61,304.81,human,your_turn,0.676,3.58,42.01,139.76,43.19,130.47,54.25
Negotiation_37,R2,2026-09-07T04:04:54.892082Z,human_signal,18,1099,662,1015,512,740,648,172.22,359.2,305.65,human,your_turn,0.676,3.58,42.01,140.12,43.05,130.47,54.25
Negotiation_37,R2,2026-09-07T04:04:55.350100Z,behavior_monitor,18,1178,702,1065,547,786,699,192.27,392.14,316.87,system,NA,0.671,3.58,10.08,136.56,26.58,169.61,54.25
Negotiation_37,R2,2026-09-07T04:04:55.759536Z,agent_signal,18,1265,718,1116,561,827,713,215.74,438.13,326.94,agent,i_can,0.67,3.58,10.08,129.41,0.0,99.11,0.0
Negotiation_37,R2,2026-09-07T04:04:55.860215Z,behavior_monitor,18,1284,721,1130,561,837,717,221.96,446.94,331.86,system,NA,0.668,3.58,10.08,129.41,0.0,169.61,54.25
Negotiation_37,R2,2026-09-07T04:04:56.369911Z,behavior_monitor,18,1390,740,1196,561,887,736,263.77,502.47,354.41,system,NA,0.656,3.58,10.08,129.41,0.0,169.61,54.25
Negotiation_37,R2,2026-09-07T04:04:56.882375Z,behavior_monitor,18,1427,765,1262,561,938,759,262.71,489.75,379.61,system,NA,0.651,2.2,136.13,129.41,0.0,99.11,0.0
Negotiation_37,R2,2026-09-07T04:04:57.392033Z,behavior_monitor,18,1385,816,1327,573,988,811,249.47,396.72,413.88,system,NA,0.614,2.2,106.32,137.43,25.11,169.61,54.25
Negotiation_37,R2,2026-09-07T04:04:57.904149Z,behavior_monitor,18,1351,870,1384,615,1039,864,257.5,312.39,426.13,system,NA,0.548,2.2,135.26,137.62,38.02,99.11,0.0
Negotiation_37,R2,2026-09-07T04:04:58.412520Z,behavior_monitor,18,1299,916,1392,620,1090,910,309.84,209.15,418.05,system,NA,0.403,2.2,156.71,0.0,37.81,101.62,12.76
Negotiation_37,R2,2026-09-07T04:04:58.821674Z,flight_missed,18,1259,953,1392,620,1132,910,357.8,134.67,388.79,system,NA,0.273,2.2,133.89,0.0,37.81,99.11,0.0
Negotiation_37,R2,2026-09-07T04:04:58.822260Z,flight_spawn,19,112,-20,1392,620,1132,910,1431.38,1380.48,388.79,system,NA,0.491,2.83,135.0,0.0,37.81,99.11,0.0
Negotiation_37,R2,2026-09-07T04:05:00.678299Z,human_signal,19,34,251,1231,610,1018,751,1249.45,1103.28,255.69,human,your_turn,0.469,2.73,86.99,0.0,-136.87,130.47,-125.75
Negotiation_37,R2,2026-09-07T04:05:00.678943Z,behavior_monitor,19,34,251,1231,610,1018,751,1249.45,1103.28,255.69,system,NA,0.469,2.73,86.99,0.0,-136.87,130.47,-125.75
Negotiation_37,R2,2026-09-07T04:05:00.679347Z,human_signal,19,34,254,1231,610,1018,751,1248.41,1101.8,255.69,human,your_turn,0.469,2.73,86.99,0.0,-136.87,130.47,-125.75
Negotiation_37,R2,2026-09-07T04:05:01.188276Z,behavior_monitor,19,43,304,1191,614,967,681,1189.11,997.54,234.12,system,NA,0.456,2.11,27.44,136.7,161.2,169.61,-125.75
Negotiation_37,R2,2026-09-07T04:05:01.461400Z,agent_signal,19,74,321,1164,630,940,644,1133.38,924.04,225.14,agent,i_can,0.449,2.11,27.44,85.06,125.73,162.15,-136.17
Negotiation_37,R2,2026-09-07T04:05:01.700043Z,behavior_monitor,19,102,322,1146,645,916,611,1092.41,863.74,232.01,system,NA,0.442,2.11,1.1,135.21,150.62,169.61,-125.75
Negotiation_37,R2,2026-09-07T04:05:02.209432Z,behavior_monitor,19,158,343,1083,678,866,565,983.32,741.82,244.3,system,NA,0.43,2.11,30.88,138.05,155.51,99.11,180.0
Negotiation_37,R2,2026-09-07T04:05:02.719499Z,behavior_monitor,19,217,357,1017,700,815,566,870.92,633.65,242.78,system,NA,0.421,2.11,6.97,135.0,162.79,99.11,180.0
Negotiation_37,R2,2026-09-07T04:05:03.228232Z,behavior_monitor,19,278,372,1022,723,765,566,822.51,523.93,301.34,system,NA,0.389,2.11,20.09,73.26,32.62,99.11,180.0
Negotiation_37,R2,2026-09-07T04:05:03.739023Z,behavior_monitor,19,333,398,992,723,714,566,735.43,416.81,319.5,system,NA,0.362,2.11,48.03,129.41,180.0,99.11,180.0
Negotiation_37,R2,2026-09-07T04:05:04.251079Z,behavior_monitor,19,375,445,926,728,663,566,619.72,312.21,309.41,system,NA,0.335,2.11,45.1,135.77,162.39,99.11,180.0
Negotiation_37,R2,2026-09-07T04:05:04.760646Z,behavior_monitor,19,415,490,864,762,612,565,525.06,211.34,319.38,system,NA,0.287,2.11,45.1,141.79,145.52,99.11,180.0
Negotiation_37,R2,2026-09-07T04:05:05.272876Z,behavior_monitor,19,426,549,814,815,562,565,470.38,136.54,354.91,system,NA,0.225,2.11,93.66,144.0,133.87,99.11,180.0
Negotiation_37,R2,2026-09-07T04:05:05.782515Z,behavior_monitor,19,436,610,763,866,511,605,415.66,75.4,363.01,system,NA,0.154,2.11,71.56,136.83,143.48,169.61,125.75
Negotiation_37,R2,2026-09-07T04:05:06.054601Z,shot_miss,19,449,644,734,884,483,640,372.23,34.01,350.14,agent,NA,0.084,2.11,98.22,0.0,143.83,169.61,125.75
Negotiation_37,R2,2026-09-07T04:05:06.294906Z,behavior_monitor,19,447,671,734,884,461,666,356.63,14.8,349.14,system,NA,0.04,2.11,98.22,0.0,143.83,169.61,125.75
Negotiation_37,R2,2026-09-07T04:05:06.296057Z,shot_hit,19,446,674,734,884,459,668,356.21,14.08,349.01,agent,NA,0.038,2.11,98.22,0.0,143.83,169.61,125.75
Negotiation_37,R2,2026-09-07T04:05:06.296390Z,flight_spawn,20,733,-20,734,884,459,668,904.19,741.05,349.01,system,NA,0.45,3.09,130.29,0.0,143.83,169.61,125.75
Negotiation_37,R2,2026-09-07T04:05:07.671855Z,human_signal,20,638,198,805,781,539,566,606.93,381.47,342.3,human,your_turn,0.386,3.09,102.48,0.0,-90.0,76.24,0.0
Negotiation_37,R2,2026-09-07T04:05:07.672637Z,behavior_monitor,20,638,198,805,781,539,566,606.93,381.47,342.3,system,NA,0.386,3.09,102.48,0.0,-90.0,72.0,0.0
Negotiation_37,R2,2026-09-07T04:05:07.673020Z,human_signal,20,637,201,805,781,539,566,604.05,378.54,342.3,human,your_turn,0.385,3.09,102.48,0.0,-90.0,72.0,0.0
Negotiation_37,R2,2026-09-07T04:05:08.182447Z,behavior_monitor,20,619,288,805,781,590,566,526.7,279.29,304.47,system,NA,0.347,3.09,76.04,0.0,-90.0,99.11,0.0
Negotiation_37,R2,2026-09-07T04:05:08.284051Z,agent_signal,20,625,309,805,781,600,566,504.99,257.95,297.4,agent,i_can,0.338,3.09,76.04,0.0,-90.0,105.3,0.0
Negotiation_37,R2,2026-09-07T04:05:08.692888Z,behavior_monitor,20,664,367,762,793,635,566,437.18,201.01,260.31,system,NA,0.315,3.09,48.1,135.48,156.24,99.11,0.0
Negotiation_37,R2,2026-09-07T04:05:09.201077Z,behavior_monitor,20,710,447,767,841,686,566,398.13,121.17,286.9,system,NA,0.233,3.09,77.89,135.62,107.41,99.11,0.0
Negotiation_37,R2,2026-09-07T04:05:09.709785Z,behavior_monitor,20,728,538,740,907,704,566,369.43,36.84,343.02,system,NA,0.091,3.09,50.86,141.58,114.61,0.0,0.0
Negotiation_37,R2,2026-09-07T04:05:09.777976Z,shot_hit,20,733,552,733,910,711,565,357.85,26.4,344.75,agent,NA,0.069,3.09,80.04,72.02,180.0,0.0,-10.09
Negotiation_37,R3,2026-09-07T04:06:13.412301Z,flight_spawn,1,540,-20,733,910,711,565,949.83,610.34,344.75,system,NA,0.391,3.19,51.12,0.0,180.0,0.0,0.0
Negotiation_37,R3,2026-09-07T04:06:17.884525Z,human_signal,1,575,239,1118,754,457,630,747.9,408.34,672.58,human,your_turn,0.353,3.19,120.39,0.0,180.0,130.47,-54.25
Negotiation_37,R3,2026-09-07T04:06:17.885656Z,behavior_monitor,1,575,239,1118,754,457,630,747.9,408.34,672.58,system,NA,0.353,3.19,120.39,0.0,180.0,130.47,-54.25
Negotiation_37,R3,2026-09-07T04:06:17.886128Z,human_signal,1,574,242,1118,754,457,630,746.79,405.4,672.58,human,your_turn,0.352,3.19,120.39,0.0,180.0,130.47,-54.25
Negotiation_37,R3,2026-09-07T04:06:18.276979Z,agent_signal,1,555,310,1115,754,495,576,714.8,272.8,645.07,agent,i_can,0.276,3.19,118.35,39.54,180.0,169.61,-54.25
Negotiation_37,R3,2026-09-07T04:06:18.395162Z,behavior_monitor,1,545,327,1108,754,507,564,706.05,240.71,629.69,system,NA,0.254,3.19,118.35,86.47,180.0,99.11,0.0
Negotiation_37,R3,2026-09-07T04:06:18.906120Z,behavior_monitor,1,498,411,1057,754,482,565,655.58,154.53,604.86,system,NA,0.191,3.19,118.35,65.2,180.0,99.11,180.0
Negotiation_37,R3,2026-09-07T04:06:19.417200Z,behavior_monitor,1,494,506,1056,754,478,564,613.53,60.55,608.32,system,NA,0.09,3.19,90.13,0.0,180.0,0.0,180.0
Negotiation_37,R3,2026-09-07T04:06:19.672386Z,shot_hit,1,491,557,1056,754,474,564,597.57,18.44,611.47,agent,NA,0.03,3.19,90.13,0.0,180.0,99.11,180.0
Negotiation_37,R3,2026-09-07T04:06:19.673130Z,flight_spawn,2,710,-20,1056,754,474,564,847.83,629.84,611.47,system,NA,0.426,3.08,49.52,0.0,180.0,99.11,180.0
Negotiation_37,R3,2026-09-07T04:06:20.759078Z,human_signal,2,874,79,1088,718,523,564,673.35,598.72,585.9,human,i_can,0.471,3.08,29.52,139.28,-45.19,76.24,0.0
Negotiation_37,R3,2026-09-07T04:06:20.775301Z,behavior_monitor,2,874,79,1088,718,524,564,673.35,598.15,584.96,system,NA,0.47,3.08,29.52,139.4,-45.23,57.18,0.0
Negotiation_37,R3,2026-09-07T04:06:21.284402Z,behavior_monitor,2,955,125,1138,667,553,564,572.49,595.48,594.48,system,NA,0.51,3.08,29.52,139.83,-45.19,57.18,0.0
Negotiation_37,R3,2026-09-07T04:06:21.795153Z,behavior_monitor,2,1046,145,1189,617,567,564,492.37,635.75,623.64,system,NA,0.564,3.08,8.87,139.83,-45.19,0.0,-41.06
Negotiation_37,R3,2026-09-07T04:06:22.304241Z,behavior_monitor,2,1129,181,1237,564,579,564,398.47,669.96,657.41,system,NA,0.627,3.08,71.67,140.91,-47.19,97.64,3.46
Negotiation_37,R3,2026-09-07T04:06:22.816044Z,behavior_monitor,2,1129,267,1266,534,618,563,300.33,590.78,648.44,system,NA,0.663,3.08,122.53,0.0,-54.55,76.24,0.0
Negotiation_37,R3,2026-09-07T04:06:23.291866Z,agent_signal,2,1132,351,1211,534,654,563,199.51,522.72,557.49,agent,your_turn,0.724,3.08,73.73,129.41,180.0,76.24,0.0
Negotiation_37,R3,2026-09-07T04:06:23.325306Z,behavior_monitor,2,1132,354,1209,534,656,563,195.88,519.84,553.35,system,NA,0.726,3.08,73.73,129.41,180.0,57.18,0.0
Negotiation_37,R3,2026-09-07T04:06:23.836952Z,behavior_monitor,2,1137,436,1164,508,685,563,76.09,469.51,481.57,system,NA,0.861,3.08,132.16,96.12,-110.23,57.18,0.0
Negotiation_37,R3,2026-09-07T04:06:24.338833Z,behavior_monitor,2,1074,501,1126,483,698,564,55.22,380.77,435.44,system,NA,0.873,3.08,153.91,129.41,180.0,0.0,41.44
Negotiation_37,R3,2026-09-07T04:06:24.848324Z,behavior_monitor,2,986,519,1070,522,709,564,84.33,280.48,363.54,system,NA,0.769,3.08,179.01,139.12,135.1,76.24,0.0
Negotiation_37,R3,2026-09-07T04:06:25.069421Z,human_signal,2,944,523,1056,540,726,565,113.14,221.84,330.73,human,your_turn,0.662,3.08,160.32,0.0,125.93,76.24,0.0
Negotiation_37,R3,2026-09-07T04:06:25.070373Z,human_signal,2,941,524,1056,540,726,565,115.88,218.79,330.73,human,your_turn,0.654,3.08,160.32,0.0,125.93,76.24,0.0
Negotiation_37,R3,2026-09-07T04:06:25.359458Z,behavior_monitor,2,898,540,1056,540,755,565,157.45,145.88,302.28,system,NA,0.481,3.08,148.25,0.0,125.93,99.11,0.0
Negotiation_37,R3,2026-09-07T04:06:25.870053Z,behavior_monitor,2,842,614,1022,576,805,604,183.51,38.22,218.36,system,NA,0.172,3.08,145.49,134.03,125.44,169.61,54.25
Negotiation_37,R3,2026-09-07T04:06:26.022426Z,shot_hit,2,817,631,1015,592,804,627,201.31,14.25,214.05,agent,NA,0.066,3.08,145.49,69.49,90.0,169.61,125.75
Negotiation_37,R3,2026-09-07T04:06:26.022958Z,flight_spawn,3,971,-20,1015,592,804,627,614.41,669.06,214.05,system,NA,0.521,3.06,49.17,69.49,90.0,169.61,125.75
Negotiation_37,R3,2026-09-07T04:06:26.855903Z,human_signal,3,1108,33,1041,538,815,611,509.71,648.06,236.72,human,i_can,0.56,3.06,15.56,140.05,-37.45,130.47,-54.25
Negotiation_37,R3,2026-09-07T04:06:26.872149Z,behavior_monitor,3,1108,33,1041,538,816,610,509.71,646.42,235.38,system,NA,0.559,3.06,15.56,140.44,-36.95,97.85,-54.25
Negotiation_37,R3,2026-09-07T04:06:27.382379Z,behavior_monitor,3,1197,56,1101,501,846,570,455.21,622.49,264.35,system,NA,0.578,3.06,56.46,135.61,-17.4,97.85,-54.25
Negotiation_37,R3,2026-09-07T04:06:27.892087Z,behavior_monitor,3,1224,142,1167,499,859,566,360.85,558.92,315.15,system,NA,0.608,3.06,77.03,129.41,0.0,0.0,75.91
Negotiation_37,R3,2026-09-07T04:06:28.407812Z,behavior_monitor,3,1252,228,1226,499,859,566,272.03,518.0,372.66,system,NA,0.656,3.06,49.8,0.0,0.0,0.0,2.47
Negotiation_37,R3,2026-09-07T04:06:28.900893Z,agent_signal,3,1291,310,1264,499,891,565,190.82,475.09,379.71,agent,your_turn,0.713,3.06,57.92,129.41,0.0,76.24,0.0
Negotiation_37,R3,2026-09-07T04:06:28.917945Z,behavior_monitor,3,1291,310,1264,499,891,565,190.82,474.27,378.75,system,NA,0.713,3.06,57.92,129.41,0.0,57.18,0.0
Negotiation_37,R3,2026-09-07T04:06:29.427192Z,behavior_monitor,3,1295,395,1326,499,920,566,108.38,411.78,411.66,system,NA,0.792,3.06,106.87,33.12,180.0,57.18,0.0
Negotiation_37,R3,2026-09-07T04:06:29.938295Z,behavior_monitor,3,1248,471,1264,486,933,566,21.84,328.78,340.98,system,NA,0.938,3.06,134.87,91.92,180.0,0.0,144.21
Negotiation_37,R3,2026-09-07T04:06:30.041028Z,shot_hit,3,1235,484,1255,486,933,566,19.96,313.21,332.17,human,NA,0.94,3.06,134.87,87.51,180.0,0.0,144.21
Negotiation_37,R3,2026-09-07T04:06:30.041592Z,flight_spawn,4,1122,-20,1255,486,933,566,523.42,616.04,332.17,system,NA,0.541,3.36,126.55,87.51,180.0,0.0,144.21
Negotiation_37,R3,2026-09-07T04:06:31.028731Z,human_signal,4,1117,171,1176,486,989,566,320.13,414.66,203.45,human,i_can,0.564,3.36,82.7,0.0,180.0,76.24,0.0
Negotiation_37,R3,2026-09-07T04:06:31.045474Z,behavior_monitor,4,1117,171,1176,486,990,566,320.13,414.36,202.56,system,NA,0.564,3.36,82.7,0.0,180.0,57.18,0.0
Negotiation_37,R3,2026-09-07T04:06:31.368652Z,human_signal,4,1128,238,1176,486,1009,566,252.63,348.89,185.79,human,i_can,0.58,3.36,82.7,0.0,180.0,57.18,0.0
Negotiation_37,R3,2026-09-07T04:06:31.555361Z,behavior_monitor,4,1141,268,1176,486,1019,566,220.83,322.26,176.74,system,NA,0.593,3.36,58.37,0.0,180.0,46.31,38.4
Negotiation_37,R3,2026-09-07T04:06:31.827884Z,agent_signal,4,1170,316,1178,486,1035,566,169.53,283.73,163.94,agent,your_turn,0.626,3.36,58.37,39.06,0.0,57.18,0.0
Negotiation_37,R3,2026-09-07T04:06:32.065284Z,behavior_monitor,4,1199,347,1204,485,1040,566,138.05,270.37,183.49,system,NA,0.662,3.36,38.05,133.53,-14.28,0.0,0.0
Negotiation_37,R3,2026-09-07T04:06:32.576571Z,behavior_monitor,4,1288,397,1270,468,1056,566,73.12,287.46,235.95,system,NA,0.797,3.36,38.99,133.72,-14.59,57.18,0.0
Negotiation_37,R3,2026-09-07T04:06:32.986807Z,shot_hit,4,1340,454,1323,460,1056,566,17.61,304.68,287.07,human,NA,0.945,3.36,34.92,129.41,0.0,0.0,144.53
Negotiation_37,R3,2026-09-07T04:06:32.987802Z,flight_spawn,5,738,-20,1323,460,1056,566,757.83,668.0,287.07,system,NA,0.469,2.99,131.91,129.41,0.0,0.0,144.53
Negotiation_37,R3,2026-09-07T04:06:34.149117Z,human_signal,5,560,58,1326,460,1031,566,864.69,692.32,313.7,human,your_turn,0.445,2.99,179.35,0.0,180.0,76.24,180.0
Negotiation_37,R3,2026-09-07T04:06:34.149703Z,behavior_monitor,5,560,58,1326,460,1031,566,864.69,692.32,313.7,system,NA,0.445,2.99,179.35,0.0,180.0,76.24,180.0
Negotiation_37,R3,2026-09-07T04:06:34.150029Z,human_signal,5,557,58,1326,460,1031,566,867.1,694.16,313.7,human,your_turn,0.445,2.99,179.35,0.0,180.0,76.24,180.0
Negotiation_37,R3,2026-09-07T04:06:34.658422Z,behavior_monitor,5,469,62,1294,460,980,566,916.1,717.51,331.92,system,NA,0.439,2.99,153.54,129.41,180.0,108.67,-176.71
Negotiation_37,R3,2026-09-07T04:06:35.168239Z,behavior_monitor,5,409,117,1232,462,929,566,892.32,687.52,319.84,system,NA,0.435,2.99,80.21,87.51,130.34,99.11,180.0
Negotiation_37,R3,2026-09-07T04:06:35.679867Z,behavior_monitor,5,396,204,1206,525,879,566,871.17,603.58,329.88,system,NA,0.409,2.99,104.54,140.6,113.02,99.11,180.0
Negotiation_37,R3,2026-09-07T04:06:36.185305Z,behavior_monitor,5,373,291,1176,590,828,567,856.24,531.95,348.21,system,NA,0.383,2.99,105.52,143.65,120.25,99.11,180.0
Negotiation_37,R3,2026-09-07T04:06:36.442841Z,agent_signal,5,351,332,1156,624,803,566,855.93,509.44,356.99,agent,i_can,0.373,2.99,134.86,143.8,120.85,99.11,180.0
Negotiation_37,R3,2026-09-07T04:06:36.700816Z,behavior_monitor,5,323,361,1138,653,778,566,865.6,498.93,370.29,system,NA,0.366,2.99,134.86,144.36,122.11,99.11,180.0
Negotiation_37,R3,2026-09-07T04:06:37.211882Z,behavior_monitor,5,260,425,1084,700,727,566,869.11,487.26,382.34,system,NA,0.359,2.99,134.86,138.8,152.97,99.11,180.0
Negotiation_37,R3,2026-09-07T04:06:37.722958Z,behavior_monitor,5,194,489,1019,726,676,566,858.44,488.23,378.37,system,NA,0.363,2.99,134.86,134.64,163.97,117.79,166.13
Negotiation_37,R3,2026-09-07T04:06:38.232553Z,behavior_monitor,5,134,552,953,743,626,565,841.3,492.57,372.21,system,NA,0.369,2.99,134.86,133.43,165.91,99.11,180.0
Negotiation_37,R3,2026-09-07T04:06:38.743285Z,behavior_monitor,5,102,634,887,756,575,621,793.93,472.51,340.2,system,NA,0.373,2.99,131.67,129.41,180.0,169.61,125.75
Negotiation_37,R3,2026-09-07T04:06:39.258030Z,behavior_monitor,5,35,692,877,752,525,686,844.12,489.43,358.63,system,NA,0.367,2.99,153.15,78.8,-37.72,99.11,180.0
Negotiation_37,R3,2026-09-07T04:06:39.769153Z,behavior_monitor,5,60,704,885,713,475,700,824.99,414.9,410.29,system,NA,0.335,1.8,6.22,70.56,-90.0,99.11,180.0
Negotiation_37,R3,2026-09-07T04:06:40.278480Z,behavior_monitor,5,107,717,885,679,424,713,778.52,317.0,461.9,system,NA,0.289,1.8,37.11,63.88,-90.0,169.61,125.75
Negotiation_37,R3,2026-09-07T04:06:40.788226Z,behavior_monitor,5,154,744,885,658,374,739,735.56,219.59,517.38,system,NA,0.23,1.8,10.85,0.0,-90.0,99.11,180.0
Negotiation_37,R3,2026-09-07T04:06:41.298562Z,behavior_monitor,5,199,775,843,658,323,771,654.65,123.64,532.72,system,NA,0.159,1.8,74.1,129.41,180.0,169.61,125.75
Negotiation_37,R3,2026-09-07T04:06:42.169094Z,shot_hit,5,218,865,741,658,235,860,562.26,17.87,544.48,agent,NA,0.031,1.8,101.35,110.36,180.0,99.11,180.0
Negotiation_37,R3,2026-09-07T04:06:42.169820Z,flight_spawn,6,907,-20,741,658,235,860,698.2,1107.71,544.48,system,NA,0.613,3.0,131.84,110.36,180.0,99.11,180.0
Negotiation_37,R3,2026-09-07T04:06:43.071701Z,human_signal,6,843,122,717,658,279,801,549.86,882.2,461.19,human,i_can,0.616,3.0,107.62,71.61,0.0,130.47,-54.25
Negotiation_37,R3,2026-09-07T04:06:43.088719Z,behavior_monitor,6,843,122,717,658,280,799,549.86,880.54,459.85,system,NA,0.616,3.0,107.62,71.88,0.0,97.85,-54.25
Negotiation_37,R3,2026-09-07T04:06:43.598400Z,behavior_monitor,6,836,210,752,638,309,759,436.22,761.21,458.6,system,NA,0.636,3.0,101.08,129.41,0.0,97.85,-54.25
Negotiation_37,R3,2026-09-07T04:06:44.111011Z,behavior_monitor,6,794,288,807,621,323,740,333.71,652.91,498.12,system,NA,0.662,3.0,143.53,108.52,-90.0,0.0,-54.25
Negotiation_37,R3,2026-09-07T04:06:44.300178Z,agent_signal,6,763,309,807,598,323,740,292.61,616.05,504.02,agent,your_turn,0.678,3.0,143.53,112.75,-90.0,0.0,-54.25
Negotiation_37,R3,2026-09-07T04:06:44.621934Z,behavior_monitor,6,720,331,781,567,323,740,242.9,570.01,489.79,system,NA,0.701,3.0,172.55,136.54,-145.59,0.0,-54.25
Negotiation_37,R3,2026-09-07T04:06:45.130678Z,behavior_monitor,6,636,346,716,556,335,724,225.2,483.51,416.42,system,NA,0.682,3.0,158.65,129.41,180.0,0.0,-54.25
Negotiation_37,R3,2026-09-07T04:06:45.642219Z,behavior_monitor,6,555,375,650,556,335,723,204.92,411.7,356.19,system,NA,0.668,3.0,149.57,129.41,180.0,0.0,-50.33
Negotiation_37,R3,2026-09-07T04:06:46.153583Z,behavior_monitor,6,490,436,584,556,356,694,152.63,290.62,266.48,system,NA,0.656,3.0,146.92,129.41,180.0,130.47,-54.25
Negotiation_37,R3,2026-09-07T04:06:46.663469Z,behavior_monitor,6,405,454,523,556,389,640,155.52,186.27,158.07,system,NA,0.545,3.0,160.76,54.3,180.0,130.47,-125.75
Negotiation_37,R3,2026-09-07T04:06:47.070838Z,human_signal,6,341,478,523,556,357,596,198.29,119.26,170.09,human,your_turn,0.376,3.0,160.76,0.0,180.0,146.82,-116.9
Negotiation_37,R3,2026-09-07T04:06:47.071486Z,human_signal,6,338,479,523,556,357,596,200.39,118.69,170.09,human,your_turn,0.372,3.0,160.76,0.0,180.0,143.34,-128.74
Negotiation_37,R3,2026-09-07T04:06:47.173160Z,behavior_monitor,6,324,484,523,556,347,582,211.49,100.81,177.36,system,NA,0.323,3.0,160.76,0.0,180.0,169.61,-125.75
Negotiation_37,R3,2026-09-07T04:06:47.681832Z,behavior_monitor,6,237,508,476,556,297,566,243.32,83.22,178.65,system,NA,0.255,3.0,171.66,129.41,180.0,99.11,180.0
Negotiation_37,R3,2026-09-07T04:06:47.973949Z,agent_signal,6,185,524,441,562,269,566,258.39,93.45,172.03,agent,i_can,0.266,3.0,162.26,104.38,140.4,99.11,180.0
Negotiation_37,R3,2026-09-07T04:06:48.194675Z,behavior_monitor,6,150,535,421,578,247,565,273.84,101.43,174.08,system,NA,0.27,3.0,162.26,139.17,147.8,99.11,180.0
Negotiation_37,R3,2026-09-07T04:06:48.704531Z,behavior_monitor,6,71,562,386,638,197,565,323.06,125.1,202.58,system,NA,0.279,3.0,162.26,133.51,104.24,99.11,180.0
Negotiation_37,R3,2026-09-07T04:06:49.217963Z,behavior_monitor,6,40,585,353,696,147,579,331.97,106.54,237.36,system,NA,0.243,1.94,1.48,142.6,134.22,99.11,180.0
Negotiation_37,R3,2026-09-07T04:06:49.659744Z,shot_hit,6,92,596,350,748,101,591,299.1,10.1,294.42,agent,NA,0.033,1.94,4.43,136.96,57.1,99.11,180.0
Negotiation_37,R3,2026-09-07T04:06:49.660829Z,flight_spawn,7,945,-20,350,748,101,591,971.87,1042.41,294.42,system,NA,0.518,3.47,125.22,136.96,57.1,99.11,180.0
Negotiation_37,R3,2026-09-07T04:06:51.534968Z,human_signal,7,790,261,584,724,211,566,507.17,654.78,405.45,human,i_can,0.564,3.47,53.23,138.24,-21.76,76.24,0.0
Negotiation_37,R3,2026-09-07T04:06:51.551642Z,behavior_monitor,7,790,261,584,724,212,566,507.17,653.92,404.56,system,NA,0.563,3.47,53.23,138.24,-21.76,57.18,0.0
Negotiation_37,R3,2026-09-07T04:06:51.857775Z,agent_signal,7,832,314,625,708,229,565,444.74,653.3,421.01,agent,your_turn,0.595,3.47,53.23,139.19,-22.71,57.18,0.0
Negotiation_37,R3,2026-09-07T04:06:52.062080Z,behavior_monitor,7,847,347,649,697,240,565,401.98,645.03,429.37,system,NA,0.616,3.47,75.76,140.42,-24.55,57.18,0.0
Negotiation_37,R3,2026-09-07T04:06:52.572033Z,behavior_monitor,7,787,427,713,665,269,565,248.96,535.78,454.83,system,NA,0.683,3.47,149.56,141.61,-31.54,57.18,0.0
Negotiation_37,R3,2026-09-07T04:06:53.082789Z,behavior_monitor,7,698,480,712,613,273,565,134.31,434.24,442.33,system,NA,0.764,3.47,149.56,137.29,-141.46,0.0,159.28
Negotiation_37,R3,2026-09-07T04:06:53.591271Z,behavior_monitor,7,609,520,649,598,293,565,88.2,318.46,357.49,system,NA,0.783,3.47,132.65,129.41,180.0,76.24,0.0
Negotiation_37,R3,2026-09-07T04:06:54.104359Z,behavior_monitor,7,573,607,583,598,332,585,14.22,241.32,251.47,system,NA,0.944,3.47,104.21,129.41,180.0,130.47,54.25
Negotiation_37,R3,2026-09-07T04:06:54.121609Z,shot_hit,7,572,611,581,598,334,587,15.52,239.73,247.89,human,NA,0.939,3.47,104.21,129.41,180.0,130.47,54.25
Negotiation_37,R3,2026-09-07T04:06:54.122368Z,flight_spawn,8,782,-20,581,598,334,587,650.5,755.29,247.89,system,NA,0.537,3.14,50.4,129.41,180.0,130.47,54.25
Negotiation_37,R3,2026-09-07T04:06:55.295567Z,human_signal,8,816,188,653,574,402,566,419.09,560.24,250.98,human,i_can,0.572,3.14,71.42,140.33,-25.67,60.43,-18.29
Negotiation_37,R3,2026-09-07T04:06:55.312105Z,behavior_monitor,8,816,188,653,574,403,566,419.09,559.52,250.01,system,NA,0.572,3.14,71.42,140.15,-25.93,57.18,0.0
Negotiation_37,R3,2026-09-07T04:06:55.823325Z,behavior_monitor,8,870,259,717,542,433,566,322.44,534.91,285.32,system,NA,0.624,3.14,26.2,139.91,-26.45,57.18,0.0
Negotiation_37,R3,2026-09-07T04:06:56.333792Z,behavior_monitor,8,962,278,782,521,446,566,302.42,590.74,338.49,system,NA,0.661,3.14,12.32,129.41,0.0,0.0,-34.08
Negotiation_37,R3,2026-09-07T04:06:56.842792Z,behavior_monitor,8,1051,297,848,521,456,566,302.16,653.26,394.74,system,NA,0.684,3.14,11.48,129.41,0.0,76.24,0.0
Negotiation_37,R3,2026-09-07T04:06:57.352813Z,behavior_monitor,8,1141,319,914,521,495,566,303.59,691.6,421.69,system,NA,0.695,3.14,14.65,129.41,0.0,76.24,0.0
Negotiation_37,R3,2026-09-07T04:06:57.706532Z,agent_signal,8,1208,336,960,538,522,567,319.44,723.54,438.9,agent,your_turn,0.694,3.14,14.65,146.08,35.03,81.0,0.0
Negotiation_37,R3,2026-09-07T04:06:57.859077Z,behavior_monitor,8,1233,343,975,550,531,567,331.16,736.58,443.85,system,NA,0.69,3.14,14.65,139.56,41.88,57.18,0.0
Negotiation_37,R3,2026-09-07T04:06:58.362627Z,behavior_monitor,8,1324,367,1029,596,559,566,374.21,790.57,470.04,system,NA,0.679,3.14,14.65,135.41,27.46,57.18,0.0
Negotiation_37,R3,2026-09-07T04:06:58.871651Z,behavior_monitor,8,1417,389,1094,616,565,566,394.6,870.18,531.28,system,NA,0.688,3.14,10.29,134.04,15.11,0.0,0.0
Negotiation_37,R3,2026-09-07T04:06:59.381863Z,behavior_monitor,8,1418,415,1160,633,575,566,337.65,855.79,588.67,system,NA,0.717,2.01,119.07,134.04,15.11,0.0,0.0
Negotiation_37,R3,2026-09-07T04:06:59.891852Z,behavior_monitor,8,1404,472,1226,651,586,566,252.2,823.47,646.06,system,NA,0.766,2.01,125.16,133.93,14.93,76.24,0.0
Negotiation_37,R3,2026-09-07T04:07:00.401394Z,behavior_monitor,8,1390,528,1286,655,625,567,163.73,765.31,666.22,system,NA,0.824,2.01,80.24,122.47,0.0,76.24,0.0
Negotiation_37,R3,2026-09-07T04:07:00.911158Z,behavior_monitor,8,1387,587,1352,655,665,582,76.33,721.98,690.18,system,NA,0.904,2.01,80.37,129.41,0.0,130.47,54.25
Negotiation_37,R3,2026-09-07T04:07:01.370677Z,shot_hit,8,1366,634,1371,643,700,628,10.62,665.29,670.47,human,NA,0.984,2.01,136.3,32.73,-90.0,130.47,54.25
Negotiation_37,R3,2026-09-07T04:07:01.371808Z,flight_spawn,9,1035,-20,1371,643,700,628,743.76,729.43,670.47,system,NA,0.495,2.83,135.0,32.73,-90.0,130.47,54.25
Negotiation_37,R3,2026-09-07T04:07:03.158106Z,human_signal,9,977,260,1356,643,813,566,538.47,346.71,548.41,human,your_turn,0.392,2.83,66.54,0.0,180.0,76.24,0.0
Negotiation_37,R3,2026-09-07T04:07:03.159188Z,behavior_monitor,9,977,260,1356,643,813,566,538.47,346.71,548.41,system,NA,0.392,2.83,66.54,0.0,180.0,76.24,0.0
Negotiation_37,R3,2026-09-07T04:07:03.159628Z,human_signal,9,978,263,1356,643,813,566,535.45,345.23,548.41,human,your_turn,0.392,2.83,44.48,0.0,180.0,76.24,0.0
Negotiation_37,R3,2026-09-07T04:07:03.618195Z,agent_signal,9,1001,334,1356,643,858,566,470.48,272.79,503.44,agent,i_can,0.367,2.83,99.63,0.0,180.0,99.11,0.0
Negotiation_37,R3,2026-09-07T04:07:03.668789Z,behavior_monitor,9,1000,339,1356,643,863,566,467.77,264.76,498.44,system,NA,0.361,2.83,99.63,0.0,180.0,99.11,0.0
Negotiation_37,R3,2026-09-07T04:07:04.178933Z,behavior_monitor,9,1005,423,1356,656,914,566,421.31,169.71,450.19,system,NA,0.287,2.83,100.74,64.9,90.0,118.57,6.66
Negotiation_37,R3,2026-09-07T04:07:04.689751Z,behavior_monitor,9,987,506,1356,691,963,566,412.41,64.68,411.58,system,NA,0.136,2.83,100.74,0.0,90.0,0.0,0.0
Negotiation_37,R3,2026-09-07T04:07:04.894662Z,shot_hit,9,977,542,1356,691,960,566,406.91,29.41,414.79,agent,NA,0.067,2.83,100.74,0.0,90.0,0.0,180.0
Negotiation_37,R3,2026-09-07T04:07:04.895750Z,flight_spawn,10,755,-20,1356,691,960,566,930.75,621.31,414.79,system,NA,0.4,2.84,134.7,0.0,90.0,0.0,180.0
Negotiation_37,R3,2026-09-07T04:07:06.559341Z,human_signal,10,541,137,1195,759,866,565,902.37,536.99,382.24,human,your_turn,0.373,2.84,139.76,140.74,152.26,76.24,180.0
Negotiation_37,R3,2026-09-07T04:07:06.560460Z,behavior_monitor,10,541,137,1195,759,866,565,902.37,536.99,382.24,system,NA,0.373,2.84,139.76,132.92,152.26,72.0,180.0
Negotiation_37,R3,2026-09-07T04:07:06.560905Z,human_signal,10,538,139,1193,760,866,565,902.14,536.91,381.12,human,your_turn,0.373,2.84,139.76,132.92,152.26,72.0,180.0
Negotiation_37,R3,2026-09-07T04:07:07.070145Z,behavior_monitor,10,491,202,1133,793,815,565,872.11,486.79,390.56,system,NA,0.358,2.84,113.58,129.41,180.0,99.11,180.0
Negotiation_37,R3,2026-09-07T04:07:07.580009Z,behavior_monitor,10,454,277,1067,793,765,565,801.42,424.38,378.1,system,NA,0.346,2.84,136.97,129.41,180.0,99.11,180.0
Negotiation_37,R3,2026-09-07T04:07:08.089143Z,behavior_monitor,10,408,346,1001,793,714,565,742.55,376.92,365.87,system,NA,0.337,2.84,116.52,129.41,180.0,99.11,180.0
Negotiation_37,R3,2026-09-07T04:07:08.499028Z,agent_signal,10,403,416,946,793,673,566,660.83,308.58,355.13,agent,i_can,0.318,2.84,90.23,129.41,180.0,109.08,-164.46
Negotiation_37,R3,2026-09-07T04:07:08.600737Z,behavior_monitor,10,404,430,935,793,663,566,642.64,292.19,354.11,system,NA,0.313,2.84,90.23,129.41,180.0,99.11,180.0
Negotiation_37,R3,2026-09-07T04:07:09.111295Z,behavior_monitor,10,399,515,869,793,613,566,545.68,220.01,341.91,system,NA,0.287,2.84,90.23,129.41,180.0,99.11,180.0
Negotiation_37,R3,2026-09-07T04:07:09.620488Z,behavior_monitor,10,381,594,803,794,563,586,467.09,182.18,317.57,system,NA,0.281,2.84,75.17,134.0,164.96,169.61,125.75
Negotiation_37,R3,2026-09-07T04:07:10.130532Z,behavior_monitor,10,424,662,738,817,512,656,350.01,88.02,277.45,system,NA,0.201,2.84,49.38,143.38,143.19,169.61,125.75
Negotiation_37,R3,2026-09-07T04:07:10.471795Z,shot_hit,10,475,690,766,839,476,684,327.42,6.14,328.53,agent,NA,0.018,2.84,20.79,129.41,0.0,99.11,180.0
Negotiation_37,R3,2026-09-07T04:07:10.472733Z,flight_spawn,11,525,-20,766,839,476,684,892.61,706.46,328.53,system,NA,0.442,2.83,135.0,129.41,0.0,99.11,180.0
Negotiation_37,R3,2026-09-07T04:07:11.729608Z,human_signal,11,492,161,877,751,469,594,704.31,434.23,436.98,human,your_turn,0.381,2.83,87.94,129.41,0.0,105.88,-90.0
Negotiation_37,R3,2026-09-07T04:07:11.730267Z,behavior_monitor,11,492,161,877,751,469,594,704.31,434.23,436.98,system,NA,0.381,2.83,87.94,129.41,0.0,105.88,-90.0
Negotiation_37,R3,2026-09-07T04:07:11.730607Z,human_signal,11,492,164,879,751,469,594,702.85,431.43,439.04,human,your_turn,0.38,2.83,87.94,129.41,0.0,105.88,-90.0
Negotiation_37,R3,2026-09-07T04:07:12.240270Z,behavior_monitor,11,471,242,936,748,454,566,686.67,324.43,515.18,system,NA,0.321,2.83,108.66,133.71,-14.57,99.11,180.0
Negotiation_37,R3,2026-09-07T04:07:12.752961Z,behavior_monitor,11,442,322,997,728,425,567,687.59,244.61,593.69,system,NA,0.262,2.83,108.66,98.02,-25.67,0.0,180.0
Negotiation_37,R3,2026-09-07T04:07:13.263296Z,behavior_monitor,11,420,403,1016,708,400,567,669.49,164.24,632.13,system,NA,0.197,2.83,79.99,44.81,-90.0,0.0,180.0
Negotiation_37,R3,2026-09-07T04:07:13.331638Z,agent_signal,11,423,417,1016,704,400,567,659.11,150.81,631.25,agent,i_can,0.186,2.83,79.99,47.43,-90.0,0.0,180.0
Negotiation_37,R3,2026-09-07T04:07:13.777198Z,behavior_monitor,11,458,478,1016,683,432,566,594.86,92.41,595.88,system,NA,0.134,2.83,55.2,43.06,-90.0,93.6,0.0
Negotiation_37,R3,2026-09-07T04:07:14.287882Z,behavior_monitor,11,509,547,1038,663,482,566,541.92,32.91,563.94,system,NA,0.057,2.83,36.72,93.72,-20.85,99.11,0.0
Negotiation_37,R3,2026-09-07T04:07:14.355696Z,shot_miss,11,523,555,1046,663,491,566,534.03,33.97,563.51,agent,NA,0.06,2.83,36.72,93.07,0.0,81.37,-7.84
Negotiation_37,R3,2026-09-07T04:07:14.678675Z,shot_miss,11,567,580,1067,663,523,576,507.26,44.4,551.6,agent,NA,0.08,2.83,9.54,32.6,0.0,99.11,0.0
Negotiation_37,R3,2026-09-07T04:07:14.797644Z,behavior_monitor,11,583,583,1067,663,533,578,490.26,50.94,541.13,system,NA,0.094,2.83,9.54,0.0,0.0,99.11,0.0
Negotiation_37,R3,2026-09-07T04:07:14.935025Z,shot_miss,11,606,589,1067,663,548,585,466.73,58.76,525.27,agent,NA,0.112,2.83,13.31,0.0,0.0,99.11,0.0
Negotiation_37,R3,2026-09-07T04:07:15.312227Z,behavior_monitor,11,664,601,1067,663,583,596,406.86,81.76,488.32,system,NA,0.167,2.83,16.59,38.32,180.0,93.6,0.0
Negotiation_37,R3,2026-09-07T04:07:15.821139Z,behavior_monitor,11,709,670,1003,669,633,660,293.62,76.61,369.68,system,NA,0.207,2.83,71.4,140.84,147.1,169.61,54.25
Negotiation_37,R3,2026-09-07T04:07:16.332658Z,behavior_monitor,11,704,753,970,719,682,730,267.87,31.37,288.03,system,NA,0.105,2.83,92.77,63.53,58.76,137.65,90.0
Negotiation_37,R3,2026-09-07T04:07:16.774596Z,shot_miss,11,694,827,1012,749,677,794,328.14,37.11,338.43,agent,NA,0.102,2.83,122.73,114.82,43.63,137.65,90.0
Negotiation_37,R3,2026-09-07T04:07:16.841150Z,behavior_monitor,11,689,834,1017,753,672,801,337.58,37.33,347.97,system,NA,0.1,2.83,122.73,114.25,44.45,169.61,125.75
Negotiation_37,R3,2026-09-07T04:07:17.043651Z,shot_miss,11,671,865,1034,771,653,831,375.17,38.06,385.43,agent,NA,0.092,2.83,122.73,111.97,46.18,137.65,90.0
Negotiation_37,R3,2026-09-07T04:07:17.214237Z,shot_miss,11,658,890,1035,772,641,854,394.65,39.19,401.77,agent,NA,0.09,2.83,96.15,0.0,58.94,169.61,125.75
Negotiation_37,R3,2026-09-07T04:07:17.349881Z,behavior_monitor,11,654,908,1035,772,636,871,404.32,41.53,410.34,system,NA,0.093,2.83,117.43,0.0,58.94,169.61,125.75
Negotiation_37,R3,2026-09-07T04:07:17.637823Z,flight_missed,11,628,954,1035,772,611,910,444.82,47.3,445.1,system,NA,0.096,2.83,145.43,0.0,58.94,124.56,142.72
Negotiation_37,R3,2026-09-07T04:07:17.639056Z,flight_spawn,12,832,-20,1035,772,611,910,818.12,955.94,445.1,system,NA,0.539,2.83,135.0,0.0,58.94,124.56,142.72
Negotiation_37,R3,2026-09-07T04:07:19.698173Z,human_signal,12,645,201,892,636,620,735,500.12,533.87,288.99,human,i_can,0.516,2.83,59.98,140.32,-131.8,105.88,-90.0
Negotiation_37,R3,2026-09-07T04:07:19.714657Z,behavior_monitor,12,645,201,892,636,621,733,500.12,532.17,287.68,system,NA,0.516,2.83,59.98,140.42,-131.66,108.53,-64.35
Negotiation_37,R3,2026-09-07T04:07:20.226070Z,behavior_monitor,12,684,275,845,583,650,692,347.6,418.82,223.1,system,NA,0.546,2.83,59.98,137.38,-132.08,97.85,-54.25
Negotiation_37,R3,2026-09-07T04:07:20.446605Z,agent_signal,12,693,310,822,559,664,675,280.29,366.02,196.66,agent,your_turn,0.566,2.83,111.16,139.88,-134.69,97.85,-54.25
Negotiation_37,R3,2026-09-07T04:07:20.734984Z,behavior_monitor,12,679,353,795,532,663,652,213.11,299.37,178.57,system,NA,0.584,2.83,119.3,139.28,-135.04,97.85,-125.75
Negotiation_37,R3,2026-09-07T04:07:21.245867Z,behavior_monitor,12,636,427,737,501,636,614,124.53,187.11,151.93,system,NA,0.6,2.83,119.3,129.41,180.0,0.0,-125.75
Negotiation_37,R3,2026-09-07T04:07:21.757123Z,behavior_monitor,12,596,501,671,513,636,614,75.68,119.87,107.56,system,NA,0.613,2.83,119.3,134.1,164.8,0.0,-125.75
Negotiation_37,R3,2026-09-07T04:07:22.048198Z,conflict,12,571,546,631,525,628,604,63.4,80.72,78.72,system,NA,0.56,2.83,119.3,136.72,159.29,130.47,-125.75
Negotiation_37,R3,2026-09-07T04:07:22.268890Z,behavior_monitor,12,556,575,631,525,628,604,90.91,77.44,78.72,system,NA,0.46,2.83,119.3,0.0,157.16,0.0,-124.42
Negotiation_37,R3,2026-09-07T04:07:22.779131Z,behavior_monitor,12,516,650,629,521,611,627,171.65,97.78,107.25,system,NA,0.363,2.83,117.8,25.42,-90.0,130.47,125.75
Negotiation_37,R3,2026-09-07T04:07:23.288196Z,behavior_monitor,12,491,726,629,516,572,681,251.47,91.98,175.19,system,NA,0.268,2.83,86.29,0.0,-90.0,130.47,125.75
Negotiation_37,R3,2026-09-07T04:07:23.714837Z,human_signal,12,533,779,629,516,539,725,280.43,54.1,228.27,human,your_turn,0.162,2.83,39.26,0.0,-90.0,130.47,125.75
Negotiation_37,R3,2026-09-07T04:07:23.715494Z,human_signal,12,535,781,629,516,539,725,281.44,55.71,228.27,human,your_turn,0.165,2.83,39.26,0.0,-90.0,130.47,125.75
Negotiation_37,R3,2026-09-07T04:07:23.800018Z,behavior_monitor,12,542,788,629,516,531,737,285.98,52.36,242.36,system,NA,0.155,2.83,39.26,0.0,-90.0,169.61,125.75
Negotiation_37,R3,2026-09-07T04:07:23.969530Z,shot_miss,12,567,808,629,516,541,763,298.71,52.12,262.51,agent,NA,0.149,2.83,39.26,0.0,-90.0,169.61,54.25
Negotiation_37,R3,2026-09-07T04:07:24.190757Z,shot_miss,12,596,831,629,516,563,793,317.24,50.11,285.46,agent,NA,0.136,2.83,39.26,0.0,-90.0,169.61,54.25
Negotiation_37,R3,2026-09-07T04:07:24.309594Z,behavior_monitor,12,607,842,629,516,573,807,326.93,48.8,297.04,system,NA,0.13,2.83,11.26,0.0,-90.0,169.61,54.25
Negotiation_37,R3,2026-09-07T04:07:24.428718Z,shot_miss,12,627,849,629,516,586,826,333.69,46.82,313.32,agent,NA,0.123,2.83,14.86,0.0,-90.0,169.61,54.25
Negotiation_37,R3,2026-09-07T04:07:24.666685Z,agent_signal,12,665,864,629,516,608,857,349.91,56.95,341.43,agent,i_can,0.14,2.83,46.03,0.0,-90.0,169.61,54.25
Negotiation_37,R3,2026-09-07T04:07:24.819814Z,behavior_monitor,12,680,880,623,516,623,875,368.83,57.17,359.67,system,NA,0.134,2.83,46.03,50.04,180.0,169.61,54.25
Negotiation_37,R3,2026-09-07T04:07:25.328753Z,behavior_monitor,12,746,922,573,516,673,910,442.23,74.17,406.38,system,NA,0.144,2.83,8.29,124.88,180.0,99.11,0.0
Negotiation_37,R3,2026-09-07T04:07:25.833501Z,behavior_monitor,12,826,939,537,516,724,910,512.6,106.56,435.62,system,NA,0.172,2.83,43.32,0.0,180.0,99.11,0.0
Negotiation_37,R3,2026-09-07T04:07:25.934849Z,flight_missed,12,842,953,537,516,735,910,533.03,115.3,440.8,system,NA,0.178,2.83,43.32,0.0,180.0,99.11,0.0
Negotiation_37,R3,2026-09-07T04:07:25.935734Z,flight_spawn,13,678,-20,537,516,735,910,554.47,931.76,440.8,system,NA,0.627,2.87,134.13,0.0,180.0,99.11,0.0
Negotiation_37,R3,2026-09-07T04:07:29.196403Z,agent_signal,13,327,336,383,516,538,636,188.27,367.1,196.27,agent,your_turn,0.661,2.87,146.55,129.41,180.0,130.47,-125.75
Negotiation_37,R3,2026-09-07T04:07:29.212788Z,behavior_monitor,13,327,336,383,516,537,635,188.27,365.44,194.67,system,NA,0.66,2.87,146.55,129.41,180.0,97.85,-125.75
Negotiation_37,R3,2026-09-07T04:07:29.721175Z,behavior_monitor,13,251,369,317,516,508,594,160.6,341.55,206.35,system,NA,0.68,2.87,178.75,129.41,180.0,97.85,-125.75
Negotiation_37,R3,2026-09-07T04:07:30.229627Z,behavior_monitor,13,171,393,251,516,495,576,146.86,372.21,250.6,system,NA,0.717,2.87,153.6,129.41,180.0,35.36,133.16
Negotiation_37,R3,2026-09-07T04:07:30.739708Z,behavior_monitor,13,126,463,185,516,480,566,79.01,368.11,298.59,system,NA,0.823,2.87,108.02,129.41,180.0,76.24,180.0
Negotiation_37,R3,2026-09-07T04:07:31.131991Z,shot_hit,13,147,522,135,516,450,566,13.8,305.91,318.86,human,NA,0.957,2.87,56.23,129.41,180.0,76.24,180.0
Negotiation_37,R3,2026-09-07T04:07:31.132957Z,flight_spawn,14,807,-20,135,516,450,566,859.54,686.73,318.86,system,NA,0.444,3.52,124.64,129.41,180.0,76.24,180.0
Negotiation_37,R3,2026-09-07T04:07:36.391153Z,human_signal,14,126,269,151,464,219,566,196.32,310.8,122.46,human,i_can,0.613,2.15,38.33,63.71,-45.6,76.24,180.0
Negotiation_37,R3,2026-09-07T04:07:36.407739Z,behavior_monitor,14,126,269,151,464,218,566,196.32,310.51,121.93,system,NA,0.613,2.15,38.33,63.27,-45.73,57.18,180.0
Negotiation_37,R3,2026-09-07T04:07:36.918592Z,behavior_monitor,14,180,291,180,446,189,566,154.82,274.67,120.06,system,NA,0.64,2.15,9.88,129.41,0.0,56.2,172.06
Negotiation_37,R3,2026-09-07T04:07:37.140218Z,agent_signal,14,204,308,210,446,180,565,137.67,258.0,123.13,agent,your_turn,0.652,2.15,13.68,129.41,0.0,0.0,180.0
Negotiation_37,R3,2026-09-07T04:07:37.428910Z,behavior_monitor,14,238,323,241,446,196,566,123.42,246.68,128.09,system,NA,0.667,2.15,19.79,87.7,0.0,57.18,0.0
Negotiation_37,R3,2026-09-07T04:07:37.939923Z,behavior_monitor,14,301,332,304,446,223,565,113.92,245.94,144.58,system,NA,0.683,2.15,3.76,129.41,0.0,0.0,0.0
Negotiation_37,R3,2026-09-07T04:07:38.450539Z,behavior_monitor,14,360,356,370,446,222,566,90.42,250.69,190.4,system,NA,0.735,2.15,5.88,129.41,0.0,0.0,-59.92
Negotiation_37,R3,2026-09-07T04:07:38.960696Z,behavior_monitor,14,421,379,436,446,253,566,68.43,251.34,219.42,system,NA,0.786,2.15,25.99,129.41,0.0,76.24,0.0
Negotiation_37,R3,2026-09-07T04:07:39.471014Z,behavior_monitor,14,467,421,493,446,292,566,36.31,227.52,234.42,system,NA,0.862,2.15,55.56,83.42,0.0,76.24,0.0
Negotiation_37,R3,2026-09-07T04:07:39.865392Z,shot_hit,14,506,446,477,451,321,566,28.74,220.09,194.09,human,NA,0.885,2.15,7.52,95.41,154.59,76.24,0.0
Negotiation_37,R3,2026-09-07T04:07:39.866495Z,flight_spawn,15,431,-20,477,451,321,566,473.33,596.68,194.09,system,NA,0.558,2.94,132.9,95.41,154.59,76.24,0.0
Negotiation_37,R3,2026-09-07T04:07:42.537933Z,human_signal,15,20,135,576,498,190,566,664.64,464.32,391.75,human,your_turn,0.411,2.74,73.18,129.41,90.0,76.24,180.0
Negotiation_37,R3,2026-09-07T04:07:42.539480Z,behavior_monitor,15,20,135,576,498,190,566,664.64,464.32,391.75,system,NA,0.411,2.74,73.18,129.41,90.0,76.24,180.0
Negotiation_37,R3,2026-09-07T04:07:42.539903Z,human_signal,15,20,137,576,500,190,566,663.8,461.61,391.37,human,your_turn,0.41,2.74,73.18,129.41,90.0,76.24,180.0
Negotiation_37,R3,2026-09-07T04:07:43.048588Z,behavior_monitor,15,31,214,576,533,140,566,630.95,368.43,437.07,system,NA,0.369,2.74,100.57,0.0,90.0,99.11,180.0
Negotiation_37,R3,2026-09-07T04:07:43.560640Z,behavior_monitor,15,21,295,576,571,90,566,619.89,279.5,486.48,system,NA,0.311,2.7,88.61,129.41,90.0,99.11,180.0
Negotiation_37,R3,2026-09-07T04:07:43.934930Z,agent_signal,15,36,345,576,613,53,565,602.57,221.23,525.4,agent,i_can,0.269,2.22,59.09,72.47,90.0,99.11,180.0
Negotiation_37,R3,2026-09-07T04:07:44.070304Z,behavior_monitor,15,44,358,576,621,39,565,593.14,207.32,539.6,system,NA,0.259,2.22,59.09,67.68,90.0,99.11,180.0
Negotiation_37,R3,2026-09-07T04:07:44.580205Z,behavior_monitor,15,83,415,631,654,61,566,597.35,152.36,577.2,system,NA,0.203,2.22,59.09,137.48,26.88,99.11,0.0
Negotiation_37,R3,2026-09-07T04:07:45.090180Z,behavior_monitor,15,110,475,660,689,88,566,590.05,93.32,585.63,system,NA,0.137,2.22,50.51,130.03,127.92,93.6,0.0
Negotiation_37,R3,2026-09-07T04:07:45.584702Z,shot_miss,15,133,537,616,745,109,566,526.4,36.58,537.66,agent,NA,0.065,2.22,74.82,127.89,114.0,99.11,0.0
Negotiation_37,R3,2026-09-07T04:07:45.601964Z,behavior_monitor,15,133,537,616,745,109,566,526.4,36.58,537.66,system,NA,0.065,2.22,74.82,127.89,114.0,0.0,0.0
Negotiation_37,R3,2026-09-07T04:07:45.789386Z,shot_hit,15,137,563,616,769,115,566,521.19,22.81,541.09,agent,NA,0.042,2.22,74.82,111.21,90.0,99.11,0.0
Negotiation_37,R3,2026-09-07T04:07:45.790464Z,flight_spawn,16,892,-20,616,769,115,566,836.05,973.91,541.09,system,NA,0.538,3.58,124.01,111.21,90.0,99.11,0.0
Negotiation_37,R3,2026-09-07T04:07:49.010493Z,agent_signal,16,391,328,765,643,339,566,488.87,243.57,432.71,agent,i_can,0.333,3.58,177.73,118.71,-28.61,76.24,0.0
Negotiation_37,R3,2026-09-07T04:07:49.028268Z,behavior_monitor,16,391,328,765,643,341,566,488.87,243.18,431.19,system,NA,0.332,3.58,177.73,118.71,-28.61,91.56,-2.48
Negotiation_37,R3,2026-09-07T04:07:49.537753Z,behavior_monitor,16,284,349,754,641,310,566,552.91,218.03,449.58,system,NA,0.283,3.58,149.35,134.48,142.55,99.11,180.0
Negotiation_37,R3,2026-09-07T04:07:50.047604Z,behavior_monitor,16,190,390,696,685,259,565,585.83,187.59,453.67,system,NA,0.243,3.58,137.61,141.68,142.79,99.11,180.0
Negotiation_37,R3,2026-09-07T04:07:50.558508Z,behavior_monitor,16,125,468,641,730,209,565,578.23,127.75,462.55,system,NA,0.181,3.58,111.4,141.44,128.71,99.11,180.0
Negotiation_37,R3,2026-09-07T04:07:51.067098Z,behavior_monitor,16,55,547,606,781,158,565,598.19,104.43,497.13,system,NA,0.149,3.58,140.54,52.33,133.77,99.11,180.0
Negotiation_37,R3,2026-09-07T04:07:51.576503Z,behavior_monitor,16,22,646,598,787,108,616,592.21,90.86,518.83,system,NA,0.133,3.58,90.88,130.26,130.58,169.61,125.75
Negotiation_37,R3,2026-09-07T04:07:52.087235Z,behavior_monitor,16,32,751,576,818,57,686,548.21,70.15,535.54,system,NA,0.113,3.58,95.68,0.0,117.2,169.61,125.75
Negotiation_37,R3,2026-09-07T04:07:52.597874Z,behavior_monitor,16,44,844,576,818,21,756,533.24,91.3,558.74,system,NA,0.146,3.34,48.07,0.0,117.2,169.61,54.25
Negotiation_37,R3,2026-09-07T04:07:53.107624Z,behavior_monitor,16,100,924,579,802,68,826,493.57,103.4,510.79,system,NA,0.173,3.34,47.07,104.84,-66.2,169.61,54.25
Negotiation_37,R3,2026-09-07T04:07:53.294321Z,flight_missed,16,128,954,589,781,89,854,492.69,107.07,506.14,system,NA,0.179,3.34,47.07,118.59,-61.43,169.61,54.25
Negotiation_37,R3,2026-09-07T04:07:53.295052Z,flight_spawn,17,416,-20,589,781,89,854,819.82,934.14,506.14,system,NA,0.533,2.85,45.48,118.59,-61.43,169.61,54.25
Negotiation_37,R3,2026-09-07T04:07:54.332649Z,human_signal,17,501,129,649,674,137,786,564.61,751.33,523.81,human,i_can,0.571,2.85,70.52,109.72,-62.99,130.47,-54.25
Negotiation_37,R3,2026-09-07T04:07:54.349431Z,behavior_monitor,17,501,129,649,674,138,785,564.61,749.67,522.57,system,NA,0.57,2.85,70.52,108.88,-63.66,97.85,-54.25
Negotiation_37,R3,2026-09-07T04:07:54.861228Z,behavior_monitor,17,556,190,673,625,167,744,449.86,677.31,519.6,system,NA,0.601,2.85,73.21,111.24,-54.62,97.85,-54.25
Negotiation_37,R3,2026-09-07T04:07:55.371981Z,behavior_monitor,17,589,267,714,587,180,726,343.71,615.05,551.7,system,NA,0.642,2.85,44.0,67.61,-29.9,0.0,165.52
Negotiation_37,R3,2026-09-07T04:07:55.712511Z,agent_signal,17,629,309,713,585,180,726,289.08,613.43,551.48,agent,your_turn,0.68,2.85,44.0,70.77,-143.57,0.0,165.52
Negotiation_37,R3,2026-09-07T04:07:55.879615Z,behavior_monitor,17,637,331,703,575,189,712,252.75,587.66,532.04,system,NA,0.699,2.85,91.84,106.78,-124.22,97.85,-54.25
Negotiation_37,R3,2026-09-07T04:07:56.387788Z,behavior_monitor,17,666,405,692,517,219,672,114.78,521.61,498.0,system,NA,0.82,2.85,43.92,138.1,-117.65,97.85,-54.25
Negotiation_37,R3,2026-09-07T04:07:56.897360Z,behavior_monitor,17,740,447,720,476,223,665,35.97,561.68,531.95,system,NA,0.94,2.85,44.11,136.78,-27.42,21.95,-136.82
Negotiation_37,R3,2026-09-07T04:07:57.153336Z,shot_hit,17,776,473,752,463,222,665,25.64,585.78,567.38,human,NA,0.958,2.85,23.59,136.52,-20.26,0.0,135.34
Negotiation_37,R3,2026-09-07T04:07:57.153933Z,flight_spawn,18,667,-20,752,463,222,665,490.6,817.19,567.38,system,NA,0.625,3.38,53.75,136.52,-20.26,0.0,135.34
Negotiation_37,R3,2026-09-07T04:07:58.261972Z,human_signal,18,629,181,803,461,266,604,330.03,557.1,555.53,human,i_can,0.628,3.38,130.1,137.28,152.11,130.47,-54.25
Negotiation_37,R3,2026-09-07T04:07:58.279038Z,behavior_monitor,18,629,181,803,461,267,603,330.03,555.44,554.24,system,NA,0.627,3.38,130.1,138.0,152.42,97.85,-54.25
Negotiation_37,R3,2026-09-07T04:07:58.789530Z,behavior_monitor,18,536,214,746,489,297,566,345.69,425.39,455.9,system,NA,0.552,3.38,172.91,0.0,90.0,69.24,-19.36
Negotiation_37,R3,2026-09-07T04:07:59.146113Z,human_signal,18,464,224,746,489,311,566,387.2,375.14,442.46,human,your_turn,0.492,3.38,163.7,0.0,90.0,0.0,0.0
Negotiation_37,R3,2026-09-07T04:07:59.147149Z,human_signal,18,460,225,746,489,311,566,389.44,372.67,442.46,human,your_turn,0.489,3.38,163.7,0.0,90.0,0.0,0.0
Negotiation_37,R3,2026-09-07T04:07:59.299600Z,behavior_monitor,18,436,231,746,489,326,566,403.77,352.27,427.49,system,NA,0.466,3.38,162.97,0.0,90.0,99.11,0.0
Negotiation_37,R3,2026-09-07T04:07:59.810610Z,behavior_monitor,18,354,295,701,500,344,565,402.68,270.45,362.3,system,NA,0.402,3.38,139.08,139.35,158.23,99.11,180.0
Negotiation_37,R3,2026-09-07T04:07:59.896442Z,agent_signal,18,338,308,688,506,336,565,401.51,257.0,356.87,agent,i_can,0.39,3.38,139.08,140.27,152.21,99.11,180.0
Negotiation_37,R3,2026-09-07T04:08:00.320529Z,behavior_monitor,18,275,348,642,542,294,565,415.34,217.83,349.68,system,NA,0.344,3.38,160.79,143.08,137.02,99.11,180.0
Negotiation_37,R3,2026-09-07T04:08:00.830791Z,behavior_monitor,18,182,383,588,591,243,565,455.99,191.29,345.64,system,NA,0.296,3.38,159.51,144.71,138.83,99.11,180.0
Negotiation_37,R3,2026-09-07T04:08:01.341451Z,behavior_monitor,18,84,417,536,643,192,565,505.58,183.21,352.68,system,NA,0.266,3.38,176.79,140.98,130.25,99.11,180.0
Negotiation_37,R3,2026-09-07T04:08:01.852630Z,behavior_monitor,18,41,423,497,691,143,565,529.01,174.78,376.25,system,NA,0.248,2.04,5.34,54.78,130.05,85.33,173.65
Negotiation_37,R3,2026-09-07T04:08:02.363019Z,behavior_monitor,18,96,447,497,692,92,565,470.69,118.4,424.91,system,NA,0.201,2.04,40.32,52.66,-48.01,99.11,180.0
Negotiation_37,R3,2026-09-07T04:08:02.875239Z,behavior_monitor,18,126,497,523,665,103,565,430.55,71.36,432.04,system,NA,0.142,2.04,40.71,83.95,-35.69,99.11,0.0
Negotiation_37,R3,2026-09-07T04:08:03.384630Z,behavior_monitor,18,179,525,559,642,153,565,396.86,47.02,412.72,system,NA,0.106,2.04,37.87,80.94,-25.03,99.11,0.0
Negotiation_37,R3,2026-09-07T04:08:03.452945Z,shot_miss,18,187,532,565,642,162,565,393.72,41.57,410.72,agent,NA,0.095,2.04,37.87,75.39,0.0,99.11,0.0
Negotiation_37,R3,2026-09-07T04:08:03.657328Z,shot_miss,18,208,538,580,642,182,565,386.39,37.02,405.91,agent,NA,0.087,2.04,9.41,72.46,0.0,99.11,0.0
Negotiation_37,R3,2026-09-07T04:08:03.843356Z,shot_hit,18,228,550,591,642,200,565,373.87,31.36,398.01,agent,NA,0.077,2.04,34.73,50.91,0.0,105.3,0.0
Negotiation_37,R3,2026-09-07T04:08:03.844293Z,flight_spawn,19,909,-20,591,642,200,565,734.96,919.0,398.01,system,NA,0.556,2.83,45.0,50.91,0.0,105.3,0.0
Negotiation_37,R3,2026-09-07T04:08:04.658954Z,human_signal,19,982,91,643,626,223,565,633.91,894.73,424.82,human,i_can,0.585,2.83,51.29,134.62,-31.2,76.24,0.0
Negotiation_37,R3,2026-09-07T04:08:04.675346Z,behavior_monitor,19,982,91,643,626,224,565,633.91,893.91,423.86,system,NA,0.585,2.83,51.29,135.39,-31.28,57.18,0.0
Negotiation_37,R3,2026-09-07T04:08:05.184779Z,behavior_monitor,19,1028,160,704,591,253,565,539.22,874.19,451.51,system,NA,0.618,2.83,72.62,138.94,-28.27,57.18,0.0
Negotiation_37,R3,2026-09-07T04:08:05.695144Z,behavior_monitor,19,1083,222,769,575,267,564,472.61,885.09,502.11,system,NA,0.652,2.83,45.57,129.41,0.0,0.0,0.0
Negotiation_37,R3,2026-09-07T04:08:06.205966Z,behavior_monitor,19,1142,283,798,580,267,565,454.74,919.72,531.6,system,NA,0.669,2.83,65.84,137.58,28.71,0.0,66.19
Negotiation_37,R3,2026-09-07T04:08:06.716454Z,behavior_monitor,19,1197,343,862,606,299,566,426.54,925.69,564.52,system,NA,0.685,2.83,38.17,135.16,21.22,76.24,0.0
Negotiation_37,R3,2026-09-07T04:08:07.040369Z,agent_signal,19,1233,384,905,623,324,566,406.21,926.86,583.52,agent,your_turn,0.695,2.83,61.17,135.16,21.22,76.24,0.0
Negotiation_37,R3,2026-09-07T04:08:07.226223Z,behavior_monitor,19,1252,404,926,631,335,566,397.32,931.11,595.06,system,NA,0.701,2.83,38.97,143.61,21.22,60.75,0.0
Negotiation_37,R3,2026-09-07T04:08:07.736759Z,behavior_monitor,19,1285,476,991,656,364,566,344.94,924.91,633.04,system,NA,0.728,2.83,85.68,135.16,21.22,57.18,0.0
Negotiation_37,R3,2026-09-07T04:08:08.247181Z,behavior_monitor,19,1321,549,1055,681,368,566,297.66,953.96,696.88,system,NA,0.762,2.83,39.0,135.16,21.22,0.0,131.91
Negotiation_37,R3,2026-09-07T04:08:08.756887Z,behavior_monitor,19,1399,581,1119,706,370,570,306.95,1029.04,761.31,system,NA,0.77,2.83,18.12,135.16,21.22,130.47,54.25
Negotiation_37,R3,2026-09-07T04:08:09.266730Z,behavior_monitor,19,1431,607,1183,731,409,602,277.05,1021.74,784.77,system,NA,0.787,1.84,151.39,135.16,21.22,130.47,54.25
Negotiation_37,R3,2026-09-07T04:08:09.776892Z,behavior_monitor,19,1382,633,1248,756,448,629,182.31,934.49,809.8,system,NA,0.837,1.84,151.39,143.61,21.22,138.63,54.25
Negotiation_37,R3,2026-09-07T04:08:10.288160Z,behavior_monitor,19,1331,660,1302,761,486,654,105.0,844.49,822.73,system,NA,0.889,1.84,151.39,79.27,-46.45,76.24,0.0
Negotiation_37,R3,2026-09-07T04:08:10.797691Z,behavior_monitor,19,1280,677,1295,741,525,671,65.81,754.28,773.25,system,NA,0.92,1.84,150.22,129.41,180.0,76.24,0.0
Negotiation_37,R3,2026-09-07T04:08:11.308208Z,behavior_monitor,19,1226,684,1229,741,564,680,56.19,662.26,667.98,system,NA,0.922,1.84,160.05,129.41,180.0,130.47,54.25
Negotiation_37,R3,2026-09-07T04:08:11.817743Z,behavior_monitor,19,1171,703,1203,741,603,698,49.15,568.43,601.91,system,NA,0.92,1.84,160.05,0.0,180.0,76.24,0.0
Negotiation_37,R3,2026-09-07T04:08:12.414697Z,shot_hit,19,1127,744,1129,741,649,738,4.12,478.0,480.79,human,NA,0.991,1.84,62.94,129.41,180.0,130.47,54.25
Negotiation_37,R3,2026-09-07T04:08:12.415379Z,flight_spawn,20,797,-20,1129,741,649,738,830.3,772.91,480.79,system,NA,0.482,3.09,130.38,129.41,180.0,130.47,54.25
Negotiation_37,R3,2026-09-07T04:08:14.489800Z,agent_signal,20,746,311,1070,724,739,565,525.09,254.16,367.07,agent,i_can,0.326,3.09,116.61,115.25,161.29,76.24,180.0
Negotiation_37,R3,2026-09-07T04:08:14.506507Z,behavior_monitor,20,746,311,1070,724,738,565,525.09,254.21,368.59,system,NA,0.326,3.09,116.61,123.93,159.01,99.11,180.0
Negotiation_37,R3,2026-09-07T04:08:15.017379Z,behavior_monitor,20,707,394,1008,753,691,565,468.4,171.84,368.83,system,NA,0.268,3.09,116.61,129.33,151.82,99.11,180.0
Negotiation_37,R3,2026-09-07T04:08:15.527205Z,behavior_monitor,20,673,478,988,770,656,565,430.1,88.85,390.81,system,NA,0.171,3.09,88.02,0.0,90.0,99.11,180.0
Negotiation_37,R3,2026-09-07T04:08:15.935798Z,shot_hit,20,656,551,988,770,639,565,398.56,22.05,405.13,agent,NA,0.052,3.09,94.93,0.0,90.0,0.0,180.0
Negotiation_37,R4,2026-09-07T04:08:21.951568Z,flight_spawn,1,744,-20,988,770,639,565,827.51,594.97,405.13,system,NA,0.418,2.96,132.47,0.0,90.0,0.0,-17.24
Negotiation_37,R4,2026-09-07T04:08:27.919238Z,agent_signal,1,479,379,1041,754,464,565,675.33,187.0,607.2,agent,i_can,0.217,2.96,109.13,0.0,180.0,56.7,-176.77
Negotiation_37,R4,2026-09-07T04:08:27.936225Z,behavior_monitor,1,479,379,1041,754,462,565,675.33,187.15,608.8,system,NA,0.217,2.96,109.13,0.0,180.0,99.11,180.0
Negotiation_37,R4,2026-09-07T04:08:27.969694Z,human_signal,1,476,385,1041,754,459,565,674.89,181.59,612.01,human,your_turn,0.212,2.96,130.11,0.0,180.0,99.11,180.0
Negotiation_37,R4,2026-09-07T04:08:27.970320Z,human_signal,1,474,387,1041,754,459,565,675.86,179.1,612.01,human,your_turn,0.209,2.96,130.11,0.0,180.0,99.11,180.0
Negotiation_37,R4,2026-09-07T04:08:28.446350Z,behavior_monitor,1,405,427,1038,754,412,565,712.38,138.72,654.29,system,NA,0.163,2.96,151.44,85.11,180.0,99.11,180.0
Negotiation_37,R4,2026-09-07T04:08:28.954429Z,behavior_monitor,1,327,462,973,754,361,565,708.74,108.41,640.59,system,NA,0.133,2.96,154.09,129.41,180.0,99.11,180.0
Negotiation_37,R4,2026-09-07T04:08:29.465896Z,behavior_monitor,1,242,484,907,754,310,565,717.73,106.01,625.82,system,NA,0.129,2.96,171.27,129.41,180.0,99.11,180.0
Negotiation_37,R4,2026-09-07T04:08:29.978015Z,behavior_monitor,1,171,537,841,754,260,566,704.29,93.07,611.22,system,NA,0.117,2.96,145.37,129.41,180.0,99.11,180.0
Negotiation_37,R4,2026-09-07T04:08:30.488839Z,behavior_monitor,1,95,575,827,754,209,570,752.87,114.0,644.03,system,NA,0.132,2.96,133.84,0.0,180.0,169.61,125.75
Negotiation_37,R4,2026-09-07T04:08:30.998860Z,behavior_monitor,1,39,639,827,754,158,634,796.24,119.83,678.78,system,NA,0.131,2.96,133.84,0.0,180.0,169.61,125.75
Negotiation_37,R4,2026-09-07T04:08:31.510341Z,behavior_monitor,1,30,718,780,754,108,701,750.48,79.82,673.45,system,NA,0.096,2.88,79.92,0.0,180.0,169.61,125.75
Negotiation_37,R4,2026-09-07T04:08:31.933514Z,shot_hit,1,67,781,780,754,64,762,713.38,19.3,715.44,agent,NA,0.026,2.88,82.88,0.0,180.0,169.61,125.75
Negotiation_37,R4,2026-09-07T04:08:31.934157Z,flight_spawn,2,582,-20,780,754,64,762,798.75,938.69,715.44,system,NA,0.54,2.9,46.35,0.0,180.0,169.61,125.75
Negotiation_37,R4,2026-09-07T04:08:33.143520Z,human_signal,2,697,131,809,680,114,694,560.19,810.98,695.69,human,i_can,0.591,2.9,64.82,99.16,-43.56,107.48,-51.77
Negotiation_37,R4,2026-09-07T04:08:33.159776Z,behavior_monitor,2,697,131,809,680,115,693,560.19,809.34,694.7,system,NA,0.591,2.9,64.82,100.99,-45.53,97.85,-54.25
Negotiation_37,R4,2026-09-07T04:08:33.669215Z,behavior_monitor,2,747,197,832,632,144,653,443.51,756.02,688.69,system,NA,0.63,2.9,14.55,104.32,-63.78,97.85,-54.25
Negotiation_37,R4,2026-09-07T04:08:34.180540Z,behavior_monitor,2,830,217,867,588,158,634,372.91,790.83,710.08,system,NA,0.68,2.9,12.35,137.37,-31.28,0.0,-46.5
Negotiation_37,R4,2026-09-07T04:08:34.690274Z,behavior_monitor,2,897,274,930,558,172,614,286.45,800.71,759.83,system,NA,0.737,2.9,45.38,136.63,-22.77,130.47,-54.25
Negotiation_37,R4,2026-09-07T04:08:35.198633Z,behavior_monitor,2,950,338,994,532,210,565,198.08,773.94,784.47,system,NA,0.796,2.9,45.81,136.63,-22.6,76.24,0.0
Negotiation_37,R4,2026-09-07T04:08:35.591071Z,agent_signal,2,1011,369,1022,505,240,565,136.15,795.24,784.28,agent,your_turn,0.854,2.9,45.49,112.97,-45.25,76.24,0.0
Negotiation_37,R4,2026-09-07T04:08:35.710298Z,behavior_monitor,2,1022,382,1034,497,247,566,115.77,796.45,789.73,system,NA,0.873,2.9,45.49,140.4,-34.27,57.18,0.0
Negotiation_37,R4,2026-09-07T04:08:36.219332Z,behavior_monitor,2,1099,418,1092,456,277,566,38.68,835.57,823.11,system,NA,0.956,2.9,3.75,140.51,-34.46,57.18,0.0
Negotiation_37,R4,2026-09-07T04:08:36.407983Z,shot_hit,2,1128,420,1115,442,284,566,26.06,856.59,839.34,human,NA,0.97,2.9,3.75,140.02,-30.82,0.0,0.0
Negotiation_37,R4,2026-09-07T04:08:36.409107Z,flight_spawn,3,530,-20,1115,442,284,566,745.49,635.82,839.34,system,NA,0.46,2.83,45.0,140.02,-30.82,0.0,0.0
Negotiation_37,R4,2026-09-07T04:08:37.907598Z,human_signal,3,740,108,1071,443,369,566,470.36,589.0,712.47,human,i_can,0.556,2.83,6.78,129.41,180.0,76.24,0.0
Negotiation_37,R4,2026-09-07T04:08:37.923915Z,behavior_monitor,3,740,108,1071,443,370,566,470.36,588.39,711.52,system,NA,0.556,2.83,6.78,129.41,180.0,57.18,0.0
Negotiation_37,R4,2026-09-07T04:08:38.435717Z,behavior_monitor,3,822,129,1050,444,399,566,388.5,607.89,662.55,system,NA,0.61,2.83,16.09,74.67,143.56,57.18,0.0
Negotiation_37,R4,2026-09-07T04:08:38.947502Z,behavior_monitor,3,867,195,1009,491,411,566,327.9,587.33,601.75,system,NA,0.642,2.83,77.49,128.2,126.98,0.0,0.0
Negotiation_37,R4,2026-09-07T04:08:39.458416Z,behavior_monitor,3,879,278,964,540,412,566,275.61,548.58,552.94,system,NA,0.666,2.83,100.66,124.82,145.57,0.0,28.86
Negotiation_37,R4,2026-09-07T04:08:39.799776Z,agent_signal,3,855,331,920,542,429,566,220.84,486.91,491.96,agent,your_turn,0.688,2.83,120.83,129.41,180.0,76.24,0.0
Negotiation_37,R4,2026-09-07T04:08:39.969411Z,behavior_monitor,3,842,353,900,542,438,566,198.04,456.27,462.47,system,NA,0.697,2.83,120.83,129.41,180.0,57.18,0.0
Negotiation_37,R4,2026-09-07T04:08:40.482303Z,behavior_monitor,3,777,411,834,542,468,566,143.26,346.06,367.21,system,NA,0.707,2.83,143.55,122.22,180.0,54.0,0.0
Negotiation_37,R4,2026-09-07T04:08:40.998688Z,behavior_monitor,3,713,459,806,542,472,566,124.8,264.2,335.3,system,NA,0.679,2.83,111.56,0.0,180.0,0.0,0.0
Negotiation_37,R4,2026-09-07T04:08:41.289735Z,human_signal,3,697,504,806,544,482,566,116.03,224.24,324.82,human,your_turn,0.659,2.83,111.56,55.8,90.0,72.0,0.0
Negotiation_37,R4,2026-09-07T04:08:41.290459Z,human_signal,3,697,506,806,546,482,566,116.32,222.83,324.72,human,your_turn,0.657,2.83,111.56,59.08,90.0,76.24,0.0
Negotiation_37,R4,2026-09-07T04:08:41.511763Z,behavior_monitor,3,694,539,794,566,504,566,103.52,191.9,290.03,system,NA,0.65,2.83,111.67,140.58,132.03,99.11,0.0
Negotiation_37,R4,2026-09-07T04:08:42.017885Z,behavior_monitor,3,694,619,749,622,555,608,54.81,139.49,194.26,system,NA,0.718,2.83,61.64,140.67,129.42,169.61,54.25
Negotiation_37,R4,2026-09-07T04:08:42.221533Z,shot_hit,3,713,649,730,644,575,636,18.51,138.23,155.44,human,NA,0.882,2.83,61.64,140.81,129.74,169.61,54.25
Negotiation_37,R4,2026-09-07T04:08:42.221762Z,flight_spawn,4,1078,-20,730,644,575,636,749.86,827.6,155.44,system,NA,0.525,3.17,50.87,140.81,129.74,169.61,54.25
Negotiation_37,R4,2026-09-07T04:08:43.021318Z,human_signal,4,1115,118,779,658,613,584,636.61,685.78,181.69,human,i_can,0.519,3.17,95.05,139.28,-22.73,130.47,-54.25
Negotiation_37,R4,2026-09-07T04:08:43.038354Z,behavior_monitor,4,1115,118,779,658,614,583,636.61,684.15,181.36,system,NA,0.518,3.17,95.05,139.57,-23.46,97.85,-54.25
Negotiation_37,R4,2026-09-07T04:08:43.547664Z,behavior_monitor,4,1131,209,843,628,643,565,507.97,604.5,209.96,system,NA,0.543,3.17,72.17,140.18,-25.24,57.18,0.0
Negotiation_37,R4,2026-09-07T04:08:44.060268Z,behavior_monitor,4,1187,283,908,598,657,566,420.85,600.84,253.0,system,NA,0.588,3.17,74.85,137.14,-19.33,0.0,-0.54
Negotiation_37,R4,2026-09-07T04:08:44.484238Z,agent_signal,4,1214,360,964,605,657,566,349.35,593.04,309.29,agent,your_turn,0.629,3.17,53.99,136.82,31.32,0.0,-10.78
Negotiation_37,R4,2026-09-07T04:08:44.569227Z,behavior_monitor,4,1222,370,972,610,662,566,346.19,592.6,312.77,system,NA,0.631,3.17,53.99,137.32,37.33,57.18,0.0
Negotiation_37,R4,2026-09-07T04:08:45.078943Z,behavior_monitor,4,1277,447,1028,653,691,566,322.86,597.94,347.73,system,NA,0.649,3.17,53.99,138.05,34.27,57.18,0.0
Negotiation_37,R4,2026-09-07T04:08:45.590513Z,behavior_monitor,4,1351,506,1088,688,701,566,319.78,652.53,405.68,system,NA,0.671,3.17,30.51,136.01,24.88,0.0,26.19
Negotiation_37,R4,2026-09-07T04:08:46.101781Z,behavior_monitor,4,1429,564,1152,714,701,566,314.47,727.8,474.78,system,NA,0.698,3.17,52.49,134.66,16.06,25.42,115.86
Negotiation_37,R4,2026-09-07T04:08:46.611744Z,behavior_monitor,4,1429,640,1218,716,731,607,224.02,698.43,498.82,system,NA,0.757,2.77,114.73,129.41,0.0,130.47,54.25
Negotiation_37,R4,2026-09-07T04:08:47.123358Z,behavior_monitor,4,1444,718,1283,725,770,662,161.17,676.9,517.38,system,NA,0.808,2.77,120.37,137.17,30.25,130.47,54.25
Negotiation_37,R4,2026-09-07T04:08:47.633621Z,behavior_monitor,4,1400,785,1330,776,808,716,70.57,595.44,524.88,system,NA,0.894,2.77,121.05,136.81,54.91,130.47,54.25
Negotiation_37,R4,2026-09-07T04:08:47.889096Z,shot_miss,4,1378,821,1350,805,827,743,32.31,555.96,525.99,human,NA,0.945,2.77,121.05,137.43,55.37,130.47,54.25
Negotiation_37,R4,2026-09-07T04:08:48.143409Z,behavior_monitor,4,1352,849,1370,834,847,771,23.34,510.96,526.2,system,NA,0.956,2.77,165.28,137.33,55.53,130.47,54.25
Negotiation_37,R4,2026-09-07T04:08:48.347157Z,shot_miss,4,1319,858,1385,857,863,792,66.31,460.87,526.51,human,NA,0.874,2.77,165.28,137.52,58.27,130.47,54.25
Negotiation_37,R4,2026-09-07T04:08:48.652943Z,behavior_monitor,4,1267,870,1369,894,886,824,104.83,383.63,487.99,system,NA,0.785,2.77,165.28,147.58,135.77,130.47,54.25
Negotiation_37,R4,2026-09-07T04:08:49.163377Z,behavior_monitor,4,1192,905,1308,910,925,878,116.1,268.24,384.2,system,NA,0.698,2.77,170.58,127.33,180.0,130.47,54.25
Negotiation_37,R4,2026-09-07T04:08:50.355116Z,shot_miss,4,1001,944,1211,853,994,910,228.73,35.54,224.22,agent,NA,0.134,2.77,171.11,140.82,-138.75,76.24,180.0
Negotiation_37,R4,2026-09-07T04:08:50.440509Z,flight_missed,4,990,952,1202,845,987,910,237.26,42.1,224.03,system,NA,0.151,2.77,142.09,140.37,-138.12,76.24,180.0
Negotiation_37,R4,2026-09-07T04:08:50.441467Z,flight_spawn,5,869,-20,1202,845,987,910,927.88,937.55,224.03,system,NA,0.503,2.83,45.0,140.37,-138.12,76.24,180.0
Negotiation_37,R4,2026-09-07T04:08:54.374497Z,human_signal,5,1426,219,1298,501,1192,566,309.73,417.86,123.68,human,i_can,0.574,2.83,69.41,120.89,-39.05,72.0,0.0
Negotiation_37,R4,2026-09-07T04:08:54.391915Z,behavior_monitor,5,1426,219,1298,501,1193,566,309.73,417.31,122.85,system,NA,0.574,2.83,69.41,126.56,-39.14,57.18,0.0
Negotiation_37,R4,2026-09-07T04:08:54.901856Z,behavior_monitor,5,1445,299,1347,462,1222,566,190.44,347.88,162.15,system,NA,0.646,2.71,102.7,136.61,-34.01,43.35,-19.55
Negotiation_37,R4,2026-09-07T04:08:55.140160Z,agent_signal,5,1442,338,1372,445,1236,565,127.48,306.68,181.77,agent,your_turn,0.706,2.71,73.85,66.45,-48.62,57.18,0.0
Negotiation_37,R4,2026-09-07T04:08:55.411920Z,behavior_monitor,5,1435,378,1374,437,1251,565,84.96,262.2,177.27,system,NA,0.755,2.71,102.17,100.1,0.0,57.18,0.0
Negotiation_37,R4,2026-09-07T04:08:55.735731Z,shot_hit,5,1431,428,1416,437,1270,565,17.39,210.87,193.76,human,NA,0.924,2.71,79.81,129.41,0.0,57.18,0.0
Negotiation_37,R4,2026-09-07T04:08:55.736805Z,flight_spawn,6,559,-20,1416,437,1270,565,971.24,921.07,193.76,system,NA,0.487,3.41,54.14,129.41,0.0,57.18,0.0
Negotiation_37,R4,2026-09-07T04:08:56.912281Z,human_signal,6,554,210,1377,437,1199,565,854.61,736.2,219.82,human,your_turn,0.463,3.41,101.55,0.0,180.0,76.24,180.0
Negotiation_37,R4,2026-09-07T04:08:56.913769Z,behavior_monitor,6,554,210,1377,437,1199,565,854.61,736.2,219.82,system,NA,0.463,3.41,101.55,0.0,180.0,76.24,180.0
Negotiation_37,R4,2026-09-07T04:08:56.914245Z,human_signal,6,552,213,1377,437,1199,565,855.03,735.78,219.82,human,your_turn,0.463,3.41,101.55,0.0,180.0,76.24,180.0
Negotiation_37,R4,2026-09-07T04:08:57.424180Z,behavior_monitor,6,533,310,1348,450,1148,565,826.52,665.59,230.49,system,NA,0.446,3.41,124.94,136.92,154.72,99.11,180.0
Negotiation_37,R4,2026-09-07T04:08:57.882156Z,agent_signal,6,505,400,1292,477,1102,565,790.49,619.56,208.51,agent,i_can,0.439,3.41,98.12,118.76,151.94,99.11,180.0
Negotiation_37,R4,2026-09-07T04:08:57.932980Z,behavior_monitor,6,505,407,1288,479,1097,565,786.85,613.42,209.07,system,NA,0.438,3.41,98.12,118.99,157.95,99.11,180.0
Negotiation_37,R4,2026-09-07T04:08:58.444085Z,behavior_monitor,6,453,494,1252,493,1046,565,798.28,597.23,217.31,system,NA,0.428,3.41,126.33,39.77,90.0,99.11,180.0
Negotiation_37,R4,2026-09-07T04:08:58.954747Z,behavior_monitor,6,404,581,1242,524,996,574,840.13,591.73,251.48,system,NA,0.413,3.41,118.93,139.11,111.53,169.61,125.75
Negotiation_37,R4,2026-09-07T04:08:59.466467Z,behavior_monitor,6,354,671,1215,590,945,644,864.38,592.0,274.57,system,NA,0.406,3.41,118.93,134.49,114.67,160.19,125.75
Negotiation_37,R4,2026-09-07T04:08:59.975667Z,behavior_monitor,6,307,760,1161,624,895,714,865.0,589.83,281.16,system,NA,0.405,3.41,118.93,53.92,131.68,169.61,125.75
Negotiation_37,R4,2026-09-07T04:09:00.487166Z,behavior_monitor,6,298,862,1137,625,844,784,871.83,551.52,333.5,system,NA,0.387,3.41,91.86,129.41,180.0,169.61,125.75
Negotiation_37,R4,2026-09-07T04:09:00.948400Z,flight_missed,6,312,954,1076,625,797,850,831.56,495.83,358.28,system,NA,0.374,3.41,67.2,129.41,180.0,169.61,125.75
Negotiation_37,R4,2026-09-07T04:09:00.949483Z,flight_spawn,7,835,-20,1076,625,797,850,688.46,870.98,358.28,system,NA,0.559,2.83,135.0,129.41,180.0,169.61,125.75
Negotiation_37,R4,2026-09-07T04:09:02.883505Z,human_signal,7,555,107,884,617,691,701,607.29,609.79,210.18,human,your_turn,0.501,2.83,114.66,118.01,50.85,130.47,-125.75
Negotiation_37,R4,2026-09-07T04:09:02.884548Z,behavior_monitor,7,555,107,884,617,691,701,607.29,609.79,210.18,system,NA,0.501,2.83,114.66,124.86,52.4,130.47,-125.75
Negotiation_37,R4,2026-09-07T04:09:02.884990Z,human_signal,7,554,109,885,619,691,701,608.1,607.62,210.69,human,your_turn,0.5,2.83,114.66,124.86,52.4,130.47,-125.75
Negotiation_37,R4,2026-09-07T04:09:03.391864Z,behavior_monitor,7,566,181,909,677,640,632,602.47,456.82,271.84,system,NA,0.431,2.83,39.23,97.9,116.74,169.61,-125.75
Negotiation_37,R4,2026-09-07T04:09:03.901305Z,behavior_monitor,7,638,216,890,691,611,566,537.81,351.55,305.7,system,NA,0.395,2.83,12.17,0.0,150.21,105.3,0.0
Negotiation_37,R4,2026-09-07T04:09:04.414160Z,behavior_monitor,7,720,244,941,691,661,567,499.22,328.32,307.17,system,NA,0.397,2.83,8.61,129.41,0.0,99.11,0.0
Negotiation_37,R4,2026-09-07T04:09:04.924649Z,behavior_monitor,7,775,300,1007,691,711,566,454.4,273.49,321.41,system,NA,0.376,2.83,86.41,129.41,0.0,99.11,0.0
Negotiation_37,R4,2026-09-07T04:09:04.976357Z,agent_signal,7,778,312,1016,691,716,566,448.15,261.87,324.86,agent,i_can,0.369,2.83,86.41,129.41,0.0,99.11,0.0
Negotiation_37,R4,2026-09-07T04:09:05.434010Z,behavior_monitor,7,756,382,1070,691,740,566,440.62,185.31,353.04,system,NA,0.296,2.83,109.59,0.0,0.0,0.0,-179.44
Negotiation_37,R4,2026-09-07T04:09:05.943844Z,behavior_monitor,7,710,449,1032,697,701,567,407.16,117.96,356.29,system,NA,0.225,2.83,160.55,70.12,146.93,99.11,180.0
Negotiation_37,R4,2026-09-07T04:09:06.455379Z,behavior_monitor,7,627,477,996,718,650,567,440.4,92.14,377.91,system,NA,0.173,2.83,160.55,134.76,163.8,99.11,180.0
Negotiation_37,R4,2026-09-07T04:09:06.831132Z,shot_hit,7,609,534,946,732,611,565,390.85,30.96,373.97,agent,NA,0.073,2.83,63.07,134.76,163.8,99.11,180.0
Negotiation_37,R4,2026-09-07T04:09:06.832222Z,flight_spawn,8,134,-20,946,732,611,565,1106.78,754.95,373.97,system,NA,0.406,3.24,51.91,134.76,163.8,99.11,180.0
Negotiation_37,R4,2026-09-07T04:09:08.175222Z,human_signal,8,278,181,873,742,533,565,817.97,460.63,383.76,human,your_turn,0.36,3.24,71.43,0.0,180.0,76.24,180.0
Negotiation_37,R4,2026-09-07T04:09:08.176292Z,behavior_monitor,8,278,181,873,742,533,565,817.97,460.63,383.76,system,NA,0.36,3.24,71.43,0.0,180.0,76.24,180.0
Negotiation_37,R4,2026-09-07T04:09:08.176695Z,human_signal,8,278,184,873,742,533,565,815.58,457.86,383.76,human,your_turn,0.36,3.24,71.43,0.0,180.0,76.24,180.0
Negotiation_37,R4,2026-09-07T04:09:08.685961Z,behavior_monitor,8,282,274,854,741,483,565,738.8,353.81,410.74,system,NA,0.324,3.24,126.81,133.51,-165.76,83.93,179.77
Negotiation_37,R4,2026-09-07T04:09:09.126600Z,agent_signal,8,234,347,795,724,439,565,675.82,299.64,389.32,agent,i_can,0.307,3.24,103.75,134.99,-163.48,99.11,180.0
Negotiation_37,R4,2026-09-07T04:09:09.193640Z,behavior_monitor,8,232,356,788,722,433,565,665.91,289.72,388.65,system,NA,0.303,3.24,103.75,134.99,-163.48,99.11,180.0
Negotiation_37,R4,2026-09-07T04:09:09.704091Z,behavior_monitor,8,213,450,722,718,381,565,574.54,203.45,373.21,system,NA,0.262,3.24,103.75,129.41,180.0,99.11,180.0
Negotiation_37,R4,2026-09-07T04:09:10.212452Z,behavior_monitor,8,199,545,656,718,330,565,488.3,132.62,359.73,system,NA,0.214,3.24,101.85,129.41,180.0,99.11,180.0
Negotiation_37,R4,2026-09-07T04:09:10.722713Z,behavior_monitor,8,153,628,590,728,280,616,448.42,127.73,329.37,system,NA,0.222,3.24,131.0,137.95,156.78,169.61,125.75
Negotiation_37,R4,2026-09-07T04:09:11.233142Z,behavior_monitor,8,157,721,564,740,230,687,408.37,81.22,338.57,system,NA,0.166,3.24,79.03,0.0,180.0,169.61,125.75
Negotiation_37,R4,2026-09-07T04:09:11.590987Z,shot_hit,8,207,767,564,740,193,738,358.82,31.54,371.63,agent,NA,0.081,3.24,3.24,0.0,180.0,169.61,125.75
Negotiation_37,R4,2026-09-07T04:09:11.592097Z,flight_spawn,9,254,-20,564,740,193,738,821.24,761.42,371.63,system,NA,0.481,2.83,135.0,0.0,180.0,169.61,125.75
Negotiation_37,R4,2026-09-07T04:09:15.578766Z,agent_signal,9,30,332,630,643,20,566,675.58,233.77,615.73,agent,i_can,0.257,1.74,59.88,0.0,-90.0,0.0,90.0
Negotiation_37,R4,2026-09-07T04:09:15.596192Z,behavior_monitor,9,30,332,630,643,20,566,675.58,233.77,615.73,system,NA,0.257,1.74,59.88,0.0,-90.0,0.0,90.0
Negotiation_37,R4,2026-09-07T04:09:15.766863Z,human_signal,9,40,347,630,643,20,566,660.04,219.43,615.73,human,your_turn,0.25,1.74,59.88,0.0,-90.0,0.0,90.0
Negotiation_37,R4,2026-09-07T04:09:15.767962Z,human_signal,9,42,349,630,643,20,566,657.87,218.1,615.73,human,your_turn,0.249,1.74,59.88,0.0,-90.0,0.0,90.0
Negotiation_37,R4,2026-09-07T04:09:16.108494Z,behavior_monitor,9,67,368,630,643,43,566,627.22,199.22,592.34,system,NA,0.241,1.74,30.1,0.0,-90.0,0.0,0.0
Negotiation_37,R4,2026-09-07T04:09:16.622230Z,behavior_monitor,9,94,409,630,643,71,565,585.09,157.45,564.93,system,NA,0.212,1.74,85.84,0.0,-90.0,99.11,0.0
Negotiation_37,R4,2026-09-07T04:09:17.133785Z,behavior_monitor,9,67,452,630,643,51,565,594.73,114.7,584.99,system,NA,0.162,1.74,169.29,0.0,-90.0,0.0,180.0
Negotiation_37,R4,2026-09-07T04:09:17.643349Z,behavior_monitor,9,27,474,630,643,20,565,626.69,91.79,615.83,system,NA,0.128,1.74,161.72,0.0,-90.0,0.0,-90.0
Negotiation_37,R4,2026-09-07T04:09:18.154913Z,behavior_monitor,9,44,490,630,643,21,565,605.88,78.12,614.22,system,NA,0.114,1.13,28.84,0.0,-90.0,99.11,0.0
Negotiation_37,R4,2026-09-07T04:09:18.665072Z,behavior_monitor,9,76,502,630,643,53,565,572.32,66.51,582.61,system,NA,0.104,1.13,30.92,0.0,-90.0,99.11,0.0
Negotiation_37,R4,2026-09-07T04:09:19.109241Z,shot_miss,9,108,511,630,643,85,565,539.04,58.07,550.9,agent,NA,0.097,1.13,10.86,0.0,-90.0,0.0,0.0
Negotiation_37,R4,2026-09-07T04:09:19.176402Z,behavior_monitor,9,110,512,630,643,87,565,536.37,57.84,549.24,system,NA,0.097,1.13,10.86,0.0,-90.0,0.0,0.0
Negotiation_37,R4,2026-09-07T04:09:19.449110Z,shot_miss,9,130,515,630,643,107,565,516.28,54.37,529.23,agent,NA,0.095,1.13,10.86,0.0,-90.0,99.11,0.0
Negotiation_37,R4,2026-09-07T04:09:19.669866Z,shot_miss,9,145,518,630,643,120,565,501.4,52.41,515.91,agent,NA,0.095,1.13,10.86,0.0,-90.0,99.11,0.0
Negotiation_37,R4,2026-09-07T04:09:19.686930Z,behavior_monitor,9,145,518,630,643,120,565,501.4,52.41,515.91,system,NA,0.095,1.13,10.86,0.0,-90.0,99.11,0.0
Negotiation_37,R4,2026-09-07T04:09:20.197478Z,behavior_monitor,9,174,525,630,643,150,565,471.86,46.99,486.19,system,NA,0.091,1.13,10.86,0.0,-90.0,0.0,0.0
Negotiation_37,R4,2026-09-07T04:09:20.707378Z,behavior_monitor,9,200,544,602,662,177,566,418.59,31.92,435.69,system,NA,0.071,1.13,64.41,127.29,143.2,0.0,0.0
Negotiation_37,R4,2026-09-07T04:09:21.406827Z,shot_hit,9,221,587,518,696,199,582,316.24,23.01,339.06,agent,NA,0.068,1.13,38.92,136.83,160.27,137.65,90.0
Negotiation_37,R4,2026-09-07T04:09:21.407970Z,flight_spawn,10,929,-20,518,696,199,582,826.31,946.92,339.06,system,NA,0.534,2.99,48.08,136.83,160.27,137.65,90.0
Negotiation_37,R4,2026-09-07T04:09:22.431234Z,human_signal,10,956,144,513,727,253,566,731.82,819.76,305.87,human,i_can,0.528,2.99,72.44,133.96,-14.97,76.24,0.0
Negotiation_37,R4,2026-09-07T04:09:22.448087Z,behavior_monitor,10,956,144,513,727,254,566,731.82,818.93,305.05,system,NA,0.528,2.99,72.44,133.96,-14.97,57.18,0.0
Negotiation_37,R4,2026-09-07T04:09:22.959850Z,behavior_monitor,10,1033,186,579,709,283,566,692.52,841.19,328.74,system,NA,0.548,2.99,37.87,134.06,-15.13,57.18,0.0
Negotiation_37,R4,2026-09-07T04:09:23.469117Z,behavior_monitor,10,1104,239,645,697,296,567,648.47,871.84,372.46,system,NA,0.573,2.99,17.15,129.41,0.0,0.0,14.33
Negotiation_37,R4,2026-09-07T04:09:23.977786Z,behavior_monitor,10,1187,271,711,714,295,567,650.43,939.58,440.84,system,NA,0.591,2.99,66.45,135.8,17.65,0.0,131.92
Negotiation_37,R4,2026-09-07T04:09:24.487492Z,behavior_monitor,10,1191,357,777,720,328,567,550.59,888.19,474.6,system,NA,0.617,2.99,123.15,129.41,0.0,76.24,0.0
Negotiation_37,R4,2026-09-07T04:09:24.555458Z,agent_signal,10,1182,369,788,720,333,567,527.21,871.37,480.1,agent,your_turn,0.623,2.99,123.15,129.41,0.0,76.24,0.0
Negotiation_37,R4,2026-09-07T04:09:24.999197Z,behavior_monitor,10,1140,432,843,720,359,566,413.85,792.68,507.94,system,NA,0.657,2.99,123.15,129.41,0.0,57.18,0.0
Negotiation_37,R4,2026-09-07T04:09:25.508200Z,behavior_monitor,10,1090,508,909,720,377,566,279.27,715.4,553.42,system,NA,0.719,2.99,100.76,129.41,0.0,0.0,0.0
Negotiation_37,R4,2026-09-07T04:09:26.013119Z,behavior_monitor,10,1033,571,975,720,389,565,159.7,643.77,606.13,system,NA,0.801,2.99,154.38,129.41,0.0,76.24,0.0
Negotiation_37,R4,2026-09-07T04:09:26.522415Z,behavior_monitor,10,949,605,970,686,428,601,83.43,521.05,549.25,system,NA,0.862,2.99,159.24,140.05,-131.18,130.47,54.25
Negotiation_37,R4,2026-09-07T04:09:27.033007Z,behavior_monitor,10,861,627,907,673,467,623,65.6,393.72,443.14,system,NA,0.857,2.99,160.9,129.41,180.0,130.47,54.25
Negotiation_37,R4,2026-09-07T04:09:27.541722Z,behavior_monitor,10,780,669,842,693,506,663,66.57,273.45,336.69,system,NA,0.804,2.99,161.3,136.99,154.55,76.24,0.0
Negotiation_37,R4,2026-09-07T04:09:28.048005Z,behavior_monitor,10,700,711,783,734,546,706,86.73,153.97,239.1,system,NA,0.64,2.99,173.16,149.42,139.48,138.63,54.25
Negotiation_37,R4,2026-09-07T04:09:28.559654Z,behavior_monitor,10,610,736,739,788,585,730,139.11,25.25,164.08,system,NA,0.154,2.99,150.62,129.35,118.09,123.22,54.25
Negotiation_37,R4,2026-09-07T04:09:28.712930Z,shot_hit,10,583,747,736,809,576,743,164.96,8.17,172.95,agent,NA,0.047,2.99,164.29,97.71,90.0,76.24,180.0
Negotiation_37,R4,2026-09-07T04:09:28.713610Z,flight_spawn,11,798,-20,736,809,576,743,831.52,794.92,172.95,system,NA,0.489,2.83,135.0,97.71,90.0,76.24,180.0
Negotiation_37,R4,2026-09-07T04:09:33.363675Z,agent_signal,11,179,355,710,629,328,565,597.9,257.92,387.89,agent,i_can,0.301,2.83,85.23,83.74,-155.22,76.24,180.0
Negotiation_37,R4,2026-09-07T04:09:33.379642Z,behavior_monitor,11,179,355,710,629,326,565,597.9,256.95,389.55,system,NA,0.301,2.83,85.23,83.9,-155.27,99.11,180.0
Negotiation_37,R4,2026-09-07T04:09:33.891184Z,behavior_monitor,11,199,435,674,607,275,565,505.11,150.48,401.13,system,NA,0.23,2.83,85.2,79.82,-148.22,99.11,180.0
Negotiation_37,R4,2026-09-07T04:09:34.392401Z,behavior_monitor,11,255,491,639,604,231,565,400.14,77.8,409.29,system,NA,0.163,2.83,36.86,38.82,180.0,0.0,180.0
Negotiation_37,R4,2026-09-07T04:09:34.902984Z,behavior_monitor,11,333,524,649,604,282,565,326.2,64.99,369.1,system,NA,0.166,2.83,20.51,84.32,0.0,99.11,0.0
Negotiation_37,R4,2026-09-07T04:09:35.210693Z,shot_miss,11,348,568,673,610,314,565,327.31,34.41,361.68,agent,NA,0.095,2.83,90.52,54.67,90.0,99.11,0.0
Negotiation_37,R4,2026-09-07T04:09:35.413986Z,behavior_monitor,11,346,599,672,624,324,588,327.12,24.39,350.02,system,NA,0.069,2.83,90.52,114.56,106.89,137.65,90.0
Negotiation_37,R4,2026-09-07T04:09:35.584476Z,shot_hit,11,345,629,665,648,326,614,321.23,24.0,341.04,agent,NA,0.07,2.83,119.26,135.45,107.18,137.65,90.0
Negotiation_37,R4,2026-09-07T04:09:35.588608Z,flight_spawn,12,566,-20,665,648,326,614,675.87,678.53,341.04,system,NA,0.501,2.83,135.0,135.45,107.18,137.65,90.0
Negotiation_37,R4,2026-09-07T04:09:38.816694Z,agent_signal,12,181,308,651,734,284,564,634.59,275.83,405.19,agent,i_can,0.303,2.83,161.12,72.64,180.0,76.24,180.0
Negotiation_37,R4,2026-09-07T04:09:38.833969Z,behavior_monitor,12,181,308,651,734,282,564,634.59,275.21,406.72,system,NA,0.302,2.83,161.12,72.64,180.0,99.11,180.0
Negotiation_37,R4,2026-09-07T04:09:39.344953Z,behavior_monitor,12,103,332,629,723,232,564,655.5,264.72,428.28,system,NA,0.288,2.83,162.16,0.0,-133.24,99.11,180.0
Negotiation_37,R4,2026-09-07T04:09:39.857631Z,behavior_monitor,12,23,347,629,723,180,564,714.04,268.39,476.26,system,NA,0.273,2.83,173.18,0.0,-133.24,93.6,180.0
Negotiation_37,R4,2026-09-07T04:09:40.369747Z,behavior_monitor,12,69,358,629,723,130,564,669.08,214.83,524.08,system,NA,0.243,1.72,35.87,0.0,-133.24,99.11,180.0
Negotiation_37,R4,2026-09-07T04:09:40.880555Z,behavior_monitor,12,116,382,629,722,91,563,615.46,183.05,560.61,system,NA,0.229,1.72,16.84,47.17,-90.0,99.11,0.0
Negotiation_37,R4,2026-09-07T04:09:41.391512Z,behavior_monitor,12,147,423,616,686,123,564,538.18,142.83,508.08,system,NA,0.21,1.72,60.47,67.0,-90.0,0.0,0.0
Negotiation_37,R4,2026-09-07T04:09:41.901733Z,behavior_monitor,12,163,469,616,672,141,564,496.05,97.06,486.89,system,NA,0.164,1.72,87.19,0.0,-90.0,0.0,-170.23
Negotiation_37,R4,2026-09-07T04:09:42.415180Z,behavior_monitor,12,191,514,616,672,168,564,453.57,54.71,460.65,system,NA,0.108,1.72,59.65,0.0,-90.0,99.11,0.0
Negotiation_37,R4,2026-09-07T04:09:42.533800Z,shot_miss,12,197,526,616,672,175,564,443.44,44.05,454.1,agent,NA,0.09,1.72,35.76,0.0,-90.0,0.0,0.0
Negotiation_37,R4,2026-09-07T04:09:42.788919Z,shot_hit,12,219,541,619,672,197,564,420.77,32.0,435.83,agent,NA,0.071,1.72,35.76,58.74,0.0,99.11,0.0
Negotiation_37,R4,2026-09-07T04:09:42.789920Z,flight_spawn,13,714,-20,619,672,197,564,698.77,780.03,435.83,system,NA,0.527,3.43,54.32,58.74,0.0,99.11,0.0
Negotiation_37,R4,2026-09-07T04:09:44.337881Z,human_signal,13,790,232,773,650,272,564,418.18,614.83,508.1,human,i_can,0.595,3.43,103.76,124.68,-32.19,76.24,0.0
Negotiation_37,R4,2026-09-07T04:09:44.354489Z,behavior_monitor,13,790,232,773,650,273,564,418.18,614.02,507.14,system,NA,0.595,3.43,103.76,124.42,-32.37,57.18,0.0
Negotiation_37,R4,2026-09-07T04:09:44.780017Z,agent_signal,13,746,310,811,619,296,564,316.7,516.82,517.86,agent,your_turn,0.62,3.43,126.61,78.93,-90.0,57.18,0.0
Negotiation_37,R4,2026-09-07T04:09:44.864865Z,behavior_monitor,13,738,321,811,614,301,564,302.02,500.25,512.43,system,NA,0.624,3.43,126.61,88.17,-90.0,57.18,0.0
Negotiation_37,R4,2026-09-07T04:09:45.376421Z,behavior_monitor,13,743,419,759,587,330,565,168.83,437.45,429.79,system,NA,0.722,3.43,78.94,0.0,180.0,57.18,0.0
Negotiation_37,R4,2026-09-07T04:09:45.887308Z,behavior_monitor,13,725,519,738,581,340,565,62.82,387.9,398.13,system,NA,0.861,3.43,103.69,136.74,-161.16,0.0,0.0
Negotiation_37,R4,2026-09-07T04:09:46.108001Z,shot_hit,13,713,563,709,578,340,565,15.53,373.28,369.55,human,NA,0.96,3.43,103.69,129.41,180.0,0.0,116.79
Negotiation_37,R4,2026-09-07T04:09:46.109103Z,flight_spawn,14,618,-20,709,578,340,565,605.22,647.91,369.55,system,NA,0.517,3.42,54.2,129.41,180.0,0.0,116.79
Negotiation_37,R4,2026-09-07T04:09:47.077830Z,human_signal,14,685,148,747,574,394,565,430.69,508.35,353.13,human,i_can,0.541,3.42,127.43,137.5,0.0,81.0,0.0
Negotiation_37,R4,2026-09-07T04:09:47.093707Z,behavior_monitor,14,685,148,747,574,394,565,430.69,507.79,352.16,system,NA,0.541,3.42,127.43,129.41,0.0,57.18,0.0
Negotiation_37,R4,2026-09-07T04:09:47.605891Z,behavior_monitor,14,604,213,764,553,424,565,375.65,395.91,340.17,system,NA,0.513,3.42,155.74,128.38,-158.31,81.49,-1.74
Negotiation_37,R4,2026-09-07T04:09:48.116098Z,behavior_monitor,14,508,238,720,538,437,565,367.13,334.72,283.76,system,NA,0.477,3.42,176.74,0.0,180.0,0.0,0.0
Negotiation_37,R4,2026-09-07T04:09:48.150197Z,human_signal,14,502,238,720,538,437,565,370.48,333.07,283.76,human,your_turn,0.473,3.42,176.74,0.0,180.0,0.0,0.0
Negotiation_37,R4,2026-09-07T04:09:48.151310Z,human_signal,14,498,238,720,538,437,565,372.3,332.25,283.76,human,your_turn,0.472,3.42,176.74,0.0,180.0,0.0,0.0
Negotiation_37,R4,2026-09-07T04:09:48.626261Z,behavior_monitor,14,408,244,708,538,420,565,420.01,321.73,290.02,system,NA,0.434,3.42,176.74,129.41,180.0,99.11,180.0
Negotiation_37,R4,2026-09-07T04:09:49.137474Z,behavior_monitor,14,309,264,642,541,369,565,433.46,307.35,274.29,system,NA,0.415,3.42,161.98,128.75,160.19,93.6,180.0
Negotiation_37,R4,2026-09-07T04:09:49.511385Z,agent_signal,14,244,309,597,570,332,565,438.89,271.21,264.65,agent,i_can,0.382,3.42,138.83,140.91,137.49,99.11,180.0
Negotiation_37,R4,2026-09-07T04:09:49.648331Z,behavior_monitor,14,227,324,585,582,319,565,441.03,257.65,266.89,system,NA,0.369,3.42,138.83,140.35,132.94,99.11,180.0
Negotiation_37,R4,2026-09-07T04:09:50.158755Z,behavior_monitor,14,153,392,534,632,268,565,449.95,208.06,273.61,system,NA,0.316,3.42,138.83,141.48,141.53,99.11,180.0
Negotiation_37,R4,2026-09-07T04:09:50.669008Z,behavior_monitor,14,85,467,478,679,218,565,446.84,164.61,284.74,system,NA,0.269,3.42,114.05,142.95,137.58,99.11,180.0
Negotiation_37,R4,2026-09-07T04:09:51.181193Z,behavior_monitor,14,23,544,450,722,167,565,462.43,145.19,323.87,system,NA,0.239,2.78,57.49,141.31,132.34,99.11,180.0
Negotiation_37,R4,2026-09-07T04:09:51.691757Z,behavior_monitor,14,64,615,401,776,116,609,373.62,52.88,330.19,system,NA,0.124,2.78,57.75,141.65,132.37,169.61,125.75
Negotiation_37,R4,2026-09-07T04:09:51.896131Z,shot_hit,14,81,646,380,799,95,639,336.39,15.32,327.27,agent,NA,0.044,2.78,57.75,141.65,132.37,169.61,125.75
Negotiation_37,R4,2026-09-07T04:09:51.897312Z,flight_spawn,15,917,-20,380,799,95,639,979.55,1054.48,327.27,system,NA,0.518,2.83,45.0,141.65,132.37,169.61,125.75
Negotiation_37,R4,2026-09-07T04:09:52.899135Z,human_signal,15,1031,98,427,797,109,619,923.8,1059.65,364.23,human,i_can,0.534,2.83,45.0,136.74,-20.43,130.47,-54.25
Negotiation_37,R4,2026-09-07T04:09:52.915988Z,behavior_monitor,15,1031,98,427,797,110,618,923.8,1058.14,364.04,system,NA,0.534,2.83,45.0,136.73,-20.22,97.85,-54.25
Negotiation_37,R4,2026-09-07T04:09:53.425088Z,behavior_monitor,15,1082,163,492,773,139,578,848.25,1030.44,403.81,system,NA,0.548,2.83,68.48,136.26,-19.15,97.85,-54.25
Negotiation_37,R4,2026-09-07T04:09:53.934953Z,behavior_monitor,15,1117,241,558,771,152,566,769.93,1018.32,455.46,system,NA,0.569,2.83,42.58,134.73,16.16,0.0,-155.7
Negotiation_37,R4,2026-09-07T04:09:54.447725Z,behavior_monitor,15,1192,274,623,796,151,566,771.99,1080.99,525.15,system,NA,0.583,2.83,18.06,137.4,25.27,0.0,-165.84
Negotiation_37,R4,2026-09-07T04:09:54.892366Z,agent_signal,15,1257,308,682,814,172,566,765.44,1114.77,567.0,agent,your_turn,0.593,2.83,46.39,129.41,0.0,76.24,0.0
Negotiation_37,R4,2026-09-07T04:09:54.960509Z,behavior_monitor,15,1262,315,689,814,176,565,760.61,1114.95,569.57,system,NA,0.594,2.83,46.39,129.41,0.0,57.18,0.0
Negotiation_37,R4,2026-09-07T04:09:55.471590Z,behavior_monitor,15,1308,376,750,814,203,565,709.1,1121.2,600.96,system,NA,0.613,2.83,44.12,129.41,0.0,57.18,0.0
Negotiation_37,R4,2026-09-07T04:09:55.980466Z,behavior_monitor,15,1332,448,816,814,213,565,632.26,1124.46,652.07,system,NA,0.64,2.83,94.1,137.5,0.0,0.0,93.56
Negotiation_37,R4,2026-09-07T04:09:56.488643Z,behavior_monitor,15,1328,532,879,814,213,565,530.36,1115.05,710.11,system,NA,0.678,2.83,88.5,122.22,0.0,0.0,93.56
Negotiation_37,R4,2026-09-07T04:09:56.994450Z,behavior_monitor,15,1350,609,932,811,242,594,463.82,1107.93,723.87,system,NA,0.705,2.83,60.84,129.41,0.0,130.47,54.25
Negotiation_37,R4,2026-09-07T04:09:57.505371Z,behavior_monitor,15,1363,691,998,811,280,648,383.94,1083.7,736.59,system,NA,0.738,2.83,90.38,129.41,0.0,130.47,54.25
Negotiation_37,R4,2026-09-07T04:09:58.014734Z,behavior_monitor,15,1369,775,1064,811,319,702,307.33,1053.34,753.67,system,NA,0.774,2.83,69.56,129.41,0.0,130.47,54.25
Negotiation_37,R4,2026-09-07T04:09:58.525108Z,behavior_monitor,15,1401,854,1130,811,358,756,273.7,1047.53,774.58,system,NA,0.793,2.83,69.56,129.41,0.0,130.47,54.25
Negotiation_37,R4,2026-09-07T04:09:59.033215Z,behavior_monitor,15,1430,933,1176,811,397,810,281.63,1040.83,779.45,system,NA,0.787,2.83,41.35,0.0,0.0,130.47,54.25
Negotiation_37,R4,2026-09-07T04:09:59.187235Z,flight_missed,15,1448,952,1176,811,410,828,305.96,1045.8,766.66,system,NA,0.774,2.26,124.28,0.0,0.0,130.47,54.25
Negotiation_37,R4,2026-09-07T04:09:59.187855Z,flight_spawn,16,622,-20,1176,811,410,828,999.51,874.32,766.66,system,NA,0.467,3.5,55.11,0.0,0.0,130.47,54.25
Negotiation_37,R4,2026-09-07T04:10:01.523182Z,agent_signal,16,683,389,1084,615,568,608,460.37,246.95,515.95,agent,i_can,0.349,3.5,99.05,128.74,-90.0,137.11,-58.3
Negotiation_37,R4,2026-09-07T04:10:01.540043Z,behavior_monitor,16,683,389,1084,615,570,605,460.37,244.1,514.3,system,NA,0.346,3.5,99.05,120.24,-90.0,169.61,-54.25
Negotiation_37,R4,2026-09-07T04:10:02.050916Z,behavior_monitor,16,694,492,1095,571,621,566,409.17,104.48,474.57,system,NA,0.203,3.5,76.63,91.92,-34.25,99.11,0.0
Negotiation_37,R4,2026-09-07T04:10:02.494299Z,shot_miss,16,714,583,1139,556,666,575,426.33,47.96,473.08,agent,NA,0.101,3.5,76.63,121.9,0.0,169.61,54.25
Negotiation_37,R4,2026-09-07T04:10:02.562069Z,behavior_monitor,16,715,594,1145,556,671,582,431.84,45.26,474.71,system,NA,0.095,3.5,76.63,124.73,0.0,169.61,54.25
Negotiation_37,R4,2026-09-07T04:10:02.758794Z,shot_miss,16,723,634,1171,556,692,610,454.6,39.88,482.58,agent,NA,0.081,3.5,76.63,126.62,0.0,169.61,54.25
Negotiation_37,R4,2026-09-07T04:10:03.063896Z,behavior_monitor,16,741,691,1172,580,718,650,445.46,46.68,459.07,system,NA,0.095,3.5,72.82,129.41,90.0,169.61,54.25
Negotiation_37,R4,2026-09-07T04:10:03.115068Z,shot_miss,16,745,704,1172,588,721,659,443.02,51.35,457.0,agent,NA,0.104,3.5,72.82,129.41,90.0,169.61,54.25
Negotiation_37,R4,2026-09-07T04:10:03.574855Z,behavior_monitor,16,783,785,1172,646,759,720,412.76,69.2,419.39,system,NA,0.144,3.5,54.86,129.41,90.0,169.61,54.25
Negotiation_37,R4,2026-09-07T04:10:04.085180Z,behavior_monitor,16,817,878,1172,712,796,790,392.43,90.6,383.88,system,NA,0.188,3.5,74.6,129.41,90.0,137.65,90.0
Negotiation_37,R4,2026-09-07T04:10:04.442661Z,flight_missed,16,816,953,1172,715,795,842,428.16,113.63,398.09,system,NA,0.21,3.5,74.3,0.0,90.0,137.65,90.0
Negotiation_37,R4,2026-09-07T04:10:04.443695Z,flight_spawn,17,910,-20,1172,715,795,842,780.96,869.84,398.09,system,NA,0.527,3.41,54.06,0.0,90.0,137.65,90.0
Negotiation_37,R4,2026-09-07T04:10:05.598214Z,human_signal,17,920,202,1083,628,855,760,456.85,561.78,263.45,human,i_can,0.552,3.41,54.33,138.3,-135.92,0.0,-54.25
Negotiation_37,R4,2026-09-07T04:10:05.615304Z,behavior_monitor,17,920,202,1083,628,855,760,456.85,561.78,263.45,system,NA,0.552,3.41,54.33,138.76,-135.73,0.0,-54.25
Negotiation_37,R4,2026-09-07T04:10:06.125244Z,behavior_monitor,17,978,285,1039,578,866,745,299.49,473.89,240.61,system,NA,0.613,3.41,54.33,100.96,-90.0,97.85,-54.25
Negotiation_37,R4,2026-09-07T04:10:06.633617Z,behavior_monitor,17,1040,368,1043,524,879,726,156.18,392.88,260.24,system,NA,0.716,3.41,54.33,117.31,-54.38,0.0,57.05
Negotiation_37,R4,2026-09-07T04:10:06.973583Z,agent_signal,17,1063,433,1076,491,879,726,59.6,346.02,306.38,agent,your_turn,0.853,3.41,83.67,139.95,-35.38,0.0,57.05
Negotiation_37,R4,2026-09-07T04:10:07.143017Z,behavior_monitor,17,1065,464,1094,480,889,712,33.87,304.17,309.79,system,NA,0.9,3.41,83.67,138.46,-30.37,97.85,-54.25
Negotiation_37,R4,2026-09-07T04:10:07.279468Z,shot_miss,17,1068,491,1099,475,897,701,34.6,271.22,303.35,human,NA,0.887,3.41,83.67,0.0,-90.0,109.43,-57.61
Negotiation_37,R4,2026-09-07T04:10:07.653759Z,behavior_monitor,17,1046,562,1057,500,919,672,62.91,167.79,220.31,system,NA,0.727,3.41,108.8,142.52,114.77,97.85,-54.25
Negotiation_37,R4,2026-09-07T04:10:08.164865Z,behavior_monitor,17,1031,661,1059,564,924,665,100.19,107.56,168.21,system,NA,0.518,3.41,82.08,140.54,43.03,0.0,-53.85
Negotiation_37,R4,2026-09-07T04:10:08.487533Z,human_signal,17,1011,722,1093,593,932,677,152.6,90.93,180.93,human,your_turn,0.373,3.41,109.04,137.19,51.52,130.47,54.25
Negotiation_37,R4,2026-09-07T04:10:08.488214Z,human_signal,17,1010,725,1094,595,932,677,154.9,91.92,181.31,human,your_turn,0.372,3.41,109.04,137.19,51.52,130.47,54.25
Negotiation_37,R4,2026-09-07T04:10:08.674714Z,behavior_monitor,17,997,755,1106,615,951,702,177.93,70.3,178.72,system,NA,0.283,3.41,133.1,137.85,63.93,169.61,54.25
Negotiation_37,R4,2026-09-07T04:10:09.186523Z,behavior_monitor,17,941,836,1104,680,931,773,225.6,63.6,196.85,system,NA,0.22,3.41,158.94,138.23,110.58,169.61,125.75
Negotiation_37,R4,2026-09-07T04:10:09.407564Z,agent_signal,17,895,844,1092,709,909,804,239.36,42.99,206.78,agent,i_can,0.152,3.41,176.82,141.01,113.4,169.61,125.75
Negotiation_37,R4,2026-09-07T04:10:09.457458Z,shot_miss,17,886,845,1089,718,902,813,238.96,35.57,209.65,agent,NA,0.13,3.41,176.82,149.82,113.4,180.21,125.75
Negotiation_37,R4,2026-09-07T04:10:09.693815Z,behavior_monitor,17,841,851,1076,746,881,843,257.14,39.98,218.27,system,NA,0.135,3.41,155.64,141.36,113.73,169.61,125.75
Negotiation_37,R4,2026-09-07T04:10:09.694407Z,shot_miss,17,838,852,1075,749,879,845,259.4,41.88,218.98,agent,NA,0.139,3.41,155.64,141.36,113.73,169.61,125.75
Negotiation_37,R4,2026-09-07T04:10:10.000469Z,shot_miss,17,790,886,1048,782,849,881,278.04,59.06,222.06,agent,NA,0.175,3.41,134.04,143.51,142.41,169.61,125.75
Negotiation_37,R4,2026-09-07T04:10:10.203880Z,behavior_monitor,17,785,919,1026,798,830,906,269.35,46.64,223.82,system,NA,0.148,3.41,64.69,144.34,143.29,169.61,125.75
Negotiation_37,R4,2026-09-07T04:10:10.408384Z,flight_missed,17,812,953,1000,817,808,910,232.18,43.18,213.28,system,NA,0.157,3.41,67.28,144.44,142.72,99.11,180.0
Negotiation_37,R4,2026-09-07T04:10:10.409518Z,flight_spawn,18,860,-20,1000,817,808,910,849.35,931.44,213.28,system,NA,0.523,2.97,47.65,144.44,142.72,99.11,180.0
Negotiation_37,R4,2026-09-07T04:10:11.242220Z,human_signal,18,911,112,980,738,846,858,629.75,748.32,179.18,human,i_can,0.543,2.97,74.21,129.41,-90.0,130.47,-54.25
Negotiation_37,R4,2026-09-07T04:10:11.259468Z,behavior_monitor,18,911,112,980,738,847,856,629.75,746.89,177.56,system,NA,0.543,2.97,74.21,129.41,-90.0,97.85,-54.25
Negotiation_37,R4,2026-09-07T04:10:11.765965Z,behavior_monitor,18,963,185,983,672,876,816,488.11,636.86,178.54,system,NA,0.566,2.97,74.66,139.02,-66.73,97.85,-54.25
Negotiation_37,R4,2026-09-07T04:10:12.273736Z,behavior_monitor,18,1025,241,1028,617,890,796,376.4,572.06,226.35,system,NA,0.603,2.97,77.21,141.58,-43.36,0.0,160.92
Negotiation_37,R4,2026-09-07T04:10:12.784791Z,behavior_monitor,18,982,308,1068,572,890,796,277.8,497.49,287.06,system,NA,0.642,2.97,105.67,101.7,-120.37,0.0,160.92
Negotiation_37,R4,2026-09-07T04:10:12.785672Z,agent_signal,18,982,310,1067,570,890,796,273.42,494.67,287.69,agent,your_turn,0.644,2.97,77.38,101.7,-120.37,0.0,160.92
Negotiation_37,R4,2026-09-07T04:10:13.294733Z,behavior_monitor,18,993,394,1013,534,918,756,140.56,369.21,241.77,system,NA,0.724,2.97,77.38,141.6,-141.79,97.85,-54.25
Negotiation_37,R4,2026-09-07T04:10:13.738722Z,shot_miss,18,1012,469,1011,504,932,735,35.63,277.87,243.69,human,NA,0.886,2.97,55.48,134.23,-15.4,29.57,-100.59
Negotiation_37,R4,2026-09-07T04:10:13.807501Z,behavior_monitor,18,1017,479,1020,503,932,735,24.29,270.51,248.53,system,NA,0.918,2.97,55.48,129.41,0.0,0.0,116.08
Negotiation_37,R4,2026-09-07T04:10:14.165175Z,shot_hit,18,1072,495,1048,485,932,735,26.16,277.51,275.0,human,NA,0.914,2.97,29.99,86.35,-52.88,0.0,-81.95
Negotiation_37,R4,2026-09-07T04:10:14.166569Z,flight_spawn,19,896,-20,1048,485,932,735,528.26,756.52,275.0,system,NA,0.589,2.93,133.05,86.35,-52.88,0.0,-81.95
Negotiation_37,R4,2026-09-07T04:10:15.748954Z,human_signal,19,766,201,956,453,839,607,316.24,412.46,193.17,human,i_can,0.566,2.93,158.63,129.41,180.0,130.47,-125.75
Negotiation_37,R4,2026-09-07T04:10:15.765992Z,behavior_monitor,19,766,201,956,453,838,605,316.24,410.96,192.7,system,NA,0.565,2.93,158.63,133.65,165.54,97.85,-125.75
Negotiation_37,R4,2026-09-07T04:10:16.277443Z,behavior_monitor,19,680,235,890,471,809,566,316.77,355.75,125.32,system,NA,0.529,2.93,154.04,134.41,164.33,57.18,180.0
Negotiation_37,R4,2026-09-07T04:10:16.736258Z,human_signal,19,635,293,921,492,795,567,348.81,316.88,146.63,human,your_turn,0.476,2.93,103.36,138.04,42.18,0.0,60.85
Negotiation_37,R4,2026-09-07T04:10:16.737341Z,human_signal,19,634,296,923,494,795,567,350.36,314.96,147.22,human,your_turn,0.473,2.93,103.36,138.35,44.31,0.0,60.85
Negotiation_37,R4,2026-09-07T04:10:16.787078Z,behavior_monitor,19,632,302,926,497,790,567,352.94,308.2,152.88,system,NA,0.466,2.93,103.36,138.01,47.98,99.11,180.0
Negotiation_37,R4,2026-09-07T04:10:17.247008Z,agent_signal,19,584,368,948,556,744,564,409.19,253.19,203.6,agent,i_can,0.382,2.93,130.7,124.81,90.0,99.11,180.0
Negotiation_37,R4,2026-09-07T04:10:17.298182Z,behavior_monitor,19,581,372,946,560,739,564,410.89,248.65,207.21,system,NA,0.377,2.93,130.7,133.66,108.93,99.11,180.0
Negotiation_37,R4,2026-09-07T04:10:17.808137Z,behavior_monitor,19,522,439,906,621,688,564,424.72,208.03,225.09,system,NA,0.329,2.93,130.7,144.15,126.56,99.11,180.0
Negotiation_37,R4,2026-09-07T04:10:18.318160Z,behavior_monitor,19,443,471,862,679,637,565,467.99,216.25,251.77,system,NA,0.316,2.93,153.76,143.14,128.93,99.11,180.0
Negotiation_37,R4,2026-09-07T04:10:18.829882Z,behavior_monitor,19,362,510,810,731,587,564,499.45,231.28,278.36,system,NA,0.317,2.93,153.76,145.01,139.97,99.11,180.0
Negotiation_37,R4,2026-09-07T04:10:19.339628Z,behavior_monitor,19,279,535,751,773,536,564,528.15,258.77,298.97,system,NA,0.329,2.93,177.54,140.75,149.04,99.11,180.0
Negotiation_37,R4,2026-09-07T04:10:19.850846Z,behavior_monitor,19,193,544,686,802,486,564,556.51,293.57,310.68,system,NA,0.345,2.93,175.06,134.91,163.59,99.11,180.0
Negotiation_37,R4,2026-09-07T04:10:20.361535Z,behavior_monitor,19,129,590,620,804,435,586,535.7,306.45,285.77,system,NA,0.364,2.93,160.85,129.41,180.0,169.61,125.75
Negotiation_37,R4,2026-09-07T04:10:20.871383Z,behavior_monitor,19,53,631,555,808,385,626,532.85,332.23,249.27,system,NA,0.384,2.93,106.27,77.6,149.74,169.61,125.75
Negotiation_37,R4,2026-09-07T04:10:21.381939Z,behavior_monitor,19,56,717,584,790,334,696,533.4,279.05,267.32,system,NA,0.343,2.93,80.79,133.58,-32.23,169.61,125.75
Negotiation_37,R4,2026-09-07T04:10:21.893411Z,behavior_monitor,19,94,794,637,749,284,766,544.8,191.82,353.63,system,NA,0.26,2.93,59.99,94.72,-55.03,169.61,125.75
Negotiation_37,R4,2026-09-07T04:10:22.880534Z,flight_missed,19,77,953,646,737,184,904,608.3,117.77,490.85,system,NA,0.162,2.93,104.69,0.0,-47.37,169.61,125.75
Negotiation_37,R4,2026-09-07T04:10:22.881629Z,flight_spawn,20,541,-20,646,737,184,904,765.24,990.76,490.85,system,NA,0.564,3.03,48.67,0.0,-47.37,169.61,125.75
Negotiation_37,R4,2026-09-07T04:10:24.424224Z,human_signal,20,708,182,739,737,280,771,556.53,728.5,460.14,human,i_can,0.567,3.03,73.12,129.41,0.0,130.47,-54.25
Negotiation_37,R4,2026-09-07T04:10:24.440909Z,behavior_monitor,20,708,182,739,737,281,770,556.53,726.84,459.08,system,NA,0.566,3.03,73.12,129.41,0.0,97.85,-54.25
Negotiation_37,R4,2026-09-07T04:10:24.953315Z,behavior_monitor,20,700,272,805,717,311,729,457.22,600.36,493.49,system,NA,0.568,3.03,96.56,140.88,-27.75,97.85,-54.25
Negotiation_37,R4,2026-09-07T04:10:25.021794Z,human_signal,20,700,287,815,711,315,724,439.7,582.38,500.18,human,i_can,0.57,3.03,96.56,133.4,-28.54,92.42,-54.25
Negotiation_37,R4,2026-09-07T04:10:25.158222Z,agent_signal,20,697,311,832,702,323,713,413.51,548.99,509.02,agent,your_turn,0.57,3.03,96.56,141.8,-29.3,97.85,-54.25
Negotiation_37,R4,2026-09-07T04:10:25.464072Z,behavior_monitor,20,683,359,838,679,340,688,355.82,475.35,498.19,system,NA,0.572,3.03,121.99,104.68,-138.28,97.85,-54.25
Negotiation_37,R4,2026-09-07T04:10:25.971073Z,behavior_monitor,20,636,436,773,667,366,651,268.85,345.03,407.61,system,NA,0.562,3.03,145.37,129.41,180.0,0.0,-55.09
Negotiation_37,R4,2026-09-07T04:10:26.477307Z,behavior_monitor,20,562,488,707,667,366,651,230.54,255.09,341.82,system,NA,0.525,3.03,146.73,129.41,180.0,0.0,-43.39
Negotiation_37,R4,2026-09-07T04:10:26.986227Z,behavior_monitor,20,485,538,662,667,376,637,219.0,147.05,287.44,system,NA,0.402,3.03,146.73,0.0,180.0,130.47,-54.25
Negotiation_37,R4,2026-09-07T04:10:26.986779Z,human_signal,20,483,540,662,667,376,637,219.85,144.27,287.44,human,i_can,0.396,3.03,146.73,0.0,180.0,130.47,-54.25
Negotiation_37,R4,2026-09-07T04:10:27.292095Z,human_signal,20,438,556,662,667,394,612,250.46,71.27,274.08,human,your_turn,0.222,3.03,173.67,0.0,180.0,97.85,-54.25
Negotiation_37,R4,2026-09-07T04:10:27.292633Z,human_signal,20,435,556,662,667,394,612,252.9,69.25,274.08,human,your_turn,0.215,3.03,173.67,0.0,180.0,97.85,-54.25
Negotiation_37,R4,2026-09-07T04:10:27.496729Z,behavior_monitor,20,403,560,662,667,392,584,280.17,26.46,282.7,system,NA,0.086,3.03,173.67,0.0,180.0,160.19,-125.75
Negotiation_37,R4,2026-09-07T04:10:27.531601Z,shot_hit,20,393,561,657,667,387,577,284.38,17.11,284.81,agent,NA,0.057,3.03,173.67,85.89,180.0,169.61,-125.75
Negotiation_37,R5,2026-09-07T04:11:10.256381Z,flight_spawn,1,624,-20,657,667,387,577,688.54,642.72,284.81,system,NA,0.483,3.32,127.08,0.0,180.0,0.0,-125.75
Negotiation_37,R5,2026-09-07T04:11:15.922994Z,agent_signal,1,297,335,990,765,306,565,815.69,230.17,712.71,agent,i_can,0.22,3.32,76.37,0.0,-90.0,76.24,180.0
Negotiation_37,R5,2026-09-07T04:11:15.939718Z,behavior_monitor,1,297,335,990,765,304,565,815.69,230.11,714.33,system,NA,0.22,3.32,76.37,0.0,-90.0,99.11,180.0
Negotiation_37,R5,2026-09-07T04:11:16.450828Z,behavior_monitor,1,356,412,965,756,323,565,700.02,156.89,670.2,system,NA,0.183,3.32,27.54,0.0,-148.01,99.11,0.0
Negotiation_37,R5,2026-09-07T04:11:16.962675Z,behavior_monitor,1,444,454,982,756,373,565,616.36,131.44,637.59,system,NA,0.176,3.32,20.29,0.0,0.0,99.11,0.0
Negotiation_37,R5,2026-09-07T04:11:17.475553Z,behavior_monitor,1,526,506,926,777,424,565,483.11,118.06,545.26,system,NA,0.196,3.32,41.07,139.12,156.15,99.11,0.0
Negotiation_37,R5,2026-09-07T04:11:17.985847Z,behavior_monitor,1,574,591,861,806,474,582,359.06,100.06,447.14,system,NA,0.218,3.32,94.76,132.38,157.41,160.19,54.25
Negotiation_37,R5,2026-09-07T04:11:18.497030Z,behavior_monitor,1,548,685,798,834,525,652,291.47,39.97,328.45,system,NA,0.121,3.32,115.07,120.53,117.65,169.61,54.25
Negotiation_37,R5,2026-09-07T04:11:18.531790Z,shot_miss,1,544,694,798,840,525,659,292.8,39.81,327.78,agent,NA,0.12,3.32,139.87,113.45,90.0,137.65,90.0
Negotiation_37,R5,2026-09-07T04:11:18.754149Z,shot_hit,1,509,716,803,844,504,690,321.36,26.41,336.56,agent,NA,0.076,3.32,168.51,49.32,0.0,169.61,125.75
Negotiation_37,R5,2026-09-07T04:11:18.754811Z,flight_spawn,2,509,-20,803,844,504,690,913.13,710.05,336.56,system,NA,0.437,3.46,125.26,49.32,0.0,169.61,125.75
Negotiation_37,R5,2026-09-07T04:11:20.012903Z,human_signal,2,302,106,847,771,445,607,859.54,521.14,433.87,human,your_turn,0.377,3.46,170.75,94.05,-57.67,0.0,-125.75
Negotiation_37,R5,2026-09-07T04:11:20.013573Z,behavior_monitor,2,302,106,847,771,445,607,859.54,521.14,433.87,system,NA,0.377,3.46,170.75,89.23,-57.72,0.0,-125.75
Negotiation_37,R5,2026-09-07T04:11:20.013919Z,human_signal,2,299,106,847,769,445,607,860.69,521.51,434.15,human,your_turn,0.377,3.46,170.75,89.23,-57.72,0.0,-125.75
Negotiation_37,R5,2026-09-07T04:11:20.523960Z,behavior_monitor,2,198,122,854,728,394,565,892.01,483.85,487.65,system,NA,0.352,3.46,170.75,116.36,-135.31,99.11,180.0
Negotiation_37,R5,2026-09-07T04:11:21.032397Z,behavior_monitor,2,97,143,806,695,343,565,899.27,488.51,481.18,system,NA,0.352,3.46,165.63,111.34,-149.08,99.11,180.0
Negotiation_37,R5,2026-09-07T04:11:21.542119Z,behavior_monitor,2,34,165,787,685,293,564,914.76,475.76,508.17,system,NA,0.342,2.12,11.59,0.0,180.0,99.11,180.0
Negotiation_37,R5,2026-09-07T04:11:22.053071Z,behavior_monitor,2,94,181,785,685,242,564,855.6,410.5,556.51,system,NA,0.324,2.12,6.12,33.68,180.0,99.11,180.0
Negotiation_37,R5,2026-09-07T04:11:22.563804Z,behavior_monitor,2,161,194,783,685,192,564,791.83,370.6,602.8,system,NA,0.319,2.12,18.72,0.0,180.0,99.11,180.0
Negotiation_37,R5,2026-09-07T04:11:23.074108Z,behavior_monitor,2,220,215,808,685,194,564,752.56,349.84,625.93,system,NA,0.317,2.12,18.72,75.03,0.0,99.11,0.0
Negotiation_37,R5,2026-09-07T04:11:23.583942Z,behavior_monitor,2,283,232,833,685,244,564,712.67,333.95,601.29,system,NA,0.319,2.12,13.64,34.24,0.0,99.11,0.0
Negotiation_37,R5,2026-09-07T04:11:24.094605Z,behavior_monitor,2,345,247,858,685,295,564,674.44,320.76,575.93,system,NA,0.322,2.12,13.64,53.25,0.0,105.3,0.0
Negotiation_37,R5,2026-09-07T04:11:24.605316Z,behavior_monitor,2,382,294,872,685,345,564,626.84,272.07,540.63,system,NA,0.303,2.12,29.69,0.0,0.0,99.11,0.0
Negotiation_37,R5,2026-09-07T04:11:25.217227Z,agent_signal,2,426,351,900,685,401,563,580.27,213.94,513.44,agent,i_can,0.269,2.12,54.63,92.67,0.0,0.0,0.0
Negotiation_37,R5,2026-09-07T04:11:25.234231Z,behavior_monitor,2,426,351,900,685,403,563,580.27,213.76,511.81,system,NA,0.269,2.12,54.63,92.67,0.0,99.11,0.0
Negotiation_37,R5,2026-09-07T04:11:25.739233Z,behavior_monitor,2,466,403,945,685,443,563,555.77,162.25,515.87,system,NA,0.226,2.12,54.63,76.11,0.0,99.11,0.0
Negotiation_37,R5,2026-09-07T04:11:26.241029Z,behavior_monitor,2,524,411,987,685,492,563,537.37,155.41,509.18,system,NA,0.224,2.12,0.21,100.4,0.0,99.11,0.0
Negotiation_37,R5,2026-09-07T04:11:26.747898Z,behavior_monitor,2,550,457,1041,685,529,563,540.57,108.37,525.39,system,NA,0.167,2.12,99.7,106.19,0.0,0.0,0.0
Negotiation_37,R5,2026-09-07T04:11:27.257662Z,behavior_monitor,2,566,519,1095,685,543,564,553.85,50.79,565.09,system,NA,0.084,2.12,75.19,106.19,0.0,0.0,0.0
Negotiation_37,R5,2026-09-07T04:11:27.393167Z,shot_miss,2,572,537,1111,685,549,564,558.42,35.06,574.38,agent,NA,0.059,2.12,75.19,106.19,0.0,0.0,0.0
Negotiation_37,R5,2026-09-07T04:11:27.630435Z,shot_hit,2,575,566,1136,685,553,564,573.89,21.94,595.71,agent,NA,0.037,2.12,102.87,105.18,0.0,0.0,0.0
Negotiation_37,R5,2026-09-07T04:11:27.631002Z,flight_spawn,3,1259,-20,1136,685,553,564,715.71,916.26,595.71,system,NA,0.561,2.83,45.0,105.18,0.0,0.0,0.0
Negotiation_37,R5,2026-09-07T04:11:28.557270Z,human_signal,3,1335,102,1166,685,590,564,606.94,876.62,588.26,human,i_can,0.591,2.83,63.1,129.41,0.0,76.24,0.0
Negotiation_37,R5,2026-09-07T04:11:28.573822Z,behavior_monitor,3,1335,102,1166,685,591,564,606.94,875.79,587.31,system,NA,0.591,2.83,63.1,129.41,0.0,57.18,0.0
Negotiation_37,R5,2026-09-07T04:11:29.080995Z,behavior_monitor,3,1410,149,1230,662,620,564,543.88,891.65,617.38,system,NA,0.621,2.83,36.47,140.0,-29.15,57.18,0.0
Negotiation_37,R5,2026-09-07T04:11:29.591042Z,behavior_monitor,3,1448,222,1293,629,634,564,436.19,882.73,662.09,system,NA,0.669,2.83,66.39,137.54,-26.09,0.0,0.0
Negotiation_37,R5,2026-09-07T04:11:30.101602Z,behavior_monitor,3,1446,300,1358,614,634,564,325.97,853.24,725.71,system,NA,0.724,2.64,90.89,129.41,0.0,0.0,-17.38
Negotiation_37,R5,2026-09-07T04:11:30.409440Z,agent_signal,3,1440,347,1395,608,648,564,264.28,821.23,747.89,agent,your_turn,0.757,2.51,104.39,105.59,-31.9,76.24,0.0
Negotiation_37,R5,2026-09-07T04:11:30.614673Z,behavior_monitor,3,1427,373,1409,595,660,564,222.88,790.8,749.61,system,NA,0.78,2.51,129.74,99.67,-50.83,57.18,0.0
Negotiation_37,R5,2026-09-07T04:11:31.124244Z,behavior_monitor,3,1379,430,1390,549,690,564,118.79,701.88,700.67,system,NA,0.855,2.51,129.74,137.32,-147.24,57.18,0.0
Negotiation_37,R5,2026-09-07T04:11:31.634889Z,behavior_monitor,3,1314,455,1328,516,692,565,63.33,631.07,637.7,system,NA,0.909,2.51,177.98,134.74,-163.84,0.0,73.71
Negotiation_37,R5,2026-09-07T04:11:32.145552Z,behavior_monitor,3,1237,457,1262,516,695,565,63.44,553.22,569.67,system,NA,0.897,2.51,177.98,129.41,180.0,76.24,0.0
Negotiation_37,R5,2026-09-07T04:11:32.656536Z,behavior_monitor,3,1182,498,1196,516,733,565,23.03,453.67,465.66,system,NA,0.952,2.51,132.83,129.41,180.0,76.24,0.0
Negotiation_37,R5,2026-09-07T04:11:32.809794Z,shot_hit,3,1161,510,1176,516,745,565,16.34,420.01,434.39,human,NA,0.963,2.51,154.36,129.41,180.0,76.24,0.0
Negotiation_37,R5,2026-09-07T04:11:32.810763Z,flight_spawn,4,238,-20,1176,516,745,565,1080.49,773.89,434.39,system,NA,0.417,2.83,45.0,129.41,180.0,76.24,0.0
Negotiation_37,R5,2026-09-07T04:11:36.243264Z,human_signal,4,647,289,1008,709,621,564,553.31,275.88,413.94,human,your_turn,0.333,2.83,37.82,84.42,53.84,76.24,0.0
Negotiation_37,R5,2026-09-07T04:11:36.243817Z,behavior_monitor,4,647,289,1008,709,621,564,553.31,275.88,413.94,system,NA,0.333,2.83,37.82,84.42,53.84,76.24,0.0
Negotiation_37,R5,2026-09-07T04:11:36.244141Z,human_signal,4,650,291,1009,710,621,564,551.86,274.38,415.08,human,your_turn,0.332,2.83,37.82,84.42,53.84,76.24,0.0
Negotiation_37,R5,2026-09-07T04:11:36.753109Z,behavior_monitor,4,704,350,1009,713,672,564,473.83,215.74,368.52,system,NA,0.313,2.83,59.18,0.0,90.0,99.11,0.0
Negotiation_37,R5,2026-09-07T04:11:37.041070Z,agent_signal,4,743,384,1024,713,701,564,432.15,184.98,355.56,agent,i_can,0.3,2.83,35.28,75.87,0.0,99.11,0.0
Negotiation_37,R5,2026-09-07T04:11:37.262101Z,behavior_monitor,4,765,409,1045,713,723,564,412.87,160.77,354.69,system,NA,0.28,2.83,64.8,122.47,0.0,99.11,0.0
Negotiation_37,R5,2026-09-07T04:11:37.773350Z,behavior_monitor,4,797,487,1109,713,773,565,385.22,81.71,367.48,system,NA,0.175,2.83,90.57,129.41,0.0,108.93,8.89
Negotiation_37,R5,2026-09-07T04:11:38.276319Z,behavior_monitor,4,835,559,1173,713,810,565,371.15,25.93,392.15,system,NA,0.065,2.83,38.85,129.41,0.0,105.51,-6.5
Negotiation_37,R5,2026-09-07T04:11:38.277811Z,shot_hit,4,837,561,1175,713,812,565,370.52,26.0,392.63,agent,NA,0.066,2.83,38.85,129.41,0.0,105.51,-6.5
Negotiation_37,R5,2026-09-07T04:11:38.278202Z,flight_spawn,5,940,-20,1175,713,812,565,770.04,599.02,392.63,system,NA,0.438,3.42,54.22,129.41,0.0,105.51,-6.5
Negotiation_37,R5,2026-09-07T04:11:39.144690Z,human_signal,5,1038,122,1141,713,855,564,599.42,477.96,322.02,human,i_can,0.444,3.42,54.03,0.0,180.0,76.24,0.0
Negotiation_37,R5,2026-09-07T04:11:39.161051Z,behavior_monitor,5,1038,122,1141,713,856,564,599.42,477.59,321.16,system,NA,0.443,3.42,54.03,0.0,180.0,57.18,0.0
Negotiation_37,R5,2026-09-07T04:11:39.670619Z,behavior_monitor,5,1106,193,1170,700,885,564,511.22,431.84,315.46,system,NA,0.458,3.42,52.86,130.07,-22.72,57.18,0.0
Negotiation_37,R5,2026-09-07T04:11:40.184509Z,behavior_monitor,5,1169,269,1234,675,898,564,411.26,400.77,354.21,system,NA,0.494,3.42,28.13,131.12,-26.49,0.0,126.8
Negotiation_37,R5,2026-09-07T04:11:40.693830Z,behavior_monitor,5,1248,330,1285,634,898,565,306.83,421.94,393.76,system,NA,0.579,3.42,35.36,130.24,-42.05,0.0,22.27
Negotiation_37,R5,2026-09-07T04:11:41.186649Z,agent_signal,5,1327,392,1339,589,935,565,197.38,428.04,404.07,agent,your_turn,0.684,3.42,62.77,139.6,-30.3,76.24,0.0
Negotiation_37,R5,2026-09-07T04:11:41.203495Z,behavior_monitor,5,1327,392,1339,589,936,565,197.38,427.15,403.1,system,NA,0.684,3.42,62.77,139.04,-28.99,57.18,0.0
Negotiation_37,R5,2026-09-07T04:11:41.713101Z,behavior_monitor,5,1333,488,1386,569,965,564,96.29,376.57,421.4,system,NA,0.796,3.42,113.93,0.0,-90.0,57.18,0.0
Negotiation_37,R5,2026-09-07T04:11:42.223198Z,behavior_monitor,5,1288,578,1326,569,978,564,38.37,310.52,347.58,system,NA,0.89,3.42,134.97,129.41,180.0,0.0,0.0
Negotiation_37,R5,2026-09-07T04:11:42.257548Z,shot_miss,5,1284,583,1321,569,978,564,40.01,306.11,343.18,human,NA,0.884,3.42,134.97,129.41,180.0,0.0,0.0
Negotiation_37,R5,2026-09-07T04:11:42.732411Z,behavior_monitor,5,1199,627,1274,573,978,564,92.36,229.3,295.31,system,NA,0.713,3.42,174.93,133.83,165.23,0.0,-56.12
Negotiation_37,R5,2026-09-07T04:11:42.989826Z,human_signal,5,1149,649,1243,596,991,582,108.46,170.85,252.38,human,i_can,0.612,3.42,154.14,140.62,131.5,130.47,54.25
Negotiation_37,R5,2026-09-07T04:11:43.245286Z,behavior_monitor,5,1105,670,1222,623,1005,603,126.72,119.83,217.89,system,NA,0.486,3.42,154.14,142.06,127.81,97.85,54.25
Negotiation_37,R5,2026-09-07T04:11:43.279838Z,human_signal,5,1098,673,1219,626,1007,606,130.12,112.73,213.11,human,your_turn,0.464,3.42,154.14,142.06,127.81,97.85,54.25
Negotiation_37,R5,2026-09-07T04:11:43.280695Z,human_signal,5,1095,674,1218,628,1007,606,131.71,110.98,211.83,human,your_turn,0.457,3.42,154.14,142.06,127.81,97.85,54.25
Negotiation_37,R5,2026-09-07T04:11:43.755389Z,behavior_monitor,5,1010,715,1179,680,1009,670,171.98,44.21,170.25,system,NA,0.205,3.42,154.14,141.93,125.47,169.61,125.75
Negotiation_37,R5,2026-09-07T04:11:43.841454Z,shot_miss,5,990,724,1170,692,999,684,182.77,40.37,171.39,agent,NA,0.181,3.42,154.14,141.47,125.55,140.55,120.56
Negotiation_37,R5,2026-09-07T04:11:44.063286Z,shot_miss,5,951,745,1152,717,978,715,202.9,40.48,174.23,agent,NA,0.166,3.42,160.98,140.59,128.73,169.61,125.75
Negotiation_37,R5,2026-09-07T04:11:44.097143Z,agent_signal,5,943,748,1150,719,976,717,209.07,44.59,174.4,agent,i_can,0.176,3.42,160.98,140.72,129.08,169.61,125.75
Negotiation_37,R5,2026-09-07T04:11:44.266231Z,behavior_monitor,5,916,758,1142,729,959,741,228.69,46.06,184.29,system,NA,0.168,3.42,160.98,0.0,127.54,169.61,125.75
Negotiation_37,R5,2026-09-07T04:11:44.283209Z,shot_miss,5,910,760,1142,729,955,746,234.47,47.3,188.02,agent,NA,0.168,3.42,160.98,0.0,127.54,169.61,125.75
Negotiation_37,R5,2026-09-07T04:11:44.776452Z,behavior_monitor,5,823,802,1115,729,908,797,301.47,85.32,218.26,system,NA,0.221,3.42,163.99,129.41,180.0,99.11,180.0
Negotiation_37,R5,2026-09-07T04:11:45.287072Z,behavior_monitor,5,726,830,1049,747,858,826,333.3,131.15,207.28,system,NA,0.282,3.42,163.99,134.08,164.84,74.4,161.86
Negotiation_37,R5,2026-09-07T04:11:45.797892Z,behavior_monitor,5,636,872,990,716,807,866,386.56,171.06,236.24,system,NA,0.307,3.42,138.78,141.36,-135.1,99.11,180.0
Negotiation_37,R5,2026-09-07T04:11:46.309492Z,behavior_monitor,5,557,939,927,696,757,910,442.61,201.6,273.15,system,NA,0.313,3.42,138.78,129.41,180.0,99.11,180.0
Negotiation_37,R5,2026-09-07T04:11:46.377265Z,flight_missed,5,547,952,916,696,748,910,449.38,206.03,271.42,system,NA,0.314,3.42,113.19,129.41,180.0,99.11,180.0
Negotiation_37,R5,2026-09-07T04:11:46.377561Z,flight_spawn,6,1038,-20,916,696,748,910,726.83,974.15,271.42,system,NA,0.573,3.27,127.74,129.41,180.0,99.11,180.0
Negotiation_37,R5,2026-09-07T04:11:48.676447Z,human_signal,6,807,330,794,501,810,695,171.02,364.51,194.56,human,i_can,0.681,3.27,103.06,141.7,-121.44,130.47,-125.75
Negotiation_37,R5,2026-09-07T04:11:48.693452Z,behavior_monitor,6,807,330,794,501,809,694,171.02,363.15,193.14,system,NA,0.68,3.27,103.06,141.75,-121.17,97.85,-125.75
Negotiation_37,R5,2026-09-07T04:11:48.846446Z,agent_signal,6,799,362,781,481,800,681,119.59,318.7,201.23,agent,your_turn,0.727,3.27,103.06,139.74,-123.87,113.88,-110.56
Negotiation_37,R5,2026-09-07T04:11:49.203108Z,behavior_monitor,6,807,427,766,452,786,653,47.75,226.93,202.5,system,NA,0.826,3.27,82.67,117.8,0.0,79.41,-90.0
Negotiation_37,R5,2026-09-07T04:11:49.338716Z,shot_hit,6,808,453,783,452,786,642,24.6,190.49,190.67,human,NA,0.886,3.27,82.67,129.41,0.0,79.41,-90.0
Negotiation_37,R5,2026-09-07T04:11:49.339246Z,flight_spawn,7,270,-20,783,452,786,642,696.99,839.94,190.67,system,NA,0.547,2.98,47.9,129.41,0.0,79.41,-90.0
Negotiation_37,R5,2026-09-07T04:11:52.370944Z,human_signal,7,663,298,937,538,629,565,363.38,269.04,308.62,human,i_can,0.425,2.98,42.04,129.41,180.0,76.24,0.0
Negotiation_37,R5,2026-09-07T04:11:52.387089Z,behavior_monitor,7,663,298,937,538,630,565,363.38,268.92,307.65,system,NA,0.425,2.98,42.04,129.41,180.0,57.18,0.0
Negotiation_37,R5,2026-09-07T04:11:52.489127Z,agent_signal,7,682,307,921,538,636,565,331.9,262.1,286.51,agent,i_can,0.441,2.98,14.22,129.41,180.0,57.18,0.0
Negotiation_37,R5,2026-09-07T04:11:52.898732Z,behavior_monitor,7,749,324,873,525,676,565,235.83,251.39,201.01,system,NA,0.516,2.98,14.22,134.59,-127.53,99.11,0.0
Negotiation_37,R5,2026-09-07T04:11:53.410113Z,behavior_monitor,7,824,366,861,474,727,565,114.17,221.62,162.42,system,NA,0.66,2.98,38.88,70.36,-45.82,99.11,0.0
Negotiation_37,R5,2026-09-07T04:11:53.888317Z,shot_miss,7,886,411,880,454,774,565,43.5,190.98,153.93,human,NA,0.814,2.98,0.89,49.86,-48.14,93.6,0.0
Negotiation_37,R5,2026-09-07T04:11:53.922273Z,behavior_monitor,7,892,411,881,453,777,565,43.04,192.46,153.42,system,NA,0.817,2.98,0.89,52.79,-48.14,99.11,0.0
Negotiation_37,R5,2026-09-07T04:11:54.431589Z,shot_miss,7,972,443,930,448,828,566,41.75,188.99,155.71,human,NA,0.819,2.98,4.03,129.41,0.0,99.11,0.0
Negotiation_37,R5,2026-09-07T04:11:54.432767Z,behavior_monitor,7,972,443,930,448,828,566,41.75,188.99,155.71,system,NA,0.819,2.98,4.03,129.41,0.0,99.11,0.0
Negotiation_37,R5,2026-09-07T04:11:54.941052Z,behavior_monitor,7,1061,449,996,448,879,566,64.67,216.38,166.26,system,NA,0.77,2.98,4.03,129.41,0.0,99.11,0.0
Negotiation_37,R5,2026-09-07T04:11:55.452558Z,behavior_monitor,7,1138,490,1062,448,929,566,86.65,222.1,177.52,system,NA,0.719,2.98,16.29,129.41,0.0,99.11,0.0
Negotiation_37,R5,2026-09-07T04:11:55.963817Z,behavior_monitor,7,1217,529,1128,448,980,566,120.13,239.84,189.4,system,NA,0.666,2.98,37.87,129.41,0.0,99.11,0.0
Negotiation_37,R5,2026-09-07T04:11:56.369878Z,human_signal,7,1268,573,1181,448,1020,569,152.27,247.88,200.88,human,your_turn,0.619,2.98,37.87,129.41,0.0,99.11,0.0
Negotiation_37,R5,2026-09-07T04:11:56.370311Z,human_signal,7,1270,575,1183,448,1020,569,153.67,249.93,202.64,human,your_turn,0.619,2.98,37.87,129.41,0.0,188.77,61.29
Negotiation_37,R5,2026-09-07T04:11:56.472723Z,behavior_monitor,7,1284,584,1194,448,1031,580,162.56,253.07,210.5,system,NA,0.609,2.98,37.87,129.41,0.0,169.61,54.25
Negotiation_37,R5,2026-09-07T04:11:56.982092Z,behavior_monitor,7,1359,635,1214,448,1081,630,236.01,277.51,224.97,system,NA,0.54,2.98,35.42,0.0,0.0,99.11,0.0
Negotiation_37,R5,2026-09-07T04:11:57.490927Z,behavior_monitor,7,1433,687,1265,448,1131,681,291.92,301.66,268.55,system,NA,0.508,2.98,35.42,129.41,0.0,99.11,0.0
Negotiation_37,R5,2026-09-07T04:11:58.000703Z,behavior_monitor,7,1416,732,1323,448,1182,726,298.58,234.46,311.86,system,NA,0.44,2.21,125.53,0.0,0.0,99.11,0.0
Negotiation_37,R5,2026-09-07T04:11:58.510432Z,behavior_monitor,7,1381,790,1323,448,1233,785,346.26,148.02,348.32,system,NA,0.299,2.21,104.84,0.0,0.0,169.61,54.25
Negotiation_37,R5,2026-09-07T04:11:59.019654Z,behavior_monitor,7,1341,840,1323,448,1284,834,392.01,57.62,388.07,system,NA,0.128,2.21,122.44,0.0,0.0,99.11,0.0
Negotiation_37,R5,2026-09-07T04:11:59.222261Z,shot_hit,7,1327,864,1323,448,1303,860,415.86,23.85,412.13,agent,NA,0.054,2.21,122.44,0.0,0.0,169.61,54.25
Negotiation_37,R5,2026-09-07T04:11:59.223293Z,flight_spawn,8,367,-20,1323,448,1303,860,1064.65,1285.07,412.13,system,NA,0.547,2.83,45.0,0.0,0.0,169.61,54.25
Negotiation_37,R5,2026-09-07T04:12:01.008482Z,human_signal,8,628,116,1138,525,1221,747,653.46,866.52,237.97,human,i_can,0.57,2.83,53.15,133.93,165.07,130.47,-125.75
Negotiation_37,R5,2026-09-07T04:12:01.025557Z,behavior_monitor,8,628,116,1138,525,1220,746,653.46,864.87,236.36,system,NA,0.57,2.83,53.15,133.89,165.14,97.85,-125.75
Negotiation_37,R5,2026-09-07T04:12:01.534869Z,behavior_monitor,8,681,184,1072,529,1191,705,521.77,729.75,212.76,system,NA,0.583,2.83,53.15,129.41,180.0,97.85,-125.75
Negotiation_37,R5,2026-09-07T04:12:02.040848Z,behavior_monitor,8,741,238,1008,529,1179,687,395.15,627.24,232.57,system,NA,0.614,2.83,84.55,129.41,180.0,0.0,-84.71
Negotiation_37,R5,2026-09-07T04:12:02.465793Z,agent_signal,8,749,311,951,529,1179,687,297.25,571.42,277.58,agent,your_turn,0.658,2.83,76.41,129.41,180.0,0.0,10.69
Negotiation_37,R5,2026-09-07T04:12:02.550370Z,behavior_monitor,8,752,322,942,529,1174,681,281.58,554.34,277.08,system,NA,0.663,2.83,76.41,129.41,180.0,97.85,-125.75
Negotiation_37,R5,2026-09-07T04:12:03.060383Z,behavior_monitor,8,766,404,876,529,1145,640,166.62,446.48,290.84,system,NA,0.728,2.83,63.49,129.41,180.0,97.85,-125.75
Negotiation_37,R5,2026-09-07T04:12:03.571689Z,behavior_monitor,8,827,460,830,529,1135,627,69.26,349.7,320.22,system,NA,0.835,2.83,41.37,0.0,180.0,0.0,-126.45
Negotiation_37,R5,2026-09-07T04:12:03.980070Z,shot_hit,8,873,509,856,515,1127,616,17.65,275.81,288.99,human,NA,0.94,2.83,41.02,134.66,-16.06,130.47,-125.75
Negotiation_37,R5,2026-09-07T04:12:03.980680Z,flight_spawn,9,156,-20,856,515,1127,616,881.41,1160.74,288.99,system,NA,0.568,2.83,135.0,134.66,-16.06,130.47,-125.75
Negotiation_37,R5,2026-09-07T04:12:05.019494Z,human_signal,9,27,67,823,509,1093,569,910.72,1178.56,276.45,human,i_can,0.564,2.09,46.93,129.41,180.0,130.47,-125.75
Negotiation_37,R5,2026-09-07T04:12:05.036844Z,behavior_monitor,9,27,67,823,509,1092,568,910.72,1177.1,275.21,system,NA,0.564,2.09,46.93,129.41,180.0,97.85,-125.75
Negotiation_37,R5,2026-09-07T04:12:05.551756Z,behavior_monitor,9,77,105,757,509,1063,566,791.2,1088.32,310.65,system,NA,0.579,2.09,51.25,129.41,180.0,57.18,180.0
Negotiation_37,R5,2026-09-07T04:12:06.059514Z,behavior_monitor,9,120,154,691,509,1050,566,672.59,1017.37,363.23,system,NA,0.602,2.09,51.25,129.41,180.0,0.0,180.0
Negotiation_37,R5,2026-09-07T04:12:06.568148Z,behavior_monitor,9,157,200,625,509,1030,566,561.04,946.17,408.14,system,NA,0.628,2.09,80.38,129.41,180.0,76.24,180.0
Negotiation_37,R5,2026-09-07T04:12:07.078778Z,behavior_monitor,9,174,258,559,509,991,565,459.11,872.57,435.55,system,NA,0.655,2.09,84.61,129.41,180.0,76.24,180.0
Negotiation_37,R5,2026-09-07T04:12:07.589924Z,behavior_monitor,9,179,321,493,533,952,565,379.88,811.39,459.92,system,NA,0.681,2.09,110.67,140.66,156.93,76.24,180.0
Negotiation_37,R5,2026-09-07T04:12:08.101400Z,behavior_monitor,9,163,381,427,561,913,565,320.09,772.79,485.63,system,NA,0.707,2.09,90.42,139.24,158.34,76.24,180.0
Negotiation_37,R5,2026-09-07T04:12:08.102186Z,agent_signal,9,162,383,425,562,913,565,318.19,772.99,487.83,agent,your_turn,0.708,2.09,90.42,139.24,158.34,76.24,180.0
Negotiation_37,R5,2026-09-07T04:12:08.612003Z,behavior_monitor,9,161,444,364,593,884,565,251.98,733.52,520.84,system,NA,0.744,2.09,114.68,142.05,143.48,57.18,180.0
Negotiation_37,R5,2026-09-07T04:12:09.123660Z,behavior_monitor,9,137,502,308,639,870,565,219.57,735.45,565.98,system,NA,0.77,2.09,92.71,141.83,142.21,0.0,180.0
Negotiation_37,R5,2026-09-07T04:12:09.633489Z,behavior_monitor,9,133,564,248,678,868,565,161.86,735.07,630.19,system,NA,0.82,2.09,67.34,138.47,152.94,76.24,180.0
Negotiation_37,R5,2026-09-07T04:12:10.144807Z,behavior_monitor,9,156,622,184,706,829,613,88.64,673.18,651.57,system,NA,0.884,2.09,67.34,134.39,164.35,130.47,125.75
Negotiation_37,R5,2026-09-07T04:12:10.655246Z,behavior_monitor,9,211,648,174,709,790,642,71.55,578.86,619.87,system,NA,0.89,2.09,15.56,129.41,0.0,76.24,180.0
Negotiation_37,R5,2026-09-07T04:12:11.167394Z,behavior_monitor,9,270,673,240,699,751,668,40.23,480.74,512.07,system,NA,0.923,2.09,38.83,139.37,-21.8,130.47,125.75
Negotiation_37,R5,2026-09-07T04:12:11.489312Z,shot_hit,9,304,698,282,682,726,693,26.94,422.58,444.61,human,NA,0.94,2.09,38.83,139.8,-22.24,130.47,125.75
Negotiation_37,R5,2026-09-07T04:12:11.489870Z,flight_spawn,10,45,-20,282,682,726,693,741.62,986.21,444.61,system,NA,0.571,2.83,45.0,139.8,-22.24,130.47,125.75
Negotiation_37,R5,2026-09-07T04:12:12.797274Z,human_signal,10,121,173,365,669,652,590,553.05,675.34,297.72,human,i_can,0.55,2.83,101.87,100.31,-90.0,155.57,-124.32
Negotiation_37,R5,2026-09-07T04:12:12.814310Z,behavior_monitor,10,121,173,365,669,651,589,553.05,673.74,297.15,system,NA,0.549,2.83,101.87,100.6,-90.0,97.85,-125.75
Negotiation_37,R5,2026-09-07T04:12:13.325101Z,behavior_monitor,10,145,249,335,650,622,566,444.16,572.47,298.92,system,NA,0.563,2.83,52.54,129.41,180.0,57.18,180.0
Negotiation_37,R5,2026-09-07T04:12:13.801200Z,agent_signal,10,198,311,293,601,608,566,305.74,483.46,317.64,agent,your_turn,0.613,2.83,55.37,140.64,-122.21,0.0,42.34
Negotiation_37,R5,2026-09-07T04:12:13.835280Z,behavior_monitor,10,200,313,291,599,606,566,300.62,478.97,316.73,system,NA,0.614,2.83,55.37,140.72,-121.36,57.18,180.0
Negotiation_37,R5,2026-09-07T04:12:14.345635Z,behavior_monitor,10,241,387,287,535,577,565,154.98,380.35,291.38,system,NA,0.71,2.83,77.95,129.41,-90.0,57.18,180.0
Negotiation_37,R5,2026-09-07T04:12:14.856087Z,behavior_monitor,10,261,462,272,474,565,565,16.86,320.71,306.18,system,NA,0.95,2.83,61.38,137.65,-160.08,0.0,180.0
Negotiation_37,R5,2026-09-07T04:12:14.941429Z,shot_hit,10,268,474,261,471,565,565,7.12,310.73,317.7,human,NA,0.978,2.83,81.95,134.31,-164.47,0.0,180.0
Negotiation_37,R5,2026-09-07T04:12:14.942616Z,flight_spawn,11,244,-20,261,471,565,565,491.64,668.02,317.7,system,NA,0.576,3.34,126.74,134.31,-164.47,0.0,180.0
Negotiation_37,R5,2026-09-07T04:12:16.204392Z,human_signal,11,67,148,183,428,510,565,303.33,608.72,355.12,human,i_can,0.667,3.34,133.05,129.41,180.0,76.24,180.0
Negotiation_37,R5,2026-09-07T04:12:16.221232Z,behavior_monitor,11,67,148,183,428,509,565,303.33,608.01,354.23,system,NA,0.667,3.34,133.05,129.41,180.0,57.18,180.0
Negotiation_37,R5,2026-09-07T04:12:16.733301Z,behavior_monitor,11,46,175,119,437,480,565,271.61,582.88,382.38,system,NA,0.682,2.01,30.93,139.83,157.74,57.18,180.0
Negotiation_37,R5,2026-09-07T04:12:17.243768Z,behavior_monitor,11,90,213,116,474,466,565,262.36,514.68,361.88,system,NA,0.662,2.01,79.54,136.19,46.51,0.0,64.63
Negotiation_37,R5,2026-09-07T04:12:17.755574Z,behavior_monitor,11,82,269,141,492,465,565,230.42,484.24,332.56,system,NA,0.678,2.01,144.79,66.91,180.0,0.0,-114.92
Negotiation_37,R5,2026-09-07T04:12:18.264825Z,behavior_monitor,11,31,299,96,492,437,564,203.26,484.01,347.9,system,NA,0.704,2.01,143.53,100.56,180.0,76.24,180.0
Negotiation_37,R5,2026-09-07T04:12:18.775609Z,behavior_monitor,11,39,335,87,492,397,564,164.17,425.3,318.13,system,NA,0.721,1.54,48.55,0.0,180.0,76.24,180.0
Negotiation_37,R5,2026-09-07T04:12:18.827333Z,agent_signal,11,44,339,87,492,393,564,158.72,415.34,314.34,agent,your_turn,0.724,1.54,25.33,0.0,180.0,76.24,180.0
Negotiation_37,R5,2026-09-07T04:12:19.287472Z,behavior_monitor,11,81,347,93,488,368,564,141.63,359.79,285.23,system,NA,0.718,1.54,31.38,97.43,-32.11,57.18,180.0
Negotiation_37,R5,2026-09-07T04:12:19.797191Z,behavior_monitor,11,127,371,145,452,351,564,82.93,295.83,234.68,system,NA,0.781,1.54,31.38,121.75,-38.37,0.0,2.37
Negotiation_37,R5,2026-09-07T04:12:20.307080Z,behavior_monitor,11,174,375,187,413,350,564,40.0,257.79,221.73,system,NA,0.866,1.54,2.67,92.32,-55.87,0.0,-131.87
Negotiation_37,R5,2026-09-07T04:12:20.665241Z,shot_hit,11,205,386,191,386,328,564,13.87,216.39,224.96,human,NA,0.94,1.54,21.56,76.42,-90.0,76.24,180.0
Negotiation_37,R5,2026-09-07T04:12:20.666302Z,flight_spawn,12,915,-20,191,386,328,564,830.15,827.55,224.96,system,NA,0.499,2.83,135.0,76.42,-90.0,76.24,180.0
Negotiation_37,R5,2026-09-07T04:12:22.231023Z,human_signal,12,738,149,335,361,423,563,455.37,519.84,220.11,human,i_can,0.533,2.83,150.64,129.41,0.0,76.24,0.0
Negotiation_37,R5,2026-09-07T04:12:22.247098Z,behavior_monitor,12,738,149,335,361,424,563,455.37,519.39,220.92,system,NA,0.533,2.83,150.64,129.41,0.0,73.82,16.31
Negotiation_37,R5,2026-09-07T04:12:22.757123Z,behavior_monitor,12,660,179,401,362,454,564,317.2,436.23,208.51,system,NA,0.579,2.83,175.19,134.41,15.68,57.18,0.0
Negotiation_37,R5,2026-09-07T04:12:23.267442Z,behavior_monitor,12,575,201,465,389,467,564,217.61,378.39,174.93,system,NA,0.635,2.83,148.99,137.42,24.42,0.0,0.0
Negotiation_37,R5,2026-09-07T04:12:23.775616Z,behavior_monitor,12,521,261,462,394,475,563,145.25,305.82,170.36,system,NA,0.678,2.83,99.06,42.32,180.0,76.24,0.0
Negotiation_37,R5,2026-09-07T04:12:24.099388Z,agent_signal,12,496,309,453,402,485,564,102.68,255.09,164.89,agent,your_turn,0.713,2.83,143.2,59.95,51.01,76.24,180.0
Negotiation_37,R5,2026-09-07T04:12:24.286385Z,behavior_monitor,12,472,326,467,411,475,564,85.63,237.95,152.61,system,NA,0.735,2.83,143.2,110.01,30.86,57.18,180.0
Negotiation_37,R5,2026-09-07T04:12:24.798392Z,behavior_monitor,12,401,376,432,417,446,564,51.5,192.33,146.83,system,NA,0.789,2.83,143.2,137.88,159.82,57.18,180.0
Negotiation_37,R5,2026-09-07T04:12:25.140087Z,shot_miss,12,354,409,389,436,443,564,43.84,178.06,138.62,human,NA,0.802,2.83,168.43,139.41,156.11,0.0,180.0
Negotiation_37,R5,2026-09-07T04:12:25.311723Z,behavior_monitor,12,328,415,367,446,443,564,50.13,188.02,140.04,system,NA,0.79,2.83,168.43,138.3,155.53,0.0,180.0
Negotiation_37,R5,2026-09-07T04:12:25.817534Z,behavior_monitor,12,239,432,303,474,440,564,76.85,240.28,163.43,system,NA,0.758,2.83,168.43,145.59,156.61,81.0,180.0
Negotiation_37,R5,2026-09-07T04:12:26.324007Z,behavior_monitor,12,163,458,238,499,401,563,85.08,260.1,175.44,system,NA,0.754,2.83,174.68,134.94,163.54,76.24,180.0
Negotiation_37,R5,2026-09-07T04:12:26.834424Z,behavior_monitor,12,87,491,172,518,362,563,89.01,284.44,195.58,system,NA,0.762,2.83,118.31,134.64,163.98,76.24,180.0
Negotiation_37,R5,2026-09-07T04:12:27.343915Z,behavior_monitor,12,41,565,106,539,323,563,70.02,281.67,218.16,system,NA,0.801,2.83,118.31,139.45,152.54,76.24,180.0
Negotiation_37,R5,2026-09-07T04:12:27.412068Z,shot_miss,12,34,575,98,544,318,569,71.15,283.67,221.12,human,NA,0.799,2.83,118.31,140.81,145.94,130.47,125.75
Negotiation_37,R5,2026-09-07T04:12:27.633876Z,shot_miss,12,20,608,75,565,301,592,69.25,281.17,227.8,human,NA,0.802,2.62,72.09,141.01,133.55,130.47,125.75
Negotiation_37,R5,2026-09-07T04:12:27.855382Z,behavior_monitor,12,31,640,55,589,283,615,56.44,253.13,229.42,system,NA,0.818,2.62,72.09,139.67,125.42,130.47,125.75
Negotiation_37,R5,2026-09-07T04:12:28.364939Z,behavior_monitor,12,59,712,41,654,244,669,60.44,190.68,203.78,system,NA,0.759,2.62,24.8,129.41,90.0,130.47,125.75
Negotiation_37,R5,2026-09-07T04:12:28.872053Z,behavior_monitor,12,136,737,41,720,205,723,95.98,70.79,163.97,system,NA,0.424,2.62,2.55,128.1,90.0,130.47,125.75
Negotiation_37,R5,2026-09-07T04:12:29.090743Z,shot_hit,12,171,738,31,740,187,734,139.73,17.31,156.49,agent,NA,0.11,2.62,2.55,74.28,143.35,76.24,180.0
Negotiation_37,R5,2026-09-07T04:12:29.091905Z,flight_spawn,13,724,-20,31,740,187,734,1028.65,925.42,156.49,system,NA,0.474,2.94,47.19,74.28,143.35,76.24,180.0
Negotiation_37,R5,2026-09-07T04:12:31.681207Z,human_signal,13,1019,181,156,566,282,599,945.42,847.52,131.06,human,your_turn,0.473,2.94,80.18,147.57,149.46,130.47,-54.25
Negotiation_37,R5,2026-09-07T04:12:31.682346Z,behavior_monitor,13,1019,181,156,566,282,599,945.42,847.52,131.06,system,NA,0.473,2.94,80.18,145.15,145.85,130.47,-54.25
Negotiation_37,R5,2026-09-07T04:12:31.682831Z,human_signal,13,1020,184,154,567,282,599,947.4,846.82,132.61,human,your_turn,0.472,2.94,107.17,145.15,145.85,130.47,-54.25
Negotiation_37,R5,2026-09-07T04:12:32.192693Z,behavior_monitor,13,952,231,163,620,333,566,879.48,704.3,177.73,system,NA,0.445,2.94,130.45,133.64,28.65,99.11,0.0
Negotiation_37,R5,2026-09-07T04:12:32.702433Z,behavior_monitor,13,910,306,227,646,384,566,762.86,587.04,175.82,system,NA,0.435,2.94,106.05,137.89,25.69,99.11,0.0
Negotiation_37,R5,2026-09-07T04:12:32.719910Z,agent_signal,13,909,311,231,648,386,566,757.06,582.6,174.55,agent,i_can,0.435,2.94,106.05,138.28,26.42,99.11,0.0
Negotiation_37,R5,2026-09-07T04:12:33.211370Z,behavior_monitor,13,885,391,290,678,434,564,661.2,483.24,183.87,system,NA,0.422,2.94,106.05,135.27,19.09,99.11,0.0
Negotiation_37,R5,2026-09-07T04:12:33.721845Z,behavior_monitor,13,825,443,356,698,485,564,534.03,360.55,186.33,system,NA,0.403,2.94,154.69,134.81,16.28,99.11,0.0
Negotiation_37,R5,2026-09-07T04:12:34.229647Z,behavior_monitor,13,747,481,422,718,535,564,402.39,227.02,191.48,system,NA,0.361,2.94,154.69,133.89,14.86,99.11,0.0
Negotiation_37,R5,2026-09-07T04:12:34.739436Z,behavior_monitor,13,663,517,488,718,586,564,266.63,89.88,183.05,system,NA,0.252,2.94,178.4,129.41,0.0,99.11,0.0
Negotiation_37,R5,2026-09-07T04:12:35.047138Z,shot_hit,13,612,536,529,718,600,564,199.62,30.21,169.43,agent,NA,0.131,2.94,159.24,129.41,0.0,99.11,180.0
Negotiation_37,R5,2026-09-07T04:12:35.048125Z,flight_spawn,14,834,-20,529,718,600,564,798.97,629.7,169.43,system,NA,0.441,2.83,135.0,129.41,0.0,99.11,180.0
Negotiation_37,R5,2026-09-07T04:12:39.999071Z,human_signal,14,88,284,164,671,357,564,393.99,387.49,220.34,human,i_can,0.496,2.83,177.01,129.41,180.0,76.24,180.0
Negotiation_37,R5,2026-09-07T04:12:40.016864Z,behavior_monitor,14,88,284,164,671,356,564,393.99,386.82,219.49,system,NA,0.495,2.83,177.01,129.41,180.0,57.18,180.0
Negotiation_37,R5,2026-09-07T04:12:40.528721Z,behavior_monitor,14,27,288,105,644,326,563,364.11,406.4,235.45,system,NA,0.527,1.7,4.97,140.51,-123.9,57.18,180.0
Negotiation_37,R5,2026-09-07T04:12:41.033692Z,behavior_monitor,14,78,293,82,580,312,563,287.52,357.75,231.05,system,NA,0.554,1.7,4.97,129.41,-90.0,0.0,-97.78
Negotiation_37,R5,2026-09-07T04:12:41.543700Z,behavior_monitor,14,129,297,91,515,312,563,220.4,323.12,226.24,system,NA,0.594,1.7,4.97,140.15,-63.65,0.0,-97.78
Negotiation_37,R5,2026-09-07T04:12:41.917914Z,agent_signal,14,162,308,125,471,297,563,167.85,288.35,194.97,agent,your_turn,0.632,1.7,42.68,140.33,-45.82,76.24,180.0
Negotiation_37,R5,2026-09-07T04:12:42.053896Z,behavior_monitor,14,166,318,137,460,297,563,144.9,277.73,190.88,system,NA,0.657,1.7,93.02,140.32,-45.43,0.0,180.0
Negotiation_37,R5,2026-09-07T04:12:42.564424Z,behavior_monitor,14,185,363,174,411,289,563,49.16,224.96,190.15,system,NA,0.821,1.7,47.88,128.07,-120.12,57.18,180.0
Negotiation_37,R5,2026-09-07T04:12:42.924409Z,shot_miss,14,207,390,183,372,283,563,29.65,189.17,215.57,human,NA,0.865,1.7,47.88,138.59,-40.63,0.0,180.0
Negotiation_37,R5,2026-09-07T04:12:43.077722Z,behavior_monitor,14,215,401,201,360,283,563,43.19,175.39,218.52,system,NA,0.802,1.7,47.88,137.76,-28.43,0.0,180.0
Negotiation_37,R5,2026-09-07T04:12:43.589496Z,behavior_monitor,14,259,422,255,391,252,562,31.35,140.68,171.47,system,NA,0.818,1.7,9.45,137.95,60.52,76.24,180.0
Negotiation_37,R5,2026-09-07T04:12:43.640433Z,shot_hit,14,265,422,258,397,249,562,26.44,140.83,165.8,human,NA,0.842,1.7,9.45,138.26,61.48,67.47,166.95
Negotiation_37,R5,2026-09-07T04:12:43.641408Z,flight_spawn,15,763,-20,258,397,249,562,655.44,777.67,165.8,system,NA,0.543,2.87,134.23,138.26,61.48,67.47,166.95
Negotiation_37,R5,2026-09-07T04:12:45.001021Z,human_signal,15,578,108,390,436,321,562,378.17,521.77,143.63,human,i_can,0.58,2.87,180.0,90.36,-45.93,76.24,0.0
Negotiation_37,R5,2026-09-07T04:12:45.017691Z,behavior_monitor,15,578,108,390,436,322,562,378.17,521.29,143.17,system,NA,0.58,2.87,180.0,90.17,-46.06,57.18,0.0
Negotiation_37,R5,2026-09-07T04:12:45.531266Z,behavior_monitor,15,500,138,396,426,351,563,306.34,449.72,143.43,system,NA,0.595,2.87,154.04,42.83,180.0,57.18,0.0
Negotiation_37,R5,2026-09-07T04:12:46.040566Z,behavior_monitor,15,425,178,358,440,364,562,271.01,389.52,122.05,system,NA,0.59,2.87,124.9,104.41,160.71,0.0,-86.38
Negotiation_37,R5,2026-09-07T04:12:46.550716Z,behavior_monitor,15,377,249,294,448,361,561,215.77,313.02,131.75,system,NA,0.592,2.87,103.36,120.2,180.0,76.24,180.0
Negotiation_37,R5,2026-09-07T04:12:47.045372Z,agent_signal,15,355,332,308,449,339,561,126.21,229.66,116.26,agent,your_turn,0.645,2.87,103.36,94.54,20.53,0.0,178.24
Negotiation_37,R5,2026-09-07T04:12:47.062015Z,behavior_monitor,15,355,332,308,449,338,561,126.21,229.72,116.0,system,NA,0.645,2.87,103.36,94.54,20.53,57.18,180.0
Negotiation_37,R5,2026-09-07T04:12:47.572859Z,behavior_monitor,15,320,406,347,461,318,561,61.01,154.66,104.26,system,NA,0.717,2.87,145.3,86.13,180.0,33.79,-149.54
Negotiation_37,R5,2026-09-07T04:12:48.015812Z,shot_miss,15,258,451,291,471,304,561,38.29,118.77,90.62,human,NA,0.756,2.87,147.15,138.61,159.01,0.0,-164.12
Negotiation_37,R5,2026-09-07T04:12:48.083283Z,behavior_monitor,15,250,458,282,475,304,561,36.79,116.82,88.92,system,NA,0.76,2.87,147.15,138.83,158.12,0.0,-164.12
Negotiation_37,R5,2026-09-07T04:12:48.389784Z,shot_miss,15,204,486,243,491,304,561,38.93,125.09,93.14,human,NA,0.763,2.87,147.15,138.51,157.72,0.0,-164.12
Negotiation_37,R5,2026-09-07T04:12:48.595789Z,behavior_monitor,15,179,507,217,502,292,561,37.71,125.07,96.05,system,NA,0.768,2.87,120.98,138.4,157.7,76.24,180.0
Negotiation_37,R5,2026-09-07T04:12:48.748476Z,shot_miss,15,164,527,197,510,281,561,37.65,121.45,97.99,human,NA,0.763,2.87,120.99,138.4,157.7,76.24,180.0
Negotiation_37,R5,2026-09-07T04:12:49.107351Z,behavior_monitor,15,120,566,153,531,254,561,48.12,134.15,105.1,system,NA,0.736,2.87,148.73,141.42,146.99,76.24,180.0
Negotiation_37,R5,2026-09-07T04:12:49.618828Z,behavior_monitor,15,40,611,94,533,215,606,94.98,174.99,140.65,system,NA,0.648,2.87,148.73,129.41,180.0,130.47,125.75
Negotiation_37,R5,2026-09-07T04:12:50.127352Z,behavior_monitor,15,58,626,53,520,176,620,105.58,117.63,158.07,system,NA,0.527,1.72,17.41,0.0,-117.0,76.24,180.0
Negotiation_37,R5,2026-09-07T04:12:50.639671Z,behavior_monitor,15,104,641,53,550,137,636,104.55,33.71,120.54,system,NA,0.244,1.72,17.41,0.0,90.0,76.24,180.0
Negotiation_37,R5,2026-09-07T04:12:50.672977Z,shot_hit,15,108,642,53,550,134,638,107.57,25.71,119.18,agent,NA,0.193,1.72,2.71,0.0,90.0,130.47,125.75
Negotiation_37,R5,2026-09-07T04:12:50.673407Z,flight_spawn,16,548,-20,53,550,134,638,755.22,777.96,119.18,system,NA,0.507,3.22,128.39,0.0,90.0,130.47,125.75
Negotiation_37,R5,2026-09-07T04:12:51.351496Z,conflict,16,528,82,101,550,164,597,633.38,630.5,78.27,system,NA,0.499,3.22,17.27,129.41,0.0,141.05,-43.96
Negotiation_37,R5,2026-09-07T04:12:52.713137Z,agent_signal,16,562,311,91,528,229,566,518.98,419.43,143.52,agent,i_can,0.447,3.22,99.77,67.75,126.62,76.24,0.0
Negotiation_37,R5,2026-09-07T04:12:52.728433Z,behavior_monitor,16,562,311,91,528,231,566,518.98,418.09,145.14,system,NA,0.446,3.22,99.77,73.32,125.85,105.3,0.0
Negotiation_37,R5,2026-09-07T04:12:53.232249Z,behavior_monitor,16,546,406,77,585,281,567,502.38,309.91,205.23,system,NA,0.382,3.22,99.77,129.41,90.0,99.11,0.0
Negotiation_37,R5,2026-09-07T04:12:53.743042Z,behavior_monitor,16,556,498,79,651,332,565,501.3,234.12,267.27,system,NA,0.318,3.22,56.02,127.3,73.76,93.6,0.0
Negotiation_37,R5,2026-09-07T04:12:54.254937Z,behavior_monitor,16,634,552,115,710,383,565,541.99,251.22,304.57,system,NA,0.317,3.22,9.63,138.1,38.37,99.11,0.0
Negotiation_37,R5,2026-09-07T04:12:54.770307Z,behavior_monitor,16,707,603,180,723,433,592,541.04,273.84,285.74,system,NA,0.336,3.22,59.37,129.41,0.0,169.61,54.25
Negotiation_37,R5,2026-09-07T04:12:55.282675Z,behavior_monitor,16,680,682,230,714,484,662,451.5,197.5,258.98,system,NA,0.304,3.22,113.66,76.9,-90.0,169.61,54.25
Negotiation_37,R5,2026-09-07T04:12:55.792431Z,behavior_monitor,16,640,766,239,663,534,733,413.31,110.37,303.14,system,NA,0.211,3.22,130.83,112.13,-39.58,169.61,54.25
Negotiation_37,R5,2026-09-07T04:12:56.285612Z,shot_miss,16,579,839,298,627,565,802,352.17,39.25,319.97,agent,NA,0.1,3.22,130.83,142.06,-33.52,169.61,125.75
Negotiation_37,R5,2026-09-07T04:12:56.302330Z,behavior_monitor,16,579,839,298,627,565,802,352.17,39.25,319.97,system,NA,0.1,3.22,130.83,142.29,-33.82,169.61,125.75
Negotiation_37,R5,2026-09-07T04:12:56.540634Z,shot_miss,16,545,876,328,606,540,837,345.92,38.67,313.6,agent,NA,0.101,3.22,130.83,142.75,-34.22,169.61,125.75
Negotiation_37,R5,2026-09-07T04:12:56.811950Z,behavior_monitor,16,516,914,358,587,515,872,363.23,41.84,325.47,system,NA,0.103,3.22,101.5,140.13,-30.23,169.61,125.75
Negotiation_37,R5,2026-09-07T04:12:56.879493Z,shot_miss,16,509,928,369,581,507,884,374.02,43.85,332.85,agent,NA,0.105,3.22,130.39,140.06,-29.93,169.61,125.75
Negotiation_37,R5,2026-09-07T04:12:57.052036Z,flight_missed,16,486,952,381,573,489,908,393.09,44.82,351.34,system,NA,0.102,3.22,130.39,0.0,-45.19,169.61,125.75
Negotiation_37,R5,2026-09-07T04:12:57.052602Z,flight_spawn,17,802,-20,381,573,489,908,727.86,979.56,351.34,system,NA,0.574,3.31,52.81,0.0,-45.19,169.61,125.75
Negotiation_37,R5,2026-09-07T04:13:02.992180Z,agent_signal,17,1308,661,1059,485,916,655,305.02,391.71,221.49,agent,your_turn,0.562,2.26,161.38,140.48,31.95,76.24,0.0
Negotiation_37,R5,2026-09-07T04:13:03.009671Z,behavior_monitor,17,1308,661,1059,485,917,656,305.02,390.72,221.9,system,NA,0.562,2.26,161.38,140.48,31.95,97.85,54.25
Negotiation_37,R5,2026-09-07T04:13:03.518164Z,behavior_monitor,17,1245,687,1119,524,946,683,206.71,299.13,234.98,system,NA,0.591,2.26,144.21,139.9,32.49,97.85,54.25
Negotiation_37,R5,2026-09-07T04:13:04.028739Z,behavior_monitor,17,1206,741,1176,566,960,701,177.5,249.21,254.79,system,NA,0.584,2.26,119.52,139.7,43.1,0.0,85.65
Negotiation_37,R5,2026-09-07T04:13:04.538181Z,behavior_monitor,17,1170,794,1214,624,980,729,175.77,200.65,255.71,system,NA,0.533,2.26,115.31,129.41,90.0,130.47,54.25
Negotiation_37,R5,2026-09-07T04:13:04.657977Z,human_signal,17,1170,810,1214,639,990,741,175.87,192.58,246.29,human,your_turn,0.523,2.26,90.12,129.41,90.0,130.47,54.25
Negotiation_37,R5,2026-09-07T04:13:04.658750Z,human_signal,17,1169,812,1214,642,990,741,175.99,193.15,245.38,human,your_turn,0.523,2.26,90.12,122.22,90.0,123.22,54.25
Negotiation_37,R5,2026-09-07T04:13:05.050204Z,behavior_monitor,17,1166,862,1218,669,1028,795,199.08,153.41,227.9,system,NA,0.435,2.26,90.12,137.8,69.91,169.61,54.25
Negotiation_37,R5,2026-09-07T04:13:05.560291Z,behavior_monitor,17,1161,929,1221,735,1079,866,203.0,104.61,193.13,system,NA,0.34,2.26,90.12,129.41,90.0,169.61,54.25
Negotiation_37,R5,2026-09-07T04:13:05.577591Z,agent_signal,17,1161,934,1221,737,1080,868,205.24,104.58,191.99,agent,i_can,0.338,2.26,90.12,129.41,90.0,169.61,54.25
Negotiation_37,R5,2026-09-07T04:13:05.713297Z,flight_missed,17,1162,952,1221,757,1095,889,203.51,91.55,181.79,system,NA,0.31,2.26,90.12,129.41,90.0,169.61,54.25
Negotiation_37,R5,2026-09-07T04:13:05.713936Z,flight_spawn,18,952,-20,1221,757,1095,889,823.14,920.42,181.79,system,NA,0.528,3.56,55.86,129.41,90.0,169.61,54.25
Negotiation_37,R5,2026-09-07T04:13:07.347042Z,human_signal,18,1039,286,1198,714,1006,741,456.24,456.42,194.09,human,i_can,0.5,3.56,29.13,129.41,-90.0,130.47,-54.25
Negotiation_37,R5,2026-09-07T04:13:07.363663Z,behavior_monitor,18,1039,286,1198,714,1007,740,456.24,455.01,192.94,system,NA,0.499,3.56,29.13,129.41,-90.0,97.85,-54.25
Negotiation_37,R5,2026-09-07T04:13:07.789815Z,human_signal,18,1134,299,1198,656,1032,706,362.77,419.17,174.01,human,i_can,0.536,3.56,7.5,129.41,-90.0,97.85,-54.25
Negotiation_37,R5,2026-09-07T04:13:07.874268Z,behavior_monitor,18,1149,301,1198,648,1037,699,349.8,413.55,169.96,system,NA,0.542,3.56,7.5,129.41,-90.0,97.85,-54.25
Negotiation_37,R5,2026-09-07T04:13:07.908105Z,human_signal,18,1159,303,1198,641,1038,696,340.55,411.99,169.35,human,i_can,0.547,3.56,7.5,129.41,-90.0,97.85,-54.25
Negotiation_37,R5,2026-09-07T04:13:08.061797Z,agent_signal,18,1193,308,1207,622,1048,684,314.53,403.75,171.12,agent,your_turn,0.562,3.56,14.04,140.01,-59.05,97.85,-54.25
Negotiation_37,R5,2026-09-07T04:13:08.384794Z,behavior_monitor,18,1258,323,1236,591,1066,658,268.28,385.93,183.12,system,NA,0.59,3.56,14.04,140.56,-40.69,97.85,-54.25
Negotiation_37,R5,2026-09-07T04:13:08.893915Z,behavior_monitor,18,1363,349,1294,549,1091,623,212.07,386.51,216.16,system,NA,0.646,3.56,13.55,146.89,-27.9,0.0,-54.25
Negotiation_37,R5,2026-09-07T04:13:09.404318Z,behavior_monitor,18,1439,372,1329,543,1091,623,203.05,428.69,251.1,system,NA,0.679,2.2,162.78,33.05,0.0,0.0,-2.53
Negotiation_37,R5,2026-09-07T04:13:09.914981Z,behavior_monitor,18,1372,391,1359,520,1113,592,129.22,327.84,257.17,system,NA,0.717,2.2,162.78,107.57,-90.0,130.47,-54.25
Negotiation_37,R5,2026-09-07T04:13:10.425018Z,behavior_monitor,18,1318,422,1343,457,1152,565,43.38,219.76,219.95,system,NA,0.835,2.2,162.57,152.32,-137.04,76.24,0.0
Negotiation_37,R5,2026-09-07T04:13:10.850546Z,shot_hit,18,1265,440,1289,456,1184,565,28.61,149.48,151.84,human,NA,0.839,2.2,156.09,136.93,160.93,76.24,0.0
Negotiation_37,R5,2026-09-07T04:13:10.851549Z,flight_spawn,19,780,-20,1289,456,1184,565,697.43,711.61,151.84,system,NA,0.505,2.95,132.75,136.93,160.93,76.24,0.0
Negotiation_37,R5,2026-09-07T04:13:12.213980Z,human_signal,19,690,182,1253,478,1111,565,636.14,568.66,166.67,human,your_turn,0.472,2.95,55.7,129.41,90.0,76.24,180.0
Negotiation_37,R5,2026-09-07T04:13:12.215139Z,behavior_monitor,19,690,182,1253,478,1111,565,636.14,568.66,166.67,system,NA,0.472,2.95,55.7,137.5,90.0,81.0,180.0
Negotiation_37,R5,2026-09-07T04:13:12.215569Z,human_signal,19,691,185,1253,480,1111,565,634.89,566.08,165.54,human,your_turn,0.471,2.95,55.7,137.5,90.0,81.0,180.0
Negotiation_37,R5,2026-09-07T04:13:12.721774Z,behavior_monitor,19,754,238,1245,543,1060,565,577.47,447.25,185.9,system,NA,0.436,2.95,13.76,147.17,130.18,99.11,180.0
Negotiation_37,R5,2026-09-07T04:13:13.231965Z,behavior_monitor,19,833,278,1196,597,1010,565,483.75,336.63,189.42,system,NA,0.41,2.95,38.28,140.77,128.96,99.11,180.0
Negotiation_37,R5,2026-09-07T04:13:13.742418Z,behavior_monitor,19,884,349,1151,654,959,565,405.45,228.0,212.27,system,NA,0.36,2.95,37.2,142.35,132.19,99.11,180.0
Negotiation_37,R5,2026-09-07T04:13:13.776409Z,agent_signal,19,891,355,1147,659,955,565,398.14,220.09,213.48,agent,i_can,0.356,2.95,37.2,142.56,132.85,99.11,180.0
Negotiation_37,R5,2026-09-07T04:13:14.253690Z,behavior_monitor,19,895,428,1101,707,908,565,346.4,137.17,239.67,system,NA,0.284,2.95,114.66,142.82,134.62,99.11,180.0
Negotiation_37,R5,2026-09-07T04:13:14.764197Z,behavior_monitor,19,932,499,1051,754,905,565,281.53,70.84,239.19,system,NA,0.201,2.95,67.51,54.35,90.0,99.11,0.0
Negotiation_37,R5,2026-09-07T04:13:15.105266Z,shot_hit,19,954,556,1069,778,932,565,249.05,24.15,253.11,agent,NA,0.088,2.95,67.51,93.4,50.58,99.11,0.0
Negotiation_37,R5,2026-09-07T04:13:15.106187Z,flight_spawn,20,161,-20,1069,778,932,565,1208.63,967.54,253.11,system,NA,0.445,3.23,128.23,93.4,50.58,99.11,0.0
Negotiation_37,R5,2026-09-07T04:13:20.125810Z,agent_signal,20,407,387,480,755,582,566,375.44,250.42,215.09,agent,i_can,0.4,2.29,60.11,0.0,180.0,76.24,180.0
Negotiation_37,R5,2026-09-07T04:13:20.143026Z,behavior_monitor,20,407,387,480,755,580,566,375.44,249.24,214.3,system,NA,0.399,2.29,60.11,0.0,180.0,99.11,180.0
Negotiation_37,R5,2026-09-07T04:13:20.295639Z,human_signal,20,418,402,480,755,565,566,359.01,220.71,207.65,human,your_turn,0.381,2.29,31.26,0.0,180.0,99.11,180.0
Negotiation_37,R5,2026-09-07T04:13:20.296416Z,human_signal,20,420,403,480,755,565,566,357.44,218.26,207.65,human,your_turn,0.379,2.29,60.07,0.0,180.0,99.11,180.0
Negotiation_37,R5,2026-09-07T04:13:20.652134Z,behavior_monitor,20,431,447,480,755,530,566,312.62,154.86,195.65,system,NA,0.331,2.29,81.25,0.0,180.0,99.11,180.0
Negotiation_37,R5,2026-09-07T04:13:21.162008Z,behavior_monitor,20,439,514,509,796,479,566,290.19,65.7,231.67,system,NA,0.185,2.29,107.87,0.0,90.0,99.11,180.0
Negotiation_37,R5,2026-09-07T04:13:21.382421Z,shot_miss,20,429,544,486,798,456,566,260.09,34.05,234.13,agent,NA,0.116,2.29,127.9,118.6,161.41,99.11,180.0
Negotiation_37,R5,2026-09-07T04:13:21.670988Z,behavior_monitor,20,407,573,452,811,428,568,242.56,21.88,244.44,system,NA,0.083,2.29,127.9,138.39,158.06,169.61,125.75
Negotiation_37,R5,2026-09-07T04:13:21.671689Z,shot_hit,20,406,575,450,812,427,570,241.38,20.81,242.93,agent,NA,0.079,2.29,127.9,138.39,158.06,169.61,125.75
Negotiation_37,R6,2026-09-07T04:13:27.632423Z,flight_spawn,1,1239,-20,450,812,427,570,1147.43,1004.9,242.93,system,NA,0.467,2.86,45.68,0.0,158.22,0.0,125.75
Negotiation_37,R6,2026-09-07T04:13:30.644769Z,human_signal,1,1242,-17,1127,754,367,754,780.53,1167.14,760.0,human,i_can,0.599,2.86,45.68,0.0,0.0,0.0,0.0
Negotiation_37,R6,2026-09-07T04:13:30.661507Z,behavior_monitor,1,1242,-17,1127,754,367,754,780.53,1167.14,760.0,system,NA,0.599,2.86,45.68,0.0,0.0,0.0,0.0
Negotiation_37,R6,2026-09-07T04:13:31.173952Z,behavior_monitor,1,1304,43,1127,754,375,741,732.33,1162.0,751.35,system,NA,0.613,2.86,45.68,0.0,0.0,97.85,-54.25
Negotiation_37,R6,2026-09-07T04:13:31.683311Z,behavior_monitor,1,1377,78,1108,765,389,722,737.93,1179.47,719.88,system,NA,0.615,2.86,29.98,0.0,90.0,0.0,-4.37
Negotiation_37,R6,2026-09-07T04:13:32.194778Z,behavior_monitor,1,1442,96,1150,732,395,713,700.39,1215.45,754.57,system,NA,0.634,1.72,179.51,139.85,-35.59,130.47,-54.25
Negotiation_37,R6,2026-09-07T04:13:32.705704Z,behavior_monitor,1,1392,110,1205,690,434,659,609.26,1103.74,771.13,system,NA,0.644,1.72,154.64,123.72,-50.15,130.47,-54.25
Negotiation_37,R6,2026-09-07T04:13:33.208609Z,behavior_monitor,1,1351,136,1246,646,472,607,520.81,997.36,775.75,system,NA,0.657,1.72,120.17,118.37,-45.32,130.47,-54.25
Negotiation_37,R6,2026-09-07T04:13:33.717579Z,behavior_monitor,1,1307,162,1278,604,510,565,443.2,893.16,768.76,system,NA,0.668,1.72,173.43,97.88,-47.72,76.24,0.0
Negotiation_37,R6,2026-09-07T04:13:34.229300Z,behavior_monitor,1,1258,174,1279,590,550,565,416.55,809.14,729.39,system,NA,0.66,1.72,164.99,80.76,-145.94,76.24,0.0
Negotiation_37,R6,2026-09-07T04:13:34.740819Z,behavior_monitor,1,1213,193,1238,560,589,565,368.09,726.44,649.62,system,NA,0.664,1.72,171.1,98.81,-142.87,79.97,-11.08
Negotiation_37,R6,2026-09-07T04:13:35.253360Z,behavior_monitor,1,1160,206,1201,559,628,565,355.03,641.43,573.19,system,NA,0.644,1.72,176.1,81.88,180.0,72.0,0.0
Negotiation_37,R6,2026-09-07T04:13:38.643049Z,agent_signal,1,838,308,858,436,822,565,129.57,257.99,134.58,agent,your_turn,0.666,1.72,137.27,129.41,180.0,76.24,180.0
Negotiation_37,R6,2026-09-07T04:13:38.659398Z,behavior_monitor,1,838,308,858,436,821,565,129.57,258.05,134.85,system,NA,0.666,1.72,137.27,129.41,180.0,57.18,180.0
Negotiation_37,R6,2026-09-07T04:13:39.171502Z,behavior_monitor,1,821,353,792,436,803,566,87.33,213.33,130.48,system,NA,0.71,1.72,89.78,125.89,180.0,0.0,180.0
Negotiation_37,R6,2026-09-07T04:13:39.681420Z,behavior_monitor,1,823,404,826,428,803,566,24.29,162.99,139.61,system,NA,0.87,1.72,67.65,48.7,-90.0,0.0,165.0
Negotiation_37,R6,2026-09-07T04:13:39.766980Z,shot_hit,1,825,412,826,424,803,566,11.92,155.63,144.07,human,NA,0.929,1.72,67.65,50.91,-90.0,0.0,127.16
Negotiation_37,R6,2026-09-07T04:13:39.767943Z,flight_spawn,2,583,-20,826,424,803,566,506.67,626.45,144.07,system,NA,0.553,3.6,56.27,50.91,-90.0,0.0,127.16
Negotiation_37,R6,2026-09-07T04:13:41.265925Z,human_signal,2,733,238,861,431,714,567,231.51,329.69,200.43,human,i_can,0.587,3.6,81.26,139.13,36.48,30.31,59.09
Negotiation_37,R6,2026-09-07T04:13:41.282650Z,behavior_monitor,2,733,238,861,431,714,565,231.51,328.34,199.52,system,NA,0.586,3.6,81.26,138.7,38.14,79.41,-90.0
Negotiation_37,R6,2026-09-07T04:13:41.674047Z,agent_signal,2,772,313,831,455,731,565,154.32,256.01,149.08,agent,your_turn,0.624,3.6,73.31,137.34,160.43,57.18,0.0
Negotiation_37,R6,2026-09-07T04:13:41.792449Z,behavior_monitor,2,777,333,818,458,738,565,131.13,235.28,134.24,system,NA,0.642,3.6,73.31,129.41,180.0,57.18,0.0
Negotiation_37,R6,2026-09-07T04:13:42.304239Z,behavior_monitor,2,841,419,795,458,767,565,60.2,163.74,110.94,system,NA,0.731,3.6,51.83,129.41,0.0,57.18,0.0
Negotiation_37,R6,2026-09-07T04:13:42.611655Z,shot_miss,2,874,473,835,458,774,565,42.59,136.13,123.27,human,NA,0.762,3.6,52.7,129.41,0.0,0.0,0.0
Negotiation_37,R6,2026-09-07T04:13:42.815705Z,behavior_monitor,2,901,507,861,458,774,565,63.81,139.39,138.2,system,NA,0.686,3.6,52.7,129.41,0.0,0.0,53.9
Negotiation_37,R6,2026-09-07T04:13:43.325967Z,behavior_monitor,2,929,611,889,458,800,586,158.91,131.73,156.45,system,NA,0.453,3.6,51.85,0.0,0.0,130.47,54.25
Negotiation_37,R6,2026-09-07T04:13:43.837850Z,behavior_monitor,2,1014,673,927,510,838,640,184.59,178.96,156.83,system,NA,0.492,3.6,26.02,139.07,60.67,130.47,54.25
Negotiation_37,R6,2026-09-07T04:13:44.347820Z,behavior_monitor,2,1113,720,962,572,878,694,211.37,236.58,149.21,system,NA,0.528,3.6,26.02,138.31,56.79,130.47,54.25
Negotiation_37,R6,2026-09-07T04:13:44.483877Z,human_signal,2,1140,733,973,587,888,709,221.55,252.64,147.92,human,your_turn,0.533,3.6,26.02,137.97,56.5,130.47,54.25
Negotiation_37,R6,2026-09-07T04:13:44.484894Z,human_signal,2,1143,734,974,589,888,709,223.01,256.33,147.07,human,your_turn,0.535,3.6,26.02,137.97,56.5,130.47,54.25
Negotiation_37,R6,2026-09-07T04:13:44.857765Z,behavior_monitor,2,1215,756,1001,630,925,751,247.92,289.23,142.23,system,NA,0.538,3.6,4.49,138.14,56.4,99.11,0.0
Negotiation_37,R6,2026-09-07T04:13:45.316811Z,agent_signal,2,1300,794,1036,682,970,785,286.36,329.73,122.8,agent,i_can,0.535,3.6,51.02,99.38,45.37,169.61,54.25
Negotiation_37,R6,2026-09-07T04:13:45.367631Z,behavior_monitor,2,1305,799,1036,682,975,793,293.0,329.45,126.26,system,NA,0.529,3.6,51.02,0.0,45.37,169.61,54.25
Negotiation_37,R6,2026-09-07T04:13:45.880945Z,behavior_monitor,2,1321,903,1036,682,1026,863,360.34,297.78,181.41,system,NA,0.452,3.6,107.91,0.0,45.37,169.61,54.25
Negotiation_37,R6,2026-09-07T04:13:46.118833Z,flight_missed,2,1303,954,1036,682,1051,898,381.39,257.98,216.87,system,NA,0.403,3.6,107.91,0.0,45.37,169.61,54.25
Negotiation_37,R6,2026-09-07T04:13:46.119951Z,flight_spawn,3,113,-20,1036,682,1051,898,1160.06,1313.21,216.87,system,NA,0.531,3.07,49.37,0.0,45.37,169.61,54.25
Negotiation_37,R6,2026-09-07T04:13:47.888353Z,conflict,3,50,246,882,682,937,740,939.52,1015.42,79.84,system,NA,0.519,3.07,127.16,129.41,180.0,130.47,-125.75
Negotiation_37,R6,2026-09-07T04:13:48.893787Z,conflict,3,89,372,846,677,925,686,816.16,893.01,79.63,system,NA,0.522,2.69,9.62,79.48,-154.85,123.09,-120.66
Negotiation_37,R6,2026-09-07T04:13:51.479741Z,agent_signal,3,356,602,662,760,779,596,344.03,422.5,201.14,agent,your_turn,0.551,2.69,20.25,140.66,150.89,76.24,180.0
Negotiation_37,R6,2026-09-07T04:13:51.496785Z,behavior_monitor,3,356,602,662,760,778,597,344.03,421.51,199.47,system,NA,0.551,2.69,20.25,140.67,151.03,97.85,125.75
Negotiation_37,R6,2026-09-07T04:13:51.752624Z,human_signal,3,397,612,629,778,763,606,284.7,366.09,218.27,human,i_can,0.563,2.69,33.51,140.36,151.59,57.18,180.0
Negotiation_37,R6,2026-09-07T04:13:52.005334Z,behavior_monitor,3,418,643,599,794,749,626,235.68,331.27,224.5,system,NA,0.584,2.69,63.21,140.5,151.81,97.85,125.75
Negotiation_37,R6,2026-09-07T04:13:52.513049Z,behavior_monitor,3,438,718,536,827,720,667,146.89,286.18,243.94,system,NA,0.661,2.69,88.01,140.37,151.91,97.85,125.75
Negotiation_37,R6,2026-09-07T04:13:53.021575Z,behavior_monitor,3,411,791,473,861,720,667,93.42,333.11,314.44,system,NA,0.781,2.69,107.66,140.19,152.05,0.0,-31.17
Negotiation_37,R6,2026-09-07T04:13:53.533014Z,behavior_monitor,3,374,863,407,889,707,685,42.84,377.73,362.91,system,NA,0.898,2.69,119.88,131.7,158.13,123.22,125.75
Negotiation_37,R6,2026-09-07T04:13:53.789407Z,shot_hit,3,362,900,374,903,688,712,12.52,376.33,366.83,human,NA,0.968,2.69,123.89,139.39,158.19,130.47,125.75
Negotiation_37,R6,2026-09-07T04:13:53.790549Z,flight_spawn,4,531,-20,374,903,688,712,936.29,749.06,366.83,system,NA,0.444,3.09,49.67,139.39,158.19,130.47,125.75
Negotiation_37,R6,2026-09-07T04:13:55.335931Z,human_signal,4,551,209,366,849,594,582,666.1,375.4,350.81,human,your_turn,0.36,3.09,105.43,89.31,-47.85,130.47,-125.75
Negotiation_37,R6,2026-09-07T04:13:55.336720Z,behavior_monitor,4,551,209,366,849,594,582,666.1,375.4,350.81,system,NA,0.36,3.09,105.43,85.99,-46.18,130.47,-125.75
Negotiation_37,R6,2026-09-07T04:13:55.337150Z,human_signal,4,551,212,367,848,594,582,661.93,372.49,349.43,human,your_turn,0.36,3.09,105.43,85.99,-46.18,130.47,-125.75
Negotiation_37,R6,2026-09-07T04:13:55.846116Z,behavior_monitor,4,514,293,390,815,544,565,536.12,274.29,292.6,system,NA,0.338,3.09,122.6,111.45,-62.98,99.11,180.0
Negotiation_37,R6,2026-09-07T04:13:56.356700Z,behavior_monitor,4,473,374,410,780,494,566,410.76,193.17,229.71,system,NA,0.32,3.09,123.19,0.0,-90.0,99.11,180.0
Negotiation_37,R6,2026-09-07T04:13:56.425799Z,agent_signal,4,465,387,410,781,487,566,397.72,180.41,228.14,agent,i_can,0.312,3.09,123.19,0.0,-90.0,99.11,180.0
Negotiation_37,R6,2026-09-07T04:13:56.866704Z,behavior_monitor,4,420,450,434,815,443,566,365.36,118.35,249.32,system,NA,0.245,3.09,143.81,41.29,90.0,99.11,180.0
Negotiation_37,R6,2026-09-07T04:13:57.376911Z,behavior_monitor,4,363,514,400,819,393,566,307.0,59.75,253.05,system,NA,0.163,3.09,84.45,129.41,180.0,99.11,180.0
Negotiation_37,R6,2026-09-07T04:13:57.581951Z,shot_hit,4,370,553,372,819,371,566,265.4,12.53,252.94,agent,NA,0.045,3.09,63.13,129.41,180.0,99.11,180.0
Negotiation_37,R6,2026-09-07T04:13:57.582579Z,flight_spawn,5,1160,-20,372,819,371,566,1151.36,982.95,252.94,system,NA,0.461,2.83,135.0,129.41,180.0,99.11,180.0
Negotiation_37,R6,2026-09-07T04:14:00.663759Z,human_signal,5,887,387,702,817,508,565,468.06,418.61,317.65,human,i_can,0.472,2.83,122.79,134.51,17.02,0.0,0.0
Negotiation_37,R6,2026-09-07T04:14:00.680464Z,behavior_monitor,5,887,387,702,817,508,565,468.06,418.61,317.65,system,NA,0.472,2.83,122.79,134.42,16.91,0.0,0.0
Negotiation_37,R6,2026-09-07T04:14:01.192500Z,behavior_monitor,5,839,457,745,829,510,565,383.21,346.23,352.9,system,NA,0.475,2.83,120.23,0.0,0.0,57.18,0.0
Negotiation_37,R6,2026-09-07T04:14:01.705125Z,behavior_monitor,5,786,523,747,789,523,566,269.19,266.49,315.51,system,NA,0.497,2.83,148.66,75.74,-90.0,0.0,36.75
Negotiation_37,R6,2026-09-07T04:14:02.098230Z,agent_signal,5,720,542,736,789,523,566,247.29,198.27,307.5,agent,i_can,0.445,2.83,167.22,76.39,151.0,0.0,58.17
Negotiation_37,R6,2026-09-07T04:14:02.216914Z,behavior_monitor,5,703,546,729,796,535,566,251.31,168.62,300.08,system,NA,0.402,2.83,167.22,134.13,121.1,99.11,0.0
Negotiation_37,R6,2026-09-07T04:14:02.726207Z,behavior_monitor,5,649,604,680,837,586,597,234.45,63.85,257.2,system,NA,0.214,2.83,119.68,50.01,180.0,169.61,54.25
Negotiation_37,R6,2026-09-07T04:14:03.049856Z,shot_hit,5,622,653,659,857,605,644,206.64,19.23,219.38,agent,NA,0.085,2.83,119.68,139.09,121.0,169.61,125.75
Negotiation_37,R6,2026-09-07T04:14:03.050938Z,flight_spawn,6,1149,-20,659,857,605,644,1004.71,858.84,219.38,system,NA,0.461,3.22,128.43,139.09,121.0,169.61,125.75
Negotiation_37,R6,2026-09-07T04:14:03.152097Z,human_signal,6,1138,-7,653,867,605,644,1000.5,842.31,228.14,human,your_turn,0.457,3.22,128.43,141.51,119.86,0.0,90.0
Negotiation_37,R6,2026-09-07T04:14:03.153245Z,human_signal,6,1136,-4,652,869,605,644,999.82,839.19,229.95,human,your_turn,0.456,3.22,128.43,142.13,119.57,0.0,90.0
Negotiation_37,R6,2026-09-07T04:14:03.237916Z,behavior_monitor,6,1130,5,647,878,605,644,997.57,827.3,237.37,system,NA,0.453,3.22,128.43,142.84,119.02,0.0,90.0
Negotiation_37,R6,2026-09-07T04:14:03.747385Z,behavior_monitor,6,1164,85,644,908,644,590,973.92,725.29,318.17,system,NA,0.427,3.22,40.67,133.23,-14.91,169.61,-54.25
Negotiation_37,R6,2026-09-07T04:14:04.036554Z,human_signal,6,1208,122,683,891,672,565,930.98,694.63,326.72,human,i_can,0.427,3.22,40.67,141.1,-30.06,99.11,0.0
Negotiation_37,R6,2026-09-07T04:14:04.258833Z,behavior_monitor,6,1235,148,707,875,685,565,899.02,690.32,311.53,system,NA,0.434,3.22,40.67,142.67,-33.83,57.18,0.0
Negotiation_37,R6,2026-09-07T04:14:04.768233Z,behavior_monitor,6,1314,199,767,834,697,565,838.25,717.02,278.75,system,NA,0.461,3.22,17.49,143.06,-34.22,0.0,0.0
Negotiation_37,R6,2026-09-07T04:14:05.278538Z,behavior_monitor,6,1400,228,794,815,697,564,843.48,778.97,268.49,system,NA,0.48,3.22,17.49,0.0,-47.27,0.0,94.64
Negotiation_37,R6,2026-09-07T04:14:05.786199Z,behavior_monitor,6,1426,248,857,815,713,564,803.6,780.33,288.77,system,NA,0.493,1.98,163.55,129.41,0.0,76.24,0.0
Negotiation_37,R6,2026-09-07T04:14:06.299492Z,behavior_monitor,6,1382,277,923,799,753,564,695.23,691.79,289.41,system,NA,0.499,1.98,145.98,134.59,-15.95,76.24,0.0
Negotiation_37,R6,2026-09-07T04:14:06.807221Z,behavior_monitor,6,1339,313,989,793,791,564,594.45,602.76,302.43,system,NA,0.503,1.98,113.93,129.41,0.0,76.24,0.0
Negotiation_37,R6,2026-09-07T04:14:07.317711Z,behavior_monitor,6,1316,368,1055,788,817,564,495.35,536.25,326.59,system,NA,0.52,1.98,113.93,137.16,-19.35,76.24,0.0
Negotiation_37,R6,2026-09-07T04:14:07.830180Z,behavior_monitor,6,1317,423,1117,757,856,564,389.03,482.57,324.71,system,NA,0.554,1.98,65.79,137.06,-24.48,76.24,0.0
Negotiation_37,R6,2026-09-07T04:14:08.341887Z,behavior_monitor,6,1355,460,1183,751,895,564,337.81,471.81,343.88,system,NA,0.583,1.98,39.9,129.41,0.0,76.24,0.0
Negotiation_37,R6,2026-09-07T04:14:08.461364Z,agent_signal,6,1372,465,1201,751,904,564,333.68,478.81,351.06,agent,your_turn,0.589,1.98,17.36,129.41,0.0,76.24,0.0
Negotiation_37,R6,2026-09-07T04:14:08.850995Z,behavior_monitor,6,1415,481,1249,756,926,564,320.87,495.98,376.01,system,NA,0.607,1.98,41.2,136.21,18.18,57.18,0.0
Negotiation_37,R6,2026-09-07T04:14:09.360086Z,behavior_monitor,6,1447,522,1275,767,947,564,298.66,501.43,385.6,system,NA,0.627,1.57,125.29,0.0,0.0,0.0,0.0
Negotiation_37,R6,2026-09-07T04:14:09.872166Z,behavior_monitor,6,1441,566,1325,787,953,563,249.72,487.78,433.66,system,NA,0.661,1.57,78.69,135.67,23.77,76.24,0.0
Negotiation_37,R6,2026-09-07T04:14:10.384127Z,behavior_monitor,6,1450,612,1380,776,992,608,177.49,457.08,422.49,system,NA,0.72,1.39,113.47,133.93,-16.35,130.47,54.25
Negotiation_37,R6,2026-09-07T04:14:10.892870Z,behavior_monitor,6,1418,633,1386,753,1031,628,124.29,387.04,375.95,system,NA,0.757,1.39,156.06,61.33,-138.62,76.24,0.0
Negotiation_37,R6,2026-09-07T04:14:11.402066Z,behavior_monitor,6,1380,644,1350,727,1070,638,89.1,310.29,294.07,system,NA,0.777,1.39,178.38,98.79,-148.46,76.24,0.0
Negotiation_37,R6,2026-09-07T04:14:11.910728Z,behavior_monitor,6,1338,649,1338,701,1110,644,52.12,228.19,235.11,system,NA,0.814,1.39,162.5,97.38,-90.0,76.24,0.0
Negotiation_37,R6,2026-09-07T04:14:12.268626Z,shot_hit,6,1312,657,1329,656,1137,653,16.96,174.53,191.39,human,NA,0.911,1.39,162.5,137.19,-110.08,130.47,54.25
Negotiation_37,R6,2026-09-07T04:14:12.269546Z,flight_spawn,7,1158,-20,1329,656,1137,653,697.58,673.38,191.39,system,NA,0.491,2.83,45.0,137.19,-110.08,130.47,54.25
Negotiation_37,R6,2026-09-07T04:14:14.600730Z,human_signal,7,1369,276,1278,759,1286,566,491.05,301.25,193.11,human,your_turn,0.38,2.83,56.86,143.14,127.99,76.24,0.0
Negotiation_37,R6,2026-09-07T04:14:14.601807Z,behavior_monitor,7,1369,276,1278,759,1286,566,491.05,301.25,193.11,system,NA,0.38,2.83,56.86,143.07,128.02,76.24,0.0
Negotiation_37,R6,2026-09-07T04:14:14.602263Z,human_signal,7,1370,278,1277,761,1286,566,491.14,299.34,195.09,human,your_turn,0.379,2.83,56.86,143.07,128.02,76.24,0.0
Negotiation_37,R6,2026-09-07T04:14:15.110423Z,behavior_monitor,7,1416,347,1225,800,1337,566,491.67,232.85,259.45,system,NA,0.321,2.83,56.86,129.41,180.0,99.11,0.0
Negotiation_37,R6,2026-09-07T04:14:15.417231Z,agent_signal,7,1436,395,1183,800,1368,565,477.8,183.79,298.64,agent,i_can,0.278,2.83,85.48,129.41,180.0,99.11,0.0
Negotiation_37,R6,2026-09-07T04:14:15.620571Z,behavior_monitor,7,1427,424,1159,793,1388,565,455.83,146.46,322.7,system,NA,0.243,2.83,111.58,138.28,-152.72,99.11,0.0
Negotiation_37,R6,2026-09-07T04:14:16.130954Z,behavior_monitor,7,1394,501,1104,746,1379,565,380.63,66.0,329.85,system,NA,0.148,2.83,134.66,142.0,-136.34,99.11,180.0
Negotiation_37,R6,2026-09-07T04:14:16.401248Z,shot_hit,7,1361,535,1073,719,1351,565,342.05,31.84,317.51,agent,NA,0.085,2.83,134.66,140.94,-141.34,99.11,180.0
Negotiation_37,R6,2026-09-07T04:14:16.401532Z,flight_spawn,8,750,-20,1073,719,1351,565,807.28,838.56,317.51,system,NA,0.51,3.14,129.57,140.94,-141.34,99.11,180.0
Negotiation_37,R6,2026-09-07T04:14:18.847427Z,agent_signal,8,716,310,777,659,1190,566,354.34,539.2,423.85,agent,your_turn,0.603,3.14,43.07,43.91,-90.0,76.24,180.0
Negotiation_37,R6,2026-09-07T04:14:18.864797Z,behavior_monitor,8,716,310,777,659,1189,566,354.34,538.35,422.9,system,NA,0.603,3.14,43.07,43.91,-90.0,57.18,180.0
Negotiation_37,R6,2026-09-07T04:14:19.343253Z,human_signal,8,746,392,777,625,1163,566,234.8,451.26,390.3,human,i_can,0.658,3.14,90.46,98.19,-90.0,57.18,180.0
Negotiation_37,R6,2026-09-07T04:14:19.376865Z,behavior_monitor,8,747,396,777,624,1161,566,229.94,447.97,388.12,system,NA,0.661,3.14,90.46,101.21,-90.0,57.18,180.0
Negotiation_37,R6,2026-09-07T04:14:19.888483Z,behavior_monitor,8,751,488,753,570,1131,566,82.32,387.29,378.1,system,NA,0.825,3.14,65.9,137.57,-140.47,57.18,180.0
Negotiation_37,R6,2026-09-07T04:14:20.212091Z,shot_miss,8,774,542,744,552,1118,565,32.1,344.26,374.23,human,NA,0.915,3.14,65.9,129.41,0.0,0.0,-133.22
Negotiation_37,R6,2026-09-07T04:14:20.398835Z,behavior_monitor,8,790,571,768,552,1118,566,29.16,327.79,350.26,system,NA,0.918,3.14,38.62,129.41,0.0,0.0,68.16
Negotiation_37,R6,2026-09-07T04:14:20.569246Z,shot_miss,8,815,591,790,552,1118,566,45.94,303.86,328.28,human,NA,0.869,3.14,38.62,129.41,0.0,0.0,68.16
Negotiation_37,R6,2026-09-07T04:14:20.912970Z,behavior_monitor,8,851,642,828,574,1105,584,71.46,260.32,276.72,system,NA,0.785,3.14,66.66,135.69,49.29,130.47,125.75
Negotiation_37,R6,2026-09-07T04:14:21.422063Z,behavior_monitor,8,888,729,858,636,1066,638,97.86,199.31,207.3,system,NA,0.671,3.14,69.19,128.67,71.78,123.22,125.75
Negotiation_37,R6,2026-09-07T04:14:21.933051Z,behavior_monitor,8,956,780,875,702,1026,693,113.33,111.86,152.1,system,NA,0.497,3.14,8.88,129.41,90.0,130.47,125.75
Negotiation_37,R6,2026-09-07T04:14:22.442767Z,behavior_monitor,8,1051,799,867,758,1012,747,189.12,65.68,145.89,system,NA,0.258,3.14,13.52,101.05,158.09,130.47,54.25
Negotiation_37,R6,2026-09-07T04:14:22.952017Z,behavior_monitor,8,1135,840,801,758,1051,800,344.09,92.46,254.2,system,NA,0.212,3.14,41.78,129.41,180.0,130.47,54.25
Negotiation_37,R6,2026-09-07T04:14:23.461305Z,behavior_monitor,8,1147,926,735,758,1090,854,445.82,92.86,367.62,system,NA,0.172,3.14,91.69,129.41,180.0,130.47,54.25
Negotiation_37,R6,2026-09-07T04:14:23.598219Z,flight_missed,8,1136,952,715,758,1101,870,463.5,88.99,402.45,system,NA,0.161,3.14,124.12,129.41,180.0,130.47,54.25
Negotiation_37,R6,2026-09-07T04:14:23.599331Z,flight_spawn,9,665,-20,715,758,1101,870,779.79,991.24,402.45,system,NA,0.56,3.19,128.81,129.41,180.0,130.47,54.25
Negotiation_37,R6,2026-09-07T04:14:25.488534Z,agent_signal,9,596,312,628,670,982,704,359.4,550.34,355.88,agent,your_turn,0.605,3.19,107.72,138.4,-128.16,130.47,-125.75
Negotiation_37,R6,2026-09-07T04:14:25.505812Z,behavior_monitor,9,596,312,628,670,981,703,359.4,548.7,354.78,system,NA,0.604,3.19,107.72,138.4,-128.16,97.85,-125.75
Negotiation_37,R6,2026-09-07T04:14:26.006015Z,behavior_monitor,9,536,383,573,625,952,662,245.13,500.4,380.57,system,NA,0.671,3.19,130.58,149.11,-157.24,103.97,-125.75
Negotiation_37,R6,2026-09-07T04:14:26.515988Z,behavior_monitor,9,472,451,507,622,938,643,174.33,503.31,431.32,system,NA,0.743,3.19,128.32,129.41,180.0,0.0,-135.49
Negotiation_37,R6,2026-09-07T04:14:27.024757Z,behavior_monitor,9,390,482,441,622,938,642,148.51,570.49,497.57,system,NA,0.793,3.19,160.41,129.41,180.0,0.0,-55.77
Negotiation_37,R6,2026-09-07T04:14:27.536713Z,behavior_monitor,9,300,515,375,629,911,604,137.08,616.86,535.85,system,NA,0.818,3.19,160.41,137.61,151.56,130.47,-125.75
Negotiation_37,R6,2026-09-07T04:14:28.048700Z,behavior_monitor,9,212,550,322,674,872,566,165.87,660.73,560.93,system,NA,0.799,3.19,128.16,135.96,152.19,76.24,180.0
Negotiation_37,R6,2026-09-07T04:14:28.558616Z,behavior_monitor,9,126,597,257,699,834,591,166.6,708.08,586.57,system,NA,0.81,3.19,151.8,138.3,146.83,130.47,125.75
Negotiation_37,R6,2026-09-07T04:14:29.069288Z,behavior_monitor,9,80,673,203,745,794,644,141.66,714.41,600.11,system,NA,0.835,3.19,125.98,139.75,142.66,130.47,125.75
Negotiation_37,R6,2026-09-07T04:14:29.579369Z,behavior_monitor,9,25,733,148,790,755,698,135.18,730.38,614.23,system,NA,0.844,2.27,42.36,139.69,138.25,130.47,125.75
Negotiation_37,R6,2026-09-07T04:14:30.090527Z,behavior_monitor,9,78,779,94,837,717,751,60.4,639.67,628.96,system,NA,0.914,2.27,42.36,138.81,148.06,109.7,120.74
Negotiation_37,R6,2026-09-07T04:14:30.484210Z,shot_hit,9,117,814,125,830,687,792,17.93,570.59,563.81,human,NA,0.97,2.27,42.36,134.61,-15.97,130.47,125.75
Negotiation_37,R6,2026-09-07T04:14:30.485357Z,flight_spawn,10,1394,-20,125,830,687,792,1528.29,1077.27,563.81,system,NA,0.413,3.2,128.67,134.61,-15.97,130.47,125.75
Negotiation_37,R6,2026-09-07T04:14:32.081552Z,human_signal,10,1437,223,239,771,785,655,1317.35,782.74,557.65,human,your_turn,0.373,2.69,118.98,133.65,14.47,130.47,-54.25
Negotiation_37,R6,2026-09-07T04:14:32.083155Z,behavior_monitor,10,1437,223,239,771,785,655,1317.35,782.74,557.65,system,NA,0.373,2.69,118.98,133.65,14.47,130.47,-54.25
Negotiation_37,R6,2026-09-07T04:14:32.083622Z,human_signal,10,1436,225,242,772,785,655,1313.28,780.21,555.62,human,your_turn,0.373,2.69,118.98,133.65,14.47,130.47,-54.25
Negotiation_37,R6,2026-09-07T04:14:32.591312Z,behavior_monitor,10,1407,296,305,778,835,585,1202.4,640.86,563.68,system,NA,0.348,2.69,74.48,129.41,0.0,169.61,-54.25
Negotiation_37,R6,2026-09-07T04:14:32.947602Z,agent_signal,10,1432,349,354,762,871,564,1154.74,601.41,553.33,agent,i_can,0.342,2.69,50.56,139.49,-21.92,99.11,0.0
Negotiation_37,R6,2026-09-07T04:14:33.100444Z,behavior_monitor,10,1447,365,371,755,886,564,1143.99,595.5,548.52,system,NA,0.342,2.69,50.56,139.8,-22.23,99.11,0.0
Negotiation_37,R6,2026-09-07T04:14:33.613035Z,behavior_monitor,10,1440,433,437,732,937,564,1046.5,520.47,526.68,system,NA,0.332,2.32,95.63,129.41,0.0,99.11,0.0
Negotiation_37,R6,2026-09-07T04:14:34.124511Z,behavior_monitor,10,1422,497,503,732,987,564,948.72,440.45,512.18,system,NA,0.317,2.32,141.86,129.41,0.0,99.11,0.0
Negotiation_37,R6,2026-09-07T04:14:34.633465Z,behavior_monitor,10,1362,539,569,732,1038,564,815.22,324.64,497.77,system,NA,0.285,2.32,119.64,137.5,0.0,105.3,0.0
Negotiation_37,R6,2026-09-07T04:14:35.144426Z,behavior_monitor,10,1312,581,635,732,1088,577,693.25,223.75,478.54,system,NA,0.244,2.32,170.41,129.41,0.0,169.61,54.25
Negotiation_37,R6,2026-09-07T04:14:35.654776Z,behavior_monitor,10,1248,597,701,732,1138,592,562.94,109.62,458.96,system,NA,0.163,2.32,164.27,129.41,0.0,99.11,0.0
Negotiation_37,R6,2026-09-07T04:14:36.080921Z,shot_hit,10,1194,620,759,732,1175,615,449.99,19.61,432.95,agent,NA,0.042,2.32,140.32,129.41,0.0,0.0,90.0
Negotiation_37,R6,2026-09-07T04:14:36.081981Z,flight_spawn,11,530,-20,759,732,1175,615,786.4,906.17,432.95,system,NA,0.535,3.08,130.42,129.41,0.0,0.0,90.0
Negotiation_37,R6,2026-09-07T04:14:37.152442Z,human_signal,11,426,138,714,701,1118,566,632.65,813.79,425.62,human,i_can,0.563,3.08,137.83,129.41,180.0,76.24,180.0
Negotiation_37,R6,2026-09-07T04:14:37.169366Z,behavior_monitor,11,426,138,714,701,1117,566,632.65,812.96,424.7,system,NA,0.562,3.08,137.83,129.41,180.0,57.18,180.0
Negotiation_37,R6,2026-09-07T04:14:37.680508Z,behavior_monitor,11,351,191,648,701,1088,566,590.13,826.67,460.38,system,NA,0.583,3.08,141.09,129.41,180.0,57.18,180.0
Negotiation_37,R6,2026-09-07T04:14:38.194212Z,behavior_monitor,11,273,229,582,701,1075,566,564.14,869.81,510.73,system,NA,0.607,3.08,147.13,129.41,180.0,0.0,156.23
Negotiation_37,R6,2026-09-07T04:14:38.704087Z,behavior_monitor,11,192,264,516,701,1075,567,544.22,933.36,574.46,system,NA,0.632,3.08,148.7,129.41,180.0,0.0,128.68
Negotiation_37,R6,2026-09-07T04:14:39.213297Z,behavior_monitor,11,129,325,450,701,1041,565,494.0,943.19,606.8,system,NA,0.656,3.08,97.28,129.41,180.0,76.24,180.0
Negotiation_37,R6,2026-09-07T04:14:39.691884Z,agent_signal,11,119,414,386,701,1005,564,392.21,898.87,633.82,agent,your_turn,0.696,3.08,73.77,129.41,180.0,76.24,180.0
Negotiation_37,R6,2026-09-07T04:14:39.725775Z,behavior_monitor,11,119,417,384,701,1003,564,388.44,896.31,634.07,system,NA,0.698,3.08,73.77,129.41,180.0,57.18,180.0
Negotiation_37,R6,2026-09-07T04:14:40.241837Z,behavior_monitor,11,143,506,318,705,974,564,264.76,832.52,670.91,system,NA,0.759,3.08,73.77,133.73,165.4,57.18,180.0
Negotiation_37,R6,2026-09-07T04:14:40.752412Z,behavior_monitor,11,168,595,252,706,962,564,139.62,795.17,724.7,system,NA,0.851,3.08,100.41,135.45,-162.82,0.0,180.0
Negotiation_37,R6,2026-09-07T04:14:41.263000Z,behavior_monitor,11,156,686,190,681,957,571,34.71,809.67,774.96,system,NA,0.959,3.08,100.41,129.41,180.0,130.47,125.75
Negotiation_37,R6,2026-09-07T04:14:41.314117Z,shot_miss,11,153,695,183,681,953,577,33.26,808.65,776.9,human,NA,0.96,3.08,100.41,129.41,180.0,130.47,125.75
Negotiation_37,R6,2026-09-07T04:14:41.772557Z,behavior_monitor,11,139,777,130,710,919,625,67.19,795.02,793.71,system,NA,0.922,3.08,73.33,131.91,120.95,130.47,125.75
Negotiation_37,R6,2026-09-07T04:14:41.857814Z,shot_miss,11,143,792,125,720,912,633,73.56,785.28,792.62,human,NA,0.914,3.08,73.33,135.73,117.09,130.47,125.75
Negotiation_37,R6,2026-09-07T04:14:42.282831Z,behavior_monitor,11,137,865,127,774,881,679,90.93,766.79,759.74,system,NA,0.894,3.08,120.66,144.39,34.72,130.47,125.75
Negotiation_37,R6,2026-09-07T04:14:42.793504Z,behavior_monitor,11,82,940,167,763,842,733,195.49,786.64,675.24,system,NA,0.801,3.08,142.22,71.93,-31.34,130.47,125.75
Negotiation_37,R6,2026-09-07T04:14:42.896992Z,flight_missed,11,65,953,174,759,832,746,222.66,795.0,658.35,system,NA,0.781,3.08,142.22,71.69,-31.46,130.47,125.75
Negotiation_37,R6,2026-09-07T04:14:42.897998Z,flight_spawn,12,119,-20,174,759,832,746,781.48,1047.4,658.35,system,NA,0.573,2.83,135.0,71.69,-31.46,130.47,125.75
Negotiation_37,R6,2026-09-07T04:14:45.978011Z,agent_signal,12,106,322,85,502,660,565,180.79,605.46,578.59,agent,your_turn,0.77,1.7,27.61,116.28,-90.0,76.24,180.0
Negotiation_37,R6,2026-09-07T04:14:45.994996Z,behavior_monitor,12,106,322,85,502,659,565,180.79,604.57,577.62,system,NA,0.77,1.7,27.61,120.93,-71.51,57.18,180.0
Negotiation_37,R6,2026-09-07T04:14:46.506484Z,behavior_monitor,12,134,363,130,453,630,565,90.47,535.17,512.03,system,NA,0.855,1.7,54.89,141.11,-35.87,57.18,180.0
Negotiation_37,R6,2026-09-07T04:14:47.015399Z,behavior_monitor,12,177,392,180,404,618,565,12.77,473.43,466.16,system,NA,0.974,1.7,54.2,135.92,-45.5,0.0,180.0
Negotiation_37,R6,2026-09-07T04:14:47.032264Z,shot_hit,12,178,393,182,403,618,565,10.29,472.3,465.1,human,NA,0.979,1.7,54.2,135.92,-45.5,0.0,180.0
Negotiation_37,R6,2026-09-07T04:14:47.032769Z,flight_spawn,13,476,-20,182,403,618,565,515.66,602.51,465.1,system,NA,0.539,2.83,45.0,135.92,-45.5,0.0,180.0
Negotiation_37,R6,2026-09-07T04:14:49.531279Z,agent_signal,13,502,311,450,380,494,566,85.59,254.94,191.38,agent,your_turn,0.749,2.83,101.74,0.0,-90.0,76.24,180.0
Negotiation_37,R6,2026-09-07T04:14:49.547879Z,behavior_monitor,13,502,311,450,380,493,566,85.59,254.97,191.16,system,NA,0.749,2.83,101.74,0.0,-90.0,57.18,180.0
Negotiation_37,R6,2026-09-07T04:14:50.056730Z,behavior_monitor,13,482,391,479,387,471,566,5.33,174.97,178.63,system,NA,0.97,2.83,101.17,134.63,18.49,57.18,180.0
Negotiation_37,R6,2026-09-07T04:14:50.142185Z,shot_hit,13,479,405,489,391,466,566,17.8,161.21,176.35,human,NA,0.901,2.83,101.17,135.12,18.53,57.18,180.0
Negotiation_37,R6,2026-09-07T04:14:50.143285Z,flight_spawn,14,1133,-20,489,391,466,566,763.47,887.39,176.35,system,NA,0.538,2.83,135.0,135.12,18.53,57.18,180.0
Negotiation_37,R6,2026-09-07T04:14:55.010805Z,agent_signal,14,1286,316,1056,432,814,566,257.98,534.3,276.43,agent,your_turn,0.674,1.81,117.35,137.25,25.16,76.24,0.0
Negotiation_37,R6,2026-09-07T04:14:55.027661Z,behavior_monitor,14,1286,316,1056,432,815,566,257.98,533.44,275.58,system,NA,0.674,1.81,117.35,137.77,27.03,57.18,0.0
Negotiation_37,R6,2026-09-07T04:14:55.539089Z,behavior_monitor,14,1261,361,1115,470,844,566,181.56,463.76,287.4,system,NA,0.719,1.81,137.81,139.35,33.8,57.18,0.0
Negotiation_37,R6,2026-09-07T04:14:56.050686Z,behavior_monitor,14,1218,399,1175,484,857,566,95.49,398.23,328.86,system,NA,0.807,1.81,87.5,115.82,-34.99,0.0,0.0
Negotiation_37,R6,2026-09-07T04:14:56.528671Z,human_signal,14,1212,450,1220,446,857,566,8.68,374.37,383.01,human,i_can,0.977,1.81,85.9,134.05,-24.32,0.0,173.3
Negotiation_37,R6,2026-09-07T04:14:56.563185Z,behavior_monitor,14,1212,451,1222,445,858,566,11.96,372.16,383.81,system,NA,0.969,1.81,85.9,135.35,-22.86,44.18,22.66
Negotiation_37,R6,2026-09-07T04:14:56.834928Z,shot_miss,14,1211,480,1252,432,874,567,63.08,348.3,401.74,human,NA,0.847,1.81,134.1,66.58,-43.23,57.18,0.0
Negotiation_37,R6,2026-09-07T04:14:57.072633Z,behavior_monitor,14,1194,498,1252,444,887,567,79.12,314.37,384.88,system,NA,0.799,1.81,134.1,129.41,90.0,57.18,0.0
Negotiation_37,R6,2026-09-07T04:14:57.584056Z,behavior_monitor,14,1171,544,1218,505,900,566,61.68,271.49,324.03,system,NA,0.815,1.81,106.66,146.31,133.47,0.0,-81.88
Negotiation_37,R6,2026-09-07T04:14:58.095248Z,behavior_monitor,14,1196,592,1178,566,900,566,31.54,297.38,278.45,system,NA,0.904,1.81,58.12,138.96,111.36,0.0,-141.33
Negotiation_37,R6,2026-09-07T04:14:58.588391Z,shot_miss,14,1229,627,1200,626,936,618,29.16,293.04,263.88,human,NA,0.909,1.81,8.62,135.41,55.23,130.47,54.25
Negotiation_37,R6,2026-09-07T04:14:58.605641Z,behavior_monitor,14,1230,627,1201,628,938,620,29.0,292.86,263.9,system,NA,0.91,1.81,8.62,135.49,55.04,130.47,54.25
Negotiation_37,R6,2026-09-07T04:14:58.979955Z,shot_miss,14,1267,636,1238,660,966,630,37.54,301.24,273.61,human,NA,0.889,1.81,17.76,134.38,15.64,76.24,0.0
Negotiation_37,R6,2026-09-07T04:14:59.116491Z,behavior_monitor,14,1280,641,1256,660,976,636,30.79,303.33,280.29,system,NA,0.908,1.81,17.76,129.41,0.0,76.24,0.0
Negotiation_37,R6,2026-09-07T04:14:59.439790Z,shot_hit,14,1317,647,1298,660,1001,641,23.39,316.07,297.01,human,NA,0.931,1.81,10.45,129.41,0.0,76.24,0.0
Negotiation_37,R6,2026-09-07T04:14:59.440898Z,flight_spawn,15,926,-20,1298,660,1001,641,775.15,665.95,297.01,system,NA,0.462,3.19,128.78,129.41,0.0,76.24,0.0
Negotiation_37,R6,2026-09-07T04:15:01.286990Z,human_signal,15,660,189,1268,689,918,566,787.33,456.2,371.67,human,your_turn,0.367,3.19,143.12,142.55,135.88,76.24,180.0
Negotiation_37,R6,2026-09-07T04:15:01.289629Z,behavior_monitor,15,660,189,1268,689,918,566,787.33,456.2,371.67,system,NA,0.367,3.19,143.12,142.55,135.88,76.24,180.0
Negotiation_37,R6,2026-09-07T04:15:01.290038Z,human_signal,15,657,191,1267,690,918,566,787.94,456.16,370.61,human,your_turn,0.367,3.19,143.12,142.55,135.88,76.24,180.0
Negotiation_37,R6,2026-09-07T04:15:01.796364Z,behavior_monitor,15,574,231,1216,738,867,565,817.37,444.14,389.03,system,NA,0.352,3.19,144.31,137.27,160.52,85.68,-164.19
Negotiation_37,R6,2026-09-07T04:15:02.305759Z,behavior_monitor,15,483,257,1150,744,816,565,825.55,454.04,378.23,system,NA,0.355,3.19,169.39,129.41,180.0,99.11,180.0
Negotiation_37,R6,2026-09-07T04:15:02.816995Z,behavior_monitor,15,393,275,1084,745,765,566,835.14,471.91,365.5,system,NA,0.361,3.19,150.98,133.5,165.78,99.11,180.0
Negotiation_37,R6,2026-09-07T04:15:03.106255Z,agent_signal,15,348,311,1044,755,737,565,825.14,463.97,361.24,agent,i_can,0.36,3.19,130.06,133.69,165.47,99.11,180.0
Negotiation_37,R6,2026-09-07T04:15:03.327410Z,behavior_monitor,15,322,338,1018,762,715,565,815.13,453.98,361.42,system,NA,0.358,3.19,130.73,133.69,165.47,99.11,180.0
Negotiation_37,R6,2026-09-07T04:15:03.836870Z,behavior_monitor,15,238,383,952,779,664,565,815.94,463.1,358.52,system,NA,0.362,3.19,154.37,133.69,165.47,99.11,180.0
Negotiation_37,R6,2026-09-07T04:15:04.346688Z,behavior_monitor,15,199,457,886,780,614,565,759.05,428.83,346.69,system,NA,0.361,3.19,99.16,129.41,180.0,99.11,180.0
Negotiation_37,R6,2026-09-07T04:15:04.858398Z,behavior_monitor,15,152,534,820,780,563,565,711.3,412.17,334.71,system,NA,0.367,3.19,149.92,122.22,180.0,93.6,180.0
Negotiation_37,R6,2026-09-07T04:15:05.370885Z,behavior_monitor,15,61,558,754,780,513,565,727.91,452.15,322.98,system,NA,0.383,3.19,152.63,129.41,180.0,99.11,180.0
Negotiation_37,R6,2026-09-07T04:15:05.880584Z,behavior_monitor,15,24,633,724,780,462,624,715.68,438.59,305.16,system,NA,0.38,2.75,85.08,0.0,180.0,169.61,125.75
Negotiation_37,R6,2026-09-07T04:15:06.389183Z,behavior_monitor,15,48,709,724,780,412,694,680.06,364.29,324.14,system,NA,0.349,2.75,84.87,0.0,180.0,169.61,125.75
Negotiation_37,R6,2026-09-07T04:15:06.899508Z,behavior_monitor,15,67,789,724,780,361,764,656.6,294.21,363.72,system,NA,0.309,2.75,86.77,0.0,180.0,169.61,125.75
Negotiation_37,R6,2026-09-07T04:15:07.409497Z,behavior_monitor,15,47,864,724,780,309,835,682.46,264.28,418.22,system,NA,0.279,2.75,118.05,0.0,180.0,169.61,125.75
Negotiation_37,R6,2026-09-07T04:15:07.918439Z,behavior_monitor,15,44,900,745,780,258,896,711.32,214.54,500.29,system,NA,0.232,1.71,5.52,122.88,0.0,169.61,125.75
Negotiation_37,R6,2026-09-07T04:15:09.005082Z,shot_hit,15,156,920,857,780,150,910,714.68,12.01,718.84,agent,NA,0.017,1.71,33.8,74.77,0.0,99.11,180.0
Negotiation_37,R6,2026-09-07T04:15:09.007142Z,flight_spawn,16,1149,-20,857,780,150,910,852.66,1365.26,718.84,system,NA,0.616,3.14,50.4,74.77,0.0,99.11,180.0
Negotiation_37,R6,2026-09-07T04:15:10.477196Z,human_signal,16,1269,217,1005,729,214,820,576.56,1215.07,795.54,human,i_can,0.678,3.14,79.4,141.46,-25.58,130.47,-54.25
Negotiation_37,R6,2026-09-07T04:15:10.493839Z,behavior_monitor,16,1269,217,1005,729,215,819,576.56,1213.56,794.42,system,NA,0.678,3.14,79.4,141.46,-25.58,97.85,-54.25
Negotiation_37,R6,2026-09-07T04:15:11.004986Z,behavior_monitor,16,1302,303,1070,699,245,778,458.95,1159.32,828.95,system,NA,0.716,3.14,60.94,140.45,-24.71,97.85,-54.25
Negotiation_37,R6,2026-09-07T04:15:11.517067Z,behavior_monitor,16,1341,385,1135,673,258,759,354.58,1146.03,881.13,system,NA,0.764,3.14,39.17,129.41,0.0,0.0,-54.25
Negotiation_37,R6,2026-09-07T04:15:11.772459Z,agent_signal,16,1367,426,1170,673,258,759,315.9,1157.6,916.32,agent,your_turn,0.786,3.14,89.02,129.41,0.0,0.0,-123.71
Negotiation_37,R6,2026-09-07T04:15:12.026581Z,behavior_monitor,16,1359,468,1201,674,273,739,259.78,1119.74,930.36,system,NA,0.812,3.14,84.86,133.76,14.66,97.85,-54.25
Negotiation_37,R6,2026-09-07T04:15:12.538930Z,behavior_monitor,16,1418,535,1266,700,303,698,225.0,1127.71,962.93,system,NA,0.834,3.14,28.16,135.62,22.7,97.85,-54.25
Negotiation_37,R6,2026-09-07T04:15:13.048253Z,behavior_monitor,16,1444,604,1329,726,303,698,167.26,1145.37,1027.11,system,NA,0.873,2.82,56.77,143.51,22.13,0.0,-54.25
Negotiation_37,R6,2026-09-07T04:15:13.558594Z,behavior_monitor,16,1423,673,1394,751,333,668,82.99,1089.79,1063.93,system,NA,0.929,2.54,160.98,134.87,19.43,76.24,0.0
Negotiation_37,R6,2026-09-07T04:15:14.069466Z,behavior_monitor,16,1351,694,1391,745,372,690,65.11,978.88,1020.76,system,NA,0.938,2.54,175.47,135.2,-163.18,76.24,0.0
Negotiation_37,R6,2026-09-07T04:15:14.580713Z,behavior_monitor,16,1279,716,1325,744,410,711,54.23,868.55,915.47,system,NA,0.941,2.54,146.06,129.41,180.0,130.47,54.25
Negotiation_37,R6,2026-09-07T04:15:15.089803Z,behavior_monitor,16,1214,761,1259,749,449,755,46.52,765.17,810.22,system,NA,0.943,2.54,118.36,135.96,160.39,130.47,54.25
Negotiation_37,R6,2026-09-07T04:15:15.242779Z,shot_miss,16,1202,777,1240,759,460,771,42.51,741.5,780.27,human,NA,0.946,2.54,172.46,139.3,149.46,130.47,54.25
Negotiation_37,R6,2026-09-07T04:15:15.599511Z,behavior_monitor,16,1151,791,1201,790,487,785,49.96,664.15,714.1,system,NA,0.93,2.54,148.78,142.5,133.84,76.24,0.0
Negotiation_37,R6,2026-09-07T04:15:16.107820Z,behavior_monitor,16,1085,825,1141,829,526,820,56.63,558.82,615.38,system,NA,0.908,2.54,147.46,138.96,151.1,76.24,0.0
Negotiation_37,R6,2026-09-07T04:15:16.617656Z,behavior_monitor,16,1021,860,1079,862,565,856,58.26,455.85,514.1,system,NA,0.887,2.54,162.16,138.61,156.26,130.47,54.25
Negotiation_37,R6,2026-09-07T04:15:18.217057Z,flight_missed,16,812,953,986,883,687,910,187.24,132.49,299.86,system,NA,0.414,2.54,126.13,143.47,-37.63,76.24,0.0
Negotiation_37,R6,2026-09-07T04:15:18.218270Z,flight_spawn,17,964,-20,986,883,687,910,903.87,970.31,299.86,system,NA,0.518,3.06,49.12,143.47,-37.63,76.24,0.0
Negotiation_37,R6,2026-09-07T04:15:20.852247Z,agent_signal,17,1219,349,1176,598,834,704,253.13,523.4,357.97,agent,your_turn,0.674,3.06,23.73,141.45,-35.19,130.47,-54.25
Negotiation_37,R6,2026-09-07T04:15:20.869075Z,behavior_monitor,17,1219,349,1176,598,835,703,253.13,521.77,356.64,system,NA,0.673,3.06,23.73,140.85,-33.41,97.85,-54.25
Negotiation_37,R6,2026-09-07T04:15:21.381374Z,behavior_monitor,17,1285,412,1241,575,864,661,169.55,489.1,386.15,system,NA,0.743,3.06,50.44,129.41,0.0,97.85,-54.25
Negotiation_37,R6,2026-09-07T04:15:21.892503Z,behavior_monitor,17,1366,448,1307,575,877,644,140.9,527.06,435.28,system,NA,0.789,3.06,21.39,129.41,0.0,0.0,-54.25
Negotiation_37,R6,2026-09-07T04:15:22.401983Z,behavior_monitor,17,1437,493,1373,575,878,642,104.37,578.49,499.04,system,NA,0.847,3.06,50.15,129.41,0.0,130.47,-54.25
Negotiation_37,R6,2026-09-07T04:15:22.914112Z,behavior_monitor,17,1417,564,1439,575,917,588,24.28,501.09,521.95,system,NA,0.954,2.62,116.6,126.01,0.0,130.47,-54.25
Negotiation_37,R6,2026-09-07T04:15:22.947482Z,shot_hit,17,1416,568,1439,575,919,584,23.93,496.56,519.28,human,NA,0.954,2.62,116.6,0.0,0.0,130.47,-54.25
Negotiation_37,R6,2026-09-07T04:15:22.948054Z,flight_spawn,18,853,-20,1439,575,919,584,835.62,608.64,519.28,system,NA,0.421,2.93,46.95,0.0,0.0,130.47,-54.25
Negotiation_37,R6,2026-09-07T04:15:25.904844Z,agent_signal,18,1007,343,1311,610,996,565,405.43,222.94,318.17,agent,i_can,0.355,2.93,105.59,137.5,90.0,81.0,180.0
Negotiation_37,R6,2026-09-07T04:15:25.922122Z,behavior_monitor,18,1007,343,1311,610,994,565,405.43,223.02,319.84,system,NA,0.355,2.93,105.59,129.41,90.0,99.11,180.0
Negotiation_37,R6,2026-09-07T04:15:26.422521Z,behavior_monitor,18,932,372,1311,676,944,565,485.56,192.99,384.03,system,NA,0.284,2.93,176.79,129.41,90.0,99.11,180.0
Negotiation_37,R6,2026-09-07T04:15:26.932942Z,behavior_monitor,18,846,381,1294,741,894,565,575.28,190.31,437.62,system,NA,0.249,2.93,168.34,143.79,125.78,99.11,180.0
Negotiation_37,R6,2026-09-07T04:15:27.443254Z,behavior_monitor,18,790,438,1234,778,843,565,558.97,137.67,444.86,system,NA,0.198,2.93,125.66,139.15,157.64,99.11,180.0
Negotiation_37,R6,2026-09-07T04:15:27.957435Z,behavior_monitor,18,761,518,1168,805,793,565,498.53,57.17,445.34,system,NA,0.103,2.93,95.93,139.55,157.38,99.11,180.0
Negotiation_37,R6,2026-09-07T04:15:28.280172Z,shot_hit,18,777,573,1125,823,759,568,428.69,18.18,445.79,agent,NA,0.041,2.93,50.07,139.55,157.38,99.11,180.0
Negotiation_37,R6,2026-09-07T04:15:28.280898Z,flight_spawn,19,1060,-20,1125,823,759,568,846.31,660.34,445.79,system,NA,0.438,2.89,46.19,139.55,157.38,99.11,180.0
Negotiation_37,R6,2026-09-07T04:15:31.388905Z,agent_signal,19,1253,330,1288,610,930,565,281.87,399.35,360.21,agent,your_turn,0.586,2.89,134.57,133.04,-112.18,76.24,0.0
Negotiation_37,R6,2026-09-07T04:15:31.405862Z,behavior_monitor,19,1253,330,1288,610,931,565,281.87,398.57,359.25,system,NA,0.586,2.89,134.57,133.04,-112.18,57.18,0.0
Negotiation_37,R6,2026-09-07T04:15:31.916155Z,behavior_monitor,19,1186,368,1274,570,961,565,220.41,299.19,312.76,system,NA,0.576,2.89,179.99,0.0,-90.0,57.18,0.0
Negotiation_37,R6,2026-09-07T04:15:32.425208Z,behavior_monitor,19,1101,368,1259,614,974,565,292.56,234.17,288.71,system,NA,0.445,2.89,179.99,139.28,118.04,0.0,0.24
Negotiation_37,R6,2026-09-07T04:15:32.579097Z,human_signal,19,1076,368,1249,633,974,565,316.62,221.87,282.86,human,your_turn,0.412,2.89,179.99,141.42,117.27,9.45,161.62
Negotiation_37,R6,2026-09-07T04:15:32.579822Z,human_signal,19,1073,368,1248,635,974,565,319.14,220.78,282.33,human,your_turn,0.409,2.89,179.99,141.42,117.27,0.0,161.62
Negotiation_37,R6,2026-09-07T04:15:32.937349Z,behavior_monitor,19,1018,373,1221,674,1002,565,362.67,192.31,244.85,system,NA,0.347,2.89,176.95,137.41,146.24,99.11,180.0
Negotiation_37,R6,2026-09-07T04:15:33.447296Z,behavior_monitor,19,932,378,1157,703,951,565,395.98,187.99,248.45,system,NA,0.322,2.89,176.95,135.96,162.15,99.11,180.0
Negotiation_37,R6,2026-09-07T04:15:33.515717Z,agent_signal,19,918,378,1148,706,945,564,400.51,187.73,248.03,agent,i_can,0.319,2.89,176.95,133.41,165.93,99.11,180.0
Negotiation_37,R6,2026-09-07T04:15:33.958361Z,behavior_monitor,19,848,402,1091,706,901,565,389.33,171.1,236.94,system,NA,0.305,2.89,178.86,122.22,180.0,93.6,180.0
Negotiation_37,R6,2026-09-07T04:15:34.469060Z,behavior_monitor,19,778,450,1030,731,851,565,377.66,136.09,244.46,system,NA,0.265,2.89,125.38,142.02,137.29,99.11,180.0
Negotiation_37,R6,2026-09-07T04:15:34.980372Z,behavior_monitor,19,726,521,973,775,800,565,354.23,85.77,272.35,system,NA,0.195,2.89,125.38,138.43,155.63,99.11,180.0
Negotiation_37,R6,2026-09-07T04:15:35.493423Z,behavior_monitor,19,647,548,907,784,749,564,351.77,103.69,270.96,system,NA,0.228,2.89,146.75,122.22,180.0,93.6,180.0
Negotiation_37,R6,2026-09-07T04:15:36.005363Z,behavior_monitor,19,614,619,841,784,699,604,280.94,86.22,229.36,system,NA,0.235,2.89,94.01,122.22,180.0,160.19,125.75
Negotiation_37,R6,2026-09-07T04:15:36.517392Z,behavior_monitor,19,614,704,806,804,648,675,216.83,45.17,203.85,system,NA,0.172,2.89,69.56,129.41,0.0,169.61,125.75
Negotiation_37,R6,2026-09-07T04:15:36.705421Z,shot_hit,19,629,736,832,800,628,703,213.2,33.44,225.96,agent,NA,0.136,2.89,69.56,136.86,-21.22,169.61,125.75
Negotiation_37,R6,2026-09-07T04:15:36.706279Z,flight_spawn,20,621,-20,832,800,628,703,846.79,723.36,225.96,system,NA,0.461,3.26,52.13,136.86,-21.22,169.61,125.75
Negotiation_37,R6,2026-09-07T04:15:39.493645Z,human_signal,20,997,321,1117,549,814,565,258.14,304.93,304.14,human,i_can,0.542,3.26,124.25,136.2,-18.18,76.24,0.0
Negotiation_37,R6,2026-09-07T04:15:39.509323Z,behavior_monitor,20,997,321,1117,549,815,565,258.14,304.34,303.17,system,NA,0.541,3.26,124.25,136.16,-18.11,57.18,0.0
Negotiation_37,R6,2026-09-07T04:15:40.019073Z,behavior_monitor,20,944,402,1155,535,844,564,249.98,190.59,312.74,system,NA,0.433,3.26,124.25,95.69,53.86,57.18,0.0
Negotiation_37,R6,2026-09-07T04:15:40.360451Z,human_signal,20,906,456,1178,573,858,564,295.93,119.11,320.67,human,your_turn,0.287,3.26,124.25,129.41,90.0,0.0,0.0
Negotiation_37,R6,2026-09-07T04:15:40.362639Z,human_signal,20,905,458,1178,575,858,564,296.85,116.16,320.73,human,your_turn,0.281,3.26,124.25,129.41,90.0,0.0,0.0
Negotiation_37,R6,2026-09-07T04:15:40.530713Z,behavior_monitor,20,890,483,1178,595,869,564,309.31,83.7,310.26,system,NA,0.213,3.26,98.02,129.41,90.0,0.0,0.0
Negotiation_37,R6,2026-09-07T04:15:40.667435Z,agent_signal,20,884,512,1170,614,867,564,303.45,54.3,306.32,agent,i_can,0.152,3.26,98.02,133.43,122.11,21.85,-2.56
Negotiation_37,R6,2026-09-07T04:15:40.921812Z,shot_hit,20,885,560,1144,640,864,564,271.82,20.96,290.59,agent,NA,0.072,3.26,77.71,143.93,139.21,0.0,180.0
