user_id,round_id,timestamp,event_type,flight_id,flight_x,flight_y,human_x,human_y,agent_x,agent_y,dist_human_flight,dist_agent_flight,dist_human_agent,triggered_by,signal_type,dir_ratio,flight_speed,flight_angle,human_speed,human_direction,agent_speed,agent_direction
Human Dominant_31,R1,2026-09-03T08:02:27.017240Z,flight_spawn,1,1169,-20,1271,414,412,910,445.8,1199.59,992.31,system,NA,0.729,2.83,135.0,0.0,0.0,0.0,180.0
Human Dominant_31,R1,2026-09-03T08:09:10.286367Z,human_signal,1,1073,186,1127,754,442,647,570.46,781.33,692.59,human,i_can,0.578,2.83,105.29,0.0,0.0,130.47,-54.25
Human Dominant_31,R1,2026-09-03T08:09:10.302372Z,behavior_monitor,1,1073,186,1127,754,443,645,570.46,779.75,691.84,system,NA,0.578,2.83,105.29,0.0,0.0,97.85,-54.25
Human Dominant_31,R1,2026-09-03T08:09:10.813135Z,behavior_monitor,1,1063,268,1121,734,472,605,469.81,680.36,662.71,system,NA,0.592,2.83,84.9,134.5,-105.81,97.85,-54.25
Human Dominant_31,R1,2026-09-03T08:09:11.322292Z,behavior_monitor,1,1070,353,1108,668,485,586,317.83,630.06,628.23,system,NA,0.665,2.83,55.88,129.41,-90.0,0.0,-54.25
Human Dominant_31,R1,2026-09-03T08:09:11.834388Z,behavior_monitor,1,1142,399,1108,602,489,581,206.19,678.01,619.17,system,NA,0.767,2.83,30.95,129.41,-90.0,130.47,-54.25
Human Dominant_31,R1,2026-09-03T08:09:12.344711Z,behavior_monitor,1,1194,467,1141,541,528,566,90.97,672.69,612.82,system,NA,0.881,2.83,57.92,141.76,-53.24,76.24,0.0
Human Dominant_31,R1,2026-09-03T08:09:12.701706Z,shot_hit,1,1197,524,1181,515,555,565,19.04,643.5,627.29,human,NA,0.971,2.83,108.34,129.41,0.0,76.24,0.0
Human Dominant_31,R1,2026-09-03T08:09:12.702154Z,flight_spawn,2,650,-20,1181,515,555,565,753.71,593.53,627.29,system,NA,0.441,3.06,49.13,129.41,0.0,76.24,0.0
Human Dominant_31,R1,2026-09-03T08:09:14.434735Z,human_signal,2,872,183,1108,626,661,566,502.22,436.67,451.22,human,i_can,0.465,3.06,4.82,129.41,180.0,76.24,0.0
Human Dominant_31,R1,2026-09-03T08:09:14.451391Z,behavior_monitor,2,872,183,1108,626,662,566,502.22,436.21,450.26,system,NA,0.465,3.06,4.82,129.41,180.0,57.18,0.0
Human Dominant_31,R1,2026-09-03T08:09:14.963032Z,behavior_monitor,2,952,210,1042,616,691,566,416.38,441.53,354.39,system,NA,0.515,3.06,36.08,138.41,-157.27,57.18,0.0
Human Dominant_31,R1,2026-09-03T08:09:15.472670Z,behavior_monitor,2,1014,279,1055,600,704,566,323.81,422.75,352.57,system,NA,0.566,3.06,57.96,139.19,-45.88,0.0,-86.97
Human Dominant_31,R1,2026-09-03T08:09:15.982478Z,behavior_monitor,2,1070,351,1095,540,724,566,191.04,407.83,372.11,system,NA,0.681,3.06,34.9,141.45,-59.31,76.24,0.0
Human Dominant_31,R1,2026-09-03T08:09:16.492642Z,behavior_monitor,2,1160,377,1125,476,763,566,105.46,439.89,373.26,system,NA,0.807,3.06,13.81,140.19,-63.82,76.24,0.0
Human Dominant_31,R1,2026-09-03T08:09:17.000480Z,behavior_monitor,2,1247,398,1176,427,802,567,76.63,476.18,399.56,system,NA,0.861,3.06,13.81,137.14,-23.38,76.24,0.0
Human Dominant_31,R1,2026-09-03T08:09:17.052221Z,shot_miss,2,1257,401,1183,424,806,567,77.52,480.38,402.95,human,NA,0.861,3.06,13.81,138.29,-20.64,76.24,0.0
Human Dominant_31,R1,2026-09-03T08:09:17.509619Z,behavior_monitor,2,1331,426,1242,419,841,567,89.3,510.1,427.45,system,NA,0.851,3.06,57.88,129.41,0.0,76.24,0.0
Human Dominant_31,R1,2026-09-03T08:09:18.019891Z,behavior_monitor,2,1346,511,1287,439,881,565,92.8,468.99,425.42,system,NA,0.835,3.06,104.34,150.94,39.39,76.24,0.0
Human Dominant_31,R1,2026-09-03T08:09:18.531330Z,behavior_monitor,2,1341,601,1299,501,919,583,107.38,421.56,388.63,system,NA,0.797,3.06,82.71,129.02,90.0,130.47,54.25
Human Dominant_31,R1,2026-09-03T08:09:18.871902Z,human_signal,2,1346,661,1299,545,945,619,124.83,402.8,361.49,human,your_turn,0.763,3.06,83.01,129.16,90.0,130.47,54.25
Human Dominant_31,R1,2026-09-03T08:09:18.873043Z,human_signal,2,1346,664,1299,548,945,619,125.61,403.12,361.05,human,your_turn,0.762,3.06,83.01,129.16,90.0,130.47,54.25
Human Dominant_31,R1,2026-09-03T08:09:19.038671Z,behavior_monitor,2,1348,692,1299,567,962,642,133.35,388.86,345.31,system,NA,0.745,3.06,83.01,129.41,90.0,169.61,54.25
Human Dominant_31,R1,2026-09-03T08:09:19.540351Z,behavior_monitor,2,1407,752,1277,614,1012,712,189.75,397.04,282.5,system,NA,0.677,3.06,31.23,134.49,-164.21,169.61,54.25
Human Dominant_31,R1,2026-09-03T08:09:20.054115Z,behavior_monitor,2,1430,800,1215,583,1063,783,305.1,367.39,251.49,system,NA,0.546,2.23,134.7,136.26,-155.97,169.61,54.25
Human Dominant_31,R1,2026-09-03T08:09:20.565317Z,behavior_monitor,2,1377,832,1150,575,1113,827,343.3,264.2,254.92,system,NA,0.435,2.23,161.39,148.43,142.73,99.11,0.0
Human Dominant_31,R1,2026-09-03T08:09:21.076370Z,behavior_monitor,2,1313,853,1085,580,1163,848,355.66,149.47,278.89,system,NA,0.296,2.23,176.32,129.41,180.0,99.11,0.0
Human Dominant_31,R1,2026-09-03T08:09:21.587199Z,behavior_monitor,2,1247,858,1019,580,1213,852,359.09,33.77,334.63,system,NA,0.086,2.23,176.32,129.41,180.0,99.11,0.0
Human Dominant_31,R1,2026-09-03T08:09:21.706176Z,shot_hit,2,1229,859,1001,580,1213,855,359.87,16.11,347.02,agent,NA,0.043,2.23,176.32,129.41,180.0,99.11,180.0
Human Dominant_31,R1,2026-09-03T08:09:21.707131Z,flight_spawn,3,198,-20,1001,580,1213,855,1002.99,1340.65,347.02,system,NA,0.572,2.83,45.0,129.41,180.0,99.11,180.0
Human Dominant_31,R1,2026-09-03T08:09:23.063524Z,human_signal,3,399,72,825,552,1174,801,641.6,1063.85,428.85,human,i_can,0.624,2.83,38.31,134.35,-164.42,130.47,-125.75
Human Dominant_31,R1,2026-09-03T08:09:23.080073Z,behavior_monitor,3,399,72,825,552,1174,800,641.6,1062.22,427.28,system,NA,0.623,2.83,38.31,142.74,-164.42,103.97,-125.75
Human Dominant_31,R1,2026-09-03T08:09:23.587410Z,behavior_monitor,3,474,104,759,531,1144,759,513.47,936.81,447.4,system,NA,0.646,2.83,62.79,134.12,-164.78,97.85,-125.75
Human Dominant_31,R1,2026-09-03T08:09:24.099120Z,behavior_monitor,3,539,143,693,544,1131,740,429.82,840.98,479.99,system,NA,0.662,2.83,8.37,137.29,160.49,0.0,34.86
Human Dominant_31,R1,2026-09-03T08:09:24.608683Z,behavior_monitor,3,628,155,655,514,1117,720,359.68,747.57,506.11,system,NA,0.675,2.83,36.02,88.29,-55.95,130.47,-125.75
Human Dominant_31,R1,2026-09-03T08:09:25.114652Z,behavior_monitor,3,649,221,674,498,1078,666,277.7,617.98,437.61,system,NA,0.69,2.83,113.13,138.34,-40.46,130.47,-125.75
Human Dominant_31,R1,2026-09-03T08:09:25.624007Z,behavior_monitor,3,626,301,685,439,1039,612,149.6,516.8,393.78,system,NA,0.776,2.83,87.82,137.58,-118.68,130.47,-125.75
Human Dominant_31,R1,2026-09-03T08:09:26.130559Z,behavior_monitor,3,605,381,628,401,1000,566,30.48,435.96,406.69,system,NA,0.935,2.83,137.62,135.89,-151.77,76.24,180.0
Human Dominant_31,R1,2026-09-03T08:09:26.181682Z,human_signal,3,596,389,619,398,996,566,24.88,437.44,412.61,human,i_can,0.946,2.83,137.62,138.5,-159.13,76.24,180.0
Human Dominant_31,R1,2026-09-03T08:09:26.638526Z,behavior_monitor,3,543,442,595,397,984,566,69.11,458.43,424.2,system,NA,0.869,2.83,133.61,138.21,157.84,60.75,180.0
Human Dominant_31,R1,2026-09-03T08:09:27.147668Z,behavior_monitor,3,518,520,536,435,967,566,87.13,450.86,450.26,system,NA,0.838,2.83,106.75,139.06,137.46,0.0,180.0
Human Dominant_31,R1,2026-09-03T08:09:27.658275Z,behavior_monitor,3,488,597,496,492,967,566,104.78,480.37,476.87,system,NA,0.821,2.83,150.43,138.93,118.53,0.0,180.0
Human Dominant_31,R1,2026-09-03T08:09:28.169603Z,behavior_monitor,3,412,643,449,545,946,595,103.65,535.81,499.81,system,NA,0.838,2.83,128.04,140.57,135.13,130.47,125.75
Human Dominant_31,R1,2026-09-03T08:09:28.253875Z,human_signal,3,403,654,440,554,940,604,106.35,538.43,501.85,human,your_turn,0.835,2.83,128.04,140.64,135.16,130.47,125.75
Human Dominant_31,R1,2026-09-03T08:09:28.255072Z,human_signal,3,402,656,438,556,940,604,106.7,539.88,503.37,human,your_turn,0.835,2.83,128.04,149.43,135.16,138.63,125.75
Human Dominant_31,R1,2026-09-03T08:09:28.680166Z,behavior_monitor,3,365,709,400,598,897,662,116.59,534.35,501.22,system,NA,0.821,2.83,128.04,140.01,130.78,169.61,125.75
Human Dominant_31,R1,2026-09-03T08:09:29.188769Z,behavior_monitor,3,289,742,348,645,847,732,113.09,557.61,506.47,system,NA,0.831,2.83,179.24,137.63,160.1,169.61,125.75
Human Dominant_31,R1,2026-09-03T08:09:29.699033Z,behavior_monitor,3,203,747,286,636,796,744,138.37,592.5,521.07,system,NA,0.811,2.83,178.89,129.41,-90.0,99.11,180.0
Human Dominant_31,R1,2026-09-03T08:09:30.211699Z,behavior_monitor,3,132,784,328,580,745,779,282.97,613.29,462.14,system,NA,0.684,2.83,144.44,140.42,-39.38,99.11,180.0
Human Dominant_31,R1,2026-09-03T08:09:30.721985Z,behavior_monitor,3,60,829,381,531,695,825,437.43,635.19,430.49,system,NA,0.592,2.83,166.0,142.04,-46.4,169.61,125.75
Human Dominant_31,R1,2026-09-03T08:09:31.238541Z,behavior_monitor,3,45,843,429,474,643,839,531.77,597.42,422.8,system,NA,0.529,1.78,1.01,140.38,-55.73,99.11,180.0
Human Dominant_31,R1,2026-09-03T08:09:31.746156Z,behavior_monitor,3,96,847,470,416,592,841,571.01,496.86,442.59,system,NA,0.465,1.78,24.36,141.5,-51.06,99.11,180.0
Human Dominant_31,R1,2026-09-03T08:09:32.259230Z,behavior_monitor,3,148,853,512,357,542,848,615.23,393.94,491.6,system,NA,0.39,1.78,3.05,132.71,-56.95,93.6,180.0
Human Dominant_31,R1,2026-09-03T08:09:32.770173Z,behavior_monitor,3,207,860,551,322,491,855,639.25,283.6,536.76,system,NA,0.307,1.78,18.08,76.51,0.0,99.11,180.0
Human Dominant_31,R1,2026-09-03T08:09:34.128753Z,shot_miss,3,328,936,580,428,353,910,566.82,36.93,531.74,agent,NA,0.061,1.78,37.69,129.41,90.0,99.11,180.0
Human Dominant_31,R1,2026-09-03T08:09:34.383009Z,flight_missed,3,349,952,580,461,332,910,542.43,46.34,512.14,system,NA,0.079,1.78,67.2,129.41,90.0,0.0,180.0
Human Dominant_31,R1,2026-09-03T08:09:34.383987Z,flight_spawn,4,994,-20,580,461,332,910,635.74,1141.88,512.14,system,NA,0.642,3.26,52.1,129.41,90.0,0.0,180.0
Human Dominant_31,R1,2026-09-03T08:09:36.580283Z,human_signal,4,796,323,693,463,479,704,174.94,496.59,322.1,human,i_can,0.739,3.26,109.33,151.78,-54.45,138.63,-54.25
Human Dominant_31,R1,2026-09-03T08:09:36.596635Z,behavior_monitor,4,796,323,693,463,480,703,174.94,494.93,320.44,system,NA,0.739,3.26,109.33,141.95,-51.39,97.85,-54.25
Human Dominant_31,R1,2026-09-03T08:09:37.105517Z,behavior_monitor,4,717,364,740,426,509,662,65.79,363.86,330.42,system,NA,0.847,3.26,162.04,136.57,-122.08,97.85,-54.25
Human Dominant_31,R1,2026-09-03T08:09:37.615554Z,behavior_monitor,4,643,412,685,386,522,644,49.06,261.99,305.08,system,NA,0.842,3.26,127.8,129.41,180.0,0.0,103.92
Human Dominant_31,R1,2026-09-03T08:09:38.126660Z,behavior_monitor,4,683,482,620,397,536,625,105.95,204.99,242.41,system,NA,0.659,3.26,31.89,136.43,154.33,130.47,-54.25
Human Dominant_31,R1,2026-09-03T08:09:38.636827Z,behavior_monitor,4,772,520,599,445,575,571,188.09,203.62,127.86,system,NA,0.52,3.26,40.98,117.57,26.74,130.47,-54.25
Human Dominant_31,R1,2026-09-03T08:09:39.143075Z,behavior_monitor,4,863,545,665,429,614,565,229.9,250.75,145.04,system,NA,0.522,3.26,13.53,138.46,-20.83,76.24,0.0
Human Dominant_31,R1,2026-09-03T08:09:39.651954Z,behavior_monitor,4,963,568,731,412,653,565,279.5,310.24,171.76,system,NA,0.526,3.26,16.26,129.41,0.0,76.24,0.0
Human Dominant_31,R1,2026-09-03T08:09:39.958297Z,human_signal,4,1025,579,771,412,676,574,304.74,349.7,187.89,human,your_turn,0.534,3.26,5.71,129.41,0.0,76.24,0.0
Human Dominant_31,R1,2026-09-03T08:09:39.959508Z,human_signal,4,1029,579,773,412,676,574,306.2,353.44,189.01,human,your_turn,0.536,3.26,5.71,129.41,0.0,76.24,0.0
Human Dominant_31,R1,2026-09-03T08:09:40.162104Z,behavior_monitor,4,1059,595,797,412,695,591,319.97,363.76,205.95,system,NA,0.532,3.26,35.64,129.41,0.0,169.61,54.25
Human Dominant_31,R1,2026-09-03T08:09:40.673761Z,behavior_monitor,4,1136,652,863,412,746,647,364.08,390.5,262.81,system,NA,0.518,3.26,35.64,129.41,0.0,169.61,54.25
Human Dominant_31,R1,2026-09-03T08:09:41.181116Z,behavior_monitor,4,1229,683,929,401,796,678,411.9,432.97,307.45,system,NA,0.512,3.26,13.71,129.41,0.0,99.11,0.0
Human Dominant_31,R1,2026-09-03T08:09:41.688063Z,behavior_monitor,4,1322,709,995,401,847,703,449.03,474.85,336.76,system,NA,0.514,3.26,15.61,129.41,0.0,99.11,0.0
Human Dominant_31,R1,2026-09-03T08:09:42.199080Z,behavior_monitor,4,1413,734,1034,390,897,729,511.84,516.42,365.02,system,NA,0.502,3.26,11.24,139.28,-135.01,99.11,0.0
Human Dominant_31,R1,2026-09-03T08:09:42.707267Z,behavior_monitor,4,1415,753,969,380,948,747,581.22,466.92,368.27,system,NA,0.445,2.02,161.67,137.5,180.0,105.3,0.0
Human Dominant_31,R1,2026-09-03T08:09:43.218216Z,behavior_monitor,4,1358,775,907,407,999,769,581.56,358.95,373.42,system,NA,0.382,2.02,139.19,139.94,140.65,99.11,0.0
Human Dominant_31,R1,2026-09-03T08:09:43.728784Z,behavior_monitor,4,1302,795,852,452,1049,790,565.29,253.0,390.97,system,NA,0.309,2.02,174.1,138.2,145.78,99.11,0.0
Human Dominant_31,R1,2026-09-03T08:09:44.238300Z,behavior_monitor,4,1243,801,789,443,1099,796,578.23,143.7,470.24,system,NA,0.199,2.02,174.1,137.31,-147.16,99.11,0.0
Human Dominant_31,R1,2026-09-03T08:09:44.750904Z,behavior_monitor,4,1185,816,732,402,1150,810,613.55,35.36,584.44,system,NA,0.054,2.02,151.63,137.96,-140.81,99.11,0.0
Human Dominant_31,R1,2026-09-03T08:09:44.920547Z,shot_hit,4,1168,826,715,382,1151,822,633.77,16.85,619.21,agent,NA,0.026,2.02,151.63,135.95,-123.6,0.0,180.0
Human Dominant_31,R1,2026-09-03T08:09:44.921219Z,flight_spawn,5,986,-20,715,382,1151,822,485.11,858.5,619.21,system,NA,0.639,3.39,53.79,135.95,-123.6,0.0,180.0
Human Dominant_31,R1,2026-09-03T08:09:47.573510Z,human_signal,5,1450,168,687,441,1243,579,809.5,459.45,571.88,human,your_turn,0.362,2.29,144.95,136.86,155.41,130.47,-54.25
Human Dominant_31,R1,2026-09-03T08:09:47.574552Z,behavior_monitor,5,1450,168,687,441,1243,579,809.5,459.45,571.88,system,NA,0.362,2.29,144.95,136.86,155.41,130.47,-54.25
Human Dominant_31,R1,2026-09-03T08:09:47.575059Z,human_signal,5,1447,170,685,442,1243,579,809.0,457.15,573.7,human,your_turn,0.361,2.29,144.95,136.86,155.41,130.47,-54.25
Human Dominant_31,R1,2026-09-03T08:09:48.084843Z,behavior_monitor,5,1386,203,623,468,1293,565,807.53,373.6,677.12,system,NA,0.316,2.29,164.98,137.74,159.97,99.11,0.0
Human Dominant_31,R1,2026-09-03T08:09:48.596931Z,behavior_monitor,5,1322,226,557,476,1306,565,805.17,339.93,755.01,system,NA,0.297,2.29,146.99,129.41,180.0,99.11,180.0
Human Dominant_31,R1,2026-09-03T08:09:49.105375Z,behavior_monitor,5,1292,281,492,492,1273,565,827.25,284.59,784.22,system,NA,0.256,2.29,71.66,139.39,147.81,0.0,180.0
Human Dominant_31,R1,2026-09-03T08:09:49.615620Z,behavior_monitor,5,1296,349,476,549,1273,565,844.0,217.28,797.59,system,NA,0.205,2.29,113.42,133.33,40.22,0.0,1.09
Human Dominant_31,R1,2026-09-03T08:09:50.126775Z,behavior_monitor,5,1252,400,479,550,1235,564,787.37,164.91,756.52,system,NA,0.173,2.29,133.95,68.05,-145.65,99.11,180.0
Human Dominant_31,R1,2026-09-03T08:09:50.638034Z,behavior_monitor,5,1193,435,436,502,1185,564,759.55,129.88,751.07,system,NA,0.146,2.29,176.47,138.46,-113.57,99.11,180.0
Human Dominant_31,R1,2026-09-03T08:09:51.146510Z,behavior_monitor,5,1124,446,377,482,1134,564,746.93,118.07,760.81,system,NA,0.137,2.29,148.64,129.41,180.0,120.12,-167.59
Human Dominant_31,R1,2026-09-03T08:09:51.657852Z,behavior_monitor,5,1066,482,392,497,1083,564,673.84,83.98,694.41,system,NA,0.111,2.29,148.64,132.49,-156.9,99.11,180.0
Human Dominant_31,R1,2026-09-03T08:09:52.168196Z,behavior_monitor,5,1045,538,326,492,1033,564,720.4,29.08,710.17,system,NA,0.039,2.29,80.29,129.41,180.0,99.11,180.0
Human Dominant_31,R1,2026-09-03T08:09:52.269722Z,shot_hit,5,1048,553,311,492,1029,564,739.82,21.47,722.14,agent,NA,0.028,2.29,80.29,129.41,180.0,0.0,180.0
Human Dominant_31,R1,2026-09-03T08:09:52.270722Z,flight_spawn,6,1249,-20,311,492,1029,564,1068.89,624.23,722.14,system,NA,0.369,3.19,128.82,129.41,180.0,0.0,180.0
Human Dominant_31,R1,2026-09-03T08:09:54.650610Z,human_signal,6,1050,355,209,500,1034,563,853.6,208.73,827.6,human,your_turn,0.196,3.19,84.91,129.41,180.0,76.24,180.0
Human Dominant_31,R1,2026-09-03T08:09:54.651696Z,behavior_monitor,6,1050,355,209,500,1034,563,853.6,208.73,827.6,system,NA,0.196,3.19,84.91,129.41,180.0,0.0,180.0
Human Dominant_31,R1,2026-09-03T08:09:54.652173Z,human_signal,6,1050,358,207,500,1034,563,854.95,205.54,829.79,human,your_turn,0.194,3.19,84.91,129.41,180.0,0.0,180.0
Human Dominant_31,R1,2026-09-03T08:09:55.160720Z,behavior_monitor,6,994,419,143,500,996,563,854.86,144.14,855.24,system,NA,0.144,3.19,160.39,129.41,180.0,99.11,180.0
Human Dominant_31,R1,2026-09-03T08:09:55.673997Z,behavior_monitor,6,902,429,78,500,945,563,827.67,141.22,869.7,system,NA,0.146,3.19,175.79,116.97,180.0,99.11,180.0
Human Dominant_31,R1,2026-09-03T08:09:56.182849Z,behavior_monitor,6,837,486,20,500,893,563,817.28,95.18,876.27,system,NA,0.104,3.19,129.66,0.0,180.0,99.11,180.0
Human Dominant_31,R1,2026-09-03T08:09:56.693759Z,behavior_monitor,6,779,561,20,500,843,563,762.49,63.54,825.92,system,NA,0.077,3.19,124.63,0.0,180.0,99.11,180.0
Human Dominant_31,R1,2026-09-03T08:09:57.204403Z,behavior_monitor,6,723,639,20,483,793,628,720.32,71.02,786.83,system,NA,0.09,3.19,153.49,43.5,-90.0,169.61,125.75
Human Dominant_31,R1,2026-09-03T08:09:57.706281Z,behavior_monitor,6,637,672,59,463,742,668,614.16,105.64,712.97,system,NA,0.147,3.19,179.03,129.41,0.0,87.64,177.76
Human Dominant_31,R1,2026-09-03T08:09:58.216413Z,behavior_monitor,6,546,700,125,463,691,696,483.45,145.04,612.22,system,NA,0.231,3.19,151.46,129.41,0.0,169.61,125.75
Human Dominant_31,R1,2026-09-03T08:09:58.727291Z,behavior_monitor,6,463,746,191,463,641,741,392.72,178.0,528.93,system,NA,0.312,3.19,151.46,129.41,0.0,99.11,180.0
Human Dominant_31,R1,2026-09-03T08:09:59.236304Z,behavior_monitor,6,369,757,228,511,591,753,284.25,221.62,436.08,system,NA,0.438,3.19,176.21,129.41,90.0,99.11,180.0
Human Dominant_31,R1,2026-09-03T08:10:02.164987Z,human_signal,6,110,894,122,874,301,889,23.26,190.93,179.42,human,your_turn,0.891,1.91,42.8,142.34,127.94,169.61,125.75
Human Dominant_31,R1,2026-09-03T08:10:02.166013Z,behavior_monitor,6,110,894,122,874,301,889,23.26,190.93,179.42,system,NA,0.891,1.91,42.8,142.34,127.94,99.11,180.0
Human Dominant_31,R1,2026-09-03T08:10:02.166445Z,human_signal,6,111,895,120,876,301,889,21.41,189.69,180.75,human,your_turn,0.899,1.91,42.8,142.34,127.94,99.11,180.0
Human Dominant_31,R1,2026-09-03T08:10:02.676036Z,behavior_monitor,6,135,942,78,910,250,910,65.44,119.97,172.52,system,NA,0.647,1.91,69.37,78.55,180.0,99.11,180.0
Human Dominant_31,R1,2026-09-03T08:10:02.760371Z,flight_missed,6,136,953,70,910,240,910,78.93,112.51,169.92,system,NA,0.588,1.91,89.67,71.79,180.0,99.11,180.0
Human Dominant_31,R1,2026-09-03T08:10:02.761108Z,flight_spawn,7,874,-20,70,910,240,910,1229.14,1125.4,169.92,system,NA,0.478,2.83,45.0,71.79,180.0,99.11,180.0
Human Dominant_31,R1,2026-09-03T08:10:07.767865Z,human_signal,7,1403,364,275,794,567,565,1207.14,860.42,370.41,human,your_turn,0.416,2.46,63.75,139.08,33.42,76.24,0.0
Human Dominant_31,R1,2026-09-03T08:10:07.768613Z,behavior_monitor,7,1403,364,275,794,567,565,1207.14,860.42,370.41,system,NA,0.416,2.46,63.75,139.08,33.42,76.24,0.0
Human Dominant_31,R1,2026-09-03T08:10:07.769116Z,human_signal,7,1404,366,277,795,567,565,1205.69,860.65,369.67,human,your_turn,0.417,2.46,63.75,139.08,33.42,76.24,0.0
Human Dominant_31,R1,2026-09-03T08:10:08.278734Z,behavior_monitor,7,1432,431,335,833,617,565,1168.3,825.61,389.09,system,NA,0.414,2.46,88.94,138.91,32.71,99.11,0.0
Human Dominant_31,R1,2026-09-03T08:10:08.789533Z,behavior_monitor,7,1441,492,400,845,668,565,1099.6,776.95,387.47,system,NA,0.414,1.72,140.52,129.41,0.0,99.11,0.0
Human Dominant_31,R1,2026-09-03T08:10:09.296423Z,behavior_monitor,7,1409,531,466,845,719,565,994.31,691.31,377.33,system,NA,0.41,1.72,149.36,129.41,0.0,99.11,0.0
Human Dominant_31,R1,2026-09-03T08:10:09.801047Z,behavior_monitor,7,1361,558,532,845,769,565,877.34,591.88,366.79,system,NA,0.403,1.72,149.36,129.41,0.0,83.3,19.28
Human Dominant_31,R1,2026-09-03T08:10:10.312516Z,behavior_monitor,7,1339,596,598,845,819,591,781.8,519.36,337.4,system,NA,0.399,1.72,127.66,129.41,0.0,99.11,0.0
Human Dominant_31,R1,2026-09-03T08:10:10.823064Z,behavior_monitor,7,1313,639,654,841,870,633,689.0,442.78,299.8,system,NA,0.391,1.72,99.8,142.48,-134.04,99.11,0.0
Human Dominant_31,R1,2026-09-03T08:10:11.335120Z,behavior_monitor,7,1284,675,615,784,920,671,678.44,363.91,326.07,system,NA,0.349,1.72,171.06,136.0,-107.91,99.11,0.0
Human Dominant_31,R1,2026-09-03T08:10:11.844349Z,behavior_monitor,7,1232,683,613,718,971,677,619.24,261.2,359.42,system,NA,0.297,1.72,171.06,129.41,-90.0,99.11,0.0
Human Dominant_31,R1,2026-09-03T08:10:12.354454Z,behavior_monitor,7,1185,691,629,653,1021,687,557.27,164.13,393.35,system,NA,0.228,1.72,171.06,140.78,-59.75,99.11,0.0
Human Dominant_31,R1,2026-09-03T08:10:13.186950Z,shot_hit,7,1105,716,703,558,1087,712,431.41,17.93,413.66,agent,NA,0.04,1.72,119.54,142.47,-49.23,169.61,125.75
Human Dominant_31,R1,2026-09-03T08:10:13.187555Z,flight_spawn,8,429,-20,703,558,1087,712,640.35,984.96,413.66,system,NA,0.606,3.6,123.8,142.47,-49.23,169.61,125.75
Human Dominant_31,R1,2026-09-03T08:10:14.289274Z,human_signal,8,251,124,681,454,1031,636,542.03,933.06,394.58,human,i_can,0.633,3.6,124.35,138.87,-158.73,130.47,-125.75
Human Dominant_31,R1,2026-09-03T08:10:14.305665Z,behavior_monitor,8,251,124,681,454,1030,634,542.03,931.51,393.1,system,NA,0.632,3.6,124.35,138.74,-158.87,97.85,-125.75
Human Dominant_31,R1,2026-09-03T08:10:14.815134Z,behavior_monitor,8,152,157,615,435,1001,594,540.32,955.21,417.52,system,NA,0.639,3.6,173.36,129.41,180.0,97.85,-125.75
Human Dominant_31,R1,2026-09-03T08:10:15.323706Z,behavior_monitor,8,79,217,549,435,987,575,518.61,976.71,459.99,system,NA,0.653,3.6,66.26,129.41,180.0,0.0,178.53
Human Dominant_31,R1,2026-09-03T08:10:15.834156Z,behavior_monitor,8,137,307,483,441,980,566,370.79,881.5,512.32,system,NA,0.704,3.6,39.8,138.19,159.47,76.24,180.0
Human Dominant_31,R1,2026-09-03T08:10:16.344081Z,behavior_monitor,8,220,375,417,465,941,565,216.46,745.92,533.79,system,NA,0.775,3.6,19.65,134.76,163.81,76.24,180.0
Human Dominant_31,R1,2026-09-03T08:10:16.852943Z,behavior_monitor,8,313,431,354,460,902,565,50.07,604.15,558.2,system,NA,0.923,3.6,46.34,136.29,-129.89,76.24,180.0
Human Dominant_31,R1,2026-09-03T08:10:17.023843Z,shot_hit,8,338,457,338,445,890,565,12.42,561.61,564.39,human,NA,0.978,3.6,46.34,128.63,-149.42,76.24,180.0
Human Dominant_31,R1,2026-09-03T08:10:17.024355Z,flight_spawn,9,1424,-20,338,445,890,565,1181.79,792.79,564.39,system,NA,0.401,3.3,52.75,128.63,-149.42,76.24,180.0
Human Dominant_31,R1,2026-09-03T08:10:18.383145Z,human_signal,9,1393,191,343,491,973,565,1092.0,562.39,634.44,human,your_turn,0.34,2.76,145.98,139.02,34.84,61.01,4.59
Human Dominant_31,R1,2026-09-03T08:10:18.384193Z,behavior_monitor,9,1393,191,343,491,973,565,1092.0,562.39,634.44,system,NA,0.34,2.76,145.98,139.02,34.84,76.24,0.0
Human Dominant_31,R1,2026-09-03T08:10:18.384611Z,human_signal,9,1391,192,345,493,973,565,1088.06,559.73,632.41,human,your_turn,0.34,2.76,145.98,139.02,34.84,76.24,0.0
Human Dominant_31,R1,2026-09-03T08:10:18.892926Z,behavior_monitor,9,1323,237,369,532,1024,565,999.06,444.0,656.13,system,NA,0.308,2.76,145.98,129.41,180.0,99.11,0.0
Human Dominant_31,R1,2026-09-03T08:10:19.402513Z,behavior_monitor,9,1250,283,303,532,1074,566,979.77,332.99,771.94,system,NA,0.254,2.76,145.98,129.41,180.0,99.11,0.0
Human Dominant_31,R1,2026-09-03T08:10:19.912038Z,behavior_monitor,9,1179,321,333,540,1125,566,874.8,251.31,792.37,system,NA,0.223,2.76,171.54,126.37,-46.85,99.11,0.0
Human Dominant_31,R1,2026-09-03T08:10:20.422724Z,behavior_monitor,9,1102,357,382,505,1099,566,735.19,209.8,720.14,system,NA,0.222,2.76,146.11,102.1,21.15,99.11,180.0
Human Dominant_31,R1,2026-09-03T08:10:20.934594Z,behavior_monitor,9,1066,424,408,522,1049,566,665.61,143.44,642.84,system,NA,0.177,2.76,95.23,0.0,41.93,99.11,180.0
Human Dominant_31,R1,2026-09-03T08:10:21.445986Z,behavior_monitor,9,1094,498,444,560,1069,566,652.9,73.23,624.55,system,NA,0.101,2.76,51.79,138.13,51.56,99.11,0.0
Human Dominant_31,R1,2026-09-03T08:10:21.768584Z,shot_hit,9,1125,543,470,599,1101,566,657.49,33.49,631.81,agent,NA,0.048,2.76,48.99,138.72,58.96,99.11,0.0
Human Dominant_31,R1,2026-09-03T08:10:21.769752Z,flight_spawn,10,998,-20,470,599,1101,566,814.22,595.64,631.81,system,NA,0.422,2.91,133.43,138.72,58.96,99.11,0.0
Human Dominant_31,R1,2026-09-03T08:10:23.502976Z,human_signal,10,728,84,526,632,1015,566,584.02,561.42,493.45,human,i_can,0.49,2.91,159.23,137.85,-121.28,76.24,180.0
Human Dominant_31,R1,2026-09-03T08:10:23.519437Z,behavior_monitor,10,728,84,526,632,1015,566,584.02,561.16,492.74,system,NA,0.49,2.91,159.23,137.75,-119.72,41.76,170.64
Human Dominant_31,R1,2026-09-03T08:10:24.031496Z,behavior_monitor,10,648,114,509,567,985,566,474.17,563.97,475.23,system,NA,0.543,2.91,178.24,133.41,-75.93,57.18,180.0
Human Dominant_31,R1,2026-09-03T08:10:24.542361Z,behavior_monitor,10,568,137,529,501,971,566,366.6,589.03,446.52,system,NA,0.616,2.91,176.83,129.41,-90.0,0.0,75.8
Human Dominant_31,R1,2026-09-03T08:10:25.051231Z,behavior_monitor,10,488,169,520,466,956,567,298.89,614.83,448.07,system,NA,0.673,2.91,155.61,0.0,-120.73,72.0,180.0
Human Dominant_31,R1,2026-09-03T08:10:25.562226Z,behavior_monitor,10,412,213,482,472,917,565,268.51,616.55,445.17,system,NA,0.697,2.91,128.45,133.72,165.42,76.24,180.0
Human Dominant_31,R1,2026-09-03T08:10:26.071819Z,behavior_monitor,10,332,254,416,483,879,565,243.85,628.04,469.54,system,NA,0.72,2.91,140.5,129.41,180.0,76.24,180.0
Human Dominant_31,R1,2026-09-03T08:10:26.582110Z,behavior_monitor,10,259,289,350,483,840,565,214.99,643.05,496.25,system,NA,0.749,2.91,144.93,129.41,180.0,64.81,-164.8
Human Dominant_31,R1,2026-09-03T08:10:27.090478Z,behavior_monitor,10,253,365,284,483,800,565,122.43,582.47,522.52,system,NA,0.826,2.91,70.44,129.41,180.0,76.24,180.0
Human Dominant_31,R1,2026-09-03T08:10:27.596310Z,behavior_monitor,10,293,441,268,449,761,565,25.84,484.56,506.44,system,NA,0.949,2.91,91.55,148.46,-29.36,81.0,180.0
Human Dominant_31,R1,2026-09-03T08:10:27.679862Z,shot_hit,10,292,455,279,445,755,565,16.41,475.51,490.45,human,NA,0.967,2.91,91.55,134.23,-15.4,76.24,180.0
Human Dominant_31,R1,2026-09-03T08:10:27.680704Z,flight_spawn,11,939,-20,279,445,755,565,807.48,613.76,490.45,system,NA,0.432,3.41,125.88,134.23,-15.4,76.24,180.0
Human Dominant_31,R1,2026-09-03T08:10:29.379387Z,human_signal,11,824,284,308,583,801,564,596.17,281.55,493.04,human,your_turn,0.321,3.41,75.53,75.96,143.4,76.24,0.0
Human Dominant_31,R1,2026-09-03T08:10:29.381006Z,behavior_monitor,11,824,284,308,583,801,564,596.17,281.55,493.04,system,NA,0.321,3.41,75.53,75.96,143.4,76.24,0.0
Human Dominant_31,R1,2026-09-03T08:10:29.381403Z,human_signal,11,825,287,306,583,801,564,597.26,278.36,494.65,human,your_turn,0.318,3.41,75.53,75.96,143.4,76.24,0.0
Human Dominant_31,R1,2026-09-03T08:10:29.889743Z,behavior_monitor,11,891,352,249,612,844,564,692.52,217.32,597.14,system,NA,0.239,3.41,22.01,141.53,152.12,99.11,0.0
Human Dominant_31,R1,2026-09-03T08:10:30.400555Z,behavior_monitor,11,960,423,290,638,895,564,703.59,154.81,610.14,system,NA,0.18,3.41,64.67,129.41,0.0,99.11,0.0
Human Dominant_31,R1,2026-09-03T08:10:30.910775Z,behavior_monitor,11,992,518,356,638,946,564,647.3,64.98,595.06,system,NA,0.091,3.41,91.48,129.41,0.0,99.11,0.0
Human Dominant_31,R1,2026-09-03T08:10:31.166395Z,shot_hit,11,991,573,391,638,968,566,604.1,24.0,581.83,agent,NA,0.038,3.41,91.48,129.41,0.0,0.0,0.0
Human Dominant_31,R1,2026-09-03T08:10:31.167068Z,flight_spawn,12,1006,-20,391,638,968,566,900.95,588.01,581.83,system,NA,0.395,2.83,45.0,129.41,0.0,0.0,0.0
Human Dominant_31,R1,2026-09-03T08:10:32.390894Z,human_signal,12,1168,66,334,652,1034,566,1019.47,518.09,705.75,human,your_turn,0.337,2.83,11.79,131.87,38.19,76.24,0.0
Human Dominant_31,R1,2026-09-03T08:10:32.392033Z,behavior_monitor,12,1168,66,334,652,1034,566,1019.47,518.09,705.75,system,NA,0.337,2.83,11.79,134.46,36.99,76.24,0.0
Human Dominant_31,R1,2026-09-03T08:10:32.392475Z,human_signal,12,1170,67,336,653,1034,566,1020.24,518.12,704.06,human,your_turn,0.337,2.83,11.79,134.46,36.99,76.24,0.0
Human Dominant_31,R1,2026-09-03T08:10:32.901196Z,behavior_monitor,12,1244,109,391,684,1084,564,1028.28,482.45,703.21,system,NA,0.319,2.83,39.32,90.45,30.1,99.11,0.0
Human Dominant_31,R1,2026-09-03T08:10:33.410732Z,behavior_monitor,12,1318,144,396,686,1135,564,1069.56,458.15,749.25,system,NA,0.3,2.83,18.81,0.0,0.0,99.11,0.0
Human Dominant_31,R1,2026-09-03T08:10:33.920574Z,behavior_monitor,12,1359,213,396,686,1186,564,1073.02,391.24,799.55,system,NA,0.267,2.83,68.25,0.0,0.0,99.11,0.0
Human Dominant_31,R1,2026-09-03T08:10:34.430891Z,behavior_monitor,12,1372,295,396,686,1237,564,1051.45,300.59,850.18,system,NA,0.222,2.83,72.75,0.0,0.0,99.11,0.0
Human Dominant_31,R1,2026-09-03T08:10:34.943107Z,behavior_monitor,12,1351,372,396,686,1288,564,1005.1,201.95,900.58,system,NA,0.167,2.83,146.57,0.0,0.0,99.11,0.0
Human Dominant_31,R1,2026-09-03T08:10:35.449975Z,behavior_monitor,12,1267,392,396,686,1273,564,919.12,171.27,885.53,system,NA,0.157,2.83,176.47,0.0,0.0,99.11,180.0
Human Dominant_31,R1,2026-09-03T08:10:35.959661Z,behavior_monitor,12,1185,405,381,652,1222,563,840.66,162.47,845.95,system,NA,0.162,2.83,150.73,134.92,-106.43,99.11,180.0
Human Dominant_31,R1,2026-09-03T08:10:36.469678Z,behavior_monitor,12,1108,441,374,586,1171,563,748.51,138.14,797.85,system,NA,0.156,2.83,174.13,139.43,-122.77,99.11,180.0
Human Dominant_31,R1,2026-09-03T08:10:36.980190Z,behavior_monitor,12,1031,470,325,534,1121,563,708.59,130.06,796.16,system,NA,0.155,2.83,159.05,140.01,-135.41,99.11,180.0
Human Dominant_31,R1,2026-09-03T08:10:39.123332Z,shot_hit,12,915,733,241,537,907,713,701.35,21.29,688.37,agent,NA,0.029,2.83,2.09,137.06,66.39,169.61,125.75
Human Dominant_31,R1,2026-09-03T08:10:39.123784Z,flight_spawn,13,853,-20,241,537,907,713,828.03,735.7,688.37,system,NA,0.47,3.01,48.4,137.06,66.39,169.61,125.75
Human Dominant_31,R1,2026-09-03T08:10:40.366343Z,human_signal,13,1005,130,360,587,946,620,790.37,493.0,586.52,human,your_turn,0.384,3.01,26.0,129.41,0.0,130.47,-54.25
Human Dominant_31,R1,2026-09-03T08:10:40.367001Z,behavior_monitor,13,1005,130,360,587,946,620,790.37,493.0,586.52,system,NA,0.384,3.01,26.0,129.41,0.0,130.47,-54.25
Human Dominant_31,R1,2026-09-03T08:10:40.367343Z,human_signal,13,1008,132,362,587,946,620,789.98,492.02,584.32,human,your_turn,0.384,3.01,26.0,129.41,0.0,130.47,-54.25
Human Dominant_31,R1,2026-09-03T08:10:40.878757Z,behavior_monitor,13,1033,212,426,587,996,566,713.24,356.07,570.52,system,NA,0.333,3.01,78.33,129.41,0.0,99.11,0.0
Human Dominant_31,R1,2026-09-03T08:10:41.388612Z,behavior_monitor,13,1079,285,492,587,1047,566,660.08,283.25,555.53,system,NA,0.3,3.01,2.88,129.41,0.0,99.11,0.0
Human Dominant_31,R1,2026-09-03T08:10:41.898731Z,behavior_monitor,13,1158,311,558,587,1098,566,660.17,262.13,540.09,system,NA,0.284,3.01,78.27,129.41,0.0,99.11,0.0
Human Dominant_31,R1,2026-09-03T08:10:42.408637Z,behavior_monitor,13,1173,398,624,587,1148,567,580.4,170.45,524.32,system,NA,0.227,3.01,52.37,129.41,0.0,99.11,0.0
Human Dominant_31,R1,2026-09-03T08:10:42.919143Z,behavior_monitor,13,1182,481,689,560,1161,565,499.29,85.81,471.85,system,NA,0.147,3.01,79.15,135.11,-16.7,0.0,153.52
Human Dominant_31,R1,2026-09-03T08:10:43.306946Z,shot_hit,13,1193,552,742,557,1170,564,451.29,26.18,427.76,agent,NA,0.055,3.01,79.15,129.41,0.0,0.0,-8.71
Human Dominant_31,R1,2026-09-03T08:10:43.307966Z,flight_spawn,14,384,-20,742,557,1170,564,679.95,979.64,427.76,system,NA,0.59,2.83,135.0,129.41,0.0,0.0,-8.71
Human Dominant_31,R1,2026-09-03T08:10:44.343721Z,human_signal,14,271,103,724,545,1125,564,632.93,971.09,401.81,human,i_can,0.605,2.83,110.24,129.41,180.0,76.24,180.0
Human Dominant_31,R1,2026-09-03T08:10:44.360638Z,behavior_monitor,14,271,103,724,545,1124,564,632.93,970.24,400.84,system,NA,0.605,2.83,110.24,129.41,180.0,57.18,180.0
Human Dominant_31,R1,2026-09-03T08:10:44.871262Z,behavior_monitor,14,246,181,658,545,1095,564,549.91,931.81,437.64,system,NA,0.629,2.83,65.18,129.41,180.0,57.18,180.0
Human Dominant_31,R1,2026-09-03T08:10:45.382759Z,behavior_monitor,14,285,258,592,545,1082,565,420.27,853.63,490.18,system,NA,0.67,2.83,65.18,129.41,180.0,0.0,180.0
Human Dominant_31,R1,2026-09-03T08:10:45.893861Z,behavior_monitor,14,327,314,526,545,1082,565,305.16,795.47,556.13,system,NA,0.723,2.83,16.9,129.41,180.0,0.0,180.0
Human Dominant_31,R1,2026-09-03T08:10:46.403575Z,behavior_monitor,14,409,339,460,545,1051,565,212.73,680.18,590.86,system,NA,0.762,2.83,16.9,129.41,180.0,76.24,180.0
Human Dominant_31,R1,2026-09-03T08:10:46.912278Z,behavior_monitor,14,490,368,439,523,1012,565,162.36,557.58,574.56,system,NA,0.774,2.83,16.46,131.76,-39.66,72.0,180.0
Human Dominant_31,R1,2026-09-03T08:10:47.424363Z,behavior_monitor,14,556,414,495,477,972,566,87.56,442.92,485.27,system,NA,0.835,2.83,38.17,139.92,-29.23,76.24,180.0
Human Dominant_31,R1,2026-09-03T08:10:47.934723Z,behavior_monitor,14,611,477,561,468,933,566,50.75,334.3,384.83,system,NA,0.868,2.83,62.98,128.08,0.0,76.24,180.0
Human Dominant_31,R1,2026-09-03T08:10:48.156454Z,shot_miss,14,622,512,588,476,916,566,48.92,299.49,340.22,human,NA,0.86,2.83,84.0,130.68,25.43,76.24,180.0
Human Dominant_31,R1,2026-09-03T08:10:48.446046Z,behavior_monitor,14,626,560,602,506,894,566,59.04,267.75,298.42,system,NA,0.819,2.83,84.0,129.41,90.0,76.24,180.0
Human Dominant_31,R1,2026-09-03T08:10:48.953935Z,behavior_monitor,14,673,631,602,572,855,613,92.39,182.8,256.71,system,NA,0.664,2.83,76.5,129.41,90.0,130.47,125.75
Human Dominant_31,R1,2026-09-03T08:10:49.328634Z,human_signal,14,688,691,601,620,827,653,112.24,143.98,228.5,human,your_turn,0.562,2.83,76.5,133.78,104.7,130.47,125.75
Human Dominant_31,R1,2026-09-03T08:10:49.329608Z,human_signal,14,689,694,600,623,827,653,113.8,143.82,228.8,human,your_turn,0.558,2.83,76.5,134.19,105.34,130.47,125.75
Human Dominant_31,R1,2026-09-03T08:10:49.465967Z,behavior_monitor,14,692,713,595,638,813,672,122.32,127.96,220.36,system,NA,0.511,2.83,76.5,134.89,106.39,169.61,125.75
Human Dominant_31,R1,2026-09-03T08:10:49.975883Z,behavior_monitor,14,722,790,580,704,763,743,165.72,63.04,186.86,system,NA,0.276,2.83,77.82,129.41,90.0,169.61,125.75
Human Dominant_31,R1,2026-09-03T08:10:50.489322Z,behavior_monitor,14,700,872,574,770,713,813,161.69,61.11,144.68,system,NA,0.274,2.83,105.12,129.41,90.0,169.61,125.75
Human Dominant_31,R1,2026-09-03T08:10:50.981598Z,flight_missed,14,680,954,600,749,664,883,220.59,72.81,148.86,system,NA,0.248,2.83,105.12,141.44,-59.62,169.61,125.75
Human Dominant_31,R1,2026-09-03T08:10:50.983049Z,flight_spawn,15,973,-20,600,749,664,883,854.44,955.2,148.86,system,NA,0.528,3.31,52.84,141.44,-59.62,169.61,125.75
Human Dominant_31,R1,2026-09-03T08:10:53.468024Z,human_signal,15,817,379,583,548,806,649,288.03,270.05,244.66,human,your_turn,0.484,3.31,127.19,133.64,-154.55,130.47,-125.75
Human Dominant_31,R1,2026-09-03T08:10:53.469042Z,behavior_monitor,15,817,379,583,548,806,649,288.03,270.05,244.66,system,NA,0.484,3.31,127.19,133.64,-154.55,130.47,-125.75
Human Dominant_31,R1,2026-09-03T08:10:53.469486Z,human_signal,15,815,382,581,547,806,649,286.21,267.35,246.93,human,your_turn,0.483,3.31,127.19,133.64,-154.55,130.47,-125.75
Human Dominant_31,R1,2026-09-03T08:10:53.980021Z,behavior_monitor,15,763,462,518,541,755,579,257.85,116.57,240.64,system,NA,0.311,3.31,98.93,142.58,164.66,180.21,-125.75
Human Dominant_31,R1,2026-09-03T08:10:54.422000Z,shot_hit,15,714,534,468,580,710,565,250.3,31.13,241.73,agent,NA,0.111,3.31,128.79,143.36,124.47,99.11,180.0
Human Dominant_31,R1,2026-09-03T08:10:54.423051Z,flight_spawn,16,186,-20,468,580,710,565,663.68,785.32,241.73,system,NA,0.542,3.16,50.76,143.36,124.47,99.11,180.0
Human Dominant_31,R1,2026-09-03T08:10:55.446619Z,human_signal,16,199,154,347,585,656,565,455.65,613.78,309.57,human,i_can,0.574,3.16,101.89,135.1,-150.38,76.24,180.0
Human Dominant_31,R1,2026-09-03T08:10:55.462557Z,behavior_monitor,16,199,154,347,585,655,565,455.65,613.09,308.59,system,NA,0.574,3.16,101.89,134.6,-151.25,57.56,176.76
Human Dominant_31,R1,2026-09-03T08:10:55.974676Z,behavior_monitor,16,212,243,286,556,645,565,321.4,539.9,359.24,system,NA,0.627,3.16,76.8,133.76,-155.66,0.0,180.0
Human Dominant_31,R1,2026-09-03T08:10:56.484792Z,behavior_monitor,16,241,332,238,517,634,565,184.19,457.34,398.95,system,NA,0.713,3.16,100.1,63.61,-90.0,0.0,153.62
Human Dominant_31,R1,2026-09-03T08:10:56.995146Z,behavior_monitor,16,232,425,264,499,635,565,80.73,426.15,376.78,system,NA,0.841,3.16,102.04,131.01,-105.77,0.0,-58.9
Human Dominant_31,R1,2026-09-03T08:10:57.249249Z,shot_miss,16,210,466,247,471,617,565,37.17,419.47,382.47,human,NA,0.919,3.16,124.12,126.78,-141.05,76.24,180.0
Human Dominant_31,R1,2026-09-03T08:10:57.503585Z,behavior_monitor,16,188,507,232,461,598,565,63.81,414.73,380.92,system,NA,0.867,3.16,102.68,0.0,-138.35,76.24,180.0
Human Dominant_31,R1,2026-09-03T08:10:58.014207Z,behavior_monitor,16,165,600,190,493,559,583,110.02,394.78,380.47,system,NA,0.782,3.16,102.68,139.46,131.82,130.47,125.75
Human Dominant_31,R1,2026-09-03T08:10:58.423058Z,human_signal,16,149,674,152,535,528,626,138.62,381.4,386.35,human,your_turn,0.733,3.16,102.68,139.59,131.35,130.47,125.75
Human Dominant_31,R1,2026-09-03T08:10:58.423768Z,human_signal,16,149,677,150,537,528,626,139.9,381.76,387.46,human,your_turn,0.732,3.16,102.68,139.59,131.35,116.45,126.96
Human Dominant_31,R1,2026-09-03T08:10:58.524624Z,behavior_monitor,16,144,692,143,546,517,639,146.41,376.89,386.36,system,NA,0.72,3.16,102.68,138.96,130.8,169.61,125.75
Human Dominant_31,R1,2026-09-03T08:10:59.036358Z,behavior_monitor,16,140,784,100,602,467,710,186.46,334.94,382.67,system,NA,0.642,3.16,72.97,139.61,117.21,169.61,125.75
Human Dominant_31,R1,2026-09-03T08:10:59.550215Z,behavior_monitor,16,199,855,68,666,416,780,229.83,230.12,365.98,system,NA,0.5,3.16,46.07,139.9,115.73,169.61,125.75
Human Dominant_31,R1,2026-09-03T08:11:00.059432Z,behavior_monitor,16,209,946,37,731,366,850,275.49,184.59,349.68,system,NA,0.401,3.16,100.17,139.9,115.73,169.61,125.75
Human Dominant_31,R1,2026-09-03T08:11:00.077234Z,flight_missed,16,209,952,35,735,363,854,278.18,182.66,348.54,system,NA,0.396,3.16,100.17,139.77,115.16,169.61,125.75
Human Dominant_31,R1,2026-09-03T08:11:00.077781Z,flight_spawn,17,926,-20,35,735,363,854,1167.38,1040.02,348.54,system,NA,0.471,2.83,45.0,139.77,115.16,169.61,125.75
Human Dominant_31,R1,2026-09-03T08:11:01.556403Z,human_signal,17,1024,184,206,693,441,747,963.32,810.0,240.64,human,your_turn,0.457,2.83,95.84,129.41,0.0,130.47,-54.25
Human Dominant_31,R1,2026-09-03T08:11:01.557462Z,behavior_monitor,17,1024,184,206,693,441,747,963.32,810.0,240.64,system,NA,0.457,2.83,95.84,129.41,0.0,130.47,-54.25
Human Dominant_31,R1,2026-09-03T08:11:01.557863Z,human_signal,17,1024,187,209,693,441,747,960.05,808.12,238.49,human,your_turn,0.457,2.83,95.84,129.41,0.0,130.47,-54.25
Human Dominant_31,R1,2026-09-03T08:11:02.067524Z,behavior_monitor,17,1015,269,272,695,492,675,856.81,662.44,220.62,system,NA,0.436,2.83,95.84,135.59,17.37,169.61,-54.25
Human Dominant_31,R1,2026-09-03T08:11:02.578284Z,behavior_monitor,17,981,343,324,740,543,605,767.41,510.29,257.13,system,NA,0.399,2.83,124.73,135.05,61.94,169.61,-54.25
Human Dominant_31,R1,2026-09-03T08:11:03.087305Z,behavior_monitor,17,919,393,376,781,593,565,667.25,368.01,306.79,system,NA,0.355,2.83,173.37,135.43,17.16,99.11,0.0
Human Dominant_31,R1,2026-09-03T08:11:03.593317Z,behavior_monitor,17,831,403,442,805,644,564,559.46,246.14,315.05,system,NA,0.306,2.83,173.37,136.73,22.58,99.11,0.0
Human Dominant_31,R1,2026-09-03T08:11:04.103114Z,behavior_monitor,17,745,408,499,791,694,564,454.96,164.32,298.66,system,NA,0.265,2.83,177.95,133.99,-74.98,99.11,0.0
Human Dominant_31,R1,2026-09-03T08:11:04.611805Z,behavior_monitor,17,665,428,500,725,669,563,339.77,135.63,233.55,system,NA,0.285,2.83,169.11,129.41,-90.0,99.11,180.0
Human Dominant_31,R1,2026-09-03T08:11:05.124052Z,behavior_monitor,17,583,445,450,679,618,563,268.97,123.5,203.84,system,NA,0.315,2.83,145.12,137.9,-151.67,99.11,180.0
Human Dominant_31,R1,2026-09-03T08:11:05.633973Z,behavior_monitor,17,515,493,385,666,568,562,216.23,86.68,210.3,system,NA,0.286,2.83,145.12,129.41,180.0,99.11,180.0
Human Dominant_31,R1,2026-09-03T08:11:06.142839Z,behavior_monitor,17,440,531,333,711,518,562,209.22,83.48,237.37,system,NA,0.285,2.83,138.5,137.54,123.48,99.11,180.0
Human Dominant_31,R1,2026-09-03T08:11:06.959836Z,shot_hit,17,448,639,314,814,436,636,220.35,12.71,216.28,agent,NA,0.055,2.83,0.31,137.06,70.77,99.11,180.0
Human Dominant_31,R1,2026-09-03T08:11:06.960249Z,flight_spawn,18,975,-20,314,814,436,636,1064.95,849.35,216.28,system,NA,0.444,3.01,48.4,137.06,70.77,99.11,180.0
Human Dominant_31,R1,2026-09-03T08:11:12.485923Z,shot_miss,18,1000,906,956,854,833,777,67.99,210.41,144.56,human,NA,0.756,3.01,97.72,133.46,14.16,130.47,54.25
Human Dominant_31,R1,2026-09-03T08:11:12.742035Z,flight_missed,18,995,953,991,861,854,806,92.77,204.12,147.12,system,NA,0.688,3.01,97.72,129.41,0.0,130.47,54.25
Human Dominant_31,R1,2026-09-03T08:11:12.742921Z,flight_spawn,19,723,-20,991,861,854,806,920.79,836.8,147.12,system,NA,0.476,3.02,131.54,129.41,0.0,130.47,54.25
Human Dominant_31,R1,2026-09-03T08:11:15.356178Z,human_signal,19,298,122,890,760,710,607,870.14,636.68,235.66,human,your_turn,0.423,3.02,153.94,138.34,153.58,130.47,-125.75
Human Dominant_31,R1,2026-09-03T08:11:15.357286Z,behavior_monitor,19,298,122,890,760,710,607,870.14,636.68,235.66,system,NA,0.423,3.02,153.94,138.41,153.6,130.47,-125.75
Human Dominant_31,R1,2026-09-03T08:11:15.357915Z,human_signal,19,295,124,887,762,710,607,870.58,637.66,234.74,human,your_turn,0.423,3.02,153.94,138.41,153.6,130.47,-125.75
Human Dominant_31,R1,2026-09-03T08:11:15.867515Z,behavior_monitor,19,212,139,825,784,659,565,889.94,618.27,274.15,system,NA,0.41,3.02,157.69,135.52,-162.04,99.11,180.0
Human Dominant_31,R1,2026-09-03T08:11:16.377594Z,behavior_monitor,19,129,167,762,750,609,565,860.29,623.25,240.06,system,NA,0.42,3.02,155.99,137.41,-160.35,99.11,180.0
Human Dominant_31,R1,2026-09-03T08:11:16.888363Z,behavior_monitor,19,97,241,696,743,559,565,781.57,563.8,225.01,system,NA,0.419,3.02,80.69,129.41,180.0,99.11,180.0
Human Dominant_31,R1,2026-09-03T08:11:17.398597Z,behavior_monitor,19,86,325,630,737,508,565,682.63,485.99,210.47,system,NA,0.416,3.02,130.22,133.66,-165.51,99.11,180.0
Human Dominant_31,R1,2026-09-03T08:11:17.911064Z,behavior_monitor,19,28,356,564,719,458,565,647.31,477.76,186.97,system,NA,0.425,2.06,36.5,134.24,-164.59,99.11,180.0
Human Dominant_31,R1,2026-09-03T08:11:18.421922Z,behavior_monitor,19,77,393,507,725,407,564,543.02,371.53,189.22,system,NA,0.406,2.06,36.5,134.37,105.62,99.79,-165.94
Human Dominant_31,R1,2026-09-03T08:11:18.931987Z,behavior_monitor,19,113,442,485,787,356,564,507.08,271.59,257.85,system,NA,0.349,2.06,60.49,135.71,146.64,99.11,180.0
Human Dominant_31,R1,2026-09-03T08:11:19.443178Z,behavior_monitor,19,126,501,420,803,306,564,420.97,190.11,264.84,system,NA,0.311,2.06,66.01,129.41,180.0,99.11,180.0
Human Dominant_31,R1,2026-09-03T08:11:19.953394Z,behavior_monitor,19,138,560,354,807,255,564,327.53,116.6,262.01,system,NA,0.263,2.06,89.66,129.36,160.88,93.6,180.0
Human Dominant_31,R1,2026-09-03T08:11:20.567326Z,shot_miss,19,155,633,278,851,193,630,250.31,38.59,237.28,agent,NA,0.134,2.06,85.11,139.9,146.81,169.61,125.75
Human Dominant_31,R1,2026-09-03T08:11:20.822264Z,shot_hit,19,157,664,248,870,168,659,224.73,12.2,224.99,agent,NA,0.051,2.06,85.11,138.65,148.48,169.61,125.75
Human Dominant_31,R1,2026-09-03T08:11:20.822931Z,flight_spawn,20,593,-20,248,870,168,659,955.03,801.65,224.99,system,NA,0.456,2.83,45.0,138.65,148.48,169.61,125.75
Human Dominant_31,R1,2026-09-03T08:11:23.377142Z,human_signal,20,438,269,339,779,337,565,519.42,312.71,213.86,human,your_turn,0.376,2.83,107.86,96.64,-144.17,76.24,0.0
Human Dominant_31,R1,2026-09-03T08:11:23.378036Z,behavior_monitor,20,438,269,339,779,337,565,519.42,312.71,213.86,system,NA,0.376,2.83,107.86,45.97,180.0,76.24,0.0
Human Dominant_31,R1,2026-09-03T08:11:23.378424Z,human_signal,20,437,272,339,779,337,565,516.48,309.67,213.86,human,your_turn,0.375,2.83,107.86,45.97,180.0,76.24,0.0
Human Dominant_31,R1,2026-09-03T08:11:23.888293Z,behavior_monitor,20,440,353,370,789,388,565,442.2,218.31,225.36,system,NA,0.331,2.83,85.77,135.81,23.9,99.11,0.0
Human Dominant_31,R1,2026-09-03T08:11:24.398901Z,behavior_monitor,20,456,435,435,815,434,564,380.41,131.04,250.69,system,NA,0.256,2.83,64.8,129.41,0.0,99.11,0.0
Human Dominant_31,R1,2026-09-03T08:11:24.909963Z,behavior_monitor,20,496,506,501,794,473,564,287.56,62.4,231.56,system,NA,0.178,2.83,62.07,133.67,-14.5,99.11,0.0
Human Dominant_31,R1,2026-09-03T08:11:25.148254Z,shot_hit,20,510,546,534,792,488,564,247.25,28.95,232.58,agent,NA,0.105,2.83,61.21,129.41,0.0,99.11,0.0
Human Dominant_31,R2,2026-09-03T08:11:34.470542Z,flight_spawn,1,329,-20,534,792,488,564,837.83,605.61,232.58,system,NA,0.42,3.0,131.89,0.0,0.0,0.0,0.0
Human Dominant_31,R2,2026-09-03T08:11:39.024400Z,human_signal,1,207,210,1127,754,272,622,1068.17,417.32,864.68,human,your_turn,0.281,3.0,135.08,0.0,0.0,130.47,-125.75
Human Dominant_31,R2,2026-09-03T08:11:39.025794Z,behavior_monitor,1,207,210,1127,754,272,622,1068.17,417.32,864.68,system,NA,0.281,3.0,135.08,0.0,0.0,130.47,-125.75
Human Dominant_31,R2,2026-09-03T08:11:39.026183Z,human_signal,1,205,212,1127,754,272,622,1068.69,415.52,864.68,human,your_turn,0.28,3.0,135.08,0.0,0.0,130.47,-125.75
Human Dominant_31,R2,2026-09-03T08:11:39.534490Z,behavior_monitor,1,141,273,1126,753,221,566,1095.44,303.29,923.42,system,NA,0.217,3.0,135.08,69.5,-132.34,99.11,180.0
Human Dominant_31,R2,2026-09-03T08:11:40.043625Z,behavior_monitor,1,70,332,1093,695,171,566,1084.93,254.48,930.53,system,NA,0.19,3.0,141.98,139.54,-117.22,99.11,180.0
Human Dominant_31,R2,2026-09-03T08:11:40.554548Z,behavior_monitor,1,31,385,1037,660,121,566,1043.27,202.65,920.66,system,NA,0.163,2.33,27.93,129.41,180.0,99.11,180.0
Human Dominant_31,R2,2026-09-03T08:11:41.064886Z,behavior_monitor,1,90,417,1036,692,72,566,984.59,149.66,971.66,system,NA,0.132,2.33,5.45,129.41,0.0,13.31,30.09
Human Dominant_31,R2,2026-09-03T08:11:41.576281Z,behavior_monitor,1,161,431,1093,654,119,565,958.24,141.2,978.21,system,NA,0.128,2.33,2.89,138.08,-29.85,99.11,0.0
Human Dominant_31,R2,2026-09-03T08:11:42.084638Z,behavior_monitor,1,230,442,1060,636,169,566,852.3,137.34,893.83,system,NA,0.139,2.33,17.74,135.29,-163.05,99.11,0.0
Human Dominant_31,R2,2026-09-03T08:11:42.594145Z,behavior_monitor,1,281,486,994,619,220,565,725.23,100.15,775.85,system,NA,0.121,2.33,48.66,129.41,180.0,99.11,0.0
Human Dominant_31,R2,2026-09-03T08:11:43.102579Z,behavior_monitor,1,317,543,928,619,271,566,615.96,50.98,659.26,system,NA,0.076,2.33,70.76,129.41,180.0,99.11,0.0
Human Dominant_31,R2,2026-09-03T08:11:43.237530Z,shot_miss,1,324,563,908,619,287,565,587.1,37.41,624.1,agent,NA,0.06,2.33,70.76,129.41,180.0,99.11,0.0
Human Dominant_31,R2,2026-09-03T08:11:43.457280Z,shot_hit,1,340,587,881,629,308,582,542.41,32.11,574.4,agent,NA,0.056,2.33,46.21,142.13,144.54,169.61,54.25
Human Dominant_31,R2,2026-09-03T08:11:43.458371Z,flight_spawn,2,794,-20,881,629,308,582,655.57,773.35,574.4,system,NA,0.541,2.83,135.0,142.13,144.54,169.61,54.25
Human Dominant_31,R2,2026-09-03T08:11:45.071846Z,human_signal,2,760,235,733,714,404,566,479.83,485.79,360.75,human,i_can,0.503,2.83,90.0,129.41,180.0,76.24,0.0
Human Dominant_31,R2,2026-09-03T08:11:45.088626Z,behavior_monitor,2,760,235,733,714,405,566,479.83,485.08,359.86,system,NA,0.503,2.83,90.0,129.41,180.0,57.18,0.0
Human Dominant_31,R2,2026-09-03T08:11:45.597610Z,behavior_monitor,2,770,317,712,677,435,566,364.39,417.39,298.47,system,NA,0.534,2.83,65.82,140.91,-53.96,57.18,0.0
Human Dominant_31,R2,2026-09-03T08:11:46.110479Z,behavior_monitor,2,778,402,754,619,448,567,218.52,368.77,309.73,system,NA,0.628,2.83,86.59,139.0,-62.51,0.0,0.0
Human Dominant_31,R2,2026-09-03T08:11:46.623966Z,behavior_monitor,2,766,483,779,553,448,567,71.86,328.83,331.06,system,NA,0.821,2.83,116.15,139.71,-63.85,0.0,0.0
Human Dominant_31,R2,2026-09-03T08:11:46.846128Z,shot_hit,2,753,516,778,526,462,565,27.22,294.99,318.49,human,NA,0.916,2.83,116.15,148.19,-122.18,76.24,0.0
Human Dominant_31,R2,2026-09-03T08:11:46.846569Z,flight_spawn,3,1346,-20,778,526,462,565,787.97,1060.35,318.49,system,NA,0.574,2.99,131.92,148.19,-122.18,76.24,0.0
Human Dominant_31,R2,2026-09-03T08:11:47.999169Z,human_signal,3,1213,126,787,530,525,565,586.99,816.42,264.53,human,i_can,0.582,2.99,128.86,129.41,0.0,76.24,0.0
Human Dominant_31,R2,2026-09-03T08:11:48.015920Z,behavior_monitor,3,1213,126,787,530,525,565,586.99,815.6,263.57,system,NA,0.581,2.99,128.86,129.41,0.0,57.18,0.0
Human Dominant_31,R2,2026-09-03T08:11:48.525977Z,behavior_monitor,3,1138,171,853,530,536,566,458.11,719.94,319.11,system,NA,0.611,2.99,157.45,129.41,0.0,0.0,0.0
Human Dominant_31,R2,2026-09-03T08:11:49.034445Z,behavior_monitor,3,1061,210,919,530,549,566,349.87,623.41,371.74,system,NA,0.641,2.99,133.0,137.5,0.0,0.0,0.0
Human Dominant_31,R2,2026-09-03T08:11:49.544200Z,behavior_monitor,3,985,254,984,522,549,566,268.31,536.08,437.52,system,NA,0.666,2.99,174.87,140.59,-27.59,0.0,26.01
Human Dominant_31,R2,2026-09-03T08:11:50.053904Z,behavior_monitor,3,904,287,972,477,572,566,201.18,433.27,409.9,system,NA,0.683,2.99,147.2,134.19,-158.15,76.24,0.0
Human Dominant_31,R2,2026-09-03T08:11:50.564387Z,behavior_monitor,3,822,325,906,466,611,565,164.03,319.76,311.75,system,NA,0.661,2.99,160.69,129.41,180.0,76.24,0.0
Human Dominant_31,R2,2026-09-03T08:11:51.075526Z,behavior_monitor,3,761,389,840,466,649,565,110.29,208.98,215.38,system,NA,0.655,2.99,116.33,129.41,180.0,76.24,0.0
Human Dominant_31,R2,2026-09-03T08:11:51.586202Z,behavior_monitor,3,709,464,774,466,687,565,64.88,103.06,132.2,system,NA,0.614,2.99,116.89,129.41,180.0,0.0,0.0
Human Dominant_31,R2,2026-09-03T08:11:52.095107Z,behavior_monitor,3,665,539,708,463,653,565,86.9,29.36,116.17,system,NA,0.253,2.99,89.75,134.04,-162.51,88.02,164.08
Human Dominant_31,R2,2026-09-03T08:11:52.129550Z,shot_hit,3,666,548,702,461,650,565,93.81,24.04,116.54,agent,NA,0.204,2.99,89.75,134.61,-160.6,57.34,-157.84
Human Dominant_31,R2,2026-09-03T08:11:52.130381Z,flight_spawn,4,1126,-20,702,461,650,565,641.79,755.05,116.54,system,NA,0.541,3.01,48.31,134.61,-160.6,57.34,-157.84
Human Dominant_31,R2,2026-09-03T08:11:52.484082Z,human_signal,4,1182,8,659,445,650,565,681.32,770.03,120.3,human,your_turn,0.531,3.01,26.82,142.97,-161.99,0.0,180.0
Human Dominant_31,R2,2026-09-03T08:11:52.484701Z,human_signal,4,1185,10,657,444,650,565,683.98,771.11,120.85,human,your_turn,0.53,3.01,26.82,134.61,-162.29,0.0,180.0
Human Dominant_31,R2,2026-09-03T08:11:52.602907Z,behavior_monitor,4,1202,18,643,440,650,565,699.97,777.19,124.89,system,NA,0.526,3.01,26.82,134.65,-162.82,0.0,180.0
Human Dominant_31,R2,2026-09-03T08:11:53.112357Z,behavior_monitor,4,1285,54,603,421,690,565,773.74,784.14,168.63,system,NA,0.503,3.01,27.78,129.41,0.0,99.11,0.0
Human Dominant_31,R2,2026-09-03T08:11:53.624603Z,behavior_monitor,4,1336,122,669,421,741,565,730.32,742.0,161.22,system,NA,0.504,3.01,59.81,129.41,0.0,99.11,0.0
Human Dominant_31,R2,2026-09-03T08:11:54.134880Z,behavior_monitor,4,1389,192,632,387,791,566,781.97,705.46,239.39,system,NA,0.474,3.01,59.7,133.6,-159.71,99.11,0.0
Human Dominant_31,R2,2026-09-03T08:11:54.644856Z,behavior_monitor,4,1422,274,566,387,841,566,863.18,649.47,328.0,system,NA,0.429,3.01,62.0,135.24,157.32,99.11,0.0
Human Dominant_31,R2,2026-09-03T08:11:55.155289Z,behavior_monitor,4,1449,361,551,447,892,565,902.33,593.37,361.01,system,NA,0.397,3.01,85.2,129.41,90.0,99.11,0.0
Human Dominant_31,R2,2026-09-03T08:11:55.663785Z,behavior_monitor,4,1428,447,563,513,942,565,866.9,499.77,382.43,system,NA,0.366,3.0,113.37,138.22,67.01,99.11,0.0
Human Dominant_31,R2,2026-09-03T08:11:56.171691Z,behavior_monitor,4,1377,516,603,572,993,566,776.54,387.51,390.22,system,NA,0.333,3.0,117.64,140.05,49.3,99.11,0.0
Human Dominant_31,R2,2026-09-03T08:11:56.680670Z,behavior_monitor,4,1360,600,653,622,1044,589,707.17,316.6,391.81,system,NA,0.309,3.0,81.96,139.0,37.36,169.61,54.25
Human Dominant_31,R2,2026-09-03T08:11:57.191737Z,behavior_monitor,4,1371,689,714,656,1094,659,657.86,278.72,379.91,system,NA,0.298,3.0,81.96,135.33,19.09,169.61,54.25
Human Dominant_31,R2,2026-09-03T08:11:58.776761Z,flight_missed,4,1320,954,917,687,1253,879,483.84,100.28,387.69,system,NA,0.172,3.0,113.25,130.35,-44.41,160.19,54.25
Human Dominant_31,R2,2026-09-03T08:11:58.778177Z,flight_spawn,5,766,-20,917,687,1253,879,723.21,1023.47,387.69,system,NA,0.586,2.83,135.0,130.35,-44.41,160.19,54.25
Human Dominant_31,R2,2026-09-03T08:12:00.000490Z,human_signal,5,615,102,787,626,1209,816,551.34,928.81,462.56,human,i_can,0.628,2.83,122.67,129.41,180.0,130.47,-125.75
Human Dominant_31,R2,2026-09-03T08:12:00.017186Z,behavior_monitor,5,615,102,787,626,1208,814,551.34,927.15,461.12,system,NA,0.627,2.83,122.67,129.41,180.0,97.85,-125.75
Human Dominant_31,R2,2026-09-03T08:12:00.527301Z,behavior_monitor,5,556,156,730,626,1179,774,501.06,877.64,472.57,system,NA,0.637,2.83,148.98,0.0,180.0,97.85,-125.75
Human Dominant_31,R2,2026-09-03T08:12:01.036839Z,behavior_monitor,5,483,197,687,621,1165,755,470.71,881.98,497.06,system,NA,0.652,2.83,172.56,137.75,-159.97,0.0,50.78
Human Dominant_31,R2,2026-09-03T08:12:01.544362Z,behavior_monitor,5,398,219,621,610,1148,730,449.25,906.6,540.44,system,NA,0.669,2.83,160.96,129.41,180.0,130.47,-125.75
Human Dominant_31,R2,2026-09-03T08:12:02.055591Z,behavior_monitor,5,316,240,555,610,1108,675,439.69,903.25,557.03,system,NA,0.673,2.83,166.55,129.41,180.0,130.47,-125.75
Human Dominant_31,R2,2026-09-03T08:12:02.566746Z,behavior_monitor,5,237,270,489,610,1069,621,422.27,902.87,580.86,system,NA,0.681,2.83,124.47,129.41,180.0,130.47,-125.75
Human Dominant_31,R2,2026-09-03T08:12:03.077052Z,behavior_monitor,5,180,336,423,610,1031,567,365.8,881.57,609.77,system,NA,0.707,2.83,128.53,129.41,180.0,130.47,-125.75
Human Dominant_31,R2,2026-09-03T08:12:03.587390Z,behavior_monitor,5,128,402,357,610,992,565,309.23,880.19,637.36,system,NA,0.74,2.83,128.53,129.41,180.0,76.24,180.0
Human Dominant_31,R2,2026-09-03T08:12:04.097349Z,behavior_monitor,5,68,463,291,610,954,566,266.94,891.77,664.44,system,NA,0.77,2.83,113.41,129.41,180.0,75.44,174.23
Human Dominant_31,R2,2026-09-03T08:12:04.607210Z,behavior_monitor,5,52,544,225,610,915,565,185.0,863.35,691.52,system,NA,0.824,2.83,64.2,129.41,180.0,76.24,180.0
Human Dominant_31,R2,2026-09-03T08:12:05.559112Z,shot_miss,5,170,638,149,664,842,632,33.8,671.53,693.62,human,NA,0.952,2.83,11.56,0.0,180.0,65.88,160.56
Human Dominant_31,R2,2026-09-03T08:12:06.799044Z,human_signal,5,368,687,310,664,747,682,63.0,379.19,438.15,human,your_turn,0.858,2.83,19.85,129.41,0.0,76.24,180.0
Human Dominant_31,R2,2026-09-03T08:12:06.799898Z,behavior_monitor,5,368,687,310,664,747,682,63.0,379.19,438.15,system,NA,0.858,2.83,19.85,129.41,0.0,130.47,125.75
Human Dominant_31,R2,2026-09-03T08:12:06.800293Z,human_signal,5,371,688,312,664,747,682,64.02,376.29,435.95,human,your_turn,0.855,2.83,19.85,129.41,0.0,130.47,125.75
Human Dominant_31,R2,2026-09-03T08:12:07.306026Z,behavior_monitor,5,444,709,376,664,697,704,81.79,252.94,323.66,system,NA,0.756,2.83,6.31,129.41,0.0,99.11,180.0
Human Dominant_31,R2,2026-09-03T08:12:07.818105Z,behavior_monitor,5,523,733,434,625,646,728,140.27,123.74,236.74,system,NA,0.469,2.83,18.74,142.71,-43.23,99.11,180.0
Human Dominant_31,R2,2026-09-03T08:12:08.312420Z,shot_hit,5,606,760,497,600,596,754,194.26,11.88,183.66,agent,NA,0.058,2.83,18.74,129.41,0.0,114.96,-178.29
Human Dominant_31,R2,2026-09-03T08:12:08.313533Z,flight_spawn,6,550,-20,497,600,596,754,622.77,776.36,183.66,system,NA,0.555,2.86,45.61,129.41,0.0,114.96,-178.29
Human Dominant_31,R2,2026-09-03T08:12:09.484642Z,human_signal,6,495,150,583,533,532,666,392.64,517.77,142.8,human,i_can,0.569,2.86,118.82,142.66,-127.33,130.47,-125.75
Human Dominant_31,R2,2026-09-03T08:12:09.501403Z,behavior_monitor,6,495,150,583,533,531,665,392.64,516.35,141.88,system,NA,0.568,2.86,118.82,139.96,-129.51,97.85,-125.75
Human Dominant_31,R2,2026-09-03T08:12:10.011385Z,behavior_monitor,6,461,225,525,497,503,624,278.84,400.71,129.14,system,NA,0.59,2.86,69.38,133.06,-158.65,107.64,-109.0
Human Dominant_31,R2,2026-09-03T08:12:10.522406Z,behavior_monitor,6,495,306,461,474,489,605,171.72,298.98,133.77,system,NA,0.635,2.86,69.38,135.63,-157.47,0.0,-46.27
Human Dominant_31,R2,2026-09-03T08:12:11.033278Z,behavior_monitor,6,488,389,484,437,476,585,48.25,196.99,148.75,system,NA,0.803,2.86,125.43,129.41,-90.0,130.47,-125.75
Human Dominant_31,R2,2026-09-03T08:12:11.169094Z,shot_hit,6,474,407,484,419,466,571,15.89,163.79,152.81,human,NA,0.912,2.86,101.01,129.41,-90.0,130.47,-125.75
Human Dominant_31,R2,2026-09-03T08:12:11.169700Z,flight_spawn,7,507,-20,484,419,466,571,440.43,592.97,152.81,system,NA,0.574,3.38,126.31,129.41,-90.0,130.47,-125.75
Human Dominant_31,R2,2026-09-03T08:12:14.672734Z,shot_miss,7,271,550,333,413,314,566,150.7,46.29,154.76,agent,NA,0.235,3.38,150.49,133.4,46.5,72.0,180.0
Human Dominant_31,R2,2026-09-03T08:12:14.723859Z,human_signal,7,266,553,337,416,311,566,154.29,47.34,152.32,human,your_turn,0.235,3.38,150.49,141.18,44.87,76.24,180.0
Human Dominant_31,R2,2026-09-03T08:12:14.724649Z,behavior_monitor,7,266,553,337,416,311,566,154.29,47.34,152.32,system,NA,0.235,3.38,150.49,141.21,43.82,76.24,180.0
Human Dominant_31,R2,2026-09-03T08:12:14.725040Z,human_signal,7,263,555,339,418,311,566,156.46,49.67,151.0,human,your_turn,0.241,3.38,150.49,141.21,43.82,76.24,180.0
Human Dominant_31,R2,2026-09-03T08:12:15.234036Z,behavior_monitor,7,177,603,389,465,260,597,252.89,83.88,184.2,system,NA,0.249,3.38,150.49,138.66,42.07,99.11,180.0
Human Dominant_31,R2,2026-09-03T08:12:15.741528Z,behavior_monitor,7,83,640,447,503,210,635,388.72,126.73,271.28,system,NA,0.246,3.38,150.54,136.61,36.4,169.61,125.75
Human Dominant_31,R2,2026-09-03T08:12:16.252754Z,behavior_monitor,7,35,670,500,547,160,665,481.46,125.12,360.26,system,NA,0.206,2.03,28.28,123.21,60.44,99.11,180.0
Human Dominant_31,R2,2026-09-03T08:12:16.765356Z,behavior_monitor,7,78,705,474,613,109,700,407.0,31.58,375.48,system,NA,0.072,2.03,55.3,140.89,113.29,169.61,125.75
Human Dominant_31,R2,2026-09-03T08:12:16.765986Z,shot_hit,7,79,707,473,615,107,702,405.07,28.86,376.28,agent,NA,0.067,2.03,55.3,140.89,113.29,169.61,125.75
Human Dominant_31,R2,2026-09-03T08:12:16.766242Z,flight_spawn,8,787,-20,473,615,107,702,709.04,992.48,376.28,system,NA,0.583,3.44,125.59,140.89,113.29,169.61,125.75
Human Dominant_31,R2,2026-09-03T08:12:18.042635Z,human_signal,8,896,168,561,684,185,595,614.71,829.15,386.87,human,i_can,0.574,3.44,51.97,129.41,0.0,130.47,-54.25
Human Dominant_31,R2,2026-09-03T08:12:18.059707Z,behavior_monitor,8,896,168,561,684,186,594,614.71,827.62,386.24,system,NA,0.574,3.44,51.97,129.41,0.0,97.85,-54.25
Human Dominant_31,R2,2026-09-03T08:12:18.571215Z,behavior_monitor,8,966,237,627,684,215,566,560.83,819.22,428.73,system,NA,0.594,3.44,1.05,129.41,0.0,57.18,0.0
Human Dominant_31,R2,2026-09-03T08:12:19.078700Z,behavior_monitor,8,1067,249,693,671,229,565,564.2,896.01,476.09,system,NA,0.614,3.44,33.61,139.09,-21.5,0.0,112.72
Human Dominant_31,R2,2026-09-03T08:12:19.589416Z,behavior_monitor,8,1166,288,759,645,233,565,540.96,973.28,532.26,system,NA,0.643,3.44,26.59,139.33,-21.76,76.24,0.0
Human Dominant_31,R2,2026-09-03T08:12:20.101355Z,behavior_monitor,8,1243,351,825,619,272,566,496.31,994.55,555.67,system,NA,0.667,3.44,76.88,139.33,-21.76,76.24,0.0
Human Dominant_31,R2,2026-09-03T08:12:20.609363Z,behavior_monitor,8,1301,433,891,603,312,566,443.83,998.12,580.37,system,NA,0.692,3.44,75.48,129.41,0.0,76.24,0.0
Human Dominant_31,R2,2026-09-03T08:12:21.117387Z,behavior_monitor,8,1350,520,957,605,351,566,401.55,999.67,607.41,system,NA,0.713,3.44,82.55,133.79,20.49,76.24,0.0
Human Dominant_31,R2,2026-09-03T08:12:21.628720Z,behavior_monitor,8,1334,621,1004,654,390,593,330.76,944.35,617.89,system,NA,0.741,3.44,103.52,136.0,55.97,130.47,54.25
Human Dominant_31,R2,2026-09-03T08:12:22.140667Z,behavior_monitor,8,1275,706,1031,717,429,647,244.27,848.47,606.5,system,NA,0.776,3.44,123.12,134.15,74.71,130.47,54.25
Human Dominant_31,R2,2026-09-03T08:12:22.653236Z,behavior_monitor,8,1216,789,1054,782,468,701,162.25,753.72,592.03,system,NA,0.823,3.44,143.78,135.36,68.12,130.47,54.25
Human Dominant_31,R2,2026-09-03T08:12:23.395662Z,human_signal,8,1073,850,1124,823,524,780,57.58,553.07,601.12,human,i_can,0.906,3.44,148.4,60.26,44.75,130.47,54.25
Human Dominant_31,R2,2026-09-03T08:12:23.413011Z,behavior_monitor,8,1073,850,1124,823,525,781,57.58,551.93,600.06,system,NA,0.906,3.44,148.4,80.32,149.04,97.85,54.25
Human Dominant_31,R2,2026-09-03T08:12:23.923352Z,behavior_monitor,8,978,883,1067,865,554,822,90.6,427.63,513.93,system,NA,0.825,3.44,164.6,142.02,131.91,97.85,54.25
Human Dominant_31,R2,2026-09-03T08:12:24.435980Z,behavior_monitor,8,894,933,1021,910,567,839,128.95,340.53,459.41,system,NA,0.725,3.44,124.3,88.35,180.0,0.0,-141.49
Human Dominant_31,R2,2026-09-03T08:12:24.537836Z,flight_missed,8,880,954,1010,910,567,839,137.82,333.29,449.08,system,NA,0.707,3.44,100.56,93.01,180.0,0.0,-141.49
Human Dominant_31,R2,2026-09-03T08:12:24.538957Z,flight_spawn,9,512,-20,1010,910,567,839,1055.07,861.62,449.08,system,NA,0.45,3.09,130.36,93.01,180.0,0.0,-141.49
Human Dominant_31,R2,2026-09-03T08:12:27.822049Z,human_signal,9,567,415,750,713,567,565,350.08,150.89,235.26,human,your_turn,0.301,3.09,128.85,129.41,180.0,76.24,180.0
Human Dominant_31,R2,2026-09-03T08:12:27.823158Z,behavior_monitor,9,567,415,750,713,567,565,350.08,150.89,235.26,system,NA,0.301,3.09,128.85,129.41,180.0,76.24,180.0
Human Dominant_31,R2,2026-09-03T08:12:27.823635Z,human_signal,9,566,417,748,713,567,565,347.53,148.49,233.55,human,your_turn,0.299,3.09,103.7,129.41,180.0,76.24,180.0
Human Dominant_31,R2,2026-09-03T08:12:28.332982Z,behavior_monitor,9,523,494,731,700,516,565,292.15,72.08,252.77,system,NA,0.198,3.09,125.86,137.16,-36.73,99.11,180.0
Human Dominant_31,R2,2026-09-03T08:12:28.589228Z,shot_hit,9,495,534,755,671,489,565,294.1,32.32,285.84,agent,NA,0.099,3.09,125.86,138.41,-60.87,99.11,180.0
Human Dominant_31,R2,2026-09-03T08:12:28.590247Z,flight_spawn,10,697,-20,755,671,489,565,694.34,621.6,285.84,system,NA,0.472,3.57,55.93,138.41,-60.87,99.11,180.0
Human Dominant_31,R2,2026-09-03T08:12:30.084169Z,human_signal,10,1005,18,843,598,489,565,602.2,752.41,354.76,human,i_can,0.555,3.57,3.34,139.88,42.7,0.0,180.0
Human Dominant_31,R2,2026-09-03T08:12:30.100923Z,behavior_monitor,10,1005,18,843,598,489,565,602.2,752.41,354.76,system,NA,0.555,3.57,3.34,140.03,42.76,0.0,180.0
Human Dominant_31,R2,2026-09-03T08:12:30.613302Z,behavior_monitor,10,1107,61,903,625,511,565,600.23,781.01,396.46,system,NA,0.565,3.57,26.15,129.41,0.0,57.18,0.0
Human Dominant_31,R2,2026-09-03T08:12:31.123338Z,behavior_monitor,10,1214,79,969,625,524,565,598.65,844.08,448.32,system,NA,0.585,3.57,20.82,129.41,0.0,0.0,0.0
Human Dominant_31,R2,2026-09-03T08:12:31.631045Z,behavior_monitor,10,1292,150,1035,625,531,565,539.68,866.25,507.3,system,NA,0.616,3.57,49.54,129.41,0.0,76.24,0.0
Human Dominant_31,R2,2026-09-03T08:12:32.142804Z,behavior_monitor,10,1353,237,1101,625,570,565,462.86,848.59,533.93,system,NA,0.647,3.57,72.44,129.41,0.0,76.24,0.0
Human Dominant_31,R2,2026-09-03T08:12:32.653655Z,behavior_monitor,10,1400,329,1167,625,609,565,377.0,825.39,560.68,system,NA,0.686,3.57,70.44,129.41,0.0,76.24,0.0
Human Dominant_31,R2,2026-09-03T08:12:33.163732Z,behavior_monitor,10,1442,424,1233,625,648,564,290.36,806.44,587.75,system,NA,0.735,3.57,91.8,129.41,0.0,87.24,-14.92
Human Dominant_31,R2,2026-09-03T08:12:33.685069Z,behavior_monitor,10,1444,521,1294,625,684,564,182.21,760.52,612.93,system,NA,0.807,3.41,103.48,129.41,0.0,76.24,0.0
Human Dominant_31,R2,2026-09-03T08:12:34.196352Z,behavior_monitor,10,1446,622,1363,625,725,593,83.36,721.66,638.6,system,NA,0.896,3.41,62.97,129.41,0.0,130.47,54.25
Human Dominant_31,R2,2026-09-03T08:12:34.705133Z,behavior_monitor,10,1420,701,1407,662,764,647,40.84,658.35,643.28,system,NA,0.942,3.2,160.64,129.41,90.0,130.47,54.25
Human Dominant_31,R2,2026-09-03T08:12:35.116124Z,shot_miss,10,1347,723,1407,715,794,690,60.17,553.94,613.14,human,NA,0.902,3.2,150.3,129.41,90.0,130.47,54.25
Human Dominant_31,R2,2026-09-03T08:12:36.111988Z,human_signal,10,1167,738,1305,813,870,733,157.0,296.67,441.76,human,your_turn,0.654,3.2,178.67,142.67,147.73,76.24,0.0
Human Dominant_31,R2,2026-09-03T08:12:36.114046Z,behavior_monitor,10,1167,738,1305,813,870,733,157.0,296.67,441.76,system,NA,0.654,3.2,178.67,142.91,147.8,76.24,0.0
Human Dominant_31,R2,2026-09-03T08:12:36.114415Z,human_signal,10,1164,738,1303,814,870,733,158.83,293.2,439.98,human,your_turn,0.649,3.2,178.67,142.91,147.8,76.24,0.0
Human Dominant_31,R2,2026-09-03T08:12:36.624372Z,behavior_monitor,10,1076,747,1242,847,921,741,194.59,154.57,338.3,system,NA,0.443,3.2,174.05,137.49,159.22,99.11,0.0
Human Dominant_31,R2,2026-09-03T08:12:37.119111Z,shot_hit,10,980,757,1177,874,965,751,229.68,16.0,245.49,agent,NA,0.065,3.2,174.05,136.57,161.36,0.0,0.0
Human Dominant_31,R2,2026-09-03T08:12:37.120223Z,flight_spawn,11,1426,-20,1177,874,965,751,928.37,898.95,245.49,system,NA,0.492,3.06,130.79,136.57,161.36,0.0,0.0
Human Dominant_31,R2,2026-09-03T08:12:38.837401Z,human_signal,11,1129,61,1055,866,1030,660,808.32,607.65,207.06,human,your_turn,0.429,3.06,171.94,138.56,159.07,130.47,-54.25
Human Dominant_31,R2,2026-09-03T08:12:38.838772Z,behavior_monitor,11,1129,61,1055,866,1030,660,808.32,607.65,207.06,system,NA,0.429,3.06,171.94,138.56,159.07,130.47,-54.25
Human Dominant_31,R2,2026-09-03T08:12:38.839171Z,human_signal,11,1126,61,1053,867,1030,660,808.65,606.69,207.66,human,your_turn,0.429,3.06,171.94,138.56,159.07,130.47,-54.25
Human Dominant_31,R2,2026-09-03T08:12:39.347210Z,behavior_monitor,11,1039,80,989,881,1035,590,802.21,510.16,294.07,system,NA,0.389,3.06,140.94,129.41,180.0,169.61,-125.75
Human Dominant_31,R2,2026-09-03T08:12:39.856584Z,behavior_monitor,11,963,133,923,878,984,565,746.11,431.82,319.45,system,NA,0.367,3.06,164.92,129.41,180.0,99.11,180.0
Human Dominant_31,R2,2026-09-03T08:12:40.368121Z,behavior_monitor,11,881,163,857,878,933,565,715.69,405.02,322.73,system,NA,0.361,3.06,144.77,129.41,180.0,99.11,180.0
Human Dominant_31,R2,2026-09-03T08:12:40.875836Z,behavior_monitor,11,804,211,791,878,883,564,667.56,361.93,327.23,system,NA,0.352,3.06,166.94,129.41,180.0,99.11,180.0
Human Dominant_31,R2,2026-09-03T08:12:41.385929Z,behavior_monitor,11,777,290,733,843,832,564,554.28,279.79,295.43,system,NA,0.335,3.06,115.94,135.68,-147.13,99.11,180.0
Human Dominant_31,R2,2026-09-03T08:12:41.894826Z,behavior_monitor,11,731,371,674,807,781,564,440.0,199.8,265.44,system,NA,0.312,3.06,145.7,135.3,-151.9,99.11,180.0
Human Dominant_31,R2,2026-09-03T08:12:42.403446Z,behavior_monitor,11,669,438,609,798,731,564,365.74,140.81,264.11,system,NA,0.278,3.06,124.51,129.41,180.0,99.11,180.0
Human Dominant_31,R2,2026-09-03T08:12:42.914548Z,behavior_monitor,11,608,504,543,798,680,564,301.81,94.25,271.6,system,NA,0.238,3.06,147.44,129.41,180.0,99.11,180.0
Human Dominant_31,R2,2026-09-03T08:12:43.424237Z,behavior_monitor,11,526,539,570,798,629,564,263.49,106.26,241.88,system,NA,0.287,3.06,168.45,128.32,0.0,99.11,180.0
Human Dominant_31,R2,2026-09-03T08:12:46.020907Z,shot_miss,11,244,852,293,860,371,820,48.98,130.99,88.08,human,NA,0.728,3.06,113.19,138.17,151.2,169.61,125.75
Human Dominant_31,R2,2026-09-03T08:12:46.650547Z,flight_missed,11,193,953,227,860,307,909,98.67,122.72,94.55,system,NA,0.554,3.06,139.71,134.56,-105.9,169.61,125.75
Human Dominant_31,R2,2026-09-03T08:12:46.651729Z,flight_spawn,12,281,-20,227,860,307,909,882.29,929.89,94.55,system,NA,0.513,3.44,125.6,134.56,-105.9,169.61,125.75
Human Dominant_31,R2,2026-09-03T08:12:47.313086Z,conflict,12,266,109,268,784,275,864,675.24,754.98,80.0,system,NA,0.528,3.44,77.01,140.23,-49.25,130.47,-125.75
Human Dominant_31,R2,2026-09-03T08:12:48.314317Z,conflict,12,382,275,273,756,331,810,492.75,537.25,79.59,system,NA,0.522,3.44,54.43,64.15,-56.59,137.21,-50.51
Human Dominant_31,R2,2026-09-03T08:12:51.712012Z,human_signal,12,43,705,224,859,152,701,237.1,108.58,174.04,human,your_turn,0.314,2.32,34.53,129.41,0.0,130.47,125.75
Human Dominant_31,R2,2026-09-03T08:12:51.712734Z,behavior_monitor,12,43,705,224,859,152,701,237.1,108.58,174.04,system,NA,0.314,2.32,34.53,129.41,0.0,130.47,125.75
Human Dominant_31,R2,2026-09-03T08:12:51.713204Z,human_signal,12,45,707,226,859,152,701,236.61,106.91,174.95,human,your_turn,0.311,2.32,34.53,129.41,0.0,130.47,125.75
Human Dominant_31,R2,2026-09-03T08:12:52.224270Z,behavior_monitor,12,91,756,290,859,101,750,224.42,11.7,217.76,system,NA,0.05,2.32,34.11,129.41,0.0,99.11,180.0
Human Dominant_31,R2,2026-09-03T08:12:52.258701Z,shot_hit,12,96,759,296,859,96,755,223.45,4.45,225.72,agent,NA,0.02,2.32,34.11,129.41,0.0,99.11,180.0
Human Dominant_31,R2,2026-09-03T08:12:52.259639Z,flight_spawn,13,818,-20,296,859,96,755,1023.23,1059.77,225.72,system,NA,0.509,2.96,132.45,129.41,0.0,99.11,180.0
Human Dominant_31,R2,2026-09-03T08:12:54.382749Z,human_signal,13,869,279,545,743,234,565,566.42,696.67,357.93,human,i_can,0.552,2.96,33.93,129.41,0.0,76.24,0.0
Human Dominant_31,R2,2026-09-03T08:12:54.399709Z,behavior_monitor,13,869,279,545,743,235,565,566.42,695.79,357.09,system,NA,0.551,2.96,33.93,129.41,0.0,57.18,0.0
Human Dominant_31,R2,2026-09-03T08:12:54.912208Z,behavior_monitor,13,954,309,611,743,264,565,553.61,735.42,389.59,system,NA,0.571,2.96,16.0,129.41,0.0,57.18,0.0
Human Dominant_31,R2,2026-09-03T08:12:55.418975Z,behavior_monitor,13,1039,332,677,743,278,565,548.21,796.28,436.83,system,NA,0.592,2.96,36.47,129.41,0.0,0.0,0.0
Human Dominant_31,R2,2026-09-03T08:12:55.930262Z,behavior_monitor,13,1109,385,743,743,278,565,512.65,850.09,497.2,system,NA,0.624,2.96,12.36,129.41,0.0,0.0,71.06
Human Dominant_31,R2,2026-09-03T08:12:56.441139Z,behavior_monitor,13,1187,412,809,743,302,565,502.97,898.43,537.25,system,NA,0.641,2.96,61.06,129.41,0.0,76.24,0.0
Human Dominant_31,R2,2026-09-03T08:12:56.951802Z,behavior_monitor,13,1221,493,875,743,341,565,427.6,882.86,562.3,system,NA,0.674,2.96,62.27,129.41,0.0,76.24,0.0
Human Dominant_31,R2,2026-09-03T08:12:57.462748Z,behavior_monitor,13,1229,575,941,743,380,568,333.96,849.62,587.56,system,NA,0.718,2.96,108.83,129.41,0.0,130.47,54.25
Human Dominant_31,R2,2026-09-03T08:12:57.972006Z,behavior_monitor,13,1243,663,1003,761,419,622,259.17,825.26,600.7,system,NA,0.761,2.96,79.69,135.06,44.01,130.47,54.25
Human Dominant_31,R2,2026-09-03T08:12:58.480067Z,behavior_monitor,13,1234,749,993,822,458,676,251.23,779.35,554.82,system,NA,0.756,2.96,105.02,148.16,135.77,130.47,54.25
Human Dominant_31,R2,2026-09-03T08:12:58.988054Z,behavior_monitor,13,1203,829,1023,875,497,730,185.91,712.85,545.09,system,NA,0.793,2.96,84.52,146.33,35.44,138.63,54.25
Human Dominant_31,R2,2026-09-03T08:12:59.755332Z,flight_missed,13,1258,953,1116,908,556,812,147.78,715.31,568.58,system,NA,0.829,2.96,92.2,133.65,-14.48,109.02,61.34
Human Dominant_31,R2,2026-09-03T08:12:59.756053Z,flight_spawn,14,1055,-20,1116,908,556,812,930.92,970.74,568.58,system,NA,0.51,2.83,135.0,133.65,-14.48,109.02,61.34
Human Dominant_31,R2,2026-09-03T08:13:03.310390Z,human_signal,14,602,307,868,903,638,566,653.3,261.7,408.47,human,your_turn,0.286,2.83,101.4,140.07,142.97,76.24,180.0
Human Dominant_31,R2,2026-09-03T08:13:03.312379Z,behavior_monitor,14,602,307,868,903,638,566,653.3,261.7,408.47,system,NA,0.286,2.83,101.4,140.07,142.97,76.24,180.0
Human Dominant_31,R2,2026-09-03T08:13:03.312927Z,human_signal,14,601,309,866,905,638,566,651.52,259.02,408.59,human,your_turn,0.284,2.83,101.4,140.07,142.97,76.24,180.0
Human Dominant_31,R2,2026-09-03T08:13:03.820115Z,behavior_monitor,14,619,383,812,910,596,566,560.68,183.97,406.09,system,NA,0.247,2.83,55.49,69.12,180.0,99.11,0.0
Human Dominant_31,R2,2026-09-03T08:13:04.329918Z,behavior_monitor,14,671,453,809,910,647,566,477.08,115.41,379.68,system,NA,0.195,2.83,55.49,0.0,180.0,99.11,0.0
Human Dominant_31,R2,2026-09-03T08:13:04.839743Z,behavior_monitor,14,722,523,809,910,698,566,396.37,49.26,360.84,system,NA,0.111,2.83,55.49,0.0,180.0,99.11,0.0
Human Dominant_31,R2,2026-09-03T08:13:05.044034Z,shot_hit,14,740,553,809,910,716,566,362.89,27.18,355.5,agent,NA,0.07,2.83,55.49,0.0,180.0,99.11,0.0
Human Dominant_31,R2,2026-09-03T08:13:05.045005Z,flight_spawn,15,834,-20,809,910,716,566,930.34,598.66,355.5,system,NA,0.392,2.83,135.0,0.0,180.0,99.11,0.0
Human Dominant_31,R2,2026-09-03T08:13:06.066267Z,human_signal,15,761,117,809,910,753,566,794.29,449.81,347.77,human,your_turn,0.362,2.83,160.78,0.0,180.0,76.24,180.0
Human Dominant_31,R2,2026-09-03T08:13:06.067286Z,behavior_monitor,15,761,117,809,910,753,566,794.29,449.81,347.77,system,NA,0.362,2.83,160.78,0.0,180.0,76.24,180.0
Human Dominant_31,R2,2026-09-03T08:13:06.067651Z,human_signal,15,758,118,809,910,753,566,793.57,448.82,347.77,human,your_turn,0.361,2.83,160.78,0.0,180.0,76.24,180.0
Human Dominant_31,R2,2026-09-03T08:13:06.577203Z,behavior_monitor,15,681,141,789,910,703,566,776.32,425.42,354.62,system,NA,0.354,2.83,158.44,129.41,180.0,99.11,180.0
Human Dominant_31,R2,2026-09-03T08:13:07.086292Z,behavior_monitor,15,619,188,723,910,652,566,728.64,378.68,351.18,system,NA,0.342,2.83,95.91,127.22,180.0,99.11,180.0
Human Dominant_31,R2,2026-09-03T08:13:07.595771Z,behavior_monitor,15,675,248,769,903,648,566,662.01,319.1,358.23,system,NA,0.325,2.83,63.09,121.68,-31.37,99.11,0.0
Human Dominant_31,R2,2026-09-03T08:13:08.107138Z,behavior_monitor,15,676,329,830,910,658,566,600.47,237.51,383.84,system,NA,0.283,2.83,114.82,117.95,27.74,99.11,180.0
Human Dominant_31,R2,2026-09-03T08:13:08.618005Z,behavior_monitor,15,608,368,858,910,611,566,596.86,198.51,423.34,system,NA,0.25,2.83,171.78,0.0,0.0,99.11,180.0
Human Dominant_31,R2,2026-09-03T08:13:09.127991Z,behavior_monitor,15,537,399,818,888,560,566,563.99,169.13,411.95,system,NA,0.231,2.83,125.15,135.71,-151.86,99.11,180.0
Human Dominant_31,R2,2026-09-03T08:13:09.637815Z,behavior_monitor,15,487,466,755,860,509,566,476.82,102.98,383.09,system,NA,0.178,2.83,132.81,134.39,-158.87,99.11,180.0
Human Dominant_31,R2,2026-09-03T08:13:10.147536Z,behavior_monitor,15,481,541,690,843,462,566,367.99,32.01,358.88,system,NA,0.08,2.83,56.92,129.41,180.0,0.0,180.0
Human Dominant_31,R2,2026-09-03T08:13:10.182248Z,shot_hit,15,486,548,684,843,462,566,355.64,30.3,354.72,agent,NA,0.079,2.83,56.92,129.41,180.0,0.0,180.0
Human Dominant_31,R2,2026-09-03T08:13:10.183005Z,flight_spawn,16,589,-20,684,843,462,566,868.89,600.41,354.72,system,NA,0.409,2.83,45.0,129.41,180.0,0.0,180.0
Human Dominant_31,R2,2026-09-03T08:13:11.133908Z,human_signal,16,664,105,692,870,503,565,765.29,487.49,358.62,human,your_turn,0.389,2.83,90.92,139.55,33.42,76.24,0.0
Human Dominant_31,R2,2026-09-03T08:13:11.134647Z,behavior_monitor,16,664,105,692,870,503,565,765.29,487.49,358.62,system,NA,0.389,2.83,90.92,139.7,33.51,76.24,0.0
Human Dominant_31,R2,2026-09-03T08:13:11.135213Z,human_signal,16,665,108,694,871,503,565,763.83,485.05,360.78,human,your_turn,0.388,2.83,90.92,139.7,33.51,76.24,0.0
Human Dominant_31,R2,2026-09-03T08:13:11.644377Z,behavior_monitor,16,649,185,695,899,553,565,715.55,392.12,362.89,system,NA,0.354,2.83,119.59,129.41,180.0,99.11,0.0
Human Dominant_31,R2,2026-09-03T08:13:12.153456Z,behavior_monitor,16,635,267,629,890,603,565,622.7,299.58,325.8,system,NA,0.325,2.83,122.41,133.76,-165.36,99.11,0.0
Human Dominant_31,R2,2026-09-03T08:13:12.663627Z,behavior_monitor,16,591,338,563,872,575,565,535.56,227.81,307.82,system,NA,0.298,2.83,150.97,133.76,-165.36,99.11,180.0
Human Dominant_31,R2,2026-09-03T08:13:13.173502Z,behavior_monitor,16,528,391,497,855,525,565,465.32,174.39,291.27,system,NA,0.273,2.83,126.1,134.02,-164.93,99.11,180.0
Human Dominant_31,R2,2026-09-03T08:13:13.683436Z,behavior_monitor,16,477,459,431,835,474,565,378.38,105.88,273.13,system,NA,0.219,2.83,126.1,137.51,-160.23,99.11,180.0
Human Dominant_31,R2,2026-09-03T08:13:14.192732Z,behavior_monitor,16,408,501,394,820,423,565,319.71,66.5,256.49,system,NA,0.172,2.83,151.16,0.0,-145.06,99.11,180.0
Human Dominant_31,R2,2026-09-03T08:13:14.448654Z,shot_miss,16,376,529,371,812,396,565,282.74,42.03,247.44,agent,NA,0.129,2.83,151.79,125.65,-158.8,93.6,180.0
Human Dominant_31,R2,2026-09-03T08:13:14.703998Z,behavior_monitor,16,338,548,340,801,373,565,253.49,39.12,237.86,system,NA,0.134,2.83,151.79,136.43,-161.54,99.11,180.0
Human Dominant_31,R2,2026-09-03T08:13:14.789122Z,shot_miss,16,323,549,327,797,363,565,247.35,43.21,233.96,agent,NA,0.149,2.83,178.22,136.37,-161.62,99.11,180.0
Human Dominant_31,R2,2026-09-03T08:13:15.214298Z,behavior_monitor,16,254,551,274,787,322,565,236.57,69.75,226.75,system,NA,0.228,2.83,178.22,129.41,180.0,99.11,180.0
Human Dominant_31,R2,2026-09-03T08:13:15.722737Z,behavior_monitor,16,175,572,218,787,271,568,219.36,96.15,225.28,system,NA,0.305,2.83,176.66,0.0,180.0,99.11,180.0
Human Dominant_31,R2,2026-09-03T08:13:17.596554Z,shot_hit,16,93,742,154,857,84,738,129.75,9.65,137.49,agent,NA,0.069,2.4,6.34,129.41,0.0,169.61,125.75
Human Dominant_31,R2,2026-09-03T08:13:17.597816Z,flight_spawn,17,1189,-20,154,857,84,738,1356.71,1339.83,137.49,system,NA,0.497,3.08,130.44,129.41,0.0,169.61,125.75
Human Dominant_31,R2,2026-09-03T08:13:21.747225Z,human_signal,17,949,441,691,746,340,564,400.07,621.03,395.12,human,i_can,0.608,3.08,164.26,139.82,-22.25,76.24,0.0
Human Dominant_31,R2,2026-09-03T08:13:21.763457Z,behavior_monitor,17,949,441,691,746,341,564,400.07,619.63,394.03,system,NA,0.608,3.08,164.26,139.82,-22.25,82.61,-11.18
Human Dominant_31,R2,2026-09-03T08:13:22.274392Z,behavior_monitor,17,909,513,755,716,370,563,255.03,541.32,414.75,system,NA,0.68,3.08,126.45,141.36,-34.41,57.18,0.0
Human Dominant_31,R2,2026-09-03T08:13:22.784771Z,behavior_monitor,17,830,555,805,664,383,563,112.22,446.37,433.54,system,NA,0.799,3.08,179.8,141.85,-48.45,0.0,-137.65
Human Dominant_31,R2,2026-09-03T08:13:23.294725Z,behavior_monitor,17,742,570,786,614,384,563,61.5,358.31,405.01,system,NA,0.853,3.08,149.93,138.29,-153.95,0.0,75.74
Human Dominant_31,R2,2026-09-03T08:13:23.566658Z,shot_miss,17,700,595,751,601,401,587,51.48,299.25,350.56,human,NA,0.853,3.08,149.93,133.92,-165.1,152.66,60.81
Human Dominant_31,R2,2026-09-03T08:13:23.805501Z,behavior_monitor,17,657,601,720,601,419,596,63.65,237.76,301.39,system,NA,0.789,3.08,174.8,129.41,180.0,76.24,0.0
Human Dominant_31,R2,2026-09-03T08:13:24.317022Z,behavior_monitor,17,571,624,730,638,458,619,158.64,113.39,271.98,system,NA,0.417,3.08,152.78,129.41,0.0,130.47,54.25
Human Dominant_31,R2,2026-09-03T08:13:24.709723Z,shot_hit,17,503,658,782,638,486,653,280.5,17.42,296.75,agent,NA,0.058,3.08,152.78,129.41,0.0,29.36,-33.64
Human Dominant_31,R2,2026-09-03T08:13:24.710770Z,flight_spawn,18,853,-20,782,638,486,653,662.13,767.18,296.75,system,NA,0.537,3.31,52.76,129.41,0.0,29.36,-33.64
Human Dominant_31,R2,2026-09-03T08:13:27.276809Z,shot_hit,18,797,443,811,467,657,565,27.41,185.31,182.34,human,NA,0.871,3.31,124.87,138.09,-144.77,76.24,0.0
Human Dominant_31,R2,2026-09-03T08:13:27.277850Z,flight_spawn,19,792,-20,811,467,657,565,487.51,601.12,182.34,system,NA,0.552,3.21,51.42,138.09,-144.77,76.24,0.0
Human Dominant_31,R2,2026-09-03T08:13:28.811268Z,human_signal,19,997,153,919,422,751,565,280.65,480.64,221.14,human,i_can,0.631,3.21,93.73,129.41,0.0,76.24,0.0
Human Dominant_31,R2,2026-09-03T08:13:28.827840Z,behavior_monitor,19,997,153,919,422,752,565,280.65,480.15,220.4,system,NA,0.631,3.21,93.73,129.41,0.0,57.18,0.0
Human Dominant_31,R2,2026-09-03T08:13:29.337791Z,behavior_monitor,19,980,242,985,422,781,565,180.0,379.0,249.36,system,NA,0.678,3.21,84.95,129.41,0.0,43.78,31.8
Human Dominant_31,R2,2026-09-03T08:13:29.849449Z,behavior_monitor,19,995,335,963,382,795,566,57.0,305.15,248.61,system,NA,0.843,3.21,64.2,94.34,-90.0,0.0,0.0
Human Dominant_31,R2,2026-09-03T08:13:30.052315Z,shot_miss,19,1016,366,978,367,795,566,38.25,298.17,269.82,human,NA,0.886,3.21,35.1,137.47,-19.72,0.0,0.0
Human Dominant_31,R2,2026-09-03T08:13:30.358308Z,behavior_monitor,19,1067,398,1017,370,795,566,57.03,319.63,296.26,system,NA,0.849,3.21,14.6,135.84,23.3,0.0,0.0
Human Dominant_31,R2,2026-09-03T08:13:30.870497Z,behavior_monitor,19,1142,450,1065,415,796,566,84.2,364.77,308.18,system,NA,0.812,3.21,7.21,122.79,66.32,0.0,0.0
Human Dominant_31,R2,2026-09-03T08:13:31.177651Z,human_signal,19,1194,470,1068,445,814,566,128.59,392.25,281.7,human,your_turn,0.753,3.21,38.26,72.27,147.05,76.24,0.0
Human Dominant_31,R2,2026-09-03T08:13:31.178699Z,human_signal,19,1197,472,1067,445,814,566,133.13,394.21,280.16,human,your_turn,0.748,3.21,38.26,70.32,180.0,76.24,0.0
Human Dominant_31,R2,2026-09-03T08:13:31.381635Z,behavior_monitor,19,1226,494,1048,440,834,566,185.99,398.59,248.45,system,NA,0.682,3.21,38.26,120.84,-150.64,78.78,-0.01
Human Dominant_31,R2,2026-09-03T08:13:31.893467Z,behavior_monitor,19,1297,553,986,405,885,565,344.2,412.38,189.57,system,NA,0.545,3.21,38.26,139.73,-154.76,99.11,0.0
Human Dominant_31,R2,2026-09-03T08:13:32.405411Z,behavior_monitor,19,1374,604,922,376,935,598,505.78,438.29,222.67,system,NA,0.464,3.21,17.48,134.84,-163.68,99.11,0.0
Human Dominant_31,R2,2026-09-03T08:13:32.917162Z,behavior_monitor,19,1439,624,870,411,986,619,607.84,452.73,238.98,system,NA,0.427,1.94,169.89,134.82,116.7,99.11,0.0
Human Dominant_31,R2,2026-09-03T08:13:33.427293Z,behavior_monitor,19,1381,634,844,474,1037,629,560.2,343.99,247.48,system,NA,0.38,1.94,169.89,134.33,111.54,99.11,0.0
Human Dominant_31,R2,2026-09-03T08:13:33.937901Z,behavior_monitor,19,1326,653,820,538,1087,648,518.88,239.13,288.57,system,NA,0.315,1.94,141.35,133.15,106.22,99.11,0.0
Human Dominant_31,R2,2026-09-03T08:13:34.450388Z,behavior_monitor,19,1276,671,816,604,1137,667,464.85,138.98,327.16,system,NA,0.23,1.94,166.32,129.41,90.0,99.11,0.0
Human Dominant_31,R2,2026-09-03T08:13:34.959823Z,behavior_monitor,19,1222,685,816,670,1187,681,406.93,35.42,371.58,system,NA,0.08,1.94,166.32,129.41,90.0,182.67,62.18
Human Dominant_31,R2,2026-09-03T08:13:35.027488Z,shot_hit,19,1213,687,816,681,1192,681,396.98,20.95,376.75,agent,NA,0.05,1.94,166.32,129.41,90.0,0.0,0.0
Human Dominant_31,R2,2026-09-03T08:13:35.028500Z,flight_spawn,20,442,-20,816,681,1192,681,794.81,1027.4,376.75,system,NA,0.564,2.83,45.0,129.41,90.0,0.0,0.0
Human Dominant_31,R2,2026-09-03T08:13:36.857642Z,human_signal,20,678,164,739,638,1084,566,478.11,571.35,352.78,human,your_turn,0.544,2.83,19.2,129.41,180.0,76.24,180.0
Human Dominant_31,R2,2026-09-03T08:13:36.858653Z,behavior_monitor,20,678,164,739,638,1084,566,478.11,571.35,352.78,system,NA,0.544,2.83,19.2,122.22,180.0,72.0,180.0
Human Dominant_31,R2,2026-09-03T08:13:36.859043Z,human_signal,20,681,165,737,638,1084,566,476.62,569.0,354.93,human,your_turn,0.544,2.83,19.2,122.22,180.0,72.0,180.0
Human Dominant_31,R2,2026-09-03T08:13:37.366065Z,behavior_monitor,20,754,197,673,638,1033,566,448.39,462.56,367.5,system,NA,0.508,2.83,11.93,137.5,180.0,105.3,180.0
Human Dominant_31,R2,2026-09-03T08:13:37.873595Z,behavior_monitor,20,837,214,611,616,983,566,461.25,381.45,375.3,system,NA,0.453,2.83,9.23,129.41,180.0,99.11,180.0
Human Dominant_31,R2,2026-09-03T08:13:38.385985Z,behavior_monitor,20,916,239,559,645,932,566,540.57,326.94,381.24,system,NA,0.377,2.83,30.94,129.41,90.0,99.11,180.0
Human Dominant_31,R2,2026-09-03T08:13:38.895970Z,behavior_monitor,20,995,269,613,669,952,565,552.68,298.4,354.31,system,NA,0.351,2.83,21.71,129.41,0.0,99.11,0.0
Human Dominant_31,R2,2026-09-03T08:13:39.403602Z,behavior_monitor,20,1066,307,659,708,1001,565,571.41,265.67,371.35,system,NA,0.317,2.83,49.51,137.63,70.1,99.11,0.0
Human Dominant_31,R2,2026-09-03T08:13:39.914755Z,behavior_monitor,20,1113,376,708,742,1052,565,545.96,198.58,387.15,system,NA,0.267,2.83,43.46,129.41,0.0,99.11,0.0
Human Dominant_31,R2,2026-09-03T08:13:40.423767Z,behavior_monitor,20,1183,416,770,768,1103,565,543.04,170.11,389.5,system,NA,0.239,2.83,11.18,138.46,36.13,99.11,0.0
Human Dominant_31,R2,2026-09-03T08:13:40.929199Z,behavior_monitor,20,1256,450,829,804,1153,565,554.73,154.75,402.3,system,NA,0.218,2.83,68.01,137.8,44.71,99.11,0.0
Human Dominant_31,R2,2026-09-03T08:13:41.439209Z,behavior_monitor,20,1234,521,883,844,1204,565,477.21,53.49,425.19,system,NA,0.101,2.83,135.03,129.41,0.0,99.11,0.0
Human Dominant_31,R2,2026-09-03T08:13:41.609932Z,shot_hit,20,1219,549,907,844,1202,565,429.98,23.97,406.01,agent,NA,0.053,2.83,114.94,122.22,0.0,93.6,180.0
Human Dominant_31,R3,2026-09-03T08:14:42.230471Z,flight_spawn,1,1229,-20,907,844,1202,565,922.82,586.43,406.01,system,NA,0.389,3.11,130.0,0.0,0.0,0.0,180.0
Human Dominant_31,R3,2026-09-03T08:14:47.343872Z,human_signal,1,984,243,1127,754,504,565,530.04,578.16,650.61,human,your_turn,0.522,3.11,135.51,0.0,0.0,130.47,-54.25
Human Dominant_31,R3,2026-09-03T08:14:47.344964Z,behavior_monitor,1,984,243,1127,754,504,565,530.04,578.16,650.61,system,NA,0.522,3.11,135.51,0.0,0.0,130.47,-54.25
Human Dominant_31,R3,2026-09-03T08:14:47.345389Z,human_signal,1,982,245,1127,754,504,565,528.35,575.71,650.61,human,your_turn,0.521,3.11,135.51,0.0,0.0,130.47,-54.25
Human Dominant_31,R3,2026-09-03T08:14:47.855114Z,behavior_monitor,1,917,308,1127,754,554,565,491.79,444.57,602.41,system,NA,0.475,3.11,135.51,0.0,0.0,99.11,0.0
Human Dominant_31,R3,2026-09-03T08:14:48.368599Z,behavior_monitor,1,879,388,1071,758,605,565,417.02,325.9,504.26,system,NA,0.439,3.11,109.49,137.17,160.63,99.11,0.0
Human Dominant_31,R3,2026-09-03T08:14:48.879146Z,behavior_monitor,1,826,461,1024,809,655,565,400.83,200.19,442.39,system,NA,0.333,3.11,134.14,141.11,129.35,99.11,0.0
Human Dominant_31,R3,2026-09-03T08:14:49.389018Z,behavior_monitor,1,781,540,971,856,706,565,368.43,78.42,393.27,system,NA,0.175,3.11,109.07,137.56,154.88,99.11,0.0
Human Dominant_31,R3,2026-09-03T08:14:49.830854Z,shot_hit,1,739,610,918,889,725,606,331.41,14.32,342.51,agent,NA,0.041,3.11,133.85,131.98,128.9,180.56,120.07
Human Dominant_31,R3,2026-09-03T08:14:49.831917Z,flight_spawn,2,541,-20,918,889,725,606,984.49,652.82,342.51,system,NA,0.399,3.57,124.12,131.98,128.9,180.56,120.07
Human Dominant_31,R3,2026-09-03T08:14:50.937325Z,human_signal,2,531,184,806,910,673,567,775.39,407.66,367.75,human,your_turn,0.345,3.57,79.54,129.41,180.0,0.0,180.0
Human Dominant_31,R3,2026-09-03T08:14:50.937911Z,behavior_monitor,2,531,184,806,910,673,567,775.39,407.66,367.75,system,NA,0.345,3.57,79.54,129.41,180.0,0.0,180.0
Human Dominant_31,R3,2026-09-03T08:14:50.938408Z,human_signal,2,533,188,804,910,673,567,771.51,403.88,367.64,human,your_turn,0.344,3.57,79.54,129.41,180.0,0.0,180.0
Human Dominant_31,R3,2026-09-03T08:14:51.446529Z,behavior_monitor,2,543,289,740,910,623,567,650.6,288.42,362.39,system,NA,0.307,3.57,104.06,129.41,180.0,99.11,180.0
Human Dominant_31,R3,2026-09-03T08:14:51.952864Z,behavior_monitor,2,517,393,674,910,572,565,539.73,180.04,359.71,system,NA,0.25,3.57,104.06,129.41,180.0,99.11,180.0
Human Dominant_31,R3,2026-09-03T08:14:52.462610Z,behavior_monitor,2,448,466,608,910,521,565,471.74,122.99,355.63,system,NA,0.207,3.57,164.99,129.41,180.0,99.11,180.0
Human Dominant_31,R3,2026-09-03T08:14:52.972877Z,behavior_monitor,2,349,499,542,907,471,565,451.94,139.05,349.97,system,NA,0.235,3.57,140.16,133.62,-165.58,99.11,180.0
Human Dominant_31,R3,2026-09-03T08:14:53.485474Z,behavior_monitor,2,262,554,476,906,421,565,411.67,158.59,345.5,system,NA,0.278,3.57,146.38,129.41,180.0,99.11,180.0
Human Dominant_31,R3,2026-09-03T08:14:53.993173Z,behavior_monitor,2,169,594,410,906,370,588,394.04,201.79,319.78,system,NA,0.339,3.57,159.92,129.41,180.0,99.11,180.0
Human Dominant_31,R3,2026-09-03T08:14:54.503996Z,behavior_monitor,2,69,620,344,906,320,614,396.88,251.59,292.22,system,NA,0.388,3.57,153.27,129.41,180.0,99.11,180.0
Human Dominant_31,R3,2026-09-03T08:14:55.014925Z,behavior_monitor,2,34,674,325,910,270,668,374.14,236.74,247.89,system,NA,0.388,2.49,85.41,129.41,0.0,169.61,125.75
Human Dominant_31,R3,2026-09-03T08:14:55.526290Z,behavior_monitor,2,20,744,391,910,220,737,405.57,200.04,242.37,system,NA,0.33,2.39,77.1,129.41,0.0,169.61,125.75
Human Dominant_31,R3,2026-09-03T08:14:56.630969Z,shot_hit,2,110,860,536,910,109,854,428.81,6.02,430.64,agent,NA,0.014,2.39,3.07,129.41,0.0,99.11,180.0
Human Dominant_31,R3,2026-09-03T08:14:56.632095Z,flight_spawn,3,710,-20,536,910,109,854,946.2,1061.26,430.64,system,NA,0.529,2.83,135.0,129.41,0.0,99.11,180.0
Human Dominant_31,R3,2026-09-03T08:14:58.198307Z,human_signal,3,712,164,674,786,197,731,622.94,765.56,479.77,human,i_can,0.551,2.83,31.17,140.55,-59.16,130.47,-54.25
Human Dominant_31,R3,2026-09-03T08:14:58.215534Z,behavior_monitor,3,712,164,674,786,198,730,622.94,763.9,478.96,system,NA,0.551,2.83,31.17,140.55,-59.16,97.85,-54.25
Human Dominant_31,R3,2026-09-03T08:14:58.723860Z,behavior_monitor,3,775,215,710,724,227,689,513.35,724.59,484.49,system,NA,0.585,2.83,52.13,140.88,-59.24,97.85,-54.25
Human Dominant_31,R3,2026-09-03T08:14:59.232227Z,behavior_monitor,3,809,289,754,667,241,670,382.06,684.1,512.91,system,NA,0.642,2.83,96.35,140.77,-47.22,0.0,32.54
Human Dominant_31,R3,2026-09-03T08:14:59.740774Z,behavior_monitor,3,763,362,798,617,257,647,256.69,580.97,541.9,system,NA,0.694,2.83,122.29,129.41,-90.0,130.47,-54.25
Human Dominant_31,R3,2026-09-03T08:15:00.251371Z,behavior_monitor,3,708,427,785,553,296,593,148.11,444.19,490.85,system,NA,0.75,2.83,120.7,136.28,-134.88,130.47,-54.25
Human Dominant_31,R3,2026-09-03T08:15:00.729010Z,shot_hit,3,715,503,727,527,332,566,26.79,387.47,396.59,human,NA,0.935,2.83,77.57,127.29,-163.78,72.0,0.0
Human Dominant_31,R3,2026-09-03T08:15:00.730140Z,flight_spawn,4,230,-20,727,527,332,566,739.2,595.04,396.59,system,NA,0.446,2.83,45.0,127.29,-163.78,72.0,0.0
Human Dominant_31,R3,2026-09-03T08:15:01.937936Z,human_signal,4,300,121,752,534,274,566,612.82,445.5,479.46,human,your_turn,0.421,2.83,20.04,139.96,54.64,0.0,180.0
Human Dominant_31,R3,2026-09-03T08:15:01.939082Z,behavior_monitor,4,300,121,752,534,274,566,612.82,445.5,479.46,system,NA,0.421,2.83,20.04,140.15,55.32,76.24,0.0
Human Dominant_31,R3,2026-09-03T08:15:01.939509Z,human_signal,4,303,122,754,536,274,566,612.6,444.69,480.69,human,your_turn,0.421,2.83,7.92,140.15,55.32,76.24,0.0
Human Dominant_31,R3,2026-09-03T08:15:02.449277Z,behavior_monitor,4,381,144,802,584,324,566,609.1,425.7,477.68,system,NA,0.411,2.83,48.68,146.44,20.13,105.3,0.0
Human Dominant_31,R3,2026-09-03T08:15:02.958102Z,behavior_monitor,4,420,213,868,587,375,565,582.99,355.22,492.75,system,NA,0.379,2.83,59.13,129.41,0.0,99.11,0.0
Human Dominant_31,R3,2026-09-03T08:15:03.469415Z,behavior_monitor,4,489,264,934,587,427,565,550.15,307.46,507.61,system,NA,0.359,2.83,29.89,129.41,0.0,99.11,0.0
Human Dominant_31,R3,2026-09-03T08:15:03.981008Z,behavior_monitor,4,570,286,1000,587,477,565,524.63,293.91,522.77,system,NA,0.359,2.83,20.2,129.41,0.0,99.11,0.0
Human Dominant_31,R3,2026-09-03T08:15:04.484084Z,behavior_monitor,4,647,308,1066,587,528,564,503.21,282.29,538.36,system,NA,0.359,2.83,34.44,137.5,0.0,79.13,0.88
Human Dominant_31,R3,2026-09-03T08:15:04.992297Z,behavior_monitor,4,674,383,1132,601,578,565,506.72,205.94,554.73,system,NA,0.289,2.83,108.85,137.76,23.02,99.11,0.0
Human Dominant_31,R3,2026-09-03T08:15:05.498518Z,behavior_monitor,4,635,458,1195,630,618,565,586.3,107.76,580.87,system,NA,0.155,2.83,117.16,146.89,27.63,0.0,-163.96
Human Dominant_31,R3,2026-09-03T08:15:06.009199Z,behavior_monitor,4,598,534,1164,675,581,565,583.49,35.62,593.51,system,NA,0.058,2.83,117.16,139.28,150.13,99.11,180.0
Human Dominant_31,R3,2026-09-03T08:15:06.009870Z,shot_miss,4,597,536,1162,676,580,565,582.37,33.67,593.37,agent,NA,0.055,2.83,117.16,139.28,150.13,99.11,180.0
Human Dominant_31,R3,2026-09-03T08:15:06.368777Z,shot_hit,4,571,589,1116,686,554,584,553.7,17.87,571.43,agent,NA,0.031,2.83,117.16,122.22,180.0,160.19,125.75
Human Dominant_31,R3,2026-09-03T08:15:06.369788Z,flight_spawn,5,55,-20,1116,686,554,584,1275.08,783.65,571.43,system,NA,0.381,2.83,45.0,122.22,180.0,160.19,125.75
Human Dominant_31,R3,2026-09-03T08:15:07.631428Z,human_signal,5,222,78,956,686,499,566,952.89,560.54,472.91,human,your_turn,0.37,2.83,5.87,129.41,180.0,76.24,180.0
Human Dominant_31,R3,2026-09-03T08:15:07.631900Z,behavior_monitor,5,222,78,956,686,499,566,952.89,560.54,472.91,system,NA,0.37,2.83,5.87,129.41,180.0,76.24,180.0
Human Dominant_31,R3,2026-09-03T08:15:07.632172Z,human_signal,5,226,78,954,686,499,566,948.4,558.62,470.78,human,your_turn,0.371,2.83,5.87,129.41,180.0,76.24,180.0
Human Dominant_31,R3,2026-09-03T08:15:08.140076Z,behavior_monitor,5,306,86,918,686,448,565,856.91,499.68,485.27,system,NA,0.368,2.83,5.87,129.41,0.0,99.11,180.0
Human Dominant_31,R3,2026-09-03T08:15:08.650660Z,behavior_monitor,5,378,121,956,634,397,566,772.8,445.45,563.06,system,NA,0.366,2.83,88.47,129.41,-90.0,99.11,180.0
Human Dominant_31,R3,2026-09-03T08:15:09.158087Z,behavior_monitor,5,373,205,951,568,356,565,682.73,360.42,594.88,system,NA,0.346,2.83,91.69,141.42,-120.38,0.0,180.0
Human Dominant_31,R3,2026-09-03T08:15:09.669345Z,behavior_monitor,5,374,290,896,529,356,565,573.55,275.79,540.43,system,NA,0.325,2.83,91.69,142.86,-153.48,0.0,180.0
Human Dominant_31,R3,2026-09-03T08:15:10.180663Z,behavior_monitor,5,351,370,843,484,334,565,504.79,196.29,514.87,system,NA,0.28,2.83,108.53,138.76,-129.25,0.0,180.0
Human Dominant_31,R3,2026-09-03T08:15:10.691455Z,behavior_monitor,5,336,452,826,423,319,566,490.83,115.47,527.14,system,NA,0.19,2.83,109.04,138.05,-67.25,113.49,177.74
Human Dominant_31,R3,2026-09-03T08:15:11.202431Z,behavior_monitor,5,321,533,857,359,300,566,563.28,39.17,594.17,system,NA,0.065,2.83,83.35,139.52,-63.64,0.0,180.0
Human Dominant_31,R3,2026-09-03T08:15:11.287445Z,shot_hit,5,320,550,863,346,300,566,579.91,25.86,604.52,agent,NA,0.043,2.83,105.04,141.63,-66.03,0.0,180.0
Human Dominant_31,R3,2026-09-03T08:15:11.288416Z,flight_spawn,6,663,-20,863,346,300,566,417.37,689.57,604.52,system,NA,0.623,2.96,132.48,141.63,-66.03,0.0,180.0
Human Dominant_31,R3,2026-09-03T08:15:12.441745Z,human_signal,6,528,111,759,364,365,566,342.36,483.61,442.58,human,i_can,0.586,2.96,131.31,138.6,148.94,76.24,0.0
Human Dominant_31,R3,2026-09-03T08:15:12.458357Z,behavior_monitor,6,528,111,759,364,366,566,342.36,483.29,441.72,system,NA,0.585,2.96,131.31,138.22,151.78,57.18,0.0
Human Dominant_31,R3,2026-09-03T08:15:12.967850Z,behavior_monitor,6,463,175,694,391,395,566,316.19,397.4,345.87,system,NA,0.557,2.96,136.73,137.79,158.34,57.18,0.0
Human Dominant_31,R3,2026-09-03T08:15:13.476953Z,behavior_monitor,6,385,211,628,404,407,566,310.04,355.35,273.93,system,NA,0.534,2.96,137.15,129.41,180.0,0.0,0.0
Human Dominant_31,R3,2026-09-03T08:15:13.988189Z,behavior_monitor,6,313,255,562,404,405,567,290.02,324.7,226.24,system,NA,0.528,2.96,161.03,129.41,180.0,76.24,180.0
Human Dominant_31,R3,2026-09-03T08:15:14.499842Z,behavior_monitor,6,230,282,496,404,366,565,292.4,314.47,207.52,system,NA,0.518,2.96,174.41,129.41,180.0,76.24,180.0
Human Dominant_31,R3,2026-09-03T08:15:15.007820Z,behavior_monitor,6,142,295,430,404,327,566,308.3,328.37,192.08,system,NA,0.516,2.96,152.72,129.41,180.0,76.24,180.0
Human Dominant_31,R3,2026-09-03T08:15:15.179120Z,human_signal,6,114,305,408,404,314,566,309.55,328.06,187.38,human,your_turn,0.515,2.96,172.83,129.41,180.0,76.24,180.0
Human Dominant_31,R3,2026-09-03T08:15:15.179725Z,human_signal,6,112,306,406,404,314,566,309.82,329.36,186.28,human,your_turn,0.515,2.96,172.83,129.41,180.0,76.24,180.0
Human Dominant_31,R3,2026-09-03T08:15:15.520352Z,behavior_monitor,6,58,311,364,404,280,566,319.33,337.63,182.42,system,NA,0.514,2.96,179.02,129.41,180.0,99.11,180.0
Human Dominant_31,R3,2026-09-03T08:15:16.028761Z,behavior_monitor,6,43,347,406,439,229,566,373.92,287.06,217.12,system,NA,0.434,2.06,15.24,136.32,18.32,99.11,180.0
Human Dominant_31,R3,2026-09-03T08:15:16.540197Z,behavior_monitor,6,97,364,472,442,179,566,382.95,218.09,317.41,system,NA,0.363,2.06,15.24,129.41,0.0,99.11,180.0
Human Dominant_31,R3,2026-09-03T08:15:17.050020Z,behavior_monitor,6,157,378,535,455,135,566,385.85,189.31,414.68,system,NA,0.329,2.06,12.3,125.57,52.18,0.0,180.0
Human Dominant_31,R3,2026-09-03T08:15:17.561294Z,behavior_monitor,6,213,391,546,520,184,566,357.06,177.27,364.91,system,NA,0.332,2.06,12.58,129.41,90.0,99.11,0.0
Human Dominant_31,R3,2026-09-03T08:15:18.072609Z,behavior_monitor,6,275,405,555,586,234,566,333.55,165.91,320.98,system,NA,0.332,2.06,12.58,131.17,63.99,93.6,0.0
Human Dominant_31,R3,2026-09-03T08:15:18.583358Z,behavior_monitor,6,321,443,598,641,285,566,340.03,128.14,321.88,system,NA,0.274,2.06,55.49,137.37,31.17,99.11,0.0
Human Dominant_31,R3,2026-09-03T08:15:19.093911Z,behavior_monitor,6,345,500,657,676,321,566,358.55,69.79,353.28,system,NA,0.163,2.06,59.8,137.41,51.61,99.11,0.0
Human Dominant_31,R3,2026-09-03T08:15:19.434483Z,shot_miss,6,369,537,686,716,345,565,363.45,36.54,372.5,agent,NA,0.091,2.06,59.8,139.47,51.23,99.11,0.0
Human Dominant_31,R3,2026-09-03T08:15:19.605334Z,behavior_monitor,6,373,554,700,732,352,565,371.36,23.98,385.82,system,NA,0.061,2.06,63.67,140.09,48.8,0.0,0.0
Human Dominant_31,R3,2026-09-03T08:15:19.793166Z,shot_hit,6,385,575,718,754,362,569,378.21,23.39,400.83,agent,NA,0.058,2.06,42.77,138.81,51.14,169.61,54.25
Human Dominant_31,R3,2026-09-03T08:15:19.793795Z,flight_spawn,7,966,-20,718,754,362,569,812.96,843.96,400.83,system,NA,0.509,3.15,129.46,138.81,51.14,169.61,54.25
Human Dominant_31,R3,2026-09-03T08:15:21.273023Z,human_signal,7,996,233,849,809,451,566,595.2,638.9,465.89,human,i_can,0.518,3.15,82.97,141.1,-29.04,76.24,0.0
Human Dominant_31,R3,2026-09-03T08:15:21.289885Z,behavior_monitor,7,996,233,849,809,452,566,595.2,638.07,465.06,system,NA,0.517,3.15,82.97,141.1,-29.04,57.18,0.0
Human Dominant_31,R3,2026-09-03T08:15:21.801041Z,behavior_monitor,7,950,305,911,774,481,565,470.44,536.59,478.37,system,NA,0.533,3.15,126.82,141.58,-32.77,57.18,0.0
Human Dominant_31,R3,2026-09-03T08:15:22.312941Z,behavior_monitor,7,871,336,943,717,494,565,387.52,440.45,473.52,system,NA,0.532,3.15,177.73,132.85,-104.91,0.0,0.0
Human Dominant_31,R3,2026-09-03T08:15:22.824677Z,behavior_monitor,7,807,402,908,659,494,565,276.64,353.1,424.47,system,NA,0.561,3.15,112.08,133.15,-147.6,0.0,109.99
Human Dominant_31,R3,2026-09-03T08:15:23.335068Z,behavior_monitor,7,754,474,843,644,523,566,191.33,248.4,329.79,system,NA,0.565,3.15,141.81,129.41,180.0,76.24,0.0
Human Dominant_31,R3,2026-09-03T08:15:23.846189Z,behavior_monitor,7,669,504,781,644,562,566,178.78,122.91,231.63,system,NA,0.407,3.15,165.37,37.51,180.0,76.24,0.0
Human Dominant_31,R3,2026-09-03T08:15:24.355900Z,behavior_monitor,7,579,528,824,696,575,566,297.41,38.65,280.48,system,NA,0.115,3.15,166.02,139.18,46.9,76.24,180.0
Human Dominant_31,R3,2026-09-03T08:15:24.356593Z,shot_miss,7,576,528,826,698,574,566,301.32,37.81,283.87,agent,NA,0.111,3.15,166.02,139.18,46.9,76.24,180.0
Human Dominant_31,R3,2026-09-03T08:15:24.424031Z,human_signal,7,566,531,831,703,570,566,315.27,35.29,294.48,human,your_turn,0.101,3.15,166.02,139.07,46.39,76.24,180.0
Human Dominant_31,R3,2026-09-03T08:15:24.424788Z,human_signal,7,564,531,832,704,570,566,319.53,34.94,296.7,human,your_turn,0.099,3.15,166.02,138.51,46.64,76.24,180.0
Human Dominant_31,R3,2026-09-03T08:15:24.594587Z,shot_hit,7,536,547,833,715,551,566,341.31,23.84,319.34,agent,NA,0.065,3.15,166.58,57.07,141.52,122.35,-174.11
Human Dominant_31,R3,2026-09-03T08:15:24.595145Z,flight_spawn,8,203,-20,833,715,551,566,968.7,681.68,319.34,system,NA,0.413,2.89,133.82,57.07,141.52,122.35,-174.11
Human Dominant_31,R3,2026-09-03T08:15:25.613832Z,human_signal,8,111,114,706,715,503,565,845.37,597.69,251.88,human,your_turn,0.414,2.89,117.64,129.41,180.0,63.42,-168.71
Human Dominant_31,R3,2026-09-03T08:15:25.614441Z,behavior_monitor,8,111,114,706,715,503,565,845.37,597.69,251.88,system,NA,0.414,2.89,117.64,129.41,180.0,76.24,180.0
Human Dominant_31,R3,2026-09-03T08:15:25.614896Z,human_signal,8,110,117,703,716,503,565,843.61,596.87,250.47,human,your_turn,0.414,2.89,117.64,129.41,180.0,76.24,180.0
Human Dominant_31,R3,2026-09-03T08:15:26.124260Z,behavior_monitor,8,64,191,692,738,453,566,833.13,540.03,295.04,system,NA,0.393,2.89,117.64,129.41,0.0,99.11,180.0
Human Dominant_31,R3,2026-09-03T08:15:26.635207Z,behavior_monitor,8,20,263,683,747,403,565,822.11,488.42,334.57,system,NA,0.373,2.88,89.33,138.41,152.81,99.11,180.0
Human Dominant_31,R3,2026-09-03T08:15:27.145689Z,behavior_monitor,8,20,348,629,794,352,566,754.93,397.19,358.91,system,NA,0.345,2.66,71.59,141.14,135.72,99.11,180.0
Human Dominant_31,R3,2026-09-03T08:15:27.658323Z,behavior_monitor,8,29,425,575,841,302,566,686.93,307.96,387.13,system,NA,0.31,2.66,112.6,138.59,148.09,99.11,180.0
Human Dominant_31,R3,2026-09-03T08:15:28.167365Z,behavior_monitor,8,21,498,514,876,251,565,621.41,240.28,406.61,system,NA,0.279,2.53,104.46,137.48,152.1,99.11,180.0
Human Dominant_31,R3,2026-09-03T08:15:28.676915Z,behavior_monitor,8,23,559,452,908,201,565,552.98,178.0,424.79,system,NA,0.244,2.06,75.1,137.44,152.59,99.11,180.0
Human Dominant_31,R3,2026-09-03T08:15:29.184846Z,behavior_monitor,8,52,611,390,910,151,607,450.52,98.64,385.37,system,NA,0.18,2.06,68.3,122.01,180.0,169.61,125.75
Human Dominant_31,R3,2026-09-03T08:15:29.695121Z,behavior_monitor,8,44,665,328,910,100,661,373.99,55.92,336.81,system,NA,0.13,2.06,150.68,122.01,180.0,169.61,125.75
Human Dominant_31,R3,2026-09-03T08:15:30.205220Z,behavior_monitor,8,37,697,265,910,49,691,312.05,13.98,306.98,system,NA,0.043,1.48,69.99,122.01,180.0,99.11,180.0
Human Dominant_31,R3,2026-09-03T08:15:30.239195Z,shot_hit,8,39,701,259,910,44,696,303.01,7.55,302.85,agent,NA,0.024,1.48,41.0,121.52,180.0,169.61,125.75
Human Dominant_31,R3,2026-09-03T08:15:30.239918Z,flight_spawn,9,1084,-20,259,910,44,696,1242.98,1262.6,302.85,system,NA,0.504,2.84,45.17,121.52,180.0,169.61,125.75
Human Dominant_31,R3,2026-09-03T08:15:36.000855Z,shot_hit,9,872,767,846,762,456,732,26.47,417.33,390.98,human,NA,0.94,2.84,96.79,131.65,-32.04,123.22,54.25
Human Dominant_31,R3,2026-09-03T08:15:36.001973Z,flight_spawn,10,730,-20,846,762,456,732,791.09,801.04,390.98,system,NA,0.503,2.83,135.0,131.65,-32.04,123.22,54.25
Human Dominant_31,R3,2026-09-03T08:15:37.192654Z,human_signal,10,642,153,905,666,519,644,576.38,506.37,386.23,human,your_turn,0.468,2.83,111.48,129.41,-90.0,130.47,-54.25
Human Dominant_31,R3,2026-09-03T08:15:37.193694Z,behavior_monitor,10,642,153,905,666,519,644,576.38,506.37,386.23,system,NA,0.468,2.83,111.48,129.41,-90.0,130.47,-54.25
Human Dominant_31,R3,2026-09-03T08:15:37.194172Z,human_signal,10,641,156,905,664,519,644,572.78,503.45,386.11,human,your_turn,0.468,2.83,111.48,129.41,-90.0,130.47,-54.25
Human Dominant_31,R3,2026-09-03T08:15:37.701223Z,behavior_monitor,10,613,232,922,600,570,575,480.36,345.39,353.23,system,NA,0.418,2.83,111.48,129.41,-90.0,155.91,-56.42
Human Dominant_31,R3,2026-09-03T08:15:38.212307Z,behavior_monitor,10,559,295,922,534,551,565,434.71,270.13,372.32,system,NA,0.383,2.83,140.05,129.41,-90.0,99.11,180.0
Human Dominant_31,R3,2026-09-03T08:15:38.719865Z,behavior_monitor,10,507,361,893,473,501,565,401.88,204.03,402.72,system,NA,0.337,2.83,143.56,136.77,-131.15,99.11,180.0
Human Dominant_31,R3,2026-09-03T08:15:39.231266Z,behavior_monitor,10,437,412,832,445,450,565,396.52,154.11,400.66,system,NA,0.28,2.83,143.56,129.41,180.0,99.11,180.0
Human Dominant_31,R3,2026-09-03T08:15:39.740947Z,behavior_monitor,10,416,487,766,445,399,565,352.42,80.6,385.95,system,NA,0.186,2.83,65.98,129.41,180.0,99.11,180.0
Human Dominant_31,R3,2026-09-03T08:15:40.132640Z,shot_hit,10,446,549,732,442,423,565,305.39,28.15,332.63,agent,NA,0.084,2.83,65.98,87.12,0.0,93.6,0.0
Human Dominant_31,R3,2026-09-03T08:15:40.133200Z,flight_spawn,11,746,-20,732,442,423,565,462.69,668.89,332.63,system,NA,0.591,3.53,55.44,87.12,0.0,93.6,0.0
Human Dominant_31,R3,2026-09-03T08:15:41.201070Z,human_signal,11,926,87,866,467,482,565,384.26,652.44,396.62,human,i_can,0.629,3.53,35.87,137.93,36.88,76.24,0.0
Human Dominant_31,R3,2026-09-03T08:15:41.217278Z,behavior_monitor,11,926,87,866,467,483,565,384.26,651.78,395.68,system,NA,0.629,3.53,35.87,137.98,37.07,57.18,0.0
Human Dominant_31,R3,2026-09-03T08:15:41.727583Z,behavior_monitor,11,982,177,924,508,512,566,335.33,609.34,415.63,system,NA,0.645,3.53,59.74,137.03,29.5,57.18,0.0
Human Dominant_31,R3,2026-09-03T08:15:42.239984Z,behavior_monitor,11,934,248,989,516,526,566,273.73,517.37,465.85,system,NA,0.654,3.53,163.54,129.41,0.0,0.0,0.0
Human Dominant_31,R3,2026-09-03T08:15:42.749384Z,behavior_monitor,11,827,265,992,476,525,566,268.05,425.84,475.16,system,NA,0.614,3.53,175.11,137.85,-159.85,0.0,133.63
Human Dominant_31,R3,2026-09-03T08:15:43.259620Z,behavior_monitor,11,758,337,926,473,564,565,216.62,299.56,373.32,system,NA,0.58,3.53,128.54,122.22,180.0,72.0,0.0
Human Dominant_31,R3,2026-09-03T08:15:43.769952Z,behavior_monitor,11,683,406,860,473,603,565,189.12,177.98,273.03,system,NA,0.485,3.53,156.37,126.05,180.0,76.24,0.0
Human Dominant_31,R3,2026-09-03T08:15:43.889194Z,human_signal,11,659,416,867,478,612,565,216.82,156.31,269.71,human,your_turn,0.419,3.53,156.37,136.1,28.96,76.24,0.0
Human Dominant_31,R3,2026-09-03T08:15:43.890397Z,human_signal,11,655,418,869,479,612,565,222.26,153.88,271.27,human,your_turn,0.409,3.53,156.37,136.1,28.96,76.24,0.0
Human Dominant_31,R3,2026-09-03T08:15:44.280497Z,behavior_monitor,11,586,452,915,500,591,565,332.63,113.33,330.58,system,NA,0.254,3.53,134.03,136.29,23.49,99.11,180.0
Human Dominant_31,R3,2026-09-03T08:15:44.789658Z,behavior_monitor,11,501,515,953,551,541,565,453.93,64.01,412.79,system,NA,0.124,3.53,131.11,129.41,90.0,99.11,180.0
Human Dominant_31,R3,2026-09-03T08:15:45.060701Z,shot_miss,11,467,563,931,583,512,565,465.32,45.63,419.7,agent,NA,0.089,3.53,84.82,135.9,146.54,99.11,180.0
Human Dominant_31,R3,2026-09-03T08:15:45.298278Z,behavior_monitor,11,468,609,905,597,490,592,437.14,28.31,414.54,system,NA,0.061,3.53,82.97,139.92,147.45,169.61,125.75
Human Dominant_31,R3,2026-09-03T08:15:45.399900Z,shot_hit,11,472,633,891,607,478,608,419.5,26.03,412.53,agent,NA,0.058,3.53,82.97,141.28,144.54,169.61,125.75
Human Dominant_31,R3,2026-09-03T08:15:45.400352Z,flight_spawn,12,692,-20,891,607,478,608,658.26,663.66,412.53,system,NA,0.502,2.87,45.81,141.28,144.54,169.61,125.75
Human Dominant_31,R3,2026-09-03T08:15:47.341137Z,human_signal,12,943,157,861,495,597,565,348.07,535.45,273.88,human,i_can,0.606,2.87,5.45,140.44,-61.38,76.24,0.0
Human Dominant_31,R3,2026-09-03T08:15:47.358440Z,behavior_monitor,12,943,157,861,495,598,565,348.07,534.83,272.94,system,NA,0.606,2.87,5.45,140.48,-60.59,57.18,0.0
Human Dominant_31,R3,2026-09-03T08:15:47.868055Z,behavior_monitor,12,1013,191,914,457,627,565,283.84,537.88,307.15,system,NA,0.655,2.87,65.99,129.41,0.0,57.18,0.0
Human Dominant_31,R3,2026-09-03T08:15:48.378391Z,behavior_monitor,12,1016,276,979,473,639,566,200.69,475.41,352.11,system,NA,0.703,2.87,90.04,137.36,27.61,0.0,135.26
Human Dominant_31,R3,2026-09-03T08:15:48.888864Z,behavior_monitor,12,1025,360,1025,498,639,566,138.24,437.48,391.19,system,NA,0.76,2.87,66.57,46.76,-90.0,0.0,135.26
Human Dominant_31,R3,2026-09-03T08:15:49.347750Z,shot_hit,12,1033,436,1043,444,672,566,13.98,383.87,391.26,human,NA,0.965,2.87,90.68,142.58,-55.64,76.24,0.0
Human Dominant_31,R3,2026-09-03T08:15:49.348346Z,flight_spawn,13,218,-20,1043,444,672,566,947.01,741.21,391.26,system,NA,0.439,2.83,135.0,142.58,-55.64,76.24,0.0
Human Dominant_31,R3,2026-09-03T08:15:50.959662Z,human_signal,13,48,84,1024,536,633,566,1076.05,758.43,392.18,human,your_turn,0.413,2.52,64.97,144.22,131.81,76.24,180.0
Human Dominant_31,R3,2026-09-03T08:15:50.960664Z,behavior_monitor,13,48,84,1024,536,633,566,1076.05,758.43,392.18,system,NA,0.413,2.52,64.97,143.54,131.02,76.24,180.0
Human Dominant_31,R3,2026-09-03T08:15:50.961111Z,human_signal,13,48,86,1023,538,633,566,1074.04,756.65,390.46,human,your_turn,0.413,2.52,64.97,143.54,131.02,76.24,180.0
Human Dominant_31,R3,2026-09-03T08:15:51.469111Z,behavior_monitor,13,106,120,981,593,583,566,994.41,652.99,398.68,system,NA,0.396,2.52,9.45,123.42,121.82,99.11,180.0
Human Dominant_31,R3,2026-09-03T08:15:51.978851Z,behavior_monitor,13,158,166,977,603,531,565,928.67,547.22,447.21,system,NA,0.371,2.52,95.17,0.0,90.0,99.11,180.0
Human Dominant_31,R3,2026-09-03T08:15:52.488692Z,behavior_monitor,13,133,235,977,603,481,565,920.58,479.55,497.6,system,NA,0.343,2.52,116.55,0.0,90.0,99.11,180.0
Human Dominant_31,R3,2026-09-03T08:15:52.997808Z,behavior_monitor,13,78,281,977,603,430,566,955.08,452.69,548.47,system,NA,0.322,2.52,164.56,0.0,90.0,99.11,180.0
Human Dominant_31,R3,2026-09-03T08:15:53.508319Z,behavior_monitor,13,29,300,977,603,379,566,995.18,439.59,598.91,system,NA,0.306,1.6,3.15,0.0,90.0,99.11,180.0
Human Dominant_31,R3,2026-09-03T08:15:54.018454Z,behavior_monitor,13,74,315,977,603,329,565,947.82,357.03,649.26,system,NA,0.274,1.6,25.81,0.0,90.0,99.11,180.0
Human Dominant_31,R3,2026-09-03T08:15:54.528137Z,behavior_monitor,13,113,341,977,603,278,566,902.84,279.03,700.07,system,NA,0.236,1.6,34.42,0.0,90.0,99.11,180.0
Human Dominant_31,R3,2026-09-03T08:15:55.037844Z,behavior_monitor,13,131,380,977,603,228,566,875.11,209.32,750.31,system,NA,0.193,1.6,82.06,0.0,90.0,99.11,180.0
Human Dominant_31,R3,2026-09-03T08:15:55.547646Z,behavior_monitor,13,145,425,937,576,177,566,806.87,144.52,760.36,system,NA,0.152,1.6,83.16,139.75,-142.84,99.11,180.0
Human Dominant_31,R3,2026-09-03T08:15:56.942881Z,shot_miss,13,174,533,917,586,151,565,744.9,39.68,766.01,agent,NA,0.051,1.6,47.8,129.41,0.0,99.11,0.0
Human Dominant_31,R3,2026-09-03T08:15:57.199828Z,shot_hit,13,195,545,927,579,171,565,733.04,30.87,755.79,agent,NA,0.04,1.6,25.63,0.0,-90.0,99.11,0.0
Human Dominant_31,R3,2026-09-03T08:15:57.200898Z,flight_spawn,14,1218,-20,927,579,171,565,666.43,1199.1,755.79,system,NA,0.643,2.83,135.0,0.0,-90.0,99.11,0.0
Human Dominant_31,R3,2026-09-03T08:15:58.354583Z,human_signal,14,1077,110,921,609,230,564,523.38,961.19,692.12,human,i_can,0.647,2.83,139.24,139.88,-59.19,76.24,0.0
Human Dominant_31,R3,2026-09-03T08:15:58.371640Z,behavior_monitor,14,1077,110,921,609,231,564,523.38,960.33,691.15,system,NA,0.647,2.83,139.24,139.95,-60.11,57.18,0.0
Human Dominant_31,R3,2026-09-03T08:15:58.883552Z,behavior_monitor,14,1022,171,954,547,260,564,381.99,857.16,694.13,system,NA,0.692,2.83,141.55,139.58,-62.42,57.18,0.0
Human Dominant_31,R3,2026-09-03T08:15:59.393541Z,behavior_monitor,14,939,188,993,489,274,564,305.79,764.01,723.57,system,NA,0.714,2.83,171.94,139.28,-48.63,0.0,0.0
Human Dominant_31,R3,2026-09-03T08:15:59.902745Z,behavior_monitor,14,859,207,947,499,274,564,304.79,685.0,676.16,system,NA,0.692,2.83,144.48,141.1,132.18,0.0,-7.48
Human Dominant_31,R3,2026-09-03T08:16:00.414471Z,behavior_monitor,14,779,234,913,561,299,564,353.99,582.22,614.14,system,NA,0.622,2.83,169.61,141.12,126.2,76.24,0.0
Human Dominant_31,R3,2026-09-03T08:16:00.923807Z,behavior_monitor,14,697,256,852,588,338,563,366.94,472.56,514.06,system,NA,0.563,2.83,174.94,129.41,180.0,76.24,0.0
Human Dominant_31,R3,2026-09-03T08:16:01.433769Z,behavior_monitor,14,628,293,786,587,378,564,334.08,369.13,408.52,system,NA,0.525,2.83,139.62,134.68,-162.5,76.24,0.0
Human Dominant_31,R3,2026-09-03T08:16:01.807689Z,human_signal,14,580,333,809,585,406,563,340.49,288.44,403.15,human,your_turn,0.459,2.83,139.62,129.41,0.0,76.24,0.0
Human Dominant_31,R3,2026-09-03T08:16:01.808429Z,human_signal,14,578,335,811,586,406,563,342.13,286.05,405.38,human,your_turn,0.455,2.83,139.62,134.13,15.24,76.24,0.0
Human Dominant_31,R3,2026-09-03T08:16:01.944475Z,behavior_monitor,14,564,348,826,591,420,563,357.89,259.34,407.51,system,NA,0.42,2.83,139.62,136.21,20.91,99.11,0.0
Human Dominant_31,R3,2026-09-03T08:16:02.455602Z,behavior_monitor,14,507,408,811,622,470,563,371.37,160.18,345.26,system,NA,0.301,2.83,116.37,134.19,164.67,99.11,0.0
Human Dominant_31,R3,2026-09-03T08:16:02.965094Z,behavior_monitor,14,495,490,745,625,478,564,283.95,75.27,273.78,system,NA,0.21,2.83,121.77,136.7,161.21,99.11,180.0
Human Dominant_31,R3,2026-09-03T08:16:03.254334Z,shot_miss,14,467,532,707,644,451,564,265.22,35.43,268.54,agent,NA,0.118,2.83,145.05,140.8,148.12,99.11,180.0
Human Dominant_31,R3,2026-09-03T08:16:03.476542Z,behavior_monitor,14,436,551,682,659,431,563,268.99,13.07,269.54,system,NA,0.046,2.83,145.05,131.14,152.11,93.6,180.0
Human Dominant_31,R3,2026-09-03T08:16:03.511766Z,shot_hit,14,429,556,676,662,426,563,269.2,7.74,269.54,agent,NA,0.028,2.83,145.05,138.73,153.38,99.11,180.0
Human Dominant_31,R3,2026-09-03T08:16:03.512580Z,flight_spawn,15,571,-20,676,662,426,563,691.0,601.46,269.54,system,NA,0.465,3.5,55.14,138.73,153.38,99.11,180.0
Human Dominant_31,R3,2026-09-03T08:16:04.698812Z,human_signal,15,599,207,766,687,494,563,507.99,370.83,299.7,human,your_turn,0.422,3.5,127.71,133.87,40.13,76.24,0.0
Human Dominant_31,R3,2026-09-03T08:16:04.699925Z,behavior_monitor,15,599,207,766,687,494,563,507.99,370.83,299.7,system,NA,0.422,3.5,127.71,135.38,42.2,76.24,0.0
Human Dominant_31,R3,2026-09-03T08:16:04.700326Z,human_signal,15,597,210,768,689,494,563,508.19,367.53,301.89,human,your_turn,0.42,3.5,127.71,135.38,42.2,76.24,0.0
Human Dominant_31,R3,2026-09-03T08:16:05.209421Z,behavior_monitor,15,537,290,784,747,521,563,519.01,273.09,320.92,system,NA,0.345,3.5,127.71,143.13,125.84,99.11,180.0
Human Dominant_31,R3,2026-09-03T08:16:05.719786Z,behavior_monitor,15,482,376,721,774,471,564,463.88,187.77,326.83,system,NA,0.288,3.5,99.47,134.04,164.9,99.11,180.0
Human Dominant_31,R3,2026-09-03T08:16:06.229932Z,behavior_monitor,15,444,472,655,783,431,564,376.19,93.12,313.45,system,NA,0.198,3.5,123.53,129.41,180.0,99.11,180.0
Human Dominant_31,R3,2026-09-03T08:16:06.554074Z,shot_miss,15,416,534,611,783,399,564,316.25,34.59,304.71,agent,NA,0.099,3.5,94.34,129.41,180.0,99.11,180.0
Human Dominant_31,R3,2026-09-03T08:16:06.741342Z,behavior_monitor,15,414,569,589,783,395,564,276.56,19.14,292.04,system,NA,0.065,3.5,66.68,129.41,180.0,0.0,180.0
Human Dominant_31,R3,2026-09-03T08:16:06.791897Z,shot_hit,15,419,582,580,783,395,573,258.1,24.71,279.42,agent,NA,0.087,3.5,66.68,129.41,180.0,137.65,90.0
Human Dominant_31,R3,2026-09-03T08:16:06.792816Z,flight_spawn,16,704,-20,580,783,395,573,812.84,669.21,279.42,system,NA,0.452,3.17,129.13,129.41,180.0,137.65,90.0
Human Dominant_31,R3,2026-09-03T08:16:08.115937Z,human_signal,16,604,192,563,758,470,566,567.69,397.61,213.32,human,your_turn,0.412,3.17,95.79,129.41,180.0,76.24,0.0
Human Dominant_31,R3,2026-09-03T08:16:08.118002Z,behavior_monitor,16,604,192,563,758,470,566,567.69,397.61,213.32,system,NA,0.412,3.17,95.79,129.41,180.0,76.24,0.0
Human Dominant_31,R3,2026-09-03T08:16:08.118481Z,human_signal,16,603,195,561,758,470,566,564.65,394.41,212.37,human,your_turn,0.411,3.17,95.79,129.41,180.0,76.24,0.0
Human Dominant_31,R3,2026-09-03T08:16:08.626435Z,behavior_monitor,16,624,278,530,761,521,566,492.11,306.64,194.71,system,NA,0.384,3.17,40.69,123.45,18.6,99.11,0.0
Human Dominant_31,R3,2026-09-03T08:16:09.136685Z,behavior_monitor,16,697,340,596,780,571,566,451.92,259.22,215.33,system,NA,0.365,3.17,13.61,133.89,14.87,99.11,0.0
Human Dominant_31,R3,2026-09-03T08:16:09.646972Z,behavior_monitor,16,787,362,662,781,622,567,436.93,262.5,218.01,system,NA,0.375,3.17,13.61,129.41,0.0,99.11,0.0
Human Dominant_31,R3,2026-09-03T08:16:10.158264Z,behavior_monitor,16,879,378,728,781,673,567,430.13,279.37,221.36,system,NA,0.394,3.17,8.2,129.41,0.0,99.11,0.0
Human Dominant_31,R3,2026-09-03T08:16:10.669246Z,behavior_monitor,16,966,409,794,781,723,566,409.87,289.42,226.09,system,NA,0.414,3.17,12.07,129.41,0.0,99.11,0.0
Human Dominant_31,R3,2026-09-03T08:16:11.179085Z,behavior_monitor,16,1060,431,860,781,773,565,402.83,316.2,232.1,system,NA,0.44,3.17,12.26,129.41,0.0,99.11,0.0
Human Dominant_31,R3,2026-09-03T08:16:11.689511Z,behavior_monitor,16,1153,453,926,781,824,565,399.33,348.17,238.29,system,NA,0.466,3.17,15.2,129.41,0.0,99.11,0.0
Human Dominant_31,R3,2026-09-03T08:16:12.199259Z,behavior_monitor,16,1244,478,992,781,875,566,394.04,379.35,244.88,system,NA,0.491,3.17,15.2,129.41,0.0,99.11,0.0
Human Dominant_31,R3,2026-09-03T08:16:12.710296Z,behavior_monitor,16,1331,502,1058,781,925,565,389.99,411.18,253.52,system,NA,0.513,3.17,15.2,129.41,0.0,99.11,0.0
Human Dominant_31,R3,2026-09-03T08:16:15.622255Z,shot_hit,16,1230,651,1296,750,1209,647,119.13,20.71,134.71,agent,NA,0.148,1.97,108.19,138.06,110.39,137.65,90.0
Human Dominant_31,R3,2026-09-03T08:16:15.623842Z,flight_spawn,17,999,-20,1296,750,1209,647,825.8,699.91,134.71,system,NA,0.459,3.47,125.18,138.06,110.39,137.65,90.0
Human Dominant_31,R3,2026-09-03T08:16:17.780319Z,human_signal,17,651,203,1049,880,1066,566,785.01,551.31,314.37,human,your_turn,0.413,3.47,110.29,129.41,180.0,76.24,180.0
Human Dominant_31,R3,2026-09-03T08:16:17.781391Z,behavior_monitor,17,651,203,1049,880,1066,566,785.01,551.31,314.37,system,NA,0.413,3.47,110.29,129.41,180.0,76.24,180.0
Human Dominant_31,R3,2026-09-03T08:16:17.781892Z,human_signal,17,651,206,1046,880,1066,566,781.43,549.69,314.5,human,your_turn,0.413,3.47,110.29,129.41,180.0,76.24,180.0
Human Dominant_31,R3,2026-09-03T08:16:18.290481Z,behavior_monitor,17,650,302,983,880,1015,566,666.63,450.5,315.79,system,NA,0.403,3.47,69.12,137.5,180.0,104.21,178.55
Human Dominant_31,R3,2026-09-03T08:16:18.800505Z,behavior_monitor,17,685,400,917,880,965,565,532.93,324.76,318.69,system,NA,0.379,3.47,69.12,129.41,180.0,99.11,180.0
Human Dominant_31,R3,2026-09-03T08:16:19.311975Z,behavior_monitor,17,699,501,851,880,914,565,408.28,224.5,321.21,system,NA,0.355,3.47,77.33,129.41,180.0,99.11,180.0
Human Dominant_31,R3,2026-09-03T08:16:19.820814Z,behavior_monitor,17,720,602,785,880,863,589,284.9,143.64,301.68,system,NA,0.335,3.47,77.33,129.41,180.0,169.61,125.75
Human Dominant_31,R3,2026-09-03T08:16:20.329191Z,behavior_monitor,17,756,697,719,871,813,659,178.49,67.98,232.55,system,NA,0.276,3.47,26.81,135.78,-162.39,169.61,125.75
Human Dominant_31,R3,2026-09-03T08:16:20.653505Z,shot_hit,17,820,720,675,870,793,706,208.93,30.79,202.15,agent,NA,0.128,3.47,21.37,129.41,180.0,169.61,54.25
Human Dominant_31,R3,2026-09-03T08:16:20.654108Z,flight_spawn,18,1425,-20,675,870,793,706,1164.24,962.79,202.15,system,NA,0.453,2.83,135.0,129.41,180.0,169.61,54.25
Human Dominant_31,R3,2026-09-03T08:16:22.730330Z,human_signal,18,1440,275,698,812,920,565,915.85,595.07,332.38,human,your_turn,0.394,2.83,31.56,129.41,0.0,76.24,0.0
Human Dominant_31,R3,2026-09-03T08:16:22.732399Z,behavior_monitor,18,1440,275,698,812,920,565,915.85,595.07,332.38,system,NA,0.394,2.83,31.56,129.41,0.0,76.24,0.0
Human Dominant_31,R3,2026-09-03T08:16:22.732837Z,human_signal,18,1443,277,700,812,920,565,915.49,596.82,330.91,human,your_turn,0.395,2.83,31.56,129.41,0.0,76.24,0.0
Human Dominant_31,R3,2026-09-03T08:16:23.240236Z,behavior_monitor,18,1422,325,707,802,971,565,859.66,511.55,354.32,system,NA,0.373,2.07,107.42,136.05,-153.1,99.11,0.0
Human Dominant_31,R3,2026-09-03T08:16:23.749516Z,behavior_monitor,18,1399,384,722,802,1021,565,796.0,419.79,381.3,system,NA,0.345,2.07,107.42,144.86,18.35,105.3,0.0
Human Dominant_31,R3,2026-09-03T08:16:24.259466Z,behavior_monitor,18,1382,443,788,824,1071,564,705.53,333.66,384.11,system,NA,0.321,2.07,107.42,136.46,18.5,104.64,-7.52
Human Dominant_31,R3,2026-09-03T08:16:24.769110Z,behavior_monitor,18,1363,496,854,834,1121,564,611.23,251.21,379.93,system,NA,0.291,2.07,55.95,129.41,0.0,99.11,0.0
Human Dominant_31,R3,2026-09-03T08:16:25.280376Z,behavior_monitor,18,1396,547,920,820,1172,564,548.26,224.49,359.06,system,NA,0.291,2.07,55.95,135.6,-17.38,99.11,0.0
Human Dominant_31,R3,2026-09-03T08:16:25.788967Z,behavior_monitor,18,1434,595,986,809,1223,589,496.95,211.75,322.82,system,NA,0.299,2.07,22.77,129.41,0.0,99.11,0.0
Human Dominant_31,R3,2026-09-03T08:16:26.298297Z,behavior_monitor,18,1433,627,1051,809,1274,622,423.52,159.79,290.87,system,NA,0.274,1.4,87.0,70.66,0.0,170.57,42.36
Human Dominant_31,R3,2026-09-03T08:16:26.808954Z,behavior_monitor,18,1437,668,1003,773,1324,662,446.84,113.3,339.85,system,NA,0.202,1.4,87.39,136.69,-116.91,99.11,0.0
Human Dominant_31,R3,2026-09-03T08:16:27.318793Z,behavior_monitor,18,1432,707,985,708,1375,703,447.04,57.94,389.31,system,NA,0.115,1.4,120.63,129.41,-90.0,169.61,54.25
Human Dominant_31,R3,2026-09-03T08:16:27.524151Z,shot_hit,18,1419,716,1000,682,1397,712,420.59,23.17,397.51,agent,NA,0.052,1.4,172.48,141.77,-45.28,169.61,54.25
Human Dominant_31,R3,2026-09-03T08:16:27.524685Z,flight_spawn,19,1050,-20,1000,682,1397,712,703.98,810.64,397.51,system,NA,0.535,2.83,135.0,141.77,-45.28,169.61,54.25
Human Dominant_31,R3,2026-09-03T08:16:28.887889Z,human_signal,19,1064,169,1023,563,1321,606,396.56,507.09,301.45,human,i_can,0.561,2.83,59.42,129.41,-90.0,130.47,-125.75
Human Dominant_31,R3,2026-09-03T08:16:28.904970Z,behavior_monitor,19,1064,169,1023,563,1320,604,396.56,505.43,300.3,system,NA,0.56,2.83,59.42,129.41,-90.0,97.85,-125.75
Human Dominant_31,R3,2026-09-03T08:16:29.415328Z,behavior_monitor,19,1117,234,1023,497,1291,567,280.13,375.57,276.95,system,NA,0.573,2.83,63.15,137.5,-90.0,60.75,180.0
Human Dominant_31,R3,2026-09-03T08:16:29.925409Z,behavior_monitor,19,1130,317,1057,437,1277,565,141.19,288.41,254.59,system,NA,0.671,2.83,84.7,141.4,-43.42,0.0,180.0
Human Dominant_31,R3,2026-09-03T08:16:30.401834Z,shot_hit,19,1137,396,1113,406,1277,565,26.06,219.5,228.06,human,NA,0.894,2.83,84.7,129.41,0.0,0.0,180.0
Human Dominant_31,R3,2026-09-03T08:16:30.402713Z,flight_spawn,20,1100,-20,1113,406,1277,565,426.82,611.57,228.06,system,NA,0.589,3.07,130.61,129.41,0.0,0.0,180.0
Human Dominant_31,R3,2026-09-03T08:16:35.030704Z,human_signal,20,524,454,628,453,950,563,104.48,440.59,340.77,human,your_turn,0.808,3.07,161.73,136.21,159.42,76.24,180.0
Human Dominant_31,R3,2026-09-03T08:16:35.031745Z,behavior_monitor,20,524,454,628,453,950,563,104.48,440.59,340.77,system,NA,0.808,3.07,161.73,136.21,159.42,76.24,180.0
Human Dominant_31,R3,2026-09-03T08:16:35.032253Z,human_signal,20,521,455,626,453,950,563,104.9,442.86,342.56,human,your_turn,0.808,3.07,161.73,136.21,159.42,76.24,180.0
Human Dominant_31,R3,2026-09-03T08:16:35.538349Z,behavior_monitor,20,440,482,563,470,899,563,123.36,466.58,349.37,system,NA,0.791,3.07,127.37,129.41,180.0,99.11,180.0
Human Dominant_31,R3,2026-09-03T08:16:36.042198Z,behavior_monitor,20,384,555,497,470,849,563,141.21,464.76,364.29,system,NA,0.767,3.07,127.37,129.41,180.0,99.11,180.0
Human Dominant_31,R3,2026-09-03T08:16:36.551145Z,behavior_monitor,20,311,603,431,485,798,598,168.27,486.88,384.38,system,NA,0.743,3.07,156.24,137.76,158.95,99.11,180.0
Human Dominant_31,R3,2026-09-03T08:16:37.061669Z,behavior_monitor,20,237,654,365,495,748,649,204.03,510.57,412.63,system,NA,0.714,3.07,129.47,123.85,-159.8,160.19,125.75
Human Dominant_31,R3,2026-09-03T08:16:37.572290Z,behavior_monitor,20,168,709,408,462,697,704,344.45,529.46,377.59,system,NA,0.606,3.07,129.02,138.74,-29.86,169.61,125.75
Human Dominant_31,R3,2026-09-03T08:16:38.082576Z,behavior_monitor,20,132,791,472,446,646,775,484.65,515.08,372.02,system,NA,0.515,3.07,105.41,129.41,0.0,169.61,125.75
Human Dominant_31,R3,2026-09-03T08:16:38.592504Z,behavior_monitor,20,103,877,534,468,596,845,594.21,493.83,381.75,system,NA,0.454,3.07,99.3,138.73,45.43,169.61,125.75
Human Dominant_31,R3,2026-09-03T08:16:39.000959Z,flight_missed,20,105,952,566,518,554,903,633.23,452.4,385.28,system,NA,0.417,3.07,101.09,139.76,60.12,169.61,125.75
Human Dominant_31,R4,2026-09-03T08:16:52.263740Z,flight_spawn,1,674,-20,566,518,554,903,549.28,931.35,385.28,system,NA,0.629,2.83,135.0,0.0,60.12,0.0,125.75
Human Dominant_31,R4,2026-09-03T08:16:56.550627Z,human_signal,1,693,151,1127,754,440,651,742.48,560.63,693.59,human,your_turn,0.43,2.83,22.8,0.0,0.0,130.47,-54.25
Human Dominant_31,R4,2026-09-03T08:16:56.551327Z,behavior_monitor,1,693,151,1127,754,440,651,742.48,560.63,693.59,system,NA,0.43,2.83,22.8,0.0,0.0,130.47,-54.25
Human Dominant_31,R4,2026-09-03T08:16:56.551839Z,human_signal,1,696,152,1127,754,440,651,739.71,561.11,693.59,human,your_turn,0.431,2.83,22.8,0.0,0.0,130.47,-54.25
Human Dominant_31,R4,2026-09-03T08:16:57.061045Z,behavior_monitor,1,769,186,1146,752,491,581,680.41,482.91,676.78,system,NA,0.415,2.83,49.11,135.65,-17.45,169.61,-54.25
Human Dominant_31,R4,2026-09-03T08:16:57.571745Z,behavior_monitor,1,806,262,1151,704,542,564,560.92,401.37,625.12,system,NA,0.417,2.83,31.51,134.43,-151.07,99.11,0.0
Human Dominant_31,R4,2026-09-03T08:16:58.080255Z,behavior_monitor,1,887,282,1086,693,592,565,455.77,408.31,509.5,system,NA,0.473,2.83,34.27,129.41,180.0,99.11,0.0
Human Dominant_31,R4,2026-09-03T08:16:58.590448Z,behavior_monitor,1,953,330,1020,693,643,565,368.48,389.25,397.75,system,NA,0.514,2.83,34.27,129.41,180.0,99.11,0.0
Human Dominant_31,R4,2026-09-03T08:16:59.099628Z,behavior_monitor,1,1037,350,1030,636,694,564,286.03,404.53,343.66,system,NA,0.586,2.83,10.86,136.3,-68.31,99.11,0.0
Human Dominant_31,R4,2026-09-03T08:16:59.303109Z,human_signal,1,1065,366,1041,608,714,564,243.45,403.68,329.95,human,i_can,0.624,2.83,60.82,136.38,-68.22,99.11,0.0
Human Dominant_31,R4,2026-09-03T08:16:59.609752Z,behavior_monitor,1,1085,410,1059,573,731,564,165.19,385.84,327.96,system,NA,0.7,2.83,88.31,138.9,-52.05,57.18,0.0
Human Dominant_31,R4,2026-09-03T08:17:00.119715Z,behavior_monitor,1,1114,486,1109,524,757,564,38.57,365.98,354.0,system,NA,0.905,2.83,57.4,138.42,-69.21,0.0,0.0
Human Dominant_31,R4,2026-09-03T08:17:00.186974Z,shot_hit,1,1120,495,1112,515,757,564,21.42,369.62,358.36,human,NA,0.945,2.83,57.4,137.6,-70.13,28.83,92.32
Human Dominant_31,R4,2026-09-03T08:17:00.187805Z,flight_spawn,2,558,-20,1112,515,757,564,770.25,617.52,358.36,system,NA,0.445,3.5,124.81,137.6,-70.13,28.83,92.32
Human Dominant_31,R4,2026-09-03T08:17:00.987149Z,human_signal,2,450,101,1102,445,716,564,736.98,534.37,403.83,human,your_turn,0.42,3.5,154.8,129.41,180.0,76.24,180.0
Human Dominant_31,R4,2026-09-03T08:17:00.988263Z,behavior_monitor,2,450,101,1102,445,716,564,736.98,534.37,403.83,system,NA,0.42,3.5,154.8,129.41,180.0,76.24,180.0
Human Dominant_31,R4,2026-09-03T08:17:00.988692Z,human_signal,2,447,102,1100,445,716,564,737.44,534.83,401.73,human,your_turn,0.42,3.5,154.8,129.41,180.0,76.24,180.0
Human Dominant_31,R4,2026-09-03T08:17:01.497523Z,behavior_monitor,2,353,126,1036,445,665,565,754.23,538.71,389.43,system,NA,0.417,3.5,179.99,129.41,180.0,99.11,180.0
Human Dominant_31,R4,2026-09-03T08:17:02.008341Z,behavior_monitor,2,250,143,971,454,616,564,784.86,557.87,372.29,system,NA,0.415,3.5,154.53,148.03,137.39,99.11,180.0
Human Dominant_31,R4,2026-09-03T08:17:02.519383Z,behavior_monitor,2,174,215,989,486,565,565,858.48,524.39,431.13,system,NA,0.379,3.5,136.5,139.58,-22.43,106.2,178.98
Human Dominant_31,R4,2026-09-03T08:17:03.030306Z,behavior_monitor,2,96,288,941,470,515,565,864.37,501.85,437.11,system,NA,0.367,3.5,136.5,129.41,180.0,99.11,180.0
Human Dominant_31,R4,2026-09-03T08:17:03.541320Z,behavior_monitor,2,20,345,912,518,464,565,908.86,496.04,450.3,system,NA,0.353,2.28,29.14,129.41,90.0,99.11,180.0
Human Dominant_31,R4,2026-09-03T08:17:04.050999Z,behavior_monitor,2,65,395,859,559,413,565,810.92,387.84,445.55,system,NA,0.324,2.28,51.24,139.26,158.32,99.11,180.0
Human Dominant_31,R4,2026-09-03T08:17:04.561447Z,behavior_monitor,2,111,447,793,567,363,565,692.8,278.63,430.05,system,NA,0.287,2.28,28.6,129.41,180.0,99.11,180.0
Human Dominant_31,R4,2026-09-03T08:17:05.073693Z,behavior_monitor,2,170,482,727,567,312,565,562.84,164.32,414.82,system,NA,0.226,2.28,32.08,129.41,180.0,99.11,180.0
Human Dominant_31,R4,2026-09-03T08:17:05.582475Z,behavior_monitor,2,221,518,661,567,261,566,442.46,62.13,399.44,system,NA,0.123,2.28,32.08,129.41,180.0,99.11,180.0
Human Dominant_31,R4,2026-09-03T08:17:05.853683Z,shot_hit,2,256,539,635,595,236,566,383.32,33.17,400.0,agent,NA,0.08,2.28,32.08,139.2,115.63,0.0,180.0
Human Dominant_31,R4,2026-09-03T08:17:05.854279Z,flight_spawn,3,810,-20,635,595,236,566,640.38,820.26,400.0,system,NA,0.562,2.83,135.0,139.2,115.63,0.0,180.0
Human Dominant_31,R4,2026-09-03T08:17:07.011029Z,human_signal,3,878,126,725,644,298,566,539.95,727.54,433.96,human,i_can,0.574,2.83,39.97,134.46,-15.76,76.24,0.0
Human Dominant_31,R4,2026-09-03T08:17:07.028268Z,behavior_monitor,3,878,126,725,644,299,566,539.95,726.77,433.0,system,NA,0.574,2.83,39.97,134.5,-15.82,57.18,0.0
Human Dominant_31,R4,2026-09-03T08:17:07.538219Z,behavior_monitor,3,937,180,791,625,329,565,467.67,719.4,466.13,system,NA,0.606,2.83,39.97,135.54,-17.3,57.18,0.0
Human Dominant_31,R4,2026-09-03T08:17:08.047778Z,behavior_monitor,3,1012,213,857,611,342,565,426.83,756.62,516.68,system,NA,0.639,2.83,10.65,129.41,0.0,0.0,0.0
Human Dominant_31,R4,2026-09-03T08:17:08.556902Z,behavior_monitor,3,1098,229,923,622,357,565,429.74,813.48,568.75,system,NA,0.654,2.83,17.68,129.41,0.0,76.24,0.0
Human Dominant_31,R4,2026-09-03T08:17:09.067398Z,behavior_monitor,3,1177,254,984,587,395,565,384.82,841.1,589.13,system,NA,0.686,2.83,52.24,142.71,-37.54,76.24,0.0
Human Dominant_31,R4,2026-09-03T08:17:09.577825Z,behavior_monitor,3,1157,314,1042,543,434,564,256.71,765.34,607.97,system,NA,0.749,2.83,135.13,141.16,-35.97,80.58,-14.9
Human Dominant_31,R4,2026-09-03T08:17:10.090573Z,behavior_monitor,3,1120,390,1099,499,474,565,111.17,669.54,628.16,system,NA,0.858,2.83,127.28,140.8,-44.95,76.24,0.0
Human Dominant_31,R4,2026-09-03T08:17:10.566953Z,shot_hit,3,1095,463,1099,451,511,565,12.93,593.17,599.24,human,NA,0.979,2.83,101.35,139.24,-158.34,76.24,0.0
Human Dominant_31,R4,2026-09-03T08:17:10.568007Z,flight_spawn,4,1301,-20,1099,451,511,565,512.48,983.27,599.24,system,NA,0.657,2.89,133.71,139.24,-158.34,76.24,0.0
Human Dominant_31,R4,2026-09-03T08:17:11.792339Z,human_signal,4,1101,34,950,486,519,565,475.99,788.38,438.75,human,i_can,0.624,2.89,154.51,140.33,130.15,76.24,0.0
Human Dominant_31,R4,2026-09-03T08:17:11.808832Z,behavior_monitor,4,1101,34,950,486,520,565,475.99,787.66,437.8,system,NA,0.623,2.89,154.51,140.58,129.99,57.18,0.0
Human Dominant_31,R4,2026-09-03T08:17:12.319684Z,behavior_monitor,4,1096,111,942,494,549,565,412.96,710.45,398.95,system,NA,0.632,2.89,90.4,137.23,-69.05,57.18,0.0
Human Dominant_31,R4,2026-09-03T08:17:12.829636Z,behavior_monitor,4,1093,197,995,455,563,565,275.36,644.99,446.06,system,NA,0.701,2.89,89.7,122.22,0.0,0.0,0.0
Human Dominant_31,R4,2026-09-03T08:17:13.341343Z,behavior_monitor,4,1134,269,1061,455,567,565,199.46,639.24,505.85,system,NA,0.762,2.89,47.16,129.41,0.0,76.24,0.0
Human Dominant_31,R4,2026-09-03T08:17:13.851999Z,behavior_monitor,4,1166,349,1127,455,606,565,112.55,599.82,532.14,system,NA,0.842,2.89,69.42,129.41,0.0,76.24,0.0
Human Dominant_31,R4,2026-09-03T08:17:14.362761Z,behavior_monitor,4,1197,430,1193,446,645,565,15.75,567.63,560.5,system,NA,0.973,2.89,69.42,138.88,-21.29,76.24,0.0
Human Dominant_31,R4,2026-09-03T08:17:14.430599Z,shot_hit,4,1201,441,1202,442,650,565,1.22,564.25,564.78,human,NA,0.998,2.89,69.42,139.32,-21.74,76.24,0.0
Human Dominant_31,R4,2026-09-03T08:17:14.431640Z,flight_spawn,5,885,-20,1202,442,650,565,560.46,630.48,564.78,system,NA,0.529,3.08,130.51,139.32,-21.74,76.24,0.0
Human Dominant_31,R4,2026-09-03T08:17:15.604710Z,human_signal,5,742,128,1143,417,714,564,494.32,437.29,453.16,human,your_turn,0.469,3.08,123.92,129.41,180.0,76.24,0.0
Human Dominant_31,R4,2026-09-03T08:17:15.605328Z,behavior_monitor,5,742,128,1143,417,714,564,494.32,437.29,453.16,system,NA,0.469,3.08,123.92,129.41,180.0,76.24,0.0
Human Dominant_31,R4,2026-09-03T08:17:15.605857Z,human_signal,5,741,131,1140,417,714,564,492.03,434.67,451.08,human,your_turn,0.469,3.08,123.92,129.41,180.0,76.24,0.0
Human Dominant_31,R4,2026-09-03T08:17:16.116013Z,behavior_monitor,5,691,202,1077,419,676,565,442.7,362.97,426.02,system,NA,0.451,3.08,128.49,134.11,164.78,99.11,180.0
Human Dominant_31,R4,2026-09-03T08:17:16.624304Z,behavior_monitor,5,632,274,1014,449,626,565,420.15,290.44,404.61,system,NA,0.409,3.08,128.49,150.5,142.1,105.3,180.0
Human Dominant_31,R4,2026-09-03T08:17:17.133417Z,behavior_monitor,5,570,342,965,502,575,565,427.1,223.49,395.26,system,NA,0.344,3.08,153.54,139.84,128.3,99.11,180.0
Human Dominant_31,R4,2026-09-03T08:17:17.643719Z,behavior_monitor,5,481,383,913,530,525,565,456.96,187.79,390.29,system,NA,0.291,3.08,153.54,129.41,180.0,99.11,180.0
Human Dominant_31,R4,2026-09-03T08:17:18.152938Z,behavior_monitor,5,392,395,847,530,474,565,474.5,188.49,374.9,system,NA,0.284,3.08,155.59,129.41,180.0,99.11,180.0
Human Dominant_31,R4,2026-09-03T08:17:18.663907Z,behavior_monitor,5,307,426,781,542,423,566,488.39,181.43,358.84,system,NA,0.271,3.08,155.96,138.03,156.37,99.11,180.0
Human Dominant_31,R4,2026-09-03T08:17:19.175826Z,behavior_monitor,5,219,448,749,596,373,565,550.6,193.8,377.43,system,NA,0.26,3.08,153.45,122.22,90.0,93.6,180.0
Human Dominant_31,R4,2026-09-03T08:17:19.688534Z,behavior_monitor,5,132,475,719,656,323,565,613.83,210.9,406.19,system,NA,0.256,3.08,122.61,141.09,134.31,99.11,180.0
Human Dominant_31,R4,2026-09-03T08:17:20.200406Z,behavior_monitor,5,134,565,667,705,273,565,551.26,139.24,417.99,system,NA,0.202,3.08,75.36,140.61,142.79,99.11,180.0
Human Dominant_31,R4,2026-09-03T08:17:22.399019Z,flight_missed,5,101,954,418,851,81,865,332.64,91.04,337.3,system,NA,0.215,3.08,89.96,129.41,-90.0,137.65,90.0
Human Dominant_31,R4,2026-09-03T08:17:22.400887Z,flight_spawn,6,500,-20,418,851,81,865,875.58,979.82,337.3,system,NA,0.528,3.47,125.17,129.41,-90.0,137.65,90.0
Human Dominant_31,R4,2026-09-03T08:17:23.671927Z,human_signal,6,469,217,432,695,156,761,479.67,627.58,283.9,human,i_can,0.567,3.47,47.48,136.51,-139.24,130.47,-54.25
Human Dominant_31,R4,2026-09-03T08:17:23.688481Z,behavior_monitor,6,469,217,432,695,157,759,479.67,625.93,282.65,system,NA,0.566,3.47,47.48,136.87,-140.85,97.85,-54.25
Human Dominant_31,R4,2026-09-03T08:17:24.197918Z,behavior_monitor,6,541,294,384,646,186,719,385.58,553.24,210.09,system,NA,0.589,3.47,47.48,136.42,-108.44,97.85,-54.25
Human Dominant_31,R4,2026-09-03T08:17:24.707735Z,behavior_monitor,6,641,331,422,590,200,700,339.49,574.81,247.51,system,NA,0.629,3.47,19.88,137.88,-33.57,0.0,-54.25
Human Dominant_31,R4,2026-09-03T08:17:25.217871Z,behavior_monitor,6,733,367,487,599,200,700,338.54,629.15,304.83,system,NA,0.65,3.47,24.89,137.95,22.76,0.0,16.72
Human Dominant_31,R4,2026-09-03T08:17:25.728736Z,behavior_monitor,6,823,410,553,622,231,655,343.25,640.61,323.11,system,NA,0.651,3.47,24.89,122.22,0.0,123.22,-54.25
Human Dominant_31,R4,2026-09-03T08:17:26.236969Z,behavior_monitor,6,926,424,619,622,271,601,364.97,678.51,348.75,system,NA,0.65,3.47,1.57,129.41,0.0,140.82,-59.24
Human Dominant_31,R4,2026-09-03T08:17:26.749675Z,behavior_monitor,6,1008,471,685,622,309,565,356.68,705.77,380.39,system,NA,0.664,3.47,50.95,129.41,0.0,76.24,0.0
Human Dominant_31,R4,2026-09-03T08:17:27.260110Z,behavior_monitor,6,1074,553,751,622,348,565,330.79,726.15,406.37,system,NA,0.687,3.47,49.52,129.41,0.0,76.24,0.0
Human Dominant_31,R4,2026-09-03T08:17:27.311744Z,human_signal,6,1080,561,757,622,352,565,328.29,727.81,409.05,human,your_turn,0.689,3.47,49.52,129.41,0.0,76.24,0.0
Human Dominant_31,R4,2026-09-03T08:17:27.312443Z,human_signal,6,1081,564,759,622,352,565,327.12,729.29,411.23,human,your_turn,0.69,3.47,49.52,129.41,0.0,76.24,0.0
Human Dominant_31,R4,2026-09-03T08:17:27.768773Z,behavior_monitor,6,1142,633,817,622,398,622,325.54,744.14,418.7,system,NA,0.696,3.47,49.52,129.41,0.0,169.61,54.25
Human Dominant_31,R4,2026-09-03T08:17:28.278936Z,behavior_monitor,6,1207,709,883,610,449,692,339.68,758.58,441.08,system,NA,0.691,3.47,22.92,129.41,0.0,169.61,54.25
Human Dominant_31,R4,2026-09-03T08:17:28.791440Z,behavior_monitor,6,1275,785,915,665,500,762,379.09,775.48,426.97,system,NA,0.672,3.47,47.92,129.41,90.0,169.61,54.25
Human Dominant_31,R4,2026-09-03T08:17:29.303411Z,behavior_monitor,6,1333,863,968,692,550,832,402.36,783.04,441.01,system,NA,0.661,3.47,17.34,140.37,-23.9,169.61,54.25
Human Dominant_31,R4,2026-09-03T08:17:29.813946Z,behavior_monitor,6,1400,932,999,636,601,903,498.95,799.85,478.76,system,NA,0.616,3.47,43.41,129.41,-90.0,169.61,54.25
Human Dominant_31,R4,2026-09-03T08:17:29.933220Z,flight_missed,6,1421,952,991,620,614,910,542.78,807.55,475.51,system,NA,0.598,3.47,43.41,144.19,-130.44,99.11,0.0
Human Dominant_31,R4,2026-09-03T08:17:29.934001Z,flight_spawn,7,100,-20,991,620,614,910,1097.5,1062.83,475.51,system,NA,0.492,2.84,134.82,144.19,-130.44,99.11,0.0
Human Dominant_31,R4,2026-09-03T08:17:31.804320Z,human_signal,7,42,173,769,569,502,755,827.91,741.68,324.84,human,your_turn,0.473,1.85,89.21,129.41,180.0,130.47,-125.75
Human Dominant_31,R4,2026-09-03T08:17:31.804905Z,behavior_monitor,7,42,173,769,569,502,755,827.91,741.68,324.84,system,NA,0.473,1.85,89.21,129.41,180.0,146.04,-117.42
Human Dominant_31,R4,2026-09-03T08:17:31.805383Z,human_signal,7,43,175,767,569,502,755,824.69,739.95,323.03,human,your_turn,0.473,1.85,89.21,129.41,180.0,146.04,-117.42
Human Dominant_31,R4,2026-09-03T08:17:32.314301Z,behavior_monitor,7,57,226,703,569,451,684,731.34,604.35,276.52,system,NA,0.452,1.85,84.34,129.41,180.0,200.22,-125.54
Human Dominant_31,R4,2026-09-03T08:17:32.825824Z,behavior_monitor,7,66,281,651,576,401,614,655.76,472.62,253.09,system,NA,0.419,1.85,84.34,140.89,44.91,169.61,-125.75
Human Dominant_31,R4,2026-09-03T08:17:33.335878Z,behavior_monitor,7,56,334,636,624,351,565,648.47,373.98,291.79,system,NA,0.366,1.85,87.02,140.66,144.96,99.11,180.0
Human Dominant_31,R4,2026-09-03T08:17:33.847689Z,behavior_monitor,7,66,388,572,651,300,565,570.82,293.65,285.49,system,NA,0.34,1.85,82.35,137.06,159.75,99.11,180.0
Human Dominant_31,R4,2026-09-03T08:17:34.356918Z,behavior_monitor,7,48,437,507,676,249,565,517.27,239.07,279.84,system,NA,0.316,1.85,127.32,137.06,159.75,99.11,180.0
Human Dominant_31,R4,2026-09-03T08:17:34.867836Z,behavior_monitor,7,21,476,441,700,198,566,475.65,198.55,277.17,system,NA,0.294,1.28,58.58,137.06,159.75,99.11,180.0
Human Dominant_31,R4,2026-09-03T08:17:35.383357Z,behavior_monitor,7,37,510,375,724,148,565,400.26,123.59,277.53,system,NA,0.236,1.28,81.6,137.06,159.75,99.11,180.0
Human Dominant_31,R4,2026-09-03T08:17:35.888600Z,behavior_monitor,7,43,548,310,748,97,565,333.67,56.38,280.91,system,NA,0.145,1.28,81.6,137.06,159.75,99.11,180.0
Human Dominant_31,R4,2026-09-03T08:17:36.092575Z,shot_miss,7,37,563,281,759,75,565,313.42,38.33,283.03,agent,NA,0.109,1.28,103.96,136.82,160.02,99.11,180.0
Human Dominant_31,R4,2026-09-03T08:17:36.331524Z,shot_hit,7,28,578,251,770,51,572,293.8,24.19,280.59,agent,NA,0.076,1.28,157.18,137.29,160.44,99.11,180.0
Human Dominant_31,R4,2026-09-03T08:17:36.331901Z,flight_spawn,8,628,-20,251,770,51,572,875.52,826.74,280.59,system,NA,0.486,2.83,135.0,137.29,160.44,99.11,180.0
Human Dominant_31,R4,2026-09-03T08:17:37.875676Z,human_signal,8,478,175,281,750,137,565,608.01,517.98,234.83,human,your_turn,0.46,2.83,109.4,136.96,-19.12,76.24,0.0
Human Dominant_31,R4,2026-09-03T08:17:37.876789Z,behavior_monitor,8,478,175,281,750,137,565,608.01,517.98,234.83,system,NA,0.46,2.83,109.4,136.96,-19.12,76.24,0.0
Human Dominant_31,R4,2026-09-03T08:17:37.877380Z,human_signal,8,477,178,283,749,137,565,603.78,515.32,235.63,human,your_turn,0.46,2.83,109.4,136.96,-19.12,76.24,0.0
Human Dominant_31,R4,2026-09-03T08:17:38.387035Z,behavior_monitor,8,430,243,347,747,188,565,510.97,402.91,242.21,system,NA,0.441,2.83,157.99,129.41,0.0,99.11,0.0
Human Dominant_31,R4,2026-09-03T08:17:38.897372Z,behavior_monitor,8,345,257,355,752,239,565,495.71,325.89,220.72,system,NA,0.397,2.83,178.44,135.23,-163.14,99.11,0.0
Human Dominant_31,R4,2026-09-03T08:17:39.407711Z,behavior_monitor,8,266,272,289,758,257,565,485.66,293.06,194.85,system,NA,0.376,2.83,178.92,134.95,163.53,99.11,180.0
Human Dominant_31,R4,2026-09-03T08:17:39.917553Z,behavior_monitor,8,186,291,251,752,207,565,465.91,275.34,192.0,system,NA,0.371,2.83,171.51,135.48,-29.53,99.11,180.0
Human Dominant_31,R4,2026-09-03T08:17:40.428907Z,behavior_monitor,8,112,320,307,708,156,566,434.21,249.69,207.45,system,NA,0.365,2.83,138.45,141.28,-47.47,99.11,180.0
Human Dominant_31,R4,2026-09-03T08:17:40.941275Z,behavior_monitor,8,74,393,341,670,105,566,384.79,175.36,257.88,system,NA,0.313,2.83,95.89,32.58,180.0,99.11,180.0
Human Dominant_31,R4,2026-09-03T08:17:41.452155Z,behavior_monitor,8,38,470,279,683,54,566,321.25,97.16,252.73,system,NA,0.232,2.83,116.85,134.2,164.65,99.11,180.0
Human Dominant_31,R4,2026-09-03T08:17:41.929368Z,shot_miss,8,38,532,215,700,20,566,244.03,38.55,237.01,agent,NA,0.136,2.21,80.02,134.25,164.57,0.0,180.0
Human Dominant_31,R4,2026-09-03T08:17:41.963171Z,behavior_monitor,8,39,534,213,701,20,566,240.92,36.97,235.55,system,NA,0.133,2.21,80.02,134.25,164.57,0.0,180.0
Human Dominant_31,R4,2026-09-03T08:17:42.234174Z,shot_hit,8,45,571,176,709,23,566,190.01,23.2,209.75,agent,NA,0.109,2.21,80.02,125.94,180.0,0.0,0.0
Human Dominant_31,R4,2026-09-03T08:17:42.235927Z,flight_spawn,9,395,-20,176,709,23,566,761.75,694.33,209.75,system,NA,0.477,2.83,135.0,125.94,180.0,0.0,0.0
Human Dominant_31,R4,2026-09-03T08:17:43.493675Z,human_signal,9,291,140,290,688,85,565,548.71,473.22,238.51,human,your_turn,0.463,2.83,93.09,140.33,-59.13,76.24,0.0
Human Dominant_31,R4,2026-09-03T08:17:43.494315Z,behavior_monitor,9,291,140,290,688,85,565,548.71,473.22,238.51,system,NA,0.463,2.83,93.09,140.33,-59.13,76.24,0.0
Human Dominant_31,R4,2026-09-03T08:17:43.494623Z,human_signal,9,291,142,291,686,85,565,543.82,470.59,238.49,human,your_turn,0.464,2.83,63.85,140.33,-59.13,76.24,0.0
Human Dominant_31,R4,2026-09-03T08:17:44.003260Z,behavior_monitor,9,324,216,333,641,135,566,424.78,397.68,212.17,system,NA,0.484,2.83,63.85,129.41,0.0,99.11,0.0
Human Dominant_31,R4,2026-09-03T08:17:44.512881Z,behavior_monitor,9,397,262,399,641,185,565,378.98,370.02,226.95,system,NA,0.494,2.83,16.65,129.41,0.0,99.11,0.0
Human Dominant_31,R4,2026-09-03T08:17:45.025254Z,behavior_monitor,9,462,314,465,633,235,564,319.79,338.47,239.96,system,NA,0.514,2.83,44.9,136.32,-18.32,99.11,0.0
Human Dominant_31,R4,2026-09-03T08:17:45.535075Z,behavior_monitor,9,503,385,523,594,286,565,209.41,281.95,239.48,system,NA,0.574,2.83,48.61,141.83,-46.07,99.11,0.0
Human Dominant_31,R4,2026-09-03T08:17:45.858517Z,human_signal,9,548,418,545,553,318,565,134.72,272.96,227.94,human,i_can,0.67,2.83,52.52,135.37,-72.93,99.11,0.0
Human Dominant_31,R4,2026-09-03T08:17:46.044181Z,behavior_monitor,9,567,441,552,531,328,565,91.55,268.69,226.17,system,NA,0.746,2.83,52.52,137.1,-67.42,64.83,-10.59
Human Dominant_31,R4,2026-09-03T08:17:46.452226Z,shot_hit,9,586,504,581,482,352,564,22.93,241.81,243.14,human,NA,0.913,2.83,84.22,140.47,-58.59,57.18,0.0
Human Dominant_31,R4,2026-09-03T08:17:46.452879Z,flight_spawn,10,525,-20,581,482,352,564,505.17,610.04,243.14,system,NA,0.547,3.01,48.43,140.47,-58.59,57.18,0.0
Human Dominant_31,R4,2026-09-03T08:17:47.406393Z,human_signal,10,628,109,694,414,398,564,312.39,509.64,332.0,human,i_can,0.62,3.01,40.84,137.42,-23.32,76.24,0.0
Human Dominant_31,R4,2026-09-03T08:17:47.422772Z,behavior_monitor,10,628,109,694,414,399,564,312.39,509.21,331.13,system,NA,0.62,3.01,40.84,137.42,-23.32,57.18,0.0
Human Dominant_31,R4,2026-09-03T08:17:47.934313Z,behavior_monitor,10,695,168,759,387,429,564,227.74,477.01,375.11,system,NA,0.677,3.01,18.0,136.54,-18.59,57.18,0.0
Human Dominant_31,R4,2026-09-03T08:17:48.444981Z,behavior_monitor,10,773,204,794,430,442,564,227.56,489.11,376.51,system,NA,0.682,3.01,7.17,133.9,75.12,0.0,0.0
Human Dominant_31,R4,2026-09-03T08:17:48.956523Z,behavior_monitor,10,863,218,855,447,456,565,229.08,534.33,415.59,system,NA,0.7,3.01,1.51,129.41,0.0,76.24,0.0
Human Dominant_31,R4,2026-09-03T08:17:49.467286Z,behavior_monitor,10,950,226,921,447,495,565,223.1,567.61,442.08,system,NA,0.718,3.01,22.42,129.41,0.0,76.24,0.0
Human Dominant_31,R4,2026-09-03T08:17:49.977573Z,behavior_monitor,10,1037,249,987,447,534,565,204.45,593.96,468.27,system,NA,0.744,3.01,3.4,129.41,0.0,76.24,0.0
Human Dominant_31,R4,2026-09-03T08:17:50.484821Z,behavior_monitor,10,1113,284,1053,447,573,565,174.03,608.86,494.1,system,NA,0.778,3.01,46.62,129.41,0.0,76.24,0.0
Human Dominant_31,R4,2026-09-03T08:17:50.995423Z,behavior_monitor,10,1189,331,1113,476,612,565,163.37,623.06,509.47,system,NA,0.792,3.01,16.74,136.95,47.03,76.24,0.0
Human Dominant_31,R4,2026-09-03T08:17:51.503691Z,behavior_monitor,10,1277,359,1157,531,646,566,209.65,664.51,512.16,system,NA,0.76,3.01,16.22,138.33,39.53,0.0,0.0
Human Dominant_31,R4,2026-09-03T08:17:52.014021Z,behavior_monitor,10,1347,407,1221,537,662,566,180.54,702.88,559.71,system,NA,0.796,3.01,48.81,135.26,-16.92,76.24,0.0
Human Dominant_31,R4,2026-09-03T08:17:54.037739Z,human_signal,10,1415,710,1324,699,816,669,91.35,599.86,508.65,human,your_turn,0.868,2.63,112.81,134.11,105.21,130.47,54.25
Human Dominant_31,R4,2026-09-03T08:17:54.039739Z,behavior_monitor,10,1415,710,1324,699,816,669,91.35,599.86,508.65,system,NA,0.868,2.63,112.81,134.11,105.21,130.47,54.25
Human Dominant_31,R4,2026-09-03T08:17:54.040167Z,human_signal,10,1414,712,1323,701,816,669,91.44,599.5,508.18,human,your_turn,0.868,2.63,112.81,134.11,105.21,130.47,54.25
Human Dominant_31,R4,2026-09-03T08:17:54.546863Z,behavior_monitor,10,1393,784,1315,765,866,739,80.52,528.79,449.37,system,NA,0.868,2.63,90.44,129.41,90.0,169.61,54.25
Human Dominant_31,R4,2026-09-03T08:17:55.056786Z,behavior_monitor,10,1429,850,1363,805,917,809,78.95,513.43,446.62,system,NA,0.867,2.63,17.66,132.23,57.73,169.61,54.25
Human Dominant_31,R4,2026-09-03T08:17:55.566627Z,behavior_monitor,10,1412,881,1371,871,967,877,42.77,444.71,403.13,system,NA,0.912,2.11,157.64,129.41,90.0,169.61,54.25
Human Dominant_31,R4,2026-09-03T08:17:56.076631Z,behavior_monitor,10,1350,891,1371,910,1018,886,27.36,331.98,352.91,system,NA,0.924,2.11,168.26,0.0,90.0,99.11,0.0
Human Dominant_31,R4,2026-09-03T08:17:56.161616Z,shot_miss,10,1339,893,1364,910,1027,889,29.52,312.32,337.48,human,NA,0.914,2.11,169.65,129.41,180.0,102.48,-0.71
Human Dominant_31,R4,2026-09-03T08:17:56.534101Z,shot_hit,10,1293,903,1315,910,1064,899,23.2,228.85,251.34,human,NA,0.908,2.11,162.67,137.5,180.0,105.3,0.0
Human Dominant_31,R4,2026-09-03T08:17:56.535140Z,flight_spawn,11,1158,-20,1315,910,1064,899,943.25,924.46,251.34,system,NA,0.495,2.83,45.0,137.5,180.0,105.3,0.0
Human Dominant_31,R4,2026-09-03T08:17:59.203634Z,human_signal,11,1245,372,1428,724,1230,654,396.07,282.55,209.5,human,your_turn,0.416,2.83,173.75,129.41,0.0,130.47,-125.75
Human Dominant_31,R4,2026-09-03T08:17:59.204549Z,behavior_monitor,11,1245,372,1428,724,1230,654,396.07,282.55,209.5,system,NA,0.416,2.83,173.75,129.41,0.0,130.47,-125.75
Human Dominant_31,R4,2026-09-03T08:17:59.205020Z,human_signal,11,1242,373,1430,724,1230,654,397.88,282.14,211.57,human,your_turn,0.415,2.83,156.68,129.41,0.0,130.47,-125.75
Human Dominant_31,R4,2026-09-03T08:17:59.713462Z,behavior_monitor,11,1212,443,1428,761,1194,584,385.19,142.77,293.21,system,NA,0.27,2.83,90.92,144.96,135.89,137.65,-90.0
Human Dominant_31,R4,2026-09-03T08:18:00.221653Z,behavior_monitor,11,1169,509,1366,794,1160,565,347.05,57.54,307.67,system,NA,0.142,2.83,147.82,138.17,159.49,99.11,180.0
Human Dominant_31,R4,2026-09-03T08:18:00.441996Z,shot_miss,11,1137,530,1335,805,1137,565,338.7,35.8,310.66,agent,NA,0.096,2.83,147.82,134.19,164.67,99.11,180.0
Human Dominant_31,R4,2026-09-03T08:18:00.664069Z,shot_hit,11,1103,549,1306,805,1115,565,326.54,20.03,306.51,agent,NA,0.058,2.83,147.82,129.41,180.0,99.11,180.0
Human Dominant_31,R4,2026-09-03T08:18:00.665086Z,flight_spawn,12,599,-20,1306,805,1115,565,1087.1,780.85,306.51,system,NA,0.418,3.21,128.54,129.41,180.0,99.11,180.0
Human Dominant_31,R4,2026-09-03T08:18:02.501345Z,human_signal,12,534,264,1071,805,1009,566,762.03,562.93,246.21,human,your_turn,0.425,3.21,74.67,129.41,180.0,76.24,180.0
Human Dominant_31,R4,2026-09-03T08:18:02.502820Z,behavior_monitor,12,534,264,1071,805,1009,566,762.03,562.93,246.21,system,NA,0.425,3.21,74.67,129.41,180.0,50.31,162.5
Human Dominant_31,R4,2026-09-03T08:18:02.503258Z,human_signal,12,535,267,1069,805,1009,566,757.66,560.52,245.66,human,your_turn,0.425,3.21,74.67,129.41,180.0,50.31,162.5
Human Dominant_31,R4,2026-09-03T08:18:03.011373Z,behavior_monitor,12,558,356,1005,805,959,564,633.69,452.47,244.75,system,NA,0.417,3.21,72.62,129.41,180.0,99.11,180.0
Human Dominant_31,R4,2026-09-03T08:18:03.521241Z,behavior_monitor,12,638,411,939,805,908,564,495.59,310.71,242.32,system,NA,0.385,3.21,26.61,129.41,180.0,99.11,180.0
Human Dominant_31,R4,2026-09-03T08:18:04.031016Z,behavior_monitor,12,723,454,873,805,858,564,381.58,174.5,241.18,system,NA,0.314,3.21,26.61,129.41,180.0,97.71,176.93
Human Dominant_31,R4,2026-09-03T08:18:04.542670Z,behavior_monitor,12,789,521,807,805,808,564,284.51,46.97,240.73,system,NA,0.142,3.21,54.8,129.41,180.0,99.11,180.0
Human Dominant_31,R4,2026-09-03T08:18:04.745972Z,shot_hit,12,813,555,778,805,791,564,252.32,24.61,240.85,agent,NA,0.089,3.21,54.8,129.41,180.0,14.61,129.2
Human Dominant_31,R4,2026-09-03T08:18:04.747104Z,flight_spawn,13,777,-20,778,805,791,564,825.16,584.77,240.85,system,NA,0.415,2.96,47.42,129.41,180.0,14.61,129.2
Human Dominant_31,R4,2026-09-03T08:18:06.241891Z,human_signal,13,965,150,806,803,862,564,671.77,426.9,244.88,human,your_turn,0.389,2.96,76.3,129.41,0.0,66.62,-4.46
Human Dominant_31,R4,2026-09-03T08:18:06.243517Z,behavior_monitor,13,965,150,806,803,862,564,671.77,426.9,244.88,system,NA,0.389,2.96,76.3,129.41,0.0,76.24,0.0
Human Dominant_31,R4,2026-09-03T08:18:06.243846Z,human_signal,13,965,153,808,803,862,564,668.5,424.16,244.38,human,your_turn,0.388,2.96,76.3,129.41,0.0,76.24,0.0
Human Dominant_31,R4,2026-09-03T08:18:06.753627Z,behavior_monitor,13,981,236,872,803,912,565,576.81,335.41,241.49,system,NA,0.368,2.96,102.24,129.41,0.0,99.11,0.0
Human Dominant_31,R4,2026-09-03T08:18:07.266514Z,behavior_monitor,13,1009,315,907,750,963,565,446.51,253.57,193.62,system,NA,0.362,2.96,47.85,129.41,-90.0,99.11,0.0
Human Dominant_31,R4,2026-09-03T08:18:07.776177Z,behavior_monitor,13,1064,381,884,703,1013,565,368.82,190.77,188.94,system,NA,0.341,2.96,47.85,59.54,0.0,99.11,0.0
Human Dominant_31,R4,2026-09-03T08:18:08.287103Z,behavior_monitor,13,1105,454,949,722,1064,565,310.13,118.14,194.71,system,NA,0.276,2.96,97.21,135.13,16.73,99.11,0.0
Human Dominant_31,R4,2026-09-03T08:18:08.799627Z,behavior_monitor,13,1114,541,1012,749,1090,565,231.28,33.37,199.81,system,NA,0.126,2.96,76.45,129.41,0.0,0.0,0.0
Human Dominant_31,R4,2026-09-03T08:18:08.935551Z,shot_hit,13,1120,566,1032,748,1097,565,201.99,22.86,194.49,agent,NA,0.102,2.96,55.78,129.41,0.0,0.0,0.0
Human Dominant_31,R4,2026-09-03T08:18:08.936506Z,flight_spawn,14,997,-20,1032,748,1097,565,769.31,593.93,194.49,system,NA,0.436,2.83,45.0,129.41,0.0,0.0,0.0
Human Dominant_31,R4,2026-09-03T08:18:10.651272Z,human_signal,14,1131,211,1043,747,1108,565,543.28,355.04,192.97,human,your_turn,0.395,2.83,85.48,142.42,15.11,0.0,0.0
Human Dominant_31,R4,2026-09-03T08:18:10.652354Z,behavior_monitor,14,1131,211,1043,747,1108,565,543.28,355.04,192.97,system,NA,0.395,2.83,85.48,134.04,15.11,0.0,0.0
Human Dominant_31,R4,2026-09-03T08:18:10.652831Z,human_signal,14,1132,214,1045,748,1108,565,540.81,352.26,192.8,human,your_turn,0.394,2.83,85.48,134.04,15.11,0.0,0.0
Human Dominant_31,R4,2026-09-03T08:18:11.160685Z,behavior_monitor,14,1163,286,1106,733,1139,565,450.27,279.5,171.42,system,NA,0.383,2.83,59.09,141.15,-35.67,0.0,0.0
Human Dominant_31,R4,2026-09-03T08:18:11.669941Z,behavior_monitor,14,1172,368,1171,730,1153,565,362.19,197.7,166.48,system,NA,0.353,2.83,79.26,139.6,30.73,0.0,0.0
Human Dominant_31,R4,2026-09-03T08:18:12.181559Z,behavior_monitor,14,1166,450,1165,781,1149,565,331.7,116.14,217.29,system,NA,0.259,2.83,109.17,138.32,149.9,99.11,180.0
Human Dominant_31,R4,2026-09-03T08:18:12.692675Z,behavior_monitor,14,1134,525,1100,804,1119,565,281.48,42.58,240.5,system,NA,0.131,2.83,138.35,129.41,180.0,99.11,180.0
Human Dominant_31,R4,2026-09-03T08:18:12.743610Z,shot_miss,14,1126,533,1091,804,1112,565,274.06,34.98,240.67,agent,NA,0.113,2.83,138.35,129.41,180.0,99.11,180.0
Human Dominant_31,R4,2026-09-03T08:18:13.084229Z,shot_hit,14,1102,581,1047,804,1083,575,230.27,19.77,232.78,agent,NA,0.079,2.83,80.94,129.41,180.0,137.65,90.0
Human Dominant_31,R4,2026-09-03T08:18:13.085258Z,flight_spawn,15,695,-20,1047,804,1083,575,896.74,710.18,232.78,system,NA,0.442,2.85,45.46,129.41,180.0,137.65,90.0
Human Dominant_31,R4,2026-09-03T08:18:14.752764Z,human_signal,15,937,85,953,804,987,566,720.05,483.86,241.1,human,your_turn,0.402,2.85,17.26,129.41,0.0,58.56,174.15
Human Dominant_31,R4,2026-09-03T08:18:14.754851Z,behavior_monitor,15,937,85,953,804,987,566,720.05,483.86,241.1,system,NA,0.402,2.85,17.26,129.41,0.0,76.24,180.0
Human Dominant_31,R4,2026-09-03T08:18:14.755317Z,human_signal,15,940,85,955,804,987,566,719.18,482.71,240.79,human,your_turn,0.402,2.85,17.26,129.41,0.0,76.24,180.0
Human Dominant_31,R4,2026-09-03T08:18:15.262822Z,behavior_monitor,15,1018,107,1019,797,982,566,690.2,460.69,233.87,system,NA,0.4,2.85,6.38,139.35,-30.43,99.11,0.0
Human Dominant_31,R4,2026-09-03T08:18:15.773701Z,behavior_monitor,15,1101,128,1075,753,1032,566,625.17,443.56,191.22,system,NA,0.415,2.85,37.53,137.44,-26.46,99.11,0.0
Human Dominant_31,R4,2026-09-03T08:18:16.283319Z,behavior_monitor,15,1090,206,1141,748,1073,565,543.84,359.57,194.71,system,NA,0.398,2.85,108.66,129.41,0.0,0.0,0.0
Human Dominant_31,R4,2026-09-03T08:18:16.792741Z,behavior_monitor,15,1088,283,1207,752,1063,565,483.4,283.16,235.93,system,NA,0.369,2.85,51.52,122.22,0.0,93.6,0.0
Human Dominant_31,R4,2026-09-03T08:18:17.304246Z,behavior_monitor,15,1141,350,1270,722,1113,565,393.43,216.77,221.41,system,NA,0.355,2.85,51.52,129.41,0.0,99.11,0.0
Human Dominant_31,R4,2026-09-03T08:18:17.813308Z,behavior_monitor,15,1178,424,1306,750,1154,565,350.05,142.82,239.4,system,NA,0.29,2.85,52.59,145.04,136.66,0.0,0.0
Human Dominant_31,R4,2026-09-03T08:18:18.322787Z,behavior_monitor,15,1216,500,1244,784,1193,565,285.37,68.79,224.95,system,NA,0.194,2.85,46.71,137.48,160.27,99.11,0.0
Human Dominant_31,R4,2026-09-03T08:18:18.595680Z,shot_miss,15,1250,535,1207,787,1222,564,255.49,40.07,223.25,agent,NA,0.136,2.85,46.71,133.71,-165.44,125.36,-12.41
Human Dominant_31,R4,2026-09-03T08:18:18.834453Z,behavior_monitor,15,1261,569,1180,774,1239,564,221.26,22.87,218.24,system,NA,0.094,2.85,66.63,138.03,-148.21,99.11,0.0
Human Dominant_31,R4,2026-09-03T08:18:18.918925Z,shot_hit,15,1268,584,1169,767,1246,578,207.23,23.29,203.12,agent,NA,0.101,2.85,66.63,134.02,-143.94,169.61,54.25
Human Dominant_31,R4,2026-09-03T08:18:18.919557Z,flight_spawn,16,678,-20,1169,767,1246,578,927.64,824.96,203.12,system,NA,0.471,2.87,134.17,134.02,-143.94,169.61,54.25
Human Dominant_31,R4,2026-09-03T08:18:26.057030Z,flight_missed,16,183,952,508,680,730,901,423.64,549.6,312.89,system,NA,0.565,2.87,37.21,136.44,-122.64,142.85,137.51
Human Dominant_31,R4,2026-09-03T08:18:26.058599Z,flight_spawn,17,425,-20,508,680,730,901,705.63,970.37,312.89,system,NA,0.579,2.83,135.0,136.44,-122.64,142.85,137.51
Human Dominant_31,R4,2026-09-03T08:18:27.384776Z,human_signal,17,229,60,377,568,664,809,529.85,865.92,373.99,human,i_can,0.62,2.83,159.6,134.15,-164.73,130.47,-125.75
Human Dominant_31,R4,2026-09-03T08:18:27.400802Z,behavior_monitor,17,229,60,377,568,663,807,529.85,864.27,372.38,system,NA,0.62,2.83,159.6,134.1,-164.81,97.85,-125.75
Human Dominant_31,R4,2026-09-03T08:18:27.912817Z,behavior_monitor,17,187,133,311,553,633,768,437.98,775.41,386.69,system,NA,0.639,2.83,108.43,129.41,180.0,97.85,-125.75
Human Dominant_31,R4,2026-09-03T08:18:28.422553Z,behavior_monitor,17,127,188,245,558,619,749,387.96,746.0,419.88,system,NA,0.658,2.83,156.14,137.05,155.77,0.0,-125.75
Human Dominant_31,R4,2026-09-03T08:18:28.932380Z,behavior_monitor,17,52,226,205,598,608,732,403.23,752.54,424.55,system,NA,0.651,2.83,146.61,0.0,90.0,130.47,-125.75
Human Dominant_31,R4,2026-09-03T08:18:29.442664Z,behavior_monitor,17,42,262,205,547,569,679,327.94,671.04,386.8,system,NA,0.672,2.04,44.15,129.41,-90.0,130.47,-125.75
Human Dominant_31,R4,2026-09-03T08:18:29.951725Z,behavior_monitor,17,97,288,205,481,530,624,221.38,548.53,355.26,system,NA,0.712,2.04,18.57,129.41,-90.0,130.47,-125.75
Human Dominant_31,R4,2026-09-03T08:18:30.464188Z,behavior_monitor,17,152,308,244,431,491,570,154.01,429.46,283.78,system,NA,0.736,2.04,18.57,139.61,-30.93,130.47,-125.75
Human Dominant_31,R4,2026-09-03T08:18:30.975644Z,behavior_monitor,17,212,321,261,376,452,566,72.53,342.0,269.58,system,NA,0.825,2.04,38.17,136.73,-108.83,76.24,180.0
Human Dominant_31,R4,2026-09-03T08:18:31.298000Z,shot_hit,17,246,336,244,334,427,566,2.21,292.7,294.74,human,NA,0.993,2.04,17.14,136.97,-117.74,76.24,180.0
Human Dominant_31,R4,2026-09-03T08:18:31.298814Z,flight_spawn,18,1214,-20,244,334,427,566,1032.78,981.2,294.74,system,NA,0.487,2.83,45.0,136.97,-117.74,76.24,180.0
Human Dominant_31,R4,2026-09-03T08:18:32.454273Z,human_signal,18,1344,111,278,382,482,566,1099.13,974.55,273.69,human,your_turn,0.47,2.83,67.76,137.96,47.16,76.24,0.0
Human Dominant_31,R4,2026-09-03T08:18:32.456146Z,behavior_monitor,18,1344,111,278,382,482,566,1099.13,974.55,273.69,system,NA,0.47,2.83,67.76,137.59,50.97,76.24,0.0
Human Dominant_31,R4,2026-09-03T08:18:32.456586Z,human_signal,18,1345,114,280,384,482,566,1099.4,974.99,271.39,human,your_turn,0.47,2.83,67.76,137.59,50.97,76.24,0.0
Human Dominant_31,R4,2026-09-03T08:18:32.963208Z,behavior_monitor,18,1373,190,270,444,532,566,1131.82,921.41,288.46,system,NA,0.449,2.83,67.76,114.01,110.45,99.11,0.0
Human Dominant_31,R4,2026-09-03T08:18:33.473122Z,behavior_monitor,18,1424,256,307,479,583,566,1138.47,895.91,288.87,system,NA,0.44,2.83,65.34,129.41,0.0,99.11,0.0
Human Dominant_31,R4,2026-09-03T08:18:33.984547Z,behavior_monitor,18,1442,337,373,479,634,566,1078.08,840.28,274.46,system,NA,0.438,2.83,85.36,129.41,0.0,99.11,0.0
Human Dominant_31,R4,2026-09-03T08:18:34.494141Z,behavior_monitor,18,1447,422,437,452,684,566,1009.73,776.29,272.01,system,NA,0.435,2.83,85.36,140.86,-28.76,99.11,0.0
Human Dominant_31,R4,2026-09-03T08:18:35.005447Z,behavior_monitor,18,1440,499,502,428,735,566,940.59,708.36,270.82,system,NA,0.43,2.58,86.59,129.41,0.0,99.11,0.0
Human Dominant_31,R4,2026-09-03T08:18:35.516969Z,behavior_monitor,18,1430,572,534,480,785,566,899.9,644.51,265.19,system,NA,0.417,2.58,140.26,129.41,90.0,99.11,0.0
Human Dominant_31,R4,2026-09-03T08:18:36.024120Z,behavior_monitor,18,1386,625,534,546,836,619,855.23,550.17,310.13,system,NA,0.391,2.58,100.61,129.41,90.0,169.61,54.25
Human Dominant_31,R4,2026-09-03T08:18:36.531631Z,behavior_monitor,18,1381,702,534,612,886,689,851.16,494.89,360.09,system,NA,0.368,2.58,97.96,129.41,90.0,169.61,54.25
Human Dominant_31,R4,2026-09-03T08:18:37.040580Z,behavior_monitor,18,1387,777,534,678,937,760,858.12,450.12,410.75,system,NA,0.344,2.58,75.4,129.41,90.0,169.61,54.25
Human Dominant_31,R4,2026-09-03T08:18:38.810187Z,flight_missed,18,1368,953,621,714,1116,910,784.22,256.07,531.83,system,NA,0.246,2.08,124.34,134.16,-74.71,99.11,0.0
Human Dominant_31,R4,2026-09-03T08:18:38.811116Z,flight_spawn,19,1413,-20,621,714,1116,910,1080.2,976.34,531.83,system,NA,0.475,2.83,135.0,134.16,-74.71,99.11,0.0
Human Dominant_31,R4,2026-09-03T08:18:41.532146Z,human_signal,19,1005,128,878,508,1092,673,400.86,551.98,269.99,human,i_can,0.579,2.83,152.25,140.99,-51.81,130.47,-125.75
Human Dominant_31,R4,2026-09-03T08:18:41.549445Z,behavior_monitor,19,1005,128,878,508,1091,671,400.86,550.5,268.4,system,NA,0.579,2.83,152.25,140.78,-54.08,97.85,-125.75
Human Dominant_31,R4,2026-09-03T08:18:42.059444Z,behavior_monitor,19,932,167,915,447,1062,631,279.62,481.63,235.71,system,NA,0.633,2.83,152.25,140.78,-61.01,97.85,-125.75
Human Dominant_31,R4,2026-09-03T08:18:42.567494Z,behavior_monitor,19,850,193,896,402,1049,612,213.81,463.15,259.35,system,NA,0.684,2.83,149.19,129.41,180.0,0.0,-87.77
Human Dominant_31,R4,2026-09-03T08:18:43.079097Z,behavior_monitor,19,782,241,834,435,1048,612,201.15,457.06,278.09,system,NA,0.694,2.83,137.8,141.09,143.68,0.0,139.73
Human Dominant_31,R4,2026-09-03T08:18:43.589563Z,behavior_monitor,19,705,269,776,478,1021,575,220.45,439.35,263.48,system,NA,0.666,2.83,135.22,141.15,143.39,130.47,-125.75
Human Dominant_31,R4,2026-09-03T08:18:44.100664Z,behavior_monitor,19,626,300,718,521,982,565,239.59,443.45,267.28,system,NA,0.649,2.83,169.22,141.15,143.39,69.81,161.54
Human Dominant_31,R4,2026-09-03T08:18:44.610610Z,behavior_monitor,19,552,334,656,556,943,565,245.32,454.23,286.46,system,NA,0.649,2.83,144.09,136.55,161.4,76.24,180.0
Human Dominant_31,R4,2026-09-03T08:18:45.119467Z,behavior_monitor,19,489,390,590,575,903,565,210.77,449.67,313.15,system,NA,0.681,2.83,120.82,134.48,164.22,76.24,180.0
Human Dominant_31,R4,2026-09-03T08:18:45.630763Z,behavior_monitor,19,457,467,524,598,865,565,146.66,419.11,341.77,system,NA,0.741,2.83,98.37,137.49,160.26,76.24,180.0
Human Dominant_31,R4,2026-09-03T08:18:46.141401Z,behavior_monitor,19,458,551,459,613,826,565,62.3,368.1,370.47,system,NA,0.855,2.83,91.4,135.68,-160.91,76.24,180.0
Human Dominant_31,R4,2026-09-03T08:18:46.343642Z,shot_miss,19,464,584,434,600,810,574,34.22,346.44,377.39,human,NA,0.91,2.83,70.67,146.94,-148.77,138.63,125.75
Human Dominant_31,R4,2026-09-03T08:18:47.006178Z,shot_miss,19,474,692,450,644,760,644,53.37,290.33,310.09,human,NA,0.845,2.83,92.62,129.41,90.0,130.47,125.75
Human Dominant_31,R4,2026-09-03T08:18:51.173000Z,flight_missed,19,69,952,231,755,441,910,254.81,373.96,260.5,system,NA,0.595,1.73,38.62,139.4,-30.52,76.24,180.0
Human Dominant_31,R4,2026-09-03T08:18:51.174664Z,flight_spawn,20,1334,-20,231,755,441,910,1348.35,1289.37,260.5,system,NA,0.489,2.83,135.0,139.4,-30.52,76.24,180.0
Human Dominant_31,R4,2026-09-03T08:18:52.496366Z,human_signal,20,1209,154,393,678,510,812,969.71,959.86,177.9,human,your_turn,0.497,2.83,110.14,142.76,-41.98,130.47,-54.25
Human Dominant_31,R4,2026-09-03T08:18:52.497080Z,behavior_monitor,20,1209,154,393,678,510,812,969.71,959.86,177.9,system,NA,0.497,2.83,110.14,142.76,-41.98,130.47,-54.25
Human Dominant_31,R4,2026-09-03T08:18:52.497462Z,human_signal,20,1208,157,395,677,510,812,964.91,957.2,177.96,human,your_turn,0.498,2.83,110.14,142.76,-41.98,130.47,-54.25
Human Dominant_31,R4,2026-09-03T08:18:53.006815Z,behavior_monitor,20,1208,236,446,629,561,742,857.0,821.58,161.07,system,NA,0.489,2.83,53.29,116.86,-58.46,160.19,-54.25
Human Dominant_31,R4,2026-09-03T08:18:53.517959Z,behavior_monitor,20,1256,304,397,609,612,672,911.26,741.92,223.7,system,NA,0.449,2.83,53.29,139.33,155.21,169.61,-54.25
Human Dominant_31,R4,2026-09-03T08:18:54.027633Z,behavior_monitor,20,1316,359,391,671,663,602,976.23,697.29,280.04,system,NA,0.417,2.83,107.2,135.98,67.75,169.61,-54.25
Human Dominant_31,R4,2026-09-03T08:18:54.538866Z,behavior_monitor,20,1295,440,438,720,714,565,902.45,594.99,316.95,system,NA,0.397,2.83,107.2,139.02,21.43,99.11,0.0
Human Dominant_31,R4,2026-09-03T08:18:55.049274Z,behavior_monitor,20,1318,521,504,728,764,565,840.71,556.1,307.16,system,NA,0.398,2.83,80.61,129.41,0.0,99.11,0.0
Human Dominant_31,R4,2026-09-03T08:18:55.561327Z,behavior_monitor,20,1321,604,570,728,815,594,761.81,506.05,279.91,system,NA,0.399,2.83,103.27,129.41,0.0,169.61,54.25
Human Dominant_31,R4,2026-09-03T08:18:56.071222Z,behavior_monitor,20,1303,684,636,726,866,664,669.03,437.87,238.46,system,NA,0.396,2.83,98.16,135.9,-17.78,169.61,54.25
Human Dominant_31,R4,2026-09-03T08:18:56.582324Z,behavior_monitor,20,1264,752,681,674,916,734,588.57,348.39,242.94,system,NA,0.372,2.83,132.77,135.17,-73.22,169.61,54.25
Human Dominant_31,R4,2026-09-03T08:18:57.091984Z,behavior_monitor,20,1207,816,728,624,967,804,515.98,240.46,299.18,system,NA,0.318,2.83,108.09,140.43,-30.29,169.61,54.25
Human Dominant_31,R4,2026-09-03T08:18:57.926978Z,flight_missed,20,1179,953,835,596,1051,910,495.54,135.11,380.42,system,NA,0.214,2.83,102.83,134.49,15.8,99.11,0.0
Human Dominant_31,R5,2026-09-03T08:20:11.606080Z,flight_spawn,1,872,-20,835,596,1051,910,618.05,947.1,380.42,system,NA,0.605,3.4,53.93,0.0,17.44,0.0,0.0
Human Dominant_31,R5,2026-09-03T08:20:18.094467Z,shot_miss,1,1197,572,1167,539,608,568,44.47,588.98,560.14,human,NA,0.93,3.4,65.5,139.75,28.64,76.24,0.0
Human Dominant_31,R5,2026-09-03T08:20:21.495550Z,flight_missed,1,1286,953,906,549,869,910,554.71,419.41,362.11,system,NA,0.431,2.44,135.68,129.41,180.0,76.24,0.0
Human Dominant_31,R5,2026-09-03T08:20:21.496222Z,flight_spawn,2,82,-20,906,549,869,910,1001.41,1218.25,362.11,system,NA,0.549,3.18,128.96,129.41,180.0,76.24,0.0
Human Dominant_31,R5,2026-09-03T08:20:23.927818Z,human_signal,2,142,401,594,558,727,712,478.42,661.95,203.21,human,your_turn,0.58,3.18,77.14,129.41,180.0,130.47,-125.75
Human Dominant_31,R5,2026-09-03T08:20:23.928946Z,behavior_monitor,2,142,401,594,558,727,712,478.42,661.95,203.21,system,NA,0.58,3.18,77.14,133.51,165.77,130.47,-125.75
Human Dominant_31,R5,2026-09-03T08:20:23.929402Z,human_signal,2,142,404,592,558,727,712,475.56,660.54,204.22,human,your_turn,0.581,3.18,77.14,133.51,165.77,130.47,-125.75
Human Dominant_31,R5,2026-09-03T08:20:24.437206Z,behavior_monitor,2,138,495,566,532,676,642,430.22,557.8,154.89,system,NA,0.565,3.18,97.26,137.67,-69.38,169.61,-125.75
Human Dominant_31,R5,2026-09-03T08:20:24.948001Z,behavior_monitor,2,125,590,601,472,625,583,490.17,500.36,113.93,system,NA,0.505,3.18,97.26,131.43,-42.04,160.19,125.75
Human Dominant_31,R5,2026-09-03T08:20:25.459188Z,behavior_monitor,2,91,677,663,443,575,654,617.62,484.19,228.03,system,NA,0.439,3.18,123.3,129.41,0.0,169.61,125.75
Human Dominant_31,R5,2026-09-03T08:20:25.969232Z,behavior_monitor,2,80,758,719,478,524,724,697.48,444.77,313.89,system,NA,0.389,3.18,15.88,135.49,57.68,169.61,125.75
Human Dominant_31,R5,2026-09-03T08:20:26.481921Z,behavior_monitor,2,153,819,685,532,474,794,604.68,321.71,336.64,system,NA,0.347,3.18,40.37,138.4,152.88,153.11,121.54
Human Dominant_31,R5,2026-09-03T08:20:26.995477Z,behavior_monitor,2,241,855,621,562,423,850,479.89,181.77,349.82,system,NA,0.275,3.18,15.38,138.41,155.7,99.11,180.0
Human Dominant_31,R5,2026-09-03T08:20:27.505735Z,behavior_monitor,2,328,888,557,591,372,884,374.9,44.52,345.96,system,NA,0.106,3.18,35.74,138.36,155.86,192.18,120.55
Human Dominant_31,R5,2026-09-03T08:20:27.676336Z,shot_hit,2,357,905,533,602,354,900,351.38,6.06,348.21,agent,NA,0.017,3.18,6.66,138.61,155.91,99.11,180.0
Human Dominant_31,R5,2026-09-03T08:20:27.676564Z,flight_spawn,3,380,-20,533,602,354,900,640.8,920.77,348.21,system,NA,0.59,3.44,54.45,138.61,155.91,99.11,180.0
Human Dominant_31,R5,2026-09-03T08:20:29.021984Z,human_signal,3,410,227,478,538,401,789,318.08,561.74,262.45,human,i_can,0.638,3.44,127.47,140.43,-39.4,130.47,-125.75
Human Dominant_31,R5,2026-09-03T08:20:29.038276Z,behavior_monitor,3,410,227,478,538,400,787,318.08,560.41,261.45,system,NA,0.638,3.44,127.47,140.54,-39.12,97.85,-125.75
Human Dominant_31,R5,2026-09-03T08:20:29.550540Z,behavior_monitor,3,335,288,489,480,371,747,245.82,460.7,292.67,system,NA,0.652,3.44,157.25,142.79,-143.22,97.85,-125.75
Human Dominant_31,R5,2026-09-03T08:20:30.060524Z,behavior_monitor,3,296,374,424,471,358,730,160.6,361.34,266.64,system,NA,0.692,3.44,83.25,129.41,180.0,0.0,-125.75
Human Dominant_31,R5,2026-09-03T08:20:30.569267Z,behavior_monitor,3,330,465,358,471,345,712,28.74,247.23,241.0,system,NA,0.896,3.44,30.09,129.41,180.0,130.47,-125.75
Human Dominant_31,R5,2026-09-03T08:20:30.705900Z,shot_hit,3,355,479,340,474,336,698,15.51,219.33,223.95,human,NA,0.934,3.44,30.09,134.35,164.41,130.47,-125.75
Human Dominant_31,R5,2026-09-03T08:20:30.708304Z,flight_spawn,4,1126,-20,340,474,336,698,928.1,1067.32,223.95,system,NA,0.535,3.51,124.68,134.35,164.41,130.47,-125.75
Human Dominant_31,R5,2026-09-03T08:20:31.983472Z,human_signal,4,952,176,359,456,413,591,656.09,679.94,144.82,human,your_turn,0.509,3.51,129.94,136.33,-149.36,130.47,-54.25
Human Dominant_31,R5,2026-09-03T08:20:31.984514Z,behavior_monitor,4,952,176,359,456,413,591,656.09,679.94,144.82,system,NA,0.509,3.51,129.94,134.79,-163.76,130.47,-54.25
Human Dominant_31,R5,2026-09-03T08:20:31.984956Z,human_signal,4,950,179,357,456,413,591,654.46,676.33,146.17,human,your_turn,0.508,3.51,129.94,134.79,-163.76,130.47,-54.25
Human Dominant_31,R5,2026-09-03T08:20:32.495014Z,behavior_monitor,4,886,257,297,470,464,565,626.35,522.35,191.93,system,NA,0.455,3.51,129.94,124.31,124.73,99.11,0.0
Human Dominant_31,R5,2026-09-03T08:20:33.005299Z,behavior_monitor,4,796,311,281,536,515,565,562.74,379.45,235.88,system,NA,0.403,3.51,154.75,129.41,90.0,99.11,0.0
Human Dominant_31,R5,2026-09-03T08:20:33.515978Z,behavior_monitor,4,698,348,318,593,565,565,452.48,254.46,248.81,system,NA,0.36,3.51,175.75,139.28,41.23,99.11,0.0
Human Dominant_31,R5,2026-09-03T08:20:34.025423Z,behavior_monitor,4,596,374,374,580,591,566,303.06,192.61,217.66,system,NA,0.389,3.51,155.26,138.9,-68.7,99.11,180.0
Human Dominant_31,R5,2026-09-03T08:20:34.534413Z,behavior_monitor,4,530,454,330,545,541,566,220.41,112.67,211.99,system,NA,0.338,3.51,104.82,129.41,180.0,99.11,180.0
Human Dominant_31,R5,2026-09-03T08:20:35.045341Z,behavior_monitor,4,480,542,279,592,490,566,207.39,26.69,213.27,system,NA,0.114,3.51,161.25,137.96,125.01,99.11,180.0
Human Dominant_31,R5,2026-09-03T08:20:35.079415Z,shot_hit,4,469,545,275,598,485,566,201.76,26.47,213.04,agent,NA,0.116,3.51,161.25,137.9,124.98,99.11,180.0
Human Dominant_31,R5,2026-09-03T08:20:35.080341Z,flight_spawn,5,96,-20,275,598,485,566,643.16,703.75,213.04,system,NA,0.522,3.29,52.57,137.9,124.98,99.11,180.0
Human Dominant_31,R5,2026-09-03T08:20:36.197850Z,human_signal,5,191,152,181,554,421,566,402.2,473.5,240.21,human,i_can,0.541,3.29,55.91,132.36,-118.85,76.24,180.0
Human Dominant_31,R5,2026-09-03T08:20:36.214350Z,behavior_monitor,5,191,152,181,554,420,566,402.2,473.03,239.24,system,NA,0.54,3.29,55.91,133.72,-115.91,57.18,180.0
Human Dominant_31,R5,2026-09-03T08:20:36.723240Z,behavior_monitor,5,251,228,199,491,391,566,268.09,365.33,205.79,system,NA,0.577,3.29,34.98,139.14,-44.59,57.18,180.0
Human Dominant_31,R5,2026-09-03T08:20:37.231490Z,behavior_monitor,5,339,255,254,447,377,566,209.96,313.26,170.51,system,NA,0.599,3.29,12.86,137.54,-28.62,0.0,178.77
Human Dominant_31,R5,2026-09-03T08:20:37.743102Z,behavior_monitor,5,433,277,320,442,377,566,200.12,294.48,136.23,system,NA,0.595,3.29,12.86,129.41,0.0,0.0,178.77
Human Dominant_31,R5,2026-09-03T08:20:38.254785Z,behavior_monitor,5,527,299,386,442,409,566,200.82,292.12,126.08,system,NA,0.593,3.29,3.14,129.41,0.0,76.24,0.0
Human Dominant_31,R5,2026-09-03T08:20:38.765357Z,behavior_monitor,5,627,304,451,425,448,566,213.52,317.3,140.5,system,NA,0.598,3.29,3.14,140.56,-28.64,76.24,0.0
Human Dominant_31,R5,2026-09-03T08:20:39.278579Z,behavior_monitor,5,723,309,515,397,487,565,225.24,347.97,170.66,system,NA,0.607,3.29,3.14,129.41,0.0,76.24,0.0
Human Dominant_31,R5,2026-09-03T08:20:39.788644Z,behavior_monitor,5,812,347,509,397,526,565,306.92,359.94,169.21,system,NA,0.54,3.29,25.39,129.41,180.0,76.24,0.0
Human Dominant_31,R5,2026-09-03T08:20:39.926698Z,human_signal,5,837,358,491,397,536,565,347.53,365.12,174.21,human,your_turn,0.512,3.29,25.39,129.41,180.0,76.24,0.0
Human Dominant_31,R5,2026-09-03T08:20:39.927850Z,human_signal,5,840,360,489,398,536,565,352.88,367.03,174.16,human,your_turn,0.51,3.29,25.39,129.41,180.0,76.24,0.0
Human Dominant_31,R5,2026-09-03T08:20:40.300832Z,behavior_monitor,5,907,375,449,424,573,566,461.11,385.18,188.14,system,NA,0.455,3.29,2.04,136.19,125.25,99.11,0.0
Human Dominant_31,R5,2026-09-03T08:20:40.809913Z,behavior_monitor,5,1002,378,446,489,624,566,567.46,422.08,193.83,system,NA,0.427,3.29,2.04,134.36,74.39,99.11,0.0
Human Dominant_31,R5,2026-09-03T08:20:41.320254Z,behavior_monitor,5,1101,383,456,555,675,565,666.93,463.14,218.69,system,NA,0.41,3.29,23.96,129.41,90.0,99.11,0.0
Human Dominant_31,R5,2026-09-03T08:20:41.829344Z,behavior_monitor,5,1198,398,472,618,724,564,758.62,502.14,257.9,system,NA,0.398,3.29,3.32,138.72,41.58,76.92,-8.95
Human Dominant_31,R5,2026-09-03T08:20:42.340024Z,behavior_monitor,5,1255,471,505,638,776,564,768.66,488.36,280.84,system,NA,0.389,3.29,59.27,0.0,0.0,99.11,0.0
Human Dominant_31,R5,2026-09-03T08:20:42.850038Z,behavior_monitor,5,1293,560,553,682,826,564,750.83,467.15,298.23,system,NA,0.384,3.29,65.18,137.91,30.32,99.11,0.0
Human Dominant_31,R5,2026-09-03T08:20:43.360876Z,behavior_monitor,5,1315,651,617,706,877,627,700.21,439.4,271.16,system,NA,0.386,3.29,63.36,133.47,14.17,169.61,54.25
Human Dominant_31,R5,2026-09-03T08:20:43.872005Z,behavior_monitor,5,1359,739,683,707,927,697,676.26,433.68,244.14,system,NA,0.391,3.29,63.36,129.41,0.0,169.61,54.25
Human Dominant_31,R5,2026-09-03T08:20:44.382342Z,behavior_monitor,5,1438,804,749,702,977,767,696.59,462.37,237.32,system,NA,0.399,3.29,35.98,138.63,-21.01,169.61,54.25
Human Dominant_31,R5,2026-09-03T08:20:44.892906Z,behavior_monitor,5,1410,863,801,662,1028,837,641.56,383.01,287.0,system,NA,0.374,2.51,108.58,129.41,-90.0,169.61,54.25
Human Dominant_31,R5,2026-09-03T08:20:45.524890Z,flight_missed,5,1383,954,780,580,1091,910,709.61,295.07,453.52,system,NA,0.294,2.51,108.58,136.87,-122.64,99.11,0.0
Human Dominant_31,R5,2026-09-03T08:20:45.526120Z,flight_spawn,6,429,-20,780,580,1091,910,695.61,1142.1,453.52,system,NA,0.621,3.18,129.02,136.87,-122.64,99.11,0.0
Human Dominant_31,R5,2026-09-03T08:20:46.578495Z,human_signal,6,509,118,700,542,1034,828,465.67,883.13,438.98,human,i_can,0.655,3.18,29.67,136.74,-161.15,130.47,-125.75
Human Dominant_31,R5,2026-09-03T08:20:46.595144Z,behavior_monitor,6,509,118,700,542,1033,827,465.67,881.46,437.36,system,NA,0.654,3.18,29.67,137.37,-159.39,97.85,-125.75
Human Dominant_31,R5,2026-09-03T08:20:47.107033Z,behavior_monitor,6,588,167,660,526,1004,787,366.29,746.07,431.45,system,NA,0.671,3.18,55.51,0.0,180.0,97.85,-125.75
Human Dominant_31,R5,2026-09-03T08:20:47.617936Z,behavior_monitor,6,613,257,660,479,990,768,226.8,635.43,439.53,system,NA,0.737,3.18,80.72,129.41,-90.0,0.0,-125.75
Human Dominant_31,R5,2026-09-03T08:20:48.126456Z,behavior_monitor,6,589,347,643,415,988,765,86.49,577.58,491.51,system,NA,0.87,3.18,109.68,141.99,-135.09,130.47,-125.75
Human Dominant_31,R5,2026-09-03T08:20:48.550257Z,shot_hit,6,570,423,590,409,955,720,23.87,486.04,479.65,human,NA,0.953,3.18,84.27,144.86,150.16,130.47,-125.75
Human Dominant_31,R5,2026-09-03T08:20:48.551239Z,flight_spawn,7,1003,-20,590,409,955,720,596.03,741.87,479.65,system,NA,0.555,3.6,56.26,144.86,150.16,130.47,-125.75
Human Dominant_31,R5,2026-09-03T08:20:49.928057Z,human_signal,7,1283,44,493,566,969,700,946.27,726.92,494.8,human,your_turn,0.434,3.6,28.92,129.41,90.0,130.47,-54.25
Human Dominant_31,R5,2026-09-03T08:20:49.928718Z,behavior_monitor,7,1283,44,493,566,969,700,946.27,726.92,494.8,system,NA,0.434,3.6,28.92,129.41,90.0,130.47,-54.25
Human Dominant_31,R5,2026-09-03T08:20:49.929196Z,human_signal,7,1286,46,493,568,969,700,949.06,726.67,494.21,human,your_turn,0.434,3.6,28.92,129.41,90.0,130.47,-54.25
Human Dominant_31,R5,2026-09-03T08:20:50.436427Z,behavior_monitor,7,1350,126,507,630,1020,630,982.22,602.47,513.02,system,NA,0.38,3.6,51.86,141.21,51.98,169.61,-54.25
Human Dominant_31,R5,2026-09-03T08:20:50.944034Z,behavior_monitor,7,1304,216,565,667,1071,565,865.22,419.19,515.57,system,NA,0.326,3.6,147.34,134.79,16.24,99.11,0.0
Human Dominant_31,R5,2026-09-03T08:20:51.453265Z,behavior_monitor,7,1226,285,631,669,1121,565,707.92,298.68,501.0,system,NA,0.297,3.6,152.56,129.41,0.0,99.11,0.0
Human Dominant_31,R5,2026-09-03T08:20:51.963851Z,behavior_monitor,7,1129,326,696,655,1132,565,543.28,238.67,444.8,system,NA,0.305,3.6,173.54,139.45,-39.67,99.11,180.0
Human Dominant_31,R5,2026-09-03T08:20:52.473855Z,behavior_monitor,7,1037,379,701,597,1081,565,400.88,191.31,381.3,system,NA,0.323,3.6,117.97,138.66,-140.22,99.11,180.0
Human Dominant_31,R5,2026-09-03T08:20:52.984674Z,behavior_monitor,7,997,477,636,596,1030,564,380.21,93.28,395.31,system,NA,0.197,3.6,96.67,136.78,156.55,84.21,-161.95
Human Dominant_31,R5,2026-09-03T08:20:53.324832Z,shot_hit,7,992,552,597,626,994,564,402.16,12.17,402.36,agent,NA,0.029,3.6,96.67,141.25,135.45,99.11,180.0
Human Dominant_31,R5,2026-09-03T08:20:53.325979Z,flight_spawn,8,953,-20,597,626,994,564,737.94,586.16,402.36,system,NA,0.443,3.23,51.69,141.25,135.45,99.11,180.0
Human Dominant_31,R5,2026-09-03T08:20:54.378174Z,human_signal,8,1088,116,610,727,1033,564,774.84,451.43,453.01,human,your_turn,0.368,3.23,53.97,135.1,19.87,76.24,0.0
Human Dominant_31,R5,2026-09-03T08:20:54.379005Z,behavior_monitor,8,1088,116,610,727,1033,564,774.84,451.43,453.01,system,NA,0.368,3.23,53.97,135.1,19.87,76.24,0.0
Human Dominant_31,R5,2026-09-03T08:20:54.379443Z,human_signal,8,1089,119,612,727,1033,564,772.76,448.97,451.27,human,your_turn,0.367,3.23,53.97,135.1,19.87,76.24,0.0
Human Dominant_31,R5,2026-09-03T08:20:54.889819Z,behavior_monitor,8,1158,175,675,749,1084,565,750.05,396.31,448.37,system,NA,0.346,3.23,25.6,135.49,19.26,99.11,0.0
Human Dominant_31,R5,2026-09-03T08:20:55.399146Z,behavior_monitor,8,1242,218,737,735,1134,565,721.66,362.53,431.74,system,NA,0.334,3.23,47.81,140.5,-48.8,99.11,0.0
Human Dominant_31,R5,2026-09-03T08:20:55.909271Z,behavior_monitor,8,1250,311,756,670,1185,565,610.2,261.45,441.44,system,NA,0.3,3.23,97.33,138.04,-110.91,99.11,0.0
Human Dominant_31,R5,2026-09-03T08:20:56.421001Z,behavior_monitor,8,1193,384,710,620,1187,564,537.31,180.31,479.98,system,NA,0.251,3.23,121.0,135.57,-152.15,99.11,180.0
Human Dominant_31,R5,2026-09-03T08:20:56.930172Z,behavior_monitor,8,1165,475,645,597,1148,565,533.86,91.36,503.97,system,NA,0.146,3.23,99.09,129.41,180.0,81.91,174.61
Human Dominant_31,R5,2026-09-03T08:20:57.373301Z,shot_hit,8,1185,559,658,633,1161,565,531.48,24.12,507.52,agent,NA,0.043,3.23,73.65,138.35,34.63,99.11,0.0
Human Dominant_31,R5,2026-09-03T08:20:57.374261Z,flight_spawn,9,669,-20,658,633,1161,565,653.38,764.61,507.52,system,NA,0.539,3.0,131.75,138.35,34.63,99.11,0.0
Human Dominant_31,R5,2026-09-03T08:20:58.701921Z,human_signal,9,473,91,720,634,1094,565,596.07,780.72,380.55,human,i_can,0.567,3.0,146.85,128.74,-161.69,72.0,180.0
Human Dominant_31,R5,2026-09-03T08:20:58.718978Z,behavior_monitor,9,473,91,720,634,1093,565,596.07,779.95,379.6,system,NA,0.567,3.0,146.85,136.31,-161.69,57.18,180.0
Human Dominant_31,R5,2026-09-03T08:20:59.227996Z,behavior_monitor,9,394,125,654,614,1064,565,553.38,800.86,413.02,system,NA,0.591,3.0,174.09,129.41,180.0,57.18,180.0
Human Dominant_31,R5,2026-09-03T08:20:59.734652Z,behavior_monitor,9,304,140,588,614,1051,564,552.44,858.43,465.53,system,NA,0.608,3.0,170.89,129.41,180.0,0.0,-106.04
Human Dominant_31,R5,2026-09-03T08:21:00.243875Z,behavior_monitor,9,235,191,522,614,1051,563,510.94,896.65,531.33,system,NA,0.637,3.0,121.58,129.41,180.0,0.0,-84.92
Human Dominant_31,R5,2026-09-03T08:21:00.755204Z,behavior_monitor,9,168,247,456,614,1027,563,466.56,915.41,573.52,system,NA,0.662,3.0,150.1,129.41,180.0,76.24,180.0
Human Dominant_31,R5,2026-09-03T08:21:01.264652Z,behavior_monitor,9,96,292,390,614,989,563,436.7,933.76,601.03,system,NA,0.681,3.0,150.1,129.41,180.0,76.24,180.0
Human Dominant_31,R5,2026-09-03T08:21:01.775248Z,behavior_monitor,9,27,311,324,614,950,564,424.73,957.07,627.83,system,NA,0.693,1.83,12.38,129.41,180.0,76.24,180.0
Human Dominant_31,R5,2026-09-03T08:21:02.284933Z,behavior_monitor,9,74,330,258,614,911,564,338.26,868.85,654.87,system,NA,0.72,1.83,39.81,122.22,180.0,72.0,180.0
Human Dominant_31,R5,2026-09-03T08:21:02.797748Z,behavior_monitor,9,115,365,197,602,872,564,250.3,782.03,676.11,system,NA,0.758,1.83,39.81,113.58,-111.21,76.24,180.0
Human Dominant_31,R5,2026-09-03T08:21:03.308805Z,behavior_monitor,9,159,400,182,539,833,564,140.15,693.39,651.31,system,NA,0.832,1.83,39.81,136.04,-113.85,76.24,180.0
Human Dominant_31,R5,2026-09-03T08:21:03.939241Z,shot_hit,9,209,447,202,461,818,564,15.76,620.98,625.29,human,NA,0.975,1.83,21.65,132.07,-55.33,0.0,180.0
Human Dominant_31,R5,2026-09-03T08:21:03.940243Z,flight_spawn,10,1277,-20,202,461,818,564,1178.2,743.16,625.29,system,NA,0.387,3.27,52.27,132.07,-55.33,0.0,180.0
Human Dominant_31,R5,2026-09-03T08:21:04.908923Z,human_signal,10,1279,149,308,408,869,565,1004.48,584.23,582.21,human,your_turn,0.368,3.27,130.4,136.99,24.41,76.24,0.0
Human Dominant_31,R5,2026-09-03T08:21:04.909937Z,behavior_monitor,10,1279,149,308,408,869,565,1004.48,584.23,582.21,system,NA,0.368,3.27,130.4,136.99,24.41,76.24,0.0
Human Dominant_31,R5,2026-09-03T08:21:04.910371Z,human_signal,10,1277,151,310,409,869,565,1000.1,581.01,579.92,human,your_turn,0.367,3.27,130.4,136.99,24.41,76.24,0.0
Human Dominant_31,R5,2026-09-03T08:21:05.420964Z,behavior_monitor,10,1200,210,354,456,919,564,881.17,452.84,574.87,system,NA,0.339,3.27,153.73,129.41,90.0,99.11,0.0
Human Dominant_31,R5,2026-09-03T08:21:05.930503Z,behavior_monitor,10,1116,251,374,518,969,564,788.53,345.82,596.9,system,NA,0.305,3.27,151.47,139.15,41.48,85.72,-0.74
Human Dominant_31,R5,2026-09-03T08:21:06.441691Z,behavior_monitor,10,1025,275,437,542,1009,564,645.79,289.37,572.79,system,NA,0.309,3.27,179.11,129.41,0.0,99.11,180.0
Human Dominant_31,R5,2026-09-03T08:21:06.947063Z,behavior_monitor,10,937,298,503,544,959,564,498.79,267.12,456.31,system,NA,0.349,3.27,132.33,147.91,23.14,105.3,180.0
Human Dominant_31,R5,2026-09-03T08:21:07.454103Z,behavior_monitor,10,867,370,504,601,908,565,430.2,198.4,405.92,system,NA,0.316,3.27,132.33,141.48,136.69,99.11,180.0
Human Dominant_31,R5,2026-09-03T08:21:07.966805Z,behavior_monitor,10,777,393,446,640,858,565,412.89,189.71,418.75,system,NA,0.315,3.27,172.6,138.96,128.02,99.11,180.0
Human Dominant_31,R5,2026-09-03T08:21:08.476930Z,behavior_monitor,10,682,406,413,703,807,565,400.39,202.02,417.19,system,NA,0.335,3.27,172.6,139.91,131.58,99.11,180.0
Human Dominant_31,R5,2026-09-03T08:21:08.986729Z,behavior_monitor,10,597,462,370,757,756,565,371.86,189.38,430.97,system,NA,0.337,3.27,142.92,129.41,90.0,99.11,180.0
Human Dominant_31,R5,2026-09-03T08:21:09.497741Z,behavior_monitor,10,517,521,414,804,706,565,301.05,193.54,377.31,system,NA,0.391,3.27,142.92,135.57,21.06,99.11,180.0
Human Dominant_31,R5,2026-09-03T08:21:11.112485Z,shot_hit,10,360,732,344,754,546,689,27.23,190.95,211.92,human,NA,0.875,3.27,90.35,129.41,180.0,169.61,125.75
Human Dominant_31,R5,2026-09-03T08:21:11.113727Z,flight_spawn,11,923,-20,344,754,546,689,967.11,803.48,211.92,system,NA,0.454,3.24,51.92,129.41,180.0,169.61,125.75
Human Dominant_31,R5,2026-09-03T08:21:12.133431Z,human_signal,11,1064,105,317,673,600,613,938.56,688.19,289.22,human,your_turn,0.423,3.24,18.64,138.09,-54.69,130.47,-54.25
Human Dominant_31,R5,2026-09-03T08:21:12.136023Z,behavior_monitor,11,1064,105,317,673,600,613,938.56,688.19,289.22,system,NA,0.423,3.24,18.64,138.09,-54.69,130.47,-54.25
Human Dominant_31,R5,2026-09-03T08:21:12.136449Z,human_signal,11,1067,106,319,672,600,613,938.2,689.59,287.4,human,your_turn,0.424,3.24,18.64,138.09,-54.69,130.47,-54.25
Human Dominant_31,R5,2026-09-03T08:21:12.644382Z,behavior_monitor,11,1128,175,373,634,650,566,883.46,617.3,285.48,system,NA,0.411,3.24,47.4,129.41,0.0,99.11,0.0
Human Dominant_31,R5,2026-09-03T08:21:13.154905Z,behavior_monitor,11,1192,247,439,642,701,566,850.89,585.89,273.06,system,NA,0.408,3.24,47.4,138.37,27.71,99.11,0.0
Human Dominant_31,R5,2026-09-03T08:21:13.665659Z,behavior_monitor,11,1262,319,487,693,751,566,861.32,568.1,293.22,system,NA,0.397,3.24,49.1,138.62,46.25,99.11,0.0
Human Dominant_31,R5,2026-09-03T08:21:14.177622Z,behavior_monitor,11,1344,354,548,721,802,565,876.5,582.38,297.26,system,NA,0.399,3.24,2.95,129.41,0.0,99.11,0.0
Human Dominant_31,R5,2026-09-03T08:21:14.687535Z,behavior_monitor,11,1437,359,614,721,852,566,898.94,620.33,284.13,system,NA,0.408,3.24,2.95,129.41,0.0,99.11,0.0
Human Dominant_31,R5,2026-09-03T08:21:15.197546Z,behavior_monitor,11,1399,364,680,721,902,566,801.96,535.5,270.91,system,NA,0.4,1.95,175.09,129.41,0.0,99.11,0.0
Human Dominant_31,R5,2026-09-03T08:21:15.706748Z,behavior_monitor,11,1343,387,746,721,953,566,683.52,429.32,257.83,system,NA,0.386,1.95,152.25,129.41,0.0,99.11,0.0
Human Dominant_31,R5,2026-09-03T08:21:16.217888Z,behavior_monitor,11,1285,407,811,745,1004,566,582.17,323.45,262.73,system,NA,0.357,1.95,159.15,137.44,25.48,99.11,0.0
Human Dominant_31,R5,2026-09-03T08:21:16.727949Z,behavior_monitor,11,1236,444,874,775,1054,566,490.49,219.19,275.83,system,NA,0.309,1.95,132.33,129.81,25.66,93.6,0.0
Human Dominant_31,R5,2026-09-03T08:21:17.785498Z,shot_miss,11,1154,534,1008,833,1137,566,332.97,35.66,297.33,agent,NA,0.097,1.95,136.83,129.41,0.0,99.11,180.0
Human Dominant_31,R5,2026-09-03T08:21:18.023840Z,shot_hit,11,1133,550,1029,817,1117,565,285.85,21.45,266.41,agent,NA,0.07,1.95,159.12,133.54,-75.72,0.0,180.0
Human Dominant_31,R5,2026-09-03T08:21:18.024847Z,flight_spawn,12,1156,-20,1029,817,1117,565,846.87,587.22,266.41,system,NA,0.409,2.83,135.0,133.54,-75.72,0.0,180.0
Human Dominant_31,R5,2026-09-03T08:21:19.163327Z,human_signal,12,1062,138,966,709,1061,565,579.03,427.87,171.6,human,your_turn,0.425,2.83,130.28,129.41,180.0,47.83,170.81
Human Dominant_31,R5,2026-09-03T08:21:19.165051Z,behavior_monitor,12,1062,138,966,709,1061,565,579.03,427.87,171.6,system,NA,0.425,2.83,130.28,129.41,180.0,76.24,180.0
Human Dominant_31,R5,2026-09-03T08:21:19.165515Z,human_signal,12,1059,140,964,709,1061,565,576.85,425.71,172.82,human,your_turn,0.425,2.83,130.28,129.41,180.0,76.24,180.0
Human Dominant_31,R5,2026-09-03T08:21:19.673832Z,behavior_monitor,12,987,178,900,709,1011,565,537.9,387.92,181.03,system,NA,0.419,2.83,173.82,129.41,180.0,99.11,180.0
Human Dominant_31,R5,2026-09-03T08:21:20.182313Z,behavior_monitor,12,899,187,835,727,960,565,543.87,382.92,204.37,system,NA,0.413,2.83,173.82,138.88,158.72,99.11,180.0
Human Dominant_31,R5,2026-09-03T08:21:20.692995Z,behavior_monitor,12,820,216,769,736,910,565,522.1,359.73,221.16,system,NA,0.408,2.83,146.66,129.41,180.0,99.11,180.0
Human Dominant_31,R5,2026-09-03T08:21:21.203644Z,behavior_monitor,12,745,251,703,736,859,565,486.57,333.9,231.27,system,NA,0.407,2.83,150.42,129.41,180.0,99.11,180.0
Human Dominant_31,R5,2026-09-03T08:21:21.714628Z,behavior_monitor,12,687,313,637,736,808,565,425.31,279.37,241.94,system,NA,0.396,2.83,126.07,129.41,180.0,99.11,180.0
Human Dominant_31,R5,2026-09-03T08:21:22.224451Z,behavior_monitor,12,627,367,571,736,758,565,373.04,237.22,252.63,system,NA,0.389,2.83,179.09,129.41,180.0,99.11,180.0
Human Dominant_31,R5,2026-09-03T08:21:22.735843Z,behavior_monitor,12,545,383,505,736,707,564,354.72,242.42,264.59,system,NA,0.406,2.83,145.63,122.22,180.0,93.6,180.0
Human Dominant_31,R5,2026-09-03T08:21:23.245804Z,behavior_monitor,12,465,405,439,736,656,564,331.72,249.13,276.54,system,NA,0.429,2.83,169.7,129.41,180.0,99.11,180.0
Human Dominant_31,R5,2026-09-03T08:21:23.756537Z,behavior_monitor,12,385,427,376,716,606,564,289.93,259.91,275.43,system,NA,0.473,2.83,157.48,138.08,-146.71,99.11,180.0
Human Dominant_31,R5,2026-09-03T08:21:28.094126Z,shot_hit,12,183,745,20,589,175,739,225.84,10.42,215.55,agent,NA,0.044,2.28,28.16,0.0,180.0,126.39,175.84
Human Dominant_31,R5,2026-09-03T08:21:28.096411Z,flight_spawn,13,275,-20,20,589,175,739,661.29,765.88,215.55,system,NA,0.537,3.0,131.77,0.0,180.0,126.39,175.84
Human Dominant_31,R5,2026-09-03T08:21:30.168595Z,human_signal,13,389,292,112,459,309,566,323.96,285.32,224.41,human,your_turn,0.468,3.0,59.0,94.65,159.24,76.24,0.0
Human Dominant_31,R5,2026-09-03T08:21:30.169423Z,behavior_monitor,13,389,292,112,459,309,566,323.96,285.32,224.41,system,NA,0.468,3.0,59.0,94.65,159.24,95.19,7.08
Human Dominant_31,R5,2026-09-03T08:21:30.169798Z,human_signal,13,391,294,111,461,309,566,325.9,283.44,224.59,human,your_turn,0.465,3.0,85.75,94.65,159.24,95.19,7.08
Human Dominant_31,R5,2026-09-03T08:21:30.673749Z,behavior_monitor,13,397,381,108,523,360,566,321.83,188.45,255.08,system,NA,0.369,3.0,135.56,137.5,90.0,105.3,0.0
Human Dominant_31,R5,2026-09-03T08:21:31.181941Z,behavior_monitor,13,322,411,104,589,327,566,281.83,154.68,223.79,system,NA,0.354,3.0,176.87,139.32,111.75,99.11,180.0
Human Dominant_31,R5,2026-09-03T08:21:31.693255Z,behavior_monitor,13,237,425,97,655,276,565,268.84,145.33,199.7,system,NA,0.351,3.0,154.57,134.52,74.15,99.11,180.0
Human Dominant_31,R5,2026-09-03T08:21:32.203523Z,behavior_monitor,13,146,436,116,721,225,565,286.37,151.31,189.89,system,NA,0.346,3.0,175.81,136.42,68.19,99.11,180.0
Human Dominant_31,R5,2026-09-03T08:21:32.713490Z,behavior_monitor,13,59,456,157,773,174,565,331.74,159.17,208.22,system,NA,0.324,3.0,161.82,133.47,104.17,99.11,180.0
Human Dominant_31,R5,2026-09-03T08:21:33.226102Z,behavior_monitor,13,44,484,101,803,123,565,324.0,113.3,238.91,system,NA,0.259,1.95,28.69,129.41,180.0,99.11,180.0
Human Dominant_31,R5,2026-09-03T08:21:33.736984Z,behavior_monitor,13,95,515,42,827,76,565,316.85,53.22,264.83,system,NA,0.144,1.95,30.06,143.55,128.96,0.0,180.0
Human Dominant_31,R5,2026-09-03T08:21:33.753104Z,shot_miss,13,99,517,39,831,76,565,319.93,52.99,269.02,agent,NA,0.142,1.95,30.06,143.25,128.69,0.0,180.0
Human Dominant_31,R5,2026-09-03T08:21:33.975331Z,shot_miss,13,120,531,32,836,97,565,317.07,40.98,278.66,agent,NA,0.114,1.95,50.3,0.0,180.0,99.11,0.0
Human Dominant_31,R5,2026-09-03T08:21:34.196860Z,shot_hit,13,134,551,59,836,110,565,294.86,27.62,275.89,agent,NA,0.086,1.95,50.3,129.41,0.0,99.11,0.0
Human Dominant_31,R5,2026-09-03T08:21:34.197833Z,flight_spawn,14,210,-20,59,836,110,565,869.67,593.82,275.89,system,NA,0.406,3.38,53.73,129.41,0.0,99.11,0.0
Human Dominant_31,R5,2026-09-03T08:21:35.672726Z,human_signal,14,349,222,248,821,200,565,606.76,373.44,260.3,human,your_turn,0.381,3.38,77.7,133.5,14.23,76.24,0.0
Human Dominant_31,R5,2026-09-03T08:21:35.674219Z,behavior_monitor,14,349,222,248,821,200,565,606.76,373.44,260.3,system,NA,0.381,3.38,77.7,141.85,14.23,107.74,-15.79
Human Dominant_31,R5,2026-09-03T08:21:35.674500Z,human_signal,14,350,226,250,821,200,565,603.79,370.67,261.26,human,your_turn,0.38,3.38,77.7,141.85,14.23,107.74,-15.79
Human Dominant_31,R5,2026-09-03T08:21:36.175566Z,behavior_monitor,14,361,322,314,828,251,565,508.89,266.92,271.13,system,NA,0.344,3.38,99.5,129.41,0.0,99.11,0.0
Human Dominant_31,R5,2026-09-03T08:21:36.682093Z,behavior_monitor,14,344,422,376,794,301,565,373.57,150.01,240.56,system,NA,0.287,3.38,99.5,140.78,-39.45,99.11,0.0
Human Dominant_31,R5,2026-09-03T08:21:37.191984Z,behavior_monitor,14,328,522,409,732,311,565,225.69,46.99,193.64,system,NA,0.172,3.38,99.5,138.34,-69.31,0.0,180.0
Human Dominant_31,R5,2026-09-03T08:21:37.341140Z,shot_hit,14,327,555,416,710,309,565,178.91,20.76,179.79,agent,NA,0.104,3.38,70.73,142.32,-75.05,0.0,180.0
Human Dominant_31,R5,2026-09-03T08:21:37.341643Z,flight_spawn,15,476,-20,416,710,309,565,733.39,609.21,179.79,system,NA,0.454,3.48,125.12,142.32,-75.05,0.0,180.0
Human Dominant_31,R5,2026-09-03T08:21:38.325914Z,human_signal,15,313,77,476,766,322,565,708.45,488.51,252.94,human,your_turn,0.408,3.48,178.17,147.56,111.28,81.0,180.0
Human Dominant_31,R5,2026-09-03T08:21:38.326438Z,behavior_monitor,15,313,77,476,766,322,565,708.45,488.51,252.94,system,NA,0.408,3.48,178.17,138.88,111.28,76.24,180.0
Human Dominant_31,R5,2026-09-03T08:21:38.326735Z,human_signal,15,309,77,475,768,322,565,711.12,488.48,254.17,human,your_turn,0.407,3.48,178.17,138.88,111.28,76.24,180.0
Human Dominant_31,R5,2026-09-03T08:21:38.833715Z,behavior_monitor,15,225,118,429,814,272,565,725.5,449.55,294.46,system,NA,0.383,3.48,146.5,133.91,165.1,99.11,180.0
Human Dominant_31,R5,2026-09-03T08:21:39.342146Z,behavior_monitor,15,137,168,363,814,221,565,685.32,406.22,286.97,system,NA,0.372,3.48,141.3,122.22,180.0,93.6,180.0
Human Dominant_31,R5,2026-09-03T08:21:39.853551Z,behavior_monitor,15,97,261,297,814,171,565,588.06,312.35,279.66,system,NA,0.347,3.48,95.36,129.41,180.0,99.11,180.0
Human Dominant_31,R5,2026-09-03T08:21:40.363241Z,behavior_monitor,15,83,365,231,814,120,565,472.97,203.15,273.03,system,NA,0.3,3.48,95.36,129.41,180.0,99.11,180.0
Human Dominant_31,R5,2026-09-03T08:21:40.876212Z,behavior_monitor,15,105,461,167,792,81,565,336.39,106.7,241.99,system,NA,0.241,3.48,53.16,138.3,-147.53,99.11,0.0
Human Dominant_31,R5,2026-09-03T08:21:41.387175Z,behavior_monitor,15,185,517,187,741,132,565,224.44,71.58,184.27,system,NA,0.242,3.48,0.33,137.99,-29.18,99.11,0.0
Human Dominant_31,R5,2026-09-03T08:21:41.899643Z,behavior_monitor,15,277,543,252,746,183,565,204.31,97.46,193.37,system,NA,0.323,3.48,50.6,137.89,32.06,99.11,0.0
Human Dominant_31,R5,2026-09-03T08:21:42.412105Z,behavior_monitor,15,344,624,315,766,233,612,145.47,111.64,174.56,system,NA,0.434,3.48,50.6,129.41,0.0,169.61,54.25
Human Dominant_31,R5,2026-09-03T08:21:42.921508Z,behavior_monitor,15,429,682,380,752,283,678,85.36,145.6,121.8,system,NA,0.63,3.48,22.98,140.68,-28.81,169.61,54.25
Human Dominant_31,R5,2026-09-03T08:21:44.606126Z,flight_missed,15,617,954,578,720,450,902,237.29,174.0,222.43,system,NA,0.423,3.48,47.38,129.41,0.0,169.61,54.25
Human Dominant_31,R5,2026-09-03T08:21:44.607264Z,flight_spawn,16,1250,-20,578,720,450,902,999.84,1220.82,222.43,system,NA,0.55,2.83,135.0,129.41,0.0,169.61,54.25
Human Dominant_31,R5,2026-09-03T08:21:46.983023Z,human_signal,16,1191,356,765,561,607,684,472.41,669.07,199.99,human,i_can,0.586,2.83,108.96,129.41,0.0,153.61,-59.14
Human Dominant_31,R5,2026-09-03T08:21:46.999254Z,behavior_monitor,16,1191,356,765,561,608,683,472.41,667.56,198.39,system,NA,0.586,2.83,108.96,129.41,0.0,97.85,-54.25
Human Dominant_31,R5,2026-09-03T08:21:47.510817Z,behavior_monitor,16,1123,400,830,572,637,642,340.03,542.46,204.58,system,NA,0.615,2.83,159.31,135.21,25.06,97.85,-54.25
Human Dominant_31,R5,2026-09-03T08:21:48.022258Z,behavior_monitor,16,1042,421,895,581,651,625,216.63,440.65,248.27,system,NA,0.67,2.83,175.14,129.41,0.0,0.0,-54.25
Human Dominant_31,R5,2026-09-03T08:21:48.532857Z,behavior_monitor,16,981,473,930,531,651,625,76.7,363.24,294.86,system,NA,0.826,2.83,152.76,144.73,-60.78,0.0,123.53
Human Dominant_31,R5,2026-09-03T08:21:48.786951Z,shot_hit,16,941,483,954,503,670,597,24.02,294.08,299.37,human,NA,0.924,2.83,173.1,144.45,-44.12,130.47,-54.25
Human Dominant_31,R5,2026-09-03T08:21:48.787491Z,flight_spawn,17,911,-20,954,503,670,597,525.41,663.13,299.37,system,NA,0.558,3.23,51.77,144.45,-44.12,130.47,-54.25
Human Dominant_31,R5,2026-09-03T08:21:49.740655Z,human_signal,17,993,135,912,459,723,566,334.43,508.61,216.83,human,i_can,0.603,3.23,25.38,129.41,0.0,98.69,-8.8
Human Dominant_31,R5,2026-09-03T08:21:49.756983Z,behavior_monitor,17,993,135,912,459,724,566,334.43,508.1,215.99,system,NA,0.603,3.23,25.38,129.41,0.0,57.18,0.0
Human Dominant_31,R5,2026-09-03T08:21:50.267473Z,behavior_monitor,17,1083,176,977,439,753,566,283.01,510.84,257.76,system,NA,0.643,3.23,25.38,129.41,0.0,57.18,0.0
Human Dominant_31,R5,2026-09-03T08:21:50.777962Z,behavior_monitor,17,1116,253,1037,466,767,566,227.56,469.17,288.02,system,NA,0.673,3.23,95.61,136.73,44.7,0.0,0.0
Human Dominant_31,R5,2026-09-03T08:21:51.291616Z,behavior_monitor,17,1110,348,1089,505,767,566,158.23,405.93,327.81,system,NA,0.72,3.23,125.02,129.41,0.0,26.21,-101.69
Human Dominant_31,R5,2026-09-03T08:21:51.801857Z,behavior_monitor,17,1122,440,1100,454,804,566,25.99,341.79,316.33,system,NA,0.929,3.23,71.95,137.77,-123.01,76.24,0.0
Human Dominant_31,R5,2026-09-03T08:21:51.818980Z,shot_hit,17,1123,443,1099,452,806,566,25.35,340.63,315.28,human,NA,0.931,3.23,71.95,137.77,-123.01,76.24,0.0
Human Dominant_31,R5,2026-09-03T08:21:51.819685Z,flight_spawn,18,809,-20,1099,452,806,566,554.41,586.84,315.28,system,NA,0.514,2.83,45.0,137.77,-123.01,76.24,0.0
Human Dominant_31,R5,2026-09-03T08:21:53.044168Z,human_signal,18,831,173,1065,443,812,565,356.47,392.1,280.7,human,your_turn,0.524,2.83,91.67,129.41,90.0,0.0,-90.0
Human Dominant_31,R5,2026-09-03T08:21:53.044750Z,behavior_monitor,18,831,173,1065,443,812,565,356.47,392.1,280.7,system,NA,0.524,2.83,91.67,129.41,90.0,0.0,-90.0
Human Dominant_31,R5,2026-09-03T08:21:53.045084Z,human_signal,18,832,176,1065,445,812,565,355.75,389.29,279.75,human,your_turn,0.523,2.83,91.67,129.41,90.0,0.0,-90.0
Human Dominant_31,R5,2026-09-03T08:21:53.554465Z,behavior_monitor,18,834,256,1082,507,810,565,352.64,309.55,278.34,system,NA,0.467,2.83,66.39,137.75,58.78,0.0,0.0
Human Dominant_31,R5,2026-09-03T08:21:54.064366Z,behavior_monitor,18,820,333,1080,573,805,565,353.65,232.83,275.32,system,NA,0.397,2.83,132.43,139.06,111.47,99.11,180.0
Human Dominant_31,R5,2026-09-03T08:21:54.575925Z,behavior_monitor,18,748,361,1035,630,755,565,393.98,203.71,288.34,system,NA,0.341,2.83,162.27,144.19,128.01,99.11,180.0
Human Dominant_31,R5,2026-09-03T08:21:55.084825Z,behavior_monitor,18,683,416,980,674,704,565,393.99,150.01,297.61,system,NA,0.276,2.83,157.06,139.7,157.87,99.11,180.0
Human Dominant_31,R5,2026-09-03T08:21:55.593296Z,behavior_monitor,18,622,474,914,698,653,565,368.14,96.04,293.21,system,NA,0.207,2.83,133.69,136.58,161.35,99.11,180.0
Human Dominant_31,R5,2026-09-03T08:21:56.104561Z,behavior_monitor,18,538,493,848,720,602,565,384.39,96.24,290.76,system,NA,0.2,2.83,156.62,136.52,161.42,99.11,180.0
Human Dominant_31,R5,2026-09-03T08:21:56.616477Z,behavior_monitor,18,475,549,782,743,552,565,362.83,77.98,291.17,system,NA,0.177,2.83,132.44,137.08,160.75,99.11,180.0
Human Dominant_31,R5,2026-09-03T08:21:57.126034Z,behavior_monitor,18,414,604,716,766,501,598,342.96,87.27,272.97,system,NA,0.203,2.83,135.14,138.03,159.65,99.11,180.0
Human Dominant_31,R5,2026-09-03T08:21:57.637038Z,behavior_monitor,18,377,680,650,787,451,668,293.27,74.43,232.28,system,NA,0.202,2.83,114.07,145.28,-151.2,169.61,125.75
Human Dominant_31,R5,2026-09-03T08:22:00.527736Z,flight_missed,18,28,952,427,659,163,910,494.55,141.57,363.53,system,NA,0.223,2.83,162.75,139.75,-37.15,91.46,180.0
Human Dominant_31,R5,2026-09-03T08:22:00.528904Z,flight_spawn,19,87,-20,427,659,163,910,759.91,933.15,363.53,system,NA,0.551,2.9,133.56,139.75,-37.15,91.46,180.0
Human Dominant_31,R5,2026-09-03T08:22:01.921994Z,human_signal,19,52,165,476,527,83,798,556.93,633.6,476.93,human,your_turn,0.532,2.29,82.35,129.41,-90.0,130.47,-125.75
Human Dominant_31,R5,2026-09-03T08:22:01.922979Z,behavior_monitor,19,52,165,476,527,83,798,556.93,633.6,476.93,system,NA,0.532,2.29,82.35,129.41,-90.0,130.47,-125.75
Human Dominant_31,R5,2026-09-03T08:22:01.923274Z,human_signal,19,52,168,476,525,83,798,553.88,631.33,478.18,human,your_turn,0.533,2.29,82.35,129.41,-90.0,130.47,-125.75
Human Dominant_31,R5,2026-09-03T08:22:02.434798Z,behavior_monitor,19,64,233,494,464,43,728,487.82,495.0,522.39,system,NA,0.504,2.29,82.35,140.36,-46.25,137.65,-90.0
Human Dominant_31,R5,2026-09-03T08:22:02.944509Z,behavior_monitor,19,86,297,553,469,63,657,497.72,361.51,525.44,system,NA,0.421,2.29,58.85,126.62,53.18,169.61,-54.25
Human Dominant_31,R5,2026-09-03T08:22:03.454412Z,behavior_monitor,19,143,328,521,497,111,587,414.3,261.5,420.1,system,NA,0.387,2.29,12.09,101.61,-90.0,169.61,-54.25
Human Dominant_31,R5,2026-09-03T08:22:03.963707Z,behavior_monitor,19,201,353,568,462,161,566,382.72,216.68,420.06,system,NA,0.361,2.29,38.04,141.93,26.25,99.11,0.0
Human Dominant_31,R5,2026-09-03T08:22:04.474072Z,behavior_monitor,19,252,396,628,472,212,566,383.75,175.03,426.68,system,NA,0.313,2.29,38.04,134.08,-35.46,93.6,0.0
Human Dominant_31,R5,2026-09-03T08:22:04.984038Z,behavior_monitor,19,305,438,686,429,262,566,381.55,134.92,445.51,system,NA,0.261,2.29,38.04,141.78,-36.6,99.11,0.0
Human Dominant_31,R5,2026-09-03T08:22:05.496623Z,behavior_monitor,19,360,480,749,409,313,566,395.46,98.09,463.89,system,NA,0.199,2.29,38.04,139.67,31.5,99.11,0.0
Human Dominant_31,R5,2026-09-03T08:22:06.006336Z,behavior_monitor,19,411,522,767,470,363,566,360.27,64.72,415.28,system,NA,0.152,2.29,38.04,129.41,90.0,99.11,0.0
Human Dominant_31,R5,2026-09-03T08:22:06.516042Z,behavior_monitor,19,471,550,775,536,414,566,304.54,59.59,362.77,system,NA,0.164,2.29,39.82,136.08,71.99,99.11,0.0
Human Dominant_31,R5,2026-09-03T08:22:08.030766Z,shot_miss,19,604,680,672,706,564,675,72.51,39.97,111.75,agent,NA,0.355,2.29,94.96,129.41,90.0,169.61,54.25
Human Dominant_31,R5,2026-09-03T08:22:08.337106Z,shot_hit,19,603,721,690,741,581,716,89.83,21.88,111.7,agent,NA,0.196,2.29,94.96,137.21,45.16,137.65,90.0
Human Dominant_31,R5,2026-09-03T08:22:08.337988Z,flight_spawn,20,861,-20,690,741,581,716,780.97,788.43,111.7,system,NA,0.502,3.4,126.08,137.21,45.16,137.65,90.0
Human Dominant_31,R5,2026-09-03T08:22:09.901610Z,human_signal,20,615,137,843,657,626,590,568.18,453.33,227.35,human,your_turn,0.444,3.4,146.67,143.13,-38.49,130.47,-125.75
Human Dominant_31,R5,2026-09-03T08:22:09.902731Z,behavior_monitor,20,615,137,843,657,626,590,568.18,453.33,227.35,system,NA,0.444,3.4,146.67,143.13,-38.49,130.47,-125.75
Human Dominant_31,R5,2026-09-03T08:22:09.903215Z,human_signal,20,612,139,845,656,626,590,567.25,451.56,228.73,human,your_turn,0.443,3.4,146.67,143.13,-38.49,130.47,-125.75
Human Dominant_31,R5,2026-09-03T08:22:10.412181Z,behavior_monitor,20,522,174,895,608,575,567,571.93,396.4,322.22,system,NA,0.409,3.4,160.36,138.55,-69.08,99.11,180.0
Human Dominant_31,R5,2026-09-03T08:22:10.924169Z,behavior_monitor,20,434,220,866,547,525,567,542.28,358.6,342.53,system,NA,0.398,3.4,139.54,139.78,-122.64,99.11,180.0
Human Dominant_31,R5,2026-09-03T08:22:11.435565Z,behavior_monitor,20,360,286,820,545,474,567,527.45,302.55,346.89,system,NA,0.365,3.4,142.93,141.83,114.16,99.11,180.0
Human Dominant_31,R5,2026-09-03T08:22:11.944263Z,behavior_monitor,20,301,368,773,595,424,565,524.29,231.99,351.02,system,NA,0.307,3.4,120.58,138.86,158.74,99.11,180.0
Human Dominant_31,R5,2026-09-03T08:22:12.457834Z,behavior_monitor,20,211,409,707,618,373,565,538.87,225.59,338.38,system,NA,0.295,3.4,159.85,136.56,161.38,99.11,180.0
Human Dominant_31,R5,2026-09-03T08:22:12.967045Z,behavior_monitor,20,152,479,641,640,323,565,515.57,191.86,327.18,system,NA,0.271,3.4,103.24,136.56,161.38,99.11,180.0
Human Dominant_31,R5,2026-09-03T08:22:13.475985Z,behavior_monitor,20,152,579,575,662,273,573,431.58,121.09,315.38,system,NA,0.219,3.4,103.34,135.82,162.34,169.61,125.75
Human Dominant_31,R5,2026-09-03T08:22:13.987317Z,behavior_monitor,20,143,679,509,683,222,643,365.79,86.06,289.94,system,NA,0.19,3.4,82.25,135.82,162.34,169.61,125.75
Human Dominant_31,R5,2026-09-03T08:22:14.497597Z,behavior_monitor,20,169,776,455,670,171,714,304.87,62.27,286.58,system,NA,0.17,3.4,83.14,129.41,-90.0,169.61,125.75
Human Dominant_31,R5,2026-09-03T08:22:15.705054Z,flight_missed,20,66,953,488,519,93,882,604.76,75.89,535.9,system,NA,0.111,3.4,135.39,140.26,-39.25,169.61,125.75
Human Dominant_31,R6,2026-09-03T08:22:21.734301Z,flight_spawn,1,355,-20,488,519,93,882,555.79,939.57,535.9,system,NA,0.628,2.83,45.0,0.0,-39.25,0.0,125.75
Human Dominant_31,R6,2026-09-03T08:22:26.703785Z,human_signal,1,418,215,981,687,416,642,735.02,426.61,566.77,human,your_turn,0.367,2.83,172.39,139.07,-150.13,130.47,-125.75
Human Dominant_31,R6,2026-09-03T08:22:26.704812Z,behavior_monitor,1,418,215,981,687,416,642,735.02,426.61,566.77,system,NA,0.367,2.83,172.39,139.23,-149.88,130.47,-125.75
Human Dominant_31,R6,2026-09-03T08:22:26.705207Z,human_signal,1,414,215,979,686,416,642,735.08,426.24,564.64,human,your_turn,0.367,2.83,172.39,139.23,-149.88,130.47,-125.75
Human Dominant_31,R6,2026-09-03T08:22:27.215015Z,behavior_monitor,1,345,255,921,648,365,571,698.17,317.08,561.99,system,NA,0.312,2.83,149.92,133.05,-145.0,177.35,-131.26
Human Dominant_31,R6,2026-09-03T08:22:27.725767Z,behavior_monitor,1,279,305,866,603,314,567,658.27,264.5,552.49,system,NA,0.287,2.83,120.68,140.75,-131.61,99.11,180.0
Human Dominant_31,R6,2026-09-03T08:22:28.238680Z,behavior_monitor,1,278,385,809,571,264,566,562.11,182.43,545.21,system,NA,0.245,2.83,69.51,129.41,180.0,99.11,180.0
Human Dominant_31,R6,2026-09-03T08:22:28.748208Z,behavior_monitor,1,300,465,743,571,279,565,455.59,102.2,464.26,system,NA,0.183,2.83,117.07,129.41,180.0,137.65,-90.0
Human Dominant_31,R6,2026-09-03T08:22:29.257927Z,behavior_monitor,1,303,545,677,571,281,565,374.5,29.81,395.93,system,NA,0.074,2.83,94.31,129.41,180.0,0.0,40.86
Human Dominant_31,R6,2026-09-03T08:22:29.309056Z,shot_hit,1,298,555,668,570,281,565,369.93,20.11,387.12,agent,NA,0.052,2.83,124.11,129.41,180.0,0.0,40.86
Human Dominant_31,R6,2026-09-03T08:22:29.309966Z,flight_spawn,2,296,-20,668,570,281,565,698.22,585.55,387.12,system,NA,0.456,3.37,53.61,129.41,180.0,0.0,40.86
Human Dominant_31,R6,2026-09-03T08:22:31.094130Z,human_signal,2,610,126,626,499,391,566,373.21,490.76,244.46,human,i_can,0.568,3.37,20.78,137.63,-24.71,76.24,0.0
Human Dominant_31,R6,2026-09-03T08:22:31.110655Z,behavior_monitor,2,610,126,626,499,392,566,373.21,490.33,243.53,system,NA,0.568,3.37,20.78,137.59,-23.46,57.18,0.0
Human Dominant_31,R6,2026-09-03T08:22:31.620665Z,behavior_monitor,2,711,148,692,482,421,565,334.35,507.53,282.77,system,NA,0.603,3.37,17.27,129.41,0.0,57.18,0.0
Human Dominant_31,R6,2026-09-03T08:22:32.130214Z,behavior_monitor,2,811,178,758,482,435,565,308.42,539.43,333.21,system,NA,0.636,3.37,17.27,129.41,0.0,0.0,0.0
Human Dominant_31,R6,2026-09-03T08:22:32.642999Z,behavior_monitor,2,909,209,824,496,435,565,299.89,593.33,395.05,system,NA,0.664,3.37,0.01,137.2,19.41,0.0,122.34
Human Dominant_31,R6,2026-09-03T08:22:33.156231Z,behavior_monitor,2,1013,209,883,534,462,566,350.73,656.38,421.48,system,NA,0.652,3.37,0.01,138.38,39.54,76.24,0.0
Human Dominant_31,R6,2026-09-03T08:22:33.665235Z,behavior_monitor,2,1109,227,937,579,501,566,391.92,695.6,436.19,system,NA,0.64,3.37,0.46,138.3,35.91,76.24,0.0
Human Dominant_31,R6,2026-09-03T08:22:34.177199Z,behavior_monitor,2,1190,263,1001,596,540,566,383.0,717.46,462.47,system,NA,0.652,3.37,23.89,129.41,0.0,76.24,0.0
Human Dominant_31,R6,2026-09-03T08:22:34.690100Z,behavior_monitor,2,1276,314,1067,596,579,566,350.92,741.76,489.58,system,NA,0.679,3.37,51.96,129.41,0.0,76.24,0.0
Human Dominant_31,R6,2026-09-03T08:22:35.201616Z,behavior_monitor,2,1324,397,1133,596,618,566,274.99,725.43,516.21,system,NA,0.725,3.37,75.24,129.41,0.0,76.24,0.0
Human Dominant_31,R6,2026-09-03T08:22:35.715853Z,behavior_monitor,2,1348,498,1201,609,658,566,184.1,693.41,544.47,system,NA,0.79,3.37,75.24,146.36,28.06,81.0,0.0
Human Dominant_31,R6,2026-09-03T08:22:38.648982Z,flight_missed,2,1401,953,1248,868,882,814,175.38,536.99,369.35,system,NA,0.754,2.66,107.69,147.16,-122.63,138.63,54.25
Human Dominant_31,R6,2026-09-03T08:22:38.651371Z,flight_spawn,3,1131,-20,1248,868,882,814,895.97,871.14,369.35,system,NA,0.493,3.19,51.12,147.16,-122.63,138.63,54.25
Human Dominant_31,R6,2026-09-03T08:22:40.246978Z,human_signal,3,1365,140,1207,671,963,703,553.4,691.7,246.58,human,i_can,0.556,3.19,15.65,138.33,-69.32,130.47,-54.25
Human Dominant_31,R6,2026-09-03T08:22:40.263723Z,behavior_monitor,3,1365,140,1207,671,964,701,553.4,689.54,245.05,system,NA,0.555,3.19,15.65,138.54,-69.08,127.23,-52.37
Human Dominant_31,R6,2026-09-03T08:22:40.775223Z,behavior_monitor,3,1449,171,1233,605,993,661,484.19,668.84,246.15,system,NA,0.58,3.19,58.15,131.19,-68.7,92.42,-54.25
Human Dominant_31,R6,2026-09-03T08:22:41.284104Z,behavior_monitor,3,1391,233,1263,539,999,653,332.59,574.59,287.05,system,NA,0.633,2.89,162.75,150.88,-61.87,0.0,-54.25
Human Dominant_31,R6,2026-09-03T08:22:41.793305Z,behavior_monitor,3,1326,283,1283,475,999,653,196.79,493.69,334.7,system,NA,0.715,2.89,115.24,129.41,-90.0,0.0,-174.55
Human Dominant_31,R6,2026-09-03T08:22:42.303317Z,behavior_monitor,3,1275,352,1283,409,1034,603,57.43,348.75,315.97,system,NA,0.859,2.89,141.28,129.41,-90.0,130.47,-54.25
Human Dominant_31,R6,2026-09-03T08:22:42.457263Z,shot_miss,3,1256,370,1278,389,1045,587,29.66,303.0,305.84,human,NA,0.911,2.89,116.96,137.83,-113.43,130.47,-54.25
Human Dominant_31,R6,2026-09-03T08:22:42.814470Z,behavior_monitor,3,1225,419,1242,355,1073,565,66.17,211.15,269.77,system,NA,0.761,2.89,144.63,136.51,-150.96,98.3,-3.23
Human Dominant_31,R6,2026-09-03T08:22:43.325874Z,behavior_monitor,3,1151,456,1207,347,1112,565,122.24,115.77,237.52,system,NA,0.486,2.89,162.04,0.0,180.0,76.24,0.0
Human Dominant_31,R6,2026-09-03T08:22:43.480061Z,human_signal,3,1125,461,1207,347,1113,566,140.26,104.95,237.57,human,your_turn,0.428,2.89,173.46,0.0,180.0,102.72,165.51
Human Dominant_31,R6,2026-09-03T08:22:43.480637Z,human_signal,3,1122,462,1207,347,1113,566,142.26,104.33,237.57,human,your_turn,0.423,2.89,145.84,0.0,180.0,76.24,180.0
Human Dominant_31,R6,2026-09-03T08:22:43.834711Z,behavior_monitor,3,1072,488,1201,347,1078,566,190.53,78.19,250.92,system,NA,0.291,2.89,160.34,137.5,180.0,105.3,180.0
Human Dominant_31,R6,2026-09-03T08:22:44.343847Z,behavior_monitor,3,993,517,1135,347,1027,566,221.12,59.66,244.04,system,NA,0.212,2.89,160.34,129.41,180.0,99.11,180.0
Human Dominant_31,R6,2026-09-03T08:22:44.598890Z,shot_miss,3,956,540,1100,347,1000,566,240.1,50.31,240.26,agent,NA,0.173,2.89,168.22,129.41,180.0,99.11,180.0
Human Dominant_31,R6,2026-09-03T08:22:44.851452Z,behavior_monitor,3,917,550,1069,347,976,566,253.35,61.23,237.33,system,NA,0.195,2.89,165.49,129.41,180.0,99.11,180.0
Human Dominant_31,R6,2026-09-03T08:22:45.361196Z,behavior_monitor,3,874,620,1003,347,926,610,301.59,52.32,274.34,system,NA,0.148,2.89,115.15,129.41,180.0,191.67,122.52
Human Dominant_31,R6,2026-09-03T08:22:45.497555Z,shot_miss,3,863,643,983,352,911,632,315.7,49.22,289.15,agent,NA,0.135,2.89,115.15,135.24,163.12,169.61,125.75
Human Dominant_31,R6,2026-09-03T08:22:45.787526Z,shot_miss,3,843,688,946,364,882,671,340.14,42.63,313.61,agent,NA,0.111,2.89,93.69,136.77,161.13,169.61,125.75
Human Dominant_31,R6,2026-09-03T08:22:45.872214Z,behavior_monitor,3,843,700,937,367,875,681,345.88,37.95,319.43,system,NA,0.099,2.89,93.69,136.77,161.13,169.61,125.75
Human Dominant_31,R6,2026-09-03T08:22:46.093333Z,shot_hit,3,848,739,906,378,852,713,364.98,25.63,339.36,agent,NA,0.066,2.89,65.18,138.41,159.23,169.61,125.75
Human Dominant_31,R6,2026-09-03T08:22:46.094342Z,flight_spawn,4,1228,-20,906,378,852,713,512.51,824.71,339.36,system,NA,0.617,3.35,53.3,138.41,159.23,169.61,125.75
Human Dominant_31,R6,2026-09-03T08:22:47.330941Z,human_signal,4,1251,194,864,406,927,608,441.63,525.39,211.56,human,your_turn,0.543,3.35,26.42,129.18,-138.96,130.47,-54.25
Human Dominant_31,R6,2026-09-03T08:22:47.331470Z,behavior_monitor,4,1251,194,864,406,927,608,441.63,525.39,211.56,system,NA,0.543,3.35,26.42,129.18,-138.96,130.47,-54.25
Human Dominant_31,R6,2026-09-03T08:22:47.331825Z,human_signal,4,1255,195,862,405,927,608,445.12,526.51,213.39,human,your_turn,0.542,3.35,26.42,129.18,-138.96,130.47,-54.25
Human Dominant_31,R6,2026-09-03T08:22:47.842830Z,behavior_monitor,4,1339,240,799,394,978,566,561.4,486.43,247.66,system,NA,0.464,3.35,53.81,134.09,164.82,99.11,0.0
Human Dominant_31,R6,2026-09-03T08:22:48.352910Z,behavior_monitor,4,1413,305,752,447,1029,566,675.66,464.17,301.36,system,NA,0.407,3.35,30.32,138.28,117.02,99.11,0.0
Human Dominant_31,R6,2026-09-03T08:22:48.862106Z,behavior_monitor,4,1411,321,756,512,1079,565,681.96,411.66,327.04,system,NA,0.376,2.04,169.58,139.03,65.78,99.11,0.0
Human Dominant_31,R6,2026-09-03T08:22:49.370579Z,behavior_monitor,4,1354,332,793,574,1129,565,610.85,323.23,336.75,system,NA,0.346,2.04,169.58,148.71,54.46,105.3,0.0
Human Dominant_31,R6,2026-09-03T08:22:49.883150Z,behavior_monitor,4,1302,358,841,626,1180,565,532.84,239.95,344.07,system,NA,0.31,2.04,133.31,133.37,42.17,93.6,0.0
Human Dominant_31,R6,2026-09-03T08:22:50.391656Z,behavior_monitor,4,1275,412,895,674,1230,565,462.1,159.26,352.85,system,NA,0.256,2.04,108.7,141.0,41.55,99.11,0.0
Human Dominant_31,R6,2026-09-03T08:22:50.901956Z,behavior_monitor,4,1254,465,951,718,1236,564,394.54,100.59,323.72,system,NA,0.203,2.04,93.85,138.63,29.71,0.0,180.0
Human Dominant_31,R6,2026-09-03T08:22:51.410127Z,behavior_monitor,4,1263,524,1015,743,1241,564,330.76,46.05,287.75,system,NA,0.122,2.04,94.09,137.74,22.3,99.11,0.0
Human Dominant_31,R6,2026-09-03T08:22:51.495689Z,shot_miss,4,1262,536,1028,749,1241,564,315.91,35.13,281.48,agent,NA,0.1,2.04,94.09,137.58,24.38,0.0,0.0
Human Dominant_31,R6,2026-09-03T08:22:51.852164Z,shot_hit,4,1249,575,1073,770,1232,572,262.41,17.4,254.34,agent,NA,0.062,2.04,119.18,137.65,25.41,169.61,125.75
Human Dominant_31,R6,2026-09-03T08:22:51.852756Z,flight_spawn,5,848,-20,1073,770,1232,572,821.39,705.49,254.34,system,NA,0.462,2.83,135.0,137.65,25.41,169.61,125.75
Human Dominant_31,R6,2026-09-03T08:22:54.379431Z,human_signal,5,831,358,874,755,1066,566,399.68,313.64,269.84,human,your_turn,0.44,2.83,87.13,129.41,180.0,76.24,180.0
Human Dominant_31,R6,2026-09-03T08:22:54.381363Z,behavior_monitor,5,831,358,874,755,1066,566,399.68,313.64,269.84,system,NA,0.44,2.83,87.13,129.41,180.0,76.24,180.0
Human Dominant_31,R6,2026-09-03T08:22:54.381819Z,human_signal,5,831,361,872,755,1066,566,396.68,312.08,271.41,human,your_turn,0.44,2.83,87.13,129.41,180.0,76.24,180.0
Human Dominant_31,R6,2026-09-03T08:22:54.889548Z,behavior_monitor,5,836,443,808,755,1016,566,313.87,218.08,280.72,system,NA,0.41,2.83,87.13,129.41,180.0,99.11,180.0
Human Dominant_31,R6,2026-09-03T08:22:55.399697Z,behavior_monitor,5,828,526,742,755,965,566,244.73,143.08,292.55,system,NA,0.369,2.83,91.17,129.41,180.0,99.11,180.0
Human Dominant_31,R6,2026-09-03T08:22:55.908817Z,behavior_monitor,5,819,609,748,807,914,599,210.79,95.77,266.34,system,NA,0.312,2.83,111.73,138.51,41.55,169.61,125.75
Human Dominant_31,R6,2026-09-03T08:22:56.418482Z,behavior_monitor,5,781,683,775,839,864,669,155.79,84.19,191.44,system,NA,0.351,2.83,143.29,129.41,180.0,169.61,125.75
Human Dominant_31,R6,2026-09-03T08:22:56.928124Z,behavior_monitor,5,715,734,709,839,813,729,104.27,97.87,150.75,system,NA,0.484,2.83,114.91,129.41,180.0,169.61,125.75
Human Dominant_31,R6,2026-09-03T08:22:57.439884Z,behavior_monitor,5,677,811,656,826,762,800,25.05,86.03,108.9,system,NA,0.774,2.83,114.91,54.46,-90.0,169.61,125.75
Human Dominant_31,R6,2026-09-03T08:22:57.541976Z,shot_hit,5,666,824,662,820,752,814,5.56,86.71,90.38,human,NA,0.94,2.83,143.07,89.29,-36.26,169.61,125.75
Human Dominant_31,R6,2026-09-03T08:22:57.542490Z,flight_spawn,6,633,-20,662,820,752,814,841.44,842.67,90.38,system,NA,0.5,2.85,134.66,89.29,-36.26,169.61,125.75
Human Dominant_31,R6,2026-09-03T08:22:57.610237Z,conflict,6,623,-9,673,817,752,814,828.6,834.14,79.19,system,NA,0.502,2.85,110.86,136.18,-18.15,0.0,125.75
Human Dominant_31,R6,2026-09-03T08:23:02.443448Z,human_signal,6,70,497,220,862,424,566,395.52,360.61,359.83,human,i_can,0.477,2.85,135.36,129.41,180.0,76.24,180.0
Human Dominant_31,R6,2026-09-03T08:23:02.460602Z,behavior_monitor,6,70,497,220,862,423,566,395.52,359.66,359.29,system,NA,0.476,2.85,135.36,129.41,180.0,57.18,180.0
Human Dominant_31,R6,2026-09-03T08:23:02.971796Z,behavior_monitor,6,25,556,154,862,393,566,332.13,368.83,381.02,system,NA,0.526,2.34,58.72,129.41,180.0,57.18,180.0
Human Dominant_31,R6,2026-09-03T08:23:03.482061Z,behavior_monitor,6,66,613,89,855,380,574,243.13,315.67,403.85,system,NA,0.565,2.34,56.44,148.76,-136.87,0.0,92.71
Human Dominant_31,R6,2026-09-03T08:23:03.991776Z,behavior_monitor,6,115,664,88,790,359,603,129.03,251.39,329.57,system,NA,0.661,2.34,59.13,139.09,-63.09,130.47,125.75
Human Dominant_31,R6,2026-09-03T08:23:04.450935Z,shot_hit,6,111,724,125,739,324,651,20.14,224.88,217.5,human,NA,0.918,2.34,103.74,133.65,-75.53,130.47,125.75
Human Dominant_31,R6,2026-09-03T08:23:04.451895Z,flight_spawn,7,997,-20,125,739,324,651,1156.54,951.12,217.5,system,NA,0.451,2.83,45.0,133.65,-75.53,130.47,125.75
Human Dominant_31,R6,2026-09-03T08:23:05.488836Z,human_signal,7,1146,46,102,623,334,637,1192.94,1004.35,232.68,human,your_turn,0.457,2.83,60.11,139.24,-62.04,130.47,-54.25
Human Dominant_31,R6,2026-09-03T08:23:05.489286Z,behavior_monitor,7,1146,46,102,623,334,637,1192.94,1004.35,232.68,system,NA,0.457,2.83,60.11,147.69,-58.1,138.63,-54.25
Human Dominant_31,R6,2026-09-03T08:23:05.489445Z,human_signal,7,1148,48,103,621,334,637,1191.39,1004.51,231.51,human,your_turn,0.457,2.83,60.11,147.69,-58.1,138.63,-54.25
Human Dominant_31,R6,2026-09-03T08:23:05.999928Z,behavior_monitor,7,1163,127,156,579,385,567,1103.17,893.22,229.37,system,NA,0.447,2.83,62.09,135.15,-16.76,169.61,-54.25
Human Dominant_31,R6,2026-09-03T08:23:06.509889Z,behavior_monitor,7,1213,190,218,607,435,565,1078.78,863.37,221.08,system,NA,0.445,2.83,63.96,137.92,29.17,99.11,0.0
Human Dominant_31,R6,2026-09-03T08:23:07.022547Z,behavior_monitor,7,1252,267,283,626,486,565,1033.83,822.45,211.9,system,NA,0.443,2.83,63.96,129.41,0.0,99.11,0.0
Human Dominant_31,R6,2026-09-03T08:23:07.532299Z,behavior_monitor,7,1233,347,349,626,536,565,926.91,729.78,197.13,system,NA,0.441,2.83,115.63,129.41,0.0,99.11,0.0
Human Dominant_31,R6,2026-09-03T08:23:08.044887Z,behavior_monitor,7,1191,420,414,650,587,565,810.53,620.8,193.32,system,NA,0.434,2.83,145.19,138.16,35.5,99.11,0.0
Human Dominant_31,R6,2026-09-03T08:23:08.555311Z,behavior_monitor,7,1122,468,447,709,637,565,716.62,494.8,238.11,system,NA,0.408,2.83,145.19,134.0,74.96,99.11,0.0
Human Dominant_31,R6,2026-09-03T08:23:09.064578Z,behavior_monitor,7,1046,501,491,755,688,565,610.42,363.44,273.92,system,NA,0.373,2.83,161.17,133.57,14.35,99.11,0.0
Human Dominant_31,R6,2026-09-03T08:23:09.576960Z,behavior_monitor,7,965,530,550,782,739,565,485.11,228.73,287.38,system,NA,0.32,2.83,160.46,137.21,52.34,99.11,0.0
Human Dominant_31,R6,2026-09-03T08:23:10.088287Z,behavior_monitor,7,881,541,592,838,789,565,414.55,94.73,337.16,system,NA,0.186,2.83,176.24,138.54,52.46,99.11,0.0
Human Dominant_31,R6,2026-09-03T08:23:10.546975Z,shot_hit,7,817,577,637,887,801,572,358.89,16.97,355.58,agent,NA,0.045,2.83,122.15,138.83,44.91,169.61,125.75
Human Dominant_31,R6,2026-09-03T08:23:10.547587Z,flight_spawn,8,619,-20,637,887,801,572,907.63,619.8,355.58,system,NA,0.406,2.83,135.0,138.83,44.91,169.61,125.75
Human Dominant_31,R6,2026-09-03T08:23:11.650339Z,human_signal,8,555,132,616,889,748,565,759.44,474.14,349.66,human,your_turn,0.384,2.83,84.99,129.41,180.0,103.25,-164.08
Human Dominant_31,R6,2026-09-03T08:23:11.651027Z,behavior_monitor,8,555,132,616,889,748,565,759.44,474.14,349.66,system,NA,0.384,2.83,84.99,129.41,180.0,76.24,180.0
Human Dominant_31,R6,2026-09-03T08:23:11.651493Z,human_signal,8,555,135,614,889,748,565,756.47,471.63,350.49,human,your_turn,0.384,2.83,84.99,129.41,180.0,76.24,180.0
Human Dominant_31,R6,2026-09-03T08:23:12.161156Z,behavior_monitor,8,552,214,550,889,698,565,674.47,379.52,355.77,system,NA,0.36,2.83,83.07,127.41,180.0,99.11,180.0
Human Dominant_31,R6,2026-09-03T08:23:12.673542Z,behavior_monitor,8,538,296,524,842,647,565,546.16,290.28,303.37,system,NA,0.347,2.83,128.23,129.41,-90.0,99.11,180.0
Human Dominant_31,R6,2026-09-03T08:23:13.183679Z,behavior_monitor,8,466,341,489,790,597,565,450.31,259.44,249.86,system,NA,0.366,2.83,159.56,136.15,-161.9,99.11,180.0
Human Dominant_31,R6,2026-09-03T08:23:13.693267Z,behavior_monitor,8,386,370,424,796,546,565,427.09,252.01,261.42,system,NA,0.371,2.83,159.56,137.97,151.6,99.11,180.0
Human Dominant_31,R6,2026-09-03T08:23:14.204989Z,behavior_monitor,8,312,403,368,839,496,565,440.23,245.44,303.04,system,NA,0.358,2.83,152.94,143.22,154.63,99.11,180.0
Human Dominant_31,R6,2026-09-03T08:23:14.715759Z,behavior_monitor,8,238,442,302,845,445,565,407.55,240.54,314.69,system,NA,0.371,2.83,177.74,129.41,180.0,99.11,180.0
Human Dominant_31,R6,2026-09-03T08:23:15.225548Z,behavior_monitor,8,158,467,236,834,395,565,374.98,255.74,312.56,system,NA,0.405,2.83,157.2,136.98,-156.54,99.11,180.0
Human Dominant_31,R6,2026-09-03T08:23:15.737714Z,behavior_monitor,8,88,503,186,786,344,565,299.75,263.76,272.19,system,NA,0.468,2.83,159.88,139.08,-123.21,99.11,180.0
Human Dominant_31,R6,2026-09-03T08:23:16.250271Z,behavior_monitor,8,25,516,124,772,294,565,275.01,272.64,268.1,system,NA,0.498,1.7,0.1,134.66,163.96,99.11,180.0
Human Dominant_31,R6,2026-09-03T08:23:17.629549Z,shot_hit,8,155,546,134,858,155,565,311.94,18.16,293.84,agent,NA,0.055,1.7,23.62,129.41,0.0,99.11,180.0
Human Dominant_31,R6,2026-09-03T08:23:17.629918Z,flight_spawn,9,236,-20,134,858,155,565,884.0,590.59,293.84,system,NA,0.401,2.83,45.0,129.41,0.0,99.11,180.0
Human Dominant_31,R6,2026-09-03T08:23:18.650493Z,human_signal,9,385,37,264,842,171,564,813.49,568.75,292.85,human,your_turn,0.411,2.83,19.85,129.41,0.0,76.24,0.0
Human Dominant_31,R6,2026-09-03T08:23:18.651409Z,behavior_monitor,9,385,37,264,842,171,564,813.49,568.75,292.85,system,NA,0.411,2.83,19.85,129.41,0.0,76.24,0.0
Human Dominant_31,R6,2026-09-03T08:23:18.651847Z,human_signal,9,389,38,266,842,171,564,812.71,569.11,293.55,human,your_turn,0.412,2.83,19.85,129.41,0.0,76.24,0.0
Human Dominant_31,R6,2026-09-03T08:23:19.159353Z,behavior_monitor,9,447,88,330,842,222,565,762.21,526.8,297.2,system,NA,0.409,2.83,37.22,129.41,0.0,99.11,0.0
Human Dominant_31,R6,2026-09-03T08:23:19.670470Z,behavior_monitor,9,519,124,396,842,272,565,728.17,505.24,303.44,system,NA,0.41,2.83,12.48,129.41,0.0,99.11,0.0
Human Dominant_31,R6,2026-09-03T08:23:20.180224Z,behavior_monitor,9,601,146,462,842,322,565,709.42,503.18,310.17,system,NA,0.415,2.83,44.58,129.41,0.0,99.11,0.0
Human Dominant_31,R6,2026-09-03T08:23:20.692998Z,behavior_monitor,9,648,212,528,842,372,565,640.86,447.81,317.69,system,NA,0.411,2.83,87.66,129.41,0.0,99.11,0.0
Human Dominant_31,R6,2026-09-03T08:23:21.203165Z,behavior_monitor,9,679,290,594,842,422,565,558.53,376.77,325.93,system,NA,0.403,2.83,87.6,129.41,0.0,99.11,0.0
Human Dominant_31,R6,2026-09-03T08:23:21.714845Z,behavior_monitor,9,709,367,660,842,473,565,477.18,307.7,334.28,system,NA,0.392,2.83,59.96,129.41,0.0,99.11,0.0
Human Dominant_31,R6,2026-09-03T08:23:22.227862Z,behavior_monitor,9,737,446,726,842,524,565,396.09,244.44,343.18,system,NA,0.382,2.83,60.86,129.41,0.0,99.11,0.0
Human Dominant_31,R6,2026-09-03T08:23:22.738647Z,behavior_monitor,9,742,527,792,840,574,565,317.23,172.08,351.59,system,NA,0.352,2.83,139.29,134.12,-15.23,99.11,0.0
Human Dominant_31,R6,2026-09-03T08:23:23.250178Z,behavior_monitor,9,676,577,802,789,625,572,246.99,51.12,280.03,system,NA,0.171,2.83,137.12,116.42,-141.12,160.19,54.25
Human Dominant_31,R6,2026-09-03T08:23:23.438209Z,shot_hit,9,655,602,777,780,638,597,216.22,16.63,229.02,agent,NA,0.071,2.83,141.56,129.41,180.0,137.65,90.0
Human Dominant_31,R6,2026-09-03T08:23:23.439174Z,flight_spawn,10,897,-20,777,780,638,597,809.32,669.99,229.02,system,NA,0.453,2.83,45.0,129.41,180.0,137.65,90.0
Human Dominant_31,R6,2026-09-03T08:23:24.678693Z,human_signal,10,862,144,821,819,704,565,675.88,448.82,279.67,human,your_turn,0.399,2.83,150.47,129.41,0.0,76.24,0.0
Human Dominant_31,R6,2026-09-03T08:23:24.679742Z,behavior_monitor,10,862,144,821,819,704,565,675.88,448.82,279.67,system,NA,0.399,2.83,150.47,129.41,0.0,76.24,0.0
Human Dominant_31,R6,2026-09-03T08:23:24.680138Z,human_signal,10,860,146,823,819,704,565,674.25,446.83,280.59,human,your_turn,0.399,2.83,150.47,129.41,0.0,76.24,0.0
Human Dominant_31,R6,2026-09-03T08:23:25.189506Z,behavior_monitor,10,779,159,885,811,755,565,661.12,406.64,278.91,system,NA,0.381,2.83,174.03,136.16,-50.76,99.11,0.0
Human Dominant_31,R6,2026-09-03T08:23:25.697211Z,behavior_monitor,10,706,204,881,747,709,564,570.71,360.22,251.14,system,NA,0.387,2.83,140.55,139.92,-129.89,99.11,180.0
Human Dominant_31,R6,2026-09-03T08:23:26.206756Z,behavior_monitor,10,621,229,818,744,659,565,551.61,338.58,239.19,system,NA,0.38,2.83,175.76,136.92,160.93,99.11,180.0
Human Dominant_31,R6,2026-09-03T08:23:26.717051Z,behavior_monitor,10,540,256,759,782,608,565,570.36,316.97,264.17,system,NA,0.357,2.83,146.18,139.75,134.04,99.11,180.0
Human Dominant_31,R6,2026-09-03T08:23:27.228202Z,behavior_monitor,10,461,278,725,842,557,565,622.46,302.27,323.9,system,NA,0.327,2.83,172.98,134.79,106.24,99.11,180.0
Human Dominant_31,R6,2026-09-03T08:23:27.741947Z,behavior_monitor,10,377,289,678,887,507,565,669.38,305.33,364.28,system,NA,0.313,2.83,172.98,133.94,165.06,99.11,180.0
Human Dominant_31,R6,2026-09-03T08:23:28.253127Z,behavior_monitor,10,294,304,612,887,456,565,664.06,307.48,357.49,system,NA,0.316,2.83,131.85,129.41,180.0,99.11,180.0
Human Dominant_31,R6,2026-09-03T08:23:28.763535Z,behavior_monitor,10,229,348,546,887,406,565,625.06,280.13,350.65,system,NA,0.309,2.83,152.27,129.41,180.0,99.11,180.0
Human Dominant_31,R6,2026-09-03T08:23:29.271895Z,behavior_monitor,10,153,384,480,887,355,565,599.92,271.74,344.76,system,NA,0.312,2.83,153.72,129.41,180.0,99.11,180.0
Human Dominant_31,R6,2026-09-03T08:23:31.566696Z,shot_hit,10,103,712,206,887,127,701,203.07,26.06,202.33,agent,NA,0.114,2.83,59.9,0.0,180.0,169.61,125.75
Human Dominant_31,R6,2026-09-03T08:23:31.567328Z,flight_spawn,11,1424,-20,206,887,127,701,1518.74,1484.28,202.33,system,NA,0.494,3.53,55.47,0.0,180.0,169.61,125.75
Human Dominant_31,R6,2026-09-03T08:23:33.428996Z,human_signal,11,1405,265,441,887,247,565,1147.35,1196.51,375.42,human,your_turn,0.51,3.13,45.65,129.41,0.0,76.24,0.0
Human Dominant_31,R6,2026-09-03T08:23:33.429611Z,behavior_monitor,11,1405,265,441,887,247,565,1147.35,1196.51,375.42,system,NA,0.51,3.13,45.65,129.41,0.0,76.24,0.0
Human Dominant_31,R6,2026-09-03T08:23:33.429970Z,human_signal,11,1407,267,443,887,247,565,1146.13,1198.07,376.57,human,your_turn,0.511,3.13,45.65,129.41,0.0,76.24,0.0
Human Dominant_31,R6,2026-09-03T08:23:33.939715Z,behavior_monitor,11,1430,320,507,887,298,566,1082.93,1158.47,383.26,system,NA,0.517,2.96,128.74,129.41,0.0,99.11,0.0
Human Dominant_31,R6,2026-09-03T08:23:34.447367Z,behavior_monitor,11,1397,399,573,887,348,566,957.65,1062.17,391.91,system,NA,0.526,2.96,75.02,129.41,0.0,99.11,0.0
Human Dominant_31,R6,2026-09-03T08:23:34.959794Z,behavior_monitor,11,1419,485,639,887,399,566,877.75,1023.77,400.97,system,NA,0.538,2.96,75.02,129.41,0.0,99.11,0.0
Human Dominant_31,R6,2026-09-03T08:23:35.463650Z,behavior_monitor,11,1404,569,704,867,449,566,760.08,954.61,394.73,system,NA,0.557,2.96,119.67,148.07,-24.56,105.3,0.0
Human Dominant_31,R6,2026-09-03T08:23:35.965805Z,behavior_monitor,11,1386,652,769,837,499,633,644.73,887.06,337.85,system,NA,0.579,2.96,97.69,138.67,-23.93,169.61,54.25
Human Dominant_31,R6,2026-09-03T08:23:36.471977Z,behavior_monitor,11,1377,740,833,809,549,704,548.33,828.83,302.74,system,NA,0.602,2.96,74.43,137.94,-23.23,169.61,54.25
Human Dominant_31,R6,2026-09-03T08:23:36.980116Z,behavior_monitor,11,1360,821,899,795,600,774,461.81,761.51,299.71,system,NA,0.622,2.96,104.04,129.41,0.0,169.61,54.25
Human Dominant_31,R6,2026-09-03T08:23:37.490238Z,behavior_monitor,11,1363,908,965,795,651,845,413.07,714.7,318.5,system,NA,0.634,2.96,81.14,129.41,0.0,169.61,54.25
Human Dominant_31,R6,2026-09-03T08:23:37.778248Z,flight_missed,11,1388,954,1005,795,681,887,414.18,709.72,336.84,system,NA,0.631,2.96,51.72,129.41,0.0,169.61,54.25
Human Dominant_31,R6,2026-09-03T08:23:37.778737Z,flight_spawn,12,944,-20,1005,795,681,887,817.88,945.08,336.84,system,NA,0.536,2.88,46.03,129.41,0.0,169.61,54.25
Human Dominant_31,R6,2026-09-03T08:23:39.377289Z,human_signal,12,1072,175,1048,604,761,777,429.75,677.38,335.21,human,i_can,0.612,2.88,95.02,140.75,-57.07,130.47,-54.25
Human Dominant_31,R6,2026-09-03T08:23:39.393413Z,behavior_monitor,12,1072,175,1048,604,762,776,429.75,675.73,333.68,system,NA,0.611,2.88,95.02,140.75,-57.07,97.85,-54.25
Human Dominant_31,R6,2026-09-03T08:23:39.903021Z,behavior_monitor,12,1098,255,1086,544,791,735,288.61,569.68,352.09,system,NA,0.664,2.88,42.47,139.72,-62.28,97.85,-54.25
Human Dominant_31,R6,2026-09-03T08:23:40.412740Z,behavior_monitor,12,1143,327,1117,480,804,716,155.38,516.08,392.03,system,NA,0.769,2.88,51.18,138.98,-64.59,0.0,-104.62
Human Dominant_31,R6,2026-09-03T08:23:40.925443Z,behavior_monitor,12,1192,396,1156,421,808,711,43.92,496.94,453.17,system,NA,0.919,2.88,72.24,140.29,-35.88,130.47,-54.25
Human Dominant_31,R6,2026-09-03T08:23:41.096332Z,shot_hit,12,1203,423,1177,411,821,693,27.93,467.5,454.48,human,NA,0.944,2.88,72.24,129.0,-18.67,123.22,-54.25
Human Dominant_31,R6,2026-09-03T08:23:41.096624Z,flight_spawn,13,555,-20,1177,411,821,693,757.85,761.08,454.48,system,NA,0.501,2.83,45.0,129.0,-18.67,123.22,-54.25
Human Dominant_31,R6,2026-09-03T08:23:43.544881Z,human_signal,13,924,123,1057,399,834,565,306.29,451.26,278.48,human,i_can,0.596,2.83,81.58,129.41,180.0,76.24,0.0
Human Dominant_31,R6,2026-09-03T08:23:43.561360Z,behavior_monitor,13,924,123,1057,399,835,565,306.29,451.07,277.7,system,NA,0.596,2.83,81.58,129.41,180.0,57.18,0.0
Human Dominant_31,R6,2026-09-03T08:23:44.071369Z,behavior_monitor,13,948,203,991,399,864,565,200.62,371.56,209.41,system,NA,0.649,2.83,61.13,129.41,180.0,61.33,-2.02
Human Dominant_31,R6,2026-09-03T08:23:44.583074Z,behavior_monitor,13,955,286,929,376,877,565,93.21,289.63,196.43,system,NA,0.757,2.83,63.27,129.68,-145.3,0.0,0.0
Human Dominant_31,R6,2026-09-03T08:23:45.093893Z,behavior_monitor,13,980,364,947,353,895,565,35.08,217.96,217.98,system,NA,0.861,2.83,90.49,129.41,0.0,76.24,0.0
Human Dominant_31,R6,2026-09-03T08:23:45.246416Z,shot_miss,13,988,388,966,360,906,565,35.37,194.77,213.07,human,NA,0.846,2.83,60.81,135.85,27.56,76.24,0.0
Human Dominant_31,R6,2026-09-03T08:23:45.603630Z,behavior_monitor,13,1015,440,986,400,933,564,49.56,149.47,172.79,system,NA,0.751,2.83,60.81,129.41,90.0,76.24,0.0
Human Dominant_31,R6,2026-09-03T08:23:46.113006Z,human_signal,13,1035,519,986,466,972,564,72.01,77.48,99.56,human,your_turn,0.518,2.83,90.65,122.22,90.0,72.0,0.0
Human Dominant_31,R6,2026-09-03T08:23:46.114154Z,behavior_monitor,13,1035,519,986,466,972,564,72.01,77.48,99.56,system,NA,0.518,2.83,90.65,129.41,90.0,76.24,0.0
Human Dominant_31,R6,2026-09-03T08:23:46.114645Z,human_signal,13,1034,521,986,468,972,564,72.25,75.57,97.38,human,your_turn,0.511,2.83,90.65,129.41,90.0,76.24,0.0
Human Dominant_31,R6,2026-09-03T08:23:46.249521Z,conflict,13,1043,542,986,486,987,564,80.54,60.32,78.84,system,NA,0.428,2.83,60.88,129.41,90.0,99.11,0.0
Human Dominant_31,R6,2026-09-03T08:23:46.624670Z,behavior_monitor,13,1098,563,986,486,987,564,136.47,110.89,78.84,system,NA,0.448,2.83,8.54,0.0,90.0,0.0,0.0
Human Dominant_31,R6,2026-09-03T08:23:47.133550Z,behavior_monitor,13,1182,576,986,461,1024,571,227.21,157.91,116.23,system,NA,0.41,2.83,8.54,64.71,-90.0,99.11,0.0
Human Dominant_31,R6,2026-09-03T08:23:47.644577Z,behavior_monitor,13,1262,601,955,454,1075,597,340.47,187.88,186.38,system,NA,0.356,2.83,24.69,64.71,180.0,169.61,54.25
Human Dominant_31,R6,2026-09-03T08:23:48.153301Z,behavior_monitor,13,1343,631,897,454,1126,625,479.71,217.11,285.69,system,NA,0.312,2.83,3.57,129.41,180.0,99.11,0.0
Human Dominant_31,R6,2026-09-03T08:23:48.665192Z,behavior_monitor,13,1427,642,831,454,1176,637,625.27,251.09,390.69,system,NA,0.287,2.83,18.5,129.41,180.0,99.11,0.0
Human Dominant_31,R6,2026-09-03T08:23:49.175962Z,behavior_monitor,13,1415,653,814,507,1227,649,619.01,188.46,436.91,system,NA,0.233,1.71,162.99,142.88,35.16,169.61,54.25
Human Dominant_31,R6,2026-09-03T08:23:49.685844Z,behavior_monitor,13,1368,666,877,524,1277,661,511.89,90.93,423.65,system,NA,0.151,1.71,130.38,136.72,45.47,99.11,0.0
Human Dominant_31,R6,2026-09-03T08:23:50.094370Z,shot_hit,13,1339,696,912,570,1316,691,445.63,23.51,422.17,agent,NA,0.05,1.71,134.75,139.33,49.74,137.65,90.0
Human Dominant_31,R6,2026-09-03T08:23:50.094881Z,flight_spawn,14,611,-20,912,570,1316,691,662.56,1001.86,422.17,system,NA,0.602,2.83,45.0,139.33,49.74,137.65,90.0
Human Dominant_31,R6,2026-09-03T08:23:51.506797Z,human_signal,14,759,147,864,492,1247,596,360.4,662.95,396.87,human,i_can,0.648,2.83,49.05,129.41,-90.0,130.47,-125.75
Human Dominant_31,R6,2026-09-03T08:23:51.523862Z,behavior_monitor,14,759,147,864,492,1246,595,360.4,661.32,395.58,system,NA,0.647,2.83,49.05,129.41,-90.0,97.85,-125.75
Human Dominant_31,R6,2026-09-03T08:23:52.034778Z,behavior_monitor,14,816,211,864,426,1217,566,219.95,535.35,379.72,system,NA,0.709,2.83,49.05,129.41,-90.0,57.18,180.0
Human Dominant_31,R6,2026-09-03T08:23:52.544137Z,behavior_monitor,14,868,275,865,360,1203,566,84.68,444.23,395.94,system,NA,0.84,2.83,49.05,131.61,-74.5,0.0,180.0
Human Dominant_31,R6,2026-09-03T08:23:53.004077Z,shot_hit,14,923,329,907,342,1204,567,20.31,367.65,372.19,human,NA,0.948,2.83,24.59,136.35,23.22,0.0,75.3
Human Dominant_31,R6,2026-09-03T08:23:53.005082Z,flight_spawn,15,619,-20,907,342,1204,567,462.92,828.59,372.19,system,NA,0.642,2.83,45.0,136.35,23.22,0.0,75.3
Human Dominant_31,R6,2026-09-03T08:23:54.006974Z,human_signal,15,746,81,862,419,1159,565,357.18,636.42,330.82,human,i_can,0.641,2.83,66.74,129.41,180.0,76.24,180.0
Human Dominant_31,R6,2026-09-03T08:23:54.023358Z,behavior_monitor,15,746,81,862,419,1158,565,357.18,635.79,329.95,system,NA,0.64,2.83,66.74,129.41,180.0,57.18,180.0
Human Dominant_31,R6,2026-09-03T08:23:54.533638Z,behavior_monitor,15,814,126,819,422,1129,565,296.02,540.97,341.76,system,NA,0.646,2.83,12.54,34.44,180.0,57.18,180.0
Human Dominant_31,R6,2026-09-03T08:23:55.043452Z,behavior_monitor,15,887,157,872,422,1115,565,265.4,467.95,282.3,system,NA,0.638,2.83,62.39,129.41,0.0,0.0,180.0
Human Dominant_31,R6,2026-09-03T08:23:55.556409Z,behavior_monitor,15,924,232,938,404,1115,565,173.02,384.41,239.39,system,NA,0.69,2.83,62.39,139.25,-23.23,0.0,180.0
Human Dominant_31,R6,2026-09-03T08:23:56.066898Z,behavior_monitor,15,933,314,979,357,1078,565,62.82,289.92,230.52,system,NA,0.822,2.83,87.03,141.9,-119.35,76.24,180.0
Human Dominant_31,R6,2026-09-03T08:23:56.372880Z,shot_hit,15,919,362,941,350,1054,565,24.63,244.08,243.25,human,NA,0.908,2.83,111.31,129.41,180.0,76.24,180.0
Human Dominant_31,R6,2026-09-03T08:23:56.373395Z,flight_spawn,16,793,-20,941,350,1054,565,399.27,641.65,243.25,system,NA,0.616,2.83,135.0,129.41,180.0,76.24,180.0
Human Dominant_31,R6,2026-09-03T08:23:57.782117Z,human_signal,16,670,169,760,417,976,566,263.66,501.28,262.25,human,i_can,0.655,2.83,134.3,137.14,160.68,68.87,164.36
Human Dominant_31,R6,2026-09-03T08:23:57.799930Z,behavior_monitor,16,670,169,760,417,975,566,263.66,500.69,261.45,system,NA,0.655,2.83,134.3,136.67,161.25,57.18,180.0
Human Dominant_31,R6,2026-09-03T08:23:58.309129Z,behavior_monitor,16,604,221,694,436,946,566,233.46,485.62,283.15,system,NA,0.675,2.83,163.98,134.77,163.79,57.18,180.0
Human Dominant_31,R6,2026-09-03T08:23:58.821900Z,behavior_monitor,16,535,263,628,456,933,566,214.21,500.18,323.74,system,NA,0.7,2.83,170.11,134.77,163.79,19.18,-161.95
Human Dominant_31,R6,2026-09-03T08:23:59.329708Z,behavior_monitor,16,451,277,562,475,915,566,226.44,546.07,363.94,system,NA,0.707,2.83,170.11,134.6,164.04,76.24,180.0
Human Dominant_31,R6,2026-09-03T08:23:59.840203Z,behavior_monitor,16,372,303,496,493,875,566,227.2,568.32,385.99,system,NA,0.714,2.83,149.95,134.28,164.53,76.24,180.0
Human Dominant_31,R6,2026-09-03T08:24:00.352448Z,behavior_monitor,16,307,354,430,511,836,566,199.76,569.8,409.05,system,NA,0.74,2.83,128.96,133.78,165.33,76.24,180.0
Human Dominant_31,R6,2026-09-03T08:24:00.862417Z,behavior_monitor,16,236,399,364,528,796,565,182.13,584.56,433.45,system,NA,0.762,2.83,150.73,133.43,165.9,76.24,180.0
Human Dominant_31,R6,2026-09-03T08:24:00.981312Z,human_signal,16,216,409,349,532,787,565,181.23,592.17,439.44,human,your_turn,0.766,2.83,150.73,133.43,165.9,76.24,180.0
Human Dominant_31,R6,2026-09-03T08:24:00.982367Z,human_signal,16,213,410,347,532,787,565,181.45,594.96,441.6,human,your_turn,0.766,2.83,150.73,133.43,165.9,76.24,180.0
Human Dominant_31,R6,2026-09-03T08:24:01.371877Z,behavior_monitor,16,155,430,298,535,748,565,177.58,608.4,450.98,system,NA,0.774,2.83,179.76,129.41,180.0,99.11,180.0
Human Dominant_31,R6,2026-09-03T08:24:01.882362Z,behavior_monitor,16,66,430,232,535,698,563,196.91,646.26,466.44,system,NA,0.766,2.83,179.76,129.41,180.0,99.11,180.0
Human Dominant_31,R6,2026-09-03T08:24:02.392970Z,behavior_monitor,16,36,462,166,535,647,563,149.22,619.89,481.86,system,NA,0.806,1.91,26.85,129.41,180.0,99.11,180.0
Human Dominant_31,R6,2026-09-03T08:24:02.903758Z,behavior_monitor,16,83,496,100,538,597,563,45.0,518.24,497.22,system,NA,0.92,1.91,53.47,129.41,180.0,99.11,180.0
Human Dominant_31,R6,2026-09-03T08:24:03.414111Z,behavior_monitor,16,138,510,91,525,546,563,49.09,411.6,456.79,system,NA,0.893,1.91,21.76,135.54,21.6,99.11,180.0
Human Dominant_31,R6,2026-09-03T08:24:03.924718Z,behavior_monitor,16,176,549,155,548,496,563,20.69,320.97,341.65,system,NA,0.939,1.91,73.77,129.41,0.0,99.11,180.0
Human Dominant_31,R6,2026-09-03T08:24:04.434226Z,behavior_monitor,16,147,593,217,543,446,589,85.46,298.48,233.88,system,NA,0.777,1.91,155.34,129.41,-90.0,169.61,125.75
Human Dominant_31,R6,2026-09-03T08:24:04.944522Z,behavior_monitor,16,94,619,207,477,395,615,181.47,301.63,233.67,system,NA,0.624,1.91,133.07,135.59,-107.36,169.61,125.75
Human Dominant_31,R6,2026-09-03T08:24:05.456419Z,behavior_monitor,16,53,661,242,471,344,655,268.38,290.85,210.38,system,NA,0.52,1.91,133.07,129.41,0.0,99.11,180.0
Human Dominant_31,R6,2026-09-03T08:24:05.968697Z,behavior_monitor,16,37,714,302,497,293,709,342.3,256.36,211.67,system,NA,0.428,1.91,87.15,137.05,43.84,169.61,125.75
Human Dominant_31,R6,2026-09-03T08:24:08.027602Z,shot_miss,16,61,937,260,590,88,910,399.91,38.57,362.72,agent,NA,0.088,1.91,74.16,140.14,-38.24,99.11,180.0
Human Dominant_31,R6,2026-09-03T08:24:08.164473Z,flight_missed,16,66,952,275,578,74,910,427.83,43.09,387.08,system,NA,0.092,1.91,74.16,140.14,-38.24,99.11,180.0
Human Dominant_31,R6,2026-09-03T08:24:08.165545Z,flight_spawn,17,553,-20,275,578,74,910,660.05,1045.66,387.08,system,NA,0.613,2.83,135.0,140.14,-38.24,99.11,180.0
Human Dominant_31,R6,2026-09-03T08:24:09.283788Z,human_signal,17,417,105,385,468,129,834,364.07,783.57,446.84,human,i_can,0.683,2.83,114.09,141.64,-44.99,130.47,-54.25
Human Dominant_31,R6,2026-09-03T08:24:09.300264Z,behavior_monitor,17,417,105,385,468,130,832,364.07,781.96,445.18,system,NA,0.682,2.83,114.09,141.28,-47.17,97.85,-54.25
Human Dominant_31,R6,2026-09-03T08:24:09.811907Z,behavior_monitor,17,342,136,376,413,159,792,279.55,681.07,436.76,system,NA,0.709,2.83,164.5,129.41,180.0,97.85,-54.25
Human Dominant_31,R6,2026-09-03T08:24:10.322636Z,behavior_monitor,17,277,183,315,440,171,773,259.63,599.54,362.96,system,NA,0.698,2.83,122.19,138.68,147.36,0.0,140.63
Human Dominant_31,R6,2026-09-03T08:24:10.833427Z,behavior_monitor,17,232,255,249,464,192,745,209.38,491.32,286.77,system,NA,0.701,2.83,122.19,134.75,163.81,130.47,-54.25
Human Dominant_31,R6,2026-09-03T08:24:11.343696Z,behavior_monitor,17,195,329,195,440,178,691,111.44,362.69,251.42,system,NA,0.765,2.83,93.75,129.41,-90.0,105.88,-90.0
Human Dominant_31,R6,2026-09-03T08:24:11.700156Z,shot_hit,17,196,387,186,394,172,654,12.59,267.83,259.62,human,NA,0.955,2.83,68.51,135.99,-111.52,105.88,-90.0
Human Dominant_31,R6,2026-09-03T08:24:11.700835Z,flight_spawn,18,579,-20,186,394,172,654,571.15,786.95,259.62,system,NA,0.579,3.07,130.72,135.99,-111.52,105.88,-90.0
Human Dominant_31,R6,2026-09-03T08:24:12.739944Z,human_signal,18,442,96,243,355,226,580,326.01,529.89,225.94,human,i_can,0.619,3.07,93.85,137.56,43.71,130.47,-54.25
Human Dominant_31,R6,2026-09-03T08:24:12.756340Z,behavior_monitor,18,442,96,243,355,227,578,326.01,527.77,224.1,system,NA,0.618,3.07,93.85,137.22,46.92,128.3,-53.13
Human Dominant_31,R6,2026-09-03T08:24:13.266642Z,behavior_monitor,18,441,187,287,405,257,566,266.06,421.2,164.5,system,NA,0.613,3.07,72.98,129.41,0.0,57.18,0.0
Human Dominant_31,R6,2026-09-03T08:24:13.777506Z,behavior_monitor,18,434,278,353,405,270,566,150.06,330.8,181.11,system,NA,0.688,3.07,98.61,129.41,0.0,0.0,46.93
Human Dominant_31,R6,2026-09-03T08:24:14.286209Z,behavior_monitor,18,435,368,419,404,270,566,39.03,256.88,219.71,system,NA,0.868,3.07,51.39,134.06,-15.15,0.0,46.93
Human Dominant_31,R6,2026-09-03T08:24:14.337698Z,shot_hit,18,438,377,426,402,270,566,28.35,252.66,225.6,human,NA,0.899,3.07,74.06,134.83,-16.3,0.0,46.93
Human Dominant_31,R6,2026-09-03T08:24:14.338683Z,flight_spawn,19,548,-20,426,402,270,566,440.04,648.68,225.6,system,NA,0.596,2.83,45.0,134.83,-16.3,0.0,46.93
Human Dominant_31,R6,2026-09-03T08:24:15.392843Z,human_signal,19,706,40,562,373,287,566,362.52,672.34,336.19,human,i_can,0.65,2.83,14.27,129.41,0.0,76.24,0.0
Human Dominant_31,R6,2026-09-03T08:24:15.409445Z,behavior_monitor,19,706,40,562,373,288,566,362.52,671.74,335.4,system,NA,0.649,2.83,14.27,129.41,0.0,57.18,0.0
Human Dominant_31,R6,2026-09-03T08:24:15.920485Z,behavior_monitor,19,789,61,628,373,317,566,350.82,691.24,366.37,system,NA,0.663,2.83,14.27,129.41,0.0,57.18,0.0
Human Dominant_31,R6,2026-09-03T08:24:16.431255Z,behavior_monitor,19,871,82,689,406,331,566,372.15,725.36,392.0,system,NA,0.661,2.83,14.27,130.41,37.75,0.0,-29.88
Human Dominant_31,R6,2026-09-03T08:24:16.942095Z,behavior_monitor,19,934,138,745,450,331,566,364.46,739.16,429.61,system,NA,0.67,2.83,92.49,138.34,35.54,0.0,-29.88
Human Dominant_31,R6,2026-09-03T08:24:17.450435Z,behavior_monitor,19,892,201,808,468,362,566,279.61,643.72,457.24,system,NA,0.697,2.83,168.22,137.5,0.0,81.0,0.0
Human Dominant_31,R6,2026-09-03T08:24:17.961868Z,behavior_monitor,19,812,220,856,468,401,566,252.4,537.36,466.21,system,NA,0.68,2.83,147.03,0.0,0.0,73.58,18.84
Human Dominant_31,R6,2026-09-03T08:24:18.474169Z,behavior_monitor,19,739,266,795,468,439,566,209.81,424.44,369.19,system,NA,0.669,2.83,147.03,129.41,180.0,76.24,0.0
Human Dominant_31,R6,2026-09-03T08:24:18.983648Z,behavior_monitor,19,665,300,729,468,477,566,180.19,325.48,269.79,system,NA,0.644,2.83,131.55,129.41,180.0,76.24,0.0
Human Dominant_31,R6,2026-09-03T08:24:19.495042Z,behavior_monitor,19,663,375,663,468,516,566,93.33,240.25,175.96,system,NA,0.72,2.83,65.23,129.41,180.0,76.24,0.0
Human Dominant_31,R6,2026-09-03T08:24:20.005392Z,behavior_monitor,19,728,419,650,468,555,566,91.72,226.18,135.93,system,NA,0.711,2.83,31.56,129.41,0.0,76.24,0.0
Human Dominant_31,R6,2026-09-03T08:24:21.076559Z,human_signal,19,830,566,764,429,637,565,152.36,192.52,185.62,human,your_turn,0.558,2.83,56.92,137.7,-19.98,76.24,0.0
Human Dominant_31,R6,2026-09-03T08:24:21.077558Z,behavior_monitor,19,830,566,764,429,637,565,152.36,192.52,185.62,system,NA,0.558,2.83,56.92,136.0,-17.91,76.24,0.0
Human Dominant_31,R6,2026-09-03T08:24:21.077964Z,human_signal,19,831,569,766,429,637,565,154.62,193.66,187.59,human,your_turn,0.556,2.83,56.92,136.0,-17.91,76.24,0.0
Human Dominant_31,R6,2026-09-03T08:24:21.587593Z,behavior_monitor,19,883,632,826,447,688,626,193.26,195.2,225.62,system,NA,0.503,2.83,35.72,134.99,47.43,99.11,0.0
Human Dominant_31,R6,2026-09-03T08:24:22.098824Z,behavior_monitor,19,946,690,860,506,739,687,203.5,207.21,217.38,system,NA,0.505,2.83,36.62,133.8,68.02,169.61,54.25
Human Dominant_31,R6,2026-09-03T08:24:22.613857Z,behavior_monitor,19,1016,733,900,562,789,729,206.78,227.82,200.02,system,NA,0.524,2.83,10.78,137.57,44.3,99.11,0.0
Human Dominant_31,R6,2026-09-03T08:24:23.123928Z,behavior_monitor,19,1090,765,962,591,840,759,215.5,249.97,207.16,system,NA,0.537,2.83,71.99,135.41,21.87,169.61,54.25
Human Dominant_31,R6,2026-09-03T08:24:23.633868Z,behavior_monitor,19,1067,840,1017,631,891,829,215.15,176.47,235.22,system,NA,0.451,2.83,77.9,133.62,51.58,169.61,54.25
Human Dominant_31,R6,2026-09-03T08:24:24.145657Z,behavior_monitor,19,1079,923,1047,692,941,899,233.63,140.47,232.27,system,NA,0.375,2.83,105.74,134.01,74.94,169.61,54.25
Human Dominant_31,R6,2026-09-03T08:24:24.316447Z,flight_missed,19,1071,953,1046,711,960,910,242.85,119.64,216.33,system,NA,0.33,2.83,105.74,62.19,90.0,99.11,0.0
Human Dominant_31,R6,2026-09-03T08:24:24.317330Z,flight_spawn,20,886,-20,1046,711,960,910,749.16,932.9,216.33,system,NA,0.555,3.14,50.45,62.19,90.0,99.11,0.0
Human Dominant_31,R6,2026-09-03T08:24:25.558541Z,human_signal,20,955,189,986,581,932,813,393.21,623.72,237.51,human,i_can,0.613,3.14,52.03,129.41,-90.0,130.47,-54.25
Human Dominant_31,R6,2026-09-03T08:24:25.575344Z,behavior_monitor,20,955,189,986,581,932,811,393.21,622.37,236.2,system,NA,0.613,3.14,52.03,129.41,-90.0,79.41,-90.0
Human Dominant_31,R6,2026-09-03T08:24:26.085844Z,behavior_monitor,20,1017,254,986,515,951,783,263.16,532.68,269.53,system,NA,0.669,3.14,23.88,129.41,-90.0,0.0,-54.25
Human Dominant_31,R6,2026-09-03T08:24:26.597605Z,behavior_monitor,20,1112,264,1028,464,951,783,216.55,542.87,328.04,system,NA,0.715,3.14,1.81,139.57,-22.0,0.0,-54.25
Human Dominant_31,R6,2026-09-03T08:24:27.107305Z,behavior_monitor,20,1205,278,1094,462,963,766,215.37,545.23,331.07,system,NA,0.717,3.14,18.38,134.6,20.72,130.47,-54.25
Human Dominant_31,R6,2026-09-03T08:24:27.617954Z,behavior_monitor,20,1287,322,1149,503,1001,712,227.58,483.12,255.58,system,NA,0.68,3.14,37.05,137.08,41.09,130.47,-54.25
Human Dominant_31,R6,2026-09-03T08:24:28.127122Z,behavior_monitor,20,1346,388,1213,503,1040,658,175.74,407.65,231.93,system,NA,0.699,3.14,79.23,140.4,-27.39,130.47,-54.25
Human Dominant_31,R6,2026-09-03T08:24:28.637490Z,behavior_monitor,20,1367,481,1278,491,1079,604,89.39,313.42,229.24,system,NA,0.778,3.14,79.23,140.56,28.99,130.47,-54.25
Human Dominant_31,R6,2026-09-03T08:24:29.147666Z,behavior_monitor,20,1388,573,1322,542,1117,568,73.24,271.16,206.34,system,NA,0.787,3.14,79.23,133.46,57.1,130.47,54.25
Human Dominant_31,R6,2026-09-03T08:24:29.660948Z,behavior_monitor,20,1447,635,1340,605,1156,623,111.85,291.65,184.4,system,NA,0.723,2.25,159.07,129.41,90.0,130.47,54.25
Human Dominant_31,R6,2026-09-03T08:24:30.172417Z,behavior_monitor,20,1401,683,1350,671,1195,677,53.24,206.43,154.51,system,NA,0.795,2.25,133.72,136.01,72.07,130.47,54.25
Human Dominant_31,R6,2026-09-03T08:24:30.481161Z,shot_hit,20,1383,718,1363,711,1219,709,21.82,165.07,144.12,human,NA,0.883,2.25,112.75,136.39,71.59,130.47,54.25
