user_id,round_id,timestamp,event_type,flight_id,flight_x,flight_y,human_x,human_y,agent_x,agent_y,dist_human_flight,dist_agent_flight,dist_human_agent,triggered_by,signal_type,dir_ratio,flight_speed,flight_angle,human_speed,human_direction,agent_speed,agent_direction
Negotiation_51,R1,2026-09-13T06:20:26.985401Z,flight_spawn,1,1006,-20,985,590,320,590,610.38,918.49,665.0,system,NA,0.601,2.83,135.0,0.0,0.0,0.0,0.0
Negotiation_51,R1,2026-09-13T06:27:58.432893Z,human_signal,1,635,138,895,636,504,566,561.02,446.73,396.55,human,your_turn,0.443,2.83,152.59,0.0,-90.0,76.24,0.0
Negotiation_51,R1,2026-09-13T06:27:58.434751Z,behavior_monitor,1,635,138,895,636,504,566,561.02,446.73,396.55,system,NA,0.443,2.83,152.59,0.0,-90.0,81.0,0.0
Negotiation_51,R1,2026-09-13T06:27:58.435184Z,human_signal,1,632,140,895,636,504,566,561.24,444.62,396.55,human,your_turn,0.442,2.83,125.05,0.0,-90.0,81.0,0.0
Negotiation_51,R1,2026-09-13T06:27:58.942602Z,behavior_monitor,1,564,188,874,620,548,566,532.22,377.74,330.52,system,NA,0.415,2.83,148.03,138.23,-141.45,99.11,180.0
Negotiation_51,R1,2026-09-13T06:27:59.449567Z,behavior_monitor,1,492,232,821,572,498,566,473.26,333.87,323.18,system,NA,0.414,2.83,176.86,141.24,-137.15,99.11,180.0
Negotiation_51,R1,2026-09-13T06:27:59.961205Z,behavior_monitor,1,411,250,764,530,447,566,450.26,317.13,318.82,system,NA,0.413,2.83,140.01,137.41,-152.55,99.11,180.0
Negotiation_51,R1,2026-09-13T06:28:00.471581Z,behavior_monitor,1,334,283,700,502,396,566,426.65,289.8,310.65,system,NA,0.404,2.83,145.68,134.63,-163.99,99.11,180.0
Negotiation_51,R1,2026-09-13T06:28:00.982286Z,behavior_monitor,1,254,307,634,502,346,566,426.93,274.31,295.54,system,NA,0.391,2.83,143.55,129.41,180.0,99.11,180.0
Negotiation_51,R1,2026-09-13T06:28:01.439424Z,agent_signal,1,225,377,573,502,300,566,369.0,202.97,280.16,agent,i_can,0.355,2.83,85.04,129.41,180.0,99.11,180.0
Negotiation_51,R1,2026-09-13T06:28:01.490310Z,behavior_monitor,1,226,383,568,502,295,566,362.23,195.52,280.59,system,NA,0.351,2.83,85.04,129.41,180.0,89.27,-173.66
Negotiation_51,R1,2026-09-13T06:28:02.003575Z,behavior_monitor,1,272,454,502,502,251,566,235.12,113.82,259.03,system,NA,0.326,2.83,33.15,129.41,180.0,0.0,180.0
Negotiation_51,R1,2026-09-13T06:28:02.514255Z,behavior_monitor,1,355,488,553,502,300,566,198.4,95.29,260.95,system,NA,0.324,2.83,12.59,129.41,0.0,99.11,0.0
Negotiation_51,R1,2026-09-13T06:28:03.024428Z,behavior_monitor,1,418,541,619,502,350,566,204.73,71.94,275.95,system,NA,0.26,2.83,88.34,129.41,0.0,99.11,0.0
Negotiation_51,R1,2026-09-13T06:28:03.262737Z,shot_miss,1,416,583,651,508,376,575,246.96,41.18,283.78,agent,NA,0.143,2.83,88.34,135.99,22.88,169.61,54.25
Negotiation_51,R1,2026-09-13T06:28:03.536154Z,behavior_monitor,1,417,626,680,527,394,611,281.45,27.18,298.13,system,NA,0.088,2.83,88.34,136.54,47.63,137.65,90.0
Negotiation_51,R1,2026-09-13T06:28:03.638519Z,shot_hit,1,418,645,690,540,394,627,292.02,30.15,308.59,agent,NA,0.094,2.83,88.34,137.29,55.36,137.65,90.0
Negotiation_51,R1,2026-09-13T06:28:03.639073Z,flight_spawn,2,931,-20,690,540,394,627,609.87,840.77,308.59,system,NA,0.58,3.44,54.44,137.29,55.36,137.65,90.0
Negotiation_51,R1,2026-09-13T06:28:05.137647Z,human_signal,2,1130,201,857,636,487,566,513.7,739.5,376.57,human,i_can,0.59,3.44,43.95,134.29,15.5,76.24,0.0
Negotiation_51,R1,2026-09-13T06:28:05.154165Z,behavior_monitor,2,1130,201,857,636,488,566,513.7,738.65,375.62,system,NA,0.59,3.44,43.95,134.29,15.5,57.18,0.0
Negotiation_51,R1,2026-09-13T06:28:05.665836Z,behavior_monitor,2,1223,244,923,642,517,567,498.96,776.0,412.74,system,NA,0.609,3.44,47.38,129.41,0.0,57.18,0.0
Negotiation_51,R1,2026-09-13T06:28:06.171400Z,behavior_monitor,2,1294,319,989,642,531,566,444.04,801.75,464.69,system,NA,0.644,3.44,47.38,129.41,0.0,0.0,144.36
Negotiation_51,R1,2026-09-13T06:28:06.683815Z,behavior_monitor,2,1379,365,1055,642,535,566,427.06,868.11,525.85,system,NA,0.67,3.44,2.11,129.41,0.0,76.24,0.0
Negotiation_51,R1,2026-09-13T06:28:06.769009Z,agent_signal,2,1399,365,1068,642,541,565,431.24,880.62,532.81,agent,your_turn,0.671,3.44,2.11,129.41,0.0,76.24,0.0
Negotiation_51,R1,2026-09-13T06:28:07.194941Z,behavior_monitor,2,1439,387,1121,642,565,566,407.58,891.55,560.72,system,NA,0.686,2.35,113.83,129.41,0.0,85.62,1.91
Negotiation_51,R1,2026-09-13T06:28:07.704329Z,behavior_monitor,2,1424,455,1187,642,585,565,302.3,846.39,606.99,system,NA,0.737,2.35,61.15,129.41,0.0,0.0,-39.75
Negotiation_51,R1,2026-09-13T06:28:08.215655Z,behavior_monitor,2,1440,514,1253,642,584,566,227.18,857.49,672.96,system,NA,0.791,2.17,132.18,129.41,0.0,0.0,145.68
Negotiation_51,R1,2026-09-13T06:28:08.728285Z,behavior_monitor,2,1382,543,1318,639,609,566,116.22,773.39,711.96,system,NA,0.869,2.17,155.93,114.59,-41.94,72.0,0.0
Negotiation_51,R1,2026-09-13T06:28:09.154896Z,shot_hit,2,1330,565,1319,585,642,566,22.92,688.72,677.69,human,NA,0.968,2.17,155.93,129.41,-90.0,76.24,0.0
Negotiation_51,R1,2026-09-13T06:28:09.155322Z,flight_spawn,3,357,-20,1319,585,642,566,1136.73,651.69,677.69,system,NA,0.364,3.56,55.79,129.41,-90.0,76.24,0.0
Negotiation_51,R1,2026-09-13T06:28:10.904768Z,agent_signal,3,439,312,1166,524,526,566,757.15,268.52,640.65,agent,i_can,0.262,3.56,123.41,114.99,180.0,76.24,180.0
Negotiation_51,R1,2026-09-13T06:28:10.921299Z,behavior_monitor,3,439,312,1166,524,525,566,757.15,267.98,642.33,system,NA,0.261,3.56,123.41,108.38,180.0,99.11,180.0
Negotiation_51,R1,2026-09-13T06:28:10.972511Z,human_signal,3,429,317,1161,524,520,565,760.84,264.1,642.86,human,your_turn,0.258,3.56,172.53,74.93,180.0,97.43,-163.09
Negotiation_51,R1,2026-09-13T06:28:10.973634Z,human_signal,3,426,318,1160,524,520,565,762.61,264.79,641.61,human,your_turn,0.258,3.56,172.53,74.93,180.0,99.11,180.0
Negotiation_51,R1,2026-09-13T06:28:11.431413Z,behavior_monitor,3,335,330,1118,524,474,565,806.35,273.52,644.85,system,NA,0.253,3.56,172.53,129.41,180.0,99.11,180.0
Negotiation_51,R1,2026-09-13T06:28:11.935335Z,behavior_monitor,3,228,352,1052,524,424,565,841.29,288.99,629.43,system,NA,0.256,3.56,165.95,129.41,180.0,99.11,180.0
Negotiation_51,R1,2026-09-13T06:28:12.445883Z,behavior_monitor,3,121,374,986,524,373,565,878.05,316.92,613.8,system,NA,0.265,3.56,165.11,129.41,180.0,99.11,180.0
Negotiation_51,R1,2026-09-13T06:28:12.957260Z,behavior_monitor,3,23,415,920,524,322,565,902.96,334.05,599.27,system,NA,0.27,3.56,136.5,129.41,180.0,99.11,180.0
Negotiation_51,R1,2026-09-13T06:28:13.467301Z,behavior_monitor,3,64,488,854,524,271,565,790.34,220.29,584.28,system,NA,0.218,2.9,57.69,129.41,180.0,99.11,180.0
Negotiation_51,R1,2026-09-13T06:28:13.977574Z,behavior_monitor,3,100,566,812,524,220,565,713.49,119.93,593.76,system,NA,0.144,2.9,56.75,41.64,0.0,99.11,180.0
Negotiation_51,R1,2026-09-13T06:28:14.487832Z,behavior_monitor,3,123,645,858,524,170,631,745.25,48.8,696.94,system,NA,0.061,2.9,79.05,129.41,0.0,169.61,125.75
Negotiation_51,R1,2026-09-13T06:28:14.640098Z,shot_hit,3,132,673,880,524,153,654,762.65,27.61,739.1,agent,NA,0.035,2.9,55.91,129.41,0.0,169.61,125.75
Negotiation_51,R1,2026-09-13T06:28:14.640650Z,flight_spawn,4,391,-20,880,524,153,654,732.74,715.39,739.1,system,NA,0.494,2.83,45.0,129.41,0.0,169.61,125.75
Negotiation_51,R1,2026-09-13T06:28:16.425140Z,human_signal,4,625,138,904,508,245,566,463.67,572.77,662.22,human,i_can,0.553,2.83,16.08,129.41,180.0,76.24,0.0
Negotiation_51,R1,2026-09-13T06:28:16.442104Z,behavior_monitor,4,625,138,904,508,246,566,463.67,572.13,661.26,system,NA,0.552,2.83,16.08,129.41,180.0,57.18,0.0
Negotiation_51,R1,2026-09-13T06:28:16.951444Z,behavior_monitor,4,708,155,886,512,275,566,398.76,597.17,614.0,system,NA,0.6,2.83,32.11,129.15,23.08,57.18,0.0
Negotiation_51,R1,2026-09-13T06:28:17.462049Z,behavior_monitor,4,752,224,950,539,288,566,371.91,576.14,661.98,system,NA,0.608,2.83,60.66,137.96,26.77,0.0,-161.24
Negotiation_51,R1,2026-09-13T06:28:17.972659Z,behavior_monitor,4,795,297,959,594,288,567,338.72,573.91,671.13,system,NA,0.629,2.83,59.37,143.05,132.88,0.0,-152.67
Negotiation_51,R1,2026-09-13T06:28:18.277197Z,agent_signal,4,824,344,921,619,302,567,291.71,567.28,620.89,agent,your_turn,0.66,2.83,59.37,140.79,156.81,76.24,0.0
Negotiation_51,R1,2026-09-13T06:28:18.481590Z,behavior_monitor,4,836,372,897,626,314,567,260.97,556.98,585.83,system,NA,0.681,2.83,86.21,129.41,180.0,57.18,0.0
Negotiation_51,R1,2026-09-13T06:28:18.992298Z,behavior_monitor,4,868,440,831,626,343,567,189.59,539.93,491.27,system,NA,0.74,2.83,33.56,129.41,180.0,57.18,0.0
Negotiation_51,R1,2026-09-13T06:28:19.503542Z,behavior_monitor,4,905,507,869,606,345,566,104.88,563.02,525.47,system,NA,0.843,2.83,109.3,138.55,-24.12,0.0,104.14
Negotiation_51,R1,2026-09-13T06:28:19.793630Z,shot_miss,4,889,553,906,589,346,566,39.86,543.02,560.41,human,NA,0.932,2.83,109.3,139.59,-25.75,0.0,7.22
Negotiation_51,R1,2026-09-13T06:28:20.014626Z,behavior_monitor,4,895,588,922,577,352,575,29.29,542.47,569.63,system,NA,0.949,2.83,67.1,54.62,-51.0,130.47,54.25
Negotiation_51,R1,2026-09-13T06:28:20.235668Z,shot_miss,4,914,619,909,576,369,599,43.29,545.03,540.14,human,NA,0.926,2.83,42.63,129.41,180.0,130.47,54.25
Negotiation_51,R1,2026-09-13T06:28:20.526045Z,behavior_monitor,4,949,651,908,601,391,629,64.7,557.88,517.64,system,NA,0.896,2.83,42.63,136.33,67.58,130.47,54.25
Negotiation_51,R1,2026-09-13T06:28:21.041492Z,behavior_monitor,4,1002,713,940,664,430,683,79.73,572.98,509.95,system,NA,0.878,2.83,46.43,137.9,52.58,130.47,54.25
Negotiation_51,R1,2026-09-13T06:28:21.551367Z,behavior_monitor,4,1042,784,986,717,469,738,86.93,574.37,516.88,system,NA,0.869,2.83,74.83,139.05,48.79,130.47,54.25
Negotiation_51,R1,2026-09-13T06:28:22.061565Z,behavior_monitor,4,1066,866,1033,770,508,792,100.87,562.51,525.37,system,NA,0.848,2.83,74.83,139.14,48.13,130.47,54.25
Negotiation_51,R1,2026-09-13T06:28:22.573047Z,behavior_monitor,4,1119,929,1080,823,547,845,112.58,578.12,533.97,system,NA,0.837,2.83,46.85,138.98,48.92,130.47,54.25
Negotiation_51,R1,2026-09-13T06:28:22.743411Z,flight_missed,4,1141,952,1082,831,561,865,134.45,586.61,522.15,system,NA,0.814,2.83,46.85,33.28,180.0,130.47,54.25
Negotiation_51,R1,2026-09-13T06:28:22.744021Z,flight_spawn,5,734,-20,1082,831,561,865,919.9,902.3,522.15,system,NA,0.495,2.83,135.0,33.28,180.0,130.47,54.25
Negotiation_51,R1,2026-09-13T06:28:25.896560Z,agent_signal,5,453,312,727,684,430,615,462.27,304.12,304.94,agent,i_can,0.397,2.83,81.79,0.0,180.0,105.88,-90.0
Negotiation_51,R1,2026-09-13T06:28:25.913268Z,behavior_monitor,5,453,312,727,684,430,613,462.27,301.78,305.47,system,NA,0.395,2.83,81.79,0.0,180.0,137.65,-90.0
Negotiation_51,R1,2026-09-13T06:28:26.422593Z,behavior_monitor,5,471,393,696,684,446,566,367.31,174.99,275.76,system,NA,0.323,2.83,41.59,77.09,180.0,99.11,0.0
Negotiation_51,R1,2026-09-13T06:28:26.933342Z,behavior_monitor,5,522,460,716,684,497,566,296.51,109.23,248.94,system,NA,0.269,2.83,68.44,129.41,0.0,99.11,0.0
Negotiation_51,R1,2026-09-13T06:28:27.443521Z,behavior_monitor,5,584,511,782,684,547,566,262.29,66.29,262.62,system,NA,0.202,2.83,47.4,129.41,0.0,99.11,0.0
Negotiation_51,R1,2026-09-13T06:28:27.767137Z,shot_hit,5,591,565,826,684,570,567,263.56,20.71,281.37,agent,NA,0.073,2.83,93.94,129.41,0.0,33.4,151.36
Negotiation_51,R1,2026-09-13T06:28:27.768236Z,flight_spawn,6,745,-20,826,684,570,567,708.71,612.61,281.37,system,NA,0.464,2.83,45.0,129.41,0.0,33.4,151.36
Negotiation_51,R1,2026-09-13T06:28:28.968593Z,human_signal,6,803,164,895,666,609,567,509.88,446.48,302.41,human,i_can,0.467,2.83,96.63,62.86,-126.12,76.24,0.0
Negotiation_51,R1,2026-09-13T06:28:28.985186Z,behavior_monitor,6,803,164,895,666,610,567,509.88,446.06,301.49,system,NA,0.467,2.83,96.63,63.45,-126.27,57.18,0.0
Negotiation_51,R1,2026-09-13T06:28:29.495198Z,behavior_monitor,6,798,249,854,637,640,566,392.11,354.3,225.75,system,NA,0.475,2.83,96.63,136.66,-155.11,57.18,0.0
Negotiation_51,R1,2026-09-13T06:28:30.005717Z,behavior_monitor,6,761,325,812,616,654,566,295.56,263.45,166.06,system,NA,0.471,2.83,116.84,106.15,0.0,0.0,0.0
Negotiation_51,R1,2026-09-13T06:28:30.192828Z,agent_signal,6,744,355,837,624,654,566,284.25,229.46,191.91,agent,i_can,0.447,2.83,116.84,134.92,20.5,0.0,58.27
Negotiation_51,R1,2026-09-13T06:28:30.517001Z,behavior_monitor,6,722,399,875,643,686,566,287.42,170.83,203.56,system,NA,0.373,2.83,143.6,131.55,32.64,93.29,-16.16
Negotiation_51,R1,2026-09-13T06:28:31.026828Z,behavior_monitor,6,661,446,911,693,658,566,351.5,120.48,283.63,system,NA,0.255,2.83,139.87,139.5,111.93,99.11,180.0
Negotiation_51,R1,2026-09-13T06:28:31.536135Z,behavior_monitor,6,604,508,858,738,607,566,343.29,58.57,304.48,system,NA,0.146,2.83,114.61,137.56,155.83,99.11,180.0
Negotiation_51,R1,2026-09-13T06:28:31.842776Z,shot_hit,6,601,557,816,753,581,566,290.81,21.77,300.66,agent,NA,0.07,2.83,62.87,134.22,164.61,0.0,-177.21
Negotiation_51,R1,2026-09-13T06:28:31.844068Z,flight_spawn,7,882,-20,816,753,581,566,776.02,659.11,300.66,system,NA,0.459,3.4,125.99,134.22,164.61,0.0,-177.21
Negotiation_51,R1,2026-09-13T06:28:34.924433Z,human_signal,7,431,300,712,773,574,565,550.29,301.24,249.69,human,your_turn,0.354,3.4,144.1,0.0,180.0,76.24,180.0
Negotiation_51,R1,2026-09-13T06:28:34.925640Z,behavior_monitor,7,431,300,712,773,574,565,550.29,301.24,249.69,system,NA,0.354,3.4,144.1,0.0,180.0,76.24,180.0
Negotiation_51,R1,2026-09-13T06:28:34.926038Z,human_signal,7,428,302,712,773,574,565,550.24,301.03,249.69,human,your_turn,0.354,3.4,144.1,0.0,180.0,76.24,180.0
Negotiation_51,R1,2026-09-13T06:28:35.435219Z,behavior_monitor,7,349,362,686,773,523,565,531.22,266.82,264.49,system,NA,0.334,3.4,125.93,129.41,180.0,99.11,180.0
Negotiation_51,R1,2026-09-13T06:28:35.538642Z,agent_signal,7,334,377,671,773,512,565,519.92,259.42,261.24,agent,i_can,0.333,3.4,151.05,129.41,180.0,99.11,180.0
Negotiation_51,R1,2026-09-13T06:28:35.947522Z,behavior_monitor,7,258,386,620,773,472,565,529.7,278.52,255.61,system,NA,0.345,3.4,174.27,129.41,180.0,99.11,180.0
Negotiation_51,R1,2026-09-13T06:28:36.458262Z,behavior_monitor,7,155,396,554,773,422,564,548.8,315.02,247.44,system,NA,0.365,3.4,174.27,129.41,180.0,99.11,180.0
Negotiation_51,R1,2026-09-13T06:28:36.968953Z,behavior_monitor,7,60,403,494,764,372,564,563.9,350.81,233.92,system,NA,0.384,3.4,177.03,53.49,-90.0,99.11,180.0
Negotiation_51,R1,2026-09-13T06:28:37.477261Z,behavior_monitor,7,48,424,552,741,321,565,595.29,307.0,290.57,system,NA,0.34,2.05,47.17,135.3,-17.94,99.11,180.0
Negotiation_51,R1,2026-09-13T06:28:37.987241Z,behavior_monitor,7,60,481,618,720,270,565,606.25,226.03,380.34,system,NA,0.272,2.05,64.67,135.17,-17.77,99.11,180.0
Negotiation_51,R1,2026-09-13T06:28:38.499766Z,behavior_monitor,7,77,540,684,715,220,564,631.46,144.92,487.7,system,NA,0.187,2.05,91.2,137.5,0.0,105.3,180.0
Negotiation_51,R1,2026-09-13T06:28:39.008964Z,behavior_monitor,7,60,598,750,715,169,592,699.84,109.46,593.45,system,NA,0.135,2.05,115.15,129.41,0.0,169.61,125.75
Negotiation_51,R1,2026-09-13T06:28:39.520895Z,behavior_monitor,7,61,659,816,715,119,653,757.28,58.31,699.91,system,NA,0.071,2.05,87.39,122.22,0.0,93.6,180.0
Negotiation_51,R1,2026-09-13T06:28:39.827421Z,shot_hit,7,73,695,858,715,87,691,784.66,14.33,771.15,agent,NA,0.018,2.05,58.85,129.41,0.0,169.61,125.75
Negotiation_51,R1,2026-09-13T06:28:39.828474Z,flight_spawn,8,272,-20,858,715,87,691,940.15,735.08,771.15,system,NA,0.439,2.94,47.2,129.41,0.0,169.61,125.75
Negotiation_51,R1,2026-09-13T06:28:41.324311Z,human_signal,8,507,52,859,620,158,590,668.62,641.21,702.29,human,i_can,0.49,2.94,5.88,139.74,-136.26,0.0,-54.25
Negotiation_51,R1,2026-09-13T06:28:41.341503Z,behavior_monitor,8,507,52,859,620,158,590,668.62,641.21,702.29,system,NA,0.49,2.94,5.88,139.74,-136.26,0.0,-54.25
Negotiation_51,R1,2026-09-13T06:28:41.851667Z,behavior_monitor,8,556,114,829,592,161,586,549.9,615.41,668.45,system,NA,0.528,2.94,84.94,0.0,-140.51,97.85,-54.25
Negotiation_51,R1,2026-09-13T06:28:42.361840Z,behavior_monitor,8,555,201,822,626,174,567,502.2,528.2,651.15,system,NA,0.513,2.94,99.73,113.84,122.57,0.0,-54.25
Negotiation_51,R1,2026-09-13T06:28:42.873712Z,behavior_monitor,8,596,265,776,673,174,567,446.31,519.46,611.66,system,NA,0.538,2.94,31.83,143.56,140.17,0.0,150.05
Negotiation_51,R1,2026-09-13T06:28:43.334690Z,agent_signal,8,665,308,720,711,196,567,406.24,535.47,543.83,agent,your_turn,0.569,2.94,31.83,140.15,157.42,76.24,0.0
Negotiation_51,R1,2026-09-13T06:28:43.385319Z,behavior_monitor,8,670,311,716,712,199,567,403.59,535.86,537.22,system,NA,0.57,2.94,31.83,137.9,159.79,57.18,0.0
Negotiation_51,R1,2026-09-13T06:28:43.896778Z,behavior_monitor,8,688,395,690,700,228,565,305.23,490.49,480.93,system,NA,0.616,2.94,86.98,95.37,-67.19,57.18,0.0
Negotiation_51,R1,2026-09-13T06:28:44.407784Z,behavior_monitor,8,685,482,689,639,240,565,157.25,452.62,454.92,system,NA,0.742,2.94,89.7,133.41,-104.07,0.0,0.0
Negotiation_51,R1,2026-09-13T06:28:44.732795Z,shot_miss,8,693,537,677,598,240,565,62.57,453.43,438.34,human,NA,0.879,2.94,66.98,137.5,-109.75,0.0,0.0
Negotiation_51,R1,2026-09-13T06:28:44.919153Z,behavior_monitor,8,706,567,668,573,253,565,38.38,452.49,414.78,system,NA,0.922,2.94,66.98,137.64,-109.91,76.24,0.0
Negotiation_51,R1,2026-09-13T06:28:45.106279Z,shot_miss,8,710,598,673,551,267,583,59.82,442.46,406.66,human,NA,0.881,2.94,91.54,141.04,-40.21,130.47,54.25
Negotiation_51,R1,2026-09-13T06:28:45.429677Z,behavior_monitor,8,730,647,710,562,292,617,87.37,439.56,421.8,system,NA,0.834,2.94,40.79,137.42,52.64,130.47,54.25
Negotiation_51,R1,2026-09-13T06:28:45.940224Z,behavior_monitor,8,798,697,743,624,330,671,90.96,468.05,415.6,system,NA,0.837,2.94,16.07,140.32,60.06,130.47,54.25
Negotiation_51,R1,2026-09-13T06:28:46.449797Z,behavior_monitor,8,882,723,782,683,369,718,107.71,513.34,414.67,system,NA,0.827,2.94,19.94,138.55,49.19,130.47,54.25
Negotiation_51,R1,2026-09-13T06:28:46.961299Z,behavior_monitor,8,967,740,835,729,408,736,133.12,559.6,426.95,system,NA,0.808,2.94,5.96,138.0,33.26,76.24,0.0
Negotiation_51,R1,2026-09-13T06:28:47.472017Z,behavior_monitor,8,1058,756,900,737,438,745,159.22,620.18,462.08,system,NA,0.796,2.94,19.22,129.41,0.0,0.0,54.25
Negotiation_51,R1,2026-09-13T06:28:47.982932Z,behavior_monitor,8,1132,800,964,750,457,772,174.8,674.83,507.09,system,NA,0.794,2.94,46.6,137.11,34.84,130.47,54.25
Negotiation_51,R1,2026-09-13T06:28:48.998962Z,flight_missed,8,1211,954,1080,832,537,881,178.6,678.05,545.45,system,NA,0.792,2.94,94.17,137.57,35.05,130.47,54.25
Negotiation_51,R1,2026-09-13T06:28:48.999395Z,flight_spawn,9,749,-20,1080,832,537,881,914.94,926.36,545.45,system,NA,0.503,2.83,45.0,137.57,35.05,130.47,54.25
Negotiation_51,R1,2026-09-13T06:28:51.230084Z,human_signal,9,608,290,908,732,608,679,533.68,388.44,305.01,human,your_turn,0.421,2.83,110.91,136.53,-159.35,130.47,-125.75
Negotiation_51,R1,2026-09-13T06:28:51.231128Z,behavior_monitor,9,608,290,908,732,608,679,533.68,388.44,305.01,system,NA,0.421,2.83,110.91,136.78,-159.47,130.47,-125.75
Negotiation_51,R1,2026-09-13T06:28:51.231542Z,human_signal,9,608,293,906,731,608,679,529.77,385.8,302.73,human,your_turn,0.421,2.83,110.91,136.78,-159.47,130.47,-125.75
Negotiation_51,R1,2026-09-13T06:28:51.332623Z,agent_signal,9,602,309,893,727,598,665,509.01,355.93,301.5,agent,i_can,0.412,2.83,110.91,136.85,-161.02,169.61,-125.75
Negotiation_51,R1,2026-09-13T06:28:51.741959Z,behavior_monitor,9,601,373,842,709,582,609,413.78,236.62,278.61,system,NA,0.364,2.83,88.71,138.35,-159.3,137.65,-90.0
Negotiation_51,R1,2026-09-13T06:28:52.252268Z,behavior_monitor,9,578,452,785,668,562,567,299.73,115.63,245.65,system,NA,0.278,2.83,116.2,140.49,-127.0,18.26,67.81
Negotiation_51,R1,2026-09-13T06:28:52.763144Z,behavior_monitor,9,531,520,745,609,515,565,231.22,47.71,234.03,system,NA,0.171,2.83,117.83,140.91,-125.52,99.11,180.0
Negotiation_51,R1,2026-09-13T06:28:52.899889Z,shot_hit,9,515,538,731,592,501,565,222.97,29.52,231.71,agent,NA,0.117,2.83,142.43,139.1,-129.65,99.11,180.0
Negotiation_51,R1,2026-09-13T06:28:52.901039Z,flight_spawn,10,923,-20,731,592,501,565,641.88,721.28,231.71,system,NA,0.529,3.6,56.26,139.1,-129.65,99.11,180.0
Negotiation_51,R1,2026-09-13T06:28:53.988558Z,human_signal,10,1085,130,804,568,555,565,520.79,686.48,249.93,human,i_can,0.569,3.6,30.93,129.41,0.0,76.24,0.0
Negotiation_51,R1,2026-09-13T06:28:54.005142Z,behavior_monitor,10,1085,130,804,568,556,565,520.79,685.73,248.96,system,NA,0.568,3.6,30.93,129.41,0.0,57.18,0.0
Negotiation_51,R1,2026-09-13T06:28:54.515272Z,behavior_monitor,10,1184,163,870,568,584,565,512.72,722.03,286.06,system,NA,0.585,3.6,3.71,129.41,0.0,57.18,0.0
Negotiation_51,R1,2026-09-13T06:28:55.024393Z,behavior_monitor,10,1285,200,936,581,598,565,516.07,777.09,338.45,system,NA,0.601,3.6,22.36,133.93,14.93,0.0,0.0
Negotiation_51,R1,2026-09-13T06:28:55.534327Z,behavior_monitor,10,1362,274,1002,599,613,565,484.7,803.84,391.25,system,NA,0.624,3.6,46.85,133.97,15.0,73.72,-10.69
Negotiation_51,R1,2026-09-13T06:28:55.751731Z,agent_signal,10,1400,311,1033,607,630,565,471.43,811.09,405.94,agent,your_turn,0.632,3.6,46.85,133.97,15.0,76.24,0.0
Negotiation_51,R1,2026-09-13T06:28:56.042965Z,behavior_monitor,10,1439,353,1068,617,646,565,454.57,820.43,425.56,system,NA,0.643,3.6,46.85,134.03,15.09,57.18,0.0
Negotiation_51,R1,2026-09-13T06:28:56.553688Z,behavior_monitor,10,1402,421,1134,634,673,565,341.83,742.87,466.72,system,NA,0.685,3.01,139.64,134.08,15.16,0.0,0.0
Negotiation_51,R1,2026-09-13T06:28:57.064699Z,behavior_monitor,10,1352,493,1200,645,674,565,213.86,682.05,532.98,system,NA,0.761,3.01,119.24,129.41,0.0,76.24,0.0
Negotiation_51,R1,2026-09-13T06:28:57.573644Z,behavior_monitor,10,1298,564,1266,645,712,565,85.99,585.39,559.8,system,NA,0.872,3.01,109.83,122.22,0.0,72.0,0.0
Negotiation_51,R1,2026-09-13T06:28:57.727913Z,shot_miss,10,1290,590,1274,631,724,577,43.52,565.83,552.32,human,NA,0.929,3.01,115.43,129.41,-90.0,130.47,54.25
Negotiation_51,R1,2026-09-13T06:28:58.082724Z,behavior_monitor,10,1261,647,1274,584,751,615,64.09,511.07,523.41,system,NA,0.889,3.01,115.43,128.61,-90.0,130.47,54.25
Negotiation_51,R1,2026-09-13T06:28:58.116200Z,shot_miss,10,1259,653,1274,580,754,619,74.18,505.86,521.35,human,NA,0.872,3.01,115.43,136.65,-90.0,138.63,54.25
Negotiation_51,R1,2026-09-13T06:28:58.588359Z,behavior_monitor,10,1220,727,1301,617,790,669,137.13,433.63,513.13,system,NA,0.76,3.01,115.93,137.49,67.44,130.47,54.25
Negotiation_51,R1,2026-09-13T06:28:59.097030Z,behavior_monitor,10,1176,804,1327,682,829,723,194.18,355.67,499.14,system,NA,0.647,3.01,109.3,137.69,68.6,130.47,54.25
Negotiation_51,R1,2026-09-13T06:28:59.606812Z,behavior_monitor,10,1118,868,1348,747,868,777,259.83,265.23,480.06,system,NA,0.505,3.01,137.52,129.41,90.0,130.47,54.25
Negotiation_51,R1,2026-09-13T06:29:00.119708Z,behavior_monitor,10,1043,916,1348,813,907,831,321.92,159.68,440.62,system,NA,0.332,3.01,139.64,129.41,90.0,130.47,54.25
Negotiation_51,R1,2026-09-13T06:29:00.478092Z,flight_missed,10,989,953,1330,861,936,871,353.92,97.19,394.29,system,NA,0.215,3.01,148.1,141.86,122.89,130.47,54.25
Negotiation_51,R1,2026-09-13T06:29:00.479098Z,flight_spawn,11,871,-20,1330,861,936,871,993.82,893.8,394.29,system,NA,0.474,3.56,124.23,141.86,122.89,130.47,54.25
Negotiation_51,R1,2026-09-13T06:29:02.988340Z,human_signal,11,373,129,1011,884,790,667,988.66,680.94,309.7,human,your_turn,0.408,3.56,164.87,129.41,180.0,130.47,-125.75
Negotiation_51,R1,2026-09-13T06:29:02.988904Z,behavior_monitor,11,373,129,1011,884,790,667,988.66,680.94,309.7,system,NA,0.408,3.56,164.87,129.41,180.0,130.47,-125.75
Negotiation_51,R1,2026-09-13T06:29:02.989222Z,human_signal,11,369,130,1009,884,790,667,989.04,682.59,308.13,human,your_turn,0.408,3.56,164.87,129.41,180.0,130.47,-125.75
Negotiation_51,R1,2026-09-13T06:29:03.495284Z,behavior_monitor,11,289,190,945,884,739,597,955.17,607.03,353.09,system,NA,0.389,3.56,135.03,129.41,180.0,169.61,-125.75
Negotiation_51,R1,2026-09-13T06:29:04.008187Z,behavior_monitor,11,208,251,909,884,689,566,944.54,574.72,386.71,system,NA,0.378,3.56,133.6,69.84,0.0,99.11,180.0
Negotiation_51,R1,2026-09-13T06:29:04.331939Z,agent_signal,11,182,314,918,889,656,565,934.19,536.72,416.68,agent,i_can,0.365,3.56,87.5,72.22,180.0,99.11,180.0
Negotiation_51,R1,2026-09-13T06:29:04.519730Z,behavior_monitor,11,176,348,897,892,638,565,903.11,510.31,417.28,system,NA,0.361,3.56,116.78,134.77,163.79,99.11,180.0
Negotiation_51,R1,2026-09-13T06:29:05.029819Z,behavior_monitor,11,126,441,831,902,588,566,842.86,478.62,415.45,system,NA,0.362,3.56,121.24,129.41,180.0,99.11,180.0
Negotiation_51,R1,2026-09-13T06:29:05.539411Z,behavior_monitor,11,57,520,765,891,538,566,799.61,483.19,397.28,system,NA,0.377,3.56,113.73,138.97,-158.62,99.11,180.0
Negotiation_51,R1,2026-09-13T06:29:06.049468Z,behavior_monitor,11,31,603,704,857,487,593,719.31,456.46,341.02,system,NA,0.388,2.91,61.73,139.3,-145.22,167.02,135.38
Negotiation_51,R1,2026-09-13T06:29:06.561264Z,behavior_monitor,11,49,684,646,816,436,663,610.55,387.38,259.13,system,NA,0.388,2.91,88.74,139.48,-144.46,169.61,125.75
Negotiation_51,R1,2026-09-13T06:29:07.074669Z,behavior_monitor,11,61,768,668,762,386,733,606.93,326.15,283.98,system,NA,0.35,2.91,60.74,139.79,-47.48,169.61,125.75
Negotiation_51,R1,2026-09-13T06:29:07.585656Z,behavior_monitor,11,129,816,717,709,335,804,597.02,206.1,393.14,system,NA,0.257,2.91,39.3,132.08,-47.23,160.19,125.75
Negotiation_51,R1,2026-09-13T06:29:08.095137Z,behavior_monitor,11,183,885,765,657,284,874,625.16,101.65,527.82,system,NA,0.14,2.91,62.57,139.85,-47.23,169.61,125.75
Negotiation_51,R1,2026-09-13T06:29:08.485034Z,flight_missed,11,192,954,804,615,244,910,699.31,67.83,633.01,system,NA,0.088,2.91,85.12,141.5,-47.84,99.11,180.0
Negotiation_51,R1,2026-09-13T06:29:08.485845Z,flight_spawn,12,723,-20,804,615,244,910,640.51,1046.16,633.01,system,NA,0.62,2.97,47.72,141.5,-47.84,99.11,180.0
Negotiation_51,R1,2026-09-13T06:29:09.742821Z,human_signal,12,843,152,885,513,312,815,363.36,849.6,647.79,human,i_can,0.7,2.97,76.18,0.0,-90.0,130.47,-54.25
Negotiation_51,R1,2026-09-13T06:29:09.759028Z,behavior_monitor,12,843,152,885,513,313,814,363.36,847.94,646.3,system,NA,0.7,2.97,76.18,0.0,-90.0,97.85,-54.25
Negotiation_51,R1,2026-09-13T06:29:10.269642Z,behavior_monitor,12,812,223,894,542,343,774,328.88,723.77,597.85,system,NA,0.688,2.97,153.97,122.22,90.0,92.42,-54.25
Negotiation_51,R1,2026-09-13T06:29:10.780305Z,behavior_monitor,12,726,244,865,602,356,756,384.14,631.72,531.76,system,NA,0.622,2.97,178.64,140.21,143.88,0.0,147.25
Negotiation_51,R1,2026-09-13T06:29:11.290589Z,behavior_monitor,12,637,266,803,634,357,755,403.46,564.09,462.58,system,NA,0.583,2.97,157.23,129.41,180.0,0.0,-31.02
Negotiation_51,R1,2026-09-13T06:29:11.799607Z,behavior_monitor,12,578,325,738,634,385,716,348.1,435.45,362.94,system,NA,0.556,2.97,128.45,89.57,180.0,148.2,-57.51
Negotiation_51,R1,2026-09-13T06:29:12.310107Z,behavior_monitor,12,519,395,715,634,424,662,309.16,282.91,292.18,system,NA,0.478,2.97,128.45,0.0,180.0,130.47,-54.25
Negotiation_51,R1,2026-09-13T06:29:12.684670Z,agent_signal,12,478,449,715,613,453,623,288.82,175.57,262.91,agent,i_can,0.378,2.97,128.45,102.26,-90.0,130.47,-54.25
Negotiation_51,R1,2026-09-13T06:29:12.819790Z,behavior_monitor,12,465,465,715,599,449,604,283.9,139.64,266.15,system,NA,0.33,2.97,128.45,129.41,-90.0,169.61,-125.75
Negotiation_51,R1,2026-09-13T06:29:13.281465Z,shot_miss,12,412,530,715,538,403,564,303.02,35.34,313.57,agent,NA,0.104,2.97,128.45,129.41,-90.0,99.11,180.0
Negotiation_51,R1,2026-09-13T06:29:13.332551Z,behavior_monitor,12,409,535,715,533,400,564,306.51,30.82,317.32,system,NA,0.091,2.97,128.45,129.41,-90.0,99.11,180.0
Negotiation_51,R1,2026-09-13T06:29:13.552553Z,shot_hit,12,386,570,717,503,376,567,337.96,10.84,347.25,agent,NA,0.031,2.97,103.11,139.81,-74.25,105.3,180.0
Negotiation_51,R1,2026-09-13T06:29:13.552970Z,flight_spawn,13,565,-20,717,503,376,567,544.87,616.97,347.25,system,NA,0.531,3.18,128.97,139.81,-74.25,105.3,180.0
Negotiation_51,R1,2026-09-13T06:29:15.322395Z,human_signal,13,429,251,884,627,433,564,589.91,312.78,455.55,human,your_turn,0.346,3.18,154.7,137.56,54.52,76.24,180.0
Negotiation_51,R1,2026-09-13T06:29:15.323496Z,behavior_monitor,13,429,251,884,627,433,564,589.91,312.78,455.55,system,NA,0.346,3.18,154.7,137.61,54.91,76.24,180.0
Negotiation_51,R1,2026-09-13T06:29:15.324013Z,human_signal,13,427,252,885,629,433,564,593.33,311.46,457.15,human,your_turn,0.344,3.18,154.7,137.61,54.91,76.24,180.0
Negotiation_51,R1,2026-09-13T06:29:15.833118Z,behavior_monitor,13,371,314,888,667,382,564,625.43,250.23,516.28,system,NA,0.286,3.18,124.56,129.41,180.0,99.11,180.0
Negotiation_51,R1,2026-09-13T06:29:16.255036Z,agent_signal,13,304,358,831,661,340,564,608.11,209.13,500.42,agent,i_can,0.256,3.18,150.35,137.13,-160.69,99.11,180.0
Negotiation_51,R1,2026-09-13T06:29:16.340332Z,behavior_monitor,13,292,364,822,658,331,564,605.47,203.45,499.43,system,NA,0.252,3.18,150.35,138.28,-159.37,99.11,180.0
Negotiation_51,R1,2026-09-13T06:29:16.850473Z,behavior_monitor,13,202,391,784,641,281,563,633.95,189.83,509.09,system,NA,0.23,3.18,161.56,89.17,0.0,99.11,180.0
Negotiation_51,R1,2026-09-13T06:29:17.359139Z,behavior_monitor,13,131,448,850,641,230,563,744.88,152.77,624.51,system,NA,0.17,3.18,138.48,129.41,0.0,99.11,180.0
Negotiation_51,R1,2026-09-13T06:29:17.869359Z,behavior_monitor,13,60,511,916,641,180,563,865.81,130.97,740.01,system,NA,0.131,3.18,138.48,129.41,0.0,99.11,180.0
Negotiation_51,R1,2026-09-13T06:29:18.376867Z,behavior_monitor,13,30,578,982,641,130,573,954.54,100.13,855.13,system,NA,0.095,2.55,79.1,137.5,0.0,180.21,125.75
Negotiation_51,R1,2026-09-13T06:29:18.884697Z,behavior_monitor,13,20,649,1025,611,79,643,1006.7,59.95,946.89,system,NA,0.056,2.42,75.81,114.92,-53.11,169.61,125.75
Negotiation_51,R1,2026-09-13T06:29:19.192569Z,shot_hit,13,21,692,1048,579,47,688,1033.12,26.62,1006.56,agent,NA,0.025,2.21,105.35,118.58,-56.67,160.19,125.75
Negotiation_51,R1,2026-09-13T06:29:19.193184Z,flight_spawn,14,700,-20,1048,579,47,688,692.54,963.46,1006.56,system,NA,0.582,3.05,49.02,118.58,-56.67,160.19,125.75
Negotiation_51,R1,2026-09-13T06:29:20.454641Z,human_signal,14,704,191,1014,523,120,587,454.57,705.21,895.86,human,i_can,0.608,3.05,78.03,122.22,180.0,123.22,-54.25
Negotiation_51,R1,2026-09-13T06:29:20.471793Z,behavior_monitor,14,704,191,1014,523,121,585,454.57,703.65,894.8,system,NA,0.608,3.05,78.03,129.41,180.0,97.85,-54.25
Negotiation_51,R1,2026-09-13T06:29:20.981475Z,behavior_monitor,14,731,274,950,543,150,566,346.95,650.28,799.87,system,NA,0.652,3.05,53.14,140.04,147.72,57.18,0.0
Negotiation_51,R1,2026-09-13T06:29:21.374313Z,agent_signal,14,759,339,901,573,164,566,273.5,637.56,737.55,agent,your_turn,0.7,3.05,74.73,138.56,150.13,0.0,-77.97
Negotiation_51,R1,2026-09-13T06:29:21.493812Z,behavior_monitor,14,764,357,889,580,170,566,255.38,629.89,718.5,system,NA,0.712,3.05,74.73,138.29,152.32,57.18,0.0
Negotiation_51,R1,2026-09-13T06:29:22.003131Z,behavior_monitor,14,799,439,825,609,200,566,172.75,612.2,626.29,system,NA,0.78,3.05,48.05,139.31,158.28,57.18,0.0
Negotiation_51,R1,2026-09-13T06:29:22.514108Z,behavior_monitor,14,839,507,820,574,207,567,69.96,634.13,612.81,system,NA,0.901,3.05,96.76,139.72,-48.42,0.0,84.68
Negotiation_51,R1,2026-09-13T06:29:22.598831Z,shot_miss,14,837,522,828,565,207,567,44.44,631.35,620.8,human,NA,0.934,3.05,96.76,140.15,-47.46,0.0,84.68
Negotiation_51,R1,2026-09-13T06:29:22.990528Z,shot_miss,14,819,587,866,526,227,577,77.76,592.33,641.49,human,NA,0.884,3.05,121.58,139.56,-40.87,130.47,54.25
Negotiation_51,R1,2026-09-13T06:29:23.023481Z,behavior_monitor,14,815,592,870,524,229,581,87.5,585.39,643.1,system,NA,0.87,3.05,118.57,119.83,-22.3,130.47,54.25
Negotiation_51,R1,2026-09-13T06:29:23.534660Z,behavior_monitor,14,771,671,885,583,269,635,144.34,503.32,618.05,system,NA,0.777,3.05,118.28,129.41,90.0,130.47,54.25
Negotiation_51,R1,2026-09-13T06:29:24.041752Z,behavior_monitor,14,725,752,885,649,307,688,190.44,422.15,578.69,system,NA,0.689,3.05,118.28,129.41,90.0,130.47,54.25
Negotiation_51,R1,2026-09-13T06:29:24.553444Z,behavior_monitor,14,660,814,892,715,346,742,251.7,322.2,546.37,system,NA,0.561,3.05,164.33,137.72,68.18,130.47,54.25
Negotiation_51,R1,2026-09-13T06:29:25.064455Z,behavior_monitor,14,614,888,921,779,385,796,325.53,246.88,536.31,system,NA,0.431,3.05,115.28,138.79,65.16,130.47,54.25
Negotiation_51,R1,2026-09-13T06:29:25.436006Z,flight_missed,14,597,954,944,828,415,838,369.04,215.67,528.83,system,NA,0.369,3.05,90.25,138.79,65.16,130.47,54.25
Negotiation_51,R1,2026-09-13T06:29:25.437290Z,flight_spawn,15,1078,-20,944,828,415,838,859.4,1084.45,528.83,system,NA,0.558,2.83,135.0,138.79,65.16,130.47,54.25
Negotiation_51,R1,2026-09-13T06:29:27.847990Z,human_signal,15,846,254,807,664,552,649,411.76,492.13,254.94,human,i_can,0.544,2.83,94.63,104.98,-157.48,130.47,-54.25
Negotiation_51,R1,2026-09-13T06:29:27.865553Z,behavior_monitor,15,846,254,807,664,553,648,411.76,490.47,254.05,system,NA,0.544,2.83,94.63,99.65,-157.6,92.42,-54.25
Negotiation_51,R1,2026-09-13T06:29:28.375662Z,behavior_monitor,15,822,335,785,651,582,607,317.95,362.82,208.07,system,NA,0.533,2.83,115.05,65.25,-31.13,97.85,-54.25
Negotiation_51,R1,2026-09-13T06:29:28.801256Z,agent_signal,15,795,402,816,622,596,588,221.22,273.29,223.24,agent,your_turn,0.553,2.83,117.2,127.4,-72.19,0.0,-54.25
Negotiation_51,R1,2026-09-13T06:29:28.886335Z,behavior_monitor,15,789,412,817,613,600,582,203.4,253.65,218.77,system,NA,0.555,2.83,117.2,129.41,-90.0,97.85,-54.25
Negotiation_51,R1,2026-09-13T06:29:29.396825Z,behavior_monitor,15,774,494,783,563,630,566,68.99,160.66,153.22,system,NA,0.7,2.83,96.88,135.12,-154.42,57.18,0.0
Negotiation_51,R1,2026-09-13T06:29:29.430968Z,shot_miss,15,773,500,779,561,632,566,61.09,155.63,147.02,human,NA,0.718,2.83,96.88,135.2,-155.04,65.42,-4.44
Negotiation_51,R1,2026-09-13T06:29:29.771859Z,shot_miss,15,764,556,737,542,639,565,30.24,124.69,100.12,human,NA,0.805,2.83,123.79,135.47,-156.09,0.0,0.0
Negotiation_51,R1,2026-09-13T06:29:29.908419Z,behavior_monitor,15,751,574,720,535,639,565,49.44,111.71,86.86,system,NA,0.693,2.83,122.33,94.72,-149.61,0.0,0.0
Negotiation_51,R1,2026-09-13T06:29:30.249291Z,shot_miss,15,721,622,730,558,642,569,63.89,94.91,88.04,human,NA,0.598,2.83,122.33,133.83,75.23,130.47,54.25
Negotiation_51,R1,2026-09-13T06:29:30.350625Z,conflict,15,711,638,730,574,651,581,67.28,82.63,78.43,system,NA,0.551,2.83,122.33,129.41,90.0,130.47,54.25
Negotiation_51,R1,2026-09-13T06:29:30.418470Z,behavior_monitor,15,706,645,730,574,651,581,75.42,84.86,78.43,system,NA,0.529,2.83,122.33,0.0,90.0,0.0,41.45
Negotiation_51,R1,2026-09-13T06:29:30.929280Z,behavior_monitor,15,667,719,730,578,651,588,153.97,131.57,80.52,system,NA,0.461,2.83,144.6,64.7,90.0,105.88,90.0
Negotiation_51,R1,2026-09-13T06:29:31.437909Z,behavior_monitor,15,609,777,752,604,612,643,224.33,134.83,145.19,system,NA,0.375,2.83,117.3,68.45,38.27,130.47,125.75
Negotiation_51,R1,2026-09-13T06:29:31.946267Z,behavior_monitor,15,591,858,784,629,574,697,299.69,162.41,220.29,system,NA,0.351,2.83,90.34,137.39,36.45,105.88,90.0
Negotiation_51,R1,2026-09-13T06:29:32.455551Z,behavior_monitor,15,576,939,847,657,559,751,391.09,189.08,302.97,system,NA,0.326,2.83,88.64,134.48,17.38,130.47,125.75
Negotiation_51,R1,2026-09-13T06:29:32.524190Z,flight_missed,15,575,953,858,660,558,760,406.66,193.86,315.57,system,NA,0.323,2.83,88.64,134.56,16.83,105.88,90.0
Negotiation_51,R1,2026-09-13T06:29:32.525213Z,flight_spawn,16,523,-20,858,660,558,760,758.52,781.14,315.57,system,NA,0.507,2.83,45.0,134.56,16.83,105.88,90.0
Negotiation_51,R1,2026-09-13T06:29:33.870306Z,human_signal,16,618,167,904,648,578,652,558.97,486.13,326.53,human,your_turn,0.465,2.83,11.98,0.0,-90.0,130.47,-54.25
Negotiation_51,R1,2026-09-13T06:29:33.871456Z,behavior_monitor,16,618,167,904,648,578,652,558.97,486.13,326.53,system,NA,0.465,2.83,11.98,0.0,-90.0,130.47,-54.25
Negotiation_51,R1,2026-09-13T06:29:33.871851Z,human_signal,16,622,168,904,648,578,652,556.74,485.84,326.53,human,your_turn,0.466,2.83,11.98,0.0,-90.0,130.47,-54.25
Negotiation_51,R1,2026-09-13T06:29:34.382565Z,behavior_monitor,16,699,187,929,648,628,581,514.64,400.81,307.65,system,NA,0.438,2.83,13.08,122.22,0.0,160.19,-54.25
Negotiation_51,R1,2026-09-13T06:29:34.773965Z,human_signal,16,761,210,981,648,667,565,489.56,367.11,324.98,human,i_can,0.429,2.83,43.79,129.41,0.0,99.11,0.0
Negotiation_51,R1,2026-09-13T06:29:34.893559Z,behavior_monitor,16,770,225,995,648,674,565,478.54,353.73,331.17,system,NA,0.425,2.83,69.49,122.22,0.0,54.0,0.0
Negotiation_51,R1,2026-09-13T06:29:35.404383Z,behavior_monitor,16,843,268,1054,648,703,565,434.69,329.2,361.01,system,NA,0.431,2.83,16.01,104.57,0.0,57.18,0.0
Negotiation_51,R1,2026-09-13T06:29:35.911508Z,behavior_monitor,16,924,296,1080,635,710,566,373.26,344.65,376.5,system,NA,0.48,2.83,36.72,102.89,-124.57,0.0,176.34
Negotiation_51,R1,2026-09-13T06:29:36.424955Z,behavior_monitor,16,983,354,1035,583,721,566,235.4,337.24,315.08,system,NA,0.589,2.83,35.14,138.82,-130.12,76.24,0.0
Negotiation_51,R1,2026-09-13T06:29:36.427887Z,agent_signal,16,985,355,1034,581,721,566,231.23,338.0,313.46,agent,your_turn,0.594,2.83,35.14,138.82,-130.12,76.24,0.0
Negotiation_51,R1,2026-09-13T06:29:36.936059Z,behavior_monitor,16,1007,429,1013,528,750,566,99.5,291.33,266.01,system,NA,0.745,2.83,85.86,108.25,-90.0,57.18,0.0
Negotiation_51,R1,2026-09-13T06:29:37.157343Z,shot_miss,16,1009,465,1013,504,763,566,38.69,266.1,258.21,human,NA,0.873,2.83,85.86,110.71,-90.0,57.18,0.0
Negotiation_51,R1,2026-09-13T06:29:37.445687Z,behavior_monitor,16,1013,513,1013,472,764,565,41.28,254.24,265.67,system,NA,0.86,2.83,85.86,107.82,-90.0,0.0,-139.85
Negotiation_51,R1,2026-09-13T06:29:37.956710Z,behavior_monitor,16,1066,573,1038,488,765,565,88.95,300.59,283.76,system,NA,0.772,2.83,30.5,136.72,65.18,0.0,36.45
Negotiation_51,R1,2026-09-13T06:29:38.464650Z,behavior_monitor,16,1109,644,1077,547,794,607,102.37,316.95,289.17,system,NA,0.756,2.83,73.77,139.36,47.67,130.47,54.25
Negotiation_51,R1,2026-09-13T06:29:38.975385Z,behavior_monitor,16,1124,725,1119,603,833,661,121.54,296.95,291.19,system,NA,0.71,2.83,66.65,139.05,60.85,156.21,49.53
Negotiation_51,R1,2026-09-13T06:29:39.486842Z,behavior_monitor,16,1159,803,1127,669,873,715,137.53,299.53,258.82,system,NA,0.685,2.83,66.65,129.41,90.0,130.47,54.25
Negotiation_51,R1,2026-09-13T06:29:39.998283Z,behavior_monitor,16,1177,884,1127,735,912,770,156.98,288.57,218.42,system,NA,0.648,2.83,69.32,124.41,90.0,130.47,54.25
Negotiation_51,R1,2026-09-13T06:29:40.421426Z,flight_missed,16,1198,953,1127,731,945,816,232.9,287.25,200.31,system,NA,0.552,2.83,69.32,95.58,-90.0,138.63,54.25
Negotiation_51,R1,2026-09-13T06:29:40.422440Z,flight_spawn,17,527,-20,1127,731,945,816,961.81,935.45,200.31,system,NA,0.493,2.83,135.0,95.58,-90.0,138.63,54.25
Negotiation_51,R1,2026-09-13T06:29:45.239560Z,agent_signal,17,91,319,541,655,735,566,561.89,689.46,212.7,agent,your_turn,0.551,1.9,89.42,129.41,180.0,76.24,180.0
Negotiation_51,R1,2026-09-13T06:29:45.257353Z,behavior_monitor,17,91,319,541,655,734,566,561.89,688.55,211.82,system,NA,0.551,1.9,89.42,129.41,180.0,57.18,180.0
Negotiation_51,R1,2026-09-13T06:29:45.733620Z,human_signal,17,94,374,478,655,707,566,475.0,641.6,245.63,human,i_can,0.575,1.9,89.42,122.22,180.0,54.0,180.0
Negotiation_51,R1,2026-09-13T06:29:45.767800Z,behavior_monitor,17,94,376,475,655,705,565,472.67,640.08,246.27,system,NA,0.575,1.9,89.42,129.41,180.0,57.18,180.0
Negotiation_51,R1,2026-09-13T06:29:46.278123Z,behavior_monitor,17,99,432,409,655,676,565,382.06,591.83,280.77,system,NA,0.608,1.9,62.08,129.41,180.0,57.18,180.0
Negotiation_51,R1,2026-09-13T06:29:46.788869Z,behavior_monitor,17,121,483,343,655,663,566,280.95,548.11,331.54,system,NA,0.661,1.9,55.07,129.41,180.0,0.0,127.02
Negotiation_51,R1,2026-09-13T06:29:47.298704Z,behavior_monitor,17,137,537,277,655,663,566,183.58,526.52,395.32,system,NA,0.741,1.9,77.51,129.41,180.0,0.0,-95.42
Negotiation_51,R1,2026-09-13T06:29:47.810897Z,behavior_monitor,17,174,579,212,655,634,575,84.07,459.8,429.81,system,NA,0.845,1.9,48.38,121.73,180.0,130.47,125.75
Negotiation_51,R1,2026-09-13T06:29:48.068166Z,shot_hit,17,181,605,193,626,615,600,24.27,434.11,423.16,human,NA,0.947,1.9,116.08,137.39,-117.67,130.47,125.75
Negotiation_51,R1,2026-09-13T06:29:48.068680Z,flight_spawn,18,706,-20,193,626,615,600,825.8,626.75,423.16,system,NA,0.431,3.04,131.18,137.39,-117.67,130.47,125.75
Negotiation_51,R1,2026-09-13T06:29:51.093823Z,human_signal,18,207,169,119,473,451,565,316.41,465.41,344.86,human,i_can,0.595,3.04,161.51,137.09,-155.16,76.24,180.0
Negotiation_51,R1,2026-09-13T06:29:51.111353Z,behavior_monitor,18,207,169,119,473,450,565,316.41,464.9,343.92,system,NA,0.595,3.04,161.51,129.38,-155.25,54.0,180.0
Negotiation_51,R1,2026-09-13T06:29:51.621769Z,behavior_monitor,18,132,226,74,464,421,565,245.71,446.02,360.81,system,NA,0.645,3.04,139.48,48.29,90.0,57.18,180.0
Negotiation_51,R1,2026-09-13T06:29:52.131602Z,behavior_monitor,18,54,278,68,525,408,565,247.64,455.83,342.15,system,NA,0.648,3.04,159.95,139.11,111.52,0.0,180.0
Negotiation_51,R1,2026-09-13T06:29:52.641683Z,behavior_monitor,18,46,304,38,591,402,565,286.19,441.08,365.02,system,NA,0.606,1.97,28.16,144.11,122.0,76.24,180.0
Negotiation_51,R1,2026-09-13T06:29:52.676025Z,agent_signal,18,51,307,34,596,399,565,289.82,433.04,366.82,agent,your_turn,0.599,1.97,28.16,142.79,122.74,76.24,180.0
Negotiation_51,R1,2026-09-13T06:29:53.152766Z,behavior_monitor,18,100,325,28,602,372,565,286.0,362.53,346.1,system,NA,0.559,1.97,25.21,0.0,180.0,57.18,180.0
Negotiation_51,R1,2026-09-13T06:29:53.665933Z,behavior_monitor,18,153,341,69,570,356,566,243.54,303.07,287.75,system,NA,0.554,1.97,25.5,137.19,-43.91,0.0,180.0
Negotiation_51,R1,2026-09-13T06:29:54.176563Z,behavior_monitor,18,192,381,119,522,357,566,158.48,247.49,241.32,system,NA,0.61,1.97,18.03,103.22,-47.41,0.0,20.97
Negotiation_51,R1,2026-09-13T06:29:54.686663Z,behavior_monitor,18,249,394,162,507,336,566,142.93,192.53,184.0,system,NA,0.574,1.97,23.68,134.17,-15.31,76.24,180.0
Negotiation_51,R1,2026-09-13T06:29:55.198007Z,behavior_monitor,18,303,409,223,470,297,566,100.96,157.21,121.18,system,NA,0.609,1.97,22.03,142.47,-35.49,76.24,180.0
Negotiation_51,R1,2026-09-13T06:29:55.707617Z,behavior_monitor,18,360,425,284,439,321,566,77.71,146.24,131.5,system,NA,0.653,1.97,12.07,129.41,0.0,90.57,-5.16
Negotiation_51,R1,2026-09-13T06:29:56.183766Z,shot_miss,18,415,436,345,458,357,566,73.86,142.55,108.26,human,NA,0.659,1.97,11.56,134.97,19.46,76.24,0.0
Negotiation_51,R1,2026-09-13T06:29:56.218080Z,behavior_monitor,18,419,437,349,460,360,566,73.8,142.75,106.98,system,NA,0.659,1.97,11.56,134.97,19.46,76.24,0.0
Negotiation_51,R1,2026-09-13T06:29:56.728173Z,behavior_monitor,18,467,466,415,468,399,567,51.78,121.37,100.26,system,NA,0.701,1.97,38.85,137.04,-19.21,71.1,18.79
Negotiation_51,R1,2026-09-13T06:29:56.880947Z,shot_miss,18,482,472,435,461,411,567,47.94,118.44,108.53,human,NA,0.712,1.97,13.89,135.65,-17.45,76.24,0.0
Negotiation_51,R1,2026-09-13T06:29:57.188127Z,shot_miss,18,509,494,475,460,434,566,48.94,103.9,114.02,human,NA,0.68,1.97,43.46,137.5,0.0,81.0,0.0
Negotiation_51,R1,2026-09-13T06:29:57.238821Z,behavior_monitor,18,514,498,481,460,438,566,50.88,101.99,115.01,system,NA,0.667,1.97,43.46,129.41,0.0,76.24,0.0
Negotiation_51,R1,2026-09-13T06:29:57.459852Z,shot_miss,18,540,501,509,466,455,566,45.87,107.01,113.91,human,NA,0.7,1.97,1.03,136.3,24.67,76.24,0.0
Negotiation_51,R1,2026-09-13T06:29:57.870001Z,shot_hit,18,582,510,557,496,486,566,28.41,111.05,99.57,human,NA,0.796,1.97,23.78,137.89,33.75,76.24,0.0
Negotiation_51,R1,2026-09-13T06:29:57.870984Z,flight_spawn,19,741,-20,557,496,486,566,548.79,639.88,99.57,system,NA,0.538,2.86,134.45,137.89,33.75,76.24,0.0
Negotiation_51,R1,2026-09-13T06:29:59.722689Z,human_signal,19,805,275,766,493,605,565,221.62,352.73,175.74,human,i_can,0.614,2.86,60.87,141.56,-35.01,76.24,0.0
Negotiation_51,R1,2026-09-13T06:29:59.740034Z,behavior_monitor,19,805,275,766,493,606,565,221.62,352.18,174.86,system,NA,0.614,2.86,60.87,141.58,-34.44,57.18,0.0
Negotiation_51,R1,2026-09-13T06:30:00.252076Z,behavior_monitor,19,832,354,828,460,636,565,106.78,288.96,219.34,system,NA,0.73,2.86,63.01,135.75,-17.58,57.18,0.0
Negotiation_51,R1,2026-09-13T06:30:00.539111Z,agent_signal,19,848,401,862,446,649,565,47.06,257.78,244.35,agent,your_turn,0.846,2.86,88.34,93.72,-59.06,0.0,0.0
Negotiation_51,R1,2026-09-13T06:30:00.573450Z,shot_miss,19,847,404,862,445,651,565,43.19,253.94,243.38,human,NA,0.855,2.86,88.34,93.72,-59.06,57.18,0.0
Negotiation_51,R1,2026-09-13T06:30:00.759800Z,behavior_monitor,19,830,431,852,426,662,565,22.63,215.39,235.81,system,NA,0.905,2.86,137.74,139.57,-130.21,57.18,0.0
Negotiation_51,R1,2026-09-13T06:30:00.930404Z,shot_miss,19,806,450,843,412,672,565,52.99,177.33,230.17,human,NA,0.77,2.86,137.74,55.3,-90.0,57.18,0.0
Negotiation_51,R1,2026-09-13T06:30:01.269667Z,behavior_monitor,19,785,503,843,439,691,565,86.45,112.82,197.72,system,NA,0.566,2.86,86.0,129.41,90.0,57.18,0.0
Negotiation_51,R1,2026-09-13T06:30:01.779552Z,behavior_monitor,19,800,583,851,505,693,565,93.32,108.04,169.44,system,NA,0.537,2.86,121.76,141.47,61.39,0.0,0.0
Negotiation_51,R1,2026-09-13T06:30:02.289076Z,behavior_monitor,19,758,655,881,569,709,587,150.3,84.53,173.43,system,NA,0.36,2.86,121.76,137.52,67.12,130.47,54.25
Negotiation_51,R1,2026-09-13T06:30:02.799126Z,behavior_monitor,19,719,730,908,634,704,641,211.77,90.31,204.31,system,NA,0.299,2.86,121.65,135.47,72.8,130.47,125.75
Negotiation_51,R1,2026-09-13T06:30:03.307980Z,behavior_monitor,19,652,779,911,700,665,695,270.91,85.25,246.17,system,NA,0.239,2.86,148.64,129.41,90.0,130.47,125.75
Negotiation_51,R1,2026-09-13T06:30:03.816754Z,behavior_monitor,19,571,805,908,765,625,749,339.58,77.29,283.88,system,NA,0.185,2.86,178.35,132.33,106.27,138.63,125.75
Negotiation_51,R1,2026-09-13T06:30:04.328218Z,behavior_monitor,19,486,807,864,738,586,802,384.01,100.22,284.92,system,NA,0.207,2.86,178.35,139.66,-136.34,76.24,180.0
Negotiation_51,R1,2026-09-13T06:30:04.837067Z,behavior_monitor,19,410,830,813,689,548,819,426.39,138.25,294.83,system,NA,0.245,2.86,108.19,140.36,-134.95,130.47,125.75
Negotiation_51,R1,2026-09-13T06:30:05.346563Z,behavior_monitor,19,374,891,763,637,509,873,464.57,136.7,346.35,system,NA,0.227,2.86,52.61,140.05,-134.0,130.47,125.75
Negotiation_51,R1,2026-09-13T06:30:05.841256Z,flight_missed,19,424,953,708,592,470,910,459.37,63.11,397.03,system,NA,0.121,2.86,81.19,139.31,-144.42,76.24,180.0
Negotiation_51,R1,2026-09-13T06:30:05.841976Z,flight_spawn,20,915,-20,708,592,470,910,646.35,1031.08,397.03,system,NA,0.615,2.83,45.0,139.31,-144.42,76.24,180.0
Negotiation_51,R1,2026-09-13T06:30:07.117500Z,human_signal,20,1051,140,728,546,534,821,519.01,855.58,336.91,human,i_can,0.622,2.83,72.05,129.41,0.0,130.47,-54.25
Negotiation_51,R1,2026-09-13T06:30:07.134187Z,behavior_monitor,20,1051,140,728,546,535,820,519.01,853.92,335.25,system,NA,0.622,2.83,72.05,129.41,0.0,97.85,-54.25
Negotiation_51,R1,2026-09-13T06:30:07.646482Z,behavior_monitor,20,1072,220,794,546,564,780,428.27,755.9,328.12,system,NA,0.638,2.83,76.92,129.41,0.0,97.85,-54.25
Negotiation_51,R1,2026-09-13T06:30:08.159415Z,behavior_monitor,20,1093,302,860,546,576,762,336.71,691.22,356.64,system,NA,0.672,2.83,76.92,129.41,0.0,0.0,120.34
Negotiation_51,R1,2026-09-13T06:30:08.566236Z,agent_signal,20,1115,365,915,546,577,763,269.7,669.0,401.51,agent,your_turn,0.713,2.83,109.15,129.41,0.0,0.0,30.72
Negotiation_51,R1,2026-09-13T06:30:08.667677Z,behavior_monitor,20,1106,376,926,546,583,754,247.57,645.7,401.61,system,NA,0.723,2.83,136.11,129.41,0.0,97.85,-54.25
Negotiation_51,R1,2026-09-13T06:30:09.176550Z,behavior_monitor,20,1047,434,992,546,612,714,124.47,517.73,415.93,system,NA,0.806,2.83,136.11,129.41,0.0,97.85,-54.25
Negotiation_51,R1,2026-09-13T06:30:09.534055Z,shot_miss,20,1008,476,1018,508,621,703,34.08,448.99,442.52,human,NA,0.929,2.83,136.11,135.42,-72.87,0.0,53.45
Negotiation_51,R1,2026-09-13T06:30:09.685454Z,behavior_monitor,20,987,489,1019,488,621,703,32.06,424.27,452.57,system,NA,0.93,2.83,156.84,129.41,-90.0,0.0,53.45
Negotiation_51,R1,2026-09-13T06:30:10.197048Z,behavior_monitor,20,919,526,1004,502,621,703,89.23,346.16,433.11,system,NA,0.795,2.83,124.11,140.39,115.44,0.0,53.45
Negotiation_51,R1,2026-09-13T06:30:10.709063Z,behavior_monitor,20,890,605,967,563,651,660,87.33,245.43,330.34,system,NA,0.738,2.83,103.68,139.2,111.61,130.47,-54.25
Negotiation_51,R1,2026-09-13T06:30:11.218944Z,behavior_monitor,20,891,688,986,627,690,669,113.36,201.45,298.81,system,NA,0.64,2.83,103.91,139.09,62.58,130.47,54.25
Negotiation_51,R1,2026-09-13T06:30:11.726982Z,behavior_monitor,20,852,762,1019,690,729,723,181.68,129.21,291.83,system,NA,0.416,2.83,132.74,139.05,62.27,130.47,54.25
Negotiation_51,R1,2026-09-13T06:30:12.232355Z,behavior_monitor,20,782,804,1052,753,765,777,274.97,31.7,287.71,system,NA,0.103,2.83,154.64,139.05,62.27,105.88,90.0
Negotiation_51,R1,2026-09-13T06:30:12.352199Z,shot_hit,20,766,822,1061,770,755,792,299.39,31.72,306.63,agent,NA,0.096,2.83,105.57,139.05,62.27,130.47,125.75
Negotiation_51,R2,2026-09-13T06:30:19.802123Z,flight_spawn,1,645,-20,1061,770,755,792,892.67,819.72,306.63,system,NA,0.479,2.83,135.0,0.0,62.27,0.0,125.75
Negotiation_51,R2,2026-09-13T06:30:26.518929Z,human_signal,1,123,181,985,569,242,580,945.6,417.08,742.17,human,your_turn,0.306,2.83,95.43,0.0,-129.7,130.47,-125.75
Negotiation_51,R2,2026-09-13T06:30:26.520122Z,behavior_monitor,1,123,181,985,569,242,580,945.6,417.08,742.17,system,NA,0.306,2.83,95.43,0.0,-129.7,130.47,-125.75
Negotiation_51,R2,2026-09-13T06:30:26.520558Z,human_signal,1,122,183,985,569,242,580,944.85,414.51,742.17,human,your_turn,0.305,2.83,122.48,0.0,-129.7,130.47,-125.75
Negotiation_51,R2,2026-09-13T06:30:27.029435Z,behavior_monitor,1,63,238,975,569,192,566,970.01,352.26,782.79,system,NA,0.266,2.83,149.69,129.41,180.0,99.11,180.0
Negotiation_51,R2,2026-09-13T06:30:27.539537Z,behavior_monitor,1,44,262,909,569,141,567,917.98,319.77,767.43,system,NA,0.258,1.88,52.76,129.41,180.0,99.11,180.0
Negotiation_51,R2,2026-09-13T06:30:28.049900Z,behavior_monitor,1,80,304,843,569,91,564,807.34,260.61,751.4,system,NA,0.244,1.88,51.19,129.41,180.0,99.11,180.0
Negotiation_51,R2,2026-09-13T06:30:28.556986Z,behavior_monitor,1,131,322,779,542,105,564,684.88,243.67,674.83,system,NA,0.262,1.88,3.11,141.0,-139.8,99.11,0.0
Negotiation_51,R2,2026-09-13T06:30:28.776883Z,agent_signal,1,156,327,756,518,127,564,629.93,238.95,630.72,agent,i_can,0.275,1.88,9.07,140.41,-131.7,99.11,0.0
Negotiation_51,R2,2026-09-13T06:30:29.065206Z,behavior_monitor,1,187,334,762,510,156,565,601.3,232.86,608.39,system,NA,0.279,1.88,32.35,129.35,23.21,99.11,0.0
Negotiation_51,R2,2026-09-13T06:30:29.577826Z,behavior_monitor,1,241,353,818,552,207,565,609.91,214.46,611.53,system,NA,0.26,1.88,10.21,138.12,38.77,99.11,0.0
Negotiation_51,R2,2026-09-13T06:30:30.088888Z,behavior_monitor,1,298,363,879,585,257,565,621.82,206.26,622.38,system,NA,0.249,1.88,10.21,129.41,0.0,99.11,0.0
Negotiation_51,R2,2026-09-13T06:30:30.600371Z,behavior_monitor,1,344,393,945,581,308,565,629.85,175.16,637.38,system,NA,0.218,1.88,14.39,136.12,-18.07,99.11,0.0
Negotiation_51,R2,2026-09-13T06:30:31.108551Z,behavior_monitor,1,397,412,1009,551,358,564,627.7,157.61,651.09,system,NA,0.201,1.88,20.33,141.17,-29.39,99.11,0.0
Negotiation_51,R2,2026-09-13T06:30:31.618475Z,behavior_monitor,1,452,431,1072,515,409,564,624.97,140.23,664.95,system,NA,0.183,1.88,20.33,149.12,-28.79,105.3,0.0
Negotiation_51,R2,2026-09-13T06:30:32.130408Z,behavior_monitor,1,503,439,1135,483,459,565,632.94,133.05,680.72,system,NA,0.174,1.88,5.39,138.69,-26.67,99.11,0.0
Negotiation_51,R2,2026-09-13T06:30:32.641838Z,behavior_monitor,1,559,449,1196,446,510,565,636.75,126.07,696.14,system,NA,0.165,1.88,15.64,142.1,-36.39,99.11,0.0
Negotiation_51,R2,2026-09-13T06:30:33.150892Z,behavior_monitor,1,613,454,1246,454,560,565,632.27,123.33,694.25,system,NA,0.163,1.88,4.68,137.5,90.0,105.3,0.0
Negotiation_51,R2,2026-09-13T06:30:33.652392Z,behavior_monitor,1,657,482,1246,520,611,565,590.26,95.21,636.33,system,NA,0.139,1.88,28.45,129.41,90.0,99.11,0.0
Negotiation_51,R2,2026-09-13T06:30:34.332644Z,shot_miss,1,695,538,1246,610,672,565,554.89,35.84,575.89,agent,NA,0.061,1.88,80.94,137.5,90.0,105.3,0.0
Negotiation_51,R2,2026-09-13T06:30:34.621753Z,shot_hit,1,700,569,1246,648,677,565,551.59,23.53,575.09,agent,NA,0.041,1.88,80.94,129.41,90.0,0.0,108.05
Negotiation_51,R2,2026-09-13T06:30:34.622728Z,flight_spawn,2,461,-20,1246,648,677,565,1030.6,623.7,575.09,system,NA,0.377,2.91,133.39,129.41,90.0,0.0,108.05
Negotiation_51,R2,2026-09-13T06:30:36.443770Z,human_signal,2,427,236,1145,861,575,564,951.69,359.78,642.99,human,your_turn,0.274,2.91,60.11,143.83,133.96,76.24,180.0
Negotiation_51,R2,2026-09-13T06:30:36.444957Z,behavior_monitor,2,427,236,1145,861,575,564,951.69,359.78,642.99,system,NA,0.274,2.91,60.11,143.51,134.08,76.24,180.0
Negotiation_51,R2,2026-09-13T06:30:36.445382Z,human_signal,2,429,239,1143,863,575,564,948.57,356.76,642.29,human,your_turn,0.273,2.91,60.11,143.51,134.08,76.24,180.0
Negotiation_51,R2,2026-09-13T06:30:36.954663Z,behavior_monitor,2,480,301,1086,895,524,565,848.23,267.21,651.37,system,NA,0.24,2.91,40.0,129.41,180.0,99.11,180.0
Negotiation_51,R2,2026-09-13T06:30:37.464395Z,behavior_monitor,2,545,348,1040,862,519,565,713.19,218.16,599.42,system,NA,0.234,2.91,44.84,129.41,-90.0,99.11,0.0
Negotiation_51,R2,2026-09-13T06:30:37.498567Z,agent_signal,2,551,354,1040,855,523,565,700.1,212.34,593.24,agent,i_can,0.233,2.91,44.84,129.41,-90.0,99.11,0.0
Negotiation_51,R2,2026-09-13T06:30:37.973290Z,behavior_monitor,2,605,410,1040,796,570,565,581.19,159.31,524.0,system,NA,0.215,2.91,44.84,129.41,-90.0,99.11,0.0
Negotiation_51,R2,2026-09-13T06:30:38.483499Z,behavior_monitor,2,636,486,1076,735,615,565,505.48,82.1,491.46,system,NA,0.14,2.91,97.63,140.77,-51.98,0.0,0.0
Negotiation_51,R2,2026-09-13T06:30:38.926417Z,shot_hit,2,587,542,1093,679,576,565,523.56,25.46,528.98,agent,NA,0.046,2.91,126.13,129.41,-90.0,99.11,180.0
Negotiation_51,R2,2026-09-13T06:30:38.927197Z,flight_spawn,3,553,-20,1093,679,576,565,883.66,586.06,528.98,system,NA,0.399,2.83,45.0,129.41,-90.0,99.11,180.0
Negotiation_51,R2,2026-09-13T06:30:41.257412Z,agent_signal,3,700,309,987,562,683,564,383.13,255.81,303.95,agent,i_can,0.4,2.83,104.04,0.0,180.0,76.24,180.0
Negotiation_51,R2,2026-09-13T06:30:41.274528Z,behavior_monitor,3,700,309,987,562,683,564,383.13,255.81,303.95,system,NA,0.4,2.83,104.04,0.0,180.0,0.0,180.0
Negotiation_51,R2,2026-09-13T06:30:41.784108Z,behavior_monitor,3,699,392,987,562,676,564,334.8,173.62,311.46,system,NA,0.341,2.83,81.07,0.0,180.0,0.0,17.84
Negotiation_51,R2,2026-09-13T06:30:42.294686Z,behavior_monitor,3,716,475,987,562,693,564,284.79,92.5,294.36,system,NA,0.245,2.83,55.62,0.0,180.0,99.11,0.0
Negotiation_51,R2,2026-09-13T06:30:42.722141Z,shot_miss,3,756,535,996,558,733,564,241.64,36.51,263.12,agent,NA,0.131,2.83,55.62,99.52,-30.34,99.11,0.0
Negotiation_51,R2,2026-09-13T06:30:42.807204Z,behavior_monitor,3,762,545,1004,554,740,564,242.0,29.67,264.68,system,NA,0.109,2.83,55.62,132.17,-27.66,99.11,0.0
Negotiation_51,R2,2026-09-13T06:30:43.012153Z,shot_hit,3,786,574,1030,539,761,569,246.51,25.58,270.63,agent,NA,0.094,2.83,26.44,136.64,-29.09,169.61,54.25
Negotiation_51,R2,2026-09-13T06:30:43.012718Z,flight_spawn,4,1026,-20,1030,539,761,569,559.89,645.67,270.63,system,NA,0.536,2.93,133.01,136.64,-29.09,169.61,54.25
Negotiation_51,R2,2026-09-13T06:30:46.940324Z,agent_signal,4,689,364,838,640,645,565,313.49,205.66,206.47,agent,i_can,0.396,2.93,34.57,0.0,180.0,76.24,0.0
Negotiation_51,R2,2026-09-13T06:30:46.957239Z,behavior_monitor,4,689,364,838,640,647,565,313.49,205.31,204.9,system,NA,0.396,2.93,34.57,0.0,180.0,99.11,0.0
Negotiation_51,R2,2026-09-13T06:30:47.468574Z,behavior_monitor,4,734,435,897,640,698,565,261.25,134.58,212.41,system,NA,0.34,2.93,86.72,129.41,0.0,99.11,0.0
Negotiation_51,R2,2026-09-13T06:30:47.979676Z,behavior_monitor,4,739,523,961,613,716,565,239.42,47.53,249.76,system,NA,0.166,2.93,86.72,139.81,-36.24,0.0,0.0
Negotiation_51,R2,2026-09-13T06:30:48.046441Z,shot_miss,4,740,538,970,606,718,564,240.44,34.44,255.83,agent,NA,0.125,2.93,86.72,140.51,-38.1,22.58,-41.64
Negotiation_51,R2,2026-09-13T06:30:48.386966Z,shot_hit,4,758,593,1008,576,734,586,251.17,25.11,274.75,agent,NA,0.091,2.93,65.0,141.06,-35.66,169.61,54.25
Negotiation_51,R2,2026-09-13T06:30:48.387402Z,flight_spawn,5,812,-20,1008,576,734,586,627.95,611.14,274.75,system,NA,0.493,2.83,135.0,141.06,-35.66,169.61,54.25
Negotiation_51,R2,2026-09-13T06:30:51.871721Z,agent_signal,5,781,512,918,485,768,565,139.44,54.69,169.55,agent,i_can,0.282,2.83,119.39,0.0,180.0,76.24,180.0
Negotiation_51,R2,2026-09-13T06:30:51.888697Z,behavior_monitor,5,781,512,918,485,767,565,139.44,55.11,171.04,system,NA,0.283,2.83,119.39,0.0,180.0,99.11,180.0
Negotiation_51,R2,2026-09-13T06:30:52.007773Z,shot_miss,5,772,531,918,476,755,565,156.44,37.33,185.41,agent,NA,0.193,2.83,119.39,87.32,-90.0,0.0,180.0
Negotiation_51,R2,2026-09-13T06:30:52.348038Z,shot_hit,5,765,586,921,451,748,579,206.76,18.29,215.71,agent,NA,0.081,2.83,97.11,47.86,-46.78,137.65,90.0
Negotiation_51,R2,2026-09-13T06:30:52.349096Z,flight_spawn,6,485,-20,921,451,748,579,641.83,654.93,215.71,system,NA,0.505,2.83,45.0,47.86,-46.78,137.65,90.0
Negotiation_51,R2,2026-09-13T06:30:55.107938Z,agent_signal,6,563,335,864,515,594,565,350.34,231.44,274.54,agent,i_can,0.398,2.83,99.15,136.47,-154.73,76.24,180.0
Negotiation_51,R2,2026-09-13T06:30:55.124067Z,behavior_monitor,6,563,335,864,515,592,565,350.34,231.22,276.2,system,NA,0.398,2.83,99.15,136.47,-154.73,99.11,180.0
Negotiation_51,R2,2026-09-13T06:30:55.636331Z,behavior_monitor,6,546,417,801,486,543,565,263.66,148.3,269.73,system,NA,0.36,2.83,99.03,135.4,-162.89,86.44,-163.21
Negotiation_51,R2,2026-09-13T06:30:56.148380Z,behavior_monitor,6,564,495,773,499,541,565,209.1,73.78,241.02,system,NA,0.261,2.83,49.8,50.06,90.0,99.11,0.0
Negotiation_51,R2,2026-09-13T06:30:56.506569Z,shot_hit,6,603,542,806,524,578,565,204.06,33.58,231.66,agent,NA,0.141,2.83,49.8,135.88,33.64,99.11,0.0
Negotiation_51,R2,2026-09-13T06:30:56.507687Z,flight_spawn,7,953,-20,806,524,578,565,564.06,695.28,231.66,system,NA,0.552,2.96,47.49,135.88,33.64,99.11,0.0
Negotiation_51,R2,2026-09-13T06:30:57.785159Z,human_signal,7,973,148,948,580,646,566,432.7,530.35,302.54,human,i_can,0.551,2.96,148.61,66.93,0.0,72.0,0.0
Negotiation_51,R2,2026-09-13T06:30:57.802018Z,behavior_monitor,7,973,148,948,580,647,566,432.7,529.75,301.57,system,NA,0.55,2.96,148.61,67.56,0.0,57.18,0.0
Negotiation_51,R2,2026-09-13T06:30:58.311591Z,behavior_monitor,7,895,194,924,569,676,566,376.05,431.35,247.48,system,NA,0.534,2.96,148.61,145.95,-160.41,60.75,0.0
Negotiation_51,R2,2026-09-13T06:30:58.818729Z,behavior_monitor,7,835,246,858,547,690,566,302.36,350.89,168.96,system,NA,0.537,2.96,116.48,134.55,-164.12,0.0,-113.44
Negotiation_51,R2,2026-09-13T06:30:59.329055Z,behavior_monitor,7,794,325,792,529,700,566,203.42,258.27,98.98,system,NA,0.559,2.96,116.48,137.37,-159.87,76.24,0.0
Negotiation_51,R2,2026-09-13T06:30:59.456206Z,conflict,7,784,346,775,521,710,566,175.16,231.93,78.82,system,NA,0.57,2.96,145.91,138.09,-149.15,76.24,0.0
Negotiation_51,R2,2026-09-13T06:30:59.839494Z,behavior_monitor,7,729,382,775,521,710,566,145.91,184.52,78.82,system,NA,0.558,2.96,145.91,0.0,-149.15,0.0,0.0
Negotiation_51,R2,2026-09-13T06:30:59.959495Z,agent_signal,7,712,399,775,520,710,566,136.35,167.18,79.38,agent,your_turn,0.551,2.96,139.99,0.0,-149.15,0.0,0.0
Negotiation_51,R2,2026-09-13T06:31:00.353322Z,behavior_monitor,7,664,440,798,516,688,566,154.03,127.65,120.28,system,NA,0.453,2.96,139.99,64.7,0.0,57.18,180.0
Negotiation_51,R2,2026-09-13T06:31:00.864752Z,behavior_monitor,7,636,518,831,516,668,566,194.98,57.87,170.33,system,NA,0.229,2.96,113.79,64.7,0.0,0.0,180.0
Negotiation_51,R2,2026-09-13T06:31:01.375529Z,behavior_monitor,7,566,561,884,516,667,566,320.85,101.18,222.39,system,NA,0.24,2.96,176.67,0.0,0.0,0.0,-167.08
Negotiation_51,R2,2026-09-13T06:31:01.886302Z,behavior_monitor,7,485,589,837,544,643,584,354.83,158.29,197.75,system,NA,0.308,2.96,179.99,137.72,149.29,76.24,180.0
Negotiation_51,R2,2026-09-13T06:31:02.397770Z,behavior_monitor,7,397,589,775,577,604,584,378.82,207.13,171.71,system,NA,0.353,2.96,179.99,122.22,180.0,72.0,180.0
Negotiation_51,R2,2026-09-13T06:31:02.909735Z,behavior_monitor,7,305,589,820,577,565,584,515.45,260.14,255.32,system,NA,0.335,2.96,179.99,129.41,0.0,74.54,-171.43
Negotiation_51,R2,2026-09-13T06:31:03.420557Z,behavior_monitor,7,217,589,880,577,526,584,663.49,309.71,353.79,system,NA,0.318,2.96,179.99,129.41,0.0,76.24,180.0
Negotiation_51,R2,2026-09-13T06:31:03.931006Z,behavior_monitor,7,138,626,946,577,487,616,809.68,348.99,460.99,system,NA,0.301,2.96,131.9,129.41,0.0,130.47,125.75
Negotiation_51,R2,2026-09-13T06:31:04.441389Z,behavior_monitor,7,78,682,991,577,448,669,918.53,369.83,550.65,system,NA,0.287,2.96,159.62,0.0,0.0,130.47,125.75
Negotiation_51,R2,2026-09-13T06:31:04.951009Z,behavior_monitor,7,37,699,982,581,409,694,952.28,371.36,584.59,system,NA,0.281,2.08,18.22,122.95,164.38,76.24,180.0
Negotiation_51,R2,2026-09-13T06:31:07.147369Z,shot_miss,7,200,838,707,481,240,826,620.0,41.36,581.04,agent,NA,0.063,2.08,134.8,141.15,-145.97,130.47,125.75
Negotiation_51,R2,2026-09-13T06:31:07.521500Z,shot_hit,7,194,879,699,468,212,866,650.93,21.96,629.05,agent,NA,0.033,2.08,62.82,0.0,-90.0,130.47,125.75
Negotiation_51,R2,2026-09-13T06:31:07.522725Z,flight_spawn,8,682,-20,699,468,212,866,488.77,1003.7,629.05,system,NA,0.673,3.28,52.39,0.0,-90.0,130.47,125.75
Negotiation_51,R2,2026-09-13T06:31:09.005078Z,human_signal,8,654,224,727,464,300,744,251.25,628.56,510.18,human,i_can,0.714,3.28,131.97,0.0,180.0,123.22,-54.25
Negotiation_51,R2,2026-09-13T06:31:09.022380Z,behavior_monitor,8,654,224,727,464,301,742,251.25,626.9,508.62,system,NA,0.714,3.28,131.97,0.0,180.0,97.85,-54.25
Negotiation_51,R2,2026-09-13T06:31:09.532815Z,behavior_monitor,8,587,296,671,464,331,701,188.14,479.79,414.28,system,NA,0.718,3.28,161.91,122.22,180.0,92.42,-54.25
Negotiation_51,R2,2026-09-13T06:31:10.044748Z,behavior_monitor,8,493,324,605,464,344,682,179.11,387.72,339.65,system,NA,0.684,3.28,160.72,129.41,180.0,0.0,83.58
Negotiation_51,R2,2026-09-13T06:31:10.163736Z,agent_signal,8,470,333,587,464,344,682,176.17,371.25,326.36,agent,your_turn,0.678,3.28,160.72,129.41,180.0,0.0,83.58
Negotiation_51,R2,2026-09-13T06:31:10.555728Z,behavior_monitor,8,396,348,539,464,367,652,184.19,305.46,254.61,system,NA,0.624,3.28,174.88,129.41,180.0,97.85,-54.25
Negotiation_51,R2,2026-09-13T06:31:11.065006Z,behavior_monitor,8,302,387,473,464,349,623,186.78,240.0,200.72,system,NA,0.562,3.28,130.57,129.41,180.0,0.0,-125.75
Negotiation_51,R2,2026-09-13T06:31:11.575664Z,behavior_monitor,8,241,465,407,472,349,623,166.56,191.72,161.83,system,NA,0.535,3.28,109.33,139.28,149.01,0.0,-125.75
Negotiation_51,R2,2026-09-13T06:31:12.017444Z,conflict,8,178,515,356,509,317,578,177.46,152.45,77.98,system,NA,0.462,3.28,161.83,139.11,142.3,130.47,-125.75
Negotiation_51,R2,2026-09-13T06:31:12.085070Z,behavior_monitor,8,169,519,356,509,317,578,186.88,159.83,77.98,system,NA,0.461,3.28,161.83,0.0,142.3,0.0,-125.75
Negotiation_51,R2,2026-09-13T06:31:12.596120Z,behavior_monitor,8,84,553,362,509,310,570,281.62,227.24,79.75,system,NA,0.447,3.28,132.67,76.09,0.0,137.44,-129.61
Negotiation_51,R2,2026-09-13T06:31:13.106525Z,behavior_monitor,8,38,638,395,509,272,606,379.83,236.22,156.82,system,NA,0.383,3.28,104.5,64.7,0.0,130.47,125.75
Negotiation_51,R2,2026-09-13T06:31:13.615203Z,behavior_monitor,8,33,723,433,518,233,660,449.19,209.68,245.1,system,NA,0.318,2.76,61.45,137.95,25.44,130.47,125.75
Negotiation_51,R2,2026-09-13T06:31:14.126366Z,behavior_monitor,8,75,796,496,550,195,715,487.87,144.8,343.52,system,NA,0.229,2.76,61.45,138.61,26.91,130.47,125.75
Negotiation_51,R2,2026-09-13T06:31:14.635924Z,behavior_monitor,8,84,876,561,574,156,769,564.25,128.98,449.02,system,NA,0.186,2.76,88.74,135.0,17.42,130.47,125.75
Negotiation_51,R2,2026-09-13T06:31:15.111436Z,flight_missed,8,94,954,624,595,119,820,640.37,135.67,553.44,system,NA,0.175,2.76,89.22,135.85,18.51,130.47,125.75
Negotiation_51,R2,2026-09-13T06:31:15.112640Z,flight_spawn,9,521,-20,624,595,119,820,624.39,932.16,553.44,system,NA,0.599,3.24,51.86,135.85,18.51,130.47,125.75
Negotiation_51,R2,2026-09-13T06:31:16.268842Z,human_signal,9,568,182,664,577,185,729,407.14,667.87,503.29,human,i_can,0.621,3.24,71.82,138.06,-144.72,130.47,-54.25
Negotiation_51,R2,2026-09-13T06:31:16.284868Z,behavior_monitor,9,568,182,664,577,185,727,407.14,666.21,501.96,system,NA,0.621,3.24,71.82,137.89,-145.23,97.85,-54.25
Negotiation_51,R2,2026-09-13T06:31:16.797534Z,behavior_monitor,9,636,238,606,539,215,687,302.24,614.82,417.48,system,NA,0.67,3.24,16.9,139.37,-143.49,97.85,-54.25
Negotiation_51,R2,2026-09-13T06:31:17.308268Z,behavior_monitor,9,718,283,647,510,228,669,238.04,623.76,447.98,system,NA,0.724,3.24,42.94,129.41,0.0,0.0,-54.25
Negotiation_51,R2,2026-09-13T06:31:17.495702Z,agent_signal,9,746,309,673,510,228,669,213.6,631.01,472.91,agent,your_turn,0.747,3.24,42.94,129.41,0.0,9.55,145.56
Negotiation_51,R2,2026-09-13T06:31:17.818757Z,behavior_monitor,9,770,358,713,510,246,643,162.66,596.41,485.07,system,NA,0.786,3.24,95.26,122.22,0.0,92.42,-54.25
Negotiation_51,R2,2026-09-13T06:31:18.332322Z,behavior_monitor,9,785,451,778,529,270,610,77.9,538.78,513.59,system,NA,0.874,3.24,95.45,129.41,0.0,0.0,-54.25
Negotiation_51,R2,2026-09-13T06:31:18.452109Z,shot_miss,9,782,474,793,529,270,610,56.0,529.45,528.81,human,NA,0.904,3.24,95.45,129.41,0.0,0.0,-54.25
Negotiation_51,R2,2026-09-13T06:31:18.705917Z,shot_hit,9,775,522,786,529,270,610,13.52,511.89,522.24,human,NA,0.974,3.24,115.73,137.5,180.0,0.0,135.03
Negotiation_51,R2,2026-09-13T06:31:18.706368Z,flight_spawn,10,342,-20,786,529,270,610,706.59,634.59,522.24,system,NA,0.473,2.83,135.0,137.5,180.0,0.0,135.03
Negotiation_51,R2,2026-09-13T06:31:23.309545Z,agent_signal,10,229,319,921,542,157,564,726.47,255.45,763.86,agent,i_can,0.26,2.17,5.6,77.72,-151.81,76.24,0.0
Negotiation_51,R2,2026-09-13T06:31:23.325979Z,behavior_monitor,10,229,319,921,542,159,564,726.47,254.98,762.17,system,NA,0.26,2.17,5.6,77.72,-151.81,99.11,0.0
Negotiation_51,R2,2026-09-13T06:31:23.838700Z,behavior_monitor,10,289,325,896,528,209,564,640.35,251.5,687.68,system,NA,0.282,2.17,5.6,56.57,0.0,99.11,0.0
Negotiation_51,R2,2026-09-13T06:31:24.348645Z,behavior_monitor,10,350,347,962,528,259,564,638.02,234.51,703.08,system,NA,0.269,2.17,11.33,129.41,0.0,86.06,15.48
Negotiation_51,R2,2026-09-13T06:31:24.857666Z,behavior_monitor,10,396,388,1028,528,310,564,647.02,195.53,718.19,system,NA,0.232,2.17,60.65,129.41,0.0,99.11,0.0
Negotiation_51,R2,2026-09-13T06:31:25.369509Z,behavior_monitor,10,419,447,1094,528,361,564,679.86,130.6,733.63,system,NA,0.161,2.17,86.73,129.41,0.0,99.11,0.0
Negotiation_51,R2,2026-09-13T06:31:25.879692Z,behavior_monitor,10,461,490,1160,528,412,563,699.65,88.15,748.22,system,NA,0.112,2.17,12.96,122.22,0.0,93.6,0.0
Negotiation_51,R2,2026-09-13T06:31:26.388620Z,behavior_monitor,10,521,508,1226,528,463,563,704.69,80.39,763.65,system,NA,0.102,2.17,39.84,129.41,0.0,99.11,0.0
Negotiation_51,R2,2026-09-13T06:31:26.901631Z,behavior_monitor,10,560,557,1233,553,514,564,672.8,47.16,719.51,system,NA,0.066,2.17,42.42,134.87,106.37,99.11,0.0
Negotiation_51,R2,2026-09-13T06:31:26.952555Z,shot_miss,10,564,564,1230,562,521,563,665.93,43.77,709.7,agent,NA,0.062,2.17,71.99,136.07,108.01,99.11,0.0
Negotiation_51,R2,2026-09-13T06:31:27.291002Z,shot_hit,10,565,606,1214,606,544,601,648.92,21.38,669.73,agent,NA,0.032,2.17,98.88,139.01,111.42,137.65,90.0
Negotiation_51,R2,2026-09-13T06:31:27.291504Z,flight_spawn,11,798,-20,1214,606,544,601,751.62,671.17,669.73,system,NA,0.472,3.44,125.53,139.01,111.42,137.65,90.0
Negotiation_51,R2,2026-09-13T06:31:29.695427Z,human_signal,11,510,313,955,717,501,565,601.39,252.56,478.98,human,your_turn,0.296,3.44,76.85,135.82,162.33,76.24,180.0
Negotiation_51,R2,2026-09-13T06:31:29.696497Z,behavior_monitor,11,510,313,955,717,501,565,601.39,252.56,478.98,system,NA,0.296,3.44,76.85,135.82,162.33,76.24,180.0
Negotiation_51,R2,2026-09-13T06:31:29.696938Z,human_signal,11,511,316,952,718,501,565,597.39,249.24,477.12,human,your_turn,0.294,3.44,76.85,135.82,162.33,76.24,180.0
Negotiation_51,R2,2026-09-13T06:31:29.865778Z,agent_signal,11,520,349,930,725,495,565,557.02,217.59,463.92,agent,i_can,0.281,3.44,75.1,128.39,162.17,0.0,-167.59
Negotiation_51,R2,2026-09-13T06:31:30.207474Z,behavior_monitor,11,536,412,889,730,512,565,475.47,155.0,411.27,system,NA,0.246,3.44,75.1,129.41,180.0,0.0,0.0
Negotiation_51,R2,2026-09-13T06:31:30.717179Z,behavior_monitor,11,538,513,841,684,522,566,347.96,54.82,340.47,system,NA,0.136,3.44,96.68,139.98,-115.08,0.0,180.0
Negotiation_51,R2,2026-09-13T06:31:31.006627Z,shot_hit,11,531,575,825,645,514,570,302.55,18.27,320.8,agent,NA,0.057,3.44,96.68,135.36,-107.05,137.65,90.0
Negotiation_51,R2,2026-09-13T06:31:31.007667Z,flight_spawn,12,1122,-20,825,645,514,570,728.93,847.78,320.8,system,NA,0.538,2.83,135.0,135.36,-107.05,137.65,90.0
Negotiation_51,R2,2026-09-13T06:31:34.543231Z,human_signal,12,609,185,852,479,644,566,381.54,382.97,225.2,human,your_turn,0.501,2.83,162.51,0.0,-90.0,0.0,180.0
Negotiation_51,R2,2026-09-13T06:31:34.545330Z,behavior_monitor,12,609,185,852,479,644,566,381.54,382.97,225.2,system,NA,0.501,2.83,162.51,0.0,-90.0,0.0,180.0
Negotiation_51,R2,2026-09-13T06:31:34.545769Z,human_signal,12,606,185,852,479,644,566,382.82,382.42,225.2,human,your_turn,0.5,2.83,162.51,0.0,-90.0,0.0,180.0
Negotiation_51,R2,2026-09-13T06:31:35.053379Z,behavior_monitor,12,559,251,815,472,594,566,338.39,317.21,240.46,system,NA,0.484,2.83,110.35,135.17,-163.22,99.11,180.0
Negotiation_51,R2,2026-09-13T06:31:35.561688Z,behavior_monitor,12,540,329,749,452,543,566,242.51,236.83,235.05,system,NA,0.494,2.83,84.18,135.28,-163.07,99.11,180.0
Negotiation_51,R2,2026-09-13T06:31:36.071773Z,behavior_monitor,12,593,385,760,444,556,565,177.02,184.15,236.75,system,NA,0.51,2.83,14.01,129.41,0.0,99.11,0.0
Negotiation_51,R2,2026-09-13T06:31:36.581968Z,behavior_monitor,12,676,405,740,477,607,565,95.61,174.27,159.19,system,NA,0.646,2.83,14.01,134.41,164.33,99.11,0.0
Negotiation_51,R2,2026-09-13T06:31:36.821447Z,agent_signal,12,717,416,713,462,630,565,47.01,172.58,131.82,agent,your_turn,0.786,2.83,14.01,137.13,-115.2,99.11,0.0
Negotiation_51,R2,2026-09-13T06:31:36.906166Z,shot_miss,12,728,418,716,454,635,565,37.36,173.42,137.4,human,NA,0.823,2.83,14.01,138.52,-69.11,57.18,0.0
Negotiation_51,R2,2026-09-13T06:31:37.093147Z,behavior_monitor,12,758,426,732,433,645,565,27.86,179.05,157.23,system,NA,0.865,2.83,43.38,140.11,-43.25,57.18,0.0
Negotiation_51,R2,2026-09-13T06:31:37.330246Z,shot_miss,12,787,453,761,424,659,565,38.7,169.58,173.59,human,NA,0.814,2.83,43.38,129.41,0.0,57.18,0.0
Negotiation_51,R2,2026-09-13T06:31:37.601912Z,behavior_monitor,12,828,469,791,445,673,564,43.73,181.32,167.65,system,NA,0.806,2.83,4.67,138.21,46.93,0.0,-7.42
Negotiation_51,R2,2026-09-13T06:31:37.636226Z,shot_miss,12,834,470,794,449,673,564,44.65,186.25,167.46,human,NA,0.807,2.83,4.67,138.3,47.89,0.0,-7.42
Negotiation_51,R2,2026-09-13T06:31:37.891591Z,shot_miss,12,872,486,820,472,673,564,53.78,214.35,173.89,human,NA,0.799,2.83,31.61,136.74,34.12,0.0,152.5
Negotiation_51,R2,2026-09-13T06:31:38.111892Z,behavior_monitor,12,905,498,847,487,673,564,59.81,241.71,190.14,system,NA,0.802,2.83,13.94,134.68,23.58,0.0,-55.52
Negotiation_51,R2,2026-09-13T06:31:38.621971Z,behavior_monitor,12,978,541,911,511,691,564,73.07,287.66,226.58,system,NA,0.797,2.83,41.47,136.25,20.89,76.24,0.0
Negotiation_51,R2,2026-09-13T06:31:39.132392Z,behavior_monitor,12,1018,616,966,553,730,597,81.3,288.19,239.99,system,NA,0.78,2.83,69.15,137.34,50.39,130.47,54.25
Negotiation_51,R2,2026-09-13T06:31:39.642871Z,behavior_monitor,12,1068,681,1004,612,769,651,93.69,300.19,238.39,system,NA,0.762,2.83,45.11,138.86,58.06,130.47,54.25
Negotiation_51,R2,2026-09-13T06:31:40.151767Z,behavior_monitor,12,1142,717,1050,666,807,704,105.09,334.85,245.99,system,NA,0.761,2.83,32.88,137.69,38.93,130.47,54.25
Negotiation_51,R2,2026-09-13T06:31:40.658869Z,behavior_monitor,12,1210,763,1109,703,846,758,116.97,363.92,269.01,system,NA,0.757,2.83,32.88,138.56,31.74,130.47,54.25
Negotiation_51,R2,2026-09-13T06:31:41.165243Z,behavior_monitor,12,1265,826,1170,737,885,810,130.42,380.37,294.76,system,NA,0.745,2.83,32.09,134.34,20.29,130.47,54.25
Negotiation_51,R2,2026-09-13T06:31:41.673003Z,behavior_monitor,12,1343,849,1155,745,924,844,214.2,419.01,252.13,system,NA,0.662,2.83,11.35,138.6,-158.37,130.47,54.25
Negotiation_51,R2,2026-09-13T06:31:44.280583Z,flight_missed,12,1285,952,898,601,1123,910,522.41,167.22,382.06,system,NA,0.242,1.74,143.18,60.84,180.0,76.24,0.0
Negotiation_51,R2,2026-09-13T06:31:44.281736Z,flight_spawn,13,942,-20,898,601,1123,910,622.94,947.49,382.06,system,NA,0.603,2.93,133.08,60.84,180.0,76.24,0.0
Negotiation_51,R2,2026-09-13T06:31:46.084706Z,human_signal,13,681,118,717,539,1056,816,423.35,792.84,437.66,human,i_can,0.652,2.93,104.31,140.61,-156.98,130.47,-125.75
Negotiation_51,R2,2026-09-13T06:31:46.101435Z,behavior_monitor,13,681,118,717,539,1055,815,423.35,791.19,436.06,system,NA,0.651,2.93,104.31,140.36,-157.22,97.85,-125.75
Negotiation_51,R2,2026-09-13T06:31:46.610185Z,behavior_monitor,13,646,195,654,517,1026,774,321.57,691.9,451.9,system,NA,0.683,2.93,126.36,130.06,-158.25,97.85,-125.75
Negotiation_51,R2,2026-09-13T06:31:47.120311Z,behavior_monitor,13,593,266,590,490,1012,755,223.42,643.77,498.45,system,NA,0.742,2.93,126.36,137.25,-157.18,0.0,145.79
Negotiation_51,R2,2026-09-13T06:31:47.544793Z,agent_signal,13,530,311,536,471,1011,754,160.09,653.79,552.95,agent,your_turn,0.803,2.93,125.26,82.49,180.0,130.47,-125.75
Negotiation_51,R2,2026-09-13T06:31:47.630276Z,behavior_monitor,13,523,320,534,471,1006,747,150.85,644.75,546.91,system,NA,0.81,2.93,125.26,0.0,180.0,97.85,-125.75
Negotiation_51,R2,2026-09-13T06:31:48.137190Z,behavior_monitor,13,472,392,507,513,977,707,125.85,594.43,507.88,system,NA,0.825,2.93,125.26,139.23,158.35,97.85,-125.75
Negotiation_51,R2,2026-09-13T06:31:48.646750Z,behavior_monitor,13,422,464,441,513,967,693,52.9,591.53,555.81,system,NA,0.918,2.93,125.26,129.41,180.0,0.0,-125.75
Negotiation_51,R2,2026-09-13T06:31:48.748455Z,shot_miss,13,419,481,428,513,967,693,33.5,587.18,567.78,human,NA,0.946,2.93,97.13,129.41,180.0,35.46,-134.32
Negotiation_51,R2,2026-09-13T06:31:49.120174Z,shot_miss,13,411,544,380,519,966,693,40.62,574.55,611.93,human,NA,0.934,2.93,70.85,134.0,164.96,0.0,112.65
Negotiation_51,R2,2026-09-13T06:31:49.153932Z,behavior_monitor,13,413,550,375,520,966,693,48.23,571.34,615.82,system,NA,0.922,2.93,70.85,134.0,164.96,0.0,112.65
Negotiation_51,R2,2026-09-13T06:31:49.662922Z,behavior_monitor,13,448,627,375,576,928,639,88.77,480.22,556.43,system,NA,0.844,2.93,45.32,139.99,60.77,130.47,-125.75
Negotiation_51,R2,2026-09-13T06:31:50.173212Z,behavior_monitor,13,534,655,409,638,890,650,125.65,356.19,480.81,system,NA,0.739,2.93,2.41,138.98,52.52,76.24,180.0
Negotiation_51,R2,2026-09-13T06:31:50.681730Z,behavior_monitor,13,618,663,464,679,851,657,154.63,232.8,387.12,system,NA,0.601,2.93,23.44,135.06,19.52,130.47,125.75
Negotiation_51,R2,2026-09-13T06:31:51.192114Z,behavior_monitor,13,705,670,515,720,812,665,196.97,106.9,302.29,system,NA,0.352,2.93,3.17,129.41,90.0,76.24,180.0
Negotiation_51,R2,2026-09-13T06:31:51.670343Z,shot_hit,13,785,686,487,781,774,681,312.69,11.78,304.49,agent,NA,0.036,2.93,4.53,142.64,127.25,76.24,180.0
Negotiation_51,R2,2026-09-13T06:31:51.671234Z,flight_spawn,14,1295,-20,487,781,774,681,1138.04,873.18,304.49,system,NA,0.434,3.56,55.79,142.64,127.25,76.24,180.0
Negotiation_51,R2,2026-09-13T06:31:55.774388Z,agent_signal,14,1163,307,768,708,1067,566,562.53,276.26,330.62,agent,i_can,0.329,2.16,163.58,56.5,-90.0,76.24,0.0
Negotiation_51,R2,2026-09-13T06:31:55.790438Z,behavior_monitor,14,1163,307,768,708,1069,566,562.53,275.67,332.15,system,NA,0.329,2.16,163.58,57.4,-90.0,99.11,0.0
Negotiation_51,R2,2026-09-13T06:31:56.303477Z,behavior_monitor,14,1103,333,768,688,1089,566,487.87,233.17,343.42,system,NA,0.323,2.16,156.44,0.0,-90.0,82.04,179.48
Negotiation_51,R2,2026-09-13T06:31:56.814524Z,behavior_monitor,14,1040,351,724,666,1039,566,446.32,215.5,329.87,system,NA,0.326,2.16,170.88,136.69,-151.33,99.11,180.0
Negotiation_51,R2,2026-09-13T06:31:57.327442Z,behavior_monitor,14,976,367,660,643,989,566,419.78,199.41,337.57,system,NA,0.322,2.16,164.19,129.41,180.0,99.11,180.0
Negotiation_51,R2,2026-09-13T06:31:57.835574Z,behavior_monitor,14,921,400,594,643,939,566,406.98,166.84,353.07,system,NA,0.291,2.16,105.74,129.41,180.0,99.11,180.0
Negotiation_51,R2,2026-09-13T06:31:58.340824Z,behavior_monitor,14,905,460,563,683,890,566,408.83,107.29,347.58,system,NA,0.208,2.16,108.39,129.41,90.0,99.11,180.0
Negotiation_51,R2,2026-09-13T06:31:58.845438Z,behavior_monitor,14,883,521,563,749,867,566,393.44,48.1,354.65,system,NA,0.109,2.16,113.34,129.41,90.0,99.11,180.0
Negotiation_51,R2,2026-09-13T06:31:58.896733Z,shot_miss,14,881,529,563,757,863,566,391.73,41.03,356.42,agent,NA,0.095,2.16,113.34,129.41,90.0,0.0,180.0
Negotiation_51,R2,2026-09-13T06:31:59.254046Z,shot_hit,14,857,570,570,804,840,565,369.64,17.81,359.87,agent,NA,0.046,2.16,113.34,134.01,74.95,99.11,180.0
Negotiation_51,R2,2026-09-13T06:31:59.254585Z,flight_spawn,15,570,-20,570,804,840,565,824.04,644.82,359.87,system,NA,0.439,2.97,132.35,134.01,74.95,99.11,180.0
Negotiation_51,R2,2026-09-13T06:32:01.909409Z,agent_signal,15,515,406,527,840,665,563,433.49,217.52,308.95,agent,i_can,0.334,2.97,83.04,0.0,0.0,105.27,-166.48
Negotiation_51,R2,2026-09-13T06:32:01.926114Z,behavior_monitor,15,515,406,527,840,663,563,433.49,216.36,308.2,system,NA,0.333,2.97,83.04,0.0,0.0,99.11,180.0
Negotiation_51,R2,2026-09-13T06:32:02.434871Z,behavior_monitor,15,516,493,527,840,613,564,346.9,120.21,289.28,system,NA,0.257,2.97,135.97,0.0,0.0,99.11,180.0
Negotiation_51,R2,2026-09-13T06:32:02.942628Z,behavior_monitor,15,452,555,533,841,563,564,297.32,111.1,279.08,system,NA,0.272,2.97,135.97,72.27,34.49,99.11,180.0
Negotiation_51,R2,2026-09-13T06:32:03.454464Z,behavior_monitor,15,401,624,493,887,513,618,278.67,112.1,269.52,system,NA,0.287,2.97,131.78,142.74,137.13,169.61,125.75
Negotiation_51,R2,2026-09-13T06:32:03.965139Z,behavior_monitor,15,371,698,433,910,462,686,220.52,92.13,225.87,system,NA,0.295,2.97,80.56,129.41,180.0,169.61,125.75
Negotiation_51,R2,2026-09-13T06:32:04.425257Z,shot_miss,15,388,779,371,910,415,751,131.32,39.07,164.11,agent,NA,0.229,2.97,30.71,129.41,180.0,169.61,125.75
Negotiation_51,R2,2026-09-13T06:32:04.476155Z,behavior_monitor,15,392,782,367,910,412,756,129.75,32.71,159.89,system,NA,0.201,2.97,30.71,129.41,180.0,169.61,125.75
Negotiation_51,R2,2026-09-13T06:32:04.629700Z,shot_hit,15,417,797,357,910,398,779,127.1,26.02,136.91,agent,NA,0.17,2.97,30.71,0.0,180.0,137.65,90.0
Negotiation_51,R2,2026-09-13T06:32:04.630340Z,flight_spawn,16,534,-20,357,910,398,779,946.78,811.01,136.91,system,NA,0.461,3.5,124.8,0.0,180.0,137.65,90.0
Negotiation_51,R2,2026-09-13T06:32:07.178297Z,agent_signal,16,542,401,477,738,462,565,343.24,182.93,173.17,agent,i_can,0.348,3.5,58.7,137.39,-26.29,76.24,0.0
Negotiation_51,R2,2026-09-13T06:32:07.195173Z,behavior_monitor,16,542,401,477,738,463,565,343.24,182.2,173.04,system,NA,0.347,3.5,58.7,136.67,-23.93,99.11,0.0
Negotiation_51,R2,2026-09-13T06:32:07.703921Z,behavior_monitor,16,625,457,542,733,514,565,288.7,155.16,170.99,system,NA,0.35,3.5,16.17,129.41,0.0,99.11,0.0
Negotiation_51,R2,2026-09-13T06:32:08.216165Z,behavior_monitor,16,718,488,608,752,564,564,285.58,171.58,192.41,system,NA,0.375,3.5,68.6,136.75,22.54,99.11,0.0
Negotiation_51,R2,2026-09-13T06:32:08.724717Z,behavior_monitor,16,781,570,671,783,615,564,240.56,166.45,225.97,system,NA,0.409,3.5,64.47,138.35,28.36,99.11,0.0
Negotiation_51,R2,2026-09-13T06:32:09.234752Z,behavior_monitor,16,824,665,733,815,666,634,176.07,160.67,193.19,system,NA,0.477,3.5,64.47,136.5,26.3,169.61,54.25
Negotiation_51,R2,2026-09-13T06:32:09.746978Z,behavior_monitor,16,894,739,796,846,717,704,145.47,180.63,162.12,system,NA,0.554,3.5,59.55,136.77,26.24,169.61,54.25
Negotiation_51,R2,2026-09-13T06:32:10.257298Z,behavior_monitor,16,941,832,859,872,768,775,90.85,182.8,133.68,system,NA,0.668,3.5,82.2,134.66,16.05,169.61,54.25
Negotiation_51,R2,2026-09-13T06:32:10.510558Z,shot_miss,16,923,878,892,881,793,810,30.25,146.4,122.55,human,NA,0.829,3.5,129.69,135.13,16.73,169.61,54.25
Negotiation_51,R2,2026-09-13T06:32:10.766567Z,behavior_monitor,16,887,918,925,893,818,845,46.11,100.64,117.41,system,NA,0.686,3.5,129.69,136.05,21.52,169.68,54.83
Negotiation_51,R2,2026-09-13T06:32:10.886060Z,shot_miss,16,871,937,940,899,830,861,79.4,86.32,116.63,human,NA,0.521,3.5,129.69,136.16,22.1,169.61,54.25
Negotiation_51,R2,2026-09-13T06:32:10.971577Z,flight_missed,16,859,954,953,904,838,875,105.94,80.94,118.38,system,NA,0.433,3.5,129.69,136.28,22.89,169.61,54.25
Negotiation_51,R2,2026-09-13T06:32:10.972867Z,flight_spawn,17,537,-20,953,904,838,875,1014.07,945.07,118.38,system,NA,0.482,3.0,48.2,136.28,22.89,169.61,54.25
Negotiation_51,R2,2026-09-13T06:32:13.290045Z,human_signal,17,827,225,1015,775,767,670,580.63,448.2,269.34,human,i_can,0.436,3.0,38.24,105.92,0.0,130.47,-54.25
Negotiation_51,R2,2026-09-13T06:32:13.306337Z,behavior_monitor,17,827,225,1015,775,768,668,580.63,446.73,268.98,system,NA,0.435,3.0,38.24,105.62,0.0,97.85,-54.25
Negotiation_51,R2,2026-09-13T06:32:13.817279Z,behavior_monitor,17,899,281,1052,750,797,628,493.14,361.27,282.65,system,NA,0.423,3.0,38.24,135.51,-72.74,97.85,-54.25
Negotiation_51,R2,2026-09-13T06:32:14.175143Z,agent_signal,17,942,328,1052,701,811,609,389.1,310.14,258.48,agent,i_can,0.444,3.0,70.64,129.41,-90.0,0.0,-54.25
Negotiation_51,R2,2026-09-13T06:32:14.328207Z,behavior_monitor,17,948,351,1052,684,826,588,348.85,266.45,245.4,system,NA,0.433,3.0,70.64,129.41,-90.0,169.61,-54.25
Negotiation_51,R2,2026-09-13T06:32:14.836378Z,behavior_monitor,17,1010,412,1057,635,877,565,228.39,202.86,193.09,system,NA,0.47,3.0,52.46,129.41,0.0,99.11,0.0
Negotiation_51,R2,2026-09-13T06:32:15.347338Z,behavior_monitor,17,1068,483,1120,659,928,565,183.18,162.51,213.67,system,NA,0.47,3.0,52.46,131.37,34.68,93.6,0.0
Negotiation_51,R2,2026-09-13T06:32:15.856789Z,behavior_monitor,17,1104,566,1165,711,979,565,157.79,124.94,236.79,system,NA,0.442,3.0,75.75,136.56,71.38,99.11,0.0
Negotiation_51,R2,2026-09-13T06:32:16.366578Z,behavior_monitor,17,1149,640,1150,777,1029,634,136.63,119.78,187.2,system,NA,0.467,3.0,51.66,141.5,119.78,169.61,54.25
Negotiation_51,R2,2026-09-13T06:32:16.877880Z,behavior_monitor,17,1188,717,1162,834,1079,704,119.52,110.04,154.32,system,NA,0.479,3.0,76.28,138.75,44.97,169.61,54.25
Negotiation_51,R2,2026-09-13T06:32:17.389363Z,behavior_monitor,17,1248,776,1215,882,1130,772,111.0,118.22,139.3,system,NA,0.516,3.0,19.77,131.95,42.38,160.19,54.25
Negotiation_51,R2,2026-09-13T06:32:17.900790Z,behavior_monitor,17,1326,801,1267,910,1180,795,123.9,147.05,144.62,system,NA,0.543,3.0,24.5,103.21,0.0,99.11,0.0
Negotiation_51,R2,2026-09-13T06:32:18.406482Z,behavior_monitor,17,1418,816,1273,910,1230,811,172.52,187.81,107.64,system,NA,0.521,3.0,1.73,0.0,0.0,99.11,0.0
Negotiation_51,R2,2026-09-13T06:32:18.883882Z,conflict,17,1429,837,1273,910,1279,832,172.7,150.63,77.97,system,NA,0.466,1.8,123.88,0.0,0.0,99.11,0.0
Negotiation_51,R2,2026-09-13T06:32:18.917668Z,behavior_monitor,17,1428,838,1273,910,1279,832,171.27,149.81,77.97,system,NA,0.467,1.8,99.64,0.0,0.0,0.0,54.25
Negotiation_51,R2,2026-09-13T06:32:19.810665Z,shot_hit,17,1354,875,1254,910,1336,870,105.48,19.52,90.53,agent,NA,0.156,1.8,179.33,0.0,180.0,0.0,0.0
Negotiation_51,R2,2026-09-13T06:32:19.811396Z,flight_spawn,18,758,-20,1254,910,1336,870,1054.32,1061.2,90.53,system,NA,0.502,2.83,135.0,0.0,180.0,0.0,0.0
Negotiation_51,R2,2026-09-13T06:32:22.676441Z,agent_signal,18,542,330,1254,910,1200,681,917.98,745.73,234.78,agent,i_can,0.448,2.83,107.26,0.0,180.0,123.22,-125.75
Negotiation_51,R2,2026-09-13T06:32:22.694022Z,behavior_monitor,18,542,330,1254,910,1199,679,917.98,743.14,237.45,system,NA,0.447,2.83,107.26,0.0,180.0,169.61,-125.75
Negotiation_51,R2,2026-09-13T06:32:23.203970Z,behavior_monitor,18,494,392,1254,910,1148,609,920.25,689.21,318.74,system,NA,0.428,2.83,155.35,0.0,180.0,169.61,-125.75
Negotiation_51,R2,2026-09-13T06:32:23.711479Z,behavior_monitor,18,420,427,1254,910,1097,565,964.09,691.27,378.99,system,NA,0.418,2.83,134.52,0.0,180.0,99.11,180.0
Negotiation_51,R2,2026-09-13T06:32:24.099087Z,human_signal,18,375,474,1254,910,1060,565,981.58,691.38,395.78,human,your_turn,0.413,2.83,109.0,0.0,180.0,105.3,180.0
Negotiation_51,R2,2026-09-13T06:32:24.099269Z,human_signal,18,375,474,1254,910,1060,565,981.58,691.38,395.78,human,i_can,0.413,2.83,109.0,0.0,180.0,105.3,180.0
Negotiation_51,R2,2026-09-13T06:32:24.220557Z,behavior_monitor,18,368,493,1254,910,1052,565,979.02,687.6,399.65,system,NA,0.413,2.83,133.3,0.0,180.0,57.18,180.0
Negotiation_51,R2,2026-09-13T06:32:24.728213Z,behavior_monitor,18,308,554,1211,896,1023,564,966.03,715.51,380.85,system,NA,0.426,2.83,134.06,136.6,-161.34,57.18,180.0
Negotiation_51,R2,2026-09-13T06:32:24.863542Z,agent_signal,18,292,573,1193,890,1015,566,955.36,723.27,369.69,agent,your_turn,0.431,2.83,107.22,136.6,-161.34,97.85,125.75
Negotiation_51,R2,2026-09-13T06:32:25.234064Z,behavior_monitor,18,275,630,1145,879,994,596,904.6,719.3,321.14,system,NA,0.443,2.83,86.49,129.41,180.0,97.85,125.75
Negotiation_51,R2,2026-09-13T06:32:25.743811Z,behavior_monitor,18,285,715,1079,879,971,627,811.1,692.36,274.23,system,NA,0.461,2.83,86.49,129.41,180.0,0.0,125.75
Negotiation_51,R2,2026-09-13T06:32:26.253037Z,behavior_monitor,18,330,786,1013,879,972,627,689.11,660.93,255.66,system,NA,0.49,2.83,43.99,129.41,180.0,0.0,86.71
Negotiation_51,R2,2026-09-13T06:32:26.763721Z,behavior_monitor,18,396,839,948,893,951,656,554.69,584.37,237.32,system,NA,0.513,2.83,60.1,140.51,146.71,130.47,125.75
Negotiation_51,R2,2026-09-13T06:32:27.274832Z,behavior_monitor,18,441,910,888,910,912,710,446.27,511.74,201.17,system,NA,0.534,2.83,39.07,129.41,180.0,130.47,125.75
Negotiation_51,R2,2026-09-13T06:32:27.784749Z,behavior_monitor,18,522,936,822,910,873,763,300.93,391.53,155.21,system,NA,0.565,2.83,11.44,129.41,180.0,130.47,125.75
Negotiation_51,R2,2026-09-13T06:32:27.971538Z,flight_missed,18,552,952,795,910,862,780,246.47,354.04,145.83,system,NA,0.59,2.83,28.73,129.41,180.0,0.0,125.75
Negotiation_51,R2,2026-09-13T06:32:27.972166Z,flight_spawn,19,227,-20,795,910,862,780,1090.08,1021.58,145.83,system,NA,0.484,3.56,55.84,129.41,180.0,0.0,125.75
Negotiation_51,R2,2026-09-13T06:32:30.823194Z,agent_signal,19,636,368,760,778,698,565,428.41,206.5,221.93,agent,i_can,0.325,3.56,35.32,93.67,0.0,76.24,180.0
Negotiation_51,R2,2026-09-13T06:32:30.839380Z,behavior_monitor,19,636,368,760,778,696,565,428.41,206.0,222.41,system,NA,0.325,3.56,35.32,95.33,0.0,99.11,180.0
Negotiation_51,R2,2026-09-13T06:32:31.351148Z,behavior_monitor,19,731,421,774,778,693,566,359.55,149.73,227.3,system,NA,0.294,3.56,34.81,0.0,0.0,99.11,0.0
Negotiation_51,R2,2026-09-13T06:32:31.858405Z,behavior_monitor,19,781,510,809,792,743,565,283.14,67.38,236.16,system,NA,0.192,3.56,92.51,146.06,28.79,105.3,0.0
Negotiation_51,R2,2026-09-13T06:32:32.061067Z,shot_hit,19,783,556,835,808,760,565,257.65,25.11,254.13,agent,NA,0.089,3.56,71.04,139.4,31.97,0.0,0.0
Negotiation_51,R2,2026-09-13T06:32:32.061678Z,flight_spawn,20,592,-20,835,808,760,565,863.5,609.43,254.13,system,NA,0.414,2.83,135.0,139.4,31.97,0.0,0.0
Negotiation_51,R2,2026-09-13T06:32:35.515585Z,agent_signal,20,324,361,524,892,552,565,567.4,305.89,328.65,agent,i_can,0.35,2.83,70.05,138.6,-159.02,76.24,180.0
Negotiation_51,R2,2026-09-13T06:32:35.532286Z,behavior_monitor,20,324,361,524,892,550,565,567.4,304.64,328.51,system,NA,0.349,2.83,70.05,138.6,-159.02,99.11,180.0
Negotiation_51,R2,2026-09-13T06:32:36.044090Z,behavior_monitor,20,308,440,460,861,500,566,447.15,229.56,297.78,system,NA,0.339,2.83,91.91,139.07,-150.48,99.11,180.0
Negotiation_51,R2,2026-09-13T06:32:36.554353Z,behavior_monitor,20,268,511,410,840,449,565,358.09,189.44,277.71,system,NA,0.346,2.83,139.91,0.0,-149.54,99.11,180.0
Negotiation_51,R2,2026-09-13T06:32:37.063927Z,behavior_monitor,20,202,561,467,847,399,565,390.13,196.58,290.57,system,NA,0.335,2.83,169.13,141.73,-27.39,99.11,180.0
Negotiation_51,R2,2026-09-13T06:32:37.574731Z,behavior_monitor,20,119,577,514,805,348,572,455.82,229.34,285.78,system,NA,0.335,2.83,169.13,0.0,0.0,99.11,180.0
Negotiation_51,R2,2026-09-13T06:32:38.084109Z,behavior_monitor,20,60,627,456,837,298,619,448.52,238.23,269.37,system,NA,0.347,2.83,116.43,147.79,158.49,180.21,125.75
Negotiation_51,R2,2026-09-13T06:32:38.595791Z,behavior_monitor,20,37,657,390,855,248,653,405.25,211.29,247.39,system,NA,0.343,1.79,0.74,133.83,165.23,99.11,180.0
Negotiation_51,R2,2026-09-13T06:32:39.104644Z,behavior_monitor,20,78,682,415,860,197,676,381.75,119.83,285.01,system,NA,0.239,1.79,27.35,129.41,0.0,99.11,180.0
Negotiation_51,R2,2026-09-13T06:32:39.614594Z,behavior_monitor,20,125,692,481,843,147,688,387.48,22.73,368.63,system,NA,0.055,1.79,2.1,139.22,-21.64,99.11,180.0
Negotiation_51,R2,2026-09-13T06:32:39.735162Z,shot_hit,20,139,692,499,836,134,688,387.27,7.37,394.36,agent,NA,0.019,1.79,2.1,139.22,-21.64,99.11,180.0
Negotiation_51,R3,2026-09-13T06:33:59.481138Z,flight_spawn,1,760,-20,499,836,134,688,895.18,945.24,394.36,system,NA,0.514,2.83,45.0,0.0,-21.64,0.0,180.0
Negotiation_51,R3,2026-09-13T06:34:04.232491Z,human_signal,1,942,194,1061,705,470,610,524.9,629.26,597.9,human,i_can,0.545,2.83,19.5,52.12,0.0,130.47,-54.25
Negotiation_51,R3,2026-09-13T06:34:04.248918Z,behavior_monitor,1,942,194,1061,705,471,609,524.9,627.64,597.16,system,NA,0.545,2.83,19.5,46.18,0.0,97.85,-54.25
Negotiation_51,R3,2026-09-13T06:34:04.759939Z,behavior_monitor,1,1024,218,1068,676,501,568,460.02,629.67,577.19,system,NA,0.578,2.83,12.43,129.41,-90.0,97.85,-54.25
Negotiation_51,R3,2026-09-13T06:34:05.270165Z,behavior_monitor,1,1098,257,1079,611,515,566,354.51,660.05,565.54,system,NA,0.651,2.83,22.14,139.76,-55.47,0.0,0.0
Negotiation_51,R3,2026-09-13T06:34:05.776485Z,behavior_monitor,1,1174,282,1137,583,515,566,303.67,717.24,622.03,system,NA,0.703,2.83,9.34,137.5,0.0,0.0,-53.16
Negotiation_51,R3,2026-09-13T06:34:06.286448Z,behavior_monitor,1,1253,303,1203,595,554,566,297.06,747.57,649.84,system,NA,0.716,2.83,7.82,129.41,0.0,76.24,0.0
Negotiation_51,R3,2026-09-13T06:34:06.609689Z,agent_signal,1,1307,319,1247,598,578,567,285.17,769.29,669.29,agent,your_turn,0.73,2.83,18.93,129.41,0.0,76.24,0.0
Negotiation_51,R3,2026-09-13T06:34:06.795510Z,behavior_monitor,1,1334,326,1269,598,589,566,279.94,782.85,680.96,system,NA,0.737,2.83,9.66,129.41,0.0,57.18,0.0
Negotiation_51,R3,2026-09-13T06:34:07.308082Z,behavior_monitor,1,1421,340,1329,573,619,566,249.86,833.22,710.52,system,NA,0.769,2.83,9.66,142.11,-52.35,57.18,0.0
Negotiation_51,R3,2026-09-13T06:34:07.818004Z,behavior_monitor,1,1423,361,1371,513,623,565,161.46,826.24,750.27,system,NA,0.837,1.81,153.83,142.37,-54.94,0.0,-47.34
Negotiation_51,R3,2026-09-13T06:34:08.331415Z,behavior_monitor,1,1386,400,1377,448,652,565,48.92,752.94,734.58,system,NA,0.939,1.81,102.51,134.84,-108.34,76.24,0.0
Negotiation_51,R3,2026-09-13T06:34:08.467636Z,shot_hit,1,1380,414,1367,432,662,565,22.55,734.12,717.16,human,NA,0.97,1.81,102.51,140.8,-132.03,76.24,0.0
Negotiation_51,R3,2026-09-13T06:34:08.468759Z,flight_spawn,2,801,-20,1367,432,662,565,724.72,601.66,717.16,system,NA,0.454,3.3,127.28,140.8,-132.03,76.24,0.0
Negotiation_51,R3,2026-09-13T06:34:10.982632Z,agent_signal,2,620,375,1236,567,625,564,645.59,188.91,611.48,agent,i_can,0.226,3.3,82.81,136.28,-161.73,76.24,180.0
Negotiation_51,R3,2026-09-13T06:34:10.999323Z,behavior_monitor,2,620,375,1236,567,623,564,645.59,188.87,613.16,system,NA,0.226,3.3,82.81,136.28,-161.73,99.11,180.0
Negotiation_51,R3,2026-09-13T06:34:11.511710Z,behavior_monitor,2,632,473,1186,552,609,565,559.41,94.21,576.54,system,NA,0.144,3.3,82.81,0.0,180.0,0.0,0.0
Negotiation_51,R3,2026-09-13T06:34:11.985931Z,shot_hit,2,602,564,1190,552,584,565,588.37,17.67,606.04,agent,NA,0.029,3.3,109.38,0.0,0.0,99.11,180.0
Negotiation_51,R3,2026-09-13T06:34:11.986500Z,flight_spawn,3,1223,-20,1190,552,584,565,573.77,866.04,606.04,system,NA,0.601,3.55,55.74,0.0,0.0,99.11,180.0
Negotiation_51,R3,2026-09-13T06:34:13.075841Z,human_signal,3,1248,205,1209,552,649,565,349.66,699.17,559.9,human,i_can,0.667,3.55,83.79,0.0,0.0,76.24,0.0
Negotiation_51,R3,2026-09-13T06:34:13.092649Z,behavior_monitor,3,1248,205,1209,552,650,565,349.66,698.33,558.93,system,NA,0.666,3.55,83.79,0.0,0.0,57.18,0.0
Negotiation_51,R3,2026-09-13T06:34:13.603748Z,behavior_monitor,3,1264,305,1227,538,679,565,235.23,639.57,548.93,system,NA,0.731,3.55,51.87,135.56,-72.68,57.18,0.0
Negotiation_51,R3,2026-09-13T06:34:13.621717Z,agent_signal,3,1268,311,1229,533,680,565,225.9,640.58,549.56,agent,your_turn,0.739,3.55,51.87,135.56,-72.68,57.18,0.0
Negotiation_51,R3,2026-09-13T06:34:14.114915Z,behavior_monitor,3,1357,348,1266,480,706,565,159.93,685.65,565.76,system,NA,0.811,3.55,22.78,139.54,-33.61,0.0,0.0
Negotiation_51,R3,2026-09-13T06:34:14.625039Z,behavior_monitor,3,1400,435,1331,474,706,565,79.55,705.99,631.47,system,NA,0.899,3.55,70.94,134.5,18.54,0.0,117.97
Negotiation_51,R3,2026-09-13T06:34:14.693502Z,shot_miss,3,1405,448,1339,478,706,565,71.81,708.17,639.2,human,NA,0.908,3.55,70.94,135.68,25.12,0.0,117.97
Negotiation_51,R3,2026-09-13T06:34:14.983729Z,shot_miss,3,1424,504,1373,499,706,565,50.86,720.08,670.11,human,NA,0.934,3.55,47.31,138.11,35.08,0.0,117.97
Negotiation_51,R3,2026-09-13T06:34:15.137701Z,behavior_monitor,3,1446,528,1390,512,706,565,58.45,741.05,685.94,system,NA,0.927,3.55,47.31,137.0,37.61,0.0,117.97
Negotiation_51,R3,2026-09-13T06:34:15.290804Z,shot_miss,3,1436,548,1406,526,713,565,37.07,723.17,694.52,human,NA,0.951,2.98,125.47,137.76,42.42,76.24,0.0
Negotiation_51,R3,2026-09-13T06:34:15.612628Z,shot_miss,3,1415,598,1436,558,737,583,44.27,677.9,699.09,human,NA,0.939,2.98,82.82,136.66,53.5,130.47,54.25
Negotiation_51,R3,2026-09-13T06:34:15.647377Z,behavior_monitor,3,1416,603,1438,562,740,587,46.54,676.87,699.03,system,NA,0.936,2.98,82.82,136.92,56.9,130.47,54.25
Negotiation_51,R3,2026-09-13T06:34:16.157965Z,behavior_monitor,3,1426,638,1443,628,779,632,20.52,646.73,664.51,system,NA,0.969,1.82,167.9,129.41,90.0,76.24,0.0
Negotiation_51,R3,2026-09-13T06:34:16.175143Z,shot_hit,3,1424,638,1443,630,780,634,21.17,643.78,663.21,human,NA,0.968,1.82,167.9,129.41,90.0,76.24,0.0
Negotiation_51,R3,2026-09-13T06:34:16.175768Z,flight_spawn,4,724,-20,1443,630,780,634,969.83,656.95,663.21,system,NA,0.404,3.19,51.14,129.41,90.0,76.24,0.0
Negotiation_51,R3,2026-09-13T06:34:18.298759Z,human_signal,4,931,302,1262,694,887,566,513.51,267.17,396.45,human,your_turn,0.342,3.19,11.99,136.46,-161.5,76.24,0.0
Negotiation_51,R3,2026-09-13T06:34:18.299107Z,behavior_monitor,4,931,302,1262,694,887,566,513.51,267.17,396.45,system,NA,0.342,3.19,11.99,132.2,-162.86,76.24,0.0
Negotiation_51,R3,2026-09-13T06:34:18.299267Z,human_signal,4,935,303,1261,694,887,566,509.61,267.17,395.08,human,your_turn,0.344,3.19,11.99,132.2,-162.86,76.24,0.0
Negotiation_51,R3,2026-09-13T06:34:18.417083Z,agent_signal,4,958,307,1251,694,899,566,485.59,264.93,375.02,agent,i_can,0.353,3.19,11.99,77.17,180.0,99.11,0.0
Negotiation_51,R3,2026-09-13T06:34:18.807818Z,behavior_monitor,4,1025,325,1233,674,937,566,406.74,256.47,314.89,system,NA,0.387,3.19,16.55,129.41,-90.0,99.11,0.0
Negotiation_51,R3,2026-09-13T06:34:19.318274Z,behavior_monitor,4,1111,352,1260,609,988,566,297.22,247.15,275.35,system,NA,0.454,3.19,29.37,141.01,-55.15,99.11,0.0
Negotiation_51,R3,2026-09-13T06:34:19.829152Z,behavior_monitor,4,1169,417,1318,569,1038,566,212.73,197.6,279.57,system,NA,0.482,3.19,88.69,140.06,-28.74,99.11,0.0
Negotiation_51,R3,2026-09-13T06:34:20.341607Z,behavior_monitor,4,1199,506,1302,584,1089,566,129.6,124.87,213.52,system,NA,0.491,3.19,59.26,122.22,90.0,93.6,0.0
Negotiation_51,R3,2026-09-13T06:34:20.853391Z,behavior_monitor,4,1259,580,1332,646,1140,575,98.17,119.42,204.83,system,NA,0.549,3.19,56.51,138.69,68.92,169.61,54.25
Negotiation_51,R3,2026-09-13T06:34:21.361367Z,behavior_monitor,4,1296,665,1340,712,1190,645,64.29,107.52,164.05,system,NA,0.626,3.19,81.75,129.41,90.0,169.61,54.25
Negotiation_51,R3,2026-09-13T06:34:21.548287Z,shot_miss,4,1302,700,1340,736,1209,671,52.91,97.16,146.65,human,NA,0.647,3.19,81.75,129.41,90.0,169.61,54.25
Negotiation_51,R3,2026-09-13T06:34:21.870699Z,behavior_monitor,4,1329,752,1340,778,1241,715,28.54,95.19,117.45,system,NA,0.769,3.19,28.03,129.41,90.0,169.61,54.25
Negotiation_51,R3,2026-09-13T06:34:21.923339Z,shot_hit,4,1336,757,1340,785,1246,722,28.54,97.05,113.39,human,NA,0.773,3.19,28.03,122.22,90.0,160.19,54.25
Negotiation_51,R3,2026-09-13T06:34:21.923873Z,flight_spawn,5,711,-20,1340,785,1246,722,1022.12,915.17,113.39,system,NA,0.472,3.0,48.26,122.22,90.0,160.19,54.25
Negotiation_51,R3,2026-09-13T06:34:24.048149Z,agent_signal,5,862,325,1153,874,1105,565,621.78,341.92,312.45,agent,i_can,0.355,3.0,73.0,129.41,180.0,76.24,180.0
Negotiation_51,R3,2026-09-13T06:34:24.065539Z,behavior_monitor,5,862,325,1153,874,1103,565,621.78,340.73,312.72,system,NA,0.354,3.0,73.0,129.41,180.0,99.11,180.0
Negotiation_51,R3,2026-09-13T06:34:24.576343Z,behavior_monitor,5,881,410,1131,874,1053,566,527.23,232.07,318.18,system,NA,0.306,3.0,72.19,110.73,0.0,99.11,180.0
Negotiation_51,R3,2026-09-13T06:34:25.086407Z,behavior_monitor,5,880,495,1193,844,1002,565,468.85,140.91,337.83,system,NA,0.231,3.0,151.9,140.16,-38.63,99.11,180.0
Negotiation_51,R3,2026-09-13T06:34:25.597170Z,behavior_monitor,5,802,532,1233,788,952,566,501.24,153.9,358.12,system,NA,0.235,3.0,172.08,141.16,-53.9,99.11,180.0
Negotiation_51,R3,2026-09-13T06:34:26.106036Z,behavior_monitor,5,749,600,1255,745,902,592,526.64,152.49,385.79,system,NA,0.225,3.0,115.22,133.72,134.99,169.61,125.75
Negotiation_51,R3,2026-09-13T06:34:26.616217Z,behavior_monitor,5,682,657,1211,802,851,652,548.24,168.96,389.96,system,NA,0.236,3.0,162.84,141.76,128.57,99.11,180.0
Negotiation_51,R3,2026-09-13T06:34:27.125868Z,behavior_monitor,5,652,737,1152,836,800,719,509.75,148.65,371.51,system,NA,0.226,3.0,100.08,129.41,180.0,169.61,125.75
Negotiation_51,R3,2026-09-13T06:34:27.636250Z,behavior_monitor,5,631,822,1087,819,749,789,455.74,122.47,338.96,system,NA,0.212,3.0,166.04,139.69,-154.56,169.61,125.75
Negotiation_51,R3,2026-09-13T06:34:28.143924Z,behavior_monitor,5,549,853,1024,785,698,848,479.45,148.82,331.91,system,NA,0.237,3.0,170.75,139.08,-149.65,120.61,173.05
Negotiation_51,R3,2026-09-13T06:34:28.654307Z,behavior_monitor,5,482,901,965,745,648,893,507.83,165.94,350.11,system,NA,0.246,3.0,114.82,141.97,-142.08,169.61,125.75
Negotiation_51,R3,2026-09-13T06:34:28.959692Z,flight_missed,5,461,954,931,716,616,910,526.91,161.31,369.66,system,NA,0.234,3.0,86.99,106.36,-128.73,99.11,180.0
Negotiation_51,R3,2026-09-13T06:34:28.960429Z,flight_spawn,6,953,-20,931,716,616,910,737.32,989.41,369.66,system,NA,0.573,2.83,135.0,106.36,-128.73,99.11,180.0
Negotiation_51,R3,2026-09-13T06:34:31.018727Z,human_signal,6,683,177,765,602,683,778,432.96,601.31,194.51,human,i_can,0.581,2.83,153.95,138.95,-146.65,126.97,-114.1
Negotiation_51,R3,2026-09-13T06:34:31.036110Z,behavior_monitor,6,683,177,765,602,682,777,432.96,599.96,193.7,system,NA,0.581,2.83,153.95,138.64,-147.3,97.85,-125.75
Negotiation_51,R3,2026-09-13T06:34:31.545847Z,behavior_monitor,6,610,216,701,574,653,737,369.36,522.44,169.95,system,NA,0.586,2.83,156.0,135.01,-163.44,97.85,-125.75
Negotiation_51,R3,2026-09-13T06:34:32.056291Z,behavior_monitor,6,546,267,635,572,639,718,318.4,461.21,146.22,system,NA,0.592,2.83,130.54,129.41,180.0,0.0,-125.75
Negotiation_51,R3,2026-09-13T06:34:32.566340Z,behavior_monitor,6,470,304,569,572,632,708,285.89,435.46,149.83,system,NA,0.604,2.83,174.19,122.22,180.0,123.22,-125.75
Negotiation_51,R3,2026-09-13T06:34:33.077570Z,behavior_monitor,6,390,326,503,572,592,654,271.23,385.55,120.85,system,NA,0.587,2.83,148.65,129.41,180.0,130.47,-125.75
Negotiation_51,R3,2026-09-13T06:34:33.250118Z,agent_signal,6,365,342,479,572,579,636,257.1,364.02,118.77,agent,your_turn,0.586,2.83,148.65,129.41,180.0,130.47,-125.75
Negotiation_51,R3,2026-09-13T06:34:33.589566Z,behavior_monitor,6,319,370,437,570,560,610,232.38,339.98,129.2,system,NA,0.594,2.83,148.65,133.62,-165.58,97.85,-125.75
Negotiation_51,R3,2026-09-13T06:34:34.099447Z,behavior_monitor,6,266,431,371,557,535,575,164.07,304.95,164.84,system,NA,0.65,2.83,99.12,137.5,180.0,0.0,-159.06
Negotiation_51,R3,2026-09-13T06:34:34.609761Z,behavior_monitor,6,241,509,307,573,535,575,91.57,300.79,227.87,system,NA,0.767,2.83,125.79,136.4,151.93,0.0,-165.26
Negotiation_51,R3,2026-09-13T06:34:35.120808Z,behavior_monitor,6,197,580,246,606,514,573,55.03,316.96,270.32,system,NA,0.852,2.83,123.13,136.83,151.1,130.47,125.75
Negotiation_51,R3,2026-09-13T06:34:35.275362Z,shot_miss,6,185,602,227,617,502,590,44.73,317.09,276.19,human,NA,0.876,2.83,123.13,131.26,148.46,123.22,125.75
Negotiation_51,R3,2026-09-13T06:34:35.547394Z,shot_miss,6,155,631,196,638,482,619,42.19,327.3,286.25,human,NA,0.886,2.83,153.06,132.18,144.77,123.22,125.75
Negotiation_51,R3,2026-09-13T06:34:35.633302Z,behavior_monitor,6,143,637,186,645,475,628,44.19,332.33,289.29,system,NA,0.883,2.83,153.06,139.84,143.72,130.47,125.75
Negotiation_51,R3,2026-09-13T06:34:35.804463Z,shot_miss,6,118,650,167,660,462,646,49.95,343.81,295.1,human,NA,0.873,2.83,153.06,140.04,142.65,130.47,125.75
Negotiation_51,R3,2026-09-13T06:34:36.144214Z,behavior_monitor,6,65,664,129,688,436,658,69.03,371.81,308.46,system,NA,0.843,2.83,175.9,137.94,147.99,76.24,180.0
Negotiation_51,R3,2026-09-13T06:34:36.654018Z,behavior_monitor,6,30,708,66,712,397,694,36.28,367.62,331.71,system,NA,0.91,2.54,68.58,129.41,180.0,130.47,125.75
Negotiation_51,R3,2026-09-13T06:34:36.789616Z,shot_hit,6,38,727,49,712,394,700,18.78,356.84,345.17,human,NA,0.95,2.54,68.58,129.41,180.0,0.0,125.75
Negotiation_51,R3,2026-09-13T06:34:36.790275Z,flight_spawn,7,540,-20,49,712,394,700,881.59,734.71,345.17,system,NA,0.455,2.83,45.0,129.41,180.0,0.0,125.75
Negotiation_51,R3,2026-09-13T06:34:38.595323Z,human_signal,7,678,207,180,813,505,565,784.24,397.51,408.65,human,your_turn,0.336,2.83,27.96,136.83,22.89,76.24,0.0
Negotiation_51,R3,2026-09-13T06:34:38.595967Z,behavior_monitor,7,678,207,180,813,505,565,784.24,397.51,408.65,system,NA,0.336,2.83,27.96,129.23,22.89,72.0,0.0
Negotiation_51,R3,2026-09-13T06:34:38.596302Z,human_signal,7,681,208,182,814,505,565,784.56,397.67,407.54,human,your_turn,0.336,2.83,27.96,129.23,22.89,72.0,0.0
Negotiation_51,R3,2026-09-13T06:34:39.104714Z,behavior_monitor,7,747,247,243,843,555,565,780.54,371.8,417.66,system,NA,0.323,2.83,27.96,133.99,15.03,99.11,0.0
Negotiation_51,R3,2026-09-13T06:34:39.596896Z,agent_signal,7,800,309,309,844,604,565,725.82,322.15,405.97,agent,i_can,0.307,2.83,55.83,129.41,0.0,99.11,0.0
Negotiation_51,R3,2026-09-13T06:34:39.613846Z,behavior_monitor,7,800,309,309,844,605,565,725.82,321.12,407.19,system,NA,0.307,2.83,55.83,129.41,0.0,99.11,0.0
Negotiation_51,R3,2026-09-13T06:34:40.118251Z,behavior_monitor,7,849,379,375,844,656,565,663.75,267.69,396.08,system,NA,0.287,2.83,55.83,129.41,0.0,99.11,0.0
Negotiation_51,R3,2026-09-13T06:34:40.626752Z,behavior_monitor,7,906,440,441,844,707,564,615.34,234.11,385.81,system,NA,0.276,2.83,34.3,129.41,0.0,99.11,0.0
Negotiation_51,R3,2026-09-13T06:34:41.135582Z,behavior_monitor,7,973,488,507,844,758,565,586.09,228.14,375.32,system,NA,0.28,2.83,34.3,129.41,0.0,99.11,0.0
Negotiation_51,R3,2026-09-13T06:34:41.645922Z,behavior_monitor,7,1055,504,573,844,809,564,589.51,253.56,365.45,system,NA,0.301,2.83,9.48,129.41,0.0,99.11,0.0
Negotiation_51,R3,2026-09-13T06:34:42.155711Z,behavior_monitor,7,1138,525,639,844,859,564,592.11,281.54,355.68,system,NA,0.322,2.83,17.14,129.41,0.0,99.11,0.0
Negotiation_51,R3,2026-09-13T06:34:42.666729Z,behavior_monitor,7,1204,574,705,844,910,569,567.11,293.94,342.48,system,NA,0.341,2.83,47.87,129.41,0.0,169.61,54.25
Negotiation_51,R3,2026-09-13T06:34:43.179506Z,behavior_monitor,7,1273,624,771,844,961,618,548.62,312.35,295.11,system,NA,0.363,2.83,25.31,127.48,0.0,99.11,0.0
Negotiation_51,R3,2026-09-13T06:34:43.689598Z,behavior_monitor,7,1322,682,713,827,1012,672,626.02,310.6,336.54,system,NA,0.332,2.83,78.46,138.32,-156.87,169.61,54.25
Negotiation_51,R3,2026-09-13T06:34:44.199633Z,behavior_monitor,7,1331,765,655,786,1062,742,675.59,269.68,409.0,system,NA,0.285,2.83,74.11,137.57,-147.2,169.61,54.25
Negotiation_51,R3,2026-09-13T06:34:45.935369Z,flight_missed,7,1420,952,502,664,1235,910,961.61,189.47,772.88,system,NA,0.165,1.99,115.28,40.09,-90.0,99.11,0.0
Negotiation_51,R3,2026-09-13T06:34:45.935641Z,flight_spawn,8,727,-20,502,664,1235,910,720.73,1059.88,772.88,system,NA,0.595,3.07,130.61,40.09,-90.0,99.11,0.0
Negotiation_51,R3,2026-09-13T06:34:47.246771Z,human_signal,8,596,164,489,644,1170,820,491.93,871.35,704.03,human,i_can,0.639,3.07,104.51,75.85,-90.0,130.47,-125.75
Negotiation_51,R3,2026-09-13T06:34:47.263835Z,behavior_monitor,8,596,164,489,644,1169,818,491.93,869.69,702.75,system,NA,0.639,3.07,104.51,84.14,-90.0,97.85,-125.75
Negotiation_51,R3,2026-09-13T06:34:47.768373Z,behavior_monitor,8,546,238,489,582,1140,778,348.85,802.61,680.16,system,NA,0.697,3.07,133.91,129.41,-90.0,97.85,-125.75
Negotiation_51,R3,2026-09-13T06:34:48.277243Z,behavior_monitor,8,496,314,489,516,1127,759,202.11,771.13,682.63,system,NA,0.792,3.07,113.33,129.41,-90.0,25.02,17.96
Negotiation_51,R3,2026-09-13T06:34:48.412985Z,agent_signal,8,487,340,489,496,1127,759,156.77,765.04,690.07,agent,your_turn,0.83,3.07,113.33,129.41,-90.0,0.0,79.0
Negotiation_51,R3,2026-09-13T06:34:48.786855Z,behavior_monitor,8,444,385,469,457,1105,729,76.59,745.48,691.47,system,NA,0.907,3.07,142.79,137.13,-160.69,97.85,-125.75
Negotiation_51,R3,2026-09-13T06:34:48.837831Z,shot_miss,8,439,390,463,456,1102,725,70.24,743.35,693.57,human,NA,0.914,3.07,142.79,129.41,180.0,97.85,-125.75
Negotiation_51,R3,2026-09-13T06:34:49.146585Z,shot_miss,8,391,424,423,467,1085,701,54.2,747.04,701.43,human,NA,0.932,3.07,142.79,137.99,159.69,97.85,-125.75
Negotiation_51,R3,2026-09-13T06:34:49.300645Z,behavior_monitor,8,373,440,403,474,1084,699,45.96,756.67,716.41,system,NA,0.943,3.07,171.73,138.22,159.43,0.0,-125.75
Negotiation_51,R3,2026-09-13T06:34:49.808881Z,shot_miss,8,283,472,338,500,1077,690,61.31,823.36,763.46,human,NA,0.931,3.07,131.45,138.54,157.91,130.47,-125.75
Negotiation_51,R3,2026-09-13T06:34:49.809977Z,behavior_monitor,8,283,472,338,500,1077,690,61.31,823.36,763.46,system,NA,0.931,3.07,131.45,138.54,157.91,130.47,-125.75
Negotiation_51,R3,2026-09-13T06:34:50.183525Z,shot_miss,8,233,519,290,520,1049,651,56.74,826.06,769.97,human,NA,0.936,3.07,134.82,138.45,157.72,130.47,-125.75
Negotiation_51,R3,2026-09-13T06:34:50.320431Z,behavior_monitor,8,212,527,273,528,1038,636,60.72,833.01,772.71,system,NA,0.932,3.07,163.62,130.93,149.13,123.22,-125.75
Negotiation_51,R3,2026-09-13T06:34:50.424040Z,shot_miss,8,199,538,261,536,1030,625,62.56,836.21,774.21,human,NA,0.93,3.07,115.13,132.26,144.1,123.22,-125.75
Negotiation_51,R3,2026-09-13T06:34:50.834002Z,behavior_monitor,8,173,606,217,573,1000,598,55.13,827.07,783.16,system,NA,0.938,3.07,122.85,138.5,133.61,130.47,125.75
Negotiation_51,R3,2026-09-13T06:34:51.348457Z,behavior_monitor,8,119,681,191,636,961,652,85.39,843.22,770.26,system,NA,0.908,3.07,147.34,133.83,104.78,130.47,125.75
Negotiation_51,R3,2026-09-13T06:34:51.859343Z,behavior_monitor,8,34,707,188,702,922,701,153.83,888.1,734.34,system,NA,0.852,3.07,164.75,136.42,110.64,76.24,180.0
Negotiation_51,R3,2026-09-13T06:34:52.371131Z,behavior_monitor,8,58,737,148,761,883,732,92.82,824.56,735.42,system,NA,0.899,1.95,50.82,143.73,133.45,76.24,180.0
Negotiation_51,R3,2026-09-13T06:34:52.696717Z,shot_miss,8,81,766,114,793,858,762,42.83,777.18,744.74,human,NA,0.948,1.95,50.82,145.24,138.38,112.96,119.89
Negotiation_51,R3,2026-09-13T06:34:52.884287Z,behavior_monitor,8,92,783,94,811,845,778,28.44,752.4,751.51,system,NA,0.964,1.95,50.82,145.67,139.45,130.47,125.75
Negotiation_51,R3,2026-09-13T06:34:53.037151Z,shot_miss,8,103,797,76,825,833,792,38.59,729.45,757.35,human,NA,0.95,1.95,76.44,143.41,144.23,130.47,125.75
Negotiation_51,R3,2026-09-13T06:34:53.308190Z,shot_miss,8,122,823,82,828,812,817,41.2,690.08,730.92,human,NA,0.944,1.95,53.05,129.41,0.0,130.47,125.75
Negotiation_51,R3,2026-09-13T06:34:53.392836Z,behavior_monitor,8,129,830,92,831,806,826,36.11,677.3,713.41,system,NA,0.949,1.95,53.05,135.96,21.29,130.47,125.75
Negotiation_51,R3,2026-09-13T06:34:53.563313Z,shot_hit,8,140,846,112,843,793,841,28.43,653.34,681.61,human,NA,0.958,1.95,53.05,135.23,38.36,130.47,125.75
Negotiation_51,R3,2026-09-13T06:34:53.564190Z,flight_spawn,9,1273,-20,112,843,793,841,1447.31,985.67,681.61,system,NA,0.405,2.83,45.0,135.23,38.36,130.47,125.75
Negotiation_51,R3,2026-09-13T06:34:55.076694Z,human_signal,9,1443,140,262,819,882,717,1362.01,804.16,628.51,human,your_turn,0.371,2.83,20.96,138.24,-35.11,130.47,-54.25
Negotiation_51,R3,2026-09-13T06:34:55.077856Z,behavior_monitor,9,1443,140,262,819,882,717,1362.01,804.16,628.51,system,NA,0.371,2.83,20.96,136.66,-33.73,130.47,-54.25
Negotiation_51,R3,2026-09-13T06:34:55.078288Z,human_signal,9,1446,141,264,817,882,717,1361.44,805.24,626.39,human,your_turn,0.372,2.83,20.96,136.66,-33.73,130.47,-54.25
Negotiation_51,R3,2026-09-13T06:34:55.588612Z,behavior_monitor,9,1408,171,309,775,933,646,1254.0,672.29,636.83,system,NA,0.349,1.88,147.45,133.98,-51.25,169.61,-54.25
Negotiation_51,R3,2026-09-13T06:34:56.099901Z,behavior_monitor,9,1376,217,346,728,984,576,1149.76,532.05,655.26,system,NA,0.316,1.88,119.44,127.94,-30.58,169.61,-54.25
Negotiation_51,R3,2026-09-13T06:34:56.609615Z,behavior_monitor,9,1358,270,411,721,1034,565,1048.66,437.62,642.39,system,NA,0.294,1.88,92.56,129.41,0.0,99.11,0.0
Negotiation_51,R3,2026-09-13T06:34:57.000416Z,agent_signal,9,1379,309,464,721,1072,565,1004.07,400.19,628.1,agent,i_can,0.285,1.88,44.64,129.41,0.0,77.2,20.62
Negotiation_51,R3,2026-09-13T06:34:57.119387Z,behavior_monitor,9,1390,317,477,721,1084,565,998.16,393.98,626.74,system,NA,0.283,1.88,44.64,129.41,0.0,99.11,0.0
Negotiation_51,R3,2026-09-13T06:34:57.629890Z,behavior_monitor,9,1424,357,491,695,1134,565,992.37,356.47,656.66,system,NA,0.264,1.88,67.05,133.02,-125.42,99.11,0.0
Negotiation_51,R3,2026-09-13T06:34:58.142363Z,behavior_monitor,9,1435,411,464,662,1186,565,1002.85,292.84,728.43,system,NA,0.226,1.88,63.33,101.53,-149.32,99.11,0.0
Negotiation_51,R3,2026-09-13T06:34:58.647189Z,behavior_monitor,9,1429,429,441,638,1237,565,1009.7,235.24,799.52,system,NA,0.189,1.19,159.47,0.0,-90.0,99.11,0.0
Negotiation_51,R3,2026-09-13T06:34:59.158898Z,behavior_monitor,9,1397,441,439,635,1288,565,977.7,165.48,851.7,system,NA,0.145,1.19,171.2,65.76,-133.72,99.11,0.0
Negotiation_51,R3,2026-09-13T06:34:59.666774Z,behavior_monitor,9,1376,463,431,624,1339,565,958.02,108.76,909.09,system,NA,0.102,1.19,123.97,78.84,90.0,99.11,0.0
Negotiation_51,R3,2026-09-13T06:35:00.177997Z,behavior_monitor,9,1351,484,438,657,1335,565,929.41,82.76,901.58,system,NA,0.082,1.19,122.47,0.0,90.0,0.0,180.0
Negotiation_51,R3,2026-09-13T06:35:00.686394Z,behavior_monitor,9,1325,509,438,609,1308,565,892.33,58.41,870.71,system,NA,0.061,1.19,149.18,129.41,-90.0,99.11,180.0
Negotiation_51,R3,2026-09-13T06:35:00.890813Z,shot_miss,9,1312,517,438,580,1296,565,876.73,50.74,857.95,agent,NA,0.055,1.19,120.46,129.41,-90.0,0.0,180.0
Negotiation_51,R3,2026-09-13T06:35:01.111755Z,shot_miss,9,1304,530,438,551,1287,565,865.96,38.28,849.49,agent,NA,0.042,1.19,120.46,129.41,-90.0,0.0,180.0
Negotiation_51,R3,2026-09-13T06:35:01.196561Z,behavior_monitor,9,1301,534,438,543,1284,565,863.26,35.05,846.31,system,NA,0.039,1.19,120.46,129.41,-90.0,99.11,180.0
Negotiation_51,R3,2026-09-13T06:35:01.333041Z,shot_hit,9,1295,543,439,523,1277,565,856.35,27.69,839.5,agent,NA,0.031,1.19,120.46,129.41,-90.0,0.0,180.0
Negotiation_51,R3,2026-09-13T06:35:01.334121Z,flight_spawn,10,1194,-20,439,523,1277,565,929.86,591.06,839.5,system,NA,0.389,3.56,55.85,129.41,-90.0,0.0,180.0
Negotiation_51,R3,2026-09-13T06:35:02.847299Z,human_signal,10,1360,223,463,480,1327,566,932.96,344.13,867.81,human,your_turn,0.269,3.56,107.93,0.0,-55.23,76.24,0.0
Negotiation_51,R3,2026-09-13T06:35:02.848408Z,behavior_monitor,10,1360,223,463,480,1327,566,932.96,344.13,867.81,system,NA,0.269,3.56,107.93,0.0,-55.23,76.24,0.0
Negotiation_51,R3,2026-09-13T06:35:02.848904Z,human_signal,10,1359,227,463,480,1327,566,930.39,340.6,867.81,human,your_turn,0.268,3.56,107.93,0.0,-55.23,76.24,0.0
Negotiation_51,R3,2026-09-13T06:35:03.272494Z,agent_signal,10,1328,312,476,483,1312,566,868.81,254.89,839.47,agent,i_can,0.227,3.56,107.93,127.14,18.63,99.11,180.0
Negotiation_51,R3,2026-09-13T06:35:03.358076Z,behavior_monitor,10,1324,325,484,487,1307,566,855.28,241.45,825.92,system,NA,0.22,3.56,107.93,142.96,35.16,99.11,180.0
Negotiation_51,R3,2026-09-13T06:35:03.867863Z,behavior_monitor,10,1262,409,524,544,1261,565,750.14,155.8,737.21,system,NA,0.172,3.56,131.74,136.97,70.88,99.11,180.0
Negotiation_51,R3,2026-09-13T06:35:04.381470Z,behavior_monitor,10,1190,486,524,610,1211,565,677.08,82.01,688.22,system,NA,0.108,3.56,151.91,129.41,90.0,99.11,180.0
Negotiation_51,R3,2026-09-13T06:35:04.875026Z,shot_hit,10,1136,567,500,674,1160,565,645.27,23.83,669.06,agent,NA,0.036,3.56,76.61,142.74,131.62,99.11,180.0
Negotiation_51,R3,2026-09-13T06:35:04.875689Z,flight_spawn,11,953,-20,500,674,1160,565,829.25,620.97,669.06,system,NA,0.428,3.17,50.88,142.74,131.62,99.11,180.0
Negotiation_51,R3,2026-09-13T06:35:06.097836Z,human_signal,11,1126,109,436,782,1101,565,963.91,456.85,699.01,human,your_turn,0.322,3.17,13.2,71.19,90.0,76.24,0.0
Negotiation_51,R3,2026-09-13T06:35:06.098848Z,behavior_monitor,11,1126,109,436,782,1101,565,963.91,456.85,699.01,system,NA,0.322,3.17,13.2,70.72,90.0,76.24,0.0
Negotiation_51,R3,2026-09-13T06:35:06.099251Z,human_signal,11,1129,110,436,783,1101,565,966.41,456.3,699.38,human,your_turn,0.321,3.17,13.2,70.72,90.0,76.24,0.0
Negotiation_51,R3,2026-09-13T06:35:06.609981Z,behavior_monitor,11,1205,155,436,796,1151,565,1000.67,413.18,751.3,system,NA,0.292,3.17,38.04,0.0,90.0,99.11,0.0
Negotiation_51,R3,2026-09-13T06:35:07.120187Z,behavior_monitor,11,1285,198,466,780,1202,565,1004.34,376.03,766.22,system,NA,0.272,3.17,9.69,120.23,-27.63,93.6,0.0
Negotiation_51,R3,2026-09-13T06:35:07.633065Z,behavior_monitor,11,1373,230,527,748,1252,565,991.56,356.02,747.68,system,NA,0.264,3.17,31.79,136.4,25.45,99.11,0.0
Negotiation_51,R3,2026-09-13T06:35:08.143277Z,behavior_monitor,11,1448,273,546,799,1302,565,1044.8,326.33,792.17,system,NA,0.238,2.3,135.17,129.41,90.0,99.11,0.0
Negotiation_51,R3,2026-09-13T06:35:08.428193Z,agent_signal,11,1435,309,546,836,1331,564,1033.68,275.49,830.95,agent,i_can,0.21,2.3,79.02,96.81,90.0,99.11,0.0
Negotiation_51,R3,2026-09-13T06:35:08.648371Z,behavior_monitor,11,1442,337,546,847,1353,564,1031.51,244.77,855.17,system,NA,0.192,2.3,79.02,0.0,90.0,99.11,0.0
Negotiation_51,R3,2026-09-13T06:35:09.159786Z,behavior_monitor,11,1449,404,546,847,1403,565,1006.47,167.5,902.83,system,NA,0.143,2.28,95.53,0.0,90.0,99.11,0.0
Negotiation_51,R3,2026-09-13T06:35:09.671180Z,behavior_monitor,11,1416,464,506,829,1399,565,980.89,102.72,931.89,system,NA,0.095,2.28,123.24,125.47,-148.4,0.0,180.0
Negotiation_51,R3,2026-09-13T06:35:10.179068Z,behavior_monitor,11,1381,521,463,791,1363,566,956.39,48.04,927.72,system,NA,0.048,2.28,123.24,85.88,-114.17,105.3,180.0
Negotiation_51,R3,2026-09-13T06:35:10.365327Z,shot_hit,11,1364,544,463,774,1348,566,930.4,27.41,909.05,agent,NA,0.029,2.28,123.24,101.45,-90.0,105.3,180.0
Negotiation_51,R3,2026-09-13T06:35:10.365917Z,flight_spawn,12,574,-20,463,774,1348,566,802.3,971.09,909.05,system,NA,0.548,2.83,45.0,101.45,-90.0,105.3,180.0
Negotiation_51,R3,2026-09-13T06:35:13.362228Z,human_signal,12,851,365,616,830,1149,565,520.64,358.86,594.45,human,your_turn,0.408,2.83,58.94,82.25,27.81,76.24,180.0
Negotiation_51,R3,2026-09-13T06:35:13.363288Z,behavior_monitor,12,851,365,616,830,1149,565,520.64,358.86,594.45,system,NA,0.408,2.83,58.94,77.68,27.81,72.0,180.0
Negotiation_51,R3,2026-09-13T06:35:13.363692Z,human_signal,12,853,367,618,830,1149,565,519.43,355.97,593.69,human,your_turn,0.407,2.83,58.94,77.68,27.81,72.0,180.0
Negotiation_51,R3,2026-09-13T06:35:13.464799Z,agent_signal,12,855,383,625,836,1139,565,507.01,337.54,580.51,agent,i_can,0.4,2.83,110.25,88.51,36.07,99.11,180.0
Negotiation_51,R3,2026-09-13T06:35:13.872763Z,behavior_monitor,12,849,447,650,852,1098,565,450.88,276.22,531.79,system,NA,0.38,2.83,82.32,65.18,32.34,99.11,180.0
Negotiation_51,R3,2026-09-13T06:35:14.381880Z,behavior_monitor,12,868,529,672,864,1048,565,388.79,183.11,479.9,system,NA,0.32,2.83,61.49,0.0,29.87,99.11,180.0
Negotiation_51,R3,2026-09-13T06:35:14.894038Z,behavior_monitor,12,910,603,653,901,996,597,393.78,85.93,458.33,system,NA,0.179,2.83,61.49,135.25,53.07,185.1,129.95
Negotiation_51,R3,2026-09-13T06:35:15.316717Z,shot_hit,12,944,667,700,910,952,659,344.16,11.43,355.59,agent,NA,0.032,2.83,60.45,115.91,0.0,169.61,125.75
Negotiation_51,R3,2026-09-13T06:35:15.317729Z,flight_spawn,13,389,-20,700,910,952,659,980.48,881.95,355.59,system,NA,0.474,2.83,45.0,115.91,0.0,169.61,125.75
Negotiation_51,R3,2026-09-13T06:35:17.922726Z,human_signal,13,730,187,603,822,807,565,647.59,385.68,328.2,human,your_turn,0.373,2.83,16.43,50.35,0.0,76.24,180.0
Negotiation_51,R3,2026-09-13T06:35:17.924638Z,behavior_monitor,13,730,187,603,822,807,565,647.59,385.68,328.2,system,NA,0.373,2.83,16.43,49.87,0.0,76.24,180.0
Negotiation_51,R3,2026-09-13T06:35:17.925130Z,human_signal,13,732,188,604,822,807,565,647.06,384.48,327.68,human,your_turn,0.373,2.83,16.43,49.87,0.0,76.24,180.0
Negotiation_51,R3,2026-09-13T06:35:18.435265Z,behavior_monitor,13,811,205,640,833,784,565,651.15,360.55,305.02,system,NA,0.356,2.83,28.32,135.49,27.61,99.11,0.0
Negotiation_51,R3,2026-09-13T06:35:18.948513Z,behavior_monitor,13,884,235,701,866,834,564,656.71,332.93,329.62,system,NA,0.336,2.83,0.68,137.78,27.91,99.11,0.0
Negotiation_51,R3,2026-09-13T06:35:19.457820Z,behavior_monitor,13,957,269,744,888,885,564,654.37,303.68,353.05,system,NA,0.317,2.83,28.82,34.35,180.0,99.11,0.0
Negotiation_51,R3,2026-09-13T06:35:19.967345Z,behavior_monitor,13,1035,299,686,864,936,564,664.26,282.96,390.56,system,NA,0.299,2.83,22.51,138.69,-155.38,99.11,0.0
Negotiation_51,R3,2026-09-13T06:35:20.479403Z,behavior_monitor,13,1111,330,622,835,986,564,703.26,265.45,454.07,system,NA,0.274,2.83,1.31,138.69,-155.38,99.11,0.0
Negotiation_51,R3,2026-09-13T06:35:20.784457Z,agent_signal,13,1164,338,581,816,1017,564,753.17,269.1,503.14,agent,i_can,0.263,2.83,28.41,139.84,-154.37,99.11,0.0
Negotiation_51,R3,2026-09-13T06:35:20.988608Z,behavior_monitor,13,1191,351,561,804,1037,564,775.62,262.72,532.67,system,NA,0.253,2.83,7.29,102.38,-138.58,99.11,0.0
Negotiation_51,R3,2026-09-13T06:35:21.498206Z,behavior_monitor,13,1272,371,588,797,1088,564,805.75,266.74,551.52,system,NA,0.249,2.83,36.39,67.42,0.0,99.11,0.0
Negotiation_51,R3,2026-09-13T06:35:22.008017Z,behavior_monitor,13,1341,422,593,795,1138,564,836.53,247.97,592.44,system,NA,0.229,2.83,15.37,115.89,-157.1,105.3,0.0
Negotiation_51,R3,2026-09-13T06:35:22.517593Z,behavior_monitor,13,1426,444,569,782,1189,563,921.85,265.68,657.68,system,NA,0.224,2.83,12.9,0.0,-135.74,99.11,0.0
Negotiation_51,R3,2026-09-13T06:35:23.028492Z,behavior_monitor,13,1421,466,569,782,1241,563,908.84,204.73,706.71,system,NA,0.184,1.77,129.32,0.0,-135.74,99.11,0.0
Negotiation_51,R3,2026-09-13T06:35:23.539659Z,behavior_monitor,13,1380,499,569,782,1291,563,859.25,109.59,754.83,system,NA,0.113,1.77,126.75,0.0,-135.74,99.11,0.0
Negotiation_51,R3,2026-09-13T06:35:24.049522Z,behavior_monitor,13,1342,528,569,782,1325,563,813.67,38.9,787.06,system,NA,0.046,1.77,165.59,0.0,-135.74,99.11,180.0
Negotiation_51,R3,2026-09-13T06:35:24.050835Z,shot_miss,13,1340,529,569,782,1323,563,811.93,38.5,785.44,agent,NA,0.045,1.77,165.59,0.0,-135.74,99.11,180.0
Negotiation_51,R3,2026-09-13T06:35:24.339083Z,shot_miss,13,1312,532,559,777,1296,563,791.99,34.76,767.4,agent,NA,0.042,1.77,174.25,89.34,-149.07,99.11,180.0
Negotiation_51,R3,2026-09-13T06:35:24.560043Z,behavior_monitor,13,1293,535,541,766,1277,563,786.43,32.39,763.81,system,NA,0.04,1.77,174.25,108.49,-147.26,99.11,180.0
Negotiation_51,R3,2026-09-13T06:35:24.661223Z,shot_hit,13,1280,536,530,759,1266,563,782.6,31.03,761.06,agent,NA,0.038,1.77,174.25,107.91,-146.95,99.11,180.0
Negotiation_51,R3,2026-09-13T06:35:24.662361Z,flight_spawn,14,1106,-20,530,759,1266,563,968.64,605.19,761.06,system,NA,0.385,3.36,126.53,107.91,-146.95,99.11,180.0
Negotiation_51,R3,2026-09-13T06:35:26.707884Z,human_signal,14,879,304,505,741,1149,563,575.15,373.64,668.07,human,i_can,0.394,3.36,129.2,0.0,-128.61,73.77,177.88
Negotiation_51,R3,2026-09-13T06:35:26.724916Z,behavior_monitor,14,879,304,505,741,1148,563,575.15,372.94,667.13,system,NA,0.393,3.36,129.2,0.0,-128.61,57.18,180.0
Negotiation_51,R3,2026-09-13T06:35:27.164472Z,agent_signal,14,812,362,505,741,1122,563,487.4,370.23,642.81,agent,i_can,0.432,3.36,156.28,0.0,-128.61,57.18,180.0
Negotiation_51,R3,2026-09-13T06:35:27.232529Z,behavior_monitor,14,804,366,507,741,1116,563,477.74,369.01,634.18,system,NA,0.436,3.36,156.28,65.33,0.0,99.11,180.0
Negotiation_51,R3,2026-09-13T06:35:27.744978Z,behavior_monitor,14,703,370,563,735,1065,563,391.42,410.94,531.1,system,NA,0.512,3.36,178.72,129.9,-26.13,93.6,180.0
Negotiation_51,R3,2026-09-13T06:35:28.253616Z,behavior_monitor,14,614,403,592,682,1014,563,280.1,430.72,438.21,system,NA,0.606,3.36,148.5,129.41,-90.0,109.6,-172.13
Negotiation_51,R3,2026-09-13T06:35:28.763107Z,behavior_monitor,14,531,454,559,629,963,563,177.39,445.32,408.93,system,NA,0.715,3.36,169.15,137.19,-160.61,99.11,180.0
Negotiation_51,R3,2026-09-13T06:35:29.276063Z,behavior_monitor,14,437,482,493,623,912,563,152.15,481.55,422.92,system,NA,0.76,3.36,121.43,129.41,180.0,119.14,-175.99
Negotiation_51,R3,2026-09-13T06:35:29.787586Z,behavior_monitor,14,362,551,433,657,861,563,126.87,499.2,439.06,system,NA,0.797,3.36,145.41,140.52,144.04,99.11,180.0
Negotiation_51,R3,2026-09-13T06:35:30.294228Z,behavior_monitor,14,268,580,382,708,811,575,171.75,543.13,448.6,system,NA,0.76,3.36,173.45,139.71,135.87,99.11,180.0
Negotiation_51,R3,2026-09-13T06:35:30.806403Z,behavior_monitor,14,167,595,324,744,760,591,216.51,593.5,462.66,system,NA,0.733,3.36,166.11,135.77,162.4,169.61,125.75
Negotiation_51,R3,2026-09-13T06:35:31.317266Z,behavior_monitor,14,78,635,258,765,710,630,221.63,632.58,472.1,system,NA,0.741,3.36,137.16,135.46,162.81,169.61,125.75
Negotiation_51,R3,2026-09-13T06:35:31.827281Z,behavior_monitor,14,41,658,192,775,660,653,190.45,618.47,483.61,system,NA,0.765,2.04,11.17,136.0,162.09,99.11,180.0
Negotiation_51,R3,2026-09-13T06:35:32.510090Z,shot_miss,14,110,698,106,762,592,693,64.57,482.56,491.14,human,NA,0.882,2.04,30.13,135.02,-155.46,169.61,125.75
Negotiation_51,R3,2026-09-13T06:35:32.749890Z,shot_miss,14,125,722,105,747,568,716,32.38,443.27,464.62,human,NA,0.932,2.04,82.88,126.44,-14.85,160.19,125.75
Negotiation_51,R3,2026-09-13T06:35:32.953895Z,shot_hit,14,124,746,131,748,548,742,7.07,423.66,417.03,human,NA,0.984,2.04,110.77,133.21,14.64,169.61,125.75
Negotiation_51,R3,2026-09-13T06:35:32.954880Z,flight_spawn,15,567,-20,131,748,548,742,883.63,762.58,417.03,system,NA,0.463,3.07,49.29,133.21,14.64,169.61,125.75
Negotiation_51,R3,2026-09-13T06:35:34.365114Z,human_signal,15,774,118,231,763,630,628,843.56,530.13,421.84,human,your_turn,0.386,3.07,16.39,122.22,0.0,123.22,-54.25
Negotiation_51,R3,2026-09-13T06:35:34.366124Z,behavior_monitor,15,774,118,231,763,630,628,843.56,530.13,421.84,system,NA,0.386,3.07,16.39,129.41,0.0,130.47,-54.25
Negotiation_51,R3,2026-09-13T06:35:34.366581Z,human_signal,15,777,119,233,763,630,628,843.56,530.18,419.75,human,your_turn,0.386,3.07,16.39,129.41,0.0,130.47,-54.25
Negotiation_51,R3,2026-09-13T06:35:34.874402Z,behavior_monitor,15,860,150,263,763,681,566,855.68,453.31,462.02,system,NA,0.346,3.07,15.49,76.93,0.0,99.11,0.0
Negotiation_51,R3,2026-09-13T06:35:35.385702Z,behavior_monitor,15,936,197,324,747,732,566,822.87,422.06,445.95,system,NA,0.339,3.07,12.25,133.63,-14.43,99.11,0.0
Negotiation_51,R3,2026-09-13T06:35:35.895212Z,behavior_monitor,15,1003,252,390,744,782,566,785.75,383.61,430.72,system,NA,0.328,3.07,65.75,129.41,0.0,99.11,0.0
Negotiation_51,R3,2026-09-13T06:35:36.220074Z,agent_signal,15,1022,310,434,744,814,566,730.7,329.55,419.83,agent,i_can,0.311,3.07,88.37,129.41,0.0,99.11,0.0
Negotiation_51,R3,2026-09-13T06:35:36.407538Z,behavior_monitor,15,1027,340,456,744,833,566,699.98,298.48,416.69,system,NA,0.299,3.07,61.73,129.41,0.0,99.11,0.0
Negotiation_51,R3,2026-09-13T06:35:36.916911Z,behavior_monitor,15,1046,428,494,744,883,566,636.48,213.48,428.38,system,NA,0.251,3.07,57.59,0.0,0.0,99.11,0.0
Negotiation_51,R3,2026-09-13T06:35:37.427253Z,behavior_monitor,15,1097,506,526,744,933,566,618.12,173.94,444.4,system,NA,0.22,3.07,57.59,128.08,0.0,99.11,0.0
Negotiation_51,R3,2026-09-13T06:35:37.938590Z,behavior_monitor,15,1081,591,545,747,984,585,557.91,96.54,468.46,system,NA,0.148,3.07,132.86,133.87,14.83,169.61,54.25
Negotiation_51,R3,2026-09-13T06:35:38.416623Z,shot_hit,15,1017,656,562,750,1003,651,464.37,15.26,451.82,agent,NA,0.032,3.07,132.86,52.14,38.83,99.11,180.0
Negotiation_51,R3,2026-09-13T06:35:38.417683Z,flight_spawn,16,866,-20,562,750,1003,651,828.62,684.93,451.82,system,NA,0.453,3.14,129.58,52.14,38.83,99.11,180.0
Negotiation_51,R3,2026-09-13T06:35:40.300703Z,human_signal,16,592,140,506,750,883,566,615.89,515.54,419.67,human,i_can,0.456,3.14,149.29,35.52,180.0,76.24,180.0
Negotiation_51,R3,2026-09-13T06:35:40.316938Z,behavior_monitor,16,592,140,506,750,882,566,615.89,515.27,419.2,system,NA,0.456,3.14,149.29,0.0,180.0,30.09,177.44
Negotiation_51,R3,2026-09-13T06:35:40.829511Z,behavior_monitor,16,525,209,484,731,853,566,523.29,485.07,403.82,system,NA,0.481,3.14,128.16,138.42,-138.24,57.18,180.0
Negotiation_51,R3,2026-09-13T06:35:41.339439Z,behavior_monitor,16,482,294,431,684,840,566,393.25,449.81,425.46,system,NA,0.534,3.14,84.16,136.97,-141.35,0.0,-65.58
Negotiation_51,R3,2026-09-13T06:35:41.848756Z,behavior_monitor,16,524,370,428,661,839,566,306.5,371.58,422.01,system,NA,0.548,3.14,36.02,137.5,0.0,0.0,-134.55
Negotiation_51,R3,2026-09-13T06:35:42.357595Z,behavior_monitor,16,596,430,494,661,805,566,252.01,249.2,325.19,system,NA,0.497,3.14,57.07,129.41,0.0,76.24,180.0
Negotiation_51,R3,2026-09-13T06:35:42.868528Z,behavior_monitor,16,647,509,555,688,766,566,200.88,131.32,243.53,system,NA,0.395,3.14,60.85,140.62,41.37,76.24,180.0
Negotiation_51,R3,2026-09-13T06:35:43.226143Z,agent_signal,16,693,558,594,724,738,566,193.75,45.84,213.95,agent,i_can,0.191,3.14,38.71,131.09,44.09,72.0,180.0
Negotiation_51,R3,2026-09-13T06:35:43.382254Z,behavior_monitor,16,713,573,607,737,723,569,194.92,11.19,204.45,system,NA,0.054,3.14,38.71,138.65,44.21,169.61,125.75
Negotiation_51,R3,2026-09-13T06:35:43.501321Z,shot_hit,16,735,589,621,750,713,585,197.18,21.6,189.18,agent,NA,0.099,3.14,38.71,138.6,44.23,137.65,90.0
Negotiation_51,R3,2026-09-13T06:35:43.501939Z,flight_spawn,17,859,-20,621,750,713,585,806.46,622.77,189.18,system,NA,0.436,3.19,128.83,138.6,44.23,137.65,90.0
Negotiation_51,R3,2026-09-13T06:35:46.841280Z,agent_signal,17,374,310,387,762,576,565,452.33,324.93,273.06,agent,i_can,0.418,3.19,145.09,143.01,-164.04,81.0,180.0
Negotiation_51,R3,2026-09-13T06:35:46.856700Z,behavior_monitor,17,374,310,387,762,574,565,452.33,323.89,271.9,system,NA,0.417,3.19,145.09,143.01,-164.04,105.3,180.0
Negotiation_51,R3,2026-09-13T06:35:47.359119Z,behavior_monitor,17,295,365,359,756,523,565,397.12,303.37,252.21,system,NA,0.433,3.19,145.09,0.0,180.0,99.11,180.0
Negotiation_51,R3,2026-09-13T06:35:47.865928Z,behavior_monitor,17,216,414,345,759,473,565,368.97,297.73,232.82,system,NA,0.447,3.19,115.69,66.29,90.0,99.11,180.0
Negotiation_51,R3,2026-09-13T06:35:48.376473Z,behavior_monitor,17,174,500,314,818,422,564,347.59,255.96,275.83,system,NA,0.424,3.19,115.69,143.26,123.37,99.11,180.0
Negotiation_51,R3,2026-09-13T06:35:48.887544Z,behavior_monitor,17,126,579,264,871,372,573,322.37,245.89,315.88,system,NA,0.433,3.19,142.62,137.35,137.02,99.11,180.0
Negotiation_51,R3,2026-09-13T06:35:49.397529Z,behavior_monitor,17,61,648,211,906,321,636,299.16,260.34,291.71,system,NA,0.465,3.19,119.11,138.65,158.97,169.61,125.75
Negotiation_51,R3,2026-09-13T06:35:49.905409Z,behavior_monitor,17,20,727,145,910,271,706,222.1,251.94,238.6,system,NA,0.531,2.55,55.55,129.41,180.0,169.61,125.75
Negotiation_51,R3,2026-09-13T06:35:50.415651Z,behavior_monitor,17,65,786,79,910,220,777,124.42,154.67,192.98,system,NA,0.554,2.55,48.65,126.87,180.0,169.61,125.75
Negotiation_51,R3,2026-09-13T06:35:50.928123Z,behavior_monitor,17,111,842,55,910,169,838,87.92,58.28,134.77,system,NA,0.399,2.55,27.49,129.41,180.0,169.61,125.75
Negotiation_51,R3,2026-09-13T06:35:51.132488Z,shot_hit,17,136,861,26,910,147,856,119.63,12.28,131.89,agent,NA,0.093,2.55,49.05,129.41,180.0,169.61,125.75
Negotiation_51,R3,2026-09-13T06:35:51.133515Z,flight_spawn,18,958,-20,26,910,147,856,1316.42,1194.38,131.89,system,NA,0.476,2.83,45.0,129.41,180.0,169.61,125.75
Negotiation_51,R3,2026-09-13T06:35:53.904514Z,agent_signal,18,904,406,306,910,332,599,781.06,603.24,311.86,agent,i_can,0.436,2.83,98.68,129.41,0.0,130.47,-54.25
Negotiation_51,R3,2026-09-13T06:35:53.921460Z,behavior_monitor,18,904,406,306,910,334,596,781.06,600.9,314.34,system,NA,0.435,2.83,98.68,129.41,0.0,169.61,-54.25
Negotiation_51,R3,2026-09-13T06:35:54.430085Z,behavior_monitor,18,927,486,372,910,384,566,697.99,549.11,343.94,system,NA,0.44,2.83,73.2,129.41,0.0,99.11,0.0
Negotiation_51,R3,2026-09-13T06:35:54.813100Z,human_signal,18,941,548,423,910,421,566,631.49,520.24,343.76,human,i_can,0.452,2.83,73.2,129.41,0.0,99.11,0.0
Negotiation_51,R3,2026-09-13T06:35:54.946410Z,behavior_monitor,18,947,567,438,910,429,566,612.87,517.99,343.89,system,NA,0.458,2.83,73.2,129.41,0.0,57.18,0.0
Negotiation_51,R3,2026-09-13T06:35:55.404664Z,agent_signal,18,970,642,498,910,454,601,542.74,517.07,311.75,agent,your_turn,0.488,2.83,49.03,137.5,0.0,103.97,54.25
Negotiation_51,R3,2026-09-13T06:35:55.455247Z,behavior_monitor,18,973,646,504,910,457,605,538.0,517.73,308.28,system,NA,0.49,2.83,49.03,129.41,0.0,97.85,54.25
Negotiation_51,R3,2026-09-13T06:35:55.964913Z,behavior_monitor,18,1055,671,570,910,486,645,540.41,569.7,277.63,system,NA,0.513,2.83,5.68,129.41,0.0,97.85,54.25
Negotiation_51,R3,2026-09-13T06:35:56.473008Z,behavior_monitor,18,1115,719,636,910,498,661,514.74,619.68,284.38,system,NA,0.546,2.83,57.32,129.41,0.0,0.0,54.25
Negotiation_51,R3,2026-09-13T06:35:56.983393Z,behavior_monitor,18,1172,774,702,910,506,672,489.34,674.59,308.34,system,NA,0.58,2.83,34.65,129.41,0.0,130.47,54.25
Negotiation_51,R3,2026-09-13T06:35:57.492714Z,behavior_monitor,18,1217,839,768,910,545,726,454.3,681.99,289.41,system,NA,0.6,2.83,30.66,128.63,0.0,130.47,54.25
Negotiation_51,R3,2026-09-13T06:35:57.998783Z,behavior_monitor,18,1295,865,834,910,584,779,463.07,716.46,282.26,system,NA,0.607,2.83,26.44,128.63,0.0,102.29,55.95
Negotiation_51,R3,2026-09-13T06:35:58.499523Z,behavior_monitor,18,1336,932,899,910,623,832,436.86,720.2,287.55,system,NA,0.622,2.83,75.42,129.41,0.0,130.47,54.25
Negotiation_51,R3,2026-09-13T06:35:58.617318Z,flight_missed,18,1344,954,917,910,633,847,429.24,719.09,290.98,system,NA,0.626,2.83,75.42,129.41,0.0,130.47,54.25
Negotiation_51,R3,2026-09-13T06:35:58.617821Z,flight_spawn,19,515,-20,917,910,633,847,1013.19,875.02,290.98,system,NA,0.463,2.87,134.16,129.41,0.0,130.47,54.25
Negotiation_51,R3,2026-09-13T06:36:00.452250Z,human_signal,19,396,241,942,793,528,701,776.49,478.81,423.59,human,your_turn,0.381,2.87,120.61,0.0,0.0,130.47,-125.75
Negotiation_51,R3,2026-09-13T06:36:00.453295Z,behavior_monitor,19,396,241,942,793,528,701,776.49,478.81,423.59,system,NA,0.381,2.87,120.61,0.0,0.0,130.47,-125.75
Negotiation_51,R3,2026-09-13T06:36:00.453657Z,human_signal,19,395,243,942,793,528,701,775.23,476.63,423.59,human,your_turn,0.381,2.87,120.61,0.0,0.0,130.47,-125.75
Negotiation_51,R3,2026-09-13T06:36:00.962947Z,behavior_monitor,19,337,298,920,782,478,631,757.07,360.48,467.55,system,NA,0.323,2.87,143.79,134.84,-150.16,169.61,-125.75
Negotiation_51,R3,2026-09-13T06:36:01.471059Z,behavior_monitor,19,255,318,871,754,427,565,754.35,301.21,482.23,system,NA,0.285,2.87,173.75,0.0,180.0,99.11,180.0
Negotiation_51,R3,2026-09-13T06:36:01.779348Z,agent_signal,19,204,323,844,754,397,565,772.14,309.32,486.07,agent,i_can,0.286,2.87,173.75,129.41,180.0,99.11,180.0
Negotiation_51,R3,2026-09-13T06:36:01.982139Z,behavior_monitor,19,171,327,843,754,376,565,795.89,314.41,503.17,system,NA,0.283,2.87,173.75,74.33,0.0,99.11,180.0
Negotiation_51,R3,2026-09-13T06:36:02.492417Z,behavior_monitor,19,107,372,908,754,327,565,887.6,292.54,611.51,system,NA,0.248,2.87,91.72,129.41,0.0,99.11,180.0
Negotiation_51,R3,2026-09-13T06:36:03.002111Z,behavior_monitor,19,119,454,974,754,276,565,906.06,191.95,723.3,system,NA,0.175,2.87,65.5,129.41,0.0,99.11,180.0
Negotiation_51,R3,2026-09-13T06:36:03.511720Z,behavior_monitor,19,158,530,1040,732,226,565,904.84,75.84,831.64,system,NA,0.077,2.87,36.33,137.85,-20.99,99.11,180.0
Negotiation_51,R3,2026-09-13T06:36:03.766858Z,shot_hit,19,192,554,1057,720,198,565,880.47,12.53,872.09,agent,NA,0.014,2.87,6.34,77.02,-36.91,99.11,180.0
Negotiation_51,R3,2026-09-13T06:36:03.767878Z,flight_spawn,20,793,-20,1057,720,198,565,785.71,833.94,872.09,system,NA,0.515,3.25,128.02,77.02,-36.91,99.11,180.0
Negotiation_51,R3,2026-09-13T06:36:05.797571Z,human_signal,20,610,308,989,702,330,565,546.66,380.93,673.35,human,your_turn,0.411,3.25,126.42,0.0,180.0,76.24,0.0
Negotiation_51,R3,2026-09-13T06:36:05.798718Z,behavior_monitor,20,610,308,989,702,330,565,546.66,380.93,673.35,system,NA,0.411,3.25,126.42,0.0,180.0,76.24,0.0
Negotiation_51,R3,2026-09-13T06:36:05.799172Z,human_signal,20,608,310,989,702,330,565,546.22,377.64,673.35,human,your_turn,0.409,3.25,126.42,0.0,180.0,76.24,0.0
Negotiation_51,R3,2026-09-13T06:36:05.799449Z,agent_signal,20,608,310,989,702,330,565,546.22,377.64,673.35,agent,i_can,0.409,3.25,126.42,0.0,180.0,76.24,0.0
Negotiation_51,R3,2026-09-13T06:36:06.305393Z,behavior_monitor,20,562,389,989,702,380,566,529.65,252.94,624.02,system,NA,0.323,3.25,74.86,0.0,180.0,99.11,0.0
Negotiation_51,R3,2026-09-13T06:36:06.814916Z,behavior_monitor,20,567,485,959,696,431,566,444.41,158.66,543.38,system,NA,0.263,3.25,97.64,0.0,-90.0,99.11,0.0
Negotiation_51,R3,2026-09-13T06:36:07.321614Z,behavior_monitor,20,556,581,1012,696,482,573,469.93,74.72,544.06,system,NA,0.137,3.25,97.64,129.41,0.0,169.61,54.25
Negotiation_51,R3,2026-09-13T06:36:07.712939Z,shot_hit,20,535,656,1063,714,517,629,531.45,32.31,552.48,agent,NA,0.057,3.25,142.91,138.85,31.97,137.65,90.0
Negotiation_51,R4,2026-09-13T06:36:13.273950Z,flight_spawn,1,318,-20,1063,714,517,629,1046.13,679.66,552.48,system,NA,0.394,2.83,45.0,0.0,33.76,0.0,90.0
Negotiation_51,R4,2026-09-13T06:36:19.386472Z,human_signal,1,773,166,991,665,542,566,543.81,462.02,459.25,human,i_can,0.459,2.83,8.31,70.61,-134.84,76.24,0.0
Negotiation_51,R4,2026-09-13T06:36:19.403215Z,behavior_monitor,1,773,166,991,665,543,566,543.81,461.54,458.3,system,NA,0.459,2.83,8.31,57.58,-134.14,57.18,0.0
Negotiation_51,R4,2026-09-13T06:36:19.912883Z,behavior_monitor,1,856,186,955,645,572,566,469.27,474.28,390.92,system,NA,0.503,2.83,56.99,140.85,-145.37,57.18,0.0
Negotiation_51,R4,2026-09-13T06:36:20.424538Z,behavior_monitor,1,925,228,913,595,586,566,367.42,479.09,328.77,system,NA,0.566,2.83,18.64,125.91,-118.89,0.0,0.0
Negotiation_51,R4,2026-09-13T06:36:20.933423Z,behavior_monitor,1,1007,243,948,566,585,566,327.84,531.05,363.02,system,NA,0.618,2.83,9.49,129.41,0.0,0.0,-140.25
Negotiation_51,R4,2026-09-13T06:36:21.445051Z,behavior_monitor,1,1087,258,1014,566,618,566,315.86,561.16,396.2,system,NA,0.64,2.83,11.67,129.41,0.0,76.24,0.0
Negotiation_51,R4,2026-09-13T06:36:21.957197Z,behavior_monitor,1,1149,314,1080,566,657,566,260.71,553.2,423.32,system,NA,0.68,2.83,61.08,129.41,0.0,76.24,0.0
Negotiation_51,R4,2026-09-13T06:36:22.467666Z,behavior_monitor,1,1187,389,1146,566,695,565,181.03,522.43,450.91,system,NA,0.743,2.83,88.23,129.41,0.0,76.24,0.0
Negotiation_51,R4,2026-09-13T06:36:22.484490Z,agent_signal,1,1186,395,1151,566,696,565,174.39,518.57,454.01,agent,your_turn,0.748,2.83,88.23,129.41,0.0,76.24,0.0
Negotiation_51,R4,2026-09-13T06:36:22.980751Z,behavior_monitor,1,1210,468,1189,556,724,566,90.84,495.94,465.14,system,NA,0.845,2.83,60.32,129.34,-143.17,57.18,0.0
Negotiation_51,R4,2026-09-13T06:36:23.491778Z,shot_miss,1,1254,537,1205,533,739,566,49.15,515.8,467.2,human,NA,0.913,2.83,34.18,129.41,0.0,0.0,0.0
Negotiation_51,R4,2026-09-13T06:36:23.492944Z,behavior_monitor,1,1254,537,1205,533,739,566,49.15,515.8,467.2,system,NA,0.913,2.83,34.18,129.41,0.0,0.0,0.0
Negotiation_51,R4,2026-09-13T06:36:23.798519Z,shot_miss,1,1294,566,1244,542,739,566,55.23,554.64,505.36,human,NA,0.909,2.83,34.18,137.17,25.65,0.0,154.11
Negotiation_51,R4,2026-09-13T06:36:24.002749Z,behavior_monitor,1,1323,585,1268,556,739,566,61.65,583.99,529.45,system,NA,0.905,2.83,34.18,138.22,33.63,0.0,154.11
Negotiation_51,R4,2026-09-13T06:36:24.088264Z,shot_miss,1,1335,593,1278,563,745,575,64.27,589.36,532.39,human,NA,0.902,2.83,34.18,138.27,38.68,130.47,54.25
Negotiation_51,R4,2026-09-13T06:36:24.513744Z,behavior_monitor,1,1392,633,1319,604,777,620,78.27,614.95,542.09,system,NA,0.887,2.83,34.18,137.9,46.29,130.47,54.25
Negotiation_51,R4,2026-09-13T06:36:25.024516Z,behavior_monitor,1,1434,653,1368,656,816,649,66.0,617.3,551.36,system,NA,0.903,1.74,163.97,138.3,44.49,130.47,54.25
Negotiation_51,R4,2026-09-13T06:36:25.211982Z,shot_hit,1,1413,659,1389,669,831,654,26.42,582.53,558.52,human,NA,0.957,1.74,163.97,135.21,26.78,76.24,0.0
Negotiation_51,R4,2026-09-13T06:36:25.212616Z,flight_spawn,2,827,-20,1389,669,831,654,889.53,674.83,558.52,system,NA,0.431,3.39,126.1,135.21,26.78,76.24,0.0
Negotiation_51,R4,2026-09-13T06:36:26.846017Z,human_signal,2,696,237,1297,647,727,565,727.27,329.28,575.67,human,your_turn,0.312,3.39,173.43,34.24,180.0,76.24,180.0
Negotiation_51,R4,2026-09-13T06:36:26.846774Z,behavior_monitor,2,696,237,1297,647,727,565,727.27,329.28,575.67,system,NA,0.312,3.39,173.43,0.0,180.0,76.24,180.0
Negotiation_51,R4,2026-09-13T06:36:26.847211Z,human_signal,2,694,238,1297,647,727,565,729.46,329.18,575.67,human,your_turn,0.311,3.39,173.43,0.0,180.0,76.24,180.0
Negotiation_51,R4,2026-09-13T06:36:27.357735Z,behavior_monitor,2,621,291,1260,640,677,565,727.98,279.8,587.96,system,NA,0.278,3.39,99.01,144.15,-162.53,105.3,180.0
Negotiation_51,R4,2026-09-13T06:36:27.441106Z,agent_signal,2,620,311,1247,636,668,565,705.63,258.6,582.7,agent,i_can,0.268,3.39,99.01,135.7,-162.48,99.11,180.0
Negotiation_51,R4,2026-09-13T06:36:27.867652Z,behavior_monitor,2,617,391,1194,619,626,565,620.15,173.93,570.28,system,NA,0.219,3.39,75.99,135.79,-162.37,99.11,180.0
Negotiation_51,R4,2026-09-13T06:36:28.376239Z,behavior_monitor,2,601,491,1142,602,584,565,551.86,75.98,558.84,system,NA,0.121,3.39,101.36,33.62,180.0,99.11,180.0
Negotiation_51,R4,2026-09-13T06:36:28.784217Z,shot_hit,2,580,569,1124,582,562,565,543.69,18.73,561.98,agent,NA,0.033,3.39,86.52,43.04,-90.0,0.0,14.85
Negotiation_51,R4,2026-09-13T06:36:28.784924Z,flight_spawn,3,920,-20,1124,582,562,565,636.4,686.24,561.98,system,NA,0.519,2.83,45.0,43.04,-90.0,0.0,14.85
Negotiation_51,R4,2026-09-13T06:36:30.934096Z,human_signal,3,817,194,1160,580,694,565,516.13,390.89,465.83,human,your_turn,0.431,2.83,100.9,0.0,180.0,76.24,0.0
Negotiation_51,R4,2026-09-13T06:36:30.934849Z,behavior_monitor,3,817,194,1160,580,694,565,516.13,390.89,465.83,system,NA,0.431,2.83,100.9,0.0,180.0,76.24,0.0
Negotiation_51,R4,2026-09-13T06:36:30.935178Z,human_signal,3,816,197,1160,580,694,565,514.84,387.89,465.83,human,your_turn,0.43,2.83,100.9,0.0,180.0,76.24,0.0
Negotiation_51,R4,2026-09-13T06:36:31.446243Z,behavior_monitor,3,786,272,1124,579,744,565,457.2,296.03,380.51,system,NA,0.393,2.83,121.26,133.41,-165.94,99.11,0.0
Negotiation_51,R4,2026-09-13T06:36:31.955628Z,behavior_monitor,3,750,345,1058,560,732,565,376.09,220.1,326.08,system,NA,0.369,2.83,117.76,136.01,-162.08,99.11,180.0
Negotiation_51,R4,2026-09-13T06:36:31.973075Z,agent_signal,3,746,350,1054,559,731,565,371.84,214.95,323.38,agent,i_can,0.366,2.83,117.76,136.01,-162.08,99.11,180.0
Negotiation_51,R4,2026-09-13T06:36:32.466137Z,behavior_monitor,3,717,423,998,536,701,564,302.53,142.36,298.35,system,NA,0.32,2.83,95.58,114.11,-152.45,0.0,180.0
Negotiation_51,R4,2026-09-13T06:36:32.976393Z,behavior_monitor,3,739,502,1003,530,716,564,264.73,66.28,288.88,system,NA,0.2,2.83,45.13,72.41,0.0,99.11,0.0
Negotiation_51,R4,2026-09-13T06:36:33.198226Z,shot_miss,3,767,528,1020,537,740,564,253.29,45.75,282.19,agent,NA,0.153,2.83,15.83,85.18,29.14,99.11,0.0
Negotiation_51,R4,2026-09-13T06:36:33.486690Z,behavior_monitor,3,809,539,1044,550,766,565,235.65,49.57,278.07,system,NA,0.174,2.83,12.27,127.24,27.87,99.11,0.0
Negotiation_51,R4,2026-09-13T06:36:33.487464Z,shot_miss,3,811,539,1046,551,768,565,235.35,49.74,278.25,agent,NA,0.174,2.83,12.27,127.24,27.87,99.11,0.0
Negotiation_51,R4,2026-09-13T06:36:33.998368Z,behavior_monitor,3,887,574,1105,583,817,569,217.67,69.95,287.59,system,NA,0.243,2.83,15.78,137.2,37.15,99.11,0.0
Negotiation_51,R4,2026-09-13T06:36:34.507231Z,behavior_monitor,3,968,593,1121,648,868,588,161.71,100.26,259.26,system,NA,0.383,2.83,13.33,129.41,90.0,123.11,-2.81
Negotiation_51,R4,2026-09-13T06:36:35.018464Z,behavior_monitor,3,1051,620,1105,714,919,616,108.24,132.59,210.51,system,NA,0.551,2.83,41.7,137.86,110.17,169.61,54.25
Negotiation_51,R4,2026-09-13T06:36:35.530180Z,behavior_monitor,3,1084,691,1120,779,970,679,94.94,115.08,180.97,system,NA,0.548,2.83,93.66,138.17,66.16,169.61,54.25
Negotiation_51,R4,2026-09-13T06:36:36.041711Z,behavior_monitor,3,1066,773,1137,845,1020,749,100.24,52.54,151.23,system,NA,0.344,2.83,113.82,136.96,68.9,169.61,54.25
Negotiation_51,R4,2026-09-13T06:36:36.212625Z,shot_miss,3,1060,803,1147,868,1037,775,108.6,36.42,144.17,agent,NA,0.251,2.83,89.81,137.77,66.88,169.61,54.25
Negotiation_51,R4,2026-09-13T06:36:36.468553Z,shot_miss,3,1058,845,1161,900,1037,810,116.82,41.15,153.75,agent,NA,0.26,2.83,89.81,138.23,65.57,168.13,99.99
Negotiation_51,R4,2026-09-13T06:36:36.552774Z,behavior_monitor,3,1061,856,1165,909,1038,820,116.61,42.73,154.76,system,NA,0.268,2.83,66.36,138.23,65.57,169.61,54.25
Negotiation_51,R4,2026-09-13T06:36:36.638079Z,shot_miss,3,1068,872,1171,910,1045,834,109.08,44.82,147.11,agent,NA,0.291,2.83,66.36,57.16,0.0,169.61,54.25
Negotiation_51,R4,2026-09-13T06:36:37.168067Z,flight_missed,3,1107,952,1201,910,1083,907,103.3,51.35,117.91,system,NA,0.332,2.83,66.36,53.72,0.0,137.65,90.0
Negotiation_51,R4,2026-09-13T06:36:37.169201Z,flight_spawn,4,655,-20,1201,910,1083,907,1078.45,1021.18,117.91,system,NA,0.486,3.11,49.91,53.72,0.0,137.65,90.0
Negotiation_51,R4,2026-09-13T06:36:38.952361Z,human_signal,4,703,272,1212,869,974,753,784.53,551.87,264.99,human,your_turn,0.413,3.11,83.33,73.52,0.0,130.47,-125.75
Negotiation_51,R4,2026-09-13T06:36:38.953632Z,behavior_monitor,4,703,272,1212,869,974,753,784.53,551.87,264.99,system,NA,0.413,3.11,83.33,73.52,0.0,130.47,-125.75
Negotiation_51,R4,2026-09-13T06:36:38.954136Z,human_signal,4,705,275,1212,869,974,753,781.48,548.65,264.99,human,your_turn,0.412,3.11,83.33,73.52,0.0,130.47,-125.75
Negotiation_51,R4,2026-09-13T06:36:39.326713Z,agent_signal,4,701,341,1186,863,937,702,712.44,431.24,296.58,agent,i_can,0.377,3.11,111.58,137.7,-160.02,169.61,-125.75
Negotiation_51,R4,2026-09-13T06:36:39.464341Z,behavior_monitor,4,691,361,1171,857,923,683,689.63,396.82,302.36,system,NA,0.365,3.11,111.58,138.23,-159.42,169.61,-125.75
Negotiation_51,R4,2026-09-13T06:36:39.976255Z,behavior_monitor,4,619,415,1105,831,873,613,639.78,321.74,318.72,system,NA,0.335,3.11,162.63,148.18,-155.62,180.21,-125.75
Negotiation_51,R4,2026-09-13T06:36:40.486873Z,behavior_monitor,4,542,469,1045,793,822,566,598.6,296.32,318.4,system,NA,0.331,3.11,137.5,136.15,-152.36,99.11,180.0
Negotiation_51,R4,2026-09-13T06:36:40.998589Z,behavior_monitor,4,466,509,980,768,772,566,575.36,310.58,290.05,system,NA,0.351,3.11,163.43,137.19,-159.27,99.11,180.0
Negotiation_51,R4,2026-09-13T06:36:41.506781Z,behavior_monitor,4,448,593,1010,763,721,583,587.9,273.76,340.86,system,NA,0.318,3.11,88.1,129.41,0.0,169.61,125.75
Negotiation_51,R4,2026-09-13T06:36:42.017853Z,behavior_monitor,4,482,679,1076,763,670,653,599.89,190.12,420.49,system,NA,0.241,3.11,111.48,129.41,0.0,169.61,125.75
Negotiation_51,R4,2026-09-13T06:36:42.530317Z,behavior_monitor,4,476,767,1139,763,620,723,662.6,150.3,520.44,system,NA,0.185,3.11,86.96,37.59,0.0,169.61,125.75
Negotiation_51,R4,2026-09-13T06:36:43.040087Z,behavior_monitor,4,471,858,1177,746,570,793,715.03,118.48,608.91,system,NA,0.142,3.11,109.97,133.69,-14.55,169.61,125.75
Negotiation_51,R4,2026-09-13T06:36:43.550895Z,behavior_monitor,4,423,937,1184,724,520,863,790.07,121.5,678.66,system,NA,0.133,3.11,109.78,135.02,-141.49,169.61,125.75
Negotiation_51,R4,2026-09-13T06:36:43.636368Z,flight_missed,4,418,954,1173,715,510,877,791.79,119.77,682.72,system,NA,0.131,3.11,109.78,138.52,-142.63,169.61,125.75
Negotiation_51,R4,2026-09-13T06:36:43.637381Z,flight_spawn,5,99,-20,1173,715,510,877,1301.93,987.31,682.72,system,NA,0.431,3.36,126.58,138.52,-142.63,169.61,125.75
Negotiation_51,R4,2026-09-13T06:36:44.964169Z,human_signal,5,25,199,1135,683,432,769,1210.85,700.27,708.47,human,your_turn,0.366,3.19,79.66,0.0,-134.84,130.47,-125.75
Negotiation_51,R4,2026-09-13T06:36:44.964993Z,behavior_monitor,5,25,199,1135,683,432,769,1210.85,700.27,708.47,system,NA,0.366,3.19,79.66,0.0,-134.84,130.47,-125.75
Negotiation_51,R4,2026-09-13T06:36:44.965385Z,human_signal,5,26,202,1135,683,432,769,1208.71,697.15,708.47,human,your_turn,0.366,3.19,79.66,0.0,-134.84,130.47,-125.75
Negotiation_51,R4,2026-09-13T06:36:45.474488Z,behavior_monitor,5,30,290,1116,677,381,699,1153.1,539.24,735.46,system,NA,0.319,3.1,56.28,134.13,-157.24,169.04,-136.43
Negotiation_51,R4,2026-09-13T06:36:45.594293Z,agent_signal,5,44,311,1099,670,369,683,1114.03,493.99,729.86,agent,i_can,0.307,3.1,56.28,136.8,-158.27,169.61,-125.75
Negotiation_51,R4,2026-09-13T06:36:45.984657Z,behavior_monitor,5,82,366,1052,649,330,629,1010.31,361.82,721.48,system,NA,0.264,3.1,29.25,139.4,-150.76,169.61,-125.75
Negotiation_51,R4,2026-09-13T06:36:46.496878Z,behavior_monitor,5,173,387,992,610,280,566,848.81,208.94,712.7,system,NA,0.198,3.1,34.35,140.82,-146.02,99.11,180.0
Negotiation_51,R4,2026-09-13T06:36:47.001965Z,behavior_monitor,5,225,456,978,593,230,566,765.62,110.11,748.43,system,NA,0.126,3.1,61.59,0.0,-90.0,105.3,180.0
Negotiation_51,R4,2026-09-13T06:36:47.512425Z,behavior_monitor,5,268,538,999,593,245,567,733.19,36.24,754.28,system,NA,0.047,3.1,61.59,129.41,0.0,99.11,0.0
Negotiation_51,R4,2026-09-13T06:36:47.528953Z,shot_hit,5,270,544,1003,593,247,567,734.79,32.68,757.0,agent,NA,0.043,3.1,61.59,129.41,0.0,0.0,0.0
Negotiation_51,R4,2026-09-13T06:36:47.529548Z,flight_spawn,6,54,-20,1003,593,247,567,1130.36,617.86,757.0,system,NA,0.353,2.83,45.0,129.41,0.0,0.0,0.0
Negotiation_51,R4,2026-09-13T06:36:50.436361Z,human_signal,6,469,207,1166,662,326,565,832.35,385.5,846.56,human,your_turn,0.317,2.83,26.25,137.93,69.75,76.24,0.0
Negotiation_51,R4,2026-09-13T06:36:50.437083Z,behavior_monitor,6,469,207,1166,662,326,565,832.35,385.5,846.56,system,NA,0.317,2.83,26.25,137.93,69.75,76.24,0.0
Negotiation_51,R4,2026-09-13T06:36:50.437458Z,human_signal,6,472,208,1167,664,326,565,831.2,385.38,847.59,human,your_turn,0.317,2.83,26.25,137.93,69.75,76.24,0.0
Negotiation_51,R4,2026-09-13T06:36:50.948056Z,behavior_monitor,6,544,242,1165,726,376,565,788.08,364.26,805.79,system,NA,0.316,2.83,4.65,141.54,129.07,99.11,0.0
Negotiation_51,R4,2026-09-13T06:36:51.459116Z,behavior_monitor,6,619,261,1107,743,426,565,686.44,360.04,703.6,system,NA,0.344,2.83,54.44,136.42,-160.61,99.11,0.0
Negotiation_51,R4,2026-09-13T06:36:51.797896Z,agent_signal,6,644,311,1067,714,460,565,584.09,314.43,625.06,agent,i_can,0.35,2.83,75.62,140.92,-136.96,99.11,0.0
Negotiation_51,R4,2026-09-13T06:36:51.968009Z,behavior_monitor,6,651,335,1051,699,477,565,540.36,288.97,590.03,system,NA,0.348,2.83,75.62,140.88,-136.35,99.11,0.0
Negotiation_51,R4,2026-09-13T06:36:52.478785Z,behavior_monitor,6,634,416,1050,662,527,566,483.59,184.41,531.9,system,NA,0.276,2.83,120.12,129.41,0.0,99.11,0.0
Negotiation_51,R4,2026-09-13T06:36:52.989057Z,behavior_monitor,6,578,475,1099,656,562,566,551.75,93.23,544.86,system,NA,0.145,2.83,116.46,41.43,-90.0,0.0,180.0
Negotiation_51,R4,2026-09-13T06:36:53.499340Z,behavior_monitor,6,508,511,1099,634,513,565,603.38,53.29,590.08,system,NA,0.081,2.83,167.63,44.31,-90.0,99.11,180.0
Negotiation_51,R4,2026-09-13T06:36:53.549827Z,shot_miss,6,497,514,1099,631,506,565,613.46,51.38,596.43,agent,NA,0.077,2.83,166.63,43.41,-90.0,99.11,180.0
Negotiation_51,R4,2026-09-13T06:36:53.822011Z,shot_miss,6,452,525,1082,608,480,565,635.87,48.81,604.16,agent,NA,0.071,2.83,166.63,134.6,-131.21,99.11,180.0
Negotiation_51,R4,2026-09-13T06:36:54.008765Z,behavior_monitor,6,428,537,1067,590,463,565,640.98,44.64,604.48,system,NA,0.065,2.83,143.2,135.52,-132.77,99.11,180.0
Negotiation_51,R4,2026-09-13T06:36:54.196510Z,shot_miss,6,406,561,1046,572,442,565,639.51,36.35,603.26,agent,NA,0.054,2.83,113.66,139.02,-142.33,99.11,180.0
Negotiation_51,R4,2026-09-13T06:36:54.518737Z,behavior_monitor,6,390,608,1026,558,413,600,638.07,24.63,614.39,system,NA,0.037,2.83,116.3,0.0,-142.01,169.61,125.75
Negotiation_51,R4,2026-09-13T06:36:55.030605Z,behavior_monitor,6,382,693,1026,572,366,670,654.81,28.01,667.25,system,NA,0.041,2.83,93.92,78.16,90.0,138.9,86.7
Negotiation_51,R4,2026-09-13T06:36:55.540507Z,behavior_monitor,6,378,777,1039,624,361,740,678.68,40.94,688.42,system,NA,0.057,2.83,93.92,0.0,90.0,137.65,90.0
Negotiation_51,R4,2026-09-13T06:36:56.017497Z,shot_miss,6,395,853,1039,624,374,808,683.64,49.22,690.08,agent,NA,0.067,2.83,98.62,0.0,90.0,137.65,90.0
Negotiation_51,R4,2026-09-13T06:36:56.050674Z,behavior_monitor,6,395,856,1039,624,374,810,684.41,49.71,690.71,system,NA,0.068,2.83,98.62,0.0,90.0,137.65,90.0
Negotiation_51,R4,2026-09-13T06:36:56.238762Z,shot_miss,6,394,888,1039,624,374,839,697.36,53.39,698.8,agent,NA,0.071,2.83,68.8,0.0,90.0,137.65,90.0
Negotiation_51,R4,2026-09-13T06:36:56.562275Z,behavior_monitor,6,396,938,1039,624,374,880,716.17,62.3,712.63,system,NA,0.08,2.83,91.13,0.0,90.0,137.65,90.0
Negotiation_51,R4,2026-09-13T06:36:56.629776Z,flight_missed,6,392,952,1039,624,374,891,725.28,63.64,716.88,system,NA,0.081,2.83,113.21,0.0,90.0,137.65,90.0
Negotiation_51,R4,2026-09-13T06:36:56.630874Z,flight_spawn,7,125,-20,1039,624,374,891,1119.15,945.26,716.88,system,NA,0.458,2.83,135.0,0.0,90.0,137.65,90.0
Negotiation_51,R4,2026-09-13T06:36:57.735861Z,human_signal,7,102,154,1019,608,325,825,1023.0,707.2,726.69,human,your_turn,0.409,2.83,80.57,0.0,-90.0,130.47,-125.75
Negotiation_51,R4,2026-09-13T06:36:57.736937Z,behavior_monitor,7,102,154,1019,608,325,825,1023.0,707.2,726.69,system,NA,0.409,2.83,80.57,0.0,-90.0,130.47,-125.75
Negotiation_51,R4,2026-09-13T06:36:57.737317Z,human_signal,7,103,156,1019,608,325,825,1021.12,704.33,726.69,human,your_turn,0.408,2.83,80.57,0.0,-90.0,130.47,-125.75
Negotiation_51,R4,2026-09-13T06:36:58.241811Z,behavior_monitor,7,159,214,1019,608,275,755,945.42,552.45,758.49,system,NA,0.369,2.83,52.13,0.0,-90.0,169.61,-125.75
Negotiation_51,R4,2026-09-13T06:36:58.749437Z,behavior_monitor,7,149,296,1049,590,224,684,947.29,395.69,830.7,system,NA,0.295,2.83,72.57,138.25,-43.51,169.61,-125.75
Negotiation_51,R4,2026-09-13T06:36:58.818263Z,agent_signal,7,153,309,1058,581,217,675,944.03,371.12,845.54,agent,i_can,0.282,2.83,72.57,139.44,-45.78,169.61,-125.75
Negotiation_51,R4,2026-09-13T06:36:59.258008Z,behavior_monitor,7,160,378,1098,537,173,614,951.06,236.37,927.66,system,NA,0.199,2.83,77.65,140.49,-47.63,169.61,-125.75
Negotiation_51,R4,2026-09-13T06:36:59.768038Z,behavior_monitor,7,178,461,1147,486,155,565,969.39,106.59,995.69,system,NA,0.099,2.83,77.65,127.31,-27.76,0.0,0.0
Negotiation_51,R4,2026-09-13T06:37:00.245209Z,shot_hit,7,194,541,1199,491,172,565,1005.89,32.64,1029.52,agent,NA,0.031,2.83,77.65,0.0,0.0,99.11,0.0
Negotiation_51,R4,2026-09-13T06:37:00.246415Z,flight_spawn,8,651,-20,1199,491,172,565,749.17,756.91,1029.52,system,NA,0.503,2.83,45.0,0.0,0.0,99.11,0.0
Negotiation_51,R4,2026-09-13T06:37:01.568349Z,human_signal,8,849,49,1199,491,225,565,563.57,810.03,976.99,human,i_can,0.59,2.83,13.73,0.0,0.0,76.24,0.0
Negotiation_51,R4,2026-09-13T06:37:01.584819Z,behavior_monitor,8,849,49,1199,491,226,565,563.57,809.28,976.02,system,NA,0.589,2.83,13.73,0.0,0.0,57.18,0.0
Negotiation_51,R4,2026-09-13T06:37:02.094949Z,behavior_monitor,8,898,103,1199,494,236,565,493.06,807.15,965.16,system,NA,0.621,2.83,89.56,47.11,90.0,0.0,0.0
Negotiation_51,R4,2026-09-13T06:37:02.605205Z,behavior_monitor,8,862,173,1199,549,236,565,505.0,738.2,962.66,system,NA,0.594,2.83,140.15,129.41,90.0,0.0,0.0
Negotiation_51,R4,2026-09-13T06:37:03.116552Z,behavior_monitor,8,820,243,1159,605,237,565,495.66,666.58,922.54,system,NA,0.574,2.83,142.28,139.35,149.39,0.0,12.22
Negotiation_51,R4,2026-09-13T06:37:03.627222Z,behavior_monitor,8,746,279,1095,635,266,566,498.11,559.39,831.67,system,NA,0.529,2.83,165.66,138.98,156.89,76.24,0.0
Negotiation_51,R4,2026-09-13T06:37:04.103038Z,human_signal,8,670,307,1048,661,302,566,517.75,449.9,751.67,human,your_turn,0.465,2.83,138.93,55.2,90.0,76.24,0.0
Negotiation_51,R4,2026-09-13T06:37:04.104190Z,human_signal,8,668,309,1048,662,302,566,518.73,447.03,751.79,human,your_turn,0.463,2.83,138.93,55.2,90.0,76.24,0.0
Negotiation_51,R4,2026-09-13T06:37:04.137177Z,behavior_monitor,8,666,311,1048,663,306,566,519.38,441.79,748.57,system,NA,0.46,2.83,138.93,55.2,90.0,99.11,0.0
Negotiation_51,R4,2026-09-13T06:37:04.222598Z,agent_signal,8,654,322,1048,669,314,566,524.97,418.24,740.97,agent,i_can,0.443,2.83,138.93,54.62,90.0,99.11,0.0
Negotiation_51,R4,2026-09-13T06:37:04.647243Z,behavior_monitor,8,603,365,1040,674,356,566,535.26,318.3,692.78,system,NA,0.373,2.83,135.19,72.68,180.0,99.11,0.0
Negotiation_51,R4,2026-09-13T06:37:05.155465Z,behavior_monitor,8,537,414,980,674,406,566,513.34,201.02,583.4,system,NA,0.281,2.83,160.45,129.41,180.0,99.11,0.0
Negotiation_51,R4,2026-09-13T06:37:05.666141Z,behavior_monitor,8,454,442,916,650,442,566,507.04,125.07,482.01,system,NA,0.198,2.83,160.45,140.66,-147.58,99.11,180.0
Negotiation_51,R4,2026-09-13T06:37:06.174962Z,behavior_monitor,8,368,465,851,639,391,566,513.39,103.86,465.93,system,NA,0.168,2.83,178.51,129.41,180.0,99.11,180.0
Negotiation_51,R4,2026-09-13T06:37:06.681608Z,behavior_monitor,8,286,483,821,639,340,566,557.55,99.99,486.0,system,NA,0.152,2.83,155.7,73.46,0.0,99.11,180.0
Negotiation_51,R4,2026-09-13T06:37:07.191320Z,behavior_monitor,8,215,524,886,639,290,566,681.31,86.11,601.1,system,NA,0.112,2.83,119.3,129.41,0.0,99.11,180.0
Negotiation_51,R4,2026-09-13T06:37:07.701569Z,behavior_monitor,8,181,600,952,639,239,592,772.11,59.08,714.19,system,NA,0.071,2.83,86.71,128.2,0.0,169.61,125.75
Negotiation_51,R4,2026-09-13T06:37:07.922461Z,shot_hit,8,187,639,983,639,216,625,795.37,31.76,766.89,agent,NA,0.038,2.83,62.44,128.2,0.0,169.61,125.75
Negotiation_51,R4,2026-09-13T06:37:07.923065Z,flight_spawn,9,751,-20,983,639,216,625,698.59,838.58,766.89,system,NA,0.546,2.83,45.0,128.2,0.0,169.61,125.75
Negotiation_51,R4,2026-09-13T06:37:09.113251Z,human_signal,9,887,120,1045,639,275,565,542.8,756.57,773.63,human,i_can,0.582,2.83,45.0,0.0,0.0,76.24,0.0
Negotiation_51,R4,2026-09-13T06:37:09.129786Z,behavior_monitor,9,887,120,1045,639,276,565,542.8,755.79,772.66,system,NA,0.582,2.83,45.0,0.0,0.0,57.18,0.0
Negotiation_51,R4,2026-09-13T06:37:09.640970Z,behavior_monitor,9,946,180,1034,631,305,565,459.61,747.43,731.11,system,NA,0.619,2.83,45.0,105.11,-139.14,57.18,0.0
Negotiation_51,R4,2026-09-13T06:37:10.151445Z,behavior_monitor,9,980,253,1011,580,319,564,328.94,731.48,692.8,system,NA,0.69,2.83,96.18,102.83,-90.0,0.0,0.0
Negotiation_51,R4,2026-09-13T06:37:10.660752Z,behavior_monitor,9,1037,311,1001,534,318,565,226.06,761.96,682.91,system,NA,0.771,2.83,27.44,64.57,-90.0,0.0,124.71
Negotiation_51,R4,2026-09-13T06:37:11.069620Z,agent_signal,9,1101,331,1028,520,350,565,202.35,786.86,679.53,agent,your_turn,0.795,2.83,6.66,135.04,17.85,100.55,5.03
Negotiation_51,R4,2026-09-13T06:37:11.172897Z,behavior_monitor,9,1115,333,1038,524,355,565,206.41,794.89,684.53,system,NA,0.794,2.83,6.66,137.59,25.62,57.18,0.0
Negotiation_51,R4,2026-09-13T06:37:11.683512Z,behavior_monitor,9,1191,361,1101,557,384,565,215.22,832.11,716.9,system,NA,0.795,2.83,11.46,138.56,27.79,57.18,0.0
Negotiation_51,R4,2026-09-13T06:37:12.195891Z,behavior_monitor,9,1278,378,1165,583,392,565,233.84,905.89,773.39,system,NA,0.795,2.83,10.98,129.41,0.0,0.0,0.0
Negotiation_51,R4,2026-09-13T06:37:12.705809Z,behavior_monitor,9,1357,418,1231,583,391,565,207.66,976.42,839.58,system,NA,0.825,2.83,32.25,129.41,0.0,0.0,18.87
Negotiation_51,R4,2026-09-13T06:37:13.214520Z,behavior_monitor,9,1412,480,1297,583,431,565,154.35,984.9,866.22,system,NA,0.865,2.83,8.76,129.41,0.0,76.24,0.0
Negotiation_51,R4,2026-09-13T06:37:13.725462Z,behavior_monitor,9,1436,526,1360,610,469,565,112.96,968.08,892.29,system,NA,0.896,2.18,128.35,136.46,28.1,76.24,0.0
Negotiation_51,R4,2026-09-13T06:37:14.240285Z,shot_miss,9,1375,543,1372,597,508,565,54.36,867.17,865.38,human,NA,0.941,2.18,177.43,134.17,-114.18,76.24,0.0
Negotiation_51,R4,2026-09-13T06:37:14.242038Z,behavior_monitor,9,1375,543,1372,597,508,565,54.36,867.17,865.38,system,NA,0.941,2.18,177.43,136.37,-117.79,76.24,0.0
Negotiation_51,R4,2026-09-13T06:37:14.479703Z,shot_miss,9,1344,544,1347,579,526,565,34.62,818.02,821.09,human,NA,0.959,2.18,177.43,135.73,-154.15,76.24,0.0
Negotiation_51,R4,2026-09-13T06:37:14.684691Z,shot_hit,9,1317,545,1321,569,541,565,24.43,776.37,779.17,human,NA,0.969,2.18,177.43,135.31,-163.03,76.24,0.0
Negotiation_51,R4,2026-09-13T06:37:14.685301Z,flight_spawn,10,571,-20,1321,569,541,565,953.46,585.92,779.17,system,NA,0.381,3.46,125.3,135.31,-163.03,76.24,0.0
Negotiation_51,R4,2026-09-13T06:37:17.289150Z,human_signal,10,187,300,1037,567,368,566,891.43,321.55,669.61,human,your_turn,0.265,3.46,107.67,0.0,180.0,76.24,180.0
Negotiation_51,R4,2026-09-13T06:37:17.290085Z,behavior_monitor,10,187,300,1037,567,368,566,891.43,321.55,669.61,system,NA,0.265,3.46,107.67,0.0,180.0,76.24,180.0
Negotiation_51,R4,2026-09-13T06:37:17.290500Z,human_signal,10,187,303,1037,567,368,566,890.86,319.07,669.61,human,your_turn,0.264,3.46,107.67,0.0,180.0,76.24,180.0
Negotiation_51,R4,2026-09-13T06:37:17.560551Z,agent_signal,10,170,356,1037,567,341,566,891.75,270.49,695.69,agent,i_can,0.233,3.46,107.67,0.0,180.0,99.11,180.0
Negotiation_51,R4,2026-09-13T06:37:17.799158Z,behavior_monitor,10,160,399,1013,556,317,566,867.33,229.2,695.55,system,NA,0.209,3.46,107.67,136.36,-154.69,99.11,180.0
Negotiation_51,R4,2026-09-13T06:37:18.308924Z,behavior_monitor,10,133,483,950,524,266,566,818.59,157.24,685.24,system,NA,0.161,3.46,171.87,140.09,-146.54,96.58,-177.05
Negotiation_51,R4,2026-09-13T06:37:18.819728Z,behavior_monitor,10,34,512,893,480,216,566,860.3,190.23,682.66,system,NA,0.181,3.46,167.12,140.75,-142.02,99.11,180.0
Negotiation_51,R4,2026-09-13T06:37:19.331496Z,behavior_monitor,10,45,558,915,468,166,566,875.37,121.42,756.11,system,NA,0.122,2.17,100.29,135.33,19.82,99.11,180.0
Negotiation_51,R4,2026-09-13T06:37:19.842362Z,behavior_monitor,10,43,621,980,479,115,616,948.17,72.33,876.06,system,NA,0.071,2.17,74.33,127.15,0.0,169.61,125.75
Negotiation_51,R4,2026-09-13T06:37:20.214344Z,shot_hit,10,46,668,1016,479,76,662,988.25,31.05,957.21,agent,NA,0.03,2.17,130.78,0.0,0.0,159.75,131.15
Negotiation_51,R4,2026-09-13T06:37:20.215267Z,flight_spawn,11,89,-20,1016,479,76,662,1052.6,682.89,957.21,system,NA,0.393,3.53,55.5,0.0,0.0,159.75,131.15
Negotiation_51,R4,2026-09-13T06:37:22.827199Z,human_signal,11,587,195,940,534,211,565,489.46,527.26,729.6,human,i_can,0.519,3.53,31.11,41.75,180.0,81.0,0.0
Negotiation_51,R4,2026-09-13T06:37:22.842831Z,behavior_monitor,11,587,195,940,534,212,565,489.46,526.57,728.63,system,NA,0.518,3.53,31.11,40.26,180.0,60.75,0.0
Negotiation_51,R4,2026-09-13T06:37:23.351427Z,behavior_monitor,11,680,250,899,528,242,566,354.71,540.02,658.37,system,NA,0.604,3.53,31.11,136.14,-161.91,57.18,0.0
Negotiation_51,R4,2026-09-13T06:37:23.859106Z,behavior_monitor,11,780,275,836,520,256,566,251.55,599.99,581.57,system,NA,0.705,3.53,8.67,86.78,139.03,0.0,63.45
Negotiation_51,R4,2026-09-13T06:37:24.366945Z,behavior_monitor,11,891,291,852,577,256,566,289.16,691.32,595.64,system,NA,0.705,3.53,8.67,138.9,63.23,0.0,-18.03
Negotiation_51,R4,2026-09-13T06:37:24.537170Z,agent_signal,11,921,310,865,599,256,566,294.76,712.5,609.98,agent,your_turn,0.707,3.53,35.04,138.56,53.97,0.0,-18.03
Negotiation_51,R4,2026-09-13T06:37:24.878034Z,behavior_monitor,11,978,348,900,627,276,565,288.73,734.31,626.77,system,NA,0.718,3.53,11.71,137.55,19.82,57.18,0.0
Negotiation_51,R4,2026-09-13T06:37:25.386683Z,behavior_monitor,11,1080,373,966,628,300,565,279.35,803.95,669.11,system,NA,0.742,3.53,16.64,129.41,0.0,0.0,175.92
Negotiation_51,R4,2026-09-13T06:37:25.898145Z,behavior_monitor,11,1180,409,1032,620,299,565,257.83,895.23,735.01,system,NA,0.776,3.53,20.87,138.79,-21.74,0.0,-151.42
Negotiation_51,R4,2026-09-13T06:37:26.407915Z,behavior_monitor,11,1282,440,1098,607,317,565,249.09,972.98,781.51,system,NA,0.796,3.53,0.03,129.41,0.0,76.24,0.0
Negotiation_51,R4,2026-09-13T06:37:26.917506Z,behavior_monitor,11,1384,444,1164,607,356,565,274.06,1035.47,809.0,system,NA,0.791,3.53,1.27,129.41,0.0,76.24,0.0
Negotiation_51,R4,2026-09-13T06:37:27.429031Z,behavior_monitor,11,1425,447,1230,607,395,565,252.47,1036.33,835.64,system,NA,0.804,2.12,177.88,129.41,0.0,76.24,0.0
Negotiation_51,R4,2026-09-13T06:37:27.938483Z,behavior_monitor,11,1379,481,1295,600,434,565,145.35,948.71,862.65,system,NA,0.867,2.12,94.45,139.07,-25.75,76.24,0.0
Negotiation_51,R4,2026-09-13T06:37:28.311555Z,shot_miss,11,1366,525,1341,574,462,565,54.9,905.07,879.39,human,NA,0.943,2.12,124.4,141.74,-30.92,76.24,0.0
Negotiation_51,R4,2026-09-13T06:37:28.445177Z,behavior_monitor,11,1357,539,1358,564,472,565,25.24,885.0,885.51,system,NA,0.972,2.12,124.4,140.52,-29.66,76.24,0.0
Negotiation_51,R4,2026-09-13T06:37:28.548506Z,shot_hit,11,1350,549,1370,557,480,565,21.17,870.63,890.24,human,NA,0.976,2.12,124.4,132.32,-29.13,72.0,0.0
Negotiation_51,R4,2026-09-13T06:37:28.549586Z,flight_spawn,12,241,-20,1370,557,480,565,1267.95,631.95,890.24,system,NA,0.333,3.24,128.09,132.32,-29.13,72.0,0.0
Negotiation_51,R4,2026-09-13T06:37:30.141921Z,human_signal,12,65,177,1313,538,399,564,1299.32,511.05,914.56,human,your_turn,0.282,3.24,54.79,0.0,180.0,61.24,171.3
Negotiation_51,R4,2026-09-13T06:37:30.142990Z,behavior_monitor,12,65,177,1313,538,399,564,1299.32,511.05,914.56,system,NA,0.282,3.24,54.79,0.0,180.0,76.24,180.0
Negotiation_51,R4,2026-09-13T06:37:30.143472Z,human_signal,12,67,180,1313,538,399,564,1297.3,508.17,914.56,human,your_turn,0.281,3.24,25.12,0.0,180.0,76.24,180.0
Negotiation_51,R4,2026-09-13T06:37:30.653242Z,behavior_monitor,12,150,212,1298,532,349,564,1191.8,404.98,949.3,system,NA,0.254,3.24,22.52,129.69,-152.56,99.11,180.0
Negotiation_51,R4,2026-09-13T06:37:31.165918Z,behavior_monitor,12,242,245,1234,504,298,564,1024.73,324.03,937.92,system,NA,0.24,3.24,16.67,136.42,-159.44,99.11,180.0
Negotiation_51,R4,2026-09-13T06:37:31.676528Z,behavior_monitor,12,340,263,1187,498,295,564,879.29,304.72,894.13,system,NA,0.257,3.24,8.77,35.44,180.0,99.11,0.0
Negotiation_51,R4,2026-09-13T06:37:32.186710Z,behavior_monitor,12,435,277,1179,498,346,564,775.66,300.53,835.79,system,NA,0.279,3.24,33.92,33.6,180.0,99.11,0.0
Negotiation_51,R4,2026-09-13T06:37:32.700000Z,behavior_monitor,12,533,296,1120,520,396,564,629.08,300.71,725.24,system,NA,0.323,3.24,9.72,134.67,163.93,99.11,0.0
Negotiation_51,R4,2026-09-13T06:37:33.039944Z,agent_signal,12,601,308,1089,523,430,565,533.31,308.86,659.79,agent,i_can,0.367,3.24,9.72,0.0,180.0,99.11,0.0
Negotiation_51,R4,2026-09-13T06:37:33.177907Z,human_signal,12,628,313,1089,523,444,565,506.88,311.73,646.1,human,i_can,0.381,3.24,16.61,0.0,180.0,99.11,0.0
Negotiation_51,R4,2026-09-13T06:37:33.212047Z,behavior_monitor,12,632,314,1089,523,446,565,502.99,312.12,644.16,system,NA,0.383,3.24,16.61,0.0,180.0,57.18,0.0
Negotiation_51,R4,2026-09-13T06:37:33.722560Z,behavior_monitor,12,723,333,1089,523,475,565,412.16,339.07,615.28,system,NA,0.451,3.24,15.05,0.0,180.0,57.18,0.0
Negotiation_51,R4,2026-09-13T06:37:33.893197Z,human_signal,12,754,340,1096,523,485,565,387.69,350.5,612.48,human,your_turn,0.475,3.24,36.45,72.04,0.0,57.18,0.0
Negotiation_51,R4,2026-09-13T06:37:33.894261Z,human_signal,12,756,342,1098,523,485,565,386.17,350.85,613.83,human,your_turn,0.476,3.24,36.45,72.04,0.0,57.18,0.0
Negotiation_51,R4,2026-09-13T06:37:33.943852Z,agent_signal,12,764,348,1100,523,490,565,379.48,349.05,611.65,agent,your_turn,0.479,3.24,36.45,84.4,0.0,99.11,0.0
Negotiation_51,R4,2026-09-13T06:37:34.230226Z,behavior_monitor,12,811,362,1109,528,507,565,341.33,365.73,603.66,system,NA,0.517,3.24,13.42,0.0,34.65,57.18,0.0
Negotiation_51,R4,2026-09-13T06:37:34.739302Z,behavior_monitor,12,904,387,1109,528,534,565,248.37,410.48,576.02,system,NA,0.623,3.24,40.0,0.0,34.65,0.0,0.0
Negotiation_51,R4,2026-09-13T06:37:35.249157Z,behavior_monitor,12,964,462,1061,489,534,565,100.41,442.54,532.6,system,NA,0.815,3.24,69.25,131.29,-144.4,0.0,135.04
Negotiation_51,R4,2026-09-13T06:37:35.333794Z,shot_miss,12,968,477,1051,482,534,565,83.49,442.23,523.38,human,NA,0.841,3.24,69.25,138.62,-145.34,23.26,-75.2
Negotiation_51,R4,2026-09-13T06:37:35.722136Z,shot_miss,12,997,547,1022,513,545,565,42.18,452.19,480.01,human,NA,0.915,3.24,69.25,140.0,112.43,76.24,0.0
Negotiation_51,R4,2026-09-13T06:37:35.757652Z,behavior_monitor,12,999,553,1020,518,547,565,41.4,451.76,475.5,system,NA,0.916,3.24,69.25,136.5,108.55,76.24,0.0
Negotiation_51,R4,2026-09-13T06:37:35.978312Z,shot_miss,12,1021,587,1018,546,564,579,40.83,456.85,455.55,human,NA,0.918,3.24,15.86,129.41,90.0,130.47,54.25
Negotiation_51,R4,2026-09-13T06:37:36.200097Z,shot_miss,12,1056,604,1019,575,581,599,47.74,475.85,438.75,human,NA,0.909,3.24,39.02,129.41,90.0,130.47,54.25
Negotiation_51,R4,2026-09-13T06:37:36.267172Z,behavior_monitor,12,1066,612,1022,583,586,606,52.53,479.81,436.33,system,NA,0.901,3.24,39.02,136.27,69.31,130.47,54.25
Negotiation_51,R4,2026-09-13T06:37:36.386745Z,shot_miss,12,1085,626,1029,598,594,618,62.74,490.2,434.55,human,NA,0.887,3.24,39.02,137.95,60.85,130.47,54.25
Negotiation_51,R4,2026-09-13T06:37:36.692641Z,shot_miss,12,1133,663,1058,628,618,651,83.17,515.35,440.6,human,NA,0.861,3.24,39.02,137.02,38.42,130.47,54.25
Negotiation_51,R4,2026-09-13T06:37:36.777701Z,behavior_monitor,12,1145,673,1067,635,625,660,87.09,520.6,443.05,system,NA,0.857,3.24,18.8,137.22,37.91,130.47,54.25
Negotiation_51,R4,2026-09-13T06:37:37.287476Z,behavior_monitor,12,1239,705,1123,677,646,689,119.44,593.28,476.93,system,NA,0.832,3.24,18.8,137.07,32.99,130.47,54.25
Negotiation_51,R4,2026-09-13T06:37:37.797585Z,behavior_monitor,12,1331,728,1186,704,685,723,146.3,645.64,501.73,system,NA,0.815,3.24,2.49,136.75,26.75,76.24,0.0
Negotiation_51,R4,2026-09-13T06:37:38.305731Z,behavior_monitor,12,1414,770,1233,755,723,764,182.15,691.24,509.75,system,NA,0.791,3.24,31.72,145.59,52.25,138.63,54.25
Negotiation_51,R4,2026-09-13T06:37:38.817111Z,behavior_monitor,12,1418,811,1277,809,763,807,140.81,655.43,514.63,system,NA,0.823,2.38,159.23,138.66,49.71,130.47,54.25
Negotiation_51,R4,2026-09-13T06:37:39.310095Z,shot_miss,12,1355,831,1323,861,800,827,43.39,554.39,523.54,human,NA,0.927,2.38,178.07,139.42,44.01,76.24,0.0
Negotiation_51,R4,2026-09-13T06:37:39.548838Z,shot_miss,12,1322,832,1344,872,819,827,45.85,503.89,527.93,human,NA,0.917,2.38,178.07,54.8,-90.0,76.24,0.0
Negotiation_51,R4,2026-09-13T06:37:39.769425Z,shot_miss,12,1292,838,1323,855,836,834,35.3,456.57,487.92,human,NA,0.928,2.38,176.04,129.41,180.0,76.24,0.0
Negotiation_51,R4,2026-09-13T06:37:39.974538Z,shot_miss,12,1266,840,1297,857,851,836,35.35,414.54,446.02,human,NA,0.921,2.38,176.04,134.18,164.68,130.47,54.25
Negotiation_51,R4,2026-09-13T06:37:40.179109Z,shot_miss,12,1240,842,1270,868,867,837,39.42,373.09,404.32,human,NA,0.904,2.38,176.04,140.09,157.08,76.24,0.0
Negotiation_51,R4,2026-09-13T06:37:40.706101Z,shot_miss,12,1173,862,1202,873,907,857,30.65,266.28,295.25,human,NA,0.897,2.38,128.9,129.41,180.0,130.47,54.25
Negotiation_51,R4,2026-09-13T06:37:41.011935Z,shot_hit,12,1145,895,1162,873,931,890,28.15,214.49,232.3,human,NA,0.884,2.38,128.9,129.41,180.0,130.47,54.25
Negotiation_51,R4,2026-09-13T06:37:41.013043Z,flight_spawn,13,813,-20,1162,873,931,890,959.35,917.82,232.3,system,NA,0.489,3.09,49.72,129.41,180.0,130.47,54.25
Negotiation_51,R4,2026-09-13T06:37:43.274145Z,agent_signal,13,950,311,1110,778,933,683,494.23,372.34,201.33,agent,i_can,0.43,3.09,92.1,135.1,19.34,105.88,-90.0
Negotiation_51,R4,2026-09-13T06:37:43.291099Z,behavior_monitor,13,950,311,1110,778,933,680,494.23,370.0,202.45,system,NA,0.428,3.09,92.1,135.18,19.45,137.65,-90.0
Negotiation_51,R4,2026-09-13T06:37:43.805022Z,behavior_monitor,13,984,391,1175,798,953,610,450.27,221.41,291.47,system,NA,0.33,3.09,44.37,134.13,15.25,169.61,-54.25
Negotiation_51,R4,2026-09-13T06:37:44.314824Z,behavior_monitor,13,1048,456,1222,811,1004,566,394.96,118.54,327.74,system,NA,0.231,3.09,44.37,134.08,19.36,99.11,0.0
Negotiation_51,R4,2026-09-13T06:37:44.825584Z,behavior_monitor,13,1095,532,1286,835,1054,566,358.84,53.2,355.77,system,NA,0.129,3.09,87.86,135.85,21.12,99.11,0.0
Negotiation_51,R4,2026-09-13T06:37:45.115183Z,shot_hit,13,1084,584,1325,850,1068,578,358.93,17.57,374.83,agent,NA,0.047,3.09,116.51,135.85,21.12,137.88,122.22
Negotiation_51,R4,2026-09-13T06:37:45.116327Z,flight_spawn,14,735,-20,1325,850,1068,578,1052.11,684.77,374.83,system,NA,0.394,2.85,45.48,135.85,21.12,137.88,122.22
Negotiation_51,R4,2026-09-13T06:37:49.252132Z,agent_signal,14,616,358,886,823,850,565,537.33,312.47,260.16,agent,i_can,0.368,2.85,141.82,129.41,180.0,76.24,180.0
Negotiation_51,R4,2026-09-13T06:37:49.269488Z,behavior_monitor,14,616,358,886,823,848,565,537.33,311.21,260.39,system,NA,0.367,2.85,141.82,129.41,180.0,99.11,180.0
Negotiation_51,R4,2026-09-13T06:37:49.780213Z,behavior_monitor,14,533,376,820,823,797,565,530.58,324.28,259.44,system,NA,0.379,2.85,170.39,129.41,180.0,99.11,180.0
Negotiation_51,R4,2026-09-13T06:37:50.290209Z,behavior_monitor,14,453,409,754,823,747,564,512.03,332.43,259.18,system,NA,0.394,2.85,143.75,129.41,180.0,99.11,180.0
Negotiation_51,R4,2026-09-13T06:37:50.800461Z,behavior_monitor,14,401,479,688,823,696,564,448.01,306.1,259.69,system,NA,0.406,2.85,97.2,129.41,180.0,99.11,180.0
Negotiation_51,R4,2026-09-13T06:37:51.306443Z,behavior_monitor,14,401,563,622,823,645,563,341.27,244.14,260.98,system,NA,0.417,2.85,74.43,129.41,180.0,99.11,180.0
Negotiation_51,R4,2026-09-13T06:37:51.815670Z,behavior_monitor,14,434,642,556,823,595,629,218.18,161.54,198.29,system,NA,0.425,2.85,76.54,129.41,180.0,169.61,125.75
Negotiation_51,R4,2026-09-13T06:37:52.327110Z,behavior_monitor,14,435,726,513,854,545,699,149.69,112.3,157.67,system,NA,0.429,2.85,75.31,129.41,90.0,169.61,125.75
Negotiation_51,R4,2026-09-13T06:37:52.841716Z,behavior_monitor,14,469,802,547,910,494,769,133.05,40.48,149.94,system,NA,0.233,2.85,49.42,114.58,23.09,169.61,125.75
Negotiation_51,R4,2026-09-13T06:37:52.891621Z,shot_miss,14,476,810,555,910,487,778,126.72,33.64,147.55,agent,NA,0.21,2.85,49.42,114.75,0.0,180.21,125.75
Negotiation_51,R4,2026-09-13T06:37:53.225968Z,shot_miss,14,504,857,595,910,482,825,104.81,39.49,141.48,agent,NA,0.274,2.85,77.01,123.55,0.0,137.65,90.0
Negotiation_51,R4,2026-09-13T06:37:53.344665Z,behavior_monitor,14,507,874,608,910,485,839,106.35,41.62,141.48,system,NA,0.281,2.85,77.01,123.7,0.0,169.61,54.25
Negotiation_51,R4,2026-09-13T06:37:53.565877Z,shot_miss,14,512,913,636,910,490,872,124.16,46.49,150.24,agent,NA,0.272,2.85,100.66,116.36,0.0,137.65,90.0
Negotiation_51,R4,2026-09-13T06:37:53.800756Z,flight_missed,14,507,952,664,910,491,905,162.43,50.12,173.1,system,NA,0.236,2.85,100.66,118.69,0.0,137.65,90.0
Negotiation_51,R4,2026-09-13T06:37:53.801468Z,flight_spawn,15,898,-20,664,910,491,905,958.99,1010.89,173.1,system,NA,0.513,3.33,53.07,118.69,0.0,137.65,90.0
Negotiation_51,R4,2026-09-13T06:37:55.217457Z,human_signal,15,1060,185,843,857,567,800,705.91,787.62,281.28,human,i_can,0.527,3.33,57.89,140.77,-28.63,99.61,-61.55
Negotiation_51,R4,2026-09-13T06:37:55.234134Z,behavior_monitor,15,1060,185,843,857,568,798,705.91,785.96,280.61,system,NA,0.527,3.33,57.89,140.77,-28.63,97.85,-54.25
Negotiation_51,R4,2026-09-13T06:37:55.744297Z,behavior_monitor,15,1109,270,906,822,597,758,588.7,706.56,315.01,system,NA,0.545,3.33,57.89,140.77,-28.63,97.85,-54.25
Negotiation_51,R4,2026-09-13T06:37:56.171522Z,agent_signal,15,1175,325,960,795,611,738,516.72,698.93,353.53,agent,your_turn,0.575,3.33,30.07,139.34,-27.02,0.0,-54.25
Negotiation_51,R4,2026-09-13T06:37:56.257116Z,behavior_monitor,15,1186,331,969,791,616,732,507.76,696.17,357.44,system,NA,0.578,3.33,4.54,140.49,-27.92,97.85,-54.25
Negotiation_51,R4,2026-09-13T06:37:56.764109Z,behavior_monitor,15,1273,377,1032,756,645,691,449.33,702.08,391.78,system,NA,0.61,3.33,29.98,140.88,-28.68,97.85,-54.25
Negotiation_51,R4,2026-09-13T06:37:57.274879Z,behavior_monitor,15,1345,440,1095,722,655,678,376.67,729.87,441.88,system,NA,0.66,3.33,31.26,140.92,-28.71,0.0,-54.25
Negotiation_51,R4,2026-09-13T06:37:57.784617Z,behavior_monitor,15,1438,479,1159,697,660,670,353.85,800.86,499.48,system,NA,0.694,3.33,15.88,129.41,0.0,130.47,-54.25
Negotiation_51,R4,2026-09-13T06:37:58.297240Z,behavior_monitor,15,1399,506,1225,697,699,617,257.54,708.32,532.0,system,NA,0.733,2.13,131.11,129.41,0.0,130.47,-54.25
Negotiation_51,R4,2026-09-13T06:37:58.801143Z,behavior_monitor,15,1354,554,1280,656,737,565,125.83,617.15,549.92,system,NA,0.831,2.13,131.11,141.36,-51.24,76.24,0.0
Negotiation_51,R4,2026-09-13T06:37:58.987449Z,shot_miss,15,1344,575,1297,636,752,569,76.95,592.19,549.48,human,NA,0.885,2.13,107.75,141.29,-47.83,130.47,54.25
Negotiation_51,R4,2026-09-13T06:37:59.223782Z,shot_hit,15,1323,597,1320,612,770,592,15.42,553.54,551.16,human,NA,0.973,2.13,133.36,140.12,-44.88,130.47,54.25
Negotiation_51,R4,2026-09-13T06:37:59.224351Z,flight_spawn,16,1115,-20,1320,612,770,592,664.82,703.28,551.16,system,NA,0.514,3.37,126.43,140.12,-44.88,130.47,54.25
Negotiation_51,R4,2026-09-13T06:38:00.597835Z,human_signal,16,987,201,1340,522,855,564,477.49,386.49,486.09,human,your_turn,0.447,3.37,100.9,33.5,0.0,76.24,0.0
Negotiation_51,R4,2026-09-13T06:38:00.598389Z,behavior_monitor,16,987,201,1340,522,855,564,477.49,386.49,486.09,system,NA,0.447,3.37,100.9,33.5,0.0,76.24,0.0
Negotiation_51,R4,2026-09-13T06:38:00.598536Z,human_signal,16,987,204,1340,522,855,564,475.78,383.34,486.67,human,your_turn,0.446,3.37,100.9,33.5,0.0,76.24,0.0
Negotiation_51,R4,2026-09-13T06:38:01.105593Z,behavior_monitor,16,987,300,1345,522,906,564,422.08,276.42,441.69,system,NA,0.396,3.37,99.09,42.19,180.0,99.11,0.0
Negotiation_51,R4,2026-09-13T06:38:01.139606Z,agent_signal,16,985,310,1342,522,909,564,415.2,265.37,434.55,agent,i_can,0.39,3.37,99.09,72.53,180.0,99.11,0.0
Negotiation_51,R4,2026-09-13T06:38:01.614149Z,behavior_monitor,16,980,399,1300,522,956,564,342.8,166.8,346.07,system,NA,0.327,3.37,73.56,0.0,180.0,99.11,0.0
Negotiation_51,R4,2026-09-13T06:38:02.125057Z,behavior_monitor,16,1007,496,1307,491,983,564,300.44,71.74,331.89,system,NA,0.193,3.37,73.56,127.17,-56.8,0.0,0.0
Negotiation_51,R4,2026-09-13T06:38:02.467721Z,shot_hit,16,1006,566,1326,464,988,564,335.9,17.48,352.02,agent,NA,0.049,3.37,96.52,0.0,-55.1,0.0,27.62
Negotiation_51,R4,2026-09-13T06:38:02.469712Z,flight_spawn,17,743,-20,1326,464,988,564,758.27,634.16,352.02,system,NA,0.455,3.57,55.92,0.0,-55.1,0.0,27.62
Negotiation_51,R4,2026-09-13T06:38:04.237858Z,human_signal,17,642,293,1215,478,874,564,602.3,356.93,351.52,human,your_turn,0.372,3.57,136.78,110.96,180.0,76.24,180.0
Negotiation_51,R4,2026-09-13T06:38:04.238884Z,behavior_monitor,17,642,293,1215,478,874,564,602.3,356.93,351.52,system,NA,0.372,3.57,136.78,109.08,180.0,76.24,180.0
Negotiation_51,R4,2026-09-13T06:38:04.239267Z,human_signal,17,639,296,1213,478,874,564,602.04,356.63,349.72,human,your_turn,0.372,3.57,136.78,109.08,180.0,76.24,180.0
Negotiation_51,R4,2026-09-13T06:38:04.339085Z,agent_signal,17,626,310,1201,482,864,564,599.86,348.24,346.31,agent,i_can,0.367,3.57,136.78,135.18,163.2,99.11,180.0
Negotiation_51,R4,2026-09-13T06:38:04.746431Z,behavior_monitor,17,566,363,1150,485,824,564,596.1,326.79,335.52,system,NA,0.354,3.57,116.05,129.41,180.0,99.11,180.0
Negotiation_51,R4,2026-09-13T06:38:05.257999Z,behavior_monitor,17,492,437,1084,485,773,564,593.75,308.35,320.81,system,NA,0.342,3.57,137.28,129.41,180.0,99.11,180.0
Negotiation_51,R4,2026-09-13T06:38:05.768754Z,behavior_monitor,17,510,524,1038,522,722,564,528.1,216.79,317.99,system,NA,0.291,3.57,35.55,140.34,114.96,99.11,180.0
Negotiation_51,R4,2026-09-13T06:38:06.277753Z,behavior_monitor,17,606,564,999,583,671,565,393.0,64.96,328.06,system,NA,0.142,3.57,10.49,143.41,133.33,99.11,180.0
Negotiation_51,R4,2026-09-13T06:38:06.532720Z,shot_hit,17,665,574,971,610,646,570,308.37,19.54,327.81,agent,NA,0.06,3.57,10.49,143.6,137.46,169.61,125.75
Negotiation_51,R4,2026-09-13T06:38:06.533370Z,flight_spawn,18,516,-20,971,610,646,570,777.69,604.32,327.81,system,NA,0.437,3.0,48.27,143.6,137.46,169.61,125.75
Negotiation_51,R4,2026-09-13T06:38:08.615689Z,agent_signal,18,629,315,877,660,608,566,425.32,252.8,285.09,agent,i_can,0.373,3.0,90.55,135.08,-73.35,0.0,0.0
Negotiation_51,R4,2026-09-13T06:38:08.632971Z,behavior_monitor,18,629,315,877,660,608,566,425.32,252.8,285.09,system,NA,0.373,3.0,90.55,127.57,-73.35,0.0,0.0
Negotiation_51,R4,2026-09-13T06:38:09.135069Z,behavior_monitor,18,601,397,908,597,584,566,366.45,170.38,324.78,system,NA,0.317,3.0,118.84,140.2,-50.77,99.11,180.0
Negotiation_51,R4,2026-09-13T06:38:09.648425Z,behavior_monitor,18,562,471,957,546,544,565,401.75,94.93,413.48,system,NA,0.191,3.0,85.73,139.62,-45.46,0.0,180.0
Negotiation_51,R4,2026-09-13T06:38:10.107841Z,shot_hit,18,568,555,1000,509,545,565,434.46,24.09,457.6,agent,NA,0.053,3.0,85.73,0.0,0.0,0.0,0.0
Negotiation_51,R4,2026-09-13T06:38:10.108718Z,flight_spawn,19,954,-20,1000,509,545,565,531.18,713.76,457.6,system,NA,0.573,2.83,135.0,0.0,0.0,0.0,0.0
Negotiation_51,R4,2026-09-13T06:38:13.311091Z,human_signal,19,610,337,831,489,595,563,267.47,226.92,246.97,human,your_turn,0.459,2.83,124.12,0.0,180.0,76.24,180.0
Negotiation_51,R4,2026-09-13T06:38:13.311866Z,behavior_monitor,19,610,337,831,489,595,563,267.47,226.92,246.97,system,NA,0.459,2.83,124.12,0.0,180.0,76.24,180.0
Negotiation_51,R4,2026-09-13T06:38:13.312248Z,human_signal,19,608,339,831,489,595,563,268.07,224.44,246.97,human,your_turn,0.456,2.83,124.12,0.0,180.0,76.24,180.0
Negotiation_51,R4,2026-09-13T06:38:13.822790Z,behavior_monitor,19,547,390,831,489,545,564,300.04,174.11,295.93,system,NA,0.367,2.83,177.74,0.0,180.0,99.11,180.0
Negotiation_51,R4,2026-09-13T06:38:13.908081Z,agent_signal,19,533,394,831,489,536,564,312.39,169.51,304.08,agent,i_can,0.352,2.83,157.17,0.0,180.0,93.6,180.0
Negotiation_51,R4,2026-09-13T06:38:14.334692Z,behavior_monitor,19,470,408,796,489,494,564,336.27,158.0,311.41,system,NA,0.32,2.83,125.97,129.41,180.0,99.11,180.0
Negotiation_51,R4,2026-09-13T06:38:14.843877Z,behavior_monitor,19,419,474,730,489,444,564,311.67,93.25,296.43,system,NA,0.23,2.83,148.91,129.41,180.0,99.11,180.0
Negotiation_51,R4,2026-09-13T06:38:15.352918Z,behavior_monitor,19,351,518,671,516,393,563,320.6,62.11,282.31,system,NA,0.162,2.83,148.91,140.89,128.54,112.04,-164.86
Negotiation_51,R4,2026-09-13T06:38:15.624406Z,shot_miss,19,318,554,662,552,365,563,343.88,47.76,297.28,agent,NA,0.122,2.83,122.34,128.2,90.0,99.11,180.0
Negotiation_51,R4,2026-09-13T06:38:15.862341Z,behavior_monitor,19,299,585,678,577,343,580,379.25,44.08,335.41,system,NA,0.104,2.83,122.34,137.32,45.02,169.61,125.75
Negotiation_51,R4,2026-09-13T06:38:15.879007Z,shot_miss,19,297,590,682,580,339,584,384.93,42.82,342.36,agent,NA,0.1,2.83,122.34,137.4,42.81,171.82,127.61
Negotiation_51,R4,2026-09-13T06:38:16.152147Z,shot_miss,19,272,628,711,604,312,622,439.6,40.18,399.63,agent,NA,0.084,2.83,122.34,138.3,35.6,169.61,125.75
Negotiation_51,R4,2026-09-13T06:38:16.374353Z,behavior_monitor,19,252,657,735,618,292,650,484.35,39.8,444.72,system,NA,0.076,2.83,122.34,137.22,27.76,169.61,125.75
Negotiation_51,R4,2026-09-13T06:38:16.886463Z,behavior_monitor,19,274,732,786,641,251,720,519.3,26.04,540.21,system,NA,0.048,2.83,17.04,66.93,0.0,169.61,54.25
Negotiation_51,R4,2026-09-13T06:38:17.396072Z,behavior_monitor,19,356,747,834,670,302,742,484.16,54.06,536.8,system,NA,0.1,2.83,7.7,138.66,34.24,99.11,0.0
Negotiation_51,R4,2026-09-13T06:38:17.907632Z,behavior_monitor,19,435,770,896,704,353,765,464.86,82.86,546.39,system,NA,0.151,2.83,28.38,137.23,27.68,169.61,54.25
Negotiation_51,R4,2026-09-13T06:38:18.418348Z,behavior_monitor,19,519,781,959,734,403,776,442.09,115.98,557.0,system,NA,0.208,2.83,0.44,138.1,26.62,99.11,0.0
Negotiation_51,R4,2026-09-13T06:38:20.461783Z,shot_miss,19,852,841,882,904,605,835,70.02,247.29,285.78,human,NA,0.779,2.83,5.56,151.16,-143.07,99.11,0.0
Negotiation_51,R4,2026-09-13T06:38:20.648554Z,shot_miss,19,881,844,878,881,624,839,37.27,257.34,257.8,human,NA,0.874,2.83,3.23,129.41,-90.0,99.11,0.0
Negotiation_51,R4,2026-09-13T06:38:20.818636Z,shot_hit,19,906,849,882,859,640,844,26.03,265.54,241.71,human,NA,0.911,2.83,32.91,136.62,-68.68,169.61,54.25
Negotiation_51,R4,2026-09-13T06:38:20.819637Z,flight_spawn,20,645,-20,882,859,640,844,910.52,864.62,241.71,system,NA,0.487,2.83,135.0,136.62,-68.68,169.61,54.25
Negotiation_51,R4,2026-09-13T06:38:23.348257Z,human_signal,20,359,269,990,632,472,613,727.75,361.44,518.73,human,your_turn,0.332,2.83,136.73,0.0,-142.06,130.47,-125.75
Negotiation_51,R4,2026-09-13T06:38:23.349377Z,behavior_monitor,20,359,269,990,632,472,613,727.75,361.44,518.73,system,NA,0.332,2.83,136.73,0.0,-142.06,130.47,-125.75
Negotiation_51,R4,2026-09-13T06:38:23.349806Z,human_signal,20,358,271,990,632,472,613,728.32,360.16,518.73,human,your_turn,0.331,2.83,136.73,0.0,-142.06,130.47,-125.75
Negotiation_51,R4,2026-09-13T06:38:23.670503Z,agent_signal,20,324,311,990,632,440,568,739.68,282.34,554.08,agent,i_can,0.276,2.83,111.09,0.0,-142.06,169.61,-125.75
Negotiation_51,R4,2026-09-13T06:38:23.857186Z,behavior_monitor,20,312,336,990,632,421,566,739.63,254.43,572.76,system,NA,0.256,2.83,125.35,0.0,-142.06,99.11,180.0
Negotiation_51,R4,2026-09-13T06:38:24.368856Z,behavior_monitor,20,273,409,964,632,371,566,725.97,184.92,597.0,system,NA,0.203,2.83,101.69,129.41,180.0,110.33,167.53
Negotiation_51,R4,2026-09-13T06:38:24.880128Z,behavior_monitor,20,272,492,898,632,320,566,641.59,88.2,581.64,system,NA,0.121,2.83,80.11,129.41,180.0,99.11,180.0
Negotiation_51,R4,2026-09-13T06:38:25.203317Z,shot_hit,20,294,542,854,632,286,566,567.58,24.87,571.4,agent,NA,0.042,2.83,51.58,129.41,180.0,99.11,180.0
Negotiation_51,R5,2026-09-13T06:39:29.352168Z,flight_spawn,1,1105,-20,854,632,286,566,699.73,1007.51,571.4,system,NA,0.59,2.83,45.0,0.0,180.0,0.0,180.0
Negotiation_51,R5,2026-09-13T06:39:33.937969Z,human_signal,1,1233,210,1128,694,463,621,494.98,872.01,669.14,human,i_can,0.638,2.83,59.97,136.37,-18.7,130.47,-54.25
Negotiation_51,R5,2026-09-13T06:39:33.954567Z,behavior_monitor,1,1233,210,1128,694,464,619,494.98,870.52,668.33,system,NA,0.638,2.83,59.97,136.37,-18.7,97.85,-54.25
Negotiation_51,R5,2026-09-13T06:39:34.464330Z,behavior_monitor,1,1251,291,1194,672,493,579,385.01,810.12,706.97,system,NA,0.678,2.83,65.32,128.98,-18.95,92.42,-54.25
Negotiation_51,R5,2026-09-13T06:39:34.822524Z,agent_signal,1,1248,351,1242,653,506,566,302.21,772.25,740.67,agent,your_turn,0.719,2.83,116.54,141.0,-29.08,0.0,28.77
Negotiation_51,R5,2026-09-13T06:39:34.975713Z,behavior_monitor,1,1240,372,1258,642,515,566,270.45,749.72,746.39,system,NA,0.735,2.83,90.52,142.1,-37.5,57.18,0.0
Negotiation_51,R5,2026-09-13T06:39:35.487126Z,behavior_monitor,1,1236,457,1236,600,544,566,143.3,700.37,693.08,system,NA,0.83,2.83,90.52,138.49,-146.64,57.18,0.0
Negotiation_51,R5,2026-09-13T06:39:35.880117Z,shot_miss,1,1204,511,1201,562,549,566,50.58,656.65,651.35,human,NA,0.928,2.83,140.12,137.8,-110.09,0.0,62.2
Negotiation_51,R5,2026-09-13T06:39:35.998706Z,behavior_monitor,1,1189,524,1196,546,548,566,23.45,641.61,647.48,system,NA,0.965,2.83,140.12,135.27,-106.92,0.0,171.67
Negotiation_51,R5,2026-09-13T06:39:36.237083Z,shot_miss,1,1160,551,1180,519,549,567,37.26,611.99,632.73,human,NA,0.943,2.83,113.73,129.49,-143.49,21.43,58.76
Negotiation_51,R5,2026-09-13T06:39:36.508546Z,behavior_monitor,1,1144,593,1148,533,563,581,60.18,581.3,587.1,system,NA,0.906,2.83,91.32,143.87,124.42,130.47,54.25
Negotiation_51,R5,2026-09-13T06:39:36.610668Z,shot_miss,1,1144,610,1141,545,568,588,64.59,576.18,574.62,human,NA,0.899,2.83,91.32,140.62,118.94,0.0,54.25
Negotiation_51,R5,2026-09-13T06:39:36.848549Z,shot_miss,1,1158,647,1140,576,568,588,73.31,593.02,571.92,human,NA,0.89,2.83,63.73,129.41,90.0,0.0,54.25
Negotiation_51,R5,2026-09-13T06:39:37.017778Z,behavior_monitor,1,1165,674,1140,598,571,592,79.44,599.44,569.23,system,NA,0.883,2.83,88.34,129.41,90.0,130.47,54.25
Negotiation_51,R5,2026-09-13T06:39:37.528464Z,behavior_monitor,1,1188,752,1159,663,609,646,93.44,588.92,550.39,system,NA,0.863,2.83,57.24,129.41,90.0,130.47,54.25
Negotiation_51,R5,2026-09-13T06:39:38.037457Z,behavior_monitor,1,1245,813,1165,729,648,700,115.91,607.72,518.22,system,NA,0.84,2.83,29.29,137.23,70.56,130.47,54.25
Negotiation_51,R5,2026-09-13T06:39:38.547746Z,behavior_monitor,1,1321,855,1189,795,686,754,144.93,642.73,504.36,system,NA,0.816,2.83,29.29,138.08,69.58,130.47,54.25
Negotiation_51,R5,2026-09-13T06:39:39.057790Z,behavior_monitor,1,1393,899,1223,857,726,808,175.58,673.62,499.39,system,NA,0.793,2.83,29.55,138.06,47.71,130.47,54.25
Negotiation_51,R5,2026-09-13T06:39:39.449873Z,flight_missed,1,1433,952,1266,891,756,851,177.6,684.21,511.44,system,NA,0.794,2.83,31.09,129.41,0.0,130.47,54.25
Negotiation_51,R5,2026-09-13T06:39:39.451004Z,flight_spawn,2,805,-20,1266,891,756,851,1021.24,872.65,511.44,system,NA,0.461,3.31,52.88,129.41,0.0,130.47,54.25
Negotiation_51,R5,2026-09-13T06:39:41.388478Z,agent_signal,2,821,310,1229,692,827,677,558.89,367.4,402.58,agent,i_can,0.397,3.31,135.65,138.35,-137.39,130.47,-125.75
Negotiation_51,R5,2026-09-13T06:39:41.406048Z,behavior_monitor,2,821,310,1229,692,825,675,558.89,365.04,404.36,system,NA,0.395,3.31,135.65,138.35,-137.39,169.61,-125.75
Negotiation_51,R5,2026-09-13T06:39:41.915944Z,behavior_monitor,2,775,397,1205,669,774,605,508.86,207.67,435.56,system,NA,0.29,3.31,107.08,0.0,-90.0,180.21,-125.75
Negotiation_51,R5,2026-09-13T06:39:42.427394Z,behavior_monitor,2,744,492,1183,660,727,565,469.54,74.76,465.18,system,NA,0.137,3.31,107.08,111.39,-148.22,93.6,180.0
Negotiation_51,R5,2026-09-13T06:39:42.803146Z,shot_hit,2,758,565,1176,631,734,565,423.37,23.86,447.01,agent,NA,0.053,3.31,55.3,76.77,-90.0,99.11,0.0
Negotiation_51,R5,2026-09-13T06:39:42.803880Z,flight_spawn,3,79,-20,1176,631,734,565,1276.24,878.83,447.01,system,NA,0.408,3.57,55.95,76.77,-90.0,99.11,0.0
Negotiation_51,R5,2026-09-13T06:39:44.061882Z,human_signal,3,221,193,1171,685,659,565,1070.46,574.88,526.33,human,your_turn,0.349,3.57,64.69,0.0,180.0,76.24,180.0
Negotiation_51,R5,2026-09-13T06:39:44.062891Z,behavior_monitor,3,221,193,1171,685,659,565,1070.46,574.88,526.33,system,NA,0.349,3.57,64.69,0.0,180.0,76.24,180.0
Negotiation_51,R5,2026-09-13T06:39:44.063339Z,human_signal,3,223,196,1171,685,659,565,1067.02,571.11,526.33,human,your_turn,0.349,3.57,64.69,0.0,180.0,76.24,180.0
Negotiation_51,R5,2026-09-13T06:39:44.572529Z,behavior_monitor,3,266,289,1138,685,608,565,957.95,439.44,543.74,system,NA,0.314,3.57,64.69,129.41,180.0,99.11,180.0
Negotiation_51,R5,2026-09-13T06:39:44.811473Z,agent_signal,3,302,323,1105,685,584,565,880.63,371.58,534.56,agent,i_can,0.297,3.57,20.25,122.22,180.0,93.6,180.0
Negotiation_51,R5,2026-09-13T06:39:45.086123Z,behavior_monitor,3,354,346,1072,675,557,565,789.99,299.11,526.4,system,NA,0.275,3.57,49.29,139.81,-157.77,99.11,180.0
Negotiation_51,R5,2026-09-13T06:39:45.592872Z,behavior_monitor,3,431,423,1009,642,506,565,617.7,160.82,508.38,system,NA,0.207,3.57,27.67,141.97,-144.32,99.11,180.0
Negotiation_51,R5,2026-09-13T06:39:46.103050Z,behavior_monitor,3,521,479,989,618,491,565,488.03,91.19,499.98,system,NA,0.157,3.57,49.09,133.98,-35.43,99.11,0.0
Negotiation_51,R5,2026-09-13T06:39:46.615349Z,behavior_monitor,3,614,528,1046,581,542,565,435.81,81.24,504.81,system,NA,0.157,3.57,28.62,129.41,0.0,99.11,0.0
Negotiation_51,R5,2026-09-13T06:39:47.125507Z,behavior_monitor,3,689,601,1078,633,594,592,390.46,95.37,485.81,system,NA,0.196,3.57,52.3,133.99,105.03,169.61,54.25
Negotiation_51,R5,2026-09-13T06:39:47.636573Z,behavior_monitor,3,753,686,1065,699,645,662,312.55,110.87,422.12,system,NA,0.262,3.57,52.3,129.41,90.0,169.61,54.25
Negotiation_51,R5,2026-09-13T06:39:48.146619Z,behavior_monitor,3,841,743,1056,765,696,732,216.34,145.04,361.35,system,NA,0.401,3.57,28.47,134.99,106.54,169.61,54.25
Negotiation_51,R5,2026-09-13T06:39:48.657342Z,behavior_monitor,3,917,810,1006,799,747,802,89.25,170.93,259.26,system,NA,0.657,3.57,31.9,129.41,180.0,169.61,54.25
Negotiation_51,R5,2026-09-13T06:39:48.725711Z,shot_miss,3,929,818,997,799,753,811,70.46,175.77,243.98,human,NA,0.714,3.57,31.9,129.41,180.0,169.61,54.25
Negotiation_51,R5,2026-09-13T06:39:48.980951Z,shot_hit,3,978,835,969,823,778,831,15.54,200.21,191.1,human,NA,0.928,3.57,20.74,142.15,132.67,99.11,0.0
Negotiation_51,R5,2026-09-13T06:39:48.982126Z,flight_spawn,4,180,-20,969,823,778,831,1154.66,1040.15,191.1,system,NA,0.474,3.53,124.52,142.15,132.67,99.11,0.0
Negotiation_51,R5,2026-09-13T06:39:50.898652Z,agent_signal,4,146,366,993,780,650,654,942.37,580.27,365.15,agent,i_can,0.381,3.53,111.23,134.4,-164.34,130.47,-125.75
Negotiation_51,R5,2026-09-13T06:39:50.915364Z,behavior_monitor,4,146,366,993,780,649,651,942.37,577.76,367.35,system,NA,0.38,3.53,111.23,129.41,180.0,178.07,-116.25
Negotiation_51,R5,2026-09-13T06:39:51.424715Z,behavior_monitor,4,94,454,962,777,599,581,926.43,520.46,413.07,system,NA,0.36,3.53,132.92,93.54,180.0,153.21,-129.5
Negotiation_51,R5,2026-09-13T06:39:51.935201Z,behavior_monitor,4,25,504,897,777,548,567,913.87,527.07,407.15,system,NA,0.366,2.78,54.14,129.41,180.0,99.11,180.0
Negotiation_51,R5,2026-09-13T06:39:52.445888Z,behavior_monitor,4,91,537,831,764,498,565,773.91,407.58,388.34,system,NA,0.345,2.78,5.01,129.41,180.0,99.11,180.0
Negotiation_51,R5,2026-09-13T06:39:52.957924Z,behavior_monitor,4,171,545,765,770,447,565,635.37,276.89,378.42,system,NA,0.304,2.78,5.01,135.07,163.36,99.11,180.0
Negotiation_51,R5,2026-09-13T06:39:53.466185Z,behavior_monitor,4,245,573,704,790,395,569,507.55,150.93,378.91,system,NA,0.229,2.78,2.15,112.29,180.0,99.11,180.0
Negotiation_51,R5,2026-09-13T06:39:53.981239Z,behavior_monitor,4,320,597,640,790,345,593,373.34,25.56,354.43,system,NA,0.064,2.78,4.82,129.41,180.0,99.11,180.0
Negotiation_51,R5,2026-09-13T06:39:54.167438Z,shot_hit,4,355,600,613,790,331,595,320.53,24.17,342.61,agent,NA,0.07,2.78,4.82,129.41,180.0,0.0,180.0
Negotiation_51,R5,2026-09-13T06:39:54.168386Z,flight_spawn,5,1139,-20,613,790,331,595,965.87,1015.82,342.61,system,NA,0.513,3.46,54.73,129.41,180.0,0.0,180.0
Negotiation_51,R5,2026-09-13T06:39:55.955345Z,human_signal,5,1347,268,794,790,442,566,760.3,953.06,417.4,human,i_can,0.556,3.46,76.92,122.22,0.0,72.0,0.0
Negotiation_51,R5,2026-09-13T06:39:55.973103Z,behavior_monitor,5,1347,268,794,790,443,566,760.3,952.14,416.58,system,NA,0.556,3.46,76.92,129.41,0.0,57.18,0.0
Negotiation_51,R5,2026-09-13T06:39:56.485134Z,behavior_monitor,5,1386,365,860,790,472,566,675.97,935.83,448.01,system,NA,0.581,3.46,56.0,129.41,0.0,57.18,0.0
Negotiation_51,R5,2026-09-13T06:39:56.552880Z,agent_signal,5,1396,379,871,790,476,566,666.29,938.88,454.19,agent,your_turn,0.585,3.46,56.0,129.41,0.0,57.18,0.0
Negotiation_51,R5,2026-09-13T06:39:56.996034Z,behavior_monitor,5,1439,420,926,790,501,566,631.89,949.36,480.46,system,NA,0.6,2.16,160.18,129.41,0.0,57.18,0.0
Negotiation_51,R5,2026-09-13T06:39:57.505640Z,behavior_monitor,5,1389,458,992,790,519,566,517.18,876.88,523.01,system,NA,0.629,2.16,131.6,129.41,0.0,0.0,0.0
Negotiation_51,R5,2026-09-13T06:39:58.020140Z,behavior_monitor,5,1345,499,1058,790,530,565,408.29,817.33,573.54,system,NA,0.667,2.16,110.13,129.41,0.0,76.24,0.0
Negotiation_51,R5,2026-09-13T06:39:58.521600Z,behavior_monitor,5,1297,529,1124,769,569,565,295.35,728.6,590.41,system,NA,0.712,2.16,171.88,139.78,-24.03,76.24,0.0
Negotiation_51,R5,2026-09-13T06:39:59.030405Z,behavior_monitor,5,1236,543,1141,708,608,565,190.57,628.39,551.27,system,NA,0.767,2.16,144.18,137.5,-90.0,53.93,-6.83
Negotiation_51,R5,2026-09-13T06:39:59.539202Z,behavior_monitor,5,1183,579,1152,643,647,574,70.75,536.13,508.98,system,NA,0.883,2.16,164.18,139.06,-61.6,76.24,0.0
Negotiation_51,R5,2026-09-13T06:39:59.676082Z,shot_miss,5,1169,584,1163,627,658,579,43.75,510.94,507.8,human,NA,0.921,2.16,164.18,140.18,-50.41,130.47,54.25
Negotiation_51,R5,2026-09-13T06:39:59.862838Z,shot_hit,5,1150,595,1173,606,672,590,26.23,477.72,501.71,human,NA,0.948,2.16,163.66,135.89,-107.76,130.47,54.25
Negotiation_51,R5,2026-09-13T06:39:59.863762Z,flight_spawn,6,543,-20,1173,606,672,590,888.95,623.88,501.71,system,NA,0.412,2.86,134.46,135.89,-107.76,130.47,54.25
Negotiation_51,R5,2026-09-13T06:40:01.707894Z,human_signal,6,341,157,950,607,553,565,756.78,459.06,399.68,human,your_turn,0.378,2.86,142.85,0.0,180.0,76.24,180.0
Negotiation_51,R5,2026-09-13T06:40:01.708582Z,behavior_monitor,6,341,157,950,607,553,565,756.78,459.06,399.68,system,NA,0.378,2.86,142.85,0.0,180.0,76.24,180.0
Negotiation_51,R5,2026-09-13T06:40:01.708933Z,human_signal,6,339,159,950,607,553,565,757.7,458.65,399.68,human,your_turn,0.377,2.86,142.85,0.0,180.0,76.24,180.0
Negotiation_51,R5,2026-09-13T06:40:02.216863Z,behavior_monitor,6,266,192,918,607,502,565,772.52,441.53,417.85,system,NA,0.364,2.86,169.02,129.41,180.0,99.11,180.0
Negotiation_51,R5,2026-09-13T06:40:02.722654Z,behavior_monitor,6,185,219,852,597,452,565,766.51,436.58,401.6,system,NA,0.363,2.86,144.02,133.71,-165.43,99.11,180.0
Negotiation_51,R5,2026-09-13T06:40:03.231353Z,behavior_monitor,6,133,283,819,626,401,565,767.19,389.32,422.37,system,NA,0.337,2.86,90.08,101.24,90.0,99.11,180.0
Negotiation_51,R5,2026-09-13T06:40:03.742192Z,behavior_monitor,6,135,368,848,684,351,566,780.0,292.52,511.31,system,NA,0.273,2.86,89.74,127.63,55.12,93.6,180.0
Negotiation_51,R5,2026-09-13T06:40:03.982883Z,agent_signal,6,132,410,873,708,327,565,799.19,249.88,564.14,agent,i_can,0.238,2.86,116.6,137.27,35.22,99.11,180.0
Negotiation_51,R5,2026-09-13T06:40:04.254940Z,behavior_monitor,6,111,448,905,720,300,565,839.4,222.46,624.47,system,NA,0.21,2.86,87.54,134.84,16.31,99.11,180.0
Negotiation_51,R5,2026-09-13T06:40:04.765142Z,behavior_monitor,6,156,524,971,725,250,566,840.09,102.65,739.29,system,NA,0.109,2.86,58.28,129.41,0.0,99.11,180.0
Negotiation_51,R5,2026-09-13T06:40:05.188429Z,shot_miss,6,156,592,1015,725,205,585,869.27,49.31,822.22,agent,NA,0.054,2.86,111.08,0.0,0.0,169.61,125.75
Negotiation_51,R5,2026-09-13T06:40:05.274835Z,behavior_monitor,6,153,603,1015,725,198,594,870.88,46.03,827.33,system,NA,0.05,2.86,111.08,0.0,0.0,169.61,125.75
Negotiation_51,R5,2026-09-13T06:40:05.512840Z,shot_hit,6,146,644,1015,725,173,629,873.53,31.51,847.58,agent,NA,0.035,2.86,115.93,0.0,0.0,169.61,125.75
Negotiation_51,R5,2026-09-13T06:40:05.513245Z,flight_spawn,7,784,-20,1015,725,173,629,780.34,891.91,847.58,system,NA,0.533,3.37,53.53,0.0,0.0,169.61,125.75
Negotiation_51,R5,2026-09-13T06:40:06.632881Z,human_signal,7,961,97,1082,654,235,567,569.79,864.88,851.2,human,i_can,0.603,3.37,5.29,97.86,-58.62,76.24,0.0
Negotiation_51,R5,2026-09-13T06:40:06.649141Z,behavior_monitor,7,961,97,1082,654,236,567,569.79,864.06,850.23,system,NA,0.603,3.37,5.29,98.11,-58.7,57.18,0.0
Negotiation_51,R5,2026-09-13T06:40:07.161192Z,behavior_monitor,7,1058,118,1098,634,265,566,517.47,910.89,835.76,system,NA,0.638,3.37,27.13,47.33,90.0,57.18,0.0
Negotiation_51,R5,2026-09-13T06:40:07.671310Z,behavior_monitor,7,1136,178,1098,693,278,566,515.68,941.83,830.13,system,NA,0.646,3.37,27.71,129.41,90.0,0.0,0.0
Negotiation_51,R5,2026-09-13T06:40:08.182257Z,behavior_monitor,7,1232,205,1109,723,292,566,533.21,1006.63,831.42,system,NA,0.654,3.37,1.35,129.41,0.0,84.88,-8.19
Negotiation_51,R5,2026-09-13T06:40:08.692661Z,behavior_monitor,7,1337,207,1160,736,331,566,557.92,1068.25,846.81,system,NA,0.657,3.37,1.35,0.0,0.0,76.24,0.0
Negotiation_51,R5,2026-09-13T06:40:09.203164Z,behavior_monitor,7,1427,245,1160,736,370,566,558.68,1104.91,808.77,system,NA,0.664,3.37,54.45,0.0,0.0,76.24,0.0
Negotiation_51,R5,2026-09-13T06:40:09.712737Z,behavior_monitor,7,1418,320,1160,719,409,565,474.5,1038.44,767.16,system,NA,0.686,2.98,135.95,129.41,-90.0,76.24,0.0
Negotiation_51,R5,2026-09-13T06:40:09.967727Z,agent_signal,7,1385,353,1160,684,428,565,399.32,979.9,741.71,agent,your_turn,0.71,2.98,135.95,129.41,-90.0,76.24,0.0
Negotiation_51,R5,2026-09-13T06:40:10.223919Z,behavior_monitor,7,1358,382,1160,653,443,565,334.91,933.12,722.86,system,NA,0.736,2.98,135.95,129.41,-90.0,57.18,0.0
Negotiation_51,R5,2026-09-13T06:40:10.733679Z,behavior_monitor,7,1296,447,1189,593,472,566,181.13,833.11,717.99,system,NA,0.821,2.98,110.0,139.61,-45.58,57.18,0.0
Negotiation_51,R5,2026-09-13T06:40:11.226667Z,shot_miss,7,1268,528,1240,546,471,566,33.88,798.23,769.22,human,NA,0.959,2.98,81.5,140.47,-35.15,0.0,174.11
Negotiation_51,R5,2026-09-13T06:40:11.243927Z,behavior_monitor,7,1269,531,1242,545,471,566,30.14,798.27,771.25,system,NA,0.964,2.98,81.5,140.01,-32.88,0.0,174.11
Negotiation_51,R5,2026-09-13T06:40:11.413948Z,shot_hit,7,1273,560,1263,534,471,565,28.61,802.34,792.6,human,NA,0.966,2.98,81.5,137.59,-25.07,0.0,-156.63
Negotiation_51,R5,2026-09-13T06:40:11.414750Z,flight_spawn,8,994,-20,1263,534,471,565,615.95,785.47,792.6,system,NA,0.56,3.26,127.88,137.59,-25.07,0.0,-156.63
Negotiation_51,R5,2026-09-13T06:40:13.421673Z,agent_signal,8,901,335,1296,746,603,566,569.34,376.58,715.21,agent,i_can,0.398,3.26,82.32,137.04,63.82,76.24,0.0
Negotiation_51,R5,2026-09-13T06:40:13.438571Z,behavior_monitor,8,901,335,1296,746,605,566,569.34,375.25,713.58,system,NA,0.397,3.26,82.32,137.52,60.82,99.11,0.0
Negotiation_51,R5,2026-09-13T06:40:13.949717Z,behavior_monitor,8,916,432,1312,789,656,566,532.91,292.57,692.67,system,NA,0.354,3.26,82.32,84.56,142.27,102.51,5.58
Negotiation_51,R5,2026-09-13T06:40:14.459766Z,behavior_monitor,8,894,521,1248,807,707,565,455.22,192.35,592.74,system,NA,0.297,3.26,106.41,129.41,180.0,99.11,0.0
Negotiation_51,R5,2026-09-13T06:40:14.969186Z,behavior_monitor,8,835,598,1182,807,758,592,405.02,78.01,475.75,system,NA,0.162,3.26,136.26,129.41,180.0,171.09,54.0
Negotiation_51,R5,2026-09-13T06:40:15.397282Z,shot_hit,8,783,662,1125,807,766,653,371.16,19.4,390.51,agent,NA,0.05,3.26,113.98,129.41,180.0,169.61,125.75
Negotiation_51,R5,2026-09-13T06:40:15.397679Z,flight_spawn,9,323,-20,1125,807,766,653,1152.46,806.33,390.51,system,NA,0.412,2.83,135.0,129.41,180.0,169.61,125.75
Negotiation_51,R5,2026-09-13T06:40:16.569298Z,human_signal,9,181,87,979,828,701,567,1089.37,707.41,381.97,human,your_turn,0.394,2.83,160.17,101.68,180.0,76.24,180.0
Negotiation_51,R5,2026-09-13T06:40:16.569991Z,behavior_monitor,9,181,87,979,828,701,567,1089.37,707.41,381.97,system,NA,0.394,2.83,160.17,100.85,180.0,76.24,180.0
Negotiation_51,R5,2026-09-13T06:40:16.570550Z,human_signal,9,178,88,978,828,701,567,1089.6,708.91,380.73,human,your_turn,0.394,2.83,160.17,100.85,180.0,76.24,180.0
Negotiation_51,R5,2026-09-13T06:40:17.081750Z,behavior_monitor,9,107,125,920,828,650,564,1074.83,698.28,377.63,system,NA,0.394,2.83,130.58,129.41,180.0,99.11,180.0
Negotiation_51,R5,2026-09-13T06:40:17.592538Z,behavior_monitor,9,39,169,854,828,600,565,1048.56,686.76,366.0,system,NA,0.396,2.83,173.97,129.41,180.0,99.11,180.0
Negotiation_51,R5,2026-09-13T06:40:18.103718Z,behavior_monitor,9,55,178,807,800,550,564,976.21,627.76,349.13,system,NA,0.391,1.71,10.77,134.21,-74.64,99.11,180.0
Negotiation_51,R5,2026-09-13T06:40:18.614196Z,behavior_monitor,9,112,188,857,751,499,565,934.22,540.06,403.96,system,NA,0.366,1.71,10.77,140.47,-32.27,99.11,180.0
Negotiation_51,R5,2026-09-13T06:40:19.125548Z,behavior_monitor,9,172,197,919,716,448,565,909.31,459.75,494.13,system,NA,0.336,1.71,10.77,136.57,-22.46,99.11,180.0
Negotiation_51,R5,2026-09-13T06:40:19.634825Z,behavior_monitor,9,204,233,985,713,398,564,916.54,384.03,605.35,system,NA,0.295,1.71,83.99,129.41,0.0,99.11,180.0
Negotiation_51,R5,2026-09-13T06:40:20.147637Z,behavior_monitor,9,244,263,1045,742,347,564,933.57,318.56,720.29,system,NA,0.254,1.71,6.62,139.61,39.92,99.11,180.0
Negotiation_51,R5,2026-09-13T06:40:20.652950Z,behavior_monitor,9,292,278,1105,768,296,564,950.01,286.34,834.33,system,NA,0.232,1.71,35.81,133.22,-14.83,99.11,180.0
Negotiation_51,R5,2026-09-13T06:40:21.162823Z,behavior_monitor,9,313,322,1167,733,290,564,948.12,243.04,893.45,system,NA,0.204,1.71,52.27,141.88,-33.46,99.11,0.0
Negotiation_51,R5,2026-09-13T06:40:21.296242Z,agent_signal,9,323,334,1185,721,300,564,944.57,230.96,899.14,agent,i_can,0.196,1.71,52.27,141.71,-33.5,99.11,0.0
Negotiation_51,R5,2026-09-13T06:40:21.670366Z,behavior_monitor,9,329,368,1224,689,307,564,951.02,197.63,925.71,system,NA,0.172,1.71,78.85,141.24,-47.16,0.0,-0.84
Negotiation_51,R5,2026-09-13T06:40:22.183436Z,behavior_monitor,9,355,413,1272,636,332,564,943.81,152.38,942.7,system,NA,0.139,1.71,58.98,140.33,-47.86,99.11,0.0
Negotiation_51,R5,2026-09-13T06:40:22.695879Z,behavior_monitor,9,396,440,1281,656,373,564,910.76,126.33,912.38,system,NA,0.122,1.71,33.38,83.19,90.0,99.11,0.0
Negotiation_51,R5,2026-09-13T06:40:23.206638Z,behavior_monitor,9,444,468,1281,658,420,564,857.93,99.0,865.8,system,NA,0.103,1.71,33.38,0.0,90.0,99.11,0.0
Negotiation_51,R5,2026-09-13T06:40:23.716769Z,behavior_monitor,9,481,498,1288,656,457,564,822.63,70.95,836.4,system,NA,0.079,1.71,14.86,89.39,-40.79,99.11,0.0
Negotiation_51,R5,2026-09-13T06:40:24.073782Z,shot_miss,9,509,519,1320,622,487,564,817.27,50.01,835.19,agent,NA,0.058,1.71,38.74,138.41,-47.19,99.11,0.0
Negotiation_51,R5,2026-09-13T06:40:24.226427Z,behavior_monitor,9,522,529,1333,608,499,564,815.53,42.0,835.51,system,NA,0.049,1.71,59.07,139.34,-46.78,99.11,0.0
Negotiation_51,R5,2026-09-13T06:40:24.379722Z,shot_hit,9,529,543,1349,591,506,564,822.11,31.02,844.32,agent,NA,0.036,1.71,59.07,139.61,-46.67,0.0,0.0
Negotiation_51,R5,2026-09-13T06:40:24.380634Z,flight_spawn,10,608,-20,1349,591,506,564,961.18,593.34,844.32,system,NA,0.382,2.93,47.02,139.61,-46.67,0.0,0.0
Negotiation_51,R5,2026-09-13T06:40:25.639978Z,human_signal,10,609,176,1388,599,576,564,885.79,389.03,812.71,human,your_turn,0.305,2.93,116.28,0.0,132.06,76.24,0.0
Negotiation_51,R5,2026-09-13T06:40:25.641532Z,behavior_monitor,10,609,176,1388,599,576,564,885.79,389.03,812.71,system,NA,0.305,2.93,116.28,0.0,132.06,76.24,0.0
Negotiation_51,R5,2026-09-13T06:40:25.641994Z,human_signal,10,608,179,1388,599,576,564,885.9,386.28,812.71,human,your_turn,0.304,2.93,116.28,0.0,132.06,76.24,0.0
Negotiation_51,R5,2026-09-13T06:40:26.150057Z,behavior_monitor,10,555,244,1353,597,542,564,872.8,319.59,811.05,system,NA,0.268,2.93,116.51,126.09,-165.77,93.6,180.0
Negotiation_51,R5,2026-09-13T06:40:26.557990Z,agent_signal,10,520,310,1298,583,504,564,824.59,254.58,794.22,agent,i_can,0.236,2.93,116.51,133.71,-165.44,99.11,180.0
Negotiation_51,R5,2026-09-13T06:40:26.660661Z,behavior_monitor,10,513,323,1287,580,497,563,815.44,241.06,790.27,system,NA,0.228,2.93,116.51,133.77,-165.34,99.11,180.0
Negotiation_51,R5,2026-09-13T06:40:27.170019Z,behavior_monitor,10,470,398,1221,563,453,563,768.35,166.23,767.44,system,NA,0.178,2.93,115.74,133.8,-165.28,99.11,180.0
Negotiation_51,R5,2026-09-13T06:40:27.681516Z,behavior_monitor,10,474,481,1155,545,450,563,684.12,85.28,705.04,system,NA,0.111,2.93,68.3,133.97,-165.01,0.0,0.0
Negotiation_51,R5,2026-09-13T06:40:28.038854Z,shot_hit,10,498,542,1106,533,476,563,608.41,30.98,631.61,agent,NA,0.048,2.93,90.86,133.97,-165.01,0.0,0.0
Negotiation_51,R5,2026-09-13T06:40:28.039523Z,flight_spawn,11,1023,-20,1106,533,476,563,559.31,799.93,631.61,system,NA,0.589,3.39,126.1,133.97,-165.01,0.0,0.0
Negotiation_51,R5,2026-09-13T06:40:29.243585Z,human_signal,11,924,182,1172,592,544,564,478.7,538.68,628.48,human,your_turn,0.529,3.39,71.76,137.98,43.17,76.24,0.0
Negotiation_51,R5,2026-09-13T06:40:29.244641Z,behavior_monitor,11,924,182,1172,592,544,564,478.7,538.68,628.48,system,NA,0.529,3.39,71.76,137.98,43.17,76.24,0.0
Negotiation_51,R5,2026-09-13T06:40:29.245024Z,human_signal,11,925,185,1173,593,544,564,477.35,537.54,630.18,human,your_turn,0.53,3.39,71.76,137.98,43.17,76.24,0.0
Negotiation_51,R5,2026-09-13T06:40:29.756559Z,behavior_monitor,11,985,264,1174,602,594,564,387.33,492.53,580.71,system,NA,0.56,3.39,50.31,78.93,180.0,99.11,0.0
Negotiation_51,R5,2026-09-13T06:40:30.199958Z,human_signal,11,1064,309,1139,602,638,564,302.32,496.35,502.18,human,i_can,0.621,3.39,25.55,64.2,180.0,99.11,0.0
Negotiation_51,R5,2026-09-13T06:40:30.266911Z,behavior_monitor,11,1075,314,1135,602,642,564,294.94,499.75,495.06,system,NA,0.629,3.39,25.55,63.76,180.0,57.18,0.0
Negotiation_51,R5,2026-09-13T06:40:30.778708Z,behavior_monitor,11,1167,348,1154,596,671,564,247.99,541.14,484.26,system,NA,0.686,3.39,19.6,132.85,-23.73,52.81,18.35
Negotiation_51,R5,2026-09-13T06:40:30.865155Z,agent_signal,11,1186,355,1167,589,676,564,235.52,551.75,491.6,agent,your_turn,0.701,3.39,19.6,138.05,-26.59,57.18,0.0
Negotiation_51,R5,2026-09-13T06:40:31.291381Z,behavior_monitor,11,1259,391,1217,563,700,564,176.53,584.84,517.27,system,NA,0.768,3.39,34.52,140.38,-27.87,57.18,0.0
Negotiation_51,R5,2026-09-13T06:40:31.803808Z,behavior_monitor,11,1350,425,1281,533,719,565,127.69,646.15,563.43,system,NA,0.835,3.39,5.67,133.94,-14.95,0.0,0.0
Negotiation_51,R5,2026-09-13T06:40:32.312962Z,behavior_monitor,11,1450,443,1347,533,733,565,136.25,726.82,615.19,system,NA,0.842,2.25,148.13,129.41,0.0,76.24,0.0
Negotiation_51,R5,2026-09-13T06:40:32.825433Z,behavior_monitor,11,1392,466,1396,520,772,564,54.76,628.0,625.75,system,NA,0.92,2.25,138.81,137.72,-110.68,76.24,0.0
Negotiation_51,R5,2026-09-13T06:40:32.944188Z,shot_miss,11,1380,477,1385,508,781,564,31.11,605.95,607.12,human,NA,0.951,2.25,112.77,124.06,-142.11,76.24,0.0
Negotiation_51,R5,2026-09-13T06:40:33.183043Z,shot_hit,11,1369,506,1356,496,800,565,16.27,572.23,560.3,human,NA,0.972,2.25,112.77,134.29,-164.51,76.24,0.0
Negotiation_51,R5,2026-09-13T06:40:33.184030Z,flight_spawn,12,161,-20,1356,496,800,565,1301.94,866.18,560.3,system,NA,0.4,3.38,126.25,134.29,-164.51,76.24,0.0
Negotiation_51,R5,2026-09-13T06:40:35.479295Z,agent_signal,12,138,322,1132,501,671,564,1009.87,585.47,464.7,agent,i_can,0.367,3.07,105.05,129.41,32.46,76.24,180.0
Negotiation_51,R5,2026-09-13T06:40:35.496007Z,behavior_monitor,12,138,322,1132,501,669,564,1009.87,583.93,466.37,system,NA,0.366,3.07,105.05,132.82,33.08,99.11,180.0
Negotiation_51,R5,2026-09-13T06:40:36.008229Z,behavior_monitor,12,126,412,1190,541,618,564,1071.94,515.67,571.71,system,NA,0.325,3.07,112.2,131.32,38.42,93.6,180.0
Negotiation_51,R5,2026-09-13T06:40:36.516862Z,behavior_monitor,12,95,497,1215,580,568,564,1123.06,478.03,646.84,system,NA,0.299,3.07,112.2,54.76,90.0,99.11,180.0
Negotiation_51,R5,2026-09-13T06:40:37.026725Z,behavior_monitor,12,58,583,1188,591,517,575,1129.74,459.27,670.7,system,NA,0.289,3.07,112.2,129.41,180.0,169.61,125.75
Negotiation_51,R5,2026-09-13T06:40:37.536462Z,behavior_monitor,12,23,663,1122,591,467,644,1101.13,444.28,657.05,system,NA,0.287,2.63,63.16,129.41,180.0,169.61,125.75
Negotiation_51,R5,2026-09-13T06:40:38.046956Z,behavior_monitor,12,92,704,1056,591,416,700,970.84,324.97,648.51,system,NA,0.251,2.63,35.02,129.41,180.0,169.61,125.75
Negotiation_51,R5,2026-09-13T06:40:38.554033Z,behavior_monitor,12,154,748,990,591,366,743,850.31,212.18,641.64,system,NA,0.2,2.63,32.98,129.41,180.0,99.11,180.0
Negotiation_51,R5,2026-09-13T06:40:39.064686Z,behavior_monitor,12,225,774,924,585,316,770,723.66,90.22,635.95,system,NA,0.111,2.63,7.56,134.5,-164.2,169.61,125.75
Negotiation_51,R5,2026-09-13T06:40:39.474395Z,shot_hit,12,289,787,869,569,273,782,619.38,16.49,632.36,agent,NA,0.026,2.63,11.94,134.75,-163.81,99.11,180.0
Negotiation_51,R5,2026-09-13T06:40:39.475016Z,flight_spawn,13,1303,-20,869,569,273,782,732.31,1305.62,632.36,system,NA,0.641,3.12,50.11,134.75,-163.81,99.11,180.0
Negotiation_51,R5,2026-09-13T06:40:40.611457Z,human_signal,13,1431,73,954,594,328,707,705.97,1272.15,636.66,human,i_can,0.643,2.09,166.87,135.18,17.91,130.47,-54.25
Negotiation_51,R5,2026-09-13T06:40:40.628399Z,behavior_monitor,13,1431,73,954,594,329,706,705.97,1270.63,635.47,system,NA,0.643,2.09,166.87,135.0,17.68,97.85,-54.25
Negotiation_51,R5,2026-09-13T06:40:41.137539Z,behavior_monitor,13,1395,119,1020,603,358,665,611.81,1172.07,665.33,system,NA,0.657,2.09,116.48,129.41,0.0,97.85,-54.25
Negotiation_51,R5,2026-09-13T06:40:41.647000Z,behavior_monitor,13,1369,175,1086,588,372,646,501.34,1103.2,716.11,system,NA,0.688,2.09,146.43,140.78,-27.7,0.0,-54.25
Negotiation_51,R5,2026-09-13T06:40:42.157803Z,behavior_monitor,13,1324,220,1147,550,380,636,374.51,1031.87,771.74,system,NA,0.734,2.09,128.7,141.33,-39.19,130.47,-54.25
Negotiation_51,R5,2026-09-13T06:40:42.670065Z,behavior_monitor,13,1278,257,1195,501,419,582,257.26,918.46,780.82,system,NA,0.781,2.09,131.32,91.66,-90.0,130.47,-54.25
Negotiation_51,R5,2026-09-13T06:40:43.181200Z,behavior_monitor,13,1235,301,1199,456,458,565,159.18,821.33,749.58,system,NA,0.838,2.09,134.87,61.28,-43.37,76.24,0.0
Negotiation_51,R5,2026-09-13T06:40:43.693075Z,behavior_monitor,13,1187,345,1215,485,496,566,141.96,724.48,722.78,system,NA,0.836,2.09,134.87,136.28,117.96,76.24,0.0
Negotiation_51,R5,2026-09-13T06:40:43.812449Z,agent_signal,13,1173,353,1202,498,505,566,148.26,700.19,699.62,agent,your_turn,0.825,2.09,158.08,137.08,147.98,76.24,0.0
Negotiation_51,R5,2026-09-13T06:40:44.203070Z,behavior_monitor,13,1132,366,1154,501,527,565,137.48,636.14,629.52,system,NA,0.822,2.09,176.86,129.41,180.0,57.18,0.0
Negotiation_51,R5,2026-09-13T06:40:44.715465Z,behavior_monitor,13,1074,381,1088,501,549,565,121.1,556.23,542.65,system,NA,0.821,2.09,176.32,129.41,180.0,0.0,0.0
Negotiation_51,R5,2026-09-13T06:40:45.225359Z,behavior_monitor,13,1015,397,1022,501,548,565,104.18,496.24,477.76,system,NA,0.826,2.09,159.06,129.41,180.0,0.0,-41.98
Negotiation_51,R5,2026-09-13T06:40:45.736784Z,behavior_monitor,13,965,428,957,486,580,565,58.11,408.44,384.68,system,NA,0.875,2.09,124.95,136.57,-153.82,76.24,0.0
Negotiation_51,R5,2026-09-13T06:40:45.770012Z,shot_miss,13,964,432,953,483,583,565,53.08,403.48,378.58,human,NA,0.884,2.09,124.95,136.6,-152.41,76.24,0.0
Negotiation_51,R5,2026-09-13T06:40:45.991342Z,shot_hit,13,945,451,926,468,599,565,25.11,363.52,340.86,human,NA,0.935,2.09,126.41,136.98,-149.53,76.24,0.0
Negotiation_51,R5,2026-09-13T06:40:45.991842Z,flight_spawn,14,1238,-20,926,468,599,565,579.69,866.02,340.86,system,NA,0.599,2.83,135.0,136.98,-149.53,76.24,0.0
Negotiation_51,R5,2026-09-13T06:40:47.147999Z,human_signal,14,1184,152,1001,498,661,564,391.13,665.27,346.02,human,i_can,0.63,2.83,44.07,135.01,16.56,76.24,0.0
Negotiation_51,R5,2026-09-13T06:40:47.164448Z,behavior_monitor,14,1184,152,1001,498,662,564,391.13,664.5,345.07,system,NA,0.629,2.83,44.07,134.9,16.4,57.18,0.0
Negotiation_51,R5,2026-09-13T06:40:47.673651Z,behavior_monitor,14,1261,188,1067,506,691,564,373.0,683.25,380.07,system,NA,0.647,2.83,4.86,129.41,0.0,57.18,0.0
Negotiation_51,R5,2026-09-13T06:40:48.183224Z,behavior_monitor,14,1347,202,1133,506,694,564,371.91,746.46,442.51,system,NA,0.667,2.83,9.19,129.41,0.0,0.0,0.0
Negotiation_51,R5,2026-09-13T06:40:48.693367Z,behavior_monitor,14,1421,243,1199,506,707,564,344.33,782.84,495.61,system,NA,0.695,2.83,59.89,129.41,0.0,76.24,0.0
Negotiation_51,R5,2026-09-13T06:40:49.203706Z,behavior_monitor,14,1442,316,1265,506,745,563,259.91,739.96,523.35,system,NA,0.74,2.59,109.19,122.22,0.0,72.0,0.0
Negotiation_51,R5,2026-09-13T06:40:49.715161Z,behavior_monitor,14,1416,389,1331,506,783,563,144.43,655.91,550.32,system,NA,0.82,2.59,109.19,129.41,0.0,76.24,0.0
Negotiation_51,R5,2026-09-13T06:40:49.817689Z,agent_signal,14,1411,407,1346,503,791,563,116.77,638.96,557.53,agent,your_turn,0.845,2.59,109.19,134.52,-17.82,76.24,0.0
Negotiation_51,R5,2026-09-13T06:40:50.227513Z,behavior_monitor,14,1411,465,1359,459,815,563,51.93,603.98,554.32,system,NA,0.921,2.59,83.44,140.31,-49.42,57.18,0.0
Negotiation_51,R5,2026-09-13T06:40:50.273243Z,shot_miss,14,1411,470,1362,456,817,563,50.45,601.32,556.37,human,NA,0.923,2.59,83.44,139.72,-44.57,57.18,0.0
Negotiation_51,R5,2026-09-13T06:40:50.509905Z,shot_miss,14,1412,506,1392,453,830,563,56.98,585.05,573.03,human,NA,0.911,2.59,112.48,137.73,20.02,57.18,0.0
Negotiation_51,R5,2026-09-13T06:40:50.732724Z,behavior_monitor,14,1398,537,1412,475,834,563,63.86,564.76,585.05,system,NA,0.898,2.59,112.48,138.32,69.32,0.0,0.0
Negotiation_51,R5,2026-09-13T06:40:50.749090Z,shot_miss,14,1397,540,1413,477,834,563,64.42,563.92,585.54,human,NA,0.897,2.59,112.48,138.32,69.32,0.0,0.0
Negotiation_51,R5,2026-09-13T06:40:51.004636Z,shot_miss,14,1383,576,1415,510,834,563,72.82,548.83,583.17,human,NA,0.883,2.59,112.48,129.41,90.0,0.0,-106.09
Negotiation_51,R5,2026-09-13T06:40:51.242491Z,behavior_monitor,14,1367,609,1415,541,834,563,83.2,535.32,581.55,system,NA,0.865,2.59,112.48,129.41,90.0,0.0,175.85
Negotiation_51,R5,2026-09-13T06:40:51.753325Z,behavior_monitor,14,1365,678,1415,607,866,606,87.13,504.46,549.25,system,NA,0.853,2.59,35.92,129.41,90.0,130.47,54.25
Negotiation_51,R5,2026-09-13T06:40:52.264521Z,behavior_monitor,14,1390,750,1415,673,905,660,80.67,493.63,510.59,system,NA,0.86,2.59,59.61,129.41,90.0,130.47,54.25
Negotiation_51,R5,2026-09-13T06:40:52.774002Z,behavior_monitor,14,1445,804,1400,732,943,714,83.99,509.15,457.14,system,NA,0.858,2.59,31.61,59.94,-90.0,130.47,54.25
Negotiation_51,R5,2026-09-13T06:40:53.283181Z,behavior_monitor,14,1406,811,1400,753,982,768,57.81,426.11,418.13,system,NA,0.881,1.6,173.56,129.41,90.0,130.47,54.25
Negotiation_51,R5,2026-09-13T06:40:53.606201Z,shot_hit,14,1377,814,1397,795,1007,802,27.21,370.28,389.52,human,NA,0.932,1.6,173.56,133.42,104.09,130.47,54.25
Negotiation_51,R5,2026-09-13T06:40:53.607236Z,flight_spawn,15,244,-20,1397,795,1007,802,1411.86,1121.85,389.52,system,NA,0.443,3.34,126.82,133.42,104.09,130.47,54.25
Negotiation_51,R5,2026-09-13T06:40:55.403359Z,human_signal,15,154,301,1192,857,892,642,1177.73,813.33,369.06,human,your_turn,0.408,3.34,95.15,129.41,180.0,130.47,-125.75
Negotiation_51,R5,2026-09-13T06:40:55.403957Z,behavior_monitor,15,154,301,1192,857,892,642,1177.73,813.33,369.06,system,NA,0.408,3.34,95.15,129.41,180.0,130.47,-125.75
Negotiation_51,R5,2026-09-13T06:40:55.404188Z,human_signal,15,153,305,1190,857,892,642,1174.31,812.03,367.27,human,your_turn,0.409,3.34,119.21,129.41,180.0,130.47,-125.75
Negotiation_51,R5,2026-09-13T06:40:55.914124Z,behavior_monitor,15,89,372,1126,857,842,572,1144.51,778.71,402.57,system,NA,0.405,3.34,169.27,129.41,180.0,169.61,-125.75
Negotiation_51,R5,2026-09-13T06:40:55.914984Z,agent_signal,15,86,373,1124,857,842,572,1144.96,781.69,400.62,agent,i_can,0.406,3.34,169.27,129.41,180.0,169.61,-125.75
Negotiation_51,R5,2026-09-13T06:40:56.424328Z,behavior_monitor,15,40,391,1064,826,791,565,1112.19,771.36,377.02,system,NA,0.41,2.06,45.85,137.19,-154.75,99.11,180.0
Negotiation_51,R5,2026-09-13T06:40:56.936634Z,behavior_monitor,15,78,438,1022,788,741,564,1006.73,674.63,359.47,system,NA,0.401,2.06,74.45,88.78,-90.0,99.11,180.0
Negotiation_51,R5,2026-09-13T06:40:57.446852Z,behavior_monitor,15,101,498,1002,774,690,564,942.72,593.6,375.61,system,NA,0.386,2.06,74.45,129.41,180.0,99.11,180.0
Negotiation_51,R5,2026-09-13T06:40:57.956900Z,behavior_monitor,15,109,558,936,774,640,564,854.31,530.39,362.79,system,NA,0.383,2.06,103.17,137.5,180.0,105.3,180.0
Negotiation_51,R5,2026-09-13T06:40:58.459603Z,behavior_monitor,15,63,596,870,774,589,590,826.05,526.16,335.63,system,NA,0.389,2.06,150.26,137.5,180.0,100.78,-165.66
Negotiation_51,R5,2026-09-13T06:40:58.970519Z,behavior_monitor,15,26,616,804,773,539,611,793.51,512.65,311.0,system,NA,0.392,1.25,8.78,133.42,-165.91,99.11,180.0
Negotiation_51,R5,2026-09-13T06:40:59.477444Z,behavior_monitor,15,61,626,739,751,488,622,689.39,427.19,281.94,system,NA,0.383,1.25,18.6,140.39,-147.57,99.11,180.0
Negotiation_51,R5,2026-09-13T06:40:59.986468Z,behavior_monitor,15,96,640,751,766,437,634,667.3,341.41,340.47,system,NA,0.338,1.25,21.55,136.49,64.1,99.11,180.0
Negotiation_51,R5,2026-09-13T06:41:00.496783Z,behavior_monitor,15,133,650,768,828,387,646,659.27,253.9,422.1,system,NA,0.278,1.25,33.27,96.95,90.0,99.11,180.0
Negotiation_51,R5,2026-09-13T06:41:01.856488Z,shot_hit,15,222,674,768,844,252,669,571.9,30.31,545.32,agent,NA,0.05,1.25,31.61,0.0,90.0,99.11,180.0
Negotiation_51,R5,2026-09-13T06:41:01.858090Z,flight_spawn,16,1227,-20,768,844,252,669,978.7,1194.23,545.32,system,NA,0.55,3.06,130.85,0.0,90.0,99.11,180.0
Negotiation_51,R5,2026-09-13T06:41:03.219726Z,human_signal,16,1082,171,813,734,328,567,624.63,851.76,513.3,human,i_can,0.577,3.06,150.43,139.81,-63.36,76.24,0.0
Negotiation_51,R5,2026-09-13T06:41:03.236181Z,behavior_monitor,16,1082,171,813,734,329,567,624.63,850.89,512.38,system,NA,0.577,3.06,150.43,139.81,-63.36,57.18,0.0
Negotiation_51,R5,2026-09-13T06:41:03.747303Z,behavior_monitor,16,993,190,845,671,344,565,502.38,748.86,511.94,system,NA,0.598,3.06,178.66,139.81,-63.36,0.0,0.0
Negotiation_51,R5,2026-09-13T06:41:04.257752Z,behavior_monitor,16,900,203,859,605,357,565,404.17,652.62,503.51,system,NA,0.618,3.06,175.77,134.27,-105.45,0.0,0.0
Negotiation_51,R5,2026-09-13T06:41:04.769093Z,behavior_monitor,16,815,231,810,556,357,565,324.97,567.04,453.67,system,NA,0.636,3.06,172.02,138.05,-147.9,0.0,-161.42
Negotiation_51,R5,2026-09-13T06:41:05.279537Z,behavior_monitor,16,744,283,747,531,390,565,247.37,452.06,358.47,system,NA,0.646,3.06,139.66,129.41,180.0,76.24,0.0
Negotiation_51,R5,2026-09-13T06:41:05.788655Z,behavior_monitor,16,662,308,681,531,429,565,223.5,346.57,253.86,system,NA,0.608,3.06,168.87,129.41,180.0,76.24,0.0
Negotiation_51,R5,2026-09-13T06:41:06.300365Z,behavior_monitor,16,571,330,631,510,468,565,190.65,257.13,172.2,system,NA,0.574,3.06,165.17,128.62,-71.21,76.24,0.0
Negotiation_51,R5,2026-09-13T06:41:06.470260Z,agent_signal,16,543,346,643,488,481,565,173.87,227.65,179.61,agent,your_turn,0.567,3.06,144.34,139.05,-56.73,76.24,0.0
Negotiation_51,R5,2026-09-13T06:41:06.810927Z,behavior_monitor,16,494,375,670,452,486,565,192.43,190.36,216.4,system,NA,0.497,3.06,150.01,140.27,-50.54,57.18,180.0
Negotiation_51,R5,2026-09-13T06:41:06.896213Z,human_signal,16,480,383,678,443,481,565,207.08,182.57,231.86,human,your_turn,0.469,3.06,150.01,140.54,-50.01,57.18,180.0
Negotiation_51,R5,2026-09-13T06:41:06.896897Z,human_signal,16,478,384,679,441,481,565,209.69,181.07,234.14,human,your_turn,0.463,3.06,150.01,140.54,-50.01,57.18,180.0
Negotiation_51,R5,2026-09-13T06:41:07.322036Z,behavior_monitor,16,411,422,678,398,439,565,268.0,145.43,291.79,system,NA,0.352,3.06,153.2,137.74,-140.5,99.11,180.0
Negotiation_51,R5,2026-09-13T06:41:07.730727Z,agent_signal,16,337,429,659,412,399,565,322.53,149.66,301.76,agent,i_can,0.317,3.06,179.08,129.41,90.0,99.11,180.0
Negotiation_51,R5,2026-09-13T06:41:07.831872Z,behavior_monitor,16,322,429,659,425,388,565,337.19,151.56,304.23,system,NA,0.31,3.06,179.08,129.41,90.0,99.11,180.0
Negotiation_51,R5,2026-09-13T06:41:08.344113Z,behavior_monitor,16,237,459,626,487,337,565,389.52,145.8,298.52,system,NA,0.272,3.06,151.47,141.28,128.74,99.11,180.0
Negotiation_51,R5,2026-09-13T06:41:08.855645Z,behavior_monitor,16,171,517,578,541,287,565,407.94,125.26,292.39,system,NA,0.235,3.06,146.41,134.84,132.3,93.6,180.0
Negotiation_51,R5,2026-09-13T06:41:09.365270Z,behavior_monitor,16,89,555,530,596,235,565,442.76,146.98,295.84,system,NA,0.249,3.06,159.14,141.45,130.8,99.11,180.0
Negotiation_51,R5,2026-09-13T06:41:09.868496Z,behavior_monitor,16,24,613,483,650,185,604,460.42,161.32,301.36,system,NA,0.259,3.06,138.89,141.53,130.63,169.61,125.75
Negotiation_51,R5,2026-09-13T06:41:10.378787Z,behavior_monitor,16,31,684,436,705,134,675,404.82,103.3,302.88,system,NA,0.203,2.44,84.22,142.44,131.58,169.61,125.75
Negotiation_51,R5,2026-09-13T06:41:10.889355Z,behavior_monitor,16,62,743,385,758,84,738,324.14,22.58,302.35,system,NA,0.065,2.44,33.12,142.84,134.6,169.61,125.75
Negotiation_51,R5,2026-09-13T06:41:10.906966Z,shot_hit,16,65,745,382,762,80,740,317.31,15.68,302.73,agent,NA,0.047,2.44,33.12,134.9,134.6,93.6,180.0
Negotiation_51,R5,2026-09-13T06:41:10.907865Z,flight_spawn,17,459,-20,382,762,80,740,785.87,850.0,302.73,system,NA,0.52,2.83,135.0,134.9,134.6,93.6,180.0
Negotiation_51,R5,2026-09-13T06:41:13.491650Z,human_signal,17,109,204,697,723,121,566,784.01,361.83,596.47,human,your_turn,0.316,2.83,136.14,138.46,-21.79,76.24,180.0
Negotiation_51,R5,2026-09-13T06:41:13.492689Z,behavior_monitor,17,109,204,697,723,121,566,784.01,361.83,596.47,system,NA,0.316,2.83,136.14,138.46,-21.79,76.24,180.0
Negotiation_51,R5,2026-09-13T06:41:13.493111Z,human_signal,17,106,206,699,722,121,566,785.82,359.97,598.36,human,your_turn,0.314,2.83,136.14,138.46,-21.79,76.24,180.0
Negotiation_51,R5,2026-09-13T06:41:14.001624Z,behavior_monitor,17,46,263,762,701,70,566,839.52,304.0,704.93,system,NA,0.266,2.83,136.14,128.3,-18.84,93.6,180.0
Negotiation_51,R5,2026-09-13T06:41:14.512311Z,behavior_monitor,17,49,300,828,693,26,566,872.18,267.31,811.55,system,NA,0.235,1.89,33.34,129.41,0.0,0.0,180.0
Negotiation_51,R5,2026-09-13T06:41:14.767210Z,agent_signal,17,78,308,863,693,50,566,874.37,259.52,823.03,agent,i_can,0.229,1.89,45.46,129.41,0.0,99.11,0.0
Negotiation_51,R5,2026-09-13T06:41:15.022976Z,behavior_monitor,17,97,327,894,693,74,566,876.68,239.93,830.15,system,NA,0.215,1.89,65.65,129.41,0.0,0.0,0.0
Negotiation_51,R5,2026-09-13T06:41:15.535162Z,behavior_monitor,17,127,376,960,693,103,565,891.39,189.83,866.11,system,NA,0.176,1.89,36.7,128.98,0.0,92.94,7.97
Negotiation_51,R5,2026-09-13T06:41:16.044456Z,behavior_monitor,17,138,428,1023,693,119,565,924.23,138.26,913.31,system,NA,0.13,1.89,88.93,107.48,0.0,0.0,34.12
Negotiation_51,R5,2026-09-13T06:41:16.553517Z,behavior_monitor,17,118,481,1071,693,101,565,975.92,85.78,978.22,system,NA,0.081,1.89,111.96,125.46,0.0,0.0,180.0
Negotiation_51,R5,2026-09-13T06:41:17.062282Z,behavior_monitor,17,100,533,1136,710,83,564,1051.76,35.46,1063.61,system,NA,0.033,1.89,111.96,135.04,17.2,99.11,180.0
Negotiation_51,R5,2026-09-13T06:41:17.078898Z,shot_hit,17,98,537,1141,712,81,564,1057.17,32.53,1069.81,agent,NA,0.03,1.89,111.96,135.04,17.2,0.0,180.0
Negotiation_51,R5,2026-09-13T06:41:17.079462Z,flight_spawn,18,1317,-20,1141,712,81,564,753.12,1366.99,1069.81,system,NA,0.645,3.04,48.94,135.04,17.2,0.0,180.0
Negotiation_51,R5,2026-09-13T06:41:19.205465Z,agent_signal,18,1400,311,1189,735,216,564,473.6,1211.41,988.38,agent,your_turn,0.719,3.04,107.83,0.0,0.0,76.24,0.0
Negotiation_51,R5,2026-09-13T06:41:19.221650Z,behavior_monitor,18,1400,311,1189,735,217,564,473.6,1210.46,987.42,system,NA,0.719,3.04,107.83,0.0,0.0,57.18,0.0
Negotiation_51,R5,2026-09-13T06:41:19.734013Z,behavior_monitor,18,1416,399,1189,735,246,564,406.09,1182.11,958.71,system,NA,0.744,3.04,60.22,0.0,0.0,57.18,0.0
Negotiation_51,R5,2026-09-13T06:41:19.921026Z,human_signal,18,1444,422,1189,735,257,564,404.03,1196.19,948.19,human,i_can,0.748,3.04,31.48,0.0,0.0,57.18,0.0
Negotiation_51,R5,2026-09-13T06:41:20.244365Z,behavior_monitor,18,1423,451,1206,735,275,564,358.09,1154.03,946.85,system,NA,0.763,2.23,134.42,118.65,0.0,57.18,0.0
Negotiation_51,R5,2026-09-13T06:41:20.756748Z,behavior_monitor,18,1368,485,1271,717,299,564,251.73,1072.39,983.71,system,NA,0.81,2.23,136.98,140.74,-32.87,0.0,0.0
Negotiation_51,R5,2026-09-13T06:41:21.267880Z,behavior_monitor,18,1320,530,1315,661,298,564,130.43,1022.44,1021.03,system,NA,0.887,2.23,136.98,142.9,-64.91,0.0,120.48
Negotiation_51,R5,2026-09-13T06:41:21.575564Z,shot_miss,18,1287,550,1301,629,318,564,79.44,969.91,985.21,human,NA,0.924,2.23,159.49,137.63,-160.1,76.24,0.0
Negotiation_51,R5,2026-09-13T06:41:21.779182Z,behavior_monitor,18,1263,555,1274,624,333,564,70.5,929.59,942.84,system,NA,0.93,2.23,176.12,129.41,180.0,76.24,0.0
Negotiation_51,R5,2026-09-13T06:41:22.289704Z,behavior_monitor,18,1196,568,1208,624,372,564,57.91,823.77,838.39,system,NA,0.934,2.23,155.49,129.41,180.0,76.24,0.0
Negotiation_51,R5,2026-09-13T06:41:22.613102Z,shot_miss,18,1157,581,1167,624,397,575,44.78,760.14,771.48,human,NA,0.944,2.23,152.76,129.41,180.0,130.47,54.25
Negotiation_51,R5,2026-09-13T06:41:22.798825Z,behavior_monitor,18,1134,592,1142,624,411,586,33.47,723.38,732.41,system,NA,0.956,2.23,152.76,129.41,180.0,76.24,0.0
Negotiation_51,R5,2026-09-13T06:41:22.850556Z,shot_miss,18,1128,595,1136,624,415,590,30.5,712.93,721.76,human,NA,0.959,2.23,152.76,129.41,180.0,130.47,54.25
Negotiation_51,R5,2026-09-13T06:41:23.038422Z,shot_hit,18,1108,606,1112,624,429,600,18.56,678.93,682.88,human,NA,0.973,2.23,152.76,129.41,180.0,130.47,54.25
Negotiation_51,R5,2026-09-13T06:41:23.039121Z,flight_spawn,19,307,-20,1112,624,429,600,1031.0,632.77,682.88,system,NA,0.38,2.97,132.39,129.41,180.0,130.47,54.25
Negotiation_51,R5,2026-09-13T06:41:27.355368Z,agent_signal,19,224,308,1093,640,195,566,930.13,259.49,901.04,agent,i_can,0.218,1.97,45.8,0.0,180.0,76.24,0.0
Negotiation_51,R5,2026-09-13T06:41:27.372404Z,behavior_monitor,19,224,308,1093,640,196,566,930.13,259.3,899.36,system,NA,0.218,1.97,45.8,0.0,180.0,99.11,0.0
Negotiation_51,R5,2026-09-13T06:41:27.695244Z,human_signal,19,239,341,1093,640,215,566,904.95,226.65,880.89,human,your_turn,0.2,1.97,69.42,0.0,180.0,0.0,0.0
Negotiation_51,R5,2026-09-13T06:41:27.696401Z,human_signal,19,239,342,1093,640,215,566,903.59,224.9,880.89,human,your_turn,0.199,1.97,69.42,0.0,180.0,0.0,0.0
Negotiation_51,R5,2026-09-13T06:41:27.882135Z,behavior_monitor,19,247,361,1093,640,225,566,890.36,206.63,871.04,system,NA,0.188,1.97,69.42,0.0,180.0,99.11,0.0
Negotiation_51,R5,2026-09-13T06:41:28.392174Z,behavior_monitor,19,245,418,1093,640,229,566,875.66,148.77,866.48,system,NA,0.145,1.97,115.89,0.0,180.0,0.0,0.0
Negotiation_51,R5,2026-09-13T06:41:28.903134Z,behavior_monitor,19,212,466,1093,640,196,566,897.15,101.61,900.06,system,NA,0.102,1.97,108.73,0.0,180.0,99.11,180.0
Negotiation_51,R5,2026-09-13T06:41:29.412990Z,behavior_monitor,19,207,524,1093,640,189,564,893.28,44.03,906.6,system,NA,0.047,1.97,87.18,0.0,180.0,0.0,-90.0
Negotiation_51,R5,2026-09-13T06:41:29.514760Z,shot_hit,19,208,538,1093,640,189,564,890.7,32.42,906.6,agent,NA,0.035,1.97,87.18,0.0,180.0,0.0,-90.0
Negotiation_51,R5,2026-09-13T06:41:29.515375Z,flight_spawn,20,880,-20,1093,640,189,564,693.62,904.86,906.6,system,NA,0.566,2.83,45.0,0.0,180.0,0.0,-90.0
Negotiation_51,R5,2026-09-13T06:41:30.348344Z,human_signal,20,981,71,1100,640,222,564,581.1,905.57,881.47,human,i_can,0.609,2.83,24.11,0.0,0.0,76.24,0.0
Negotiation_51,R5,2026-09-13T06:41:30.365656Z,behavior_monitor,20,981,71,1100,640,223,564,581.1,904.76,880.5,system,NA,0.609,2.83,24.11,0.0,0.0,54.0,0.0
Negotiation_51,R5,2026-09-13T06:41:30.877026Z,behavior_monitor,20,1008,142,1100,640,252,563,505.91,864.85,851.06,system,NA,0.631,2.83,92.57,0.0,0.0,57.18,0.0
Negotiation_51,R5,2026-09-13T06:41:31.386459Z,behavior_monitor,20,958,205,1082,684,266,563,495.15,778.96,825.11,system,NA,0.611,2.83,140.08,138.2,144.46,0.0,0.0
Negotiation_51,R5,2026-09-13T06:41:31.897352Z,behavior_monitor,20,888,259,1017,696,266,563,456.09,692.24,763.08,system,NA,0.603,2.83,168.81,129.41,180.0,0.0,22.0
Negotiation_51,R5,2026-09-13T06:41:32.407396Z,behavior_monitor,20,816,297,951,696,289,563,421.33,590.53,675.3,system,NA,0.584,2.83,147.28,129.41,180.0,76.24,0.0
Negotiation_51,R5,2026-09-13T06:41:32.509583Z,agent_signal,20,800,308,936,696,297,563,411.61,563.93,652.59,agent,your_turn,0.578,2.83,147.28,129.41,180.0,76.24,0.0
Negotiation_51,R5,2026-09-13T06:41:32.917157Z,behavior_monitor,20,766,361,885,696,320,564,355.7,489.66,580.38,system,NA,0.579,2.83,118.61,129.41,180.0,57.18,0.0
Negotiation_51,R5,2026-09-13T06:41:33.424386Z,behavior_monitor,20,692,397,819,696,340,564,325.05,389.43,497.09,system,NA,0.545,2.83,168.89,129.41,180.0,0.0,0.0
Negotiation_51,R5,2026-09-13T06:41:33.933875Z,behavior_monitor,20,610,414,753,696,344,563,317.1,304.53,429.95,system,NA,0.49,2.83,167.84,129.41,180.0,76.24,0.0
Negotiation_51,R5,2026-09-13T06:41:34.154794Z,human_signal,20,571,421,725,696,361,563,314.94,253.32,386.99,human,your_turn,0.446,2.83,167.84,129.41,180.0,76.24,0.0
Negotiation_51,R5,2026-09-13T06:41:34.155858Z,human_signal,20,568,422,722,696,361,563,314.85,250.43,384.92,human,your_turn,0.443,2.83,167.84,129.41,180.0,76.24,0.0
Negotiation_51,R5,2026-09-13T06:41:34.443850Z,behavior_monitor,20,527,431,687,696,390,563,309.93,190.28,325.76,system,NA,0.38,2.83,171.29,129.41,180.0,99.11,0.0
Negotiation_51,R5,2026-09-13T06:41:34.956457Z,behavior_monitor,20,448,450,663,739,432,564,360.36,114.34,290.49,system,NA,0.241,2.83,139.99,128.04,107.34,93.6,180.0
Negotiation_51,R5,2026-09-13T06:41:35.060162Z,agent_signal,20,433,463,658,752,422,564,366.35,101.13,302.37,agent,i_can,0.216,2.83,139.99,139.55,117.02,99.11,180.0
Negotiation_51,R5,2026-09-13T06:41:35.468923Z,behavior_monitor,20,377,488,616,790,381,564,385.62,76.05,326.86,system,NA,0.165,2.83,137.17,139.73,147.11,99.11,180.0
Negotiation_51,R5,2026-09-13T06:41:35.978126Z,behavior_monitor,20,308,540,556,828,330,563,379.84,31.87,348.0,system,NA,0.077,2.83,130.93,138.4,149.52,99.11,180.0
Negotiation_51,R5,2026-09-13T06:41:35.995370Z,shot_hit,20,305,544,552,831,327,563,377.82,28.75,349.37,agent,NA,0.071,2.83,130.93,138.4,149.52,99.11,180.0
Negotiation_51,R6,2026-09-13T06:41:44.656956Z,flight_spawn,1,669,-20,552,831,327,563,859.1,676.82,349.37,system,NA,0.441,3.25,52.0,0.0,149.65,0.0,180.0
Negotiation_51,R6,2026-09-13T06:41:49.656074Z,agent_signal,1,775,312,1119,694,494,577,514.67,386.55,635.71,agent,i_can,0.429,3.25,62.51,130.14,-156.97,130.47,-54.25
Negotiation_51,R6,2026-09-13T06:41:49.672592Z,behavior_monitor,1,775,312,1119,694,496,575,514.67,383.72,634.49,system,NA,0.427,3.25,62.51,119.4,-158.57,169.61,-54.25
Negotiation_51,R6,2026-09-13T06:41:50.182622Z,behavior_monitor,1,860,355,1100,692,547,566,414.43,377.97,568.01,system,NA,0.477,3.25,8.86,0.0,180.0,99.11,0.0
Negotiation_51,R6,2026-09-13T06:41:50.691996Z,behavior_monitor,1,941,402,1103,692,597,567,332.9,380.79,520.6,system,NA,0.534,3.25,35.34,44.52,0.0,99.11,0.0
Negotiation_51,R6,2026-09-13T06:41:51.152186Z,human_signal,1,1011,454,1154,725,643,565,306.74,385.17,535.8,human,i_can,0.557,3.25,19.67,132.05,35.97,99.11,0.0
Negotiation_51,R6,2026-09-13T06:41:51.202658Z,behavior_monitor,1,1018,456,1157,728,646,565,305.8,387.77,537.02,system,NA,0.559,3.25,19.67,125.68,38.18,57.18,0.0
Negotiation_51,R6,2026-09-13T06:41:51.713355Z,behavior_monitor,1,1107,486,1142,738,675,565,254.46,439.78,498.24,system,NA,0.633,3.25,5.9,138.3,-159.34,57.18,0.0
Negotiation_51,R6,2026-09-13T06:41:51.747013Z,agent_signal,1,1118,487,1138,736,677,565,250.13,447.97,491.69,agent,your_turn,0.642,3.25,5.9,139.09,-158.5,57.18,0.0
Negotiation_51,R6,2026-09-13T06:41:52.219722Z,behavior_monitor,1,1201,509,1109,698,704,565,210.15,499.93,426.21,system,NA,0.704,3.25,6.01,114.96,-52.49,80.47,13.21
Negotiation_51,R6,2026-09-13T06:41:52.726961Z,behavior_monitor,1,1296,526,1167,663,721,565,188.08,576.32,456.63,system,NA,0.754,3.25,10.1,142.43,-15.13,0.0,5.24
Negotiation_51,R6,2026-09-13T06:41:53.235384Z,behavior_monitor,1,1380,571,1232,672,727,567,179.01,652.85,515.82,system,NA,0.785,3.25,42.23,137.69,25.63,130.47,54.25
Negotiation_51,R6,2026-09-13T06:41:53.745763Z,behavior_monitor,1,1388,660,1291,712,766,621,110.5,623.21,532.22,system,NA,0.849,3.25,86.43,139.14,42.7,130.47,54.25
Negotiation_51,R6,2026-09-13T06:41:54.086398Z,shot_miss,1,1390,724,1321,748,792,657,72.81,601.88,536.78,human,NA,0.892,3.25,61.84,129.84,52.81,123.22,54.25
Negotiation_51,R6,2026-09-13T06:41:54.255568Z,behavior_monitor,1,1403,753,1335,766,804,674,69.69,604.01,538.35,system,NA,0.897,3.25,61.84,136.59,53.93,130.47,54.25
Negotiation_51,R6,2026-09-13T06:41:54.290008Z,shot_miss,1,1407,759,1337,770,807,678,70.05,605.14,538.52,human,NA,0.896,3.25,61.84,136.81,54.09,130.47,54.25
Negotiation_51,R6,2026-09-13T06:41:54.493938Z,shot_miss,1,1423,794,1353,793,822,700,69.78,608.11,539.19,human,NA,0.897,3.25,82.71,137.58,56.64,130.47,54.25
Negotiation_51,R6,2026-09-13T06:41:54.664138Z,shot_miss,1,1425,826,1366,813,835,717,60.33,599.48,539.18,human,NA,0.909,3.25,82.71,138.36,58.1,130.47,54.25
Negotiation_51,R6,2026-09-13T06:41:54.766918Z,behavior_monitor,1,1429,845,1373,825,843,728,58.7,596.99,539.06,system,NA,0.91,3.25,82.71,138.5,58.33,130.47,54.25
Negotiation_51,R6,2026-09-13T06:41:54.902902Z,shot_miss,1,1432,871,1383,841,854,742,57.18,592.56,538.59,human,NA,0.912,3.25,60.28,138.4,60.27,130.47,54.25
Negotiation_51,R6,2026-09-13T06:41:55.159246Z,shot_miss,1,1437,918,1398,873,873,769,58.94,582.72,535.26,human,NA,0.908,3.25,88.57,137.23,67.18,130.47,54.25
Negotiation_51,R6,2026-09-13T06:41:55.278225Z,behavior_monitor,1,1436,940,1404,888,882,782,61.06,575.84,532.54,system,NA,0.904,3.25,65.55,137.07,70.76,130.47,54.25
Negotiation_51,R6,2026-09-13T06:41:55.328576Z,flight_missed,1,1442,952,1407,897,887,789,65.51,578.44,530.72,system,NA,0.898,3.25,65.55,136.52,71.42,130.47,54.25
Negotiation_51,R6,2026-09-13T06:41:55.329159Z,flight_spawn,2,305,-20,1407,897,887,789,1433.47,996.9,530.72,system,NA,0.41,2.96,132.51,136.52,71.42,130.47,54.25
Negotiation_51,R6,2026-09-13T06:41:58.203782Z,human_signal,2,68,279,1126,910,743,589,1232.28,742.73,500.08,human,your_turn,0.376,2.96,104.22,129.41,180.0,130.47,-125.75
Negotiation_51,R6,2026-09-13T06:41:58.205140Z,behavior_monitor,2,68,279,1126,910,743,589,1232.28,742.73,500.08,system,NA,0.376,2.96,104.22,129.41,180.0,130.47,-125.75
Negotiation_51,R6,2026-09-13T06:41:58.205501Z,human_signal,2,67,282,1124,910,743,589,1229.92,742.6,498.4,human,your_turn,0.376,2.96,104.22,129.41,180.0,130.47,-125.75
Negotiation_51,R6,2026-09-13T06:41:58.372147Z,agent_signal,2,60,310,1102,910,726,565,1202.67,713.58,509.96,agent,i_can,0.372,2.96,129.99,137.5,180.0,180.21,-125.75
Negotiation_51,R6,2026-09-13T06:41:58.711290Z,behavior_monitor,2,33,357,1060,910,692,565,1166.23,691.05,504.01,system,NA,0.372,2.96,100.06,129.41,180.0,99.11,180.0
Negotiation_51,R6,2026-09-13T06:41:59.218548Z,behavior_monitor,2,20,445,1004,875,642,565,1074.0,633.91,476.3,system,NA,0.371,2.96,100.06,141.51,-127.77,99.11,180.0
Negotiation_51,R6,2026-09-13T06:41:59.728409Z,behavior_monitor,2,48,526,965,815,592,566,961.41,545.51,448.81,system,NA,0.362,2.93,59.18,138.79,-113.52,99.11,180.0
Negotiation_51,R6,2026-09-13T06:42:00.241730Z,behavior_monitor,2,89,602,937,750,542,596,860.81,452.48,424.52,system,NA,0.345,2.93,59.18,138.93,-112.8,169.61,125.75
Negotiation_51,R6,2026-09-13T06:42:00.752732Z,behavior_monitor,2,117,683,903,689,491,666,785.81,374.84,412.0,system,NA,0.323,2.93,53.05,138.18,-130.72,169.61,125.75
Negotiation_51,R6,2026-09-13T06:42:01.263492Z,behavior_monitor,2,185,728,906,643,441,725,726.34,255.67,472.78,system,NA,0.26,2.93,2.11,104.37,-45.11,169.61,125.75
Negotiation_51,R6,2026-09-13T06:42:01.773618Z,behavior_monitor,2,251,777,924,614,391,772,692.74,139.88,556.32,system,NA,0.168,2.93,1.39,88.66,-29.26,99.11,180.0
Negotiation_51,R6,2026-09-13T06:42:02.284496Z,behavior_monitor,2,330,801,988,592,341,796,690.13,11.68,678.68,system,NA,0.017,2.93,27.68,136.42,-18.45,99.11,180.0
Negotiation_51,R6,2026-09-13T06:42:02.335618Z,shot_hit,2,338,809,994,589,334,805,692.11,5.56,694.23,agent,NA,0.008,2.93,48.24,92.19,-31.25,169.61,125.75
Negotiation_51,R6,2026-09-13T06:42:02.336564Z,flight_spawn,3,622,-20,994,589,334,805,713.55,874.3,694.23,system,NA,0.551,2.86,45.62,92.19,-31.25,169.61,125.75
Negotiation_51,R6,2026-09-13T06:42:03.237146Z,human_signal,3,748,56,995,575,374,751,574.74,789.65,646.34,human,i_can,0.579,2.86,3.35,0.0,-90.0,122.66,-43.69
Negotiation_51,R6,2026-09-13T06:42:03.253751Z,behavior_monitor,3,748,56,995,575,374,750,574.74,788.0,645.03,system,NA,0.578,2.86,3.35,0.0,-90.0,97.85,-54.25
Negotiation_51,R6,2026-09-13T06:42:03.762619Z,behavior_monitor,3,827,61,995,585,404,710,549.97,774.13,604.86,system,NA,0.585,2.86,3.35,80.03,90.0,97.85,-54.25
Negotiation_51,R6,2026-09-13T06:42:04.272961Z,behavior_monitor,3,899,97,968,613,418,691,521.45,764.71,556.04,system,NA,0.595,2.86,45.71,100.52,-140.05,0.0,-54.25
Negotiation_51,R6,2026-09-13T06:42:04.783432Z,behavior_monitor,3,960,151,917,572,426,679,422.48,750.66,502.87,system,NA,0.64,2.86,49.96,132.17,-144.02,126.03,-49.55
Negotiation_51,R6,2026-09-13T06:42:05.295038Z,behavior_monitor,3,977,229,908,514,465,626,292.23,647.81,457.56,system,NA,0.689,2.86,69.43,134.56,-65.9,130.47,-54.25
Negotiation_51,R6,2026-09-13T06:42:05.805795Z,behavior_monitor,3,992,309,939,468,504,572,167.02,554.5,447.85,system,NA,0.769,2.86,63.9,0.0,0.0,130.47,-54.25
Negotiation_51,R6,2026-09-13T06:42:06.315543Z,behavior_monitor,3,978,389,962,519,543,565,131.14,469.61,421.18,system,NA,0.782,2.86,111.38,139.18,62.54,76.24,0.0
Negotiation_51,R6,2026-09-13T06:42:06.316731Z,agent_signal,3,977,391,963,521,543,565,130.25,467.02,422.04,agent,your_turn,0.782,2.86,111.38,139.18,62.54,76.24,0.0
Negotiation_51,R6,2026-09-13T06:42:06.828287Z,behavior_monitor,3,938,463,926,528,572,565,66.33,379.51,355.64,system,NA,0.851,2.86,114.02,99.85,-158.14,57.18,0.0
Negotiation_51,R6,2026-09-13T06:42:06.948251Z,shot_miss,3,925,478,916,524,579,565,46.37,356.77,340.17,human,NA,0.885,2.86,139.53,87.22,-154.98,57.18,0.0
Negotiation_51,R6,2026-09-13T06:42:07.117598Z,shot_miss,3,900,494,896,523,585,565,29.86,322.9,313.05,human,NA,0.915,2.86,162.71,129.41,180.0,0.0,0.0
Negotiation_51,R6,2026-09-13T06:42:07.338660Z,behavior_monitor,3,868,505,867,523,585,565,18.47,288.89,284.73,system,NA,0.94,2.86,162.71,129.41,180.0,0.0,0.0
Negotiation_51,R6,2026-09-13T06:42:07.491864Z,shot_hit,3,852,524,847,523,585,565,5.29,270.36,265.16,human,NA,0.981,2.86,106.2,129.41,180.0,0.0,0.0
Negotiation_51,R6,2026-09-13T06:42:07.492518Z,flight_spawn,4,720,-20,847,523,585,565,558.42,601.07,265.16,system,NA,0.518,3.25,52.06,129.41,180.0,0.0,0.0
Negotiation_51,R6,2026-09-13T06:42:09.997030Z,human_signal,4,1052,234,1019,583,685,566,350.79,494.34,334.32,human,i_can,0.585,3.25,82.63,137.65,24.0,76.24,0.0
Negotiation_51,R6,2026-09-13T06:42:10.013637Z,behavior_monitor,4,1052,234,1019,583,686,566,350.79,493.62,333.35,system,NA,0.585,3.25,82.63,137.73,24.08,57.18,0.0
Negotiation_51,R6,2026-09-13T06:42:10.421793Z,agent_signal,4,1080,309,1073,607,710,566,298.12,450.7,365.27,agent,your_turn,0.602,3.25,61.8,137.68,24.35,57.18,0.0
Negotiation_51,R6,2026-09-13T06:42:10.523494Z,behavior_monitor,4,1087,323,1083,612,715,566,288.54,443.82,370.64,system,NA,0.606,3.25,61.8,137.62,24.36,57.18,0.0
Negotiation_51,R6,2026-09-13T06:42:11.034380Z,behavior_monitor,4,1135,409,1147,639,744,566,230.15,420.57,409.71,system,NA,0.646,3.25,61.8,134.27,17.6,57.18,0.0
Negotiation_51,R6,2026-09-13T06:42:11.542211Z,behavior_monitor,4,1143,505,1152,602,753,566,97.33,394.1,400.57,system,NA,0.802,3.25,82.66,129.41,-90.0,0.0,-50.26
Negotiation_51,R6,2026-09-13T06:42:11.661891Z,shot_miss,4,1147,528,1148,587,753,566,59.14,395.18,395.39,human,NA,0.87,3.25,82.66,137.62,-113.18,0.0,-50.26
Negotiation_51,R6,2026-09-13T06:42:11.884309Z,shot_hit,4,1153,570,1135,559,753,566,21.16,399.63,381.37,human,NA,0.95,3.25,82.66,140.49,-116.52,0.0,-50.26
Negotiation_51,R6,2026-09-13T06:42:11.884894Z,flight_spawn,5,794,-20,1135,559,753,566,672.62,587.42,381.37,system,NA,0.466,2.83,45.0,140.49,-116.52,0.0,-50.26
Negotiation_51,R6,2026-09-13T06:42:14.827496Z,human_signal,5,1111,258,1135,831,942,567,573.41,351.77,326.82,human,your_turn,0.38,2.83,93.05,134.82,73.71,0.0,0.0
Negotiation_51,R6,2026-09-13T06:42:14.828563Z,behavior_monitor,5,1111,258,1135,831,942,567,573.41,351.77,326.82,system,NA,0.38,2.83,93.05,134.82,73.71,0.0,0.0
Negotiation_51,R6,2026-09-13T06:42:14.829017Z,human_signal,5,1111,261,1135,833,942,567,572.84,349.01,328.98,human,your_turn,0.379,2.83,93.05,134.82,73.71,0.0,0.0
Negotiation_51,R6,2026-09-13T06:42:15.151585Z,agent_signal,5,1129,310,1143,874,975,567,563.54,299.28,350.35,agent,i_can,0.347,2.83,69.11,116.01,90.0,108.34,-0.74
Negotiation_51,R6,2026-09-13T06:42:15.338920Z,behavior_monitor,5,1151,327,1142,891,993,567,563.6,286.66,356.79,system,NA,0.337,2.83,18.67,88.68,114.67,99.11,0.0
Negotiation_51,R6,2026-09-13T06:42:15.848865Z,behavior_monitor,5,1213,384,1130,902,1044,567,524.18,248.91,346.07,system,NA,0.322,2.83,44.44,0.0,180.0,99.11,0.0
Negotiation_51,R6,2026-09-13T06:42:16.354973Z,behavior_monitor,5,1281,428,1185,910,1094,566,490.73,232.83,355.25,system,NA,0.322,2.83,62.6,128.42,0.0,99.11,0.0
Negotiation_51,R6,2026-09-13T06:42:16.859781Z,behavior_monitor,5,1320,504,1251,910,1145,567,411.72,186.26,359.06,system,NA,0.311,2.83,62.6,128.8,0.0,94.35,16.71
Negotiation_51,R6,2026-09-13T06:42:17.371146Z,behavior_monitor,5,1357,579,1317,910,1196,573,333.06,161.74,357.41,system,NA,0.327,2.83,62.6,122.22,0.0,160.19,54.25
Negotiation_51,R6,2026-09-13T06:42:17.881940Z,behavior_monitor,5,1412,641,1362,910,1247,636,273.59,164.89,296.64,system,NA,0.376,2.83,40.27,37.39,0.0,169.61,54.25
Negotiation_51,R6,2026-09-13T06:42:18.391417Z,behavior_monitor,5,1427,715,1374,910,1298,704,201.39,129.82,219.65,system,NA,0.392,2.83,117.5,33.26,180.0,169.61,54.25
Negotiation_51,R6,2026-09-13T06:42:18.899962Z,behavior_monitor,5,1389,790,1359,910,1348,774,122.79,44.03,136.33,system,NA,0.264,2.83,117.5,73.12,180.0,180.21,54.25
Negotiation_51,R6,2026-09-13T06:42:19.049644Z,shot_hit,5,1375,815,1345,910,1357,797,98.88,26.23,113.15,agent,NA,0.21,2.83,117.5,91.17,180.0,137.65,90.0
Negotiation_51,R6,2026-09-13T06:42:19.050206Z,flight_spawn,6,567,-20,1345,910,1357,797,1212.23,1136.59,113.15,system,NA,0.484,3.52,124.64,91.17,180.0,137.65,90.0
Negotiation_51,R6,2026-09-13T06:42:23.150130Z,human_signal,6,493,522,851,910,1067,566,528.1,576.1,405.59,human,i_can,0.522,3.52,71.8,129.41,180.0,76.24,180.0
Negotiation_51,R6,2026-09-13T06:42:23.165802Z,behavior_monitor,6,493,522,851,910,1066,566,528.1,575.13,405.07,system,NA,0.521,3.52,71.8,137.5,180.0,60.75,180.0
Negotiation_51,R6,2026-09-13T06:42:23.675949Z,behavior_monitor,6,551,607,785,910,1042,580,382.62,491.65,417.91,system,NA,0.562,3.52,26.64,129.41,180.0,0.0,125.75
Negotiation_51,R6,2026-09-13T06:42:23.830147Z,agent_signal,6,584,623,763,910,1042,580,338.04,459.7,431.76,agent,your_turn,0.576,3.52,26.64,129.41,180.0,0.0,125.75
Negotiation_51,R6,2026-09-13T06:42:24.186482Z,behavior_monitor,6,652,630,735,879,1034,590,262.43,384.1,415.9,system,NA,0.594,3.52,1.34,135.97,-107.87,97.85,125.75
Negotiation_51,R6,2026-09-13T06:42:24.696858Z,behavior_monitor,6,720,689,738,814,1010,624,126.79,297.85,332.18,system,NA,0.701,3.52,77.49,145.82,-52.04,0.0,125.75
Negotiation_51,R6,2026-09-13T06:42:25.018733Z,shot_miss,6,750,746,775,798,1010,623,58.06,287.84,293.25,human,NA,0.832,3.52,52.39,124.91,0.0,0.0,-123.28
Negotiation_51,R6,2026-09-13T06:42:25.206921Z,behavior_monitor,6,772,777,775,798,1010,624,21.9,283.24,293.22,system,NA,0.928,3.52,52.39,0.0,0.0,0.0,66.47
Negotiation_51,R6,2026-09-13T06:42:25.240136Z,shot_hit,6,777,782,775,798,1010,624,16.25,282.34,293.22,human,NA,0.946,3.52,52.39,0.0,0.0,0.0,66.47
Negotiation_51,R6,2026-09-13T06:42:25.240653Z,flight_spawn,7,913,-20,775,798,1010,624,830.42,651.47,293.22,system,NA,0.44,2.83,135.0,0.0,0.0,0.0,66.47
Negotiation_51,R6,2026-09-13T06:42:29.453354Z,agent_signal,7,579,424,527,840,735,565,419.91,210.55,344.7,agent,i_can,0.334,2.83,42.83,137.04,24.21,76.24,180.0
Negotiation_51,R6,2026-09-13T06:42:29.470243Z,behavior_monitor,7,579,424,527,840,733,565,419.91,209.31,343.68,system,NA,0.333,2.83,42.83,137.04,24.21,99.11,180.0
Negotiation_51,R6,2026-09-13T06:42:29.521471Z,human_signal,7,584,431,533,843,728,565,415.53,197.76,339.35,human,your_turn,0.322,2.83,65.62,137.34,24.74,99.11,180.0
Negotiation_51,R6,2026-09-13T06:42:29.522357Z,human_signal,7,585,433,535,844,728,565,413.86,195.12,338.95,human,your_turn,0.32,2.83,65.62,137.55,25.08,99.11,180.0
Negotiation_51,R6,2026-09-13T06:42:29.981304Z,behavior_monitor,7,615,500,590,871,682,566,371.32,94.44,318.47,system,NA,0.203,2.83,65.62,138.3,25.96,99.11,180.0
Negotiation_51,R6,2026-09-13T06:42:30.475856Z,shot_hit,7,676,555,647,901,650,566,347.34,28.14,334.85,agent,NA,0.075,2.83,21.88,67.51,47.77,99.11,0.0
Negotiation_51,R6,2026-09-13T06:42:30.476813Z,flight_spawn,8,708,-20,647,901,650,566,923.39,589.4,334.85,system,NA,0.39,2.83,135.0,67.51,47.77,99.11,0.0
Negotiation_51,R6,2026-09-13T06:42:32.078405Z,human_signal,8,529,167,669,839,563,566,686.47,400.95,292.23,human,your_turn,0.369,2.83,135.2,102.57,-137.79,76.24,180.0
Negotiation_51,R6,2026-09-13T06:42:32.079482Z,behavior_monitor,8,529,167,669,839,563,566,686.47,400.95,292.23,system,NA,0.369,2.83,135.2,102.57,-137.79,76.24,180.0
Negotiation_51,R6,2026-09-13T06:42:32.079921Z,human_signal,8,526,168,669,838,563,566,684.46,399.21,291.65,human,your_turn,0.368,2.83,135.2,102.57,-137.79,76.24,180.0
Negotiation_51,R6,2026-09-13T06:42:32.589776Z,behavior_monitor,8,480,236,651,837,513,566,625.07,331.32,304.54,system,NA,0.346,2.83,106.59,110.45,180.0,99.11,180.0
Negotiation_51,R6,2026-09-13T06:42:33.097113Z,behavior_monitor,8,423,298,680,830,462,566,590.78,270.3,342.5,system,NA,0.314,2.83,135.02,138.49,-26.39,99.11,180.0
Negotiation_51,R6,2026-09-13T06:42:33.166145Z,agent_signal,8,411,308,691,824,455,566,586.62,260.83,349.72,agent,i_can,0.308,2.83,135.02,139.54,-28.79,99.11,180.0
Negotiation_51,R6,2026-09-13T06:42:33.606008Z,behavior_monitor,8,361,358,742,794,412,566,579.13,213.62,401.35,system,NA,0.269,2.83,135.02,140.16,-30.21,99.11,180.0
Negotiation_51,R6,2026-09-13T06:42:34.116110Z,behavior_monitor,8,324,434,804,760,362,566,580.32,137.73,482.3,system,NA,0.192,2.83,109.72,139.66,-28.81,84.07,161.58
Negotiation_51,R6,2026-09-13T06:42:34.626124Z,behavior_monitor,8,300,514,867,725,311,566,605.06,53.18,577.68,system,NA,0.081,2.83,107.11,139.66,-28.81,99.11,180.0
Negotiation_51,R6,2026-09-13T06:42:34.897946Z,shot_hit,8,287,560,902,707,283,566,632.72,7.1,635.21,agent,NA,0.011,2.83,107.11,146.55,-26.04,105.3,180.0
Negotiation_51,R6,2026-09-13T06:42:34.899013Z,flight_spawn,9,265,-20,902,707,283,566,966.99,586.95,635.21,system,NA,0.378,3.26,52.11,146.55,-26.04,105.3,180.0
Negotiation_51,R6,2026-09-13T06:42:36.923781Z,agent_signal,9,444,312,1017,698,406,566,691.03,256.44,625.14,agent,i_can,0.271,3.26,57.39,125.69,0.0,76.24,0.0
Negotiation_51,R6,2026-09-13T06:42:36.940061Z,behavior_monitor,9,444,312,1017,698,408,566,691.03,256.2,623.5,system,NA,0.27,3.26,57.39,125.69,0.0,99.11,0.0
Negotiation_51,R6,2026-09-13T06:42:37.450963Z,behavior_monitor,9,447,406,1036,698,431,566,656.93,160.17,619.07,system,NA,0.196,3.26,108.07,0.0,0.0,0.0,180.0
Negotiation_51,R6,2026-09-13T06:42:37.952136Z,behavior_monitor,9,394,482,1036,698,387,565,677.17,83.79,662.11,system,NA,0.11,3.26,160.07,0.0,0.0,99.11,180.0
Negotiation_51,R6,2026-09-13T06:42:38.459150Z,behavior_monitor,9,299,498,1036,698,337,567,763.4,78.4,711.02,system,NA,0.093,3.26,179.38,0.0,0.0,99.11,180.0
Negotiation_51,R6,2026-09-13T06:42:38.968911Z,behavior_monitor,9,202,499,974,698,286,565,796.95,106.85,700.41,system,NA,0.118,3.26,179.38,129.41,180.0,99.11,180.0
Negotiation_51,R6,2026-09-13T06:42:39.477194Z,behavior_monitor,9,108,500,908,698,237,565,823.81,143.39,684.74,system,NA,0.148,3.26,179.38,129.41,180.0,99.11,180.0
Negotiation_51,R6,2026-09-13T06:42:39.986419Z,behavior_monitor,9,24,501,883,706,186,564,883.07,173.57,711.56,system,NA,0.164,1.95,1.03,136.33,40.35,99.11,180.0
Negotiation_51,R6,2026-09-13T06:42:40.493072Z,behavior_monitor,9,81,502,934,755,135,564,890.18,82.52,821.5,system,NA,0.085,1.95,22.61,148.3,44.8,105.3,180.0
Negotiation_51,R6,2026-09-13T06:42:40.796575Z,shot_miss,9,110,521,954,780,103,564,882.83,43.22,877.57,agent,NA,0.047,1.95,47.78,0.0,90.0,99.11,180.0
Negotiation_51,R6,2026-09-13T06:42:41.000751Z,behavior_monitor,9,124,537,954,776,101,564,863.78,35.31,878.53,system,NA,0.039,1.95,47.78,54.59,-90.0,99.11,0.0
Negotiation_51,R6,2026-09-13T06:42:41.018050Z,shot_hit,9,126,540,954,774,103,564,860.29,33.49,876.39,agent,NA,0.037,1.95,47.78,62.06,-90.0,99.11,0.0
Negotiation_51,R6,2026-09-13T06:42:41.018595Z,flight_spawn,10,152,-20,954,774,103,564,1128.9,587.05,876.39,system,NA,0.342,2.83,135.0,62.06,-90.0,99.11,0.0
Negotiation_51,R6,2026-09-13T06:42:42.313936Z,human_signal,10,44,79,1077,716,34,564,1213.67,485.48,1053.78,human,your_turn,0.286,1.87,31.77,62.29,0.0,61.71,180.0
Negotiation_51,R6,2026-09-13T06:42:42.314428Z,behavior_monitor,10,44,79,1077,716,34,564,1213.67,485.48,1053.78,system,NA,0.286,1.87,31.77,81.76,0.0,81.0,180.0
Negotiation_51,R6,2026-09-13T06:42:42.315112Z,human_signal,10,45,80,1078,716,34,564,1213.4,484.51,1055.07,human,your_turn,0.285,1.87,31.77,81.76,0.0,81.0,180.0
Negotiation_51,R6,2026-09-13T06:42:42.818111Z,behavior_monitor,10,82,115,1100,716,60,564,1182.61,450.32,1051.82,system,NA,0.276,1.87,34.26,0.0,0.0,99.11,0.0
Negotiation_51,R6,2026-09-13T06:42:43.327538Z,behavior_monitor,10,127,143,1153,716,103,564,1175.28,421.96,1060.69,system,NA,0.264,1.87,10.62,129.41,0.0,99.11,0.0
Negotiation_51,R6,2026-09-13T06:42:43.838733Z,behavior_monitor,10,178,159,1219,716,154,564,1180.32,405.65,1075.99,system,NA,0.256,1.87,18.59,129.41,0.0,99.11,0.0
Negotiation_51,R6,2026-09-13T06:42:44.347376Z,behavior_monitor,10,232,173,1285,706,203,563,1180.0,390.98,1090.84,system,NA,0.249,1.87,18.25,139.79,-25.69,99.11,0.0
Negotiation_51,R6,2026-09-13T06:42:44.859317Z,behavior_monitor,10,279,201,1349,680,254,564,1173.03,363.93,1101.39,system,NA,0.237,1.87,45.56,129.41,0.0,99.11,0.0
Negotiation_51,R6,2026-09-13T06:42:45.368751Z,behavior_monitor,10,320,241,1388,687,297,565,1157.47,324.79,1098.24,system,NA,0.219,1.87,45.56,0.0,90.0,99.11,0.0
Negotiation_51,R6,2026-09-13T06:42:45.879594Z,behavior_monitor,10,361,281,1388,687,338,564,1104.6,284.47,1057.67,system,NA,0.205,1.87,73.38,0.0,90.0,99.11,0.0
Negotiation_51,R6,2026-09-13T06:42:46.150424Z,agent_signal,10,374,308,1387,687,350,564,1081.48,257.21,1044.84,agent,i_can,0.192,1.87,43.76,35.0,180.0,105.3,0.0
Negotiation_51,R6,2026-09-13T06:42:46.387902Z,behavior_monitor,10,392,325,1369,693,368,564,1044.09,240.38,1009.08,system,NA,0.187,1.87,43.76,124.49,155.4,99.11,0.0
Negotiation_51,R6,2026-09-13T06:42:46.893225Z,behavior_monitor,10,423,368,1306,721,399,564,951.12,196.84,920.72,system,NA,0.171,1.87,66.94,137.54,155.71,0.0,0.0
Negotiation_51,R6,2026-09-13T06:42:47.399787Z,behavior_monitor,10,444,420,1242,748,422,564,862.66,145.56,840.97,system,NA,0.144,1.87,66.94,120.86,180.0,0.0,0.0
Negotiation_51,R6,2026-09-13T06:42:47.911300Z,behavior_monitor,10,461,472,1193,728,438,564,775.48,95.17,772.76,system,NA,0.109,1.87,61.96,143.26,-132.32,0.0,0.0
Negotiation_51,R6,2026-09-13T06:42:48.423214Z,behavior_monitor,10,464,527,1182,709,442,564,740.17,42.79,754.34,system,NA,0.055,1.87,83.64,0.0,-90.0,25.79,-68.16
Negotiation_51,R6,2026-09-13T06:42:48.542529Z,shot_hit,10,466,541,1182,709,443,564,735.0,32.42,752.68,agent,NA,0.042,1.87,60.19,0.0,-90.0,99.11,0.0
Negotiation_51,R6,2026-09-13T06:42:48.543191Z,flight_spawn,11,374,-20,1182,709,443,564,1088.68,588.17,752.68,system,NA,0.351,3.23,128.21,0.0,-90.0,99.11,0.0
Negotiation_51,R6,2026-09-13T06:42:50.901165Z,human_signal,11,24,175,1040,619,315,564,1108.02,485.55,726.26,human,your_turn,0.305,2.83,65.33,0.0,0.0,81.0,180.0
Negotiation_51,R6,2026-09-13T06:42:50.902024Z,behavior_monitor,11,24,175,1040,619,315,564,1108.02,485.55,726.26,system,NA,0.305,2.83,65.33,0.0,0.0,76.24,180.0
Negotiation_51,R6,2026-09-13T06:42:50.902392Z,human_signal,11,26,178,1040,619,315,564,1105.28,482.37,726.26,human,your_turn,0.304,2.83,65.33,0.0,0.0,76.24,180.0
Negotiation_51,R6,2026-09-13T06:42:51.411699Z,behavior_monitor,11,70,245,1040,619,265,564,1038.79,373.51,776.67,system,NA,0.264,2.83,39.81,0.0,0.0,93.6,180.0
Negotiation_51,R6,2026-09-13T06:42:51.854313Z,agent_signal,11,109,310,1073,629,222,564,1016.07,277.87,854.03,agent,i_can,0.215,2.83,42.29,117.5,34.71,105.3,180.0
Negotiation_51,R6,2026-09-13T06:42:51.921990Z,behavior_monitor,11,115,316,1078,633,215,564,1013.29,267.31,865.72,system,NA,0.209,2.83,42.29,114.64,34.49,99.11,180.0
Negotiation_51,R6,2026-09-13T06:42:52.432526Z,behavior_monitor,11,188,352,1096,628,167,564,948.7,212.42,930.67,system,NA,0.183,2.83,35.67,69.23,-90.0,0.0,-167.74
Negotiation_51,R6,2026-09-13T06:42:52.938978Z,behavior_monitor,11,263,382,1142,589,217,564,903.13,188.27,926.03,system,NA,0.173,2.83,12.5,140.9,-33.44,99.11,0.0
Negotiation_51,R6,2026-09-13T06:42:53.445101Z,behavior_monitor,11,351,400,1205,561,267,564,869.04,183.74,938.18,system,NA,0.175,2.83,13.53,129.41,0.0,99.11,0.0
Negotiation_51,R6,2026-09-13T06:42:53.953592Z,behavior_monitor,11,436,420,1270,573,318,564,847.4,186.55,952.12,system,NA,0.18,2.83,13.53,137.88,34.88,99.11,0.0
Negotiation_51,R6,2026-09-13T06:42:54.457711Z,behavior_monitor,11,514,448,1270,632,369,564,777.9,186.4,903.87,system,NA,0.193,2.83,38.42,141.91,126.72,127.2,7.72
Negotiation_51,R6,2026-09-13T06:42:54.967717Z,behavior_monitor,11,592,478,1214,678,419,564,654.08,193.19,803.43,system,NA,0.228,2.83,12.63,140.49,146.95,99.11,0.0
Negotiation_51,R6,2026-09-13T06:42:55.474619Z,behavior_monitor,11,670,509,1152,712,470,564,523.08,207.65,698.46,system,NA,0.284,2.83,38.9,138.51,155.84,99.11,0.0
Negotiation_51,R6,2026-09-13T06:42:55.984004Z,behavior_monitor,11,740,563,1087,741,521,564,391.01,218.97,593.95,system,NA,0.359,2.83,38.9,138.82,156.37,99.11,0.0
Negotiation_51,R6,2026-09-13T06:42:56.407096Z,human_signal,11,798,601,1031,765,563,594,285.22,235.77,498.91,human,i_can,0.453,2.83,55.52,138.82,156.37,169.61,54.25
Negotiation_51,R6,2026-09-13T06:42:56.492103Z,behavior_monitor,11,809,607,1023,769,567,601,268.48,241.79,485.71,system,NA,0.474,2.83,26.28,138.82,156.37,97.85,54.25
Negotiation_51,R6,2026-09-13T06:42:57.002736Z,behavior_monitor,11,889,632,957,794,596,626,175.97,293.02,398.29,system,NA,0.625,2.83,16.48,129.41,180.0,57.18,0.0
Negotiation_51,R6,2026-09-13T06:42:57.122036Z,agent_signal,11,911,638,943,786,603,632,151.14,308.62,373.88,agent,your_turn,0.671,2.83,16.48,132.12,-131.56,57.18,0.0
Negotiation_51,R6,2026-09-13T06:42:57.512765Z,behavior_monitor,11,965,666,942,738,625,661,75.75,340.59,326.85,system,NA,0.818,2.83,14.0,139.35,-52.61,97.85,54.25
Negotiation_51,R6,2026-09-13T06:42:57.632473Z,shot_miss,11,984,671,954,726,632,665,62.72,352.32,327.57,human,NA,0.849,2.83,14.45,140.6,-45.76,97.85,54.25
Negotiation_51,R6,2026-09-13T06:42:57.870136Z,shot_miss,11,1024,681,980,706,645,676,50.48,378.87,336.42,human,NA,0.882,2.83,14.45,131.85,-31.0,54.0,0.0
Negotiation_51,R6,2026-09-13T06:42:58.022693Z,behavior_monitor,11,1048,687,1000,700,646,676,49.93,402.18,354.52,system,NA,0.89,2.83,14.45,129.41,0.0,0.0,0.0
Negotiation_51,R6,2026-09-13T06:42:58.089568Z,shot_miss,11,1058,690,1009,700,646,676,50.7,412.49,363.3,human,NA,0.891,2.83,14.45,129.41,0.0,0.0,0.0
Negotiation_51,R6,2026-09-13T06:42:58.523779Z,behavior_monitor,11,1124,726,1064,719,647,676,60.54,480.11,419.58,system,NA,0.888,2.83,35.92,138.08,32.5,0.0,-48.15
Negotiation_51,R6,2026-09-13T06:42:58.862474Z,shot_miss,11,1157,770,1103,745,653,685,59.57,511.18,453.97,human,NA,0.896,2.83,57.68,146.68,34.76,0.0,56.94
Negotiation_51,R6,2026-09-13T06:42:59.031197Z,behavior_monitor,11,1169,795,1121,760,653,685,59.28,527.49,473.98,system,NA,0.899,2.83,80.19,147.05,43.03,0.0,56.94
Negotiation_51,R6,2026-09-13T06:42:59.115947Z,shot_miss,11,1170,809,1129,768,653,685,57.19,531.31,483.73,human,NA,0.903,2.83,80.19,138.49,43.73,0.0,56.94
Negotiation_51,R6,2026-09-13T06:42:59.540364Z,behavior_monitor,11,1185,879,1158,817,686,729,66.93,521.18,480.52,system,NA,0.886,2.83,80.19,134.56,74.09,130.47,54.25
Negotiation_51,R6,2026-09-13T06:42:59.985852Z,flight_missed,11,1178,954,1177,877,720,778,76.86,489.8,467.31,system,NA,0.864,2.83,100.83,136.22,71.8,130.47,54.25
Negotiation_51,R6,2026-09-13T06:42:59.986873Z,flight_spawn,12,934,-20,1177,877,720,778,929.51,826.37,467.31,system,NA,0.471,3.35,126.71,136.22,71.8,130.47,54.25
Negotiation_51,R6,2026-09-13T06:43:02.785926Z,agent_signal,12,572,370,1006,695,658,566,542.7,214.22,371.13,agent,i_can,0.283,3.35,123.86,135.93,-156.39,76.24,180.0
Negotiation_51,R6,2026-09-13T06:43:02.802492Z,behavior_monitor,12,572,370,1006,695,657,566,542.7,213.54,372.71,system,NA,0.282,3.35,123.86,136.09,-156.42,99.11,180.0
Negotiation_51,R6,2026-09-13T06:43:03.057612Z,human_signal,12,547,411,974,682,631,566,505.7,175.98,361.89,human,your_turn,0.258,3.35,123.86,135.91,-157.86,99.11,180.0
Negotiation_51,R6,2026-09-13T06:43:03.058833Z,human_signal,12,546,414,972,681,631,566,503.04,174.17,359.6,human,your_turn,0.257,3.35,123.86,135.91,-157.86,99.11,180.0
Negotiation_51,R6,2026-09-13T06:43:03.313734Z,behavior_monitor,12,536,460,942,671,606,566,457.9,127.19,352.19,system,NA,0.217,3.35,101.45,134.66,-159.58,99.11,180.0
Negotiation_51,R6,2026-09-13T06:43:03.822960Z,behavior_monitor,12,535,551,878,644,555,566,354.89,24.85,331.79,system,NA,0.065,3.35,59.0,138.83,-154.59,99.11,180.0
Negotiation_51,R6,2026-09-13T06:43:03.942067Z,shot_hit,12,552,569,861,636,542,566,315.62,10.98,326.55,agent,NA,0.034,3.35,34.01,139.11,-153.02,99.11,180.0
Negotiation_51,R6,2026-09-13T06:43:03.942916Z,flight_spawn,13,176,-20,861,636,542,566,948.56,691.04,326.55,system,NA,0.421,2.98,132.1,139.11,-153.02,99.11,180.0
Negotiation_51,R6,2026-09-13T06:43:05.112201Z,human_signal,13,54,141,812,611,485,566,892.04,604.98,330.37,human,your_turn,0.404,2.98,118.49,138.01,27.99,76.24,180.0
Negotiation_51,R6,2026-09-13T06:43:05.113395Z,behavior_monitor,13,54,141,812,611,485,566,892.04,604.98,330.37,system,NA,0.404,2.98,118.49,138.31,28.9,76.24,180.0
Negotiation_51,R6,2026-09-13T06:43:05.113901Z,human_signal,13,53,143,814,613,485,566,894.23,604.17,332.55,human,your_turn,0.403,2.98,118.49,138.31,28.9,76.24,180.0
Negotiation_51,R6,2026-09-13T06:43:05.620429Z,behavior_monitor,13,40,182,854,638,434,566,933.8,550.44,426.55,system,NA,0.371,1.91,26.34,58.82,48.07,99.11,180.0
Negotiation_51,R6,2026-09-13T06:43:06.130818Z,behavior_monitor,13,97,193,857,676,384,566,899.96,470.92,485.25,system,NA,0.344,1.91,1.78,105.61,90.0,99.11,180.0
Negotiation_51,R6,2026-09-13T06:43:06.641506Z,behavior_monitor,13,154,205,857,740,334,567,883.66,403.55,551.5,system,NA,0.314,1.91,29.78,129.41,90.0,99.11,180.0
Negotiation_51,R6,2026-09-13T06:43:07.153108Z,behavior_monitor,13,199,233,857,794,284,564,864.09,341.9,617.31,system,NA,0.284,1.91,57.2,0.0,90.0,99.11,180.0
Negotiation_51,R6,2026-09-13T06:43:07.662469Z,behavior_monitor,13,238,275,883,808,233,564,836.9,288.79,694.6,system,NA,0.257,1.91,35.62,55.49,52.55,99.11,180.0
Negotiation_51,R6,2026-09-13T06:43:08.037686Z,agent_signal,13,261,309,894,827,236,564,816.98,255.54,707.79,agent,i_can,0.238,1.91,67.93,134.31,52.94,0.0,0.0
Negotiation_51,R6,2026-09-13T06:43:08.173850Z,behavior_monitor,13,267,322,899,838,245,564,815.85,242.95,709.45,system,NA,0.229,1.91,67.93,57.88,90.0,99.11,0.0
Negotiation_51,R6,2026-09-13T06:43:08.686920Z,behavior_monitor,13,296,371,899,845,273,563,766.91,193.52,686.42,system,NA,0.201,1.91,62.29,0.0,90.0,99.11,0.0
Negotiation_51,R6,2026-09-13T06:43:09.196851Z,behavior_monitor,13,330,420,911,863,307,564,731.4,145.8,674.25,system,NA,0.166,1.91,62.43,133.76,56.66,99.11,0.0
Negotiation_51,R6,2026-09-13T06:43:09.706845Z,behavior_monitor,13,341,475,938,890,318,564,727.24,91.48,700.55,system,NA,0.112,1.91,84.11,35.95,0.0,99.11,0.0
Negotiation_51,R6,2026-09-13T06:43:10.148816Z,shot_miss,13,337,525,950,890,320,564,713.07,42.17,709.26,agent,NA,0.056,1.91,109.16,0.0,0.0,0.0,-0.65
Negotiation_51,R6,2026-09-13T06:43:10.216616Z,behavior_monitor,13,335,531,950,890,318,564,711.66,37.33,710.76,system,NA,0.05,1.91,109.16,0.0,0.0,0.0,180.0
Negotiation_51,R6,2026-09-13T06:43:10.521716Z,shot_hit,13,321,565,950,890,305,564,707.6,16.45,722.76,agent,NA,0.023,1.91,109.16,0.0,0.0,0.0,180.0
Negotiation_51,R6,2026-09-13T06:43:10.522786Z,flight_spawn,14,581,-20,950,890,305,564,982.15,645.98,722.76,system,NA,0.397,2.97,47.73,0.0,0.0,0.0,180.0
Negotiation_51,R6,2026-09-13T06:43:13.635871Z,agent_signal,14,538,323,885,830,508,563,613.69,241.78,461.28,agent,i_can,0.283,2.97,135.17,140.03,-141.08,76.24,0.0
Negotiation_51,R6,2026-09-13T06:43:13.652445Z,behavior_monitor,14,538,323,885,830,510,563,613.69,241.58,459.91,system,NA,0.282,2.97,135.17,140.03,-141.08,99.11,0.0
Negotiation_51,R6,2026-09-13T06:43:14.163869Z,behavior_monitor,14,473,386,827,789,468,563,536.02,177.1,423.96,system,NA,0.248,2.97,135.17,138.84,-145.51,99.11,180.0
Negotiation_51,R6,2026-09-13T06:43:14.674831Z,behavior_monitor,14,407,445,798,767,418,563,506.81,119.05,431.12,system,NA,0.19,2.97,158.42,0.0,-127.91,99.11,180.0
Negotiation_51,R6,2026-09-13T06:43:15.185219Z,behavior_monitor,14,340,502,818,767,368,564,546.98,67.56,494.49,system,NA,0.11,2.97,137.68,110.52,0.0,99.11,180.0
Negotiation_51,R6,2026-09-13T06:43:15.509348Z,shot_miss,14,291,531,857,767,334,564,613.45,53.85,561.45,agent,NA,0.081,2.97,162.09,115.3,0.0,99.11,180.0
Negotiation_51,R6,2026-09-13T06:43:15.696067Z,behavior_monitor,14,262,540,877,767,317,563,655.19,59.52,595.73,system,NA,0.083,2.97,162.09,115.38,0.0,99.11,180.0
Negotiation_51,R6,2026-09-13T06:43:16.121525Z,human_signal,14,199,571,926,767,275,566,753.51,76.36,681.61,human,your_turn,0.092,2.97,139.21,126.04,0.0,105.3,180.0
Negotiation_51,R6,2026-09-13T06:43:16.122129Z,human_signal,14,197,572,928,767,275,566,756.92,78.52,683.54,human,your_turn,0.094,2.97,139.21,118.63,0.0,169.61,125.75
Negotiation_51,R6,2026-09-13T06:43:16.206217Z,behavior_monitor,14,189,580,936,767,266,575,770.34,77.71,696.75,system,NA,0.092,2.97,139.21,119.84,0.0,169.61,125.75
Negotiation_51,R6,2026-09-13T06:43:16.716797Z,behavior_monitor,14,119,638,957,781,216,634,849.99,96.5,755.99,system,NA,0.102,2.97,139.21,101.44,122.22,169.61,125.75
Negotiation_51,R6,2026-09-13T06:43:17.224030Z,behavior_monitor,14,55,697,910,829,164,692,865.18,109.75,757.93,system,NA,0.113,2.97,139.21,141.95,141.34,169.61,125.75
Negotiation_51,R6,2026-09-13T06:43:17.735568Z,behavior_monitor,14,35,744,846,853,114,739,818.52,79.05,741.24,system,NA,0.088,1.86,44.46,129.41,180.0,99.11,180.0
Negotiation_51,R6,2026-09-13T06:43:18.194739Z,shot_hit,14,66,786,785,853,67,781,721.26,5.18,721.27,agent,NA,0.007,1.86,41.72,122.22,180.0,160.19,125.75
Negotiation_51,R6,2026-09-13T06:43:18.195767Z,flight_spawn,15,1189,-20,785,853,67,781,963.17,1379.29,721.27,system,NA,0.589,3.21,128.57,122.22,180.0,160.19,125.75
Negotiation_51,R6,2026-09-13T06:43:19.881691Z,human_signal,15,1260,216,907,804,172,637,686.15,1167.19,753.68,human,i_can,0.63,3.21,15.36,139.49,-28.45,130.47,-54.25
Negotiation_51,R6,2026-09-13T06:43:19.897899Z,behavior_monitor,15,1260,216,907,804,173,636,686.15,1165.79,753.03,system,NA,0.629,3.21,15.36,139.48,-28.34,97.85,-54.25
Negotiation_51,R6,2026-09-13T06:43:20.407240Z,behavior_monitor,15,1353,244,970,772,202,596,652.52,1204.21,788.06,system,NA,0.649,3.21,18.52,137.84,-25.56,97.85,-54.25
Negotiation_51,R6,2026-09-13T06:43:20.916605Z,behavior_monitor,15,1432,300,1035,758,215,577,605.9,1247.85,839.64,system,NA,0.673,3.21,41.39,129.41,0.0,0.0,135.1
Negotiation_51,R6,2026-09-13T06:43:21.155337Z,agent_signal,15,1437,332,1068,758,215,577,563.9,1246.65,871.89,agent,your_turn,0.689,2.57,124.25,129.41,0.0,0.0,135.1
Negotiation_51,R6,2026-09-13T06:43:21.426713Z,behavior_monitor,15,1414,363,1101,758,231,565,503.35,1200.43,891.3,system,NA,0.705,2.57,124.25,129.41,0.0,57.18,0.0
Negotiation_51,R6,2026-09-13T06:43:21.937980Z,behavior_monitor,15,1374,427,1166,740,259,565,375.9,1123.6,924.3,system,NA,0.749,2.57,124.25,141.98,-33.44,0.0,0.0
Negotiation_51,R6,2026-09-13T06:43:22.449013Z,behavior_monitor,15,1323,480,1220,693,259,565,236.01,1066.67,969.3,system,NA,0.819,2.57,106.28,142.03,-47.97,0.0,-24.13
Negotiation_51,R6,2026-09-13T06:43:22.959304Z,behavior_monitor,15,1339,551,1255,632,281,565,116.64,1057.93,976.13,system,NA,0.901,2.57,80.88,139.57,-42.95,76.24,0.0
Negotiation_51,R6,2026-09-13T06:43:23.196870Z,shot_miss,15,1346,587,1285,627,299,578,72.75,1046.25,986.92,human,NA,0.935,2.57,80.88,129.41,0.0,130.47,54.25
Negotiation_51,R6,2026-09-13T06:43:23.436157Z,shot_miss,15,1365,617,1316,637,317,603,52.96,1047.18,998.87,human,NA,0.952,2.57,53.89,136.97,20.17,130.47,54.25
Negotiation_51,R6,2026-09-13T06:43:23.469484Z,behavior_monitor,15,1368,621,1320,639,320,606,50.93,1047.74,1000.56,system,NA,0.954,2.57,53.89,136.97,21.07,130.47,54.25
Negotiation_51,R6,2026-09-13T06:43:23.622972Z,shot_miss,15,1387,633,1339,647,332,622,49.68,1055.07,1007.62,human,NA,0.955,2.57,28.93,137.96,25.23,130.47,54.25
Negotiation_51,R6,2026-09-13T06:43:23.862205Z,shot_miss,15,1423,635,1368,663,350,631,61.97,1072.92,1018.33,human,NA,0.945,2.57,0.6,131.4,30.53,72.0,0.0
Negotiation_51,R6,2026-09-13T06:43:23.982368Z,behavior_monitor,15,1441,636,1382,672,360,631,68.84,1081.55,1023.48,system,NA,0.94,2.57,24.19,130.92,29.78,72.0,0.0
Negotiation_51,R6,2026-09-13T06:43:24.306821Z,shot_hit,15,1429,642,1424,668,384,637,25.79,1044.39,1040.43,human,NA,0.976,1.54,159.93,137.57,-19.83,76.24,0.0
Negotiation_51,R6,2026-09-13T06:43:24.307855Z,flight_spawn,16,1270,-20,1424,668,384,637,705.02,1103.16,1040.43,system,NA,0.61,2.96,132.47,137.57,-19.83,76.24,0.0
Negotiation_51,R6,2026-09-13T06:43:26.266024Z,human_signal,16,1116,211,1247,590,499,566,400.63,711.79,748.68,human,i_can,0.64,2.96,52.49,129.41,180.0,76.24,0.0
Negotiation_51,R6,2026-09-13T06:43:26.282956Z,behavior_monitor,16,1116,211,1247,590,500,566,400.63,710.94,747.71,system,NA,0.64,2.96,52.49,129.41,180.0,57.18,0.0
Negotiation_51,R6,2026-09-13T06:43:26.794952Z,behavior_monitor,16,1186,260,1181,590,528,566,329.3,725.49,653.19,system,NA,0.688,2.96,53.91,129.41,180.0,57.18,0.0
Negotiation_51,R6,2026-09-13T06:43:27.201647Z,agent_signal,16,1239,309,1149,634,542,566,336.37,742.88,611.22,agent,your_turn,0.688,2.96,33.22,129.41,90.0,0.0,0.0
Negotiation_51,R6,2026-09-13T06:43:27.303781Z,behavior_monitor,16,1250,317,1149,645,548,566,342.37,745.49,606.79,system,NA,0.685,2.96,33.22,129.41,90.0,57.18,0.0
Negotiation_51,R6,2026-09-13T06:43:27.813519Z,behavior_monitor,16,1325,357,1169,702,577,566,378.24,776.68,608.01,system,NA,0.672,2.96,34.2,129.41,0.0,57.18,0.0
Negotiation_51,R6,2026-09-13T06:43:28.322424Z,behavior_monitor,16,1407,396,1231,670,585,565,325.58,838.77,654.45,system,NA,0.72,2.96,13.22,142.95,-35.36,0.0,0.0
Negotiation_51,R6,2026-09-13T06:43:28.831633Z,behavior_monitor,16,1425,415,1291,628,585,565,251.55,852.53,708.28,system,NA,0.772,1.89,160.93,141.73,-34.65,15.91,100.96
Negotiation_51,R6,2026-09-13T06:43:29.342666Z,behavior_monitor,16,1392,458,1348,585,622,566,133.84,777.37,726.93,system,NA,0.853,1.89,117.8,137.27,-43.52,76.24,0.0
Negotiation_51,R6,2026-09-13T06:43:29.649199Z,shot_miss,16,1371,486,1374,554,646,566,67.71,729.47,728.38,human,NA,0.915,1.89,136.27,121.29,-68.69,102.56,10.9
Negotiation_51,R6,2026-09-13T06:43:29.852542Z,behavior_monitor,16,1354,501,1360,533,661,566,32.41,696.29,699.83,system,NA,0.956,1.89,157.88,137.36,-160.41,76.24,0.0
Negotiation_51,R6,2026-09-13T06:43:29.920502Z,shot_hit,16,1347,504,1351,531,666,566,27.37,683.05,685.97,human,NA,0.961,1.89,157.88,135.07,-163.35,76.24,0.0
Negotiation_51,R6,2026-09-13T06:43:29.921578Z,flight_spawn,17,622,-20,1351,531,666,566,914.45,587.92,685.97,system,NA,0.391,2.83,134.91,135.07,-163.35,76.24,0.0
Negotiation_51,R6,2026-09-13T06:43:31.195087Z,human_signal,17,496,147,1187,531,596,565,789.62,429.55,591.8,human,your_turn,0.352,2.83,103.07,124.04,180.0,76.24,180.0
Negotiation_51,R6,2026-09-13T06:43:31.196127Z,behavior_monitor,17,496,147,1187,531,596,565,789.62,429.55,591.8,system,NA,0.352,2.83,103.07,124.04,180.0,76.24,180.0
Negotiation_51,R6,2026-09-13T06:43:31.196534Z,human_signal,17,496,150,1185,531,596,565,786.73,426.92,589.78,human,your_turn,0.352,2.83,103.07,124.04,180.0,76.24,180.0
Negotiation_51,R6,2026-09-13T06:43:31.703284Z,behavior_monitor,17,447,208,1126,531,545,566,751.69,371.19,581.81,system,NA,0.331,2.83,124.47,129.41,180.0,99.11,180.0
Negotiation_51,R6,2026-09-13T06:43:32.214057Z,behavior_monitor,17,397,275,1060,540,494,566,713.67,306.38,566.49,system,NA,0.3,2.83,102.02,138.42,158.13,99.11,180.0
Negotiation_51,R6,2026-09-13T06:43:32.417588Z,agent_signal,17,389,311,1039,558,474,566,694.66,268.28,565.12,agent,i_can,0.279,2.83,102.02,114.92,125.29,99.11,180.0
Negotiation_51,R6,2026-09-13T06:43:32.723136Z,behavior_monitor,17,379,359,1034,592,443,566,695.52,217.36,591.29,system,NA,0.238,2.83,102.02,129.41,90.0,99.11,180.0
Negotiation_51,R6,2026-09-13T06:43:33.232624Z,behavior_monitor,17,363,442,1034,658,393,566,704.93,128.04,648.15,system,NA,0.154,2.83,102.02,129.41,90.0,99.11,180.0
Negotiation_51,R6,2026-09-13T06:43:33.745457Z,behavior_monitor,17,347,525,1034,723,342,566,715.76,41.55,709.54,system,NA,0.055,2.83,102.02,118.26,90.0,99.11,180.0
Negotiation_51,R6,2026-09-13T06:43:33.934974Z,shot_hit,17,329,552,1034,745,322,566,731.17,16.14,734.06,agent,NA,0.022,2.83,154.77,101.76,90.0,99.11,180.0
Negotiation_51,R6,2026-09-13T06:43:33.935678Z,flight_spawn,18,791,-20,1034,745,322,566,803.69,750.86,734.06,system,NA,0.483,2.83,135.0,101.76,90.0,99.11,180.0
Negotiation_51,R6,2026-09-13T06:43:36.418132Z,human_signal,18,871,245,1098,778,459,566,579.97,521.56,673.26,human,i_can,0.473,2.83,72.55,0.0,-90.0,76.24,0.0
Negotiation_51,R6,2026-09-13T06:43:36.434229Z,behavior_monitor,18,871,245,1098,778,460,566,579.97,520.79,672.34,system,NA,0.473,2.83,72.55,33.25,0.0,57.18,0.0
Negotiation_51,R6,2026-09-13T06:43:36.945687Z,behavior_monitor,18,878,326,1082,777,490,566,494.23,455.88,628.27,system,NA,0.48,2.83,78.46,134.4,-164.35,57.18,0.0
Negotiation_51,R6,2026-09-13T06:43:37.456044Z,behavior_monitor,18,877,409,1017,754,502,565,372.02,406.15,548.57,system,NA,0.522,2.83,104.22,142.99,-143.41,0.0,-114.53
Negotiation_51,R6,2026-09-13T06:43:37.678246Z,agent_signal,18,869,448,990,734,502,565,310.74,385.21,516.52,agent,your_turn,0.553,2.83,104.22,131.34,-144.83,0.0,-114.53
Negotiation_51,R6,2026-09-13T06:43:37.968747Z,behavior_monitor,18,847,484,955,728,517,565,267.22,339.44,467.16,system,NA,0.56,2.83,155.36,129.41,180.0,57.18,0.0
Negotiation_51,R6,2026-09-13T06:43:38.478151Z,behavior_monitor,18,765,508,889,728,545,565,252.94,227.77,380.94,system,NA,0.474,2.83,179.28,129.41,180.0,0.0,0.0
Negotiation_51,R6,2026-09-13T06:43:38.972555Z,human_signal,18,687,518,829,747,545,565,269.35,149.99,337.06,human,your_turn,0.358,2.83,133.42,106.61,141.97,0.0,-13.43
Negotiation_51,R6,2026-09-13T06:43:38.973887Z,human_signal,18,686,520,828,748,545,565,268.68,147.87,336.53,human,your_turn,0.355,2.83,133.42,106.61,141.97,0.0,-13.43
Negotiation_51,R6,2026-09-13T06:43:38.989380Z,behavior_monitor,18,686,520,828,748,547,565,268.68,146.27,335.11,system,NA,0.353,2.83,133.42,105.86,140.07,99.11,0.0
Negotiation_51,R6,2026-09-13T06:43:39.499696Z,behavior_monitor,18,613,553,780,777,594,566,279.02,23.18,281.06,system,NA,0.077,2.83,157.7,126.58,159.53,0.0,0.0
Negotiation_51,R6,2026-09-13T06:43:39.516381Z,shot_hit,18,608,555,776,778,592,566,279.3,18.91,280.62,agent,NA,0.063,2.83,157.7,126.58,159.53,0.0,0.0
Negotiation_51,R6,2026-09-13T06:43:39.517089Z,flight_spawn,19,937,-20,776,778,592,566,814.63,680.0,280.62,system,NA,0.455,2.97,47.65,126.58,159.53,0.0,0.0
Negotiation_51,R6,2026-09-13T06:43:41.970939Z,human_signal,19,1051,366,951,731,750,566,378.89,361.43,260.24,human,i_can,0.488,2.97,53.1,137.82,-20.12,76.24,0.0
Negotiation_51,R6,2026-09-13T06:43:41.987205Z,behavior_monitor,19,1051,366,951,731,751,566,378.89,360.62,259.49,system,NA,0.488,2.97,53.1,137.82,-20.12,57.18,0.0
Negotiation_51,R6,2026-09-13T06:43:42.499177Z,behavior_monitor,19,1099,438,1017,707,780,566,280.81,344.35,275.73,system,NA,0.551,2.97,74.91,137.95,-20.27,57.18,0.0
Negotiation_51,R6,2026-09-13T06:43:43.007226Z,behavior_monitor,19,1135,520,1083,695,793,566,182.98,345.24,316.77,system,NA,0.654,2.97,22.53,129.41,0.0,0.0,-169.76
Negotiation_51,R6,2026-09-13T06:43:43.245569Z,agent_signal,19,1179,522,1116,695,793,566,183.96,388.41,347.02,agent,your_turn,0.679,2.97,2.07,129.41,0.0,11.02,-6.79
Negotiation_51,R6,2026-09-13T06:43:43.517108Z,behavior_monitor,19,1223,524,1149,689,809,566,180.89,416.28,361.17,system,NA,0.697,2.97,2.07,134.78,-16.23,57.18,0.0
Negotiation_51,R6,2026-09-13T06:43:44.028670Z,behavior_monitor,19,1308,537,1215,669,837,566,161.85,471.99,391.37,system,NA,0.745,2.97,20.14,135.11,-16.71,0.0,0.0
Negotiation_51,R6,2026-09-13T06:43:44.540718Z,behavior_monitor,19,1392,563,1281,656,838,566,145.16,554.1,451.54,system,NA,0.792,2.97,24.45,144.99,29.12,0.0,-18.37
Negotiation_51,R6,2026-09-13T06:43:45.050385Z,behavior_monitor,19,1448,621,1339,696,853,585,131.28,595.83,498.77,system,NA,0.819,2.83,103.76,135.51,23.13,130.47,54.25
Negotiation_51,R6,2026-09-13T06:43:45.474229Z,shot_miss,19,1434,690,1394,703,885,630,41.53,551.64,513.99,human,NA,0.93,2.83,103.76,129.41,0.0,130.47,54.25
Negotiation_51,R6,2026-09-13T06:43:45.559107Z,behavior_monitor,19,1429,703,1405,703,892,639,24.11,541.28,517.29,system,NA,0.957,2.83,127.32,129.41,0.0,130.47,54.25
Negotiation_51,R6,2026-09-13T06:43:45.678034Z,shot_hit,19,1417,719,1420,703,901,652,16.7,520.06,521.85,human,NA,0.969,2.83,127.32,129.41,0.0,130.47,54.25
Negotiation_51,R6,2026-09-13T06:43:45.679048Z,flight_spawn,20,363,-20,1420,703,901,652,1280.9,861.27,521.85,system,NA,0.402,3.06,49.14,129.41,0.0,130.47,54.25
Negotiation_51,R6,2026-09-13T06:43:46.748482Z,human_signal,20,368,164,1390,736,840,568,1170.8,621.57,574.42,human,your_turn,0.347,3.06,101.32,129.41,180.0,130.47,-125.75
Negotiation_51,R6,2026-09-13T06:43:46.749617Z,behavior_monitor,20,368,164,1390,736,840,568,1170.8,621.57,574.42,system,NA,0.347,3.06,101.32,129.41,180.0,130.47,-125.75
Negotiation_51,R6,2026-09-13T06:43:46.750069Z,human_signal,20,368,167,1387,736,840,568,1167.64,619.82,572.32,human,your_turn,0.347,3.06,101.32,129.41,180.0,130.47,-125.75
Negotiation_51,R6,2026-09-13T06:43:47.255512Z,behavior_monitor,20,341,250,1324,752,790,566,1103.75,548.45,566.04,system,NA,0.332,3.06,123.39,142.31,165.07,105.3,180.0
Negotiation_51,R6,2026-09-13T06:43:47.767398Z,behavior_monitor,20,268,309,1258,753,739,566,1085.3,537.0,551.46,system,NA,0.331,3.06,144.51,129.41,180.0,99.11,180.0
Negotiation_51,R6,2026-09-13T06:43:48.277992Z,behavior_monitor,20,187,357,1192,753,689,566,1080.45,544.1,536.55,system,NA,0.335,3.06,165.62,129.41,180.0,99.11,180.0
Negotiation_51,R6,2026-09-13T06:43:48.534910Z,agent_signal,20,139,369,1157,753,664,566,1087.68,560.42,527.26,agent,i_can,0.34,3.06,165.62,129.41,180.0,99.11,180.0
Negotiation_51,R6,2026-09-13T06:43:48.790015Z,behavior_monitor,20,96,385,1126,753,639,566,1094.22,572.41,522.09,system,NA,0.343,3.06,165.95,129.41,180.0,99.11,180.0
Negotiation_51,R6,2026-09-13T06:43:49.301541Z,behavior_monitor,20,22,422,1066,729,588,566,1087.96,583.81,505.01,system,NA,0.349,2.46,56.49,45.32,-90.0,99.11,180.0
Negotiation_51,R6,2026-09-13T06:43:49.811008Z,behavior_monitor,20,28,493,1101,726,537,566,1097.82,514.07,586.17,system,NA,0.319,2.46,83.89,129.41,0.0,99.11,180.0
Negotiation_51,R6,2026-09-13T06:43:50.321183Z,behavior_monitor,20,52,562,1132,763,487,566,1099.24,434.98,674.95,system,NA,0.284,2.46,75.13,129.41,90.0,99.11,180.0
Negotiation_51,R6,2026-09-13T06:43:50.831547Z,behavior_monitor,20,64,633,1132,829,436,627,1085.9,371.83,724.99,system,NA,0.255,2.46,73.16,129.41,90.0,169.61,125.75
Negotiation_51,R6,2026-09-13T06:43:51.341227Z,behavior_monitor,20,77,705,1099,892,386,697,1038.48,308.42,739.17,system,NA,0.229,2.46,96.34,144.14,127.27,169.61,125.75
Negotiation_51,R6,2026-09-13T06:43:51.852249Z,behavior_monitor,20,130,755,1081,902,336,749,962.28,205.91,760.6,system,NA,0.176,2.46,41.58,96.09,-90.0,99.11,180.0
Negotiation_51,R6,2026-09-13T06:43:52.359871Z,behavior_monitor,20,186,804,1082,856,285,799,897.24,99.52,798.44,system,NA,0.1,2.46,41.58,0.0,-90.0,99.11,180.0
Negotiation_51,R6,2026-09-13T06:43:52.786956Z,shot_hit,20,242,833,1082,856,242,829,840.46,4.52,840.61,agent,NA,0.005,2.46,18.07,0.0,-90.0,169.61,125.75
