user_id,round_id,timestamp,event_type,flight_id,flight_x,flight_y,human_x,human_y,agent_x,agent_y,dist_human_flight,dist_agent_flight,dist_human_agent,triggered_by,signal_type,dir_ratio,flight_speed,flight_angle,human_speed,human_direction,agent_speed,agent_direction
Human Dominant_1,R1,2026-08-10T07:25:44.039604Z,flight_spawn,1,620,-20,985,590,320,590,710.77,679.86,665.0,system,NA,0.489,2.83,135.0,0.0,0.0,0.0,0.0
Human Dominant_1,R1,2026-08-10T09:41:21.149797Z,human_signal,1,644,273,937,573,456,630,418.62,404.25,484.59,human,your_turn,0.491,2.83,103.75,137.74,-151.31,130.47,-54.25
Human Dominant_1,R1,2026-08-10T09:41:21.155356Z,behavior_monitor,1,644,273,937,573,456,630,418.62,404.25,484.59,system,NA,0.491,2.83,103.75,137.41,-151.16,103.68,-48.31
Human Dominant_1,R1,2026-08-10T09:41:21.155649Z,human_signal,1,643,276,935,571,456,630,415.42,401.16,482.71,human,your_turn,0.491,2.83,103.75,137.41,-151.16,103.68,-48.31
Human Dominant_1,R1,2026-08-10T09:41:21.658375Z,behavior_monitor,1,611,350,912,544,500,569,357.84,245.72,413.08,system,NA,0.407,2.83,128.3,87.31,-147.89,150.04,-54.25
Human Dominant_1,R1,2026-08-10T09:41:22.162428Z,behavior_monitor,1,548,402,936,553,532,565,416.45,163.43,403.99,system,NA,0.282,2.83,128.16,37.96,180.0,87.67,180.0
Human Dominant_1,R1,2026-08-10T09:41:22.670908Z,behavior_monitor,1,485,450,906,551,488,565,433.32,114.84,418.51,system,NA,0.209,2.83,151.48,0.0,90.0,87.67,180.0
Human Dominant_1,R1,2026-08-10T09:41:23.180869Z,behavior_monitor,1,411,486,903,558,444,566,497.84,86.07,459.93,system,NA,0.147,2.83,172.79,89.81,119.13,87.67,180.0
Human Dominant_1,R1,2026-08-10T09:41:23.686222Z,behavior_monitor,1,341,520,882,613,399,565,548.19,73.31,485.34,system,NA,0.118,2.83,128.76,115.86,147.39,94.52,-170.69
Human Dominant_1,R1,2026-08-10T09:41:24.191731Z,behavior_monitor,1,258,537,841,631,354,566,590.21,100.42,490.85,system,NA,0.145,2.83,177.35,0.0,180.0,87.67,180.0
Human Dominant_1,R1,2026-08-10T09:41:24.700140Z,behavior_monitor,1,193,572,809,622,309,568,618.53,116.49,503.0,system,NA,0.158,2.83,130.79,144.27,-152.14,150.04,125.75
Human Dominant_1,R1,2026-08-10T09:41:25.206261Z,behavior_monitor,1,138,636,841,573,265,630,705.72,126.64,579.21,system,NA,0.152,2.83,130.79,122.06,-35.59,150.04,125.75
Human Dominant_1,R1,2026-08-10T09:41:25.714399Z,behavior_monitor,1,133,716,845,549,220,692,732.05,90.35,641.77,system,NA,0.11,2.83,94.76,0.0,-90.0,150.04,125.75
Human Dominant_1,R1,2026-08-10T09:41:26.202724Z,shot_miss,1,169,789,842,549,175,754,714.31,34.86,698.1,agent,NA,0.047,2.83,63.88,0.0,180.0,150.04,125.75
Human Dominant_1,R1,2026-08-10T09:41:26.406509Z,shot_miss,1,182,819,842,549,163,779,713.22,44.73,717.21,agent,NA,0.059,2.83,72.64,0.0,180.0,121.76,90.0
Human Dominant_1,R1,2026-08-10T09:41:26.610544Z,shot_miss,1,193,852,842,550,169,803,716.54,53.91,719.78,agent,NA,0.07,2.83,72.64,0.0,180.0,150.04,54.25
Human Dominant_1,R1,2026-08-10T09:41:27.915453Z,flight_missed,1,359,953,832,490,274,910,661.38,95.23,697.44,system,NA,0.126,2.83,40.64,43.71,-90.0,87.67,0.0
Human Dominant_1,R1,2026-08-10T09:41:27.916329Z,flight_spawn,2,1043,-20,832,490,274,910,552.74,1206.56,697.44,system,NA,0.686,3.59,123.81,43.71,-90.0,87.67,0.0
Human Dominant_1,R1,2026-08-10T09:41:30.821600Z,human_signal,2,544,246,726,482,459,655,297.97,417.58,318.16,human,your_turn,0.584,3.59,173.78,0.0,90.0,130.47,-54.25
Human Dominant_1,R1,2026-08-10T09:41:30.822216Z,behavior_monitor,2,544,246,726,482,459,655,297.97,417.58,318.16,system,NA,0.584,3.59,173.78,0.0,90.0,130.47,-54.25
Human Dominant_1,R1,2026-08-10T09:41:30.822497Z,human_signal,2,541,246,726,482,459,655,299.83,416.49,318.16,human,your_turn,0.581,3.59,173.78,0.0,90.0,130.47,-54.25
Human Dominant_1,R1,2026-08-10T09:41:31.326712Z,behavior_monitor,2,438,262,726,482,455,593,362.11,331.43,293.22,system,NA,0.478,3.59,172.09,0.0,90.0,150.04,-125.75
Human Dominant_1,R1,2026-08-10T09:41:31.833655Z,behavior_monitor,2,343,299,738,478,410,566,434.19,275.71,339.32,system,NA,0.388,3.59,170.6,89.87,-51.86,87.67,180.0
Human Dominant_1,R1,2026-08-10T09:41:32.340061Z,behavior_monitor,2,237,321,743,477,366,566,529.52,276.89,387.86,system,NA,0.343,3.59,173.42,0.0,90.0,87.67,180.0
Human Dominant_1,R1,2026-08-10T09:41:32.847067Z,behavior_monitor,2,133,333,743,484,321,566,628.58,299.35,430.09,system,NA,0.323,3.59,173.42,89.96,90.0,93.15,180.0
Human Dominant_1,R1,2026-08-10T09:41:33.356691Z,behavior_monitor,2,31,359,750,521,276,566,736.57,321.06,475.21,system,NA,0.304,3.59,144.31,0.0,43.78,87.67,180.0
Human Dominant_1,R1,2026-08-10T09:41:33.863370Z,behavior_monitor,2,52,427,750,524,232,566,703.92,227.11,519.02,system,NA,0.244,2.73,73.66,0.0,90.0,87.67,180.0
Human Dominant_1,R1,2026-08-10T09:41:34.367299Z,behavior_monitor,2,98,492,750,532,188,566,653.04,116.67,562.84,system,NA,0.152,2.73,67.39,0.0,90.0,87.67,180.0
Human Dominant_1,R1,2026-08-10T09:41:34.876098Z,behavior_monitor,2,92,568,750,532,143,566,658.98,51.89,607.1,system,NA,0.073,2.73,113.6,0.0,90.0,87.67,180.0
Human Dominant_1,R1,2026-08-10T09:41:35.029417Z,shot_miss,2,80,591,750,532,129,585,671.69,48.47,623.26,agent,NA,0.067,2.73,118.25,0.0,90.0,150.04,125.75
Human Dominant_1,R1,2026-08-10T09:41:35.300859Z,shot_miss,2,55,629,750,532,105,618,701.59,51.28,650.54,agent,NA,0.068,2.73,118.25,0.0,90.0,150.04,125.75
Human Dominant_1,R1,2026-08-10T09:41:35.384557Z,behavior_monitor,2,49,639,750,532,99,626,708.17,50.91,657.58,system,NA,0.067,2.73,118.25,0.0,90.0,150.04,125.75
Human Dominant_1,R1,2026-08-10T09:41:35.503528Z,shot_miss,2,39,658,750,532,87,642,722.02,50.71,671.89,agent,NA,0.066,2.73,118.25,0.0,90.0,136.61,131.5
Human Dominant_1,R1,2026-08-10T09:41:37.260237Z,shot_hit,2,111,846,711,544,88,842,671.4,23.76,690.65,agent,NA,0.034,2.09,74.99,135.85,-157.67,121.76,90.0
Human Dominant_1,R1,2026-08-10T09:41:37.260672Z,flight_spawn,3,1197,-20,711,544,88,842,745.12,1405.35,690.65,system,NA,0.654,3.52,124.61,135.85,-157.67,121.76,90.0
Human Dominant_1,R1,2026-08-10T09:41:38.921188Z,human_signal,3,918,162,790,456,194,697,320.41,900.42,643.07,human,i_can,0.738,3.52,146.68,140.62,-48.16,130.47,-54.25
Human Dominant_1,R1,2026-08-10T09:41:38.937798Z,behavior_monitor,3,918,162,790,456,195,696,320.41,898.31,641.2,system,NA,0.737,3.52,146.68,139.71,-42.77,130.47,-54.25
Human Dominant_1,R1,2026-08-10T09:41:39.444366Z,behavior_monitor,3,878,254,782,433,234,642,203.42,751.92,586.05,system,NA,0.787,3.52,96.84,0.0,0.0,130.47,-54.25
Human Dominant_1,R1,2026-08-10T09:41:39.951479Z,behavior_monitor,3,873,359,833,457,273,588,106.03,642.38,575.38,system,NA,0.858,3.52,91.1,94.14,0.0,130.47,-54.25
Human Dominant_1,R1,2026-08-10T09:41:40.359486Z,shot_hit,3,863,442,840,442,303,566,22.44,572.92,550.95,human,NA,0.962,3.52,117.93,144.63,-143.64,81.0,0.0
Human Dominant_1,R1,2026-08-10T09:41:40.359887Z,flight_spawn,4,663,-20,840,442,303,566,495.67,688.27,550.95,system,NA,0.581,3.36,126.48,144.63,-143.64,81.0,0.0
Human Dominant_1,R1,2026-08-10T09:41:41.979586Z,human_signal,4,585,280,730,541,408,566,299.26,335.96,323.43,human,your_turn,0.529,3.36,86.24,137.1,142.08,87.1,-0.07
Human Dominant_1,R1,2026-08-10T09:41:41.980293Z,behavior_monitor,4,585,280,730,541,408,566,299.26,335.96,323.43,system,NA,0.529,3.36,86.24,137.1,142.08,76.24,0.0
Human Dominant_1,R1,2026-08-10T09:41:41.980759Z,human_signal,4,585,283,728,543,408,566,296.63,333.08,321.43,human,your_turn,0.529,3.36,86.24,137.1,142.08,76.24,0.0
Human Dominant_1,R1,2026-08-10T09:41:42.487603Z,behavior_monitor,4,660,339,683,561,453,566,223.55,307.68,230.5,system,NA,0.579,3.36,32.79,128.25,-15.56,87.67,0.0
Human Dominant_1,R1,2026-08-10T09:41:42.690815Z,human_signal,4,686,372,709,561,471,566,190.38,289.59,237.65,human,i_can,0.603,3.36,53.36,88.96,0.0,104.51,-5.74
Human Dominant_1,R1,2026-08-10T09:41:42.993889Z,behavior_monitor,4,672,426,733,552,495,567,140.45,226.19,238.88,system,NA,0.617,3.36,108.72,124.33,-108.07,76.24,0.0
Human Dominant_1,R1,2026-08-10T09:41:43.502757Z,behavior_monitor,4,641,521,669,549,533,565,39.41,116.42,136.21,system,NA,0.747,3.36,130.3,129.41,180.0,76.24,0.0
Human Dominant_1,R1,2026-08-10T09:41:43.553671Z,shot_miss,4,633,528,662,549,537,565,35.3,102.74,125.81,human,NA,0.744,3.36,130.3,129.41,180.0,76.24,0.0
Human Dominant_1,R1,2026-08-10T09:41:44.011402Z,behavior_monitor,4,568,583,680,568,558,578,112.86,10.6,121.94,system,NA,0.086,3.36,154.97,119.44,64.88,130.47,125.75
Human Dominant_1,R1,2026-08-10T09:41:44.079110Z,shot_hit,4,553,590,680,579,551,584,127.7,6.04,129.04,agent,NA,0.045,3.36,154.97,129.41,90.0,130.47,125.75
Human Dominant_1,R1,2026-08-10T09:41:44.079692Z,flight_spawn,5,845,-20,680,579,551,584,622.1,672.25,129.04,system,NA,0.519,2.83,135.0,129.41,90.0,130.47,125.75
Human Dominant_1,R1,2026-08-10T09:41:45.373417Z,human_signal,5,682,83,777,531,624,565,457.68,485.52,156.55,human,your_turn,0.515,2.83,128.82,139.78,-58.63,76.24,0.0
Human Dominant_1,R1,2026-08-10T09:41:45.374171Z,behavior_monitor,5,682,83,777,531,624,565,457.68,485.52,156.55,system,NA,0.515,2.83,128.82,138.42,-61.55,76.24,0.0
Human Dominant_1,R1,2026-08-10T09:41:45.374660Z,human_signal,5,679,86,778,529,624,565,454.26,483.04,158.05,human,your_turn,0.515,2.83,128.82,138.42,-61.55,76.24,0.0
Human Dominant_1,R1,2026-08-10T09:41:45.877717Z,behavior_monitor,5,624,144,838,506,618,565,421.47,421.96,227.81,system,NA,0.5,2.83,151.12,129.41,0.0,87.67,180.0
Human Dominant_1,R1,2026-08-10T09:41:46.385341Z,behavior_monitor,5,550,185,898,522,573,565,484.36,381.05,327.68,system,NA,0.44,2.83,151.36,104.61,29.22,93.15,180.0
Human Dominant_1,R1,2026-08-10T09:41:46.893236Z,behavior_monitor,5,468,198,926,516,529,565,558.24,372.93,400.91,system,NA,0.4,2.83,179.75,136.84,-24.64,87.67,180.0
Human Dominant_1,R1,2026-08-10T09:41:47.397793Z,behavior_monitor,5,390,226,976,495,483,565,644.62,352.15,497.62,system,NA,0.353,2.83,130.72,0.0,-90.0,87.67,180.0
Human Dominant_1,R1,2026-08-10T09:41:47.914899Z,behavior_monitor,5,318,264,976,495,437,565,696.98,324.0,543.4,system,NA,0.317,2.83,173.97,0.0,-90.0,87.67,180.0
Human Dominant_1,R1,2026-08-10T09:41:48.422753Z,behavior_monitor,5,251,312,976,495,393,566,748.19,291.33,587.39,system,NA,0.28,2.83,110.65,0.0,-90.0,87.67,180.0
Human Dominant_1,R1,2026-08-10T09:41:48.928090Z,behavior_monitor,5,256,394,976,495,348,566,726.84,194.71,631.96,system,NA,0.211,2.83,59.71,0.0,-90.0,87.67,180.0
Human Dominant_1,R1,2026-08-10T09:41:49.433046Z,behavior_monitor,5,313,451,979,508,303,566,668.91,115.41,678.23,system,NA,0.147,2.83,36.52,142.3,75.07,93.15,180.0
Human Dominant_1,R1,2026-08-10T09:41:49.940475Z,behavior_monitor,5,370,510,978,542,338,566,608.53,65.17,640.62,system,NA,0.097,2.83,35.39,0.0,180.0,87.67,0.0
Human Dominant_1,R1,2026-08-10T09:41:54.502058Z,human_signal,5,962,908,966,881,739,902,27.73,222.8,227.9,human,your_turn,0.889,2.83,49.02,129.41,90.0,150.04,54.25
Human Dominant_1,R1,2026-08-10T09:41:54.504035Z,behavior_monitor,5,962,908,966,881,739,902,27.73,222.8,227.9,system,NA,0.889,2.83,49.02,129.41,90.0,150.04,54.25
Human Dominant_1,R1,2026-08-10T09:41:54.504364Z,human_signal,5,964,910,966,883,739,902,27.47,224.4,227.7,human,your_turn,0.891,2.83,20.56,129.41,90.0,150.04,54.25
Human Dominant_1,R1,2026-08-10T09:41:54.792161Z,human_signal,5,1007,926,989,908,765,910,25.09,242.41,224.77,human,your_turn,0.906,2.83,27.84,135.05,25.58,87.67,0.0
Human Dominant_1,R1,2026-08-10T09:41:54.793297Z,human_signal,5,1009,928,992,909,765,910,25.33,244.57,226.86,human,your_turn,0.906,2.83,27.84,135.05,25.58,87.67,0.0
Human Dominant_1,R1,2026-08-10T09:41:55.011710Z,behavior_monitor,5,1038,943,1015,910,784,910,40.4,256.28,231.1,system,NA,0.864,2.83,7.81,122.22,0.0,82.8,0.0
Human Dominant_1,R1,2026-08-10T09:41:55.062547Z,shot_miss,5,1046,944,1022,907,789,910,43.55,259.43,233.23,human,NA,0.856,2.83,7.81,136.02,-17.94,87.67,0.0
Human Dominant_1,R1,2026-08-10T09:41:55.382415Z,flight_missed,5,1104,952,1056,880,818,910,86.7,288.77,239.19,system,NA,0.769,2.83,7.81,129.41,-90.0,87.67,0.0
Human Dominant_1,R1,2026-08-10T09:41:55.383174Z,flight_spawn,6,820,-20,1056,880,818,910,930.31,930.0,239.19,system,NA,0.5,2.93,46.91,129.41,-90.0,87.67,0.0
Human Dominant_1,R1,2026-08-10T09:41:57.259696Z,human_signal,6,909,224,994,642,894,781,427.27,557.14,170.79,human,i_can,0.566,2.93,112.05,136.8,-125.28,79.29,-102.39
Human Dominant_1,R1,2026-08-10T09:41:57.277418Z,behavior_monitor,6,909,224,994,642,893,779,427.27,555.35,169.88,system,NA,0.565,2.93,112.05,136.23,-128.52,120.63,-117.28
Human Dominant_1,R1,2026-08-10T09:41:57.784160Z,behavior_monitor,6,877,305,944,594,862,725,296.35,419.96,154.92,system,NA,0.586,2.93,112.05,137.73,-136.23,130.47,-125.75
Human Dominant_1,R1,2026-08-10T09:41:58.290063Z,behavior_monitor,6,846,386,890,551,829,672,170.28,285.67,135.08,system,NA,0.627,2.93,112.05,134.32,-148.32,130.47,-125.75
Human Dominant_1,R1,2026-08-10T09:41:58.793048Z,behavior_monitor,6,900,451,853,503,857,617,69.76,171.89,114.97,system,NA,0.711,2.93,39.01,162.03,-52.99,138.63,-54.25
Human Dominant_1,R1,2026-08-10T09:41:59.233117Z,shot_miss,6,964,481,907,481,890,571,57.16,116.64,92.09,human,NA,0.671,2.93,38.44,129.41,0.0,130.47,-54.25
Human Dominant_1,R1,2026-08-10T09:41:59.301352Z,behavior_monitor,6,974,488,915,481,896,566,59.46,110.96,87.89,system,NA,0.651,2.93,38.44,129.41,0.0,104.49,14.55
Human Dominant_1,R1,2026-08-10T09:41:59.807643Z,behavior_monitor,6,1025,560,972,450,934,567,121.89,91.81,122.53,system,NA,0.43,2.93,59.59,139.98,-57.99,76.24,0.0
Human Dominant_1,R1,2026-08-10T09:42:00.313850Z,behavior_monitor,6,1074,633,1016,442,973,612,199.02,103.2,174.93,system,NA,0.341,2.93,32.41,0.0,0.0,130.47,54.25
Human Dominant_1,R1,2026-08-10T09:42:00.819462Z,behavior_monitor,6,1131,690,955,472,1012,666,280.77,122.0,202.57,system,NA,0.303,2.93,81.36,140.59,149.75,130.47,54.25
Human Dominant_1,R1,2026-08-10T09:42:01.324422Z,behavior_monitor,6,1169,767,895,511,1050,720,374.42,127.26,259.87,system,NA,0.254,2.93,53.99,142.58,135.47,130.47,54.25
Human Dominant_1,R1,2026-08-10T09:42:01.830996Z,behavior_monitor,6,1191,850,886,540,1090,773,435.19,127.19,309.85,system,NA,0.226,2.93,82.84,106.84,90.0,130.47,54.25
Human Dominant_1,R1,2026-08-10T09:42:02.408945Z,flight_missed,6,1203,952,907,598,1136,836,461.39,133.4,330.6,system,NA,0.224,2.93,82.84,141.78,-28.09,130.47,54.25
Human Dominant_1,R1,2026-08-10T09:42:02.409514Z,flight_spawn,7,1408,-20,907,598,1136,836,795.09,899.01,330.6,system,NA,0.531,2.95,47.34,141.78,-28.09,130.47,54.25
Human Dominant_1,R1,2026-08-10T09:42:04.186605Z,human_signal,7,1394,256,1034,546,1247,684,461.92,452.37,253.36,human,your_turn,0.495,2.87,97.76,135.37,-17.07,130.47,-54.25
Human Dominant_1,R1,2026-08-10T09:42:04.187650Z,behavior_monitor,7,1394,256,1034,546,1247,684,461.92,452.37,253.36,system,NA,0.495,2.87,97.76,135.37,-17.07,130.47,-54.25
Human Dominant_1,R1,2026-08-10T09:42:04.188119Z,human_signal,7,1393,259,1036,546,1247,684,457.59,449.51,251.89,human,your_turn,0.496,2.87,97.76,135.37,-17.07,130.47,-54.25
Human Dominant_1,R1,2026-08-10T09:42:04.692811Z,behavior_monitor,7,1418,336,1092,507,1291,621,368.61,312.22,229.7,system,NA,0.459,2.87,45.11,141.45,-40.68,150.04,-54.25
Human Dominant_1,R1,2026-08-10T09:42:05.199486Z,behavior_monitor,7,1446,408,1096,484,1336,565,357.32,191.21,253.2,system,NA,0.349,2.66,95.04,0.0,-90.0,93.15,0.0
Human Dominant_1,R1,2026-08-10T09:42:05.706250Z,behavior_monitor,7,1395,470,1110,536,1375,565,292.47,96.83,265.99,system,NA,0.249,2.66,112.32,100.36,137.59,2.42,101.86
Human Dominant_1,R1,2026-08-10T09:42:06.211254Z,behavior_monitor,7,1348,531,1109,588,1341,564,245.09,34.14,232.9,system,NA,0.122,2.66,141.7,129.41,180.0,87.67,180.0
Human Dominant_1,R1,2026-08-10T09:42:06.244777Z,shot_hit,7,1341,536,1103,588,1337,564,244.37,28.96,235.02,agent,NA,0.106,2.66,141.7,129.41,180.0,87.67,180.0
Human Dominant_1,R1,2026-08-10T09:42:06.245273Z,flight_spawn,8,697,-20,1103,588,1337,564,731.96,866.92,235.02,system,NA,0.542,2.83,135.0,129.41,180.0,87.67,180.0
Human Dominant_1,R1,2026-08-10T09:42:07.575176Z,human_signal,8,496,39,929,569,1270,564,684.27,935.31,341.32,human,i_can,0.578,2.83,175.68,129.41,180.0,76.24,180.0
Human Dominant_1,R1,2026-08-10T09:42:07.591833Z,behavior_monitor,8,496,39,929,569,1269,564,684.27,934.24,340.03,system,NA,0.577,2.83,175.68,129.41,180.0,76.24,180.0
Human Dominant_1,R1,2026-08-10T09:42:08.103246Z,behavior_monitor,8,452,97,863,569,1230,564,625.84,907.57,367.26,system,NA,0.592,2.83,86.36,129.41,180.0,76.24,180.0
Human Dominant_1,R1,2026-08-10T09:42:08.610326Z,behavior_monitor,8,483,171,797,569,1191,564,506.79,809.92,394.3,system,NA,0.615,2.83,32.48,129.41,180.0,76.24,180.0
Human Dominant_1,R1,2026-08-10T09:42:09.114652Z,behavior_monitor,8,564,194,731,567,1152,565,408.94,695.35,421.25,system,NA,0.63,2.83,11.51,144.14,-162.01,81.0,180.0
Human Dominant_1,R1,2026-08-10T09:42:09.620633Z,behavior_monitor,8,644,213,709,512,1113,565,306.1,586.77,407.87,system,NA,0.657,2.83,7.17,129.41,-90.0,76.24,180.0
Human Dominant_1,R1,2026-08-10T09:42:10.128353Z,behavior_monitor,8,714,256,746,455,1075,565,200.91,474.96,347.02,system,NA,0.703,2.83,43.5,139.51,-43.24,76.24,180.0
Human Dominant_1,R1,2026-08-10T09:42:10.636401Z,behavior_monitor,8,780,307,781,403,1036,566,95.55,364.16,302.4,system,NA,0.792,2.83,21.58,129.41,-90.0,76.24,180.0
Human Dominant_1,R1,2026-08-10T09:42:11.147437Z,behavior_monitor,8,857,345,834,365,997,566,31.02,261.89,258.35,system,NA,0.894,2.83,25.18,129.41,0.0,76.24,180.0
Human Dominant_1,R1,2026-08-10T09:42:11.215561Z,shot_miss,8,869,349,842,365,991,566,30.77,248.88,249.77,human,NA,0.89,2.83,25.18,129.41,0.0,76.24,180.0
Human Dominant_1,R1,2026-08-10T09:42:11.568273Z,shot_miss,8,908,392,889,365,964,566,32.74,183.54,214.71,human,NA,0.849,2.83,50.93,129.41,0.0,76.24,180.0
Human Dominant_1,R1,2026-08-10T09:42:11.653704Z,behavior_monitor,8,916,402,898,371,958,566,36.17,168.99,203.99,system,NA,0.824,2.83,24.53,134.62,52.42,76.24,180.0
Human Dominant_1,R1,2026-08-10T09:42:12.040845Z,shot_miss,8,964,433,922,418,941,566,44.48,135.56,149.31,human,NA,0.753,2.83,81.3,136.17,55.13,0.0,0.0
Human Dominant_1,R1,2026-08-10T09:42:12.159730Z,behavior_monitor,8,965,452,935,426,941,566,39.87,116.59,140.06,system,NA,0.745,2.83,59.55,130.48,23.43,0.0,28.43
Human Dominant_1,R1,2026-08-10T09:42:16.067176Z,human_signal,8,1415,742,928,552,1238,736,522.59,176.65,361.02,human,your_turn,0.253,1.87,148.07,141.88,114.21,130.47,54.25
Human Dominant_1,R1,2026-08-10T09:42:16.068714Z,behavior_monitor,8,1415,742,928,552,1238,736,522.59,176.65,361.02,system,NA,0.253,1.87,148.07,140.67,113.08,76.24,0.0
Human Dominant_1,R1,2026-08-10T09:42:16.069058Z,human_signal,8,1414,743,927,554,1238,736,522.25,175.89,360.67,human,your_turn,0.252,1.87,148.07,140.67,113.08,76.24,0.0
Human Dominant_1,R1,2026-08-10T09:42:16.575046Z,behavior_monitor,8,1363,757,909,617,1283,751,475.38,80.62,397.18,system,NA,0.145,1.87,161.46,129.41,90.0,87.67,0.0
Human Dominant_1,R1,2026-08-10T09:42:16.863325Z,shot_hit,8,1330,768,909,656,1308,763,435.99,22.56,413.47,agent,NA,0.049,1.87,154.91,129.41,90.0,87.67,0.0
Human Dominant_1,R1,2026-08-10T09:42:16.863858Z,flight_spawn,9,780,-20,909,656,1308,763,689.01,945.19,413.47,system,NA,0.578,2.83,45.0,129.41,90.0,87.67,0.0
Human Dominant_1,R1,2026-08-10T09:42:19.331385Z,human_signal,9,1115,146,986,431,1149,566,313.03,421.87,212.23,human,your_turn,0.574,2.83,16.84,129.41,-90.0,76.24,180.0
Human Dominant_1,R1,2026-08-10T09:42:19.332039Z,behavior_monitor,9,1115,146,986,431,1149,566,313.03,421.87,212.23,system,NA,0.574,2.83,16.84,128.11,-90.0,76.24,180.0
Human Dominant_1,R1,2026-08-10T09:42:19.332464Z,human_signal,9,1119,147,986,428,1149,566,311.49,420.8,213.13,human,your_turn,0.575,2.83,16.84,128.11,-90.0,76.24,180.0
Human Dominant_1,R1,2026-08-10T09:42:19.840418Z,behavior_monitor,9,1198,166,959,427,1157,567,354.66,403.16,242.35,system,NA,0.532,2.83,19.85,126.17,144.46,105.31,11.75
Human Dominant_1,R1,2026-08-10T09:42:20.347969Z,behavior_monitor,9,1271,200,980,446,1201,567,380.98,373.15,251.64,system,NA,0.495,2.83,22.62,144.11,63.89,87.67,0.0
Human Dominant_1,R1,2026-08-10T09:42:20.857309Z,behavior_monitor,9,1349,221,989,512,1246,566,462.57,360.15,263.0,system,NA,0.438,2.83,0.26,146.02,52.26,87.67,0.0
Human Dominant_1,R1,2026-08-10T09:42:21.363680Z,behavior_monitor,9,1432,221,970,483,1291,565,530.69,371.15,330.75,system,NA,0.412,2.83,0.26,158.78,-123.03,93.15,0.0
Human Dominant_1,R1,2026-08-10T09:42:21.869991Z,behavior_monitor,9,1412,234,949,442,1335,565,507.98,339.61,405.62,system,NA,0.401,1.7,172.94,95.72,-90.0,87.67,0.0
Human Dominant_1,R1,2026-08-10T09:42:22.022847Z,human_signal,9,1395,237,958,435,1349,565,480.6,331.9,411.71,human,your_turn,0.408,1.7,163.59,83.06,-24.19,87.67,0.0
Human Dominant_1,R1,2026-08-10T09:42:22.023508Z,human_signal,9,1394,237,959,435,1349,565,477.86,331.23,410.4,human,your_turn,0.409,1.7,163.59,79.82,0.0,87.67,0.0
Human Dominant_1,R1,2026-08-10T09:42:22.379047Z,behavior_monitor,9,1363,247,963,405,1347,566,430.38,319.31,416.88,system,NA,0.426,1.7,163.59,84.28,-33.39,87.67,180.0
Human Dominant_1,R1,2026-08-10T09:42:22.885831Z,behavior_monitor,9,1325,274,992,439,1309,565,372.11,291.11,341.04,system,NA,0.439,1.7,92.59,129.41,90.0,35.42,-39.23
Human Dominant_1,R1,2026-08-10T09:42:23.392987Z,behavior_monitor,9,1350,315,999,500,1327,565,397.18,251.27,333.7,system,NA,0.387,1.7,35.45,0.0,90.0,87.67,0.0
Human Dominant_1,R1,2026-08-10T09:42:23.900550Z,behavior_monitor,9,1361,359,987,470,1344,565,390.26,206.42,369.89,system,NA,0.346,1.7,63.46,92.07,-90.0,0.0,0.0
Human Dominant_1,R1,2026-08-10T09:42:24.407471Z,behavior_monitor,9,1391,397,1002,462,1368,564,394.45,168.78,380.3,system,NA,0.3,1.7,40.07,109.87,46.38,87.67,0.0
Human Dominant_1,R1,2026-08-10T09:42:24.916775Z,behavior_monitor,9,1432,430,1006,480,1409,564,428.99,136.5,411.2,system,NA,0.241,1.7,40.07,0.0,180.0,0.0,0.0
Human Dominant_1,R1,2026-08-10T09:42:25.424132Z,behavior_monitor,9,1432,444,993,501,1416,565,443.32,122.05,427.99,system,NA,0.216,1.06,163.19,0.0,90.0,26.24,-118.94
Human Dominant_1,R1,2026-08-10T09:42:25.930768Z,behavior_monitor,9,1404,453,993,501,1388,564,414.34,112.56,400.23,system,NA,0.214,1.06,163.19,0.0,90.0,0.0,180.0
Human Dominant_1,R1,2026-08-10T09:42:26.437800Z,behavior_monitor,9,1372,462,952,535,1356,564,426.6,103.13,404.95,system,NA,0.195,1.06,163.19,142.11,155.59,87.67,180.0
Human Dominant_1,R1,2026-08-10T09:42:26.942999Z,behavior_monitor,9,1344,469,888,545,1328,564,462.69,96.12,440.85,system,NA,0.172,1.06,171.25,84.52,180.0,87.67,180.0
Human Dominant_1,R1,2026-08-10T09:42:28.078198Z,shot_miss,9,1299,516,867,545,1283,564,433.01,50.62,415.99,agent,NA,0.105,1.06,135.93,0.0,180.0,87.67,180.0
Human Dominant_1,R1,2026-08-10T09:42:28.298321Z,shot_miss,9,1295,528,867,545,1277,564,427.58,40.02,410.24,agent,NA,0.086,1.06,64.28,0.0,180.0,0.0,180.0
Human Dominant_1,R1,2026-08-10T09:42:28.468048Z,shot_hit,9,1291,538,867,545,1274,564,423.82,31.37,406.92,agent,NA,0.069,1.06,112.68,0.0,180.0,0.0,173.68
Human Dominant_1,R1,2026-08-10T09:42:28.468653Z,flight_spawn,10,129,-20,867,545,1274,564,929.63,1285.12,406.92,system,NA,0.58,2.92,133.29,0.0,180.0,0.0,173.68
Human Dominant_1,R1,2026-08-10T09:42:30.316872Z,human_signal,10,115,94,684,560,1155,565,735.66,1141.57,470.98,human,i_can,0.608,1.77,12.68,137.5,180.0,81.0,180.0
Human Dominant_1,R1,2026-08-10T09:42:30.332996Z,behavior_monitor,10,115,94,684,560,1153,565,735.66,1140.39,469.68,system,NA,0.608,1.77,12.68,137.5,180.0,81.0,180.0
Human Dominant_1,R1,2026-08-10T09:42:30.839704Z,behavior_monitor,10,162,109,618,545,1114,565,631.76,1056.12,496.64,system,NA,0.626,1.77,10.41,138.13,-156.73,76.24,180.0
Human Dominant_1,R1,2026-08-10T09:42:31.344151Z,behavior_monitor,10,214,123,553,534,1075,565,532.46,967.68,523.44,system,NA,0.645,1.77,34.53,129.41,180.0,76.24,180.0
Human Dominant_1,R1,2026-08-10T09:42:31.855583Z,behavior_monitor,10,252,156,487,516,1036,565,429.19,884.0,551.84,system,NA,0.673,1.77,37.82,134.72,-163.87,76.24,180.0
Human Dominant_1,R1,2026-08-10T09:42:32.363221Z,behavior_monitor,10,299,185,426,487,997,565,327.36,794.8,577.0,system,NA,0.708,1.77,17.06,138.57,-121.4,76.24,180.0
Human Dominant_1,R1,2026-08-10T09:42:32.871860Z,behavior_monitor,10,345,206,427,442,959,564,249.74,711.01,545.7,system,NA,0.74,1.77,12.61,0.0,0.0,76.24,180.0
Human Dominant_1,R1,2026-08-10T09:42:33.380339Z,behavior_monitor,10,397,217,471,450,920,564,243.89,626.92,463.36,system,NA,0.72,1.77,12.82,134.5,15.82,76.24,180.0
Human Dominant_1,R1,2026-08-10T09:42:33.883007Z,behavior_monitor,10,452,227,525,426,881,564,212.56,545.54,381.05,system,NA,0.72,1.77,34.76,114.92,-31.42,76.24,180.0
Human Dominant_1,R1,2026-08-10T09:42:34.389050Z,behavior_monitor,10,485,264,558,410,842,564,162.46,466.12,323.55,system,NA,0.742,1.77,63.77,0.0,-90.0,76.24,180.0
Human Dominant_1,R1,2026-08-10T09:42:34.898555Z,behavior_monitor,10,477,312,530,410,803,564,110.89,412.19,314.1,system,NA,0.788,1.77,117.7,129.41,180.0,76.24,180.0
Human Dominant_1,R1,2026-08-10T09:42:35.754948Z,shot_hit,10,432,378,429,403,737,564,25.07,357.65,347.78,human,NA,0.935,1.77,156.65,123.35,-155.7,76.24,180.0
Human Dominant_1,R1,2026-08-10T09:42:35.755578Z,flight_spawn,11,1291,-20,429,403,737,564,960.6,805.56,347.78,system,NA,0.456,3.41,54.08,123.35,-155.7,76.24,180.0
Human Dominant_1,R1,2026-08-10T09:42:36.724268Z,human_signal,11,1437,103,443,457,784,564,1054.98,799.79,356.87,human,your_turn,0.431,3.41,27.28,139.11,45.2,76.24,0.0
Human Dominant_1,R1,2026-08-10T09:42:36.725260Z,behavior_monitor,11,1437,103,443,457,784,564,1054.98,799.79,356.87,system,NA,0.431,3.41,27.28,139.11,45.2,76.24,0.0
Human Dominant_1,R1,2026-08-10T09:42:36.725677Z,human_signal,11,1440,104,445,459,784,564,1056.62,801.66,354.77,human,your_turn,0.431,3.41,27.28,139.11,45.2,76.24,0.0
Human Dominant_1,R1,2026-08-10T09:42:37.232055Z,behavior_monitor,11,1406,150,491,494,828,564,977.21,711.13,344.04,system,NA,0.421,2.4,139.32,77.24,0.0,87.67,0.0
Human Dominant_1,R1,2026-08-10T09:42:37.736179Z,behavior_monitor,11,1409,214,523,494,872,564,928.65,639.91,356.44,system,NA,0.408,2.4,64.04,0.0,0.0,82.8,0.0
Human Dominant_1,R1,2026-08-10T09:42:38.247957Z,behavior_monitor,11,1421,282,523,494,917,564,922.22,577.12,400.13,system,NA,0.385,2.4,64.83,0.0,0.0,87.67,0.0
Human Dominant_1,R1,2026-08-10T09:42:38.756236Z,behavior_monitor,11,1440,349,523,494,962,564,928.14,523.3,444.95,system,NA,0.361,2.4,61.66,0.0,0.0,103.38,-4.7
Human Dominant_1,R1,2026-08-10T09:42:39.264781Z,behavior_monitor,11,1436,418,537,520,1007,563,904.07,452.24,472.04,system,NA,0.333,2.4,103.07,135.89,54.83,87.67,0.0
Human Dominant_1,R1,2026-08-10T09:42:39.774653Z,behavior_monitor,11,1391,469,579,575,1052,563,819.61,352.06,473.52,system,NA,0.3,2.4,152.25,127.07,46.15,87.67,0.0
Human Dominant_1,R1,2026-08-10T09:42:40.278173Z,behavior_monitor,11,1331,505,587,580,1097,563,748.05,241.8,509.79,system,NA,0.244,2.4,122.93,0.0,0.0,87.67,0.0
Human Dominant_1,R1,2026-08-10T09:42:40.784365Z,behavior_monitor,11,1290,565,587,580,1142,563,703.26,148.63,554.73,system,NA,0.174,2.4,122.93,0.0,0.0,109.0,7.82
Human Dominant_1,R1,2026-08-10T09:42:41.291112Z,behavior_monitor,11,1239,613,587,580,1186,609,652.24,52.69,599.59,system,NA,0.075,2.4,143.49,0.0,0.0,150.04,54.25
Human Dominant_1,R1,2026-08-10T09:42:41.544908Z,shot_hit,11,1216,643,587,580,1200,638,632.06,17.6,615.01,agent,NA,0.027,2.4,121.17,0.0,0.0,0.0,90.0
Human Dominant_1,R1,2026-08-10T09:42:41.545900Z,flight_spawn,12,847,-20,587,580,1200,638,654.46,746.65,615.01,system,NA,0.533,2.83,45.1,0.0,0.0,0.0,90.0
Human Dominant_1,R1,2026-08-10T09:42:42.393466Z,human_signal,12,912,97,644,577,1163,587,548.86,550.62,519.23,human,your_turn,0.501,2.83,89.38,133.97,-15.0,130.47,-125.75
Human Dominant_1,R1,2026-08-10T09:42:42.393895Z,behavior_monitor,12,912,97,644,577,1163,587,548.86,550.62,519.23,system,NA,0.501,2.83,89.38,133.97,-15.0,130.47,-125.75
Human Dominant_1,R1,2026-08-10T09:42:42.394268Z,human_signal,12,912,100,646,575,1163,587,544.45,548.08,517.63,human,your_turn,0.502,2.83,89.38,133.97,-15.0,130.47,-125.75
Human Dominant_1,R1,2026-08-10T09:42:42.901634Z,behavior_monitor,12,961,147,645,516,1118,566,485.78,447.42,476.25,system,NA,0.479,2.83,31.89,117.15,-90.0,87.67,180.0
Human Dominant_1,R1,2026-08-10T09:42:43.408227Z,behavior_monitor,12,1035,192,617,469,1074,565,501.35,374.63,466.12,system,NA,0.428,2.83,31.89,49.94,-42.95,87.67,180.0
Human Dominant_1,R1,2026-08-10T09:42:43.915887Z,behavior_monitor,12,1108,237,655,475,1072,565,512.11,329.94,426.78,system,NA,0.392,2.83,31.89,0.0,0.0,87.67,0.0
Human Dominant_1,R1,2026-08-10T09:42:44.017174Z,human_signal,12,1124,246,655,475,1081,565,521.96,321.9,436.0,human,your_turn,0.381,2.83,31.89,0.0,0.0,115.2,3.89
Human Dominant_1,R1,2026-08-10T09:42:44.017823Z,human_signal,12,1126,248,655,475,1081,565,522.96,320.67,436.0,human,your_turn,0.38,2.83,31.89,0.0,0.0,93.15,0.0
Human Dominant_1,R1,2026-08-10T09:42:44.420643Z,behavior_monitor,12,1170,288,655,475,1116,565,548.45,282.38,470.46,system,NA,0.34,2.83,25.02,0.0,0.0,93.15,0.0
Human Dominant_1,R1,2026-08-10T09:42:44.927073Z,behavior_monitor,12,1252,303,655,475,1161,565,620.94,277.16,514.35,system,NA,0.309,2.83,0.95,0.0,0.0,83.86,1.54
Human Dominant_1,R1,2026-08-10T09:42:45.434205Z,behavior_monitor,12,1337,305,655,475,1205,566,703.19,292.58,558.21,system,NA,0.294,2.83,0.95,0.0,0.0,87.67,0.0
Human Dominant_1,R1,2026-08-10T09:42:45.942118Z,behavior_monitor,12,1415,326,655,475,1250,567,775.06,291.99,602.57,system,NA,0.274,2.83,28.44,0.0,0.0,87.67,0.0
Human Dominant_1,R1,2026-08-10T09:42:46.446284Z,behavior_monitor,12,1420,363,655,475,1294,567,773.83,239.72,646.29,system,NA,0.237,2.01,166.14,0.0,0.0,87.67,0.0
Human Dominant_1,R1,2026-08-10T09:42:46.955393Z,behavior_monitor,12,1368,390,655,475,1339,566,718.63,178.23,690.05,system,NA,0.199,2.01,141.96,0.0,0.0,87.67,0.0
Human Dominant_1,R1,2026-08-10T09:42:47.463169Z,behavior_monitor,12,1324,431,679,497,1308,566,649.09,136.38,633.16,system,NA,0.174,2.01,142.04,130.01,46.45,76.31,-179.16
Human Dominant_1,R1,2026-08-10T09:42:47.967207Z,behavior_monitor,12,1303,486,684,503,1286,567,619.46,82.79,605.35,system,NA,0.118,2.01,93.17,0.0,57.01,25.51,134.6
Human Dominant_1,R1,2026-08-10T09:42:48.338663Z,shot_miss,12,1305,531,684,503,1286,564,621.72,38.24,604.5,agent,NA,0.058,2.01,91.43,0.0,57.01,0.0,-142.71
Human Dominant_1,R1,2026-08-10T09:42:48.475015Z,behavior_monitor,12,1305,546,684,503,1286,564,622.1,26.83,604.5,system,NA,0.041,2.01,91.43,0.0,57.01,0.0,-142.71
Human Dominant_1,R1,2026-08-10T09:42:48.611204Z,shot_hit,12,1306,563,684,503,1286,564,625.03,20.79,604.5,agent,NA,0.032,2.01,63.65,0.0,57.01,0.0,-142.71
Human Dominant_1,R1,2026-08-10T09:42:48.611836Z,flight_spawn,13,947,-20,684,503,1286,564,586.13,675.72,604.5,system,NA,0.535,2.83,135.0,0.0,57.01,0.0,-142.71
Human Dominant_1,R1,2026-08-10T09:42:49.605540Z,human_signal,13,839,106,728,467,1240,564,377.9,609.16,521.03,human,i_can,0.617,2.83,114.12,129.41,-90.0,76.24,180.0
Human Dominant_1,R1,2026-08-10T09:42:49.623245Z,behavior_monitor,13,839,106,728,467,1239,564,377.9,608.31,519.76,system,NA,0.617,2.83,114.12,122.22,-90.0,72.0,180.0
Human Dominant_1,R1,2026-08-10T09:42:50.130574Z,behavior_monitor,13,831,188,771,415,1200,564,235.16,526.67,454.33,system,NA,0.691,2.83,107.84,135.95,-24.87,76.24,180.0
Human Dominant_1,R1,2026-08-10T09:42:50.640408Z,behavior_monitor,13,781,248,798,401,1161,564,153.87,494.49,397.9,system,NA,0.763,2.83,157.43,0.0,-90.0,76.24,180.0
Human Dominant_1,R1,2026-08-10T09:42:51.146493Z,behavior_monitor,13,737,314,741,401,1122,564,87.17,458.86,414.44,system,NA,0.84,2.83,129.3,0.0,180.0,76.24,180.0
Human Dominant_1,R1,2026-08-10T09:42:51.649247Z,behavior_monitor,13,668,358,688,382,1083,564,31.43,463.6,435.22,system,NA,0.937,2.83,154.78,137.57,-158.53,76.24,180.0
Human Dominant_1,R1,2026-08-10T09:42:51.767571Z,shot_hit,13,649,366,672,376,1074,564,25.67,469.17,443.51,human,NA,0.948,2.83,154.78,137.54,-158.56,76.24,180.0
Human Dominant_1,R1,2026-08-10T09:42:51.768581Z,flight_spawn,14,941,-20,672,376,1074,564,479.02,599.56,443.51,system,NA,0.556,3.57,124.04,137.54,-158.56,76.24,180.0
Human Dominant_1,R1,2026-08-10T09:42:52.563433Z,human_signal,14,961,142,649,430,1031,564,424.2,427.95,403.95,human,your_turn,0.502,3.57,73.59,129.41,90.0,76.24,180.0
Human Dominant_1,R1,2026-08-10T09:42:52.564422Z,behavior_monitor,14,961,142,649,430,1031,564,424.2,427.95,403.95,system,NA,0.502,3.57,73.59,129.41,90.0,76.24,180.0
Human Dominant_1,R1,2026-08-10T09:42:52.564836Z,human_signal,14,961,145,649,433,1031,564,423.98,424.43,403.23,human,your_turn,0.5,3.57,73.59,129.41,90.0,76.24,180.0
Human Dominant_1,R1,2026-08-10T09:42:53.067969Z,behavior_monitor,14,990,245,615,480,986,565,442.51,319.78,380.97,system,NA,0.419,3.57,73.59,140.69,156.13,87.67,180.0
Human Dominant_1,R1,2026-08-10T09:42:53.575137Z,behavior_monitor,14,1021,348,592,496,997,565,453.55,218.7,410.83,system,NA,0.325,3.57,73.59,81.21,180.0,0.0,0.0
Human Dominant_1,R1,2026-08-10T09:42:54.078651Z,behavior_monitor,14,1053,448,587,496,1027,565,469.09,120.6,445.77,system,NA,0.205,3.57,50.05,0.0,180.0,87.67,0.0
Human Dominant_1,R1,2026-08-10T09:42:54.586640Z,behavior_monitor,14,1127,530,591,499,1071,565,536.3,65.81,484.09,system,NA,0.109,3.57,50.05,96.72,39.32,87.67,0.0
Human Dominant_1,R1,2026-08-10T09:42:55.094194Z,behavior_monitor,14,1221,571,631,554,1116,565,589.96,105.31,484.7,system,NA,0.151,3.57,22.65,138.32,64.61,87.67,0.0
Human Dominant_1,R1,2026-08-10T09:42:55.603321Z,behavior_monitor,14,1302,632,640,568,1160,627,664.67,141.35,523.65,system,NA,0.175,3.57,20.39,0.0,33.61,150.04,54.25
Human Dominant_1,R1,2026-08-10T09:42:56.112580Z,behavior_monitor,14,1383,705,606,559,1205,689,790.97,178.42,613.58,system,NA,0.184,3.57,44.08,136.7,-161.21,150.04,54.25
Human Dominant_1,R1,2026-08-10T09:42:56.621910Z,behavior_monitor,14,1428,794,584,588,1250,751,869.23,183.49,685.75,system,NA,0.174,3.57,93.69,136.97,67.04,150.04,54.25
Human Dominant_1,R1,2026-08-10T09:42:57.129723Z,behavior_monitor,14,1431,900,603,624,1295,813,873.21,162.03,717.14,system,NA,0.157,3.57,89.58,61.01,180.0,150.04,54.25
Human Dominant_1,R1,2026-08-10T09:42:57.366388Z,flight_missed,14,1431,954,577,606,1317,844,922.25,158.21,777.53,system,NA,0.146,3.57,89.58,138.87,-139.91,150.04,54.25
Human Dominant_1,R1,2026-08-10T09:42:57.366867Z,flight_spawn,15,634,-20,577,606,1317,844,629.0,1101.54,777.53,system,NA,0.637,3.16,50.73,138.87,-139.91,150.04,54.25
Human Dominant_1,R1,2026-08-10T09:42:59.057548Z,human_signal,15,763,250,709,547,1212,701,302.31,636.9,526.06,human,i_can,0.678,3.16,61.11,129.41,0.0,130.47,-125.75
Human Dominant_1,R1,2026-08-10T09:42:59.073657Z,behavior_monitor,15,763,250,709,547,1211,699,302.31,634.71,524.3,system,NA,0.677,3.16,61.11,137.5,0.0,138.63,-125.75
Human Dominant_1,R1,2026-08-10T09:42:59.583309Z,behavior_monitor,15,830,309,775,547,1172,645,244.28,479.54,408.95,system,NA,0.663,3.16,36.1,129.41,0.0,130.47,-125.75
Human Dominant_1,R1,2026-08-10T09:43:00.091813Z,behavior_monitor,15,906,365,840,544,1134,591,190.35,320.77,297.81,system,NA,0.628,3.16,36.1,111.5,-41.26,130.47,-125.75
Human Dominant_1,R1,2026-08-10T09:43:00.193819Z,human_signal,15,922,376,847,536,1126,580,175.88,288.51,282.3,human,your_turn,0.621,3.16,36.1,102.63,-50.11,130.47,-125.75
Human Dominant_1,R1,2026-08-10T09:43:00.194476Z,human_signal,15,924,378,848,534,1126,580,173.57,285.58,281.49,human,your_turn,0.622,3.16,36.1,99.35,-50.58,140.86,-137.15
Human Dominant_1,R1,2026-08-10T09:43:00.380817Z,human_signal,15,944,404,848,523,1109,566,152.54,231.85,264.82,human,your_turn,0.603,3.16,60.11,53.89,-90.0,87.67,180.0
Human Dominant_1,R1,2026-08-10T09:43:00.381442Z,human_signal,15,946,407,848,522,1109,566,151.02,228.57,264.95,human,your_turn,0.602,3.16,60.11,49.16,-90.0,87.67,180.0
Human Dominant_1,R1,2026-08-10T09:43:00.599991Z,behavior_monitor,15,972,431,838,519,1090,566,160.82,179.06,256.36,system,NA,0.527,3.16,60.66,126.75,180.0,87.67,180.0
Human Dominant_1,R1,2026-08-10T09:43:01.104806Z,behavior_monitor,15,1022,514,786,546,1045,566,238.05,57.58,259.82,system,NA,0.195,3.16,60.66,107.23,180.0,87.67,180.0
Human Dominant_1,R1,2026-08-10T09:43:01.343201Z,shot_hit,15,1052,549,756,545,1028,566,295.65,28.68,273.33,agent,NA,0.088,3.16,52.75,87.92,180.0,0.0,180.0
Human Dominant_1,R1,2026-08-10T09:43:01.343802Z,flight_spawn,16,899,-20,756,545,1028,566,583.14,600.86,273.33,system,NA,0.507,2.97,132.36,87.92,180.0,0.0,180.0
Human Dominant_1,R1,2026-08-10T09:43:02.530996Z,human_signal,16,763,118,714,454,961,566,338.95,489.94,271.4,human,i_can,0.591,2.97,134.8,138.07,-129.28,76.24,180.0
Human Dominant_1,R1,2026-08-10T09:43:02.548076Z,behavior_monitor,16,763,118,714,454,960,566,338.95,489.41,270.22,system,NA,0.591,2.97,134.8,137.87,-131.73,76.24,180.0
Human Dominant_1,R1,2026-08-10T09:43:03.054935Z,behavior_monitor,16,686,160,657,415,920,566,256.69,468.54,303.36,system,NA,0.646,2.97,158.25,135.45,-151.8,76.24,180.0
Human Dominant_1,R1,2026-08-10T09:43:03.561114Z,behavior_monitor,16,608,205,591,409,881,566,204.76,452.24,329.55,system,NA,0.688,2.97,153.03,137.5,180.0,81.0,180.0
Human Dominant_1,R1,2026-08-10T09:43:04.067445Z,behavior_monitor,16,542,258,525,409,843,565,152.17,429.93,353.73,system,NA,0.739,2.97,118.03,137.5,180.0,81.0,180.0
Human Dominant_1,R1,2026-08-10T09:43:04.572882Z,behavior_monitor,16,500,336,511,409,804,565,74.12,380.3,331.28,system,NA,0.837,2.97,121.46,53.02,0.0,76.24,180.0
Human Dominant_1,R1,2026-08-10T09:43:04.945045Z,shot_miss,16,503,394,474,409,775,565,33.05,321.07,339.25,human,NA,0.907,2.97,63.01,129.41,180.0,76.24,180.0
Human Dominant_1,R1,2026-08-10T09:43:05.081259Z,behavior_monitor,16,514,416,478,413,765,565,36.13,291.96,324.72,system,NA,0.89,2.97,63.01,134.52,23.48,76.24,180.0
Human Dominant_1,R1,2026-08-10T09:43:05.367372Z,shot_miss,16,510,463,510,434,743,565,29.04,253.8,266.87,human,NA,0.897,2.97,111.24,130.59,54.86,76.24,180.0
Human Dominant_1,R1,2026-08-10T09:43:05.586574Z,behavior_monitor,16,497,499,520,461,726,565,44.59,238.93,230.79,system,NA,0.843,2.97,111.24,129.41,90.0,76.24,180.0
Human Dominant_1,R1,2026-08-10T09:43:06.095432Z,behavior_monitor,16,474,583,502,527,688,573,62.95,214.62,191.35,system,NA,0.773,2.97,87.33,142.2,117.71,121.38,114.47
Human Dominant_1,R1,2026-08-10T09:43:06.603662Z,behavior_monitor,16,478,672,483,585,649,627,86.97,177.21,171.1,system,NA,0.671,2.97,87.33,0.0,33.09,130.47,125.75
Human Dominant_1,R1,2026-08-10T09:43:07.113783Z,behavior_monitor,16,490,758,490,541,610,681,217.35,143.28,184.5,system,NA,0.397,2.97,89.47,92.46,-46.92,130.47,125.75
Human Dominant_1,R1,2026-08-10T09:43:08.818091Z,human_signal,16,739,876,551,570,627,863,358.99,112.43,302.26,human,your_turn,0.238,2.97,13.57,121.59,148.71,130.47,54.25
Human Dominant_1,R1,2026-08-10T09:43:08.818781Z,behavior_monitor,16,739,876,551,570,627,863,358.99,112.43,302.26,system,NA,0.238,2.97,13.57,125.13,148.22,130.47,54.25
Human Dominant_1,R1,2026-08-10T09:43:08.819233Z,human_signal,16,742,877,549,571,627,863,360.94,115.08,301.62,human,your_turn,0.242,2.97,13.57,125.13,148.22,130.47,54.25
Human Dominant_1,R1,2026-08-10T09:43:09.322010Z,behavior_monitor,16,812,914,492,606,672,910,444.28,140.56,352.42,system,NA,0.24,2.97,18.62,136.42,148.35,118.18,42.11
Human Dominant_1,R1,2026-08-10T09:43:09.827138Z,behavior_monitor,16,900,939,497,618,717,910,515.35,185.37,365.12,system,NA,0.265,2.97,12.02,86.61,180.0,87.67,0.0
Human Dominant_1,R1,2026-08-10T09:43:10.080005Z,flight_missed,16,946,952,465,618,741,910,585.41,208.93,401.57,system,NA,0.263,2.97,38.24,89.29,180.0,87.67,0.0
Human Dominant_1,R1,2026-08-10T09:43:10.080950Z,flight_spawn,17,523,-20,465,618,741,910,641.06,955.37,401.57,system,NA,0.598,2.83,135.0,89.29,180.0,87.67,0.0
Human Dominant_1,R1,2026-08-10T09:43:11.023299Z,human_signal,17,432,104,447,557,699,850,453.27,792.93,386.64,human,i_can,0.636,2.83,118.53,135.81,-132.22,130.47,-125.75
Human Dominant_1,R1,2026-08-10T09:43:11.040462Z,behavior_monitor,17,432,104,447,557,697,849,453.27,790.8,384.43,system,NA,0.636,2.83,118.53,136.91,-132.84,130.47,-125.75
Human Dominant_1,R1,2026-08-10T09:43:11.545890Z,behavior_monitor,17,392,175,414,503,659,795,329.16,674.66,380.52,system,NA,0.672,2.83,142.77,132.32,-134.36,130.47,-125.75
Human Dominant_1,R1,2026-08-10T09:43:12.058237Z,behavior_monitor,17,338,235,371,465,620,740,232.62,578.25,370.87,system,NA,0.713,2.83,116.39,129.41,180.0,124.39,-113.09
Human Dominant_1,R1,2026-08-10T09:43:12.562004Z,behavior_monitor,17,285,298,307,454,581,687,158.24,488.84,359.2,system,NA,0.755,2.83,116.17,130.14,-159.88,130.47,-125.75
Human Dominant_1,R1,2026-08-10T09:43:13.071962Z,behavior_monitor,17,235,358,246,421,543,633,64.2,412.66,364.2,system,NA,0.865,2.83,163.61,135.95,-148.94,130.47,-125.75
Human Dominant_1,R1,2026-08-10T09:43:13.564272Z,shot_hit,17,181,410,189,389,505,581,22.77,366.61,369.82,human,NA,0.942,2.83,110.75,129.41,180.0,130.47,-125.75
Human Dominant_1,R1,2026-08-10T09:43:13.565065Z,flight_spawn,18,753,-20,189,389,505,581,697.54,650.16,369.82,system,NA,0.482,3.41,54.1,129.41,180.0,130.47,-125.75
Human Dominant_1,R1,2026-08-10T09:43:14.242751Z,human_signal,18,833,90,198,459,536,566,734.05,561.12,353.67,human,your_turn,0.433,3.41,25.45,136.71,26.69,76.24,0.0
Human Dominant_1,R1,2026-08-10T09:43:14.243361Z,behavior_monitor,18,833,90,198,459,536,566,734.05,561.12,353.67,system,NA,0.433,3.41,25.45,137.06,26.5,76.24,0.0
Human Dominant_1,R1,2026-08-10T09:43:14.243854Z,human_signal,18,835,91,201,460,536,566,734.19,561.2,351.36,human,your_turn,0.433,3.41,25.45,137.06,26.5,76.24,0.0
Human Dominant_1,R1,2026-08-10T09:43:14.748654Z,behavior_monitor,18,908,162,254,502,580,566,736.6,520.03,331.79,system,NA,0.414,3.41,50.96,133.92,61.01,87.67,0.0
Human Dominant_1,R1,2026-08-10T09:43:15.256748Z,behavior_monitor,18,944,256,256,505,624,566,731.43,445.36,372.78,system,NA,0.378,3.41,51.16,0.0,56.91,93.15,0.0
Human Dominant_1,R1,2026-08-10T09:43:15.764169Z,behavior_monitor,18,1032,305,272,536,668,565,793.96,447.03,397.11,system,NA,0.36,3.41,3.31,138.62,51.21,87.67,0.0
Human Dominant_1,R1,2026-08-10T09:43:16.272123Z,behavior_monitor,18,1129,311,291,509,712,565,860.98,488.33,424.66,system,NA,0.362,3.41,25.14,97.95,-90.0,87.67,0.0
Human Dominant_1,R1,2026-08-10T09:43:16.782843Z,behavior_monitor,18,1223,355,305,472,757,565,926.23,511.75,461.92,system,NA,0.356,3.41,25.14,87.86,0.0,87.67,0.0
Human Dominant_1,R1,2026-08-10T09:43:17.288749Z,behavior_monitor,18,1319,398,363,501,802,565,961.39,543.65,443.12,system,NA,0.361,3.41,25.14,139.28,46.04,87.67,0.0
Human Dominant_1,R1,2026-08-10T09:43:17.797954Z,behavior_monitor,18,1421,401,391,529,846,565,1037.97,597.21,457.09,system,NA,0.365,3.41,1.02,0.0,0.0,87.67,0.0
Human Dominant_1,R1,2026-08-10T09:43:18.307422Z,behavior_monitor,18,1408,427,391,529,891,565,1021.95,534.64,501.55,system,NA,0.343,2.34,143.81,0.0,0.0,87.67,0.0
Human Dominant_1,R1,2026-08-10T09:43:18.813389Z,behavior_monitor,18,1343,456,391,529,936,565,954.72,421.34,546.04,system,NA,0.306,2.34,142.06,0.0,0.0,87.67,0.0
Human Dominant_1,R1,2026-08-10T09:43:20.762902Z,shot_miss,18,1148,633,391,529,1109,624,764.32,39.83,724.65,agent,NA,0.05,2.34,94.3,0.0,0.0,150.04,54.25
Human Dominant_1,R1,2026-08-10T09:43:20.983013Z,shot_hit,18,1135,660,391,529,1118,651,755.36,19.09,737.33,agent,NA,0.025,2.34,114.07,0.0,0.0,121.76,90.0
Human Dominant_1,R1,2026-08-10T09:43:20.984072Z,flight_spawn,19,516,-20,391,529,1118,651,563.82,901.83,737.33,system,NA,0.615,3.28,127.63,0.0,0.0,121.76,90.0
Human Dominant_1,R1,2026-08-10T09:43:22.066423Z,human_signal,19,470,168,412,479,1060,570,316.36,713.69,653.51,human,i_can,0.693,3.28,72.06,139.82,-38.67,130.47,-125.75
Human Dominant_1,R1,2026-08-10T09:43:22.082736Z,behavior_monitor,19,470,168,412,479,1058,568,316.36,711.61,651.97,system,NA,0.692,3.28,72.06,149.04,-38.15,138.63,-125.75
Human Dominant_1,R1,2026-08-10T09:43:22.592364Z,behavior_monitor,19,471,264,459,433,1020,567,169.59,626.74,576.51,system,NA,0.787,3.28,69.74,108.77,-50.21,107.71,165.6
Human Dominant_1,R1,2026-08-10T09:43:23.100444Z,behavior_monitor,19,462,356,471,427,981,565,70.68,559.96,529.15,system,NA,0.888,3.28,114.55,0.0,-135.17,81.0,180.0
Human Dominant_1,R1,2026-08-10T09:43:23.456770Z,shot_hit,19,431,419,451,427,954,565,21.2,543.01,521.9,human,NA,0.962,3.28,114.55,129.41,180.0,89.93,178.54
Human Dominant_1,R1,2026-08-10T09:43:23.457659Z,flight_spawn,20,506,-20,451,427,954,565,450.5,736.97,521.9,system,NA,0.621,2.83,45.0,129.41,180.0,89.93,178.54
Human Dominant_1,R1,2026-08-10T09:43:24.762954Z,human_signal,20,668,95,503,469,879,565,408.83,515.6,388.31,human,your_turn,0.558,2.83,15.48,129.41,0.0,76.24,180.0
Human Dominant_1,R1,2026-08-10T09:43:24.763670Z,behavior_monitor,20,668,95,503,469,879,565,408.83,515.6,388.31,system,NA,0.558,2.83,15.48,129.41,0.0,76.24,180.0
Human Dominant_1,R1,2026-08-10T09:43:24.764179Z,human_signal,20,670,96,505,469,879,565,408.09,514.06,386.18,human,your_turn,0.557,2.83,15.48,129.41,0.0,76.24,180.0
Human Dominant_1,R1,2026-08-10T09:43:25.269158Z,behavior_monitor,20,747,126,483,467,835,566,431.31,448.62,366.19,system,NA,0.51,2.83,16.37,105.92,-126.75,87.67,180.0
Human Dominant_1,R1,2026-08-10T09:43:25.776422Z,behavior_monitor,20,775,191,482,473,791,566,406.8,374.91,321.91,system,NA,0.48,2.83,125.78,127.02,119.3,93.15,180.0
Human Dominant_1,R1,2026-08-10T09:43:25.979880Z,human_signal,20,753,219,473,499,772,565,396.55,347.22,307.04,human,your_turn,0.467,2.83,125.78,137.2,109.41,104.15,-167.97
Human Dominant_1,R1,2026-08-10T09:43:25.980530Z,human_signal,20,752,221,471,501,772,565,396.42,344.99,308.14,human,your_turn,0.465,2.83,125.78,135.0,113.44,87.67,180.0
Human Dominant_1,R1,2026-08-10T09:43:26.284189Z,behavior_monitor,20,727,260,446,527,745,566,387.43,306.17,301.78,system,NA,0.441,2.83,125.78,130.2,156.08,87.67,180.0
Human Dominant_1,R1,2026-08-10T09:43:26.622630Z,human_signal,20,693,305,405,522,715,566,360.46,261.39,313.15,human,your_turn,0.42,2.83,145.9,131.84,-157.69,87.67,180.0
Human Dominant_1,R1,2026-08-10T09:43:26.623575Z,human_signal,20,691,307,403,521,715,566,358.93,259.99,315.32,human,your_turn,0.42,2.83,145.9,134.11,-154.74,87.67,180.0
Human Dominant_1,R1,2026-08-10T09:43:26.790667Z,behavior_monitor,20,673,325,385,512,700,566,343.95,242.16,319.9,system,NA,0.413,2.83,117.1,134.88,-157.15,87.67,180.0
Human Dominant_1,R1,2026-08-10T09:43:27.295310Z,behavior_monitor,20,661,407,333,489,656,565,337.87,158.0,331.86,system,NA,0.319,2.83,94.1,78.55,-133.15,87.67,180.0
Human Dominant_1,R1,2026-08-10T09:43:27.801500Z,behavior_monitor,20,677,489,292,447,654,565,387.19,79.21,380.8,system,NA,0.17,2.83,61.22,97.02,-122.7,87.67,0.0
Human Dominant_1,R1,2026-08-10T09:43:28.157433Z,shot_hit,20,706,544,291,445,682,566,426.8,32.04,409.69,agent,NA,0.07,2.83,61.22,0.0,-138.56,71.74,17.73
Human Dominant_1,R2,2026-08-10T09:43:38.178733Z,flight_spawn,1,811,-20,291,445,682,566,698.37,600.15,409.69,system,NA,0.462,2.83,135.0,0.0,-138.56,0.0,0.0
Human Dominant_1,R2,2026-08-10T09:43:42.352008Z,human_signal,1,681,120,1087,619,426,671,642.9,606.35,663.11,human,your_turn,0.485,2.83,156.54,84.83,-90.0,130.47,-54.25
Human Dominant_1,R2,2026-08-10T09:43:42.352673Z,behavior_monitor,1,681,120,1087,619,426,671,642.9,606.35,663.11,system,NA,0.485,2.83,156.54,92.56,-90.0,138.63,-54.25
Human Dominant_1,R2,2026-08-10T09:43:42.353182Z,human_signal,1,678,122,1086,617,426,671,642.19,604.1,662.39,human,your_turn,0.485,2.83,156.54,92.56,-90.0,138.63,-54.25
Human Dominant_1,R2,2026-08-10T09:43:42.858121Z,behavior_monitor,1,602,140,1071,558,470,608,628.21,486.27,602.68,system,NA,0.436,2.83,177.83,126.48,-90.0,150.04,-54.25
Human Dominant_1,R2,2026-08-10T09:43:43.298556Z,human_signal,1,527,147,1073,543,506,565,674.82,418.57,567.68,human,your_turn,0.383,2.83,157.97,0.0,0.0,0.0,0.0
Human Dominant_1,R2,2026-08-10T09:43:43.299269Z,human_signal,1,524,148,1073,543,506,565,676.66,417.37,567.68,human,your_turn,0.381,2.83,157.97,0.0,0.0,0.0,0.0
Human Dominant_1,R2,2026-08-10T09:43:43.366427Z,behavior_monitor,1,517,151,1073,543,502,564,680.84,413.67,572.17,system,NA,0.378,2.83,157.97,0.0,0.0,93.32,-165.23
Human Dominant_1,R2,2026-08-10T09:43:43.875714Z,behavior_monitor,1,468,214,1073,543,456,564,688.81,349.82,617.54,system,NA,0.337,2.83,77.52,0.0,0.0,87.67,180.0
Human Dominant_1,R2,2026-08-10T09:43:44.382968Z,behavior_monitor,1,440,291,1077,543,426,564,684.77,272.64,650.6,system,NA,0.285,2.83,125.5,0.0,0.0,87.67,180.0
Human Dominant_1,R2,2026-08-10T09:43:44.888655Z,behavior_monitor,1,411,366,1077,543,393,564,689.15,198.27,683.85,system,NA,0.223,2.83,73.93,0.0,0.0,87.67,180.0
Human Dominant_1,R2,2026-08-10T09:43:45.396503Z,behavior_monitor,1,452,437,1077,543,423,564,633.44,130.85,654.55,system,NA,0.171,2.83,45.47,0.0,0.0,87.67,0.0
Human Dominant_1,R2,2026-08-10T09:43:45.906191Z,behavior_monitor,1,511,496,1077,546,467,564,568.22,80.92,609.78,system,NA,0.125,2.83,47.78,45.73,90.0,87.67,0.0
Human Dominant_1,R2,2026-08-10T09:43:46.413682Z,behavior_monitor,1,565,559,1072,578,512,564,507.74,52.8,560.06,system,NA,0.094,2.83,47.78,54.32,137.31,87.67,0.0
Human Dominant_1,R2,2026-08-10T09:43:46.430608Z,shot_miss,1,569,563,1071,580,515,564,501.83,54.01,555.77,agent,NA,0.097,2.83,47.78,54.32,137.31,87.67,0.0
Human Dominant_1,R2,2026-08-10T09:43:46.922443Z,behavior_monitor,1,612,629,1069,604,557,616,458.25,56.13,512.16,system,NA,0.109,2.83,76.55,78.89,90.0,150.04,54.25
Human Dominant_1,R2,2026-08-10T09:43:46.989636Z,shot_miss,1,614,643,1069,607,564,626,456.15,53.33,505.64,agent,NA,0.105,2.83,76.55,42.49,90.0,125.57,57.7
Human Dominant_1,R2,2026-08-10T09:43:47.193475Z,shot_miss,1,621,676,1069,609,582,651,453.33,46.55,489.25,agent,NA,0.093,2.83,76.55,0.0,90.0,150.04,54.25
Human Dominant_1,R2,2026-08-10T09:43:47.431385Z,behavior_monitor,1,627,712,1069,609,601,678,453.77,43.0,473.15,system,NA,0.087,2.83,97.28,0.0,90.0,150.04,54.25
Human Dominant_1,R2,2026-08-10T09:43:47.465446Z,shot_miss,1,626,720,1069,609,604,684,456.58,42.64,471.15,agent,NA,0.085,2.83,97.28,0.0,90.0,150.04,54.25
Human Dominant_1,R2,2026-08-10T09:43:47.935824Z,behavior_monitor,1,606,792,1069,609,589,740,498.66,54.87,498.02,system,NA,0.099,2.83,123.81,0.0,90.0,150.04,125.75
Human Dominant_1,R2,2026-08-10T09:43:49.069970Z,flight_missed,1,653,952,1063,540,615,880,581.61,81.99,562.14,system,NA,0.124,2.83,47.26,137.55,-19.81,150.04,54.25
Human Dominant_1,R2,2026-08-10T09:43:49.071695Z,flight_spawn,2,1269,-20,1063,540,615,880,597.36,1113.08,562.14,system,NA,0.651,3.07,49.39,137.55,-19.81,150.04,54.25
Human Dominant_1,R2,2026-08-10T09:43:49.981657Z,human_signal,2,1413,65,1160,496,646,837,500.29,1088.77,616.79,human,i_can,0.685,3.07,31.1,129.41,0.0,130.47,-54.25
Human Dominant_1,R2,2026-08-10T09:43:49.997184Z,behavior_monitor,2,1413,65,1160,496,647,835,500.29,1086.58,614.71,system,NA,0.685,3.07,31.1,137.5,0.0,138.63,-54.25
Human Dominant_1,R2,2026-08-10T09:43:50.504890Z,behavior_monitor,2,1439,137,1226,496,686,781,417.8,991.28,610.65,system,NA,0.703,2.69,114.31,129.41,0.0,130.47,-54.25
Human Dominant_1,R2,2026-08-10T09:43:51.013826Z,behavior_monitor,2,1406,208,1262,473,725,728,301.4,856.27,594.21,system,NA,0.74,2.69,131.23,36.18,0.0,130.47,-54.25
Human Dominant_1,R2,2026-08-10T09:43:51.521255Z,behavior_monitor,2,1335,235,1271,448,764,673,222.55,719.92,554.99,system,NA,0.764,2.69,174.07,136.93,-123.01,130.47,-54.25
Human Dominant_1,R2,2026-08-10T09:43:52.027920Z,behavior_monitor,2,1255,246,1230,390,802,619,146.79,586.58,484.64,system,NA,0.8,2.69,148.86,146.36,-129.06,138.63,-54.25
Human Dominant_1,R2,2026-08-10T09:43:52.197920Z,human_signal,2,1226,250,1211,374,815,601,124.81,540.43,455.76,human,i_can,0.812,2.69,153.77,135.18,-147.39,130.47,-54.25
Human Dominant_1,R2,2026-08-10T09:43:52.534727Z,behavior_monitor,2,1188,281,1169,367,842,565,87.38,447.81,383.07,system,NA,0.837,2.69,153.74,129.41,180.0,130.47,-54.25
Human Dominant_1,R2,2026-08-10T09:43:53.039933Z,behavior_monitor,2,1122,327,1103,365,846,565,42.91,365.41,326.32,system,NA,0.895,2.69,130.3,141.76,-165.91,81.0,0.0
Human Dominant_1,R2,2026-08-10T09:43:53.226303Z,shot_hit,2,1101,344,1080,357,860,565,24.02,326.71,303.16,human,NA,0.932,2.69,152.28,136.07,-154.97,76.24,0.0
Human Dominant_1,R2,2026-08-10T09:43:53.227101Z,flight_spawn,3,188,-20,1080,357,860,565,968.63,891.12,303.16,system,NA,0.479,2.83,45.0,136.07,-154.97,76.24,0.0
Human Dominant_1,R2,2026-08-10T09:43:53.766099Z,human_signal,3,256,38,1130,407,848,565,948.67,792.98,323.03,human,your_turn,0.455,2.83,21.27,141.15,41.27,76.24,180.0
Human Dominant_1,R2,2026-08-10T09:43:53.766794Z,behavior_monitor,3,256,38,1130,407,848,565,948.67,792.98,323.03,system,NA,0.455,2.83,21.27,141.15,41.27,76.24,180.0
Human Dominant_1,R2,2026-08-10T09:43:53.767329Z,human_signal,3,258,39,1131,408,848,565,948.76,790.9,323.72,human,your_turn,0.455,2.83,21.27,141.15,41.27,76.24,180.0
Human Dominant_1,R2,2026-08-10T09:43:54.270532Z,behavior_monitor,3,319,90,1166,466,803,565,926.62,678.24,376.15,system,NA,0.423,2.83,50.0,134.62,74.01,87.67,180.0
Human Dominant_1,R2,2026-08-10T09:43:54.778603Z,behavior_monitor,3,356,164,1130,488,759,565,839.79,568.38,379.63,system,NA,0.404,2.83,79.46,129.41,180.0,87.67,180.0
Human Dominant_1,R2,2026-08-10T09:43:55.287084Z,behavior_monitor,3,390,239,1104,525,714,565,769.77,459.65,392.98,system,NA,0.374,2.83,55.8,113.49,90.0,87.67,180.0
Human Dominant_1,R2,2026-08-10T09:43:55.790247Z,behavior_monitor,3,459,281,1096,527,669,566,682.68,353.61,429.05,system,NA,0.341,2.83,33.2,129.41,180.0,102.57,163.91
Human Dominant_1,R2,2026-08-10T09:43:56.298527Z,behavior_monitor,3,536,305,1060,527,624,566,569.07,274.58,438.28,system,NA,0.325,2.83,1.55,0.0,180.0,87.67,180.0
Human Dominant_1,R2,2026-08-10T09:43:56.804026Z,behavior_monitor,3,607,345,1060,527,584,565,487.87,220.85,478.16,system,NA,0.312,2.83,48.37,0.0,180.0,0.0,-34.48
Human Dominant_1,R2,2026-08-10T09:43:57.307388Z,behavior_monitor,3,667,409,1050,552,628,565,408.78,161.01,421.45,system,NA,0.283,2.83,48.37,137.3,44.93,87.67,0.0
Human Dominant_1,R2,2026-08-10T09:43:57.813729Z,behavior_monitor,3,737,447,1111,570,673,565,394.24,133.8,438.23,system,NA,0.253,2.83,2.63,129.41,0.0,87.67,0.0
Human Dominant_1,R2,2026-08-10T09:43:58.319816Z,behavior_monitor,3,821,466,1149,600,718,565,354.6,142.12,432.42,system,NA,0.286,2.83,17.28,134.26,105.45,87.67,0.0
Human Dominant_1,R2,2026-08-10T09:43:59.663014Z,shot_miss,3,873,663,1154,736,839,633,290.35,45.81,332.04,agent,NA,0.136,2.83,93.33,133.78,32.46,150.04,54.25
Human Dominant_1,R2,2026-08-10T09:43:59.916476Z,shot_miss,3,869,705,1150,708,848,664,280.64,46.66,305.66,agent,NA,0.143,2.83,93.33,129.41,-90.0,121.76,90.0
Human Dominant_1,R2,2026-08-10T09:44:00.121185Z,shot_miss,3,861,738,1150,682,845,689,294.28,51.67,305.49,agent,NA,0.149,2.83,113.62,129.41,-90.0,150.04,125.75
Human Dominant_1,R2,2026-08-10T09:44:01.169136Z,human_signal,3,823,904,1121,550,805,816,462.62,89.92,412.43,human,your_turn,0.163,2.83,71.5,129.41,-90.0,121.76,90.0
Human Dominant_1,R2,2026-08-10T09:44:01.170220Z,behavior_monitor,3,823,904,1121,550,805,816,462.62,89.92,412.43,system,NA,0.163,2.83,71.5,129.41,-90.0,150.04,125.75
Human Dominant_1,R2,2026-08-10T09:44:01.170665Z,human_signal,3,823,907,1120,548,805,816,465.65,92.66,413.42,human,your_turn,0.166,2.83,71.5,129.41,-90.0,150.04,125.75
Human Dominant_1,R2,2026-08-10T09:44:01.457907Z,flight_missed,3,839,952,1106,512,816,853,514.86,102.26,447.3,system,NA,0.166,2.83,71.5,138.5,-117.71,150.04,54.25
Human Dominant_1,R2,2026-08-10T09:44:01.458626Z,flight_spawn,4,1138,-20,1106,512,816,853,532.99,930.41,447.3,system,NA,0.636,2.83,135.0,138.5,-117.71,150.04,54.25
Human Dominant_1,R2,2026-08-10T09:44:02.202071Z,human_signal,4,1053,68,1043,443,842,817,375.79,778.31,423.79,human,i_can,0.674,2.83,135.0,135.52,-150.18,130.47,-54.25
Human Dominant_1,R2,2026-08-10T09:44:02.219262Z,behavior_monitor,4,1053,68,1043,443,844,815,375.79,776.22,421.59,system,NA,0.674,2.83,135.0,135.78,-150.47,130.47,-54.25
Human Dominant_1,R2,2026-08-10T09:44:02.730841Z,behavior_monitor,4,995,128,979,425,883,761,297.08,643.07,350.07,system,NA,0.684,2.83,114.42,129.41,180.0,130.47,-54.25
Human Dominant_1,R2,2026-08-10T09:44:03.237385Z,behavior_monitor,4,960,205,937,402,922,707,197.85,503.36,305.8,system,NA,0.718,2.83,114.42,67.41,-47.24,130.47,-54.25
Human Dominant_1,R2,2026-08-10T09:44:03.746189Z,behavior_monitor,4,912,273,934,389,908,653,117.5,379.99,265.74,system,NA,0.764,2.83,137.32,69.4,180.0,130.47,-125.75
Human Dominant_1,R2,2026-08-10T09:44:04.251930Z,behavior_monitor,4,851,331,868,389,869,599,60.51,269.03,210.45,system,NA,0.816,2.83,160.95,129.41,180.0,130.47,-125.75
Human Dominant_1,R2,2026-08-10T09:44:04.757038Z,behavior_monitor,4,777,374,802,374,830,566,25.85,199.3,193.31,system,NA,0.885,2.83,138.99,137.5,180.0,81.0,180.0
Human Dominant_1,R2,2026-08-10T09:44:04.773728Z,shot_hit,4,774,375,800,374,829,566,25.95,197.78,193.44,human,NA,0.884,2.83,138.99,137.5,180.0,81.0,180.0
Human Dominant_1,R2,2026-08-10T09:44:04.774239Z,flight_spawn,5,1180,-20,800,374,829,566,547.49,683.15,193.44,system,NA,0.555,2.9,46.44,137.5,180.0,81.0,180.0
Human Dominant_1,R2,2026-08-10T09:44:05.669438Z,human_signal,5,1209,125,839,367,875,565,442.88,552.62,201.1,human,your_turn,0.555,2.9,69.41,101.61,-123.88,76.24,0.0
Human Dominant_1,R2,2026-08-10T09:44:05.670845Z,behavior_monitor,5,1209,125,839,367,875,565,442.88,552.62,201.1,system,NA,0.555,2.9,69.41,135.7,-140.6,76.24,0.0
Human Dominant_1,R2,2026-08-10T09:44:05.671991Z,human_signal,5,1211,128,837,367,875,565,443.59,551.17,202.24,human,your_turn,0.554,2.9,69.41,135.7,-140.6,76.24,0.0
Human Dominant_1,R2,2026-08-10T09:44:05.905652Z,human_signal,5,1225,163,808,365,896,565,462.49,518.41,218.16,human,your_turn,0.529,2.9,92.62,129.41,180.0,87.67,0.0
Human Dominant_1,R2,2026-08-10T09:44:05.906473Z,human_signal,5,1224,166,806,365,896,565,462.84,515.9,219.06,human,your_turn,0.527,2.9,92.62,129.41,180.0,87.67,0.0
Human Dominant_1,R2,2026-08-10T09:44:06.109004Z,human_signal,5,1221,198,782,370,914,565,471.25,478.16,235.62,human,your_turn,0.504,2.9,114.13,135.39,162.91,87.67,0.0
Human Dominant_1,R2,2026-08-10T09:44:06.109691Z,human_signal,5,1219,201,780,370,914,565,470.8,474.9,236.29,human,your_turn,0.502,2.9,114.13,135.54,162.7,87.67,0.0
Human Dominant_1,R2,2026-08-10T09:44:06.177239Z,behavior_monitor,5,1216,209,773,373,920,565,472.44,463.26,241.89,system,NA,0.495,2.9,114.13,137.03,160.81,87.67,0.0
Human Dominant_1,R2,2026-08-10T09:44:06.684919Z,behavior_monitor,5,1183,285,718,414,965,565,482.44,355.06,289.14,system,NA,0.424,2.9,96.6,145.44,131.38,93.15,0.0
Human Dominant_1,R2,2026-08-10T09:44:07.192511Z,behavior_monitor,5,1162,368,672,466,1009,565,499.74,249.34,350.99,system,NA,0.333,2.9,100.77,136.65,129.03,70.33,-23.82
Human Dominant_1,R2,2026-08-10T09:44:07.701085Z,behavior_monitor,5,1194,448,653,522,1054,565,545.61,182.44,402.79,system,NA,0.251,2.9,57.07,121.05,90.0,87.67,0.0
Human Dominant_1,R2,2026-08-10T09:44:08.209435Z,behavior_monitor,5,1258,502,654,528,1099,565,604.34,170.96,446.2,system,NA,0.221,2.9,35.79,0.0,90.0,87.67,0.0
Human Dominant_1,R2,2026-08-10T09:44:08.716663Z,behavior_monitor,5,1334,549,654,528,1143,564,679.94,191.09,490.5,system,NA,0.219,2.9,31.15,0.0,90.0,87.67,0.0
Human Dominant_1,R2,2026-08-10T09:44:09.225824Z,behavior_monitor,5,1414,575,654,528,1188,570,761.51,226.41,535.38,system,NA,0.229,2.9,4.52,0.0,90.0,87.67,0.0
Human Dominant_1,R2,2026-08-10T09:44:09.733924Z,behavior_monitor,5,1418,582,654,528,1232,576,766.34,186.26,580.28,system,NA,0.196,1.75,167.14,0.0,90.0,87.67,0.0
Human Dominant_1,R2,2026-08-10T09:44:10.243866Z,behavior_monitor,5,1365,597,654,528,1277,591,714.76,88.84,625.99,system,NA,0.111,1.75,139.18,0.0,90.0,87.67,0.0
Human Dominant_1,R2,2026-08-10T09:44:10.749970Z,behavior_monitor,5,1330,631,654,528,1313,626,683.81,17.59,666.44,system,NA,0.025,1.75,139.18,0.0,90.0,0.0,90.0
Human Dominant_1,R2,2026-08-10T09:44:10.767573Z,shot_hit,5,1328,633,654,528,1312,628,682.06,17.06,665.27,agent,NA,0.024,1.75,139.18,0.0,90.0,150.04,125.75
Human Dominant_1,R2,2026-08-10T09:44:10.768151Z,flight_spawn,6,295,-20,654,528,1312,628,655.44,1205.55,665.27,system,NA,0.648,3.44,125.51,0.0,90.0,150.04,125.75
Human Dominant_1,R2,2026-08-10T09:44:11.799603Z,human_signal,6,102,51,563,520,1260,566,658.41,1267.86,698.32,human,i_can,0.658,3.44,174.76,129.41,180.0,76.24,180.0
Human Dominant_1,R2,2026-08-10T09:44:11.816201Z,behavior_monitor,6,102,51,563,520,1259,566,658.41,1266.67,697.02,system,NA,0.658,3.44,174.76,133.61,-165.6,76.24,180.0
Human Dominant_1,R2,2026-08-10T09:44:12.324868Z,behavior_monitor,6,28,68,502,489,1220,566,633.15,1291.16,722.16,system,NA,0.671,2.46,42.56,134.95,-155.22,76.24,180.0
Human Dominant_1,R2,2026-08-10T09:44:12.832183Z,behavior_monitor,6,75,121,439,461,1181,566,497.54,1191.54,749.41,system,NA,0.705,2.46,37.86,135.85,-159.07,76.24,180.0
Human Dominant_1,R2,2026-08-10T09:44:13.339866Z,behavior_monitor,6,126,171,373,442,1141,566,366.54,1089.79,778.75,system,NA,0.748,2.46,32.86,134.67,-163.93,76.24,180.0
Human Dominant_1,R2,2026-08-10T09:44:13.848180Z,behavior_monitor,6,178,218,307,423,1103,566,241.63,987.82,808.67,system,NA,0.803,2.46,61.24,134.62,-164.01,76.24,180.0
Human Dominant_1,R2,2026-08-10T09:44:14.352421Z,behavior_monitor,6,210,283,266,414,1063,566,143.4,899.06,810.87,system,NA,0.862,2.46,88.55,41.01,180.0,81.0,180.0
Human Dominant_1,R2,2026-08-10T09:44:14.861421Z,behavior_monitor,6,231,351,249,412,1024,566,63.74,822.01,790.38,system,NA,0.928,2.46,91.48,97.34,-153.56,76.24,180.0
Human Dominant_1,R2,2026-08-10T09:44:15.047631Z,shot_hit,6,235,378,236,402,1010,566,24.33,797.79,790.67,human,NA,0.97,2.46,91.5,73.81,-129.33,76.24,180.0
Human Dominant_1,R2,2026-08-10T09:44:15.048316Z,flight_spawn,7,563,-20,236,402,1010,566,534.39,737.66,790.67,system,NA,0.58,2.83,135.0,73.81,-129.33,76.24,180.0
Human Dominant_1,R2,2026-08-10T09:44:15.928154Z,human_signal,7,475,94,295,450,972,566,399.76,685.89,686.75,human,i_can,0.632,2.83,109.23,135.68,24.66,101.71,171.35
Human Dominant_1,R2,2026-08-10T09:44:15.945523Z,behavior_monitor,7,475,94,295,450,971,566,399.76,684.95,685.47,system,NA,0.631,2.83,109.23,136.03,24.85,76.24,180.0
Human Dominant_1,R2,2026-08-10T09:44:16.454841Z,behavior_monitor,7,399,133,343,449,968,566,320.47,715.06,635.93,system,NA,0.691,2.83,179.55,63.68,-90.0,76.24,180.0
Human Dominant_1,R2,2026-08-10T09:44:16.961216Z,behavior_monitor,7,310,134,291,421,930,566,287.63,755.31,655.03,system,NA,0.724,2.83,179.55,145.18,-161.28,81.0,180.0
Human Dominant_1,R2,2026-08-10T09:44:17.470011Z,behavior_monitor,7,251,189,228,419,891,566,231.64,743.42,679.43,system,NA,0.762,2.83,110.12,127.58,180.0,76.24,180.0
Human Dominant_1,R2,2026-08-10T09:44:17.975317Z,behavior_monitor,7,193,238,205,422,853,566,184.36,736.56,663.76,system,NA,0.8,2.83,165.83,101.71,180.0,76.24,180.0
Human Dominant_1,R2,2026-08-10T09:44:18.483501Z,behavior_monitor,7,109,260,156,424,831,566,170.82,784.16,689.82,system,NA,0.821,2.83,166.85,83.77,152.85,76.24,180.0
Human Dominant_1,R2,2026-08-10T09:44:18.989792Z,behavior_monitor,7,45,310,128,441,792,565,155.13,789.63,675.93,system,NA,0.836,2.83,137.11,60.88,180.0,76.24,180.0
Human Dominant_1,R2,2026-08-10T09:44:19.500458Z,behavior_monitor,7,44,368,112,448,754,565,105.61,736.81,651.92,system,NA,0.875,2.29,84.1,0.0,90.0,76.24,180.0
Human Dominant_1,R2,2026-08-10T09:44:20.009121Z,behavior_monitor,7,58,434,85,448,715,565,31.17,670.21,640.29,system,NA,0.956,2.29,56.07,129.41,180.0,76.24,180.0
Human Dominant_1,R2,2026-08-10T09:44:20.111357Z,shot_hit,7,65,445,72,448,707,565,8.05,653.54,645.62,human,NA,0.988,2.29,56.07,129.41,180.0,76.24,180.0
Human Dominant_1,R2,2026-08-10T09:44:20.112304Z,flight_spawn,8,1107,-20,72,448,707,565,1135.7,709.19,645.62,system,NA,0.384,2.83,45.0,129.41,180.0,76.24,180.0
Human Dominant_1,R2,2026-08-10T09:44:20.651954Z,human_signal,8,1176,37,103,476,714,565,1159.26,702.12,616.85,human,your_turn,0.377,2.83,77.15,134.48,15.79,76.24,0.0
Human Dominant_1,R2,2026-08-10T09:44:20.653135Z,behavior_monitor,8,1176,37,103,476,714,565,1159.26,702.12,616.85,system,NA,0.377,2.83,77.15,134.48,15.79,76.24,0.0
Human Dominant_1,R2,2026-08-10T09:44:20.653574Z,human_signal,8,1176,40,105,477,714,565,1156.53,700.13,614.58,human,your_turn,0.377,2.83,77.15,134.48,15.79,76.24,0.0
Human Dominant_1,R2,2026-08-10T09:44:20.890032Z,human_signal,8,1174,76,134,485,734,565,1117.21,657.6,605.81,human,your_turn,0.371,2.83,99.98,134.38,15.63,87.67,0.0
Human Dominant_1,R2,2026-08-10T09:44:20.891068Z,human_signal,8,1173,79,136,486,734,565,1114.3,655.49,603.55,human,your_turn,0.37,2.83,99.98,134.38,15.63,87.67,0.0
Human Dominant_1,R2,2026-08-10T09:44:21.163145Z,behavior_monitor,8,1165,120,169,495,758,565,1064.01,602.9,593.31,system,NA,0.362,2.83,99.98,134.25,15.44,87.67,0.0
Human Dominant_1,R2,2026-08-10T09:44:21.669982Z,behavior_monitor,8,1104,167,235,497,804,564,929.47,498.26,572.69,system,NA,0.349,2.83,164.39,129.41,0.0,87.67,0.0
Human Dominant_1,R2,2026-08-10T09:44:22.176914Z,behavior_monitor,8,1020,185,301,497,849,564,783.19,415.79,552.04,system,NA,0.347,2.83,153.31,129.41,0.0,87.67,0.0
Human Dominant_1,R2,2026-08-10T09:44:22.685092Z,behavior_monitor,8,939,208,364,527,894,563,658.37,358.59,531.52,system,NA,0.353,2.83,154.44,138.37,34.27,87.67,0.0
Human Dominant_1,R2,2026-08-10T09:44:23.190791Z,behavior_monitor,8,860,234,362,531,870,563,580.51,329.85,509.07,system,NA,0.362,2.83,175.14,133.61,-153.53,87.67,180.0
Human Dominant_1,R2,2026-08-10T09:44:23.699786Z,behavior_monitor,8,779,241,300,500,825,563,544.64,325.73,528.94,system,NA,0.374,2.83,175.14,138.87,-151.9,87.67,180.0
Human Dominant_1,R2,2026-08-10T09:44:24.206424Z,behavior_monitor,8,699,264,249,464,781,563,492.68,309.88,540.49,system,NA,0.386,2.83,167.53,84.16,-90.0,87.67,180.0
Human Dominant_1,R2,2026-08-10T09:44:24.716627Z,behavior_monitor,8,626,305,258,439,736,563,391.23,280.53,493.59,system,NA,0.418,2.83,119.82,133.84,14.79,87.67,180.0
Human Dominant_1,R2,2026-08-10T09:44:24.920110Z,human_signal,8,606,337,282,457,718,563,344.99,252.64,448.4,human,i_can,0.423,2.83,119.82,137.7,51.61,87.67,180.0
Human Dominant_1,R2,2026-08-10T09:44:25.226636Z,behavior_monitor,8,581,378,300,492,695,563,302.77,216.93,400.77,system,NA,0.417,2.83,119.82,134.82,73.71,76.24,180.0
Human Dominant_1,R2,2026-08-10T09:44:25.734789Z,behavior_monitor,8,516,435,316,558,656,563,235.14,189.65,340.16,system,NA,0.446,2.83,142.21,138.22,69.43,76.24,180.0
Human Dominant_1,R2,2026-08-10T09:44:25.905543Z,human_signal,8,493,454,322,582,643,563,213.75,185.6,321.67,human,i_can,0.465,2.83,142.21,137.5,90.0,81.0,180.0
Human Dominant_1,R2,2026-08-10T09:44:26.243668Z,behavior_monitor,8,447,475,332,617,617,563,182.27,191.49,290.46,system,NA,0.512,2.83,170.7,0.0,90.0,72.0,180.0
Human Dominant_1,R2,2026-08-10T09:44:26.752214Z,behavior_monitor,8,371,521,318,617,578,563,109.57,211.73,266.06,system,NA,0.659,2.83,138.96,0.0,180.0,76.24,180.0
Human Dominant_1,R2,2026-08-10T09:44:27.256666Z,behavior_monitor,8,313,578,288,617,540,572,45.79,226.28,255.41,system,NA,0.832,2.83,116.63,84.14,180.0,141.72,119.62
Human Dominant_1,R2,2026-08-10T09:44:27.459622Z,shot_miss,8,304,610,265,610,524,593,39.47,220.51,259.84,human,NA,0.848,2.83,87.16,112.12,-146.17,138.63,125.75
Human Dominant_1,R2,2026-08-10T09:44:27.763437Z,behavior_monitor,8,305,661,287,637,501,626,29.59,199.17,213.53,system,NA,0.871,2.83,87.16,137.74,56.27,130.47,125.75
Human Dominant_1,R2,2026-08-10T09:44:28.152746Z,shot_miss,8,302,725,289,687,471,668,40.15,178.15,182.69,human,NA,0.816,2.83,110.83,129.41,90.0,130.47,125.75
Human Dominant_1,R2,2026-08-10T09:44:28.270200Z,behavior_monitor,8,293,744,280,698,462,680,47.68,180.12,182.5,system,NA,0.791,2.83,110.83,142.24,165.17,138.63,125.75
Human Dominant_1,R2,2026-08-10T09:44:28.776689Z,behavior_monitor,8,295,827,259,641,423,734,189.44,158.13,188.3,system,NA,0.455,2.83,82.67,129.41,-90.0,130.47,125.75
Human Dominant_1,R2,2026-08-10T09:44:29.281094Z,behavior_monitor,8,251,898,274,578,384,788,320.19,172.11,236.73,system,NA,0.35,2.83,128.97,138.59,-46.64,130.47,125.75
Human Dominant_1,R2,2026-08-10T09:44:29.689003Z,flight_missed,8,209,952,318,538,352,833,428.32,186.46,296.46,system,NA,0.303,2.83,128.97,140.04,-34.96,130.47,125.75
Human Dominant_1,R2,2026-08-10T09:44:29.689532Z,flight_spawn,9,201,-20,318,538,352,833,571.07,866.68,296.46,system,NA,0.603,3.05,48.99,140.04,-34.96,130.47,125.75
Human Dominant_1,R2,2026-08-10T09:44:29.942834Z,human_signal,9,229,12,346,521,352,833,523.0,830.27,311.49,human,your_turn,0.614,3.05,48.99,136.58,-23.54,0.0,125.75
Human Dominant_1,R2,2026-08-10T09:44:29.943341Z,behavior_monitor,9,229,12,346,521,352,833,523.0,830.27,311.49,system,NA,0.614,3.05,48.99,136.38,-21.96,0.0,125.75
Human Dominant_1,R2,2026-08-10T09:44:29.943622Z,human_signal,9,231,14,349,521,352,833,520.05,827.74,312.29,human,your_turn,0.614,3.05,48.99,136.38,-21.96,0.0,125.75
Human Dominant_1,R2,2026-08-10T09:44:30.452278Z,behavior_monitor,9,311,48,412,506,316,784,469.44,736.0,293.61,system,NA,0.611,3.05,21.72,129.41,0.0,150.04,-125.75
Human Dominant_1,R2,2026-08-10T09:44:30.958918Z,behavior_monitor,9,402,70,478,519,343,722,454.49,654.2,244.13,system,NA,0.59,3.05,6.24,136.25,19.29,150.04,-54.25
Human Dominant_1,R2,2026-08-10T09:44:31.264259Z,human_signal,9,454,82,517,509,370,685,431.29,608.22,229.7,human,your_turn,0.585,3.05,22.65,134.5,-15.82,150.04,-54.25
Human Dominant_1,R2,2026-08-10T09:44:31.264927Z,human_signal,9,456,83,520,508,370,685,429.58,607.36,231.56,human,your_turn,0.586,3.05,22.65,134.5,-15.82,150.04,-54.25
Human Dominant_1,R2,2026-08-10T09:44:31.467052Z,behavior_monitor,9,477,109,544,507,387,660,404.21,558.44,218.51,system,NA,0.58,3.05,80.15,129.41,0.0,150.04,-54.25
Human Dominant_1,R2,2026-08-10T09:44:31.972617Z,behavior_monitor,9,435,183,610,507,420,598,368.25,414.99,210.07,system,NA,0.53,3.05,130.99,129.41,0.0,150.04,-125.75
Human Dominant_1,R2,2026-08-10T09:44:32.479810Z,behavior_monitor,9,388,260,672,477,375,565,357.45,305.16,309.77,system,NA,0.461,3.05,101.89,141.57,-36.83,87.67,180.0
Human Dominant_1,R2,2026-08-10T09:44:32.982420Z,behavior_monitor,9,439,331,734,443,405,565,314.5,235.9,350.78,system,NA,0.429,3.05,47.32,135.57,-17.34,87.67,0.0
Human Dominant_1,R2,2026-08-10T09:44:33.492062Z,behavior_monitor,9,474,414,800,439,450,565,326.82,153.04,371.85,system,NA,0.319,3.05,91.61,129.41,0.0,87.67,0.0
Human Dominant_1,R2,2026-08-10T09:44:33.999604Z,behavior_monitor,9,484,499,865,455,468,565,383.5,67.57,412.4,system,NA,0.15,3.05,123.67,138.09,25.85,73.46,172.21
Human Dominant_1,R2,2026-08-10T09:44:34.302848Z,shot_hit,9,451,547,905,475,439,565,460.21,20.67,474.35,agent,NA,0.043,3.05,123.67,138.8,28.15,87.67,180.0
Human Dominant_1,R2,2026-08-10T09:44:34.303146Z,flight_spawn,10,257,-20,905,475,439,565,815.34,612.93,474.35,system,NA,0.429,2.83,135.0,138.8,28.15,87.67,180.0
Human Dominant_1,R2,2026-08-10T09:44:34.859607Z,human_signal,10,175,16,907,529,439,565,894.13,609.5,469.17,human,your_turn,0.405,2.83,156.1,134.47,164.23,0.0,180.0
Human Dominant_1,R2,2026-08-10T09:44:34.860279Z,behavior_monitor,10,175,16,907,529,439,565,894.13,609.5,469.17,system,NA,0.405,2.83,156.1,142.88,164.23,0.0,180.0
Human Dominant_1,R2,2026-08-10T09:44:34.860739Z,human_signal,10,173,17,905,529,439,565,893.23,609.29,466.97,human,your_turn,0.406,2.83,156.1,142.88,164.23,0.0,180.0
Human Dominant_1,R2,2026-08-10T09:44:35.367297Z,behavior_monitor,10,100,50,843,510,408,565,874.2,599.94,438.82,system,NA,0.407,2.83,156.1,141.09,-144.34,87.67,180.0
Human Dominant_1,R2,2026-08-10T09:44:35.875476Z,behavior_monitor,10,67,114,784,480,363,564,804.5,539.05,428.74,system,NA,0.401,2.83,81.07,107.31,180.0,87.67,180.0
Human Dominant_1,R2,2026-08-10T09:44:36.378303Z,behavior_monitor,10,83,197,762,519,319,564,751.42,436.83,445.64,system,NA,0.368,2.83,83.19,137.5,90.0,93.15,180.0
Human Dominant_1,R2,2026-08-10T09:44:36.886707Z,behavior_monitor,10,69,278,790,581,274,564,782.68,352.37,516.3,system,NA,0.31,2.83,110.12,138.25,54.9,87.67,180.0
Human Dominant_1,R2,2026-08-10T09:44:37.393798Z,behavior_monitor,10,27,352,799,631,230,564,820.66,293.41,572.92,system,NA,0.263,2.83,132.75,129.41,180.0,87.67,180.0
Human Dominant_1,R2,2026-08-10T09:44:37.902537Z,behavior_monitor,10,27,432,737,613,186,564,733.0,206.79,553.64,system,NA,0.22,2.74,84.25,138.88,-137.77,87.67,180.0
Human Dominant_1,R2,2026-08-10T09:44:38.406457Z,behavior_monitor,10,25,504,744,579,141,564,722.76,131.23,602.43,system,NA,0.154,2.12,59.13,103.8,-39.68,93.15,180.0
Human Dominant_1,R2,2026-08-10T09:44:38.911028Z,behavior_monitor,10,21,563,747,574,97,563,726.64,76.23,650.41,system,NA,0.095,2.01,107.19,0.0,-90.0,87.67,180.0
Human Dominant_1,R2,2026-08-10T09:44:39.414789Z,behavior_monitor,10,20,621,747,594,53,617,727.73,32.84,695.01,system,NA,0.043,1.92,89.7,129.41,90.0,150.04,125.75
Human Dominant_1,R2,2026-08-10T09:44:39.430874Z,shot_hit,10,21,625,747,598,50,619,727.04,29.52,697.91,agent,NA,0.039,1.92,89.7,137.5,90.0,93.15,180.0
Human Dominant_1,R2,2026-08-10T09:44:39.431220Z,flight_spawn,11,870,-20,747,598,50,619,631.04,1040.15,697.91,system,NA,0.622,2.83,45.0,137.5,90.0,93.15,180.0
Human Dominant_1,R2,2026-08-10T09:44:40.342365Z,human_signal,11,998,50,804,592,72,587,575.42,1069.69,731.47,human,i_can,0.65,2.83,72.32,139.33,-28.65,130.47,-54.25
Human Dominant_1,R2,2026-08-10T09:44:40.359134Z,behavior_monitor,11,998,50,804,592,74,585,575.42,1067.67,730.19,system,NA,0.65,2.83,72.32,139.33,-28.65,130.47,-54.25
Human Dominant_1,R2,2026-08-10T09:44:40.867578Z,behavior_monitor,11,1000,134,868,563,113,566,448.81,986.85,754.93,system,NA,0.687,2.83,93.25,136.04,-17.96,76.24,0.0
Human Dominant_1,R2,2026-08-10T09:44:41.373205Z,behavior_monitor,11,984,215,934,537,152,566,326.0,902.97,782.64,system,NA,0.735,2.83,118.73,139.48,-21.91,76.24,0.0
Human Dominant_1,R2,2026-08-10T09:44:41.879267Z,behavior_monitor,11,957,294,939,484,190,566,191.07,813.28,752.86,system,NA,0.81,2.83,97.66,137.46,-135.25,76.24,0.0
Human Dominant_1,R2,2026-08-10T09:44:42.388702Z,behavior_monitor,11,979,370,931,477,230,565,116.94,774.36,706.74,system,NA,0.869,2.83,100.84,38.25,0.0,76.24,0.0
Human Dominant_1,R2,2026-08-10T09:44:42.896408Z,behavior_monitor,11,932,441,953,477,269,564,41.71,674.34,689.59,system,NA,0.942,2.83,130.88,0.0,180.0,96.05,4.86
Human Dominant_1,R2,2026-08-10T09:44:43.150902Z,shot_hit,11,906,474,931,477,289,564,25.12,623.86,648.21,human,NA,0.961,2.83,105.41,129.41,180.0,76.24,0.0
Human Dominant_1,R2,2026-08-10T09:44:43.151834Z,flight_spawn,12,1150,-20,931,477,289,564,543.12,1040.85,648.21,system,NA,0.657,2.83,45.0,129.41,180.0,76.24,0.0
Human Dominant_1,R2,2026-08-10T09:44:43.965138Z,human_signal,12,1190,106,966,511,326,564,462.43,977.53,642.28,human,i_can,0.679,2.83,70.87,129.41,0.0,76.24,0.0
Human Dominant_1,R2,2026-08-10T09:44:43.981238Z,behavior_monitor,12,1190,106,966,511,327,564,462.43,976.38,640.99,system,NA,0.679,2.83,70.87,129.41,0.0,76.24,0.0
Human Dominant_1,R2,2026-08-10T09:44:44.486560Z,behavior_monitor,12,1227,179,1032,511,367,564,384.78,942.37,667.81,system,NA,0.71,2.83,41.06,129.41,0.0,76.24,0.0
Human Dominant_1,R2,2026-08-10T09:44:44.991917Z,behavior_monitor,12,1296,225,1098,532,405,564,364.47,952.58,693.57,system,NA,0.723,2.83,16.71,136.33,18.34,76.24,0.0
Human Dominant_1,R2,2026-08-10T09:44:45.501413Z,behavior_monitor,12,1379,238,1164,554,444,564,381.37,989.33,719.91,system,NA,0.722,2.83,5.84,136.33,18.34,76.24,0.0
Human Dominant_1,R2,2026-08-10T09:44:46.010676Z,behavior_monitor,12,1444,247,1230,556,483,564,375.97,1011.79,747.18,system,NA,0.729,1.71,170.33,129.41,0.0,76.24,0.0
Human Dominant_1,R2,2026-08-10T09:44:46.044062Z,human_signal,12,1439,248,1237,556,485,564,369.04,1005.01,751.41,human,i_can,0.731,1.71,170.33,129.41,0.0,76.24,0.0
Human Dominant_1,R2,2026-08-10T09:44:46.517125Z,behavior_monitor,12,1400,267,1272,552,521,563,311.85,926.87,750.94,system,NA,0.748,1.71,169.76,36.97,-90.0,76.24,0.0
Human Dominant_1,R2,2026-08-10T09:44:47.022637Z,behavior_monitor,12,1352,276,1293,521,561,564,251.62,841.91,733.37,system,NA,0.77,1.71,169.79,107.46,-90.0,76.24,0.0
Human Dominant_1,R2,2026-08-10T09:44:47.527496Z,behavior_monitor,12,1299,288,1255,472,600,564,189.56,751.35,661.2,system,NA,0.799,1.71,164.1,136.16,-147.02,76.24,0.0
Human Dominant_1,R2,2026-08-10T09:44:48.029012Z,behavior_monitor,12,1260,321,1212,443,638,564,131.71,667.75,586.32,system,NA,0.835,1.71,137.64,51.26,-90.0,72.0,0.0
Human Dominant_1,R2,2026-08-10T09:44:48.534422Z,behavior_monitor,12,1224,355,1204,382,677,564,32.44,584.83,557.83,system,NA,0.947,1.71,137.64,122.54,-90.0,76.24,0.0
Human Dominant_1,R2,2026-08-10T09:44:48.656475Z,shot_hit,12,1216,364,1203,367,686,564,14.32,566.72,552.48,human,NA,0.975,1.71,137.64,129.02,-107.4,76.24,0.0
Human Dominant_1,R2,2026-08-10T09:44:48.657330Z,flight_spawn,13,1146,-20,1203,367,686,564,391.84,743.57,552.48,system,NA,0.655,2.83,45.0,129.02,-107.4,76.24,0.0
Human Dominant_1,R2,2026-08-10T09:44:49.157866Z,human_signal,13,1183,58,1188,415,702,564,356.98,697.66,508.73,human,i_can,0.662,2.83,67.08,143.0,141.34,76.24,0.0
Human Dominant_1,R2,2026-08-10T09:44:49.174961Z,behavior_monitor,13,1183,58,1188,415,703,564,356.98,696.77,507.49,system,NA,0.661,2.83,67.08,141.88,137.45,76.24,0.0
Human Dominant_1,R2,2026-08-10T09:44:49.678457Z,behavior_monitor,13,1240,121,1202,455,726,564,335.5,677.62,488.04,system,NA,0.669,2.83,45.49,129.41,0.0,76.24,0.0
Human Dominant_1,R2,2026-08-10T09:44:50.001513Z,human_signal,13,1278,162,1246,455,751,564,294.11,662.43,506.71,human,i_can,0.693,2.83,51.65,129.41,0.0,76.24,0.0
Human Dominant_1,R2,2026-08-10T09:44:50.187974Z,behavior_monitor,13,1295,185,1268,455,766,564,271.5,650.87,513.91,system,NA,0.706,2.83,51.65,129.41,0.0,76.24,0.0
Human Dominant_1,R2,2026-08-10T09:44:50.577288Z,human_signal,13,1333,241,1295,452,796,563,215.11,625.96,510.49,human,i_can,0.744,2.83,81.3,90.15,0.0,95.96,-10.18
Human Dominant_1,R2,2026-08-10T09:44:50.696472Z,behavior_monitor,13,1334,257,1303,452,805,563,197.34,610.99,510.35,system,NA,0.756,2.83,81.3,81.55,0.0,76.24,0.0
Human Dominant_1,R2,2026-08-10T09:44:51.203447Z,behavior_monitor,13,1350,341,1335,447,844,563,106.4,552.31,504.12,system,NA,0.838,2.83,81.3,107.2,-42.95,76.24,0.0
Human Dominant_1,R2,2026-08-10T09:44:51.681401Z,shot_hit,13,1397,402,1376,406,881,563,21.27,540.45,519.24,human,NA,0.962,2.83,32.17,139.34,-38.04,76.24,0.0
Human Dominant_1,R2,2026-08-10T09:44:51.682413Z,flight_spawn,14,296,-20,1376,406,881,563,1161.3,826.51,519.24,system,NA,0.416,2.83,135.0,139.34,-38.04,76.24,0.0
Human Dominant_1,R2,2026-08-10T09:44:52.104710Z,human_signal,14,232,5,1401,443,881,563,1248.81,856.07,534.31,human,i_can,0.407,2.83,169.04,137.5,90.0,0.0,0.0
Human Dominant_1,R2,2026-08-10T09:44:52.121446Z,behavior_monitor,14,232,5,1401,443,881,563,1248.81,856.07,534.31,system,NA,0.407,2.83,169.04,138.47,110.85,0.0,0.0
Human Dominant_1,R2,2026-08-10T09:44:52.240168Z,human_signal,14,213,9,1394,458,881,563,1263.08,867.97,523.55,human,your_turn,0.407,2.83,142.56,142.88,119.38,0.0,0.0
Human Dominant_1,R2,2026-08-10T09:44:52.240882Z,human_signal,14,211,11,1393,460,881,563,1264.11,868.54,521.94,human,your_turn,0.407,2.83,142.56,142.88,119.38,0.0,0.0
Human Dominant_1,R2,2026-08-10T09:44:52.628198Z,behavior_monitor,14,161,46,1352,492,862,563,1271.87,870.66,496.07,system,NA,0.406,2.83,169.48,140.36,157.22,87.67,180.0
Human Dominant_1,R2,2026-08-10T09:44:53.136089Z,behavior_monitor,14,79,64,1286,498,817,563,1282.61,890.32,474.07,system,NA,0.41,2.83,164.86,129.41,180.0,87.67,180.0
Human Dominant_1,R2,2026-08-10T09:44:53.527688Z,human_signal,14,20,81,1257,498,783,564,1305.69,902.92,478.53,human,your_turn,0.409,1.8,24.27,0.0,180.0,87.67,180.0
Human Dominant_1,R2,2026-08-10T09:44:53.528325Z,human_signal,14,22,82,1257,498,783,564,1303.34,900.64,478.53,human,your_turn,0.409,1.8,24.27,0.0,180.0,87.67,180.0
Human Dominant_1,R2,2026-08-10T09:44:53.646205Z,behavior_monitor,14,32,83,1257,498,773,564,1293.36,882.91,488.57,system,NA,0.406,1.8,3.1,0.0,180.0,87.67,180.0
Human Dominant_1,R2,2026-08-10T09:44:54.152989Z,behavior_monitor,14,76,98,1239,496,728,564,1229.14,801.42,515.27,system,NA,0.395,1.8,21.7,141.04,-160.26,93.15,180.0
Human Dominant_1,R2,2026-08-10T09:44:54.657239Z,behavior_monitor,14,121,123,1174,472,683,564,1108.92,714.71,498.63,system,NA,0.392,1.8,7.59,136.94,-160.92,87.67,180.0
Human Dominant_1,R2,2026-08-10T09:44:55.163859Z,behavior_monitor,14,169,144,1137,462,639,563,1018.87,630.29,507.88,system,NA,0.382,1.8,35.48,0.0,180.0,87.67,180.0
Human Dominant_1,R2,2026-08-10T09:44:55.670915Z,behavior_monitor,14,192,186,1120,474,595,563,971.3,551.54,532.62,system,NA,0.362,1.8,86.33,87.68,114.67,87.67,180.0
Human Dominant_1,R2,2026-08-10T09:44:56.179336Z,behavior_monitor,14,216,229,1083,489,549,564,904.81,471.93,538.84,system,NA,0.343,1.8,28.51,105.52,180.0,87.67,180.0
Human Dominant_1,R2,2026-08-10T09:44:56.687084Z,behavior_monitor,14,265,244,1020,476,505,564,789.16,400.12,522.3,system,NA,0.336,1.8,8.2,134.25,-164.58,87.67,180.0
Human Dominant_1,R2,2026-08-10T09:44:57.195484Z,behavior_monitor,14,313,265,1043,468,460,564,757.9,333.04,591.51,system,NA,0.305,1.8,31.63,76.45,53.64,87.67,180.0
Human Dominant_1,R2,2026-08-10T09:44:57.701615Z,behavior_monitor,14,365,278,1044,469,416,564,705.43,290.04,635.45,system,NA,0.291,1.8,10.79,0.0,53.64,87.67,180.0
Human Dominant_1,R2,2026-08-10T09:44:58.208954Z,behavior_monitor,14,408,308,1044,469,385,563,655.83,255.81,666.01,system,NA,0.281,1.8,39.55,0.0,53.64,93.15,0.0
Human Dominant_1,R2,2026-08-10T09:44:58.310090Z,human_signal,14,417,315,1044,469,394,563,646.12,249.67,657.31,human,your_turn,0.279,1.8,18.73,0.0,53.64,87.67,0.0
Human Dominant_1,R2,2026-08-10T09:44:58.311202Z,human_signal,14,419,315,1044,469,394,563,644.04,249.29,657.31,human,your_turn,0.279,1.8,18.73,0.0,53.64,80.74,7.32
Human Dominant_1,R2,2026-08-10T09:44:58.711340Z,behavior_monitor,14,446,344,1044,469,423,563,611.38,220.38,628.32,system,NA,0.265,1.8,36.9,0.0,53.64,87.67,0.0
Human Dominant_1,R2,2026-08-10T09:44:59.214715Z,behavior_monitor,14,495,361,1044,493,467,564,565.21,204.47,581.45,system,NA,0.266,1.8,15.45,129.41,90.0,87.67,0.0
Human Dominant_1,R2,2026-08-10T09:44:59.723912Z,behavior_monitor,14,548,375,1097,521,512,564,568.32,191.66,586.44,system,NA,0.252,1.8,15.45,83.56,0.0,87.67,0.0
Human Dominant_1,R2,2026-08-10T09:45:00.233149Z,behavior_monitor,14,598,387,1105,516,556,564,523.33,181.91,550.96,system,NA,0.258,1.8,10.67,102.32,-41.01,82.8,0.0
Human Dominant_1,R2,2026-08-10T09:45:00.739096Z,behavior_monitor,14,648,404,1145,474,600,563,502.07,166.83,552.19,system,NA,0.249,1.8,36.76,67.1,-90.0,87.67,0.0
Human Dominant_1,R2,2026-08-10T09:45:01.245856Z,behavior_monitor,14,691,433,1188,443,645,564,497.37,138.59,556.78,system,NA,0.218,1.8,12.53,134.35,-15.59,87.67,0.0
Human Dominant_1,R2,2026-08-10T09:45:01.755049Z,behavior_monitor,14,739,450,1239,424,689,564,501.11,123.95,567.52,system,NA,0.198,1.8,38.45,36.04,-90.0,87.67,0.0
Human Dominant_1,R2,2026-08-10T09:45:02.262672Z,behavior_monitor,14,785,474,1239,423,734,563,456.78,102.88,524.17,system,NA,0.184,1.8,17.07,0.0,-90.0,87.67,0.0
Human Dominant_1,R2,2026-08-10T09:45:02.771290Z,behavior_monitor,14,837,489,1239,423,779,563,407.16,95.05,481.23,system,NA,0.189,1.8,35.61,0.0,-90.0,87.67,0.0
Human Dominant_1,R2,2026-08-10T09:45:03.278932Z,behavior_monitor,14,854,536,1285,423,823,563,446.05,40.91,482.55,system,NA,0.084,1.8,108.57,129.41,0.0,87.67,0.0
Human Dominant_1,R2,2026-08-10T09:45:03.396246Z,shot_hit,14,849,549,1303,423,828,564,471.33,25.36,495.39,agent,NA,0.051,1.8,108.57,137.5,0.0,0.0,-152.25
Human Dominant_1,R2,2026-08-10T09:45:03.397082Z,flight_spawn,15,77,-20,1303,423,828,564,1303.88,951.23,495.39,system,NA,0.422,3.07,49.37,137.5,0.0,0.0,-152.25
Human Dominant_1,R2,2026-08-10T09:45:03.851053Z,human_signal,15,116,47,1297,425,818,564,1240.12,871.39,498.85,human,your_turn,0.413,3.07,75.87,129.41,180.0,76.24,180.0
Human Dominant_1,R2,2026-08-10T09:45:03.851721Z,behavior_monitor,15,116,47,1297,425,818,564,1240.12,871.39,498.85,system,NA,0.413,3.07,75.87,133.8,165.28,101.59,176.59
Human Dominant_1,R2,2026-08-10T09:45:03.852188Z,human_signal,15,117,50,1295,426,818,564,1237.08,869.45,496.57,human,your_turn,0.413,3.07,75.87,133.8,165.28,101.59,176.59
Human Dominant_1,R2,2026-08-10T09:45:04.356866Z,behavior_monitor,15,138,136,1232,450,773,564,1138.39,765.58,472.97,system,NA,0.402,3.07,99.0,139.87,153.68,87.67,180.0
Human Dominant_1,R2,2026-08-10T09:45:04.864003Z,behavior_monitor,15,144,224,1167,473,728,563,1051.86,675.0,447.77,system,NA,0.391,3.07,70.86,129.41,180.0,87.67,180.0
Human Dominant_1,R2,2026-08-10T09:45:05.371058Z,behavior_monitor,15,156,314,1120,473,683,564,976.73,583.38,446.18,system,NA,0.374,3.07,94.38,0.0,180.0,93.15,180.0
Human Dominant_1,R2,2026-08-10T09:45:05.875446Z,behavior_monitor,15,187,400,1120,473,638,563,935.21,479.77,489.76,system,NA,0.339,3.07,68.34,0.0,180.0,87.67,180.0
Human Dominant_1,R2,2026-08-10T09:45:06.384799Z,behavior_monitor,15,237,474,1120,473,593,564,882.89,367.69,534.24,system,NA,0.294,3.07,40.37,0.0,180.0,114.25,170.05
Human Dominant_1,R2,2026-08-10T09:45:06.893409Z,behavior_monitor,15,299,539,1120,473,548,564,823.03,250.41,578.48,system,NA,0.233,3.07,93.93,0.0,180.0,87.67,180.0
Human Dominant_1,R2,2026-08-10T09:45:07.402296Z,behavior_monitor,15,268,624,1120,473,504,605,864.99,236.39,630.08,system,NA,0.215,3.07,122.84,0.0,180.0,150.04,125.75
Human Dominant_1,R2,2026-08-10T09:45:07.908356Z,behavior_monitor,15,220,702,1113,492,459,667,917.74,242.04,676.95,system,NA,0.209,3.07,122.84,84.76,121.11,159.74,128.04
Human Dominant_1,R2,2026-08-10T09:45:08.417118Z,behavior_monitor,15,153,759,1110,496,415,729,992.22,263.31,733.14,system,NA,0.21,3.07,160.48,0.0,136.67,150.04,125.75
Human Dominant_1,R2,2026-08-10T09:45:11.002909Z,flight_missed,15,163,952,1080,517,184,910,1014.39,47.33,977.89,system,NA,0.045,2.04,32.86,0.0,180.0,87.67,180.0
Human Dominant_1,R2,2026-08-10T09:45:11.003682Z,flight_spawn,16,823,-20,1080,517,184,910,595.8,1128.39,977.89,system,NA,0.654,2.83,45.0,0.0,180.0,87.67,180.0
Human Dominant_1,R2,2026-08-10T09:45:11.556886Z,human_signal,16,889,44,1061,475,196,893,464.79,1096.82,960.59,human,your_turn,0.702,2.83,45.0,139.34,-121.57,130.47,-54.25
Human Dominant_1,R2,2026-08-10T09:45:11.557436Z,behavior_monitor,16,889,44,1061,475,196,893,464.79,1096.82,960.59,system,NA,0.702,2.83,45.0,138.7,-124.53,130.47,-54.25
Human Dominant_1,R2,2026-08-10T09:45:11.557815Z,human_signal,16,891,46,1059,474,196,893,460.21,1096.06,960.09,human,your_turn,0.704,2.83,45.0,138.7,-124.53,130.47,-54.25
Human Dominant_1,R2,2026-08-10T09:45:11.827620Z,human_signal,16,923,75,1035,445,220,860,386.2,1053.71,914.29,human,i_can,0.732,2.83,44.58,139.35,-122.21,150.04,-54.25
Human Dominant_1,R2,2026-08-10T09:45:12.063621Z,behavior_monitor,16,938,109,1012,425,238,835,324.23,1008.31,876.22,system,NA,0.757,2.83,69.15,139.62,-142.6,130.47,-54.25
Human Dominant_1,R2,2026-08-10T09:45:12.571995Z,behavior_monitor,16,966,188,986,419,276,781,231.97,909.56,796.75,system,NA,0.797,2.83,69.15,37.06,180.0,130.47,-54.25
Human Dominant_1,R2,2026-08-10T09:45:12.572622Z,human_signal,16,967,191,985,419,276,781,229.18,908.76,796.15,human,i_can,0.799,2.83,69.15,37.06,180.0,130.47,-54.25
Human Dominant_1,R2,2026-08-10T09:45:13.079741Z,behavior_monitor,16,998,268,973,419,315,727,153.72,822.56,726.61,system,NA,0.843,2.83,69.15,0.0,180.0,130.47,-54.25
Human Dominant_1,R2,2026-08-10T09:45:13.590571Z,behavior_monitor,16,1026,347,1021,412,354,672,65.15,746.68,715.36,system,NA,0.92,2.83,69.15,96.59,-34.21,130.47,-54.25
Human Dominant_1,R2,2026-08-10T09:45:13.844520Z,shot_hit,16,1049,383,1041,393,374,645,13.04,724.14,712.88,human,NA,0.982,2.83,43.67,137.58,-34.94,130.47,-54.25
Human Dominant_1,R2,2026-08-10T09:45:13.845065Z,flight_spawn,17,491,-20,1041,393,374,645,687.94,675.63,712.88,system,NA,0.495,2.83,45.0,137.58,-34.94,130.47,-54.25
Human Dominant_1,R2,2026-08-10T09:45:14.505292Z,human_signal,17,570,50,1044,455,389,623,623.14,600.63,676.6,human,your_turn,0.491,2.83,49.88,129.41,90.0,130.47,-54.25
Human Dominant_1,R2,2026-08-10T09:45:14.505886Z,behavior_monitor,17,570,50,1044,455,389,623,623.14,600.63,676.6,system,NA,0.491,2.83,49.88,129.41,90.0,130.47,-54.25
Human Dominant_1,R2,2026-08-10T09:45:14.506337Z,human_signal,17,571,53,1044,457,389,623,622.31,598.91,676.06,human,your_turn,0.49,2.83,49.88,129.41,90.0,130.47,-54.25
Human Dominant_1,R2,2026-08-10T09:45:15.011389Z,behavior_monitor,17,622,116,1029,488,433,565,552.06,486.75,601.29,system,NA,0.469,2.83,70.55,0.0,180.0,87.67,0.0
Human Dominant_1,R2,2026-08-10T09:45:15.175865Z,human_signal,17,631,143,1029,488,449,565,527.47,459.79,586.0,human,your_turn,0.466,2.83,41.85,0.0,180.0,93.15,0.0
Human Dominant_1,R2,2026-08-10T09:45:15.176633Z,human_signal,17,633,145,1029,488,449,565,524.85,458.8,586.0,human,your_turn,0.466,2.83,41.85,0.0,180.0,93.15,0.0
Human Dominant_1,R2,2026-08-10T09:45:15.515050Z,behavior_monitor,17,657,192,1066,488,478,565,505.43,414.03,592.92,system,NA,0.45,2.83,67.63,129.41,0.0,87.67,0.0
Human Dominant_1,R2,2026-08-10T09:45:16.020496Z,human_signal,17,712,249,1130,472,523,565,473.94,368.62,613.98,human,your_turn,0.437,2.83,19.31,63.3,0.0,87.67,0.0
Human Dominant_1,R2,2026-08-10T09:45:16.021177Z,behavior_monitor,17,712,249,1130,472,523,565,473.94,368.62,613.98,system,NA,0.437,2.83,19.31,63.3,0.0,87.67,0.0
Human Dominant_1,R2,2026-08-10T09:45:16.021680Z,human_signal,17,714,249,1130,472,523,565,471.83,368.79,613.98,human,your_turn,0.439,2.83,19.31,63.3,0.0,87.67,0.0
Human Dominant_1,R2,2026-08-10T09:45:16.528766Z,behavior_monitor,17,780,292,1105,458,568,565,364.56,345.94,547.86,system,NA,0.487,2.83,47.05,129.41,180.0,87.67,0.0
Human Dominant_1,R2,2026-08-10T09:45:16.798952Z,human_signal,17,819,316,1068,458,591,565,286.17,338.34,488.8,human,i_can,0.542,2.83,19.92,129.41,180.0,87.67,0.0
Human Dominant_1,R2,2026-08-10T09:45:17.035218Z,behavior_monitor,17,855,328,1039,458,608,565,224.87,342.29,444.06,system,NA,0.604,2.83,19.92,129.41,180.0,76.24,0.0
Human Dominant_1,R2,2026-08-10T09:45:17.541866Z,behavior_monitor,17,924,376,981,437,647,564,83.55,335.96,358.1,system,NA,0.801,2.83,46.21,145.87,-126.16,81.0,0.0
Human Dominant_1,R2,2026-08-10T09:45:17.779183Z,shot_hit,17,938,412,954,421,665,564,19.37,312.87,323.25,human,NA,0.942,2.83,70.0,135.05,-154.84,76.24,0.0
Human Dominant_1,R2,2026-08-10T09:45:17.780115Z,flight_spawn,18,651,-20,954,421,665,564,536.04,585.08,323.25,system,NA,0.522,3.35,53.39,135.05,-154.84,76.24,0.0
Human Dominant_1,R2,2026-08-10T09:45:18.248523Z,human_signal,18,709,58,962,427,678,564,447.61,507.77,315.78,human,i_can,0.531,3.35,53.39,115.02,-42.85,76.24,0.0
Human Dominant_1,R2,2026-08-10T09:45:18.265316Z,behavior_monitor,18,709,58,962,427,679,564,447.61,507.69,314.61,system,NA,0.531,3.35,53.39,89.0,-90.0,81.0,0.0
Human Dominant_1,R2,2026-08-10T09:45:18.771516Z,behavior_monitor,18,797,113,930,406,718,564,321.47,458.09,265.39,system,NA,0.588,3.35,31.71,135.27,-106.92,76.24,0.0
Human Dominant_1,R2,2026-08-10T09:45:18.856788Z,human_signal,18,814,124,930,392,724,564,292.68,449.61,268.04,human,i_can,0.606,3.35,31.71,129.41,-90.0,76.24,0.0
Human Dominant_1,R2,2026-08-10T09:45:19.278962Z,behavior_monitor,18,885,166,924,380,757,564,217.28,418.36,249.13,system,NA,0.658,3.35,31.71,0.0,180.0,76.24,0.0
Human Dominant_1,R2,2026-08-10T09:45:19.782757Z,behavior_monitor,18,947,245,972,380,796,564,136.86,353.23,254.85,system,NA,0.721,3.35,59.83,62.15,180.0,76.24,0.0
Human Dominant_1,R2,2026-08-10T09:45:20.291289Z,behavior_monitor,18,980,336,982,380,835,564,44.12,270.61,236.25,system,NA,0.86,3.35,80.04,94.65,0.0,76.24,0.0
Human Dominant_1,R2,2026-08-10T09:45:20.477906Z,shot_hit,18,988,372,991,375,849,564,4.72,236.97,236.63,human,NA,0.98,3.35,80.04,0.0,-90.0,89.49,-9.23
Human Dominant_1,R2,2026-08-10T09:45:20.478549Z,flight_spawn,19,739,-20,991,375,849,564,469.28,595.17,236.63,system,NA,0.559,2.83,45.0,0.0,-90.0,89.49,-9.23
Human Dominant_1,R2,2026-08-10T09:45:20.965338Z,human_signal,19,777,50,1020,388,837,564,416.71,518.34,253.72,human,your_turn,0.554,2.83,65.47,129.41,0.0,76.24,180.0
Human Dominant_1,R2,2026-08-10T09:45:20.965892Z,behavior_monitor,19,777,50,1020,388,837,564,416.71,518.34,253.72,system,NA,0.554,2.83,65.47,137.5,0.0,81.0,180.0
Human Dominant_1,R2,2026-08-10T09:45:20.966164Z,human_signal,19,778,52,1022,388,837,564,415.6,515.73,255.31,human,your_turn,0.554,2.83,65.47,137.5,0.0,81.0,180.0
Human Dominant_1,R2,2026-08-10T09:45:21.474586Z,behavior_monitor,19,779,133,1085,400,793,565,406.58,431.98,335.41,system,NA,0.515,2.83,92.29,147.17,26.36,93.15,180.0
Human Dominant_1,R2,2026-08-10T09:45:21.914171Z,human_signal,19,803,203,1111,414,780,565,373.38,362.35,363.89,human,your_turn,0.493,2.83,71.71,0.0,40.28,87.67,0.0
Human Dominant_1,R2,2026-08-10T09:45:21.915444Z,human_signal,19,804,206,1111,414,780,565,370.87,359.75,363.89,human,your_turn,0.492,2.83,71.71,0.0,40.28,87.67,0.0
Human Dominant_1,R2,2026-08-10T09:45:21.981829Z,behavior_monitor,19,807,214,1111,414,784,565,363.68,351.63,359.83,system,NA,0.492,2.83,71.71,0.0,40.28,87.67,0.0
Human Dominant_1,R2,2026-08-10T09:45:22.486196Z,behavior_monitor,19,839,294,1154,414,815,564,336.61,271.04,370.41,system,NA,0.446,2.83,71.71,137.5,0.0,0.0,0.0
Human Dominant_1,R2,2026-08-10T09:45:22.986938Z,behavior_monitor,19,851,376,1219,404,828,565,369.18,189.75,422.78,system,NA,0.339,2.83,65.92,133.54,-27.48,0.0,0.0
Human Dominant_1,R2,2026-08-10T09:45:23.496591Z,behavior_monitor,19,882,452,1232,394,859,565,354.2,115.17,409.73,system,NA,0.245,2.83,58.52,0.0,-90.0,87.67,0.0
Human Dominant_1,R2,2026-08-10T09:45:24.002635Z,behavior_monitor,19,925,524,1232,394,901,565,333.43,46.77,371.87,system,NA,0.123,2.83,58.52,0.0,-90.0,87.67,0.0
Human Dominant_1,R2,2026-08-10T09:45:24.237375Z,shot_hit,19,946,560,1232,394,921,564,330.35,24.99,353.75,agent,NA,0.07,2.83,58.52,0.0,-90.0,87.67,0.0
Human Dominant_1,R2,2026-08-10T09:45:24.237610Z,flight_spawn,20,796,-20,1232,394,921,564,601.21,598.11,353.75,system,NA,0.499,3.14,129.6,0.0,-90.0,87.67,0.0
Human Dominant_1,R2,2026-08-10T09:45:24.730820Z,human_signal,20,737,44,1198,394,910,564,578.19,548.12,334.2,human,your_turn,0.487,3.14,154.68,129.41,180.0,76.24,180.0
Human Dominant_1,R2,2026-08-10T09:45:24.731770Z,behavior_monitor,20,737,44,1198,394,910,564,578.19,548.12,334.2,system,NA,0.487,3.14,154.68,129.41,180.0,76.24,180.0
Human Dominant_1,R2,2026-08-10T09:45:24.732181Z,human_signal,20,735,45,1195,394,910,564,577.49,547.59,332.31,human,your_turn,0.487,3.14,154.68,129.41,180.0,76.24,180.0
Human Dominant_1,R2,2026-08-10T09:45:25.239261Z,human_signal,20,652,84,1167,398,865,565,603.19,526.14,345.38,human,your_turn,0.466,3.14,154.68,0.0,90.0,87.67,180.0
Human Dominant_1,R2,2026-08-10T09:45:25.239958Z,behavior_monitor,20,652,84,1167,398,865,565,603.19,526.14,345.38,system,NA,0.466,3.14,154.68,0.0,90.0,87.67,180.0
Human Dominant_1,R2,2026-08-10T09:45:25.240452Z,human_signal,20,649,86,1167,398,865,565,604.87,526.05,345.38,human,your_turn,0.465,3.14,128.68,0.0,90.0,87.67,180.0
Human Dominant_1,R2,2026-08-10T09:45:25.749062Z,behavior_monitor,20,600,152,1167,398,821,565,617.86,467.94,385.09,system,NA,0.431,3.14,156.33,0.0,90.0,87.67,180.0
Human Dominant_1,R2,2026-08-10T09:45:26.255397Z,behavior_monitor,20,520,190,1167,398,776,565,680.35,453.9,425.98,system,NA,0.4,3.14,179.84,0.0,90.0,93.15,180.0
Human Dominant_1,R2,2026-08-10T09:45:26.761725Z,behavior_monitor,20,427,201,1167,398,731,564,765.68,473.55,466.96,system,NA,0.382,3.14,153.86,0.0,90.0,87.67,180.0
Human Dominant_1,R2,2026-08-10T09:45:27.270548Z,behavior_monitor,20,344,243,1167,398,687,565,837.72,470.97,508.71,system,NA,0.36,3.14,153.86,0.0,90.0,82.8,180.0
Human Dominant_1,R2,2026-08-10T09:45:27.777867Z,behavior_monitor,20,247,262,1114,400,642,565,878.52,498.6,500.04,system,NA,0.362,3.14,176.0,129.41,180.0,87.67,180.0
Human Dominant_1,R2,2026-08-10T09:45:28.284771Z,behavior_monitor,20,154,268,1048,400,598,565,904.09,534.22,479.78,system,NA,0.371,3.14,176.0,128.22,180.0,87.67,180.0
Human Dominant_1,R2,2026-08-10T09:45:28.791411Z,behavior_monitor,20,58,275,1042,400,553,565,991.91,574.09,516.07,system,NA,0.367,3.14,176.0,0.0,180.0,87.67,180.0
Human Dominant_1,R2,2026-08-10T09:45:29.302471Z,behavior_monitor,20,51,283,1042,400,508,565,997.98,537.62,558.86,system,NA,0.35,1.89,12.63,0.0,180.0,87.67,180.0
Human Dominant_1,R2,2026-08-10T09:45:29.810564Z,behavior_monitor,20,98,310,1042,400,463,565,947.61,445.46,601.32,system,NA,0.32,1.89,41.22,0.0,180.0,87.67,180.0
Human Dominant_1,R2,2026-08-10T09:45:31.467368Z,human_signal,20,43,476,1037,405,317,564,996.52,287.85,737.18,human,your_turn,0.224,1.89,124.0,84.43,132.33,87.67,180.0
Human Dominant_1,R2,2026-08-10T09:45:31.468120Z,behavior_monitor,20,43,476,1037,405,317,564,996.52,287.85,737.18,system,NA,0.224,1.89,124.0,111.51,124.91,87.67,180.0
Human Dominant_1,R2,2026-08-10T09:45:31.468579Z,human_signal,20,42,478,1036,407,317,564,996.69,288.65,735.69,human,your_turn,0.225,1.89,124.0,111.51,124.91,87.67,180.0
Human Dominant_1,R2,2026-08-10T09:45:31.974447Z,behavior_monitor,20,32,501,1000,449,272,565,969.02,247.88,737.1,system,NA,0.204,1.19,43.97,57.24,180.0,87.67,180.0
Human Dominant_1,R2,2026-08-10T09:45:32.480350Z,behavior_monitor,20,54,529,999,449,228,565,948.43,177.04,780.27,system,NA,0.157,1.19,47.9,0.0,180.0,87.67,180.0
Human Dominant_1,R2,2026-08-10T09:45:32.990796Z,behavior_monitor,20,77,556,999,449,183,565,927.83,105.96,824.34,system,NA,0.102,1.19,47.9,0.0,180.0,87.67,180.0
Human Dominant_1,R2,2026-08-10T09:45:33.500794Z,behavior_monitor,20,111,569,999,449,138,565,896.27,27.44,868.83,system,NA,0.03,1.19,22.86,0.0,180.0,87.67,180.0
Human Dominant_1,R2,2026-08-10T09:45:33.549977Z,shot_hit,20,113,572,999,449,132,567,895.06,20.16,875.01,agent,NA,0.022,1.19,48.86,0.0,180.0,159.42,125.75
Human Dominant_1,R3,2026-08-10T09:46:54.423446Z,flight_spawn,1,597,-20,999,449,132,567,618.19,749.37,875.01,system,NA,0.548,3.32,127.02,0.0,180.0,0.0,180.0
Human Dominant_1,R3,2026-08-10T09:46:58.097193Z,human_signal,1,538,90,1097,672,395,715,806.62,641.15,703.12,human,your_turn,0.443,3.32,123.71,139.79,-124.41,130.47,-54.25
Human Dominant_1,R3,2026-08-10T09:46:58.097869Z,behavior_monitor,1,538,90,1097,672,395,715,806.62,641.15,703.12,system,NA,0.443,3.32,123.71,139.79,-124.41,130.47,-54.25
Human Dominant_1,R3,2026-08-10T09:46:58.098584Z,human_signal,1,536,93,1096,670,395,715,803.57,638.05,701.9,human,your_turn,0.443,3.32,123.71,139.79,-124.41,130.47,-54.25
Human Dominant_1,R3,2026-08-10T09:46:58.601915Z,behavior_monitor,1,522,178,1059,612,440,653,690.23,481.98,620.27,system,NA,0.411,3.32,52.67,136.74,-115.32,150.04,-54.25
Human Dominant_1,R3,2026-08-10T09:46:58.906691Z,human_signal,1,572,206,1057,579,467,616,611.7,423.0,591.39,human,your_turn,0.409,3.32,3.19,110.95,-90.0,159.42,-54.25
Human Dominant_1,R3,2026-08-10T09:46:58.907434Z,human_signal,1,575,206,1057,577,467,616,608.22,423.56,591.5,human,your_turn,0.411,3.32,3.19,104.42,-90.0,150.04,-54.25
Human Dominant_1,R3,2026-08-10T09:46:59.109411Z,behavior_monitor,1,614,208,1057,574,485,591,574.28,403.9,572.62,system,NA,0.413,3.32,3.19,0.0,-90.0,150.04,-54.25
Human Dominant_1,R3,2026-08-10T09:46:59.614572Z,behavior_monitor,1,709,231,1078,557,529,566,493.16,380.02,549.2,system,NA,0.435,3.32,20.67,79.07,-145.82,93.15,0.0
Human Dominant_1,R3,2026-08-10T09:47:00.120400Z,behavior_monitor,1,795,277,1023,530,574,566,340.4,363.15,450.89,system,NA,0.516,3.32,47.13,137.72,-135.03,87.67,0.0
Human Dominant_1,R3,2026-08-10T09:47:00.290010Z,human_signal,1,828,286,1006,510,589,566,286.22,368.25,420.47,human,i_can,0.563,3.32,0.17,137.84,-133.09,87.67,0.0
Human Dominant_1,R3,2026-08-10T09:47:00.629120Z,behavior_monitor,1,891,286,977,478,615,566,210.79,392.97,372.78,system,NA,0.651,3.32,0.17,137.44,-118.51,76.24,0.0
Human Dominant_1,R3,2026-08-10T09:47:01.138973Z,behavior_monitor,1,984,313,978,420,654,567,106.74,416.25,355.38,system,NA,0.796,3.32,23.99,107.09,-30.7,76.24,0.0
Human Dominant_1,R3,2026-08-10T09:47:01.643354Z,behavior_monitor,1,1049,382,1043,401,693,566,20.89,400.85,386.45,system,NA,0.95,3.32,73.34,129.41,0.0,76.24,0.0
Human Dominant_1,R3,2026-08-10T09:47:01.727856Z,shot_hit,1,1055,397,1054,401,700,566,4.17,393.17,390.55,human,NA,0.99,3.32,73.34,129.41,0.0,76.24,0.0
Human Dominant_1,R3,2026-08-10T09:47:01.728957Z,flight_spawn,2,281,-20,1054,401,700,566,881.01,721.14,390.55,system,NA,0.45,2.83,135.0,129.41,0.0,76.24,0.0
Human Dominant_1,R3,2026-08-10T09:47:02.202435Z,human_signal,2,242,47,1104,436,688,566,945.11,684.14,435.69,human,your_turn,0.42,2.83,113.26,138.0,51.39,76.24,180.0
Human Dominant_1,R3,2026-08-10T09:47:02.202954Z,behavior_monitor,2,242,47,1104,436,688,566,945.11,684.14,435.69,system,NA,0.42,2.83,113.26,140.1,67.47,76.24,180.0
Human Dominant_1,R3,2026-08-10T09:47:02.203303Z,human_signal,2,242,50,1105,438,688,566,946.08,682.46,435.8,human,your_turn,0.419,2.83,113.26,140.1,67.47,76.24,180.0
Human Dominant_1,R3,2026-08-10T09:47:02.710689Z,behavior_monitor,2,203,125,1085,496,643,566,956.32,622.99,446.97,system,NA,0.394,2.83,113.26,135.98,142.92,93.15,180.0
Human Dominant_1,R3,2026-08-10T09:47:03.223389Z,behavior_monitor,2,152,190,1026,525,598,566,936.15,583.6,429.71,system,NA,0.384,2.83,170.8,129.41,180.0,87.67,180.0
Human Dominant_1,R3,2026-08-10T09:47:03.733409Z,behavior_monitor,2,67,211,1002,541,554,566,991.84,602.51,449.26,system,NA,0.378,2.83,165.33,0.0,90.0,87.67,180.0
Human Dominant_1,R3,2026-08-10T09:47:04.238401Z,behavior_monitor,2,36,246,1002,541,509,566,1010.16,571.18,493.62,system,NA,0.361,2.25,33.61,0.0,90.0,93.15,180.0
Human Dominant_1,R3,2026-08-10T09:47:04.742169Z,behavior_monitor,2,87,292,996,541,466,565,942.1,467.05,530.76,system,NA,0.331,2.25,34.76,111.4,180.0,93.15,180.0
Human Dominant_1,R3,2026-08-10T09:47:05.247748Z,behavior_monitor,2,154,303,982,520,422,565,855.13,374.94,561.54,system,NA,0.305,2.25,8.62,0.0,0.0,93.15,180.0
Human Dominant_1,R3,2026-08-10T09:47:05.754497Z,behavior_monitor,2,219,324,982,520,377,565,787.37,288.81,606.11,system,NA,0.268,2.25,0.99,0.0,0.0,87.67,180.0
Human Dominant_1,R3,2026-08-10T09:47:05.974907Z,human_signal,2,246,324,982,520,357,565,760.72,264.82,626.15,human,your_turn,0.258,2.25,0.99,0.0,0.0,87.67,180.0
Human Dominant_1,R3,2026-08-10T09:47:05.975440Z,human_signal,2,249,324,982,520,357,565,758.15,263.69,626.15,human,your_turn,0.258,2.25,0.99,0.0,0.0,87.67,180.0
Human Dominant_1,R3,2026-08-10T09:47:06.260603Z,behavior_monitor,2,283,338,982,520,331,565,721.66,231.81,651.85,system,NA,0.243,2.25,50.43,0.0,0.0,87.67,180.0
Human Dominant_1,R3,2026-08-10T09:47:06.769447Z,behavior_monitor,2,318,395,982,520,297,565,675.26,170.96,686.05,system,NA,0.202,2.25,76.15,0.0,0.0,0.0,180.0
Human Dominant_1,R3,2026-08-10T09:47:07.276994Z,behavior_monitor,2,333,461,982,520,310,565,651.25,106.5,672.67,system,NA,0.141,2.25,76.15,0.0,0.0,82.8,0.0
Human Dominant_1,R3,2026-08-10T09:47:07.785385Z,behavior_monitor,2,347,526,982,520,325,565,634.34,44.56,658.52,system,NA,0.066,2.25,76.15,0.0,0.0,87.67,0.0
Human Dominant_1,R3,2026-08-10T09:47:07.869593Z,shot_miss,2,351,539,982,520,328,565,630.82,34.48,655.55,agent,NA,0.052,2.25,76.15,0.0,0.0,87.67,0.0
Human Dominant_1,R3,2026-08-10T09:47:08.173975Z,shot_hit,2,374,572,982,520,350,567,609.85,24.51,633.4,agent,NA,0.039,2.25,46.68,0.0,0.0,87.67,0.0
Human Dominant_1,R3,2026-08-10T09:47:08.175063Z,flight_spawn,3,418,-20,982,520,350,567,780.48,591.04,633.4,system,NA,0.431,3.2,128.71,0.0,0.0,87.67,0.0
Human Dominant_1,R3,2026-08-10T09:47:08.829485Z,human_signal,3,323,54,969,538,329,567,807.51,512.39,640.55,human,your_turn,0.388,3.2,150.89,117.99,-136.79,81.0,180.0
Human Dominant_1,R3,2026-08-10T09:47:08.830394Z,behavior_monitor,3,323,54,969,538,329,567,807.51,512.39,640.55,system,NA,0.388,3.2,150.89,111.05,-136.79,76.24,180.0
Human Dominant_1,R3,2026-08-10T09:47:08.830772Z,human_signal,3,320,56,968,537,329,567,807.17,510.87,639.89,human,your_turn,0.388,3.2,150.89,111.05,-136.79,76.24,180.0
Human Dominant_1,R3,2026-08-10T09:47:09.337158Z,behavior_monitor,3,236,91,973,511,284,567,848.24,478.16,691.17,system,NA,0.36,3.2,156.63,59.28,0.0,82.8,180.0
Human Dominant_1,R3,2026-08-10T09:47:09.845712Z,behavior_monitor,3,164,151,976,511,240,567,888.36,422.85,738.66,system,NA,0.322,3.2,127.4,71.14,0.0,87.67,180.0
Human Dominant_1,R3,2026-08-10T09:47:10.352078Z,behavior_monitor,3,109,229,1002,511,195,566,936.19,347.78,808.83,system,NA,0.271,3.2,128.5,0.0,0.0,87.67,180.0
Human Dominant_1,R3,2026-08-10T09:47:10.859950Z,behavior_monitor,3,36,283,1002,511,150,567,992.76,305.77,853.87,system,NA,0.235,3.2,157.47,0.0,0.0,87.67,180.0
Human Dominant_1,R3,2026-08-10T09:47:11.365895Z,behavior_monitor,3,65,296,1002,511,105,565,961.8,271.88,898.4,system,NA,0.22,1.92,8.83,0.0,0.0,87.67,180.0
Human Dominant_1,R3,2026-08-10T09:47:11.466248Z,human_signal,3,76,299,1002,511,96,565,950.28,266.3,907.61,human,your_turn,0.219,1.92,37.84,0.0,0.0,87.67,180.0
Human Dominant_1,R3,2026-08-10T09:47:11.467357Z,human_signal,3,78,300,1002,511,96,565,948.13,264.99,907.61,human,your_turn,0.218,1.92,37.84,0.0,0.0,87.67,180.0
Human Dominant_1,R3,2026-08-10T09:47:11.873342Z,behavior_monitor,3,103,332,1002,511,80,565,916.68,234.34,924.28,system,NA,0.204,1.92,34.56,0.0,0.0,87.67,0.0
Human Dominant_1,R3,2026-08-10T09:47:12.379558Z,behavior_monitor,3,132,378,1002,511,110,565,880.54,188.11,894.32,system,NA,0.176,1.92,91.94,0.0,0.0,0.0,0.0
Human Dominant_1,R3,2026-08-10T09:47:12.886245Z,behavior_monitor,3,137,434,1002,511,113,565,869.03,132.47,891.27,system,NA,0.132,1.92,68.51,0.0,0.0,0.0,0.0
Human Dominant_1,R3,2026-08-10T09:47:13.395504Z,behavior_monitor,3,160,487,1002,511,136,565,842.47,80.81,867.89,system,NA,0.088,1.92,46.03,0.0,0.0,87.67,0.0
Human Dominant_1,R3,2026-08-10T09:47:13.851308Z,shot_miss,3,188,532,1002,511,165,564,814.23,39.64,839.22,agent,NA,0.046,1.92,67.03,0.0,0.0,87.67,0.0
Human Dominant_1,R3,2026-08-10T09:47:13.902934Z,behavior_monitor,3,191,536,1002,511,168,564,811.6,36.69,836.25,system,NA,0.043,1.92,67.03,0.0,0.0,87.67,0.0
Human Dominant_1,R3,2026-08-10T09:47:14.088626Z,shot_hit,3,198,557,1002,511,174,564,805.92,24.54,829.83,agent,NA,0.03,1.92,68.15,0.0,0.0,0.0,0.0
Human Dominant_1,R3,2026-08-10T09:47:14.089208Z,flight_spawn,4,932,-20,1002,511,174,564,535.92,957.09,829.83,system,NA,0.641,2.83,45.0,0.0,0.0,0.0,0.0
Human Dominant_1,R3,2026-08-10T09:47:14.881154Z,human_signal,4,987,91,1036,498,205,565,409.8,914.3,833.37,human,i_can,0.691,2.83,119.37,125.08,-51.63,76.24,0.0
Human Dominant_1,R3,2026-08-10T09:47:14.897875Z,behavior_monitor,4,987,91,1036,498,207,565,409.8,913.19,832.08,system,NA,0.69,2.83,119.37,125.63,-53.61,76.24,0.0
Human Dominant_1,R3,2026-08-10T09:47:15.406694Z,behavior_monitor,4,947,165,1002,452,246,565,292.17,807.24,765.1,system,NA,0.734,2.83,119.37,134.13,-164.75,76.24,0.0
Human Dominant_1,R3,2026-08-10T09:47:15.916544Z,behavior_monitor,4,927,242,936,452,284,565,210.02,719.0,661.76,system,NA,0.774,2.83,91.82,129.41,180.0,76.24,0.0
Human Dominant_1,R3,2026-08-10T09:47:16.425043Z,behavior_monitor,4,945,324,937,428,325,565,104.23,665.72,627.68,system,NA,0.865,2.83,66.88,39.22,180.0,76.24,0.0
Human Dominant_1,R3,2026-08-10T09:47:16.927444Z,behavior_monitor,4,1004,386,982,408,364,564,31.31,664.89,638.02,system,NA,0.955,2.83,44.95,143.38,-16.47,81.0,0.0
Human Dominant_1,R3,2026-08-10T09:47:17.130908Z,shot_hit,4,1028,410,1009,408,379,565,19.12,666.56,648.41,human,NA,0.972,2.83,44.95,129.41,0.0,88.89,9.38
Human Dominant_1,R3,2026-08-10T09:47:17.131311Z,flight_spawn,5,106,-20,1009,408,379,565,999.64,646.13,648.41,system,NA,0.393,3.49,55.06,129.41,0.0,88.89,9.38
Human Dominant_1,R3,2026-08-10T09:47:17.720511Z,human_signal,5,184,77,1048,461,355,564,944.99,516.51,700.5,human,i_can,0.353,3.49,29.39,129.41,90.0,86.81,-167.31
Human Dominant_1,R3,2026-08-10T09:47:17.737170Z,behavior_monitor,5,184,77,1048,461,353,564,944.99,516.08,701.78,system,NA,0.353,3.49,29.39,134.72,111.4,76.24,180.0
Human Dominant_1,R3,2026-08-10T09:47:17.937767Z,human_signal,5,223,97,1024,466,338,564,881.99,480.92,693.54,human,your_turn,0.353,3.49,29.39,129.41,180.0,76.24,180.0
Human Dominant_1,R3,2026-08-10T09:47:17.938724Z,human_signal,5,227,99,1024,466,338,564,877.24,478.39,692.8,human,your_turn,0.353,3.49,29.39,89.35,180.0,76.24,180.0
Human Dominant_1,R3,2026-08-10T09:47:18.243185Z,behavior_monitor,5,287,114,1039,478,311,564,835.11,450.88,732.56,system,NA,0.351,3.49,8.55,135.44,24.61,75.28,-167.27
Human Dominant_1,R3,2026-08-10T09:47:18.378612Z,human_signal,5,314,118,1055,487,299,564,827.83,446.34,759.82,human,your_turn,0.35,3.49,8.55,137.58,28.49,87.67,180.0
Human Dominant_1,R3,2026-08-10T09:47:18.379595Z,human_signal,5,318,119,1057,488,299,564,826.18,445.97,761.83,human,your_turn,0.351,3.49,8.55,136.5,26.22,87.67,180.0
Human Dominant_1,R3,2026-08-10T09:47:18.752137Z,behavior_monitor,5,392,129,1089,495,328,563,786.95,438.66,763.95,system,NA,0.358,3.49,8.55,0.0,0.0,87.67,0.0
Human Dominant_1,R3,2026-08-10T09:47:19.260274Z,behavior_monitor,5,497,145,1089,495,373,563,687.48,436.05,719.1,system,NA,0.388,3.49,8.55,0.0,0.0,93.15,0.0
Human Dominant_1,R3,2026-08-10T09:47:19.312135Z,human_signal,5,512,147,1089,495,378,563,673.84,436.92,714.74,human,i_can,0.393,3.49,8.55,0.0,0.0,87.67,0.0
Human Dominant_1,R3,2026-08-10T09:47:19.768701Z,behavior_monitor,5,604,167,1056,461,412,562,539.56,438.96,652.13,system,NA,0.449,3.49,15.64,146.05,-145.23,81.0,0.0
Human Dominant_1,R3,2026-08-10T09:47:20.208392Z,human_signal,5,695,193,1033,444,446,563,421.63,445.6,599.03,human,i_can,0.514,3.49,41.61,0.0,-130.3,76.24,0.0
Human Dominant_1,R3,2026-08-10T09:47:20.274845Z,behavior_monitor,5,701,202,1033,444,451,563,411.52,438.91,593.95,system,NA,0.516,3.49,66.72,0.0,-130.3,76.24,0.0
Human Dominant_1,R3,2026-08-10T09:47:20.781054Z,behavior_monitor,5,741,297,1001,450,490,563,302.05,365.58,523.51,system,NA,0.548,3.49,63.98,145.36,141.08,76.24,0.0
Human Dominant_1,R3,2026-08-10T09:47:21.288577Z,behavior_monitor,5,758,398,959,509,529,563,229.32,283.11,433.55,system,NA,0.552,3.49,93.2,141.21,113.59,76.24,0.0
Human Dominant_1,R3,2026-08-10T09:47:21.796780Z,behavior_monitor,5,756,502,932,575,568,562,191.09,197.54,365.02,system,NA,0.508,3.49,93.2,137.29,109.51,76.24,0.0
Human Dominant_1,R3,2026-08-10T09:47:22.305151Z,behavior_monitor,5,768,604,912,641,607,582,148.14,163.39,310.98,system,NA,0.524,3.49,67.15,133.99,105.03,130.47,54.25
Human Dominant_1,R3,2026-08-10T09:47:22.814446Z,behavior_monitor,5,843,671,919,707,645,636,84.79,200.28,282.82,system,NA,0.703,3.49,39.19,129.41,90.0,130.47,54.25
Human Dominant_1,R3,2026-08-10T09:47:23.135966Z,shot_hit,5,897,712,906,705,671,670,11.01,230.68,237.59,human,NA,0.954,3.49,39.19,135.41,-152.59,138.63,54.25
Human Dominant_1,R3,2026-08-10T09:47:23.136983Z,flight_spawn,6,953,-20,906,705,671,670,727.21,746.01,237.59,system,NA,0.506,3.48,125.07,135.41,-152.59,138.63,54.25
Human Dominant_1,R3,2026-08-10T09:47:24.018586Z,human_signal,6,801,73,964,668,714,608,616.96,541.84,256.69,human,i_can,0.468,3.48,163.63,136.93,-70.93,130.47,-54.25
Human Dominant_1,R3,2026-08-10T09:47:24.035407Z,behavior_monitor,6,801,73,964,668,716,606,616.96,539.86,255.87,system,NA,0.467,3.48,163.63,136.73,-71.17,130.47,-54.25
Human Dominant_1,R3,2026-08-10T09:47:24.120245Z,human_signal,6,786,82,968,657,722,597,603.25,519.16,252.48,human,your_turn,0.463,3.48,139.93,136.48,-71.48,148.44,-51.72
Human Dominant_1,R3,2026-08-10T09:47:24.120777Z,human_signal,6,784,84,968,655,722,597,599.96,516.65,252.68,human,your_turn,0.463,3.48,139.93,136.48,-71.48,130.47,-54.25
Human Dominant_1,R3,2026-08-10T09:47:24.358124Z,human_signal,6,752,113,978,626,736,568,560.99,455.14,249.41,human,your_turn,0.448,3.48,139.93,137.02,-69.09,121.76,-90.0
Human Dominant_1,R3,2026-08-10T09:47:24.359240Z,human_signal,6,750,115,980,625,736,568,558.97,452.83,250.55,human,your_turn,0.448,3.48,117.22,137.69,-65.48,150.04,-125.75
Human Dominant_1,R3,2026-08-10T09:47:24.527601Z,human_signal,6,738,144,995,610,721,566,531.92,422.27,277.39,human,your_turn,0.443,3.48,90.09,139.73,-48.05,87.67,180.0
Human Dominant_1,R3,2026-08-10T09:47:24.528298Z,human_signal,6,738,147,996,608,721,566,528.17,418.77,278.62,human,your_turn,0.442,3.48,90.09,140.15,-49.59,87.67,180.0
Human Dominant_1,R3,2026-08-10T09:47:24.544883Z,behavior_monitor,6,738,147,996,608,721,566,528.17,418.77,278.62,system,NA,0.442,3.48,90.09,140.31,-50.13,0.0,180.0
Human Dominant_1,R3,2026-08-10T09:47:25.051779Z,behavior_monitor,6,699,237,1029,548,698,565,452.57,327.79,331.49,system,NA,0.42,3.48,136.16,133.65,-90.0,93.15,180.0
Human Dominant_1,R3,2026-08-10T09:47:25.404338Z,human_signal,6,666,302,1036,533,666,565,436.99,263.48,371.18,human,your_turn,0.376,3.48,110.27,120.51,-43.22,87.67,180.0
Human Dominant_1,R3,2026-08-10T09:47:25.405076Z,human_signal,6,665,305,1038,532,666,565,436.75,260.21,372.99,human,your_turn,0.373,3.48,110.27,127.64,-42.81,87.67,180.0
Human Dominant_1,R3,2026-08-10T09:47:25.557164Z,behavior_monitor,6,656,331,1047,518,653,565,433.46,234.11,397.37,system,NA,0.351,3.48,110.27,129.41,-90.0,87.67,180.0
Human Dominant_1,R3,2026-08-10T09:47:26.066530Z,behavior_monitor,6,618,424,1047,512,608,565,438.73,141.11,442.37,system,NA,0.243,3.48,76.43,0.0,-90.0,87.67,180.0
Human Dominant_1,R3,2026-08-10T09:47:26.575501Z,behavior_monitor,6,635,525,1047,512,615,564,413.11,43.83,435.43,system,NA,0.096,3.48,92.62,0.0,-90.0,0.0,-27.77
Human Dominant_1,R3,2026-08-10T09:47:26.694976Z,shot_hit,6,635,553,1047,512,615,564,414.58,22.82,435.43,agent,NA,0.052,3.48,92.62,0.0,-90.0,0.0,-27.77
Human Dominant_1,R3,2026-08-10T09:47:26.695786Z,flight_spawn,7,918,-20,1047,512,615,564,547.64,658.44,435.43,system,NA,0.546,2.83,45.0,0.0,-90.0,0.0,-27.77
Human Dominant_1,R3,2026-08-10T09:47:27.271320Z,human_signal,7,986,46,1047,503,628,564,461.05,629.54,423.69,human,i_can,0.577,2.83,16.45,59.86,-90.0,76.24,0.0
Human Dominant_1,R3,2026-08-10T09:47:27.287230Z,behavior_monitor,7,986,46,1047,503,629,564,461.05,628.81,422.41,system,NA,0.577,2.83,16.45,63.67,-90.0,76.24,0.0
Human Dominant_1,R3,2026-08-10T09:47:27.795866Z,behavior_monitor,7,1067,70,1082,447,669,565,377.3,634.68,429.22,system,NA,0.627,2.83,16.45,149.13,-50.15,81.0,0.0
Human Dominant_1,R3,2026-08-10T09:47:28.302541Z,behavior_monitor,7,1151,87,1136,405,708,565,318.87,651.73,457.29,system,NA,0.671,2.83,11.09,137.94,-20.26,76.24,0.0
Human Dominant_1,R3,2026-08-10T09:47:28.807893Z,behavior_monitor,7,1235,103,1202,403,746,565,301.34,672.82,484.04,system,NA,0.691,2.83,10.57,134.03,15.09,76.24,0.0
Human Dominant_1,R3,2026-08-10T09:47:29.314359Z,behavior_monitor,7,1321,125,1268,403,785,565,282.62,692.76,509.66,system,NA,0.71,2.83,18.06,129.41,0.0,76.24,0.0
Human Dominant_1,R3,2026-08-10T09:47:29.822250Z,behavior_monitor,7,1403,145,1334,403,824,565,267.63,715.77,535.39,system,NA,0.728,2.83,10.19,129.41,0.0,76.24,0.0
Human Dominant_1,R3,2026-08-10T09:47:30.327432Z,behavior_monitor,7,1444,193,1349,403,862,564,230.82,690.74,513.17,system,NA,0.75,2.66,82.94,0.0,0.0,76.24,0.0
Human Dominant_1,R3,2026-08-10T09:47:30.836836Z,behavior_monitor,7,1427,269,1389,399,901,564,135.79,603.54,515.68,system,NA,0.816,2.66,111.62,92.73,-36.81,76.24,0.0
Human Dominant_1,R3,2026-08-10T09:47:31.340977Z,behavior_monitor,7,1403,344,1399,387,933,564,43.87,519.27,498.16,system,NA,0.922,2.66,106.57,62.76,-90.0,0.0,0.0
Human Dominant_1,R3,2026-08-10T09:47:31.477200Z,shot_hit,7,1391,362,1399,385,933,564,24.95,501.16,498.87,human,NA,0.953,2.66,134.23,0.0,-90.0,0.0,0.0
Human Dominant_1,R3,2026-08-10T09:47:31.477682Z,flight_spawn,8,607,-20,1399,385,933,564,890.08,669.39,498.87,system,NA,0.429,2.96,47.55,0.0,-90.0,0.0,0.0
Human Dominant_1,R3,2026-08-10T09:47:31.945433Z,human_signal,8,677,22,1376,395,933,564,792.69,599.45,474.26,human,your_turn,0.431,2.96,24.43,136.14,161.92,0.0,0.0
Human Dominant_1,R3,2026-08-10T09:47:31.946098Z,behavior_monitor,8,677,22,1376,395,933,564,792.69,599.45,474.26,system,NA,0.431,2.96,24.43,135.23,163.13,0.0,0.0
Human Dominant_1,R3,2026-08-10T09:47:31.946604Z,human_signal,8,680,23,1374,396,933,564,787.55,596.93,471.97,human,your_turn,0.431,2.96,2.6,135.23,163.13,0.0,0.0
Human Dominant_1,R3,2026-08-10T09:47:32.455355Z,behavior_monitor,8,766,37,1364,401,918,564,699.71,548.33,474.57,system,NA,0.439,2.96,22.9,0.0,144.72,87.67,180.0
Human Dominant_1,R3,2026-08-10T09:47:32.911627Z,human_signal,8,840,64,1364,401,877,564,622.8,501.72,513.03,human,i_can,0.446,2.96,18.83,0.0,144.72,87.67,180.0
Human Dominant_1,R3,2026-08-10T09:47:32.962483Z,behavior_monitor,8,845,66,1364,401,874,564,617.14,499.2,516.71,system,NA,0.447,2.96,18.83,0.0,144.72,76.24,180.0
Human Dominant_1,R3,2026-08-10T09:47:33.448925Z,human_signal,8,909,124,1343,401,862,564,514.77,442.44,508.33,human,i_can,0.462,2.96,73.42,129.41,180.0,0.0,0.0
Human Dominant_1,R3,2026-08-10T09:47:33.466203Z,behavior_monitor,8,909,124,1343,401,863,564,514.77,442.3,507.1,system,NA,0.462,2.96,73.42,129.41,180.0,76.24,0.0
Human Dominant_1,R3,2026-08-10T09:47:33.870533Z,human_signal,8,896,192,1294,414,881,565,456.13,373.06,440.08,human,your_turn,0.45,2.96,122.0,105.12,139.53,76.24,180.0
Human Dominant_1,R3,2026-08-10T09:47:33.871105Z,human_signal,8,895,194,1294,414,881,565,455.86,370.51,440.08,human,your_turn,0.448,2.96,122.0,45.14,180.0,76.24,180.0
Human Dominant_1,R3,2026-08-10T09:47:33.972723Z,behavior_monitor,8,887,207,1294,414,872,565,456.95,358.0,448.5,system,NA,0.439,2.96,122.0,0.0,180.0,87.67,180.0
Human Dominant_1,R3,2026-08-10T09:47:34.359872Z,human_signal,8,858,267,1304,397,844,565,465.36,298.04,490.34,human,your_turn,0.39,2.96,124.39,0.0,-41.84,87.67,180.0
Human Dominant_1,R3,2026-08-10T09:47:34.360550Z,human_signal,8,856,269,1304,397,844,565,465.93,295.54,490.34,human,your_turn,0.388,2.96,124.39,0.0,-41.84,87.67,180.0
Human Dominant_1,R3,2026-08-10T09:47:34.479230Z,behavior_monitor,8,843,281,1304,397,833,565,475.77,283.46,500.16,system,NA,0.373,2.96,148.6,0.0,-41.84,87.67,180.0
Human Dominant_1,R3,2026-08-10T09:47:34.986454Z,behavior_monitor,8,785,347,1304,397,788,564,521.79,217.09,542.38,system,NA,0.294,2.96,122.16,0.0,-41.84,87.67,180.0
Human Dominant_1,R3,2026-08-10T09:47:35.444915Z,human_signal,8,733,407,1304,397,748,564,571.86,158.11,580.64,human,your_turn,0.217,2.96,135.32,0.0,-41.84,87.67,180.0
Human Dominant_1,R3,2026-08-10T09:47:35.445963Z,human_signal,8,731,409,1304,397,748,564,573.21,156.18,580.64,human,your_turn,0.214,2.96,135.32,0.0,-41.84,87.67,180.0
Human Dominant_1,R3,2026-08-10T09:47:35.495782Z,behavior_monitor,8,728,413,1304,397,744,565,577.05,152.13,584.82,system,NA,0.209,2.96,135.32,0.0,-41.84,87.67,180.0
Human Dominant_1,R3,2026-08-10T09:47:36.002717Z,behavior_monitor,8,656,462,1304,397,699,565,651.95,111.46,627.79,system,NA,0.146,2.96,156.93,0.0,-41.84,93.15,180.0
Human Dominant_1,R3,2026-08-10T09:47:36.511316Z,behavior_monitor,8,576,497,1304,397,655,565,734.85,103.51,670.99,system,NA,0.123,2.96,156.93,0.0,-41.84,87.67,180.0
Human Dominant_1,R3,2026-08-10T09:47:37.019643Z,behavior_monitor,8,494,518,1304,397,610,565,819.0,124.72,714.08,system,NA,0.132,2.96,157.92,0.0,-41.84,87.67,180.0
Human Dominant_1,R3,2026-08-10T09:47:37.524998Z,behavior_monitor,8,418,560,1304,397,565,565,901.5,147.4,758.08,system,NA,0.141,2.96,105.58,0.0,-41.84,87.67,180.0
Human Dominant_1,R3,2026-08-10T09:47:38.028308Z,behavior_monitor,8,392,646,1304,441,521,621,935.28,131.39,803.95,system,NA,0.123,2.96,105.58,137.5,90.0,150.92,114.5
Human Dominant_1,R3,2026-08-10T09:47:38.533530Z,behavior_monitor,8,424,726,1295,484,476,683,904.23,67.63,842.75,system,NA,0.07,2.96,56.48,42.56,90.0,150.04,125.75
Human Dominant_1,R3,2026-08-10T09:47:38.920275Z,shot_miss,8,468,785,1295,491,446,732,877.56,57.26,882.73,agent,NA,0.061,2.96,81.53,0.0,90.0,121.76,90.0
Human Dominant_1,R3,2026-08-10T09:47:39.037157Z,behavior_monitor,8,470,803,1295,491,446,745,882.39,62.53,886.21,system,NA,0.066,2.96,81.53,0.0,90.0,121.76,90.0
Human Dominant_1,R3,2026-08-10T09:47:39.544638Z,behavior_monitor,8,497,884,1295,491,471,807,889.4,81.25,882.27,system,NA,0.084,2.96,53.14,0.0,90.0,150.04,54.25
Human Dominant_1,R3,2026-08-10T09:47:39.949803Z,flight_missed,8,522,953,1261,467,498,859,884.43,96.73,857.22,system,NA,0.099,2.96,77.21,148.13,-143.26,159.42,54.25
Human Dominant_1,R3,2026-08-10T09:47:39.950355Z,flight_spawn,9,603,-20,1261,467,498,859,818.21,885.52,857.22,system,NA,0.52,2.84,45.18,148.13,-143.26,159.42,54.25
Human Dominant_1,R3,2026-08-10T09:47:41.320048Z,human_signal,9,817,46,1128,433,545,793,496.65,795.23,685.8,human,i_can,0.616,2.84,4.39,74.44,-138.28,130.47,-54.25
Human Dominant_1,R3,2026-08-10T09:47:41.336631Z,behavior_monitor,9,817,46,1128,433,546,792,496.65,793.09,683.75,system,NA,0.615,2.84,4.39,74.62,-136.85,130.47,-54.25
Human Dominant_1,R3,2026-08-10T09:47:41.847257Z,behavior_monitor,9,895,78,1087,422,585,737,394.38,728.82,593.39,system,NA,0.649,2.84,16.49,0.0,180.0,130.47,-54.25
Human Dominant_1,R3,2026-08-10T09:47:42.100949Z,human_signal,9,937,91,1087,422,604,711,363.89,703.35,562.71,human,i_can,0.659,2.84,16.49,0.0,180.0,130.47,-54.25
Human Dominant_1,R3,2026-08-10T09:47:42.353207Z,behavior_monitor,9,974,106,1087,422,624,684,335.92,675.44,532.26,system,NA,0.668,2.84,39.1,0.0,180.0,138.63,-54.25
Human Dominant_1,R3,2026-08-10T09:47:42.572904Z,human_signal,9,1003,131,1087,422,641,661,302.93,641.58,506.21,human,i_can,0.679,2.84,39.1,0.0,180.0,130.47,-54.25
Human Dominant_1,R3,2026-08-10T09:47:42.862428Z,behavior_monitor,9,1035,160,1087,422,663,630,267.52,599.83,472.97,system,NA,0.692,2.84,17.08,0.0,180.0,130.47,-54.25
Human Dominant_1,R3,2026-08-10T09:47:43.369465Z,behavior_monitor,9,1117,185,1104,422,702,576,237.66,570.55,431.13,system,NA,0.706,2.84,17.08,112.19,0.0,130.47,-54.25
Human Dominant_1,R3,2026-08-10T09:47:43.436959Z,human_signal,9,1130,189,1114,422,707,569,233.69,568.88,433.38,human,i_can,0.709,2.84,17.08,121.4,0.0,130.47,-54.25
Human Dominant_1,R3,2026-08-10T09:47:43.880446Z,behavior_monitor,9,1172,246,1169,422,741,565,176.16,536.51,451.93,system,NA,0.753,2.84,59.18,128.48,0.0,76.24,0.0
Human Dominant_1,R3,2026-08-10T09:47:44.383477Z,behavior_monitor,9,1237,291,1209,420,780,565,132.2,532.92,452.81,system,NA,0.801,2.84,11.24,126.1,-18.73,76.24,0.0
Human Dominant_1,R3,2026-08-10T09:47:44.891037Z,behavior_monitor,9,1316,314,1274,395,818,565,92.21,557.49,485.59,system,NA,0.858,2.84,10.87,136.72,-20.53,76.24,0.0
Human Dominant_1,R3,2026-08-10T09:47:45.395663Z,behavior_monitor,9,1363,368,1340,391,858,564,32.33,541.6,511.84,system,NA,0.944,2.84,95.65,129.41,0.0,76.24,0.0
Human Dominant_1,R3,2026-08-10T09:47:45.515289Z,shot_hit,9,1362,388,1355,391,867,564,7.18,524.98,517.8,human,NA,0.987,2.84,95.65,129.41,0.0,76.24,0.0
Human Dominant_1,R3,2026-08-10T09:47:45.515530Z,flight_spawn,10,430,-20,1355,391,867,564,1011.87,729.67,517.8,system,NA,0.419,2.83,135.0,129.41,0.0,76.24,0.0
Human Dominant_1,R3,2026-08-10T09:47:45.970096Z,human_signal,10,374,29,1385,432,863,564,1088.73,724.84,538.39,human,your_turn,0.4,2.83,160.98,129.41,90.0,76.24,180.0
Human Dominant_1,R3,2026-08-10T09:47:45.970708Z,behavior_monitor,10,374,29,1385,432,863,564,1088.73,724.84,538.39,system,NA,0.4,2.83,160.98,129.41,90.0,76.24,180.0
Human Dominant_1,R3,2026-08-10T09:47:45.971042Z,human_signal,10,371,30,1385,435,863,564,1092.24,726.38,537.86,human,your_turn,0.399,2.83,160.98,129.41,90.0,76.24,180.0
Human Dominant_1,R3,2026-08-10T09:47:46.475214Z,behavior_monitor,10,313,76,1352,465,818,564,1109.58,702.39,542.86,system,NA,0.388,2.83,93.42,0.0,180.0,93.15,180.0
Human Dominant_1,R3,2026-08-10T09:47:46.981935Z,behavior_monitor,10,325,157,1352,465,773,564,1071.56,605.06,586.96,system,NA,0.361,2.83,64.32,0.0,180.0,116.29,170.53
Human Dominant_1,R3,2026-08-10T09:47:47.489616Z,behavior_monitor,10,385,213,1297,483,729,564,950.68,490.71,574.08,system,NA,0.34,2.83,18.17,138.61,159.01,87.67,180.0
Human Dominant_1,R3,2026-08-10T09:47:47.991331Z,behavior_monitor,10,450,259,1231,503,684,564,818.49,384.82,550.28,system,NA,0.32,2.83,92.67,129.41,180.0,87.67,180.0
Human Dominant_1,R3,2026-08-10T09:47:48.491737Z,behavior_monitor,10,438,344,1165,503,640,564,744.64,298.86,529.13,system,NA,0.286,2.83,92.67,129.41,180.0,87.67,180.0
Human Dominant_1,R3,2026-08-10T09:47:48.691822Z,human_signal,10,439,378,1140,503,622,564,712.27,261.2,521.88,human,your_turn,0.268,2.83,92.67,101.42,180.0,93.15,180.0
Human Dominant_1,R3,2026-08-10T09:47:48.692309Z,human_signal,10,439,380,1139,503,622,564,710.26,258.86,520.82,human,your_turn,0.267,2.83,92.67,95.45,180.0,87.67,180.0
Human Dominant_1,R3,2026-08-10T09:47:48.997506Z,behavior_monitor,10,440,428,1138,503,595,564,701.52,205.54,546.55,system,NA,0.227,2.83,92.67,0.0,180.0,87.67,180.0
Human Dominant_1,R3,2026-08-10T09:47:49.503785Z,behavior_monitor,10,427,508,1138,503,550,563,710.9,134.43,591.35,system,NA,0.159,2.83,93.7,0.0,180.0,87.67,180.0
Human Dominant_1,R3,2026-08-10T09:47:50.014607Z,behavior_monitor,10,446,587,1138,503,505,580,697.24,59.6,637.63,system,NA,0.079,2.83,44.6,0.0,180.0,141.71,125.75
Human Dominant_1,R3,2026-08-10T09:47:50.237493Z,shot_hit,10,475,615,1138,503,484,609,672.25,10.9,662.21,agent,NA,0.016,2.83,44.6,0.0,180.0,141.71,125.75
Human Dominant_1,R3,2026-08-10T09:47:50.238118Z,flight_spawn,11,1125,-20,1138,503,484,609,523.2,897.8,662.21,system,NA,0.632,2.83,135.0,0.0,180.0,141.71,125.75
Human Dominant_1,R3,2026-08-10T09:47:51.015886Z,human_signal,11,1020,48,1095,457,513,569,416.39,727.18,592.9,human,your_turn,0.636,2.83,162.24,138.27,-138.35,130.47,-54.25
Human Dominant_1,R3,2026-08-10T09:47:51.016407Z,behavior_monitor,11,1020,48,1095,457,513,569,416.39,727.18,592.9,system,NA,0.636,2.83,162.24,137.52,-141.64,130.47,-54.25
Human Dominant_1,R3,2026-08-10T09:47:51.016685Z,human_signal,11,1018,49,1093,456,513,569,414.22,725.24,591.29,human,your_turn,0.636,2.83,162.24,137.52,-141.64,130.47,-54.25
Human Dominant_1,R3,2026-08-10T09:47:51.236100Z,human_signal,11,983,58,1068,439,532,565,390.11,678.33,550.12,human,i_can,0.635,2.83,169.12,139.72,-144.96,87.67,0.0
Human Dominant_1,R3,2026-08-10T09:47:51.523955Z,behavior_monitor,11,937,67,1036,419,554,565,366.03,627.9,503.42,system,NA,0.632,2.83,169.12,135.42,-155.71,76.24,0.0
Human Dominant_1,R3,2026-08-10T09:47:52.030513Z,behavior_monitor,11,881,123,970,416,592,565,306.62,527.68,405.74,system,NA,0.632,2.83,119.67,129.41,180.0,76.24,0.0
Human Dominant_1,R3,2026-08-10T09:47:52.538059Z,behavior_monitor,11,831,188,904,416,631,565,239.56,426.51,310.46,system,NA,0.64,2.83,110.0,129.41,180.0,76.24,0.0
Human Dominant_1,R3,2026-08-10T09:47:53.045109Z,behavior_monitor,11,802,268,838,414,670,565,150.71,324.95,225.48,system,NA,0.683,2.83,110.0,134.03,-164.91,76.24,0.0
Human Dominant_1,R3,2026-08-10T09:47:53.551889Z,behavior_monitor,11,758,337,772,393,710,565,57.51,233.2,183.61,system,NA,0.802,2.83,138.39,137.15,-150.34,76.24,0.0
Human Dominant_1,R3,2026-08-10T09:47:53.840270Z,shot_hit,11,739,379,739,372,722,565,6.55,187.14,193.56,human,NA,0.966,2.83,92.78,134.11,-158.18,0.0,16.5
Human Dominant_1,R3,2026-08-10T09:47:53.840727Z,flight_spawn,12,393,-20,739,372,722,565,522.98,671.3,193.56,system,NA,0.562,2.83,135.0,134.11,-158.18,0.0,16.5
Human Dominant_1,R3,2026-08-10T09:47:54.246248Z,human_signal,12,345,29,714,354,720,565,492.58,654.72,210.87,human,your_turn,0.571,2.83,110.69,129.41,0.0,0.0,16.5
Human Dominant_1,R3,2026-08-10T09:47:54.246748Z,behavior_monitor,12,345,29,714,354,720,565,492.58,654.72,210.87,system,NA,0.571,2.83,110.69,129.41,0.0,76.24,180.0
Human Dominant_1,R3,2026-08-10T09:47:54.247094Z,human_signal,12,344,31,717,354,720,565,492.79,652.78,210.82,human,your_turn,0.57,2.83,110.69,129.41,0.0,76.24,180.0
Human Dominant_1,R3,2026-08-10T09:47:54.754499Z,behavior_monitor,12,290,95,778,379,675,565,565.05,607.92,212.77,system,NA,0.518,2.83,137.03,138.67,27.18,87.67,180.0
Human Dominant_1,R3,2026-08-10T09:47:54.838625Z,human_signal,12,280,104,789,384,668,565,581.27,602.56,217.24,human,your_turn,0.509,2.83,137.03,138.78,27.45,87.67,180.0
Human Dominant_1,R3,2026-08-10T09:47:54.839159Z,human_signal,12,277,106,791,386,668,565,584.94,602.73,217.44,human,your_turn,0.507,2.83,137.03,138.8,27.71,85.93,173.8
Human Dominant_1,R3,2026-08-10T09:47:55.092373Z,human_signal,12,247,133,772,391,646,565,585.01,587.87,214.56,human,your_turn,0.501,2.83,137.03,129.41,180.0,87.67,180.0
Human Dominant_1,R3,2026-08-10T09:47:55.092966Z,human_signal,12,245,135,769,391,646,565,584.13,587.93,213.28,human,your_turn,0.502,2.83,137.03,129.41,180.0,87.67,180.0
Human Dominant_1,R3,2026-08-10T09:47:55.257494Z,behavior_monitor,12,221,143,750,391,631,565,584.28,588.66,210.65,system,NA,0.502,2.83,172.78,132.51,180.0,93.15,180.0
Human Dominant_1,R3,2026-08-10T09:47:55.697338Z,human_signal,12,160,180,753,391,592,565,629.02,578.29,236.9,human,your_turn,0.479,2.83,145.54,0.0,0.0,87.67,180.0
Human Dominant_1,R3,2026-08-10T09:47:55.697906Z,human_signal,12,158,182,753,391,592,565,631.08,579.28,236.9,human,your_turn,0.479,2.83,145.54,0.0,0.0,87.67,180.0
Human Dominant_1,R3,2026-08-10T09:47:55.765510Z,behavior_monitor,12,150,187,753,391,586,565,636.44,577.14,240.99,system,NA,0.476,2.83,145.54,0.0,0.0,87.67,180.0
Human Dominant_1,R3,2026-08-10T09:47:56.273067Z,behavior_monitor,12,78,235,753,391,541,565,693.12,569.01,274.36,system,NA,0.451,2.83,145.54,0.0,0.0,87.67,180.0
Human Dominant_1,R3,2026-08-10T09:47:56.782337Z,behavior_monitor,12,37,300,753,391,496,565,721.9,530.52,310.22,system,NA,0.424,2.83,128.21,0.0,0.0,93.15,180.0
Human Dominant_1,R3,2026-08-10T09:47:57.290243Z,behavior_monitor,12,21,380,753,391,451,566,731.76,468.1,348.7,system,NA,0.39,2.8,86.61,0.0,0.0,87.67,180.0
Human Dominant_1,R3,2026-08-10T09:47:57.799128Z,behavior_monitor,12,60,453,753,391,407,565,695.62,364.42,387.52,system,NA,0.344,2.8,59.31,0.0,0.0,87.67,180.0
Human Dominant_1,R3,2026-08-10T09:47:58.306298Z,behavior_monitor,12,87,530,753,403,362,565,677.89,277.46,423.14,system,NA,0.29,2.8,87.23,0.0,90.0,87.67,180.0
Human Dominant_1,R3,2026-08-10T09:47:58.815365Z,behavior_monitor,12,113,603,753,403,318,598,670.59,204.91,476.98,system,NA,0.234,2.8,60.31,0.0,90.0,150.04,125.75
Human Dominant_1,R3,2026-08-10T09:47:59.322910Z,behavior_monitor,12,121,685,753,403,274,661,692.47,155.22,544.13,system,NA,0.183,2.8,89.4,0.0,90.0,150.04,125.75
Human Dominant_1,R3,2026-08-10T09:47:59.829892Z,behavior_monitor,12,46,713,753,403,229,708,771.64,182.86,606.22,system,NA,0.192,2.8,140.39,0.0,90.0,87.67,180.0
Human Dominant_1,R3,2026-08-10T09:48:00.336818Z,behavior_monitor,12,52,754,753,403,185,749,784.25,133.25,665.14,system,NA,0.145,2.21,26.13,0.0,90.0,87.67,180.0
Human Dominant_1,R3,2026-08-10T09:48:00.932487Z,shot_hit,12,132,764,753,403,131,759,718.07,4.41,716.54,agent,NA,0.006,2.21,5.22,0.0,90.0,87.67,180.0
Human Dominant_1,R3,2026-08-10T09:48:00.933595Z,flight_spawn,13,809,-20,753,403,131,759,426.76,1032.92,716.54,system,NA,0.708,3.5,55.18,0.0,90.0,87.67,180.0
Human Dominant_1,R3,2026-08-10T09:48:01.508710Z,human_signal,13,881,77,781,403,153,728,340.24,976.35,707.45,human,i_can,0.742,3.5,83.66,129.41,0.0,130.47,-54.25
Human Dominant_1,R3,2026-08-10T09:48:01.524606Z,behavior_monitor,13,881,77,781,403,155,726,340.24,974.18,705.47,system,NA,0.741,3.5,83.66,137.5,0.0,138.63,-54.25
Human Dominant_1,R3,2026-08-10T09:48:02.030421Z,behavior_monitor,13,816,153,835,420,193,672,267.04,810.86,689.93,system,NA,0.752,3.5,131.74,88.04,-124.88,130.47,-54.25
Human Dominant_1,R3,2026-08-10T09:48:02.536385Z,behavior_monitor,13,733,214,778,410,234,619,200.73,642.39,582.94,system,NA,0.762,3.5,127.14,129.41,180.0,130.47,-54.25
Human Dominant_1,R3,2026-08-10T09:48:03.043669Z,behavior_monitor,13,644,259,732,410,273,566,174.95,482.04,485.23,system,NA,0.734,3.5,177.81,122.29,180.0,76.24,0.0
Human Dominant_1,R3,2026-08-10T09:48:03.415455Z,human_signal,13,564,262,724,410,301,566,218.44,401.37,450.58,human,i_can,0.648,3.5,177.81,42.74,180.0,76.24,0.0
Human Dominant_1,R3,2026-08-10T09:48:03.550024Z,behavior_monitor,13,540,268,723,410,312,565,231.86,374.76,439.85,system,NA,0.618,3.5,148.09,0.0,180.0,76.24,0.0
Human Dominant_1,R3,2026-08-10T09:48:03.687405Z,human_signal,13,512,271,723,410,322,565,252.75,350.41,430.16,human,your_turn,0.581,3.5,177.53,0.0,180.0,76.24,0.0
Human Dominant_1,R3,2026-08-10T09:48:03.688100Z,human_signal,13,510,271,723,410,322,565,255.06,348.74,430.16,human,your_turn,0.578,3.5,177.53,0.0,180.0,76.24,0.0
Human Dominant_1,R3,2026-08-10T09:48:03.906637Z,human_signal,13,469,273,723,410,342,565,289.23,318.83,412.15,human,your_turn,0.524,3.5,177.53,0.0,180.0,87.67,0.0
Human Dominant_1,R3,2026-08-10T09:48:03.907277Z,human_signal,13,465,273,723,410,342,565,292.79,317.08,412.15,human,your_turn,0.52,3.5,153.33,0.0,180.0,87.67,0.0
Human Dominant_1,R3,2026-08-10T09:48:04.059290Z,behavior_monitor,13,442,286,723,410,355,565,307.88,292.81,399.76,system,NA,0.487,3.5,153.33,0.0,180.0,87.67,0.0
Human Dominant_1,R3,2026-08-10T09:48:04.564813Z,behavior_monitor,13,349,331,723,410,352,565,382.55,234.71,402.36,system,NA,0.38,3.5,152.54,0.0,180.0,87.67,180.0
Human Dominant_1,R3,2026-08-10T09:48:05.070946Z,behavior_monitor,13,293,400,723,410,308,566,430.14,166.66,443.38,system,NA,0.279,3.5,72.9,0.0,180.0,87.67,180.0
Human Dominant_1,R3,2026-08-10T09:48:05.578528Z,behavior_monitor,13,359,476,723,410,319,566,370.61,97.95,433.48,system,NA,0.209,3.5,53.33,0.0,180.0,93.15,0.0
Human Dominant_1,R3,2026-08-10T09:48:06.087102Z,behavior_monitor,13,448,534,771,442,364,566,336.42,89.72,425.89,system,NA,0.211,3.5,52.59,138.72,33.99,87.67,0.0
Human Dominant_1,R3,2026-08-10T09:48:06.593406Z,behavior_monitor,13,515,606,826,487,408,601,332.31,107.24,432.83,system,NA,0.244,3.5,11.24,137.87,51.85,150.04,54.25
Human Dominant_1,R3,2026-08-10T09:48:07.101424Z,behavior_monitor,13,616,627,845,522,453,622,252.28,162.62,404.41,system,NA,0.392,3.5,15.76,129.41,90.0,87.67,0.0
Human Dominant_1,R3,2026-08-10T09:48:07.337229Z,human_signal,13,668,641,845,555,474,636,197.26,193.61,379.68,human,i_can,0.495,3.5,15.76,137.5,90.0,159.42,54.25
Human Dominant_1,R3,2026-08-10T09:48:07.609430Z,behavior_monitor,13,716,655,845,588,494,651,145.34,222.09,356.37,system,NA,0.604,3.5,1.29,129.41,90.0,76.24,0.0
Human Dominant_1,R3,2026-08-10T09:48:08.119032Z,behavior_monitor,13,814,680,845,654,533,670,40.29,281.29,312.41,system,NA,0.875,3.5,45.85,129.41,90.0,130.47,54.25
Human Dominant_1,R3,2026-08-10T09:48:08.424607Z,shot_miss,13,871,708,845,694,557,703,29.71,314.62,288.81,human,NA,0.914,3.5,21.73,129.41,90.0,130.47,54.25
Human Dominant_1,R3,2026-08-10T09:48:08.628087Z,behavior_monitor,13,914,724,858,718,572,719,56.47,342.02,285.82,system,NA,0.858,3.5,21.73,136.89,49.51,130.47,54.25
Human Dominant_1,R3,2026-08-10T09:48:09.134807Z,behavior_monitor,13,961,811,913,761,611,769,69.05,351.8,301.77,system,NA,0.836,3.5,90.24,137.2,49.16,130.47,54.25
Human Dominant_1,R3,2026-08-10T09:48:09.640522Z,behavior_monitor,13,959,916,960,809,650,824,107.19,322.42,310.12,system,NA,0.75,3.5,90.24,129.41,0.0,130.47,54.25
Human Dominant_1,R3,2026-08-10T09:48:09.809865Z,flight_missed,13,958,955,977,791,664,844,164.63,313.33,317.41,system,NA,0.656,3.5,90.24,138.47,-58.94,130.47,54.25
Human Dominant_1,R3,2026-08-10T09:48:09.810454Z,flight_spawn,14,632,-20,977,791,664,844,881.99,864.98,317.41,system,NA,0.495,2.83,135.0,138.47,-58.94,130.47,54.25
Human Dominant_1,R3,2026-08-10T09:48:09.860360Z,human_signal,14,628,-16,980,787,664,844,877.24,861.16,320.46,human,your_turn,0.495,2.83,135.0,138.96,-59.61,0.0,54.25
Human Dominant_1,R3,2026-08-10T09:48:09.860839Z,human_signal,14,626,-14,981,785,664,844,874.64,859.23,322.0,human,your_turn,0.496,2.83,135.0,138.96,-59.61,0.0,54.25
Human Dominant_1,R3,2026-08-10T09:48:10.147852Z,behavior_monitor,14,603,23,1000,752,664,844,830.35,823.57,348.12,system,NA,0.498,2.83,105.34,140.9,-59.88,0.0,54.25
Human Dominant_1,R3,2026-08-10T09:48:10.656414Z,behavior_monitor,14,611,105,1012,686,621,784,705.95,679.02,402.74,system,NA,0.49,2.83,102.59,129.41,-90.0,150.04,-125.75
Human Dominant_1,R3,2026-08-10T09:48:11.162763Z,behavior_monitor,14,621,187,1041,626,599,722,606.77,534.93,451.97,system,NA,0.469,2.83,109.2,139.81,-43.47,121.76,-90.0
Human Dominant_1,R3,2026-08-10T09:48:11.670845Z,behavior_monitor,14,584,264,1083,570,568,660,585.43,395.77,523.21,system,NA,0.403,2.83,111.94,141.14,-50.17,150.04,-125.75
Human Dominant_1,R3,2026-08-10T09:48:12.177369Z,behavior_monitor,14,578,348,1103,505,558,598,548.46,251.48,553.72,system,NA,0.314,2.83,87.76,133.72,-75.42,121.76,-90.0
Human Dominant_1,R3,2026-08-10T09:48:12.295457Z,human_signal,14,585,366,1107,492,561,584,537.88,219.36,554.42,human,your_turn,0.29,2.83,64.28,73.61,-62.79,121.76,-90.0
Human Dominant_1,R3,2026-08-10T09:48:12.296201Z,human_signal,14,586,368,1108,492,561,584,536.76,216.96,554.99,human,your_turn,0.288,2.83,64.28,73.61,-62.79,121.76,-90.0
Human Dominant_1,R3,2026-08-10T09:48:12.684523Z,behavior_monitor,14,614,424,1108,492,591,565,498.11,142.95,522.6,system,NA,0.223,2.83,64.28,0.0,0.0,0.0,0.38
Human Dominant_1,R3,2026-08-10T09:48:13.193667Z,behavior_monitor,14,654,501,1112,492,630,566,457.83,69.32,486.97,system,NA,0.132,2.83,64.28,63.12,0.0,0.0,0.0
Human Dominant_1,R3,2026-08-10T09:48:13.432088Z,shot_miss,14,665,540,1138,492,642,565,474.68,33.92,500.78,agent,NA,0.067,2.83,92.86,129.41,0.0,0.0,0.0
Human Dominant_1,R3,2026-08-10T09:48:13.703665Z,behavior_monitor,14,661,583,1139,492,642,576,485.81,20.43,503.43,system,NA,0.04,2.83,92.86,0.0,0.0,121.76,90.0
Human Dominant_1,R3,2026-08-10T09:48:13.803503Z,shot_hit,14,662,603,1139,492,642,590,489.13,23.46,506.04,agent,NA,0.046,2.83,92.86,0.0,0.0,129.38,90.0
Human Dominant_1,R3,2026-08-10T09:48:13.804016Z,flight_spawn,15,576,-20,1139,492,642,590,761.14,614.25,506.04,system,NA,0.447,2.91,46.63,0.0,0.0,129.38,90.0
Human Dominant_1,R3,2026-08-10T09:48:14.749668Z,human_signal,15,696,81,1106,471,647,565,566.26,486.54,468.52,human,your_turn,0.462,2.91,25.46,76.47,0.0,76.24,0.0
Human Dominant_1,R3,2026-08-10T09:48:14.750378Z,behavior_monitor,15,696,81,1106,471,647,565,566.26,486.54,468.52,system,NA,0.462,2.91,25.46,84.71,0.0,76.24,0.0
Human Dominant_1,R3,2026-08-10T09:48:14.750889Z,human_signal,15,698,82,1108,471,647,565,565.17,485.53,470.46,human,your_turn,0.462,2.91,25.46,84.71,0.0,76.24,0.0
Human Dominant_1,R3,2026-08-10T09:48:15.258211Z,behavior_monitor,15,759,134,1118,446,691,565,474.81,435.92,442.98,system,NA,0.479,2.91,68.98,54.88,-135.52,87.67,0.0
Human Dominant_1,R3,2026-08-10T09:48:15.762665Z,behavior_monitor,15,784,217,1127,446,737,566,412.47,352.0,408.55,system,NA,0.46,2.91,91.24,137.5,0.0,93.15,0.0
Human Dominant_1,R3,2026-08-10T09:48:15.966399Z,human_signal,15,781,252,1148,444,754,566,414.01,314.98,411.73,human,your_turn,0.432,2.91,91.24,86.34,-23.78,87.67,0.0
Human Dominant_1,R3,2026-08-10T09:48:15.967092Z,human_signal,15,780,255,1149,443,754,566,414.31,312.01,413.28,human,your_turn,0.43,2.91,91.24,86.36,-24.98,87.67,0.0
Human Dominant_1,R3,2026-08-10T09:48:16.271391Z,behavior_monitor,15,774,303,1182,426,757,566,426.54,263.04,447.3,system,NA,0.381,2.91,118.7,121.1,-48.65,0.0,0.0
Human Dominant_1,R3,2026-08-10T09:48:16.778708Z,behavior_monitor,15,771,385,1201,402,748,566,429.85,182.38,480.84,system,NA,0.298,2.91,71.91,0.0,-90.0,87.67,0.0
Human Dominant_1,R3,2026-08-10T09:48:17.286848Z,behavior_monitor,15,798,468,1213,402,774,566,420.58,100.96,468.78,system,NA,0.194,2.91,71.91,0.0,0.0,0.0,0.0
Human Dominant_1,R3,2026-08-10T09:48:17.722458Z,shot_hit,15,806,544,1252,433,783,566,459.09,31.44,486.79,agent,NA,0.064,2.91,95.97,64.61,45.53,0.0,-53.59
Human Dominant_1,R3,2026-08-10T09:48:17.722927Z,flight_spawn,16,847,-20,1252,433,783,566,608.16,589.57,486.79,system,NA,0.492,2.88,46.08,64.61,45.53,0.0,-53.59
Human Dominant_1,R3,2026-08-10T09:48:18.567644Z,human_signal,16,956,45,1229,487,818,566,519.22,538.25,418.63,human,i_can,0.509,2.88,2.05,107.37,180.0,76.24,0.0
Human Dominant_1,R3,2026-08-10T09:48:18.584615Z,behavior_monitor,16,956,45,1229,487,819,566,519.22,537.92,417.36,system,NA,0.509,2.88,2.05,126.1,-155.85,76.24,0.0
Human Dominant_1,R3,2026-08-10T09:48:19.094717Z,behavior_monitor,16,1036,67,1193,452,858,566,416.39,529.25,353.54,system,NA,0.56,2.88,49.0,0.0,-90.0,76.24,0.0
Human Dominant_1,R3,2026-08-10T09:48:19.601372Z,behavior_monitor,16,1070,142,1193,452,897,566,333.64,457.42,317.39,system,NA,0.578,2.88,68.55,0.0,-90.0,76.24,0.0
Human Dominant_1,R3,2026-08-10T09:48:19.653072Z,human_signal,16,1074,153,1193,452,901,566,322.01,447.73,313.76,human,i_can,0.582,2.88,95.0,0.0,-90.0,76.24,0.0
Human Dominant_1,R3,2026-08-10T09:48:19.889757Z,human_signal,16,1072,193,1185,452,919,566,282.08,402.28,289.12,human,i_can,0.588,2.88,95.0,113.02,180.0,76.24,0.0
Human Dominant_1,R3,2026-08-10T09:48:20.110467Z,behavior_monitor,16,1077,227,1161,440,936,566,228.69,367.49,258.21,system,NA,0.616,2.88,72.84,137.63,-149.01,76.24,0.0
Human Dominant_1,R3,2026-08-10T09:48:20.246412Z,human_signal,16,1083,252,1143,428,946,566,186.19,342.91,240.56,human,i_can,0.648,2.88,97.92,140.85,-144.92,73.4,-1.72
Human Dominant_1,R3,2026-08-10T09:48:20.617012Z,behavior_monitor,16,1072,312,1106,397,975,566,91.42,272.5,214.11,system,NA,0.749,2.88,97.92,137.73,-143.34,76.24,0.0
Human Dominant_1,R3,2026-08-10T09:48:20.954633Z,shot_hit,16,1045,361,1067,370,1001,566,24.24,208.96,206.35,human,NA,0.896,2.88,121.57,136.14,-151.43,76.24,0.0
Human Dominant_1,R3,2026-08-10T09:48:20.955584Z,flight_spawn,17,1053,-20,1067,370,1001,566,391.13,588.67,206.35,system,NA,0.601,2.83,135.0,136.14,-151.43,76.24,0.0
Human Dominant_1,R3,2026-08-10T09:48:21.631125Z,human_signal,17,974,63,1073,368,984,566,320.75,502.51,216.52,human,i_can,0.61,2.83,109.77,126.14,-158.09,0.0,180.0
Human Dominant_1,R3,2026-08-10T09:48:21.647714Z,behavior_monitor,17,974,63,1073,368,984,566,320.75,502.51,216.52,system,NA,0.61,2.83,109.77,125.09,-158.42,0.0,180.0
Human Dominant_1,R3,2026-08-10T09:48:22.155657Z,behavior_monitor,17,949,143,1007,364,953,565,228.52,422.2,208.53,system,NA,0.649,2.83,109.77,129.41,180.0,76.24,180.0
Human Dominant_1,R3,2026-08-10T09:48:22.663519Z,behavior_monitor,17,919,223,941,364,913,565,142.9,342.02,202.85,system,NA,0.705,2.83,109.77,129.41,180.0,76.24,180.0
Human Dominant_1,R3,2026-08-10T09:48:23.171318Z,behavior_monitor,17,915,305,894,364,894,565,62.82,261.08,201.15,system,NA,0.806,2.83,80.02,0.0,180.0,30.8,-151.91
Human Dominant_1,R3,2026-08-10T09:48:23.442880Z,shot_hit,17,925,350,918,364,902,565,16.17,216.62,201.48,human,NA,0.931,2.83,80.02,119.34,0.0,0.0,0.0
Human Dominant_1,R3,2026-08-10T09:48:23.443893Z,flight_spawn,18,786,-20,918,364,902,565,406.69,596.82,201.48,system,NA,0.595,3.27,52.34,119.34,0.0,0.0,0.0
Human Dominant_1,R3,2026-08-10T09:48:23.965467Z,human_signal,18,859,56,966,397,888,565,357.36,509.46,184.87,human,i_can,0.588,3.27,54.1,125.82,32.38,76.24,180.0
Human Dominant_1,R3,2026-08-10T09:48:23.982159Z,behavior_monitor,18,859,56,966,397,887,565,357.36,509.39,185.42,system,NA,0.588,3.27,54.1,130.19,31.64,76.24,180.0
Human Dominant_1,R3,2026-08-10T09:48:24.492762Z,behavior_monitor,18,916,136,954,373,887,565,240.39,430.09,203.0,system,NA,0.641,3.27,54.1,56.07,-90.0,76.24,0.0
Human Dominant_1,R3,2026-08-10T09:48:25.002393Z,behavior_monitor,18,974,216,980,372,913,565,155.88,354.16,204.33,system,NA,0.694,3.27,79.82,129.41,0.0,76.24,0.0
Human Dominant_1,R3,2026-08-10T09:48:25.510639Z,behavior_monitor,18,961,312,985,372,942,565,65.1,254.2,197.98,system,NA,0.796,3.27,104.2,137.5,180.0,0.0,0.0
Human Dominant_1,R3,2026-08-10T09:48:25.748318Z,shot_hit,18,950,356,954,367,933,566,11.79,210.12,199.79,human,NA,0.947,3.27,104.2,137.72,-158.43,0.0,180.0
Human Dominant_1,R3,2026-08-10T09:48:25.748881Z,flight_spawn,19,812,-20,954,367,933,566,413.14,598.79,199.79,system,NA,0.592,2.83,45.0,137.72,-158.43,0.0,180.0
Human Dominant_1,R3,2026-08-10T09:48:26.222157Z,human_signal,19,881,20,954,375,933,566,362.23,548.49,192.35,human,i_can,0.602,2.83,23.2,124.8,37.14,0.0,180.0
Human Dominant_1,R3,2026-08-10T09:48:26.239430Z,behavior_monitor,19,881,20,954,375,933,566,362.23,548.49,192.35,system,NA,0.602,2.83,23.2,36.18,90.0,0.0,180.0
Human Dominant_1,R3,2026-08-10T09:48:26.746855Z,behavior_monitor,19,961,50,988,368,934,566,318.78,516.56,205.43,system,NA,0.618,2.83,0.31,0.0,-90.0,76.24,0.0
Human Dominant_1,R3,2026-08-10T09:48:27.251807Z,behavior_monitor,19,1046,58,1020,368,973,566,310.4,512.81,203.76,system,NA,0.623,2.83,6.09,137.5,0.0,81.0,0.0
Human Dominant_1,R3,2026-08-10T09:48:27.760667Z,behavior_monitor,19,1127,83,1086,368,1011,566,287.04,496.39,212.15,system,NA,0.634,2.83,44.31,129.41,0.0,54.79,21.6
Human Dominant_1,R3,2026-08-10T09:48:27.946986Z,human_signal,19,1142,112,1112,368,1025,566,256.79,468.23,216.67,human,i_can,0.646,2.83,74.15,129.41,0.0,76.24,0.0
Human Dominant_1,R3,2026-08-10T09:48:28.261886Z,behavior_monitor,19,1129,159,1140,365,1049,566,205.87,414.75,220.63,system,NA,0.668,2.83,120.1,0.0,-90.0,76.24,0.0
Human Dominant_1,R3,2026-08-10T09:48:28.769313Z,behavior_monitor,19,1084,229,1085,365,1071,567,136.04,337.91,202.06,system,NA,0.713,2.83,140.25,129.41,180.0,76.24,180.0
Human Dominant_1,R3,2026-08-10T09:48:29.272459Z,behavior_monitor,19,1008,258,1019,365,1031,566,107.48,309.3,201.88,system,NA,0.742,2.83,161.49,137.5,180.0,81.0,180.0
Human Dominant_1,R3,2026-08-10T09:48:29.357783Z,human_signal,19,991,263,1006,365,1025,566,102.63,304.94,202.39,human,i_can,0.748,2.83,161.49,129.41,180.0,76.24,180.0
Human Dominant_1,R3,2026-08-10T09:48:29.778494Z,behavior_monitor,19,931,291,953,365,992,565,77.37,281.11,203.94,system,NA,0.784,2.83,139.3,129.41,180.0,76.24,180.0
Human Dominant_1,R3,2026-08-10T09:48:30.287499Z,behavior_monitor,19,860,331,887,365,979,565,43.17,262.65,220.47,system,NA,0.859,2.83,132.64,129.41,180.0,76.24,180.0
Human Dominant_1,R3,2026-08-10T09:48:30.641202Z,shot_hit,19,819,370,841,367,952,565,22.01,236.05,227.45,human,NA,0.915,2.83,160.3,134.33,164.45,76.24,180.0
Human Dominant_1,R3,2026-08-10T09:48:30.641798Z,flight_spawn,20,705,-20,841,367,952,565,410.49,635.69,227.45,system,NA,0.608,3.37,126.41,134.33,164.45,76.24,180.0
Human Dominant_1,R3,2026-08-10T09:48:31.284304Z,human_signal,20,637,90,756,395,925,565,327.29,555.9,240.03,human,i_can,0.629,3.37,128.55,129.41,180.0,76.24,180.0
Human Dominant_1,R3,2026-08-10T09:48:31.300122Z,behavior_monitor,20,637,90,756,395,924,565,327.29,555.23,239.12,system,NA,0.629,3.37,128.55,129.41,180.0,76.24,180.0
Human Dominant_1,R3,2026-08-10T09:48:31.807074Z,behavior_monitor,20,574,169,690,395,885,566,253.92,504.27,259.32,system,NA,0.665,3.37,128.55,137.5,180.0,91.51,163.86
Human Dominant_1,R3,2026-08-10T09:48:32.310423Z,behavior_monitor,20,549,264,624,395,847,566,150.68,423.46,280.43,system,NA,0.738,3.37,113.01,129.41,180.0,76.24,180.0
Human Dominant_1,R3,2026-08-10T09:48:32.820111Z,behavior_monitor,20,501,351,558,393,808,565,71.39,374.52,303.16,system,NA,0.84,3.37,163.35,129.41,180.0,76.24,180.0
Human Dominant_1,R3,2026-08-10T09:48:33.328851Z,behavior_monitor,20,407,388,493,399,769,566,87.06,403.79,322.71,system,NA,0.823,3.37,133.84,140.41,142.65,76.24,180.0
Human Dominant_1,R3,2026-08-10T09:48:33.836168Z,behavior_monitor,20,358,473,442,450,748,565,87.47,401.06,327.27,system,NA,0.821,3.37,106.85,138.91,126.09,0.0,180.0
Human Dominant_1,R3,2026-08-10T09:48:34.342568Z,behavior_monitor,20,378,567,429,514,714,565,73.37,336.42,290.29,system,NA,0.821,3.37,56.99,129.41,90.0,76.24,180.0
Human Dominant_1,R3,2026-08-10T09:48:34.783728Z,human_signal,20,357,647,395,560,681,611,94.92,325.81,290.76,human,i_can,0.774,3.37,133.54,129.41,180.0,130.47,125.75
Human Dominant_1,R3,2026-08-10T09:48:34.853014Z,behavior_monitor,20,351,654,388,560,676,618,101.45,326.56,293.5,system,NA,0.763,3.37,133.54,129.41,180.0,130.47,125.75
Human Dominant_1,R3,2026-08-10T09:48:35.359732Z,behavior_monitor,20,277,721,348,607,637,672,133.84,363.09,295.97,system,NA,0.731,3.37,136.42,139.35,111.78,130.47,125.75
Human Dominant_1,R3,2026-08-10T09:48:35.862236Z,behavior_monitor,20,188,763,320,673,599,725,159.86,412.22,283.21,system,NA,0.721,3.37,161.99,141.32,114.1,130.47,125.75
Human Dominant_1,R3,2026-08-10T09:48:36.370057Z,behavior_monitor,20,96,794,285,736,560,780,197.8,464.6,279.11,system,NA,0.701,3.37,136.44,140.66,125.02,146.12,120.6
Human Dominant_1,R3,2026-08-10T09:48:36.878564Z,behavior_monitor,20,55,887,240,791,521,834,207.82,468.81,284.64,system,NA,0.693,3.37,129.53,140.8,126.82,130.47,125.75
Human Dominant_1,R3,2026-08-10T09:48:37.317365Z,flight_missed,20,40,953,199,759,486,883,250.54,451.97,312.69,system,NA,0.643,2.9,38.79,138.27,-117.86,130.47,125.75
Human Dominant_1,R4,2026-08-10T09:48:45.715138Z,flight_spawn,1,259,-20,199,759,486,883,782.0,931.48,312.69,system,NA,0.544,3.55,55.68,0.0,-116.33,0.0,125.75
Human Dominant_1,R4,2026-08-10T09:48:49.454538Z,human_signal,1,328,113,1105,663,331,705,952.58,592.18,775.06,human,your_turn,0.383,3.55,59.57,147.17,-127.89,138.63,-125.75
Human Dominant_1,R4,2026-08-10T09:48:49.455451Z,behavior_monitor,1,328,113,1105,663,331,705,952.58,592.18,775.06,system,NA,0.383,3.55,59.57,138.51,-127.89,130.47,-125.75
Human Dominant_1,R4,2026-08-10T09:48:49.455832Z,human_signal,1,330,116,1104,661,331,705,946.94,589.11,773.72,human,your_turn,0.384,3.55,59.57,138.51,-127.89,130.47,-125.75
Human Dominant_1,R4,2026-08-10T09:48:49.960549Z,behavior_monitor,1,360,211,1080,607,336,643,821.44,432.11,744.49,system,NA,0.345,3.55,83.68,132.5,-113.09,121.76,-90.0
Human Dominant_1,R4,2026-08-10T09:48:50.465880Z,behavior_monitor,1,385,313,1074,567,357,581,735.17,269.1,717.7,system,NA,0.268,3.55,60.46,0.0,-90.0,150.04,-54.25
Human Dominant_1,R4,2026-08-10T09:48:50.970987Z,behavior_monitor,1,435,406,1074,567,401,566,659.33,164.23,672.96,system,NA,0.199,3.55,60.46,0.0,-90.0,93.15,0.0
Human Dominant_1,R4,2026-08-10T09:48:51.476587Z,behavior_monitor,1,486,498,1102,565,446,565,619.72,77.56,655.96,system,NA,0.111,3.55,60.46,33.92,-90.0,87.67,0.0
Human Dominant_1,R4,2026-08-10T09:48:51.828667Z,shot_hit,1,508,572,1102,565,479,567,593.62,29.8,622.89,agent,NA,0.048,3.55,82.64,0.0,-90.0,87.67,0.0
Human Dominant_1,R4,2026-08-10T09:48:51.829015Z,flight_spawn,2,1121,-20,1102,565,479,567,585.56,870.1,622.89,system,NA,0.598,2.96,47.52,0.0,-90.0,87.67,0.0
Human Dominant_1,R4,2026-08-10T09:48:52.555692Z,human_signal,2,1203,75,1108,527,506,565,462.1,851.98,602.95,human,i_can,0.648,2.96,76.5,138.8,-51.98,76.24,0.0
Human Dominant_1,R4,2026-08-10T09:48:52.572492Z,behavior_monitor,2,1203,75,1108,527,507,565,462.1,850.92,601.66,system,NA,0.648,2.96,76.5,138.86,-51.62,76.24,0.0
Human Dominant_1,R4,2026-08-10T09:48:53.081533Z,behavior_monitor,2,1247,148,1145,468,546,565,336.02,815.41,606.75,system,NA,0.708,2.96,50.8,132.47,-53.59,76.24,0.0
Human Dominant_1,R4,2026-08-10T09:48:53.585630Z,behavior_monitor,2,1333,161,1207,445,585,565,310.72,850.0,632.86,system,NA,0.732,2.96,1.37,129.41,0.0,76.24,0.0
Human Dominant_1,R4,2026-08-10T09:48:54.090555Z,behavior_monitor,2,1417,182,1273,445,624,564,300.52,880.41,659.06,system,NA,0.746,2.96,25.68,129.41,0.0,76.24,0.0
Human Dominant_1,R4,2026-08-10T09:48:54.600428Z,behavior_monitor,2,1420,212,1317,445,663,564,255.44,835.11,664.18,system,NA,0.766,2.03,142.81,0.0,0.0,76.24,0.0
Human Dominant_1,R4,2026-08-10T09:48:55.109300Z,behavior_monitor,2,1369,248,1296,429,701,564,194.51,738.34,609.62,system,NA,0.791,2.03,142.81,128.47,-136.54,76.24,0.0
Human Dominant_1,R4,2026-08-10T09:48:55.614262Z,behavior_monitor,2,1318,285,1278,411,740,564,132.06,642.07,559.43,system,NA,0.829,2.03,142.81,72.09,-148.82,81.0,0.0
Human Dominant_1,R4,2026-08-10T09:48:56.118222Z,behavior_monitor,2,1282,334,1240,377,779,564,60.47,553.01,497.06,system,NA,0.901,2.03,113.86,33.34,0.0,76.24,0.0
Human Dominant_1,R4,2026-08-10T09:48:56.371645Z,shot_miss,2,1280,362,1254,376,798,564,28.97,521.98,493.16,human,NA,0.947,2.03,92.88,125.47,0.0,76.24,0.0
Human Dominant_1,R4,2026-08-10T09:48:56.625874Z,behavior_monitor,2,1286,392,1280,378,818,564,14.86,499.02,497.75,system,NA,0.971,2.03,92.2,140.86,45.98,76.24,0.0
Human Dominant_1,R4,2026-08-10T09:48:56.745268Z,shot_hit,2,1284,406,1288,392,827,564,14.24,484.01,492.39,human,NA,0.971,2.03,92.2,137.65,63.13,76.24,0.0
Human Dominant_1,R4,2026-08-10T09:48:56.745691Z,flight_spawn,3,918,-20,1288,392,827,564,554.76,591.37,492.39,system,NA,0.516,3.03,48.64,137.65,63.13,76.24,0.0
Human Dominant_1,R4,2026-08-10T09:48:57.387233Z,human_signal,3,994,69,1272,468,850,564,486.46,515.29,433.25,human,i_can,0.514,3.03,38.99,134.31,164.48,76.24,0.0
Human Dominant_1,R4,2026-08-10T09:48:57.403524Z,behavior_monitor,3,994,69,1272,468,851,564,486.46,514.93,431.98,system,NA,0.514,3.03,38.99,129.41,180.0,76.24,0.0
Human Dominant_1,R4,2026-08-10T09:48:57.911138Z,behavior_monitor,3,1028,146,1206,468,890,564,367.51,439.75,330.54,system,NA,0.545,3.03,62.98,129.41,180.0,76.24,0.0
Human Dominant_1,R4,2026-08-10T09:48:58.419815Z,behavior_monitor,3,1071,222,1143,440,924,564,229.38,372.17,251.0,system,NA,0.619,3.03,34.74,137.92,-151.49,0.0,0.0
Human Dominant_1,R4,2026-08-10T09:48:58.927509Z,behavior_monitor,3,1111,292,1133,386,924,564,96.52,329.79,274.26,system,NA,0.774,3.03,140.51,139.24,-61.77,0.0,0.0
Human Dominant_1,R4,2026-08-10T09:48:59.433273Z,behavior_monitor,3,1038,350,1091,354,962,564,53.57,227.41,246.58,system,NA,0.809,3.03,140.51,138.78,152.31,76.24,0.0
Human Dominant_1,R4,2026-08-10T09:48:59.535311Z,shot_miss,3,1023,361,1079,362,970,564,56.51,209.61,229.98,human,NA,0.788,3.03,140.51,140.04,145.18,76.24,0.0
Human Dominant_1,R4,2026-08-10T09:48:59.888855Z,human_signal,3,973,402,1046,381,967,564,75.86,162.43,199.54,human,your_turn,0.682,3.03,140.51,0.0,180.0,81.0,180.0
Human Dominant_1,R4,2026-08-10T09:48:59.889480Z,human_signal,3,972,404,1046,381,967,564,78.02,160.45,199.54,human,your_turn,0.673,3.03,140.51,0.0,180.0,76.24,180.0
Human Dominant_1,R4,2026-08-10T09:48:59.940146Z,behavior_monitor,3,967,408,1047,382,962,564,84.08,156.44,201.0,system,NA,0.65,3.03,140.51,72.1,39.25,87.67,180.0
Human Dominant_1,R4,2026-08-10T09:49:00.449582Z,behavior_monitor,3,902,468,1083,385,918,565,199.83,98.27,244.4,system,NA,0.33,3.03,140.46,129.41,0.0,87.67,180.0
Human Dominant_1,R4,2026-08-10T09:49:00.958493Z,behavior_monitor,3,828,526,1120,385,874,565,323.68,60.17,304.85,system,NA,0.157,3.03,140.46,0.0,0.0,82.8,180.0
Human Dominant_1,R4,2026-08-10T09:49:01.466984Z,behavior_monitor,3,743,547,1120,385,829,565,410.21,88.34,341.76,system,NA,0.177,3.03,162.03,0.0,0.0,87.67,180.0
Human Dominant_1,R4,2026-08-10T09:49:01.970296Z,behavior_monitor,3,655,575,1120,385,785,570,502.26,130.38,382.23,system,NA,0.206,3.03,162.03,0.0,0.0,93.15,180.0
Human Dominant_1,R4,2026-08-10T09:49:02.479782Z,behavior_monitor,3,574,612,1120,403,740,607,583.89,166.03,430.57,system,NA,0.221,3.03,133.11,0.0,90.0,150.04,125.75
Human Dominant_1,R4,2026-08-10T09:49:02.990470Z,behavior_monitor,3,488,629,1120,406,695,624,670.25,207.72,476.97,system,NA,0.237,3.03,178.75,39.26,90.0,87.67,180.0
Human Dominant_1,R4,2026-08-10T09:49:03.497805Z,behavior_monitor,3,409,656,1120,439,651,646,743.04,242.09,512.34,system,NA,0.246,3.03,105.73,0.0,90.0,150.04,125.75
Human Dominant_1,R4,2026-08-10T09:49:04.006399Z,behavior_monitor,3,339,714,1120,439,606,708,828.07,267.82,579.19,system,NA,0.244,3.03,150.5,0.0,90.0,150.04,125.75
Human Dominant_1,R4,2026-08-10T09:49:04.513734Z,behavior_monitor,3,284,783,1138,449,562,768,917.29,278.49,658.34,system,NA,0.233,3.03,123.05,135.21,29.36,150.04,125.75
Human Dominant_1,R4,2026-08-10T09:49:05.531173Z,flight_missed,3,244,953,1159,499,470,895,1021.23,233.43,794.27,system,NA,0.186,3.03,74.84,127.97,180.0,148.46,139.93
Human Dominant_1,R4,2026-08-10T09:49:05.532026Z,flight_spawn,4,1177,-20,1159,499,470,895,520.22,1155.83,794.27,system,NA,0.69,2.83,135.0,127.97,180.0,148.46,139.93
Human Dominant_1,R4,2026-08-10T09:49:07.127387Z,human_signal,4,940,63,1016,438,494,862,382.93,915.31,672.55,human,i_can,0.705,2.83,103.89,136.3,-159.13,130.47,-54.25
Human Dominant_1,R4,2026-08-10T09:49:07.144196Z,behavior_monitor,4,940,63,1016,438,495,860,382.93,913.1,670.41,system,NA,0.705,2.83,103.89,136.38,-159.24,130.47,-54.25
Human Dominant_1,R4,2026-08-10T09:49:07.652670Z,behavior_monitor,4,911,139,953,408,534,806,272.4,766.86,578.18,system,NA,0.738,2.83,160.95,138.44,-145.48,130.47,-54.25
Human Dominant_1,R4,2026-08-10T09:49:08.161874Z,behavior_monitor,4,840,175,891,382,573,752,213.28,635.72,487.82,system,NA,0.749,2.83,139.42,129.41,180.0,130.47,-54.25
Human Dominant_1,R4,2026-08-10T09:49:08.671182Z,behavior_monitor,4,775,230,825,382,612,699,159.71,496.4,381.73,system,NA,0.757,2.83,139.42,129.41,180.0,130.47,-54.25
Human Dominant_1,R4,2026-08-10T09:49:09.180450Z,behavior_monitor,4,705,274,759,375,651,645,114.64,375.34,290.73,system,NA,0.766,2.83,162.05,135.12,-163.28,121.85,-57.96
Human Dominant_1,R4,2026-08-10T09:49:09.690709Z,behavior_monitor,4,622,302,693,370,634,591,97.88,289.17,228.9,system,NA,0.747,2.83,134.08,129.41,180.0,130.47,-125.75
Human Dominant_1,R4,2026-08-10T09:49:10.198720Z,behavior_monitor,4,562,363,632,366,595,566,70.21,205.54,203.7,system,NA,0.745,2.83,134.08,97.43,-40.81,76.24,180.0
Human Dominant_1,R4,2026-08-10T09:49:10.214836Z,human_signal,4,560,365,634,364,594,566,73.64,203.58,205.49,human,your_turn,0.734,2.83,134.08,97.43,-40.81,76.24,180.0
Human Dominant_1,R4,2026-08-10T09:49:10.215396Z,human_signal,4,558,367,636,363,594,566,77.75,201.95,207.09,human,your_turn,0.722,2.83,134.08,131.47,-32.97,76.24,180.0
Human Dominant_1,R4,2026-08-10T09:49:10.675099Z,human_signal,4,496,401,691,354,554,566,201.0,175.04,252.62,human,your_turn,0.465,2.83,178.87,129.41,0.0,87.67,180.0
Human Dominant_1,R4,2026-08-10T09:49:10.675715Z,human_signal,4,493,401,693,354,554,566,206.15,176.03,253.83,human,your_turn,0.461,2.83,178.87,129.41,0.0,87.67,180.0
Human Dominant_1,R4,2026-08-10T09:49:10.708447Z,behavior_monitor,4,489,401,696,354,551,566,211.67,176.15,256.71,system,NA,0.454,2.83,178.87,129.41,0.0,87.67,180.0
Human Dominant_1,R4,2026-08-10T09:49:11.214238Z,behavior_monitor,4,409,420,761,376,507,566,354.36,175.0,317.6,system,NA,0.331,2.83,172.64,138.65,30.53,87.67,180.0
Human Dominant_1,R4,2026-08-10T09:49:11.722682Z,behavior_monitor,4,335,452,767,381,462,565,438.05,170.33,356.21,system,NA,0.28,2.83,129.88,0.0,90.0,82.8,180.0
Human Dominant_1,R4,2026-08-10T09:49:12.228844Z,behavior_monitor,4,286,520,789,419,418,566,513.2,139.78,399.32,system,NA,0.214,2.83,125.0,0.0,90.0,82.8,180.0
Human Dominant_1,R4,2026-08-10T09:49:12.736475Z,behavior_monitor,4,241,590,789,419,373,583,573.8,131.73,447.31,system,NA,0.187,2.83,104.86,0.0,90.0,150.04,125.75
Human Dominant_1,R4,2026-08-10T09:49:13.244564Z,behavior_monitor,4,221,672,789,419,327,645,621.84,109.82,514.04,system,NA,0.15,2.83,104.86,0.0,90.0,175.15,127.47
Human Dominant_1,R4,2026-08-10T09:49:13.753708Z,behavior_monitor,4,202,753,789,419,282,707,675.47,92.9,582.57,system,NA,0.121,2.83,108.87,0.0,90.0,144.25,133.72
Human Dominant_1,R4,2026-08-10T09:49:14.259167Z,behavior_monitor,4,171,833,789,419,238,768,743.78,92.64,652.72,system,NA,0.111,2.83,135.1,0.0,90.0,150.04,125.75
Human Dominant_1,R4,2026-08-10T09:49:14.769992Z,behavior_monitor,4,149,912,789,420,193,831,806.82,92.2,723.63,system,NA,0.103,2.83,87.43,36.51,90.0,150.04,125.75
Human Dominant_1,R4,2026-08-10T09:49:15.024747Z,flight_missed,4,163,954,811,441,169,864,826.11,90.52,768.09,system,NA,0.099,2.83,95.55,138.82,41.02,150.04,125.75
Human Dominant_1,R4,2026-08-10T09:49:15.025458Z,flight_spawn,5,912,-20,811,441,169,864,472.82,1154.83,768.09,system,NA,0.71,2.85,134.55,138.82,41.02,150.04,125.75
Human Dominant_1,R4,2026-08-10T09:49:15.565537Z,human_signal,5,886,62,854,449,187,839,387.87,1044.14,772.38,human,your_turn,0.729,2.85,108.88,108.53,-109.76,130.47,-54.25
Human Dominant_1,R4,2026-08-10T09:49:15.566515Z,behavior_monitor,5,886,62,854,449,187,839,387.87,1044.14,772.38,system,NA,0.729,2.85,108.88,111.27,-109.83,130.47,-54.25
Human Dominant_1,R4,2026-08-10T09:49:15.567052Z,human_signal,5,885,65,854,447,187,839,383.41,1041.95,772.73,human,your_turn,0.731,2.85,108.88,111.27,-109.83,130.47,-54.25
Human Dominant_1,R4,2026-08-10T09:49:16.039978Z,human_signal,5,856,141,841,397,229,781,256.23,895.6,722.46,human,i_can,0.778,2.85,108.88,103.54,-90.0,150.04,-54.25
Human Dominant_1,R4,2026-08-10T09:49:16.074350Z,behavior_monitor,5,854,143,841,395,232,777,251.68,888.25,719.3,system,NA,0.779,2.85,108.88,104.87,-90.0,130.47,-54.25
Human Dominant_1,R4,2026-08-10T09:49:16.583427Z,behavior_monitor,5,807,209,819,363,271,723,154.5,743.13,655.98,system,NA,0.828,2.85,153.91,94.03,180.0,130.47,-54.25
Human Dominant_1,R4,2026-08-10T09:49:17.092976Z,behavior_monitor,5,766,274,754,380,310,669,106.68,604.42,530.42,system,NA,0.85,2.85,100.31,129.41,180.0,130.47,-54.25
Human Dominant_1,R4,2026-08-10T09:49:17.605059Z,behavior_monitor,5,756,358,728,370,348,616,29.83,482.19,452.73,system,NA,0.942,2.85,80.3,67.79,-35.43,130.47,-54.25
Human Dominant_1,R4,2026-08-10T09:49:17.655553Z,shot_hit,5,756,366,733,368,352,610,22.73,471.93,451.92,human,NA,0.954,2.85,80.3,127.54,-19.53,130.47,-54.25
Human Dominant_1,R4,2026-08-10T09:49:17.656008Z,flight_spawn,6,846,-20,733,368,352,610,404.08,800.93,451.92,system,NA,0.665,3.14,129.64,127.54,-19.53,130.47,-54.25
Human Dominant_1,R4,2026-08-10T09:49:18.773707Z,human_signal,6,794,157,747,381,413,567,229.16,559.35,381.88,human,i_can,0.709,3.14,47.26,102.2,-43.85,76.24,0.0
Human Dominant_1,R4,2026-08-10T09:49:18.790416Z,behavior_monitor,6,794,157,747,381,415,566,229.16,558.27,380.55,system,NA,0.709,3.14,47.26,103.15,-38.88,86.48,-4.35
Human Dominant_1,R4,2026-08-10T09:49:19.298511Z,behavior_monitor,6,882,191,782,383,453,566,217.46,570.29,375.81,system,NA,0.724,3.14,0.18,134.71,16.13,76.24,0.0
Human Dominant_1,R4,2026-08-10T09:49:19.807400Z,behavior_monitor,6,975,191,848,389,492,565,236.06,611.22,396.62,system,NA,0.721,3.14,0.18,129.41,0.0,76.24,0.0
Human Dominant_1,R4,2026-08-10T09:49:20.315207Z,behavior_monitor,6,1065,221,913,407,531,565,240.17,635.63,413.64,system,NA,0.726,3.14,48.18,138.29,27.45,76.24,0.0
Human Dominant_1,R4,2026-08-10T09:49:20.823284Z,behavior_monitor,6,1132,284,967,452,570,565,235.37,628.36,413.19,system,NA,0.727,3.14,20.31,138.88,44.68,76.24,0.0
Human Dominant_1,R4,2026-08-10T09:49:21.332796Z,behavior_monitor,6,1220,316,1020,499,609,565,271.4,660.3,416.19,system,NA,0.709,3.14,20.31,138.26,36.72,76.24,0.0
Human Dominant_1,R4,2026-08-10T09:49:21.840742Z,behavior_monitor,6,1308,344,1081,532,647,566,294.42,696.97,435.25,system,NA,0.703,3.14,7.24,135.34,23.37,76.24,0.0
Human Dominant_1,R4,2026-08-10T09:49:21.857048Z,human_signal,6,1315,345,1085,534,648,566,297.06,702.04,438.07,human,i_can,0.703,3.14,7.24,135.27,22.67,76.24,0.0
Human Dominant_1,R4,2026-08-10T09:49:22.348032Z,behavior_monitor,6,1391,380,1147,546,685,565,295.03,728.99,461.55,system,NA,0.712,3.14,27.59,134.06,15.14,76.24,0.0
Human Dominant_1,R4,2026-08-10T09:49:22.857425Z,behavior_monitor,6,1444,436,1209,578,724,564,274.26,731.07,484.96,system,NA,0.727,2.22,138.16,138.86,37.55,76.24,0.0
Human Dominant_1,R4,2026-08-10T09:49:23.367677Z,behavior_monitor,6,1393,481,1268,607,763,565,178.34,635.9,506.38,system,NA,0.781,2.22,138.16,129.41,0.0,76.24,0.0
Human Dominant_1,R4,2026-08-10T09:49:23.873164Z,behavior_monitor,6,1365,537,1314,558,802,565,55.33,564.04,512.14,system,NA,0.911,2.22,96.39,139.78,-47.22,76.24,0.0
Human Dominant_1,R4,2026-08-10T09:49:24.111201Z,shot_hit,6,1360,566,1344,559,821,565,17.18,539.01,523.5,human,NA,0.969,2.22,118.57,141.55,29.78,76.24,0.0
Human Dominant_1,R4,2026-08-10T09:49:24.111791Z,flight_spawn,7,294,-20,1344,559,821,565,1199.18,787.52,523.5,system,NA,0.396,3.12,129.86,141.55,29.78,76.24,0.0
Human Dominant_1,R4,2026-08-10T09:49:24.617849Z,human_signal,7,221,36,1345,578,813,565,1248.02,794.38,532.07,human,your_turn,0.389,3.12,127.95,140.27,-127.55,76.24,180.0
Human Dominant_1,R4,2026-08-10T09:49:24.619315Z,behavior_monitor,7,221,36,1345,578,813,565,1248.02,794.38,532.07,system,NA,0.389,3.12,127.95,149.03,-127.55,81.0,180.0
Human Dominant_1,R4,2026-08-10T09:49:24.619615Z,human_signal,7,218,38,1343,576,813,565,1246.91,794.47,530.54,human,your_turn,0.389,3.12,127.95,149.03,-127.55,81.0,180.0
Human Dominant_1,R4,2026-08-10T09:49:25.125438Z,behavior_monitor,7,160,109,1302,548,768,566,1224.06,760.98,534.72,system,NA,0.383,3.12,159.07,0.0,-132.69,87.67,180.0
Human Dominant_1,R4,2026-08-10T09:49:25.632395Z,behavior_monitor,7,103,178,1302,548,723,566,1255.74,732.33,579.34,system,NA,0.368,3.12,110.31,0.0,-132.69,87.67,180.0
Human Dominant_1,R4,2026-08-10T09:49:26.140385Z,behavior_monitor,7,98,269,1302,548,679,565,1236.79,652.68,623.65,system,NA,0.345,3.12,82.8,0.0,-132.69,87.67,180.0
Human Dominant_1,R4,2026-08-10T09:49:26.649133Z,behavior_monitor,7,146,347,1302,548,635,566,1173.88,535.5,667.99,system,NA,0.313,3.12,61.73,0.0,-132.69,87.67,180.0
Human Dominant_1,R4,2026-08-10T09:49:27.157886Z,behavior_monitor,7,199,419,1302,550,590,565,1111.06,417.06,713.06,system,NA,0.273,3.12,38.15,35.68,90.0,87.67,180.0
Human Dominant_1,R4,2026-08-10T09:49:27.667023Z,behavior_monitor,7,287,449,1302,551,545,565,1020.37,282.67,757.74,system,NA,0.217,3.12,17.07,0.0,90.0,87.67,180.0
Human Dominant_1,R4,2026-08-10T09:49:28.172432Z,behavior_monitor,7,379,466,1302,551,500,565,927.07,156.33,802.13,system,NA,0.144,3.12,4.66,0.0,90.0,87.67,180.0
Human Dominant_1,R4,2026-08-10T09:49:28.410641Z,human_signal,7,419,485,1302,551,480,565,886.24,100.06,823.0,human,your_turn,0.101,3.12,30.37,0.0,90.0,87.67,180.0
Human Dominant_1,R4,2026-08-10T09:49:28.411362Z,human_signal,7,421,487,1302,551,480,565,883.52,97.23,823.0,human,your_turn,0.099,3.12,30.37,0.0,90.0,87.67,180.0
Human Dominant_1,R4,2026-08-10T09:49:28.444283Z,human_signal,7,425,489,1302,551,477,565,880.03,92.24,825.98,human,your_turn,0.095,3.12,30.37,0.0,90.0,87.67,180.0
Human Dominant_1,R4,2026-08-10T09:49:28.444779Z,human_signal,7,428,490,1302,551,477,565,876.65,89.11,825.98,human,your_turn,0.092,3.12,1.86,0.0,90.0,87.67,180.0
Human Dominant_1,R4,2026-08-10T09:49:28.680330Z,behavior_monitor,7,435,524,1302,551,456,565,868.33,45.77,846.84,system,NA,0.05,3.12,105.25,0.0,90.0,87.67,180.0
Human Dominant_1,R4,2026-08-10T09:49:28.918239Z,shot_hit,7,424,569,1302,551,434,565,878.58,10.8,868.84,agent,NA,0.012,3.12,105.25,0.0,90.0,68.91,-167.45
Human Dominant_1,R4,2026-08-10T09:49:28.919130Z,flight_spawn,8,896,-20,1302,551,434,565,701.47,745.52,868.84,system,NA,0.515,2.83,135.0,0.0,90.0,68.91,-167.45
Human Dominant_1,R4,2026-08-10T09:49:29.664693Z,human_signal,8,949,68,1254,514,467,565,540.78,691.63,788.02,human,i_can,0.561,2.83,31.41,149.18,-140.05,81.0,0.0
Human Dominant_1,R4,2026-08-10T09:49:29.681675Z,behavior_monitor,8,949,68,1254,514,469,565,540.78,690.73,786.72,system,NA,0.561,2.83,31.41,140.6,-140.11,76.24,0.0
Human Dominant_1,R4,2026-08-10T09:49:30.190484Z,behavior_monitor,8,985,130,1197,473,508,565,402.73,645.36,695.05,system,NA,0.616,2.83,107.11,137.18,-146.44,76.24,0.0
Human Dominant_1,R4,2026-08-10T09:49:30.698454Z,behavior_monitor,8,1024,204,1133,459,546,565,277.85,598.9,596.13,system,NA,0.683,2.83,55.65,114.8,156.56,76.24,0.0
Human Dominant_1,R4,2026-08-10T09:49:31.206075Z,behavior_monitor,8,1076,268,1092,503,585,564,234.68,573.1,510.32,system,NA,0.709,2.83,51.04,101.83,129.66,76.24,0.0
Human Dominant_1,R4,2026-08-10T09:49:31.711110Z,behavior_monitor,8,1039,316,1091,507,624,564,197.99,483.87,471.2,system,NA,0.71,2.83,176.24,129.41,180.0,76.24,0.0
Human Dominant_1,R4,2026-08-10T09:49:32.220265Z,behavior_monitor,8,960,344,1025,493,662,565,162.8,370.63,370.04,system,NA,0.695,2.83,151.15,137.92,-159.77,76.24,0.0
Human Dominant_1,R4,2026-08-10T09:49:32.726673Z,behavior_monitor,8,889,385,968,479,702,565,123.45,259.06,279.6,system,NA,0.677,2.83,151.15,85.57,-90.0,103.86,11.89
Human Dominant_1,R4,2026-08-10T09:49:32.811157Z,human_signal,8,877,392,974,474,709,565,126.66,241.8,280.08,human,your_turn,0.656,2.83,151.15,111.06,-21.45,76.24,0.0
Human Dominant_1,R4,2026-08-10T09:49:32.811893Z,human_signal,8,874,393,976,474,709,565,129.7,238.64,281.91,human,your_turn,0.648,2.83,151.15,111.06,-21.45,76.24,0.0
Human Dominant_1,R4,2026-08-10T09:49:33.116284Z,human_signal,8,830,416,1008,477,736,566,187.47,176.39,285.66,human,your_turn,0.485,2.83,151.15,130.1,17.57,87.67,0.0
Human Dominant_1,R4,2026-08-10T09:49:33.116940Z,human_signal,8,828,418,1008,477,736,566,189.25,174.0,285.66,human,your_turn,0.479,2.83,151.15,36.78,0.0,87.67,0.0
Human Dominant_1,R4,2026-08-10T09:49:33.236443Z,behavior_monitor,8,813,426,1008,477,747,566,201.47,154.56,275.76,system,NA,0.434,2.83,151.15,0.0,0.0,87.67,0.0
Human Dominant_1,R4,2026-08-10T09:49:33.741331Z,behavior_monitor,8,724,435,1031,470,734,566,309.2,131.42,312.69,system,NA,0.298,2.83,154.46,0.0,-90.0,87.67,180.0
Human Dominant_1,R4,2026-08-10T09:49:34.250665Z,behavior_monitor,8,666,488,1090,472,689,566,424.67,81.53,412.13,system,NA,0.161,2.83,127.71,142.18,14.75,93.15,180.0
Human Dominant_1,R4,2026-08-10T09:49:34.709356Z,shot_hit,8,655,563,1147,488,648,566,496.9,8.32,504.95,agent,NA,0.016,2.83,77.2,0.0,21.66,87.67,180.0
Human Dominant_1,R4,2026-08-10T09:49:34.709927Z,flight_spawn,9,1120,-20,1147,488,648,566,509.56,753.03,504.95,system,NA,0.596,2.83,135.0,0.0,21.66,87.67,180.0
Human Dominant_1,R4,2026-08-10T09:49:35.183394Z,human_signal,9,1067,36,1143,482,653,566,452.61,672.68,497.38,human,i_can,0.598,2.83,135.0,56.87,-90.0,76.24,0.0
Human Dominant_1,R4,2026-08-10T09:49:35.200328Z,behavior_monitor,9,1067,36,1143,482,654,566,452.61,671.89,496.1,system,NA,0.597,2.83,135.0,0.0,-90.0,76.24,0.0
Human Dominant_1,R4,2026-08-10T09:49:35.706409Z,behavior_monitor,9,990,72,1112,482,694,566,427.29,576.31,426.33,system,NA,0.574,2.83,171.41,0.0,180.0,76.24,0.0
Human Dominant_1,R4,2026-08-10T09:49:36.148137Z,human_signal,9,924,91,1112,482,728,566,433.45,513.97,392.98,human,your_turn,0.542,2.83,141.49,0.0,180.0,81.0,0.0
Human Dominant_1,R4,2026-08-10T09:49:36.148801Z,human_signal,9,921,93,1112,482,728,566,433.1,511.26,392.98,human,your_turn,0.541,2.83,141.49,0.0,180.0,76.24,0.0
Human Dominant_1,R4,2026-08-10T09:49:36.216728Z,behavior_monitor,9,915,98,1112,482,734,566,430.88,502.08,387.16,system,NA,0.538,2.83,141.49,0.0,180.0,87.67,0.0
Human Dominant_1,R4,2026-08-10T09:49:36.723293Z,behavior_monitor,9,845,140,1153,482,779,566,460.22,431.69,384.12,system,NA,0.484,2.83,164.4,129.41,0.0,87.67,0.0
Human Dominant_1,R4,2026-08-10T09:49:37.095080Z,human_signal,9,788,156,1198,472,779,565,518.31,409.0,428.98,human,your_turn,0.441,2.83,166.45,117.66,-30.72,87.67,180.0
Human Dominant_1,R4,2026-08-10T09:49:37.096399Z,human_signal,9,785,156,1200,471,779,565,520.39,408.29,430.87,human,your_turn,0.44,2.83,166.45,118.1,-31.87,87.67,180.0
Human Dominant_1,R4,2026-08-10T09:49:37.229125Z,behavior_monitor,9,771,168,1211,464,767,565,530.79,396.93,455.79,system,NA,0.428,2.83,141.88,118.41,-33.99,87.67,180.0
Human Dominant_1,R4,2026-08-10T09:49:37.738755Z,behavior_monitor,9,705,220,1226,452,723,565,569.75,345.73,515.69,system,NA,0.378,2.83,141.88,0.0,0.0,87.67,180.0
Human Dominant_1,R4,2026-08-10T09:49:38.248227Z,behavior_monitor,9,638,272,1226,452,679,566,614.41,296.05,558.91,system,NA,0.325,2.83,141.88,0.0,0.0,87.67,180.0
Human Dominant_1,R4,2026-08-10T09:49:38.754402Z,behavior_monitor,9,561,299,1226,452,634,566,682.12,276.48,602.75,system,NA,0.288,2.83,137.93,0.0,0.0,87.67,180.0
Human Dominant_1,R4,2026-08-10T09:49:39.264360Z,behavior_monitor,9,483,322,1203,452,589,565,731.32,264.82,624.77,system,NA,0.266,2.83,171.12,128.68,180.0,87.67,180.0
Human Dominant_1,R4,2026-08-10T09:49:39.654034Z,human_signal,9,418,333,1198,452,554,565,789.15,269.9,653.62,human,your_turn,0.255,2.83,171.12,0.0,180.0,87.67,180.0
Human Dominant_1,R4,2026-08-10T09:49:39.655085Z,human_signal,9,416,333,1198,452,554,565,791.41,270.72,653.62,human,your_turn,0.255,2.83,171.12,0.0,180.0,87.67,180.0
Human Dominant_1,R4,2026-08-10T09:49:39.772625Z,behavior_monitor,9,397,336,1198,452,544,566,809.41,273.03,664.22,system,NA,0.252,2.83,171.12,0.0,180.0,87.67,180.0
Human Dominant_1,R4,2026-08-10T09:49:40.282650Z,behavior_monitor,9,320,354,1198,452,499,566,883.87,277.7,708.61,system,NA,0.239,2.83,148.62,0.0,180.0,87.67,180.0
Human Dominant_1,R4,2026-08-10T09:49:40.790130Z,behavior_monitor,9,252,397,1198,452,455,566,947.72,263.84,752.11,system,NA,0.218,2.83,172.64,0.0,180.0,74.03,-177.68
Human Dominant_1,R4,2026-08-10T09:49:41.300366Z,behavior_monitor,9,172,409,1198,452,411,565,1027.22,285.69,795.48,system,NA,0.218,2.83,163.73,0.0,180.0,87.67,180.0
Human Dominant_1,R4,2026-08-10T09:49:41.809534Z,behavior_monitor,9,93,432,1198,452,366,567,1104.79,304.02,840.09,system,NA,0.216,2.83,142.29,0.0,180.0,88.1,165.0
Human Dominant_1,R4,2026-08-10T09:49:42.316523Z,behavior_monitor,9,37,491,1198,452,321,567,1161.43,294.08,884.15,system,NA,0.202,2.83,140.05,0.0,180.0,87.67,180.0
Human Dominant_1,R4,2026-08-10T09:49:42.825282Z,behavior_monitor,9,46,545,1198,452,277,565,1155.76,231.71,928.05,system,NA,0.167,2.23,54.38,0.0,180.0,87.67,180.0
Human Dominant_1,R4,2026-08-10T09:49:43.333235Z,behavior_monitor,9,87,600,1198,452,232,596,1121.48,145.66,976.7,system,NA,0.115,2.23,59.79,0.0,180.0,150.04,125.75
Human Dominant_1,R4,2026-08-10T09:49:43.838384Z,behavior_monitor,9,105,661,1198,452,187,654,1113.0,82.79,1030.73,system,NA,0.069,2.23,116.17,0.0,180.0,150.04,125.75
Human Dominant_1,R4,2026-08-10T09:49:44.345704Z,behavior_monitor,9,87,722,1198,452,143,716,1143.54,56.51,1087.62,system,NA,0.047,2.23,93.29,0.0,180.0,150.04,125.75
Human Dominant_1,R4,2026-08-10T09:49:44.583228Z,shot_miss,9,83,755,1198,452,121,747,1156.0,39.16,1116.89,agent,NA,0.033,2.23,93.29,0.0,180.0,141.71,125.75
Human Dominant_1,R4,2026-08-10T09:49:44.956608Z,shot_hit,9,83,804,1198,452,88,792,1169.92,13.07,1161.09,agent,NA,0.011,2.23,93.29,0.0,180.0,150.04,125.75
Human Dominant_1,R4,2026-08-10T09:49:44.957269Z,flight_spawn,10,503,-20,1198,452,88,792,840.31,912.49,1161.09,system,NA,0.521,2.93,46.88,0.0,180.0,150.04,125.75
Human Dominant_1,R4,2026-08-10T09:49:46.120303Z,human_signal,10,637,126,1119,463,148,709,588.22,760.76,1001.32,human,i_can,0.564,2.93,21.51,129.41,180.0,130.47,-54.25
Human Dominant_1,R4,2026-08-10T09:49:46.137386Z,behavior_monitor,10,637,126,1119,463,150,708,588.22,758.55,999.62,system,NA,0.563,2.93,21.51,129.41,180.0,130.47,-54.25
Human Dominant_1,R4,2026-08-10T09:49:46.645792Z,behavior_monitor,10,718,142,1053,474,189,653,470.85,736.25,882.56,system,NA,0.61,2.93,8.37,129.41,180.0,130.47,-54.25
Human Dominant_1,R4,2026-08-10T09:49:47.153153Z,behavior_monitor,10,799,167,987,470,228,599,356.92,716.2,770.1,system,NA,0.667,2.93,29.42,133.9,-165.12,130.47,-54.25
Human Dominant_1,R4,2026-08-10T09:49:47.660568Z,behavior_monitor,10,879,184,949,462,236,588,286.83,759.91,724.18,system,NA,0.726,2.93,7.56,0.0,180.0,0.0,-54.25
Human Dominant_1,R4,2026-08-10T09:49:48.164005Z,behavior_monitor,10,956,215,999,462,267,565,250.17,772.01,738.54,system,NA,0.755,2.93,47.45,137.5,0.0,81.0,0.0
Human Dominant_1,R4,2026-08-10T09:49:48.672264Z,behavior_monitor,10,998,283,1034,464,306,565,184.37,747.09,735.18,system,NA,0.802,2.93,2.43,83.07,149.52,76.24,0.0
Human Dominant_1,R4,2026-08-10T09:49:49.174672Z,behavior_monitor,10,1078,308,1058,487,344,565,179.42,777.0,718.28,system,NA,0.812,2.93,26.55,129.41,0.0,76.24,0.0
Human Dominant_1,R4,2026-08-10T09:49:49.682112Z,behavior_monitor,10,1130,376,1124,487,383,564,110.57,770.26,745.33,system,NA,0.874,2.93,51.75,129.41,0.0,76.24,0.0
Human Dominant_1,R4,2026-08-10T09:49:50.190102Z,behavior_monitor,10,1166,454,1190,497,422,565,49.43,752.48,771.65,system,NA,0.938,2.93,73.73,128.88,0.0,76.24,0.0
Human Dominant_1,R4,2026-08-10T09:49:50.424892Z,shot_hit,10,1176,494,1171,497,439,564,5.99,739.64,734.6,human,NA,0.992,2.93,73.73,129.41,180.0,92.2,-18.15
Human Dominant_1,R4,2026-08-10T09:49:50.425595Z,flight_spawn,11,563,-20,1171,497,439,564,798.64,597.23,734.6,system,NA,0.428,3.22,51.56,129.41,180.0,92.2,-18.15
Human Dominant_1,R4,2026-08-10T09:49:50.967942Z,human_signal,11,578,75,1174,532,460,564,750.59,503.05,714.59,human,your_turn,0.401,3.22,102.92,36.82,-90.0,76.24,0.0
Human Dominant_1,R4,2026-08-10T09:49:50.968433Z,behavior_monitor,11,578,75,1174,532,460,564,750.59,503.05,714.59,system,NA,0.401,3.22,102.92,66.69,-140.64,76.24,0.0
Human Dominant_1,R4,2026-08-10T09:49:50.968653Z,human_signal,11,578,78,1172,531,460,564,747.07,499.93,712.96,human,your_turn,0.401,3.22,102.92,66.69,-140.64,76.24,0.0
Human Dominant_1,R4,2026-08-10T09:49:51.205935Z,human_signal,11,586,122,1152,516,481,564,689.58,453.51,672.65,human,i_can,0.397,3.22,56.25,97.08,-90.0,86.51,9.8
Human Dominant_1,R4,2026-08-10T09:49:51.476494Z,behavior_monitor,11,615,160,1159,494,501,564,637.97,419.51,661.12,system,NA,0.397,3.22,28.17,0.0,-90.0,76.24,0.0
Human Dominant_1,R4,2026-08-10T09:49:51.544371Z,human_signal,11,625,169,1159,495,507,564,625.27,412.95,655.9,human,your_turn,0.398,3.22,54.66,0.0,-90.0,72.0,0.0
Human Dominant_1,R4,2026-08-10T09:49:51.544890Z,human_signal,11,627,171,1159,496,507,564,623.44,410.85,655.75,human,your_turn,0.397,3.22,82.24,37.34,90.0,76.24,0.0
Human Dominant_1,R4,2026-08-10T09:49:51.986335Z,behavior_monitor,11,635,251,1199,517,545,564,623.31,325.69,655.0,system,NA,0.343,3.22,82.24,52.17,-39.48,87.67,0.0
Human Dominant_1,R4,2026-08-10T09:49:52.497647Z,behavior_monitor,11,647,346,1245,505,591,564,618.39,224.56,656.21,system,NA,0.266,3.22,82.24,109.2,-22.01,87.67,0.0
Human Dominant_1,R4,2026-08-10T09:49:53.005502Z,behavior_monitor,11,663,442,1256,500,635,564,595.84,125.27,624.39,system,NA,0.174,3.22,82.24,129.41,0.0,87.67,0.0
Human Dominant_1,R4,2026-08-10T09:49:53.515181Z,behavior_monitor,11,624,524,1266,496,616,564,642.39,40.56,653.65,system,NA,0.059,3.22,152.68,0.0,-90.0,87.67,180.0
Human Dominant_1,R4,2026-08-10T09:49:53.516572Z,shot_miss,11,621,526,1266,496,614,564,645.15,38.87,655.13,agent,NA,0.057,3.22,152.68,0.0,-90.0,87.67,180.0
Human Dominant_1,R4,2026-08-10T09:49:53.786169Z,shot_hit,11,586,563,1263,496,590,564,680.72,4.5,676.35,agent,NA,0.007,3.22,129.72,51.91,180.0,87.67,180.0
Human Dominant_1,R4,2026-08-10T09:49:53.786662Z,flight_spawn,12,565,-20,1263,496,590,564,868.92,584.82,676.35,system,NA,0.402,2.83,135.0,51.91,180.0,87.67,180.0
Human Dominant_1,R4,2026-08-10T09:49:54.275704Z,human_signal,12,529,46,1208,495,580,564,814.17,520.3,631.53,human,your_turn,0.39,2.83,55.5,134.69,-163.91,76.24,180.0
Human Dominant_1,R4,2026-08-10T09:49:54.276359Z,behavior_monitor,12,529,46,1208,495,580,564,814.17,520.3,631.53,system,NA,0.39,2.83,55.5,133.24,-160.25,76.24,180.0
Human Dominant_1,R4,2026-08-10T09:49:54.276834Z,human_signal,12,529,48,1206,494,580,564,809.94,517.9,629.56,human,your_turn,0.39,2.83,55.5,133.24,-160.25,76.24,180.0
Human Dominant_1,R4,2026-08-10T09:49:54.785591Z,behavior_monitor,12,537,125,1225,485,535,564,776.22,438.57,694.23,system,NA,0.361,2.83,109.66,85.23,-25.02,87.67,180.0
Human Dominant_1,R4,2026-08-10T09:49:55.290110Z,behavior_monitor,12,536,208,1226,483,513,563,743.21,356.22,717.44,system,NA,0.324,2.83,81.19,0.0,-90.0,0.0,-39.58
Human Dominant_1,R4,2026-08-10T09:49:55.799334Z,behavior_monitor,12,534,291,1226,483,514,563,718.31,273.65,716.64,system,NA,0.276,2.83,75.62,0.0,-90.0,0.0,-29.75
Human Dominant_1,R4,2026-08-10T09:49:56.306743Z,behavior_monitor,12,595,353,1226,483,555,563,644.99,213.81,676.66,system,NA,0.249,2.83,45.72,0.0,-90.0,87.67,0.0
Human Dominant_1,R4,2026-08-10T09:49:56.815848Z,behavior_monitor,12,632,426,1230,483,599,563,601.17,141.06,636.04,system,NA,0.19,2.83,69.92,62.11,0.0,87.67,0.0
Human Dominant_1,R4,2026-08-10T09:49:57.321742Z,behavior_monitor,12,637,510,1247,480,614,563,609.85,57.56,637.55,system,NA,0.086,2.83,67.23,0.0,-90.0,87.67,0.0
Human Dominant_1,R4,2026-08-10T09:49:57.591328Z,shot_hit,12,638,558,1247,480,618,563,613.6,20.74,634.19,agent,NA,0.033,2.83,94.23,0.0,-90.0,0.0,68.39
Human Dominant_1,R4,2026-08-10T09:49:57.591882Z,flight_spawn,13,573,-20,1247,480,618,563,839.2,585.18,634.19,system,NA,0.411,2.83,45.0,0.0,-90.0,0.0,68.39
Human Dominant_1,R4,2026-08-10T09:49:58.216453Z,human_signal,13,659,10,1213,480,618,563,726.64,554.66,600.53,human,your_turn,0.433,2.83,21.1,129.41,180.0,0.0,68.39
Human Dominant_1,R4,2026-08-10T09:49:58.217131Z,behavior_monitor,13,659,10,1213,480,618,563,726.64,554.66,600.53,system,NA,0.433,2.83,21.1,129.41,180.0,0.0,68.39
Human Dominant_1,R4,2026-08-10T09:49:58.217604Z,human_signal,13,661,11,1210,480,618,563,722.2,553.86,598.35,human,your_turn,0.434,2.83,4.98,129.41,180.0,0.0,68.39
Human Dominant_1,R4,2026-08-10T09:49:58.723922Z,behavior_monitor,13,740,32,1169,475,625,563,616.85,542.7,550.55,system,NA,0.468,2.83,45.19,129.41,180.0,87.67,0.0
Human Dominant_1,R4,2026-08-10T09:49:58.944559Z,human_signal,13,774,46,1138,464,645,563,554.51,532.3,503.16,human,i_can,0.49,2.83,19.21,138.81,-157.88,87.67,0.0
Human Dominant_1,R4,2026-08-10T09:49:59.232154Z,behavior_monitor,13,807,74,1105,446,666,563,477.21,509.21,454.72,system,NA,0.516,2.83,70.24,139.99,-135.98,76.24,0.0
Human Dominant_1,R4,2026-08-10T09:49:59.739236Z,behavior_monitor,13,865,133,1042,434,705,563,348.68,458.79,361.56,system,NA,0.568,2.83,41.18,137.5,180.0,81.0,0.0
Human Dominant_1,R4,2026-08-10T09:50:00.246768Z,behavior_monitor,13,904,206,1029,458,743,563,280.62,391.23,304.39,system,NA,0.582,2.83,70.79,129.41,90.0,76.24,0.0
Human Dominant_1,R4,2026-08-10T09:50:00.763497Z,behavior_monitor,13,926,290,1029,491,783,563,226.32,307.73,256.27,system,NA,0.576,2.83,95.71,72.87,0.0,76.24,0.0
Human Dominant_1,R4,2026-08-10T09:50:01.274238Z,behavior_monitor,13,916,375,1086,509,822,563,216.31,210.55,269.05,system,NA,0.493,2.83,95.71,136.92,29.33,76.24,0.0
Human Dominant_1,R4,2026-08-10T09:50:01.307279Z,human_signal,13,916,380,1090,511,825,563,217.53,204.32,270.11,human,your_turn,0.484,2.83,95.71,145.62,28.48,81.0,0.0
Human Dominant_1,R4,2026-08-10T09:50:01.307974Z,human_signal,13,915,383,1092,512,825,563,218.88,201.39,271.95,human,your_turn,0.479,2.83,95.71,137.0,27.43,76.24,0.0
Human Dominant_1,R4,2026-08-10T09:50:01.779402Z,behavior_monitor,13,913,458,1151,522,866,564,245.79,115.25,287.42,system,NA,0.319,2.83,96.32,129.41,0.0,87.67,0.0
Human Dominant_1,R4,2026-08-10T09:50:02.290231Z,behavior_monitor,13,882,536,1198,504,866,565,317.57,33.07,337.62,system,NA,0.094,2.83,122.73,92.15,-42.23,87.67,180.0
Human Dominant_1,R4,2026-08-10T09:50:02.357487Z,shot_hit,13,874,548,1199,497,859,565,328.88,23.12,347.29,agent,NA,0.066,2.83,122.73,84.84,-90.0,87.67,180.0
Human Dominant_1,R4,2026-08-10T09:50:02.358041Z,flight_spawn,14,447,-20,1199,497,859,565,913.39,715.58,347.29,system,NA,0.439,2.83,45.0,84.84,-90.0,87.67,180.0
Human Dominant_1,R4,2026-08-10T09:50:02.901730Z,human_signal,14,485,56,1197,477,844,565,827.04,623.1,362.91,human,your_turn,0.43,2.83,73.23,137.5,180.0,81.0,180.0
Human Dominant_1,R4,2026-08-10T09:50:02.902660Z,behavior_monitor,14,485,56,1197,477,844,565,827.04,623.1,362.91,system,NA,0.43,2.83,73.23,128.98,180.0,76.24,180.0
Human Dominant_1,R4,2026-08-10T09:50:02.903029Z,human_signal,14,485,58,1194,477,844,565,823.57,620.73,360.82,human,your_turn,0.43,2.83,73.23,128.98,180.0,76.24,180.0
Human Dominant_1,R4,2026-08-10T09:50:03.407929Z,behavior_monitor,14,513,137,1229,461,800,565,785.41,514.83,441.09,system,NA,0.396,2.83,73.23,100.18,65.78,87.67,180.0
Human Dominant_1,R4,2026-08-10T09:50:03.912779Z,behavior_monitor,14,574,187,1183,478,755,565,674.34,418.95,436.41,system,NA,0.383,2.83,1.07,108.74,180.0,107.94,-177.26
Human Dominant_1,R4,2026-08-10T09:50:04.421679Z,behavior_monitor,14,651,208,1217,479,710,565,628.07,362.17,514.11,system,NA,0.366,2.83,27.98,135.02,17.88,87.67,180.0
Human Dominant_1,R4,2026-08-10T09:50:04.928555Z,behavior_monitor,14,726,233,1231,524,694,564,581.89,332.7,538.18,system,NA,0.364,2.83,24.07,95.33,156.25,87.67,0.0
Human Dominant_1,R4,2026-08-10T09:50:05.440048Z,behavior_monitor,14,797,273,1229,518,739,565,497.06,298.57,492.61,system,NA,0.375,2.83,51.69,35.0,-90.0,87.67,0.0
Human Dominant_1,R4,2026-08-10T09:50:05.944592Z,behavior_monitor,14,854,336,1224,483,784,566,398.27,240.3,447.8,system,NA,0.376,2.83,29.09,78.67,-54.67,87.67,0.0
Human Dominant_1,R4,2026-08-10T09:50:06.453925Z,behavior_monitor,14,924,380,1268,452,828,566,351.36,209.14,454.0,system,NA,0.373,2.83,53.33,0.0,0.0,87.67,0.0
Human Dominant_1,R4,2026-08-10T09:50:06.957249Z,behavior_monitor,14,972,448,1255,458,873,566,283.24,153.48,396.71,system,NA,0.351,2.83,23.97,71.12,126.75,87.67,0.0
Human Dominant_1,R4,2026-08-10T09:50:07.157721Z,human_signal,14,1005,462,1243,457,891,565,238.49,154.04,368.77,human,your_turn,0.392,2.83,23.97,81.04,-90.0,93.15,0.0
Human Dominant_1,R4,2026-08-10T09:50:07.158312Z,human_signal,14,1008,463,1243,456,891,565,235.47,155.59,369.18,human,your_turn,0.398,2.83,23.97,81.04,-90.0,93.15,0.0
Human Dominant_1,R4,2026-08-10T09:50:07.463520Z,behavior_monitor,14,1046,493,1266,436,918,565,227.41,147.33,371.79,system,NA,0.393,2.83,51.56,81.27,-32.08,87.67,0.0
Human Dominant_1,R4,2026-08-10T09:50:07.970595Z,behavior_monitor,14,1094,562,1295,492,962,565,212.82,131.5,340.31,system,NA,0.382,2.83,77.78,129.41,90.0,87.67,0.0
Human Dominant_1,R4,2026-08-10T09:50:08.477716Z,behavior_monitor,14,1116,645,1330,509,1007,621,253.72,111.32,342.04,system,NA,0.305,2.83,77.78,144.27,63.76,150.04,54.25
Human Dominant_1,R4,2026-08-10T09:50:08.983888Z,behavior_monitor,14,1085,720,1324,538,1052,683,300.36,49.4,308.56,system,NA,0.141,2.83,120.61,54.14,180.0,150.04,54.25
Human Dominant_1,R4,2026-08-10T09:50:09.187204Z,shot_miss,14,1070,753,1313,538,1052,710,324.76,46.46,312.78,agent,NA,0.125,2.83,90.7,51.08,180.0,150.04,125.75
Human Dominant_1,R4,2026-08-10T09:50:09.492558Z,behavior_monitor,14,1069,801,1313,538,1051,746,359.35,58.61,334.63,system,NA,0.14,2.83,90.7,0.0,180.0,121.76,90.0
Human Dominant_1,R4,2026-08-10T09:50:10.001785Z,behavior_monitor,14,1053,882,1290,510,1036,808,441.3,75.77,391.92,system,NA,0.147,2.83,113.43,137.43,-130.28,150.04,125.75
Human Dominant_1,R4,2026-08-10T09:50:10.510643Z,behavior_monitor,14,1004,946,1242,459,996,871,542.25,75.62,479.79,system,NA,0.122,2.83,173.23,130.36,-144.93,141.71,125.75
Human Dominant_1,R4,2026-08-10T09:50:10.778846Z,flight_missed,14,961,952,1207,441,971,907,566.97,46.18,522.09,system,NA,0.075,2.83,173.23,136.41,-159.55,150.04,125.75
Human Dominant_1,R4,2026-08-10T09:50:10.779492Z,flight_spawn,15,652,-20,1207,441,971,907,721.13,980.55,522.09,system,NA,0.576,2.83,135.0,136.41,-159.55,150.04,125.75
Human Dominant_1,R4,2026-08-10T09:50:11.201449Z,human_signal,15,600,17,1154,425,971,907,687.55,963.52,515.22,human,your_turn,0.584,2.83,159.84,137.5,180.0,0.0,125.75
Human Dominant_1,R4,2026-08-10T09:50:11.202044Z,behavior_monitor,15,600,17,1154,425,971,907,687.55,963.52,515.22,system,NA,0.584,2.83,159.84,129.41,180.0,0.0,125.75
Human Dominant_1,R4,2026-08-10T09:50:11.202489Z,human_signal,15,597,18,1152,425,971,907,687.67,963.81,514.45,human,your_turn,0.584,2.83,159.84,129.41,180.0,0.0,125.75
Human Dominant_1,R4,2026-08-10T09:50:11.709096Z,behavior_monitor,15,522,47,1126,419,940,863,709.14,917.44,481.8,system,NA,0.564,2.83,159.84,81.19,0.0,150.04,-125.75
Human Dominant_1,R4,2026-08-10T09:50:12.216118Z,behavior_monitor,15,439,59,1189,419,896,801,832.03,871.51,482.18,system,NA,0.512,2.83,160.01,123.35,0.0,150.04,-125.75
Human Dominant_1,R4,2026-08-10T09:50:12.723256Z,behavior_monitor,15,357,80,1207,419,850,739,915.62,823.14,479.32,system,NA,0.473,2.83,177.89,0.0,0.0,150.04,-125.75
Human Dominant_1,R4,2026-08-10T09:50:13.227707Z,behavior_monitor,15,270,102,1207,419,806,677,989.12,785.55,477.27,system,NA,0.443,2.83,177.53,0.0,0.0,150.04,-125.75
Human Dominant_1,R4,2026-08-10T09:50:13.737553Z,behavior_monitor,15,188,105,1207,419,761,614,1066.08,766.03,487.53,system,NA,0.418,2.83,177.53,0.0,0.0,150.04,-125.75
Human Dominant_1,R4,2026-08-10T09:50:14.248328Z,behavior_monitor,15,110,131,1207,419,716,566,1133.87,745.26,512.98,system,NA,0.397,2.83,151.09,0.0,0.0,87.67,180.0
Human Dominant_1,R4,2026-08-10T09:50:14.756828Z,behavior_monitor,15,35,163,1207,419,672,565,1200.4,753.87,555.38,system,NA,0.386,2.83,156.91,0.0,0.0,87.67,180.0
Human Dominant_1,R4,2026-08-10T09:50:15.267112Z,behavior_monitor,15,65,179,1207,419,627,565,1166.99,682.03,598.62,system,NA,0.369,1.92,12.06,0.0,0.0,87.67,180.0
Human Dominant_1,R4,2026-08-10T09:50:15.773132Z,behavior_monitor,15,121,202,1183,415,582,566,1083.65,587.14,620.19,system,NA,0.351,1.92,37.01,135.32,-163.0,87.67,180.0
Human Dominant_1,R4,2026-08-10T09:50:15.875226Z,human_signal,15,129,209,1170,411,573,566,1060.94,569.72,617.01,human,your_turn,0.349,1.92,37.01,134.6,-164.04,87.67,180.0
Human Dominant_1,R4,2026-08-10T09:50:15.875866Z,human_signal,15,130,210,1168,410,573,566,1057.27,568.06,615.04,human,your_turn,0.35,1.92,37.01,134.44,-164.28,87.67,180.0
Human Dominant_1,R4,2026-08-10T09:50:16.283909Z,behavior_monitor,15,168,236,1123,405,537,566,969.42,494.69,608.03,system,NA,0.338,1.92,14.67,69.82,180.0,106.26,171.22
Human Dominant_1,R4,2026-08-10T09:50:16.790245Z,behavior_monitor,15,216,264,1122,405,492,566,916.89,408.9,650.45,system,NA,0.308,1.92,41.23,0.0,180.0,93.15,180.0
Human Dominant_1,R4,2026-08-10T09:50:17.298594Z,behavior_monitor,15,259,302,1122,405,447,566,869.09,324.29,694.04,system,NA,0.272,1.92,41.23,0.0,180.0,87.67,180.0
Human Dominant_1,R4,2026-08-10T09:50:17.808462Z,behavior_monitor,15,305,334,1122,405,402,566,820.34,251.38,737.52,system,NA,0.235,1.92,43.85,0.0,180.0,87.67,180.0
Human Dominant_1,R4,2026-08-10T09:50:18.315456Z,behavior_monitor,15,357,357,1122,405,358,566,766.73,208.94,780.68,system,NA,0.214,1.92,23.21,0.0,180.0,87.67,180.0
Human Dominant_1,R4,2026-08-10T09:50:18.823643Z,behavior_monitor,15,409,385,1122,405,382,566,713.22,183.33,757.53,system,NA,0.204,1.92,49.3,0.0,180.0,87.67,0.0
Human Dominant_1,R4,2026-08-10T09:50:19.333946Z,behavior_monitor,15,448,429,1125,405,425,566,676.8,139.69,717.99,system,NA,0.171,1.92,49.3,74.47,0.0,87.67,0.0
Human Dominant_1,R4,2026-08-10T09:50:19.841822Z,behavior_monitor,15,477,474,1164,405,454,566,690.69,94.51,728.79,system,NA,0.12,1.92,72.95,0.0,0.0,87.67,0.0
Human Dominant_1,R4,2026-08-10T09:50:20.348925Z,behavior_monitor,15,492,529,1164,405,470,565,683.68,42.54,713.26,system,NA,0.059,1.92,72.95,0.0,0.0,87.67,0.0
Human Dominant_1,R4,2026-08-10T09:50:20.365928Z,shot_miss,15,492,533,1164,405,470,565,684.27,39.54,713.26,agent,NA,0.055,1.92,72.95,0.0,0.0,0.0,0.0
Human Dominant_1,R4,2026-08-10T09:50:20.739722Z,shot_hit,15,499,574,1164,405,478,569,686.45,21.14,705.5,agent,NA,0.03,1.92,73.6,0.0,0.0,121.76,90.0
Human Dominant_1,R4,2026-08-10T09:50:20.740353Z,flight_spawn,16,98,-20,1164,405,478,569,1148.33,702.04,705.5,system,NA,0.379,2.83,45.0,0.0,0.0,121.76,90.0
Human Dominant_1,R4,2026-08-10T09:50:21.293980Z,human_signal,16,177,22,1141,417,478,569,1041.9,625.22,679.79,human,your_turn,0.375,2.83,24.97,129.41,180.0,0.0,90.0
Human Dominant_1,R4,2026-08-10T09:50:21.294949Z,behavior_monitor,16,177,22,1141,417,478,569,1041.9,625.22,679.79,system,NA,0.375,2.83,24.97,129.41,180.0,0.0,90.0
Human Dominant_1,R4,2026-08-10T09:50:21.295402Z,human_signal,16,180,23,1139,417,478,569,1036.67,622.75,677.65,human,your_turn,0.375,2.83,24.97,129.41,180.0,0.0,90.0
Human Dominant_1,R4,2026-08-10T09:50:21.800730Z,behavior_monitor,16,259,54,1097,414,439,565,911.7,541.66,675.17,system,NA,0.373,2.83,4.24,0.0,180.0,87.67,180.0
Human Dominant_1,R4,2026-08-10T09:50:22.307628Z,behavior_monitor,16,345,69,1096,414,394,564,826.54,497.39,718.33,system,NA,0.376,2.83,1.3,35.28,180.0,82.8,180.0
Human Dominant_1,R4,2026-08-10T09:50:22.816295Z,behavior_monitor,16,424,89,1049,414,388,564,703.66,476.04,677.13,system,NA,0.404,2.83,0.29,124.1,180.0,87.67,0.0
Human Dominant_1,R4,2026-08-10T09:50:23.292325Z,human_signal,16,503,92,985,414,430,563,579.41,476.6,575.15,human,i_can,0.451,2.83,29.22,129.41,180.0,87.67,0.0
Human Dominant_1,R4,2026-08-10T09:50:23.325873Z,behavior_monitor,16,505,94,983,414,432,563,575.06,475.16,570.52,system,NA,0.452,2.83,29.22,129.41,180.0,76.24,0.0
Human Dominant_1,R4,2026-08-10T09:50:23.834236Z,behavior_monitor,16,566,156,917,414,471,563,435.65,417.84,470.36,system,NA,0.49,2.83,50.52,129.41,180.0,76.24,0.0
Human Dominant_1,R4,2026-08-10T09:50:24.340336Z,behavior_monitor,16,621,222,851,414,509,563,299.98,359.06,372.34,system,NA,0.545,2.83,28.06,129.41,180.0,76.24,0.0
Human Dominant_1,R4,2026-08-10T09:50:24.847063Z,behavior_monitor,16,701,246,785,408,549,563,182.91,351.42,281.96,system,NA,0.658,2.83,2.53,137.22,-157.75,76.24,0.0
Human Dominant_1,R4,2026-08-10T09:50:25.352672Z,behavior_monitor,16,781,259,827,409,587,562,156.65,359.76,284.2,system,NA,0.697,2.83,24.58,129.41,0.0,76.24,0.0
Human Dominant_1,R4,2026-08-10T09:50:25.810975Z,human_signal,16,858,278,878,402,622,562,125.26,368.93,301.87,human,i_can,0.747,2.83,5.06,92.44,-29.05,76.24,0.0
Human Dominant_1,R4,2026-08-10T09:50:25.860739Z,behavior_monitor,16,862,279,881,400,625,562,122.88,369.06,301.94,system,NA,0.75,2.83,5.06,93.33,-30.92,54.48,-19.52
Human Dominant_1,R4,2026-08-10T09:50:26.371527Z,behavior_monitor,16,941,314,940,397,664,562,82.92,371.52,321.47,system,NA,0.818,2.83,25.59,122.83,0.0,76.24,0.0
Human Dominant_1,R4,2026-08-10T09:50:26.875969Z,behavior_monitor,16,1019,350,1006,397,703,562,49.03,380.56,345.26,system,NA,0.886,2.83,1.97,137.5,0.0,81.0,0.0
Human Dominant_1,R4,2026-08-10T09:50:27.386435Z,behavior_monitor,16,1102,356,1071,414,741,561,65.89,415.57,361.22,system,NA,0.863,2.83,25.37,129.41,0.0,76.24,0.0
Human Dominant_1,R4,2026-08-10T09:50:27.894310Z,shot_hit,16,1156,419,1136,426,780,561,21.86,402.6,380.75,human,NA,0.949,2.83,51.72,138.29,29.26,76.24,0.0
Human Dominant_1,R4,2026-08-10T09:50:27.895715Z,flight_spawn,17,808,-20,1136,426,780,561,553.55,582.2,380.75,system,NA,0.513,2.83,135.0,138.29,29.26,76.24,0.0
Human Dominant_1,R4,2026-08-10T09:50:28.606521Z,human_signal,17,744,62,1176,480,764,561,601.22,500.12,420.36,human,i_can,0.454,2.83,61.02,129.41,180.0,76.24,180.0
Human Dominant_1,R4,2026-08-10T09:50:28.623176Z,behavior_monitor,17,744,62,1176,480,763,562,601.22,500.35,421.54,system,NA,0.454,2.83,61.02,133.75,-165.37,69.35,166.61
Human Dominant_1,R4,2026-08-10T09:50:28.789873Z,human_signal,17,755,86,1164,474,750,562,563.8,475.29,423.74,human,your_turn,0.457,2.83,61.02,0.0,-90.0,76.24,180.0
Human Dominant_1,R4,2026-08-10T09:50:28.790532Z,human_signal,17,756,89,1164,474,750,562,561.48,472.82,423.74,human,your_turn,0.457,2.83,61.02,0.0,-90.0,76.24,180.0
Human Dominant_1,R4,2026-08-10T09:50:29.129122Z,behavior_monitor,17,780,136,1193,474,758,562,533.7,426.84,444.54,system,NA,0.444,2.83,35.32,115.77,0.0,87.67,0.0
Human Dominant_1,R4,2026-08-10T09:50:29.637707Z,behavior_monitor,17,848,181,1241,464,802,562,484.22,383.6,449.54,system,NA,0.442,2.83,37.7,0.0,-34.69,87.67,0.0
Human Dominant_1,R4,2026-08-10T09:50:29.823103Z,human_signal,17,874,200,1227,464,819,562,440.51,366.08,419.8,human,i_can,0.454,2.83,17.64,129.41,180.0,87.67,0.0
Human Dominant_1,R4,2026-08-10T09:50:30.147407Z,behavior_monitor,17,924,216,1188,459,843,562,358.54,355.72,359.54,system,NA,0.498,2.83,17.64,139.31,-150.09,76.24,0.0
Human Dominant_1,R4,2026-08-10T09:50:30.654754Z,behavior_monitor,17,994,258,1126,431,882,562,217.48,324.08,276.66,system,NA,0.598,2.83,41.76,91.2,-145.21,76.24,0.0
Human Dominant_1,R4,2026-08-10T09:50:31.157377Z,behavior_monitor,17,1047,315,1102,425,920,562,122.48,276.85,227.48,system,NA,0.693,2.83,20.58,115.81,180.0,76.24,0.0
Human Dominant_1,R4,2026-08-10T09:50:31.665775Z,behavior_monitor,17,1130,345,1109,402,959,562,60.39,275.55,219.18,system,NA,0.82,2.83,20.58,129.41,0.0,76.24,0.0
Human Dominant_1,R4,2026-08-10T09:50:32.174657Z,behavior_monitor,17,1203,386,1171,430,999,561,53.67,268.72,216.82,system,NA,0.834,2.83,48.41,138.26,36.43,76.24,0.0
Human Dominant_1,R4,2026-08-10T09:50:32.683652Z,behavior_monitor,17,1266,445,1228,471,1037,561,46.59,256.69,210.6,system,NA,0.846,2.83,44.9,137.11,31.28,76.24,0.0
Human Dominant_1,R4,2026-08-10T09:50:33.189743Z,behavior_monitor,17,1335,498,1290,504,1076,561,45.19,266.18,221.26,system,NA,0.855,2.83,23.45,139.2,32.13,76.24,0.0
Human Dominant_1,R4,2026-08-10T09:50:33.696770Z,behavior_monitor,17,1394,553,1349,543,1115,562,45.73,279.02,235.03,system,NA,0.859,2.83,53.01,139.09,36.96,76.24,0.0
Human Dominant_1,R4,2026-08-10T09:50:34.199852Z,behavior_monitor,17,1446,603,1396,596,1154,598,51.11,292.66,242.05,system,NA,0.851,2.06,134.9,137.89,57.04,76.24,0.0
Human Dominant_1,R4,2026-08-10T09:50:34.506929Z,shot_hit,17,1423,630,1418,632,1177,625,5.22,245.42,240.81,human,NA,0.979,2.06,134.9,139.33,59.24,130.47,54.25
Human Dominant_1,R4,2026-08-10T09:50:34.507898Z,flight_spawn,18,682,-20,1418,632,1177,625,983.89,813.55,240.81,system,NA,0.453,2.83,135.0,139.33,59.24,130.47,54.25
Human Dominant_1,R4,2026-08-10T09:50:35.012517Z,human_signal,18,606,21,1423,611,1177,625,1007.78,830.92,246.18,human,i_can,0.452,2.83,177.88,137.98,-113.48,0.0,54.25
Human Dominant_1,R4,2026-08-10T09:50:35.028886Z,behavior_monitor,18,606,21,1423,611,1177,625,1007.78,830.92,246.18,system,NA,0.452,2.83,177.88,137.92,-115.08,0.0,54.25
Human Dominant_1,R4,2026-08-10T09:50:35.249449Z,human_signal,18,568,22,1408,585,1177,625,1011.19,856.79,234.49,human,your_turn,0.459,2.83,177.88,137.57,-123.11,0.0,54.25
Human Dominant_1,R4,2026-08-10T09:50:35.250137Z,human_signal,18,565,22,1407,583,1177,625,1011.85,859.19,233.51,human,your_turn,0.459,2.83,155.21,146.16,-123.11,0.0,54.25
Human Dominant_1,R4,2026-08-10T09:50:35.539510Z,behavior_monitor,18,527,41,1382,555,1158,598,997.93,841.37,228.37,system,NA,0.457,2.83,155.21,137.23,-134.31,150.04,-125.75
Human Dominant_1,R4,2026-08-10T09:50:36.046998Z,behavior_monitor,18,448,63,1342,503,1113,565,996.84,833.49,236.91,system,NA,0.455,2.83,148.17,115.35,-90.0,87.67,180.0
Human Dominant_1,R4,2026-08-10T09:50:36.555598Z,behavior_monitor,18,404,133,1342,479,1068,565,999.58,792.12,286.48,system,NA,0.442,2.83,96.22,0.0,-90.0,87.67,180.0
Human Dominant_1,R4,2026-08-10T09:50:37.062747Z,behavior_monitor,18,406,217,1342,479,1024,564,971.68,708.92,329.07,system,NA,0.422,2.83,91.54,0.0,-90.0,87.67,180.0
Human Dominant_1,R4,2026-08-10T09:50:37.570267Z,behavior_monitor,18,397,299,1342,479,979,565,961.9,639.95,372.87,system,NA,0.4,2.83,93.02,0.0,-90.0,87.67,180.0
Human Dominant_1,R4,2026-08-10T09:50:38.077844Z,behavior_monitor,18,402,382,1342,479,934,566,944.49,562.76,416.9,system,NA,0.373,2.83,72.64,0.0,-90.0,87.67,180.0
Human Dominant_1,R4,2026-08-10T09:50:38.584205Z,behavior_monitor,18,389,465,1342,479,889,566,953.31,510.72,460.84,system,NA,0.349,2.83,100.73,0.0,-90.0,87.67,180.0
Human Dominant_1,R4,2026-08-10T09:50:39.092998Z,behavior_monitor,18,385,548,1310,479,845,566,927.84,459.65,474.08,system,NA,0.331,2.83,98.13,101.36,180.0,87.67,180.0
Human Dominant_1,R4,2026-08-10T09:50:39.600265Z,behavior_monitor,18,373,632,1288,470,800,612,929.29,427.9,507.85,system,NA,0.315,2.83,98.13,83.91,-41.38,150.04,125.75
Human Dominant_1,R4,2026-08-10T09:50:40.109070Z,behavior_monitor,18,361,716,1274,468,755,674,945.44,396.02,557.98,system,NA,0.295,2.83,98.13,129.41,180.0,150.04,125.75
Human Dominant_1,R4,2026-08-10T09:50:42.161520Z,shot_miss,18,570,952,1162,468,573,910,764.28,42.16,736.12,agent,NA,0.052,2.83,53.33,0.0,180.0,87.67,180.0
Human Dominant_1,R4,2026-08-10T09:50:42.162655Z,flight_missed,18,570,952,1162,468,573,910,764.28,42.16,736.12,system,NA,0.052,2.83,53.33,0.0,180.0,87.67,180.0
Human Dominant_1,R4,2026-08-10T09:50:42.163232Z,flight_spawn,19,523,-20,1162,468,573,910,804.29,931.37,736.12,system,NA,0.537,2.92,133.22,0.0,180.0,87.67,180.0
Human Dominant_1,R4,2026-08-10T09:50:42.818791Z,human_signal,19,428,34,1127,468,563,895,822.19,871.33,707.84,human,your_turn,0.515,2.92,160.18,129.41,180.0,130.47,-125.75
Human Dominant_1,R4,2026-08-10T09:50:42.819387Z,behavior_monitor,19,428,34,1127,468,563,895,822.19,871.33,707.84,system,NA,0.515,2.92,160.18,129.41,180.0,130.47,-125.75
Human Dominant_1,R4,2026-08-10T09:50:42.819948Z,human_signal,19,425,35,1125,468,563,895,822.77,870.89,706.09,human,your_turn,0.514,2.92,160.18,129.41,180.0,130.47,-125.75
Human Dominant_1,R4,2026-08-10T09:50:43.326475Z,behavior_monitor,19,347,64,1088,468,518,833,844.29,788.1,677.3,system,NA,0.483,2.92,160.18,0.0,180.0,150.04,-125.75
Human Dominant_1,R4,2026-08-10T09:50:43.829173Z,behavior_monitor,19,260,84,1097,468,474,771,920.89,719.47,693.43,system,NA,0.439,2.92,177.66,115.79,0.0,150.04,-125.75
Human Dominant_1,R4,2026-08-10T09:50:44.332407Z,behavior_monitor,19,173,88,1095,468,429,709,997.82,672.15,708.19,system,NA,0.402,2.92,177.66,129.41,180.0,150.04,-125.75
Human Dominant_1,R4,2026-08-10T09:50:44.837240Z,behavior_monitor,19,93,116,1029,468,384,647,1000.63,606.01,669.3,system,NA,0.377,2.92,179.58,129.41,180.0,150.04,-125.75
Human Dominant_1,R4,2026-08-10T09:50:45.345164Z,behavior_monitor,19,35,173,966,468,339,585,976.68,511.7,637.66,system,NA,0.344,2.92,100.12,47.82,180.0,150.04,-125.75
Human Dominant_1,R4,2026-08-10T09:50:45.854852Z,behavior_monitor,19,40,242,965,468,295,566,952.04,412.27,677.23,system,NA,0.302,2.52,92.3,0.0,180.0,87.67,180.0
Human Dominant_1,R4,2026-08-10T09:50:46.363156Z,behavior_monitor,19,33,315,965,468,250,564,944.08,330.73,721.07,system,NA,0.259,2.52,137.79,0.0,180.0,87.67,180.0
Human Dominant_1,R4,2026-08-10T09:50:46.871629Z,behavior_monitor,19,41,374,965,468,206,564,928.67,251.47,765.41,system,NA,0.213,2.41,48.16,0.0,180.0,87.67,180.0
Human Dominant_1,R4,2026-08-10T09:50:47.382959Z,behavior_monitor,19,100,414,965,468,161,564,866.61,162.08,809.78,system,NA,0.158,2.41,21.01,0.0,180.0,87.67,180.0
Human Dominant_1,R4,2026-08-10T09:50:49.557777Z,human_signal,19,399,496,965,565,293,564,569.7,125.88,671.5,human,i_can,0.181,2.41,20.36,129.41,90.0,87.67,0.0
Human Dominant_1,R4,2026-08-10T09:50:49.574689Z,behavior_monitor,19,399,496,965,565,295,564,569.7,124.79,670.2,system,NA,0.18,2.41,20.36,129.41,90.0,76.24,0.0
Human Dominant_1,R4,2026-08-10T09:50:49.962867Z,human_signal,19,451,516,964,618,325,564,522.27,135.21,641.24,human,i_can,0.206,2.41,20.36,133.95,104.96,76.24,0.0
Human Dominant_1,R4,2026-08-10T09:50:50.082989Z,behavior_monitor,19,465,521,959,631,334,564,506.93,137.44,629.29,system,NA,0.213,2.41,20.36,137.67,109.95,76.24,0.0
Human Dominant_1,R4,2026-08-10T09:50:50.200194Z,human_signal,19,484,530,952,649,343,564,483.29,144.96,615.4,human,i_can,0.231,2.41,49.61,140.4,112.82,76.24,0.0
Human Dominant_1,R4,2026-08-10T09:50:50.588323Z,behavior_monitor,19,489,577,932,697,373,571,458.87,116.43,573.22,system,NA,0.202,2.41,100.38,149.51,113.13,138.63,54.25
Human Dominant_1,R4,2026-08-10T09:50:51.079059Z,human_signal,19,502,644,905,761,410,624,420.02,93.58,513.45,human,your_turn,0.182,2.41,70.78,146.45,110.14,138.63,54.25
Human Dominant_1,R4,2026-08-10T09:50:51.079638Z,human_signal,19,502,646,904,763,410,624,418.53,94.81,513.27,human,your_turn,0.185,2.41,70.78,137.84,110.14,130.47,54.25
Human Dominant_1,R4,2026-08-10T09:50:51.094911Z,behavior_monitor,19,502,646,904,763,412,626,418.53,92.64,511.02,system,NA,0.181,2.41,70.78,146.21,109.89,182.36,55.11
Human Dominant_1,R4,2026-08-10T09:50:51.552244Z,human_signal,19,555,679,889,786,453,673,350.72,102.64,450.86,human,your_turn,0.226,2.41,4.31,0.0,180.0,87.67,0.0
Human Dominant_1,R4,2026-08-10T09:50:51.552835Z,human_signal,19,557,679,890,785,453,673,349.22,104.5,451.24,human,your_turn,0.23,2.41,24.49,0.0,180.0,87.67,0.0
Human Dominant_1,R4,2026-08-10T09:50:51.603095Z,behavior_monitor,19,563,681,891,782,457,676,343.94,105.68,447.27,system,NA,0.235,2.41,24.49,105.24,-62.3,87.67,0.0
Human Dominant_1,R4,2026-08-10T09:50:51.825090Z,human_signal,19,592,695,874,779,477,690,293.85,115.8,407.25,human,i_can,0.283,2.41,24.49,152.16,138.34,150.04,54.25
Human Dominant_1,R4,2026-08-10T09:50:52.115060Z,behavior_monitor,19,628,711,851,811,499,706,243.98,129.42,367.39,system,NA,0.347,2.41,24.49,143.46,131.26,76.24,0.0
Human Dominant_1,R4,2026-08-10T09:50:52.624020Z,behavior_monitor,19,690,745,789,830,537,742,130.33,153.19,267.3,system,NA,0.54,2.41,49.05,134.59,-164.06,141.18,69.23
Human Dominant_1,R4,2026-08-10T09:50:53.096043Z,shot_hit,19,714,810,730,809,574,790,15.92,141.55,157.24,human,NA,0.899,2.41,76.46,129.41,180.0,142.7,42.78
Human Dominant_1,R4,2026-08-10T09:50:53.096647Z,flight_spawn,20,619,-20,730,809,574,790,837.09,811.53,157.24,system,NA,0.492,2.94,132.87,129.41,180.0,142.7,42.78
Human Dominant_1,R4,2026-08-10T09:50:53.534251Z,human_signal,20,568,36,776,813,567,781,804.73,745.26,211.15,human,your_turn,0.481,2.94,132.87,127.75,-16.92,123.22,-125.75
Human Dominant_1,R4,2026-08-10T09:50:53.534896Z,behavior_monitor,20,568,36,776,813,567,781,804.73,745.26,211.15,system,NA,0.481,2.94,132.87,135.27,-16.92,130.47,-125.75
Human Dominant_1,R4,2026-08-10T09:50:53.535421Z,human_signal,20,566,38,778,812,567,781,803.19,743.1,213.23,human,your_turn,0.481,2.94,157.96,135.27,-16.92,130.47,-125.75
Human Dominant_1,R4,2026-08-10T09:50:54.040488Z,behavior_monitor,20,480,47,828,770,523,719,802.68,673.1,309.26,system,NA,0.456,2.94,176.97,138.35,-60.92,150.04,-125.75
Human Dominant_1,R4,2026-08-10T09:50:54.548083Z,behavior_monitor,20,394,52,858,707,479,656,802.56,610.56,382.35,system,NA,0.432,2.94,176.97,129.58,-70.6,141.71,-125.75
Human Dominant_1,R4,2026-08-10T09:50:55.053185Z,behavior_monitor,20,313,86,864,641,434,594,782.65,523.33,432.19,system,NA,0.401,2.94,179.97,129.41,-90.0,150.04,-125.75
Human Dominant_1,R4,2026-08-10T09:50:55.559779Z,behavior_monitor,20,230,121,870,582,390,565,788.48,471.93,480.44,system,NA,0.374,2.94,153.34,122.46,-43.33,93.15,180.0
Human Dominant_1,R4,2026-08-10T09:50:56.069151Z,behavior_monitor,20,157,173,890,563,345,566,829.58,435.4,544.41,system,NA,0.344,2.94,143.93,0.0,-90.0,87.67,180.0
Human Dominant_1,R4,2026-08-10T09:50:56.573190Z,behavior_monitor,20,96,231,890,563,301,566,860.19,392.06,589.13,system,NA,0.313,2.94,115.65,0.0,-90.0,87.67,180.0
Human Dominant_1,R4,2026-08-10T09:50:57.081607Z,behavior_monitor,20,79,317,890,563,256,565,846.74,304.23,634.0,system,NA,0.264,2.94,90.78,0.0,-90.0,87.67,180.0
Human Dominant_1,R4,2026-08-10T09:50:57.586244Z,behavior_monitor,20,81,398,890,563,211,565,824.96,211.22,678.93,system,NA,0.204,2.94,86.95,0.0,-90.0,87.67,180.0
Human Dominant_1,R4,2026-08-10T09:50:58.096159Z,behavior_monitor,20,86,486,890,563,166,565,807.11,111.86,723.76,system,NA,0.122,2.94,57.26,0.0,-90.0,87.67,180.0
Human Dominant_1,R4,2026-08-10T09:50:58.654799Z,shot_hit,20,124,575,890,563,115,569,766.04,10.32,774.6,agent,NA,0.013,2.94,87.05,0.0,-90.0,150.04,125.75
Human Dominant_1,R5,2026-08-10T09:52:05.090529Z,flight_spawn,1,724,-20,890,563,115,569,606.08,847.52,774.6,system,NA,0.583,3.04,131.22,0.0,-90.0,0.0,125.75
Human Dominant_1,R5,2026-08-10T09:52:08.980080Z,human_signal,1,612,92,1127,639,409,696,750.85,637.69,720.16,human,your_turn,0.459,3.04,156.1,129.41,-90.0,130.47,-54.25
Human Dominant_1,R5,2026-08-10T09:52:08.981052Z,behavior_monitor,1,612,92,1127,639,409,696,750.85,637.69,720.16,system,NA,0.459,3.04,156.1,129.41,-90.0,130.47,-54.25
Human Dominant_1,R5,2026-08-10T09:52:08.981647Z,human_signal,1,609,93,1127,637,409,696,750.72,635.44,720.34,human,your_turn,0.458,3.04,156.1,129.41,-90.0,130.47,-54.25
Human Dominant_1,R5,2026-08-10T09:52:09.485888Z,behavior_monitor,1,556,158,1127,597,453,634,719.43,487.43,674.45,system,NA,0.404,3.04,110.81,0.0,-90.0,150.04,-54.25
Human Dominant_1,R5,2026-08-10T09:52:09.993164Z,behavior_monitor,1,523,243,1141,605,498,572,716.19,330.19,644.1,system,NA,0.316,3.04,84.65,136.75,31.33,150.04,-54.25
Human Dominant_1,R5,2026-08-10T09:52:10.501147Z,behavior_monitor,1,492,327,1181,629,475,566,751.98,239.91,707.93,system,NA,0.242,3.04,113.96,0.0,34.08,87.67,180.0
Human Dominant_1,R5,2026-08-10T09:52:11.004506Z,behavior_monitor,1,458,410,1181,629,441,566,755.44,156.98,742.08,system,NA,0.172,3.04,87.61,0.0,34.08,0.0,180.0
Human Dominant_1,R5,2026-08-10T09:52:11.508793Z,behavior_monitor,1,408,483,1181,629,399,567,786.48,83.97,783.82,system,NA,0.096,3.04,144.74,0.0,34.08,87.67,180.0
Human Dominant_1,R5,2026-08-10T09:52:12.015382Z,behavior_monitor,1,355,552,1181,629,354,565,829.63,13.34,828.65,system,NA,0.016,3.04,119.67,0.0,34.08,87.67,180.0
Human Dominant_1,R5,2026-08-10T09:52:12.032511Z,shot_hit,1,351,557,1181,629,351,565,833.0,8.09,831.62,agent,NA,0.01,3.04,119.67,0.0,34.08,87.67,180.0
Human Dominant_1,R5,2026-08-10T09:52:12.032893Z,flight_spawn,2,71,-20,1181,629,351,565,1285.93,649.22,831.62,system,NA,0.335,2.94,47.19,0.0,34.08,87.67,180.0
Human Dominant_1,R5,2026-08-10T09:52:12.521800Z,human_signal,2,88,55,1151,619,339,564,1203.39,567.62,814.2,human,your_turn,0.321,2.94,94.51,136.17,-156.2,76.24,180.0
Human Dominant_1,R5,2026-08-10T09:52:12.522891Z,behavior_monitor,2,88,55,1151,619,339,564,1203.39,567.62,814.2,system,NA,0.321,2.94,94.51,136.17,-156.2,76.24,180.0
Human Dominant_1,R5,2026-08-10T09:52:12.523353Z,human_signal,2,87,58,1149,618,339,564,1200.37,565.32,812.02,human,your_turn,0.32,2.94,94.51,136.17,-156.2,76.24,180.0
Human Dominant_1,R5,2026-08-10T09:52:13.028826Z,behavior_monitor,2,44,132,1117,604,293,564,1172.47,498.87,825.07,system,NA,0.298,2.94,101.23,0.0,180.0,93.15,180.0
Human Dominant_1,R5,2026-08-10T09:52:13.537154Z,behavior_monitor,2,32,207,1117,604,249,564,1155.45,417.34,869.49,system,NA,0.265,2.54,35.18,0.0,180.0,87.67,180.0
Human Dominant_1,R5,2026-08-10T09:52:14.042094Z,behavior_monitor,2,92,256,1117,604,204,564,1082.28,328.03,914.15,system,NA,0.233,2.54,17.15,0.0,180.0,93.15,180.0
Human Dominant_1,R5,2026-08-10T09:52:14.548610Z,behavior_monitor,2,163,278,1124,593,160,564,1011.14,286.15,964.83,system,NA,0.221,2.54,17.15,93.37,-48.44,87.67,180.0
Human Dominant_1,R5,2026-08-10T09:52:15.054406Z,behavior_monitor,2,239,300,1095,577,191,564,899.33,267.61,903.78,system,NA,0.229,2.54,17.96,93.63,180.0,87.67,0.0
Human Dominant_1,R5,2026-08-10T09:52:15.559982Z,behavior_monitor,2,313,324,1071,595,235,563,804.39,251.18,836.23,system,NA,0.238,2.54,42.1,97.57,129.57,87.67,0.0
Human Dominant_1,R5,2026-08-10T09:52:16.068300Z,behavior_monitor,2,378,369,1051,659,279,562,732.91,217.24,777.59,system,NA,0.229,2.54,42.23,134.91,106.43,87.67,0.0
Human Dominant_1,R5,2026-08-10T09:52:16.571928Z,behavior_monitor,2,443,399,1032,688,324,562,655.83,202.67,719.04,system,NA,0.236,2.54,40.82,96.93,-140.17,87.67,0.0
Human Dominant_1,R5,2026-08-10T09:52:17.080605Z,behavior_monitor,2,499,452,1010,703,368,563,568.97,171.73,656.42,system,NA,0.232,2.54,48.89,135.02,106.58,87.67,0.0
Human Dominant_1,R5,2026-08-10T09:52:18.621240Z,human_signal,2,657,605,976,780,504,599,363.86,152.72,505.22,human,i_can,0.296,2.54,25.83,143.17,120.61,87.67,0.0
Human Dominant_1,R5,2026-08-10T09:52:18.637475Z,behavior_monitor,2,657,605,976,780,505,601,363.86,151.36,503.37,system,NA,0.294,2.54,25.83,142.8,119.13,130.47,54.25
Human Dominant_1,R5,2026-08-10T09:52:19.008494Z,human_signal,2,711,624,945,813,533,619,301.03,177.85,455.51,human,i_can,0.371,2.54,2.7,73.73,152.03,76.24,0.0
Human Dominant_1,R5,2026-08-10T09:52:19.145628Z,behavior_monitor,2,729,625,938,813,544,620,281.14,185.25,438.5,system,NA,0.397,2.54,2.7,71.86,180.0,130.47,54.25
Human Dominant_1,R5,2026-08-10T09:52:19.281335Z,human_signal,2,751,627,920,813,554,622,251.37,196.67,412.63,human,i_can,0.439,2.54,0.15,129.41,180.0,76.24,0.0
Human Dominant_1,R5,2026-08-10T09:52:19.651495Z,behavior_monitor,2,788,660,899,813,583,650,188.78,205.9,355.81,system,NA,0.522,2.54,55.93,35.18,180.0,130.47,54.25
Human Dominant_1,R5,2026-08-10T09:52:20.158944Z,behavior_monitor,2,806,733,859,813,622,705,95.75,186.81,260.54,system,NA,0.661,2.54,80.4,129.41,180.0,130.47,54.25
Human Dominant_1,R5,2026-08-10T09:52:20.583786Z,shot_hit,2,790,793,806,799,654,750,16.99,142.85,159.83,human,NA,0.894,2.54,108.98,129.41,180.0,130.47,54.25
Human Dominant_1,R5,2026-08-10T09:52:20.584333Z,flight_spawn,3,824,-20,806,799,654,750,819.87,788.87,159.83,system,NA,0.49,3.56,55.77,129.41,180.0,130.47,54.25
Human Dominant_1,R5,2026-08-10T09:52:21.516750Z,human_signal,3,999,78,903,784,693,696,712.98,690.28,227.45,human,i_can,0.492,3.56,31.35,135.24,-16.89,130.47,-54.25
Human Dominant_1,R5,2026-08-10T09:52:21.533482Z,behavior_monitor,3,999,78,903,784,694,695,712.98,688.09,226.96,system,NA,0.491,3.56,31.35,135.24,-16.89,130.47,-54.25
Human Dominant_1,R5,2026-08-10T09:52:22.040291Z,behavior_monitor,3,1101,104,969,761,733,640,670.57,650.31,265.38,system,NA,0.492,3.56,4.8,137.99,-20.32,130.47,-54.25
Human Dominant_1,R5,2026-08-10T09:52:22.361485Z,human_signal,3,1164,126,1013,743,757,606,636.1,629.56,290.25,human,i_can,0.497,3.56,25.22,139.6,-23.74,113.34,-43.27
Human Dominant_1,R5,2026-08-10T09:52:22.546307Z,behavior_monitor,3,1193,141,1034,732,771,586,612.67,613.89,300.72,system,NA,0.5,3.56,25.22,141.62,-33.19,130.47,-54.25
Human Dominant_1,R5,2026-08-10T09:52:22.680337Z,human_signal,3,1220,156,1052,720,781,572,588.31,604.57,308.39,human,i_can,0.507,3.56,45.7,142.29,-34.61,130.47,-54.25
Human Dominant_1,R5,2026-08-10T09:52:22.916303Z,human_signal,3,1254,193,1075,697,799,566,533.93,588.24,305.74,human,i_can,0.524,3.56,67.07,148.61,-49.36,81.0,0.0
Human Dominant_1,R5,2026-08-10T09:52:23.051437Z,behavior_monitor,3,1262,216,1087,685,809,566,499.97,572.24,301.68,system,NA,0.534,3.56,67.07,138.93,-46.17,76.24,0.0
Human Dominant_1,R5,2026-08-10T09:52:23.288770Z,human_signal,3,1299,251,1114,662,827,566,450.57,567.44,302.41,human,i_can,0.557,3.56,17.75,140.88,-37.71,76.24,0.0
Human Dominant_1,R5,2026-08-10T09:52:23.560650Z,behavior_monitor,3,1349,267,1142,639,848,566,426.02,583.72,302.7,system,NA,0.578,3.56,17.75,140.36,-38.26,76.24,0.0
Human Dominant_1,R5,2026-08-10T09:52:23.729226Z,human_signal,3,1385,279,1163,623,861,567,409.87,598.31,306.87,human,i_can,0.593,3.56,17.75,149.14,-38.26,81.0,0.0
Human Dominant_1,R5,2026-08-10T09:52:23.982526Z,human_signal,3,1433,295,1189,599,880,567,389.83,616.17,310.85,human,i_can,0.612,3.56,17.75,140.14,-47.74,76.24,0.0
Human Dominant_1,R5,2026-08-10T09:52:24.066685Z,behavior_monitor,3,1445,300,1195,592,887,567,384.57,619.16,309.45,system,NA,0.617,3.56,17.75,140.0,-55.97,76.24,0.0
Human Dominant_1,R5,2026-08-10T09:52:24.252251Z,human_signal,3,1429,310,1210,567,901,567,338.26,587.5,308.81,human,i_can,0.635,2.3,147.21,148.13,-60.08,81.0,0.0
Human Dominant_1,R5,2026-08-10T09:52:24.572893Z,behavior_monitor,3,1393,321,1222,530,926,565,269.93,527.37,298.49,system,NA,0.661,2.3,159.86,122.21,-90.0,76.24,0.0
Human Dominant_1,R5,2026-08-10T09:52:25.081515Z,behavior_monitor,3,1346,363,1240,465,965,565,147.09,431.47,293.07,system,NA,0.746,2.3,131.98,137.46,-68.53,76.24,0.0
Human Dominant_1,R5,2026-08-10T09:52:25.590093Z,behavior_monitor,3,1346,422,1293,420,1004,565,53.21,370.78,323.6,system,NA,0.875,2.3,37.06,129.41,0.0,76.24,0.0
Human Dominant_1,R5,2026-08-10T09:52:25.707554Z,shot_miss,3,1362,432,1308,425,1013,565,54.75,373.62,326.33,human,NA,0.872,2.3,37.06,135.44,29.78,76.24,0.0
Human Dominant_1,R5,2026-08-10T09:52:26.098160Z,behavior_monitor,3,1408,464,1342,465,1043,565,65.74,378.26,315.16,system,NA,0.852,2.3,37.06,135.39,66.22,76.24,0.0
Human Dominant_1,R5,2026-08-10T09:52:26.606015Z,behavior_monitor,3,1439,490,1372,528,1082,565,76.51,364.42,292.65,system,NA,0.826,1.41,166.32,139.4,62.77,76.24,0.0
Human Dominant_1,R5,2026-08-10T09:52:27.098526Z,shot_hit,3,1410,517,1394,514,1119,565,15.96,294.54,279.54,human,NA,0.949,1.41,110.9,133.47,14.17,82.45,19.88
Human Dominant_1,R5,2026-08-10T09:52:27.099076Z,flight_spawn,4,836,-20,1394,514,1119,565,772.95,650.59,279.54,system,NA,0.457,2.89,46.23,133.47,14.17,82.45,19.88
Human Dominant_1,R5,2026-08-10T09:52:27.452201Z,human_signal,4,888,14,1387,513,1119,565,705.22,597.32,273.09,human,i_can,0.459,2.89,17.14,136.96,-109.11,0.0,0.0
Human Dominant_1,R5,2026-08-10T09:52:27.467961Z,behavior_monitor,4,888,14,1387,513,1119,565,705.22,597.32,273.09,system,NA,0.459,2.89,17.14,142.69,-105.5,0.0,0.0
Human Dominant_1,R5,2026-08-10T09:52:27.976371Z,behavior_monitor,4,973,43,1365,453,1098,565,567.5,536.73,289.11,system,NA,0.486,2.89,23.31,138.55,-143.68,76.24,180.0
Human Dominant_1,R5,2026-08-10T09:52:28.484653Z,behavior_monitor,4,1063,50,1304,421,1059,565,442.17,515.38,283.65,system,NA,0.538,2.89,2.99,132.91,-158.94,76.24,180.0
Human Dominant_1,R5,2026-08-10T09:52:28.553689Z,human_signal,4,1078,50,1293,417,1056,565,425.42,514.67,279.43,human,i_can,0.547,2.89,2.99,129.85,-162.79,0.0,180.0
Human Dominant_1,R5,2026-08-10T09:52:28.994342Z,behavior_monitor,4,1146,85,1276,416,1088,564,355.43,482.85,239.8,system,NA,0.576,2.89,29.57,0.0,180.0,76.24,0.0
Human Dominant_1,R5,2026-08-10T09:52:29.097553Z,human_signal,4,1162,95,1276,416,1095,564,340.31,474.07,233.74,human,i_can,0.582,2.89,29.57,0.0,180.0,76.24,0.0
Human Dominant_1,R5,2026-08-10T09:52:29.502028Z,behavior_monitor,4,1181,146,1276,416,1127,564,285.67,421.2,210.22,system,NA,0.596,2.89,79.21,0.0,180.0,76.24,0.0
Human Dominant_1,R5,2026-08-10T09:52:29.653438Z,human_signal,4,1186,174,1269,416,1138,564,254.98,392.19,197.64,human,i_can,0.606,2.89,79.21,119.33,180.0,81.0,0.0
Human Dominant_1,R5,2026-08-10T09:52:30.007103Z,behavior_monitor,4,1200,229,1226,401,1166,564,174.32,336.54,173.06,system,NA,0.659,2.89,62.26,138.68,-152.33,76.24,0.0
Human Dominant_1,R5,2026-08-10T09:52:30.515363Z,behavior_monitor,4,1270,277,1233,394,1205,565,122.69,295.29,173.32,system,NA,0.706,2.89,22.18,129.41,0.0,76.24,0.0
Human Dominant_1,R5,2026-08-10T09:52:31.022758Z,behavior_monitor,4,1354,293,1299,394,1243,564,114.89,293.35,179.61,system,NA,0.719,2.89,4.18,129.41,0.0,76.24,0.0
Human Dominant_1,R5,2026-08-10T09:52:31.108285Z,human_signal,4,1372,294,1312,394,1250,564,116.24,296.79,181.81,human,i_can,0.719,2.89,4.18,129.41,0.0,76.24,0.0
Human Dominant_1,R5,2026-08-10T09:52:31.526075Z,behavior_monitor,4,1436,314,1360,394,1282,564,109.73,293.91,187.95,system,NA,0.728,2.89,2.5,0.0,0.0,81.0,0.0
Human Dominant_1,R5,2026-08-10T09:52:32.034212Z,behavior_monitor,4,1427,361,1363,394,1321,564,72.57,230.1,175.94,system,NA,0.76,2.03,113.42,97.65,0.0,81.0,0.0
Human Dominant_1,R5,2026-08-10T09:52:32.341334Z,shot_hit,4,1415,394,1401,394,1344,564,14.03,184.36,179.81,human,NA,0.929,2.03,113.42,129.41,0.0,76.24,0.0
Human Dominant_1,R5,2026-08-10T09:52:32.342252Z,flight_spawn,5,792,-20,1401,394,1344,564,736.23,803.83,179.81,system,NA,0.522,2.83,45.0,129.41,0.0,76.24,0.0
Human Dominant_1,R5,2026-08-10T09:52:33.591605Z,human_signal,5,955,110,1258,400,1292,565,419.39,566.17,168.15,human,i_can,0.574,2.83,47.77,129.41,180.0,76.24,180.0
Human Dominant_1,R5,2026-08-10T09:52:33.609197Z,behavior_monitor,5,955,110,1258,400,1291,565,419.39,565.4,167.89,system,NA,0.574,2.83,47.77,129.41,180.0,76.24,180.0
Human Dominant_1,R5,2026-08-10T09:52:34.114477Z,behavior_monitor,5,1020,162,1192,396,1252,564,290.06,464.56,179.15,system,NA,0.616,2.83,0.26,135.18,-163.21,76.24,180.0
Human Dominant_1,R5,2026-08-10T09:52:34.453189Z,human_signal,5,1079,162,1174,378,1226,565,235.78,428.19,193.45,human,i_can,0.645,2.83,0.26,65.47,0.0,76.24,180.0
Human Dominant_1,R5,2026-08-10T09:52:34.622256Z,behavior_monitor,5,1104,163,1187,382,1213,565,234.84,416.75,184.51,system,NA,0.64,2.83,0.26,0.0,0.0,81.0,180.0
Human Dominant_1,R5,2026-08-10T09:52:35.131206Z,behavior_monitor,5,1189,163,1230,382,1175,566,222.79,402.84,191.76,system,NA,0.644,2.83,27.16,129.41,0.0,76.24,180.0
Human Dominant_1,R5,2026-08-10T09:52:35.635535Z,behavior_monitor,5,1268,191,1276,382,1208,566,191.06,379.24,195.65,system,NA,0.665,2.83,31.54,0.0,0.0,47.95,-0.36
Human Dominant_1,R5,2026-08-10T09:52:36.141678Z,behavior_monitor,5,1347,212,1303,382,1247,565,175.6,367.45,191.95,system,NA,0.677,2.83,12.24,137.5,0.0,81.0,0.0
Human Dominant_1,R5,2026-08-10T09:52:36.649533Z,behavior_monitor,5,1434,230,1332,382,1286,566,182.6,366.9,189.62,system,NA,0.668,2.83,12.24,0.0,0.0,76.24,0.0
Human Dominant_1,R5,2026-08-10T09:52:36.803419Z,human_signal,5,1443,236,1332,382,1298,566,182.94,360.35,187.1,human,i_can,0.663,1.76,160.13,0.0,0.0,76.24,0.0
Human Dominant_1,R5,2026-08-10T09:52:37.157269Z,behavior_monitor,5,1410,247,1332,382,1325,566,155.59,330.0,183.98,system,NA,0.68,1.76,143.75,0.0,0.0,76.24,0.0
Human Dominant_1,R5,2026-08-10T09:52:37.667531Z,behavior_monitor,5,1376,285,1332,382,1358,566,106.13,281.44,185.82,system,NA,0.726,1.76,122.15,0.0,0.0,0.0,0.0
Human Dominant_1,R5,2026-08-10T09:52:38.176941Z,behavior_monitor,5,1366,338,1333,382,1350,565,55.46,227.68,183.61,system,NA,0.804,1.76,92.92,38.43,0.0,0.0,180.0
Human Dominant_1,R5,2026-08-10T09:52:38.432769Z,shot_hit,5,1364,364,1365,381,1348,565,17.01,201.35,184.57,human,NA,0.922,1.76,92.92,129.41,0.0,0.0,180.0
Human Dominant_1,R5,2026-08-10T09:52:38.433443Z,flight_spawn,6,221,-20,1365,381,1348,565,1213.21,1270.06,184.57,system,NA,0.511,2.92,133.2,129.41,0.0,0.0,180.0
Human Dominant_1,R5,2026-08-10T09:52:38.855736Z,human_signal,6,195,47,1339,369,1337,565,1189.11,1254.63,195.48,human,your_turn,0.513,2.92,108.34,140.36,157.22,76.24,180.0
Human Dominant_1,R5,2026-08-10T09:52:38.856311Z,behavior_monitor,6,195,47,1339,369,1337,565,1189.11,1254.63,195.48,system,NA,0.513,2.92,108.34,140.7,156.89,76.24,180.0
Human Dominant_1,R5,2026-08-10T09:52:38.856762Z,human_signal,6,194,50,1337,370,1337,565,1186.85,1253.8,194.5,human,your_turn,0.514,2.92,108.34,140.7,156.89,76.24,180.0
Human Dominant_1,R5,2026-08-10T09:52:39.363534Z,behavior_monitor,6,185,132,1274,393,1292,565,1119.34,1188.88,173.39,system,NA,0.515,2.92,85.57,129.41,180.0,87.67,180.0
Human Dominant_1,R5,2026-08-10T09:52:39.868914Z,behavior_monitor,6,195,219,1208,393,1248,565,1027.83,1108.88,177.4,system,NA,0.519,2.92,85.57,129.41,180.0,87.67,180.0
Human Dominant_1,R5,2026-08-10T09:52:40.377513Z,behavior_monitor,6,222,300,1170,387,1203,566,952.5,1016.64,181.28,system,NA,0.516,2.92,62.18,137.5,0.0,93.15,180.0
Human Dominant_1,R5,2026-08-10T09:52:40.848828Z,human_signal,6,228,374,1232,387,1161,566,1004.09,953.22,192.13,human,your_turn,0.487,2.92,117.38,129.41,0.0,87.67,180.0
Human Dominant_1,R5,2026-08-10T09:52:40.849858Z,human_signal,6,226,376,1234,387,1161,566,1008.35,954.74,192.95,human,your_turn,0.486,2.92,117.38,122.22,0.0,82.8,180.0
Human Dominant_1,R5,2026-08-10T09:52:40.882606Z,behavior_monitor,6,225,379,1236,387,1158,566,1011.18,951.95,194.96,system,NA,0.485,2.92,117.38,129.41,0.0,87.67,180.0
Human Dominant_1,R5,2026-08-10T09:52:41.388846Z,behavior_monitor,6,226,451,1302,387,1115,566,1078.01,896.11,258.79,system,NA,0.454,2.92,38.72,129.41,0.0,87.67,180.0
Human Dominant_1,R5,2026-08-10T09:52:41.898476Z,behavior_monitor,6,296,507,1329,387,1070,566,1040.21,776.95,314.21,system,NA,0.428,2.92,59.34,0.0,0.0,87.67,180.0
Human Dominant_1,R5,2026-08-10T09:52:42.406028Z,behavior_monitor,6,281,589,1329,417,1026,582,1061.96,744.46,345.4,system,NA,0.412,2.92,84.07,0.0,90.0,150.04,125.75
Human Dominant_1,R5,2026-08-10T09:52:42.910424Z,behavior_monitor,6,261,674,1329,417,981,644,1098.14,720.3,415.4,system,NA,0.396,2.92,107.55,0.0,90.0,150.04,125.75
Human Dominant_1,R5,2026-08-10T09:52:43.415588Z,behavior_monitor,6,310,736,1329,417,936,706,1067.53,626.29,488.36,system,NA,0.37,2.92,55.4,0.0,90.0,159.42,125.75
Human Dominant_1,R5,2026-08-10T09:52:43.922942Z,behavior_monitor,6,358,808,1329,417,891,769,1047.22,534.72,562.5,system,NA,0.338,2.92,55.4,0.0,90.0,150.04,125.75
Human Dominant_1,R5,2026-08-10T09:52:44.430898Z,behavior_monitor,6,419,861,1325,422,846,830,1006.7,428.43,629.14,system,NA,0.299,2.92,27.38,0.0,90.0,150.04,125.75
Human Dominant_1,R5,2026-08-10T09:52:44.940003Z,behavior_monitor,6,471,922,1325,422,801,893,989.18,330.89,704.67,system,NA,0.251,2.92,71.24,0.0,90.0,150.04,125.75
Human Dominant_1,R5,2026-08-10T09:52:45.110544Z,flight_missed,6,484,952,1325,422,785,910,994.27,303.75,727.7,system,NA,0.234,2.92,71.24,0.0,90.0,87.67,180.0
Human Dominant_1,R5,2026-08-10T09:52:45.111262Z,flight_spawn,7,326,-20,1325,422,785,910,1092.54,1036.82,727.7,system,NA,0.487,2.95,132.61,0.0,90.0,87.67,180.0
Human Dominant_1,R5,2026-08-10T09:52:45.653353Z,human_signal,7,245,18,1325,422,785,910,1153.3,1041.93,727.7,human,your_turn,0.475,2.95,169.53,0.0,90.0,0.0,180.0
Human Dominant_1,R5,2026-08-10T09:52:45.654048Z,behavior_monitor,7,245,18,1325,422,785,910,1153.3,1041.93,727.7,system,NA,0.475,2.95,169.53,0.0,90.0,0.0,180.0
Human Dominant_1,R5,2026-08-10T09:52:45.654589Z,human_signal,7,241,19,1324,422,785,910,1155.5,1043.35,726.9,human,your_turn,0.474,2.95,169.53,0.0,90.0,0.0,180.0
Human Dominant_1,R5,2026-08-10T09:52:46.162659Z,behavior_monitor,7,157,34,1304,427,763,878,1212.61,1038.59,704.55,system,NA,0.461,2.95,169.53,0.0,180.0,150.04,-125.75
Human Dominant_1,R5,2026-08-10T09:52:46.669490Z,behavior_monitor,7,75,56,1304,427,718,816,1284.49,995.91,703.51,system,NA,0.437,2.95,169.62,0.0,180.0,150.04,-125.75
Human Dominant_1,R5,2026-08-10T09:52:47.175937Z,behavior_monitor,7,29,106,1304,427,673,754,1315.07,913.91,710.77,system,NA,0.41,2.34,25.8,0.0,180.0,159.42,-125.75
Human Dominant_1,R5,2026-08-10T09:52:47.680970Z,behavior_monitor,7,84,144,1304,427,628,692,1252.47,771.78,726.01,system,NA,0.381,2.34,55.05,0.0,180.0,150.04,-125.75
Human Dominant_1,R5,2026-08-10T09:52:48.187664Z,behavior_monitor,7,119,204,1304,427,583,630,1205.7,630.03,748.94,system,NA,0.343,2.34,81.3,0.0,180.0,150.04,-125.75
Human Dominant_1,R5,2026-08-10T09:52:48.695916Z,behavior_monitor,7,113,272,1304,427,539,568,1201.02,518.06,778.53,system,NA,0.301,2.34,106.99,0.0,180.0,150.04,-125.75
Human Dominant_1,R5,2026-08-10T09:52:49.204508Z,behavior_monitor,7,65,318,1304,427,494,565,1244.04,495.19,821.94,system,NA,0.285,2.34,158.35,0.0,180.0,71.55,-172.43
Human Dominant_1,R5,2026-08-10T09:52:49.710664Z,behavior_monitor,7,29,340,1304,427,449,566,1277.82,476.77,866.18,system,NA,0.272,1.53,50.28,0.0,180.0,87.67,180.0
Human Dominant_1,R5,2026-08-10T09:52:50.216368Z,behavior_monitor,7,59,375,1304,427,404,566,1245.96,394.25,910.52,system,NA,0.24,1.53,50.28,0.0,180.0,87.67,180.0
Human Dominant_1,R5,2026-08-10T09:52:52.737983Z,shot_miss,7,143,560,1304,427,182,564,1168.77,39.04,1130.77,agent,NA,0.032,1.53,99.02,0.0,180.0,87.67,180.0
Human Dominant_1,R5,2026-08-10T09:52:52.958844Z,shot_hit,7,135,578,1304,427,162,573,1179.14,28.15,1151.02,agent,NA,0.023,1.53,122.76,0.0,180.0,87.67,180.0
Human Dominant_1,R5,2026-08-10T09:52:52.959918Z,flight_spawn,8,1368,-20,1304,427,162,573,452.27,1343.66,1151.02,system,NA,0.748,2.83,45.0,0.0,180.0,87.67,180.0
Human Dominant_1,R5,2026-08-10T09:52:53.719065Z,human_signal,8,1446,73,1304,427,185,566,381.47,1354.01,1128.26,human,i_can,0.78,2.83,70.93,0.0,180.0,76.24,0.0
Human Dominant_1,R5,2026-08-10T09:52:53.736101Z,behavior_monitor,8,1446,73,1304,427,186,566,381.47,1352.8,1126.98,system,NA,0.78,2.83,70.93,0.0,180.0,76.24,0.0
Human Dominant_1,R5,2026-08-10T09:52:54.242617Z,behavior_monitor,8,1438,153,1333,427,224,565,293.43,1281.51,1116.92,system,NA,0.814,2.73,81.2,137.5,0.0,81.0,0.0
Human Dominant_1,R5,2026-08-10T09:52:54.259338Z,human_signal,8,1439,159,1337,427,226,565,287.17,1279.45,1119.98,human,i_can,0.817,2.73,52.97,129.41,0.0,76.24,0.0
Human Dominant_1,R5,2026-08-10T09:52:54.545011Z,human_signal,8,1448,202,1345,427,247,566,248.02,1254.92,1105.87,human,i_can,0.835,2.64,95.8,0.0,0.0,76.24,0.0
Human Dominant_1,R5,2026-08-10T09:52:54.746930Z,behavior_monitor,8,1447,231,1347,427,263,566,220.1,1230.39,1093.22,system,NA,0.848,2.64,95.8,78.71,0.0,76.24,0.0
Human Dominant_1,R5,2026-08-10T09:52:54.798844Z,human_signal,8,1446,241,1353,427,267,566,206.99,1222.66,1095.24,human,i_can,0.855,2.64,95.8,88.03,0.0,76.24,0.0
Human Dominant_1,R5,2026-08-10T09:52:55.001564Z,human_signal,8,1443,273,1376,416,282,566,157.57,1196.87,1104.43,human,i_can,0.884,2.64,95.8,135.87,-25.23,76.24,0.0
Human Dominant_1,R5,2026-08-10T09:52:55.255505Z,behavior_monitor,8,1439,310,1406,400,302,566,96.45,1165.06,1115.85,system,NA,0.924,2.64,95.8,140.18,-31.6,76.24,0.0
Human Dominant_1,R5,2026-08-10T09:52:55.578472Z,shot_hit,8,1419,355,1429,363,327,566,13.36,1112.1,1120.65,human,NA,0.988,2.64,118.24,134.16,-74.71,76.24,0.0
Human Dominant_1,R5,2026-08-10T09:52:55.578960Z,flight_spawn,9,627,-20,1429,363,327,566,889.37,658.98,1120.65,system,NA,0.426,3.59,123.9,134.16,-74.71,76.24,0.0
Human Dominant_1,R5,2026-08-10T09:52:55.831394Z,human_signal,9,587,18,1406,373,327,566,892.02,607.26,1095.99,human,i_can,0.405,3.59,171.91,143.14,115.3,0.0,0.0
Human Dominant_1,R5,2026-08-10T09:52:55.848100Z,behavior_monitor,9,587,18,1406,373,327,566,892.02,607.26,1095.99,system,NA,0.405,3.59,171.91,141.5,113.86,0.0,0.0
Human Dominant_1,R5,2026-08-10T09:52:56.239166Z,human_signal,9,512,51,1366,410,346,566,926.17,541.0,1031.65,human,your_turn,0.369,3.59,167.21,144.84,139.48,76.24,0.0
Human Dominant_1,R5,2026-08-10T09:52:56.239522Z,human_signal,9,509,52,1364,412,346,566,928.22,539.1,1029.56,human,your_turn,0.367,3.59,167.21,153.91,139.57,81.0,0.0
Human Dominant_1,R5,2026-08-10T09:52:56.358373Z,behavior_monitor,9,489,62,1353,421,357,566,935.65,521.25,1006.68,system,NA,0.358,3.59,166.83,144.3,140.06,87.67,0.0
Human Dominant_1,R5,2026-08-10T09:52:56.864610Z,behavior_monitor,9,386,82,1329,430,381,567,1005.19,484.99,957.3,system,NA,0.325,3.59,169.85,0.0,180.0,87.67,180.0
Human Dominant_1,R5,2026-08-10T09:52:57.372124Z,behavior_monitor,9,284,106,1329,430,337,564,1093.95,461.33,1001.17,system,NA,0.297,3.59,163.18,0.0,180.0,87.67,180.0
Human Dominant_1,R5,2026-08-10T09:52:57.879836Z,behavior_monitor,9,183,133,1329,433,293,563,1184.89,443.76,1044.47,system,NA,0.272,3.59,170.79,52.75,90.0,82.8,180.0
Human Dominant_1,R5,2026-08-10T09:52:58.386836Z,behavior_monitor,9,109,202,1300,465,247,563,1219.6,386.12,1057.97,system,NA,0.24,3.59,119.42,0.0,180.0,87.67,180.0
Human Dominant_1,R5,2026-08-10T09:52:58.895723Z,behavior_monitor,9,36,277,1300,465,201,563,1277.76,329.9,1102.96,system,NA,0.205,3.59,142.36,0.0,180.0,87.67,180.0
Human Dominant_1,R5,2026-08-10T09:52:59.401754Z,behavior_monitor,9,70,314,1300,465,158,564,1239.3,264.63,1146.69,system,NA,0.176,2.21,45.37,0.0,180.0,87.67,180.0
Human Dominant_1,R5,2026-08-10T09:52:59.722293Z,human_signal,9,101,337,1300,465,130,564,1205.69,228.51,1174.65,human,your_turn,0.159,2.21,17.7,0.0,180.0,87.67,180.0
Human Dominant_1,R5,2026-08-10T09:52:59.723010Z,human_signal,9,103,338,1300,465,130,564,1203.29,227.56,1174.65,human,your_turn,0.159,2.21,17.7,0.0,180.0,87.67,180.0
Human Dominant_1,R5,2026-08-10T09:52:59.909272Z,behavior_monitor,9,125,344,1300,465,113,563,1181.36,219.27,1190.94,system,NA,0.157,2.21,17.7,0.0,180.0,101.08,-179.01
Human Dominant_1,R5,2026-08-10T09:53:00.415065Z,behavior_monitor,9,191,359,1300,516,149,563,1119.8,208.74,1152.07,system,NA,0.157,2.21,34.06,128.69,90.0,87.67,0.0
Human Dominant_1,R5,2026-08-10T09:53:00.736886Z,human_signal,9,226,380,1300,519,177,563,1083.52,189.76,1124.13,human,your_turn,0.149,2.21,14.99,0.0,90.0,87.67,0.0
Human Dominant_1,R5,2026-08-10T09:53:00.737543Z,human_signal,9,227,381,1300,519,177,563,1081.53,189.71,1124.13,human,your_turn,0.149,2.21,14.99,0.0,90.0,87.67,0.0
Human Dominant_1,R5,2026-08-10T09:53:00.922940Z,behavior_monitor,9,248,386,1300,519,193,563,1060.38,185.4,1107.75,system,NA,0.149,2.21,14.99,0.0,90.0,87.67,0.0
Human Dominant_1,R5,2026-08-10T09:53:01.432694Z,behavior_monitor,9,307,413,1294,519,238,563,992.91,165.46,1056.82,system,NA,0.143,2.21,37.38,93.17,180.0,87.67,0.0
Human Dominant_1,R5,2026-08-10T09:53:01.601711Z,human_signal,9,324,426,1272,519,253,563,952.35,154.12,1019.94,human,your_turn,0.139,2.21,37.38,137.5,180.0,93.15,0.0
Human Dominant_1,R5,2026-08-10T09:53:01.602414Z,human_signal,9,326,428,1270,519,253,563,948.72,153.55,1017.74,human,your_turn,0.139,2.21,37.38,129.41,180.0,107.01,-12.84
Human Dominant_1,R5,2026-08-10T09:53:01.941684Z,behavior_monitor,9,352,458,1228,519,283,563,878.52,125.58,946.2,system,NA,0.125,2.21,35.59,129.41,180.0,87.67,0.0
Human Dominant_1,R5,2026-08-10T09:53:02.449329Z,behavior_monitor,9,372,518,1210,519,328,563,838.91,62.98,883.87,system,NA,0.07,2.21,83.82,0.0,180.0,87.67,0.0
Human Dominant_1,R5,2026-08-10T09:53:02.703107Z,shot_hit,9,379,552,1210,519,351,563,831.71,29.83,860.05,agent,NA,0.035,2.21,92.55,0.0,180.0,87.67,0.0
Human Dominant_1,R5,2026-08-10T09:53:02.703763Z,flight_spawn,10,87,-20,1210,519,351,563,1246.03,640.4,860.05,system,NA,0.339,2.96,47.44,0.0,180.0,87.67,0.0
Human Dominant_1,R5,2026-08-10T09:53:02.924164Z,human_signal,10,105,11,1210,519,351,563,1216.93,604.6,860.05,human,your_turn,0.332,2.96,69.44,0.0,180.0,0.0,0.0
Human Dominant_1,R5,2026-08-10T09:53:02.924739Z,human_signal,10,106,14,1210,519,351,563,1214.29,601.4,860.05,human,your_turn,0.331,2.96,69.44,0.0,180.0,0.0,0.0
Human Dominant_1,R5,2026-08-10T09:53:02.958455Z,behavior_monitor,10,108,16,1210,519,351,563,1211.63,598.2,860.05,system,NA,0.331,2.96,69.44,0.0,180.0,0.0,0.0
Human Dominant_1,R5,2026-08-10T09:53:03.346268Z,human_signal,10,139,75,1200,519,322,562,1149.99,520.31,879.02,human,your_turn,0.312,2.96,41.76,0.0,180.0,87.67,180.0
Human Dominant_1,R5,2026-08-10T09:53:03.347001Z,human_signal,10,142,77,1200,519,322,562,1146.66,517.49,879.02,human,your_turn,0.311,2.96,41.76,0.0,180.0,87.67,180.0
Human Dominant_1,R5,2026-08-10T09:53:03.464296Z,behavior_monitor,10,157,88,1200,519,312,562,1128.98,499.19,889.44,system,NA,0.307,2.96,14.68,0.0,180.0,87.67,180.0
Human Dominant_1,R5,2026-08-10T09:53:03.971940Z,behavior_monitor,10,242,106,1200,493,267,562,1033.69,457.09,935.69,system,NA,0.307,2.96,12.31,124.9,-90.0,87.67,180.0
Human Dominant_1,R5,2026-08-10T09:53:04.482360Z,behavior_monitor,10,318,152,1200,472,280,562,938.46,412.0,924.25,system,NA,0.305,2.96,33.37,0.0,-90.0,87.67,0.0
Human Dominant_1,R5,2026-08-10T09:53:04.516515Z,human_signal,10,323,155,1200,472,283,562,932.66,408.95,921.28,human,your_turn,0.305,2.96,33.37,0.0,-90.0,87.67,0.0
Human Dominant_1,R5,2026-08-10T09:53:04.517177Z,human_signal,10,325,157,1200,472,283,562,929.81,407.58,921.28,human,your_turn,0.305,2.96,33.37,0.0,-90.0,87.67,0.0
Human Dominant_1,R5,2026-08-10T09:53:04.989725Z,behavior_monitor,10,394,201,1171,487,324,563,827.72,368.68,849.9,system,NA,0.308,2.96,33.37,141.28,144.82,87.67,0.0
Human Dominant_1,R5,2026-08-10T09:53:05.292802Z,human_signal,10,445,223,1131,508,351,563,743.42,351.93,781.94,human,i_can,0.321,2.96,30.52,138.75,154.42,87.67,0.0
Human Dominant_1,R5,2026-08-10T09:53:05.498631Z,behavior_monitor,10,473,240,1108,519,367,563,693.29,339.85,742.17,system,NA,0.329,2.96,30.52,139.1,158.49,76.24,0.0
Human Dominant_1,R5,2026-08-10T09:53:05.802321Z,human_signal,10,525,268,1066,521,390,563,596.89,323.64,677.07,human,i_can,0.352,2.96,30.52,129.41,180.0,76.24,0.0
Human Dominant_1,R5,2026-08-10T09:53:06.006885Z,behavior_monitor,10,551,285,1042,521,406,563,544.52,313.36,637.4,system,NA,0.365,2.96,30.52,122.22,180.0,72.0,0.0
Human Dominant_1,R5,2026-08-10T09:53:06.513148Z,behavior_monitor,10,634,307,976,521,444,563,402.67,318.52,533.59,system,NA,0.442,2.96,8.29,137.5,180.0,81.0,0.0
Human Dominant_1,R5,2026-08-10T09:53:07.021645Z,behavior_monitor,10,718,320,912,500,483,563,263.85,338.35,433.67,system,NA,0.562,2.96,8.29,137.14,-149.62,76.24,0.0
Human Dominant_1,R5,2026-08-10T09:53:07.530248Z,behavior_monitor,10,804,341,875,447,521,563,128.47,359.3,372.3,system,NA,0.737,2.96,8.57,129.41,-90.0,76.24,0.0
Human Dominant_1,R5,2026-08-10T09:53:08.040760Z,behavior_monitor,10,889,354,888,383,560,563,29.18,389.32,373.79,system,NA,0.93,2.96,8.57,138.69,-55.34,76.24,0.0
Human Dominant_1,R5,2026-08-10T09:53:08.208673Z,shot_hit,10,919,358,905,367,574,563,15.83,400.86,385.04,human,NA,0.962,2.96,8.57,140.11,-39.03,76.24,0.0
Human Dominant_1,R5,2026-08-10T09:53:08.209629Z,flight_spawn,11,945,-20,905,367,574,563,389.22,691.39,385.04,system,NA,0.64,3.17,129.16,140.11,-39.03,76.24,0.0
Human Dominant_1,R5,2026-08-10T09:53:08.715466Z,human_signal,11,923,68,949,379,590,563,311.94,596.41,403.2,human,i_can,0.657,3.17,50.97,117.87,158.23,81.0,0.0
Human Dominant_1,R5,2026-08-10T09:53:08.732510Z,behavior_monitor,11,923,68,949,379,592,563,311.94,595.68,402.05,system,NA,0.656,3.17,50.97,114.14,154.5,76.24,0.0
Human Dominant_1,R5,2026-08-10T09:53:09.237795Z,behavior_monitor,11,967,151,946,396,631,563,246.05,531.27,356.72,system,NA,0.683,3.17,52.21,129.41,0.0,76.24,0.0
Human Dominant_1,R5,2026-08-10T09:53:09.743942Z,behavior_monitor,11,972,242,990,389,670,563,147.15,440.53,364.25,system,NA,0.75,3.17,100.63,103.11,-90.0,76.24,0.0
Human Dominant_1,R5,2026-08-10T09:53:10.253901Z,behavior_monitor,11,1040,299,986,385,690,563,101.6,438.22,344.89,system,NA,0.812,3.17,31.9,129.41,0.0,76.24,0.0
Human Dominant_1,R5,2026-08-10T09:53:10.763976Z,behavior_monitor,11,1040,370,1048,406,729,563,36.67,365.34,355.05,system,NA,0.909,3.17,138.26,137.55,38.62,76.24,0.0
Human Dominant_1,R5,2026-08-10T09:53:11.085802Z,shot_miss,11,997,410,1029,404,754,563,32.55,286.78,317.33,human,NA,0.898,3.17,138.26,129.41,180.0,76.24,0.0
Human Dominant_1,R5,2026-08-10T09:53:11.272334Z,behavior_monitor,11,969,433,1008,419,768,563,41.07,239.15,279.37,system,NA,0.853,3.17,138.26,138.72,132.36,76.24,0.0
Human Dominant_1,R5,2026-08-10T09:53:11.627606Z,human_signal,11,923,481,1012,461,796,563,91.7,151.18,239.42,human,your_turn,0.622,3.17,117.88,128.39,25.83,76.24,0.0
Human Dominant_1,R5,2026-08-10T09:53:11.628249Z,human_signal,11,921,484,1015,461,796,563,96.25,147.99,241.1,human,your_turn,0.606,3.17,117.88,146.87,20.58,81.0,0.0
Human Dominant_1,R5,2026-08-10T09:53:11.779019Z,behavior_monitor,11,908,506,1032,462,809,562,131.32,114.5,244.94,system,NA,0.466,3.17,117.88,137.5,0.0,93.15,0.0
Human Dominant_1,R5,2026-08-10T09:53:12.287751Z,behavior_monitor,11,866,591,1084,480,847,579,244.75,22.17,256.73,system,NA,0.083,3.17,114.0,0.0,51.74,121.76,90.0
Human Dominant_1,R5,2026-08-10T09:53:12.355636Z,shot_hit,11,859,604,1084,480,844,589,257.11,21.11,263.59,agent,NA,0.076,3.17,143.5,0.0,51.74,121.76,90.0
Human Dominant_1,R5,2026-08-10T09:53:12.356096Z,flight_spawn,12,1349,-20,1084,480,844,589,566.02,791.02,263.59,system,NA,0.583,2.83,45.0,0.0,51.74,121.76,90.0
Human Dominant_1,R5,2026-08-10T09:53:12.916478Z,human_signal,12,1397,55,1077,456,857,571,512.9,746.71,248.14,human,i_can,0.593,2.83,73.49,125.6,-29.85,130.47,-54.25
Human Dominant_1,R5,2026-08-10T09:53:12.932871Z,behavior_monitor,12,1397,55,1077,456,859,569,512.9,744.53,246.15,system,NA,0.592,2.83,73.49,137.5,0.0,138.63,-54.25
Human Dominant_1,R5,2026-08-10T09:53:13.439021Z,behavior_monitor,12,1428,133,1143,470,897,566,441.88,685.37,263.81,system,NA,0.608,2.83,68.42,137.13,20.41,76.24,0.0
Human Dominant_1,R5,2026-08-10T09:53:13.947443Z,behavior_monitor,12,1444,204,1209,484,936,566,365.59,623.85,284.67,system,NA,0.631,2.33,91.61,129.41,0.0,76.24,0.0
Human Dominant_1,R5,2026-08-10T09:53:14.454813Z,behavior_monitor,12,1414,266,1273,478,975,567,254.18,531.56,310.78,system,NA,0.677,2.33,117.12,142.69,-51.73,81.0,0.0
Human Dominant_1,R5,2026-08-10T09:53:14.964754Z,behavior_monitor,12,1370,317,1320,426,1013,566,119.39,434.53,337.26,system,NA,0.784,2.33,140.28,132.53,-61.83,76.24,0.0
Human Dominant_1,R5,2026-08-10T09:53:15.435290Z,shot_hit,12,1327,368,1316,366,1030,566,11.31,357.03,349.02,human,NA,0.969,2.33,119.1,136.46,-113.21,76.24,0.0
Human Dominant_1,R5,2026-08-10T09:53:15.435852Z,flight_spawn,13,920,-20,1316,366,1030,566,552.89,596.64,349.02,system,NA,0.519,3.46,54.67,136.46,-113.21,76.24,0.0
Human Dominant_1,R5,2026-08-10T09:53:15.923357Z,human_signal,13,989,53,1327,410,1013,566,491.51,513.92,350.37,human,i_can,0.511,3.46,32.45,108.95,130.55,76.24,180.0
Human Dominant_1,R5,2026-08-10T09:53:15.940107Z,behavior_monitor,13,989,53,1327,410,1012,566,491.51,513.86,351.54,system,NA,0.511,3.46,32.45,94.81,147.61,76.24,180.0
Human Dominant_1,R5,2026-08-10T09:53:16.446137Z,behavior_monitor,13,1070,115,1267,400,1023,566,346.47,453.26,295.72,system,NA,0.567,3.46,30.05,107.08,180.0,76.24,0.0
Human Dominant_1,R5,2026-08-10T09:53:16.564815Z,human_signal,13,1093,129,1252,400,1032,566,314.31,441.19,275.86,human,i_can,0.584,3.46,30.05,116.93,180.0,76.24,0.0
Human Dominant_1,R5,2026-08-10T09:53:16.952586Z,behavior_monitor,13,1157,167,1280,393,1062,566,257.67,410.36,278.71,system,NA,0.614,3.46,30.05,129.41,0.0,76.24,0.0
Human Dominant_1,R5,2026-08-10T09:53:17.465474Z,behavior_monitor,13,1245,219,1327,362,1100,566,164.81,375.99,304.73,system,NA,0.695,3.46,30.05,101.37,0.0,76.24,0.0
Human Dominant_1,R5,2026-08-10T09:53:17.971638Z,behavior_monitor,13,1285,307,1359,359,1140,566,91.07,297.13,301.63,system,NA,0.765,3.46,81.61,129.41,180.0,76.24,0.0
Human Dominant_1,R5,2026-08-10T09:53:18.394339Z,shot_hit,13,1294,392,1305,384,1172,566,14.05,212.91,226.36,human,NA,0.938,3.46,81.61,140.05,152.25,76.24,0.0
Human Dominant_1,R5,2026-08-10T09:53:18.394875Z,flight_spawn,14,261,-20,1305,384,1172,566,1119.51,1083.35,226.36,system,NA,0.492,3.26,52.16,140.05,152.25,76.24,0.0
Human Dominant_1,R5,2026-08-10T09:53:18.749349Z,human_signal,14,301,36,1305,389,1168,566,1063.68,1015.87,224.58,human,i_can,0.489,3.26,52.16,129.41,-90.0,76.24,180.0
Human Dominant_1,R5,2026-08-10T09:53:18.765439Z,behavior_monitor,14,301,36,1305,389,1167,566,1063.68,1014.76,225.38,system,NA,0.488,3.26,52.16,137.84,-110.14,76.24,180.0
Human Dominant_1,R5,2026-08-10T09:53:18.985195Z,human_signal,14,328,70,1279,381,1150,567,999.86,960.48,226.13,human,your_turn,0.49,3.26,52.16,129.41,180.0,76.24,180.0
Human Dominant_1,R5,2026-08-10T09:53:18.986293Z,human_signal,14,331,72,1276,381,1150,567,994.52,956.94,224.89,human,your_turn,0.49,3.26,52.16,129.41,180.0,52.36,161.32
Human Dominant_1,R5,2026-08-10T09:53:19.273065Z,behavior_monitor,14,364,113,1256,383,1125,565,931.7,885.3,223.87,system,NA,0.487,3.26,52.16,0.0,157.03,73.81,160.7
Human Dominant_1,R5,2026-08-10T09:53:19.782333Z,behavior_monitor,14,427,191,1284,395,1080,565,880.92,752.63,265.62,system,NA,0.461,3.26,52.16,0.0,0.0,115.91,170.69
Human Dominant_1,R5,2026-08-10T09:53:20.291589Z,behavior_monitor,14,514,232,1284,395,1035,565,787.11,618.59,301.55,system,NA,0.44,3.26,17.22,0.0,0.0,87.67,180.0
Human Dominant_1,R5,2026-08-10T09:53:20.800400Z,behavior_monitor,14,609,261,1284,437,990,565,697.76,488.25,320.76,system,NA,0.412,3.26,17.22,129.41,90.0,87.67,180.0
Human Dominant_1,R5,2026-08-10T09:53:21.173193Z,human_signal,14,677,282,1284,485,957,564,640.41,398.17,336.23,human,your_turn,0.383,3.26,17.22,129.41,90.0,87.67,180.0
Human Dominant_1,R5,2026-08-10T09:53:21.173529Z,human_signal,14,680,283,1284,487,957,564,637.46,395.0,335.71,human,your_turn,0.383,3.26,17.22,129.41,90.0,87.67,180.0
Human Dominant_1,R5,2026-08-10T09:53:21.310613Z,behavior_monitor,14,702,286,1284,503,945,564,620.91,369.07,344.62,system,NA,0.373,3.26,5.31,129.41,90.0,87.67,180.0
Human Dominant_1,R5,2026-08-10T09:53:21.819316Z,behavior_monitor,14,800,300,1275,537,900,565,530.96,283.07,376.14,system,NA,0.348,3.26,26.36,0.0,129.18,87.67,180.0
Human Dominant_1,R5,2026-08-10T09:53:22.326941Z,behavior_monitor,14,880,352,1267,549,860,565,434.76,214.18,407.5,system,NA,0.33,3.26,78.55,115.64,121.68,0.0,180.0
Human Dominant_1,R5,2026-08-10T09:53:22.836471Z,behavior_monitor,14,908,444,1244,596,880,565,368.56,123.77,364.87,system,NA,0.251,3.26,57.65,0.0,90.0,87.67,0.0
Human Dominant_1,R5,2026-08-10T09:53:23.023316Z,human_signal,14,930,475,1244,596,897,565,336.95,96.12,348.15,human,your_turn,0.222,3.26,57.65,0.0,90.0,87.67,0.0
Human Dominant_1,R5,2026-08-10T09:53:23.024398Z,human_signal,14,931,477,1244,596,897,565,334.99,93.9,348.15,human,your_turn,0.219,3.26,57.65,0.0,90.0,82.8,0.0
Human Dominant_1,R5,2026-08-10T09:53:23.347315Z,behavior_monitor,14,970,518,1246,596,926,565,286.86,63.95,321.62,system,NA,0.182,3.26,31.55,0.0,0.0,87.67,0.0
Human Dominant_1,R5,2026-08-10T09:53:23.805822Z,human_signal,14,1056,545,1295,594,966,565,244.26,92.39,330.65,human,i_can,0.274,3.26,6.21,38.13,0.0,87.67,0.0
Human Dominant_1,R5,2026-08-10T09:53:23.855751Z,behavior_monitor,14,1064,545,1293,594,970,565,234.39,95.86,324.43,system,NA,0.29,3.26,6.21,73.39,180.0,81.0,0.0
Human Dominant_1,R5,2026-08-10T09:53:24.364159Z,behavior_monitor,14,1148,590,1244,596,1009,580,96.25,139.72,235.97,system,NA,0.592,3.26,46.46,133.52,165.75,130.47,54.25
Human Dominant_1,R5,2026-08-10T09:53:24.766919Z,shot_hit,14,1202,646,1205,632,1039,623,14.47,164.33,165.9,human,NA,0.919,3.26,46.46,135.38,107.09,130.47,54.25
Human Dominant_1,R5,2026-08-10T09:53:24.767533Z,flight_spawn,15,529,-20,1205,632,1039,623,939.12,820.74,165.9,system,NA,0.466,2.83,135.0,135.38,107.09,130.47,54.25
Human Dominant_1,R5,2026-08-10T09:53:25.220993Z,human_signal,15,478,36,1221,627,1034,616,949.92,803.66,187.34,human,i_can,0.458,2.83,135.0,129.41,-90.0,130.47,-125.75
Human Dominant_1,R5,2026-08-10T09:53:25.237758Z,behavior_monitor,15,478,36,1221,627,1033,614,949.92,801.47,188.76,system,NA,0.458,2.83,135.0,129.41,-90.0,130.47,-125.75
Human Dominant_1,R5,2026-08-10T09:53:25.353387Z,human_signal,15,462,48,1221,612,1023,601,945.3,788.28,197.64,human,your_turn,0.455,2.83,158.61,129.41,-90.0,130.47,-125.75
Human Dominant_1,R5,2026-08-10T09:53:25.353979Z,human_signal,15,460,49,1221,610,1023,601,945.09,789.08,197.53,human,your_turn,0.455,2.83,158.61,129.41,-90.0,130.47,-125.75
Human Dominant_1,R5,2026-08-10T09:53:25.572622Z,human_signal,15,427,61,1214,584,1004,574,945.21,772.47,210.24,human,your_turn,0.45,2.83,158.61,134.98,-119.8,150.04,-125.75
Human Dominant_1,R5,2026-08-10T09:53:25.573178Z,human_signal,15,425,62,1213,582,1004,574,944.29,773.4,208.8,human,your_turn,0.45,2.83,158.61,135.14,-123.52,150.04,-125.75
Human Dominant_1,R5,2026-08-10T09:53:25.741731Z,behavior_monitor,15,402,71,1199,567,989,566,938.35,767.86,209.96,system,NA,0.45,2.83,158.61,135.8,-131.8,87.67,180.0
Human Dominant_1,R5,2026-08-10T09:53:26.249665Z,behavior_monitor,15,321,102,1158,531,945,566,939.89,777.03,215.82,system,NA,0.453,2.83,158.61,33.66,-90.0,87.67,180.0
Human Dominant_1,R5,2026-08-10T09:53:26.760133Z,behavior_monitor,15,261,152,1190,507,900,565,994.26,760.46,295.99,system,NA,0.433,2.83,110.83,138.6,-35.8,87.67,180.0
Human Dominant_1,R5,2026-08-10T09:53:27.268309Z,behavior_monitor,15,248,234,1226,484,855,566,1009.66,691.36,380.66,system,NA,0.406,2.83,111.24,0.0,-32.54,87.67,180.0
Human Dominant_1,R5,2026-08-10T09:53:27.774667Z,behavior_monitor,15,264,312,1226,484,809,566,977.51,601.8,424.81,system,NA,0.381,2.83,62.72,0.0,-32.54,87.67,180.0
Human Dominant_1,R5,2026-08-10T09:53:28.282505Z,behavior_monitor,15,303,387,1226,484,765,566,928.36,495.87,468.04,system,NA,0.348,2.83,62.72,0.0,-32.54,87.67,180.0
Human Dominant_1,R5,2026-08-10T09:53:28.793115Z,behavior_monitor,15,360,446,1226,484,721,566,866.97,379.9,512.11,system,NA,0.305,2.83,65.94,0.0,-32.54,87.67,180.0
Human Dominant_1,R5,2026-08-10T09:53:29.300372Z,behavior_monitor,15,435,478,1226,484,675,566,791.22,255.89,557.09,system,NA,0.244,2.83,12.93,0.0,-32.54,87.67,180.0
Human Dominant_1,R5,2026-08-10T09:53:29.808090Z,behavior_monitor,15,521,497,1226,484,630,566,705.36,129.05,602.14,system,NA,0.155,2.83,12.93,0.0,-32.54,87.67,180.0
Human Dominant_1,R5,2026-08-10T09:53:30.314806Z,behavior_monitor,15,603,517,1226,484,586,566,624.45,51.51,645.35,system,NA,0.076,2.83,40.25,0.0,-32.54,0.0,180.0
Human Dominant_1,R5,2026-08-10T09:53:30.449924Z,shot_miss,15,613,539,1226,484,590,566,615.62,35.4,641.17,agent,NA,0.054,2.83,67.59,0.0,-32.54,0.0,14.53
Human Dominant_1,R5,2026-08-10T09:53:30.753463Z,shot_hit,15,614,585,1226,484,598,578,620.23,17.87,635.51,agent,NA,0.028,2.83,117.94,0.0,-32.54,129.38,90.0
Human Dominant_1,R5,2026-08-10T09:53:30.754018Z,flight_spawn,16,400,-20,1226,484,598,578,968.14,630.86,635.51,system,NA,0.395,3.31,52.8,0.0,-32.54,129.38,90.0
Human Dominant_1,R5,2026-08-10T09:53:31.834409Z,human_signal,16,527,144,1183,484,539,565,738.63,421.21,649.36,human,i_can,0.363,3.31,49.65,129.41,180.0,69.15,-157.0
Human Dominant_1,R5,2026-08-10T09:53:31.851587Z,behavior_monitor,16,527,144,1183,484,537,565,738.63,421.17,650.65,system,NA,0.363,3.31,49.65,129.41,180.0,76.24,180.0
Human Dominant_1,R5,2026-08-10T09:53:32.358292Z,behavior_monitor,16,590,220,1117,484,550,565,589.76,347.65,572.55,system,NA,0.371,3.31,49.65,122.73,180.0,76.24,0.0
Human Dominant_1,R5,2026-08-10T09:53:32.444038Z,human_signal,16,601,232,1107,486,557,565,566.56,336.1,555.44,human,your_turn,0.372,3.31,49.65,123.09,160.8,76.24,0.0
Human Dominant_1,R5,2026-08-10T09:53:32.444693Z,human_signal,16,602,235,1105,487,557,565,562.45,333.86,553.51,human,your_turn,0.372,3.31,49.65,123.09,160.8,76.24,0.0
Human Dominant_1,R5,2026-08-10T09:53:32.863711Z,behavior_monitor,16,660,281,1114,506,595,564,507.03,290.44,522.42,system,NA,0.364,3.31,24.4,116.23,0.0,87.67,0.0
Human Dominant_1,R5,2026-08-10T09:53:33.149532Z,human_signal,16,716,301,1138,511,620,564,470.6,279.91,520.33,human,i_can,0.373,3.31,33.09,67.13,137.9,87.67,0.0
Human Dominant_1,R5,2026-08-10T09:53:33.368494Z,behavior_monitor,16,740,333,1113,511,637,565,413.73,253.65,479.18,system,NA,0.38,3.31,56.72,129.41,180.0,76.24,0.0
Human Dominant_1,R5,2026-08-10T09:53:33.873090Z,behavior_monitor,16,808,396,1053,541,676,565,284.49,214.49,377.67,system,NA,0.43,3.31,30.11,151.55,135.99,81.0,0.0
Human Dominant_1,R5,2026-08-10T09:53:34.384830Z,behavior_monitor,16,894,439,989,557,715,564,150.73,218.63,273.81,system,NA,0.592,3.31,28.59,129.41,180.0,76.24,0.0
Human Dominant_1,R5,2026-08-10T09:53:34.894152Z,behavior_monitor,16,986,473,965,506,754,564,39.25,248.96,218.83,system,NA,0.864,3.31,3.07,155.18,-47.18,76.24,0.0
Human Dominant_1,R5,2026-08-10T09:53:35.146762Z,shot_miss,16,1028,493,996,489,774,564,32.54,263.85,234.39,human,NA,0.89,3.31,27.96,137.24,-22.1,76.24,0.0
Human Dominant_1,R5,2026-08-10T09:53:35.398954Z,behavior_monitor,16,1070,517,1028,493,793,564,47.92,280.48,245.42,system,NA,0.854,3.31,27.96,145.48,28.15,81.0,0.0
Human Dominant_1,R5,2026-08-10T09:53:35.904737Z,behavior_monitor,16,1129,587,1071,546,832,576,71.44,297.78,241.51,system,NA,0.807,3.31,56.6,137.69,63.17,130.47,54.25
Human Dominant_1,R5,2026-08-10T09:53:36.408608Z,behavior_monitor,16,1159,680,1122,584,870,630,102.75,293.04,255.59,system,NA,0.74,3.31,76.11,129.41,0.0,130.47,54.25
Human Dominant_1,R5,2026-08-10T09:53:36.459882Z,human_signal,16,1165,688,1128,584,874,635,110.08,295.52,259.27,human,your_turn,0.729,3.31,47.28,129.41,0.0,130.47,54.25
Human Dominant_1,R5,2026-08-10T09:53:36.460538Z,human_signal,16,1168,690,1130,584,874,635,112.51,298.51,261.43,human,your_turn,0.726,3.31,47.28,129.41,0.0,130.47,54.25
Human Dominant_1,R5,2026-08-10T09:53:36.916196Z,behavior_monitor,16,1228,753,1180,570,915,691,189.35,318.91,291.78,system,NA,0.627,3.31,47.28,115.47,-52.79,150.04,54.25
Human Dominant_1,R5,2026-08-10T09:53:37.426169Z,behavior_monitor,16,1290,826,1204,537,959,754,301.55,338.57,326.06,system,NA,0.529,3.31,47.28,0.0,-43.28,150.04,54.25
Human Dominant_1,R5,2026-08-10T09:53:37.932694Z,behavior_monitor,16,1354,899,1204,537,1005,816,391.9,359.19,342.27,system,NA,0.478,3.31,47.28,0.0,-43.28,150.04,54.25
Human Dominant_1,R5,2026-08-10T09:53:38.289309Z,flight_missed,16,1401,952,1206,536,1038,862,460.11,374.77,366.58,system,NA,0.449,3.31,47.28,65.9,-34.07,150.04,54.25
Human Dominant_1,R5,2026-08-10T09:53:38.290037Z,flight_spawn,17,764,-20,1206,536,1038,862,710.43,923.47,366.58,system,NA,0.565,2.83,135.0,65.9,-34.07,150.04,54.25
Human Dominant_1,R5,2026-08-10T09:53:38.715365Z,human_signal,17,764,45,1229,492,1029,849,645.71,846.47,409.11,human,your_turn,0.567,2.83,84.65,137.5,-90.0,138.63,-125.75
Human Dominant_1,R5,2026-08-10T09:53:38.716355Z,behavior_monitor,17,764,45,1229,492,1029,849,645.71,846.47,409.11,system,NA,0.567,2.83,84.65,129.41,-90.0,130.47,-125.75
Human Dominant_1,R5,2026-08-10T09:53:38.716757Z,human_signal,17,764,48,1229,490,1029,849,642.1,843.73,411.01,human,your_turn,0.568,2.83,84.65,129.41,-90.0,130.47,-125.75
Human Dominant_1,R5,2026-08-10T09:53:39.224591Z,behavior_monitor,17,744,125,1232,480,984,786,604.27,703.76,394.8,system,NA,0.538,2.83,113.46,0.0,-90.0,150.04,-125.75
Human Dominant_1,R5,2026-08-10T09:53:39.732793Z,behavior_monitor,17,681,182,1232,480,939,724,626.35,600.56,381.9,system,NA,0.489,2.83,113.18,0.0,-90.0,150.04,-125.75
Human Dominant_1,R5,2026-08-10T09:53:40.239498Z,behavior_monitor,17,646,260,1232,480,895,662,626.54,473.01,384.11,system,NA,0.43,2.83,113.18,0.0,-90.0,150.04,-125.75
Human Dominant_1,R5,2026-08-10T09:53:40.746880Z,behavior_monitor,17,633,344,1232,480,850,599,614.71,334.99,400.97,system,NA,0.353,2.83,119.25,0.0,-90.0,150.04,-125.75
Human Dominant_1,R5,2026-08-10T09:53:41.255711Z,behavior_monitor,17,586,414,1232,480,806,566,649.5,266.51,435.44,system,NA,0.291,2.83,142.81,0.0,-90.0,87.67,180.0
Human Dominant_1,R5,2026-08-10T09:53:41.764732Z,behavior_monitor,17,513,466,1232,480,761,565,719.58,267.52,478.88,system,NA,0.271,2.83,142.81,0.0,-90.0,87.67,180.0
Human Dominant_1,R5,2026-08-10T09:53:42.273943Z,behavior_monitor,17,454,523,1232,480,717,565,779.23,265.82,522.61,system,NA,0.254,2.83,118.9,0.0,-90.0,87.67,180.0
Human Dominant_1,R5,2026-08-10T09:53:42.780912Z,behavior_monitor,17,387,571,1232,508,672,565,847.59,284.97,563.27,system,NA,0.252,2.83,158.74,0.0,90.0,103.33,173.12
Human Dominant_1,R5,2026-08-10T09:53:43.285739Z,behavior_monitor,17,318,617,1232,508,627,612,920.51,308.74,614.25,system,NA,0.251,2.83,138.34,0.0,90.0,150.04,125.75
Human Dominant_1,R5,2026-08-10T09:53:44.688445Z,human_signal,17,102,673,1232,508,504,669,1142.89,402.49,746.03,human,your_turn,0.26,2.83,149.39,0.0,90.0,150.04,125.75
Human Dominant_1,R5,2026-08-10T09:53:44.689391Z,behavior_monitor,17,102,673,1232,508,504,669,1142.89,402.49,746.03,system,NA,0.26,2.83,149.39,0.0,90.0,150.04,125.75
Human Dominant_1,R5,2026-08-10T09:53:44.689826Z,human_signal,17,100,674,1232,508,504,669,1144.79,404.21,746.03,human,your_turn,0.261,2.83,149.39,0.0,90.0,150.04,125.75
Human Dominant_1,R5,2026-08-10T09:53:45.198848Z,behavior_monitor,17,42,735,1232,553,460,725,1204.52,418.09,791.61,system,NA,0.258,2.83,127.52,129.41,90.0,150.04,125.75
Human Dominant_1,R5,2026-08-10T09:53:45.705557Z,behavior_monitor,17,39,817,1232,561,415,787,1220.78,377.18,848.25,system,NA,0.236,2.83,103.03,0.0,90.0,150.04,125.75
Human Dominant_1,R5,2026-08-10T09:53:46.213884Z,behavior_monitor,17,84,877,1232,561,370,849,1191.06,287.04,909.55,system,NA,0.194,2.83,30.16,0.0,90.0,150.04,125.75
Human Dominant_1,R5,2026-08-10T09:53:46.722347Z,behavior_monitor,17,158,919,1232,561,325,910,1132.96,167.44,972.29,system,NA,0.129,2.83,30.16,0.0,90.0,93.43,159.78
Human Dominant_1,R5,2026-08-10T09:53:47.226889Z,behavior_monitor,17,233,949,1232,561,280,910,1071.99,61.2,1014.32,system,NA,0.054,2.83,3.04,0.0,90.0,93.15,180.0
Human Dominant_1,R5,2026-08-10T09:53:47.276563Z,flight_missed,17,244,952,1232,561,274,910,1063.33,52.25,1019.92,system,NA,0.047,2.83,20.13,0.0,90.0,87.67,180.0
Human Dominant_1,R5,2026-08-10T09:53:47.277141Z,flight_spawn,18,753,-20,1232,561,274,910,753.94,1046.13,1019.92,system,NA,0.581,2.83,135.0,0.0,90.0,87.67,180.0
Human Dominant_1,R5,2026-08-10T09:53:47.799159Z,human_signal,18,688,26,1182,561,274,910,728.84,976.03,972.71,human,your_turn,0.572,2.83,176.82,129.41,180.0,0.0,180.0
Human Dominant_1,R5,2026-08-10T09:53:47.799711Z,behavior_monitor,18,688,26,1182,561,274,910,728.84,976.03,972.71,system,NA,0.572,2.83,176.82,129.41,180.0,0.0,180.0
Human Dominant_1,R5,2026-08-10T09:53:47.800101Z,human_signal,18,686,26,1180,561,274,910,728.73,974.95,970.65,human,your_turn,0.572,2.83,176.82,129.41,180.0,0.0,180.0
Human Dominant_1,R5,2026-08-10T09:53:48.315485Z,behavior_monitor,18,606,55,1131,561,312,855,729.08,852.59,869.62,system,NA,0.539,2.83,147.68,0.0,180.0,150.04,-54.25
Human Dominant_1,R5,2026-08-10T09:53:48.820418Z,behavior_monitor,18,534,100,1131,561,358,794,753.64,715.47,807.14,system,NA,0.487,2.83,147.68,0.0,180.0,150.04,-54.25
Human Dominant_1,R5,2026-08-10T09:53:49.328093Z,behavior_monitor,18,479,163,1131,561,403,731,764.07,573.81,747.41,system,NA,0.429,2.83,125.95,0.0,180.0,150.04,-54.25
Human Dominant_1,R5,2026-08-10T09:53:49.831322Z,behavior_monitor,18,406,204,1131,561,403,670,807.79,465.54,735.94,system,NA,0.366,2.83,153.96,0.0,180.0,150.04,-125.75
Human Dominant_1,R5,2026-08-10T09:53:50.333934Z,behavior_monitor,18,326,230,1170,561,358,608,906.7,379.23,813.19,system,NA,0.295,2.83,160.64,88.67,0.0,150.04,-125.75
Human Dominant_1,R5,2026-08-10T09:53:50.841748Z,behavior_monitor,18,245,255,1172,561,313,567,976.49,319.1,858.8,system,NA,0.246,2.83,164.7,0.0,0.0,93.15,180.0
Human Dominant_1,R5,2026-08-10T09:53:51.347420Z,behavior_monitor,18,166,282,1172,561,269,567,1044.12,302.2,903.55,system,NA,0.224,2.83,162.31,0.0,0.0,87.67,180.0
Human Dominant_1,R5,2026-08-10T09:53:51.854228Z,behavior_monitor,18,86,306,1111,561,224,567,1056.15,294.26,887.26,system,NA,0.218,2.83,164.74,129.41,180.0,87.67,180.0
Human Dominant_1,R5,2026-08-10T09:53:52.361531Z,behavior_monitor,18,20,343,1098,561,179,566,1099.99,274.45,919.01,system,NA,0.2,2.21,53.03,0.0,180.0,87.67,180.0
Human Dominant_1,R5,2026-08-10T09:53:54.192471Z,shot_hit,18,111,548,1098,561,89,566,987.2,28.52,1009.26,agent,NA,0.028,2.21,98.7,0.0,180.0,0.0,0.0
Human Dominant_1,R5,2026-08-10T09:53:54.193196Z,flight_spawn,19,1172,-20,1098,561,89,566,586.34,1230.99,1009.26,system,NA,0.677,2.95,47.24,0.0,180.0,0.0,0.0
Human Dominant_1,R5,2026-08-10T09:53:55.038981Z,human_signal,19,1254,99,1134,561,128,566,477.44,1219.1,1006.15,human,i_can,0.719,2.95,41.3,43.77,0.0,76.24,0.0
Human Dominant_1,R5,2026-08-10T09:53:55.054110Z,behavior_monitor,19,1254,99,1134,561,129,566,477.44,1217.9,1004.86,system,NA,0.718,2.95,41.3,0.0,0.0,81.0,0.0
Human Dominant_1,R5,2026-08-10T09:53:55.561308Z,behavior_monitor,19,1334,131,1134,558,168,565,470.9,1244.07,966.2,system,NA,0.725,2.95,16.83,0.0,-90.0,76.24,0.0
Human Dominant_1,R5,2026-08-10T09:53:56.069705Z,behavior_monitor,19,1405,179,1168,535,207,566,427.6,1258.56,961.44,system,NA,0.746,2.95,45.32,98.87,-69.22,101.5,0.7
Human Dominant_1,R5,2026-08-10T09:53:56.476519Z,human_signal,19,1448,232,1168,534,237,565,412.03,1255.81,931.64,human,i_can,0.753,2.44,120.68,0.0,-90.0,81.0,0.0
Human Dominant_1,R5,2026-08-10T09:53:56.578613Z,behavior_monitor,19,1441,242,1176,534,245,565,394.52,1238.7,931.29,system,NA,0.758,2.44,120.68,109.55,0.0,76.24,0.0
Human Dominant_1,R5,2026-08-10T09:53:57.087647Z,behavior_monitor,19,1410,307,1226,529,285,565,288.0,1154.02,942.0,system,NA,0.8,2.44,123.21,129.41,0.0,76.24,0.0
Human Dominant_1,R5,2026-08-10T09:53:57.595410Z,behavior_monitor,19,1359,354,1286,513,323,565,175.04,1056.91,964.44,system,NA,0.858,2.44,151.05,134.71,-35.74,76.24,0.0
Human Dominant_1,R5,2026-08-10T09:53:58.100727Z,behavior_monitor,19,1299,397,1277,457,362,565,64.54,952.15,921.32,system,NA,0.937,2.44,128.83,137.19,-135.8,76.24,0.0
Human Dominant_1,R5,2026-08-10T09:53:58.405415Z,shot_hit,19,1268,431,1267,429,386,565,2.53,892.36,891.32,human,NA,0.997,2.44,128.83,129.41,0.0,76.24,0.0
Human Dominant_1,R5,2026-08-10T09:53:58.406017Z,flight_spawn,20,550,-20,1267,429,386,565,846.04,608.04,891.32,system,NA,0.418,2.97,47.68,129.41,0.0,76.24,0.0
Human Dominant_1,R5,2026-08-10T09:53:58.812200Z,human_signal,20,605,34,1257,456,390,565,776.88,572.54,874.76,human,i_can,0.424,2.97,47.68,141.68,155.98,76.24,0.0
Human Dominant_1,R5,2026-08-10T09:53:58.829615Z,behavior_monitor,20,605,34,1257,456,391,565,776.88,572.06,873.47,system,NA,0.424,2.97,47.68,139.45,158.13,76.24,0.0
Human Dominant_1,R5,2026-08-10T09:53:59.335245Z,behavior_monitor,20,678,80,1192,478,430,566,650.11,544.82,766.77,system,NA,0.456,2.97,61.27,129.41,180.0,76.24,0.0
Human Dominant_1,R5,2026-08-10T09:53:59.506029Z,human_signal,20,700,107,1168,478,443,566,597.48,525.84,729.87,human,i_can,0.468,2.97,38.19,129.41,180.0,76.24,0.0
Human Dominant_1,R5,2026-08-10T09:53:59.811215Z,human_signal,20,734,149,1128,478,466,566,513.73,495.5,667.82,human,i_can,0.491,2.97,61.0,129.41,180.0,76.24,0.0
Human Dominant_1,R5,2026-08-10T09:53:59.845528Z,behavior_monitor,20,736,152,1126,478,469,566,509.14,492.78,663.07,system,NA,0.492,2.97,61.0,129.41,180.0,76.24,0.0
Human Dominant_1,R5,2026-08-10T09:54:00.048888Z,human_signal,20,754,185,1098,478,485,566,451.82,465.66,618.94,human,i_can,0.508,2.97,61.0,129.41,180.0,76.24,0.0
Human Dominant_1,R5,2026-08-10T09:54:00.349306Z,behavior_monitor,20,769,231,1060,478,508,566,381.88,424.07,558.73,system,NA,0.526,2.97,90.9,137.5,180.0,81.0,0.0
Human Dominant_1,R5,2026-08-10T09:54:00.861633Z,behavior_monitor,20,752,317,995,482,547,566,293.95,321.96,455.88,system,NA,0.523,2.97,114.58,117.99,145.35,76.24,0.0
Human Dominant_1,R5,2026-08-10T09:54:00.963265Z,human_signal,20,744,333,994,485,555,566,293.17,299.33,446.67,human,your_turn,0.505,2.97,114.58,0.0,90.0,76.24,0.0
Human Dominant_1,R5,2026-08-10T09:54:00.964366Z,human_signal,20,743,336,994,485,555,566,292.49,296.72,446.67,human,your_turn,0.504,2.97,114.58,0.0,90.0,76.24,0.0
Human Dominant_1,R5,2026-08-10T09:54:01.369083Z,behavior_monitor,20,738,403,1014,498,591,566,292.19,219.69,427.88,system,NA,0.429,2.97,110.59,146.98,37.44,93.15,0.0
Human Dominant_1,R5,2026-08-10T09:54:01.878485Z,behavior_monitor,20,718,487,1053,530,636,567,337.78,113.87,418.04,system,NA,0.252,2.97,86.28,137.1,30.6,87.67,0.0
Human Dominant_1,R5,2026-08-10T09:54:02.380295Z,behavior_monitor,20,688,569,1116,552,671,567,428.92,16.75,445.3,system,NA,0.038,2.97,135.1,95.41,0.0,87.67,180.0
Human Dominant_1,R5,2026-08-10T09:54:02.380868Z,shot_hit,20,686,571,1117,552,669,567,431.17,17.83,448.13,agent,NA,0.04,2.97,135.1,95.41,0.0,87.67,180.0
Human Dominant_1,R6,2026-08-10T09:54:09.168696Z,flight_spawn,1,1160,-20,1117,552,669,567,574.18,765.52,448.13,system,NA,0.571,2.83,45.0,0.0,0.0,0.0,177.41
Human Dominant_1,R6,2026-08-10T09:54:12.977438Z,human_signal,1,1132,94,1092,683,404,701,590.08,948.34,688.59,human,your_turn,0.616,2.83,144.07,137.5,-90.0,138.63,-54.25
Human Dominant_1,R6,2026-08-10T09:54:12.978170Z,behavior_monitor,1,1132,94,1092,683,404,701,590.08,948.34,688.59,system,NA,0.616,2.83,144.07,129.41,-90.0,130.47,-54.25
Human Dominant_1,R6,2026-08-10T09:54:12.978725Z,human_signal,1,1130,96,1092,681,404,701,586.08,945.56,688.65,human,your_turn,0.617,2.83,144.07,129.41,-90.0,130.47,-54.25
Human Dominant_1,R6,2026-08-10T09:54:13.485559Z,behavior_monitor,1,1071,141,1061,623,449,639,481.31,796.65,612.81,system,NA,0.623,2.83,112.38,138.81,-131.87,152.83,-41.36
Human Dominant_1,R6,2026-08-10T09:54:13.957782Z,human_signal,1,1016,201,1014,574,490,581,373.01,649.31,523.4,human,i_can,0.635,2.83,154.18,139.23,-135.39,150.04,-54.25
Human Dominant_1,R6,2026-08-10T09:54:13.991367Z,behavior_monitor,1,1013,202,1012,572,493,577,370.11,641.96,519.1,system,NA,0.634,2.83,154.18,139.23,-135.39,130.47,-54.25
Human Dominant_1,R6,2026-08-10T09:54:14.497812Z,behavior_monitor,1,925,213,960,525,532,565,314.22,527.88,429.63,system,NA,0.627,2.83,177.09,146.29,-143.51,81.0,0.0
Human Dominant_1,R6,2026-08-10T09:54:14.889105Z,human_signal,1,873,255,912,496,562,565,243.42,439.34,357.56,human,i_can,0.643,2.83,133.7,135.52,-151.35,76.24,0.0
Human Dominant_1,R6,2026-08-10T09:54:15.003500Z,behavior_monitor,1,862,268,900,489,571,566,224.02,415.95,337.8,system,NA,0.65,2.83,91.26,135.47,-151.4,76.24,0.0
Human Dominant_1,R6,2026-08-10T09:54:15.513543Z,behavior_monitor,1,859,351,838,460,610,566,111.19,328.47,250.57,system,NA,0.747,2.83,84.27,151.06,-135.26,76.24,0.0
Human Dominant_1,R6,2026-08-10T09:54:15.951271Z,shot_hit,1,849,422,853,419,644,566,5.29,250.71,256.0,human,NA,0.979,2.83,109.95,137.5,0.0,81.0,0.0
Human Dominant_1,R6,2026-08-10T09:54:15.951988Z,flight_spawn,2,714,-20,853,419,644,566,460.99,591.12,256.0,system,NA,0.562,3.38,126.27,137.5,0.0,81.0,0.0
Human Dominant_1,R6,2026-08-10T09:54:16.733153Z,human_signal,2,674,129,903,457,658,566,399.92,438.08,267.54,human,your_turn,0.523,3.38,103.29,133.62,16.66,76.24,180.0
Human Dominant_1,R6,2026-08-10T09:54:16.733844Z,behavior_monitor,2,674,129,903,457,658,566,399.92,438.08,267.54,system,NA,0.523,3.38,103.29,134.29,17.04,69.86,-178.25
Human Dominant_1,R6,2026-08-10T09:54:16.734390Z,human_signal,2,673,132,905,458,658,566,399.86,434.74,269.27,human,your_turn,0.521,3.38,103.29,134.29,17.04,69.86,-178.25
Human Dominant_1,R6,2026-08-10T09:54:17.237736Z,behavior_monitor,2,740,191,928,462,687,567,329.18,379.02,262.85,system,NA,0.535,3.38,19.36,134.95,16.48,87.67,0.0
Human Dominant_1,R6,2026-08-10T09:54:17.714081Z,human_signal,2,823,241,984,474,728,565,283.02,338.0,271.45,human,i_can,0.544,3.38,48.61,80.21,-90.0,87.67,0.0
Human Dominant_1,R6,2026-08-10T09:54:17.745343Z,behavior_monitor,2,826,243,984,472,731,565,278.24,335.55,269.52,system,NA,0.547,3.38,48.61,93.75,-90.0,81.0,0.0
Human Dominant_1,R6,2026-08-10T09:54:18.254574Z,behavior_monitor,2,868,333,925,436,770,565,118.44,252.0,201.1,system,NA,0.68,3.38,99.74,147.96,-144.23,81.0,0.0
Human Dominant_1,R6,2026-08-10T09:54:18.679540Z,shot_hit,2,854,416,874,411,802,565,20.07,157.73,169.51,human,NA,0.887,3.38,99.74,129.41,180.0,76.24,0.0
Human Dominant_1,R6,2026-08-10T09:54:18.680109Z,flight_spawn,3,676,-20,874,411,802,565,474.66,598.48,169.51,system,NA,0.558,3.15,129.38,129.41,180.0,76.24,0.0
Human Dominant_1,R6,2026-08-10T09:54:19.270119Z,human_signal,3,596,55,891,415,789,565,464.9,545.0,181.4,human,i_can,0.54,3.15,107.9,0.0,0.0,103.34,165.38
Human Dominant_1,R6,2026-08-10T09:54:19.287125Z,behavior_monitor,3,596,55,891,415,787,565,464.9,544.23,181.83,system,NA,0.539,3.15,107.9,0.0,0.0,77.08,-164.81
Human Dominant_1,R6,2026-08-10T09:54:19.355737Z,human_signal,3,595,68,896,415,782,565,459.36,531.25,187.77,human,your_turn,0.536,3.15,86.73,88.33,0.0,76.24,180.0
Human Dominant_1,R6,2026-08-10T09:54:19.356317Z,human_signal,3,595,71,897,415,782,565,457.9,528.21,188.79,human,your_turn,0.536,3.15,86.73,91.88,0.0,76.24,180.0
Human Dominant_1,R6,2026-08-10T09:54:19.608432Z,human_signal,3,602,114,927,415,760,565,443.42,477.77,224.74,human,your_turn,0.519,3.15,56.78,129.41,0.0,87.67,180.0
Human Dominant_1,R6,2026-08-10T09:54:19.609198Z,human_signal,3,604,116,930,415,760,565,441.78,474.62,226.39,human,your_turn,0.518,3.15,56.78,129.41,0.0,87.67,180.0
Human Dominant_1,R6,2026-08-10T09:54:19.796090Z,behavior_monitor,3,627,137,952,415,743,565,427.37,443.65,257.01,system,NA,0.509,3.15,29.4,127.93,0.0,87.67,180.0
Human Dominant_1,R6,2026-08-10T09:54:20.306240Z,behavior_monitor,3,711,177,956,415,699,565,341.94,388.85,298.3,system,NA,0.532,3.15,32.08,0.0,0.0,87.67,180.0
Human Dominant_1,R6,2026-08-10T09:54:20.764207Z,human_signal,3,785,223,923,415,733,565,236.53,345.72,242.0,human,i_can,0.594,3.15,32.08,129.41,180.0,87.67,0.0
Human Dominant_1,R6,2026-08-10T09:54:20.815584Z,behavior_monitor,3,790,227,919,415,737,565,228.5,342.55,235.54,system,NA,0.6,3.15,32.08,129.41,180.0,76.24,0.0
Human Dominant_1,R6,2026-08-10T09:54:21.323612Z,behavior_monitor,3,808,311,876,410,776,565,119.84,255.93,184.58,system,NA,0.681,3.15,75.37,133.43,-146.46,76.24,0.0
Human Dominant_1,R6,2026-08-10T09:54:21.730939Z,shot_hit,3,832,385,829,391,807,566,6.74,182.69,176.31,human,NA,0.964,3.15,75.37,130.52,-115.94,76.24,0.0
Human Dominant_1,R6,2026-08-10T09:54:21.731477Z,flight_spawn,4,639,-20,829,391,807,566,452.51,609.51,176.31,system,NA,0.574,2.88,46.07,130.52,-115.94,76.24,0.0
Human Dominant_1,R6,2026-08-10T09:54:22.050617Z,human_signal,4,674,19,838,380,807,566,395.98,562.43,188.56,human,your_turn,0.587,2.88,46.07,137.5,0.0,0.0,0.0
Human Dominant_1,R6,2026-08-10T09:54:22.051670Z,behavior_monitor,4,674,19,838,380,807,566,395.98,562.43,188.56,system,NA,0.587,2.88,46.07,129.41,0.0,0.0,0.0
Human Dominant_1,R6,2026-08-10T09:54:22.052084Z,human_signal,4,677,21,840,380,807,566,393.97,559.83,188.94,human,your_turn,0.587,2.88,46.07,129.41,0.0,0.0,0.0
Human Dominant_1,R6,2026-08-10T09:54:22.556221Z,behavior_monitor,4,744,70,904,383,766,566,351.68,495.88,228.31,system,NA,0.585,2.88,41.33,136.38,21.47,87.67,180.0
Human Dominant_1,R6,2026-08-10T09:54:22.693317Z,human_signal,4,769,80,922,393,755,566,348.52,485.49,240.67,human,i_can,0.582,2.88,14.11,136.51,31.33,87.67,180.0
Human Dominant_1,R6,2026-08-10T09:54:23.063181Z,behavior_monitor,4,830,90,926,396,778,566,320.61,478.32,225.01,system,NA,0.599,2.88,8.48,0.0,40.26,76.24,0.0
Human Dominant_1,R6,2026-08-10T09:54:23.570870Z,behavior_monitor,4,911,113,982,396,816,566,291.5,462.55,237.54,system,NA,0.613,2.88,16.97,137.5,0.0,81.0,0.0
Human Dominant_1,R6,2026-08-10T09:54:24.073931Z,behavior_monitor,4,991,142,1001,396,855,566,253.8,444.98,223.86,system,NA,0.637,2.88,33.72,0.0,0.0,81.0,0.0
Human Dominant_1,R6,2026-08-10T09:54:24.581832Z,behavior_monitor,4,1036,204,1034,396,894,565,192.06,388.38,219.95,system,NA,0.669,2.88,104.43,137.5,0.0,66.36,-14.16
Human Dominant_1,R6,2026-08-10T09:54:25.089457Z,behavior_monitor,4,1013,288,1030,396,933,565,109.37,288.55,194.75,system,NA,0.725,2.88,82.74,129.41,180.0,76.24,0.0
Human Dominant_1,R6,2026-08-10T09:54:25.599549Z,behavior_monitor,4,1022,374,1009,396,971,565,25.63,198.34,173.61,system,NA,0.886,2.88,82.74,92.52,0.0,76.24,0.0
Human Dominant_1,R6,2026-08-10T09:54:25.667744Z,shot_hit,4,1023,385,1018,396,976,565,11.96,186.25,174.46,human,NA,0.94,2.88,82.74,129.41,0.0,76.24,0.0
Human Dominant_1,R6,2026-08-10T09:54:25.668107Z,flight_spawn,5,1165,-20,1018,396,976,565,441.75,615.65,174.46,system,NA,0.582,3.58,123.99,129.41,0.0,76.24,0.0
Human Dominant_1,R6,2026-08-10T09:54:26.991233Z,human_signal,5,943,125,905,376,976,565,254.41,441.41,201.51,human,i_can,0.634,3.58,132.41,133.84,-165.22,76.24,180.0
Human Dominant_1,R6,2026-08-10T09:54:27.008201Z,behavior_monitor,5,943,125,905,376,975,565,254.41,441.32,201.06,system,NA,0.634,3.58,132.41,129.41,180.0,76.24,180.0
Human Dominant_1,R6,2026-08-10T09:54:27.513175Z,behavior_monitor,5,844,166,839,376,936,564,210.47,407.99,210.81,system,NA,0.66,3.58,161.76,129.41,180.0,76.24,180.0
Human Dominant_1,R6,2026-08-10T09:54:28.023377Z,behavior_monitor,5,753,213,773,376,896,564,164.86,379.05,224.29,system,NA,0.697,3.58,133.85,129.41,180.0,76.24,180.0
Human Dominant_1,R6,2026-08-10T09:54:28.534260Z,behavior_monitor,5,717,312,707,389,857,564,77.26,288.5,230.88,system,NA,0.789,3.58,135.44,129.41,180.0,76.24,180.0
Human Dominant_1,R6,2026-08-10T09:54:28.907759Z,shot_hit,5,654,360,667,361,829,564,12.5,268.49,260.21,human,NA,0.955,3.58,161.02,136.85,-137.08,76.24,180.0
Human Dominant_1,R6,2026-08-10T09:54:28.908320Z,flight_spawn,6,714,-20,667,361,829,564,384.03,595.75,260.21,system,NA,0.608,2.83,45.0,136.85,-137.08,76.24,180.0
Human Dominant_1,R6,2026-08-10T09:54:29.550543Z,human_signal,6,784,58,586,380,811,564,377.92,506.76,290.25,human,your_turn,0.573,2.83,74.66,129.41,180.0,76.24,180.0
Human Dominant_1,R6,2026-08-10T09:54:29.551147Z,behavior_monitor,6,784,58,586,380,811,564,377.92,506.76,290.25,system,NA,0.573,2.83,74.66,129.41,180.0,76.24,180.0
Human Dominant_1,R6,2026-08-10T09:54:29.551642Z,human_signal,6,785,61,584,380,811,564,377.17,503.99,291.95,human,your_turn,0.572,2.83,74.66,129.41,180.0,76.24,180.0
Human Dominant_1,R6,2026-08-10T09:54:30.057009Z,behavior_monitor,6,772,138,520,380,766,564,348.99,426.05,307.31,system,NA,0.55,2.83,104.45,129.41,180.0,87.67,180.0
Human Dominant_1,R6,2026-08-10T09:54:30.208643Z,human_signal,6,764,162,501,380,753,563,341.78,401.46,312.23,human,your_turn,0.54,2.83,127.01,129.41,180.0,87.67,180.0
Human Dominant_1,R6,2026-08-10T09:54:30.209706Z,human_signal,6,762,164,498,380,753,563,340.44,399.15,314.01,human,your_turn,0.54,2.83,127.01,129.41,180.0,87.67,180.0
Human Dominant_1,R6,2026-08-10T09:54:30.565677Z,behavior_monitor,6,718,204,454,380,722,563,316.88,359.81,324.4,system,NA,0.532,2.83,147.49,129.41,180.0,87.67,180.0
Human Dominant_1,R6,2026-08-10T09:54:30.633409Z,human_signal,6,708,210,446,380,716,563,312.77,353.8,326.74,human,your_turn,0.531,2.83,147.49,129.41,180.0,87.67,180.0
Human Dominant_1,R6,2026-08-10T09:54:30.633938Z,human_signal,6,705,211,443,380,716,563,311.31,352.35,328.56,human,your_turn,0.531,2.83,147.49,129.41,180.0,87.67,180.0
Human Dominant_1,R6,2026-08-10T09:54:31.070240Z,behavior_monitor,6,656,259,397,382,677,563,287.2,305.39,333.81,system,NA,0.515,2.83,125.6,57.7,180.0,87.67,180.0
Human Dominant_1,R6,2026-08-10T09:54:31.187148Z,human_signal,6,641,270,390,382,667,563,274.82,294.63,330.31,human,your_turn,0.517,2.83,152.53,52.7,180.0,93.15,180.0
Human Dominant_1,R6,2026-08-10T09:54:31.187450Z,human_signal,6,639,271,390,382,667,563,272.88,293.55,331.0,human,your_turn,0.518,2.83,152.53,49.6,180.0,87.67,180.0
Human Dominant_1,R6,2026-08-10T09:54:31.577821Z,behavior_monitor,6,584,300,357,382,632,563,240.57,268.01,329.15,system,NA,0.527,2.83,152.53,36.61,0.0,87.67,180.0
Human Dominant_1,R6,2026-08-10T09:54:32.084165Z,behavior_monitor,6,510,339,414,382,588,563,105.25,237.28,251.04,system,NA,0.693,2.83,152.53,129.41,0.0,87.67,180.0
Human Dominant_1,R6,2026-08-10T09:54:32.100885Z,human_signal,6,505,341,418,382,586,563,95.65,236.0,246.99,human,i_can,0.712,2.83,152.53,129.41,0.0,87.67,180.0
Human Dominant_1,R6,2026-08-10T09:54:32.457969Z,shot_hit,6,454,359,457,358,559,563,3.21,229.28,228.98,human,NA,0.986,2.83,177.78,138.91,-46.43,76.24,180.0
Human Dominant_1,R6,2026-08-10T09:54:32.458635Z,flight_spawn,7,1143,-20,457,358,559,563,783.34,825.14,228.98,system,NA,0.513,3.06,49.25,138.91,-46.43,76.24,180.0
Human Dominant_1,R6,2026-08-10T09:54:32.966488Z,human_signal,7,1203,50,424,371,574,563,842.13,811.51,243.63,human,your_turn,0.491,3.06,48.19,121.48,124.31,76.24,0.0
Human Dominant_1,R6,2026-08-10T09:54:32.967062Z,behavior_monitor,7,1203,50,424,371,574,563,842.13,811.51,243.63,system,NA,0.491,3.06,48.19,121.48,124.31,76.24,0.0
Human Dominant_1,R6,2026-08-10T09:54:32.967477Z,human_signal,7,1204,53,424,372,574,563,843.32,811.26,242.31,human,your_turn,0.49,3.06,48.19,121.48,124.31,76.24,0.0
Human Dominant_1,R6,2026-08-10T09:54:33.475318Z,behavior_monitor,7,1265,120,471,391,618,563,839.01,784.29,226.74,system,NA,0.483,3.06,73.02,39.21,-90.0,82.8,0.0
Human Dominant_1,R6,2026-08-10T09:54:33.981426Z,behavior_monitor,7,1314,196,471,386,663,563,863.74,747.2,261.08,system,NA,0.464,3.06,78.58,0.0,-90.0,87.67,0.0
Human Dominant_1,R6,2026-08-10T09:54:34.490367Z,behavior_monitor,7,1368,263,493,408,708,563,887.01,724.96,265.08,system,NA,0.45,3.06,23.19,138.46,44.66,104.76,-16.23
Human Dominant_1,R6,2026-08-10T09:54:34.993971Z,behavior_monitor,7,1435,317,542,435,753,563,900.78,724.26,246.85,system,NA,0.446,3.06,25.33,114.23,-49.98,93.15,0.0
Human Dominant_1,R6,2026-08-10T09:54:35.497873Z,behavior_monitor,7,1416,360,547,458,798,563,874.9,650.12,272.36,system,NA,0.426,2.12,146.99,129.41,90.0,87.67,0.0
Human Dominant_1,R6,2026-08-10T09:54:36.003974Z,behavior_monitor,7,1378,410,554,524,843,562,831.69,555.72,291.74,system,NA,0.401,2.12,124.46,142.99,74.06,93.15,0.0
Human Dominant_1,R6,2026-08-10T09:54:36.511604Z,behavior_monitor,7,1326,449,573,590,888,562,765.53,452.41,315.63,system,NA,0.371,2.12,147.17,135.88,72.24,87.67,0.0
Human Dominant_1,R6,2026-08-10T09:54:37.018609Z,behavior_monitor,7,1268,476,607,651,933,563,684.06,346.84,337.23,system,NA,0.336,2.12,169.45,147.21,51.89,93.15,0.0
Human Dominant_1,R6,2026-08-10T09:54:37.527878Z,behavior_monitor,7,1221,511,657,701,977,563,595.18,249.34,348.64,system,NA,0.295,2.12,122.0,139.56,36.33,87.67,0.0
Human Dominant_1,R6,2026-08-10T09:54:38.745250Z,human_signal,7,1233,638,783,796,1085,634,476.52,148.14,342.32,human,your_turn,0.237,2.12,48.82,0.0,0.0,159.42,54.25
Human Dominant_1,R6,2026-08-10T09:54:38.745974Z,behavior_monitor,7,1233,638,783,796,1085,634,476.52,148.14,342.32,system,NA,0.237,2.12,48.82,0.0,0.0,150.04,54.25
Human Dominant_1,R6,2026-08-10T09:54:38.746345Z,human_signal,7,1234,640,783,796,1085,634,477.27,149.54,342.32,human,your_turn,0.239,2.12,48.82,0.0,0.0,150.04,54.25
Human Dominant_1,R6,2026-08-10T09:54:39.255188Z,behavior_monitor,7,1265,692,783,796,1130,688,492.37,134.97,362.93,system,NA,0.215,2.12,76.66,0.0,0.0,150.04,54.25
Human Dominant_1,R6,2026-08-10T09:54:39.759533Z,behavior_monitor,7,1319,718,783,796,1174,712,541.52,144.84,399.98,system,NA,0.211,2.12,28.06,0.0,0.0,87.67,0.0
Human Dominant_1,R6,2026-08-10T09:54:40.270992Z,behavior_monitor,7,1384,728,783,796,1219,723,604.43,164.55,442.28,system,NA,0.214,2.12,7.3,0.0,0.0,87.67,0.0
Human Dominant_1,R6,2026-08-10T09:54:40.780858Z,behavior_monitor,7,1426,771,783,796,1265,766,643.16,160.68,483.0,system,NA,0.2,2.12,6.1,0.0,0.0,87.67,0.0
Human Dominant_1,R6,2026-08-10T09:54:41.291797Z,behavior_monitor,7,1423,778,783,796,1310,772,639.86,113.31,526.99,system,NA,0.15,1.28,169.9,0.0,0.0,87.67,0.0
Human Dominant_1,R6,2026-08-10T09:54:41.796550Z,behavior_monitor,7,1390,796,783,796,1355,792,607.02,35.6,571.71,system,NA,0.055,1.28,112.1,0.0,0.0,159.42,54.25
Human Dominant_1,R6,2026-08-10T09:54:41.949149Z,shot_hit,7,1384,808,783,796,1364,802,600.59,20.71,580.68,agent,NA,0.033,1.28,112.1,0.0,0.0,121.76,90.0
Human Dominant_1,R6,2026-08-10T09:54:41.949889Z,flight_spawn,8,1277,-20,783,796,1364,802,954.05,827.44,580.68,system,NA,0.464,2.83,45.0,0.0,0.0,121.76,90.0
Human Dominant_1,R6,2026-08-10T09:54:42.440173Z,human_signal,8,1334,31,767,747,1356,792,913.29,760.74,590.68,human,your_turn,0.454,2.83,18.76,129.41,-90.0,130.47,-125.75
Human Dominant_1,R6,2026-08-10T09:54:42.440889Z,behavior_monitor,8,1334,31,767,747,1356,792,913.29,760.74,590.68,system,NA,0.454,2.83,18.76,129.41,-90.0,130.47,-125.75
Human Dominant_1,R6,2026-08-10T09:54:42.441277Z,human_signal,8,1337,32,767,745,1356,792,912.92,759.74,590.85,human,your_turn,0.454,2.83,18.76,129.41,-90.0,130.47,-125.75
Human Dominant_1,R6,2026-08-10T09:54:42.948678Z,behavior_monitor,8,1414,55,767,681,1371,730,900.71,675.83,606.09,system,NA,0.429,2.83,19.51,129.41,-90.0,150.04,-54.25
Human Dominant_1,R6,2026-08-10T09:54:43.458806Z,behavior_monitor,8,1430,91,751,615,1409,668,858.44,577.87,660.76,system,NA,0.402,1.86,128.87,135.91,-107.79,121.76,-90.0
Human Dominant_1,R6,2026-08-10T09:54:43.967812Z,behavior_monitor,8,1385,119,737,551,1370,606,779.17,487.31,635.81,system,NA,0.385,1.86,149.65,137.44,-126.05,150.04,-125.75
Human Dominant_1,R6,2026-08-10T09:54:44.474755Z,behavior_monitor,8,1335,144,682,507,1325,565,747.56,421.23,645.34,system,NA,0.36,1.86,152.31,135.78,-153.7,87.67,180.0
Human Dominant_1,R6,2026-08-10T09:54:44.983299Z,behavior_monitor,8,1310,187,620,478,1293,564,748.49,377.72,679.15,system,NA,0.335,1.86,97.64,135.84,-154.66,0.0,180.0
Human Dominant_1,R6,2026-08-10T09:54:45.492481Z,behavior_monitor,8,1310,242,576,456,1289,564,764.51,323.12,720.7,system,NA,0.297,1.86,77.54,0.0,180.0,0.0,180.0
Human Dominant_1,R6,2026-08-10T09:54:45.998605Z,behavior_monitor,8,1344,285,576,456,1320,564,786.44,280.13,751.56,system,NA,0.263,1.86,27.32,0.0,180.0,87.67,0.0
Human Dominant_1,R6,2026-08-10T09:54:46.506335Z,behavior_monitor,8,1387,310,576,456,1364,565,823.98,255.53,794.67,system,NA,0.237,1.86,1.79,0.0,180.0,87.67,0.0
Human Dominant_1,R6,2026-08-10T09:54:47.012194Z,behavior_monitor,8,1439,329,576,456,1408,565,871.93,237.56,838.46,system,NA,0.214,1.86,24.72,0.0,180.0,87.67,0.0
Human Dominant_1,R6,2026-08-10T09:54:49.167292Z,shot_hit,8,1402,544,576,456,1381,566,830.36,30.05,811.93,agent,NA,0.035,1.81,84.55,0.0,180.0,0.0,48.38
Human Dominant_1,R6,2026-08-10T09:54:49.168540Z,flight_spawn,9,1285,-20,576,456,1381,566,853.88,593.85,811.93,system,NA,0.41,3.16,129.21,0.0,180.0,0.0,48.38
Human Dominant_1,R6,2026-08-10T09:54:49.656153Z,human_signal,9,1227,48,576,456,1369,566,767.65,536.7,800.37,human,your_turn,0.411,3.16,129.21,0.0,180.0,76.24,180.0
Human Dominant_1,R6,2026-08-10T09:54:49.656611Z,behavior_monitor,9,1227,48,576,456,1369,566,767.65,536.7,800.37,system,NA,0.411,3.16,129.21,0.0,180.0,76.24,180.0
Human Dominant_1,R6,2026-08-10T09:54:49.656940Z,human_signal,9,1225,51,576,456,1369,566,765.27,534.68,800.37,human,your_turn,0.411,3.16,129.21,0.0,180.0,76.24,180.0
Human Dominant_1,R6,2026-08-10T09:54:50.162451Z,behavior_monitor,9,1144,83,576,456,1325,566,679.6,515.56,756.1,system,NA,0.431,3.16,177.31,0.0,180.0,87.67,180.0
Human Dominant_1,R6,2026-08-10T09:54:50.675627Z,behavior_monitor,9,1049,88,544,448,1280,565,620.36,530.46,745.09,system,NA,0.461,3.16,161.53,79.87,-58.34,87.67,180.0
Human Dominant_1,R6,2026-08-10T09:54:51.180592Z,behavior_monitor,9,960,122,602,428,1235,565,470.34,521.57,647.29,system,NA,0.526,3.16,156.57,129.41,0.0,87.67,180.0
Human Dominant_1,R6,2026-08-10T09:54:51.686805Z,behavior_monitor,9,871,134,660,421,1191,565,355.94,537.35,549.72,system,NA,0.602,3.16,179.75,69.64,-90.0,87.67,180.0
Human Dominant_1,R6,2026-08-10T09:54:52.195238Z,behavior_monitor,9,813,195,628,407,1146,566,280.83,497.97,541.44,system,NA,0.639,3.16,108.32,0.0,180.0,87.67,180.0
Human Dominant_1,R6,2026-08-10T09:54:52.364602Z,human_signal,9,791,222,636,407,1131,566,241.61,483.92,519.91,human,i_can,0.667,3.16,137.09,120.08,0.0,87.67,180.0
Human Dominant_1,R6,2026-08-10T09:54:52.704521Z,behavior_monitor,9,739,249,676,402,1131,566,165.59,504.04,483.49,system,NA,0.753,3.16,165.57,99.95,-37.15,0.0,180.0
Human Dominant_1,R6,2026-08-10T09:54:53.213418Z,behavior_monitor,9,645,268,646,392,1096,566,124.16,541.03,482.57,system,NA,0.813,3.16,171.66,129.41,180.0,76.24,180.0
Human Dominant_1,R6,2026-08-10T09:54:53.384406Z,human_signal,9,611,276,622,392,1083,566,116.07,554.02,493.07,human,i_can,0.827,3.16,164.33,129.41,180.0,76.24,180.0
Human Dominant_1,R6,2026-08-10T09:54:53.724184Z,behavior_monitor,9,579,319,580,392,1057,566,72.87,538.08,508.02,system,NA,0.881,3.16,83.21,129.41,180.0,76.24,180.0
Human Dominant_1,R6,2026-08-10T09:54:54.060949Z,shot_hit,9,566,380,563,378,1031,566,2.94,501.1,503.98,human,NA,0.994,3.16,106.08,129.41,0.0,76.24,180.0
Human Dominant_1,R6,2026-08-10T09:54:54.061529Z,flight_spawn,10,626,-20,563,378,1031,566,403.72,712.34,503.98,system,NA,0.638,2.83,135.0,129.41,0.0,76.24,180.0
Human Dominant_1,R6,2026-08-10T09:54:54.770515Z,human_signal,10,551,75,548,434,1007,566,359.31,669.89,477.9,human,i_can,0.651,2.83,107.79,129.41,180.0,56.43,-179.99
Human Dominant_1,R6,2026-08-10T09:54:54.786863Z,behavior_monitor,10,551,75,548,434,1006,566,359.31,669.01,476.65,system,NA,0.651,2.83,107.79,129.41,180.0,76.24,180.0
Human Dominant_1,R6,2026-08-10T09:54:55.296117Z,behavior_monitor,10,517,149,508,414,967,566,265.48,613.63,483.31,system,NA,0.698,2.83,81.64,95.21,180.0,76.24,180.0
Human Dominant_1,R6,2026-08-10T09:54:55.800877Z,behavior_monitor,10,481,216,514,414,928,566,200.03,567.71,441.14,system,NA,0.739,2.83,166.8,34.89,-90.0,76.24,180.0
Human Dominant_1,R6,2026-08-10T09:54:56.305012Z,behavior_monitor,10,410,264,454,398,889,567,141.34,567.52,466.61,system,NA,0.801,2.83,145.25,129.41,180.0,50.91,179.15
Human Dominant_1,R6,2026-08-10T09:54:56.811453Z,behavior_monitor,10,355,326,388,398,851,567,79.6,551.27,491.98,system,NA,0.874,2.83,124.75,122.22,180.0,72.0,180.0
Human Dominant_1,R6,2026-08-10T09:54:57.318716Z,behavior_monitor,10,303,391,322,398,811,566,20.86,538.11,517.25,system,NA,0.963,2.83,168.03,129.41,180.0,76.24,180.0
Human Dominant_1,R6,2026-08-10T09:54:57.369800Z,shot_hit,10,294,393,316,398,808,566,22.24,541.92,519.82,human,NA,0.961,2.83,168.03,129.41,180.0,76.24,180.0
Human Dominant_1,R6,2026-08-10T09:54:57.370382Z,flight_spawn,11,639,-20,316,398,808,566,528.37,610.43,519.82,system,NA,0.536,3.17,129.09,129.41,180.0,76.24,180.0
Human Dominant_1,R6,2026-08-10T09:54:58.133318Z,human_signal,11,514,42,346,411,790,566,405.49,592.31,470.42,human,i_can,0.594,3.17,144.65,129.41,0.0,76.24,180.0
Human Dominant_1,R6,2026-08-10T09:54:58.150305Z,behavior_monitor,11,514,42,346,411,788,566,405.49,591.71,469.19,system,NA,0.593,3.17,144.65,127.11,0.0,76.24,180.0
Human Dominant_1,R6,2026-08-10T09:54:58.655755Z,behavior_monitor,11,478,125,377,411,750,566,303.0,517.86,403.67,system,NA,0.631,3.17,82.64,92.12,0.0,76.24,180.0
Human Dominant_1,R6,2026-08-10T09:54:58.724399Z,human_signal,11,479,141,388,411,744,566,285.02,501.02,388.86,human,i_can,0.637,3.17,82.64,129.41,0.0,76.24,180.0
Human Dominant_1,R6,2026-08-10T09:54:59.162051Z,behavior_monitor,11,468,218,442,411,711,566,194.84,423.97,310.2,system,NA,0.685,3.17,106.47,71.2,0.0,76.24,180.0
Human Dominant_1,R6,2026-08-10T09:54:59.669993Z,behavior_monitor,11,448,310,440,403,672,566,92.98,339.55,283.07,system,NA,0.785,3.17,85.92,74.87,180.0,76.24,180.0
Human Dominant_1,R6,2026-08-10T09:55:00.109582Z,shot_hit,11,451,392,449,397,638,566,5.71,254.78,253.02,human,NA,0.978,3.17,85.92,133.6,-14.4,76.24,180.0
Human Dominant_1,R6,2026-08-10T09:55:00.110198Z,flight_spawn,12,711,-20,449,397,638,566,493.62,590.61,253.02,system,NA,0.545,3.32,52.98,133.6,-14.4,76.24,180.0
Human Dominant_1,R6,2026-08-10T09:55:00.564799Z,human_signal,12,764,51,434,415,651,566,491.38,526.68,264.42,human,your_turn,0.517,3.32,52.98,129.41,180.0,76.24,0.0
Human Dominant_1,R6,2026-08-10T09:55:00.565265Z,behavior_monitor,12,764,51,434,415,651,566,491.38,526.68,264.42,system,NA,0.517,3.32,52.98,129.41,180.0,76.24,0.0
Human Dominant_1,R6,2026-08-10T09:55:00.565620Z,human_signal,12,765,54,433,416,651,566,491.63,524.39,264.71,human,your_turn,0.516,3.32,52.98,129.41,180.0,76.24,0.0
Human Dominant_1,R6,2026-08-10T09:55:01.073751Z,behavior_monitor,12,833,113,432,418,697,565,504.31,472.3,302.94,system,NA,0.484,3.32,2.15,0.0,90.0,87.67,0.0
Human Dominant_1,R6,2026-08-10T09:55:01.581248Z,behavior_monitor,12,931,138,432,418,741,565,572.51,467.41,342.72,system,NA,0.449,3.32,27.52,0.0,90.0,87.67,0.0
Human Dominant_1,R6,2026-08-10T09:55:02.088901Z,behavior_monitor,12,1015,196,422,446,786,565,643.52,434.15,383.49,system,NA,0.403,3.32,74.8,129.41,90.0,87.67,0.0
Human Dominant_1,R6,2026-08-10T09:55:02.595363Z,behavior_monitor,12,1027,293,432,463,831,565,618.76,335.93,410.97,system,NA,0.352,3.32,48.1,0.0,58.09,93.15,0.0
Human Dominant_1,R6,2026-08-10T09:55:03.102210Z,behavior_monitor,12,1102,344,432,463,875,565,680.62,317.55,454.06,system,NA,0.318,3.32,70.49,0.0,58.09,87.67,0.0
Human Dominant_1,R6,2026-08-10T09:55:03.609061Z,behavior_monitor,12,1136,438,432,463,920,565,704.02,251.16,497.73,system,NA,0.263,3.32,70.49,0.0,58.09,87.67,0.0
Human Dominant_1,R6,2026-08-10T09:55:04.117955Z,behavior_monitor,12,1151,532,432,463,964,566,721.65,189.41,541.7,system,NA,0.208,3.32,117.16,0.0,58.09,87.67,0.0
Human Dominant_1,R6,2026-08-10T09:55:04.624399Z,behavior_monitor,12,1107,621,432,463,1009,601,692.46,99.2,593.31,system,NA,0.125,3.32,117.16,0.0,58.09,150.04,54.25
Human Dominant_1,R6,2026-08-10T09:55:05.132620Z,behavior_monitor,12,1050,702,432,463,1037,663,662.21,40.8,637.26,system,NA,0.058,3.32,138.94,0.0,58.09,150.04,125.75
Human Dominant_1,R6,2026-08-10T09:55:05.217033Z,shot_miss,12,1034,715,432,463,1028,675,652.41,40.13,632.14,agent,NA,0.058,3.32,138.94,0.0,58.09,150.04,125.75
Human Dominant_1,R6,2026-08-10T09:55:05.575288Z,shot_miss,12,982,761,432,463,997,719,625.39,44.28,619.39,agent,NA,0.066,3.32,138.94,0.0,58.09,150.04,125.75
Human Dominant_1,R6,2026-08-10T09:55:05.896972Z,shot_miss,12,940,808,432,463,968,758,613.77,56.83,611.73,agent,NA,0.085,3.32,116.9,0.0,58.09,150.04,125.75
Human Dominant_1,R6,2026-08-10T09:55:06.673798Z,flight_missed,12,911,954,432,461,900,854,686.52,100.4,610.13,system,NA,0.128,3.32,93.04,39.52,-90.0,150.04,125.75
Human Dominant_1,R6,2026-08-10T09:55:06.674476Z,flight_spawn,13,453,-20,432,461,900,854,482.43,981.75,610.13,system,NA,0.671,3.24,128.12,39.52,-90.0,150.04,125.75
Human Dominant_1,R6,2026-08-10T09:55:08.056689Z,human_signal,13,248,125,333,402,816,738,289.79,835.75,588.3,human,i_can,0.743,3.24,150.3,137.5,180.0,138.63,-125.75
Human Dominant_1,R6,2026-08-10T09:55:08.072702Z,behavior_monitor,13,248,125,333,402,815,736,289.79,833.55,586.21,system,NA,0.742,3.24,150.3,129.41,180.0,130.47,-125.75
Human Dominant_1,R6,2026-08-10T09:55:08.576786Z,behavior_monitor,13,155,143,267,402,776,681,282.4,822.13,580.28,system,NA,0.744,3.24,133.4,127.15,180.0,130.47,-125.75
Human Dominant_1,R6,2026-08-10T09:55:09.085818Z,behavior_monitor,13,64,179,259,402,738,628,296.22,809.56,529.34,system,NA,0.732,3.24,161.56,0.0,180.0,130.47,-125.75
Human Dominant_1,R6,2026-08-10T09:55:09.591102Z,behavior_monitor,13,37,219,238,402,699,574,271.98,750.95,491.78,system,NA,0.734,2.11,53.71,122.12,180.0,138.63,-125.75
Human Dominant_1,R6,2026-08-10T09:55:10.098261Z,behavior_monitor,13,78,262,196,400,659,565,181.79,655.18,491.09,system,NA,0.783,2.11,9.17,137.5,180.0,81.0,180.0
Human Dominant_1,R6,2026-08-10T09:55:10.603546Z,behavior_monitor,13,135,283,182,394,620,566,120.79,561.08,469.83,system,NA,0.823,2.11,29.33,113.08,0.0,76.24,180.0
Human Dominant_1,R6,2026-08-10T09:55:11.110378Z,behavior_monitor,13,180,325,215,393,581,566,76.29,467.91,405.02,system,NA,0.86,2.11,34.41,69.85,-43.26,81.0,180.0
Human Dominant_1,R6,2026-08-10T09:55:11.619045Z,shot_hit,13,237,339,222,352,542,565,19.66,379.9,384.62,human,NA,0.951,2.11,10.3,138.39,-57.51,76.24,180.0
Human Dominant_1,R6,2026-08-10T09:55:11.620066Z,flight_spawn,14,964,-20,222,352,542,565,830.91,722.41,384.62,system,NA,0.465,3.2,128.66,138.39,-57.51,76.24,180.0
Human Dominant_1,R6,2026-08-10T09:55:12.054728Z,human_signal,14,972,53,267,376,555,566,776.38,661.17,345.02,human,your_turn,0.46,3.2,49.33,137.04,65.87,76.24,0.0
Human Dominant_1,R6,2026-08-10T09:55:12.055353Z,behavior_monitor,14,972,53,267,376,555,566,776.38,661.17,345.02,system,NA,0.46,3.2,49.33,137.99,65.05,76.24,0.0
Human Dominant_1,R6,2026-08-10T09:55:12.055771Z,human_signal,14,975,55,268,379,555,566,777.7,660.95,343.01,human,your_turn,0.459,3.2,49.33,137.99,65.05,76.24,0.0
Human Dominant_1,R6,2026-08-10T09:55:12.563371Z,behavior_monitor,14,1046,113,275,390,600,565,819.23,635.23,369.1,system,NA,0.437,3.2,52.48,0.0,47.6,87.67,0.0
Human Dominant_1,R6,2026-08-10T09:55:13.072892Z,behavior_monitor,14,1120,173,275,390,646,565,872.38,615.01,409.46,system,NA,0.413,3.2,25.08,0.0,47.6,82.8,0.0
Human Dominant_1,R6,2026-08-10T09:55:13.578406Z,behavior_monitor,14,1205,215,314,393,691,564,908.29,621.26,413.78,system,NA,0.406,3.2,48.98,129.41,0.0,83.4,1.69
Human Dominant_1,R6,2026-08-10T09:55:14.087194Z,behavior_monitor,14,1262,291,378,415,735,564,892.42,592.73,387.59,system,NA,0.399,3.2,71.05,140.35,32.75,87.67,0.0
Human Dominant_1,R6,2026-08-10T09:55:14.593471Z,behavior_monitor,14,1296,382,431,461,780,563,868.48,546.85,363.6,system,NA,0.386,3.2,71.05,138.43,56.27,108.8,-10.96
Human Dominant_1,R6,2026-08-10T09:55:15.103717Z,behavior_monitor,14,1335,469,459,526,824,563,878.14,519.32,367.49,system,NA,0.372,3.2,68.39,138.98,66.78,87.67,0.0
Human Dominant_1,R6,2026-08-10T09:55:15.615383Z,behavior_monitor,14,1373,555,491,582,869,563,882.74,503.96,378.92,system,NA,0.363,3.2,62.06,35.07,90.0,87.67,0.0
Human Dominant_1,R6,2026-08-10T09:55:16.120194Z,behavior_monitor,14,1436,621,506,601,914,616,930.44,522.5,408.05,system,NA,0.36,3.2,31.51,136.55,50.66,150.04,54.25
Human Dominant_1,R6,2026-08-10T09:55:16.628694Z,behavior_monitor,14,1413,672,551,648,958,668,862.62,455.28,407.51,system,NA,0.345,2.34,85.93,59.32,0.0,150.04,54.25
Human Dominant_1,R6,2026-08-10T09:55:18.868154Z,flight_missed,14,1421,952,554,635,1156,910,923.45,268.75,661.6,system,NA,0.225,2.16,93.55,0.0,-90.0,87.67,0.0
Human Dominant_1,R6,2026-08-10T09:55:18.868801Z,flight_spawn,15,423,-20,554,635,1156,910,668.22,1184.01,661.6,system,NA,0.639,3.11,50.04,0.0,-90.0,87.67,0.0
Human Dominant_1,R6,2026-08-10T09:55:19.510875Z,human_signal,15,426,84,564,575,1129,874,510.25,1057.51,639.13,human,i_can,0.675,3.11,130.29,139.46,-130.22,130.47,-125.75
Human Dominant_1,R6,2026-08-10T09:55:19.526945Z,behavior_monitor,15,426,84,564,575,1128,872,510.25,1055.31,637.15,system,NA,0.674,3.11,130.29,138.81,-130.79,130.47,-125.75
Human Dominant_1,R6,2026-08-10T09:55:20.038646Z,behavior_monitor,15,355,136,504,551,1090,817,441.5,1002.67,643.68,system,NA,0.694,3.11,152.9,129.41,180.0,130.47,-125.75
Human Dominant_1,R6,2026-08-10T09:55:20.544833Z,behavior_monitor,15,273,182,438,551,1051,763,404.4,970.85,648.7,system,NA,0.706,3.11,123.36,129.41,180.0,130.47,-125.75
Human Dominant_1,R6,2026-08-10T09:55:21.055532Z,behavior_monitor,15,211,249,372,551,1012,709,342.21,924.07,659.74,system,NA,0.73,3.11,146.46,129.41,180.0,130.47,-125.75
Human Dominant_1,R6,2026-08-10T09:55:21.562165Z,behavior_monitor,15,168,326,306,551,974,655,264.19,870.18,675.78,system,NA,0.767,3.11,99.49,129.41,180.0,130.47,-125.75
Human Dominant_1,R6,2026-08-10T09:55:22.066260Z,behavior_monitor,15,197,407,240,551,935,600,150.59,762.79,696.52,system,NA,0.835,3.11,44.72,129.41,180.0,130.47,-125.75
Human Dominant_1,R6,2026-08-10T09:55:22.576015Z,behavior_monitor,15,255,478,242,505,924,586,29.62,677.63,687.0,system,NA,0.958,3.11,44.74,139.83,-48.4,130.47,-125.75
Human Dominant_1,R6,2026-08-10T09:55:22.678701Z,shot_hit,15,266,492,246,492,917,575,20.18,655.35,675.29,human,NA,0.97,3.11,44.74,129.41,-90.0,130.47,-125.75
Human Dominant_1,R6,2026-08-10T09:55:22.679056Z,flight_spawn,16,923,-20,246,492,917,575,848.72,595.49,675.29,system,NA,0.412,2.83,135.0,129.41,-90.0,130.47,-125.75
Human Dominant_1,R6,2026-08-10T09:55:23.523193Z,human_signal,16,824,80,345,536,882,566,662.0,489.84,537.66,human,your_turn,0.425,2.83,135.0,137.28,19.49,76.24,180.0
Human Dominant_1,R6,2026-08-10T09:55:23.523722Z,behavior_monitor,16,824,80,345,536,882,566,662.0,489.84,537.66,system,NA,0.425,2.83,135.0,136.29,18.28,76.24,180.0
Human Dominant_1,R6,2026-08-10T09:55:23.523984Z,human_signal,16,822,82,347,537,882,566,657.72,488.15,535.42,human,your_turn,0.426,2.83,135.0,136.29,18.28,76.24,180.0
Human Dominant_1,R6,2026-08-10T09:55:24.031031Z,behavior_monitor,16,786,154,411,537,837,566,536.43,415.16,426.97,system,NA,0.436,2.83,107.09,129.41,0.0,87.67,180.0
Human Dominant_1,R6,2026-08-10T09:55:24.420809Z,human_signal,16,766,216,430,528,802,566,458.62,351.75,374.6,human,your_turn,0.434,2.83,107.09,0.0,-90.0,87.67,180.0
Human Dominant_1,R6,2026-08-10T09:55:24.421322Z,human_signal,16,765,218,430,528,802,566,456.52,349.1,374.6,human,your_turn,0.433,2.83,107.09,0.0,-90.0,87.67,180.0
Human Dominant_1,R6,2026-08-10T09:55:24.536068Z,behavior_monitor,16,755,232,430,528,792,566,439.55,335.72,364.22,system,NA,0.433,2.83,130.29,0.0,-90.0,93.15,180.0
Human Dominant_1,R6,2026-08-10T09:55:25.044425Z,behavior_monitor,16,680,265,420,525,747,565,368.02,307.86,329.35,system,NA,0.455,2.83,128.39,66.82,-48.4,87.67,180.0
Human Dominant_1,R6,2026-08-10T09:55:25.281219Z,human_signal,16,655,298,442,504,727,565,296.27,275.99,290.56,human,i_can,0.482,2.83,104.35,135.98,-44.5,87.67,180.0
Human Dominant_1,R6,2026-08-10T09:55:25.553142Z,behavior_monitor,16,621,318,468,480,706,565,222.58,261.51,252.48,system,NA,0.54,2.83,160.57,139.91,-39.57,76.24,180.0
Human Dominant_1,R6,2026-08-10T09:55:26.063348Z,behavior_monitor,16,550,360,511,426,667,565,76.68,236.24,208.63,system,NA,0.755,2.83,140.18,136.04,-70.15,76.24,180.0
Human Dominant_1,R6,2026-08-10T09:55:26.318666Z,shot_hit,16,515,382,524,394,647,566,14.98,226.06,211.1,human,NA,0.938,2.83,138.58,135.5,-72.76,76.24,180.0
Human Dominant_1,R6,2026-08-10T09:55:26.319144Z,flight_spawn,17,830,-20,524,394,647,566,514.71,614.17,211.1,system,NA,0.544,3.59,123.87,135.5,-72.76,76.24,180.0
Human Dominant_1,R6,2026-08-10T09:55:26.907082Z,human_signal,17,760,84,515,360,670,566,369.64,491.1,258.18,human,i_can,0.571,3.59,94.58,129.41,0.0,76.24,0.0
Human Dominant_1,R6,2026-08-10T09:55:26.924340Z,behavior_monitor,17,760,84,515,360,671,566,369.64,490.58,258.43,system,NA,0.57,3.59,94.58,129.41,0.0,56.93,-21.8
Human Dominant_1,R6,2026-08-10T09:55:27.432436Z,behavior_monitor,17,750,191,581,372,710,566,247.64,376.68,233.32,system,NA,0.603,3.59,94.58,137.71,24.29,76.24,0.0
Human Dominant_1,R6,2026-08-10T09:55:27.939099Z,behavior_monitor,17,804,280,644,401,749,566,200.94,291.12,195.1,system,NA,0.592,3.59,38.91,135.64,21.81,76.24,0.0
Human Dominant_1,R6,2026-08-10T09:55:28.023668Z,human_signal,17,819,291,655,404,756,566,199.41,281.85,190.08,human,your_turn,0.586,3.59,38.91,136.58,18.65,76.24,0.0
Human Dominant_1,R6,2026-08-10T09:55:28.024219Z,human_signal,17,822,293,657,404,756,566,198.74,280.32,188.94,human,your_turn,0.585,3.59,38.91,129.41,0.0,76.24,0.0
Human Dominant_1,R6,2026-08-10T09:55:28.444574Z,behavior_monitor,17,880,355,645,395,793,566,238.26,228.64,225.94,system,NA,0.49,3.59,65.77,136.47,-158.59,87.67,0.0
Human Dominant_1,R6,2026-08-10T09:55:28.951614Z,behavior_monitor,17,949,435,579,388,839,566,372.59,170.49,314.45,system,NA,0.314,3.59,17.96,129.41,180.0,87.67,0.0
Human Dominant_1,R6,2026-08-10T09:55:29.458118Z,behavior_monitor,17,1050,469,534,388,883,566,522.25,193.01,392.45,system,NA,0.27,3.59,4.57,0.0,180.0,87.67,0.0
Human Dominant_1,R6,2026-08-10T09:55:29.967179Z,behavior_monitor,17,1151,496,534,388,928,566,626.92,234.3,432.5,system,NA,0.272,3.59,27.05,0.0,180.0,87.67,0.0
Human Dominant_1,R6,2026-08-10T09:55:30.475938Z,behavior_monitor,17,1154,585,534,388,973,577,650.57,180.83,478.33,system,NA,0.218,3.59,130.58,0.0,180.0,150.04,54.25
Human Dominant_1,R6,2026-08-10T09:55:30.985128Z,behavior_monitor,17,1080,664,534,388,1018,639,612.47,67.54,545.17,system,NA,0.099,3.59,126.93,0.0,180.0,150.04,54.25
Human Dominant_1,R6,2026-08-10T09:55:31.374331Z,shot_hit,17,1011,707,534,388,1014,689,573.92,18.92,566.28,agent,NA,0.032,3.59,155.25,0.0,180.0,150.04,125.75
Human Dominant_1,R6,2026-08-10T09:55:31.374886Z,flight_spawn,18,589,-20,534,388,1014,689,412.15,826.87,566.28,system,NA,0.667,3.38,126.31,0.0,180.0,150.04,125.75
Human Dominant_1,R6,2026-08-10T09:55:31.985463Z,human_signal,18,482,37,514,388,1002,672,352.07,820.54,564.58,human,i_can,0.7,3.38,175.91,113.03,180.0,130.47,-125.75
Human Dominant_1,R6,2026-08-10T09:55:32.001277Z,behavior_monitor,18,482,37,514,388,1001,671,352.07,818.32,562.56,system,NA,0.699,3.38,175.91,137.5,180.0,138.63,-125.75
Human Dominant_1,R6,2026-08-10T09:55:32.509062Z,behavior_monitor,18,389,64,448,398,962,617,339.13,796.72,558.66,system,NA,0.701,3.38,177.59,135.04,163.39,130.47,-125.75
Human Dominant_1,R6,2026-08-10T09:55:33.012210Z,behavior_monitor,18,291,80,382,406,924,566,338.69,798.37,565.01,system,NA,0.702,3.38,152.81,129.41,180.0,76.24,180.0
Human Dominant_1,R6,2026-08-10T09:55:33.520861Z,behavior_monitor,18,194,94,316,406,885,566,334.71,837.14,591.26,system,NA,0.714,3.38,158.51,137.5,180.0,81.0,180.0
Human Dominant_1,R6,2026-08-10T09:55:34.028873Z,behavior_monitor,18,101,125,250,406,846,566,318.06,866.08,617.03,system,NA,0.731,3.38,179.85,129.41,180.0,94.56,-167.0
Human Dominant_1,R6,2026-08-10T09:55:34.537424Z,behavior_monitor,18,21,180,197,406,807,566,286.33,875.92,631.18,system,NA,0.754,3.38,134.62,0.0,180.0,76.24,180.0
Human Dominant_1,R6,2026-08-10T09:55:34.944602Z,human_signal,18,55,240,197,406,776,566,218.65,791.75,600.91,human,i_can,0.784,2.79,59.37,0.0,180.0,76.24,180.0
Human Dominant_1,R6,2026-08-10T09:55:35.045528Z,behavior_monitor,18,60,252,197,406,768,566,205.85,774.55,593.42,system,NA,0.79,2.79,59.37,0.0,180.0,76.24,180.0
Human Dominant_1,R6,2026-08-10T09:55:35.554877Z,behavior_monitor,18,98,324,193,406,730,564,125.45,675.95,559.61,system,NA,0.843,2.79,59.37,58.17,180.0,76.24,180.0
Human Dominant_1,R6,2026-08-10T09:55:35.979448Z,shot_hit,18,135,384,142,401,698,564,18.4,591.72,579.66,human,NA,0.97,2.79,59.37,136.55,-158.47,76.24,180.0
Human Dominant_1,R6,2026-08-10T09:55:35.980041Z,flight_spawn,19,565,-20,142,401,698,564,597.38,599.76,579.66,system,NA,0.501,2.9,46.39,136.55,-158.47,76.24,180.0
Human Dominant_1,R6,2026-08-10T09:55:36.656795Z,human_signal,19,584,81,211,396,671,565,488.15,491.47,489.92,human,your_turn,0.502,2.9,89.56,143.56,16.71,81.0,180.0
Human Dominant_1,R6,2026-08-10T09:55:36.658895Z,behavior_monitor,19,584,81,211,396,671,565,488.15,491.47,489.92,system,NA,0.502,2.9,89.56,135.21,16.84,76.24,180.0
Human Dominant_1,R6,2026-08-10T09:55:36.659269Z,human_signal,19,585,84,214,397,671,565,485.19,488.58,487.62,human,your_turn,0.502,2.9,89.56,135.21,16.84,76.24,180.0
Human Dominant_1,R6,2026-08-10T09:55:37.164364Z,behavior_monitor,19,576,166,241,411,626,564,416.21,401.87,414.67,system,NA,0.491,2.9,116.45,0.0,35.79,87.67,180.0
Human Dominant_1,R6,2026-08-10T09:55:37.673950Z,behavior_monitor,19,552,246,235,411,582,564,357.7,319.15,378.85,system,NA,0.472,2.9,87.36,102.3,180.0,87.67,180.0
Human Dominant_1,R6,2026-08-10T09:55:38.180618Z,behavior_monitor,19,532,330,175,403,537,563,364.69,233.17,396.06,system,NA,0.39,2.9,109.08,95.17,180.0,116.3,-170.85
Human Dominant_1,R6,2026-08-10T09:55:38.688994Z,behavior_monitor,19,482,392,152,403,492,563,329.63,171.56,375.87,system,NA,0.342,2.9,158.69,0.0,180.0,93.15,180.0
Human Dominant_1,R6,2026-08-10T09:55:39.195865Z,behavior_monitor,19,431,460,110,403,447,563,325.85,104.7,373.32,system,NA,0.243,2.9,133.38,129.41,180.0,87.67,180.0
Human Dominant_1,R6,2026-08-10T09:55:39.701011Z,behavior_monitor,19,352,498,80,403,403,563,288.78,82.47,360.52,system,NA,0.222,2.9,154.78,0.0,180.0,87.67,180.0
Human Dominant_1,R6,2026-08-10T09:55:40.208435Z,behavior_monitor,19,271,535,80,403,359,564,232.25,92.45,321.98,system,NA,0.285,2.9,154.78,0.0,180.0,93.15,180.0
Human Dominant_1,R6,2026-08-10T09:55:40.717168Z,behavior_monitor,19,191,572,81,443,314,567,169.52,123.31,264.5,system,NA,0.421,2.9,154.78,129.41,90.0,150.04,125.75
Human Dominant_1,R6,2026-08-10T09:55:41.073262Z,human_signal,19,129,600,81,491,283,595,119.04,154.2,226.97,human,i_can,0.564,2.9,151.6,129.41,90.0,150.04,125.75
Human Dominant_1,R6,2026-08-10T09:55:41.226285Z,behavior_monitor,19,108,611,81,509,271,605,105.88,163.52,213.49,system,NA,0.607,2.9,151.6,129.41,90.0,76.24,180.0
Human Dominant_1,R6,2026-08-10T09:55:41.734355Z,behavior_monitor,19,25,626,61,575,232,620,62.34,206.62,176.52,system,NA,0.768,2.9,164.08,143.4,116.35,76.24,180.0
Human Dominant_1,R6,2026-08-10T09:55:42.189935Z,shot_hit,19,61,647,40,634,197,643,25.25,136.0,157.65,human,NA,0.843,1.85,25.43,129.41,90.0,76.24,180.0
Human Dominant_1,R6,2026-08-10T09:55:42.190579Z,flight_spawn,20,539,-20,40,634,197,643,823.29,746.46,157.65,system,NA,0.476,2.83,45.0,129.41,90.0,76.24,180.0
Human Dominant_1,R6,2026-08-10T09:55:42.797375Z,human_signal,20,587,65,47,596,216,616,757.58,664.22,170.75,human,your_turn,0.467,2.83,70.19,136.52,-71.43,130.47,-54.25
Human Dominant_1,R6,2026-08-10T09:55:42.797968Z,behavior_monitor,20,587,65,47,596,216,616,757.58,664.22,170.75,system,NA,0.467,2.83,70.19,136.97,-70.88,130.47,-54.25
Human Dominant_1,R6,2026-08-10T09:55:42.798436Z,human_signal,20,589,68,47,594,216,616,754.51,662.71,170.25,human,your_turn,0.468,2.83,70.19,136.97,-70.88,130.47,-54.25
Human Dominant_1,R6,2026-08-10T09:55:43.307127Z,behavior_monitor,20,614,145,68,530,262,566,668.45,549.82,196.77,system,NA,0.451,2.83,44.11,129.41,-90.0,87.67,0.0
Human Dominant_1,R6,2026-08-10T09:55:43.813662Z,behavior_monitor,20,668,207,68,502,307,567,667.97,509.36,247.04,system,NA,0.433,2.83,43.49,0.0,-90.0,87.67,0.0
Human Dominant_1,R6,2026-08-10T09:55:44.325572Z,behavior_monitor,20,742,247,115,502,351,566,676.82,504.19,245.49,system,NA,0.427,2.83,14.05,129.41,0.0,87.67,0.0
Human Dominant_1,R6,2026-08-10T09:55:44.829334Z,behavior_monitor,20,824,274,156,496,396,566,703.92,518.67,250.02,system,NA,0.424,2.83,36.0,0.0,-90.0,87.67,0.0
Human Dominant_1,R6,2026-08-10T09:55:45.334771Z,behavior_monitor,20,906,293,156,496,440,566,776.83,539.82,292.73,system,NA,0.41,2.83,8.24,0.0,-90.0,93.15,0.0
Human Dominant_1,R6,2026-08-10T09:55:45.843759Z,behavior_monitor,20,988,309,156,496,485,566,853.17,565.0,336.66,system,NA,0.398,2.83,9.89,0.0,-90.0,87.67,0.0
Human Dominant_1,R6,2026-08-10T09:55:46.351992Z,behavior_monitor,20,1054,347,172,503,530,566,896.29,568.43,363.32,system,NA,0.388,2.83,58.93,142.3,39.93,87.67,0.0
Human Dominant_1,R6,2026-08-10T09:55:46.859224Z,behavior_monitor,20,1068,429,212,561,574,566,866.5,512.42,362.6,system,NA,0.372,2.83,53.3,137.82,56.02,87.67,0.0
Human Dominant_1,R6,2026-08-10T09:55:47.368465Z,behavior_monitor,20,1125,488,252,618,619,565,882.28,511.55,370.73,system,NA,0.367,2.83,60.98,138.11,53.65,87.67,0.0
Human Dominant_1,R6,2026-08-10T09:55:48.620353Z,human_signal,20,1019,616,371,728,730,611,658.05,289.04,377.98,human,i_can,0.305,2.83,168.78,0.0,0.0,87.67,0.0
Human Dominant_1,R6,2026-08-10T09:55:48.629350Z,behavior_monitor,20,1019,616,371,728,731,611,658.05,287.74,379.21,system,NA,0.304,2.83,168.78,0.0,0.0,76.24,0.0
Human Dominant_1,R6,2026-08-10T09:55:49.104822Z,human_signal,20,947,635,371,728,768,629,583.36,179.6,408.47,human,your_turn,0.235,2.83,165.9,0.0,0.0,72.0,0.0
Human Dominant_1,R6,2026-08-10T09:55:49.105474Z,human_signal,20,945,636,373,729,768,629,580.12,177.63,407.39,human,your_turn,0.234,2.83,165.9,43.77,0.0,76.24,0.0
Human Dominant_1,R6,2026-08-10T09:55:49.138331Z,behavior_monitor,20,942,636,374,729,771,631,575.96,171.77,408.64,system,NA,0.23,2.83,165.9,99.27,33.18,87.67,0.0
Human Dominant_1,R6,2026-08-10T09:55:49.643666Z,behavior_monitor,20,858,657,429,770,815,652,443.86,43.28,403.84,system,NA,0.089,2.83,143.38,139.52,36.25,87.67,0.0
Human Dominant_1,R6,2026-08-10T09:55:49.744526Z,shot_hit,20,841,666,438,776,823,660,417.74,19.33,401.66,agent,NA,0.044,2.83,171.39,0.0,0.0,0.0,54.25
