user_id,round_id,timestamp,event_type,flight_id,flight_x,flight_y,human_x,human_y,agent_x,agent_y,dist_human_flight,dist_agent_flight,dist_human_agent,triggered_by,signal_type,dir_ratio,flight_speed,flight_angle,human_speed,human_direction,agent_speed,agent_direction
Human Dominant_9,R1,2026-08-23T11:38:00.050825Z,flight_spawn,1,1368,-20,985,590,320,590,720.5,1212.98,665.0,system,NA,0.627,2.83,135.0,0.0,0.0,0.0,0.0
Human Dominant_9,R1,2026-08-23T11:43:17.952504Z,shot_hit,1,1017,376,997,355,588,565,28.77,468.3,459.89,human,NA,0.942,2.83,81.67,126.15,-33.91,76.53,7.02
Human Dominant_9,R1,2026-08-23T11:43:17.954300Z,flight_spawn,2,334,-20,997,355,588,565,761.91,638.42,459.89,system,NA,0.456,2.83,45.0,126.15,-33.91,76.53,7.02
Human Dominant_9,R1,2026-08-23T11:43:18.987968Z,human_signal,2,402,133,964,434,539,565,637.46,453.91,443.95,human,i_can,0.416,2.83,97.45,129.41,180.0,56.8,-177.93
Human Dominant_9,R1,2026-08-23T11:43:19.003383Z,behavior_monitor,2,402,133,964,434,538,565,637.46,453.52,445.19,system,NA,0.416,2.83,97.45,142.88,-162.19,81.0,180.0
Human Dominant_9,R1,2026-08-23T11:43:19.508151Z,behavior_monitor,2,365,207,914,416,499,565,587.15,382.36,440.74,system,NA,0.394,2.83,121.43,146.84,123.98,76.24,180.0
Human Dominant_9,R1,2026-08-23T11:43:20.017767Z,behavior_monitor,2,324,278,891,478,460,565,601.09,317.36,440.23,system,NA,0.346,2.83,117.71,135.21,146.78,76.24,180.0
Human Dominant_9,R1,2026-08-23T11:43:20.525171Z,behavior_monitor,2,282,332,826,500,421,565,569.66,271.67,410.18,system,NA,0.323,2.83,41.06,129.41,180.0,76.24,180.0
Human Dominant_9,R1,2026-08-23T11:43:20.728178Z,human_signal,2,303,354,800,500,406,565,517.5,235.16,399.48,human,your_turn,0.312,2.83,19.25,129.41,180.0,76.24,180.0
Human Dominant_9,R1,2026-08-23T11:43:20.728695Z,human_signal,2,307,355,798,500,406,565,511.82,232.83,397.31,human,your_turn,0.313,2.83,19.25,129.41,180.0,76.24,180.0
Human Dominant_9,R1,2026-08-23T11:43:21.034625Z,behavior_monitor,2,352,371,768,492,379,565,433.11,196.66,396.1,system,NA,0.312,2.83,19.25,133.98,-74.99,87.67,180.0
Human Dominant_9,R1,2026-08-23T11:43:21.542313Z,behavior_monitor,2,431,399,816,452,390,565,388.84,170.89,440.01,system,NA,0.305,2.83,19.25,135.42,18.44,87.67,0.0
Human Dominant_9,R1,2026-08-23T11:43:22.051806Z,behavior_monitor,2,499,443,877,486,435,565,380.31,137.59,448.71,system,NA,0.266,2.83,47.92,137.77,44.83,87.67,0.0
Human Dominant_9,R1,2026-08-23T11:43:22.558435Z,behavior_monitor,2,560,502,888,543,480,565,329.67,101.71,407.87,system,NA,0.236,2.83,25.95,143.23,128.21,87.67,0.0
Human Dominant_9,R1,2026-08-23T11:43:23.063793Z,behavior_monitor,2,623,553,830,587,525,565,209.34,98.98,305.59,system,NA,0.321,2.83,24.45,141.41,147.45,90.02,-16.74
Human Dominant_9,R1,2026-08-23T11:43:23.571578Z,behavior_monitor,2,702,585,766,616,569,580,70.68,133.53,200.19,system,NA,0.654,2.83,1.58,129.41,180.0,87.67,0.0
Human Dominant_9,R1,2026-08-23T11:43:23.807762Z,shot_hit,2,739,590,741,596,590,586,6.63,149.63,151.69,human,NA,0.958,2.83,3.74,138.55,-127.84,87.67,0.0
Human Dominant_9,R1,2026-08-23T11:43:23.808326Z,flight_spawn,3,813,-20,741,596,590,586,620.9,646.01,151.69,system,NA,0.51,2.92,46.85,138.55,-127.84,87.67,0.0
Human Dominant_9,R1,2026-08-23T11:43:29.060450Z,shot_miss,3,1425,474,1385,470,934,565,40.13,499.17,460.79,human,NA,0.926,2.09,114.19,129.41,0.0,76.24,0.0
Human Dominant_9,R1,2026-08-23T11:43:30.432747Z,shot_hit,3,1308,597,1326,575,1039,590,28.74,269.51,288.05,human,NA,0.904,2.09,110.76,140.11,157.47,130.47,54.25
Human Dominant_9,R1,2026-08-23T11:43:30.433667Z,flight_spawn,4,711,-20,1326,575,1039,590,855.74,693.04,288.05,system,NA,0.447,3.34,126.74,140.11,157.47,130.47,54.25
Human Dominant_9,R1,2026-08-23T11:43:38.346441Z,shot_hit,4,465,924,329,824,462,899,169.18,25.35,152.71,agent,NA,0.13,3.34,3.38,135.4,-154.35,130.47,125.75
Human Dominant_9,R1,2026-08-23T11:43:38.347392Z,flight_spawn,5,670,-20,329,824,462,899,911.09,942.32,152.71,system,NA,0.508,3.6,123.79,135.4,-154.35,130.47,125.75
Human Dominant_9,R1,2026-08-23T11:43:41.762566Z,shot_hit,5,263,458,265,466,325,566,8.27,124.54,116.48,human,NA,0.938,3.6,101.79,134.44,-74.28,76.24,180.0
Human Dominant_9,R1,2026-08-23T11:43:41.763808Z,flight_spawn,6,846,-20,265,466,325,566,757.42,784.17,116.48,system,NA,0.509,3.55,124.24,134.44,-74.28,76.24,180.0
Human Dominant_9,R1,2026-08-23T11:43:43.576738Z,human_signal,6,859,326,480,436,444,564,393.95,478.37,133.5,human,i_can,0.548,3.55,77.61,136.27,23.47,76.24,0.0
Human Dominant_9,R1,2026-08-23T11:43:43.594119Z,behavior_monitor,6,859,326,480,436,445,564,393.95,477.24,133.15,system,NA,0.548,3.55,77.61,136.27,23.47,76.24,0.0
Human Dominant_9,R1,2026-08-23T11:43:44.102869Z,behavior_monitor,6,884,430,544,464,484,565,341.93,422.26,117.02,system,NA,0.553,3.55,77.61,137.22,28.91,76.24,0.0
Human Dominant_9,R1,2026-08-23T11:43:44.609302Z,behavior_monitor,6,876,534,597,508,523,564,280.22,354.07,92.37,system,NA,0.558,3.55,106.11,133.44,48.1,76.24,0.0
Human Dominant_9,R1,2026-08-23T11:43:45.125144Z,behavior_monitor,6,801,612,638,562,562,594,170.76,240.15,83.01,system,NA,0.584,3.55,134.77,130.9,56.36,130.47,54.25
Human Dominant_9,R1,2026-08-23T11:43:45.431684Z,conflict,6,748,651,660,598,586,628,102.7,163.01,79.85,system,NA,0.614,3.55,133.16,130.59,60.02,134.09,44.74
Human Dominant_9,R1,2026-08-23T11:43:45.632673Z,behavior_monitor,6,723,682,660,598,586,628,105.14,146.88,79.85,system,NA,0.583,3.55,126.36,0.0,60.02,0.0,54.25
Human Dominant_9,R1,2026-08-23T11:43:46.139746Z,behavior_monitor,6,644,745,665,602,601,650,144.5,104.19,80.02,system,NA,0.419,3.55,124.46,0.0,0.0,130.47,54.25
Human Dominant_9,R1,2026-08-23T11:43:46.649120Z,behavior_monitor,6,591,830,665,602,596,704,239.85,126.44,122.84,system,NA,0.345,3.55,141.01,0.0,0.0,130.47,125.75
Human Dominant_9,R1,2026-08-23T11:43:47.157819Z,behavior_monitor,6,496,879,647,640,557,758,282.19,135.62,147.85,system,NA,0.325,3.55,145.27,140.59,124.27,130.47,125.75
Human Dominant_9,R1,2026-08-23T11:43:47.664009Z,behavior_monitor,6,397,913,593,644,518,812,333.32,157.95,184.13,system,NA,0.322,3.55,147.26,129.79,-120.18,130.47,125.75
Human Dominant_9,R1,2026-08-23T11:43:47.984743Z,flight_missed,6,338,952,583,600,492,848,428.46,185.61,264.04,system,NA,0.302,3.55,147.26,133.4,-105.25,160.46,128.08
Human Dominant_9,R1,2026-08-23T11:43:47.985418Z,flight_spawn,7,328,-20,583,600,492,848,671.29,884.06,264.04,system,NA,0.568,2.83,135.0,133.4,-105.25,160.46,128.08
Human Dominant_9,R1,2026-08-23T11:43:51.116720Z,human_signal,7,76,274,427,469,302,584,402.2,384.34,170.21,human,your_turn,0.489,2.58,42.16,137.52,31.71,133.67,-120.66
Human Dominant_9,R1,2026-08-23T11:43:51.117548Z,behavior_monitor,7,76,274,427,469,302,584,402.2,384.34,170.21,system,NA,0.489,2.58,42.16,137.61,32.35,144.23,-123.5
Human Dominant_9,R1,2026-08-23T11:43:51.117889Z,human_signal,7,78,275,429,470,302,584,401.44,381.42,170.82,human,your_turn,0.487,2.58,42.16,137.61,32.35,144.23,-123.5
Human Dominant_9,R1,2026-08-23T11:43:51.623000Z,behavior_monitor,7,146,304,484,510,258,565,395.97,284.44,233.0,system,NA,0.418,2.58,14.24,137.72,43.69,87.67,180.0
Human Dominant_9,R1,2026-08-23T11:43:52.131529Z,behavior_monitor,7,191,363,531,563,213,566,394.41,203.56,317.8,system,NA,0.34,2.58,42.95,138.31,47.93,87.67,180.0
Human Dominant_9,R1,2026-08-23T11:43:52.639882Z,behavior_monitor,7,244,420,592,587,217,566,386.62,148.38,375.4,system,NA,0.277,2.58,72.64,129.41,0.0,87.67,0.0
Human Dominant_9,R1,2026-08-23T11:43:53.149069Z,behavior_monitor,7,300,465,658,587,261,565,378.45,107.32,397.95,system,NA,0.221,2.58,26.27,129.41,0.0,87.67,0.0
Human Dominant_9,R1,2026-08-23T11:43:53.658180Z,behavior_monitor,7,354,513,724,587,305,565,377.63,71.03,419.21,system,NA,0.158,2.58,7.41,129.41,0.0,87.67,0.0
Human Dominant_9,R1,2026-08-23T11:43:54.167829Z,behavior_monitor,7,426,534,790,587,350,565,367.56,81.95,440.28,system,NA,0.182,2.58,39.36,129.41,0.0,87.67,0.0
Human Dominant_9,R1,2026-08-23T11:43:54.674665Z,behavior_monitor,7,478,589,821,615,395,584,343.81,83.06,426.87,system,NA,0.195,2.58,60.42,154.8,134.53,150.04,54.25
Human Dominant_9,R1,2026-08-23T11:43:55.183780Z,behavior_monitor,7,527,646,759,649,440,642,231.77,87.44,319.17,system,NA,0.274,2.58,9.35,137.9,155.22,150.04,54.25
Human Dominant_9,R1,2026-08-23T11:43:55.686871Z,behavior_monitor,7,595,674,710,690,485,669,115.88,110.65,226.22,system,NA,0.488,2.58,43.29,129.41,180.0,150.04,54.25
Human Dominant_9,R1,2026-08-23T11:43:56.281010Z,shot_miss,7,618,758,650,718,537,740,50.51,83.44,115.28,human,NA,0.623,2.58,120.56,129.41,90.0,150.04,54.25
Human Dominant_9,R1,2026-08-23T11:43:56.569141Z,shot_hit,7,574,775,650,758,557,771,77.53,17.37,93.32,agent,NA,0.183,2.58,176.45,129.41,90.0,0.0,90.0
Human Dominant_9,R1,2026-08-23T11:43:56.570129Z,flight_spawn,8,808,-20,650,758,557,771,794.4,829.81,93.32,system,NA,0.511,3.06,49.23,129.41,90.0,0.0,90.0
Human Dominant_9,R1,2026-08-23T11:43:59.103314Z,human_signal,8,1153,275,925,691,725,567,474.69,518.26,235.54,human,i_can,0.522,3.06,24.54,140.81,-28.32,76.24,0.0
Human Dominant_9,R1,2026-08-23T11:43:59.120235Z,behavior_monitor,8,1153,275,925,691,726,567,474.69,517.19,234.44,system,NA,0.521,3.06,24.54,140.81,-28.32,76.24,0.0
Human Dominant_9,R1,2026-08-23T11:43:59.628767Z,behavior_monitor,8,1229,321,988,657,765,565,413.4,524.33,241.52,system,NA,0.559,3.06,74.29,140.89,-28.38,76.24,0.0
Human Dominant_9,R1,2026-08-23T11:44:00.137345Z,behavior_monitor,8,1229,410,1051,623,803,565,277.35,452.86,254.37,system,NA,0.62,3.06,78.97,140.12,-27.79,76.24,0.0
Human Dominant_9,R1,2026-08-23T11:44:00.645313Z,behavior_monitor,8,1216,498,1114,590,842,565,136.93,379.62,273.14,system,NA,0.735,3.06,123.91,140.01,-27.7,76.24,0.0
Human Dominant_9,R1,2026-08-23T11:44:01.150369Z,behavior_monitor,8,1133,525,1169,560,881,566,50.65,254.88,287.94,system,NA,0.834,3.06,179.99,137.5,-90.0,81.0,0.0
Human Dominant_9,R1,2026-08-23T11:44:01.336822Z,shot_miss,8,1101,533,1149,553,896,566,51.34,207.75,252.75,human,NA,0.802,3.06,153.73,129.41,180.0,76.24,0.0
Human Dominant_9,R1,2026-08-23T11:44:01.656118Z,behavior_monitor,8,1050,559,1107,553,921,565,56.61,129.77,186.32,system,NA,0.696,3.06,153.73,129.41,180.0,76.24,0.0
Human Dominant_9,R1,2026-08-23T11:44:02.161952Z,behavior_monitor,8,973,603,1046,578,954,596,77.54,20.08,93.65,system,NA,0.206,3.06,96.02,140.01,130.46,105.88,90.0
Human Dominant_9,R1,2026-08-23T11:44:02.212969Z,shot_hit,8,970,616,1040,585,953,603,76.31,21.18,89.04,agent,NA,0.217,3.06,96.02,139.7,129.08,105.88,90.0
Human Dominant_9,R1,2026-08-23T11:44:02.213517Z,flight_spawn,9,772,-20,1040,585,953,603,662.61,649.5,89.04,system,NA,0.495,3.41,54.06,139.7,129.08,105.88,90.0
Human Dominant_9,R1,2026-08-23T11:44:02.314772Z,conflict,9,782,-3,1033,597,953,603,651.2,630.74,79.66,system,NA,0.492,3.41,29.95,139.75,121.95,0.0,125.75
Human Dominant_9,R1,2026-08-23T11:44:05.528189Z,shot_hit,9,934,563,1163,682,917,565,258.65,16.57,272.26,agent,NA,0.06,3.41,89.02,134.72,73.85,76.24,180.0
Human Dominant_9,R1,2026-08-23T11:44:05.529311Z,flight_spawn,10,1040,-20,1163,682,917,565,712.95,598.6,272.26,system,NA,0.456,2.83,45.0,134.72,73.85,76.24,180.0
Human Dominant_9,R1,2026-08-23T11:44:08.824078Z,human_signal,10,1403,222,1122,790,1134,565,633.75,435.83,225.5,human,your_turn,0.407,2.13,160.44,129.41,180.0,76.24,0.0
Human Dominant_9,R1,2026-08-23T11:44:08.825110Z,behavior_monitor,10,1403,222,1122,790,1134,565,633.75,435.83,225.5,system,NA,0.407,2.13,160.44,129.41,180.0,55.44,-31.3
Human Dominant_9,R1,2026-08-23T11:44:08.825497Z,human_signal,10,1402,223,1120,790,1134,565,633.26,434.12,225.63,human,your_turn,0.407,2.13,160.44,129.41,180.0,55.44,-31.3
Human Dominant_9,R1,2026-08-23T11:44:09.330297Z,behavior_monitor,10,1339,226,1056,790,1178,565,630.82,374.77,256.26,system,NA,0.373,2.13,177.28,129.41,180.0,87.67,0.0
Human Dominant_9,R1,2026-08-23T11:44:09.838425Z,behavior_monitor,10,1284,255,990,790,1222,565,610.08,315.78,323.52,system,NA,0.341,2.13,125.9,137.5,180.0,93.15,0.0
Human Dominant_9,R1,2026-08-23T11:44:10.342734Z,behavior_monitor,10,1253,309,924,790,1237,565,582.75,256.66,385.83,system,NA,0.306,2.13,128.69,129.41,180.0,87.67,180.0
Human Dominant_9,R1,2026-08-23T11:44:10.851181Z,behavior_monitor,10,1241,363,858,790,1218,565,573.2,202.84,424.73,system,NA,0.261,2.13,37.42,129.41,180.0,87.67,0.0
Human Dominant_9,R1,2026-08-23T11:44:11.360310Z,behavior_monitor,10,1292,402,792,790,1261,565,633.0,166.03,520.45,system,NA,0.208,2.13,37.42,137.5,180.0,93.15,0.0
Human Dominant_9,R1,2026-08-23T11:44:11.867560Z,behavior_monitor,10,1348,428,726,778,1307,565,713.47,143.11,618.58,system,NA,0.167,2.13,16.25,137.41,-158.41,87.67,0.0
Human Dominant_9,R1,2026-08-23T11:44:12.376755Z,behavior_monitor,10,1407,449,663,746,1351,565,801.07,128.3,711.7,system,NA,0.138,2.13,42.5,137.92,-146.9,87.67,0.0
Human Dominant_9,R1,2026-08-23T11:44:12.886473Z,behavior_monitor,10,1450,495,605,706,1396,564,870.5,87.6,803.56,system,NA,0.091,1.48,141.14,139.3,-144.29,87.67,0.0
Human Dominant_9,R1,2026-08-23T11:44:13.346453Z,shot_miss,10,1411,510,554,664,1396,565,870.75,56.49,847.77,agent,NA,0.061,1.48,168.22,147.38,-136.81,93.15,180.0
Human Dominant_9,R1,2026-08-23T11:44:13.397068Z,behavior_monitor,10,1408,511,551,661,1393,565,870.63,55.95,847.81,system,NA,0.06,1.48,168.22,138.79,-136.11,87.67,180.0
Human Dominant_9,R1,2026-08-23T11:44:13.533058Z,shot_miss,10,1395,514,536,646,1380,565,870.02,53.53,847.93,agent,NA,0.058,1.48,168.4,138.02,-134.48,87.67,180.0
Human Dominant_9,R1,2026-08-23T11:44:13.837144Z,shot_miss,10,1366,519,508,615,1353,565,863.91,47.56,846.45,agent,NA,0.052,1.48,151.25,136.74,-130.53,87.67,180.0
Human Dominant_9,R1,2026-08-23T11:44:15.546580Z,shot_hit,10,1222,551,359,450,1209,564,869.2,18.02,857.91,agent,NA,0.02,1.48,168.85,129.41,180.0,87.67,180.0
Human Dominant_9,R1,2026-08-23T11:44:15.547762Z,flight_spawn,11,515,-20,359,450,1209,564,495.25,907.53,857.91,system,NA,0.647,3.54,55.63,129.41,180.0,87.67,180.0
Human Dominant_9,R1,2026-08-23T11:44:18.991412Z,shot_hit,11,613,617,634,623,968,592,22.15,356.43,335.97,human,NA,0.941,3.54,120.38,141.34,-33.35,130.47,125.75
Human Dominant_9,R1,2026-08-23T11:44:18.993893Z,flight_spawn,12,659,-20,634,623,968,592,644.4,686.27,335.97,system,NA,0.516,2.83,135.0,141.34,-33.35,130.47,125.75
Human Dominant_9,R1,2026-08-23T11:44:22.137668Z,shot_hit,12,582,478,585,464,753,565,14.46,191.99,195.96,human,NA,0.93,2.83,81.91,141.54,-33.28,76.24,180.0
Human Dominant_9,R1,2026-08-23T11:44:22.138690Z,flight_spawn,13,138,-20,585,464,753,565,658.84,848.67,195.96,system,NA,0.563,3.35,126.7,141.54,-33.28,76.24,180.0
Human Dominant_9,R1,2026-08-23T11:44:23.016432Z,human_signal,13,35,82,598,447,709,565,671.2,829.62,162.26,human,i_can,0.553,2.38,42.25,136.9,159.71,76.24,180.0
Human Dominant_9,R1,2026-08-23T11:44:23.032481Z,behavior_monitor,13,35,82,598,447,708,565,671.2,828.56,161.38,system,NA,0.552,2.38,42.25,137.08,159.35,76.24,180.0
Human Dominant_9,R1,2026-08-23T11:44:23.537688Z,behavior_monitor,13,78,136,532,469,669,566,562.98,730.61,167.65,system,NA,0.565,2.38,70.54,134.32,164.46,76.24,180.0
Human Dominant_9,R1,2026-08-23T11:44:24.044564Z,behavior_monitor,13,104,203,466,470,630,566,449.94,639.02,189.86,system,NA,0.587,2.38,70.54,129.41,180.0,67.58,163.21
Human Dominant_9,R1,2026-08-23T11:44:24.552905Z,behavior_monitor,13,156,243,400,476,591,566,337.73,542.12,211.24,system,NA,0.616,2.38,18.73,137.5,180.0,81.0,180.0
Human Dominant_9,R1,2026-08-23T11:44:25.062216Z,behavior_monitor,13,229,265,336,465,552,566,226.83,441.71,239.12,system,NA,0.661,2.38,6.78,137.96,-145.94,76.24,180.0
Human Dominant_9,R1,2026-08-23T11:44:25.570984Z,behavior_monitor,13,300,276,335,408,514,565,137.26,360.09,238.12,system,NA,0.724,2.38,7.54,133.48,-39.63,76.24,180.0
Human Dominant_9,R1,2026-08-23T11:44:26.080273Z,behavior_monitor,13,367,292,394,372,474,566,84.81,294.25,209.58,system,NA,0.776,2.38,3.72,134.84,-16.32,76.24,180.0
Human Dominant_9,R1,2026-08-23T11:44:26.590279Z,behavior_monitor,13,441,310,460,371,435,566,63.55,255.91,196.83,system,NA,0.801,2.38,20.23,129.41,0.0,76.24,180.0
Human Dominant_9,R1,2026-08-23T11:44:27.095605Z,behavior_monitor,13,510,327,526,371,463,566,46.97,243.73,205.14,system,NA,0.838,2.38,0.17,129.41,0.0,96.72,-9.66
Human Dominant_9,R1,2026-08-23T11:44:27.604128Z,behavior_monitor,13,576,354,592,371,501,566,23.35,224.46,215.08,system,NA,0.906,2.38,52.9,129.41,0.0,76.24,0.0
Human Dominant_9,R1,2026-08-23T11:44:27.739059Z,shot_hit,13,588,369,610,371,512,566,22.45,210.58,218.24,human,NA,0.904,2.38,52.9,129.41,0.0,76.24,0.0
Human Dominant_9,R1,2026-08-23T11:44:27.739800Z,flight_spawn,14,1339,-20,610,371,512,566,827.27,1013.8,218.24,system,NA,0.551,3.12,50.06,129.41,0.0,76.24,0.0
Human Dominant_9,R1,2026-08-23T11:44:29.247574Z,human_signal,14,1401,174,802,428,603,566,650.49,888.81,241.96,human,i_can,0.577,2.6,119.75,129.68,33.06,72.0,0.0
Human Dominant_9,R1,2026-08-23T11:44:29.264602Z,behavior_monitor,14,1401,174,802,428,604,566,650.49,887.64,240.89,system,NA,0.577,2.6,119.75,137.13,33.16,76.24,0.0
Human Dominant_9,R1,2026-08-23T11:44:29.771977Z,behavior_monitor,14,1364,242,860,467,643,567,552.0,790.76,238.77,system,NA,0.589,2.6,119.75,136.93,33.41,76.24,0.0
Human Dominant_9,R1,2026-08-23T11:44:30.277449Z,behavior_monitor,14,1328,310,918,505,682,567,454.33,695.41,243.97,system,NA,0.605,2.6,119.75,145.49,33.41,81.0,0.0
Human Dominant_9,R1,2026-08-23T11:44:30.788442Z,behavior_monitor,14,1286,377,977,544,721,567,350.85,595.31,256.55,system,NA,0.629,2.6,119.75,136.93,33.41,76.24,0.0
Human Dominant_9,R1,2026-08-23T11:44:31.295787Z,behavior_monitor,14,1274,454,1039,570,760,565,262.11,525.54,278.63,system,NA,0.667,2.6,94.56,129.41,0.0,76.24,0.0
Human Dominant_9,R1,2026-08-23T11:44:31.802077Z,behavior_monitor,14,1252,525,1103,583,800,565,159.92,454.25,303.7,system,NA,0.74,2.6,119.34,135.38,32.15,76.24,0.0
Human Dominant_9,R1,2026-08-23T11:44:32.311249Z,behavior_monitor,14,1213,593,1160,621,838,582,59.37,374.56,324.44,system,NA,0.863,2.6,119.34,135.8,34.44,130.47,54.25
Human Dominant_9,R1,2026-08-23T11:44:32.413140Z,shot_miss,14,1205,607,1172,629,846,593,39.9,359.28,327.95,human,NA,0.9,2.6,119.34,135.8,34.44,130.47,54.25
Human Dominant_9,R1,2026-08-23T11:44:32.802226Z,shot_miss,14,1181,659,1216,659,876,635,34.9,305.93,340.75,human,NA,0.898,2.6,119.34,135.8,34.44,130.47,54.25
Human Dominant_9,R1,2026-08-23T11:44:32.819057Z,behavior_monitor,14,1179,661,1217,661,877,636,38.63,302.84,341.3,system,NA,0.887,2.6,119.34,136.16,35.61,130.47,54.25
Human Dominant_9,R1,2026-08-23T11:44:33.328934Z,behavior_monitor,14,1177,733,1190,713,916,690,24.67,263.98,274.62,system,NA,0.915,2.6,69.82,141.24,145.81,130.47,54.25
Human Dominant_9,R1,2026-08-23T11:44:33.413749Z,shot_hit,14,1181,746,1181,720,923,699,25.5,262.67,258.7,human,NA,0.912,2.6,69.82,142.39,144.33,130.47,54.25
Human Dominant_9,R1,2026-08-23T11:44:33.414297Z,flight_spawn,15,1399,-20,1181,720,923,699,772.04,863.02,258.7,system,NA,0.528,3.31,127.14,142.39,144.33,130.47,54.25
Human Dominant_9,R1,2026-08-23T11:44:35.262777Z,human_signal,15,1344,285,1098,799,1042,566,569.75,412.38,239.49,human,your_turn,0.42,3.31,42.52,138.79,152.07,76.24,0.0
Human Dominant_9,R1,2026-08-23T11:44:35.263453Z,behavior_monitor,15,1344,285,1098,799,1042,566,569.75,412.38,239.49,system,NA,0.42,3.31,42.52,139.09,150.49,76.24,0.0
Human Dominant_9,R1,2026-08-23T11:44:35.263814Z,human_signal,15,1346,287,1096,800,1042,566,570.78,412.66,240.19,human,your_turn,0.42,3.31,42.52,139.09,150.49,76.24,0.0
Human Dominant_9,R1,2026-08-23T11:44:35.771526Z,behavior_monitor,15,1402,362,1036,829,1087,566,593.13,375.2,267.35,system,NA,0.387,3.31,93.14,129.41,180.0,87.67,0.0
Human Dominant_9,R1,2026-08-23T11:44:36.279665Z,behavior_monitor,15,1345,429,970,829,1132,566,548.54,253.67,308.62,system,NA,0.316,3.31,147.54,129.41,180.0,87.67,0.0
Human Dominant_9,R1,2026-08-23T11:44:36.786253Z,behavior_monitor,15,1264,480,904,829,1177,566,501.38,122.42,378.96,system,NA,0.196,3.31,176.53,129.41,180.0,87.67,0.0
Human Dominant_9,R1,2026-08-23T11:44:37.227306Z,shot_hit,15,1198,538,844,829,1187,566,458.16,30.59,431.81,agent,NA,0.063,3.31,127.27,129.41,180.0,87.67,180.0
Human Dominant_9,R1,2026-08-23T11:44:37.228278Z,flight_spawn,16,952,-20,844,829,1187,566,856.12,632.11,431.81,system,NA,0.425,3.28,52.48,129.41,180.0,87.67,180.0
Human Dominant_9,R1,2026-08-23T11:44:38.681019Z,human_signal,16,1127,166,746,722,1107,566,674.07,401.27,392.9,human,your_turn,0.373,3.28,86.55,138.57,-56.71,0.0,180.0
Human Dominant_9,R1,2026-08-23T11:44:38.681666Z,behavior_monitor,16,1127,166,746,722,1107,566,674.07,401.27,392.9,system,NA,0.373,3.28,86.55,139.06,-53.58,0.0,180.0
Human Dominant_9,R1,2026-08-23T11:44:38.682242Z,human_signal,16,1128,169,747,720,1107,566,669.56,398.04,390.79,human,your_turn,0.373,3.28,86.55,139.06,-53.58,0.0,180.0
Human Dominant_9,R1,2026-08-23T11:44:39.184506Z,behavior_monitor,16,1171,250,744,668,1139,565,597.86,316.63,408.25,system,NA,0.346,3.28,62.87,134.15,-146.01,87.67,0.0
Human Dominant_9,R1,2026-08-23T11:44:39.692255Z,behavior_monitor,16,1223,331,683,639,1184,565,621.18,236.79,506.42,system,NA,0.276,3.28,59.39,134.19,-158.39,87.67,0.0
Human Dominant_9,R1,2026-08-23T11:44:40.198947Z,behavior_monitor,16,1276,416,620,635,1230,565,691.62,155.55,613.98,system,NA,0.184,3.28,59.39,133.4,115.84,110.23,1.8
Human Dominant_9,R1,2026-08-23T11:44:40.708364Z,behavior_monitor,16,1332,493,665,659,1274,565,687.26,92.41,615.8,system,NA,0.119,3.28,58.69,129.41,0.0,82.37,17.96
Human Dominant_9,R1,2026-08-23T11:44:41.214631Z,behavior_monitor,16,1407,554,731,636,1319,565,680.24,87.94,592.31,system,NA,0.114,3.28,7.59,137.78,-20.08,87.67,0.0
Human Dominant_9,R1,2026-08-23T11:44:41.724601Z,behavior_monitor,16,1419,564,796,638,1364,565,626.99,55.05,572.21,system,NA,0.081,1.97,174.37,139.48,37.22,87.67,0.0
Human Dominant_9,R1,2026-08-23T11:44:41.943358Z,shot_hit,16,1391,567,799,666,1375,566,600.37,16.19,584.65,agent,NA,0.026,1.97,174.37,148.77,120.66,20.56,138.18
Human Dominant_9,R1,2026-08-23T11:44:41.943912Z,flight_spawn,17,904,-20,799,666,1375,566,694.83,752.41,584.65,system,NA,0.52,3.29,127.42,148.77,120.66,20.56,138.18
Human Dominant_9,R1,2026-08-23T11:44:43.858435Z,human_signal,17,618,210,657,540,1253,566,332.28,728.14,596.84,human,i_can,0.687,3.29,157.52,130.51,-125.01,51.04,154.28
Human Dominant_9,R1,2026-08-23T11:44:43.875423Z,behavior_monitor,17,618,210,657,540,1252,566,332.28,727.01,595.55,system,NA,0.686,3.29,157.52,138.34,-126.22,76.24,180.0
Human Dominant_9,R1,2026-08-23T11:44:44.383367Z,behavior_monitor,17,529,247,599,513,1213,566,274.71,754.7,616.26,system,NA,0.733,3.29,157.52,137.5,180.0,81.0,180.0
Human Dominant_9,R1,2026-08-23T11:44:44.890800Z,behavior_monitor,17,442,292,533,513,1174,566,239.35,782.02,643.27,system,NA,0.766,3.29,158.59,129.41,180.0,76.24,180.0
Human Dominant_9,R1,2026-08-23T11:44:45.401660Z,behavior_monitor,17,350,324,467,521,1157,566,229.65,842.49,691.01,system,NA,0.786,3.29,143.56,136.25,154.85,0.0,180.0
Human Dominant_9,R1,2026-08-23T11:44:45.914097Z,behavior_monitor,17,283,398,406,555,1126,566,199.63,859.61,719.88,system,NA,0.812,3.29,124.38,136.28,155.69,76.24,180.0
Human Dominant_9,R1,2026-08-23T11:44:46.420558Z,behavior_monitor,17,225,480,343,584,1087,566,157.87,866.49,744.04,system,NA,0.846,3.29,124.38,129.38,150.92,72.0,180.0
Human Dominant_9,R1,2026-08-23T11:44:46.930078Z,behavior_monitor,17,159,551,285,624,1048,566,145.53,888.97,765.05,system,NA,0.859,3.29,144.63,137.56,139.78,76.24,180.0
Human Dominant_9,R1,2026-08-23T11:44:47.438677Z,behavior_monitor,17,98,624,235,673,1008,601,145.74,910.4,776.3,system,NA,0.862,3.29,121.66,138.49,135.46,130.47,125.75
Human Dominant_9,R1,2026-08-23T11:44:47.948222Z,behavior_monitor,17,86,719,186,723,970,654,99.9,886.7,787.55,system,NA,0.899,3.29,94.08,137.86,130.54,130.47,125.75
Human Dominant_9,R1,2026-08-23T11:44:48.459074Z,behavior_monitor,17,78,812,144,779,931,708,73.96,859.26,789.89,system,NA,0.921,3.29,152.5,125.48,109.07,130.47,125.75
Human Dominant_9,R1,2026-08-23T11:44:49.355097Z,shot_miss,17,20,913,78,875,862,803,69.23,849.2,787.54,human,NA,0.925,2.31,109.58,151.51,145.11,138.63,125.75
Human Dominant_9,R1,2026-08-23T11:44:49.643754Z,flight_missed,17,24,953,45,904,838,836,53.06,821.97,796.26,system,NA,0.939,2.23,77.95,142.25,136.85,130.47,125.75
Human Dominant_9,R1,2026-08-23T11:44:49.644378Z,flight_spawn,18,530,-20,45,904,838,836,1043.79,910.24,796.26,system,NA,0.466,3.29,127.5,142.25,136.85,130.47,125.75
Human Dominant_9,R1,2026-08-23T11:44:53.250500Z,shot_hit,18,588,608,405,761,580,591,239.02,18.81,244.7,agent,NA,0.073,3.29,56.28,129.41,0.0,130.47,125.75
Human Dominant_9,R1,2026-08-23T11:44:53.252108Z,flight_spawn,19,663,-20,405,761,580,591,823.19,616.62,244.7,system,NA,0.428,2.83,135.0,129.41,0.0,130.47,125.75
Human Dominant_9,R1,2026-08-23T11:44:55.869342Z,human_signal,19,322,245,637,788,440,565,627.48,340.97,297.27,human,your_turn,0.352,2.83,145.28,129.41,0.0,76.24,180.0
Human Dominant_9,R1,2026-08-23T11:44:55.870008Z,behavior_monitor,19,322,245,637,788,440,565,627.48,340.97,297.27,system,NA,0.352,2.83,145.28,137.5,0.0,81.0,180.0
Human Dominant_9,R1,2026-08-23T11:44:55.870546Z,human_signal,19,319,247,639,788,440,565,628.4,340.29,298.73,human,your_turn,0.351,2.83,145.28,137.5,0.0,81.0,180.0
Human Dominant_9,R1,2026-08-23T11:44:56.375965Z,behavior_monitor,19,263,307,703,788,395,565,651.71,289.76,379.95,system,NA,0.308,2.83,115.67,137.5,0.0,93.15,180.0
Human Dominant_9,R1,2026-08-23T11:44:56.886197Z,behavior_monitor,19,247,388,769,788,351,565,657.38,205.12,473.71,system,NA,0.238,2.83,88.12,129.41,0.0,87.67,180.0
Human Dominant_9,R1,2026-08-23T11:44:57.389455Z,behavior_monitor,19,256,468,821,762,306,565,636.95,108.7,551.7,system,NA,0.146,2.83,61.74,0.0,-90.0,87.67,180.0
Human Dominant_9,R1,2026-08-23T11:44:57.899146Z,behavior_monitor,19,259,552,821,762,260,565,600.43,12.61,594.59,system,NA,0.021,2.83,90.86,0.0,-90.0,87.67,180.0
Human Dominant_9,R1,2026-08-23T11:44:57.915410Z,shot_hit,19,258,558,821,762,257,565,599.42,6.57,597.76,agent,NA,0.011,2.83,90.86,0.0,-90.0,105.39,-170.3
Human Dominant_9,R1,2026-08-23T11:44:57.915783Z,flight_spawn,20,798,-20,821,762,257,565,782.91,796.87,597.76,system,NA,0.504,2.84,134.67,0.0,-90.0,105.39,-170.3
Human Dominant_9,R1,2026-08-23T11:45:03.328491Z,shot_hit,20,605,686,697,758,597,669,116.45,18.61,133.49,agent,NA,0.138,2.84,147.08,138.49,114.71,130.47,125.75
Human Dominant_9,R2,2026-08-23T11:45:10.295863Z,flight_spawn,1,127,-20,697,758,597,669,964.57,834.69,133.49,system,NA,0.464,3.32,52.95,0.0,114.71,0.0,125.75
Human Dominant_9,R2,2026-08-23T11:45:14.081339Z,human_signal,1,173,123,1127,754,327,697,1143.25,594.44,801.48,human,your_turn,0.342,3.32,76.4,0.0,0.0,130.47,-125.75
Human Dominant_9,R2,2026-08-23T11:45:14.081967Z,behavior_monitor,1,173,123,1127,754,327,697,1143.25,594.44,801.48,system,NA,0.342,3.32,76.4,0.0,0.0,131.41,-119.18
Human Dominant_9,R2,2026-08-23T11:45:14.082465Z,human_signal,1,173,126,1127,754,327,697,1141.06,591.2,801.48,human,your_turn,0.341,3.32,76.4,0.0,0.0,131.41,-119.18
Human Dominant_9,R2,2026-08-23T11:45:14.590396Z,behavior_monitor,1,234,187,1127,754,282,635,1056.68,450.44,852.4,system,NA,0.299,3.32,22.92,0.0,0.0,150.04,-125.75
Human Dominant_9,R2,2026-08-23T11:45:15.098753Z,behavior_monitor,1,312,247,1127,754,281,573,958.73,327.45,864.61,system,NA,0.255,3.32,44.82,0.0,0.0,150.04,-54.25
Human Dominant_9,R2,2026-08-23T11:45:15.606688Z,behavior_monitor,1,384,310,1075,717,327,566,801.7,262.44,763.34,system,NA,0.247,3.32,67.21,137.85,-144.03,87.67,0.0
Human Dominant_9,R2,2026-08-23T11:45:16.115706Z,behavior_monitor,1,412,404,1018,676,371,566,663.79,167.49,655.84,system,NA,0.201,3.32,66.86,137.71,-144.35,87.67,0.0
Human Dominant_9,R2,2026-08-23T11:45:16.624157Z,behavior_monitor,1,491,450,970,647,416,566,517.76,137.81,559.18,system,NA,0.21,3.32,7.56,45.99,180.0,87.67,0.0
Human Dominant_9,R2,2026-08-23T11:45:17.128823Z,behavior_monitor,1,589,464,965,647,461,566,418.21,163.65,510.26,system,NA,0.281,3.32,0.67,0.0,180.0,87.67,0.0
Human Dominant_9,R2,2026-08-23T11:45:17.633295Z,behavior_monitor,1,661,517,965,647,506,566,330.19,162.45,465.85,system,NA,0.33,3.32,72.6,0.0,180.0,87.67,0.0
Human Dominant_9,R2,2026-08-23T11:45:18.140242Z,behavior_monitor,1,685,612,914,681,551,595,239.83,135.02,373.7,system,NA,0.36,3.32,65.46,138.92,132.45,150.04,54.25
Human Dominant_9,R2,2026-08-23T11:45:18.649440Z,behavior_monitor,1,724,703,867,734,595,657,146.02,136.47,281.93,system,NA,0.483,3.32,65.46,141.97,134.25,150.04,54.25
Human Dominant_9,R2,2026-08-23T11:45:19.207570Z,shot_miss,1,779,798,811,791,645,725,32.63,153.09,178.71,human,NA,0.824,3.32,37.52,142.11,134.41,150.04,54.25
Human Dominant_9,R2,2026-08-23T11:45:19.664594Z,shot_miss,1,841,865,809,831,685,781,46.41,176.61,133.68,human,NA,0.792,3.32,43.15,134.45,15.75,150.04,54.25
Human Dominant_9,R2,2026-08-23T11:45:20.035297Z,shot_miss,1,888,919,852,853,719,828,75.31,192.7,135.48,human,NA,0.719,3.32,46.9,131.92,43.54,150.04,54.25
Human Dominant_9,R2,2026-08-23T11:45:20.254283Z,flight_missed,1,920,953,873,876,739,856,90.34,205.27,135.91,system,NA,0.694,3.32,46.9,129.9,48.27,150.04,54.25
Human Dominant_9,R2,2026-08-23T11:45:20.254957Z,flight_spawn,2,630,-20,873,876,739,856,928.77,883.67,135.91,system,NA,0.488,2.83,135.0,129.9,48.27,150.04,54.25
Human Dominant_9,R2,2026-08-23T11:45:23.860945Z,human_signal,2,147,301,845,818,497,566,868.22,438.84,429.43,human,your_turn,0.336,2.83,118.68,0.0,180.0,76.24,180.0
Human Dominant_9,R2,2026-08-23T11:45:23.861708Z,behavior_monitor,2,147,301,845,818,497,566,868.22,438.84,429.43,system,NA,0.336,2.83,118.68,0.0,180.0,76.24,180.0
Human Dominant_9,R2,2026-08-23T11:45:23.862128Z,human_signal,2,145,304,845,818,497,566,868.34,438.93,429.43,human,your_turn,0.336,2.83,118.68,0.0,180.0,76.24,180.0
Human Dominant_9,R2,2026-08-23T11:45:24.368490Z,behavior_monitor,2,107,375,845,818,453,567,861.03,395.81,465.66,system,NA,0.315,2.83,123.46,0.0,180.0,87.67,180.0
Human Dominant_9,R2,2026-08-23T11:45:24.876475Z,behavior_monitor,2,100,444,845,818,408,567,833.51,331.47,504.08,system,NA,0.285,2.83,25.96,0.0,180.0,87.67,180.0
Human Dominant_9,R2,2026-08-23T11:45:25.385059Z,behavior_monitor,2,154,502,845,818,364,565,760.26,219.12,543.94,system,NA,0.224,2.83,46.62,0.0,180.0,87.67,180.0
Human Dominant_9,R2,2026-08-23T11:45:25.892863Z,behavior_monitor,2,191,575,845,818,319,570,697.95,128.3,581.77,system,NA,0.155,2.83,72.61,0.0,180.0,150.04,125.75
Human Dominant_9,R2,2026-08-23T11:45:26.401548Z,behavior_monitor,2,230,647,818,853,274,632,623.19,46.24,587.73,system,NA,0.069,2.83,51.11,141.56,130.48,150.04,125.75
Human Dominant_9,R2,2026-08-23T11:45:26.485100Z,shot_hit,2,241,660,809,864,265,644,602.95,28.69,586.41,agent,NA,0.045,2.83,51.11,143.02,132.38,150.04,125.75
Human Dominant_9,R2,2026-08-23T11:45:26.485755Z,flight_spawn,3,1177,-20,809,864,265,644,958.16,1128.84,586.41,system,NA,0.541,3.14,50.44,143.02,132.38,150.04,125.75
Human Dominant_9,R2,2026-08-23T11:45:31.570099Z,human_signal,3,1170,418,1158,437,589,564,22.82,599.15,582.48,human,i_can,0.963,2.12,85.87,140.79,-55.73,76.24,0.0
Human Dominant_9,R2,2026-08-23T11:45:31.586910Z,behavior_monitor,3,1170,418,1158,437,590,564,22.82,597.89,581.21,system,NA,0.963,2.12,85.87,140.63,-55.69,76.24,0.0
Human Dominant_9,R2,2026-08-23T11:45:31.688028Z,shot_hit,3,1171,431,1166,425,598,564,7.34,587.67,584.22,human,NA,0.988,2.12,65.11,140.63,-55.69,76.24,0.0
Human Dominant_9,R2,2026-08-23T11:45:31.688548Z,flight_spawn,4,526,-20,1166,425,598,564,779.54,589.36,584.22,system,NA,0.431,2.9,133.66,140.63,-55.69,76.24,0.0
Human Dominant_9,R2,2026-08-23T11:45:32.892918Z,human_signal,4,376,114,1165,459,541,564,861.38,480.1,632.74,human,your_turn,0.358,2.9,136.66,142.48,136.77,76.24,180.0
Human Dominant_9,R2,2026-08-23T11:45:32.893638Z,behavior_monitor,4,376,114,1165,459,541,564,861.38,480.1,632.74,system,NA,0.358,2.9,136.66,142.48,136.77,76.24,180.0
Human Dominant_9,R2,2026-08-23T11:45:32.894022Z,human_signal,4,374,116,1163,461,541,564,861.39,478.85,630.81,human,your_turn,0.357,2.9,136.66,142.48,136.77,76.24,180.0
Human Dominant_9,R2,2026-08-23T11:45:33.401127Z,behavior_monitor,4,299,149,1130,520,496,564,909.6,459.35,635.17,system,NA,0.336,2.9,159.32,122.22,90.0,82.8,180.0
Human Dominant_9,R2,2026-08-23T11:45:33.908565Z,behavior_monitor,4,218,172,1090,577,451,564,961.66,456.42,638.34,system,NA,0.322,2.9,174.97,142.96,135.6,87.67,180.0
Human Dominant_9,R2,2026-08-23T11:45:34.415871Z,behavior_monitor,4,182,227,1037,628,407,564,944.09,404.9,633.41,system,NA,0.3,2.9,79.67,152.14,136.5,93.15,180.0
Human Dominant_9,R2,2026-08-23T11:45:34.927697Z,behavior_monitor,4,157,308,988,682,362,564,911.96,327.77,637.83,system,NA,0.264,2.9,128.44,142.27,130.35,87.67,180.0
Human Dominant_9,R2,2026-08-23T11:45:35.438779Z,behavior_monitor,4,101,376,940,736,317,563,912.48,286.02,645.95,system,NA,0.239,2.9,128.44,143.22,135.29,87.67,180.0
Human Dominant_9,R2,2026-08-23T11:45:35.947421Z,behavior_monitor,4,32,418,886,786,272,563,929.11,280.66,652.26,system,NA,0.232,2.9,178.26,144.89,138.9,87.67,180.0
Human Dominant_9,R2,2026-08-23T11:45:36.457308Z,behavior_monitor,4,64,432,829,832,227,564,863.48,210.21,658.63,system,NA,0.196,1.74,24.14,140.5,147.25,87.67,180.0
Human Dominant_9,R2,2026-08-23T11:45:36.962813Z,behavior_monitor,4,113,457,764,836,183,564,752.95,128.07,641.19,system,NA,0.145,1.74,2.59,138.92,-158.1,87.67,180.0
Human Dominant_9,R2,2026-08-23T11:45:37.471188Z,behavior_monitor,4,164,467,745,785,143,565,662.32,100.16,640.33,system,NA,0.131,1.74,2.92,139.76,-55.86,0.0,67.98
Human Dominant_9,R2,2026-08-23T11:45:38.316001Z,shot_miss,4,205,529,829,699,182,565,647.14,43.28,661.09,agent,NA,0.063,1.74,99.27,148.98,-42.59,0.0,0.0
Human Dominant_9,R2,2026-08-23T11:45:38.536033Z,shot_hit,4,203,551,852,678,182,565,661.68,25.4,679.78,agent,NA,0.037,1.74,99.27,140.76,-42.17,0.0,0.0
Human Dominant_9,R2,2026-08-23T11:45:38.536707Z,flight_spawn,5,1075,-20,852,678,182,565,733.21,1067.9,679.78,system,NA,0.593,2.99,48.04,140.76,-42.17,0.0,0.0
Human Dominant_9,R2,2026-08-23T11:45:39.827155Z,human_signal,5,1214,159,984,591,253,566,488.89,1043.62,732.36,human,i_can,0.681,2.99,51.76,137.5,0.0,81.0,0.0
Human Dominant_9,R2,2026-08-23T11:45:39.842815Z,behavior_monitor,5,1214,159,984,591,254,566,488.89,1042.43,731.06,system,NA,0.681,2.99,51.76,137.5,0.0,81.0,0.0
Human Dominant_9,R2,2026-08-23T11:45:40.351272Z,behavior_monitor,5,1241,242,1050,591,293,566,397.57,1001.9,757.81,system,NA,0.716,2.99,76.61,129.41,0.0,76.24,0.0
Human Dominant_9,R2,2026-08-23T11:45:40.861113Z,behavior_monitor,5,1243,330,1116,576,332,566,276.71,941.49,784.5,system,NA,0.773,2.99,98.18,140.0,-24.14,76.24,0.0
Human Dominant_9,R2,2026-08-23T11:45:41.368906Z,behavior_monitor,5,1229,418,1172,532,371,566,127.91,870.65,801.39,system,NA,0.872,2.99,90.01,140.4,-64.5,76.24,0.0
Human Dominant_9,R2,2026-08-23T11:45:41.743668Z,shot_miss,5,1250,479,1203,491,400,566,48.4,854.45,806.54,human,NA,0.946,2.99,62.29,141.72,-38.98,76.24,0.0
Human Dominant_9,R2,2026-08-23T11:45:41.878789Z,behavior_monitor,5,1257,501,1221,489,411,566,37.96,848.55,813.91,system,NA,0.957,2.99,88.58,129.41,0.0,76.24,0.0
Human Dominant_9,R2,2026-08-23T11:45:42.031548Z,shot_miss,5,1258,528,1241,489,422,566,42.95,836.29,822.01,human,NA,0.951,2.99,88.58,129.41,0.0,76.24,0.0
Human Dominant_9,R2,2026-08-23T11:45:42.384941Z,behavior_monitor,5,1236,586,1256,525,449,576,63.71,786.55,807.62,system,NA,0.925,2.99,117.33,137.5,90.0,138.63,54.25
Human Dominant_9,R2,2026-08-23T11:45:42.892770Z,behavior_monitor,5,1236,674,1239,591,489,630,83.02,748.1,751.23,system,NA,0.9,2.99,87.36,129.41,90.0,154.37,47.81
Human Dominant_9,R2,2026-08-23T11:45:43.400453Z,behavior_monitor,5,1208,756,1239,657,527,684,103.38,684.65,712.49,system,NA,0.869,2.99,129.81,129.41,90.0,130.47,54.25
Human Dominant_9,R2,2026-08-23T11:45:43.907026Z,behavior_monitor,5,1137,803,1220,723,567,738,115.52,573.94,653.26,system,NA,0.832,2.99,135.64,148.61,124.18,130.47,54.25
Human Dominant_9,R2,2026-08-23T11:45:44.411138Z,behavior_monitor,5,1060,849,1170,780,606,792,129.45,457.92,564.13,system,NA,0.78,2.99,177.53,150.12,136.18,130.47,54.25
Human Dominant_9,R2,2026-08-23T11:45:45.175369Z,flight_missed,5,1067,954,1076,844,665,874,109.72,409.81,412.14,system,NA,0.789,2.99,54.3,143.38,153.2,130.47,54.25
Human Dominant_9,R2,2026-08-23T11:45:45.176398Z,flight_spawn,6,926,-20,1076,844,665,874,877.69,931.78,412.14,system,NA,0.515,2.83,135.0,143.38,153.2,130.47,54.25
Human Dominant_9,R2,2026-08-23T11:45:47.053018Z,human_signal,6,649,120,983,809,674,735,765.89,615.89,317.45,human,your_turn,0.446,2.83,143.02,0.0,-90.0,130.47,-125.75
Human Dominant_9,R2,2026-08-23T11:45:47.053633Z,behavior_monitor,6,649,120,983,809,674,735,765.89,615.89,317.45,system,NA,0.446,2.83,143.02,0.0,-90.0,138.63,-125.75
Human Dominant_9,R2,2026-08-23T11:45:47.054080Z,human_signal,6,646,121,983,809,674,735,765.56,614.31,317.45,human,your_turn,0.445,2.83,143.02,0.0,-90.0,138.63,-125.75
Human Dominant_9,R2,2026-08-23T11:45:47.561730Z,behavior_monitor,6,575,154,983,809,629,673,771.69,522.39,378.86,system,NA,0.404,2.83,149.02,0.0,-90.0,150.04,-125.75
Human Dominant_9,R2,2026-08-23T11:45:48.068977Z,behavior_monitor,6,510,206,944,789,584,611,726.94,411.78,401.93,system,NA,0.362,2.83,154.55,135.79,-147.32,150.04,-125.75
Human Dominant_9,R2,2026-08-23T11:45:48.578134Z,behavior_monitor,6,432,234,885,753,540,566,688.89,349.31,392.13,system,NA,0.336,2.83,176.9,136.22,-150.94,87.67,180.0
Human Dominant_9,R2,2026-08-23T11:45:49.088137Z,behavior_monitor,6,348,262,828,754,495,566,687.4,337.88,382.08,system,NA,0.33,2.83,174.82,96.04,90.0,87.67,180.0
Human Dominant_9,R2,2026-08-23T11:45:49.596475Z,behavior_monitor,6,272,294,842,779,451,565,748.02,324.57,445.49,system,NA,0.303,2.83,143.3,0.0,34.91,87.67,180.0
Human Dominant_9,R2,2026-08-23T11:45:50.107058Z,behavior_monitor,6,225,364,839,779,407,565,740.49,270.81,481.84,system,NA,0.268,2.83,119.65,48.79,180.0,87.67,180.0
Human Dominant_9,R2,2026-08-23T11:45:50.613348Z,behavior_monitor,6,181,438,779,798,362,565,698.4,221.11,478.09,system,NA,0.24,2.83,119.65,139.17,156.83,87.67,180.0
Human Dominant_9,R2,2026-08-23T11:45:51.123436Z,behavior_monitor,6,135,512,752,836,317,565,697.53,190.16,512.52,system,NA,0.214,2.83,119.65,118.74,124.43,87.67,180.0
Human Dominant_9,R2,2026-08-23T11:45:51.632081Z,behavior_monitor,6,75,571,732,868,273,568,720.35,197.39,548.71,system,NA,0.215,2.83,144.81,0.0,133.87,150.04,125.75
Human Dominant_9,R2,2026-08-23T11:45:52.922609Z,shot_hit,6,169,746,677,910,157,724,533.56,24.79,552.11,agent,NA,0.044,2.83,35.67,0.0,180.0,150.04,125.75
Human Dominant_9,R2,2026-08-23T11:45:52.923270Z,flight_spawn,7,600,-20,677,910,157,724,933.16,866.68,552.11,system,NA,0.482,3.55,55.69,0.0,180.0,150.04,125.75
Human Dominant_9,R2,2026-08-23T11:45:55.975251Z,human_signal,7,1163,246,964,800,369,566,588.62,855.55,639.82,human,i_can,0.592,3.55,15.06,129.41,0.0,76.24,0.0
Human Dominant_9,R2,2026-08-23T11:45:55.993035Z,behavior_monitor,7,1163,246,964,800,370,566,588.62,854.34,638.62,system,NA,0.592,3.55,15.06,129.41,0.0,76.24,0.0
Human Dominant_9,R2,2026-08-23T11:45:56.502138Z,behavior_monitor,7,1250,307,1030,796,409,566,536.0,879.81,662.57,system,NA,0.621,3.55,38.95,134.86,-16.34,76.24,0.0
Human Dominant_9,R2,2026-08-23T11:45:57.006983Z,behavior_monitor,7,1350,343,1096,772,448,565,498.93,929.69,680.83,system,NA,0.651,3.55,11.3,147.86,-21.58,81.0,0.0
Human Dominant_9,R2,2026-08-23T11:45:57.514547Z,behavior_monitor,7,1447,364,1162,744,487,565,475.56,981.35,698.36,system,NA,0.674,2.2,161.58,139.47,-23.87,76.24,0.0
Human Dominant_9,R2,2026-08-23T11:45:58.023691Z,behavior_monitor,7,1383,382,1212,696,526,565,357.75,876.34,698.83,system,NA,0.71,2.2,157.35,136.57,-64.69,76.24,0.0
Human Dominant_9,R2,2026-08-23T11:45:58.531433Z,behavior_monitor,7,1337,425,1217,677,565,565,278.91,784.31,661.47,system,NA,0.738,2.2,131.54,0.0,-90.0,76.24,0.0
Human Dominant_9,R2,2026-08-23T11:45:59.039217Z,behavior_monitor,7,1284,463,1213,670,604,565,218.97,688.21,617.96,system,NA,0.759,2.2,115.36,137.26,-130.21,81.0,0.0
Human Dominant_9,R2,2026-08-23T11:45:59.545262Z,behavior_monitor,7,1309,517,1227,613,642,565,126.89,668.63,586.38,system,NA,0.84,2.2,40.97,133.76,-41.47,72.0,0.0
Human Dominant_9,R2,2026-08-23T11:46:00.053459Z,behavior_monitor,7,1366,549,1290,606,681,565,95.08,685.29,610.22,system,NA,0.878,2.2,41.16,132.96,24.78,76.24,0.0
Human Dominant_9,R2,2026-08-23T11:46:00.562432Z,behavior_monitor,7,1380,608,1354,621,720,598,29.27,659.75,634.04,system,NA,0.958,2.2,67.56,132.67,28.08,130.47,54.25
Human Dominant_9,R2,2026-08-23T11:46:00.630120Z,shot_hit,7,1384,616,1362,626,725,606,24.41,659.15,637.02,human,NA,0.964,2.2,67.56,132.3,30.94,131.81,67.88
Human Dominant_9,R2,2026-08-23T11:46:00.630627Z,flight_spawn,8,818,-20,1362,626,725,606,844.1,633.17,637.02,system,NA,0.429,2.88,46.1,132.3,30.94,131.81,67.88
Human Dominant_9,R2,2026-08-23T11:46:03.850331Z,human_signal,8,1258,251,1322,588,892,566,342.97,482.88,431.16,human,i_can,0.585,2.88,48.87,137.68,-65.44,55.08,-24.71
Human Dominant_9,R2,2026-08-23T11:46:03.867224Z,behavior_monitor,8,1258,251,1322,588,893,566,342.97,481.9,429.86,system,NA,0.584,2.88,48.87,137.8,-65.18,76.24,0.0
Human Dominant_9,R2,2026-08-23T11:46:04.376053Z,behavior_monitor,8,1243,326,1335,527,932,566,220.33,392.63,404.8,system,NA,0.641,2.88,122.64,136.78,-139.66,76.24,0.0
Human Dominant_9,R2,2026-08-23T11:46:04.882467Z,behavior_monitor,8,1197,400,1270,524,971,567,143.19,281.06,302.01,system,NA,0.662,2.88,93.03,134.02,164.93,76.24,0.0
Human Dominant_9,R2,2026-08-23T11:46:05.391539Z,behavior_monitor,8,1193,486,1208,519,1009,566,36.36,200.9,204.73,system,NA,0.847,2.88,117.04,133.88,-129.96,76.24,0.0
Human Dominant_9,R2,2026-08-23T11:46:05.510226Z,shot_hit,8,1184,504,1198,507,1018,567,14.32,177.11,189.34,human,NA,0.925,2.88,117.04,135.1,-132.33,76.24,0.0
Human Dominant_9,R2,2026-08-23T11:46:05.510870Z,flight_spawn,9,334,-20,1198,507,1018,567,1011.91,901.37,189.34,system,NA,0.471,2.83,45.0,135.1,-132.33,76.24,0.0
Human Dominant_9,R2,2026-08-23T11:46:08.831032Z,human_signal,9,699,317,984,805,795,563,565.37,264.66,306.86,human,your_turn,0.319,2.83,91.07,146.52,113.35,81.0,180.0
Human Dominant_9,R2,2026-08-23T11:46:08.831779Z,behavior_monitor,9,699,317,984,805,795,563,565.37,264.66,306.86,system,NA,0.319,2.83,91.07,139.44,111.87,76.24,180.0
Human Dominant_9,R2,2026-08-23T11:46:08.832232Z,human_signal,9,700,320,983,807,795,563,564.04,261.76,308.07,human,your_turn,0.317,2.83,91.07,139.44,111.87,76.24,180.0
Human Dominant_9,R2,2026-08-23T11:46:09.337861Z,behavior_monitor,9,761,376,969,849,751,564,516.52,187.87,359.37,system,NA,0.267,2.83,41.9,0.0,90.0,87.67,180.0
Human Dominant_9,R2,2026-08-23T11:46:09.846895Z,behavior_monitor,9,829,416,975,849,785,564,456.58,153.93,342.55,system,NA,0.252,2.83,36.25,36.4,0.0,87.67,0.0
Human Dominant_9,R2,2026-08-23T11:46:10.355011Z,behavior_monitor,9,908,445,1028,845,830,564,417.51,141.48,344.31,system,NA,0.253,2.83,9.42,142.05,-14.55,93.15,0.0
Human Dominant_9,R2,2026-08-23T11:46:10.864196Z,behavior_monitor,9,989,461,1094,827,875,564,380.79,153.59,342.44,system,NA,0.287,2.83,10.96,127.53,-16.59,82.8,0.0
Human Dominant_9,R2,2026-08-23T11:46:11.374680Z,behavior_monitor,9,1055,505,1160,807,919,564,319.79,148.22,342.04,system,NA,0.317,2.83,41.05,134.93,-16.45,87.67,0.0
Human Dominant_9,R2,2026-08-23T11:46:11.883676Z,behavior_monitor,9,1116,561,1184,803,964,564,251.64,152.09,324.84,system,NA,0.377,2.83,41.05,0.0,0.0,87.67,0.0
Human Dominant_9,R2,2026-08-23T11:46:12.394575Z,behavior_monitor,9,1142,637,1199,803,1009,616,175.54,134.58,267.06,system,NA,0.434,2.83,86.63,129.41,0.0,150.04,54.25
Human Dominant_9,R2,2026-08-23T11:46:12.495915Z,human_signal,9,1140,656,1207,804,1018,628,162.39,125.35,258.31,human,i_can,0.436,2.83,111.58,0.0,14.33,150.04,54.25
Human Dominant_9,R2,2026-08-23T11:46:12.904602Z,behavior_monitor,9,1084,691,1168,781,1049,672,122.44,40.58,161.57,system,NA,0.249,2.83,106.64,129.41,180.0,130.47,54.25
Human Dominant_9,R2,2026-08-23T11:46:13.022930Z,shot_miss,9,1081,713,1153,790,1058,686,105.79,35.56,141.3,agent,NA,0.252,2.83,83.52,133.13,130.19,130.47,54.25
Human Dominant_9,R2,2026-08-23T11:46:13.326073Z,shot_miss,9,1088,764,1174,820,1065,718,103.08,51.29,149.52,agent,NA,0.332,2.83,83.52,135.99,28.9,130.47,54.25
Human Dominant_9,R2,2026-08-23T11:46:13.377989Z,human_signal,9,1088,770,1177,823,1065,722,103.96,53.26,151.39,human,your_turn,0.339,2.83,83.52,128.53,28.4,100.0,90.0
Human Dominant_9,R2,2026-08-23T11:46:13.379089Z,human_signal,9,1088,772,1177,825,1065,722,103.57,55.84,152.87,human,your_turn,0.35,2.83,83.52,132.82,67.43,105.88,90.0
Human Dominant_9,R2,2026-08-23T11:46:13.411377Z,behavior_monitor,9,1088,775,1177,827,1065,726,103.16,54.69,151.56,system,NA,0.346,2.83,83.52,129.41,90.0,121.76,90.0
Human Dominant_9,R2,2026-08-23T11:46:13.750751Z,shot_miss,9,1115,824,1139,853,1088,767,38.05,62.62,99.91,human,NA,0.622,2.83,29.96,129.58,154.77,141.71,54.25
Human Dominant_9,R2,2026-08-23T11:46:13.852950Z,conflict,9,1133,833,1124,856,1099,781,24.75,62.47,79.46,system,NA,0.716,2.83,29.96,129.41,180.0,150.04,54.25
Human Dominant_9,R2,2026-08-23T11:46:13.921095Z,behavior_monitor,9,1140,838,1124,856,1099,781,24.95,70.1,79.46,system,NA,0.737,2.83,29.96,0.0,-165.48,0.0,44.85
Human Dominant_9,R2,2026-08-23T11:46:14.432512Z,behavior_monitor,9,1213,882,1132,858,1101,789,84.49,144.97,74.94,system,NA,0.632,2.83,58.72,146.98,7.18,121.94,86.92
Human Dominant_9,R2,2026-08-23T11:46:14.856648Z,conflict,9,1273,921,1187,863,1110,843,103.7,180.33,79.0,system,NA,0.635,2.83,36.11,89.12,0.0,132.6,66.68
Human Dominant_9,R2,2026-08-23T11:46:14.941298Z,behavior_monitor,9,1283,927,1187,863,1110,843,115.47,191.97,79.0,system,NA,0.624,2.83,36.11,0.0,0.0,0.0,54.25
Human Dominant_9,R2,2026-08-23T11:46:15.367568Z,flight_missed,9,1345,971,1188,863,1112,845,190.24,264.47,78.03,system,NA,0.582,2.83,36.11,0.0,0.0,0.0,54.25
Human Dominant_9,R2,2026-08-23T11:46:15.368592Z,flight_spawn,10,611,-20,1188,863,1112,845,1055.04,1000.05,78.03,system,NA,0.487,2.83,45.0,0.0,0.0,0.0,54.25
Human Dominant_9,R2,2026-08-23T11:46:17.944329Z,human_signal,10,863,255,1259,621,967,645,539.78,404.43,292.76,human,your_turn,0.428,2.83,100.69,139.44,-61.05,130.47,-125.75
Human Dominant_9,R2,2026-08-23T11:46:17.946696Z,behavior_monitor,10,863,255,1259,621,967,645,539.78,404.43,292.76,system,NA,0.428,2.83,100.69,139.58,-60.53,130.47,-125.75
Human Dominant_9,R2,2026-08-23T11:46:17.947022Z,human_signal,10,862,257,1260,619,967,645,538.23,402.05,294.11,human,your_turn,0.428,2.83,100.69,139.58,-60.53,130.47,-125.75
Human Dominant_9,R2,2026-08-23T11:46:18.452768Z,behavior_monitor,10,876,337,1295,560,923,583,475.06,251.12,373.11,system,NA,0.346,2.83,73.65,140.0,-59.57,150.04,-125.75
Human Dominant_9,R2,2026-08-23T11:46:18.961794Z,behavior_monitor,10,908,409,1319,521,884,565,426.18,157.11,436.81,system,NA,0.269,2.83,11.18,0.0,-90.0,0.0,180.0
Human Dominant_9,R2,2026-08-23T11:46:19.468732Z,behavior_monitor,10,989,430,1319,521,929,565,342.88,147.45,391.97,system,NA,0.301,2.83,36.0,0.0,-90.0,87.67,0.0
Human Dominant_9,R2,2026-08-23T11:46:19.977599Z,behavior_monitor,10,1063,464,1319,521,974,565,262.38,134.0,347.58,system,NA,0.338,2.83,9.97,0.0,-90.0,87.67,0.0
Human Dominant_9,R2,2026-08-23T11:46:20.487729Z,behavior_monitor,10,1147,489,1313,566,1019,565,182.46,149.15,294.15,system,NA,0.45,2.83,19.32,129.41,90.0,87.67,0.0
Human Dominant_9,R2,2026-08-23T11:46:20.996222Z,behavior_monitor,10,1228,517,1319,631,1063,565,145.44,171.47,263.97,system,NA,0.541,2.83,19.32,101.14,121.51,87.67,0.0
Human Dominant_9,R2,2026-08-23T11:46:21.503259Z,behavior_monitor,10,1301,558,1320,627,1108,565,72.19,193.72,220.92,system,NA,0.729,2.83,7.16,98.37,-148.87,87.67,0.0
Human Dominant_9,R2,2026-08-23T11:46:22.011413Z,behavior_monitor,10,1389,568,1354,584,1152,565,38.43,236.71,202.44,system,NA,0.86,2.83,7.16,129.41,0.0,87.67,0.0
Human Dominant_9,R2,2026-08-23T11:46:22.522641Z,behavior_monitor,10,1436,587,1419,594,1197,582,18.32,238.45,221.84,system,NA,0.929,1.77,158.83,130.99,16.71,87.67,0.0
Human Dominant_9,R2,2026-08-23T11:46:22.607871Z,shot_hit,10,1428,590,1429,598,1205,586,7.63,223.32,224.89,human,NA,0.967,1.77,158.83,131.19,19.61,87.67,0.0
Human Dominant_9,R2,2026-08-23T11:46:22.608452Z,flight_spawn,11,791,-20,1429,598,1205,586,888.48,733.95,224.89,system,NA,0.452,3.4,53.97,131.19,19.61,87.67,0.0
Human Dominant_9,R2,2026-08-23T11:46:27.146310Z,human_signal,11,1397,292,945,851,1299,565,718.53,290.03,454.65,human,your_turn,0.288,2.05,101.37,129.41,180.0,76.24,0.0
Human Dominant_9,R2,2026-08-23T11:46:27.149092Z,behavior_monitor,11,1397,292,945,851,1299,565,718.53,290.03,454.65,system,NA,0.288,2.05,101.37,129.41,180.0,76.24,0.0
Human Dominant_9,R2,2026-08-23T11:46:27.149554Z,human_signal,11,1397,294,943,851,1299,565,718.52,288.23,456.37,human,your_turn,0.286,2.05,101.37,129.41,180.0,76.24,0.0
Human Dominant_9,R2,2026-08-23T11:46:27.651623Z,behavior_monitor,11,1420,345,879,851,1343,565,740.67,233.2,544.74,system,NA,0.239,2.05,50.44,129.41,180.0,63.47,22.66
Human Dominant_9,R2,2026-08-23T11:46:28.160463Z,behavior_monitor,11,1444,401,813,851,1387,566,774.64,174.32,640.67,system,NA,0.184,2.05,67.35,129.41,180.0,87.67,0.0
Human Dominant_9,R2,2026-08-23T11:46:28.670021Z,behavior_monitor,11,1445,456,747,851,1424,566,801.73,112.2,734.19,system,NA,0.123,1.79,81.68,129.41,180.0,0.0,116.71
Human Dominant_9,R2,2026-08-23T11:46:29.175550Z,behavior_monitor,11,1437,501,711,810,1419,566,788.62,67.73,749.17,system,NA,0.079,1.58,113.0,129.41,-90.0,0.0,180.0
Human Dominant_9,R2,2026-08-23T11:46:29.480815Z,shot_miss,11,1415,521,712,786,1398,566,751.31,48.52,720.0,agent,NA,0.061,1.58,142.95,0.0,-90.0,29.97,159.03
Human Dominant_9,R2,2026-08-23T11:46:29.683618Z,behavior_monitor,11,1401,531,712,786,1384,566,734.25,38.52,707.23,system,NA,0.05,1.58,142.95,0.0,-90.0,87.67,180.0
Human Dominant_9,R2,2026-08-23T11:46:29.834986Z,shot_hit,11,1385,541,712,786,1370,566,716.45,29.8,693.19,agent,NA,0.04,1.58,142.95,0.0,-90.0,93.15,180.0
Human Dominant_9,R2,2026-08-23T11:46:29.835541Z,flight_spawn,12,1247,-20,712,786,1370,566,967.49,599.21,693.19,system,NA,0.382,3.4,53.94,0.0,-90.0,93.15,180.0
Human Dominant_9,R2,2026-08-23T11:46:31.106380Z,human_signal,12,1436,71,712,786,1384,566,1017.08,498.02,706.88,human,your_turn,0.329,2.05,161.32,0.0,-90.0,76.24,0.0
Human Dominant_9,R2,2026-08-23T11:46:31.106993Z,behavior_monitor,12,1436,71,712,786,1384,566,1017.08,498.02,706.88,system,NA,0.329,2.05,161.32,0.0,-90.0,76.24,0.0
Human Dominant_9,R2,2026-08-23T11:46:31.107475Z,human_signal,12,1434,71,712,786,1384,566,1015.75,497.25,706.88,human,your_turn,0.329,2.05,132.48,0.0,-90.0,76.24,0.0
Human Dominant_9,R2,2026-08-23T11:46:31.616061Z,behavior_monitor,12,1423,125,712,786,1404,566,970.2,441.12,725.68,system,NA,0.313,2.05,107.56,0.0,-90.0,0.0,-26.98
Human Dominant_9,R2,2026-08-23T11:46:32.126270Z,behavior_monitor,12,1380,168,711,768,1369,566,898.72,398.33,688.51,system,NA,0.307,2.05,163.93,145.37,-61.07,87.67,180.0
Human Dominant_9,R2,2026-08-23T11:46:32.634216Z,behavior_monitor,12,1319,185,759,717,1325,566,772.44,380.93,586.07,system,NA,0.33,2.05,163.93,115.21,-66.35,87.67,180.0
Human Dominant_9,R2,2026-08-23T11:46:33.140366Z,behavior_monitor,12,1256,196,759,715,1280,566,718.32,370.46,541.79,system,NA,0.34,2.05,159.89,0.0,-90.0,93.15,180.0
Human Dominant_9,R2,2026-08-23T11:46:33.645597Z,behavior_monitor,12,1199,218,759,715,1235,565,663.64,349.15,499.33,system,NA,0.345,2.05,139.04,0.0,-90.0,87.67,180.0
Human Dominant_9,R2,2026-08-23T11:46:34.151738Z,behavior_monitor,12,1159,258,759,715,1190,565,607.78,309.51,456.41,system,NA,0.337,2.05,135.62,0.0,-90.0,93.15,180.0
Human Dominant_9,R2,2026-08-23T11:46:34.660778Z,behavior_monitor,12,1113,292,759,715,1145,565,551.08,275.1,414.4,system,NA,0.333,2.05,156.81,0.0,-90.0,87.67,180.0
Human Dominant_9,R2,2026-08-23T11:46:35.167042Z,behavior_monitor,12,1075,332,723,728,1101,565,530.26,235.06,411.23,system,NA,0.307,2.05,130.85,129.09,152.49,82.8,180.0
Human Dominant_9,R2,2026-08-23T11:46:35.677060Z,behavior_monitor,12,1015,341,661,761,1056,566,549.23,228.61,440.94,system,NA,0.294,2.05,179.39,137.76,152.54,87.67,180.0
Human Dominant_9,R2,2026-08-23T11:46:38.271277Z,shot_hit,12,845,535,620,755,829,563,314.38,32.0,283.62,agent,NA,0.092,2.05,75.58,0.0,180.0,87.67,180.0
Human Dominant_9,R2,2026-08-23T11:46:38.272237Z,flight_spawn,13,1201,-20,620,755,829,563,968.4,691.6,283.62,system,NA,0.417,2.85,134.5,0.0,180.0,87.67,180.0
Human Dominant_9,R2,2026-08-23T11:46:39.281707Z,human_signal,13,1148,131,620,755,879,563,817.56,509.79,321.58,human,your_turn,0.384,2.85,109.93,0.0,180.0,76.24,0.0
Human Dominant_9,R2,2026-08-23T11:46:39.282376Z,behavior_monitor,13,1148,131,620,755,879,563,817.56,509.79,321.58,system,NA,0.384,2.85,109.93,0.0,180.0,76.24,0.0
Human Dominant_9,R2,2026-08-23T11:46:39.282743Z,human_signal,13,1147,133,620,755,879,563,814.59,506.76,321.58,human,your_turn,0.384,2.85,109.93,0.0,180.0,76.24,0.0
Human Dominant_9,R2,2026-08-23T11:46:39.790556Z,behavior_monitor,13,1107,201,620,755,923,563,737.11,406.15,358.05,system,NA,0.355,2.85,139.11,0.0,180.0,87.67,0.0
Human Dominant_9,R2,2026-08-23T11:46:40.299954Z,behavior_monitor,13,1079,279,620,755,967,564,660.47,305.3,396.09,system,NA,0.316,2.85,69.87,0.0,180.0,82.8,0.0
Human Dominant_9,R2,2026-08-23T11:46:40.808012Z,behavior_monitor,13,1066,363,620,755,1012,564,592.82,207.56,435.68,system,NA,0.259,2.85,99.76,0.0,180.0,93.15,0.0
Human Dominant_9,R2,2026-08-23T11:46:41.315849Z,behavior_monitor,13,1020,428,620,755,1018,564,516.37,136.08,441.05,system,NA,0.209,2.85,166.8,0.0,180.0,87.67,180.0
Human Dominant_9,R2,2026-08-23T11:46:41.819230Z,behavior_monitor,13,936,447,620,755,974,564,440.4,122.81,401.41,system,NA,0.218,2.85,166.8,0.0,180.0,87.67,180.0
Human Dominant_9,R2,2026-08-23T11:46:42.326279Z,behavior_monitor,13,859,481,620,755,928,565,362.95,108.74,361.98,system,NA,0.231,2.85,145.98,0.0,180.0,87.67,180.0
Human Dominant_9,R2,2026-08-23T11:46:42.631830Z,human_signal,13,816,512,620,755,901,564,312.04,100.57,339.54,human,i_can,0.244,2.85,145.98,0.0,180.0,87.67,180.0
Human Dominant_9,R2,2026-08-23T11:46:42.832188Z,behavior_monitor,13,794,535,620,755,886,564,280.49,96.69,326.79,system,NA,0.256,2.85,143.9,0.0,180.0,76.24,180.0
Human Dominant_9,R2,2026-08-23T11:46:43.340680Z,behavior_monitor,13,744,601,645,708,847,593,145.91,103.49,232.6,system,NA,0.415,2.85,163.15,140.63,-45.57,130.47,125.75
Human Dominant_9,R2,2026-08-23T11:46:43.849571Z,shot_hit,13,665,626,665,647,808,620,21.98,143.55,145.68,human,NA,0.867,2.85,163.15,129.41,-90.0,119.43,124.41
Human Dominant_9,R2,2026-08-23T11:46:43.850579Z,flight_spawn,14,878,-20,665,647,808,620,701.05,644.29,145.68,system,NA,0.479,2.99,131.9,129.41,-90.0,119.43,124.41
Human Dominant_9,R2,2026-08-23T11:46:44.560123Z,human_signal,14,938,62,621,582,838,579,608.87,526.61,216.2,human,your_turn,0.464,2.99,31.73,142.94,164.14,138.63,-54.25
Human Dominant_9,R2,2026-08-23T11:46:44.561013Z,behavior_monitor,14,938,62,621,582,838,579,608.87,526.61,216.2,system,NA,0.464,2.99,31.73,134.53,164.14,130.47,-54.25
Human Dominant_9,R2,2026-08-23T11:46:44.561428Z,human_signal,14,941,63,619,583,838,579,611.11,525.62,218.37,human,your_turn,0.462,2.99,31.73,134.53,164.14,130.47,-54.25
Human Dominant_9,R2,2026-08-23T11:46:45.067710Z,behavior_monitor,14,1016,109,592,641,882,566,680.05,475.82,299.84,system,NA,0.412,2.99,6.89,129.41,90.0,87.67,0.0
Human Dominant_9,R2,2026-08-23T11:46:45.575691Z,behavior_monitor,14,1086,152,613,704,927,566,726.53,443.76,342.44,system,NA,0.379,2.99,39.9,140.73,48.79,87.67,0.0
Human Dominant_9,R2,2026-08-23T11:46:46.082856Z,behavior_monitor,14,1155,202,633,726,971,566,739.93,407.95,374.21,system,NA,0.355,2.99,35.18,0.0,51.35,87.67,0.0
Human Dominant_9,R2,2026-08-23T11:46:46.591394Z,behavior_monitor,14,1240,231,670,726,1015,566,755.6,403.58,380.66,system,NA,0.348,2.99,9.58,129.41,0.0,87.67,0.0
Human Dominant_9,R2,2026-08-23T11:46:47.098397Z,behavior_monitor,14,1329,246,736,726,1060,566,763.35,418.08,361.48,system,NA,0.354,2.99,11.54,129.41,0.0,87.67,0.0
Human Dominant_9,R2,2026-08-23T11:46:47.605766Z,behavior_monitor,14,1415,271,696,735,1105,565,856.47,428.43,442.5,system,NA,0.333,2.99,34.72,136.49,161.47,87.67,0.0
Human Dominant_9,R2,2026-08-23T11:46:48.113738Z,behavior_monitor,14,1419,290,630,758,1150,566,917.11,385.27,554.09,system,NA,0.296,1.81,164.72,136.61,161.32,87.67,0.0
Human Dominant_9,R2,2026-08-23T11:46:48.622792Z,behavior_monitor,14,1374,317,564,759,1194,565,922.42,306.31,659.27,system,NA,0.249,1.81,121.64,137.25,-158.82,87.67,0.0
Human Dominant_9,R2,2026-08-23T11:46:49.130432Z,behavior_monitor,14,1346,363,525,712,1239,565,892.11,228.86,728.61,system,NA,0.204,1.81,121.64,82.16,-90.0,93.15,0.0
Human Dominant_9,R2,2026-08-23T11:46:51.005730Z,shot_miss,14,1298,534,662,708,1274,566,659.83,39.91,628.77,agent,NA,0.057,1.81,54.93,137.5,0.0,93.15,0.0
Human Dominant_9,R2,2026-08-23T11:46:51.277428Z,shot_hit,14,1314,558,694,708,1291,566,637.89,24.55,613.44,agent,NA,0.037,1.81,99.75,84.8,0.0,0.0,0.0
Human Dominant_9,R2,2026-08-23T11:46:51.278057Z,flight_spawn,15,1190,-20,694,708,1291,566,881.45,595.27,613.44,system,NA,0.403,3.19,128.88,84.8,0.0,0.0,0.0
Human Dominant_9,R2,2026-08-23T11:46:52.871966Z,human_signal,15,943,105,736,691,1193,566,621.7,525.03,474.32,human,your_turn,0.458,3.19,153.47,0.0,-90.0,76.24,180.0
Human Dominant_9,R2,2026-08-23T11:46:52.874534Z,behavior_monitor,15,943,105,736,691,1193,566,621.7,525.03,474.32,system,NA,0.458,3.19,153.47,0.0,-90.0,58.67,-167.06
Human Dominant_9,R2,2026-08-23T11:46:52.875051Z,human_signal,15,941,106,736,691,1193,566,619.66,524.78,474.32,human,your_turn,0.459,3.19,174.33,0.0,-90.0,58.67,-167.06
Human Dominant_9,R2,2026-08-23T11:46:53.376886Z,behavior_monitor,15,850,115,720,669,1149,566,568.49,540.82,441.0,system,NA,0.488,3.19,174.33,145.12,-125.88,93.15,180.0
Human Dominant_9,R2,2026-08-23T11:46:53.882826Z,behavior_monitor,15,781,180,674,616,1104,566,449.07,503.63,433.05,system,NA,0.529,3.19,147.89,139.52,-136.1,87.67,180.0
Human Dominant_9,R2,2026-08-23T11:46:54.389677Z,behavior_monitor,15,746,264,624,565,1059,566,324.98,435.37,434.99,system,NA,0.573,3.19,99.27,125.5,-120.43,87.67,180.0
Human Dominant_9,R2,2026-08-23T11:46:54.694883Z,human_signal,15,725,320,651,534,1033,566,226.57,393.97,383.2,human,i_can,0.635,3.19,123.9,119.37,-46.92,93.15,180.0
Human Dominant_9,R2,2026-08-23T11:46:54.896586Z,behavior_monitor,15,708,349,666,522,1033,566,178.37,390.72,368.78,system,NA,0.687,3.19,123.9,93.4,-29.51,0.0,180.0
Human Dominant_9,R2,2026-08-23T11:46:55.401981Z,behavior_monitor,15,726,431,678,485,1033,566,72.29,335.01,363.5,system,NA,0.823,3.19,50.27,137.95,-26.94,0.0,180.0
Human Dominant_9,R2,2026-08-23T11:46:55.909663Z,behavior_monitor,15,803,485,742,494,1001,565,61.54,213.22,268.09,system,NA,0.776,3.19,41.98,143.97,38.08,104.78,165.69
Human Dominant_9,R2,2026-08-23T11:46:56.095344Z,human_signal,15,827,511,735,518,987,565,92.05,169.45,256.83,human,your_turn,0.648,3.19,63.3,143.36,115.48,76.24,180.0
Human Dominant_9,R2,2026-08-23T11:46:56.096044Z,human_signal,15,828,514,734,520,987,565,94.58,166.98,257.34,human,your_turn,0.638,3.19,63.3,150.36,113.87,81.0,180.0
Human Dominant_9,R2,2026-08-23T11:46:56.416040Z,behavior_monitor,15,860,559,727,559,959,565,132.63,99.24,231.77,system,NA,0.428,3.19,38.88,135.4,107.11,87.67,180.0
Human Dominant_9,R2,2026-08-23T11:46:56.771615Z,shot_hit,15,915,604,721,608,926,600,194.67,11.47,205.5,agent,NA,0.056,3.19,37.81,129.41,90.0,150.04,125.75
Human Dominant_9,R2,2026-08-23T11:46:56.772248Z,flight_spawn,16,894,-20,721,608,926,600,651.9,621.45,205.5,system,NA,0.488,3.6,123.73,129.41,90.0,150.04,125.75
Human Dominant_9,R2,2026-08-23T11:46:58.570134Z,human_signal,16,720,297,638,772,810,566,482.11,283.77,268.43,human,i_can,0.371,3.6,143.23,131.19,119.41,72.0,180.0
Human Dominant_9,R2,2026-08-23T11:46:58.586828Z,behavior_monitor,16,720,297,638,772,809,566,482.11,283.37,267.6,system,NA,0.37,3.6,143.23,139.14,119.36,76.24,180.0
Human Dominant_9,R2,2026-08-23T11:46:59.094051Z,behavior_monitor,16,631,362,593,824,770,566,464.34,247.18,312.98,system,NA,0.347,3.6,143.23,137.76,159.95,76.24,180.0
Human Dominant_9,R2,2026-08-23T11:46:59.600987Z,behavior_monitor,16,541,415,528,807,732,566,392.26,243.34,315.98,system,NA,0.383,3.6,94.35,135.08,-160.01,76.24,180.0
Human Dominant_9,R2,2026-08-23T11:47:00.107424Z,behavior_monitor,16,525,520,503,790,693,566,270.94,173.72,294.03,system,NA,0.391,3.6,114.74,136.31,-30.8,76.24,180.0
Human Dominant_9,R2,2026-08-23T11:47:00.615564Z,behavior_monitor,16,544,617,508,779,654,595,166.51,111.94,235.04,system,NA,0.402,3.6,40.11,33.05,0.0,130.47,125.75
Human Dominant_9,R2,2026-08-23T11:47:01.122540Z,behavior_monitor,16,618,695,560,780,616,648,103.06,47.39,143.67,system,NA,0.315,3.6,68.32,133.4,15.83,130.47,125.75
Human Dominant_9,R2,2026-08-23T11:47:01.139660Z,shot_miss,16,621,702,564,783,613,652,99.18,51.14,140.07,agent,NA,0.34,3.6,68.32,144.78,29.87,130.47,125.75
Human Dominant_9,R2,2026-08-23T11:47:01.495485Z,shot_miss,16,625,773,597,810,608,688,46.26,87.15,122.75,human,NA,0.653,3.6,92.06,129.41,0.0,130.47,125.75
Human Dominant_9,R2,2026-08-23T11:47:01.629844Z,behavior_monitor,16,629,801,615,809,608,702,15.65,101.15,107.02,system,NA,0.866,3.6,67.8,133.87,-14.84,105.88,90.0
Human Dominant_9,R2,2026-08-23T11:47:01.849375Z,shot_miss,16,638,845,644,804,619,725,41.54,120.85,81.83,human,NA,0.744,3.6,113.18,129.41,0.0,105.88,90.0
Human Dominant_9,R2,2026-08-23T11:47:02.136590Z,behavior_monitor,16,589,877,679,817,598,756,108.35,121.01,100.5,system,NA,0.528,3.6,161.68,131.78,34.36,130.47,125.75
Human Dominant_9,R2,2026-08-23T11:47:02.640754Z,behavior_monitor,16,506,922,678,876,559,811,177.98,123.6,135.11,system,NA,0.41,3.6,112.78,153.09,121.56,138.63,125.75
Human Dominant_9,R2,2026-08-23T11:47:02.776051Z,flight_missed,16,505,954,667,894,547,827,172.76,133.74,137.22,system,NA,0.436,3.6,84.31,142.93,120.25,161.38,130.69
Human Dominant_9,R2,2026-08-23T11:47:02.776692Z,flight_spawn,17,886,-20,667,894,547,827,940.77,912.84,137.22,system,NA,0.492,3.37,126.36,142.93,120.25,161.38,130.69
Human Dominant_9,R2,2026-08-23T11:47:05.482566Z,human_signal,17,726,431,767,837,703,586,408.42,156.74,259.54,human,your_turn,0.277,3.37,68.19,0.0,90.0,130.47,-54.25
Human Dominant_9,R2,2026-08-23T11:47:05.483644Z,behavior_monitor,17,726,431,767,837,703,586,408.42,156.74,259.54,system,NA,0.277,3.37,68.19,0.0,90.0,130.47,-54.25
Human Dominant_9,R2,2026-08-23T11:47:05.484102Z,human_signal,17,727,434,767,837,703,586,405.25,153.73,259.54,human,your_turn,0.275,3.37,68.19,0.0,90.0,130.47,-54.25
Human Dominant_9,R2,2026-08-23T11:47:05.990808Z,behavior_monitor,17,714,516,767,837,704,566,325.51,50.33,278.8,system,NA,0.134,3.37,146.82,0.0,90.0,87.67,180.0
Human Dominant_9,R2,2026-08-23T11:47:06.128698Z,shot_hit,17,691,533,767,837,691,566,313.78,32.85,282.14,agent,NA,0.095,3.37,146.82,0.0,90.0,87.67,180.0
Human Dominant_9,R2,2026-08-23T11:47:06.129362Z,flight_spawn,18,1359,-20,767,837,691,566,1041.93,888.64,282.14,system,NA,0.46,3.49,124.97,0.0,90.0,87.67,180.0
Human Dominant_9,R2,2026-08-23T11:47:09.792257Z,human_signal,18,779,340,765,837,798,566,497.45,227.16,272.89,human,your_turn,0.313,3.49,125.73,51.23,180.0,76.24,180.0
Human Dominant_9,R2,2026-08-23T11:47:09.794797Z,behavior_monitor,18,779,340,765,837,798,566,497.45,227.16,272.89,system,NA,0.313,3.49,125.73,51.23,180.0,76.24,180.0
Human Dominant_9,R2,2026-08-23T11:47:09.795192Z,human_signal,18,777,343,764,837,798,566,494.59,224.52,273.0,human,your_turn,0.312,3.49,125.73,51.23,180.0,76.24,180.0
Human Dominant_9,R2,2026-08-23T11:47:10.297466Z,behavior_monitor,18,715,425,737,856,753,565,431.17,144.76,291.28,system,NA,0.251,3.49,125.73,123.85,148.08,87.67,180.0
Human Dominant_9,R2,2026-08-23T11:47:10.801991Z,behavior_monitor,18,658,511,676,883,708,565,372.71,73.56,320.06,system,NA,0.165,3.49,131.81,129.41,180.0,87.67,180.0
Human Dominant_9,R2,2026-08-23T11:47:11.309240Z,behavior_monitor,18,588,589,610,880,663,581,292.37,75.9,304.18,system,NA,0.206,3.49,131.81,135.95,-161.21,150.04,125.75
Human Dominant_9,R2,2026-08-23T11:47:11.815391Z,behavior_monitor,18,495,637,547,851,619,631,220.08,124.13,231.06,system,NA,0.361,3.49,151.36,134.34,-164.44,87.67,180.0
Human Dominant_9,R2,2026-08-23T11:47:11.968231Z,human_signal,18,470,658,525,851,606,647,200.01,136.31,218.38,human,i_can,0.405,3.49,150.21,129.41,180.0,150.04,125.75
Human Dominant_9,R2,2026-08-23T11:47:12.324024Z,behavior_monitor,18,403,674,481,851,579,669,193.27,175.72,205.68,system,NA,0.476,3.49,161.52,129.41,180.0,130.47,125.75
Human Dominant_9,R2,2026-08-23T11:47:12.831115Z,behavior_monitor,18,303,708,415,851,540,698,181.4,236.56,196.88,system,NA,0.566,3.49,135.3,129.41,180.0,121.06,134.2
Human Dominant_9,R2,2026-08-23T11:47:13.341685Z,behavior_monitor,18,220,756,350,863,501,752,168.1,281.18,187.65,system,NA,0.626,3.49,176.64,137.81,157.63,130.47,125.75
Human Dominant_9,R2,2026-08-23T11:47:13.845379Z,behavior_monitor,18,130,807,285,891,487,768,176.06,358.29,236.16,system,NA,0.671,3.49,148.88,137.49,160.26,0.0,125.75
Human Dominant_9,R2,2026-08-23T11:47:14.350781Z,behavior_monitor,18,41,861,219,910,472,788,184.51,437.44,281.03,system,NA,0.703,3.49,148.88,129.41,180.0,130.47,125.75
Human Dominant_9,R2,2026-08-23T11:47:14.858990Z,behavior_monitor,18,72,898,153,910,434,841,81.83,366.16,289.01,system,NA,0.817,2.54,2.44,129.41,180.0,130.47,125.75
Human Dominant_9,R2,2026-08-23T11:47:15.095065Z,shot_hit,18,107,899,122,910,416,866,18.81,310.91,296.62,human,NA,0.943,2.54,2.44,129.41,180.0,130.47,125.75
Human Dominant_9,R2,2026-08-23T11:47:15.095824Z,flight_spawn,19,786,-20,122,910,416,866,1142.59,961.1,296.62,system,NA,0.457,2.83,135.0,129.41,180.0,130.47,125.75
Human Dominant_9,R2,2026-08-23T11:47:17.752714Z,human_signal,19,507,305,274,713,527,617,470.12,313.14,270.78,human,your_turn,0.4,2.83,144.43,134.52,-109.59,130.47,-125.75
Human Dominant_9,R2,2026-08-23T11:47:17.753239Z,behavior_monitor,19,507,305,274,713,527,617,470.12,313.14,270.78,system,NA,0.4,2.83,144.43,134.52,-109.59,130.47,-125.75
Human Dominant_9,R2,2026-08-23T11:47:17.753569Z,human_signal,19,506,306,273,711,527,617,466.46,311.6,270.83,human,your_turn,0.4,2.83,114.92,134.52,-109.59,130.47,-125.75
Human Dominant_9,R2,2026-08-23T11:47:18.260032Z,behavior_monitor,19,474,381,226,720,482,565,420.27,183.85,299.26,system,NA,0.304,2.83,115.13,129.41,90.0,87.67,180.0
Human Dominant_9,R2,2026-08-23T11:47:18.766299Z,behavior_monitor,19,428,452,282,740,438,565,322.7,113.76,233.77,system,NA,0.261,2.83,119.58,129.41,0.0,87.67,180.0
Human Dominant_9,R2,2026-08-23T11:47:19.275784Z,behavior_monitor,19,390,527,348,753,393,564,230.52,37.84,194.03,system,NA,0.141,2.83,90.4,134.46,15.76,87.67,180.0
Human Dominant_9,R2,2026-08-23T11:47:19.292153Z,shot_hit,19,389,532,353,754,390,564,225.24,32.11,193.69,agent,NA,0.125,2.83,90.4,142.87,15.76,93.15,180.0
Human Dominant_9,R2,2026-08-23T11:47:19.292615Z,flight_spawn,20,1124,-20,353,754,390,564,1093.21,938.57,193.69,system,NA,0.462,3.41,125.89,142.87,15.76,93.15,180.0
Human Dominant_9,R2,2026-08-23T11:47:21.203250Z,human_signal,20,871,199,599,772,516,565,633.53,509.22,222.99,human,your_turn,0.446,3.41,127.63,129.41,0.0,76.24,0.0
Human Dominant_9,R2,2026-08-23T11:47:21.204124Z,behavior_monitor,20,871,199,599,772,516,565,633.53,509.22,222.99,system,NA,0.446,3.41,127.63,129.41,0.0,76.24,0.0
Human Dominant_9,R2,2026-08-23T11:47:21.204575Z,human_signal,20,869,202,601,772,516,565,629.58,506.35,223.82,human,your_turn,0.446,3.41,127.63,129.41,0.0,76.24,0.0
Human Dominant_9,R2,2026-08-23T11:47:21.709552Z,behavior_monitor,20,801,267,665,772,561,565,522.52,382.37,231.76,system,NA,0.423,3.41,100.24,137.5,0.0,93.15,0.0
Human Dominant_9,R2,2026-08-23T11:47:22.216006Z,behavior_monitor,20,867,334,731,772,605,565,458.33,349.22,242.12,system,NA,0.432,3.41,16.49,129.41,0.0,87.67,0.0
Human Dominant_9,R2,2026-08-23T11:47:22.725815Z,behavior_monitor,20,952,384,797,772,650,565,417.24,352.3,253.91,system,NA,0.458,3.41,21.85,129.41,0.0,87.67,0.0
Human Dominant_9,R2,2026-08-23T11:47:23.236117Z,behavior_monitor,20,1041,430,863,772,694,565,384.74,371.8,267.17,system,NA,0.491,3.41,49.61,129.41,0.0,87.67,0.0
Human Dominant_9,R2,2026-08-23T11:47:23.743863Z,behavior_monitor,20,1072,522,929,772,739,565,287.51,335.78,281.0,system,NA,0.539,3.41,77.63,129.41,0.0,87.67,0.0
Human Dominant_9,R2,2026-08-23T11:47:24.253326Z,behavior_monitor,20,1060,621,995,772,783,598,164.07,277.27,273.65,system,NA,0.628,3.41,82.94,129.41,0.0,150.04,54.25
Human Dominant_9,R2,2026-08-23T11:47:24.762642Z,behavior_monitor,20,1072,722,1047,733,828,661,26.71,251.72,230.95,system,NA,0.904,3.41,82.94,142.16,-51.01,150.04,54.25
Human Dominant_9,R2,2026-08-23T11:47:24.813314Z,shot_hit,20,1071,733,1052,728,832,667,19.54,247.72,228.18,human,NA,0.927,3.41,82.94,142.22,-48.46,150.04,54.25
Human Dominant_9,R3,2026-08-23T11:50:14.916409Z,flight_spawn,1,916,-20,1052,728,832,667,760.77,692.3,228.18,system,NA,0.476,3.49,55.09,0.0,-35.9,0.0,54.25
Human Dominant_9,R3,2026-08-23T11:50:19.322566Z,human_signal,1,1048,228,1104,666,453,634,441.88,720.84,652.13,human,i_can,0.62,3.49,79.91,139.85,-62.11,130.47,-54.25
Human Dominant_9,R3,2026-08-23T11:50:19.339083Z,behavior_monitor,1,1048,228,1104,666,454,632,441.88,718.8,651.18,system,NA,0.619,3.49,79.91,139.5,-60.44,136.37,-62.87
Human Dominant_9,R3,2026-08-23T11:50:19.849093Z,behavior_monitor,1,1086,325,1110,601,475,602,276.92,670.34,634.9,system,NA,0.708,3.49,59.32,122.22,-90.0,0.0,-54.25
Human Dominant_9,R3,2026-08-23T11:50:20.357123Z,behavior_monitor,1,1110,425,1137,539,505,566,116.69,620.96,632.54,system,NA,0.842,3.49,85.39,129.41,-90.0,76.24,0.0
Human Dominant_9,R3,2026-08-23T11:50:20.644619Z,shot_miss,1,1113,485,1137,502,527,566,29.32,591.99,613.73,human,NA,0.953,3.49,85.39,129.41,-90.0,76.24,0.0
Human Dominant_9,R3,2026-08-23T11:50:20.864699Z,behavior_monitor,1,1120,530,1119,479,543,566,50.81,577.8,581.86,system,NA,0.919,3.49,85.39,129.98,-150.15,76.24,0.0
Human Dominant_9,R3,2026-08-23T11:50:21.370549Z,behavior_monitor,1,1160,625,1102,528,582,598,112.94,578.28,524.64,system,NA,0.837,3.49,83.1,133.85,75.19,135.4,50.2
Human Dominant_9,R3,2026-08-23T11:50:21.879346Z,behavior_monitor,1,1155,727,1104,594,621,653,142.41,538.7,486.99,system,NA,0.791,3.49,109.88,129.41,90.0,130.47,54.25
Human Dominant_9,R3,2026-08-23T11:50:22.390002Z,behavior_monitor,1,1111,822,1104,660,659,707,162.12,466.3,447.57,system,NA,0.742,3.49,131.06,129.41,90.0,130.47,54.25
Human Dominant_9,R3,2026-08-23T11:50:22.897316Z,behavior_monitor,1,1044,901,1102,726,698,761,184.46,372.79,405.08,system,NA,0.669,3.49,131.06,136.15,108.1,130.47,54.25
Human Dominant_9,R3,2026-08-23T11:50:23.220697Z,flight_missed,1,1000,954,1077,767,724,797,202.62,316.99,354.73,system,NA,0.61,3.49,131.06,140.77,128.58,130.47,54.25
Human Dominant_9,R3,2026-08-23T11:50:23.221421Z,flight_spawn,2,1385,-20,1077,767,724,797,844.98,1051.36,354.73,system,NA,0.554,3.25,52.04,140.77,128.58,130.47,54.25
Human Dominant_9,R3,2026-08-23T11:50:27.876805Z,human_signal,2,1150,576,1141,549,1036,569,28.43,114.07,106.98,human,your_turn,0.8,2.83,64.45,129.41,180.0,151.42,45.94
Human Dominant_9,R3,2026-08-23T11:50:27.877365Z,behavior_monitor,2,1150,576,1141,549,1036,569,28.43,114.07,106.98,system,NA,0.8,2.83,64.45,129.41,180.0,130.47,54.25
Human Dominant_9,R3,2026-08-23T11:50:27.877749Z,human_signal,2,1150,578,1139,549,1036,569,31.9,115.15,104.82,human,your_turn,0.783,2.83,64.45,129.41,180.0,130.47,54.25
Human Dominant_9,R3,2026-08-23T11:50:28.043639Z,conflict,2,1161,604,1126,567,1052,592,50.51,109.42,78.04,system,NA,0.684,2.83,64.45,138.23,110.58,150.04,54.25
Human Dominant_9,R3,2026-08-23T11:50:28.131271Z,conflict,2,1165,614,1126,567,1052,592,61.05,115.27,78.04,human,NA,0.654,2.83,64.45,0.0,107.93,0.0,54.25
Human Dominant_9,R3,2026-08-23T11:50:28.131792Z,shot_miss,2,1165,614,1126,567,1052,592,61.05,115.27,78.04,human,NA,0.654,2.83,64.45,0.0,107.93,0.0,54.25
Human Dominant_9,R3,2026-08-23T11:50:28.386605Z,behavior_monitor,2,1196,641,1126,567,1052,592,100.95,151.27,78.04,system,NA,0.6,2.83,10.71,0.0,107.93,0.0,54.25
Human Dominant_9,R3,2026-08-23T11:50:28.893613Z,behavior_monitor,2,1268,677,1140,582,1073,626,159.68,201.72,79.99,system,NA,0.558,2.83,40.65,73.15,51.46,158.65,54.63
Human Dominant_9,R3,2026-08-23T11:50:29.400286Z,behavior_monitor,2,1337,725,1163,608,1118,688,209.71,221.95,91.17,system,NA,0.514,2.83,19.64,69.13,42.01,150.04,54.25
Human Dominant_9,R3,2026-08-23T11:50:29.905535Z,behavior_monitor,2,1416,761,1181,619,1163,750,274.28,252.78,132.32,system,NA,0.48,2.83,50.48,0.0,0.0,150.04,54.25
Human Dominant_9,R3,2026-08-23T11:50:30.409505Z,behavior_monitor,2,1442,826,1181,619,1208,813,332.87,234.26,195.43,system,NA,0.413,2.44,116.33,0.0,0.0,150.04,54.25
Human Dominant_9,R3,2026-08-23T11:50:30.917404Z,behavior_monitor,2,1380,850,1181,619,1252,844,304.8,128.54,236.1,system,NA,0.297,2.44,172.19,0.0,0.0,87.67,0.0
Human Dominant_9,R3,2026-08-23T11:50:31.424199Z,behavior_monitor,2,1309,862,1181,619,1292,857,274.79,17.7,262.17,system,NA,0.061,2.44,175.25,0.0,0.0,0.0,0.0
Human Dominant_9,R3,2026-08-23T11:50:31.560202Z,shot_hit,2,1286,864,1181,619,1278,859,266.7,9.29,258.71,agent,NA,0.034,2.44,175.25,0.0,0.0,87.67,180.0
Human Dominant_9,R3,2026-08-23T11:50:31.560738Z,flight_spawn,3,1119,-20,1181,619,1278,859,642.49,893.58,258.71,system,NA,0.582,3.07,130.7,0.0,0.0,87.67,180.0
Human Dominant_9,R3,2026-08-23T11:50:31.628541Z,human_signal,3,1112,-10,1181,619,1278,859,633.91,885.63,258.71,human,i_can,0.583,3.07,130.7,0.0,0.0,0.0,180.0
Human Dominant_9,R3,2026-08-23T11:50:31.933325Z,behavior_monitor,3,1079,28,1181,619,1277,857,599.33,851.83,256.56,system,NA,0.587,3.07,130.7,0.0,0.0,130.47,-125.75
Human Dominant_9,R3,2026-08-23T11:50:32.439816Z,behavior_monitor,3,1027,101,1147,624,1238,803,537.0,733.2,200.66,system,NA,0.577,3.07,137.06,129.41,180.0,130.47,-125.75
Human Dominant_9,R3,2026-08-23T11:50:32.947183Z,behavior_monitor,3,952,157,1081,618,1199,749,478.09,641.34,176.78,system,NA,0.573,3.07,139.45,136.82,-158.55,130.47,-125.75
Human Dominant_9,R3,2026-08-23T11:50:33.453580Z,behavior_monitor,3,880,217,1015,604,1160,696,409.84,554.33,171.1,system,NA,0.575,3.07,139.45,129.41,180.0,130.47,-125.75
Human Dominant_9,R3,2026-08-23T11:50:33.962057Z,behavior_monitor,3,830,289,949,609,1121,642,342.37,457.9,174.4,system,NA,0.572,3.07,92.04,137.11,160.71,130.47,-125.75
Human Dominant_9,R3,2026-08-23T11:50:34.472379Z,behavior_monitor,3,770,342,885,637,1081,588,317.11,397.55,202.73,system,NA,0.556,3.07,166.68,138.11,155.76,130.47,-125.75
Human Dominant_9,R3,2026-08-23T11:50:34.980125Z,behavior_monitor,3,680,363,821,668,1042,565,335.97,414.53,243.63,system,NA,0.552,3.07,166.68,136.66,153.14,76.24,180.0
Human Dominant_9,R3,2026-08-23T11:50:35.488669Z,behavior_monitor,3,589,384,756,676,1003,565,336.03,451.48,271.41,system,NA,0.573,3.07,166.68,129.41,180.0,76.24,180.0
Human Dominant_9,R3,2026-08-23T11:50:35.995040Z,behavior_monitor,3,513,433,690,676,964,565,301.37,470.9,296.33,system,NA,0.61,3.07,146.21,137.5,180.0,81.0,180.0
Human Dominant_9,R3,2026-08-23T11:50:36.504665Z,behavior_monitor,3,459,501,624,696,926,565,255.83,471.28,329.32,system,NA,0.648,3.07,119.91,137.31,160.47,76.24,180.0
Human Dominant_9,R3,2026-08-23T11:50:40.625670Z,shot_hit,3,184,784,198,780,638,771,14.81,454.28,439.91,human,NA,0.968,2.44,25.98,136.98,-63.33,0.0,180.0
Human Dominant_9,R3,2026-08-23T11:50:40.626385Z,flight_spawn,4,1283,-20,198,780,638,771,1349.05,1021.58,439.91,system,NA,0.431,3.07,130.63,136.98,-63.33,0.0,180.0
Human Dominant_9,R3,2026-08-23T11:50:43.789917Z,human_signal,4,1379,342,553,739,813,566,916.95,609.67,311.87,human,i_can,0.399,3.07,41.12,129.41,0.0,76.24,0.0
Human Dominant_9,R3,2026-08-23T11:50:43.806558Z,behavior_monitor,4,1379,342,553,739,814,566,916.95,608.46,312.95,system,NA,0.399,3.07,41.12,129.41,0.0,76.24,0.0
Human Dominant_9,R3,2026-08-23T11:50:44.315499Z,behavior_monitor,4,1450,391,619,739,853,566,900.66,622.08,290.74,system,NA,0.409,2.5,122.43,129.41,0.0,76.24,0.0
Human Dominant_9,R3,2026-08-23T11:50:44.382684Z,human_signal,4,1444,399,628,739,858,566,884.3,609.56,287.84,human,your_turn,0.408,2.5,122.43,129.41,0.0,76.24,0.0
Human Dominant_9,R3,2026-08-23T11:50:44.383346Z,human_signal,4,1442,401,630,739,858,566,879.88,607.34,286.09,human,your_turn,0.408,2.5,122.43,129.41,0.0,76.24,0.0
Human Dominant_9,R3,2026-08-23T11:50:44.820095Z,behavior_monitor,4,1427,459,685,740,897,565,792.72,540.24,274.36,system,NA,0.405,2.5,114.78,133.64,14.46,87.67,0.0
Human Dominant_9,R3,2026-08-23T11:50:45.328253Z,behavior_monitor,4,1398,528,749,768,941,565,692.09,457.96,279.64,system,NA,0.398,2.5,114.78,135.81,25.27,87.67,0.0
Human Dominant_9,R3,2026-08-23T11:50:45.837849Z,behavior_monitor,4,1342,561,813,793,986,565,578.06,355.78,286.62,system,NA,0.381,2.5,174.22,134.56,17.56,87.67,0.0
Human Dominant_9,R3,2026-08-23T11:50:46.343295Z,behavior_monitor,4,1272,591,878,813,1030,586,451.42,241.71,272.61,system,NA,0.349,2.5,152.79,133.69,14.53,87.67,0.0
Human Dominant_9,R3,2026-08-23T11:50:46.851068Z,behavior_monitor,4,1213,634,907,830,1075,630,362.54,137.95,260.5,system,NA,0.276,2.5,126.87,141.0,152.42,150.04,54.25
Human Dominant_9,R3,2026-08-23T11:50:47.357175Z,behavior_monitor,4,1162,690,842,830,1120,684,348.88,42.89,313.13,system,NA,0.109,2.5,148.64,135.57,-155.06,87.67,0.0
Human Dominant_9,R3,2026-08-23T11:50:47.474605Z,shot_hit,4,1145,695,826,822,1127,689,343.42,18.17,329.77,agent,NA,0.05,2.5,169.5,136.01,-154.04,0.0,0.0
Human Dominant_9,R3,2026-08-23T11:50:47.475619Z,flight_spawn,5,1063,-20,826,822,1127,689,874.97,712.17,329.77,system,NA,0.449,2.83,45.0,136.01,-154.04,0.0,0.0
Human Dominant_9,R3,2026-08-23T11:50:48.425027Z,human_signal,5,1149,101,768,714,1117,624,722.09,523.75,360.47,human,your_turn,0.42,2.83,42.47,136.43,-128.1,130.47,-54.25
Human Dominant_9,R3,2026-08-23T11:50:48.425965Z,behavior_monitor,5,1149,101,768,714,1117,624,722.09,523.75,360.47,system,NA,0.42,2.83,42.47,136.43,-128.1,130.47,-54.25
Human Dominant_9,R3,2026-08-23T11:50:48.426388Z,human_signal,5,1152,103,767,713,1117,624,721.24,522.03,361.43,human,your_turn,0.42,2.83,42.47,136.43,-128.1,130.47,-54.25
Human Dominant_9,R3,2026-08-23T11:50:48.930850Z,behavior_monitor,5,1168,180,720,665,1144,565,660.23,386.05,435.6,system,NA,0.369,2.83,65.88,134.7,-151.92,87.67,0.0
Human Dominant_9,R3,2026-08-23T11:50:49.437478Z,behavior_monitor,5,1191,260,657,636,1169,565,653.66,305.45,517.61,system,NA,0.318,2.83,93.35,135.4,-158.33,0.0,139.9
Human Dominant_9,R3,2026-08-23T11:50:49.945497Z,behavior_monitor,5,1183,344,592,642,1166,565,662.25,221.36,579.54,system,NA,0.251,2.83,121.19,138.11,144.67,87.67,180.0
Human Dominant_9,R3,2026-08-23T11:50:50.455178Z,behavior_monitor,5,1151,420,579,687,1132,565,631.75,145.65,566.56,system,NA,0.187,2.83,61.48,0.0,0.0,0.0,180.0
Human Dominant_9,R3,2026-08-23T11:50:50.963673Z,behavior_monitor,5,1174,499,579,687,1151,565,624.32,69.5,585.5,system,NA,0.1,2.83,81.65,0.0,0.0,0.0,0.0
Human Dominant_9,R3,2026-08-23T11:50:51.370448Z,shot_hit,5,1165,565,579,687,1150,565,599.2,15.34,584.13,agent,NA,0.025,2.83,126.83,0.0,0.0,87.67,180.0
Human Dominant_9,R3,2026-08-23T11:50:51.371089Z,flight_spawn,6,849,-20,579,687,1150,565,757.3,658.25,584.13,system,NA,0.465,2.83,45.0,0.0,0.0,87.67,180.0
Human Dominant_9,R3,2026-08-23T11:50:56.051586Z,human_signal,6,392,407,395,498,822,564,90.85,457.09,431.86,human,i_can,0.834,2.83,103.65,137.07,-127.12,76.24,180.0
Human Dominant_9,R3,2026-08-23T11:50:56.068793Z,behavior_monitor,6,392,407,395,498,821,564,90.85,455.87,430.57,system,NA,0.834,2.83,103.65,137.22,-126.94,76.24,180.0
Human Dominant_9,R3,2026-08-23T11:50:56.575243Z,behavior_monitor,6,382,490,390,463,781,563,28.18,405.4,403.89,system,NA,0.935,2.83,101.43,145.07,46.23,81.0,180.0
Human Dominant_9,R3,2026-08-23T11:50:56.675465Z,human_signal,6,378,510,396,477,773,563,37.64,399.03,387.54,human,i_can,0.914,2.83,101.43,129.41,90.0,76.24,180.0
Human Dominant_9,R3,2026-08-23T11:50:56.915422Z,shot_miss,6,373,546,382,504,755,563,43.19,382.44,377.3,human,NA,0.899,2.83,101.43,138.35,119.04,76.24,180.0
Human Dominant_9,R3,2026-08-23T11:50:57.084589Z,behavior_monitor,6,381,573,375,525,742,567,47.71,361.19,368.93,system,NA,0.883,2.83,71.81,129.41,90.0,130.47,125.75
Human Dominant_9,R3,2026-08-23T11:50:57.101630Z,shot_miss,6,381,575,375,528,741,569,48.24,359.5,367.59,human,NA,0.882,2.83,71.81,129.41,90.0,130.47,125.75
Human Dominant_9,R3,2026-08-23T11:50:57.371215Z,shot_miss,6,394,618,375,563,720,598,58.68,326.68,346.29,human,NA,0.848,2.83,71.81,129.41,90.0,130.47,125.75
Human Dominant_9,R3,2026-08-23T11:50:57.589733Z,behavior_monitor,6,385,652,375,591,703,620,61.44,319.31,329.29,system,NA,0.839,2.83,129.1,129.41,90.0,130.47,125.75
Human Dominant_9,R3,2026-08-23T11:50:58.046927Z,shot_miss,6,318,675,370,651,669,668,57.67,350.6,298.91,human,NA,0.859,2.83,149.84,149.67,124.16,118.75,135.07
Human Dominant_9,R3,2026-08-23T11:50:58.098563Z,behavior_monitor,6,309,679,365,656,665,674,60.79,355.39,299.63,system,NA,0.854,2.83,149.84,143.36,131.8,130.47,125.75
Human Dominant_9,R3,2026-08-23T11:50:58.607471Z,behavior_monitor,6,250,737,307,692,626,724,71.77,375.5,320.65,system,NA,0.84,2.83,129.77,140.2,132.28,130.47,125.75
Human Dominant_9,R3,2026-08-23T11:50:59.114573Z,behavior_monitor,6,171,760,257,745,588,755,87.18,416.5,330.72,system,NA,0.827,2.83,174.12,141.1,141.76,130.47,125.75
Human Dominant_9,R3,2026-08-23T11:50:59.622298Z,behavior_monitor,6,99,802,193,774,549,795,98.63,450.07,356.04,system,NA,0.82,2.83,131.08,136.87,161.0,130.47,125.75
Human Dominant_9,R3,2026-08-23T11:51:00.129953Z,behavior_monitor,6,37,850,131,806,509,842,103.87,472.84,380.29,system,NA,0.82,2.83,131.96,141.94,143.07,130.47,125.75
Human Dominant_9,R3,2026-08-23T11:51:00.638367Z,behavior_monitor,6,47,895,81,858,471,889,49.92,423.79,391.57,system,NA,0.895,1.92,35.84,142.28,124.44,76.24,180.0
Human Dominant_9,R3,2026-08-23T11:51:00.740617Z,shot_miss,6,55,901,73,870,463,896,36.21,407.68,391.04,human,NA,0.918,1.92,35.84,141.56,122.85,76.24,180.0
Human Dominant_9,R3,2026-08-23T11:51:00.927477Z,shot_hit,6,72,914,63,894,449,909,21.87,376.32,385.75,human,NA,0.945,1.92,35.84,136.79,108.9,76.24,180.0
Human Dominant_9,R3,2026-08-23T11:51:00.928087Z,flight_spawn,7,1192,-20,63,894,449,909,1452.91,1190.29,385.75,system,NA,0.45,2.83,135.0,136.79,108.9,76.24,180.0
Human Dominant_9,R3,2026-08-23T11:51:03.056092Z,human_signal,7,995,256,190,719,582,725,928.6,624.6,391.89,human,your_turn,0.402,2.83,122.23,141.45,-48.13,130.47,-54.25
Human Dominant_9,R3,2026-08-23T11:51:03.056998Z,behavior_monitor,7,995,256,190,719,582,725,928.6,624.6,391.89,system,NA,0.402,2.83,122.23,141.45,-48.13,130.47,-54.25
Human Dominant_9,R3,2026-08-23T11:51:03.057460Z,human_signal,7,994,258,192,717,582,725,924.38,622.23,390.31,human,your_turn,0.402,2.83,122.23,141.45,-48.13,130.47,-54.25
Human Dominant_9,R3,2026-08-23T11:51:03.563789Z,behavior_monitor,7,980,339,238,666,626,662,810.36,478.97,387.95,system,NA,0.371,2.83,94.84,150.23,-47.72,139.03,-53.7
Human Dominant_9,R3,2026-08-23T11:51:04.071073Z,behavior_monitor,7,946,413,297,638,671,600,687.23,332.87,375.66,system,NA,0.326,2.83,124.27,129.41,0.0,150.04,-54.25
Human Dominant_9,R3,2026-08-23T11:51:04.577215Z,behavior_monitor,7,891,476,356,650,715,565,563.01,197.25,369.25,system,NA,0.259,2.83,115.99,138.21,69.44,87.67,0.0
Human Dominant_9,R3,2026-08-23T11:51:05.083136Z,behavior_monitor,7,846,550,405,696,760,564,465.4,87.2,379.41,system,NA,0.158,2.83,148.21,129.41,0.0,87.67,0.0
Human Dominant_9,R3,2026-08-23T11:51:05.354111Z,shot_hit,7,800,561,442,695,781,564,382.77,19.49,363.56,agent,NA,0.048,2.83,169.12,129.41,0.0,0.0,0.0
Human Dominant_9,R3,2026-08-23T11:51:05.354680Z,flight_spawn,8,774,-20,442,695,781,564,788.97,584.94,363.56,system,NA,0.426,2.83,135.0,129.41,0.0,0.0,0.0
Human Dominant_9,R3,2026-08-23T11:51:06.247705Z,human_signal,8,771,107,461,695,747,565,665.19,458.87,314.09,human,your_turn,0.408,2.83,54.56,0.0,0.0,0.0,180.0
Human Dominant_9,R3,2026-08-23T11:51:06.248731Z,behavior_monitor,8,771,107,461,695,747,565,665.19,458.87,314.09,system,NA,0.408,2.83,54.56,0.0,0.0,76.24,0.0
Human Dominant_9,R3,2026-08-23T11:51:06.249123Z,human_signal,8,773,109,461,695,747,565,663.69,456.63,314.09,human,your_turn,0.408,2.83,54.56,0.0,0.0,76.24,0.0
Human Dominant_9,R3,2026-08-23T11:51:06.758688Z,behavior_monitor,8,819,176,471,699,792,565,628.47,390.04,347.77,system,NA,0.383,2.83,54.56,132.57,28.31,87.67,0.0
Human Dominant_9,R3,2026-08-23T11:51:07.266699Z,behavior_monitor,8,839,256,531,733,820,565,568.35,309.12,334.73,system,NA,0.352,2.83,125.11,129.41,0.0,0.0,0.0
Human Dominant_9,R3,2026-08-23T11:51:07.773348Z,behavior_monitor,8,790,325,561,685,779,565,426.55,239.69,249.4,system,NA,0.36,2.83,125.11,143.24,-118.88,87.67,180.0
Human Dominant_9,R3,2026-08-23T11:51:08.279249Z,behavior_monitor,8,760,401,498,675,743,566,378.59,165.8,268.3,system,NA,0.305,2.83,122.86,129.41,180.0,87.67,180.0
Human Dominant_9,R3,2026-08-23T11:51:08.784545Z,behavior_monitor,8,745,483,433,687,728,565,373.6,83.91,320.03,system,NA,0.183,2.83,127.69,138.99,150.31,87.67,180.0
Human Dominant_9,R3,2026-08-23T11:51:09.122528Z,shot_miss,8,707,530,398,722,696,565,363.58,36.34,337.23,agent,NA,0.091,2.83,127.69,138.5,123.3,87.67,180.0
Human Dominant_9,R3,2026-08-23T11:51:09.292550Z,behavior_monitor,8,689,550,386,740,683,565,357.11,16.04,344.43,system,NA,0.043,2.83,127.69,139.22,124.37,87.67,180.0
Human Dominant_9,R3,2026-08-23T11:51:09.326171Z,shot_hit,8,684,557,382,745,679,566,355.54,9.8,347.04,agent,NA,0.027,2.83,155.37,139.17,127.72,87.67,180.0
Human Dominant_9,R3,2026-08-23T11:51:09.326556Z,flight_spawn,9,1121,-20,382,745,679,566,1064.43,734.32,347.04,system,NA,0.408,3.02,131.4,139.17,127.72,87.67,180.0
Human Dominant_9,R3,2026-08-23T11:51:10.391234Z,human_signal,9,985,109,434,703,734,566,810.5,521.91,329.6,human,your_turn,0.392,3.02,140.61,137.5,0.0,81.0,0.0
Human Dominant_9,R3,2026-08-23T11:51:10.392155Z,behavior_monitor,9,985,109,434,703,734,566,810.5,521.91,329.6,system,NA,0.392,3.02,140.61,129.41,0.0,76.24,0.0
Human Dominant_9,R3,2026-08-23T11:51:10.392623Z,human_signal,9,983,111,436,703,734,566,806.15,519.21,327.6,human,your_turn,0.392,3.02,140.61,129.41,0.0,76.24,0.0
Human Dominant_9,R3,2026-08-23T11:51:10.897532Z,behavior_monitor,9,913,166,441,680,779,566,697.59,421.66,356.8,system,NA,0.377,3.02,140.61,140.94,-156.67,87.67,0.0
Human Dominant_9,R3,2026-08-23T11:51:11.405696Z,behavior_monitor,9,837,204,375,689,818,565,668.95,361.43,459.42,system,NA,0.351,3.02,131.13,137.86,153.46,0.0,0.0
Human Dominant_9,R3,2026-08-23T11:51:11.911336Z,behavior_monitor,9,782,277,313,721,775,565,645.85,288.06,487.67,system,NA,0.308,3.02,108.22,137.82,152.91,87.67,180.0
Human Dominant_9,R3,2026-08-23T11:51:12.419733Z,behavior_monitor,9,762,363,268,766,746,564,637.41,202.1,518.63,system,NA,0.241,3.02,111.35,129.41,90.0,0.0,180.0
Human Dominant_9,R3,2026-08-23T11:51:12.926179Z,behavior_monitor,9,697,431,302,814,702,565,550.19,133.71,471.42,system,NA,0.196,3.02,133.71,129.41,0.0,87.67,180.0
Human Dominant_9,R3,2026-08-23T11:51:13.430644Z,behavior_monitor,9,628,487,318,758,657,565,411.52,82.66,390.36,system,NA,0.167,3.02,155.61,135.43,-114.6,87.67,180.0
Human Dominant_9,R3,2026-08-23T11:51:13.939164Z,behavior_monitor,9,547,525,306,693,612,564,293.44,76.46,331.84,system,NA,0.207,3.02,155.61,129.41,-90.0,87.67,180.0
Human Dominant_9,R3,2026-08-23T11:51:14.447580Z,behavior_monitor,9,459,561,352,654,568,565,141.68,108.71,233.09,system,NA,0.434,3.02,131.95,151.7,-47.81,93.15,180.0
Human Dominant_9,R3,2026-08-23T11:51:14.670386Z,human_signal,9,433,595,374,629,548,584,67.97,115.57,179.87,human,i_can,0.63,3.02,104.17,140.67,-49.75,150.04,125.75
Human Dominant_9,R3,2026-08-23T11:51:14.942169Z,shot_miss,9,423,639,388,618,527,612,40.91,108.31,139.86,human,NA,0.726,3.02,104.17,126.85,54.27,121.96,140.2
Human Dominant_9,R3,2026-08-23T11:51:14.959835Z,behavior_monitor,9,421,642,388,620,526,614,39.67,108.71,137.83,system,NA,0.733,3.02,104.17,113.35,68.78,123.22,125.75
Human Dominant_9,R3,2026-08-23T11:51:15.111978Z,shot_miss,9,414,668,390,639,514,630,37.63,107.81,125.07,human,NA,0.741,3.02,104.17,129.41,90.0,130.47,125.75
Human Dominant_9,R3,2026-08-23T11:51:15.280867Z,shot_miss,9,408,698,390,661,502,648,40.64,105.92,112.57,human,NA,0.723,3.02,104.17,129.41,90.0,130.47,125.75
Human Dominant_9,R3,2026-08-23T11:51:15.449075Z,shot_miss,9,399,727,390,683,489,666,44.54,108.42,100.24,human,NA,0.709,3.02,104.17,129.41,90.0,130.47,125.75
Human Dominant_9,R3,2026-08-23T11:51:15.466037Z,behavior_monitor,9,398,730,390,686,487,668,45.05,108.92,99.03,system,NA,0.707,3.02,104.17,129.41,90.0,130.47,125.75
Human Dominant_9,R3,2026-08-23T11:51:15.602705Z,shot_miss,9,398,754,390,703,477,683,50.95,105.89,89.44,human,NA,0.675,3.02,107.35,129.41,90.0,154.0,119.51
Human Dominant_9,R3,2026-08-23T11:51:15.769141Z,conflict,9,388,785,387,727,463,703,57.83,111.49,79.85,system,NA,0.658,3.02,107.35,134.49,105.8,130.47,125.75
Human Dominant_9,R3,2026-08-23T11:51:15.973374Z,behavior_monitor,9,377,817,387,727,463,703,90.06,142.69,79.85,system,NA,0.613,3.02,107.35,0.0,106.36,0.0,125.75
Human Dominant_9,R3,2026-08-23T11:51:16.479646Z,behavior_monitor,9,316,878,377,741,455,724,150.31,207.49,80.14,system,NA,0.58,3.02,163.49,83.16,128.92,114.46,112.33
Human Dominant_9,R3,2026-08-23T11:51:16.784488Z,conflict,9,262,895,359,761,439,758,165.59,223.29,79.42,system,NA,0.574,3.02,163.49,82.33,133.93,119.7,117.8
Human Dominant_9,R3,2026-08-23T11:51:16.987041Z,behavior_monitor,9,230,904,359,761,439,758,193.13,254.67,79.42,system,NA,0.569,3.02,163.49,0.0,121.76,0.0,125.75
Human Dominant_9,R3,2026-08-23T11:51:17.423821Z,flight_missed,9,173,953,349,767,428,775,256.18,311.42,79.95,system,NA,0.549,3.02,117.65,70.31,161.08,129.43,125.11
Human Dominant_9,R3,2026-08-23T11:51:17.424522Z,flight_spawn,10,1145,-20,349,767,428,775,1119.62,1070.5,79.95,system,NA,0.489,2.93,46.9,70.31,161.08,129.43,125.11
Human Dominant_9,R3,2026-08-23T11:51:18.301544Z,human_signal,10,1263,48,310,744,468,720,1179.58,1041.21,159.15,human,your_turn,0.469,2.93,8.81,64.71,-90.0,130.47,-54.25
Human Dominant_9,R3,2026-08-23T11:51:18.301967Z,behavior_monitor,10,1263,48,310,744,468,720,1179.58,1041.21,159.15,system,NA,0.469,2.93,8.81,129.41,-90.0,130.47,-54.25
Human Dominant_9,R3,2026-08-23T11:51:18.302262Z,human_signal,10,1266,49,310,741,468,720,1179.94,1042.74,158.84,human,your_turn,0.469,2.93,8.81,129.41,-90.0,130.47,-54.25
Human Dominant_9,R3,2026-08-23T11:51:18.812435Z,behavior_monitor,10,1347,62,294,681,513,658,1221.14,1025.68,219.46,system,NA,0.457,2.93,8.81,137.83,-135.1,150.04,-54.25
Human Dominant_9,R3,2026-08-23T11:51:19.318496Z,behavior_monitor,10,1434,75,348,672,557,597,1239.6,1020.23,222.66,system,NA,0.451,2.93,8.81,142.08,14.59,159.42,-54.25
Human Dominant_9,R3,2026-08-23T11:51:19.823479Z,behavior_monitor,10,1408,86,384,717,602,566,1202.7,937.99,265.23,system,NA,0.438,1.78,171.61,141.25,135.76,87.67,0.0
Human Dominant_9,R3,2026-08-23T11:51:20.329627Z,behavior_monitor,10,1362,117,387,700,647,566,1135.61,843.99,292.38,system,NA,0.426,1.78,142.24,133.78,50.17,87.67,0.0
Human Dominant_9,R3,2026-08-23T11:51:20.831936Z,behavior_monitor,10,1324,150,358,722,692,565,1122.36,756.23,368.7,system,NA,0.403,1.78,142.24,129.41,-90.0,87.67,0.0
Human Dominant_9,R3,2026-08-23T11:51:21.340516Z,behavior_monitor,10,1306,198,367,705,737,565,1067.28,677.34,395.58,system,NA,0.388,1.78,122.66,0.0,-53.14,87.67,0.0
Human Dominant_9,R3,2026-08-23T11:51:21.851097Z,behavior_monitor,10,1295,249,420,724,782,565,995.07,602.52,394.84,system,NA,0.377,1.78,96.25,134.91,19.49,87.67,0.0
Human Dominant_9,R3,2026-08-23T11:51:22.358596Z,behavior_monitor,10,1288,301,486,745,827,565,917.5,531.61,386.02,system,NA,0.367,1.78,117.48,133.88,14.85,87.67,0.0
Human Dominant_9,R3,2026-08-23T11:51:22.865509Z,behavior_monitor,10,1267,351,489,746,872,566,872.15,449.28,423.23,system,NA,0.34,1.78,127.15,0.0,0.0,87.67,0.0
Human Dominant_9,R3,2026-08-23T11:51:27.726308Z,shot_hit,10,1333,781,489,746,1300,775,845.06,33.52,811.82,agent,NA,0.038,1.78,113.03,0.0,0.0,150.04,54.25
Human Dominant_9,R3,2026-08-23T11:51:27.727542Z,flight_spawn,11,648,-20,489,746,1300,775,782.91,1028.58,811.82,system,NA,0.568,3.29,52.52,0.0,0.0,150.04,54.25
Human Dominant_9,R3,2026-08-23T11:51:29.030496Z,human_signal,11,805,158,570,746,1225,671,633.11,662.92,659.83,human,your_turn,0.511,3.29,81.21,129.41,0.0,130.47,-125.75
Human Dominant_9,R3,2026-08-23T11:51:29.031336Z,behavior_monitor,11,805,158,570,746,1225,671,633.11,662.92,659.83,system,NA,0.511,3.29,81.21,129.41,0.0,130.47,-125.75
Human Dominant_9,R3,2026-08-23T11:51:29.031695Z,human_signal,11,805,161,572,746,1225,671,629.61,659.84,657.64,human,your_turn,0.512,3.29,81.21,129.41,0.0,130.47,-125.75
Human Dominant_9,R3,2026-08-23T11:51:29.538681Z,behavior_monitor,11,781,247,621,746,1180,608,524.42,538.76,576.04,system,NA,0.507,3.29,124.73,0.0,0.0,150.04,-125.75
Human Dominant_9,R3,2026-08-23T11:51:30.044945Z,behavior_monitor,11,747,338,621,746,1136,564,427.27,450.56,546.45,system,NA,0.513,3.29,104.72,0.0,0.0,67.15,-174.97
Human Dominant_9,R3,2026-08-23T11:51:30.045982Z,human_signal,11,746,341,621,746,1136,564,424.03,449.55,546.45,human,i_can,0.515,3.29,104.72,0.0,0.0,67.15,-174.97
Human Dominant_9,R3,2026-08-23T11:51:30.550536Z,behavior_monitor,11,723,432,661,729,1098,564,303.29,397.85,467.39,system,NA,0.567,3.29,80.86,148.19,-51.7,81.0,180.0
Human Dominant_9,R3,2026-08-23T11:51:31.058561Z,behavior_monitor,11,786,497,702,671,1059,564,193.16,281.09,372.8,system,NA,0.593,3.29,32.76,140.01,-41.06,76.24,180.0
Human Dominant_9,R3,2026-08-23T11:51:31.564501Z,behavior_monitor,11,827,582,760,695,1021,571,132.09,194.24,289.1,system,NA,0.595,3.29,76.87,137.08,38.84,130.47,125.75
Human Dominant_9,R3,2026-08-23T11:51:32.072991Z,behavior_monitor,11,832,678,817,736,982,625,59.52,159.52,199.28,system,NA,0.728,3.29,98.98,136.54,27.26,130.47,125.75
Human Dominant_9,R3,2026-08-23T11:51:32.241366Z,shot_hit,11,827,711,830,736,970,643,25.81,158.29,167.73,human,NA,0.86,3.29,98.98,103.83,-90.0,138.63,125.75
Human Dominant_9,R3,2026-08-23T11:51:32.241928Z,flight_spawn,12,391,-20,830,736,970,643,875.19,880.51,167.73,system,NA,0.502,2.83,135.0,103.83,-90.0,138.63,125.75
Human Dominant_9,R3,2026-08-23T11:51:36.254441Z,shot_hit,12,338,581,335,601,692,572,20.28,354.29,358.67,human,NA,0.946,2.83,75.29,144.83,-130.48,138.63,125.75
Human Dominant_9,R3,2026-08-23T11:51:36.255025Z,flight_spawn,13,944,-20,335,601,692,572,870.24,644.1,358.67,system,NA,0.425,3.14,50.37,144.83,-130.48,138.63,125.75
Human Dominant_9,R3,2026-08-23T11:51:37.131191Z,human_signal,13,1093,35,401,550,699,565,861.79,660.3,297.78,human,i_can,0.434,3.14,30.11,135.46,20.43,76.24,0.0
Human Dominant_9,R3,2026-08-23T11:51:37.147465Z,behavior_monitor,13,1093,35,401,550,700,565,861.79,659.53,299.08,system,NA,0.434,3.14,30.11,144.57,22.96,81.0,0.0
Human Dominant_9,R3,2026-08-23T11:51:37.537135Z,human_signal,13,1158,67,449,574,730,565,871.09,656.67,280.63,human,your_turn,0.43,3.14,8.74,137.86,27.59,76.24,0.0
Human Dominant_9,R3,2026-08-23T11:51:37.537760Z,human_signal,13,1161,68,451,575,730,565,872.25,658.31,278.59,human,your_turn,0.43,3.14,8.74,146.47,27.59,81.0,0.0
Human Dominant_9,R3,2026-08-23T11:51:37.656102Z,behavior_monitor,13,1178,75,464,581,740,566,875.66,657.72,276.75,system,NA,0.429,3.14,37.78,137.86,27.59,87.67,0.0
Human Dominant_9,R3,2026-08-23T11:51:38.165685Z,behavior_monitor,13,1239,142,525,616,784,566,857.52,621.7,264.4,system,NA,0.42,3.14,82.99,129.65,42.44,82.8,0.0
Human Dominant_9,R3,2026-08-23T11:51:38.671729Z,behavior_monitor,13,1204,229,571,669,829,566,771.34,504.08,278.36,system,NA,0.395,3.14,112.93,129.7,50.66,82.8,0.0
Human Dominant_9,R3,2026-08-23T11:51:39.175788Z,behavior_monitor,13,1168,316,582,731,873,566,718.48,386.82,334.9,system,NA,0.35,3.14,112.93,143.66,121.43,87.67,0.0
Human Dominant_9,R3,2026-08-23T11:51:39.684641Z,behavior_monitor,13,1171,407,532,785,918,566,742.3,298.38,444.07,system,NA,0.287,3.14,110.94,144.09,141.02,87.67,0.0
Human Dominant_9,R3,2026-08-23T11:51:40.192132Z,behavior_monitor,13,1106,471,479,803,963,565,709.86,171.11,539.73,system,NA,0.194,3.14,110.55,0.0,180.0,87.67,0.0
Human Dominant_9,R3,2026-08-23T11:51:40.701122Z,behavior_monitor,13,1076,560,479,803,1008,565,644.81,67.81,580.87,system,NA,0.095,3.14,84.8,0.0,180.0,87.67,0.0
Human Dominant_9,R3,2026-08-23T11:51:41.155989Z,shot_miss,13,1088,648,505,803,1050,617,602.95,48.76,576.01,agent,NA,0.075,3.14,84.8,129.41,0.0,150.04,54.25
Human Dominant_9,R3,2026-08-23T11:51:41.206691Z,behavior_monitor,13,1089,654,510,803,1053,621,598.01,48.61,573.34,system,NA,0.075,3.14,84.8,129.41,0.0,150.04,54.25
Human Dominant_9,R3,2026-08-23T11:51:41.528455Z,shot_miss,13,1079,714,554,812,1063,662,534.82,54.13,531.3,agent,NA,0.092,3.14,114.77,143.17,16.18,159.42,125.75
Human Dominant_9,R3,2026-08-23T11:51:41.714137Z,behavior_monitor,13,1064,742,576,819,1049,682,494.05,61.6,492.46,system,NA,0.111,3.14,114.77,135.83,20.81,150.04,125.75
Human Dominant_9,R3,2026-08-23T11:51:42.220457Z,behavior_monitor,13,1001,806,638,851,1004,745,366.07,61.04,381.21,system,NA,0.143,3.14,147.56,136.64,28.04,177.18,127.99
Human Dominant_9,R3,2026-08-23T11:51:42.606215Z,human_signal,13,937,846,688,874,969,793,250.51,62.5,292.98,human,i_can,0.2,3.14,147.56,134.55,22.64,150.04,125.75
Human Dominant_9,R3,2026-08-23T11:51:42.723710Z,behavior_monitor,13,926,859,701,879,960,805,226.08,64.13,269.92,system,NA,0.221,3.14,118.18,133.73,20.62,130.47,125.75
Human Dominant_9,R3,2026-08-23T11:51:43.232187Z,behavior_monitor,13,911,949,765,902,922,859,152.66,90.35,162.24,system,NA,0.372,3.14,77.51,135.92,29.89,130.47,125.75
Human Dominant_9,R3,2026-08-23T11:51:43.233146Z,flight_missed,13,912,952,767,903,920,861,152.45,91.34,158.89,system,NA,0.375,3.14,77.51,135.92,29.89,130.47,125.75
Human Dominant_9,R3,2026-08-23T11:51:43.233590Z,flight_spawn,14,991,-20,767,903,920,861,950.48,884.48,158.89,system,NA,0.482,2.83,45.0,135.92,29.89,130.47,125.75
Human Dominant_9,R3,2026-08-23T11:51:45.217173Z,human_signal,14,1264,130,753,795,1043,692,838.62,603.79,307.57,human,your_turn,0.419,2.83,29.73,129.41,-90.0,130.47,-54.25
Human Dominant_9,R3,2026-08-23T11:51:45.217743Z,behavior_monitor,14,1264,130,753,795,1043,692,838.62,603.79,307.57,system,NA,0.419,2.83,29.73,129.41,-90.0,130.47,-54.25
Human Dominant_9,R3,2026-08-23T11:51:45.218023Z,human_signal,14,1266,132,753,793,1043,692,836.87,603.15,306.84,human,your_turn,0.419,2.83,29.73,129.41,-90.0,130.47,-54.25
Human Dominant_9,R3,2026-08-23T11:51:45.724394Z,behavior_monitor,14,1342,160,734,732,1087,630,835.48,534.96,368.19,system,NA,0.39,2.83,0.72,139.28,-135.41,150.04,-54.25
Human Dominant_9,R3,2026-08-23T11:51:46.233169Z,behavior_monitor,14,1426,184,678,687,1132,568,901.39,483.66,469.25,system,NA,0.349,2.83,21.3,139.67,-141.92,150.04,-54.25
Human Dominant_9,R3,2026-08-23T11:51:46.739025Z,behavior_monitor,14,1418,215,644,647,1177,566,886.64,425.15,539.57,system,NA,0.324,1.89,122.24,58.78,-90.0,87.67,0.0
Human Dominant_9,R3,2026-08-23T11:51:47.245397Z,behavior_monitor,14,1388,260,644,624,1222,566,828.56,348.14,581.49,system,NA,0.296,1.89,152.06,0.0,-90.0,87.67,0.0
Human Dominant_9,R3,2026-08-23T11:51:47.753895Z,behavior_monitor,14,1335,286,659,624,1267,566,755.2,287.88,610.17,system,NA,0.276,1.89,152.06,33.49,180.0,87.67,0.0
Human Dominant_9,R3,2026-08-23T11:51:48.261337Z,behavior_monitor,14,1287,313,638,624,1271,565,719.89,252.77,635.34,system,NA,0.26,1.89,152.06,88.42,180.0,87.67,180.0
Human Dominant_9,R3,2026-08-23T11:51:48.767426Z,behavior_monitor,14,1249,354,605,615,1232,565,694.75,212.07,628.3,system,NA,0.234,1.89,119.32,0.0,-120.44,87.67,180.0
Human Dominant_9,R3,2026-08-23T11:51:49.275256Z,behavior_monitor,14,1214,397,605,559,1199,565,629.78,169.22,593.73,system,NA,0.212,1.89,148.19,137.5,-90.0,93.15,180.0
Human Dominant_9,R3,2026-08-23T11:51:49.782673Z,behavior_monitor,14,1180,439,594,493,1165,565,588.56,126.85,575.29,system,NA,0.177,1.89,149.66,129.87,-105.18,87.67,180.0
Human Dominant_9,R3,2026-08-23T11:51:50.730590Z,shot_miss,14,1141,524,593,467,1117,565,550.58,46.8,532.76,agent,NA,0.078,1.89,52.78,0.0,-90.0,87.67,0.0
Human Dominant_9,R3,2026-08-23T11:51:51.086387Z,shot_hit,14,1160,556,593,467,1136,565,573.39,25.43,551.36,agent,NA,0.042,1.89,52.78,0.0,-90.0,0.0,12.06
Human Dominant_9,R3,2026-08-23T11:51:51.086761Z,flight_spawn,15,1422,-20,593,467,1136,565,961.32,651.41,551.36,system,NA,0.404,2.83,45.0,0.0,-90.0,0.0,12.06
Human Dominant_9,R3,2026-08-23T11:51:52.477355Z,human_signal,15,1400,113,593,407,1199,565,858.11,494.46,626.26,human,your_turn,0.366,1.89,87.8,0.0,-90.0,76.24,0.0
Human Dominant_9,R3,2026-08-23T11:51:52.478064Z,behavior_monitor,15,1400,113,593,407,1199,565,858.11,494.46,626.26,system,NA,0.366,1.89,87.8,0.0,-90.0,76.24,0.0
Human Dominant_9,R3,2026-08-23T11:51:52.478498Z,human_signal,15,1400,115,593,407,1199,565,858.28,493.09,626.26,human,your_turn,0.365,1.89,87.8,0.0,-90.0,76.24,0.0
Human Dominant_9,R3,2026-08-23T11:51:52.986550Z,behavior_monitor,15,1416,163,593,407,1244,566,857.68,437.68,670.15,system,NA,0.338,1.89,45.91,0.0,-90.0,87.67,0.0
Human Dominant_9,R3,2026-08-23T11:51:53.492780Z,behavior_monitor,15,1438,190,604,403,1289,565,860.88,403.74,704.07,system,NA,0.319,1.3,142.9,132.57,-24.65,87.67,0.0
Human Dominant_9,R3,2026-08-23T11:51:54.000282Z,behavior_monitor,15,1407,205,659,359,1334,565,763.03,366.89,705.09,system,NA,0.325,1.3,91.11,149.54,-45.51,93.15,0.0
Human Dominant_9,R3,2026-08-23T11:51:54.512032Z,behavior_monitor,15,1416,242,711,322,1378,565,709.59,325.33,709.99,system,NA,0.314,1.3,64.08,105.53,0.0,87.67,0.0
Human Dominant_9,R3,2026-08-23T11:51:55.019275Z,behavior_monitor,15,1418,279,741,322,1396,565,678.28,286.41,698.19,system,NA,0.297,1.3,67.91,0.0,0.0,0.0,0.0
Human Dominant_9,R3,2026-08-23T11:51:55.526051Z,behavior_monitor,15,1434,315,711,322,1410,565,722.44,250.58,740.34,system,NA,0.258,1.3,67.91,129.41,180.0,0.0,0.0
Human Dominant_9,R3,2026-08-23T11:51:56.032946Z,behavior_monitor,15,1443,340,645,322,1426,565,797.5,224.92,817.52,system,NA,0.22,0.81,158.87,129.41,180.0,0.0,0.0
Human Dominant_9,R3,2026-08-23T11:51:56.542246Z,behavior_monitor,15,1419,349,601,327,1402,565,817.61,216.01,835.12,system,NA,0.209,0.81,155.25,155.07,145.09,0.0,180.0
Human Dominant_9,R3,2026-08-23T11:51:57.050651Z,behavior_monitor,15,1392,355,544,358,1375,565,847.96,210.54,856.01,system,NA,0.199,0.81,176.63,139.1,137.98,87.67,180.0
Human Dominant_9,R3,2026-08-23T11:52:01.976682Z,shot_miss,15,1355,514,562,379,1332,565,804.38,56.35,791.76,agent,NA,0.065,0.81,15.69,0.0,-90.0,0.0,0.0
Human Dominant_9,R3,2026-08-23T11:52:02.282084Z,shot_miss,15,1362,523,562,379,1339,565,812.98,47.71,799.01,agent,NA,0.055,0.81,61.09,0.0,-90.0,0.0,0.0
Human Dominant_9,R3,2026-08-23T11:52:02.484079Z,shot_miss,15,1367,532,562,379,1344,564,819.53,40.09,803.29,agent,NA,0.047,0.81,61.09,0.0,-90.0,34.64,-57.73
Human Dominant_9,R3,2026-08-23T11:52:04.283295Z,shot_hit,15,1364,612,562,379,1348,608,835.53,16.87,818.67,agent,NA,0.02,0.81,93.84,0.0,-90.0,0.0,90.0
Human Dominant_9,R3,2026-08-23T11:52:04.283854Z,flight_spawn,16,1114,-20,562,379,1348,608,681.19,670.59,818.67,system,NA,0.496,3.13,129.67,0.0,-90.0,0.0,90.0
Human Dominant_9,R3,2026-08-23T11:52:07.442448Z,human_signal,16,979,521,837,517,1153,564,142.91,178.95,320.13,human,your_turn,0.556,3.13,108.45,136.08,67.4,68.28,-165.76
Human Dominant_9,R3,2026-08-23T11:52:07.443128Z,behavior_monitor,16,979,521,837,517,1153,564,142.91,178.95,320.13,system,NA,0.556,3.13,108.45,135.9,67.59,76.24,180.0
Human Dominant_9,R3,2026-08-23T11:52:07.443690Z,human_signal,16,978,524,837,519,1153,564,140.5,179.84,318.99,human,your_turn,0.561,3.13,108.45,135.9,67.59,76.24,180.0
Human Dominant_9,R3,2026-08-23T11:52:07.947169Z,behavior_monitor,16,955,608,829,582,1108,595,129.13,153.54,279.86,system,NA,0.543,3.13,127.32,133.66,69.26,150.04,125.75
Human Dominant_9,R3,2026-08-23T11:52:08.319293Z,shot_miss,16,889,635,848,628,1075,631,42.01,185.86,227.27,human,NA,0.816,3.13,175.6,142.54,66.81,159.42,125.75
Human Dominant_9,R3,2026-08-23T11:52:08.454008Z,behavior_monitor,16,863,637,855,645,1063,633,11.4,200.08,208.5,system,NA,0.946,3.13,175.6,134.15,66.81,150.04,125.75
Human Dominant_9,R3,2026-08-23T11:52:08.488191Z,shot_hit,16,857,637,857,649,1060,633,11.72,203.64,204.03,human,NA,0.946,3.13,175.6,133.97,66.78,87.67,180.0
Human Dominant_9,R3,2026-08-23T11:52:08.488749Z,flight_spawn,17,809,-20,857,649,1060,633,671.28,700.0,204.03,system,NA,0.51,3.2,51.37,133.97,66.78,87.67,180.0
Human Dominant_9,R3,2026-08-23T11:52:10.854241Z,human_signal,17,1053,274,618,535,995,566,507.15,297.68,378.53,human,your_turn,0.37,3.2,26.11,137.1,-158.16,49.3,-7.78
Human Dominant_9,R3,2026-08-23T11:52:10.855229Z,behavior_monitor,17,1053,274,618,535,995,566,507.15,297.68,378.53,system,NA,0.37,3.2,26.11,137.04,-158.22,76.24,0.0
Human Dominant_9,R3,2026-08-23T11:52:10.855528Z,human_signal,17,1056,276,615,534,995,566,510.58,296.93,380.76,human,your_turn,0.368,3.2,2.1,137.04,-158.22,76.24,0.0
Human Dominant_9,R3,2026-08-23T11:52:11.362707Z,behavior_monitor,17,1144,305,552,510,1040,566,626.49,281.93,490.25,system,NA,0.31,3.2,25.76,136.0,-162.09,87.67,0.0
Human Dominant_9,R3,2026-08-23T11:52:11.867100Z,behavior_monitor,17,1224,357,523,491,1084,567,713.82,252.13,566.7,system,NA,0.261,3.2,48.85,37.4,-90.0,93.15,0.0
Human Dominant_9,R3,2026-08-23T11:52:12.373998Z,behavior_monitor,17,1266,439,523,473,1129,566,743.93,186.54,613.08,system,NA,0.2,3.2,45.74,33.99,-90.0,69.43,-0.75
Human Dominant_9,R3,2026-08-23T11:52:12.881509Z,behavior_monitor,17,1323,515,523,465,1173,566,801.65,157.79,658.48,system,NA,0.164,3.2,40.77,0.0,-90.0,87.67,0.0
Human Dominant_9,R3,2026-08-23T11:52:13.388273Z,behavior_monitor,17,1394,578,523,465,1218,572,878.92,176.33,703.61,system,NA,0.167,3.2,40.77,0.0,-90.0,150.04,54.25
Human Dominant_9,R3,2026-08-23T11:52:13.895335Z,behavior_monitor,17,1442,640,523,465,1264,634,936.17,178.47,760.25,system,NA,0.16,2.02,136.51,0.0,-90.0,150.04,54.25
Human Dominant_9,R3,2026-08-23T11:52:14.401605Z,behavior_monitor,17,1404,683,523,465,1309,677,907.88,95.3,814.37,system,NA,0.095,2.02,161.18,0.0,-90.0,87.67,0.0
Human Dominant_9,R3,2026-08-23T11:52:14.757685Z,shot_hit,17,1360,689,523,465,1338,684,867.22,22.8,844.43,agent,NA,0.026,2.02,174.03,0.0,-90.0,0.0,0.0
Human Dominant_9,R3,2026-08-23T11:52:14.758243Z,flight_spawn,18,271,-20,523,465,1338,684,546.77,1278.22,844.43,system,NA,0.7,2.83,135.0,0.0,-90.0,0.0,0.0
Human Dominant_9,R3,2026-08-23T11:52:16.513153Z,human_signal,18,68,186,381,497,1260,576,441.94,1254.18,882.0,human,i_can,0.739,2.83,142.45,129.41,180.0,0.0,-125.75
Human Dominant_9,R3,2026-08-23T11:52:16.529955Z,behavior_monitor,18,68,186,381,497,1260,576,441.94,1254.18,882.0,system,NA,0.739,2.83,142.45,129.41,180.0,0.0,-125.75
Human Dominant_9,R3,2026-08-23T11:52:17.037664Z,behavior_monitor,18,40,210,315,497,1256,571,397.18,1268.28,943.49,system,NA,0.762,1.71,12.96,134.02,-164.93,130.47,-125.75
Human Dominant_9,R3,2026-08-23T11:52:17.547462Z,behavior_monitor,18,94,219,260,456,1217,565,289.1,1175.01,963.08,system,NA,0.803,1.71,8.64,134.95,-119.68,76.24,180.0
Human Dominant_9,R3,2026-08-23T11:52:18.050005Z,behavior_monitor,18,144,228,270,390,1179,565,206.1,1088.44,924.93,system,NA,0.841,1.71,15.18,138.24,-60.61,76.24,180.0
Human Dominant_9,R3,2026-08-23T11:52:18.558747Z,behavior_monitor,18,191,241,306,329,1147,565,145.02,1009.18,873.1,system,NA,0.874,1.71,15.18,137.84,-63.06,0.0,180.0
Human Dominant_9,R3,2026-08-23T11:52:19.065888Z,behavior_monitor,18,240,253,308,322,1122,565,97.01,935.51,849.44,system,NA,0.906,1.71,13.22,0.0,-90.0,76.24,180.0
Human Dominant_9,R3,2026-08-23T11:52:19.574695Z,behavior_monitor,18,290,265,342,322,1083,567,76.53,848.44,780.91,system,NA,0.917,1.71,7.97,50.26,0.0,76.24,180.0
Human Dominant_9,R3,2026-08-23T11:52:20.081606Z,behavior_monitor,18,343,272,403,322,1045,565,77.72,760.11,686.1,system,NA,0.907,1.71,7.97,122.29,0.0,76.24,180.0
Human Dominant_9,R3,2026-08-23T11:52:20.593119Z,behavior_monitor,18,385,297,459,322,1005,565,78.12,675.71,597.94,system,NA,0.896,1.71,53.86,0.0,0.0,76.24,180.0
Human Dominant_9,R3,2026-08-23T11:52:20.982182Z,shot_hit,18,400,332,414,322,975,565,17.75,620.37,611.58,human,NA,0.972,1.71,53.11,129.41,180.0,76.24,180.0
Human Dominant_9,R3,2026-08-23T11:52:20.982629Z,flight_spawn,19,1282,-20,414,322,975,565,932.28,661.07,611.58,system,NA,0.415,3.07,49.31,129.41,180.0,76.24,180.0
Human Dominant_9,R3,2026-08-23T11:52:22.286994Z,human_signal,19,1396,161,362,447,1045,565,1072.98,535.27,693.15,human,your_turn,0.333,3.07,116.23,136.9,69.4,76.24,0.0
Human Dominant_9,R3,2026-08-23T11:52:22.288018Z,behavior_monitor,19,1396,161,362,447,1045,565,1072.98,535.27,693.15,system,NA,0.333,3.07,116.23,136.9,69.4,76.24,0.0
Human Dominant_9,R3,2026-08-23T11:52:22.288414Z,human_signal,19,1394,164,363,449,1045,565,1069.99,531.81,691.97,human,your_turn,0.332,3.07,116.23,136.9,69.4,76.24,0.0
Human Dominant_9,R3,2026-08-23T11:52:22.796758Z,behavior_monitor,19,1327,216,387,511,1089,565,984.61,421.93,703.88,system,NA,0.3,3.07,170.75,136.59,68.26,87.67,0.0
Human Dominant_9,R3,2026-08-23T11:52:23.304652Z,behavior_monitor,19,1235,234,415,575,1134,565,888.06,346.15,718.6,system,NA,0.28,3.07,168.41,137.95,58.61,87.67,0.0
Human Dominant_9,R3,2026-08-23T11:52:23.812891Z,behavior_monitor,19,1146,259,478,572,1144,565,737.44,306.38,666.01,system,NA,0.294,3.07,159.89,136.43,-18.46,87.67,180.0
Human Dominant_9,R3,2026-08-23T11:52:24.318103Z,behavior_monitor,19,1075,315,544,556,1100,565,583.8,251.51,555.78,system,NA,0.301,3.07,126.23,129.41,0.0,87.67,180.0
Human Dominant_9,R3,2026-08-23T11:52:24.827167Z,behavior_monitor,19,995,358,558,561,1055,565,481.86,215.0,497.39,system,NA,0.309,3.07,154.97,0.0,90.0,87.67,180.0
Human Dominant_9,R3,2026-08-23T11:52:25.334729Z,behavior_monitor,19,913,397,558,561,1010,565,391.06,193.83,452.09,system,NA,0.331,3.07,154.97,0.0,90.0,87.67,180.0
Human Dominant_9,R3,2026-08-23T11:52:25.553955Z,human_signal,19,915,433,558,561,990,565,378.95,152.58,432.63,human,i_can,0.287,3.07,59.33,0.0,90.0,96.15,165.17
Human Dominant_9,R3,2026-08-23T11:52:25.843122Z,behavior_monitor,19,940,475,558,561,969,565,391.27,94.45,410.95,system,NA,0.194,3.07,59.33,0.0,90.0,76.24,180.0
Human Dominant_9,R3,2026-08-23T11:52:25.977523Z,human_signal,19,951,496,558,561,958,565,398.76,69.1,400.58,human,your_turn,0.148,3.07,59.33,0.0,90.0,76.24,180.0
Human Dominant_9,R3,2026-08-23T11:52:25.977959Z,human_signal,19,953,499,558,561,958,565,400.14,66.31,400.58,human,your_turn,0.142,3.07,59.33,0.0,90.0,81.0,180.0
Human Dominant_9,R3,2026-08-23T11:52:26.197885Z,shot_miss,19,975,533,558,561,951,564,418.15,38.93,393.74,agent,NA,0.085,3.07,59.33,0.0,90.0,87.67,0.0
Human Dominant_9,R3,2026-08-23T11:52:26.351608Z,behavior_monitor,19,990,554,558,561,963,564,432.3,28.39,405.66,system,NA,0.062,3.07,59.33,0.0,90.0,87.67,0.0
Human Dominant_9,R3,2026-08-23T11:52:26.470189Z,shot_hit,19,1001,575,558,561,975,568,443.71,26.84,417.64,agent,NA,0.057,3.07,59.33,0.0,90.0,150.04,54.25
Human Dominant_9,R3,2026-08-23T11:52:26.470703Z,flight_spawn,20,1341,-20,558,561,975,568,975.51,693.33,417.64,system,NA,0.415,3.01,131.66,0.0,90.0,150.04,54.25
Human Dominant_9,R3,2026-08-23T11:52:28.161889Z,human_signal,20,1214,244,558,561,1078,565,729.21,348.96,520.76,human,your_turn,0.324,3.01,79.56,0.0,90.0,76.24,0.0
Human Dominant_9,R3,2026-08-23T11:52:28.162566Z,behavior_monitor,20,1214,244,558,561,1078,565,729.21,348.96,520.76,system,NA,0.324,3.01,79.56,0.0,90.0,76.24,0.0
Human Dominant_9,R3,2026-08-23T11:52:28.162914Z,human_signal,20,1214,247,558,561,1078,565,727.82,346.19,520.76,human,your_turn,0.322,3.01,79.56,0.0,90.0,76.24,0.0
Human Dominant_9,R3,2026-08-23T11:52:28.667191Z,behavior_monitor,20,1268,310,558,561,1123,565,752.92,292.84,565.54,system,NA,0.28,3.01,31.69,0.0,90.0,87.67,0.0
Human Dominant_9,R3,2026-08-23T11:52:29.176326Z,behavior_monitor,20,1355,324,558,561,1168,565,831.81,305.2,610.25,system,NA,0.268,3.01,3.27,0.0,90.0,87.67,0.0
Human Dominant_9,R3,2026-08-23T11:52:29.685767Z,behavior_monitor,20,1431,365,558,561,1213,565,894.73,295.88,654.99,system,NA,0.249,3.01,30.32,0.0,90.0,87.67,0.0
Human Dominant_9,R3,2026-08-23T11:52:30.196122Z,behavior_monitor,20,1438,421,558,561,1257,565,890.95,230.64,699.71,system,NA,0.206,2.18,87.86,0.0,90.0,87.67,0.0
Human Dominant_9,R3,2026-08-23T11:52:30.707242Z,behavior_monitor,20,1428,482,558,561,1302,564,873.48,150.03,744.23,system,NA,0.147,2.18,161.13,0.0,90.0,87.67,0.0
Human Dominant_9,R3,2026-08-23T11:52:31.214606Z,behavior_monitor,20,1370,511,558,561,1347,565,814.15,59.4,789.35,system,NA,0.068,2.18,137.46,0.0,90.0,87.67,0.0
Human Dominant_9,R3,2026-08-23T11:52:31.501926Z,shot_hit,20,1348,541,558,561,1332,565,790.4,29.39,774.1,agent,NA,0.036,2.18,114.85,0.0,90.0,0.0,108.84
Human Dominant_9,R4,2026-08-23T11:52:37.264529Z,flight_spawn,1,191,-20,558,561,1332,565,687.26,1282.36,774.1,system,NA,0.651,3.09,49.64,0.0,90.0,0.0,108.84
Human Dominant_9,R4,2026-08-23T11:52:41.741432Z,human_signal,1,235,237,1097,622,275,626,943.8,390.22,821.56,human,your_turn,0.293,3.09,85.74,129.41,-90.0,130.47,-125.75
Human Dominant_9,R4,2026-08-23T11:52:41.742267Z,behavior_monitor,1,235,237,1097,622,275,626,943.8,390.22,821.56,system,NA,0.293,3.09,85.74,129.41,-90.0,130.47,-125.75
Human Dominant_9,R4,2026-08-23T11:52:41.742687Z,human_signal,1,235,240,1097,620,275,626,941.88,387.18,821.58,human,your_turn,0.291,3.09,85.74,129.41,-90.0,130.47,-125.75
Human Dominant_9,R4,2026-08-23T11:52:42.252244Z,behavior_monitor,1,187,310,1097,556,231,565,942.75,259.7,866.01,system,NA,0.216,3.09,136.0,129.41,-90.0,87.67,180.0
Human Dominant_9,R4,2026-08-23T11:52:42.759128Z,behavior_monitor,1,117,374,1096,490,186,565,985.93,203.06,913.03,system,NA,0.171,3.09,136.0,133.56,-104.32,87.67,180.0
Human Dominant_9,R4,2026-08-23T11:52:43.267038Z,behavior_monitor,1,61,444,1071,437,141,565,1010.86,145.01,938.98,system,NA,0.125,3.09,139.0,0.0,-90.0,87.67,180.0
Human Dominant_9,R4,2026-08-23T11:52:43.770573Z,behavior_monitor,1,35,505,1071,437,97,565,1038.35,85.75,983.18,system,NA,0.076,2.46,55.39,0.0,-90.0,87.67,180.0
Human Dominant_9,R4,2026-08-23T11:52:44.126417Z,shot_hit,1,50,557,1071,437,64,565,1028.94,15.94,1015.84,agent,NA,0.015,2.46,81.3,0.0,-90.0,87.67,180.0
Human Dominant_9,R4,2026-08-23T11:52:44.126922Z,flight_spawn,2,842,-20,1071,437,64,565,511.54,973.75,1015.84,system,NA,0.656,3.53,55.49,0.0,-90.0,87.67,180.0
Human Dominant_9,R4,2026-08-23T11:52:45.144900Z,human_signal,2,1003,102,1077,437,119,565,343.15,998.59,967.01,human,i_can,0.744,3.53,11.1,75.8,0.0,81.21,6.8
Human Dominant_9,R4,2026-08-23T11:52:45.161709Z,behavior_monitor,2,1003,102,1077,437,120,565,343.15,997.44,965.73,system,NA,0.744,3.53,11.1,108.7,0.0,76.24,0.0
Human Dominant_9,R4,2026-08-23T11:52:45.670475Z,behavior_monitor,2,1103,147,1143,437,159,564,292.21,1032.04,992.01,system,NA,0.779,3.53,34.66,129.41,0.0,76.24,0.0
Human Dominant_9,R4,2026-08-23T11:52:46.174382Z,behavior_monitor,2,1126,242,1183,437,198,564,202.64,982.09,993.31,system,NA,0.829,3.53,91.26,129.41,180.0,76.24,0.0
Human Dominant_9,R4,2026-08-23T11:52:46.679768Z,behavior_monitor,2,1124,348,1130,421,237,564,73.42,912.79,904.27,system,NA,0.926,3.53,91.26,129.41,-90.0,76.24,0.0
Human Dominant_9,R4,2026-08-23T11:52:46.748465Z,shot_miss,2,1129,361,1130,413,242,564,51.3,910.03,900.59,human,NA,0.947,3.53,64.36,129.41,-90.0,76.24,0.0
Human Dominant_9,R4,2026-08-23T11:52:46.900337Z,shot_hit,2,1144,389,1135,393,253,564,8.97,907.29,898.58,human,NA,0.99,3.53,43.74,133.56,-75.68,76.24,0.0
Human Dominant_9,R4,2026-08-23T11:52:46.901350Z,flight_spawn,3,741,-20,1135,393,253,564,571.75,761.07,898.58,system,NA,0.571,2.83,135.0,133.56,-75.68,76.24,0.0
Human Dominant_9,R4,2026-08-23T11:52:47.830706Z,human_signal,3,605,50,1087,419,269,564,607.29,614.27,830.52,human,i_can,0.503,2.83,140.4,129.41,180.0,76.24,0.0
Human Dominant_9,R4,2026-08-23T11:52:47.847551Z,behavior_monitor,3,605,50,1087,419,270,564,607.29,613.56,829.24,system,NA,0.503,2.83,140.4,129.41,180.0,76.24,0.0
Human Dominant_9,R4,2026-08-23T11:52:48.168906Z,human_signal,3,562,84,1045,419,294,564,588.09,549.23,764.31,human,your_turn,0.483,2.83,140.4,129.41,180.0,76.24,0.0
Human Dominant_9,R4,2026-08-23T11:52:48.169822Z,human_signal,3,560,86,1043,420,294,564,587.39,546.81,762.04,human,your_turn,0.482,2.83,140.4,129.41,180.0,76.24,0.0
Human Dominant_9,R4,2026-08-23T11:52:48.352686Z,behavior_monitor,3,539,104,1031,434,310,564,592.32,513.89,731.82,system,NA,0.465,2.83,117.06,109.87,122.56,87.67,0.0
Human Dominant_9,R4,2026-08-23T11:52:48.863509Z,behavior_monitor,3,484,166,1018,494,356,564,626.6,417.95,665.77,system,NA,0.4,2.83,142.52,129.41,90.0,87.67,0.0
Human Dominant_9,R4,2026-08-23T11:52:49.368805Z,behavior_monitor,3,428,217,991,556,401,564,657.71,348.21,590.49,system,NA,0.346,2.83,128.35,141.66,129.88,87.67,0.0
Human Dominant_9,R4,2026-08-23T11:52:49.876213Z,behavior_monitor,3,361,260,949,615,368,565,687.25,304.98,583.37,system,NA,0.307,2.83,128.52,142.65,122.88,87.67,180.0
Human Dominant_9,R4,2026-08-23T11:52:50.383619Z,behavior_monitor,3,343,338,901,668,325,565,648.54,227.38,585.15,system,NA,0.26,2.83,75.73,140.67,145.75,0.0,180.0
Human Dominant_9,R4,2026-08-23T11:52:50.891245Z,behavior_monitor,3,307,411,890,680,292,564,641.76,154.19,608.51,system,NA,0.194,2.83,122.73,0.0,90.0,87.67,180.0
Human Dominant_9,R4,2026-08-23T11:52:51.395364Z,behavior_monitor,3,273,486,890,680,255,565,646.56,80.87,644.91,system,NA,0.111,2.83,95.07,0.0,90.0,0.0,180.0
Human Dominant_9,R4,2026-08-23T11:52:51.851796Z,shot_hit,3,266,565,890,680,250,565,634.32,16.34,650.38,agent,NA,0.025,2.83,95.07,0.0,90.0,0.0,19.22
Human Dominant_9,R4,2026-08-23T11:52:51.852377Z,flight_spawn,4,781,-20,890,680,250,565,708.45,790.75,650.38,system,NA,0.527,3.59,123.8,0.0,90.0,0.0,19.22
Human Dominant_9,R4,2026-08-23T11:52:53.033561Z,human_signal,4,594,128,864,669,320,565,604.41,515.74,553.6,human,your_turn,0.46,3.59,129.29,129.41,0.0,76.24,0.0
Human Dominant_9,R4,2026-08-23T11:52:53.034312Z,behavior_monitor,4,594,128,864,669,320,565,604.41,515.74,553.6,system,NA,0.46,3.59,129.29,129.41,0.0,76.24,0.0
Human Dominant_9,R4,2026-08-23T11:52:53.034667Z,human_signal,4,591,131,866,669,320,565,604.24,511.83,555.76,human,your_turn,0.459,3.59,129.29,129.41,0.0,76.24,0.0
Human Dominant_9,R4,2026-08-23T11:52:53.539875Z,behavior_monitor,4,527,212,930,672,365,565,611.98,388.86,575.08,system,NA,0.389,3.59,129.29,134.85,17.5,87.67,0.0
Human Dominant_9,R4,2026-08-23T11:52:54.048321Z,behavior_monitor,4,460,295,996,675,409,565,656.31,275.08,596.82,system,NA,0.295,3.59,129.29,129.41,0.0,87.67,0.0
Human Dominant_9,R4,2026-08-23T11:52:54.558014Z,behavior_monitor,4,419,393,1062,675,402,566,701.15,173.3,668.08,system,NA,0.198,3.59,106.59,129.41,0.0,87.67,180.0
Human Dominant_9,R4,2026-08-23T11:52:55.064862Z,behavior_monitor,4,397,497,1083,675,376,566,708.62,71.6,715.22,system,NA,0.092,3.59,78.85,48.53,180.0,0.0,180.0
Human Dominant_9,R4,2026-08-23T11:52:55.451375Z,shot_hit,4,442,564,1045,655,409,565,609.88,32.96,642.31,agent,NA,0.051,3.59,74.8,137.08,-109.25,87.67,0.0
Human Dominant_9,R4,2026-08-23T11:52:55.452221Z,flight_spawn,5,731,-20,1045,655,409,565,744.95,668.46,642.31,system,NA,0.473,3.53,124.49,137.08,-109.25,87.67,0.0
Human Dominant_9,R4,2026-08-23T11:52:56.314237Z,human_signal,5,581,65,1005,558,442,565,650.23,519.9,563.35,human,your_turn,0.444,3.53,149.43,137.47,-142.94,76.24,0.0
Human Dominant_9,R4,2026-08-23T11:52:56.314954Z,behavior_monitor,5,581,65,1005,558,442,565,650.23,519.9,563.35,system,NA,0.444,3.53,149.43,137.47,-142.94,76.24,0.0
Human Dominant_9,R4,2026-08-23T11:52:56.315460Z,human_signal,5,578,66,1003,556,442,565,648.83,517.25,561.51,human,your_turn,0.444,3.53,149.43,137.47,-142.94,76.24,0.0
Human Dominant_9,R4,2026-08-23T11:52:56.822380Z,behavior_monitor,5,530,148,962,504,487,565,559.1,419.03,478.4,system,NA,0.428,3.53,97.91,136.15,-108.1,87.67,0.0
Human Dominant_9,R4,2026-08-23T11:52:57.328894Z,behavior_monitor,5,522,252,960,438,499,565,475.58,313.93,478.67,system,NA,0.398,3.53,73.77,129.41,-90.0,0.0,94.66
Human Dominant_9,R4,2026-08-23T11:52:57.838463Z,behavior_monitor,5,563,348,959,372,532,565,396.21,219.64,468.74,system,NA,0.357,3.53,45.62,133.5,-104.22,87.67,0.0
Human Dominant_9,R4,2026-08-23T11:52:58.343928Z,behavior_monitor,5,633,424,952,322,575,566,334.88,153.35,448.76,system,NA,0.314,3.53,45.62,0.0,-90.0,93.15,0.0
Human Dominant_9,R4,2026-08-23T11:52:58.852020Z,behavior_monitor,5,727,464,952,322,620,566,266.29,147.34,411.84,system,NA,0.356,3.53,18.52,0.0,-90.0,87.67,0.0
Human Dominant_9,R4,2026-08-23T11:52:59.364149Z,behavior_monitor,5,830,478,955,382,666,566,158.15,186.3,343.27,system,NA,0.541,3.53,5.34,129.41,90.0,87.67,0.0
Human Dominant_9,R4,2026-08-23T11:52:59.870650Z,behavior_monitor,5,900,539,964,447,710,566,111.54,191.89,279.65,system,NA,0.632,3.53,90.74,135.78,69.18,87.67,0.0
Human Dominant_9,R4,2026-08-23T11:53:00.242872Z,human_signal,5,917,610,982,494,742,593,132.69,175.96,260.04,human,your_turn,0.57,3.53,39.28,135.66,68.09,150.04,54.25
Human Dominant_9,R4,2026-08-23T11:53:00.243442Z,human_signal,5,920,612,983,497,742,593,131.8,179.05,260.03,human,your_turn,0.576,3.53,39.28,135.66,68.09,121.22,58.29
Human Dominant_9,R4,2026-08-23T11:53:00.379336Z,behavior_monitor,5,940,628,989,512,753,610,126.34,186.98,255.33,system,NA,0.597,3.53,61.9,135.4,68.37,150.04,54.25
Human Dominant_9,R4,2026-08-23T11:53:00.889035Z,behavior_monitor,5,990,721,1014,576,799,672,147.52,197.22,235.97,system,NA,0.572,3.53,34.98,134.84,68.97,150.04,54.25
Human Dominant_9,R4,2026-08-23T11:53:01.395166Z,behavior_monitor,5,1083,768,1039,640,844,734,135.33,242.11,216.39,system,NA,0.641,3.53,64.92,134.79,69.03,150.04,54.25
Human Dominant_9,R4,2026-08-23T11:53:01.901374Z,behavior_monitor,5,1157,841,1091,652,889,796,199.9,272.17,248.28,system,NA,0.577,3.53,11.3,135.13,-34.52,141.71,54.25
Human Dominant_9,R4,2026-08-23T11:53:02.156953Z,human_signal,5,1214,853,1118,626,911,827,246.15,303.74,288.73,human,i_can,0.552,3.53,17.06,128.26,-59.15,150.04,54.25
Human Dominant_9,R4,2026-08-23T11:53:02.410931Z,behavior_monitor,5,1255,878,1118,596,930,854,314.4,326.15,319.57,system,NA,0.509,3.53,42.94,137.36,-119.03,130.47,54.25
Human Dominant_9,R4,2026-08-23T11:53:02.846641Z,flight_missed,5,1306,954,1067,569,965,902,453.95,345.77,348.92,system,NA,0.432,3.53,91.52,137.5,180.0,120.78,50.9
Human Dominant_9,R4,2026-08-23T11:53:02.847291Z,flight_spawn,6,501,-20,1067,569,965,902,816.97,1032.38,348.92,system,NA,0.558,3.44,54.45,137.5,180.0,120.78,50.9
Human Dominant_9,R4,2026-08-23T11:53:04.543344Z,human_signal,6,639,281,850,532,857,752,327.6,518.89,220.44,human,i_can,0.613,3.44,57.36,129.41,180.0,130.47,-125.75
Human Dominant_9,R4,2026-08-23T11:53:04.559594Z,behavior_monitor,6,639,281,850,532,855,750,327.6,516.71,218.6,system,NA,0.612,3.44,57.36,129.41,180.0,130.47,-125.75
Human Dominant_9,R4,2026-08-23T11:53:05.067441Z,behavior_monitor,6,692,370,786,511,816,696,169.89,349.32,187.57,system,NA,0.673,3.44,55.31,128.34,-152.22,123.22,-125.75
Human Dominant_9,R4,2026-08-23T11:53:05.559061Z,shot_miss,6,787,403,766,462,779,643,62.91,241.03,182.13,human,NA,0.793,3.44,20.74,141.14,-58.63,130.47,-125.75
Human Dominant_9,R4,2026-08-23T11:53:05.576219Z,behavior_monitor,6,789,404,768,460,778,642,60.27,238.18,182.0,system,NA,0.798,3.44,20.74,155.9,-44.94,130.47,-125.75
Human Dominant_9,R4,2026-08-23T11:53:05.729811Z,shot_miss,6,815,419,787,454,784,625,45.59,208.92,171.05,human,NA,0.821,3.44,47.68,129.41,0.0,130.47,-54.25
Human Dominant_9,R4,2026-08-23T11:53:05.900305Z,shot_miss,6,840,444,808,454,797,607,32.68,168.19,152.99,human,NA,0.837,3.44,47.68,128.51,0.0,130.47,-54.25
Human Dominant_9,R4,2026-08-23T11:53:06.053968Z,shot_miss,6,863,463,828,459,808,591,36.05,139.01,133.5,human,NA,0.794,3.44,26.25,130.33,17.27,130.47,-54.25
Human Dominant_9,R4,2026-08-23T11:53:06.086809Z,behavior_monitor,6,871,466,832,460,811,587,39.15,134.87,128.84,system,NA,0.775,3.44,46.61,130.47,18.02,130.47,-54.25
Human Dominant_9,R4,2026-08-23T11:53:06.203883Z,shot_miss,6,891,478,847,465,820,575,46.31,120.36,113.16,human,NA,0.722,3.44,23.74,130.69,19.23,130.47,-54.25
Human Dominant_9,R4,2026-08-23T11:53:06.373946Z,shot_miss,6,921,492,868,472,833,566,57.25,115.62,100.0,human,NA,0.669,3.44,23.74,130.98,17.92,76.24,0.0
Human Dominant_9,R4,2026-08-23T11:53:06.544310Z,shot_miss,6,948,515,889,479,846,566,68.85,114.27,97.47,human,NA,0.624,3.44,46.52,139.51,16.26,81.0,0.0
Human Dominant_9,R4,2026-08-23T11:53:06.594658Z,behavior_monitor,6,954,522,895,480,849,566,71.86,113.36,96.98,system,NA,0.612,3.44,46.52,131.34,16.15,76.24,0.0
Human Dominant_9,R4,2026-08-23T11:53:06.712635Z,shot_miss,6,969,539,910,485,859,566,80.43,113.92,96.25,human,NA,0.586,3.44,46.52,131.34,16.15,76.24,0.0
Human Dominant_9,R4,2026-08-23T11:53:07.100842Z,behavior_monitor,6,1034,585,960,499,888,580,112.93,145.26,107.8,system,NA,0.563,3.44,0.04,130.59,16.75,76.24,0.0
Human Dominant_9,R4,2026-08-23T11:53:07.608357Z,behavior_monitor,6,1138,593,1022,523,927,588,135.59,211.09,115.05,system,NA,0.609,3.44,28.33,131.5,30.13,130.47,54.25
Human Dominant_9,R4,2026-08-23T11:53:08.119274Z,behavior_monitor,6,1208,668,1077,561,966,640,169.63,243.61,135.87,system,NA,0.59,3.44,51.33,129.63,39.61,130.47,54.25
Human Dominant_9,R4,2026-08-23T11:53:08.627092Z,behavior_monitor,6,1276,743,1125,605,1005,694,204.4,275.92,149.92,system,NA,0.574,3.44,29.65,129.32,42.86,130.47,54.25
Human Dominant_9,R4,2026-08-23T11:53:09.135980Z,behavior_monitor,6,1366,797,1167,655,1043,748,243.89,326.09,155.34,system,NA,0.572,3.44,35.92,126.28,58.76,120.54,45.9
Human Dominant_9,R4,2026-08-23T11:53:10.084640Z,flight_missed,6,1447,952,1233,752,1084,806,292.5,391.4,158.34,system,NA,0.572,3.16,80.86,139.08,-37.86,130.47,54.25
Human Dominant_9,R4,2026-08-23T11:53:10.085379Z,flight_spawn,7,854,-20,1233,752,1084,806,860.62,857.43,158.34,system,NA,0.499,2.93,133.11,139.08,-37.86,130.47,54.25
Human Dominant_9,R4,2026-08-23T11:53:11.254033Z,human_signal,7,665,29,1164,690,1079,798,828.17,872.91,137.42,human,your_turn,0.513,2.93,157.5,142.4,-146.76,130.47,-125.75
Human Dominant_9,R4,2026-08-23T11:53:11.254623Z,behavior_monitor,7,665,29,1164,690,1079,798,828.17,872.91,137.42,system,NA,0.513,2.93,157.5,140.46,-144.1,130.47,-125.75
Human Dominant_9,R4,2026-08-23T11:53:11.255049Z,human_signal,7,663,30,1162,689,1079,798,826.61,873.21,137.43,human,your_turn,0.514,2.93,157.5,140.46,-144.1,130.47,-125.75
Human Dominant_9,R4,2026-08-23T11:53:11.758291Z,behavior_monitor,7,597,80,1103,670,1034,735,776.79,787.45,95.15,system,NA,0.503,2.93,135.46,152.14,-152.77,159.42,-125.75
Human Dominant_9,R4,2026-08-23T11:53:12.263954Z,behavior_monitor,7,556,156,1154,640,989,673,769.63,674.97,167.81,system,NA,0.467,2.93,132.89,129.41,0.0,150.04,-125.75
Human Dominant_9,R4,2026-08-23T11:53:12.770943Z,behavior_monitor,7,545,235,1216,660,944,611,794.18,548.42,276.35,system,NA,0.408,2.93,86.71,119.69,52.8,168.91,-118.2
Human Dominant_9,R4,2026-08-23T11:53:13.279639Z,behavior_monitor,7,605,286,1177,712,899,565,713.43,405.35,314.5,system,NA,0.362,2.93,42.25,139.75,148.21,87.67,180.0
Human Dominant_9,R4,2026-08-23T11:53:13.789585Z,behavior_monitor,7,678,330,1115,747,855,565,604.22,294.3,317.63,system,NA,0.328,2.93,18.27,138.86,152.33,87.67,180.0
Human Dominant_9,R4,2026-08-23T11:53:14.304158Z,behavior_monitor,7,750,372,1051,771,810,565,500.02,202.11,317.38,system,NA,0.288,2.93,70.92,129.41,180.0,87.67,180.0
Human Dominant_9,R4,2026-08-23T11:53:14.813768Z,behavior_monitor,7,779,455,1041,771,765,565,410.96,110.54,344.83,system,NA,0.212,2.93,70.92,0.0,180.0,87.67,180.0
Human Dominant_9,R4,2026-08-23T11:53:15.321534Z,behavior_monitor,7,802,538,1041,771,779,565,334.18,35.33,333.65,system,NA,0.096,2.93,70.92,0.0,180.0,0.0,0.0
Human Dominant_9,R4,2026-08-23T11:53:15.491243Z,shot_hit,7,811,569,1041,771,788,565,306.97,23.09,326.66,agent,NA,0.07,2.93,47.71,0.0,180.0,87.67,0.0
Human Dominant_9,R4,2026-08-23T11:53:15.491824Z,flight_spawn,8,399,-20,1041,771,788,565,1019.27,702.82,326.66,system,NA,0.408,3.42,54.23,0.0,180.0,87.67,0.0
Human Dominant_9,R4,2026-08-23T11:53:18.252288Z,human_signal,8,855,197,1041,771,781,565,603.5,374.97,332.68,human,your_turn,0.383,3.42,72.04,0.0,180.0,76.24,0.0
Human Dominant_9,R4,2026-08-23T11:53:18.253138Z,behavior_monitor,8,855,197,1041,771,781,565,603.5,374.97,332.68,system,NA,0.383,3.42,72.04,0.0,180.0,76.24,0.0
Human Dominant_9,R4,2026-08-23T11:53:18.253556Z,human_signal,8,856,200,1041,771,781,565,600.24,371.89,332.68,human,your_turn,0.383,3.42,72.04,0.0,180.0,76.24,0.0
Human Dominant_9,R4,2026-08-23T11:53:18.759603Z,behavior_monitor,8,905,285,1041,771,825,565,505.26,290.85,298.93,system,NA,0.365,3.42,70.4,0.0,180.0,87.67,0.0
Human Dominant_9,R4,2026-08-23T11:53:19.269699Z,behavior_monitor,8,924,383,1041,771,870,564,405.66,188.87,268.66,system,NA,0.318,3.42,92.98,0.0,180.0,87.67,0.0
Human Dominant_9,R4,2026-08-23T11:53:19.778955Z,behavior_monitor,8,925,485,1041,771,903,565,309.21,83.12,248.88,system,NA,0.212,3.42,72.46,0.0,180.0,93.15,0.0
Human Dominant_9,R4,2026-08-23T11:53:20.232993Z,shot_miss,8,987,550,1041,771,937,565,228.2,52.24,230.79,agent,NA,0.186,3.42,25.25,0.0,180.0,98.75,16.32
Human Dominant_9,R4,2026-08-23T11:53:20.283476Z,behavior_monitor,8,994,553,1041,771,940,565,223.85,55.01,229.46,system,NA,0.197,3.42,25.25,0.0,180.0,87.67,0.0
Human Dominant_9,R4,2026-08-23T11:53:20.789443Z,behavior_monitor,8,1089,583,1054,771,985,579,191.09,104.76,204.04,system,NA,0.354,3.42,22.09,129.41,0.0,150.04,54.25
Human Dominant_9,R4,2026-08-23T11:53:21.176461Z,human_signal,8,1166,617,1107,771,1020,610,164.94,147.13,183.32,human,i_can,0.471,3.42,42.71,129.41,0.0,153.7,43.7
Human Dominant_9,R4,2026-08-23T11:53:21.294768Z,behavior_monitor,8,1184,626,1120,771,1029,621,158.34,155.08,176.02,system,NA,0.495,3.42,17.46,129.41,0.0,130.47,54.25
Human Dominant_9,R4,2026-08-23T11:53:21.800855Z,behavior_monitor,8,1283,644,1185,780,1068,639,167.06,215.23,183.26,system,NA,0.563,3.42,5.41,133.93,24.44,76.24,0.0
Human Dominant_9,R4,2026-08-23T11:53:22.307220Z,behavior_monitor,8,1373,691,1250,793,1107,682,160.5,266.73,181.11,system,NA,0.624,3.42,54.47,137.5,0.0,138.63,54.25
Human Dominant_9,R4,2026-08-23T11:53:22.812100Z,behavior_monitor,8,1437,772,1313,811,1146,736,130.22,293.49,183.57,system,NA,0.693,3.42,53.98,136.35,35.74,130.47,54.25
Human Dominant_9,R4,2026-08-23T11:53:23.238047Z,shot_miss,8,1424,841,1358,847,1178,781,65.82,252.97,192.14,human,NA,0.794,3.02,113.57,136.24,39.06,130.47,54.25
Human Dominant_9,R4,2026-08-23T11:53:23.323319Z,behavior_monitor,8,1417,855,1367,855,1184,790,50.04,241.73,193.92,system,NA,0.829,3.02,84.82,136.24,39.06,130.47,54.25
Human Dominant_9,R4,2026-08-23T11:53:23.390383Z,shot_miss,8,1418,867,1374,860,1190,797,44.33,238.95,195.22,human,NA,0.844,3.02,84.82,135.7,38.17,130.47,54.25
Human Dominant_9,R4,2026-08-23T11:53:23.524406Z,shot_miss,8,1415,890,1389,871,1200,810,31.53,228.6,198.46,human,NA,0.879,3.02,114.61,135.56,34.98,130.47,54.25
Human Dominant_9,R4,2026-08-23T11:53:23.694092Z,shot_miss,8,1397,913,1408,885,1213,828,29.32,201.85,202.41,human,NA,0.873,3.02,139.36,136.09,40.36,130.47,54.25
Human Dominant_9,R4,2026-08-23T11:53:23.830078Z,behavior_monitor,8,1378,928,1420,898,1224,843,51.77,176.5,204.39,system,NA,0.773,3.02,139.36,133.68,49.55,130.47,54.25
Human Dominant_9,R4,2026-08-23T11:53:24.016741Z,flight_missed,8,1349,952,1423,910,1239,864,85.31,140.26,189.08,system,NA,0.622,3.02,139.36,65.47,180.0,130.47,54.25
Human Dominant_9,R4,2026-08-23T11:53:24.017812Z,flight_spawn,9,601,-20,1423,910,1239,864,1241.44,1091.4,189.08,system,NA,0.468,3.4,53.92,65.47,180.0,130.47,54.25
Human Dominant_9,R4,2026-08-23T11:53:24.779085Z,human_signal,9,716,76,1402,910,1208,821,1079.58,893.41,212.64,human,your_turn,0.453,3.4,51.75,0.0,180.0,130.47,-125.75
Human Dominant_9,R4,2026-08-23T11:53:24.779657Z,behavior_monitor,9,716,76,1402,910,1208,821,1079.58,893.41,212.64,system,NA,0.453,3.4,51.75,0.0,180.0,130.47,-125.75
Human Dominant_9,R4,2026-08-23T11:53:24.780122Z,human_signal,9,717,79,1402,910,1208,821,1076.38,890.2,212.64,human,your_turn,0.453,3.4,51.75,0.0,180.0,130.47,-125.75
Human Dominant_9,R4,2026-08-23T11:53:25.289274Z,behavior_monitor,9,766,158,1402,910,1163,759,984.26,720.48,281.85,system,NA,0.423,3.4,28.95,0.0,180.0,141.71,-125.75
Human Dominant_9,R4,2026-08-23T11:53:25.797674Z,behavior_monitor,9,853,200,1402,909,1119,697,896.1,563.01,353.57,system,NA,0.386,3.4,25.98,36.37,-90.0,150.04,-125.75
Human Dominant_9,R4,2026-08-23T11:53:26.305152Z,behavior_monitor,9,952,230,1402,857,1074,635,772.34,423.54,395.75,system,NA,0.354,3.4,28.92,126.89,-90.0,150.04,-125.75
Human Dominant_9,R4,2026-08-23T11:53:26.811160Z,behavior_monitor,9,1043,279,1402,849,1030,573,673.62,294.22,463.05,system,NA,0.304,3.4,28.92,0.0,-90.0,150.04,-125.75
Human Dominant_9,R4,2026-08-23T11:53:27.318390Z,behavior_monitor,9,1111,353,1402,849,1070,566,574.96,216.87,435.42,system,NA,0.274,3.4,55.54,0.0,-90.0,82.8,0.0
Human Dominant_9,R4,2026-08-23T11:53:27.822297Z,behavior_monitor,9,1141,442,1402,849,1115,566,483.04,126.46,402.87,system,NA,0.207,3.4,115.49,0.0,-90.0,87.67,0.0
Human Dominant_9,R4,2026-08-23T11:53:28.332228Z,behavior_monitor,9,1122,539,1402,849,1105,566,417.18,31.58,410.13,system,NA,0.07,3.4,89.51,0.0,-90.0,0.0,-1.93
Human Dominant_9,R4,2026-08-23T11:53:28.416671Z,shot_hit,9,1121,560,1402,849,1104,566,403.43,18.08,411.21,agent,NA,0.043,3.4,89.51,0.0,-90.0,0.0,180.0
Human Dominant_9,R4,2026-08-23T11:53:28.417621Z,flight_spawn,10,518,-20,1402,849,1104,566,1239.7,828.59,411.21,system,NA,0.401,3.1,49.88,0.0,-90.0,0.0,180.0
Human Dominant_9,R4,2026-08-23T11:53:29.195311Z,human_signal,10,608,86,1368,853,1070,566,1079.07,665.86,413.38,human,your_turn,0.382,3.1,24.87,135.21,163.16,76.24,180.0
Human Dominant_9,R4,2026-08-23T11:53:29.196152Z,behavior_monitor,10,608,86,1368,853,1070,566,1079.07,665.86,413.38,system,NA,0.382,3.1,24.87,135.52,162.73,76.24,180.0
Human Dominant_9,R4,2026-08-23T11:53:29.196546Z,human_signal,10,611,87,1366,853,1070,566,1074.94,662.8,412.29,human,your_turn,0.381,3.1,24.87,135.52,162.73,76.24,180.0
Human Dominant_9,R4,2026-08-23T11:53:29.702382Z,behavior_monitor,10,688,131,1302,874,1026,566,963.57,550.54,413.58,system,NA,0.364,3.1,24.99,134.45,164.27,87.67,180.0
Human Dominant_9,R4,2026-08-23T11:53:30.211576Z,behavior_monitor,10,768,169,1236,879,982,565,849.99,450.37,403.39,system,NA,0.346,3.1,20.91,129.41,180.0,87.67,180.0
Human Dominant_9,R4,2026-08-23T11:53:30.718784Z,behavior_monitor,10,846,202,1205,879,936,565,765.68,374.18,412.84,system,NA,0.328,3.1,18.13,0.0,180.0,87.67,180.0
Human Dominant_9,R4,2026-08-23T11:53:31.228015Z,behavior_monitor,10,936,231,1208,864,909,565,689.45,334.74,423.84,system,NA,0.327,3.1,18.13,134.82,-73.06,87.67,0.0
Human Dominant_9,R4,2026-08-23T11:53:31.734649Z,behavior_monitor,10,1029,259,1222,798,953,565,572.6,314.59,356.16,system,NA,0.355,3.1,31.84,129.41,-90.0,87.67,0.0
Human Dominant_9,R4,2026-08-23T11:53:32.241438Z,behavior_monitor,10,1113,304,1250,738,998,565,455.62,284.76,305.97,system,NA,0.385,3.1,2.45,140.73,-43.34,87.67,0.0
Human Dominant_9,R4,2026-08-23T11:53:32.751930Z,behavior_monitor,10,1205,308,1308,697,1043,565,403.01,303.46,296.67,system,NA,0.43,3.1,2.45,139.6,-30.97,87.67,0.0
Human Dominant_9,R4,2026-08-23T11:53:33.259343Z,behavior_monitor,10,1303,312,1364,656,1088,565,349.17,331.58,290.83,system,NA,0.487,3.1,2.45,141.43,-66.21,87.67,0.0
Human Dominant_9,R4,2026-08-23T11:53:33.766483Z,behavior_monitor,10,1375,364,1370,616,1133,565,252.12,314.98,242.37,system,NA,0.555,3.1,49.8,0.0,-90.0,87.67,0.0
Human Dominant_9,R4,2026-08-23T11:53:35.747632Z,human_signal,10,1422,678,1350,775,1307,645,120.28,119.87,136.55,human,i_can,0.499,2.77,101.82,147.03,54.69,159.42,54.25
Human Dominant_9,R4,2026-08-23T11:53:35.764310Z,behavior_monitor,10,1422,678,1350,775,1308,647,120.28,117.67,134.23,system,NA,0.495,2.77,101.82,138.34,52.68,150.9,46.63
Human Dominant_9,R4,2026-08-23T11:53:36.258113Z,shot_miss,10,1407,757,1400,792,1346,700,36.27,83.76,107.2,human,NA,0.698,2.77,101.82,137.54,-47.42,130.47,54.25
Human Dominant_9,R4,2026-08-23T11:53:36.274897Z,behavior_monitor,10,1406,759,1402,791,1347,702,32.01,83.02,105.09,system,NA,0.722,2.77,101.82,140.13,-28.63,130.47,54.25
Human Dominant_9,R4,2026-08-23T11:53:36.393835Z,shot_hit,10,1402,778,1408,789,1356,714,12.01,79.32,91.23,human,NA,0.868,2.77,101.82,0.0,0.0,130.47,54.25
Human Dominant_9,R4,2026-08-23T11:53:36.394344Z,flight_spawn,11,389,-20,1408,789,1356,714,1301.13,1214.02,91.23,system,NA,0.483,3.1,130.1,0.0,0.0,130.47,54.25
Human Dominant_9,R4,2026-08-23T11:53:37.287092Z,human_signal,11,308,115,1336,839,1316,658,1257.13,1145.12,181.65,human,your_turn,0.477,3.1,117.02,122.22,180.0,123.22,-125.75
Human Dominant_9,R4,2026-08-23T11:53:37.287700Z,behavior_monitor,11,308,115,1336,839,1316,658,1257.13,1145.12,181.65,system,NA,0.477,3.1,117.02,137.5,180.0,138.63,-125.75
Human Dominant_9,R4,2026-08-23T11:53:37.288155Z,human_signal,11,306,118,1333,839,1316,658,1254.61,1144.75,181.42,human,your_turn,0.477,3.1,117.02,137.5,180.0,138.63,-125.75
Human Dominant_9,R4,2026-08-23T11:53:37.793833Z,behavior_monitor,11,259,191,1270,840,1271,597,1200.82,1090.24,243.07,system,NA,0.476,3.1,124.5,133.61,165.61,150.04,-125.75
Human Dominant_9,R4,2026-08-23T11:53:38.301413Z,behavior_monitor,11,197,260,1204,858,1226,566,1170.97,1073.61,292.57,system,NA,0.478,3.1,131.16,134.22,164.62,87.67,180.0
Human Dominant_9,R4,2026-08-23T11:53:38.808898Z,behavior_monitor,11,224,340,1138,869,1181,566,1055.9,983.59,306.88,system,NA,0.482,3.1,56.21,129.41,180.0,87.67,180.0
Human Dominant_9,R4,2026-08-23T11:53:39.311594Z,behavior_monitor,11,285,407,1072,869,1137,566,912.37,866.28,310.16,system,NA,0.487,3.1,49.2,129.41,180.0,87.67,180.0
Human Dominant_9,R4,2026-08-23T11:53:39.820371Z,behavior_monitor,11,355,466,1006,869,1092,566,765.29,743.3,315.52,system,NA,0.493,3.1,38.57,129.41,180.0,87.67,180.0
Human Dominant_9,R4,2026-08-23T11:53:40.125082Z,human_signal,11,375,520,964,869,1065,566,684.76,691.49,319.93,human,i_can,0.502,3.1,85.93,137.5,180.0,93.15,180.0
Human Dominant_9,R4,2026-08-23T11:53:40.325403Z,behavior_monitor,11,388,551,940,869,1049,566,637.12,661.74,322.77,system,NA,0.509,3.1,62.85,129.41,180.0,76.24,180.0
Human Dominant_9,R4,2026-08-23T11:53:40.833380Z,behavior_monitor,11,407,640,874,869,1011,607,519.93,605.09,296.06,system,NA,0.538,3.1,91.44,129.41,180.0,136.37,123.49
Human Dominant_9,R4,2026-08-23T11:53:41.340670Z,behavior_monitor,11,436,728,808,891,972,660,406.99,540.26,282.75,system,NA,0.57,3.1,65.58,139.56,152.12,130.47,125.75
Human Dominant_9,R4,2026-08-23T11:53:41.849273Z,behavior_monitor,11,470,813,744,910,933,715,290.55,473.22,270.96,system,NA,0.62,3.1,89.94,129.41,180.0,130.47,125.75
Human Dominant_9,R4,2026-08-23T11:53:42.355623Z,behavior_monitor,11,495,901,678,910,905,753,182.85,436.2,276.2,system,NA,0.705,3.1,88.26,129.41,180.0,0.0,125.75
Human Dominant_9,R4,2026-08-23T11:53:42.625777Z,flight_missed,11,506,952,641,910,903,756,141.21,442.51,303.67,system,NA,0.758,3.1,38.35,129.41,180.0,130.47,125.75
Human Dominant_9,R4,2026-08-23T11:53:42.627054Z,flight_spawn,12,1255,-20,641,910,903,756,1114.74,853.07,303.67,system,NA,0.434,2.83,135.0,129.41,180.0,130.47,125.75
Human Dominant_9,R4,2026-08-23T11:53:43.539380Z,human_signal,12,1136,64,529,881,943,700,1016.9,664.75,450.9,human,your_turn,0.395,2.83,156.11,138.89,-132.09,130.47,-54.25
Human Dominant_9,R4,2026-08-23T11:53:43.539959Z,behavior_monitor,12,1136,64,529,881,943,700,1016.9,664.75,450.9,system,NA,0.395,2.83,156.11,138.97,-129.82,130.47,-54.25
Human Dominant_9,R4,2026-08-23T11:53:43.540444Z,human_signal,12,1134,65,528,879,943,700,1014.24,663.09,451.54,human,your_turn,0.395,2.83,156.11,138.97,-129.82,130.47,-54.25
Human Dominant_9,R4,2026-08-23T11:53:44.048006Z,behavior_monitor,12,1053,85,478,834,987,638,943.82,556.61,545.4,system,NA,0.371,2.83,136.74,144.09,-153.25,159.42,-54.25
Human Dominant_9,R4,2026-08-23T11:53:44.558285Z,behavior_monitor,12,1024,161,412,826,1007,576,903.01,415.28,644.5,system,NA,0.315,2.83,91.41,129.41,180.0,121.76,-90.0
Human Dominant_9,R4,2026-08-23T11:53:45.066501Z,behavior_monitor,12,1066,232,369,832,1035,565,919.28,334.09,717.74,system,NA,0.267,2.83,44.29,0.0,180.0,87.67,0.0
Human Dominant_9,R4,2026-08-23T11:53:45.576484Z,behavior_monitor,12,1121,297,379,831,1080,565,913.79,270.92,749.72,system,NA,0.229,2.83,48.23,133.74,-14.63,87.67,0.0
Human Dominant_9,R4,2026-08-23T11:53:46.082007Z,behavior_monitor,12,1185,344,445,811,1125,565,874.85,228.39,723.47,system,NA,0.207,2.83,26.2,134.97,-16.51,87.67,0.0
Human Dominant_9,R4,2026-08-23T11:53:46.588677Z,behavior_monitor,12,1260,382,511,792,1170,565,854.44,204.14,697.02,system,NA,0.193,2.83,26.2,134.43,-15.71,87.67,0.0
Human Dominant_9,R4,2026-08-23T11:53:47.098051Z,behavior_monitor,12,1339,419,577,774,1214,565,841.19,191.71,671.26,system,NA,0.186,2.83,26.2,133.78,-14.68,87.67,0.0
Human Dominant_9,R4,2026-08-23T11:53:47.604585Z,behavior_monitor,12,1419,435,643,761,1259,564,842.19,206.08,646.96,system,NA,0.197,2.83,45.51,129.41,0.0,87.67,0.0
Human Dominant_9,R4,2026-08-23T11:53:48.113952Z,behavior_monitor,12,1440,506,681,761,1304,564,801.37,148.43,653.58,system,NA,0.156,2.7,130.47,0.0,0.0,87.67,0.0
Human Dominant_9,R4,2026-08-23T11:53:48.707276Z,shot_hit,12,1383,579,681,761,1358,573,725.5,26.15,702.45,agent,NA,0.035,2.7,107.11,0.0,0.0,150.04,54.25
Human Dominant_9,R4,2026-08-23T11:53:48.707697Z,flight_spawn,13,130,-20,681,761,1358,573,955.65,1363.57,702.45,system,NA,0.588,2.83,45.03,0.0,0.0,150.04,54.25
Human Dominant_9,R4,2026-08-23T11:53:53.633809Z,human_signal,13,162,500,345,642,1012,565,231.27,852.06,671.1,human,i_can,0.787,2.83,134.35,136.13,161.92,76.24,180.0
Human Dominant_9,R4,2026-08-23T11:53:53.651085Z,behavior_monitor,13,162,500,345,642,1010,565,231.27,850.77,669.82,system,NA,0.786,2.83,134.35,135.95,162.16,76.24,180.0
Human Dominant_9,R4,2026-08-23T11:53:54.158407Z,behavior_monitor,13,125,577,279,663,972,569,177.09,847.05,698.93,system,NA,0.827,2.83,109.29,137.11,160.71,130.47,125.75
Human Dominant_9,R4,2026-08-23T11:53:54.668223Z,behavior_monitor,13,97,657,219,701,933,623,130.0,836.41,717.8,system,NA,0.865,2.83,109.29,141.89,140.06,130.47,125.75
Human Dominant_9,R4,2026-08-23T11:53:55.177054Z,behavior_monitor,13,98,737,164,748,894,677,67.14,798.17,733.02,system,NA,0.922,2.83,52.75,149.99,134.35,138.63,125.75
Human Dominant_9,R4,2026-08-23T11:53:55.397712Z,shot_hit,13,119,767,144,772,877,700,25.72,760.95,736.3,human,NA,0.967,2.83,52.75,140.89,126.82,130.47,125.75
Human Dominant_9,R4,2026-08-23T11:53:55.398316Z,flight_spawn,14,268,-20,144,772,877,700,801.83,943.23,736.3,system,NA,0.541,2.89,133.74,140.89,126.82,130.47,125.75
Human Dominant_9,R4,2026-08-23T11:53:57.528031Z,human_signal,14,200,302,253,666,743,565,367.49,603.91,500.55,human,i_can,0.622,2.89,132.1,123.68,46.71,55.43,-161.41
Human Dominant_9,R4,2026-08-23T11:53:57.544802Z,behavior_monitor,14,200,302,253,666,742,565,367.49,602.75,499.28,system,NA,0.621,2.89,132.1,128.45,70.32,76.24,180.0
Human Dominant_9,R4,2026-08-23T11:53:58.054297Z,behavior_monitor,14,139,363,207,661,703,565,305.95,599.53,505.2,system,NA,0.662,2.89,130.98,136.57,-135.49,76.24,180.0
Human Dominant_9,R4,2026-08-23T11:53:58.561562Z,behavior_monitor,14,61,397,151,622,664,565,242.47,626.07,516.22,system,NA,0.721,2.89,179.19,134.26,-148.6,76.24,180.0
Human Dominant_9,R4,2026-08-23T11:53:59.068809Z,behavior_monitor,14,47,404,117,570,626,565,180.84,601.36,508.75,system,NA,0.769,1.74,25.06,135.18,-71.62,76.24,180.0
Human Dominant_9,R4,2026-08-23T11:53:59.572345Z,behavior_monitor,14,86,440,128,506,587,565,78.57,516.82,462.84,system,NA,0.868,1.74,100.4,129.41,-90.0,76.24,180.0
Human Dominant_9,R4,2026-08-23T11:53:59.707876Z,shot_miss,14,76,451,128,488,576,565,64.11,513.22,454.9,human,NA,0.889,1.74,129.96,129.41,-90.0,76.24,180.0
Human Dominant_9,R4,2026-08-23T11:53:59.875842Z,shot_miss,14,71,467,120,470,563,565,49.27,501.76,452.94,human,NA,0.911,1.74,107.74,137.56,-144.06,76.24,180.0
Human Dominant_9,R4,2026-08-23T11:54:00.027278Z,shot_miss,14,66,482,101,470,552,565,36.89,493.16,460.9,human,NA,0.93,1.74,107.74,129.41,180.0,76.24,180.0
Human Dominant_9,R4,2026-08-23T11:54:00.077876Z,behavior_monitor,14,64,487,94,473,548,565,33.32,490.41,462.64,system,NA,0.936,1.74,107.74,148.16,150.58,81.0,180.0
Human Dominant_9,R4,2026-08-23T11:54:00.195456Z,shot_miss,14,56,496,82,483,539,565,29.04,487.71,464.1,human,NA,0.944,1.74,132.55,135.67,139.69,76.24,180.0
Human Dominant_9,R4,2026-08-23T11:54:00.364350Z,shot_hit,14,47,509,72,503,526,565,26.66,482.39,457.51,human,NA,0.948,1.74,132.55,128.56,110.97,76.24,180.0
Human Dominant_9,R4,2026-08-23T11:54:00.364909Z,flight_spawn,15,224,-20,72,503,526,565,544.64,658.9,457.51,system,NA,0.547,3.58,56.01,128.56,110.97,76.24,180.0
Human Dominant_9,R4,2026-08-23T11:54:02.019130Z,human_signal,15,509,159,177,581,476,566,537.76,408.13,299.27,human,i_can,0.431,3.58,56.24,129.41,0.0,76.24,0.0
Human Dominant_9,R4,2026-08-23T11:54:02.035928Z,behavior_monitor,15,509,159,177,581,477,566,537.76,408.02,300.56,system,NA,0.431,3.58,56.24,140.07,23.98,76.24,0.0
Human Dominant_9,R4,2026-08-23T11:54:02.543311Z,behavior_monitor,15,569,246,219,631,516,566,520.61,323.83,304.32,system,NA,0.383,3.58,34.47,129.41,90.0,76.24,0.0
Human Dominant_9,R4,2026-08-23T11:54:03.049781Z,behavior_monitor,15,593,348,219,697,555,565,512.16,221.05,361.15,system,NA,0.301,3.58,84.6,129.41,90.0,76.24,0.0
Human Dominant_9,R4,2026-08-23T11:54:03.560487Z,behavior_monitor,15,615,450,221,762,586,565,502.96,118.46,415.47,system,NA,0.191,3.58,43.57,129.33,48.12,76.24,0.0
Human Dominant_9,R4,2026-08-23T11:54:03.880773Z,human_signal,15,662,497,261,766,611,565,482.95,85.35,403.24,human,your_turn,0.15,3.58,43.57,129.41,0.0,76.24,0.0
Human Dominant_9,R4,2026-08-23T11:54:03.881521Z,human_signal,15,665,499,264,766,611,565,482.34,85.35,401.33,human,your_turn,0.15,3.58,43.57,129.41,0.0,76.24,0.0
Human Dominant_9,R4,2026-08-23T11:54:04.068452Z,behavior_monitor,15,692,521,286,770,627,564,476.48,78.36,398.22,system,NA,0.141,3.58,14.0,127.39,16.38,82.8,0.0
Human Dominant_9,R4,2026-08-23T11:54:04.578676Z,behavior_monitor,15,798,546,351,791,671,564,509.12,128.03,391.85,system,NA,0.201,3.58,16.27,129.41,0.0,87.67,0.0
Human Dominant_9,R4,2026-08-23T11:54:05.083980Z,behavior_monitor,15,896,584,417,791,716,579,521.21,180.01,366.1,system,NA,0.257,3.58,14.14,129.41,0.0,87.67,0.0
Human Dominant_9,R4,2026-08-23T11:54:05.591836Z,behavior_monitor,15,996,615,483,793,761,610,542.96,235.43,332.32,system,NA,0.302,3.58,30.81,134.69,18.45,150.04,54.25
Human Dominant_9,R4,2026-08-23T11:54:06.102018Z,behavior_monitor,15,1076,681,546,823,805,668,548.21,270.37,302.06,system,NA,0.33,3.58,58.01,138.38,30.36,150.04,54.25
Human Dominant_9,R4,2026-08-23T11:54:06.610291Z,behavior_monitor,15,1164,731,605,861,850,726,574.07,314.17,279.94,system,NA,0.354,3.58,6.07,138.35,38.89,87.67,0.0
Human Dominant_9,R4,2026-08-23T11:54:07.117058Z,behavior_monitor,15,1268,763,629,882,895,759,649.48,372.95,292.57,system,NA,0.365,3.58,29.0,0.0,45.38,150.04,54.25
Human Dominant_9,R4,2026-08-23T11:54:07.626076Z,behavior_monitor,15,1328,845,629,882,940,817,699.64,389.39,317.04,system,NA,0.358,3.58,82.28,0.0,45.38,159.42,54.25
Human Dominant_9,R4,2026-08-23T11:54:08.129902Z,behavior_monitor,15,1351,947,626,884,985,879,727.8,372.39,359.0,system,NA,0.338,3.58,85.31,127.86,152.75,150.04,54.25
Human Dominant_9,R4,2026-08-23T11:54:08.147322Z,flight_missed,15,1352,954,622,886,988,883,732.84,370.74,365.84,system,NA,0.336,3.58,85.31,127.86,152.75,150.04,54.25
Human Dominant_9,R4,2026-08-23T11:54:08.148108Z,flight_spawn,16,856,-20,622,886,988,883,936.54,913.0,365.84,system,NA,0.494,3.34,53.17,127.86,152.75,150.04,54.25
Human Dominant_9,R4,2026-08-23T11:54:09.191908Z,human_signal,16,987,130,506,842,951,803,860.27,674.88,446.78,human,i_can,0.44,3.34,29.25,138.14,-126.4,130.47,-54.25
Human Dominant_9,R4,2026-08-23T11:54:09.208617Z,behavior_monitor,16,987,130,506,842,952,802,860.27,673.01,448.23,system,NA,0.439,3.34,29.25,138.59,-124.49,130.47,-54.25
Human Dominant_9,R4,2026-08-23T11:54:09.718863Z,behavior_monitor,16,1073,178,484,778,991,747,840.06,574.91,507.12,system,NA,0.406,3.34,29.25,137.5,-90.0,138.63,-54.25
Human Dominant_9,R4,2026-08-23T11:54:10.222182Z,behavior_monitor,16,1142,243,484,747,1030,693,828.2,463.83,547.68,system,NA,0.359,3.34,59.53,0.0,-90.0,130.47,-54.25
Human Dominant_9,R4,2026-08-23T11:54:10.730894Z,behavior_monitor,16,1170,337,484,747,1068,639,798.27,318.53,593.56,system,NA,0.285,3.34,83.14,0.0,-90.0,138.63,-54.25
Human Dominant_9,R4,2026-08-23T11:54:11.241157Z,behavior_monitor,16,1167,435,484,747,1107,585,750.68,161.68,642.77,system,NA,0.177,3.34,109.59,0.0,-90.0,130.47,-54.25
Human Dominant_9,R4,2026-08-23T11:54:11.748555Z,behavior_monitor,16,1162,532,484,747,1139,566,710.65,40.42,679.25,system,NA,0.054,3.34,82.45,0.0,-90.0,81.0,0.0
Human Dominant_9,R4,2026-08-23T11:54:11.933181Z,shot_hit,16,1169,572,484,747,1146,568,706.56,23.91,685.02,agent,NA,0.033,3.34,109.28,0.0,-90.0,0.0,0.0
Human Dominant_9,R4,2026-08-23T11:54:11.933659Z,flight_spawn,17,697,-20,484,747,1146,568,796.21,739.8,685.02,system,NA,0.482,3.04,48.87,0.0,-90.0,0.0,0.0
Human Dominant_9,R4,2026-08-23T11:54:13.694740Z,human_signal,17,864,227,607,749,1042,566,581.99,382.67,471.19,human,your_turn,0.397,3.04,95.65,139.06,22.41,76.24,180.0
Human Dominant_9,R4,2026-08-23T11:54:13.695810Z,behavior_monitor,17,864,227,607,749,1042,566,581.99,382.67,471.19,system,NA,0.397,3.04,95.65,139.06,22.41,76.24,180.0
Human Dominant_9,R4,2026-08-23T11:54:13.696241Z,human_signal,17,864,230,609,750,1042,566,580.09,379.99,470.37,human,your_turn,0.396,3.04,95.65,139.06,22.41,76.24,180.0
Human Dominant_9,R4,2026-08-23T11:54:14.203530Z,behavior_monitor,17,822,306,611,787,997,564,525.52,311.51,446.07,system,NA,0.372,3.04,122.7,0.0,90.0,87.67,180.0
Human Dominant_9,R4,2026-08-23T11:54:14.711219Z,behavior_monitor,17,756,364,611,787,952,564,447.03,279.99,407.84,system,NA,0.385,3.04,171.04,0.0,90.0,87.67,180.0
Human Dominant_9,R4,2026-08-23T11:54:15.217698Z,behavior_monitor,17,673,378,611,787,907,564,413.39,298.68,371.05,system,NA,0.419,3.04,171.04,0.0,90.0,87.67,180.0
Human Dominant_9,R4,2026-08-23T11:54:15.404265Z,human_signal,17,637,384,592,792,890,564,410.76,310.38,375.68,human,i_can,0.43,3.04,171.04,131.34,158.54,87.67,180.0
Human Dominant_9,R4,2026-08-23T11:54:15.725341Z,behavior_monitor,17,587,403,553,808,865,563,406.0,321.05,396.98,system,NA,0.442,3.04,174.25,138.69,158.92,76.24,180.0
Human Dominant_9,R4,2026-08-23T11:54:16.234392Z,behavior_monitor,17,504,425,487,825,827,563,400.23,350.7,429.2,system,NA,0.467,3.04,161.75,129.41,180.0,76.24,180.0
Human Dominant_9,R4,2026-08-23T11:54:16.743752Z,behavior_monitor,17,449,492,423,807,800,562,316.01,358.19,449.03,system,NA,0.531,3.04,142.46,136.34,-151.5,0.0,180.0
Human Dominant_9,R4,2026-08-23T11:54:17.255193Z,behavior_monitor,17,395,564,419,742,784,562,179.46,389.23,406.4,system,NA,0.684,3.04,122.39,132.3,-105.64,76.24,180.0
Human Dominant_9,R4,2026-08-23T11:54:17.680645Z,shot_miss,17,370,630,384,701,751,603,72.02,382.42,379.82,human,NA,0.842,3.04,93.75,129.6,-156.56,130.47,125.75
Human Dominant_9,R4,2026-08-23T11:54:17.765717Z,behavior_monitor,17,367,645,374,696,745,612,51.4,379.26,380.4,system,NA,0.881,3.04,93.75,133.81,-153.92,130.47,125.75
Human Dominant_9,R4,2026-08-23T11:54:17.832188Z,shot_miss,17,365,657,367,691,740,620,33.28,376.85,379.44,human,NA,0.919,3.04,93.75,129.83,-131.52,130.47,125.75
Human Dominant_9,R4,2026-08-23T11:54:18.001911Z,shot_hit,17,362,688,354,672,726,638,17.59,368.14,373.65,human,NA,0.954,3.04,93.75,135.09,-121.48,130.47,125.75
Human Dominant_9,R4,2026-08-23T11:54:18.002419Z,flight_spawn,18,772,-20,354,672,726,638,808.36,660.1,373.65,system,NA,0.45,2.97,47.67,135.09,-121.48,130.47,125.75
Human Dominant_9,R4,2026-08-23T11:54:21.109921Z,human_signal,18,1041,419,435,637,942,565,644.53,176.3,512.59,human,i_can,0.215,2.97,70.73,45.85,0.0,76.24,0.0
Human Dominant_9,R4,2026-08-23T11:54:21.126967Z,behavior_monitor,18,1041,419,435,637,943,565,644.53,175.58,513.87,system,NA,0.214,2.97,70.73,47.72,0.0,76.24,0.0
Human Dominant_9,R4,2026-08-23T11:54:21.632737Z,behavior_monitor,18,1108,479,460,637,983,564,666.56,151.44,527.37,system,NA,0.185,2.97,41.85,49.06,0.0,72.01,-22.13
Human Dominant_9,R4,2026-08-23T11:54:21.667025Z,human_signal,18,1112,483,462,638,985,564,667.87,150.26,528.4,human,your_turn,0.184,2.97,41.85,48.68,0.0,76.24,0.0
Human Dominant_9,R4,2026-08-23T11:54:21.667972Z,human_signal,18,1114,485,463,638,985,564,668.7,150.89,527.68,human,your_turn,0.184,2.97,41.85,58.99,35.75,76.24,0.0
Human Dominant_9,R4,2026-08-23T11:54:22.137212Z,behavior_monitor,18,1145,557,504,678,1027,564,651.87,118.27,534.79,system,NA,0.154,2.97,87.59,139.57,68.0,87.67,0.0
Human Dominant_9,R4,2026-08-23T11:54:22.647529Z,behavior_monitor,18,1115,640,538,739,1072,618,585.29,48.65,547.08,system,NA,0.077,2.97,113.88,137.44,55.96,150.04,54.25
Human Dominant_9,R4,2026-08-23T11:54:22.833723Z,shot_miss,18,1118,674,554,762,1090,643,571.16,41.83,548.98,agent,NA,0.068,2.97,34.28,137.81,57.3,150.04,54.25
Human Dominant_9,R4,2026-08-23T11:54:23.155900Z,behavior_monitor,18,1160,704,570,801,1116,680,598.53,49.77,559.94,system,NA,0.077,2.97,34.28,143.68,73.13,159.42,54.25
Human Dominant_9,R4,2026-08-23T11:54:23.156623Z,shot_miss,18,1163,705,570,803,1118,682,600.41,50.45,560.78,agent,NA,0.078,2.97,34.28,143.68,73.13,159.42,54.25
Human Dominant_9,R4,2026-08-23T11:54:23.661395Z,behavior_monitor,18,1231,754,591,867,1161,742,650.21,70.62,584.12,system,NA,0.098,2.97,34.28,136.29,71.71,150.04,54.25
Human Dominant_9,R4,2026-08-23T11:54:24.166973Z,behavior_monitor,18,1311,804,614,910,1206,800,704.22,104.65,601.82,system,NA,0.129,2.97,34.28,57.28,0.0,150.04,54.25
Human Dominant_9,R4,2026-08-23T11:54:24.672186Z,behavior_monitor,18,1399,824,636,910,1251,820,767.77,148.27,621.33,system,NA,0.162,2.97,10.98,0.0,0.0,150.04,54.25
Human Dominant_9,R4,2026-08-23T11:54:25.180658Z,behavior_monitor,18,1425,841,636,910,1296,836,792.24,129.67,663.7,system,NA,0.141,1.84,149.24,0.0,0.0,159.42,54.25
Human Dominant_9,R4,2026-08-23T11:54:25.687813Z,behavior_monitor,18,1386,878,636,910,1340,873,750.26,45.59,705.16,system,NA,0.057,1.84,102.32,0.0,0.0,159.42,54.25
Human Dominant_9,R4,2026-08-23T11:54:25.874812Z,shot_hit,18,1375,898,636,910,1354,894,738.81,21.48,717.81,agent,NA,0.028,1.84,122.78,0.0,0.0,121.76,90.0
Human Dominant_9,R4,2026-08-23T11:54:25.875803Z,flight_spawn,19,1109,-20,636,910,1354,894,1043.15,946.71,717.81,system,NA,0.476,3.36,53.43,0.0,0.0,121.76,90.0
Human Dominant_9,R4,2026-08-23T11:54:27.175410Z,human_signal,19,1263,167,636,910,1280,790,972.29,624.14,654.8,human,your_turn,0.391,3.36,61.32,0.0,0.0,130.47,-125.75
Human Dominant_9,R4,2026-08-23T11:54:27.176487Z,behavior_monitor,19,1263,167,636,910,1280,790,972.29,624.14,654.8,system,NA,0.391,3.36,61.32,0.0,0.0,130.47,-125.75
Human Dominant_9,R4,2026-08-23T11:54:27.176889Z,human_signal,19,1265,169,636,910,1280,790,971.17,621.15,654.8,human,your_turn,0.39,3.36,61.32,0.0,0.0,130.47,-125.75
Human Dominant_9,R4,2026-08-23T11:54:27.683562Z,behavior_monitor,19,1325,246,662,882,1288,728,918.01,482.95,644.35,system,NA,0.345,3.36,40.25,138.96,-50.66,150.04,-54.25
Human Dominant_9,R4,2026-08-23T11:54:28.191694Z,behavior_monitor,19,1379,325,695,820,1332,666,844.22,344.21,655.24,system,NA,0.29,3.36,89.34,136.46,-65.88,131.4,-51.85
Human Dominant_9,R4,2026-08-23T11:54:28.699328Z,behavior_monitor,19,1379,414,720,757,1365,604,742.45,190.35,662.62,system,NA,0.204,3.36,129.91,85.56,-90.0,150.04,-125.75
Human Dominant_9,R4,2026-08-23T11:54:29.206736Z,behavior_monitor,19,1313,482,720,754,1320,564,652.13,82.71,628.89,system,NA,0.113,3.36,159.04,0.0,-90.0,87.67,180.0
Human Dominant_9,R4,2026-08-23T11:54:29.715058Z,behavior_monitor,19,1236,530,691,754,1276,564,588.6,52.53,614.78,system,NA,0.082,3.36,132.5,129.41,180.0,87.67,180.0
Human Dominant_9,R4,2026-08-23T11:54:29.784084Z,shot_miss,19,1226,543,680,754,1269,564,584.74,48.04,618.15,agent,NA,0.076,3.36,132.5,129.41,180.0,87.67,180.0
Human Dominant_9,R4,2026-08-23T11:54:30.089971Z,shot_miss,19,1199,597,641,763,1242,583,581.95,45.51,627.44,agent,NA,0.073,3.36,111.77,134.94,163.54,150.04,125.75
Human Dominant_9,R4,2026-08-23T11:54:30.224814Z,behavior_monitor,19,1190,619,637,763,1231,597,571.73,46.76,617.36,system,NA,0.076,3.36,111.77,0.0,180.0,150.04,125.75
Human Dominant_9,R4,2026-08-23T11:54:30.308590Z,shot_miss,19,1183,638,637,763,1222,610,560.01,48.78,605.48,agent,NA,0.08,3.36,111.77,0.0,180.0,159.42,125.75
Human Dominant_9,R4,2026-08-23T11:54:30.734286Z,behavior_monitor,19,1159,713,637,763,1187,659,524.88,60.47,559.58,system,NA,0.103,3.36,86.44,0.0,180.0,150.04,125.75
Human Dominant_9,R4,2026-08-23T11:54:31.241127Z,behavior_monitor,19,1153,811,637,771,1142,721,517.54,91.08,507.35,system,NA,0.15,3.36,90.06,39.44,90.0,150.04,125.75
Human Dominant_9,R4,2026-08-23T11:54:31.748863Z,behavior_monitor,19,1141,910,637,789,1124,783,518.28,128.29,486.93,system,NA,0.198,3.36,113.8,35.86,90.0,150.04,125.75
Human Dominant_9,R4,2026-08-23T11:54:31.968156Z,flight_missed,19,1121,953,637,796,1106,811,509.26,142.83,469.51,system,NA,0.219,3.36,113.8,0.0,90.0,148.46,141.02
Human Dominant_9,R4,2026-08-23T11:54:31.969208Z,flight_spawn,20,670,-20,637,796,1106,811,817.0,939.12,469.51,system,NA,0.535,2.83,45.0,0.0,90.0,148.46,141.02
Human Dominant_9,R4,2026-08-23T11:54:33.419861Z,human_signal,20,885,74,637,796,1046,728,763.58,673.57,415.04,human,your_turn,0.469,2.83,5.67,0.0,90.0,130.47,-125.75
Human Dominant_9,R4,2026-08-23T11:54:33.420464Z,behavior_monitor,20,885,74,637,796,1046,728,763.58,673.57,415.04,system,NA,0.469,2.83,5.67,0.0,90.0,130.47,-125.75
Human Dominant_9,R4,2026-08-23T11:54:33.420927Z,human_signal,20,887,74,637,796,1046,728,763.99,672.81,415.04,human,your_turn,0.468,2.83,5.67,0.0,90.0,130.47,-125.75
Human Dominant_9,R4,2026-08-23T11:54:33.925066Z,behavior_monitor,20,961,108,637,796,1002,666,759.81,558.85,387.21,system,NA,0.424,2.83,34.25,0.0,90.0,150.04,-125.75
Human Dominant_9,R4,2026-08-23T11:54:34.434788Z,behavior_monitor,20,1013,170,637,796,990,603,730.19,433.67,401.98,system,NA,0.373,2.83,59.78,0.0,90.0,121.76,-90.0
Human Dominant_9,R4,2026-08-23T11:54:34.941020Z,behavior_monitor,20,1055,244,637,796,1032,566,692.98,323.72,456.56,system,NA,0.318,2.83,59.78,0.0,90.0,87.67,0.0
Human Dominant_9,R4,2026-08-23T11:54:35.449727Z,behavior_monitor,20,1093,315,637,796,1069,566,662.62,251.86,489.68,system,NA,0.275,2.83,44.54,0.0,90.0,87.67,0.0
Human Dominant_9,R4,2026-08-23T11:54:35.956494Z,behavior_monitor,20,1127,387,686,799,1107,565,603.36,179.09,481.22,system,NA,0.229,2.83,99.36,129.41,0.0,24.55,-47.67
Human Dominant_9,R4,2026-08-23T11:54:36.462341Z,behavior_monitor,20,1138,470,752,806,1114,565,511.95,98.09,435.02,system,NA,0.161,2.83,74.8,134.99,16.54,0.0,0.0
Human Dominant_9,R4,2026-08-23T11:54:36.955734Z,shot_miss,20,1183,538,818,822,1153,565,462.53,40.54,422.1,agent,NA,0.081,2.83,48.66,129.41,0.0,87.67,0.0
Human Dominant_9,R4,2026-08-23T11:54:36.971356Z,behavior_monitor,20,1183,538,818,822,1153,565,462.53,40.54,422.1,system,NA,0.081,2.83,48.66,131.26,0.0,93.15,0.0
Human Dominant_9,R4,2026-08-23T11:54:37.192172Z,shot_hit,20,1195,572,844,822,1172,567,430.28,23.12,415.4,agent,NA,0.051,2.83,105.27,129.41,0.0,87.67,0.0
Human Dominant_9,R5,2026-08-23T11:56:42.040164Z,flight_spawn,1,801,-20,844,822,1172,567,843.6,694.7,415.4,system,NA,0.452,3.12,50.17,0.0,0.0,0.0,90.0
Human Dominant_9,R5,2026-08-23T11:56:45.803234Z,human_signal,1,905,69,1113,657,399,709,623.86,815.78,716.41,human,your_turn,0.567,3.12,52.32,129.41,-90.0,130.47,-54.25
Human Dominant_9,R5,2026-08-23T11:56:45.803902Z,behavior_monitor,1,905,69,1113,657,399,709,623.86,815.78,716.41,system,NA,0.567,3.12,52.32,137.5,-90.0,138.63,-54.25
Human Dominant_9,R5,2026-08-23T11:56:45.804378Z,human_signal,1,907,71,1113,654,399,709,618.88,814.93,716.57,human,your_turn,0.568,3.12,52.32,137.5,-90.0,138.63,-54.25
Human Dominant_9,R5,2026-08-23T11:56:46.306482Z,behavior_monitor,1,952,146,1113,591,443,647,473.45,714.28,672.38,system,NA,0.601,3.12,73.94,129.41,-90.0,150.04,-54.25
Human Dominant_9,R5,2026-08-23T11:56:46.815086Z,behavior_monitor,1,993,227,1105,525,488,584,318.55,618.42,619.32,system,NA,0.66,3.12,48.94,135.81,-117.04,150.04,-54.25
Human Dominant_9,R5,2026-08-23T11:56:47.320787Z,behavior_monitor,1,1046,301,1087,461,533,566,164.64,576.85,563.52,system,NA,0.778,3.12,23.83,129.41,-90.0,87.67,0.0
Human Dominant_9,R5,2026-08-23T11:56:47.827213Z,behavior_monitor,1,1132,339,1107,397,578,565,62.61,597.82,555.24,system,NA,0.905,3.12,44.98,140.37,-47.14,87.67,0.0
Human Dominant_9,R5,2026-08-23T11:56:47.861107Z,shot_miss,1,1136,344,1111,394,581,565,56.09,597.6,556.72,human,NA,0.914,3.12,44.98,140.34,-43.0,87.67,0.0
Human Dominant_9,R5,2026-08-23T11:56:48.014588Z,shot_miss,1,1157,363,1130,386,595,565,35.26,597.61,564.44,human,NA,0.944,3.12,44.98,134.72,-16.14,87.67,0.0
Human Dominant_9,R5,2026-08-23T11:56:48.149121Z,shot_hit,1,1173,383,1147,386,606,565,25.96,595.19,569.82,human,NA,0.958,3.12,65.01,129.41,0.0,87.67,0.0
Human Dominant_9,R5,2026-08-23T11:56:48.149416Z,flight_spawn,2,1152,-20,1147,386,606,565,406.16,799.97,569.82,system,NA,0.663,3.12,129.83,129.41,0.0,87.67,0.0
Human Dominant_9,R5,2026-08-23T11:56:49.952134Z,human_signal,2,844,100,1067,495,687,565,453.69,490.17,386.26,human,your_turn,0.519,3.12,165.52,136.86,90.0,81.0,0.0
Human Dominant_9,R5,2026-08-23T11:56:49.952828Z,behavior_monitor,2,844,100,1067,495,687,565,453.69,490.17,386.26,system,NA,0.519,3.12,165.52,133.28,71.95,76.24,0.0
Human Dominant_9,R5,2026-08-23T11:56:49.953361Z,human_signal,2,841,101,1067,497,687,565,456.68,488.53,386.7,human,your_turn,0.517,3.12,165.52,133.28,71.95,76.24,0.0
Human Dominant_9,R5,2026-08-23T11:56:50.305522Z,human_signal,2,778,116,1084,540,718,565,523.39,452.88,367.28,human,your_turn,0.464,3.12,172.76,134.22,74.62,87.67,0.0
Human Dominant_9,R5,2026-08-23T11:56:50.306112Z,human_signal,2,775,116,1084,542,718,565,526.45,452.14,367.14,human,your_turn,0.462,3.12,172.76,137.5,90.0,93.15,0.0
Human Dominant_9,R5,2026-08-23T11:56:50.455992Z,human_signal,2,751,119,1080,560,730,565,549.57,445.87,350.04,human,your_turn,0.448,3.12,172.76,145.69,110.7,93.15,0.0
Human Dominant_9,R5,2026-08-23T11:56:50.456548Z,behavior_monitor,2,751,119,1080,560,730,565,549.57,445.87,350.04,system,NA,0.448,3.12,172.76,146.88,123.32,0.0,0.0
Human Dominant_9,R5,2026-08-23T11:56:50.457011Z,human_signal,2,747,120,1078,561,730,565,552.22,445.31,348.53,human,your_turn,0.446,3.12,172.76,146.88,123.32,0.0,0.0
Human Dominant_9,R5,2026-08-23T11:56:50.608893Z,human_signal,2,724,123,1065,575,718,565,566.07,441.48,346.79,human,your_turn,0.438,3.12,163.41,141.42,138.28,80.84,175.14
Human Dominant_9,R5,2026-08-23T11:56:50.609526Z,human_signal,2,721,124,1063,577,718,565,567.05,440.56,345.04,human,your_turn,0.437,3.12,163.41,141.57,139.39,87.67,180.0
Human Dominant_9,R5,2026-08-23T11:56:50.745160Z,human_signal,2,702,130,1054,590,706,565,579.01,434.33,348.96,human,your_turn,0.429,3.12,133.8,143.64,115.72,87.67,180.0
Human Dominant_9,R5,2026-08-23T11:56:50.746249Z,human_signal,2,700,133,1053,592,706,565,580.04,432.11,348.25,human,your_turn,0.427,3.12,133.8,140.71,113.12,87.67,180.0
Human Dominant_9,R5,2026-08-23T11:56:50.897285Z,human_signal,2,685,151,1048,610,693,565,585.16,414.51,357.14,human,your_turn,0.415,3.12,133.8,135.32,106.99,87.67,180.0
Human Dominant_9,R5,2026-08-23T11:56:50.897882Z,human_signal,2,683,153,1047,612,693,565,585.95,412.3,356.78,human,your_turn,0.413,3.12,133.8,135.02,106.58,87.67,180.0
Human Dominant_9,R5,2026-08-23T11:56:50.964275Z,behavior_monitor,2,676,160,1045,619,687,565,589.22,405.58,361.57,system,NA,0.408,3.12,133.8,144.34,107.71,93.15,180.0
Human Dominant_9,R5,2026-08-23T11:56:51.048620Z,human_signal,2,665,171,1039,630,680,565,592.15,394.43,365.38,human,your_turn,0.4,3.12,133.8,150.51,124.09,87.67,180.0
Human Dominant_9,R5,2026-08-23T11:56:51.049157Z,human_signal,2,663,173,1038,632,680,565,592.53,392.27,364.29,human,your_turn,0.398,3.12,133.8,150.51,124.09,87.67,180.0
Human Dominant_9,R5,2026-08-23T11:56:51.201422Z,human_signal,2,651,195,1025,646,666,565,585.85,370.2,367.78,human,your_turn,0.387,3.12,91.44,142.94,134.21,87.67,180.0
Human Dominant_9,R5,2026-08-23T11:56:51.201946Z,human_signal,2,651,198,1023,648,666,565,583.86,367.1,366.39,human,your_turn,0.386,3.12,91.44,142.16,137.02,87.67,180.0
Human Dominant_9,R5,2026-08-23T11:56:51.370123Z,human_signal,2,648,226,1006,661,652,566,563.13,339.1,366.96,human,your_turn,0.376,3.12,91.44,140.1,145.73,87.67,180.0
Human Dominant_9,R5,2026-08-23T11:56:51.371207Z,human_signal,2,648,230,1004,662,652,566,560.85,335.99,365.38,human,your_turn,0.375,3.12,91.44,140.1,145.73,87.67,180.0
Human Dominant_9,R5,2026-08-23T11:56:51.471757Z,behavior_monitor,2,647,245,994,669,643,566,547.54,320.47,366.04,system,NA,0.369,3.12,91.44,139.07,148.75,87.67,180.0
Human Dominant_9,R5,2026-08-23T11:56:51.978131Z,behavior_monitor,2,646,339,932,693,629,566,454.83,227.78,328.22,system,NA,0.334,3.12,71.33,150.13,-150.96,0.0,180.0
Human Dominant_9,R5,2026-08-23T11:56:52.487984Z,behavior_monitor,2,604,411,921,645,602,566,393.83,154.87,328.78,system,NA,0.282,3.12,121.27,0.0,-90.0,87.67,180.0
Human Dominant_9,R5,2026-08-23T11:56:52.997493Z,behavior_monitor,2,531,466,921,645,558,566,429.08,103.05,372.04,system,NA,0.194,3.12,150.64,0.0,-90.0,87.67,180.0
Human Dominant_9,R5,2026-08-23T11:56:53.507982Z,behavior_monitor,2,443,492,877,605,512,565,448.43,100.63,367.22,system,NA,0.183,3.12,175.08,138.69,-139.87,87.67,180.0
Human Dominant_9,R5,2026-08-23T11:56:54.017602Z,behavior_monitor,2,355,517,831,633,468,565,489.48,122.1,369.51,system,NA,0.2,3.12,162.77,145.43,123.2,87.67,180.0
Human Dominant_9,R5,2026-08-23T11:56:54.521857Z,behavior_monitor,2,281,563,775,675,423,566,506.62,142.23,368.36,system,NA,0.219,3.12,136.22,137.31,154.71,87.67,180.0
Human Dominant_9,R5,2026-08-23T11:56:55.031439Z,behavior_monitor,2,212,622,711,705,378,617,506.06,165.78,344.89,system,NA,0.247,3.12,160.76,138.43,151.78,150.04,125.75
Human Dominant_9,R5,2026-08-23T11:56:55.538112Z,behavior_monitor,2,123,653,719,735,333,648,601.34,210.38,395.02,system,NA,0.259,3.12,160.76,129.41,0.0,150.04,125.75
Human Dominant_9,R5,2026-08-23T11:56:56.046612Z,behavior_monitor,2,59,711,785,727,289,694,726.03,230.83,496.73,system,NA,0.241,3.12,106.36,135.33,-17.01,150.04,125.75
Human Dominant_9,R5,2026-08-23T11:56:57.724771Z,flight_missed,2,93,952,905,661,140,902,862.19,69.07,801.5,system,NA,0.074,2.7,16.33,126.25,-22.92,150.04,125.75
Human Dominant_9,R5,2026-08-23T11:56:57.725355Z,flight_spawn,3,395,-20,905,661,140,902,851.22,956.5,801.5,system,NA,0.529,3.14,50.49,126.25,-22.92,150.04,125.75
Human Dominant_9,R5,2026-08-23T11:56:59.019282Z,human_signal,3,602,99,888,503,205,812,494.96,816.46,749.55,human,i_can,0.623,3.14,26.85,135.48,-114.51,130.47,-54.25
Human Dominant_9,R5,2026-08-23T11:56:59.035854Z,behavior_monitor,3,602,99,888,503,206,811,494.96,814.26,747.63,system,NA,0.622,3.14,26.85,135.62,-114.23,130.47,-54.25
Human Dominant_9,R5,2026-08-23T11:56:59.539649Z,behavior_monitor,3,688,133,868,438,245,757,354.27,764.81,699.1,system,NA,0.683,3.14,21.62,129.41,-90.0,130.47,-54.25
Human Dominant_9,R5,2026-08-23T11:57:00.044620Z,behavior_monitor,3,776,155,917,401,284,702,283.14,736.23,700.71,system,NA,0.722,3.14,0.74,129.41,0.0,130.47,-54.25
Human Dominant_9,R5,2026-08-23T11:57:00.549518Z,behavior_monitor,3,860,189,980,401,323,649,243.58,706.99,701.57,system,NA,0.744,3.14,24.23,93.03,0.0,130.47,-54.25
Human Dominant_9,R5,2026-08-23T11:57:01.056152Z,behavior_monitor,3,949,206,1045,401,359,598,217.95,707.95,713.08,system,NA,0.765,3.14,25.56,129.41,0.0,0.0,-54.25
Human Dominant_9,R5,2026-08-23T11:57:01.568295Z,behavior_monitor,3,1030,248,1111,401,384,566,173.52,719.89,745.25,system,NA,0.806,3.14,23.33,129.41,0.0,76.24,0.0
Human Dominant_9,R5,2026-08-23T11:57:02.075920Z,behavior_monitor,3,1123,277,1177,401,423,566,135.57,757.7,771.42,system,NA,0.848,3.14,0.61,129.41,0.0,76.24,0.0
Human Dominant_9,R5,2026-08-23T11:57:02.584125Z,behavior_monitor,3,1213,301,1243,401,462,566,104.5,796.39,798.0,system,NA,0.884,3.14,21.48,129.41,0.0,76.24,0.0
Human Dominant_9,R5,2026-08-23T11:57:03.089733Z,behavior_monitor,3,1301,324,1309,401,501,566,78.19,836.0,824.39,system,NA,0.914,3.14,1.18,129.41,0.0,76.24,0.0
Human Dominant_9,R5,2026-08-23T11:57:03.597744Z,behavior_monitor,3,1390,341,1374,391,540,566,52.13,879.8,852.53,system,NA,0.944,3.14,27.96,135.0,-43.95,76.24,0.0
Human Dominant_9,R5,2026-08-23T11:57:03.734952Z,shot_miss,3,1412,354,1387,377,550,566,33.96,887.51,857.79,human,NA,0.963,3.14,53.75,139.85,-48.87,76.24,0.0
Human Dominant_9,R5,2026-08-23T11:57:03.870580Z,shot_miss,3,1429,374,1401,365,561,566,29.21,889.38,864.51,human,NA,0.968,3.14,53.75,139.59,-35.67,76.24,0.0
Human Dominant_9,R5,2026-08-23T11:57:04.022761Z,shot_miss,3,1448,397,1421,364,572,566,42.63,892.05,872.54,human,NA,0.954,3.14,53.75,129.41,0.0,76.24,0.0
Human Dominant_9,R5,2026-08-23T11:57:04.612864Z,shot_miss,3,1409,486,1416,437,618,566,48.96,795.72,808.98,human,NA,0.942,2.77,113.75,145.04,116.85,76.24,0.0
Human Dominant_9,R5,2026-08-23T11:57:07.950608Z,shot_miss,3,1402,887,1377,856,872,861,39.83,531.44,505.81,human,NA,0.93,1.77,154.27,129.41,90.0,130.47,54.25
Human Dominant_9,R5,2026-08-23T11:57:08.121347Z,shot_hit,3,1385,895,1377,878,885,879,18.46,500.64,492.53,human,NA,0.964,1.77,154.27,129.41,90.0,130.47,54.25
Human Dominant_9,R5,2026-08-23T11:57:08.121594Z,flight_spawn,4,849,-20,1377,878,885,879,1042.3,900.45,492.53,system,NA,0.463,3.19,51.12,129.41,90.0,130.47,54.25
Human Dominant_9,R5,2026-08-23T11:57:09.579967Z,human_signal,4,1028,181,1309,813,960,762,691.59,584.96,353.3,human,your_turn,0.458,3.19,56.58,145.15,-71.32,138.63,-54.25
Human Dominant_9,R5,2026-08-23T11:57:09.581102Z,behavior_monitor,4,1028,181,1309,813,960,762,691.59,584.96,353.3,system,NA,0.458,3.19,56.58,136.05,-72.02,130.47,-54.25
Human Dominant_9,R5,2026-08-23T11:57:09.581508Z,human_signal,4,1030,184,1310,811,960,762,686.8,582.51,353.68,human,your_turn,0.459,3.19,56.58,136.05,-72.02,130.47,-54.25
Human Dominant_9,R5,2026-08-23T11:57:10.089084Z,behavior_monitor,4,1033,272,1268,831,1005,700,606.78,428.62,294.74,system,NA,0.414,3.19,113.4,142.16,140.61,150.04,-54.25
Human Dominant_9,R5,2026-08-23T11:57:10.593932Z,behavior_monitor,4,972,342,1203,856,971,637,563.7,295.12,319.13,system,NA,0.344,3.19,111.95,135.12,163.29,150.04,-125.75
Human Dominant_9,R5,2026-08-23T11:57:11.102350Z,behavior_monitor,4,907,404,1137,876,926,576,525.2,172.99,366.88,system,NA,0.248,3.19,164.33,135.12,163.29,150.04,-125.75
Human Dominant_9,R5,2026-08-23T11:57:11.611325Z,behavior_monitor,4,820,448,1071,895,881,566,513.35,132.89,380.58,system,NA,0.206,3.19,134.98,135.12,163.29,87.67,180.0
Human Dominant_9,R5,2026-08-23T11:57:12.115988Z,behavior_monitor,4,771,529,1005,910,836,566,447.03,75.51,382.71,system,NA,0.145,3.19,111.44,129.41,180.0,87.67,180.0
Human Dominant_9,R5,2026-08-23T11:57:12.436671Z,shot_miss,4,748,586,961,910,807,581,387.08,58.39,363.5,agent,NA,0.131,3.19,135.36,129.41,180.0,150.04,125.75
Human Dominant_9,R5,2026-08-23T11:57:12.620620Z,behavior_monitor,4,727,610,939,910,792,601,367.02,65.36,341.76,system,NA,0.151,3.19,107.76,137.5,180.0,159.42,125.75
Human Dominant_9,R5,2026-08-23T11:57:13.062293Z,shot_miss,4,719,694,880,910,752,658,268.92,48.56,282.54,agent,NA,0.153,3.19,105.62,129.41,180.0,150.04,125.75
Human Dominant_9,R5,2026-08-23T11:57:13.128685Z,behavior_monitor,4,717,703,873,910,747,664,258.88,49.38,276.04,system,NA,0.16,3.19,105.62,129.41,180.0,150.04,125.75
Human Dominant_9,R5,2026-08-23T11:57:13.348589Z,shot_miss,4,707,746,843,910,727,693,211.98,56.5,245.46,agent,NA,0.21,3.19,82.34,129.41,180.0,150.04,125.75
Human Dominant_9,R5,2026-08-23T11:57:13.366219Z,human_signal,4,708,749,840,910,727,693,208.42,59.39,244.95,human,i_can,0.222,3.19,82.34,129.41,180.0,150.04,125.75
Human Dominant_9,R5,2026-08-23T11:57:13.637832Z,behavior_monitor,4,723,793,807,910,706,722,144.28,72.62,213.25,system,NA,0.335,3.19,79.66,129.41,180.0,130.47,125.75
Human Dominant_9,R5,2026-08-23T11:57:13.976610Z,shot_miss,4,736,855,766,892,712,757,47.39,100.81,144.99,human,NA,0.68,3.19,79.66,137.67,-143.65,105.88,90.0
Human Dominant_9,R5,2026-08-23T11:57:14.128791Z,shot_hit,4,726,881,749,880,710,774,23.6,108.49,113.43,human,NA,0.821,3.19,128.45,136.08,-146.01,130.47,125.75
Human Dominant_9,R5,2026-08-23T11:57:14.129281Z,flight_spawn,5,1285,-20,749,880,710,774,1047.95,980.85,113.43,system,NA,0.483,2.87,45.75,136.08,-146.01,130.47,125.75
Human Dominant_9,R5,2026-08-23T11:57:14.653883Z,human_signal,5,1349,33,684,889,718,763,1083.55,964.61,130.37,human,your_turn,0.471,2.87,26.88,136.16,-139.23,130.47,-54.25
Human Dominant_9,R5,2026-08-23T11:57:14.654417Z,behavior_monitor,5,1349,33,684,889,718,763,1083.55,964.61,130.37,system,NA,0.471,2.87,26.88,129.41,-90.0,130.47,-54.25
Human Dominant_9,R5,2026-08-23T11:57:14.654676Z,human_signal,5,1351,34,686,887,718,763,1082.26,965.51,128.74,human,your_turn,0.471,2.87,26.88,129.41,-90.0,130.47,-54.25
Human Dominant_9,R5,2026-08-23T11:57:15.160956Z,behavior_monitor,5,1429,63,749,882,763,701,1064.95,922.44,182.15,system,NA,0.464,2.87,22.2,129.41,0.0,150.04,-54.25
Human Dominant_9,R5,2026-08-23T11:57:15.667718Z,behavior_monitor,5,1424,121,722,882,807,639,1035.52,805.55,257.97,system,NA,0.438,2.39,119.78,129.41,180.0,150.04,-54.25
Human Dominant_9,R5,2026-08-23T11:57:16.174401Z,behavior_monitor,5,1381,182,656,882,852,576,1008.35,660.15,363.41,system,NA,0.396,2.39,121.7,129.41,180.0,150.04,-54.25
Human Dominant_9,R5,2026-08-23T11:57:16.680476Z,behavior_monitor,5,1337,233,609,854,897,566,956.95,551.74,407.47,system,NA,0.366,2.39,166.26,126.38,-90.0,87.67,0.0
Human Dominant_9,R5,2026-08-23T11:57:17.186998Z,behavior_monitor,5,1268,250,607,789,942,566,852.79,453.89,402.53,system,NA,0.347,2.39,166.26,141.37,-106.7,93.15,0.0
Human Dominant_9,R5,2026-08-23T11:57:17.697188Z,behavior_monitor,5,1195,265,575,728,987,566,773.9,365.52,443.02,system,NA,0.321,2.39,169.97,136.01,-128.46,87.67,0.0
Human Dominant_9,R5,2026-08-23T11:57:18.205577Z,behavior_monitor,5,1125,278,540,669,1032,566,703.79,302.48,502.59,system,NA,0.301,2.39,169.97,134.02,-111.85,87.67,0.0
Human Dominant_9,R5,2026-08-23T11:57:18.716549Z,behavior_monitor,5,1056,292,521,603,1047,566,618.57,273.74,526.48,system,NA,0.307,2.39,148.35,133.56,-104.81,87.67,180.0
Human Dominant_9,R5,2026-08-23T11:57:19.224911Z,behavior_monitor,5,984,310,489,551,1003,567,551.2,257.59,513.92,system,NA,0.318,2.39,154.13,129.41,180.0,87.67,180.0
Human Dominant_9,R5,2026-08-23T11:57:21.075234Z,human_signal,5,753,422,491,646,840,565,344.72,167.1,358.46,human,i_can,0.326,2.39,118.72,129.41,-90.0,87.67,180.0
Human Dominant_9,R5,2026-08-23T11:57:21.091555Z,behavior_monitor,5,753,422,491,646,839,565,344.72,166.43,357.2,system,NA,0.326,2.39,118.72,129.41,-90.0,76.24,180.0
Human Dominant_9,R5,2026-08-23T11:57:21.597847Z,behavior_monitor,5,720,485,516,613,800,565,241.06,112.73,287.88,system,NA,0.319,2.39,120.96,144.82,18.3,81.0,180.0
Human Dominant_9,R5,2026-08-23T11:57:22.104918Z,behavior_monitor,5,691,549,553,669,761,565,182.54,71.34,231.83,system,NA,0.281,2.39,93.79,133.69,75.46,76.24,180.0
Human Dominant_9,R5,2026-08-23T11:57:22.427943Z,shot_miss,5,686,595,590,681,735,585,128.66,50.67,174.43,agent,NA,0.283,2.39,116.51,129.41,0.0,130.47,125.75
Human Dominant_9,R5,2026-08-23T11:57:22.614240Z,behavior_monitor,5,676,617,612,681,723,602,90.62,49.23,136.07,system,NA,0.352,2.39,87.63,129.41,0.0,130.47,125.75
Human Dominant_9,R5,2026-08-23T11:57:22.750427Z,shot_miss,5,675,638,630,691,711,618,69.14,41.3,108.81,agent,NA,0.374,2.39,62.65,125.72,45.59,130.47,125.75
Human Dominant_9,R5,2026-08-23T11:57:23.073670Z,shot_hit,5,706,672,620,732,689,653,105.37,25.44,105.11,agent,NA,0.194,2.39,61.99,129.41,90.0,105.88,90.0
Human Dominant_9,R5,2026-08-23T11:57:23.074044Z,flight_spawn,6,780,-20,620,732,689,653,769.47,679.39,105.11,system,NA,0.469,2.83,135.0,129.41,90.0,105.88,90.0
Human Dominant_9,R5,2026-08-23T11:57:24.074635Z,human_signal,6,633,46,591,790,654,604,745.21,558.14,196.55,human,your_turn,0.428,2.83,149.1,129.41,180.0,130.47,-125.75
Human Dominant_9,R5,2026-08-23T11:57:24.075560Z,behavior_monitor,6,633,46,591,790,654,604,745.21,558.14,196.55,system,NA,0.428,2.83,149.1,129.41,180.0,130.47,-125.75
Human Dominant_9,R5,2026-08-23T11:57:24.075954Z,human_signal,6,631,48,589,790,654,604,743.76,556.77,197.26,human,your_turn,0.428,2.83,149.1,129.41,180.0,130.47,-125.75
Human Dominant_9,R5,2026-08-23T11:57:24.585355Z,behavior_monitor,6,562,90,525,790,609,565,701.41,477.2,240.73,system,NA,0.405,2.83,149.1,129.41,180.0,87.67,180.0
Human Dominant_9,R5,2026-08-23T11:57:25.091092Z,behavior_monitor,6,485,115,477,817,564,565,701.44,456.59,266.36,system,NA,0.394,2.83,175.17,127.16,48.05,87.67,180.0
Human Dominant_9,R5,2026-08-23T11:57:25.598380Z,behavior_monitor,6,423,155,541,820,520,565,675.4,420.97,256.18,system,NA,0.384,2.83,123.98,129.41,0.0,87.67,180.0
Human Dominant_9,R5,2026-08-23T11:57:26.109817Z,behavior_monitor,6,374,225,544,852,475,565,649.85,354.47,295.61,system,NA,0.353,2.83,123.98,90.68,120.87,87.67,180.0
Human Dominant_9,R5,2026-08-23T11:57:26.616734Z,behavior_monitor,6,341,301,606,870,431,565,628.01,278.81,352.12,system,NA,0.307,2.83,102.87,129.41,0.0,87.67,180.0
Human Dominant_9,R5,2026-08-23T11:57:27.124521Z,behavior_monitor,6,311,378,670,848,385,565,591.29,201.33,401.16,system,NA,0.254,2.83,77.6,139.11,-25.88,87.67,180.0
Human Dominant_9,R5,2026-08-23T11:57:27.632576Z,behavior_monitor,6,316,462,734,817,341,565,548.8,106.88,466.28,system,NA,0.163,2.83,100.01,139.28,-26.02,65.48,166.6
Human Dominant_9,R5,2026-08-23T11:57:28.139555Z,behavior_monitor,6,318,544,791,773,301,565,526.1,26.54,532.55,system,NA,0.048,2.83,95.54,141.67,-43.27,0.0,180.0
Human Dominant_9,R5,2026-08-23T11:57:28.189818Z,shot_hit,6,320,556,798,766,301,565,522.73,21.05,536.21,agent,NA,0.039,2.83,72.23,141.46,-45.16,0.0,180.0
Human Dominant_9,R5,2026-08-23T11:57:28.190084Z,flight_spawn,7,910,-20,798,766,301,565,794.87,844.9,536.21,system,NA,0.515,2.83,45.0,141.46,-45.16,0.0,180.0
Human Dominant_9,R5,2026-08-23T11:57:30.660370Z,human_signal,7,1194,241,1060,586,460,566,369.99,802.64,600.73,human,your_turn,0.684,2.83,57.06,133.79,-14.71,76.24,0.0
Human Dominant_9,R5,2026-08-23T11:57:30.661036Z,behavior_monitor,7,1194,241,1060,586,460,566,369.99,802.64,600.73,system,NA,0.684,2.83,57.06,142.23,-14.82,81.0,0.0
Human Dominant_9,R5,2026-08-23T11:57:30.661694Z,human_signal,7,1195,244,1063,586,460,566,367.03,803.18,602.91,human,your_turn,0.686,2.83,57.06,142.23,-14.82,81.0,0.0
Human Dominant_9,R5,2026-08-23T11:57:31.166270Z,behavior_monitor,7,1224,316,1126,569,505,566,271.11,761.72,621.69,system,NA,0.738,2.83,108.16,133.69,-14.53,87.67,0.0
Human Dominant_9,R5,2026-08-23T11:57:31.199760Z,human_signal,7,1221,324,1133,568,508,566,259.05,753.15,625.31,human,i_can,0.744,2.83,108.16,133.5,-14.23,87.67,0.0
Human Dominant_9,R5,2026-08-23T11:57:31.675443Z,behavior_monitor,7,1195,397,1181,544,544,566,148.25,673.21,637.26,system,NA,0.82,2.83,108.16,126.89,-74.42,72.0,0.0
Human Dominant_9,R5,2026-08-23T11:57:32.065805Z,shot_miss,7,1166,452,1181,493,573,566,44.41,603.44,612.47,human,NA,0.931,2.83,135.82,129.41,-90.0,76.24,0.0
Human Dominant_9,R5,2026-08-23T11:57:32.183717Z,behavior_monitor,7,1152,466,1181,478,582,566,31.7,578.68,605.52,system,NA,0.948,2.83,135.82,129.41,-90.0,76.24,0.0
Human Dominant_9,R5,2026-08-23T11:57:32.232872Z,shot_miss,7,1147,472,1180,472,586,566,32.93,568.59,601.02,human,NA,0.945,2.83,135.82,137.5,-90.0,81.0,0.0
Human Dominant_9,R5,2026-08-23T11:57:32.386153Z,shot_miss,7,1127,489,1160,472,598,566,37.27,535.16,570.3,human,NA,0.935,2.83,135.82,129.41,180.0,65.66,-10.02
Human Dominant_9,R5,2026-08-23T11:57:32.538035Z,shot_miss,7,1107,500,1145,486,609,566,40.46,502.25,541.94,human,NA,0.925,2.83,165.42,137.53,129.22,76.24,0.0
Human Dominant_9,R5,2026-08-23T11:57:32.688597Z,behavior_monitor,7,1081,506,1134,504,621,566,53.17,464.15,517.1,system,NA,0.897,2.83,138.76,138.68,118.81,76.24,0.0
Human Dominant_9,R5,2026-08-23T11:57:32.722608Z,shot_miss,7,1078,510,1132,508,624,566,53.93,457.99,511.69,human,NA,0.895,2.83,138.76,138.68,118.81,76.24,0.0
Human Dominant_9,R5,2026-08-23T11:57:32.924625Z,shot_miss,7,1056,534,1113,530,639,566,57.3,418.17,475.46,human,NA,0.879,2.83,108.84,140.81,138.69,76.24,0.0
Human Dominant_9,R5,2026-08-23T11:57:33.093574Z,shot_miss,7,1049,561,1094,543,652,566,48.05,397.1,442.28,human,NA,0.892,2.83,108.84,139.83,146.22,76.24,0.0
Human Dominant_9,R5,2026-08-23T11:57:33.195476Z,behavior_monitor,7,1047,578,1082,552,660,570,43.59,387.35,422.66,system,NA,0.899,2.83,87.63,140.72,140.7,130.47,54.25
Human Dominant_9,R5,2026-08-23T11:57:33.280932Z,shot_miss,7,1051,591,1073,560,666,579,38.62,385.38,407.91,human,NA,0.909,2.83,66.57,139.64,134.61,130.47,54.25
Human Dominant_9,R5,2026-08-23T11:57:33.450166Z,shot_miss,7,1064,617,1060,579,679,597,38.47,386.3,381.73,human,NA,0.909,2.83,66.57,138.58,121.08,130.47,54.25
Human Dominant_9,R5,2026-08-23T11:57:33.635671Z,shot_miss,7,1070,648,1053,603,693,617,47.7,378.32,360.38,human,NA,0.888,2.83,87.33,129.41,90.0,130.47,54.25
Human Dominant_9,R5,2026-08-23T11:57:33.704415Z,behavior_monitor,7,1069,659,1053,612,698,624,49.82,372.52,354.83,system,NA,0.882,2.83,87.33,129.41,90.0,147.28,50.08
Human Dominant_9,R5,2026-08-23T11:57:33.870790Z,shot_miss,7,1069,687,1056,634,711,642,55.21,361.15,344.67,human,NA,0.867,2.83,87.33,141.15,74.83,138.63,54.25
Human Dominant_9,R5,2026-08-23T11:57:34.039396Z,shot_miss,7,1070,715,1056,655,724,660,61.43,350.01,332.22,human,NA,0.851,2.83,87.33,128.07,90.0,130.47,54.25
Human Dominant_9,R5,2026-08-23T11:57:34.207570Z,shot_miss,7,1071,744,1056,677,737,678,67.85,340.04,318.87,human,NA,0.834,2.83,87.33,137.5,90.0,138.63,54.25
Human Dominant_9,R5,2026-08-23T11:57:34.208220Z,behavior_monitor,7,1071,744,1056,677,737,678,67.85,340.04,318.87,system,NA,0.834,2.83,87.33,129.41,90.0,130.47,54.25
Human Dominant_9,R5,2026-08-23T11:57:34.376766Z,shot_miss,7,1072,772,1056,699,750,696,74.23,330.78,305.93,human,NA,0.817,2.83,87.33,129.41,90.0,130.47,54.25
Human Dominant_9,R5,2026-08-23T11:57:34.715835Z,behavior_monitor,7,1068,827,1056,743,776,732,84.69,306.89,280.53,system,NA,0.784,2.83,110.56,129.41,90.0,130.47,54.25
Human Dominant_9,R5,2026-08-23T11:57:35.222682Z,behavior_monitor,7,1042,907,1056,809,815,787,98.69,257.24,242.37,system,NA,0.723,2.83,82.04,129.41,90.0,130.47,54.25
Human Dominant_9,R5,2026-08-23T11:57:35.495558Z,flight_missed,7,1030,953,1056,847,837,817,109.03,236.06,221.41,system,NA,0.684,2.83,110.72,129.41,90.0,130.47,54.25
Human Dominant_9,R5,2026-08-23T11:57:35.496115Z,flight_spawn,8,714,-20,1056,847,837,817,932.29,846.74,221.41,system,NA,0.476,3.42,125.73,129.41,90.0,130.47,54.25
Human Dominant_9,R5,2026-08-23T11:57:38.183241Z,human_signal,8,331,312,789,910,681,600,752.77,452.88,327.72,human,your_turn,0.376,3.42,99.37,121.55,180.0,130.47,-125.75
Human Dominant_9,R5,2026-08-23T11:57:38.183568Z,behavior_monitor,8,331,312,789,910,681,600,752.77,452.88,327.72,system,NA,0.376,3.42,99.37,121.55,180.0,130.47,-125.75
Human Dominant_9,R5,2026-08-23T11:57:38.183910Z,human_signal,8,330,315,787,911,681,600,750.59,451.72,328.22,human,your_turn,0.376,3.42,99.37,121.55,180.0,130.47,-125.75
Human Dominant_9,R5,2026-08-23T11:57:38.688346Z,behavior_monitor,8,315,413,730,910,636,565,647.02,355.23,356.87,system,NA,0.354,3.42,99.37,117.61,180.0,87.67,180.0
Human Dominant_9,R5,2026-08-23T11:57:39.192402Z,behavior_monitor,8,289,510,668,910,591,565,550.21,306.78,353.02,system,NA,0.358,3.42,94.98,129.41,180.0,87.67,180.0
Human Dominant_9,R5,2026-08-23T11:57:39.697914Z,behavior_monitor,8,276,611,602,910,546,592,442.4,271.2,322.6,system,NA,0.38,3.42,121.34,129.41,180.0,150.04,125.75
Human Dominant_9,R5,2026-08-23T11:57:40.205128Z,behavior_monitor,8,183,646,536,910,502,642,440.81,318.69,270.16,system,NA,0.42,3.42,172.82,129.41,180.0,150.04,125.75
Human Dominant_9,R5,2026-08-23T11:57:40.712622Z,behavior_monitor,8,83,656,470,910,457,652,462.9,374.58,258.06,system,NA,0.447,3.42,176.27,129.41,180.0,87.67,180.0
Human Dominant_9,R5,2026-08-23T11:57:40.830589Z,human_signal,8,53,658,453,910,447,654,472.48,393.88,256.33,human,i_can,0.455,3.42,176.27,129.41,180.0,150.04,125.75
Human Dominant_9,R5,2026-08-23T11:57:41.212939Z,behavior_monitor,8,42,664,406,910,418,659,439.72,376.63,250.49,system,NA,0.461,2.06,6.6,129.41,180.0,74.77,177.3
Human Dominant_9,R5,2026-08-23T11:57:41.716692Z,behavior_monitor,8,103,675,340,910,379,670,334.04,276.49,242.56,system,NA,0.453,2.06,15.84,129.41,180.0,130.47,125.75
Human Dominant_9,R5,2026-08-23T11:57:42.225743Z,behavior_monitor,8,157,699,274,910,340,694,241.38,183.52,225.64,system,NA,0.432,2.06,45.02,129.41,180.0,145.14,123.5
Human Dominant_9,R5,2026-08-23T11:57:42.731697Z,behavior_monitor,8,199,741,218,910,301,736,170.07,102.45,192.72,system,NA,0.376,2.06,24.5,0.0,180.0,130.47,125.75
Human Dominant_9,R5,2026-08-23T11:57:43.240010Z,behavior_monitor,8,251,768,162,910,262,763,167.0,12.28,177.43,system,NA,0.068,2.06,49.39,129.41,180.0,130.47,125.75
Human Dominant_9,R5,2026-08-23T11:57:43.308085Z,shot_hit,8,258,776,162,910,256,770,163.96,6.02,167.81,agent,NA,0.035,2.06,49.39,125.62,0.0,130.47,125.75
Human Dominant_9,R5,2026-08-23T11:57:43.308601Z,flight_spawn,9,333,-20,162,910,256,770,945.56,794.45,167.81,system,NA,0.457,2.83,45.0,125.62,0.0,130.47,125.75
Human Dominant_9,R5,2026-08-23T11:57:44.409876Z,human_signal,9,413,137,303,910,311,693,779.72,564.21,217.14,human,your_turn,0.42,2.83,43.19,129.41,0.0,130.47,-54.25
Human Dominant_9,R5,2026-08-23T11:57:44.410958Z,behavior_monitor,9,413,137,303,910,311,693,779.72,564.21,217.14,system,NA,0.42,2.83,43.19,129.41,0.0,130.47,-54.25
Human Dominant_9,R5,2026-08-23T11:57:44.411297Z,human_signal,9,414,139,305,910,311,693,777.71,562.58,217.07,human,your_turn,0.42,2.83,43.19,129.41,0.0,130.47,-54.25
Human Dominant_9,R5,2026-08-23T11:57:44.916856Z,behavior_monitor,9,479,186,369,910,356,631,731.88,461.65,278.95,system,NA,0.387,2.83,10.1,129.41,0.0,150.04,-54.25
Human Dominant_9,R5,2026-08-23T11:57:45.426792Z,behavior_monitor,9,561,211,435,910,401,569,709.56,391.75,342.3,system,NA,0.356,2.83,29.17,137.5,0.0,159.42,-54.25
Human Dominant_9,R5,2026-08-23T11:57:45.937986Z,behavior_monitor,9,632,252,501,910,446,565,669.94,363.65,349.15,system,NA,0.352,2.83,29.17,129.41,0.0,87.67,0.0
Human Dominant_9,R5,2026-08-23T11:57:46.445650Z,behavior_monitor,9,669,322,567,910,491,565,596.73,301.91,352.61,system,NA,0.336,2.83,111.53,129.41,0.0,87.67,0.0
Human Dominant_9,R5,2026-08-23T11:57:46.956327Z,behavior_monitor,9,633,398,633,910,535,565,511.08,193.41,357.76,system,NA,0.275,2.83,117.28,129.41,0.0,87.67,0.0
Human Dominant_9,R5,2026-08-23T11:57:47.460973Z,behavior_monitor,9,594,470,699,910,575,566,451.57,97.69,365.14,system,NA,0.178,2.83,139.71,129.41,0.0,0.0,0.0
Human Dominant_9,R5,2026-08-23T11:57:47.969249Z,behavior_monitor,9,533,529,722,857,532,566,379.01,37.24,347.85,system,NA,0.089,2.83,114.59,129.41,-90.0,87.67,180.0
Human Dominant_9,R5,2026-08-23T11:57:48.002586Z,shot_hit,9,529,537,722,850,527,566,368.34,29.6,344.87,agent,NA,0.074,2.83,114.59,129.41,-90.0,87.67,180.0
Human Dominant_9,R5,2026-08-23T11:57:48.003186Z,flight_spawn,10,471,-20,722,850,527,566,906.51,589.39,344.87,system,NA,0.394,3.39,126.16,129.41,-90.0,87.67,180.0
Human Dominant_9,R5,2026-08-23T11:57:50.074154Z,human_signal,10,551,365,711,763,524,566,428.43,202.41,271.71,human,your_turn,0.321,3.39,62.54,0.0,180.0,71.6,9.06
Human Dominant_9,R5,2026-08-23T11:57:50.074833Z,behavior_monitor,10,551,365,711,763,524,566,428.43,202.41,271.71,system,NA,0.321,3.39,62.54,0.0,180.0,76.24,0.0
Human Dominant_9,R5,2026-08-23T11:57:50.075264Z,human_signal,10,553,368,711,763,524,566,424.96,199.69,271.71,human,your_turn,0.32,3.39,32.62,0.0,180.0,76.24,0.0
Human Dominant_9,R5,2026-08-23T11:57:50.582620Z,behavior_monitor,10,638,411,737,769,567,566,371.88,169.72,265.23,system,NA,0.313,3.39,32.05,129.41,0.0,87.67,0.0
Human Dominant_9,R5,2026-08-23T11:57:51.090685Z,behavior_monitor,10,725,465,803,769,612,565,314.11,151.32,279.79,system,NA,0.325,3.39,32.05,129.41,0.0,87.67,0.0
Human Dominant_9,R5,2026-08-23T11:57:51.258188Z,human_signal,10,751,490,827,769,626,566,289.73,145.91,286.26,human,i_can,0.335,3.39,55.93,129.41,0.0,64.13,22.48
Human Dominant_9,R5,2026-08-23T11:57:51.596927Z,behavior_monitor,10,787,541,869,769,653,566,242.46,136.8,297.13,system,NA,0.361,3.39,31.35,129.41,0.0,76.24,0.0
Human Dominant_9,R5,2026-08-23T11:57:52.098147Z,behavior_monitor,10,845,621,893,769,692,596,156.0,155.33,265.62,system,NA,0.499,3.39,60.01,0.0,0.0,138.63,54.25
Human Dominant_9,R5,2026-08-23T11:57:52.599862Z,behavior_monitor,10,919,676,905,769,732,650,94.88,189.22,211.01,system,NA,0.666,3.39,36.05,129.41,0.0,148.74,45.22
Human Dominant_9,R5,2026-08-23T11:57:53.107747Z,behavior_monitor,10,1000,735,971,769,770,704,44.12,231.2,211.41,system,NA,0.84,3.39,36.05,129.41,0.0,130.47,54.25
Human Dominant_9,R5,2026-08-23T11:57:53.175338Z,shot_miss,10,1006,746,980,769,776,711,34.38,232.71,212.76,human,NA,0.871,3.39,61.31,129.41,0.0,130.47,54.25
Human Dominant_9,R5,2026-08-23T11:57:53.494536Z,shot_miss,10,1057,783,1022,780,801,745,34.91,258.48,223.65,human,NA,0.881,3.39,9.5,135.48,17.22,130.47,54.25
Human Dominant_9,R5,2026-08-23T11:57:53.613747Z,behavior_monitor,10,1082,788,1037,785,810,758,44.87,273.51,228.7,system,NA,0.859,3.39,20.36,134.42,19.16,130.47,54.25
Human Dominant_9,R5,2026-08-23T11:57:54.125925Z,behavior_monitor,10,1146,853,1100,812,850,812,62.12,299.57,250.39,system,NA,0.828,3.39,67.26,131.56,33.79,130.47,54.25
Human Dominant_9,R5,2026-08-23T11:57:54.635140Z,behavior_monitor,10,1188,946,1131,867,889,866,98.34,309.92,241.97,system,NA,0.759,3.39,95.34,134.71,73.84,138.63,54.25
Human Dominant_9,R5,2026-08-23T11:57:54.651632Z,flight_missed,10,1188,953,1132,871,892,870,99.65,308.02,240.59,system,NA,0.756,3.39,95.34,126.78,73.84,130.47,54.25
Human Dominant_9,R5,2026-08-23T11:57:54.652017Z,flight_spawn,11,1038,-20,1132,871,892,870,896.1,902.08,240.59,system,NA,0.502,2.83,135.0,126.78,73.84,130.47,54.25
Human Dominant_9,R5,2026-08-23T11:57:57.842699Z,human_signal,11,787,329,1048,870,881,565,601.14,254.61,347.62,human,i_can,0.298,2.83,161.83,129.41,180.0,130.47,-125.75
Human Dominant_9,R5,2026-08-23T11:57:57.859986Z,behavior_monitor,11,787,329,1048,870,880,565,601.14,254.14,348.24,system,NA,0.297,2.83,161.83,129.41,180.0,76.24,180.0
Human Dominant_9,R5,2026-08-23T11:57:58.363757Z,behavior_monitor,11,719,371,982,874,841,565,567.97,229.31,339.79,system,NA,0.288,2.83,112.03,134.75,163.81,76.24,180.0
Human Dominant_9,R5,2026-08-23T11:57:58.867669Z,behavior_monitor,11,727,455,916,891,802,565,476.22,133.5,346.09,system,NA,0.219,2.83,84.56,129.41,180.0,76.24,180.0
Human Dominant_9,R5,2026-08-23T11:57:59.373395Z,human_signal,11,708,535,850,891,763,565,384.11,62.9,337.62,human,your_turn,0.141,2.83,113.51,137.5,180.0,81.0,180.0
Human Dominant_9,R5,2026-08-23T11:57:59.373983Z,behavior_monitor,11,708,535,850,891,763,565,384.11,62.9,337.62,system,NA,0.141,2.83,113.51,129.41,180.0,88.6,172.58
Human Dominant_9,R5,2026-08-23T11:57:59.374243Z,human_signal,11,707,537,848,891,763,565,381.3,62.67,337.06,human,your_turn,0.141,2.83,113.51,129.41,180.0,88.6,172.58
Human Dominant_9,R5,2026-08-23T11:57:59.647220Z,shot_miss,11,690,579,813,891,737,573,336.03,47.76,327.11,agent,NA,0.124,2.83,113.51,129.41,180.0,150.04,125.75
Human Dominant_9,R5,2026-08-23T11:57:59.864801Z,shot_miss,11,672,612,784,891,718,600,300.6,47.24,298.81,agent,NA,0.136,2.83,113.51,129.41,180.0,150.04,125.75
Human Dominant_9,R5,2026-08-23T11:57:59.881572Z,behavior_monitor,11,672,612,784,891,718,600,300.6,47.24,298.81,system,NA,0.136,2.83,113.51,129.41,180.0,150.04,125.75
Human Dominant_9,R5,2026-08-23T11:58:00.203938Z,shot_hit,11,669,668,740,891,688,641,234.35,33.18,255.96,agent,NA,0.124,2.83,88.48,129.41,180.0,150.04,125.75
Human Dominant_9,R5,2026-08-23T11:58:00.204571Z,flight_spawn,12,1389,-20,740,891,688,641,1119.18,963.55,255.96,system,NA,0.463,2.83,45.0,129.41,180.0,150.04,125.75
Human Dominant_9,R5,2026-08-23T11:58:01.269557Z,human_signal,12,1396,48,791,856,738,571,1009.48,840.15,290.42,human,your_turn,0.454,1.8,175.75,137.5,0.0,138.63,-54.25
Human Dominant_9,R5,2026-08-23T11:58:01.270140Z,behavior_monitor,12,1396,48,791,856,738,571,1009.48,840.15,290.42,system,NA,0.454,1.8,175.75,129.41,0.0,130.47,-54.25
Human Dominant_9,R5,2026-08-23T11:58:01.270596Z,human_signal,12,1395,48,793,856,738,571,1006.9,838.55,290.83,human,your_turn,0.454,1.8,175.75,129.41,0.0,130.47,-54.25
Human Dominant_9,R5,2026-08-23T11:58:01.775753Z,behavior_monitor,12,1363,82,853,859,784,566,929.9,754.97,300.86,system,NA,0.448,1.8,99.77,40.32,90.0,87.67,0.0
Human Dominant_9,R5,2026-08-23T11:58:02.282280Z,behavior_monitor,12,1335,125,787,859,829,566,916.74,671.68,296.5,system,NA,0.423,1.8,117.24,129.41,180.0,87.67,0.0
Human Dominant_9,R5,2026-08-23T11:58:02.792943Z,behavior_monitor,12,1319,175,744,859,874,565,893.5,591.5,321.31,system,NA,0.398,1.8,87.03,0.0,180.0,87.67,0.0
Human Dominant_9,R5,2026-08-23T11:58:03.300193Z,behavior_monitor,12,1314,228,760,859,919,566,840.35,519.68,334.05,system,NA,0.382,1.8,139.58,129.41,0.0,87.67,0.0
Human Dominant_9,R5,2026-08-23T11:58:03.809023Z,behavior_monitor,12,1266,249,816,859,965,566,758.61,437.97,328.48,system,NA,0.366,1.8,161.99,0.0,0.0,93.15,0.0
Human Dominant_9,R5,2026-08-23T11:58:04.314471Z,behavior_monitor,12,1212,265,816,859,1010,566,713.81,362.45,351.36,system,NA,0.337,1.8,161.99,0.0,0.0,87.67,0.0
Human Dominant_9,R5,2026-08-23T11:58:04.821813Z,behavior_monitor,12,1184,304,816,859,1054,567,666.2,293.25,377.13,system,NA,0.306,1.8,103.35,0.0,0.0,87.67,0.0
Human Dominant_9,R5,2026-08-23T11:58:05.329415Z,behavior_monitor,12,1203,349,816,859,1098,565,639.85,239.67,407.68,system,NA,0.272,1.8,51.19,0.0,0.0,87.67,0.0
Human Dominant_9,R5,2026-08-23T11:58:05.838998Z,behavior_monitor,12,1236,391,816,859,1144,565,629.0,196.78,440.39,system,NA,0.238,1.8,51.19,0.0,0.0,87.67,0.0
Human Dominant_9,R5,2026-08-23T11:58:07.345269Z,shot_hit,12,1272,548,816,859,1253,565,552.41,26.32,526.31,agent,NA,0.045,1.8,73.53,0.0,0.0,0.0,-141.84
Human Dominant_9,R5,2026-08-23T11:58:07.346190Z,flight_spawn,13,1235,-20,816,859,1253,565,974.27,586.06,526.31,system,NA,0.376,2.83,135.0,0.0,0.0,0.0,-141.84
Human Dominant_9,R5,2026-08-23T11:58:09.410405Z,human_signal,13,1161,278,816,859,1164,565,675.58,287.04,455.48,human,your_turn,0.298,2.83,104.97,0.0,0.0,76.24,180.0
Human Dominant_9,R5,2026-08-23T11:58:09.411014Z,behavior_monitor,13,1161,278,816,859,1164,565,675.58,287.04,455.48,system,NA,0.298,2.83,104.97,0.0,0.0,76.24,180.0
Human Dominant_9,R5,2026-08-23T11:58:09.411502Z,human_signal,13,1160,281,816,859,1164,565,672.47,284.32,455.48,human,your_turn,0.297,2.83,104.97,0.0,0.0,76.24,180.0
Human Dominant_9,R5,2026-08-23T11:58:09.921096Z,behavior_monitor,13,1152,361,816,859,1131,565,600.76,205.53,430.65,system,NA,0.255,2.83,80.08,0.0,0.0,0.0,180.0
Human Dominant_9,R5,2026-08-23T11:58:10.431016Z,behavior_monitor,13,1163,444,816,859,1146,565,540.86,122.42,441.66,system,NA,0.185,2.83,104.97,0.0,0.0,0.0,0.0
Human Dominant_9,R5,2026-08-23T11:58:10.935759Z,behavior_monitor,13,1118,511,816,859,1112,565,460.81,54.53,416.69,system,NA,0.106,2.83,129.61,0.0,0.0,87.67,180.0
Human Dominant_9,R5,2026-08-23T11:58:11.070631Z,shot_hit,13,1110,535,816,859,1098,565,438.15,33.12,407.28,agent,NA,0.07,2.83,106.39,0.0,0.0,87.67,180.0
Human Dominant_9,R5,2026-08-23T11:58:11.071518Z,flight_spawn,14,945,-20,816,859,1098,565,889.02,605.52,407.28,system,NA,0.405,3.21,51.51,0.0,0.0,87.67,180.0
Human Dominant_9,R5,2026-08-23T11:58:13.020014Z,human_signal,14,1264,129,816,859,1168,566,856.54,447.23,458.12,human,your_turn,0.343,3.21,37.34,0.0,0.0,76.24,0.0
Human Dominant_9,R5,2026-08-23T11:58:13.021791Z,behavior_monitor,14,1264,129,816,859,1168,566,856.54,447.23,458.12,system,NA,0.343,3.21,37.34,0.0,0.0,76.24,0.0
Human Dominant_9,R5,2026-08-23T11:58:13.022231Z,human_signal,14,1266,131,816,859,1168,566,856.11,445.83,458.12,human,your_turn,0.342,3.21,37.34,0.0,0.0,76.24,0.0
Human Dominant_9,R5,2026-08-23T11:58:13.524976Z,behavior_monitor,14,1342,187,816,859,1213,566,853.46,399.94,493.49,system,NA,0.319,3.21,37.34,0.0,0.0,87.67,0.0
Human Dominant_9,R5,2026-08-23T11:58:14.033012Z,behavior_monitor,14,1412,253,816,859,1257,566,850.6,350.21,529.18,system,NA,0.292,3.21,60.23,0.0,0.0,87.67,0.0
Human Dominant_9,R5,2026-08-23T11:58:14.542103Z,behavior_monitor,14,1449,340,816,859,1302,566,818.5,270.04,566.96,system,NA,0.248,3.21,90.33,0.0,0.0,93.15,0.0
Human Dominant_9,R5,2026-08-23T11:58:15.049904Z,behavior_monitor,14,1448,436,816,859,1346,566,759.99,164.82,605.69,system,NA,0.178,3.21,90.33,0.0,0.0,87.67,0.0
Human Dominant_9,R5,2026-08-23T11:58:15.558928Z,behavior_monitor,14,1448,526,816,859,1391,566,714.89,70.29,645.2,system,NA,0.09,2.94,91.92,0.0,0.0,87.67,0.0
Human Dominant_9,R5,2026-08-23T11:58:15.780577Z,shot_hit,14,1445,567,816,859,1412,567,693.41,32.56,664.12,agent,NA,0.045,2.94,91.92,0.0,0.0,87.67,0.0
Human Dominant_9,R5,2026-08-23T11:58:15.781559Z,flight_spawn,15,818,-20,816,859,1412,567,879.59,835.15,664.12,system,NA,0.487,2.84,134.67,0.0,0.0,87.67,0.0
Human Dominant_9,R5,2026-08-23T11:58:16.454194Z,human_signal,15,739,58,816,859,1392,565,804.37,826.57,646.38,human,your_turn,0.507,2.84,134.67,0.0,0.0,76.24,180.0
Human Dominant_9,R5,2026-08-23T11:58:16.454825Z,behavior_monitor,15,739,58,816,859,1392,565,804.37,826.57,646.38,system,NA,0.507,2.84,134.67,0.0,0.0,76.24,180.0
Human Dominant_9,R5,2026-08-23T11:58:16.455294Z,human_signal,15,737,60,816,859,1392,565,802.55,826.92,646.38,human,your_turn,0.507,2.84,134.67,0.0,0.0,76.24,180.0
Human Dominant_9,R5,2026-08-23T11:58:16.909436Z,human_signal,15,664,68,788,834,1352,565,776.26,849.16,624.13,human,i_can,0.522,2.84,178.04,136.5,-139.21,87.67,180.0
Human Dominant_9,R5,2026-08-23T11:58:16.960683Z,behavior_monitor,15,659,68,785,831,1348,565,773.35,849.54,622.66,system,NA,0.523,2.84,156.61,136.57,-142.3,76.24,180.0
Human Dominant_9,R5,2026-08-23T11:58:17.468901Z,behavior_monitor,15,572,77,724,801,1309,565,739.89,883.48,630.68,system,NA,0.544,2.84,153.08,129.41,180.0,76.24,180.0
Human Dominant_9,R5,2026-08-23T11:58:17.979189Z,behavior_monitor,15,492,109,658,801,1270,565,711.99,901.34,656.09,system,NA,0.559,2.84,156.49,129.41,180.0,76.24,180.0
Human Dominant_9,R5,2026-08-23T11:58:18.485876Z,behavior_monitor,15,427,159,592,793,1231,565,654.56,900.53,678.4,system,NA,0.579,2.84,131.33,136.47,-161.49,76.24,180.0
Human Dominant_9,R5,2026-08-23T11:58:18.991804Z,behavior_monitor,15,370,223,526,770,1192,564,568.74,889.65,696.69,system,NA,0.61,2.84,131.33,136.72,-161.18,76.24,180.0
Human Dominant_9,R5,2026-08-23T11:58:19.500561Z,behavior_monitor,15,315,287,460,748,1153,564,482.65,881.92,716.19,system,NA,0.646,2.84,131.33,136.72,-161.18,76.24,180.0
Human Dominant_9,R5,2026-08-23T11:58:20.008722Z,behavior_monitor,15,328,360,394,725,1114,564,371.68,812.74,737.61,system,NA,0.686,2.84,51.2,136.51,-161.44,76.24,180.0
Human Dominant_9,R5,2026-08-23T11:58:20.514974Z,behavior_monitor,15,354,440,383,671,1075,565,232.62,732.24,699.99,system,NA,0.759,2.84,76.85,137.99,-69.69,76.24,180.0
Human Dominant_9,R5,2026-08-23T11:58:21.023281Z,behavior_monitor,15,374,523,391,605,1037,565,83.3,663.68,646.92,system,NA,0.888,2.84,76.85,129.41,-90.0,76.24,180.0
Human Dominant_9,R5,2026-08-23T11:58:21.292898Z,shot_hit,15,374,568,391,570,1016,564,17.62,641.97,624.49,human,NA,0.973,2.84,103.76,129.41,-90.0,76.24,180.0
Human Dominant_9,R5,2026-08-23T11:58:21.293519Z,flight_spawn,16,1209,-20,391,570,1016,564,1008.61,616.1,624.49,system,NA,0.379,2.83,135.0,129.41,-90.0,76.24,180.0
Human Dominant_9,R5,2026-08-23T11:58:22.303791Z,human_signal,16,1200,136,378,448,1069,564,879.15,447.84,700.75,human,your_turn,0.337,2.83,106.62,129.41,180.0,76.24,0.0
Human Dominant_9,R5,2026-08-23T11:58:22.304427Z,behavior_monitor,16,1200,136,378,448,1069,564,879.15,447.84,700.75,system,NA,0.337,2.83,106.62,133.96,165.03,76.24,0.0
Human Dominant_9,R5,2026-08-23T11:58:22.304888Z,human_signal,16,1199,139,375,449,1069,564,879.51,444.95,702.82,human,your_turn,0.336,2.83,106.62,133.96,165.03,76.24,0.0
Human Dominant_9,R5,2026-08-23T11:58:22.810652Z,behavior_monitor,16,1215,215,320,489,1113,564,935.87,363.34,796.52,system,NA,0.28,2.83,65.46,141.23,133.94,87.67,0.0
Human Dominant_9,R5,2026-08-23T11:58:23.321143Z,behavior_monitor,16,1282,252,304,552,1158,564,1022.77,335.16,854.0,system,NA,0.247,2.83,13.5,129.41,90.0,87.67,0.0
Human Dominant_9,R5,2026-08-23T11:58:23.828168Z,behavior_monitor,16,1359,270,340,609,1202,564,1074.39,332.99,863.81,system,NA,0.237,2.83,17.28,143.46,28.98,93.15,0.0
Human Dominant_9,R5,2026-08-23T11:58:24.336487Z,behavior_monitor,16,1429,319,404,608,1247,564,1065.02,305.09,844.48,system,NA,0.223,2.83,35.05,99.68,-29.2,87.67,0.0
Human Dominant_9,R5,2026-08-23T11:58:24.843532Z,behavior_monitor,16,1413,333,409,602,1293,563,1039.22,259.75,884.38,system,NA,0.2,1.76,176.95,0.0,-90.0,87.67,0.0
Human Dominant_9,R5,2026-08-23T11:58:25.350342Z,behavior_monitor,16,1363,344,409,602,1337,564,988.2,221.33,928.72,system,NA,0.183,1.76,158.25,0.0,-90.0,87.67,0.0
Human Dominant_9,R5,2026-08-23T11:58:25.860140Z,behavior_monitor,16,1314,364,409,602,1300,564,936.11,200.41,891.46,system,NA,0.176,1.76,146.69,0.0,-90.0,87.67,180.0
Human Dominant_9,R5,2026-08-23T11:58:26.364997Z,behavior_monitor,16,1272,400,409,602,1255,564,886.5,164.81,846.9,system,NA,0.157,1.76,123.99,0.0,-90.0,87.67,180.0
Human Dominant_9,R5,2026-08-23T11:58:26.872880Z,behavior_monitor,16,1245,444,409,602,1230,564,851.05,120.97,821.65,system,NA,0.124,1.76,147.41,0.0,-90.0,87.67,180.0
Human Dominant_9,R5,2026-08-23T11:58:28.023786Z,shot_miss,16,1291,522,409,602,1266,564,885.6,49.16,857.45,agent,NA,0.053,1.76,14.22,0.0,-90.0,87.67,0.0
Human Dominant_9,R5,2026-08-23T11:58:28.243556Z,shot_miss,16,1314,528,409,602,1285,564,907.66,46.39,876.81,agent,NA,0.049,1.76,14.22,0.0,-90.0,87.67,0.0
Human Dominant_9,R5,2026-08-23T11:58:28.462869Z,shot_miss,16,1334,532,409,602,1304,564,927.68,43.68,896.17,agent,NA,0.045,1.76,7.82,0.0,-90.0,87.67,0.0
Human Dominant_9,R5,2026-08-23T11:58:30.171606Z,shot_hit,16,1429,611,409,602,1413,607,1020.06,16.83,1003.69,agent,NA,0.016,1.09,113.01,0.0,-90.0,0.0,125.75
Human Dominant_9,R5,2026-08-23T11:58:30.172680Z,flight_spawn,17,1024,-20,409,602,1413,607,875.39,737.72,1003.69,system,NA,0.457,3.52,55.39,0.0,-90.0,0.0,125.75
Human Dominant_9,R5,2026-08-23T11:58:31.393021Z,human_signal,17,959,216,531,550,1339,565,542.18,516.04,808.05,human,i_can,0.488,3.52,74.11,133.19,15.83,76.24,180.0
Human Dominant_9,R5,2026-08-23T11:58:31.409228Z,behavior_monitor,17,959,216,531,550,1338,565,542.18,515.09,806.76,system,NA,0.487,3.52,74.11,133.61,17.92,76.24,180.0
Human Dominant_9,R5,2026-08-23T11:58:31.916710Z,behavior_monitor,17,985,318,596,571,1299,565,463.97,399.18,702.52,system,NA,0.462,3.52,74.11,144.11,18.31,78.94,176.68
Human Dominant_9,R5,2026-08-23T11:58:32.423814Z,behavior_monitor,17,968,423,655,606,1260,565,362.78,324.48,605.97,system,NA,0.472,3.52,97.34,135.32,38.11,76.24,180.0
Human Dominant_9,R5,2026-08-23T11:58:32.933537Z,behavior_monitor,17,960,527,707,650,1222,566,280.36,265.16,521.25,system,NA,0.486,3.52,73.82,131.78,43.29,49.11,165.97
Human Dominant_9,R5,2026-08-23T11:58:33.441516Z,behavior_monitor,17,1012,616,750,700,1183,596,275.51,172.37,445.88,system,NA,0.385,3.52,67.48,125.29,60.83,130.47,125.75
Human Dominant_9,R5,2026-08-23T11:58:33.949434Z,behavior_monitor,17,1103,664,782,756,1145,649,333.76,44.87,378.55,system,NA,0.119,3.52,47.32,126.94,59.87,130.47,125.75
Human Dominant_9,R5,2026-08-23T11:58:34.237070Z,shot_hit,17,1147,706,785,787,1125,682,370.89,33.56,355.48,agent,NA,0.083,3.52,24.99,0.0,125.24,110.52,95.12
Human Dominant_9,R5,2026-08-23T11:58:34.237658Z,flight_spawn,18,461,-20,785,787,1125,682,870.46,966.47,355.48,system,NA,0.526,3.18,128.91,0.0,125.24,110.52,95.12
Human Dominant_9,R5,2026-08-23T11:58:34.372190Z,human_signal,18,453,0,785,787,1125,682,854.33,956.86,355.48,human,your_turn,0.528,3.18,102.82,0.0,125.24,0.0,76.59
Human Dominant_9,R5,2026-08-23T11:58:34.372740Z,human_signal,18,452,3,785,787,1125,682,851.98,955.56,355.48,human,your_turn,0.529,3.18,102.82,0.0,125.24,0.0,76.59
Human Dominant_9,R5,2026-08-23T11:58:34.456499Z,behavior_monitor,18,451,16,785,787,1125,682,840.89,947.37,355.48,system,NA,0.53,3.18,102.82,0.0,125.24,0.0,76.59
Human Dominant_9,R5,2026-08-23T11:58:34.963031Z,behavior_monitor,18,406,97,773,787,1084,626,781.25,859.52,350.65,system,NA,0.524,3.18,101.21,129.41,180.0,150.04,-125.75
Human Dominant_9,R5,2026-08-23T11:58:35.471350Z,behavior_monitor,18,331,152,707,787,1039,566,738.04,819.85,399.3,system,NA,0.526,3.18,148.09,129.41,180.0,87.67,180.0
Human Dominant_9,R5,2026-08-23T11:58:35.979809Z,behavior_monitor,18,239,176,641,787,994,566,731.2,849.62,416.99,system,NA,0.537,3.18,148.63,129.41,180.0,87.67,180.0
Human Dominant_9,R5,2026-08-23T11:58:36.485359Z,behavior_monitor,18,147,206,575,787,950,566,721.71,879.67,435.52,system,NA,0.549,3.18,170.29,129.41,180.0,87.67,180.0
Human Dominant_9,R5,2026-08-23T11:58:36.990321Z,behavior_monitor,18,59,241,509,787,905,566,707.18,905.64,453.71,system,NA,0.562,3.18,136.36,129.41,180.0,87.67,180.0
Human Dominant_9,R5,2026-08-23T11:58:37.499382Z,behavior_monitor,18,37,307,452,751,860,565,608.07,862.37,448.0,system,NA,0.586,2.6,57.83,136.97,-132.07,98.0,-163.5
Human Dominant_9,R5,2026-08-23T11:58:38.009720Z,behavior_monitor,18,46,382,401,705,815,565,479.99,790.06,436.35,system,NA,0.622,2.6,81.58,133.81,-154.33,87.67,180.0
Human Dominant_9,R5,2026-08-23T11:58:38.518513Z,behavior_monitor,18,43,457,336,701,770,564,380.51,734.5,455.25,system,NA,0.659,2.6,109.77,129.41,180.0,87.67,180.0
Human Dominant_9,R5,2026-08-23T11:58:39.019911Z,behavior_monitor,18,20,530,270,701,726,564,302.58,707.06,476.33,system,NA,0.7,2.17,60.42,137.5,180.0,87.85,-170.37
Human Dominant_9,R5,2026-08-23T11:58:40.215052Z,shot_hit,18,96,665,115,668,620,659,18.38,523.29,505.2,human,NA,0.966,2.17,57.36,134.99,-163.48,150.04,125.75
Human Dominant_9,R5,2026-08-23T11:58:40.215917Z,flight_spawn,19,1289,-20,115,668,620,659,1360.75,953.29,505.2,system,NA,0.412,2.83,45.0,134.99,-163.48,150.04,125.75
Human Dominant_9,R5,2026-08-23T11:58:40.786676Z,human_signal,19,1356,48,63,640,634,639,1423.08,933.42,571.36,human,your_turn,0.396,2.83,45.0,129.41,-90.0,130.47,-54.25
Human Dominant_9,R5,2026-08-23T11:58:40.787640Z,behavior_monitor,19,1356,48,63,640,634,639,1423.08,933.42,571.36,system,NA,0.396,2.83,45.0,134.2,-74.65,130.47,-54.25
Human Dominant_9,R5,2026-08-23T11:58:40.788043Z,human_signal,19,1359,50,63,638,634,639,1422.9,934.02,570.66,human,your_turn,0.396,2.83,45.0,134.2,-74.65,130.47,-54.25
Human Dominant_9,R5,2026-08-23T11:58:41.293094Z,behavior_monitor,19,1394,118,95,579,678,577,1378.15,850.06,583.25,system,NA,0.381,2.83,74.94,140.26,-37.85,150.04,-54.25
Human Dominant_9,R5,2026-08-23T11:58:41.800587Z,behavior_monitor,19,1399,201,148,619,723,565,1318.92,767.53,577.72,system,NA,0.368,2.83,99.66,139.27,44.24,87.67,0.0
Human Dominant_9,R5,2026-08-23T11:58:42.305997Z,behavior_monitor,19,1354,272,203,665,768,565,1216.34,655.29,573.93,system,NA,0.35,2.83,128.52,138.07,32.68,87.67,0.0
Human Dominant_9,R5,2026-08-23T11:58:42.812249Z,behavior_monitor,19,1338,355,264,699,813,565,1127.83,565.66,565.08,system,NA,0.334,2.83,102.11,136.79,27.74,87.67,0.0
Human Dominant_9,R5,2026-08-23T11:58:43.317117Z,behavior_monitor,19,1310,430,326,730,858,565,1028.51,472.27,556.25,system,NA,0.315,2.83,138.26,135.06,22.59,87.67,0.0
Human Dominant_9,R5,2026-08-23T11:58:43.825061Z,behavior_monitor,19,1228,449,390,756,903,565,892.78,345.09,547.72,system,NA,0.279,2.83,177.0,134.84,22.22,87.67,0.0
Human Dominant_9,R5,2026-08-23T11:58:44.335711Z,behavior_monitor,19,1149,471,453,782,948,565,761.51,221.63,539.92,system,NA,0.225,2.83,179.34,143.27,22.22,93.15,0.0
Human Dominant_9,R5,2026-08-23T11:58:44.842320Z,behavior_monitor,19,1095,520,518,803,993,564,643.1,111.4,531.85,system,NA,0.148,2.83,99.19,129.41,0.0,87.67,0.0
Human Dominant_9,R5,2026-08-23T11:58:45.248613Z,shot_hit,19,1060,581,573,803,1030,575,535.73,30.89,511.36,agent,NA,0.055,2.83,123.25,129.41,0.0,150.04,54.25
Human Dominant_9,R5,2026-08-23T11:58:45.249280Z,flight_spawn,20,828,-20,573,803,1030,575,862.32,628.76,511.36,system,NA,0.422,2.83,45.0,129.41,0.0,150.04,54.25
Human Dominant_9,R5,2026-08-23T11:58:50.131961Z,human_signal,20,1220,476,597,803,1062,566,703.82,182.24,521.71,human,your_turn,0.206,2.83,1.16,0.0,0.0,76.24,0.0
Human Dominant_9,R5,2026-08-23T11:58:50.133776Z,behavior_monitor,20,1220,476,597,803,1062,566,703.82,182.24,521.71,system,NA,0.206,2.83,1.16,0.0,0.0,76.24,0.0
Human Dominant_9,R5,2026-08-23T11:58:50.134296Z,human_signal,20,1223,477,597,803,1062,566,706.32,184.7,521.71,human,your_turn,0.207,2.83,1.16,0.0,0.0,76.24,0.0
Human Dominant_9,R5,2026-08-23T11:58:50.638730Z,behavior_monitor,20,1297,502,597,803,1107,566,762.55,200.96,562.46,system,NA,0.209,2.83,21.04,0.0,0.0,87.67,0.0
Human Dominant_9,R5,2026-08-23T11:58:51.143059Z,behavior_monitor,20,1376,522,621,807,1152,565,807.27,228.48,583.5,system,NA,0.221,2.83,28.29,134.35,15.59,87.67,0.0
Human Dominant_9,R5,2026-08-23T11:58:51.652240Z,behavior_monitor,20,1447,542,687,813,1197,565,806.94,251.07,567.0,system,NA,0.237,1.96,141.39,129.41,0.0,87.67,0.0
Human Dominant_9,R5,2026-08-23T11:58:52.156592Z,behavior_monitor,20,1411,586,730,813,1242,581,717.9,169.56,561.82,system,NA,0.191,1.96,113.04,92.97,180.0,150.04,54.25
Human Dominant_9,R5,2026-08-23T11:58:52.666932Z,behavior_monitor,20,1417,645,720,813,1287,640,717.32,129.79,593.5,system,NA,0.153,1.96,85.9,0.0,180.0,150.04,54.25
Human Dominant_9,R5,2026-08-23T11:58:53.173648Z,behavior_monitor,20,1446,685,720,813,1332,679,738.04,114.66,626.81,system,NA,0.134,1.45,133.25,0.0,180.0,87.67,0.0
Human Dominant_9,R5,2026-08-23T11:58:53.681604Z,behavior_monitor,20,1421,720,720,813,1377,716,707.15,44.19,664.11,system,NA,0.059,1.45,134.19,0.0,180.0,150.04,54.25
Human Dominant_9,R5,2026-08-23T11:58:53.800905Z,shot_hit,20,1413,729,720,813,1388,722,698.21,24.91,675.07,agent,NA,0.034,1.45,134.19,0.0,180.0,87.67,0.0
Human Dominant_9,R6,2026-08-23T11:58:58.884162Z,flight_spawn,1,1073,-20,720,813,1388,722,905.41,807.14,675.07,system,NA,0.471,2.83,135.0,0.0,180.0,0.0,-18.91
Human Dominant_9,R6,2026-08-23T11:59:05.788265Z,shot_miss,1,1026,469,989,460,637,566,37.67,400.31,367.5,human,NA,0.914,2.83,51.0,129.41,0.0,76.24,0.0
Human Dominant_9,R6,2026-08-23T11:59:10.422904Z,shot_hit,1,1426,842,1402,850,993,835,24.8,433.6,410.2,human,NA,0.946,1.45,167.4,136.93,47.82,130.47,54.25
Human Dominant_9,R6,2026-08-23T11:59:10.423619Z,flight_spawn,2,421,-20,1402,850,993,835,1311.73,1028.67,410.2,system,NA,0.44,3.55,55.74,136.93,47.82,130.47,54.25
Human Dominant_9,R6,2026-08-23T11:59:15.563480Z,flight_missed,2,487,953,916,910,618,768,431.61,226.78,330.35,system,NA,0.344,3.55,144.43,122.92,180.0,130.47,125.75
Human Dominant_9,R6,2026-08-23T11:59:15.565134Z,flight_spawn,3,921,-20,916,910,618,768,930.01,844.31,330.35,system,NA,0.476,2.83,135.0,122.92,180.0,130.47,125.75
Human Dominant_9,R6,2026-08-23T11:59:17.890239Z,human_signal,3,541,50,871,820,603,748,837.77,700.71,277.36,human,your_turn,0.455,2.83,179.1,0.0,-131.6,130.47,-125.75
Human Dominant_9,R6,2026-08-23T11:59:17.890871Z,behavior_monitor,3,541,50,871,820,603,748,837.77,700.71,277.36,system,NA,0.455,2.83,179.1,0.0,-131.6,130.47,-125.75
Human Dominant_9,R6,2026-08-23T11:59:17.891340Z,human_signal,3,538,50,871,820,603,748,838.94,700.95,277.36,human,your_turn,0.455,2.83,179.1,0.0,-131.6,130.47,-125.75
Human Dominant_9,R6,2026-08-23T11:59:18.397067Z,behavior_monitor,3,469,76,871,820,559,686,846.2,616.7,339.78,system,NA,0.422,2.83,126.84,0.0,-131.6,150.04,-125.75
Human Dominant_9,R6,2026-08-23T11:59:18.903787Z,behavior_monitor,3,414,143,871,820,514,623,816.4,490.4,407.29,system,NA,0.375,2.83,126.84,0.0,-131.6,159.42,-125.75
Human Dominant_9,R6,2026-08-23T11:59:19.412428Z,behavior_monitor,3,378,218,871,820,470,565,778.25,359.32,475.31,system,NA,0.316,2.83,100.53,0.0,-131.6,87.67,180.0
Human Dominant_9,R6,2026-08-23T11:59:19.921011Z,behavior_monitor,3,361,302,871,820,425,566,727.49,271.81,513.67,system,NA,0.272,2.83,76.86,0.0,-131.6,87.67,180.0
Human Dominant_9,R6,2026-08-23T11:59:20.428883Z,behavior_monitor,3,381,384,871,820,380,566,655.47,181.5,552.97,system,NA,0.217,2.83,76.86,0.0,-131.6,93.15,180.0
Human Dominant_9,R6,2026-08-23T11:59:20.930995Z,behavior_monitor,3,425,452,877,791,395,566,564.96,117.5,531.71,system,NA,0.172,2.83,53.44,136.96,-63.88,87.67,0.0
Human Dominant_9,R6,2026-08-23T11:59:21.440423Z,behavior_monitor,3,493,496,927,741,440,566,498.43,88.42,517.6,system,NA,0.151,2.83,32.54,139.71,-39.02,87.67,0.0
Human Dominant_9,R6,2026-08-23T11:59:21.949950Z,behavior_monitor,3,551,550,986,707,483,566,462.15,69.91,522.0,system,NA,0.131,2.83,54.3,129.41,0.0,87.67,0.0
Human Dominant_9,R6,2026-08-23T11:59:22.289832Z,shot_miss,3,560,607,966,716,515,593,420.22,47.52,467.71,agent,NA,0.102,2.83,75.28,136.78,153.9,150.04,54.25
Human Dominant_9,R6,2026-08-23T11:59:22.459706Z,behavior_monitor,3,569,632,947,726,528,612,390.3,45.28,434.67,system,NA,0.104,2.83,75.28,138.54,149.76,150.04,54.25
Human Dominant_9,R6,2026-08-23T11:59:22.595415Z,shot_miss,3,574,656,931,739,541,630,366.45,41.41,404.17,agent,NA,0.102,2.83,75.28,140.87,125.15,150.04,54.25
Human Dominant_9,R6,2026-08-23T11:59:22.833216Z,shot_miss,3,580,695,906,759,559,659,332.03,41.17,360.84,agent,NA,0.11,2.83,100.66,136.43,149.68,121.76,90.0
Human Dominant_9,R6,2026-08-23T11:59:24.562642Z,flight_missed,3,490,953,812,767,473,870,372.17,84.93,354.22,system,NA,0.186,2.83,99.85,0.0,128.61,121.76,90.0
Human Dominant_9,R6,2026-08-23T11:59:24.563388Z,flight_spawn,4,690,-20,812,767,473,870,796.98,916.27,354.22,system,NA,0.535,3.49,55.01,0.0,128.61,121.76,90.0
Human Dominant_9,R6,2026-08-23T11:59:25.474428Z,human_signal,4,770,145,825,729,523,801,586.28,700.99,310.6,human,i_can,0.545,3.49,81.26,137.25,-68.4,130.47,-54.25
Human Dominant_9,R6,2026-08-23T11:59:25.491532Z,behavior_monitor,4,770,145,825,729,524,800,586.28,698.85,308.92,system,NA,0.544,3.49,81.26,136.82,-68.1,130.47,-54.25
Human Dominant_9,R6,2026-08-23T11:59:26.000834Z,behavior_monitor,4,787,249,844,665,562,746,419.88,545.42,292.88,system,NA,0.565,3.49,81.26,129.41,-90.0,130.47,-54.25
Human Dominant_9,R6,2026-08-23T11:59:26.510114Z,behavior_monitor,4,802,352,844,599,601,692,250.01,394.78,259.79,system,NA,0.612,3.49,59.65,129.41,-90.0,130.47,-54.25
Human Dominant_9,R6,2026-08-23T11:59:27.017584Z,behavior_monitor,4,867,437,861,538,639,638,100.84,303.58,243.67,system,NA,0.751,3.49,55.01,141.03,-23.43,130.47,-54.25
Human Dominant_9,R6,2026-08-23T11:59:27.119022Z,shot_miss,4,878,454,875,533,647,627,78.62,288.45,246.34,human,NA,0.786,3.49,75.29,137.33,-19.55,130.47,-54.25
Human Dominant_9,R6,2026-08-23T11:59:27.254794Z,shot_miss,4,887,481,891,523,657,613,41.75,264.48,250.75,human,NA,0.864,3.49,75.29,154.03,-33.67,138.63,-54.25
Human Dominant_9,R6,2026-08-23T11:59:27.390685Z,shot_hit,4,893,508,908,513,668,599,15.86,242.7,254.8,human,NA,0.939,3.49,75.29,140.24,-27.83,130.47,-54.25
Human Dominant_9,R6,2026-08-23T11:59:27.391280Z,flight_spawn,5,265,-20,908,513,668,599,836.03,738.84,254.8,system,NA,0.469,2.86,134.34,140.24,-27.83,130.47,-54.25
Human Dominant_9,R6,2026-08-23T11:59:28.200916Z,human_signal,5,163,61,942,553,647,570,921.29,702.89,295.18,human,your_turn,0.433,2.86,130.78,135.05,106.62,130.47,-125.75
Human Dominant_9,R6,2026-08-23T11:59:28.201236Z,behavior_monitor,5,163,61,942,553,647,570,921.29,702.89,295.18,system,NA,0.433,2.86,130.78,135.05,106.62,130.47,-125.75
Human Dominant_9,R6,2026-08-23T11:59:28.201535Z,human_signal,5,162,63,941,555,647,570,921.83,702.13,294.49,human,your_turn,0.432,2.86,130.78,135.05,106.62,130.47,-125.75
Human Dominant_9,R6,2026-08-23T11:59:28.710310Z,behavior_monitor,5,89,96,904,610,602,566,963.37,696.1,304.62,system,NA,0.419,2.86,179.0,144.71,138.99,87.67,180.0
Human Dominant_9,R6,2026-08-23T11:59:29.218554Z,behavior_monitor,5,30,108,859,661,557,566,996.45,698.08,316.45,system,NA,0.412,2.03,41.78,145.84,60.76,87.67,180.0
Human Dominant_9,R6,2026-08-23T11:59:29.727502Z,behavior_monitor,5,89,120,893,691,513,566,986.1,614.7,400.57,system,NA,0.384,2.03,17.04,0.0,90.0,87.67,180.0
Human Dominant_9,R6,2026-08-23T11:59:30.235646Z,behavior_monitor,5,141,140,893,691,468,566,932.3,536.96,442.88,system,NA,0.365,2.03,5.6,0.0,90.0,87.67,180.0
Human Dominant_9,R6,2026-08-23T11:59:30.741451Z,behavior_monitor,5,199,151,893,691,423,566,879.76,471.99,486.62,system,NA,0.349,2.03,49.32,0.0,90.0,87.67,180.0
Human Dominant_9,R6,2026-08-23T11:59:31.245811Z,behavior_monitor,5,254,173,893,691,378,566,823.21,412.58,530.08,system,NA,0.334,2.03,7.16,0.0,90.0,87.67,180.0
Human Dominant_9,R6,2026-08-23T11:59:31.753443Z,behavior_monitor,5,311,185,893,691,333,566,771.04,381.59,573.58,system,NA,0.331,2.03,14.42,0.0,90.0,87.67,180.0
Human Dominant_9,R6,2026-08-23T11:59:32.258980Z,behavior_monitor,5,373,197,889,697,340,565,718.9,370.25,565.04,system,NA,0.34,2.03,9.5,139.51,135.98,87.67,0.0
Human Dominant_9,R6,2026-08-23T11:59:32.768424Z,behavior_monitor,5,434,207,837,746,384,566,673.93,362.59,487.63,system,NA,0.35,2.03,9.5,141.14,137.19,87.67,0.0
Human Dominant_9,R6,2026-08-23T11:59:36.781979Z,shot_miss,5,712,532,858,796,688,565,301.74,40.41,287.15,agent,NA,0.118,2.03,80.32,0.0,-90.0,0.0,0.0
Human Dominant_9,R6,2026-08-23T11:59:37.034744Z,shot_hit,5,716,562,884,796,693,565,287.87,23.72,300.22,agent,NA,0.076,2.03,80.32,129.41,0.0,0.0,0.0
Human Dominant_9,R6,2026-08-23T11:59:37.035339Z,flight_spawn,6,675,-20,884,796,693,565,842.82,585.49,300.22,system,NA,0.41,3.45,54.58,129.41,0.0,0.0,0.0
Human Dominant_9,R6,2026-08-23T11:59:38.832769Z,human_signal,6,1015,102,1033,755,768,566,653.96,525.85,326.62,human,your_turn,0.446,3.45,40.51,142.41,-15.09,81.0,0.0
Human Dominant_9,R6,2026-08-23T11:59:38.833429Z,behavior_monitor,6,1015,102,1033,755,768,566,653.96,525.85,326.62,system,NA,0.446,3.45,40.51,137.5,0.0,81.0,0.0
Human Dominant_9,R6,2026-08-23T11:59:38.833797Z,human_signal,6,1017,104,1036,755,768,566,651.71,524.99,328.41,human,your_turn,0.446,3.45,40.51,137.5,0.0,81.0,0.0
Human Dominant_9,R6,2026-08-23T11:59:39.336448Z,behavior_monitor,6,1082,169,1099,755,812,566,586.76,479.93,344.04,system,NA,0.45,3.45,90.36,129.41,0.0,87.67,0.0
Human Dominant_9,R6,2026-08-23T11:59:39.846504Z,behavior_monitor,6,1076,272,1164,741,857,566,476.92,366.27,353.33,system,NA,0.434,3.45,90.36,107.76,-43.8,87.67,0.0
Human Dominant_9,R6,2026-08-23T11:59:40.356383Z,behavior_monitor,6,1044,366,1129,691,901,566,336.0,244.96,260.09,system,NA,0.422,3.45,139.97,140.28,-113.28,87.67,0.0
Human Dominant_9,R6,2026-08-23T11:59:40.861587Z,behavior_monitor,6,960,433,1078,729,943,565,318.86,133.42,212.11,system,NA,0.295,3.45,139.97,148.02,139.47,0.0,0.0
Human Dominant_9,R6,2026-08-23T11:59:41.369906Z,behavior_monitor,6,882,499,1020,769,898,565,303.75,68.2,237.81,system,NA,0.183,3.45,111.13,130.54,148.48,82.8,180.0
Human Dominant_9,R6,2026-08-23T11:59:41.673239Z,shot_hit,6,860,560,982,793,870,566,262.44,11.19,253.22,agent,NA,0.041,3.45,111.13,138.34,148.7,76.68,163.77
Human Dominant_9,R6,2026-08-23T11:59:41.673774Z,flight_spawn,7,184,-20,982,793,870,566,1139.11,901.96,253.22,system,NA,0.442,2.85,45.44,138.34,148.7,76.68,163.77
Human Dominant_9,R6,2026-08-23T11:59:42.589097Z,human_signal,7,316,60,870,844,839,566,960.52,727.6,280.27,human,your_turn,0.431,2.85,29.37,135.43,162.86,76.24,180.0
Human Dominant_9,R6,2026-08-23T11:59:42.589965Z,behavior_monitor,7,316,60,870,844,839,566,960.52,727.6,280.27,system,NA,0.431,2.85,29.37,135.43,162.86,76.24,180.0
Human Dominant_9,R6,2026-08-23T11:59:42.590368Z,human_signal,7,319,61,868,845,839,566,957.17,724.77,280.7,human,your_turn,0.431,2.85,29.37,135.43,162.86,76.24,180.0
Human Dominant_9,R6,2026-08-23T11:59:43.103530Z,behavior_monitor,7,346,135,804,853,794,566,851.72,621.09,288.0,system,NA,0.422,2.85,86.25,135.02,-163.42,87.67,180.0
Human Dominant_9,R6,2026-08-23T11:59:43.608488Z,behavior_monitor,7,330,218,738,853,749,566,755.61,545.04,287.69,system,NA,0.419,2.85,131.42,129.41,180.0,87.67,180.0
Human Dominant_9,R6,2026-08-23T11:59:44.117428Z,behavior_monitor,7,255,244,672,853,705,566,738.2,553.0,289.18,system,NA,0.428,2.85,176.46,129.41,180.0,87.67,180.0
Human Dominant_9,R6,2026-08-23T11:59:44.624551Z,behavior_monitor,7,173,272,606,853,660,566,725.28,569.15,292.36,system,NA,0.44,2.85,114.83,129.41,180.0,87.67,180.0
Human Dominant_9,R6,2026-08-23T11:59:45.132911Z,behavior_monitor,7,142,350,540,853,616,566,642.13,520.78,297.03,system,NA,0.448,2.85,115.03,129.41,180.0,87.67,180.0
Human Dominant_9,R6,2026-08-23T11:59:45.638607Z,behavior_monitor,7,104,427,474,853,571,566,564.53,487.12,303.13,system,NA,0.463,2.85,140.52,137.5,180.0,93.15,180.0
Human Dominant_9,R6,2026-08-23T11:59:46.145249Z,behavior_monitor,7,65,499,408,853,526,566,493.93,466.36,310.57,system,NA,0.486,2.85,90.87,129.41,180.0,87.67,180.0
Human Dominant_9,R6,2026-08-23T11:59:46.651022Z,behavior_monitor,7,43,580,342,853,481,574,405.38,438.69,311.86,system,NA,0.52,2.85,112.72,129.41,180.0,150.04,125.75
Human Dominant_9,R6,2026-08-23T11:59:47.059567Z,human_signal,7,26,648,287,853,445,624,332.85,420.13,278.65,human,i_can,0.558,2.85,109.51,129.41,180.0,163.81,122.14
Human Dominant_9,R6,2026-08-23T11:59:47.161089Z,behavior_monitor,7,20,656,276,853,437,635,323.09,417.4,271.71,system,NA,0.564,1.88,31.52,129.41,180.0,130.47,125.75
Human Dominant_9,R6,2026-08-23T11:59:47.669393Z,behavior_monitor,7,64,690,214,840,398,685,212.83,334.39,240.2,system,NA,0.611,1.88,57.16,135.66,-136.56,130.47,125.75
Human Dominant_9,R6,2026-08-23T11:59:48.175044Z,behavior_monitor,7,87,739,168,793,360,734,96.75,272.42,200.82,system,NA,0.738,1.88,57.82,134.04,-164.91,130.47,125.75
Human Dominant_9,R6,2026-08-23T11:59:48.243088Z,shot_miss,7,91,746,159,793,354,741,82.78,263.45,202.3,human,NA,0.761,1.88,57.82,129.41,180.0,130.47,125.75
Human Dominant_9,R6,2026-08-23T11:59:48.413756Z,shot_miss,7,104,762,137,790,341,757,43.43,236.94,206.72,human,NA,0.845,1.88,57.82,134.02,-164.93,130.47,125.75
Human Dominant_9,R6,2026-08-23T11:59:48.548273Z,shot_hit,7,114,774,119,785,330,770,11.96,216.9,211.63,human,NA,0.948,1.88,57.82,135.61,-162.6,130.47,125.75
Human Dominant_9,R6,2026-08-23T11:59:48.548835Z,flight_spawn,8,1063,-20,119,785,330,770,1240.95,1077.74,211.63,system,NA,0.465,3.05,49.09,135.61,-162.6,130.47,125.75
Human Dominant_9,R6,2026-08-23T11:59:49.188653Z,human_signal,8,1101,80,108,722,354,737,1182.49,995.04,246.32,human,your_turn,0.457,3.05,66.42,123.61,-31.15,130.47,-54.25
Human Dominant_9,R6,2026-08-23T11:59:49.189139Z,behavior_monitor,8,1101,80,108,722,354,737,1182.49,995.04,246.32,system,NA,0.457,3.05,66.42,123.61,-31.15,130.47,-54.25
Human Dominant_9,R6,2026-08-23T11:59:49.189374Z,human_signal,8,1102,83,110,721,354,737,1179.49,993.81,244.46,human,your_turn,0.457,3.05,66.42,123.61,-31.15,130.47,-54.25
Human Dominant_9,R6,2026-08-23T11:59:49.696269Z,behavior_monitor,8,1152,152,173,719,399,675,1132.06,917.33,230.25,system,NA,0.448,3.05,44.68,135.32,25.71,150.04,-54.25
Human Dominant_9,R6,2026-08-23T11:59:50.203055Z,behavior_monitor,8,1211,220,231,757,444,613,1116.84,861.53,256.79,system,NA,0.435,3.05,36.59,135.9,29.6,150.04,-54.25
Human Dominant_9,R6,2026-08-23T11:59:50.709040Z,behavior_monitor,8,1293,245,296,774,489,566,1129.0,865.54,284.47,system,NA,0.434,3.05,32.92,129.41,0.0,87.67,0.0
Human Dominant_9,R6,2026-08-23T11:59:51.215261Z,behavior_monitor,8,1380,275,361,786,534,566,1140.58,895.05,280.51,system,NA,0.44,3.05,22.35,135.39,25.2,87.67,0.0
Human Dominant_9,R6,2026-08-23T11:59:51.722340Z,behavior_monitor,8,1424,348,423,816,579,566,1104.84,872.87,294.58,system,NA,0.441,3.05,107.63,135.01,24.66,87.67,0.0
Human Dominant_9,R6,2026-08-23T11:59:52.229647Z,behavior_monitor,8,1422,436,487,840,623,566,1018.63,809.26,306.43,system,NA,0.443,3.05,79.2,141.78,19.58,93.15,0.0
Human Dominant_9,R6,2026-08-23T11:59:52.736437Z,behavior_monitor,8,1445,516,551,862,668,566,958.49,778.61,318.65,system,NA,0.448,2.75,89.64,134.38,17.89,87.67,0.0
Human Dominant_9,R6,2026-08-23T11:59:53.243342Z,behavior_monitor,8,1415,587,617,882,712,583,850.67,702.86,313.86,system,NA,0.452,2.75,136.06,133.6,14.39,150.04,54.25
Human Dominant_9,R6,2026-08-23T11:59:53.752085Z,behavior_monitor,8,1339,613,683,882,757,608,708.88,581.74,283.62,system,NA,0.451,2.75,142.06,129.41,0.0,150.04,54.25
Human Dominant_9,R6,2026-08-23T11:59:56.917461Z,flight_missed,8,1124,954,593,871,1038,896,537.33,103.46,445.43,system,NA,0.161,2.75,90.36,0.0,-132.16,150.04,54.25
Human Dominant_9,R6,2026-08-23T11:59:56.919163Z,flight_spawn,9,923,-20,593,871,1038,896,950.51,924.08,445.43,system,NA,0.493,3.25,52.06,0.0,-132.16,150.04,54.25
Human Dominant_9,R6,2026-08-23T11:59:57.885735Z,human_signal,9,1034,108,642,850,1011,832,839.76,724.47,369.39,human,your_turn,0.463,3.25,85.34,139.2,-26.48,130.47,-54.25
Human Dominant_9,R6,2026-08-23T11:59:57.886715Z,behavior_monitor,9,1034,108,642,850,1011,832,839.76,724.47,369.39,system,NA,0.463,3.25,85.34,139.2,-26.48,130.47,-54.25
Human Dominant_9,R6,2026-08-23T11:59:57.887176Z,human_signal,9,1035,111,644,849,1011,832,834.99,721.23,367.23,human,your_turn,0.463,3.25,85.34,139.2,-26.48,130.47,-54.25
Human Dominant_9,R6,2026-08-23T11:59:58.390905Z,behavior_monitor,9,1105,161,702,812,1053,770,765.58,610.87,354.08,system,NA,0.444,3.25,7.07,139.11,-43.89,150.04,-54.25
Human Dominant_9,R6,2026-08-23T11:59:58.900427Z,behavior_monitor,9,1204,179,760,777,1098,708,744.72,539.57,344.89,system,NA,0.42,3.25,27.59,129.41,0.0,150.04,-54.25
Human Dominant_9,R6,2026-08-23T11:59:59.408059Z,behavior_monitor,9,1290,224,826,768,1142,645,715.19,446.06,339.43,system,NA,0.384,3.25,27.59,135.14,-16.74,150.04,-54.25
Human Dominant_9,R6,2026-08-23T11:59:59.917824Z,behavior_monitor,9,1387,263,892,748,1187,582,692.83,375.96,338.76,system,NA,0.352,3.25,25.81,135.17,-16.79,150.04,-54.25
Human Dominant_9,R6,2026-08-23T12:00:00.428173Z,behavior_monitor,9,1436,307,958,728,1232,565,636.9,328.69,318.83,system,NA,0.34,2.18,146.08,135.17,-16.79,87.67,0.0
Human Dominant_9,R6,2026-08-23T12:00:00.934506Z,behavior_monitor,9,1373,318,941,702,1277,565,577.84,264.81,362.92,system,NA,0.314,2.18,173.94,151.51,-139.6,93.15,0.0
Human Dominant_9,R6,2026-08-23T12:00:01.442365Z,behavior_monitor,9,1321,356,907,644,1306,565,504.81,209.33,406.72,system,NA,0.293,2.18,143.34,134.5,-109.63,87.67,180.0
Human Dominant_9,R6,2026-08-23T12:00:01.950347Z,behavior_monitor,9,1304,418,886,579,1287,565,447.92,148.89,401.27,system,NA,0.249,2.18,96.99,134.72,-106.88,87.67,180.0
Human Dominant_9,R6,2026-08-23T12:00:02.459181Z,behavior_monitor,9,1277,476,866,513,1260,565,412.48,90.83,397.59,system,NA,0.18,2.18,129.6,134.72,-106.88,0.0,180.0
Human Dominant_9,R6,2026-08-23T12:00:02.952527Z,shot_miss,9,1226,510,841,547,1219,565,386.87,55.77,378.7,agent,NA,0.126,2.18,175.66,137.5,90.0,69.57,-159.31
Human Dominant_9,R6,2026-08-23T12:00:03.242201Z,shot_miss,9,1185,513,834,584,1194,565,358.55,53.3,360.81,agent,NA,0.129,2.18,175.66,139.28,111.7,87.67,180.0
Human Dominant_9,R6,2026-08-23T12:00:03.478347Z,shot_miss,9,1153,515,821,615,1173,565,346.88,54.25,356.12,agent,NA,0.135,2.18,175.66,141.1,113.48,87.67,180.0
Human Dominant_9,R6,2026-08-23T12:00:05.285902Z,human_signal,9,923,555,772,744,1016,565,241.66,93.73,302.16,human,i_can,0.279,2.18,174.73,0.0,-139.11,87.67,180.0
Human Dominant_9,R6,2026-08-23T12:00:05.302684Z,behavior_monitor,9,923,555,772,744,1014,565,241.66,92.44,301.11,system,NA,0.277,2.18,174.73,0.0,-139.11,76.24,180.0
Human Dominant_9,R6,2026-08-23T12:00:05.809850Z,behavior_monitor,9,859,569,772,697,976,566,154.78,117.02,242.51,system,NA,0.431,2.18,147.16,129.41,-90.0,76.24,180.0
Human Dominant_9,R6,2026-08-23T12:00:06.318018Z,behavior_monitor,9,809,605,780,636,937,600,41.96,128.42,160.73,system,NA,0.754,2.18,172.7,129.41,0.0,76.24,180.0
Human Dominant_9,R6,2026-08-23T12:00:06.403609Z,shot_miss,9,799,607,791,637,930,602,31.08,132.0,143.53,human,NA,0.809,2.18,172.7,128.77,0.0,76.24,180.0
Human Dominant_9,R6,2026-08-23T12:00:06.554297Z,shot_hit,9,780,610,798,631,919,605,27.5,138.34,123.72,human,NA,0.834,2.18,160.29,134.04,-105.09,76.24,180.0
Human Dominant_9,R6,2026-08-23T12:00:06.554894Z,flight_spawn,10,745,-20,798,631,919,605,654.11,649.44,123.72,system,NA,0.498,3.43,54.33,134.04,-105.09,76.24,180.0
Human Dominant_9,R6,2026-08-23T12:00:07.266363Z,human_signal,10,853,68,735,621,890,566,565.77,499.29,164.67,human,your_turn,0.469,3.43,55.23,131.56,116.33,130.47,-125.75
Human Dominant_9,R6,2026-08-23T12:00:07.267025Z,behavior_monitor,10,853,68,735,621,890,566,565.77,499.29,164.67,system,NA,0.469,3.43,55.23,132.24,114.86,130.47,-125.75
Human Dominant_9,R6,2026-08-23T12:00:07.267555Z,human_signal,10,855,71,734,623,890,566,565.54,496.37,166.24,human,your_turn,0.467,3.43,55.23,132.24,114.86,130.47,-125.75
Human Dominant_9,R6,2026-08-23T12:00:07.775896Z,behavior_monitor,10,918,145,711,683,883,566,576.96,422.84,208.25,system,NA,0.423,3.43,34.87,132.89,75.61,87.67,0.0
Human Dominant_9,R6,2026-08-23T12:00:08.283428Z,behavior_monitor,10,1000,206,728,748,927,566,606.32,366.65,270.46,system,NA,0.377,3.43,56.71,128.53,90.0,87.67,0.0
Human Dominant_9,R6,2026-08-23T12:00:08.792581Z,behavior_monitor,10,1062,291,744,791,972,565,592.38,289.08,320.29,system,NA,0.328,3.43,61.86,0.0,90.0,87.67,0.0
Human Dominant_9,R6,2026-08-23T12:00:09.299084Z,behavior_monitor,10,1122,372,744,791,1016,565,563.69,219.99,352.94,system,NA,0.281,3.43,60.89,0.0,90.0,87.67,0.0
Human Dominant_9,R6,2026-08-23T12:00:09.806320Z,behavior_monitor,10,1166,465,744,791,1060,565,533.02,145.52,388.47,system,NA,0.214,3.43,35.56,0.0,90.0,87.67,0.0
Human Dominant_9,R6,2026-08-23T12:00:10.312871Z,behavior_monitor,10,1256,521,803,791,1105,565,526.55,157.29,376.5,system,NA,0.23,3.43,48.62,137.5,0.0,93.15,0.0
Human Dominant_9,R6,2026-08-23T12:00:10.824309Z,behavior_monitor,10,1329,589,816,777,1149,584,546.09,179.87,384.74,system,NA,0.248,3.43,46.12,0.0,-90.0,150.04,54.25
Human Dominant_9,R6,2026-08-23T12:00:11.332326Z,behavior_monitor,10,1397,664,862,777,1193,646,547.15,204.84,356.35,system,NA,0.272,3.43,71.36,0.0,0.0,150.04,54.25
Human Dominant_9,R6,2026-08-23T12:00:11.839684Z,behavior_monitor,10,1410,763,862,777,1238,708,548.35,180.63,382.21,system,NA,0.248,3.43,97.33,0.0,0.0,150.77,62.63
Human Dominant_9,R6,2026-08-23T12:00:12.857781Z,flight_missed,10,1441,953,862,777,1329,834,604.97,162.93,470.44,system,NA,0.212,2.79,122.55,0.0,0.0,150.04,54.25
Human Dominant_9,R6,2026-08-23T12:00:12.858944Z,flight_spawn,11,577,-20,862,777,1329,834,846.57,1138.23,470.44,system,NA,0.573,2.83,135.0,0.0,0.0,150.04,54.25
Human Dominant_9,R6,2026-08-23T12:00:19.845009Z,shot_miss,11,363,281,401,322,834,566,55.62,550.48,497.14,human,NA,0.908,1.87,7.98,113.56,180.0,76.24,180.0
Human Dominant_9,R6,2026-08-23T12:00:20.047941Z,shot_miss,11,385,284,391,322,818,565,37.86,515.93,491.36,human,NA,0.932,1.87,7.98,0.0,180.0,76.24,180.0
Human Dominant_9,R6,2026-08-23T12:00:20.201194Z,shot_miss,11,399,290,399,322,806,565,31.38,490.4,474.08,human,NA,0.94,1.87,32.03,61.19,0.0,76.24,180.0
Human Dominant_9,R6,2026-08-23T12:00:20.371276Z,shot_hit,11,414,303,418,322,792,565,19.46,460.54,446.26,human,NA,0.959,1.87,52.88,129.41,0.0,76.24,180.0
Human Dominant_9,R6,2026-08-23T12:00:20.371864Z,flight_spawn,12,804,-20,418,322,792,565,515.57,585.97,446.26,system,NA,0.532,2.98,132.12,129.41,0.0,76.24,180.0
Human Dominant_9,R6,2026-08-23T12:00:22.841441Z,shot_miss,12,515,256,481,322,631,566,73.52,330.38,286.38,human,NA,0.818,2.98,95.59,131.67,0.0,81.0,180.0
Human Dominant_9,R6,2026-08-23T12:00:23.010261Z,shot_miss,12,508,285,502,322,618,566,36.65,301.21,270.06,human,NA,0.892,2.98,118.08,124.72,0.0,76.24,180.0
Human Dominant_9,R6,2026-08-23T12:00:23.145960Z,shot_miss,12,488,296,519,322,607,566,40.32,295.11,259.58,human,NA,0.88,2.98,176.0,124.31,0.0,76.24,180.0
Human Dominant_9,R6,2026-08-23T12:00:23.315684Z,shot_miss,12,457,298,520,322,594,566,68.23,301.35,255.23,human,NA,0.815,2.98,176.0,88.19,180.0,76.24,180.0
Human Dominant_9,R6,2026-08-23T12:00:27.210408Z,human_signal,12,77,741,212,667,327,676,153.51,258.19,115.6,human,i_can,0.627,2.98,97.73,142.52,137.61,130.47,125.75
Human Dominant_9,R6,2026-08-23T12:00:27.227260Z,behavior_monitor,12,77,741,212,667,326,678,153.51,256.49,114.47,system,NA,0.626,2.98,97.73,142.5,138.79,130.47,125.75
Human Dominant_9,R6,2026-08-23T12:00:27.732552Z,behavior_monitor,12,98,825,172,725,288,733,124.42,211.04,116.14,system,NA,0.629,2.98,67.21,137.72,118.18,130.47,125.75
Human Dominant_9,R6,2026-08-23T12:00:28.238577Z,behavior_monitor,12,155,893,131,775,249,787,120.76,142.41,117.88,system,NA,0.541,2.98,72.61,129.41,180.0,130.47,125.75
Human Dominant_9,R6,2026-08-23T12:00:28.578732Z,flight_missed,12,170,953,125,733,221,824,224.78,138.81,132.81,system,NA,0.382,2.98,100.93,144.84,-57.98,130.47,125.75
Human Dominant_9,R6,2026-08-23T12:00:28.579856Z,flight_spawn,13,1027,-20,125,733,221,824,1175.84,1167.62,132.81,system,NA,0.498,3.14,50.47,144.84,-57.98,130.47,125.75
Human Dominant_9,R6,2026-08-23T12:00:30.374706Z,human_signal,13,1329,42,203,765,328,677,1337.02,1185.52,151.65,human,your_turn,0.47,3.14,7.34,135.79,27.93,130.47,-54.25
Human Dominant_9,R6,2026-08-23T12:00:30.375730Z,behavior_monitor,13,1329,42,203,765,328,677,1337.02,1185.52,151.65,system,NA,0.47,3.14,7.34,135.77,27.22,130.47,-54.25
Human Dominant_9,R6,2026-08-23T12:00:30.376124Z,human_signal,13,1332,43,206,766,328,677,1338.73,1188.42,150.57,human,your_turn,0.47,3.14,7.34,135.77,27.22,130.47,-54.25
Human Dominant_9,R6,2026-08-23T12:00:30.883557Z,behavior_monitor,13,1417,69,267,791,373,615,1357.76,1178.45,205.14,system,NA,0.465,3.14,31.47,133.89,14.86,150.04,-54.25
Human Dominant_9,R6,2026-08-23T12:00:31.386685Z,behavior_monitor,13,1417,104,333,792,418,566,1283.96,1100.83,241.64,system,NA,0.462,1.99,159.65,129.41,0.0,87.67,0.0
Human Dominant_9,R6,2026-08-23T12:00:31.896761Z,behavior_monitor,13,1379,142,399,792,462,566,1176.43,1010.26,234.81,system,NA,0.462,1.99,82.7,137.5,0.0,93.15,0.0
Human Dominant_9,R6,2026-08-23T12:00:32.403934Z,behavior_monitor,13,1362,196,465,792,507,566,1076.68,930.73,230.47,system,NA,0.464,1.99,129.4,129.41,0.0,87.67,0.0
Human Dominant_9,R6,2026-08-23T12:00:32.913535Z,behavior_monitor,13,1328,245,531,792,552,566,966.66,839.73,227.68,system,NA,0.465,1.99,107.66,129.41,0.0,83.4,-2.19
Human Dominant_9,R6,2026-08-23T12:00:33.418942Z,behavior_monitor,13,1327,304,597,792,596,566,878.26,776.53,225.99,system,NA,0.469,1.99,103.3,129.41,0.0,87.67,0.0
Human Dominant_9,R6,2026-08-23T12:00:33.927279Z,behavior_monitor,13,1294,346,663,792,641,566,773.08,689.53,227.08,system,NA,0.471,1.99,177.63,129.41,0.0,87.67,0.0
Human Dominant_9,R6,2026-08-23T12:00:34.144701Z,human_signal,13,1265,347,691,792,659,566,726.43,644.89,228.46,human,i_can,0.47,1.99,177.63,129.41,0.0,88.67,-16.51
Human Dominant_9,R6,2026-08-23T12:00:34.432668Z,behavior_monitor,13,1233,352,727,792,681,566,670.99,592.1,230.71,system,NA,0.469,1.99,150.22,129.41,0.0,76.24,0.0
Human Dominant_9,R6,2026-08-23T12:00:34.939951Z,behavior_monitor,13,1217,402,793,792,720,566,576.85,524.04,237.59,system,NA,0.476,1.99,77.13,129.41,0.0,76.24,0.0
Human Dominant_9,R6,2026-08-23T12:00:35.446989Z,behavior_monitor,13,1226,457,859,792,758,566,497.08,480.39,247.43,system,NA,0.491,1.99,130.2,129.41,0.0,76.24,0.0
Human Dominant_9,R6,2026-08-23T12:00:35.947855Z,behavior_monitor,13,1200,509,924,777,797,566,384.84,406.5,246.44,system,NA,0.514,1.99,130.23,139.99,-27.08,76.24,0.0
Human Dominant_9,R6,2026-08-23T12:00:36.454484Z,behavior_monitor,13,1158,548,986,740,837,566,258.44,321.65,229.28,system,NA,0.554,1.99,128.91,152.99,-46.08,81.0,0.0
Human Dominant_9,R6,2026-08-23T12:00:36.959984Z,behavior_monitor,13,1131,599,1034,686,876,593,130.14,255.42,183.64,system,NA,0.662,1.99,103.34,143.18,-47.18,130.47,54.25
Human Dominant_9,R6,2026-08-23T12:00:37.181453Z,shot_miss,13,1120,623,1059,673,892,617,78.94,227.52,176.11,human,NA,0.742,1.99,131.69,129.41,0.0,130.47,54.25
Human Dominant_9,R6,2026-08-23T12:00:37.332725Z,shot_miss,13,1107,635,1078,681,904,630,53.96,203.49,181.18,human,NA,0.79,1.99,157.35,131.82,23.23,77.01,-20.59
Human Dominant_9,R6,2026-08-23T12:00:37.469402Z,behavior_monitor,13,1095,642,1090,674,914,637,32.78,180.89,180.16,system,NA,0.847,1.99,157.35,135.56,-72.68,130.47,54.25
Human Dominant_9,R6,2026-08-23T12:00:37.486398Z,shot_miss,13,1093,642,1091,672,915,637,29.54,177.21,179.03,human,NA,0.857,1.99,157.35,135.56,-72.68,130.47,54.25
Human Dominant_9,R6,2026-08-23T12:00:37.637104Z,shot_hit,13,1076,649,1089,652,927,644,12.65,149.35,161.6,human,NA,0.922,1.99,178.7,136.66,-110.91,130.47,54.25
Human Dominant_9,R6,2026-08-23T12:00:37.637572Z,flight_spawn,14,816,-20,1089,652,927,644,725.77,673.93,161.6,system,NA,0.481,3.54,55.56,136.66,-110.91,130.47,54.25
Human Dominant_9,R6,2026-08-23T12:00:39.067844Z,human_signal,14,988,186,1030,476,909,565,293.16,387.0,149.95,human,i_can,0.569,3.54,11.86,142.34,-52.25,76.24,0.0
Human Dominant_9,R6,2026-08-23T12:00:39.084333Z,behavior_monitor,14,988,186,1030,476,910,565,293.16,386.74,148.91,system,NA,0.569,3.54,11.86,142.35,-48.97,76.24,0.0
Human Dominant_9,R6,2026-08-23T12:00:39.589089Z,behavior_monitor,14,1091,208,1089,436,949,565,227.74,384.0,190.26,system,NA,0.628,3.54,11.86,140.52,-22.94,76.24,0.0
Human Dominant_9,R6,2026-08-23T12:00:40.096529Z,behavior_monitor,14,1174,260,1155,432,988,566,173.08,357.84,213.77,system,NA,0.674,3.54,28.56,129.41,0.0,76.24,0.0
Human Dominant_9,R6,2026-08-23T12:00:40.603816Z,behavior_monitor,14,1271,302,1221,432,1027,566,139.63,359.49,235.73,system,NA,0.72,3.54,52.45,122.22,0.0,72.0,0.0
Human Dominant_9,R6,2026-08-23T12:00:41.109316Z,behavior_monitor,14,1356,358,1287,432,1066,566,100.99,356.8,258.58,system,NA,0.779,3.54,5.97,127.69,0.0,76.24,0.0
Human Dominant_9,R6,2026-08-23T12:00:41.613641Z,behavior_monitor,14,1445,370,1347,458,1104,565,131.56,392.7,265.43,system,NA,0.749,2.14,149.25,137.5,0.0,81.0,0.0
Human Dominant_9,R6,2026-08-23T12:00:41.951265Z,shot_miss,14,1413,396,1383,430,1130,565,44.48,328.94,286.9,human,NA,0.881,2.14,126.21,140.53,-54.56,76.24,0.0
Human Dominant_9,R6,2026-08-23T12:00:42.119403Z,shot_hit,14,1398,411,1397,410,1143,565,1.86,297.57,297.01,human,NA,0.994,2.14,149.43,149.16,-56.98,81.0,0.0
Human Dominant_9,R6,2026-08-23T12:00:42.119940Z,flight_spawn,15,263,-20,1397,410,1143,565,1212.2,1056.98,297.01,system,NA,0.466,2.83,45.0,149.16,-56.98,81.0,0.0
Human Dominant_9,R6,2026-08-23T12:00:43.920564Z,human_signal,15,359,253,1205,385,1031,565,857.09,741.25,250.14,human,your_turn,0.464,2.83,40.19,142.44,-64.4,76.24,180.0
Human Dominant_9,R6,2026-08-23T12:00:43.921094Z,behavior_monitor,15,359,253,1205,385,1031,565,857.09,741.25,250.14,system,NA,0.464,2.83,40.19,142.44,-64.4,76.24,180.0
Human Dominant_9,R6,2026-08-23T12:00:43.921392Z,human_signal,15,361,255,1207,384,1031,565,856.06,738.6,252.3,human,your_turn,0.463,2.83,40.19,142.44,-64.4,76.24,180.0
Human Dominant_9,R6,2026-08-23T12:00:44.427998Z,behavior_monitor,15,424,308,1243,417,987,564,826.14,618.69,295.24,system,NA,0.428,2.83,40.19,129.41,90.0,87.67,180.0
Human Dominant_9,R6,2026-08-23T12:00:44.938537Z,behavior_monitor,15,477,369,1234,483,942,565,765.04,504.12,302.97,system,NA,0.397,2.83,15.23,143.81,116.87,87.67,180.0
Human Dominant_9,R6,2026-08-23T12:00:45.446665Z,behavior_monitor,15,560,387,1194,546,897,565,653.0,380.6,297.7,system,NA,0.368,2.83,12.65,145.5,125.21,87.67,180.0
Human Dominant_9,R6,2026-08-23T12:00:45.950977Z,behavior_monitor,15,638,408,1141,595,852,565,536.8,265.38,290.74,system,NA,0.331,2.83,9.55,141.25,146.94,87.67,180.0
Human Dominant_9,R6,2026-08-23T12:00:46.460446Z,behavior_monitor,15,720,421,1089,645,807,565,430.88,168.35,292.59,system,NA,0.281,2.83,6.42,142.16,130.47,87.67,180.0
Human Dominant_9,R6,2026-08-23T12:00:46.965247Z,behavior_monitor,15,795,465,1067,707,771,565,363.97,102.64,328.08,system,NA,0.22,2.83,37.63,129.41,90.0,87.67,0.0
Human Dominant_9,R6,2026-08-23T12:00:47.474491Z,behavior_monitor,15,865,505,1014,750,816,565,286.63,77.51,270.91,system,NA,0.213,2.83,7.93,147.57,143.87,87.67,0.0
Human Dominant_9,R6,2026-08-23T12:00:47.981129Z,behavior_monitor,15,948,517,1013,795,861,565,285.53,99.38,275.81,system,NA,0.258,2.83,7.93,137.5,0.0,93.15,0.0
Human Dominant_9,R6,2026-08-23T12:00:48.486327Z,behavior_monitor,15,1031,543,1076,763,906,565,224.87,127.1,261.46,system,NA,0.361,2.83,27.96,139.76,-28.44,87.67,0.0
Human Dominant_9,R6,2026-08-23T12:00:48.739378Z,human_signal,15,1068,564,1111,752,928,565,192.49,140.36,261.56,human,i_can,0.422,2.83,27.96,129.41,0.0,87.67,0.0
Human Dominant_9,R6,2026-08-23T12:00:48.993638Z,behavior_monitor,15,1105,577,1142,752,948,572,178.43,157.15,264.7,system,NA,0.468,2.83,21.13,129.41,0.0,130.47,54.25
Human Dominant_9,R6,2026-08-23T12:00:49.502741Z,behavior_monitor,15,1184,608,1203,719,987,603,113.08,196.95,245.31,system,NA,0.635,2.83,21.13,142.86,-41.67,76.24,0.0
Human Dominant_9,R6,2026-08-23T12:00:50.011655Z,behavior_monitor,15,1268,619,1257,671,1026,614,53.35,242.68,237.99,system,NA,0.82,2.83,0.53,143.52,-39.93,76.24,0.0
Human Dominant_9,R6,2026-08-23T12:00:50.414760Z,shot_hit,15,1333,642,1307,650,1057,637,27.36,276.56,250.72,human,NA,0.91,2.83,29.27,129.41,0.0,76.24,0.0
Human Dominant_9,R6,2026-08-23T12:00:50.415240Z,flight_spawn,16,59,-20,1307,650,1057,637,1417.15,1195.07,250.72,system,NA,0.457,3.12,129.93,129.41,0.0,76.24,0.0
Human Dominant_9,R6,2026-08-23T12:00:51.161787Z,human_signal,16,44,86,1354,693,1024,592,1443.63,1102.86,344.92,human,your_turn,0.433,2.67,85.72,147.58,130.56,130.47,-125.75
Human Dominant_9,R6,2026-08-23T12:00:51.162371Z,behavior_monitor,16,44,86,1354,693,1024,592,1443.63,1102.86,344.92,system,NA,0.433,2.67,85.72,148.39,133.06,130.47,-125.75
Human Dominant_9,R6,2026-08-23T12:00:51.162802Z,human_signal,16,44,88,1352,695,1024,592,1442.01,1101.96,343.78,human,your_turn,0.433,2.67,85.72,148.39,133.06,130.47,-125.75
Human Dominant_9,R6,2026-08-23T12:00:51.671199Z,behavior_monitor,16,42,163,1295,740,979,566,1379.85,1020.71,360.39,system,NA,0.425,2.67,142.23,145.33,148.2,87.67,180.0
Human Dominant_9,R6,2026-08-23T12:00:52.180252Z,behavior_monitor,16,51,196,1234,782,934,566,1320.61,957.76,369.76,system,NA,0.42,2.07,25.1,144.61,144.66,87.67,180.0
Human Dominant_9,R6,2026-08-23T12:00:52.690202Z,behavior_monitor,16,109,215,1172,819,889,566,1222.25,855.19,379.57,system,NA,0.412,2.07,17.83,141.95,149.79,87.67,180.0
Human Dominant_9,R6,2026-08-23T12:00:53.197554Z,behavior_monitor,16,164,251,1116,866,845,565,1133.86,750.45,404.67,system,NA,0.398,2.07,38.93,142.77,131.28,87.67,180.0
Human Dominant_9,R6,2026-08-23T12:00:53.704490Z,behavior_monitor,16,210,285,1069,910,800,565,1061.57,653.27,436.32,system,NA,0.381,2.07,36.65,102.78,180.0,87.67,180.0
Human Dominant_9,R6,2026-08-23T12:00:54.213737Z,behavior_monitor,16,262,322,1009,910,756,565,950.69,550.54,427.42,system,NA,0.367,2.07,36.65,125.79,180.0,87.67,180.0
Human Dominant_9,R6,2026-08-23T12:00:54.721005Z,behavior_monitor,16,312,355,946,910,711,565,841.82,450.28,416.85,system,NA,0.348,2.07,8.16,122.09,180.0,87.67,180.0
Human Dominant_9,R6,2026-08-23T12:00:55.227693Z,behavior_monitor,16,361,389,884,910,665,565,737.92,351.34,408.19,system,NA,0.323,2.07,62.14,119.48,180.0,87.67,180.0
Human Dominant_9,R6,2026-08-23T12:00:55.735613Z,behavior_monitor,16,393,444,823,910,621,565,634.03,257.74,399.77,system,NA,0.289,2.07,62.14,119.28,180.0,87.67,180.0
Human Dominant_9,R6,2026-08-23T12:00:58.918895Z,human_signal,16,232,739,472,910,342,733,294.65,110.22,219.64,human,i_can,0.272,2.07,96.87,129.41,0.0,150.04,125.75
Human Dominant_9,R6,2026-08-23T12:00:58.935059Z,behavior_monitor,16,232,739,472,910,340,734,294.65,108.84,218.97,system,NA,0.27,2.07,96.87,137.5,0.0,138.63,125.75
Human Dominant_9,R6,2026-08-23T12:00:59.440827Z,behavior_monitor,16,215,797,537,886,302,788,334.15,86.8,255.24,system,NA,0.206,2.07,118.61,139.11,-23.01,143.93,127.33
Human Dominant_9,R6,2026-08-23T12:00:59.881800Z,human_signal,16,201,847,594,861,268,835,392.9,68.23,326.57,human,your_turn,0.148,2.07,93.18,140.2,-29.27,130.47,125.75
Human Dominant_9,R6,2026-08-23T12:00:59.882364Z,human_signal,16,202,850,596,859,268,835,394.09,68.0,328.41,human,your_turn,0.147,2.07,93.18,140.11,-33.17,130.47,125.75
Human Dominant_9,R6,2026-08-23T12:00:59.950222Z,behavior_monitor,16,200,856,601,855,262,843,401.36,63.35,339.43,system,NA,0.136,2.07,93.18,140.86,-37.57,150.04,125.75
Human Dominant_9,R6,2026-08-23T12:01:00.322548Z,shot_miss,16,182,900,643,818,228,892,467.81,46.21,421.6,agent,NA,0.09,2.07,93.13,142.43,-41.99,150.04,125.75
Human Dominant_9,R6,2026-08-23T12:01:00.457601Z,behavior_monitor,16,181,914,656,807,217,906,486.2,36.91,449.29,system,NA,0.071,2.07,93.13,142.43,-41.99,150.04,125.75
Human Dominant_9,R6,2026-08-23T12:01:00.592500Z,shot_miss,16,179,933,672,792,204,910,512.11,34.03,482.25,agent,NA,0.062,2.07,93.13,142.56,-42.05,87.67,180.0
Human Dominant_9,R6,2026-08-23T12:01:00.745443Z,flight_missed,16,180,952,688,778,191,910,536.75,43.49,514.21,system,NA,0.075,2.07,93.13,142.56,-42.05,65.66,180.0
Human Dominant_9,R6,2026-08-23T12:01:00.746483Z,flight_spawn,17,594,-20,688,778,191,910,803.73,1013.53,514.21,system,NA,0.558,2.97,47.68,142.56,-42.05,65.66,180.0
Human Dominant_9,R6,2026-08-23T12:01:01.912476Z,human_signal,17,659,158,709,630,252,825,475.16,781.18,496.31,human,i_can,0.622,2.97,119.96,129.41,-90.0,130.47,-54.25
Human Dominant_9,R6,2026-08-23T12:01:01.928044Z,behavior_monitor,17,659,158,709,630,253,823,475.16,778.97,494.41,system,NA,0.621,2.97,119.96,137.5,-90.0,138.63,-54.25
Human Dominant_9,R6,2026-08-23T12:01:02.437185Z,behavior_monitor,17,619,238,694,567,292,770,337.62,623.86,449.73,system,NA,0.649,2.97,121.53,133.95,-134.76,130.47,-54.25
Human Dominant_9,R6,2026-08-23T12:01:02.946103Z,behavior_monitor,17,565,306,635,532,331,716,237.55,472.2,355.02,system,NA,0.665,2.97,117.08,136.33,-161.67,130.47,-54.25
Human Dominant_9,R6,2026-08-23T12:01:03.455959Z,behavior_monitor,17,499,356,569,531,371,662,189.06,331.87,237.88,system,NA,0.637,2.97,165.24,129.41,180.0,130.47,-54.25
Human Dominant_9,R6,2026-08-23T12:01:03.642551Z,human_signal,17,463,365,571,524,385,642,192.45,288.07,220.7,human,i_can,0.599,2.97,165.24,129.41,0.0,130.47,-54.25
Human Dominant_9,R6,2026-08-23T12:01:03.963242Z,human_signal,17,408,376,603,540,397,608,254.55,232.05,217.16,human,your_turn,0.477,2.97,169.53,137.5,90.0,138.63,-125.75
Human Dominant_9,R6,2026-08-23T12:01:03.964232Z,behavior_monitor,17,408,376,603,540,397,608,254.55,232.05,217.16,system,NA,0.477,2.97,169.53,129.41,90.0,130.47,-125.75
Human Dominant_9,R6,2026-08-23T12:01:03.964640Z,human_signal,17,405,377,603,542,397,608,257.82,231.39,216.48,human,your_turn,0.473,2.97,169.53,129.41,90.0,130.47,-125.75
Human Dominant_9,R6,2026-08-23T12:01:04.472010Z,behavior_monitor,17,322,393,585,606,352,566,338.7,175.68,237.17,system,NA,0.342,2.97,171.09,138.15,110.49,87.67,180.0
Human Dominant_9,R6,2026-08-23T12:01:04.981285Z,behavior_monitor,17,238,416,561,672,306,564,412.23,163.39,276.45,system,NA,0.284,2.97,166.39,136.1,108.04,87.67,180.0
Human Dominant_9,R6,2026-08-23T12:01:05.488648Z,behavior_monitor,17,149,437,586,729,262,564,525.9,170.01,364.03,system,NA,0.244,2.97,166.39,138.32,34.09,87.67,180.0
Human Dominant_9,R6,2026-08-23T12:01:05.998747Z,behavior_monitor,17,75,471,637,774,217,564,638.23,170.05,469.06,system,NA,0.21,2.97,137.95,129.41,90.0,87.67,180.0
Human Dominant_9,R6,2026-08-23T12:01:06.503585Z,behavior_monitor,17,23,536,630,797,172,564,660.73,151.74,513.7,system,NA,0.187,2.36,55.11,0.0,90.0,87.67,180.0
Human Dominant_9,R6,2026-08-23T12:01:07.011593Z,behavior_monitor,17,75,585,610,824,127,581,586.17,51.92,541.06,system,NA,0.081,2.36,34.31,141.19,137.08,150.04,125.75
Human Dominant_9,R6,2026-08-23T12:01:07.162249Z,shot_hit,17,97,598,591,838,112,593,548.93,15.83,537.79,agent,NA,0.028,2.36,34.31,139.42,146.77,67.54,-166.21
Human Dominant_9,R6,2026-08-23T12:01:07.162816Z,flight_spawn,18,534,-20,591,838,112,593,860.05,744.14,537.79,system,NA,0.464,2.83,45.0,139.42,146.77,67.54,-166.21
Human Dominant_9,R6,2026-08-23T12:01:09.210831Z,human_signal,18,815,152,764,741,226,566,591.48,720.6,565.7,human,your_turn,0.549,2.83,10.42,129.41,0.0,76.24,0.0
Human Dominant_9,R6,2026-08-23T12:01:09.212439Z,behavior_monitor,18,815,152,764,741,226,566,591.48,720.6,565.7,system,NA,0.549,2.83,10.42,129.41,0.0,76.24,0.0
Human Dominant_9,R6,2026-08-23T12:01:09.212794Z,human_signal,18,818,152,766,741,226,566,591.01,722.45,567.79,human,your_turn,0.55,2.83,10.42,129.41,0.0,76.24,0.0
Human Dominant_9,R6,2026-08-23T12:01:09.717793Z,behavior_monitor,18,897,168,830,741,270,566,577.25,742.46,586.36,system,NA,0.563,2.83,6.57,129.41,0.0,87.67,0.0
Human Dominant_9,R6,2026-08-23T12:01:10.227355Z,behavior_monitor,18,957,221,896,741,315,566,524.12,729.14,606.15,system,NA,0.582,2.83,52.67,129.41,0.0,87.67,0.0
Human Dominant_9,R6,2026-08-23T12:01:10.732451Z,behavior_monitor,18,1008,288,962,730,360,566,444.33,705.51,623.73,system,NA,0.614,2.83,52.67,138.76,-22.8,91.87,-3.62
Human Dominant_9,R6,2026-08-23T12:01:11.156489Z,human_signal,18,1036,354,1016,699,397,565,345.94,673.19,633.2,human,i_can,0.661,2.83,79.9,142.23,-32.84,87.67,0.0
Human Dominant_9,R6,2026-08-23T12:01:11.240111Z,behavior_monitor,18,1038,365,1024,694,403,565,329.27,665.88,633.73,system,NA,0.669,2.83,79.9,142.44,-32.98,76.24,0.0
Human Dominant_9,R6,2026-08-23T12:01:11.746640Z,behavior_monitor,18,1021,444,1066,643,442,565,203.87,591.56,628.92,system,NA,0.744,2.83,128.2,129.41,-90.0,76.24,0.0
Human Dominant_9,R6,2026-08-23T12:01:12.252762Z,behavior_monitor,18,950,479,1016,611,481,566,147.52,476.64,536.98,system,NA,0.764,2.83,157.81,129.41,180.0,76.24,0.0
Human Dominant_9,R6,2026-08-23T12:01:12.762662Z,behavior_monitor,18,868,509,950,629,520,566,145.18,352.56,434.83,system,NA,0.708,2.83,179.95,137.2,160.6,76.24,0.0
Human Dominant_9,R6,2026-08-23T12:01:13.170400Z,human_signal,18,799,509,908,664,551,565,188.88,253.94,369.96,human,your_turn,0.573,2.83,179.95,136.82,123.0,76.24,0.0
Human Dominant_9,R6,2026-08-23T12:01:13.170892Z,human_signal,18,796,509,907,666,551,565,191.27,251.44,369.3,human,your_turn,0.568,2.83,179.95,137.05,122.1,76.24,0.0
Human Dominant_9,R6,2026-08-23T12:01:13.272281Z,behavior_monitor,18,783,509,901,676,560,565,203.84,229.38,357.83,system,NA,0.529,2.83,179.95,137.44,121.01,87.67,0.0
Human Dominant_9,R6,2026-08-23T12:01:13.780780Z,behavior_monitor,18,699,529,858,732,605,566,257.48,101.19,302.66,system,NA,0.282,2.83,157.06,140.03,138.35,87.67,0.0
Human Dominant_9,R6,2026-08-23T12:01:14.184188Z,shot_hit,18,630,538,810,766,620,566,289.73,29.3,275.1,agent,NA,0.092,2.83,179.39,138.57,147.04,87.67,180.0
Human Dominant_9,R6,2026-08-23T12:01:14.184796Z,flight_spawn,19,519,-20,810,766,620,566,838.37,595.33,275.1,system,NA,0.415,2.83,45.0,138.57,147.04,87.67,180.0
Human Dominant_9,R6,2026-08-23T12:01:15.590768Z,human_signal,19,603,183,785,771,587,566,615.35,383.48,284.94,human,your_turn,0.384,2.83,93.22,137.0,45.63,21.42,89.38
Human Dominant_9,R6,2026-08-23T12:01:15.591805Z,behavior_monitor,19,603,183,785,771,587,566,615.35,383.48,284.94,system,NA,0.384,2.83,93.22,136.85,47.78,0.0,89.38
Human Dominant_9,R6,2026-08-23T12:01:15.592075Z,human_signal,19,603,186,787,772,587,566,614.69,380.67,287.27,human,your_turn,0.382,2.83,93.22,136.85,47.78,0.0,89.38
Human Dominant_9,R6,2026-08-23T12:01:16.096623Z,behavior_monitor,19,601,268,835,821,583,566,600.3,298.76,357.82,system,NA,0.332,2.83,93.22,139.36,42.04,0.0,180.0
Human Dominant_9,R6,2026-08-23T12:01:16.605224Z,behavior_monitor,19,546,326,834,840,545,565,589.42,239.05,399.46,system,NA,0.289,2.83,163.65,133.93,165.07,87.67,180.0
Human Dominant_9,R6,2026-08-23T12:01:17.111747Z,behavior_monitor,19,465,350,768,842,500,565,577.73,217.93,385.51,system,NA,0.274,2.83,163.65,129.41,180.0,87.67,180.0
Human Dominant_9,R6,2026-08-23T12:01:17.619540Z,behavior_monitor,19,389,386,702,842,455,565,553.25,191.1,370.85,system,NA,0.257,2.83,139.93,129.41,180.0,87.67,180.0
Human Dominant_9,R6,2026-08-23T12:01:18.125533Z,behavior_monitor,19,322,441,636,842,411,565,509.47,153.0,356.71,system,NA,0.231,2.83,118.53,129.41,180.0,87.67,180.0
Human Dominant_9,R6,2026-08-23T12:01:18.633406Z,behavior_monitor,19,261,494,570,842,366,566,465.27,127.61,342.8,system,NA,0.215,2.83,165.87,129.41,180.0,87.67,180.0
Human Dominant_9,R6,2026-08-23T12:01:19.141487Z,behavior_monitor,19,184,515,504,842,322,567,457.49,147.1,330.12,system,NA,0.243,2.83,165.87,129.41,180.0,87.67,180.0
Human Dominant_9,R6,2026-08-23T12:01:19.649039Z,behavior_monitor,19,113,553,438,842,277,567,434.74,164.79,318.85,system,NA,0.275,2.83,144.9,129.41,180.0,87.67,180.0
Human Dominant_9,R6,2026-08-23T12:01:20.155761Z,behavior_monitor,19,56,613,372,842,233,602,390.72,177.13,277.72,system,NA,0.312,2.83,99.53,129.41,180.0,150.04,125.75
Human Dominant_9,R6,2026-08-23T12:01:20.377247Z,human_signal,19,49,652,342,843,213,629,349.66,165.62,249.83,human,i_can,0.321,2.83,99.53,129.41,180.0,150.04,125.75
Human Dominant_9,R6,2026-08-23T12:01:20.664229Z,behavior_monitor,19,43,696,372,849,191,659,362.58,152.53,262.3,system,NA,0.296,2.83,99.53,137.5,0.0,138.63,125.75
Human Dominant_9,R6,2026-08-23T12:01:21.035372Z,human_signal,19,29,758,420,853,163,698,402.87,146.79,300.12,human,your_turn,0.267,2.83,99.53,147.5,24.92,138.63,125.75
Human Dominant_9,R6,2026-08-23T12:01:21.036247Z,human_signal,19,28,761,422,854,163,698,405.58,148.94,302.47,human,your_turn,0.269,2.83,99.53,138.82,24.92,130.47,125.75
Human Dominant_9,R6,2026-08-23T12:01:21.168952Z,behavior_monitor,19,24,780,420,859,151,715,403.92,142.77,304.87,system,NA,0.261,2.83,99.53,137.5,180.0,159.42,125.75
Human Dominant_9,R6,2026-08-23T12:01:21.670495Z,behavior_monitor,19,33,860,370,902,106,778,339.51,110.62,291.28,system,NA,0.246,2.8,56.05,140.23,116.87,150.04,125.75
Human Dominant_9,R6,2026-08-23T12:01:22.178056Z,behavior_monitor,19,103,905,329,910,77,840,226.49,70.69,262.18,system,NA,0.238,2.8,27.69,122.82,180.0,150.04,54.25
Human Dominant_9,R6,2026-08-23T12:01:22.685979Z,behavior_monitor,19,180,944,263,910,121,902,90.24,72.74,142.6,system,NA,0.446,2.8,27.69,129.41,180.0,150.04,54.25
Human Dominant_9,R6,2026-08-23T12:01:22.772051Z,flight_missed,19,196,952,260,910,130,910,77.23,78.65,130.44,system,NA,0.505,2.8,27.69,129.41,0.0,87.67,0.0
Human Dominant_9,R6,2026-08-23T12:01:22.772897Z,flight_spawn,20,871,-20,260,910,130,910,1112.79,1189.42,130.44,system,NA,0.517,3.46,125.28,129.41,0.0,87.67,0.0
Human Dominant_9,R6,2026-08-23T12:01:28.935274Z,flight_missed,20,1187,952,1060,863,586,770,154.82,627.94,483.27,system,NA,0.802,3.46,95.89,129.41,0.0,130.47,54.25
