user_id,round_id,timestamp,event_type,flight_id,flight_x,flight_y,human_x,human_y,agent_x,agent_y,dist_human_flight,dist_agent_flight,dist_human_agent,triggered_by,signal_type,dir_ratio,flight_speed,flight_angle,human_speed,human_direction,agent_speed,agent_direction
Human Dominant_43,R1,2026-09-09T09:44:50.087624Z,flight_spawn,1,941,-20,985,590,320,590,611.54,870.89,665.0,system,NA,0.587,2.83,135.0,0.0,0.0,0.0,0.0
Human Dominant_43,R1,2026-09-09T09:50:51.189630Z,human_signal,1,701,158,1127,736,490,581,717.38,472.38,654.95,human,your_turn,0.397,2.83,62.38,0.0,-90.0,130.47,-54.25
Human Dominant_43,R1,2026-09-09T09:50:51.191934Z,behavior_monitor,1,701,158,1127,736,490,581,717.38,472.38,654.95,system,NA,0.397,2.83,62.38,0.0,-90.0,130.47,-54.25
Human Dominant_43,R1,2026-09-09T09:50:51.192367Z,human_signal,1,702,161,1127,736,490,581,714.38,470.89,654.95,human,your_turn,0.397,2.83,62.38,0.0,-90.0,130.47,-54.25
Human Dominant_43,R1,2026-09-09T09:50:51.698792Z,behavior_monitor,1,710,232,1127,736,540,565,653.52,372.96,610.48,system,NA,0.363,2.83,88.77,0.0,-90.0,99.11,0.0
Human Dominant_43,R1,2026-09-09T09:50:52.211416Z,behavior_monitor,1,673,309,1127,719,591,565,611.35,268.95,557.13,system,NA,0.306,2.83,116.76,47.42,-90.0,99.11,0.0
Human Dominant_43,R1,2026-09-09T09:50:52.722782Z,behavior_monitor,1,616,365,1127,695,605,565,607.54,199.77,537.89,system,NA,0.247,2.83,136.75,47.42,-90.0,99.11,180.0
Human Dominant_43,R1,2026-09-09T09:50:53.234382Z,behavior_monitor,1,542,403,1102,661,554,565,617.45,162.85,556.65,system,NA,0.209,2.83,134.23,146.68,-136.37,105.3,180.0
Human Dominant_43,R1,2026-09-09T09:50:53.742601Z,behavior_monitor,1,503,473,1055,610,503,564,567.83,91.17,553.28,system,NA,0.138,2.83,104.63,136.8,-138.37,99.11,180.0
Human Dominant_43,R1,2026-09-09T09:50:54.218269Z,shot_hit,1,466,542,1003,570,454,564,537.38,25.69,548.93,agent,NA,0.046,2.83,130.97,101.2,-120.41,99.11,180.0
Human Dominant_43,R1,2026-09-09T09:50:54.219292Z,flight_spawn,2,1259,-20,1003,570,454,564,643.51,994.92,548.93,system,NA,0.607,3.39,126.2,101.2,-120.41,99.11,180.0
Human Dominant_43,R1,2026-09-09T09:50:55.322921Z,human_signal,2,1133,135,970,446,501,565,351.66,764.17,483.4,human,i_can,0.685,3.39,117.95,80.64,-90.0,76.24,0.0
Human Dominant_43,R1,2026-09-09T09:50:55.340175Z,behavior_monitor,2,1133,135,970,446,502,565,351.66,763.37,482.46,system,NA,0.685,3.39,117.95,78.98,-90.0,57.18,0.0
Human Dominant_43,R1,2026-09-09T09:50:55.850039Z,behavior_monitor,2,1087,224,983,408,531,566,210.97,652.27,479.04,system,NA,0.756,3.39,117.95,107.69,0.0,57.18,0.0
Human Dominant_43,R1,2026-09-09T09:50:56.357678Z,behavior_monitor,2,1038,314,1031,408,544,566,94.45,554.51,511.59,system,NA,0.854,3.39,117.95,0.0,0.0,0.0,-1.05
Human Dominant_43,R1,2026-09-09T09:50:56.868438Z,behavior_monitor,2,998,404,1031,408,544,566,32.87,482.32,511.87,system,NA,0.936,3.39,145.29,0.0,0.0,0.0,146.76
Human Dominant_43,R1,2026-09-09T09:50:56.903188Z,shot_miss,2,993,408,1031,408,544,566,38.27,475.69,511.87,human,NA,0.926,3.39,145.29,0.0,0.0,0.0,146.76
Human Dominant_43,R1,2026-09-09T09:50:57.378656Z,behavior_monitor,2,903,432,1016,408,567,566,115.27,361.16,475.18,system,NA,0.758,3.39,172.54,129.41,180.0,76.24,0.0
Human Dominant_43,R1,2026-09-09T09:50:57.889274Z,behavior_monitor,2,815,474,950,428,606,566,142.77,227.61,370.06,system,NA,0.615,3.39,159.56,138.35,159.29,76.24,0.0
Human Dominant_43,R1,2026-09-09T09:50:58.178361Z,human_signal,2,758,491,921,434,628,566,172.44,150.12,321.17,human,i_can,0.465,3.39,171.32,49.96,180.0,76.24,0.0
Human Dominant_43,R1,2026-09-09T09:50:58.397643Z,behavior_monitor,2,721,506,917,434,641,566,209.12,99.68,306.03,system,NA,0.323,3.39,171.76,0.0,180.0,57.18,0.0
Human Dominant_43,R1,2026-09-09T09:50:58.822404Z,human_signal,2,649,535,917,434,645,565,286.74,30.11,302.0,human,your_turn,0.095,3.39,142.58,0.0,180.0,57.18,180.0
Human Dominant_43,R1,2026-09-09T09:50:58.823610Z,human_signal,2,647,538,917,434,645,565,289.42,27.87,302.0,human,your_turn,0.088,3.39,142.58,0.0,180.0,57.18,180.0
Human Dominant_43,R1,2026-09-09T09:50:58.856385Z,shot_hit,2,642,542,917,434,640,566,295.69,24.04,307.05,agent,NA,0.075,3.39,142.58,0.0,180.0,125.53,173.24
Human Dominant_43,R1,2026-09-09T09:50:58.857617Z,flight_spawn,3,472,-20,917,434,640,566,635.73,609.57,307.05,system,NA,0.489,2.83,135.0,0.0,180.0,125.53,173.24
Human Dominant_43,R1,2026-09-09T09:51:01.840328Z,human_signal,3,226,372,749,434,442,566,526.53,290.28,333.78,human,your_turn,0.355,2.83,130.4,0.0,180.0,98.59,162.81
Human Dominant_43,R1,2026-09-09T09:51:01.840988Z,behavior_monitor,3,226,372,749,434,442,566,526.53,290.28,333.78,system,NA,0.355,2.83,130.4,0.0,180.0,76.24,180.0
Human Dominant_43,R1,2026-09-09T09:51:01.841320Z,human_signal,3,224,374,749,434,442,566,527.76,289.96,333.78,human,your_turn,0.355,2.83,130.4,0.0,180.0,76.24,180.0
Human Dominant_43,R1,2026-09-09T09:51:02.348151Z,behavior_monitor,3,152,406,749,434,391,566,597.25,287.15,381.44,system,NA,0.325,2.83,152.06,0.0,180.0,99.11,180.0
Human Dominant_43,R1,2026-09-09T09:51:02.858298Z,behavior_monitor,3,115,473,749,434,340,565,634.29,243.11,428.95,system,NA,0.277,2.83,93.05,0.0,180.0,99.11,180.0
Human Dominant_43,R1,2026-09-09T09:51:03.367714Z,behavior_monitor,3,104,554,749,434,290,565,655.8,186.15,477.31,system,NA,0.221,2.83,119.53,0.0,180.0,99.11,180.0
Human Dominant_43,R1,2026-09-09T09:51:03.877920Z,behavior_monitor,3,63,628,733,443,239,622,695.88,176.52,525.68,system,NA,0.202,2.83,119.53,61.11,141.23,169.61,125.75
Human Dominant_43,R1,2026-09-09T09:51:04.388808Z,behavior_monitor,3,53,712,732,443,188,692,730.41,136.69,598.05,system,NA,0.158,2.83,97.02,0.0,180.0,169.61,125.75
Human Dominant_43,R1,2026-09-09T09:51:04.898381Z,behavior_monitor,3,63,795,717,427,138,762,749.87,81.65,668.63,system,NA,0.098,2.83,75.74,143.52,-135.78,180.21,125.75
Human Dominant_43,R1,2026-09-09T09:51:05.322864Z,shot_hit,3,122,833,695,410,99,823,711.98,25.05,724.87,agent,NA,0.034,2.83,1.6,0.0,180.0,137.65,90.0
Human Dominant_43,R1,2026-09-09T09:51:05.323534Z,flight_spawn,4,670,-20,695,410,99,823,431.32,1018.13,724.87,system,NA,0.702,3.31,52.87,0.0,180.0,137.65,90.0
Human Dominant_43,R1,2026-09-09T09:51:06.328212Z,human_signal,4,791,121,729,405,152,748,290.36,895.21,671.53,human,i_can,0.755,3.31,50.08,0.0,26.47,123.9,-62.29
Human Dominant_43,R1,2026-09-09T09:51:06.344693Z,behavior_monitor,4,791,121,729,405,153,747,290.36,893.57,670.0,system,NA,0.755,3.31,50.08,0.0,26.47,97.85,-54.25
Human Dominant_43,R1,2026-09-09T09:51:06.857617Z,behavior_monitor,4,855,198,749,415,182,707,241.59,843.48,637.52,system,NA,0.777,3.31,50.08,132.19,24.26,97.85,-54.25
Human Dominant_43,R1,2026-09-09T09:51:07.368693Z,behavior_monitor,4,896,284,814,430,195,690,167.75,810.4,671.26,system,NA,0.829,3.31,76.31,129.41,0.0,0.0,64.37
Human Dominant_43,R1,2026-09-09T09:51:07.877858Z,behavior_monitor,4,928,373,880,430,195,690,74.2,798.26,732.56,system,NA,0.915,3.31,44.18,129.41,0.0,0.0,64.37
Human Dominant_43,R1,2026-09-09T09:51:08.388179Z,behavior_monitor,4,1002,429,946,430,218,657,56.41,816.67,762.49,system,NA,0.935,3.31,48.34,129.41,0.0,130.47,-54.25
Human Dominant_43,R1,2026-09-09T09:51:08.763150Z,shot_miss,4,1071,456,994,430,246,617,80.61,839.78,770.94,human,NA,0.912,3.31,19.82,129.41,0.0,130.47,-54.25
Human Dominant_43,R1,2026-09-09T09:51:08.895375Z,behavior_monitor,4,1092,464,1009,434,255,604,88.21,849.16,773.62,system,NA,0.906,3.31,19.82,131.79,17.83,138.59,-69.39
Human Dominant_43,R1,2026-09-09T09:51:09.404201Z,behavior_monitor,4,1181,506,1073,457,271,583,118.46,913.33,811.86,system,NA,0.885,3.31,42.27,133.8,23.57,130.47,-54.25
Human Dominant_43,R1,2026-09-09T09:51:09.913982Z,behavior_monitor,4,1186,600,1092,513,310,583,127.67,876.18,785.49,system,NA,0.873,3.31,98.32,129.41,90.0,130.47,54.25
Human Dominant_43,R1,2026-09-09T09:51:10.424636Z,behavior_monitor,4,1198,696,1092,579,348,637,158.17,851.7,745.78,system,NA,0.843,3.31,94.45,129.41,90.0,130.47,54.25
Human Dominant_43,R1,2026-09-09T09:51:10.935398Z,behavior_monitor,4,1195,795,1092,620,387,691,203.22,814.53,708.24,system,NA,0.8,3.31,73.81,0.0,90.0,130.47,54.25
Human Dominant_43,R1,2026-09-09T09:51:11.103918Z,human_signal,4,1203,826,1092,620,400,709,234.94,811.39,697.27,human,your_turn,0.775,3.31,73.81,0.0,90.0,138.63,54.25
Human Dominant_43,R1,2026-09-09T09:51:11.105902Z,human_signal,4,1204,830,1092,620,400,709,238.05,812.51,697.27,human,your_turn,0.773,3.31,73.81,0.0,90.0,130.47,54.25
Human Dominant_43,R1,2026-09-09T09:51:11.443612Z,behavior_monitor,4,1209,891,1092,620,434,756,295.4,786.62,672.01,system,NA,0.727,3.31,98.15,0.0,90.0,169.61,54.25
Human Dominant_43,R1,2026-09-09T09:51:11.750691Z,flight_missed,4,1219,952,1092,620,466,801,355.72,768.69,652.08,system,NA,0.684,3.31,74.07,0.0,90.0,180.21,54.25
Human Dominant_43,R1,2026-09-09T09:51:11.751719Z,flight_spawn,5,879,-20,1092,620,466,801,674.42,919.65,652.08,system,NA,0.577,3.5,55.17,0.0,90.0,180.21,54.25
Human Dominant_43,R1,2026-09-09T09:51:14.118891Z,human_signal,5,1267,172,1084,501,625,578,376.93,760.64,465.78,human,i_can,0.669,3.5,68.01,0.0,0.0,130.47,-54.25
Human Dominant_43,R1,2026-09-09T09:51:14.136142Z,behavior_monitor,5,1267,172,1084,501,626,577,376.93,759.1,464.59,system,NA,0.668,3.5,68.01,0.0,0.0,97.85,-54.25
Human Dominant_43,R1,2026-09-09T09:51:14.646003Z,behavior_monitor,5,1322,255,1095,501,655,566,334.23,736.13,445.2,system,NA,0.688,3.5,67.69,129.41,0.0,57.18,0.0
Human Dominant_43,R1,2026-09-09T09:51:15.154343Z,behavior_monitor,5,1369,347,1161,501,668,565,258.45,734.16,497.5,system,NA,0.74,3.5,44.81,137.5,0.0,26.65,-119.17
Human Dominant_43,R1,2026-09-09T09:51:15.665679Z,behavior_monitor,5,1438,387,1210,499,668,565,254.07,790.95,546.64,system,NA,0.757,2.32,169.88,55.75,-46.6,22.03,123.14
Human Dominant_43,R1,2026-09-09T09:51:16.177937Z,behavior_monitor,5,1372,402,1265,473,695,565,128.85,696.75,577.17,system,NA,0.844,2.32,125.47,143.0,-38.33,76.24,0.0
Human Dominant_43,R1,2026-09-09T09:51:16.535096Z,shot_miss,5,1339,431,1301,437,723,565,38.04,630.77,592.78,human,NA,0.943,2.32,175.65,142.57,-45.7,76.24,0.0
Human Dominant_43,R1,2026-09-09T09:51:16.687928Z,behavior_monitor,5,1318,433,1318,423,735,566,9.58,598.28,600.49,system,NA,0.984,2.32,175.65,142.26,-35.5,76.24,0.0
Human Dominant_43,R1,2026-09-09T09:51:17.012258Z,shot_miss,5,1280,449,1338,398,759,566,77.95,533.17,602.86,human,NA,0.872,2.32,178.66,127.37,-132.8,76.24,0.0
Human Dominant_43,R1,2026-09-09T09:51:17.198659Z,behavior_monitor,5,1257,452,1318,411,773,566,74.28,496.41,566.55,system,NA,0.87,2.32,158.69,138.64,125.96,76.24,0.0
Human Dominant_43,R1,2026-09-09T09:51:17.709438Z,behavior_monitor,5,1196,472,1269,460,812,566,73.8,395.43,469.06,system,NA,0.843,2.32,101.73,136.47,153.41,76.24,0.0
Human Dominant_43,R1,2026-09-09T09:51:18.220086Z,behavior_monitor,5,1186,540,1215,495,851,566,53.68,335.55,370.71,system,NA,0.862,2.32,101.73,134.75,106.19,76.24,0.0
Human Dominant_43,R1,2026-09-09T09:51:18.732585Z,behavior_monitor,5,1228,588,1197,561,890,584,41.36,337.84,307.62,system,NA,0.891,2.32,50.94,126.66,105.22,123.22,54.25
Human Dominant_43,R1,2026-09-09T09:51:18.783829Z,shot_miss,5,1233,594,1195,568,894,589,45.69,338.58,301.86,human,NA,0.881,2.32,50.94,134.11,105.22,130.47,54.25
Human Dominant_43,R1,2026-09-09T09:51:21.114590Z,shot_hit,5,1350,807,1372,803,1072,801,21.78,278.74,300.0,human,NA,0.928,2.32,176.5,136.68,60.64,76.24,0.0
Human Dominant_43,R1,2026-09-09T09:51:21.115369Z,flight_spawn,6,1385,-20,1372,803,1072,801,823.38,878.96,300.0,system,NA,0.516,3.27,127.74,136.68,60.64,76.24,0.0
Human Dominant_43,R1,2026-09-09T09:51:23.228871Z,human_signal,6,1352,375,1375,657,1212,604,282.44,268.53,170.45,human,i_can,0.487,3.27,75.97,129.41,-90.0,130.47,-54.25
Human Dominant_43,R1,2026-09-09T09:51:23.244983Z,behavior_monitor,6,1352,375,1375,657,1213,603,282.44,266.87,169.95,system,NA,0.486,3.27,75.97,129.41,-90.0,97.85,-54.25
Human Dominant_43,R1,2026-09-09T09:51:23.755909Z,behavior_monitor,6,1411,435,1375,591,1243,566,159.94,213.2,134.07,system,NA,0.571,3.27,32.95,129.41,-90.0,57.18,0.0
Human Dominant_43,R1,2026-09-09T09:51:24.264308Z,behavior_monitor,6,1422,486,1400,537,1256,566,55.55,184.65,147.48,system,NA,0.769,2.42,161.5,129.41,0.0,0.0,0.0
Human Dominant_43,R1,2026-09-09T09:51:24.383679Z,shot_miss,6,1408,491,1416,537,1256,566,46.46,169.32,162.61,human,NA,0.785,2.42,161.5,129.41,0.0,0.0,0.0
Human Dominant_43,R1,2026-09-09T09:51:24.773702Z,shot_miss,6,1364,518,1398,521,1277,566,33.7,99.41,128.91,human,NA,0.747,2.42,140.96,137.5,180.0,81.0,0.0
Human Dominant_43,R1,2026-09-09T09:51:24.774454Z,behavior_monitor,6,1364,518,1398,521,1277,566,33.7,99.41,128.91,system,NA,0.747,2.42,140.96,129.41,180.0,76.24,0.0
Human Dominant_43,R1,2026-09-09T09:51:24.995900Z,conflict,6,1337,539,1369,538,1295,566,32.26,50.02,79.74,system,NA,0.608,2.42,140.96,142.39,139.91,76.24,0.0
Human Dominant_43,R1,2026-09-09T09:51:25.283892Z,behavior_monitor,6,1300,548,1369,538,1295,566,69.93,18.83,79.74,system,NA,0.212,2.42,146.45,0.0,138.9,0.0,0.0
Human Dominant_43,R1,2026-09-09T09:51:25.510622Z,shot_hit,6,1270,567,1369,538,1293,566,103.51,23.5,80.95,agent,NA,0.185,2.42,146.45,0.0,138.9,0.0,0.0
Human Dominant_43,R1,2026-09-09T09:51:25.511260Z,flight_spawn,7,1118,-20,1369,538,1293,566,612.44,612.16,80.95,system,NA,0.5,3.27,52.35,0.0,138.9,0.0,0.0
Human Dominant_43,R1,2026-09-09T09:51:28.161243Z,human_signal,7,1089,392,1269,458,1119,566,192.06,176.96,185.59,human,your_turn,0.48,3.27,178.72,0.0,-90.0,76.24,180.0
Human Dominant_43,R1,2026-09-09T09:51:28.162315Z,behavior_monitor,7,1089,392,1269,458,1119,566,192.06,176.96,185.59,system,NA,0.48,3.27,178.72,0.0,-90.0,76.24,180.0
Human Dominant_43,R1,2026-09-09T09:51:28.162746Z,human_signal,7,1086,392,1269,458,1119,566,194.61,177.37,185.59,human,your_turn,0.477,3.27,178.72,0.0,-90.0,76.24,180.0
Human Dominant_43,R1,2026-09-09T09:51:28.669848Z,behavior_monitor,7,994,419,1269,458,1068,567,277.99,164.67,228.89,system,NA,0.372,3.27,153.16,0.0,-90.0,99.11,180.0
Human Dominant_43,R1,2026-09-09T09:51:29.183768Z,behavior_monitor,7,915,469,1233,436,1017,567,319.94,141.92,252.42,system,NA,0.307,3.27,153.47,135.49,-155.4,99.11,180.0
Human Dominant_43,R1,2026-09-09T09:51:29.695150Z,behavior_monitor,7,849,526,1168,422,967,566,336.59,125.05,248.01,system,NA,0.271,3.27,98.15,129.41,180.0,99.11,180.0
Human Dominant_43,R1,2026-09-09T09:51:30.205346Z,behavior_monitor,7,889,606,1118,422,916,594,293.98,29.83,265.26,system,NA,0.092,3.27,71.68,0.0,180.0,169.61,125.75
Human Dominant_43,R1,2026-09-09T09:51:30.308422Z,shot_hit,7,897,628,1118,422,905,611,302.12,19.01,284.91,agent,NA,0.059,3.27,71.68,0.0,180.0,169.61,125.75
Human Dominant_43,R1,2026-09-09T09:51:30.309420Z,flight_spawn,8,839,-20,1118,422,905,611,522.54,634.36,284.91,system,NA,0.548,2.83,135.0,0.0,180.0,169.61,125.75
Human Dominant_43,R1,2026-09-09T09:51:32.042282Z,human_signal,8,639,158,1057,422,797,565,494.26,436.3,297.2,human,your_turn,0.469,2.83,146.32,0.0,180.0,76.24,180.0
Human Dominant_43,R1,2026-09-09T09:51:32.043345Z,behavior_monitor,8,639,158,1057,422,797,565,494.26,436.3,297.2,system,NA,0.469,2.83,146.32,0.0,180.0,76.24,180.0
Human Dominant_43,R1,2026-09-09T09:51:32.043794Z,human_signal,8,637,160,1057,422,797,565,495.03,435.53,297.2,human,your_turn,0.468,2.83,146.32,0.0,180.0,76.24,180.0
Human Dominant_43,R1,2026-09-09T09:51:32.553307Z,behavior_monitor,8,593,227,1045,422,746,566,492.19,372.57,332.0,system,NA,0.431,2.83,96.38,129.41,180.0,99.11,180.0
Human Dominant_43,R1,2026-09-09T09:51:33.063209Z,behavior_monitor,8,617,308,979,422,696,564,379.47,268.48,317.15,system,NA,0.414,2.83,72.12,129.41,180.0,99.11,180.0
Human Dominant_43,R1,2026-09-09T09:51:33.573344Z,behavior_monitor,8,666,373,974,422,647,564,311.39,191.86,356.33,system,NA,0.381,2.83,42.26,0.0,180.0,0.0,180.0
Human Dominant_43,R1,2026-09-09T09:51:34.085047Z,behavior_monitor,8,735,419,974,422,694,565,238.42,151.49,314.12,system,NA,0.389,2.83,47.47,0.0,180.0,99.11,0.0
Human Dominant_43,R1,2026-09-09T09:51:34.596599Z,behavior_monitor,8,792,481,1007,422,744,565,222.76,96.36,299.54,system,NA,0.302,2.83,43.48,0.0,0.0,93.6,0.0
Human Dominant_43,R1,2026-09-09T09:51:35.108500Z,behavior_monitor,8,858,526,1007,422,795,565,181.48,74.6,255.96,system,NA,0.291,2.83,17.84,0.0,0.0,99.11,0.0
Human Dominant_43,R1,2026-09-09T09:51:35.616759Z,behavior_monitor,8,932,556,1044,422,845,565,174.54,87.6,244.7,system,NA,0.334,2.83,51.14,116.45,0.0,99.11,0.0
Human Dominant_43,R1,2026-09-09T09:51:36.128139Z,behavior_monitor,8,1000,601,1066,421,896,595,191.52,104.86,243.86,system,NA,0.354,2.83,30.34,0.0,-90.0,99.11,0.0
Human Dominant_43,R1,2026-09-09T09:51:36.637990Z,behavior_monitor,8,1073,647,1066,421,946,642,226.32,127.72,251.91,system,NA,0.361,2.83,52.47,0.0,-90.0,177.11,62.95
Human Dominant_43,R1,2026-09-09T09:51:38.820916Z,flight_missed,8,1232,952,1032,417,1163,910,570.54,80.59,509.52,system,NA,0.124,2.83,57.44,104.76,180.0,80.23,0.0
Human Dominant_43,R1,2026-09-09T09:51:38.821764Z,flight_spawn,9,261,-20,1032,417,1163,910,887.15,1295.96,509.52,system,NA,0.594,2.99,132.06,104.76,180.0,80.23,0.0
Human Dominant_43,R1,2026-09-09T09:51:41.236088Z,human_signal,9,108,130,720,417,1035,731,675.82,1104.9,444.92,human,i_can,0.62,2.01,34.32,129.41,180.0,130.47,-125.75
Human Dominant_43,R1,2026-09-09T09:51:41.253064Z,behavior_monitor,9,108,130,720,417,1034,730,675.82,1103.35,443.28,system,NA,0.62,2.01,34.32,129.41,180.0,97.85,-125.75
Human Dominant_43,R1,2026-09-09T09:51:41.763778Z,behavior_monitor,9,165,145,668,416,1005,689,571.49,1000.73,433.63,system,NA,0.637,2.01,6.12,31.18,-90.0,92.42,-125.75
Human Dominant_43,R1,2026-09-09T09:51:42.274517Z,behavior_monitor,9,218,153,667,414,991,670,519.71,929.81,412.48,system,NA,0.641,2.01,18.09,51.86,180.0,0.0,-146.7
Human Dominant_43,R1,2026-09-09T09:51:42.786287Z,behavior_monitor,9,273,172,604,414,974,646,410.06,846.27,436.76,system,NA,0.674,2.01,18.09,129.41,180.0,130.47,-125.75
Human Dominant_43,R1,2026-09-09T09:51:43.296199Z,behavior_monitor,9,325,192,583,414,935,593,340.73,730.21,394.83,system,NA,0.682,2.01,65.94,0.0,180.0,130.47,-125.75
Human Dominant_43,R1,2026-09-09T09:51:43.806771Z,behavior_monitor,9,305,239,558,414,896,566,306.96,674.33,370.23,system,NA,0.687,2.01,137.86,122.22,180.0,72.0,180.0
Human Dominant_43,R1,2026-09-09T09:51:44.316053Z,behavior_monitor,9,293,294,492,414,857,566,232.72,626.32,395.23,system,NA,0.729,2.01,67.26,129.41,180.0,76.24,180.0
Human Dominant_43,R1,2026-09-09T09:51:44.826366Z,behavior_monitor,9,332,331,432,414,818,566,130.65,539.71,413.96,system,NA,0.805,2.01,56.81,0.0,180.0,76.24,180.0
Human Dominant_43,R1,2026-09-09T09:51:45.338075Z,behavior_monitor,9,364,381,383,414,779,566,37.95,454.36,424.18,system,NA,0.923,2.01,56.81,129.41,180.0,76.24,180.0
Human Dominant_43,R1,2026-09-09T09:51:45.576457Z,shot_hit,9,384,401,367,414,760,567,21.56,411.18,421.65,human,NA,0.95,2.01,29.56,0.0,180.0,76.24,180.0
Human Dominant_43,R1,2026-09-09T09:51:45.577450Z,flight_spawn,10,575,-20,367,414,760,567,481.63,615.68,421.65,system,NA,0.561,2.83,45.0,0.0,180.0,76.24,180.0
Human Dominant_43,R1,2026-09-09T09:51:47.037447Z,human_signal,10,549,162,430,419,678,566,282.73,424.03,288.76,human,i_can,0.6,2.83,121.66,0.0,0.0,76.24,180.0
Human Dominant_43,R1,2026-09-09T09:51:47.054144Z,behavior_monitor,10,549,162,430,419,678,566,282.73,423.73,287.93,system,NA,0.6,2.83,121.66,0.0,0.0,57.18,180.0
Human Dominant_43,R1,2026-09-09T09:51:47.563725Z,behavior_monitor,10,519,238,443,427,648,567,203.24,352.83,247.52,system,NA,0.635,2.83,68.07,130.0,27.6,91.32,169.44
Human Dominant_43,R1,2026-09-09T09:51:48.074783Z,behavior_monitor,10,510,321,501,411,634,565,89.63,273.56,203.81,system,NA,0.753,2.83,73.26,138.75,-23.93,0.0,180.0
Human Dominant_43,R1,2026-09-09T09:51:48.585216Z,behavior_monitor,10,565,384,509,403,613,565,58.68,187.26,192.24,system,NA,0.761,2.83,18.97,49.16,43.1,76.24,180.0
Human Dominant_43,R1,2026-09-09T09:51:48.823476Z,shot_miss,10,604,396,540,405,594,565,64.86,170.13,169.17,human,NA,0.724,2.83,10.16,129.41,0.0,76.24,180.0
Human Dominant_43,R1,2026-09-09T09:51:49.095408Z,behavior_monitor,10,648,404,575,405,609,565,72.36,166.5,163.66,system,NA,0.697,2.83,10.16,129.41,0.0,76.24,0.0
Human Dominant_43,R1,2026-09-09T09:51:49.605837Z,behavior_monitor,10,733,419,641,405,647,565,92.69,169.91,160.2,system,NA,0.647,2.83,10.16,120.24,0.0,76.24,0.0
Human Dominant_43,R1,2026-09-09T09:51:50.081419Z,human_signal,10,785,467,657,405,684,566,142.19,141.71,162.78,human,your_turn,0.499,2.83,58.17,0.0,0.0,76.24,0.0
Human Dominant_43,R1,2026-09-09T09:51:50.082374Z,human_signal,10,786,469,657,405,684,566,144.06,140.7,162.78,human,your_turn,0.494,2.83,58.17,0.0,0.0,76.24,0.0
Human Dominant_43,R1,2026-09-09T09:51:50.115372Z,behavior_monitor,10,787,472,657,405,687,566,146.42,137.64,163.37,system,NA,0.485,2.83,58.17,0.0,0.0,99.11,0.0
Human Dominant_43,R1,2026-09-09T09:51:50.629408Z,behavior_monitor,10,834,537,657,405,738,566,220.79,100.76,179.7,system,NA,0.313,2.83,60.15,0.0,0.0,105.3,0.0
Human Dominant_43,R1,2026-09-09T09:51:51.139235Z,behavior_monitor,10,879,609,657,405,788,603,301.48,90.58,237.83,system,NA,0.231,2.83,31.9,0.0,0.0,169.61,54.25
Human Dominant_43,R1,2026-09-09T09:51:51.649689Z,behavior_monitor,10,958,638,658,405,839,634,380.07,118.5,292.21,system,NA,0.238,2.83,5.05,34.67,0.0,99.11,0.0
Human Dominant_43,R1,2026-09-09T09:51:52.160367Z,behavior_monitor,10,1043,654,707,385,890,650,430.2,152.88,321.9,system,NA,0.262,2.83,22.53,134.86,-16.34,169.61,54.25
Human Dominant_43,R1,2026-09-09T09:51:52.673632Z,behavior_monitor,10,1123,686,773,367,941,682,473.91,182.32,356.96,system,NA,0.278,2.83,22.53,134.02,-15.07,169.61,54.25
Human Dominant_43,R1,2026-09-09T09:51:53.185872Z,behavior_monitor,10,1206,719,824,357,991,715,525.42,214.4,394.32,system,NA,0.29,2.83,22.53,0.0,-47.96,169.61,54.25
Human Dominant_43,R1,2026-09-09T09:51:53.695666Z,behavior_monitor,10,1254,783,809,387,1042,774,595.11,211.78,451.09,system,NA,0.262,2.83,78.38,129.41,90.0,169.61,54.25
Human Dominant_43,R1,2026-09-09T09:51:54.205236Z,behavior_monitor,10,1306,844,817,404,1093,839,657.86,213.32,514.97,system,NA,0.245,2.83,27.91,0.0,0.0,169.61,54.25
Human Dominant_43,R1,2026-09-09T09:51:54.717756Z,behavior_monitor,10,1390,853,817,404,1143,848,728.94,247.21,551.25,system,NA,0.253,2.83,0.57,0.0,0.0,99.11,0.0
Human Dominant_43,R1,2026-09-09T09:51:56.335712Z,shot_hit,10,1330,893,817,479,1303,888,660.17,27.57,635.85,agent,NA,0.04,1.7,136.36,0.0,90.0,169.61,54.25
Human Dominant_43,R1,2026-09-09T09:51:56.336855Z,flight_spawn,11,698,-20,817,479,1303,888,513.08,1091.6,635.85,system,NA,0.68,2.83,135.0,0.0,90.0,169.61,54.25
Human Dominant_43,R1,2026-09-09T09:51:57.392084Z,human_signal,11,573,104,755,479,1254,820,416.85,988.44,604.76,human,i_can,0.703,2.83,135.0,137.5,180.0,147.24,-138.3
Human Dominant_43,R1,2026-09-09T09:51:57.408321Z,behavior_monitor,11,573,104,755,479,1253,819,416.85,986.79,603.19,system,NA,0.703,2.83,135.0,129.41,180.0,97.85,-125.75
Human Dominant_43,R1,2026-09-09T09:51:57.920315Z,behavior_monitor,11,536,177,689,479,1224,778,338.04,913.56,613.2,system,NA,0.73,2.83,108.15,129.41,180.0,97.85,-125.75
Human Dominant_43,R1,2026-09-09T09:51:58.429431Z,behavior_monitor,11,511,257,623,479,1211,760,247.71,861.83,652.53,system,NA,0.777,2.83,84.63,129.41,180.0,0.0,-125.75
Human Dominant_43,R1,2026-09-09T09:51:58.941022Z,behavior_monitor,11,540,336,575,468,1211,761,137.11,794.26,699.75,system,NA,0.853,2.83,83.35,119.14,-51.01,0.0,106.21
Human Dominant_43,R1,2026-09-09T09:51:59.447378Z,behavior_monitor,11,572,413,560,424,1181,719,16.62,681.54,688.01,system,NA,0.976,2.83,62.35,128.27,-140.03,130.47,-125.75
Human Dominant_43,R1,2026-09-09T09:51:59.497691Z,shot_hit,11,576,420,558,419,1177,713,18.36,668.91,685.99,human,NA,0.973,2.83,62.35,100.4,-112.61,130.47,-125.75
Human Dominant_43,R1,2026-09-09T09:51:59.498649Z,flight_spawn,12,226,-20,558,419,1177,713,550.39,1201.18,685.99,system,NA,0.686,2.83,135.0,100.4,-112.61,130.47,-125.75
Human Dominant_43,R1,2026-09-09T09:52:01.658666Z,human_signal,12,64,204,421,472,1058,566,446.63,1058.03,644.12,human,i_can,0.703,2.36,63.76,0.0,90.0,72.0,180.0
Human Dominant_43,R1,2026-09-09T09:52:01.675840Z,behavior_monitor,12,64,204,421,472,1057,566,446.63,1057.12,643.16,system,NA,0.703,2.36,63.76,0.0,90.0,57.18,180.0
Human Dominant_43,R1,2026-09-09T09:52:02.185893Z,behavior_monitor,12,66,274,396,449,1028,566,373.69,1005.75,642.85,system,NA,0.729,2.36,87.8,129.41,180.0,57.18,180.0
Human Dominant_43,R1,2026-09-09T09:52:02.695592Z,behavior_monitor,12,112,325,330,449,1015,566,250.9,934.42,694.43,system,NA,0.788,2.36,36.64,129.41,180.0,0.0,180.0
Human Dominant_43,R1,2026-09-09T09:52:03.204166Z,behavior_monitor,12,178,350,276,426,1000,566,124.67,850.06,736.92,system,NA,0.872,2.36,14.5,117.75,-90.0,76.24,180.0
Human Dominant_43,R1,2026-09-09T09:52:03.715552Z,behavior_monitor,12,232,388,266,382,960,566,34.76,749.61,718.11,system,NA,0.956,2.36,42.17,127.33,163.72,72.0,180.0
Human Dominant_43,R1,2026-09-09T09:52:03.902791Z,shot_hit,12,250,405,245,396,946,566,10.98,714.06,721.8,human,NA,0.985,2.36,42.17,139.48,142.63,76.24,180.0
Human Dominant_43,R1,2026-09-09T09:52:03.903364Z,flight_spawn,13,1211,-20,245,396,946,566,1052.09,643.57,721.8,system,NA,0.38,2.83,135.0,139.48,142.63,76.24,180.0
Human Dominant_43,R1,2026-09-09T09:52:05.538317Z,human_signal,13,1103,209,320,430,1041,567,814.27,362.43,734.54,human,your_turn,0.308,2.83,77.62,0.0,0.0,76.24,0.0
Human Dominant_43,R1,2026-09-09T09:52:05.539842Z,behavior_monitor,13,1103,209,320,430,1041,567,814.27,362.43,734.54,system,NA,0.308,2.83,77.62,0.0,0.0,76.24,0.0
Human Dominant_43,R1,2026-09-09T09:52:05.540365Z,human_signal,13,1103,212,320,430,1041,567,813.76,359.75,734.54,human,your_turn,0.307,2.83,77.62,0.0,0.0,76.24,0.0
Human Dominant_43,R1,2026-09-09T09:52:06.047263Z,behavior_monitor,13,1143,282,325,418,1092,566,828.68,287.94,780.8,system,NA,0.258,2.83,79.61,127.04,-43.83,99.11,0.0
Human Dominant_43,R1,2026-09-09T09:52:06.556550Z,behavior_monitor,13,1154,366,388,407,1131,566,766.9,201.47,759.59,system,NA,0.208,2.83,79.61,136.58,22.64,0.0,0.0
Human Dominant_43,R1,2026-09-09T09:52:07.068863Z,behavior_monitor,13,1172,449,447,445,1149,566,724.15,118.82,712.0,system,NA,0.141,2.83,79.61,140.11,35.91,99.11,0.0
Human Dominant_43,R1,2026-09-09T09:52:07.578540Z,behavior_monitor,13,1185,533,484,453,1161,566,705.6,40.87,686.59,system,NA,0.055,2.83,79.61,0.0,-90.0,0.0,0.0
Human Dominant_43,R1,2026-09-09T09:52:07.765070Z,shot_hit,13,1200,563,484,453,1174,566,724.94,25.94,699.89,agent,NA,0.035,2.83,51.08,0.0,-90.0,99.11,0.0
Human Dominant_43,R1,2026-09-09T09:52:07.765642Z,flight_spawn,14,843,-20,484,453,1174,566,594.54,673.92,699.89,system,NA,0.531,3.42,125.73,0.0,-90.0,99.11,0.0
Human Dominant_43,R1,2026-09-09T09:52:10.232747Z,human_signal,14,610,233,524,453,1077,567,236.76,574.81,564.61,human,i_can,0.708,3.42,27.94,129.41,0.0,76.24,180.0
Human Dominant_43,R1,2026-09-09T09:52:10.248503Z,behavior_monitor,14,610,233,524,453,1076,567,236.76,574.02,563.65,system,NA,0.708,3.42,27.94,129.41,0.0,57.18,180.0
Human Dominant_43,R1,2026-09-09T09:52:10.760498Z,behavior_monitor,14,685,297,590,453,1048,567,183.09,452.18,471.11,system,NA,0.712,3.42,51.14,129.41,0.0,57.18,180.0
Human Dominant_43,R1,2026-09-09T09:52:11.270415Z,behavior_monitor,14,753,372,656,453,1034,567,126.26,342.23,394.3,system,NA,0.73,3.42,29.69,129.41,0.0,0.0,180.0
Human Dominant_43,R1,2026-09-09T09:52:11.780021Z,behavior_monitor,14,844,423,722,453,1034,567,125.7,238.59,331.92,system,NA,0.655,3.42,29.69,129.41,0.0,0.0,38.05
Human Dominant_43,R1,2026-09-09T09:52:12.289990Z,behavior_monitor,14,936,464,788,453,1005,565,148.65,122.19,243.81,system,NA,0.451,3.42,1.44,127.67,0.0,76.24,180.0
Human Dominant_43,R1,2026-09-09T09:52:12.391989Z,human_signal,14,956,464,796,453,997,566,160.24,109.43,230.76,human,your_turn,0.406,3.42,1.44,63.09,0.0,76.24,180.0
Human Dominant_43,R1,2026-09-09T09:52:12.392422Z,human_signal,14,960,465,796,453,997,566,164.32,107.85,230.76,human,your_turn,0.396,3.42,1.44,0.0,0.0,76.24,180.0
Human Dominant_43,R1,2026-09-09T09:52:12.800655Z,behavior_monitor,14,1033,480,796,453,994,565,239.09,93.76,227.78,system,NA,0.282,3.42,19.47,0.0,0.0,99.11,0.0
Human Dominant_43,R1,2026-09-09T09:52:13.310499Z,behavior_monitor,14,1129,505,796,453,1045,565,337.66,104.17,272.76,system,NA,0.236,3.42,23.81,0.0,0.0,90.35,-1.45
Human Dominant_43,R1,2026-09-09T09:52:13.820462Z,behavior_monitor,14,1206,563,796,453,1095,565,424.61,111.02,319.54,system,NA,0.207,3.42,56.96,0.0,0.0,99.11,0.0
Human Dominant_43,R1,2026-09-09T09:52:14.330050Z,behavior_monitor,14,1291,617,796,453,1146,612,521.64,145.18,384.24,system,NA,0.218,3.42,18.82,0.0,0.0,99.11,0.0
Human Dominant_43,R1,2026-09-09T09:52:14.839751Z,behavior_monitor,14,1392,647,796,453,1197,642,626.56,194.64,443.6,system,NA,0.237,3.42,6.55,0.0,0.0,99.11,0.0
Human Dominant_43,R1,2026-09-09T09:52:15.352577Z,behavior_monitor,14,1427,669,796,453,1247,664,666.66,179.36,498.33,system,NA,0.212,2.09,167.41,0.0,0.0,104.41,14.76
Human Dominant_43,R1,2026-09-09T09:52:15.863181Z,behavior_monitor,14,1379,703,796,453,1297,698,634.96,82.14,558.36,system,NA,0.115,2.09,116.16,0.0,0.0,169.61,54.25
Human Dominant_43,R1,2026-09-09T09:52:16.270236Z,shot_hit,14,1357,750,796,453,1336,745,634.88,21.37,614.22,agent,NA,0.033,2.09,116.16,0.0,0.0,137.65,90.0
Human Dominant_43,R1,2026-09-09T09:52:16.270758Z,flight_spawn,15,1211,-20,796,453,1336,745,630.06,775.98,614.22,system,NA,0.552,2.83,135.0,0.0,0.0,137.65,90.0
Human Dominant_43,R1,2026-09-09T09:52:19.538242Z,human_signal,15,836,285,793,437,1177,565,158.09,440.82,404.68,human,i_can,0.736,2.83,96.68,0.0,-90.0,76.24,180.0
Human Dominant_43,R1,2026-09-09T09:52:19.555568Z,behavior_monitor,15,836,285,793,437,1176,565,158.09,440.07,403.75,system,NA,0.736,2.83,96.68,0.0,-90.0,57.18,180.0
Human Dominant_43,R1,2026-09-09T09:52:20.062766Z,behavior_monitor,15,790,357,793,437,1146,565,80.0,412.39,376.07,system,NA,0.838,2.83,122.93,0.0,-90.0,57.18,180.0
Human Dominant_43,R1,2026-09-09T09:52:20.542105Z,shot_hit,15,748,417,760,437,1133,565,23.73,412.43,393.94,human,NA,0.946,2.83,153.24,32.43,180.0,0.0,180.0
Human Dominant_43,R1,2026-09-09T09:52:20.543134Z,flight_spawn,16,506,-20,760,437,1133,565,523.87,858.17,393.94,system,NA,0.621,2.83,45.0,32.43,180.0,0.0,180.0
Human Dominant_43,R1,2026-09-09T09:52:21.851802Z,human_signal,16,449,133,666,437,1058,565,373.49,747.04,413.1,human,i_can,0.667,2.83,178.71,52.38,180.0,76.24,180.0
Human Dominant_43,R1,2026-09-09T09:52:21.867923Z,behavior_monitor,16,449,133,666,437,1057,565,373.49,746.25,412.17,system,NA,0.666,2.83,178.71,0.0,180.0,57.18,180.0
Human Dominant_43,R1,2026-09-09T09:52:22.379597Z,behavior_monitor,16,370,153,636,437,1028,565,388.99,776.49,412.89,system,NA,0.666,2.83,174.84,129.41,180.0,57.18,180.0
Human Dominant_43,R1,2026-09-09T09:52:22.889690Z,behavior_monitor,16,284,161,570,437,1015,565,397.5,834.92,462.99,system,NA,0.677,2.83,174.84,137.5,180.0,0.0,180.0
Human Dominant_43,R1,2026-09-09T09:52:23.401627Z,behavior_monitor,16,199,176,504,437,1013,565,401.44,902.37,525.24,system,NA,0.692,2.83,170.15,129.41,180.0,76.24,180.0
Human Dominant_43,R1,2026-09-09T09:52:23.911604Z,behavior_monitor,16,112,192,438,437,974,565,407.51,939.16,551.31,system,NA,0.697,2.83,160.51,129.41,180.0,76.24,180.0
Human Dominant_43,R1,2026-09-09T09:52:24.420195Z,behavior_monitor,16,28,209,372,437,934,566,412.37,973.81,577.12,system,NA,0.703,2.83,170.79,128.06,180.0,76.24,180.0
Human Dominant_43,R1,2026-09-09T09:52:24.930214Z,behavior_monitor,16,56,233,369,437,896,565,374.22,903.3,541.77,system,NA,0.707,1.74,16.02,0.0,180.0,76.24,180.0
Human Dominant_43,R1,2026-09-09T09:52:25.438195Z,behavior_monitor,16,96,264,369,437,857,564,323.98,817.8,503.37,system,NA,0.716,1.74,44.44,0.0,180.0,77.04,-159.38
Human Dominant_43,R1,2026-09-09T09:52:25.948797Z,behavior_monitor,16,133,300,340,437,818,563,247.72,733.83,495.03,system,NA,0.748,1.74,44.44,122.22,180.0,72.0,180.0
Human Dominant_43,R1,2026-09-09T09:52:26.464651Z,behavior_monitor,16,166,339,279,427,779,564,143.16,653.33,518.91,system,NA,0.82,1.74,66.25,112.38,-146.11,76.24,180.0
Human Dominant_43,R1,2026-09-09T09:52:27.281901Z,shot_hit,16,173,420,179,415,717,564,7.86,562.57,558.54,human,NA,0.986,1.74,65.78,129.41,180.0,76.24,180.0
Human Dominant_43,R1,2026-09-09T09:52:27.282344Z,flight_spawn,17,1322,-20,179,415,717,564,1223.66,841.6,558.54,system,NA,0.408,2.85,134.52,129.41,180.0,76.24,180.0
Human Dominant_43,R1,2026-09-09T09:52:29.936965Z,human_signal,17,952,182,252,417,861,564,738.16,393.07,626.56,human,your_turn,0.347,2.85,124.67,0.0,0.0,76.24,0.0
Human Dominant_43,R1,2026-09-09T09:52:29.937601Z,behavior_monitor,17,952,182,252,417,861,564,738.16,393.07,626.56,system,NA,0.347,2.85,124.67,0.0,0.0,76.24,0.0
Human Dominant_43,R1,2026-09-09T09:52:29.938252Z,human_signal,17,951,184,252,417,861,564,736.6,390.59,626.56,human,your_turn,0.347,2.85,124.67,0.0,0.0,76.24,0.0
Human Dominant_43,R1,2026-09-09T09:52:30.448726Z,behavior_monitor,17,930,260,252,417,908,564,696.35,304.77,672.53,system,NA,0.304,2.85,95.31,0.0,0.0,0.0,138.92
Human Dominant_43,R1,2026-09-09T09:52:30.961121Z,behavior_monitor,17,879,327,252,417,868,564,633.7,236.36,633.49,system,NA,0.272,2.85,93.35,0.0,0.0,99.11,180.0
Human Dominant_43,R1,2026-09-09T09:52:31.471112Z,behavior_monitor,17,839,396,252,417,831,563,587.28,166.92,597.0,system,NA,0.221,2.85,142.47,0.0,0.0,99.11,180.0
Human Dominant_43,R1,2026-09-09T09:52:31.982242Z,behavior_monitor,17,762,431,252,417,779,563,510.51,133.04,547.59,system,NA,0.207,2.85,164.32,0.0,0.0,99.11,180.0
Human Dominant_43,R1,2026-09-09T09:52:32.489973Z,behavior_monitor,17,683,455,252,417,729,562,433.39,116.69,499.2,system,NA,0.212,2.85,144.86,0.0,0.0,99.11,180.0
Human Dominant_43,R1,2026-09-09T09:52:33.002564Z,behavior_monitor,17,615,503,252,417,679,562,373.02,87.56,451.1,system,NA,0.19,2.85,171.63,0.0,0.0,99.11,180.0
Human Dominant_43,R1,2026-09-09T09:52:33.512057Z,behavior_monitor,17,534,520,244,417,628,562,308.07,103.28,411.1,system,NA,0.251,2.85,163.61,90.51,180.0,99.11,180.0
Human Dominant_43,R1,2026-09-09T09:52:34.024023Z,behavior_monitor,17,453,540,196,440,578,563,275.92,126.88,401.15,system,NA,0.315,2.85,171.32,135.56,72.68,99.11,180.0
Human Dominant_43,R1,2026-09-09T09:52:34.536108Z,behavior_monitor,17,370,566,210,505,528,563,171.12,157.6,322.49,system,NA,0.479,2.85,165.52,129.41,90.0,99.11,180.0
Human Dominant_43,R1,2026-09-09T09:52:34.620993Z,human_signal,17,351,570,210,518,519,565,150.39,167.81,312.4,human,i_can,0.527,2.85,168.31,129.41,90.0,99.11,180.0
Human Dominant_43,R1,2026-09-09T09:52:35.045242Z,behavior_monitor,17,294,596,214,571,495,585,84.09,201.88,282.16,system,NA,0.706,2.85,112.1,149.0,57.49,97.85,125.75
Human Dominant_43,R1,2026-09-09T09:52:35.555123Z,behavior_monitor,17,252,668,253,629,475,613,39.25,230.29,222.61,system,NA,0.854,2.85,133.76,129.41,90.0,0.0,125.75
Human Dominant_43,R1,2026-09-09T09:52:35.640176Z,shot_miss,17,243,679,253,640,475,613,40.04,242.05,223.68,human,NA,0.858,2.85,133.76,129.41,90.0,0.0,125.75
Human Dominant_43,R1,2026-09-09T09:52:36.064941Z,behavior_monitor,17,194,730,240,695,465,626,58.08,290.57,235.48,system,NA,0.833,2.85,133.76,142.4,117.36,130.47,125.75
Human Dominant_43,R1,2026-09-09T09:52:36.574372Z,behavior_monitor,17,134,789,206,759,426,681,78.29,311.87,233.68,system,NA,0.799,2.85,131.21,141.72,120.21,130.47,125.75
Human Dominant_43,R1,2026-09-09T09:52:37.085573Z,behavior_monitor,17,98,865,158,807,387,735,83.21,317.38,240.71,system,NA,0.792,2.85,136.08,134.21,105.38,130.47,125.75
Human Dominant_43,R1,2026-09-09T09:52:37.598324Z,behavior_monitor,17,56,940,142,825,378,747,144.0,375.73,248.83,system,NA,0.723,2.85,113.19,129.41,-90.0,130.47,125.75
Human Dominant_43,R1,2026-09-09T09:52:37.666140Z,flight_missed,17,52,953,142,814,372,756,165.72,375.12,237.04,system,NA,0.694,2.85,113.19,129.41,-90.0,130.47,125.75
Human Dominant_43,R1,2026-09-09T09:52:37.667236Z,flight_spawn,18,805,-20,142,814,372,756,1065.82,889.49,237.04,system,NA,0.455,3.2,128.72,129.41,-90.0,130.47,125.75
Human Dominant_43,R1,2026-09-09T09:52:39.754520Z,human_signal,18,715,341,142,574,510,565,618.42,303.44,368.37,human,your_turn,0.329,3.2,134.85,0.0,-90.0,130.47,-54.25
Human Dominant_43,R1,2026-09-09T09:52:39.755183Z,behavior_monitor,18,715,341,142,574,510,565,618.42,303.44,368.37,system,NA,0.329,3.2,134.85,0.0,-90.0,76.24,0.0
Human Dominant_43,R1,2026-09-09T09:52:39.755611Z,human_signal,18,712,344,142,574,510,565,615.52,300.27,368.37,human,your_turn,0.328,3.2,134.85,0.0,-90.0,76.24,0.0
Human Dominant_43,R1,2026-09-09T09:52:40.263484Z,behavior_monitor,18,688,428,142,574,561,566,565.22,186.6,419.84,system,NA,0.248,3.2,59.34,0.0,-90.0,99.11,0.0
Human Dominant_43,R1,2026-09-09T09:52:40.773144Z,behavior_monitor,18,729,513,154,536,612,565,575.93,127.86,459.68,system,NA,0.182,3.2,96.58,137.76,-69.95,99.11,0.0
Human Dominant_43,R1,2026-09-09T09:52:41.249976Z,shot_hit,18,683,592,177,472,660,583,520.03,24.96,495.28,agent,NA,0.046,3.2,117.61,137.93,-69.76,169.61,54.25
Human Dominant_43,R1,2026-09-09T09:52:41.250579Z,flight_spawn,19,1193,-20,177,472,660,583,1129.15,805.77,495.28,system,NA,0.416,3.28,52.4,137.93,-69.76,169.61,54.25
Human Dominant_43,R1,2026-09-09T09:52:42.649213Z,human_signal,19,1343,180,223,424,741,566,1147.12,715.0,537.49,human,your_turn,0.384,3.28,36.07,0.0,-46.06,76.24,0.0
Human Dominant_43,R1,2026-09-09T09:52:42.650271Z,behavior_monitor,19,1343,180,223,424,741,566,1147.12,715.0,537.49,system,NA,0.384,3.28,36.07,0.0,-46.06,76.24,0.0
Human Dominant_43,R1,2026-09-09T09:52:42.650710Z,human_signal,19,1346,182,223,424,741,566,1149.42,716.29,537.49,human,your_turn,0.384,3.28,60.46,0.0,-46.06,76.24,0.0
Human Dominant_43,R1,2026-09-09T09:52:43.161493Z,behavior_monitor,19,1404,252,240,417,792,566,1176.23,688.12,571.58,system,NA,0.369,3.28,6.12,133.66,-22.47,99.11,0.0
Human Dominant_43,R1,2026-09-09T09:52:43.670511Z,behavior_monitor,19,1430,305,305,402,842,565,1128.87,641.89,561.79,system,NA,0.362,2.8,117.22,129.41,0.0,99.11,0.0
Human Dominant_43,R1,2026-09-09T09:52:44.180310Z,behavior_monitor,19,1393,380,359,419,893,565,1034.4,533.17,553.23,system,NA,0.34,2.8,117.22,58.89,90.0,99.11,0.0
Human Dominant_43,R1,2026-09-09T09:52:44.689890Z,behavior_monitor,19,1350,448,359,420,943,565,991.5,423.46,601.88,system,NA,0.299,2.8,116.44,0.0,90.0,99.11,0.0
Human Dominant_43,R1,2026-09-09T09:52:45.199324Z,behavior_monitor,19,1345,531,361,420,994,565,991.08,353.2,649.79,system,NA,0.263,2.8,93.38,76.94,0.0,98.03,17.26
Human Dominant_43,R1,2026-09-09T09:52:45.710235Z,behavior_monitor,19,1324,611,426,420,1044,603,918.66,280.04,645.22,system,NA,0.234,2.8,111.72,129.41,0.0,169.61,54.25
Human Dominant_43,R1,2026-09-09T09:52:46.222639Z,behavior_monitor,19,1293,689,492,420,1095,673,845.35,199.06,654.15,system,NA,0.191,2.8,111.72,129.41,0.0,169.61,54.25
Human Dominant_43,R1,2026-09-09T09:52:46.733818Z,behavior_monitor,19,1240,750,537,420,1145,743,776.15,94.77,688.72,system,NA,0.109,2.8,107.43,0.0,0.0,169.61,54.25
Human Dominant_43,R1,2026-09-09T09:52:47.108790Z,shot_hit,19,1201,800,542,427,1181,795,757.18,21.16,736.65,agent,NA,0.027,2.8,130.98,106.91,57.06,0.0,54.25
Human Dominant_43,R1,2026-09-09T09:52:47.109420Z,flight_spawn,20,1281,-20,542,427,1181,795,863.52,821.21,736.65,system,NA,0.487,3.01,48.36,106.91,57.06,0.0,54.25
Human Dominant_43,R1,2026-09-09T09:52:49.084980Z,human_signal,20,1308,286,613,465,1269,672,718.52,387.51,687.86,human,your_turn,0.35,3.01,28.76,0.0,0.0,130.47,-54.25
Human Dominant_43,R1,2026-09-09T09:52:49.085702Z,behavior_monitor,20,1308,286,613,465,1269,672,718.52,387.51,687.86,system,NA,0.35,3.01,28.76,0.0,0.0,130.47,-54.25
Human Dominant_43,R1,2026-09-09T09:52:49.086317Z,human_signal,20,1311,288,613,465,1269,672,720.16,386.28,687.86,human,your_turn,0.349,3.01,28.76,0.0,0.0,130.47,-54.25
Human Dominant_43,R1,2026-09-09T09:52:49.596629Z,behavior_monitor,20,1395,294,613,465,1319,601,801.01,316.06,719.25,system,NA,0.283,3.01,1.78,0.0,0.0,169.61,-54.25
Human Dominant_43,R1,2026-09-09T09:52:50.105622Z,behavior_monitor,20,1428,315,613,465,1370,566,829.07,257.79,763.83,system,NA,0.237,2.11,167.08,0.0,0.0,99.11,0.0
Human Dominant_43,R1,2026-09-09T09:52:50.615471Z,behavior_monitor,20,1369,328,646,465,1356,566,735.02,238.65,717.16,system,NA,0.245,2.11,168.67,129.41,0.0,99.11,180.0
Human Dominant_43,R1,2026-09-09T09:52:51.124588Z,behavior_monitor,20,1306,341,635,465,1306,566,682.67,224.34,678.56,system,NA,0.247,2.11,163.96,129.41,180.0,99.11,180.0
Human Dominant_43,R1,2026-09-09T09:52:51.635504Z,behavior_monitor,20,1243,361,569,465,1255,566,682.3,206.04,693.93,system,NA,0.232,2.11,158.46,129.41,180.0,99.11,180.0
Human Dominant_43,R1,2026-09-09T09:52:52.144356Z,behavior_monitor,20,1183,378,541,465,1204,566,648.16,189.24,671.55,system,NA,0.226,2.11,177.41,0.0,180.0,99.11,180.0
Human Dominant_43,R1,2026-09-09T09:52:52.655405Z,behavior_monitor,20,1126,389,488,463,1154,566,641.38,179.24,673.48,system,NA,0.218,2.11,148.77,109.89,-148.65,99.11,180.0
Human Dominant_43,R1,2026-09-09T09:52:53.163244Z,behavior_monitor,20,1070,422,485,434,1103,566,585.09,147.5,631.84,system,NA,0.201,2.11,178.28,0.0,-90.0,105.3,180.0
Human Dominant_43,R1,2026-09-09T09:52:53.673606Z,behavior_monitor,20,1008,433,478,434,1053,566,529.9,140.25,589.45,system,NA,0.209,2.11,171.19,129.41,180.0,99.11,180.0
Human Dominant_43,R1,2026-09-09T09:52:56.206489Z,shot_hit,20,770,566,462,487,800,565,318.89,29.37,347.11,agent,NA,0.084,2.11,76.91,0.0,90.0,99.11,180.0
Human Dominant_43,R2,2026-09-09T09:53:02.401704Z,flight_spawn,1,939,-20,462,487,800,565,696.51,601.82,347.11,system,NA,0.464,3.12,50.14,0.0,90.0,0.0,180.0
Human Dominant_43,R2,2026-09-09T09:53:06.960445Z,human_signal,1,1095,190,1075,628,446,645,438.07,792.26,628.99,human,i_can,0.644,3.12,128.34,133.59,-104.37,112.54,-51.9
Human Dominant_43,R2,2026-09-09T09:53:06.977260Z,behavior_monitor,1,1095,190,1075,628,447,643,438.07,790.69,627.99,system,NA,0.643,3.12,128.34,133.54,-104.28,97.85,-54.25
Human Dominant_43,R2,2026-09-09T09:53:07.489853Z,behavior_monitor,1,1026,252,1050,565,476,603,314.27,652.47,575.52,system,NA,0.675,3.12,120.84,138.19,-145.82,97.85,-54.25
Human Dominant_43,R2,2026-09-09T09:53:08.000878Z,behavior_monitor,1,1009,341,995,525,490,585,184.72,573.54,507.92,system,NA,0.756,3.12,96.94,136.72,-117.61,31.52,-52.13
Human Dominant_43,R2,2026-09-09T09:53:08.512825Z,behavior_monitor,1,979,428,984,461,491,585,33.7,513.36,508.64,system,NA,0.938,3.12,91.73,136.04,-72.04,0.0,-104.22
Human Dominant_43,R2,2026-09-09T09:53:08.597740Z,shot_hit,1,979,444,986,450,494,579,10.38,502.77,508.58,human,NA,0.98,3.12,91.73,133.41,-75.93,130.47,-54.25
Human Dominant_43,R2,2026-09-09T09:53:08.598469Z,flight_spawn,2,731,-20,986,450,494,579,535.68,644.93,508.58,system,NA,0.546,3.29,52.6,133.41,-75.93,130.47,-54.25
Human Dominant_43,R2,2026-09-09T09:53:10.556150Z,human_signal,2,990,220,991,436,624,565,215.82,502.73,388.76,human,i_can,0.7,3.29,53.4,129.41,0.0,76.24,0.0
Human Dominant_43,R2,2026-09-09T09:53:10.572893Z,behavior_monitor,2,990,220,991,436,625,565,215.82,502.02,387.84,system,NA,0.699,3.29,53.4,129.41,0.0,57.18,0.0
Human Dominant_43,R2,2026-09-09T09:53:11.082606Z,behavior_monitor,2,1065,286,1027,417,654,565,136.41,496.46,401.59,system,NA,0.784,3.29,33.17,72.79,-57.24,57.18,0.0
Human Dominant_43,R2,2026-09-09T09:53:11.593520Z,behavior_monitor,2,1146,328,1090,414,668,565,103.04,533.64,447.85,system,NA,0.838,3.29,21.22,129.41,0.0,0.0,-29.7
Human Dominant_43,R2,2026-09-09T09:53:12.104802Z,behavior_monitor,2,1237,364,1156,414,667,566,95.13,604.31,511.86,system,NA,0.864,3.29,21.22,129.41,0.0,0.0,174.49
Human Dominant_43,R2,2026-09-09T09:53:12.614698Z,behavior_monitor,2,1320,416,1221,432,699,566,100.46,638.85,538.73,system,NA,0.864,3.29,47.14,136.45,24.14,76.24,0.0
Human Dominant_43,R2,2026-09-09T09:53:13.125546Z,behavior_monitor,2,1392,482,1283,464,738,566,110.79,659.32,553.99,system,NA,0.856,3.29,25.79,137.29,36.35,76.24,0.0
Human Dominant_43,R2,2026-09-09T09:53:13.636375Z,behavior_monitor,2,1446,555,1289,528,777,566,159.79,669.44,513.23,system,NA,0.807,2.84,116.0,129.41,90.0,76.24,0.0
Human Dominant_43,R2,2026-09-09T09:53:14.146329Z,behavior_monitor,2,1403,632,1309,593,816,609,102.12,587.58,493.2,system,NA,0.852,2.84,116.0,137.74,62.64,130.47,54.25
Human Dominant_43,R2,2026-09-09T09:53:14.657220Z,behavior_monitor,2,1402,715,1331,658,856,664,90.75,548.47,475.77,system,NA,0.858,2.84,72.79,134.76,73.79,130.47,54.25
Human Dominant_43,R2,2026-09-09T09:53:15.168060Z,behavior_monitor,2,1415,796,1350,724,895,718,97.22,526.2,455.38,system,NA,0.844,2.84,64.65,134.3,74.49,130.47,54.25
Human Dominant_43,R2,2026-09-09T09:53:17.125254Z,flight_missed,2,1292,952,1369,682,1043,910,280.72,252.41,397.45,system,NA,0.473,2.19,170.6,136.13,-113.86,76.24,0.0
Human Dominant_43,R2,2026-09-09T09:53:17.126395Z,flight_spawn,3,661,-20,1369,682,1043,910,996.85,1005.43,397.45,system,NA,0.502,3.19,51.23,136.13,-113.86,76.24,0.0
Human Dominant_43,R2,2026-09-09T09:53:20.559433Z,shot_hit,3,1051,411,1030,422,943,581,23.73,201.32,181.09,human,NA,0.895,3.19,22.0,136.87,-71.0,130.47,-54.25
Human Dominant_43,R2,2026-09-09T09:53:20.560900Z,flight_spawn,4,904,-20,1030,422,943,581,459.99,602.65,181.09,system,NA,0.567,3.19,51.2,136.87,-71.0,130.47,-54.25
Human Dominant_43,R2,2026-09-09T09:53:21.971761Z,human_signal,4,1037,199,1151,407,1008,567,237.4,368.67,214.22,human,i_can,0.608,3.19,97.98,133.45,14.14,76.24,0.0
Human Dominant_43,R2,2026-09-09T09:53:21.988143Z,behavior_monitor,4,1037,199,1151,407,1009,567,237.4,368.6,213.57,system,NA,0.608,3.19,97.98,133.59,14.38,57.18,0.0
Human Dominant_43,R2,2026-09-09T09:53:22.499563Z,behavior_monitor,4,1010,289,1138,412,993,566,177.32,277.28,211.63,system,NA,0.61,3.19,97.31,32.6,180.0,0.0,180.0
Human Dominant_43,R2,2026-09-09T09:53:23.013271Z,behavior_monitor,4,928,328,1137,412,982,566,225.04,244.01,219.12,system,NA,0.52,3.19,162.05,0.0,180.0,0.0,47.69
Human Dominant_43,R2,2026-09-09T09:53:23.030601Z,human_signal,4,925,329,1137,412,982,566,227.75,243.8,219.12,human,your_turn,0.517,3.19,162.05,0.0,180.0,0.0,47.69
Human Dominant_43,R2,2026-09-09T09:53:23.031084Z,human_signal,4,922,330,1137,412,982,566,230.15,243.55,219.12,human,your_turn,0.514,3.19,162.05,0.0,180.0,0.0,47.69
Human Dominant_43,R2,2026-09-09T09:53:23.527570Z,behavior_monitor,4,838,357,1137,412,933,566,303.79,229.89,256.09,system,NA,0.431,3.19,168.34,0.0,180.0,99.11,180.0
Human Dominant_43,R2,2026-09-09T09:53:24.037346Z,behavior_monitor,4,783,430,1097,396,882,567,315.36,168.77,274.24,system,NA,0.349,3.19,98.12,135.85,-156.92,99.11,180.0
Human Dominant_43,R2,2026-09-09T09:53:24.547612Z,behavior_monitor,4,773,524,1031,381,832,564,295.62,71.6,270.99,system,NA,0.195,3.19,68.94,129.41,180.0,99.11,180.0
Human Dominant_43,R2,2026-09-09T09:53:24.837632Z,shot_hit,4,775,580,1006,382,801,572,304.24,27.34,279.51,agent,NA,0.082,3.19,97.98,0.0,90.0,169.61,125.75
Human Dominant_43,R2,2026-09-09T09:53:24.838778Z,flight_spawn,5,1403,-20,1006,382,801,572,564.84,844.15,279.51,system,NA,0.599,2.83,45.0,0.0,90.0,169.61,125.75
Human Dominant_43,R2,2026-09-09T09:53:28.059458Z,human_signal,5,1294,334,1199,424,1015,563,131.37,361.09,230.27,human,i_can,0.733,2.33,117.47,128.99,0.0,76.24,0.0
Human Dominant_43,R2,2026-09-09T09:53:28.076155Z,behavior_monitor,5,1294,334,1199,424,1016,563,131.37,360.34,229.5,system,NA,0.733,2.33,117.47,75.05,0.0,57.18,0.0
Human Dominant_43,R2,2026-09-09T09:53:28.587401Z,behavior_monitor,5,1261,392,1220,431,1045,564,56.22,276.37,220.38,system,NA,0.831,2.33,164.26,135.86,23.6,57.18,0.0
Human Dominant_43,R2,2026-09-09T09:53:29.097878Z,behavior_monitor,5,1193,411,1218,429,1058,564,30.87,203.78,209.14,system,NA,0.868,2.33,164.26,129.41,180.0,0.0,0.0
Human Dominant_43,R2,2026-09-09T09:53:29.131657Z,shot_miss,5,1189,413,1214,429,1058,564,30.4,199.74,205.79,human,NA,0.868,2.33,164.26,129.41,180.0,0.0,0.0
Human Dominant_43,R2,2026-09-09T09:53:29.607861Z,behavior_monitor,5,1125,424,1152,429,1078,564,28.07,147.2,153.86,system,NA,0.84,2.33,172.84,129.41,180.0,76.24,0.0
Human Dominant_43,R2,2026-09-09T09:53:30.063912Z,shot_miss,5,1062,436,1093,429,1062,564,31.61,128.18,138.13,human,NA,0.802,2.33,170.89,137.5,180.0,81.0,180.0
Human Dominant_43,R2,2026-09-09T09:53:30.114783Z,behavior_monitor,5,1055,437,1086,429,1059,564,31.82,127.11,137.56,system,NA,0.8,2.33,170.89,129.41,180.0,76.24,180.0
Human Dominant_43,R2,2026-09-09T09:53:30.624408Z,behavior_monitor,5,996,468,1021,437,1020,564,39.61,98.67,126.69,system,NA,0.714,2.33,122.98,151.46,140.59,76.24,180.0
Human Dominant_43,R2,2026-09-09T09:53:30.881694Z,shot_miss,5,988,502,1012,469,1001,564,41.04,63.7,96.21,human,NA,0.608,2.33,95.76,129.41,90.0,76.24,180.0
Human Dominant_43,R2,2026-09-09T09:53:31.018347Z,conflict,5,991,522,1012,488,989,564,39.8,41.77,79.05,system,NA,0.512,2.33,74.93,129.41,90.0,76.24,180.0
Human Dominant_43,R2,2026-09-09T09:53:31.137337Z,behavior_monitor,5,992,536,1012,488,989,564,51.2,28.45,79.05,system,NA,0.357,2.33,74.93,0.0,90.0,0.0,180.0
Human Dominant_43,R2,2026-09-09T09:53:31.529386Z,shot_hit,5,999,590,1012,487,987,566,103.49,26.9,82.31,agent,NA,0.206,2.33,126.11,0.0,90.0,0.0,180.0
Human Dominant_43,R2,2026-09-09T09:53:31.531936Z,flight_spawn,6,311,-20,1012,487,987,566,865.83,894.81,82.31,system,NA,0.508,3.59,56.18,0.0,90.0,0.0,180.0
Human Dominant_43,R2,2026-09-09T09:53:34.066392Z,human_signal,6,556,310,971,393,833,566,422.73,377.19,220.9,human,your_turn,0.472,3.59,95.47,0.0,-90.0,76.24,180.0
Human Dominant_43,R2,2026-09-09T09:53:34.067463Z,behavior_monitor,6,556,310,971,393,833,566,422.73,377.19,220.9,system,NA,0.472,3.59,95.47,0.0,-90.0,76.24,180.0
Human Dominant_43,R2,2026-09-09T09:53:34.067882Z,human_signal,6,556,314,971,393,833,566,422.29,374.96,220.9,human,your_turn,0.47,3.59,95.47,0.0,-90.0,76.24,180.0
Human Dominant_43,R2,2026-09-09T09:53:34.577938Z,behavior_monitor,6,485,387,971,393,783,566,485.51,347.51,255.38,system,NA,0.417,3.59,145.31,0.0,-90.0,99.11,180.0
Human Dominant_43,R2,2026-09-09T09:53:35.089230Z,behavior_monitor,6,410,459,971,393,732,566,564.63,339.67,294.79,system,NA,0.376,3.59,145.28,0.0,-90.0,99.11,180.0
Human Dominant_43,R2,2026-09-09T09:53:35.596653Z,behavior_monitor,6,321,521,971,393,682,567,662.4,364.02,337.07,system,NA,0.355,3.59,145.28,0.0,-90.0,99.11,180.0
Human Dominant_43,R2,2026-09-09T09:53:36.108042Z,behavior_monitor,6,224,561,959,430,631,565,747.12,407.48,354.64,system,NA,0.353,3.59,169.7,138.09,110.43,99.11,180.0
Human Dominant_43,R2,2026-09-09T09:53:36.619946Z,behavior_monitor,6,126,597,944,455,580,593,830.88,454.78,389.19,system,NA,0.354,3.59,149.14,75.85,-137.34,169.61,125.75
Human Dominant_43,R2,2026-09-09T09:53:37.130828Z,behavior_monitor,6,56,669,880,467,530,650,848.92,474.43,395.37,system,NA,0.359,3.59,121.42,138.9,155.75,169.61,125.75
Human Dominant_43,R2,2026-09-09T09:53:37.640961Z,behavior_monitor,6,21,762,815,493,480,720,838.58,460.75,404.84,system,NA,0.355,3.27,99.8,129.41,180.0,169.61,125.75
Human Dominant_43,R2,2026-09-09T09:53:38.151250Z,behavior_monitor,6,30,858,808,493,429,790,859.52,405.29,481.0,system,NA,0.32,3.24,84.08,0.0,180.0,169.61,125.75
Human Dominant_43,R2,2026-09-09T09:53:38.661346Z,behavior_monitor,6,36,942,808,493,378,860,892.97,351.67,565.02,system,NA,0.283,3.24,154.82,0.0,180.0,169.61,125.75
Human Dominant_43,R2,2026-09-09T09:53:38.763877Z,flight_missed,6,20,952,808,493,366,876,912.37,355.08,584.64,system,NA,0.28,2.23,38.08,0.0,180.0,169.61,125.75
Human Dominant_43,R2,2026-09-09T09:53:38.764859Z,flight_spawn,7,884,-20,808,493,366,876,519.3,1035.36,584.64,system,NA,0.666,3.52,124.59,0.0,180.0,169.61,125.75
Human Dominant_43,R2,2026-09-09T09:53:40.381477Z,human_signal,7,801,278,787,458,467,736,180.81,567.16,423.62,human,i_can,0.758,3.52,121.34,147.12,-50.36,130.47,-54.25
Human Dominant_43,R2,2026-09-09T09:53:40.398500Z,behavior_monitor,7,801,278,787,458,468,735,180.81,565.5,422.0,system,NA,0.758,3.52,121.34,144.29,-48.42,97.85,-54.25
Human Dominant_43,R2,2026-09-09T09:53:40.909729Z,behavior_monitor,7,715,342,775,456,498,695,129.35,414.93,365.4,system,NA,0.762,3.52,144.25,136.91,149.93,97.85,-54.25
Human Dominant_43,R2,2026-09-09T09:53:41.419374Z,behavior_monitor,7,614,376,710,470,511,676,133.8,317.23,286.19,system,NA,0.703,3.52,166.61,129.41,180.0,0.0,-149.16
Human Dominant_43,R2,2026-09-09T09:53:41.928425Z,behavior_monitor,7,513,400,644,470,511,676,147.46,275.57,244.75,system,NA,0.651,3.52,166.61,129.41,180.0,0.0,40.37
Human Dominant_43,R2,2026-09-09T09:53:42.438359Z,behavior_monitor,7,410,425,578,470,487,642,173.32,230.06,194.33,system,NA,0.57,3.52,166.61,129.41,180.0,130.47,-125.75
Human Dominant_43,R2,2026-09-09T09:53:42.948284Z,behavior_monitor,7,312,466,512,470,448,587,199.07,181.9,133.43,system,NA,0.477,3.52,171.9,129.41,180.0,130.47,-125.75
Human Dominant_43,R2,2026-09-09T09:53:43.458651Z,behavior_monitor,7,207,481,490,457,409,566,284.0,219.28,135.63,system,NA,0.436,3.52,171.9,129.41,180.0,76.24,180.0
Human Dominant_43,R2,2026-09-09T09:53:43.951400Z,human_signal,7,103,499,471,512,371,566,367.83,276.06,113.58,human,your_turn,0.429,3.52,165.97,124.77,90.0,76.24,180.0
Human Dominant_43,R2,2026-09-09T09:53:43.952559Z,human_signal,7,99,500,471,513,371,566,372.02,279.91,112.91,human,your_turn,0.429,3.52,165.97,85.02,90.0,76.24,180.0
Human Dominant_43,R2,2026-09-09T09:53:43.968165Z,behavior_monitor,7,99,500,471,513,369,566,372.02,278.27,114.4,system,NA,0.428,3.52,165.97,83.26,90.0,99.11,180.0
Human Dominant_43,R2,2026-09-09T09:53:44.478512Z,behavior_monitor,7,58,584,471,522,319,575,417.06,260.4,161.26,system,NA,0.384,3.52,64.03,0.0,90.0,169.61,125.75
Human Dominant_43,R2,2026-09-09T09:53:44.988805Z,behavior_monitor,7,111,679,471,525,268,645,391.13,160.06,236.02,system,NA,0.29,3.52,64.03,35.14,90.0,169.61,125.75
Human Dominant_43,R2,2026-09-09T09:53:45.497947Z,behavior_monitor,7,176,756,471,534,217,715,369.14,58.69,311.15,system,NA,0.137,3.52,60.6,0.0,90.0,169.61,125.75
Human Dominant_43,R2,2026-09-09T09:53:46.008885Z,behavior_monitor,7,198,858,471,534,177,785,423.88,76.3,386.29,system,NA,0.153,3.52,53.6,0.0,90.0,137.65,90.0
Human Dominant_43,R2,2026-09-09T09:53:46.467822Z,flight_missed,7,218,952,471,534,196,850,488.44,104.45,418.99,system,NA,0.176,3.52,82.85,0.0,90.0,137.65,90.0
Human Dominant_43,R2,2026-09-09T09:53:46.468557Z,flight_spawn,8,596,-20,471,534,196,850,568.67,958.5,418.99,system,NA,0.628,3.42,54.18,0.0,90.0,137.65,90.0
Human Dominant_43,R2,2026-09-09T09:53:48.615233Z,human_signal,8,820,339,643,433,305,700,200.43,628.34,430.21,human,i_can,0.758,3.42,62.64,129.41,0.0,130.47,-54.25
Human Dominant_43,R2,2026-09-09T09:53:48.631793Z,behavior_monitor,8,820,339,643,433,306,698,200.43,626.77,428.61,system,NA,0.758,3.42,62.64,129.41,0.0,97.85,-54.25
Human Dominant_43,R2,2026-09-09T09:53:49.144462Z,behavior_monitor,8,883,408,708,440,336,658,177.92,601.2,431.08,system,NA,0.772,3.42,17.49,136.8,29.11,97.85,-54.25
Human Dominant_43,R2,2026-09-09T09:53:49.382159Z,human_signal,8,929,424,734,459,348,641,197.55,619.72,426.68,human,your_turn,0.758,3.42,38.5,138.07,40.63,97.85,-54.25
Human Dominant_43,R2,2026-09-09T09:53:49.382946Z,human_signal,8,931,426,736,461,348,641,198.01,621.02,427.44,human,your_turn,0.758,3.42,38.5,138.23,43.35,0.0,-54.25
Human Dominant_43,R2,2026-09-09T09:53:49.655032Z,behavior_monitor,8,974,458,759,488,375,603,217.09,616.1,400.68,system,NA,0.739,3.42,38.5,139.22,45.68,169.61,-54.25
Human Dominant_43,R2,2026-09-09T09:53:50.167376Z,behavior_monitor,8,1046,525,821,502,426,565,225.73,620.97,400.14,system,NA,0.733,3.42,39.12,129.41,0.0,99.11,0.0
Human Dominant_43,R2,2026-09-09T09:53:50.678256Z,behavior_monitor,8,1123,590,882,529,476,586,248.39,646.96,410.08,system,NA,0.723,3.42,39.12,137.96,37.63,169.61,54.25
Human Dominant_43,R2,2026-09-09T09:53:51.187601Z,behavior_monitor,8,1170,677,938,572,527,654,254.43,643.53,419.6,system,NA,0.717,3.42,68.86,137.96,37.63,169.61,54.25
Human Dominant_43,R2,2026-09-09T09:53:51.306874Z,human_signal,8,1180,700,951,582,538,670,257.05,641.94,422.08,human,your_turn,0.714,3.42,68.86,137.96,37.63,169.61,54.25
Human Dominant_43,R2,2026-09-09T09:53:51.307922Z,human_signal,8,1181,703,953,584,538,670,257.73,643.8,423.6,human,your_turn,0.714,3.42,68.86,137.96,37.63,169.61,54.25
Human Dominant_43,R2,2026-09-09T09:53:51.700951Z,behavior_monitor,8,1213,769,994,615,577,724,267.85,637.75,431.3,system,NA,0.704,3.42,48.44,138.15,34.75,169.61,54.25
Human Dominant_43,R2,2026-09-09T09:53:52.213783Z,behavior_monitor,8,1286,845,1054,653,627,794,300.72,660.15,449.06,system,NA,0.687,3.42,55.06,139.31,32.56,169.61,54.25
Human Dominant_43,R2,2026-09-09T09:53:52.725852Z,behavior_monitor,8,1326,937,1078,644,678,864,384.23,652.39,456.79,system,NA,0.629,3.42,78.44,101.35,-120.67,169.61,54.25
Human Dominant_43,R2,2026-09-09T09:53:52.811601Z,flight_missed,8,1341,952,1066,638,688,878,416.98,656.91,448.1,system,NA,0.612,3.42,28.26,129.77,-160.52,169.61,54.25
Human Dominant_43,R2,2026-09-09T09:53:52.812967Z,flight_spawn,9,591,-20,1066,638,688,878,811.8,904.01,448.1,system,NA,0.527,2.83,45.0,129.77,-160.52,169.61,54.25
Human Dominant_43,R2,2026-09-09T09:53:55.759888Z,human_signal,9,576,432,764,548,553,604,220.58,173.77,217.89,human,your_turn,0.441,2.83,60.24,37.82,0.0,105.88,-90.0
Human Dominant_43,R2,2026-09-09T09:53:55.760615Z,behavior_monitor,9,576,432,764,548,553,604,220.58,173.77,217.89,system,NA,0.441,2.83,60.24,33.59,0.0,105.88,-90.0
Human Dominant_43,R2,2026-09-09T09:53:55.761922Z,human_signal,9,577,435,764,548,553,604,218.0,171.54,217.89,human,your_turn,0.44,2.83,60.24,33.59,0.0,105.88,-90.0
Human Dominant_43,R2,2026-09-09T09:53:56.271655Z,behavior_monitor,9,623,502,764,548,597,565,148.16,67.59,167.38,system,NA,0.313,2.83,40.07,0.0,0.0,99.11,0.0
Human Dominant_43,R2,2026-09-09T09:53:56.782028Z,behavior_monitor,9,699,536,797,534,648,565,98.61,58.25,152.69,system,NA,0.371,2.83,38.56,138.56,-26.74,99.11,0.0
Human Dominant_43,R2,2026-09-09T09:53:57.020028Z,shot_miss,9,723,570,829,518,673,565,117.22,50.69,162.56,agent,NA,0.302,2.83,59.86,136.88,-24.9,99.11,0.0
Human Dominant_43,R2,2026-09-09T09:53:57.291629Z,behavior_monitor,9,744,606,847,531,698,600,127.67,46.61,164.52,system,NA,0.267,2.83,59.86,139.6,112.03,169.61,54.25
Human Dominant_43,R2,2026-09-09T09:53:57.308621Z,shot_miss,9,747,611,846,535,701,605,123.93,46.57,160.01,agent,NA,0.273,2.83,59.86,139.27,111.69,169.61,54.25
Human Dominant_43,R2,2026-09-09T09:53:57.547133Z,shot_miss,9,768,645,851,566,726,637,115.13,42.88,144.01,agent,NA,0.271,2.83,59.86,141.95,61.03,169.61,54.25
Human Dominant_43,R2,2026-09-09T09:53:57.802382Z,behavior_monitor,9,788,680,871,592,750,669,120.15,40.15,143.27,system,NA,0.25,2.83,59.86,139.49,47.69,163.34,43.1
Human Dominant_43,R2,2026-09-09T09:53:58.313588Z,behavior_monitor,9,833,753,920,644,800,739,139.72,35.54,152.91,system,NA,0.203,2.83,59.86,138.72,46.68,169.61,54.25
Human Dominant_43,R2,2026-09-09T09:53:58.821494Z,behavior_monitor,9,894,791,969,695,851,786,121.52,43.12,148.45,system,NA,0.262,2.83,21.48,138.72,46.68,99.11,0.0
Human Dominant_43,R2,2026-09-09T09:53:59.331136Z,behavior_monitor,9,972,821,1010,751,901,817,80.3,70.77,127.4,system,NA,0.468,2.83,2.93,138.7,68.91,99.11,0.0
Human Dominant_43,R2,2026-09-09T09:53:59.823899Z,shot_miss,9,1046,853,1024,814,950,849,44.74,96.05,81.52,human,NA,0.682,2.83,28.73,137.5,90.0,105.3,0.0
Human Dominant_43,R2,2026-09-09T09:53:59.825240Z,conflict,9,1049,855,1024,817,952,849,45.24,96.78,79.07,system,NA,0.681,2.83,28.73,129.41,90.0,169.61,54.25
Human Dominant_43,R2,2026-09-09T09:53:59.840803Z,behavior_monitor,9,1049,855,1024,817,952,849,45.24,96.78,79.07,system,NA,0.681,2.83,28.73,129.41,90.0,99.11,0.0
Human Dominant_43,R2,2026-09-09T09:54:00.349487Z,behavior_monitor,9,1101,915,1025,817,953,851,124.4,161.26,79.95,system,NA,0.565,2.83,80.47,48.88,0.0,156.76,68.9
Human Dominant_43,R2,2026-09-09T09:54:00.570828Z,flight_missed,9,1105,954,1025,811,976,884,164.02,146.42,88.84,system,NA,0.472,2.83,80.47,34.58,-90.0,169.61,54.25
Human Dominant_43,R2,2026-09-09T09:54:00.571584Z,flight_spawn,10,1143,-20,1025,811,976,884,839.28,920.17,88.84,system,NA,0.523,3.29,127.49,34.58,-90.0,169.61,54.25
Human Dominant_43,R2,2026-09-09T09:54:01.194496Z,conflict,10,1075,76,1023,774,1001,850,700.15,777.81,79.33,system,NA,0.526,3.29,127.49,66.82,-104.45,130.47,-54.25
Human Dominant_43,R2,2026-09-09T09:54:04.410232Z,shot_hit,10,935,646,1200,535,912,631,287.47,27.75,303.82,agent,NA,0.088,3.29,79.7,112.79,-62.83,130.47,54.25
Human Dominant_43,R2,2026-09-09T09:54:04.412261Z,flight_spawn,11,679,-20,1200,535,912,631,762.11,691.57,303.82,system,NA,0.476,3.19,51.12,112.79,-62.83,130.47,54.25
Human Dominant_43,R2,2026-09-09T09:54:06.901013Z,human_signal,11,1045,239,1148,534,917,565,312.84,350.71,232.54,human,i_can,0.529,3.19,2.72,0.0,180.0,76.24,0.0
Human Dominant_43,R2,2026-09-09T09:54:06.917819Z,behavior_monitor,11,1045,239,1148,534,918,565,312.84,350.36,231.58,system,NA,0.528,3.19,2.72,0.0,180.0,57.18,0.0
Human Dominant_43,R2,2026-09-09T09:54:07.429586Z,behavior_monitor,11,1140,260,1148,522,948,565,261.42,360.64,204.95,system,NA,0.58,3.19,4.83,76.38,-90.0,73.96,16.15
Human Dominant_43,R2,2026-09-09T09:54:07.940605Z,behavior_monitor,11,1234,285,1158,471,959,565,200.51,392.19,220.1,system,NA,0.662,3.19,4.93,63.02,-50.59,0.0,0.0
Human Dominant_43,R2,2026-09-09T09:54:08.452308Z,behavior_monitor,11,1319,321,1188,457,964,564,189.69,430.52,247.62,system,NA,0.694,3.19,24.15,136.21,-18.19,76.24,0.0
Human Dominant_43,R2,2026-09-09T09:54:08.962236Z,behavior_monitor,11,1411,360,1254,450,1003,564,181.54,456.41,275.31,system,NA,0.715,3.19,24.15,133.33,16.04,76.24,0.0
Human Dominant_43,R2,2026-09-09T09:54:09.473832Z,behavior_monitor,11,1429,406,1300,500,1042,564,159.2,417.69,266.04,system,NA,0.724,2.18,121.11,136.58,55.14,76.24,0.0
Human Dominant_43,R2,2026-09-09T09:54:09.984601Z,behavior_monitor,11,1389,446,1345,521,1081,565,87.04,330.05,267.57,system,NA,0.791,2.18,160.87,137.14,-19.33,76.24,0.0
Human Dominant_43,R2,2026-09-09T09:54:10.392576Z,shot_miss,11,1343,467,1368,483,1112,565,29.51,250.42,268.37,human,NA,0.895,2.18,139.57,129.41,-90.0,76.24,0.0
Human Dominant_43,R2,2026-09-09T09:54:10.494931Z,behavior_monitor,11,1334,476,1362,471,1120,565,28.53,231.5,259.61,system,NA,0.89,2.18,140.92,145.44,-144.41,76.24,0.0
Human Dominant_43,R2,2026-09-09T09:54:10.732997Z,shot_miss,11,1309,496,1331,469,1138,565,34.68,184.37,215.58,human,NA,0.842,2.18,140.92,133.5,165.79,76.24,0.0
Human Dominant_43,R2,2026-09-09T09:54:11.004320Z,behavior_monitor,11,1283,518,1320,501,1159,565,39.87,133.06,172.86,system,NA,0.769,2.18,140.92,129.41,90.0,76.24,0.0
Human Dominant_43,R2,2026-09-09T09:54:11.141002Z,shot_miss,11,1270,529,1315,519,1169,565,46.91,106.5,153.13,human,NA,0.694,2.18,140.92,138.61,111.56,76.24,0.0
Human Dominant_43,R2,2026-09-09T09:54:11.328219Z,shot_miss,11,1247,537,1302,541,1183,565,54.47,69.85,120.9,human,NA,0.562,2.18,169.41,139.12,127.45,76.55,-21.89
Human Dominant_43,R2,2026-09-09T09:54:11.516246Z,behavior_monitor,11,1223,541,1283,559,1197,565,62.45,34.93,86.17,system,NA,0.359,2.18,169.41,139.32,158.26,76.24,0.0
Human Dominant_43,R2,2026-09-09T09:54:11.687272Z,shot_hit,11,1199,546,1292,542,1188,565,92.79,21.6,105.78,agent,NA,0.189,2.18,169.41,138.32,-56.36,76.24,180.0
Human Dominant_43,R2,2026-09-09T09:54:11.688339Z,flight_spawn,12,599,-20,1292,542,1188,565,892.34,830.59,105.78,system,NA,0.482,3.53,124.46,138.32,-56.36,76.24,180.0
Human Dominant_43,R2,2026-09-09T09:54:15.277146Z,human_signal,12,65,417,932,476,966,563,868.97,913.49,93.39,human,your_turn,0.512,3.53,118.72,128.05,180.0,76.24,180.0
Human Dominant_43,R2,2026-09-09T09:54:15.279203Z,behavior_monitor,12,65,417,932,476,966,563,868.97,913.49,93.39,system,NA,0.512,3.53,118.72,128.05,180.0,76.24,180.0
Human Dominant_43,R2,2026-09-09T09:54:15.279724Z,human_signal,12,63,420,929,476,966,563,867.73,914.06,94.2,human,your_turn,0.513,3.53,118.72,128.05,180.0,76.24,180.0
Human Dominant_43,R2,2026-09-09T09:54:15.787847Z,behavior_monitor,12,36,486,869,481,916,563,833.49,883.61,94.61,system,NA,0.515,2.59,17.96,129.41,180.0,99.11,180.0
Human Dominant_43,R2,2026-09-09T09:54:16.298319Z,behavior_monitor,12,106,515,803,481,865,563,697.72,760.63,103.14,system,NA,0.522,2.59,44.37,129.41,180.0,99.11,180.0
Human Dominant_43,R2,2026-09-09T09:54:16.810438Z,behavior_monitor,12,175,552,737,481,815,563,566.97,640.64,113.58,system,NA,0.531,2.59,17.79,129.41,180.0,99.11,180.0
Human Dominant_43,R2,2026-09-09T09:54:17.321236Z,behavior_monitor,12,251,567,671,481,764,563,428.69,512.93,124.11,system,NA,0.545,2.59,34.32,129.41,180.0,99.11,180.0
Human Dominant_43,R2,2026-09-09T09:54:17.832433Z,behavior_monitor,12,311,614,605,481,713,610,322.9,402.27,168.53,system,NA,0.555,2.59,30.74,129.41,180.0,169.61,125.75
Human Dominant_43,R2,2026-09-09T09:54:18.344687Z,behavior_monitor,12,382,641,541,495,663,635,215.33,280.5,185.93,system,NA,0.566,2.59,25.71,141.25,140.89,99.11,180.0
Human Dominant_43,R2,2026-09-09T09:54:18.854976Z,behavior_monitor,12,453,675,504,553,613,670,132.18,160.16,160.06,system,NA,0.548,2.59,25.71,134.48,105.79,169.61,125.75
Human Dominant_43,R2,2026-09-09T09:54:19.366233Z,behavior_monitor,12,526,700,475,544,562,694,164.29,36.22,173.54,system,NA,0.181,2.59,23.24,122.22,-90.0,93.6,180.0
Human Dominant_43,R2,2026-09-09T09:54:19.468831Z,shot_hit,12,542,707,475,528,550,701,190.96,9.74,188.31,agent,NA,0.049,2.59,23.24,129.41,-90.0,99.11,180.0
Human Dominant_43,R2,2026-09-09T09:54:19.469836Z,flight_spawn,13,891,-20,475,528,550,701,688.36,798.08,188.31,system,NA,0.537,3.12,50.13,129.41,-90.0,99.11,180.0
Human Dominant_43,R2,2026-09-09T09:54:21.716908Z,human_signal,13,1026,344,696,418,695,566,338.16,397.46,147.52,human,your_turn,0.54,3.12,48.75,122.77,162.79,76.24,0.0
Human Dominant_43,R2,2026-09-09T09:54:21.717555Z,behavior_monitor,13,1026,344,696,418,695,566,338.16,397.46,147.52,system,NA,0.54,3.12,48.75,127.66,160.1,76.24,0.0
Human Dominant_43,R2,2026-09-09T09:54:21.717945Z,human_signal,13,1027,347,694,419,695,566,341.12,397.26,146.73,human,your_turn,0.538,3.12,48.75,127.66,160.1,76.24,0.0
Human Dominant_43,R2,2026-09-09T09:54:22.227421Z,behavior_monitor,13,1076,421,649,436,746,566,428.02,360.45,161.79,system,NA,0.457,3.12,73.01,43.76,0.0,99.11,0.0
Human Dominant_43,R2,2026-09-09T09:54:22.739814Z,behavior_monitor,13,1115,502,667,435,797,566,453.23,325.08,184.01,system,NA,0.418,3.12,45.94,138.41,125.09,99.11,0.0
Human Dominant_43,R2,2026-09-09T09:54:23.248654Z,behavior_monitor,13,1183,569,660,501,847,566,527.49,336.13,197.88,system,NA,0.389,3.12,45.94,129.41,90.0,99.11,0.0
Human Dominant_43,R2,2026-09-09T09:54:23.758369Z,behavior_monitor,13,1207,654,668,542,898,633,551.18,310.32,247.41,system,NA,0.36,3.12,119.87,44.73,0.0,169.61,54.25
Human Dominant_43,R2,2026-09-09T09:54:24.268720Z,behavior_monitor,13,1165,729,669,543,948,703,529.35,217.93,321.86,system,NA,0.292,3.12,165.02,39.43,90.0,169.61,54.25
Human Dominant_43,R2,2026-09-09T09:54:24.779589Z,behavior_monitor,13,1123,800,683,606,999,773,481.36,126.7,358.1,system,NA,0.208,3.12,99.24,135.73,72.44,169.61,54.25
Human Dominant_43,R2,2026-09-09T09:54:25.289265Z,behavior_monitor,13,1103,891,691,635,1050,844,484.66,70.98,414.86,system,NA,0.128,3.12,104.45,0.0,90.0,169.61,54.25
Human Dominant_43,R2,2026-09-09T09:54:25.681408Z,flight_missed,13,1063,952,691,634,1046,900,489.31,55.08,443.22,system,NA,0.101,3.12,103.9,0.0,90.0,169.61,125.75
Human Dominant_43,R2,2026-09-09T09:54:25.682064Z,flight_spawn,14,990,-20,691,634,1046,900,719.37,921.73,443.22,system,NA,0.562,2.83,135.0,0.0,90.0,169.61,125.75
Human Dominant_43,R2,2026-09-09T09:54:26.871657Z,human_signal,14,803,49,691,544,1013,855,506.79,832.36,447.79,human,i_can,0.622,2.83,148.49,0.0,-90.0,130.47,-125.75
Human Dominant_43,R2,2026-09-09T09:54:26.889002Z,behavior_monitor,14,803,49,691,544,1012,853,506.79,830.81,446.15,system,NA,0.621,2.83,148.49,0.0,-90.0,97.85,-125.75
Human Dominant_43,R2,2026-09-09T09:54:27.398222Z,behavior_monitor,14,724,76,691,529,983,813,453.68,780.49,407.1,system,NA,0.632,2.83,176.84,129.41,-90.0,97.85,-125.75
Human Dominant_43,R2,2026-09-09T09:54:27.908118Z,behavior_monitor,14,647,101,681,465,970,793,364.77,763.7,437.61,system,NA,0.677,2.83,158.25,119.5,-133.83,0.0,-51.6
Human Dominant_43,R2,2026-09-09T09:54:28.418009Z,behavior_monitor,14,560,110,676,453,962,783,362.14,784.52,437.18,system,NA,0.684,2.83,179.89,38.92,180.0,130.47,-125.75
Human Dominant_43,R2,2026-09-09T09:54:28.928659Z,behavior_monitor,14,479,135,616,453,923,730,345.9,741.92,413.29,system,NA,0.682,2.83,130.22,129.41,180.0,130.47,-125.75
Human Dominant_43,R2,2026-09-09T09:54:29.437389Z,behavior_monitor,14,424,200,550,453,884,676,282.59,662.5,402.04,system,NA,0.701,2.83,130.22,129.41,180.0,130.47,-125.75
Human Dominant_43,R2,2026-09-09T09:54:29.949869Z,behavior_monitor,14,348,224,484,458,844,622,270.88,636.1,395.8,system,NA,0.701,2.83,159.99,137.75,159.96,130.47,-125.75
Human Dominant_43,R2,2026-09-09T09:54:30.459633Z,behavior_monitor,14,272,248,420,489,806,568,283.37,622.28,393.01,system,NA,0.687,2.83,142.49,137.31,154.92,130.47,-125.75
Human Dominant_43,R2,2026-09-09T09:54:30.970675Z,behavior_monitor,14,216,314,355,510,767,566,240.6,606.44,416.13,system,NA,0.716,2.83,121.87,134.52,164.16,76.24,180.0
Human Dominant_43,R2,2026-09-09T09:54:31.479158Z,behavior_monitor,14,140,344,289,529,728,567,237.08,628.9,441.1,system,NA,0.726,2.83,175.24,134.45,164.27,76.24,180.0
Human Dominant_43,R2,2026-09-09T09:54:33.298953Z,shot_hit,14,120,415,106,429,589,565,19.71,492.37,501.55,human,NA,0.962,1.7,10.65,129.41,-90.0,76.24,180.0
Human Dominant_43,R2,2026-09-09T09:54:33.300171Z,flight_spawn,15,901,-20,106,429,589,565,913.41,663.69,501.55,system,NA,0.421,2.83,135.0,129.41,-90.0,76.24,180.0
Human Dominant_43,R2,2026-09-09T09:54:37.941709Z,human_signal,15,184,222,160,429,414,566,209.05,413.85,288.19,human,i_can,0.664,2.83,169.05,0.0,154.28,76.24,180.0
Human Dominant_43,R2,2026-09-09T09:54:37.958494Z,behavior_monitor,15,184,222,160,429,413,566,209.05,413.31,287.33,system,NA,0.664,2.83,169.05,0.0,154.28,57.18,180.0
Human Dominant_43,R2,2026-09-09T09:54:38.469658Z,behavior_monitor,15,105,238,160,429,384,565,199.33,430.04,261.72,system,NA,0.683,2.83,169.05,0.0,154.28,57.18,180.0
Human Dominant_43,R2,2026-09-09T09:54:38.979884Z,behavior_monitor,15,31,278,160,429,370,565,199.44,445.35,250.59,system,NA,0.691,2.83,151.06,0.0,154.28,0.0,16.86
Human Dominant_43,R2,2026-09-09T09:54:39.490257Z,behavior_monitor,15,51,324,127,429,365,565,129.6,395.11,273.54,system,NA,0.753,2.02,65.55,129.41,180.0,76.24,180.0
Human Dominant_43,R2,2026-09-09T09:54:40.001290Z,behavior_monitor,15,95,365,88,419,325,565,54.44,304.99,278.81,system,NA,0.849,2.02,41.19,71.19,-90.0,76.24,180.0
Human Dominant_43,R2,2026-09-09T09:54:40.272263Z,shot_hit,15,113,392,88,386,304,565,25.54,258.09,280.65,human,NA,0.91,2.02,62.65,137.5,-90.0,81.0,180.0
Human Dominant_43,R2,2026-09-09T09:54:40.272884Z,flight_spawn,16,531,-20,88,386,304,565,601.49,627.88,280.65,system,NA,0.511,2.88,133.98,137.5,-90.0,81.0,180.0
Human Dominant_43,R2,2026-09-09T09:54:43.302883Z,human_signal,16,95,217,126,429,213,565,214.13,367.41,161.75,human,i_can,0.632,2.88,136.23,0.0,112.07,76.24,180.0
Human Dominant_43,R2,2026-09-09T09:54:43.319539Z,behavior_monitor,16,95,217,126,429,212,565,214.13,367.1,161.23,system,NA,0.632,2.88,136.23,0.0,112.07,57.18,180.0
Human Dominant_43,R2,2026-09-09T09:54:43.829335Z,behavior_monitor,16,43,283,107,432,183,565,162.69,314.83,152.61,system,NA,0.659,2.88,113.86,134.09,164.83,57.18,180.0
Human Dominant_43,R2,2026-09-09T09:54:44.337473Z,behavior_monitor,16,42,343,42,439,169,565,96.4,255.73,178.88,system,NA,0.726,2.23,52.38,106.68,-162.06,0.0,180.0
Human Dominant_43,R2,2026-09-09T09:54:44.849886Z,behavior_monitor,16,97,375,78,394,169,564,27.93,203.05,193.32,system,NA,0.879,2.23,21.23,141.8,-42.56,16.26,-160.0
Human Dominant_43,R2,2026-09-09T09:54:44.968982Z,shot_hit,16,111,380,91,384,166,565,20.84,192.27,195.75,human,NA,0.902,2.23,21.23,141.37,-35.96,76.24,180.0
Human Dominant_43,R2,2026-09-09T09:54:44.970043Z,flight_spawn,17,290,-20,91,384,166,565,450.79,598.25,195.75,system,NA,0.57,3.35,126.63,141.37,-35.96,76.24,180.0
Human Dominant_43,R2,2026-09-09T09:54:49.378257Z,human_signal,17,324,287,361,417,211,564,134.84,299.09,209.93,human,i_can,0.689,2.35,1.61,133.8,14.72,76.24,0.0
Human Dominant_43,R2,2026-09-09T09:54:49.394621Z,behavior_monitor,17,324,287,361,417,212,564,134.84,298.72,209.23,system,NA,0.689,2.35,1.61,133.8,14.72,57.18,0.0
Human Dominant_43,R2,2026-09-09T09:54:49.909289Z,behavior_monitor,17,388,292,427,434,241,564,147.43,309.44,226.54,system,NA,0.677,2.35,24.04,122.22,0.0,54.0,0.0
Human Dominant_43,R2,2026-09-09T09:54:50.420315Z,behavior_monitor,17,427,346,448,407,254,563,64.64,277.68,249.38,system,NA,0.811,2.35,49.74,32.54,0.0,0.0,0.0
Human Dominant_43,R2,2026-09-09T09:54:50.930987Z,behavior_monitor,17,481,392,462,403,254,563,21.69,284.52,263.02,system,NA,0.929,2.35,24.71,126.1,-24.6,0.0,0.0
Human Dominant_43,R2,2026-09-09T09:54:50.980902Z,shot_hit,17,488,395,468,400,254,563,20.24,288.19,269.42,human,NA,0.934,2.35,24.71,130.24,-24.57,0.0,0.0
Human Dominant_43,R2,2026-09-09T09:54:50.981815Z,flight_spawn,18,1048,-20,468,400,254,563,716.0,985.37,269.42,system,NA,0.579,3.17,50.91,130.24,-24.57,0.0,0.0
Human Dominant_43,R2,2026-09-09T09:54:52.581102Z,human_signal,18,1133,249,647,404,351,564,510.29,842.93,336.09,human,your_turn,0.623,3.17,97.46,129.41,0.0,76.24,0.0
Human Dominant_43,R2,2026-09-09T09:54:52.582256Z,behavior_monitor,18,1133,249,647,404,351,564,510.29,842.93,336.09,system,NA,0.623,3.17,97.46,129.41,0.0,76.24,0.0
Human Dominant_43,R2,2026-09-09T09:54:52.582681Z,human_signal,18,1133,252,649,404,351,564,507.28,841.8,338.02,human,your_turn,0.624,3.17,97.46,129.41,0.0,76.24,0.0
Human Dominant_43,R2,2026-09-09T09:54:53.093001Z,behavior_monitor,18,1118,343,713,404,402,563,409.9,749.1,349.0,system,NA,0.646,3.17,97.46,129.41,0.0,99.11,0.0
Human Dominant_43,R2,2026-09-09T09:54:53.603602Z,behavior_monitor,18,1118,436,779,404,453,564,340.41,677.06,362.86,system,NA,0.665,3.17,96.79,129.41,0.0,99.11,0.0
Human Dominant_43,R2,2026-09-09T09:54:54.113394Z,behavior_monitor,18,1131,528,834,431,503,564,312.15,628.37,356.24,system,NA,0.668,3.17,119.42,136.79,71.09,99.11,0.0
Human Dominant_43,R2,2026-09-09T09:54:54.624056Z,behavior_monitor,18,1063,591,859,496,554,585,224.43,509.22,318.14,system,NA,0.694,3.17,142.01,140.86,63.36,99.11,0.0
Human Dominant_43,R2,2026-09-09T09:54:55.134642Z,behavior_monitor,18,1030,668,896,557,604,653,173.98,426.32,307.1,system,NA,0.71,3.17,95.94,138.77,55.36,169.61,54.25
Human Dominant_43,R2,2026-09-09T09:54:55.644818Z,behavior_monitor,18,999,758,937,615,655,723,155.5,345.41,302.2,system,NA,0.69,3.17,117.8,138.63,53.85,169.61,54.25
Human Dominant_43,R2,2026-09-09T09:54:56.155207Z,behavior_monitor,18,948,832,979,672,705,793,162.89,245.54,299.1,system,NA,0.601,3.17,157.17,138.5,53.65,169.61,54.25
Human Dominant_43,R2,2026-09-09T09:54:56.665051Z,behavior_monitor,18,862,852,951,646,756,847,224.88,106.33,280.54,system,NA,0.321,3.17,177.35,139.73,-123.5,99.11,0.0
Human Dominant_43,R2,2026-09-09T09:54:57.124582Z,shot_hit,18,777,875,915,589,772,871,317.52,6.45,315.47,agent,NA,0.02,3.17,178.1,140.05,-121.94,99.11,180.0
Human Dominant_43,R2,2026-09-09T09:54:57.125557Z,flight_spawn,19,748,-20,915,589,772,871,632.34,891.36,315.47,system,NA,0.585,2.92,46.82,140.05,-121.94,99.11,180.0
Human Dominant_43,R2,2026-09-09T09:55:01.081268Z,human_signal,19,1277,335,1171,442,1032,566,150.31,336.11,185.95,human,i_can,0.691,2.92,69.57,141.3,-35.35,76.24,0.0
Human Dominant_43,R2,2026-09-09T09:55:01.098123Z,behavior_monitor,19,1277,335,1171,442,1033,566,150.31,335.4,185.23,system,NA,0.691,2.92,69.57,140.03,-32.26,57.18,0.0
Human Dominant_43,R2,2026-09-09T09:55:01.606532Z,behavior_monitor,19,1307,417,1236,424,1036,566,71.21,309.22,245.7,system,NA,0.813,2.92,69.57,129.41,0.0,57.18,0.0
Human Dominant_43,R2,2026-09-09T09:55:01.830182Z,shot_miss,19,1317,453,1264,432,1049,566,56.51,290.55,253.63,human,NA,0.837,2.92,94.1,135.63,25.48,57.18,0.0
Human Dominant_43,R2,2026-09-09T09:55:02.119101Z,behavior_monitor,19,1313,503,1293,458,1049,566,48.83,271.52,266.7,system,NA,0.848,2.92,94.1,136.42,58.57,0.0,0.0
Human Dominant_43,R2,2026-09-09T09:55:02.474689Z,shot_miss,19,1285,557,1302,504,1054,566,55.5,231.5,255.6,human,NA,0.807,2.92,118.88,129.41,90.0,76.24,0.0
Human Dominant_43,R2,2026-09-09T09:55:02.628131Z,behavior_monitor,19,1270,577,1302,524,1066,571,62.38,204.1,241.05,system,NA,0.766,2.92,140.55,129.41,90.0,130.47,54.25
Human Dominant_43,R2,2026-09-09T09:55:02.814694Z,human_signal,19,1245,598,1302,548,1080,592,75.33,165.91,226.72,human,your_turn,0.688,2.92,140.55,129.41,90.0,130.47,54.25
Human Dominant_43,R2,2026-09-09T09:55:02.815807Z,human_signal,19,1243,600,1302,550,1080,592,76.82,163.74,226.3,human,your_turn,0.681,2.92,140.55,129.41,90.0,130.47,54.25
Human Dominant_43,R2,2026-09-09T09:55:03.137962Z,behavior_monitor,19,1226,645,1302,571,1112,634,106.09,115.23,200.53,system,NA,0.521,2.92,94.32,34.24,-90.0,169.61,54.25
Human Dominant_43,R2,2026-09-09T09:55:03.648889Z,behavior_monitor,19,1219,733,1302,513,1162,704,234.78,64.59,237.21,system,NA,0.216,2.92,94.32,125.52,-90.0,169.61,54.25
Human Dominant_43,R2,2026-09-09T09:55:04.089859Z,shot_miss,19,1238,808,1287,496,1207,768,315.54,51.21,282.86,agent,NA,0.14,2.92,71.78,129.41,180.0,181.94,61.84
Human Dominant_43,R2,2026-09-09T09:55:04.157449Z,behavior_monitor,19,1241,816,1280,496,1212,775,322.48,51.01,286.6,system,NA,0.137,2.92,71.78,129.41,180.0,169.61,54.25
Human Dominant_43,R2,2026-09-09T09:55:04.313179Z,shot_miss,19,1244,845,1258,496,1220,798,348.78,52.34,304.12,agent,NA,0.13,2.92,74.39,129.41,180.0,137.65,90.0
Human Dominant_43,R2,2026-09-09T09:55:04.669850Z,behavior_monitor,19,1261,901,1218,504,1237,845,399.45,61.31,341.23,system,NA,0.133,2.92,74.39,123.07,130.69,137.65,90.0
Human Dominant_43,R2,2026-09-09T09:55:04.960031Z,flight_missed,19,1269,952,1186,530,1249,887,430.87,68.11,363.28,system,NA,0.137,2.92,96.47,136.03,154.34,137.65,90.0
Human Dominant_43,R2,2026-09-09T09:55:04.961111Z,flight_spawn,20,1423,-20,1186,530,1249,887,598.97,924.49,363.28,system,NA,0.607,3.27,52.36,136.03,154.34,137.65,90.0
Human Dominant_43,R2,2026-09-09T09:55:08.349886Z,human_signal,20,1285,548,1034,435,1264,565,274.48,27.69,263.42,human,your_turn,0.092,3.2,88.27,0.0,0.0,0.0,-90.0
Human Dominant_43,R2,2026-09-09T09:55:08.351448Z,behavior_monitor,20,1285,548,1034,435,1264,565,274.48,27.69,263.42,system,NA,0.092,3.2,88.27,0.0,0.0,0.0,-90.0
Human Dominant_43,R2,2026-09-09T09:55:08.351734Z,human_signal,20,1286,551,1034,435,1264,565,276.55,26.45,263.42,human,your_turn,0.087,3.2,88.27,0.0,0.0,0.0,-90.0
Human Dominant_43,R2,2026-09-09T09:55:08.502847Z,shot_hit,20,1288,579,1034,435,1265,572,292.11,24.31,268.4,agent,NA,0.077,3.2,88.27,0.0,0.0,137.65,90.0
Human Dominant_43,R3,2026-09-09T09:56:19.803829Z,flight_spawn,1,936,-20,1034,435,1265,572,466.34,677.85,268.4,system,NA,0.592,3.04,48.8,0.0,0.0,0.0,90.0
Human Dominant_43,R3,2026-09-09T09:56:24.977021Z,human_signal,1,708,170,1070,598,506,565,559.61,443.69,564.55,human,your_turn,0.442,3.04,177.93,141.32,-138.88,76.24,0.0
Human Dominant_43,R3,2026-09-09T09:56:24.977696Z,behavior_monitor,1,708,170,1070,598,506,565,559.61,443.69,564.55,system,NA,0.442,3.04,177.93,141.51,-138.79,76.24,0.0
Human Dominant_43,R3,2026-09-09T09:56:24.978146Z,human_signal,1,705,171,1068,596,506,565,558.91,442.35,562.66,human,your_turn,0.442,3.04,177.93,141.51,-138.79,76.24,0.0
Human Dominant_43,R3,2026-09-09T09:56:25.489616Z,behavior_monitor,1,621,200,1016,550,557,565,527.83,370.67,459.1,system,NA,0.413,3.04,156.78,139.51,-143.45,99.11,0.0
Human Dominant_43,R3,2026-09-09T09:56:25.998786Z,behavior_monitor,1,531,218,955,515,538,565,517.99,347.95,419.5,system,NA,0.402,3.04,174.55,136.86,-154.49,99.11,180.0
Human Dominant_43,R3,2026-09-09T09:56:26.509432Z,behavior_monitor,1,450,253,892,484,488,566,498.31,314.61,411.56,system,NA,0.387,3.04,134.26,138.21,-153.72,79.81,168.89
Human Dominant_43,R3,2026-09-09T09:56:27.022018Z,behavior_monitor,1,385,319,839,448,437,566,471.21,252.71,418.22,system,NA,0.349,3.04,134.26,102.21,-123.63,116.33,169.73
Human Dominant_43,R3,2026-09-09T09:56:27.528941Z,behavior_monitor,1,311,367,839,435,386,565,531.57,212.17,470.69,system,NA,0.285,3.04,137.24,0.0,-90.0,99.11,180.0
Human Dominant_43,R3,2026-09-09T09:56:28.040381Z,behavior_monitor,1,231,402,839,388,335,566,607.71,193.94,534.16,system,NA,0.242,3.04,143.84,129.41,-90.0,99.11,180.0
Human Dominant_43,R3,2026-09-09T09:56:28.549279Z,behavior_monitor,1,186,477,825,375,284,566,647.0,132.2,573.3,system,NA,0.17,3.04,93.29,0.0,180.0,99.11,180.0
Human Dominant_43,R3,2026-09-09T09:56:29.059205Z,behavior_monitor,1,206,564,800,400,234,566,615.88,28.31,589.44,system,NA,0.044,3.04,88.33,0.0,180.0,99.11,180.0
Human Dominant_43,R3,2026-09-09T09:56:29.060078Z,shot_hit,1,207,567,800,400,232,566,615.92,25.72,591.06,agent,NA,0.04,3.04,88.33,0.0,180.0,99.11,180.0
Human Dominant_43,R3,2026-09-09T09:56:29.060350Z,flight_spawn,2,287,-20,800,400,232,566,663.46,589.4,591.06,system,NA,0.47,2.83,45.0,0.0,180.0,99.11,180.0
Human Dominant_43,R3,2026-09-09T09:56:31.187641Z,human_signal,2,266,267,768,400,268,566,519.91,298.31,527.1,human,your_turn,0.365,2.83,126.71,0.0,180.0,76.24,180.0
Human Dominant_43,R3,2026-09-09T09:56:31.188647Z,behavior_monitor,2,266,267,768,400,268,566,519.91,298.31,527.1,system,NA,0.365,2.83,126.71,0.0,180.0,94.76,-167.85
Human Dominant_43,R3,2026-09-09T09:56:31.189100Z,human_signal,2,264,269,768,400,268,566,520.67,296.06,527.1,human,your_turn,0.362,2.83,126.71,0.0,180.0,94.76,-167.85
Human Dominant_43,R3,2026-09-09T09:56:31.699037Z,behavior_monitor,2,215,331,768,400,218,566,557.52,235.01,575.03,system,NA,0.297,2.83,151.15,0.0,180.0,99.11,180.0
Human Dominant_43,R3,2026-09-09T09:56:32.209127Z,behavior_monitor,2,138,353,762,381,167,566,624.36,214.72,622.48,system,NA,0.256,2.83,178.86,132.86,-128.13,99.11,180.0
Human Dominant_43,R3,2026-09-09T09:56:32.720958Z,behavior_monitor,2,68,386,741,356,117,566,673.26,186.01,658.08,system,NA,0.216,2.83,155.65,0.0,-143.36,99.11,180.0
Human Dominant_43,R3,2026-09-09T09:56:33.231686Z,behavior_monitor,2,36,424,728,370,66,566,693.39,144.5,689.92,system,NA,0.172,2.02,42.45,124.71,154.84,99.11,180.0
Human Dominant_43,R3,2026-09-09T09:56:33.741820Z,behavior_monitor,2,79,465,704,371,56,566,631.34,103.76,676.76,system,NA,0.141,2.02,42.45,0.0,-136.17,0.0,0.0
Human Dominant_43,R3,2026-09-09T09:56:34.251239Z,behavior_monitor,2,132,499,705,368,103,566,588.7,73.28,634.52,system,NA,0.111,2.02,22.18,54.12,-43.21,99.11,0.0
Human Dominant_43,R3,2026-09-09T09:56:34.607486Z,shot_miss,2,164,528,728,353,140,566,591.07,44.62,625.37,agent,NA,0.07,2.02,67.66,90.61,-26.38,99.11,0.0
Human Dominant_43,R3,2026-09-09T09:56:34.760706Z,behavior_monitor,2,169,543,741,347,145,566,604.97,33.06,635.15,system,NA,0.052,2.02,67.66,112.45,-20.98,29.74,-146.03
Human Dominant_43,R3,2026-09-09T09:56:34.932055Z,shot_hit,2,178,564,758,340,155,566,621.38,23.39,643.95,agent,NA,0.036,2.02,67.66,54.52,-48.38,99.11,0.0
Human Dominant_43,R3,2026-09-09T09:56:34.933160Z,flight_spawn,3,1014,-20,758,340,155,566,442.12,1040.17,643.95,system,NA,0.702,2.83,135.0,54.52,-48.38,99.11,0.0
Human Dominant_43,R3,2026-09-09T09:56:36.004720Z,human_signal,3,918,119,746,382,194,566,314.01,850.57,581.71,human,i_can,0.73,2.83,92.85,0.0,180.0,0.0,0.0
Human Dominant_43,R3,2026-09-09T09:56:36.022134Z,behavior_monitor,3,918,119,746,382,194,566,314.01,850.57,581.71,system,NA,0.73,2.83,92.85,0.0,180.0,0.0,0.0
Human Dominant_43,R3,2026-09-09T09:56:36.532379Z,behavior_monitor,3,881,197,770,389,210,566,222.42,766.26,586.82,system,NA,0.775,2.83,113.79,134.36,18.84,57.18,0.0
Human Dominant_43,R3,2026-09-09T09:56:37.041597Z,behavior_monitor,3,865,278,799,401,224,566,139.5,702.4,597.91,system,NA,0.834,2.83,90.84,0.0,0.0,0.0,0.0
Human Dominant_43,R3,2026-09-09T09:56:37.552745Z,behavior_monitor,3,841,357,803,406,239,566,62.06,636.77,585.63,system,NA,0.911,2.83,139.0,120.27,38.38,76.24,0.0
Human Dominant_43,R3,2026-09-09T09:56:38.063981Z,shot_hit,3,785,415,804,413,278,565,19.72,528.32,547.75,human,NA,0.964,2.83,118.35,138.58,156.61,76.24,0.0
Human Dominant_43,R3,2026-09-09T09:56:38.064980Z,flight_spawn,4,678,-20,804,413,278,565,451.13,709.63,547.75,system,NA,0.611,2.83,135.0,138.58,156.61,76.24,0.0
Human Dominant_43,R3,2026-09-09T09:56:39.409008Z,human_signal,4,504,101,696,448,351,565,397.04,488.52,364.55,human,your_turn,0.552,2.83,158.42,0.0,180.0,76.24,0.0
Human Dominant_43,R3,2026-09-09T09:56:39.410107Z,behavior_monitor,4,504,101,696,448,351,565,397.04,488.52,364.55,system,NA,0.552,2.83,158.42,0.0,180.0,76.24,0.0
Human Dominant_43,R3,2026-09-09T09:56:39.410492Z,human_signal,4,502,102,696,448,351,565,397.03,486.96,364.55,human,your_turn,0.551,2.83,158.42,0.0,180.0,76.24,0.0
Human Dominant_43,R3,2026-09-09T09:56:39.917435Z,behavior_monitor,4,456,166,694,448,401,565,369.18,402.15,314.97,system,NA,0.521,2.83,135.23,66.65,180.0,99.11,0.0
Human Dominant_43,R3,2026-09-09T09:56:40.428255Z,behavior_monitor,4,378,193,660,426,379,565,365.95,371.6,312.96,system,NA,0.504,2.83,167.49,0.0,-90.0,99.11,180.0
Human Dominant_43,R3,2026-09-09T09:56:40.938384Z,behavior_monitor,4,302,222,702,432,329,565,451.38,344.16,396.04,system,NA,0.433,2.83,159.3,55.15,0.0,99.11,180.0
Human Dominant_43,R3,2026-09-09T09:56:41.451626Z,behavior_monitor,4,220,237,705,414,279,565,516.63,332.63,452.46,system,NA,0.392,2.83,178.06,49.61,-90.0,93.6,180.0
Human Dominant_43,R3,2026-09-09T09:56:41.958818Z,behavior_monitor,4,162,282,705,407,229,565,557.84,290.86,502.22,system,NA,0.343,2.83,109.52,0.0,-90.0,99.11,180.0
Human Dominant_43,R3,2026-09-09T09:56:42.471116Z,behavior_monitor,4,149,365,705,426,179,564,559.72,201.01,544.05,system,NA,0.264,2.83,103.41,0.0,90.0,99.11,180.0
Human Dominant_43,R3,2026-09-09T09:56:42.982314Z,behavior_monitor,4,161,448,705,426,141,564,544.37,118.09,581.43,system,NA,0.178,2.83,76.23,0.0,90.0,0.0,-178.74
Human Dominant_43,R3,2026-09-09T09:56:43.491182Z,behavior_monitor,4,169,531,705,426,151,564,546.39,37.88,571.52,system,NA,0.065,2.83,97.92,0.0,90.0,0.0,0.0
Human Dominant_43,R3,2026-09-09T09:56:43.643729Z,shot_hit,4,162,558,705,426,146,564,559.31,17.25,576.42,agent,NA,0.03,2.83,120.13,0.0,90.0,99.11,180.0
Human Dominant_43,R3,2026-09-09T09:56:43.644410Z,flight_spawn,5,1136,-20,705,426,146,564,620.12,1149.88,576.42,system,NA,0.65,3.35,126.6,0.0,90.0,99.11,180.0
Human Dominant_43,R3,2026-09-09T09:56:44.948897Z,human_signal,5,971,168,775,451,221,564,344.6,848.19,565.21,human,i_can,0.711,3.35,151.13,136.93,24.65,76.24,0.0
Human Dominant_43,R3,2026-09-09T09:56:44.965814Z,behavior_monitor,5,971,168,775,451,222,564,344.6,847.33,564.26,system,NA,0.711,3.35,151.13,137.02,24.73,57.18,0.0
Human Dominant_43,R3,2026-09-09T09:56:45.475150Z,behavior_monitor,5,893,220,795,454,252,564,253.66,728.38,554.8,system,NA,0.742,3.35,136.24,42.0,-90.0,57.18,0.0
Human Dominant_43,R3,2026-09-09T09:56:45.983987Z,behavior_monitor,5,797,255,794,427,265,565,171.76,614.88,546.72,system,NA,0.782,3.35,161.05,131.41,-115.44,0.0,83.41
Human Dominant_43,R3,2026-09-09T09:56:46.494209Z,behavior_monitor,5,694,275,739,396,270,565,129.29,513.0,498.37,system,NA,0.799,3.35,170.57,137.5,180.0,81.0,0.0
Human Dominant_43,R3,2026-09-09T09:56:47.005228Z,behavior_monitor,5,598,292,673,404,309,564,134.66,396.66,397.73,system,NA,0.747,3.35,171.16,134.53,164.14,76.24,0.0
Human Dominant_43,R3,2026-09-09T09:56:47.328139Z,human_signal,5,538,319,631,416,334,564,133.86,319.01,332.65,human,your_turn,0.704,3.35,145.37,133.4,165.96,76.24,0.0
Human Dominant_43,R3,2026-09-09T09:56:47.329371Z,human_signal,5,536,321,629,416,334,564,132.8,315.87,330.69,human,your_turn,0.704,3.35,121.24,133.4,165.96,76.24,0.0
Human Dominant_43,R3,2026-09-09T09:56:47.515278Z,behavior_monitor,5,520,350,607,416,352,564,109.39,271.97,295.21,system,NA,0.713,3.35,121.24,123.76,180.0,99.11,0.0
Human Dominant_43,R3,2026-09-09T09:56:48.027966Z,behavior_monitor,5,466,436,598,405,403,564,135.1,142.95,251.42,system,NA,0.514,3.35,121.24,40.42,-90.0,99.11,0.0
Human Dominant_43,R3,2026-09-09T09:56:48.539027Z,behavior_monitor,5,391,498,598,379,391,564,238.57,66.67,277.51,system,NA,0.218,3.35,153.75,60.07,-90.0,99.11,180.0
Human Dominant_43,R3,2026-09-09T09:56:48.914421Z,shot_hit,5,350,556,594,359,352,565,313.41,9.27,316.88,agent,NA,0.029,3.35,107.83,55.45,-139.67,99.11,180.0
Human Dominant_43,R3,2026-09-09T09:56:48.915487Z,flight_spawn,6,1304,-20,594,359,352,565,805.96,1117.55,316.88,system,NA,0.581,2.9,133.64,55.45,-139.67,99.11,180.0
Human Dominant_43,R3,2026-09-09T09:56:52.434596Z,human_signal,6,1021,380,891,460,573,565,151.66,484.41,335.55,human,i_can,0.762,2.9,125.6,137.5,0.0,81.0,0.0
Human Dominant_43,R3,2026-09-09T09:56:52.451122Z,behavior_monitor,6,1021,380,891,460,574,565,151.66,483.51,334.62,system,NA,0.761,2.9,125.6,129.41,0.0,57.18,0.0
Human Dominant_43,R3,2026-09-09T09:56:52.963396Z,behavior_monitor,6,961,439,957,460,593,565,20.89,389.6,379.68,system,NA,0.949,2.9,161.66,129.41,0.0,0.0,0.0
Human Dominant_43,R3,2026-09-09T09:56:53.048642Z,human_signal,6,948,444,968,459,593,565,24.59,375.73,390.05,human,your_turn,0.939,2.9,161.66,129.41,0.0,0.0,0.0
Human Dominant_43,R3,2026-09-09T09:56:53.049754Z,human_signal,6,945,445,969,457,593,565,26.79,372.63,391.35,human,your_turn,0.933,2.9,161.66,118.17,-34.1,0.0,0.0
Human Dominant_43,R3,2026-09-09T09:56:53.473491Z,shot_miss,6,881,461,937,433,635,565,62.38,267.38,329.67,human,NA,0.811,2.9,176.33,129.41,180.0,99.11,0.0
Human Dominant_43,R3,2026-09-09T09:56:53.474584Z,behavior_monitor,6,881,461,937,433,635,565,62.38,267.38,329.67,system,NA,0.811,2.9,176.33,134.52,164.16,99.11,0.0
Human Dominant_43,R3,2026-09-09T09:56:53.983305Z,behavior_monitor,6,791,466,880,474,685,565,89.49,144.3,214.51,system,NA,0.617,2.9,176.33,139.65,157.92,128.17,-6.01
Human Dominant_43,R3,2026-09-09T09:56:54.220667Z,human_signal,6,751,470,849,477,709,565,98.69,103.85,165.36,human,your_turn,0.513,2.9,160.55,129.41,180.0,99.11,0.0
Human Dominant_43,R3,2026-09-09T09:56:54.221407Z,human_signal,6,748,471,847,477,709,565,98.65,102.09,163.5,human,your_turn,0.509,2.9,160.55,129.41,180.0,99.11,0.0
Human Dominant_43,R3,2026-09-09T09:56:54.425159Z,human_signal,6,714,474,823,474,706,565,108.78,91.46,148.07,human,i_can,0.457,2.9,176.17,117.79,-163.56,99.11,180.0
Human Dominant_43,R3,2026-09-09T09:56:54.493122Z,behavior_monitor,6,705,474,818,472,702,565,113.24,90.72,149.08,system,NA,0.445,2.9,176.17,83.58,-141.49,48.34,169.17
Human Dominant_43,R3,2026-09-09T09:56:55.003094Z,behavior_monitor,6,619,481,760,463,672,565,141.87,99.5,134.62,system,NA,0.412,2.9,163.66,129.41,180.0,57.18,180.0
Human Dominant_43,R3,2026-09-09T09:56:55.513211Z,behavior_monitor,6,549,524,694,463,661,565,156.89,118.74,106.99,system,NA,0.431,2.9,141.57,129.41,180.0,0.0,2.76
Human Dominant_43,R3,2026-09-09T09:56:56.022579Z,behavior_monitor,6,475,563,672,463,661,565,220.83,186.55,102.47,system,NA,0.458,2.9,165.74,129.41,180.0,0.0,30.01
Human Dominant_43,R3,2026-09-09T09:56:56.534262Z,behavior_monitor,6,387,585,606,463,632,579,249.74,244.21,119.22,system,NA,0.494,2.9,165.74,129.41,180.0,76.24,180.0
Human Dominant_43,R3,2026-09-09T09:56:57.044047Z,behavior_monitor,6,313,628,540,463,592,623,280.52,279.48,168.36,system,NA,0.499,2.9,169.28,129.41,180.0,76.24,180.0
Human Dominant_43,R3,2026-09-09T09:56:57.557419Z,behavior_monitor,6,254,673,514,456,553,658,338.16,299.1,205.15,system,NA,0.469,2.9,94.52,0.0,-90.0,130.47,125.75
Human Dominant_43,R3,2026-09-09T09:56:57.574091Z,human_signal,6,254,676,514,456,552,659,340.54,298.54,206.68,human,your_turn,0.467,2.9,94.52,0.0,-90.0,130.47,125.75
Human Dominant_43,R3,2026-09-09T09:56:57.574759Z,human_signal,6,254,679,514,456,552,659,342.09,298.3,206.68,human,your_turn,0.466,2.9,94.52,0.0,-90.0,130.47,125.75
Human Dominant_43,R3,2026-09-09T09:56:58.068373Z,behavior_monitor,6,225,753,514,456,503,727,413.86,279.1,270.8,system,NA,0.403,2.9,100.51,0.0,-90.0,169.61,125.75
Human Dominant_43,R3,2026-09-09T09:56:58.577465Z,behavior_monitor,6,188,828,514,456,453,796,494.25,266.89,345.66,system,NA,0.351,2.9,129.43,0.0,-90.0,180.21,125.75
Human Dominant_43,R3,2026-09-09T09:56:58.986429Z,human_signal,6,140,878,514,456,413,852,563.88,274.27,408.78,human,your_turn,0.327,2.9,157.51,0.0,-90.0,169.61,125.75
Human Dominant_43,R3,2026-09-09T09:56:58.987631Z,human_signal,6,138,879,514,456,413,852,566.09,276.44,408.78,human,your_turn,0.328,2.9,157.51,0.0,-90.0,169.61,125.75
Human Dominant_43,R3,2026-09-09T09:56:59.088317Z,behavior_monitor,6,124,885,514,456,403,866,579.32,279.25,424.93,system,NA,0.325,2.9,157.51,0.0,-90.0,169.61,125.75
Human Dominant_43,R3,2026-09-09T09:56:59.597995Z,behavior_monitor,6,38,901,514,456,353,897,651.67,314.7,469.75,system,NA,0.326,2.9,175.45,0.0,-90.0,99.11,180.0
Human Dominant_43,R3,2026-09-09T09:57:00.108070Z,behavior_monitor,6,57,908,514,456,302,904,642.65,244.65,495.82,system,NA,0.276,1.75,7.56,0.0,-90.0,99.11,180.0
Human Dominant_43,R3,2026-09-09T09:57:00.619704Z,behavior_monitor,6,112,919,514,456,252,910,612.57,139.63,523.76,system,NA,0.186,1.75,4.61,0.0,-90.0,99.11,180.0
Human Dominant_43,R3,2026-09-09T09:57:01.125344Z,behavior_monitor,6,160,938,514,455,201,910,598.49,49.43,551.87,system,NA,0.076,1.75,89.07,0.0,-90.0,99.11,180.0
Human Dominant_43,R3,2026-09-09T09:57:01.261125Z,flight_missed,6,166,953,514,455,186,910,607.11,47.42,560.62,system,NA,0.072,1.75,60.56,0.0,-90.0,99.11,180.0
Human Dominant_43,R3,2026-09-09T09:57:01.262106Z,flight_spawn,7,1326,-20,514,455,186,910,940.82,1471.26,560.62,system,NA,0.61,2.83,45.0,0.0,-90.0,99.11,180.0
Human Dominant_43,R3,2026-09-09T09:57:05.871852Z,human_signal,7,1436,685,989,559,487,650,464.17,949.26,510.1,human,your_turn,0.672,2.83,60.44,137.53,64.48,130.47,54.25
Human Dominant_43,R3,2026-09-09T09:57:05.872275Z,behavior_monitor,7,1436,685,989,559,487,650,464.17,949.26,510.1,system,NA,0.672,2.83,60.44,137.53,64.48,130.47,54.25
Human Dominant_43,R3,2026-09-09T09:57:05.872596Z,human_signal,7,1437,688,990,561,487,650,464.85,950.97,510.73,human,your_turn,0.672,2.83,60.44,137.53,64.48,130.47,54.25
Human Dominant_43,R3,2026-09-09T09:57:06.386349Z,behavior_monitor,7,1424,738,1026,619,538,721,415.57,886.45,498.78,system,NA,0.681,2.08,162.62,138.41,46.69,169.61,54.25
Human Dominant_43,R3,2026-09-09T09:57:06.897649Z,behavior_monitor,7,1370,753,1084,657,588,747,301.22,782.45,504.9,system,NA,0.722,2.08,127.37,137.55,26.96,99.11,0.0
Human Dominant_43,R3,2026-09-09T09:57:07.408244Z,behavior_monitor,7,1321,785,1145,693,638,780,198.36,682.47,514.34,system,NA,0.775,2.08,177.74,138.27,37.24,99.11,0.0
Human Dominant_43,R3,2026-09-09T09:57:07.918415Z,behavior_monitor,7,1262,813,1189,747,688,808,98.58,573.24,504.12,system,NA,0.853,2.08,151.22,137.02,61.51,99.11,0.0
Human Dominant_43,R3,2026-09-09T09:57:08.429925Z,behavior_monitor,7,1206,838,1204,813,739,833,25.64,467.12,465.54,system,NA,0.948,2.08,148.99,129.41,90.0,99.11,0.0
Human Dominant_43,R3,2026-09-09T09:57:08.447313Z,shot_hit,7,1204,839,1204,815,741,835,24.43,463.37,463.87,human,NA,0.95,2.08,148.99,129.41,90.0,99.11,0.0
Human Dominant_43,R3,2026-09-09T09:57:08.447772Z,flight_spawn,8,873,-20,1204,815,741,835,898.38,865.99,463.87,system,NA,0.491,2.83,45.0,129.41,90.0,99.11,0.0
Human Dominant_43,R3,2026-09-09T09:57:11.341629Z,human_signal,8,1264,214,1216,580,937,566,369.82,480.44,278.82,human,i_can,0.565,2.83,45.95,133.17,17.11,76.24,0.0
Human Dominant_43,R3,2026-09-09T09:57:11.358173Z,behavior_monitor,8,1264,214,1216,580,938,566,369.82,479.78,277.84,system,NA,0.565,2.83,45.95,133.92,19.35,57.18,0.0
Human Dominant_43,R3,2026-09-09T09:57:11.870399Z,behavior_monitor,8,1323,275,1275,556,968,565,284.75,458.6,307.48,system,NA,0.617,2.83,39.4,140.62,-46.85,57.18,0.0
Human Dominant_43,R3,2026-09-09T09:57:12.380545Z,behavior_monitor,8,1364,346,1326,506,981,565,165.2,441.89,350.25,system,NA,0.728,2.83,50.62,84.9,-38.81,0.0,51.32
Human Dominant_43,R3,2026-09-09T09:57:12.889092Z,behavior_monitor,8,1435,375,1371,518,981,565,157.12,492.31,392.36,system,NA,0.758,2.83,4.92,144.32,-42.15,0.0,-49.43
Human Dominant_43,R3,2026-09-09T09:57:13.401089Z,behavior_monitor,8,1409,390,1418,466,1019,565,76.99,427.42,411.31,system,NA,0.847,1.71,147.66,129.41,-90.0,76.24,0.0
Human Dominant_43,R3,2026-09-09T09:57:13.911937Z,behavior_monitor,8,1373,424,1357,459,1058,565,38.58,345.08,316.6,system,NA,0.899,1.71,97.21,129.41,180.0,76.24,0.0
Human Dominant_43,R3,2026-09-09T09:57:13.996753Z,shot_miss,8,1370,432,1346,457,1065,565,34.91,332.93,300.85,human,NA,0.905,1.71,122.15,134.22,-164.62,76.24,0.0
Human Dominant_43,R3,2026-09-09T09:57:14.407032Z,shot_miss,8,1345,460,1378,453,1096,566,33.99,270.09,303.57,human,NA,0.888,1.71,128.53,129.41,0.0,76.24,0.0
Human Dominant_43,R3,2026-09-09T09:57:14.423847Z,behavior_monitor,8,1344,462,1379,453,1097,566,35.97,267.93,303.51,system,NA,0.882,1.71,128.53,72.34,0.0,76.24,0.0
Human Dominant_43,R3,2026-09-09T09:57:14.834140Z,shot_hit,8,1339,499,1335,479,1128,565,20.5,220.89,224.22,human,NA,0.915,1.71,78.44,139.6,137.59,76.24,0.0
Human Dominant_43,R3,2026-09-09T09:57:14.834642Z,flight_spawn,9,640,-20,1335,479,1128,565,856.39,762.94,224.22,system,NA,0.471,2.83,45.0,139.6,137.59,76.24,0.0
Human Dominant_43,R3,2026-09-09T09:57:17.625924Z,human_signal,9,643,340,1185,476,941,565,559.49,373.68,259.92,human,your_turn,0.4,2.83,104.64,0.0,-90.0,76.24,180.0
Human Dominant_43,R3,2026-09-09T09:57:17.627020Z,behavior_monitor,9,643,340,1185,476,941,565,559.49,373.68,259.92,system,NA,0.4,2.83,104.64,0.0,-90.0,76.24,180.0
Human Dominant_43,R3,2026-09-09T09:57:17.627488Z,human_signal,9,642,342,1185,476,941,565,559.94,372.96,259.92,human,your_turn,0.4,2.83,104.64,0.0,-90.0,76.24,180.0
Human Dominant_43,R3,2026-09-09T09:57:18.136539Z,behavior_monitor,9,613,419,1185,476,890,565,575.57,313.67,307.92,system,NA,0.353,2.83,107.41,0.0,-90.0,99.11,180.0
Human Dominant_43,R3,2026-09-09T09:57:18.646885Z,behavior_monitor,9,626,502,1185,476,840,565,559.6,222.24,357.06,system,NA,0.284,2.83,105.85,0.0,-90.0,99.11,180.0
Human Dominant_43,R3,2026-09-09T09:57:19.154836Z,behavior_monitor,9,607,584,1185,476,789,576,588.39,182.03,409.01,system,NA,0.236,2.83,82.79,0.0,-90.0,169.61,125.75
Human Dominant_43,R3,2026-09-09T09:57:19.665287Z,behavior_monitor,9,626,664,1185,476,738,646,590.49,113.74,478.71,system,NA,0.162,2.83,2.75,0.0,-90.0,169.61,125.75
Human Dominant_43,R3,2026-09-09T09:57:20.090110Z,shot_hit,9,681,708,1185,476,695,702,554.95,14.56,540.39,agent,NA,0.026,2.83,49.12,0.0,-90.0,99.11,180.0
Human Dominant_43,R3,2026-09-09T09:57:20.091167Z,flight_spawn,10,725,-20,1185,476,695,702,677.33,723.5,540.39,system,NA,0.516,2.83,45.0,0.0,-90.0,99.11,180.0
Human Dominant_43,R3,2026-09-09T09:57:22.711754Z,human_signal,10,687,231,984,445,740,565,365.97,338.28,271.92,human,your_turn,0.48,2.83,177.81,0.0,180.0,76.24,180.0
Human Dominant_43,R3,2026-09-09T09:57:22.713798Z,behavior_monitor,10,687,231,984,445,740,565,365.97,338.28,271.92,system,NA,0.48,2.83,177.81,0.0,180.0,81.0,180.0
Human Dominant_43,R3,2026-09-09T09:57:22.714271Z,human_signal,10,685,231,984,445,740,565,368.2,338.61,271.92,human,your_turn,0.479,2.83,177.81,0.0,180.0,81.0,180.0
Human Dominant_43,R3,2026-09-09T09:57:23.221607Z,behavior_monitor,10,611,263,974,443,689,565,404.93,312.69,309.47,system,NA,0.436,2.83,156.47,135.85,-162.29,99.11,180.0
Human Dominant_43,R3,2026-09-09T09:57:23.731539Z,behavior_monitor,10,573,334,923,432,639,566,364.5,241.44,314.51,system,NA,0.398,2.83,104.62,0.0,180.0,99.11,180.0
Human Dominant_43,R3,2026-09-09T09:57:24.242048Z,behavior_monitor,10,591,417,923,432,588,566,332.4,149.52,361.27,system,NA,0.31,2.83,78.02,0.0,180.0,99.11,180.0
Human Dominant_43,R3,2026-09-09T09:57:24.749814Z,behavior_monitor,10,640,474,923,421,605,566,288.42,98.52,350.13,system,NA,0.255,2.83,53.09,47.79,-90.0,93.6,0.0
Human Dominant_43,R3,2026-09-09T09:57:25.263863Z,behavior_monitor,10,696,534,923,415,655,566,256.4,52.29,307.83,system,NA,0.169,2.83,30.21,0.0,-90.0,99.11,0.0
Human Dominant_43,R3,2026-09-09T09:57:25.331335Z,shot_miss,10,709,541,923,415,664,566,248.35,52.17,300.52,agent,NA,0.174,2.83,30.21,0.0,-90.0,99.11,0.0
Human Dominant_43,R3,2026-09-09T09:57:25.535886Z,shot_miss,10,726,566,923,415,684,566,248.58,42.19,283.22,agent,NA,0.145,2.83,84.18,0.0,-90.0,99.11,0.0
Human Dominant_43,R3,2026-09-09T09:57:25.773495Z,behavior_monitor,10,730,603,923,415,706,592,269.72,26.31,280.39,system,NA,0.089,2.83,84.18,0.0,-90.0,169.61,54.25
Human Dominant_43,R3,2026-09-09T09:57:25.790259Z,shot_hit,10,730,609,923,415,707,597,273.16,25.85,282.07,agent,NA,0.086,2.83,84.18,0.0,-90.0,137.65,90.0
Human Dominant_43,R3,2026-09-09T09:57:25.790934Z,flight_spawn,11,330,-20,923,415,707,597,736.32,723.39,282.07,system,NA,0.496,2.83,135.0,0.0,-90.0,137.65,90.0
Human Dominant_43,R3,2026-09-09T09:57:30.421651Z,human_signal,11,177,336,451,415,406,564,285.86,323.51,155.61,human,i_can,0.531,1.8,14.18,0.0,180.0,76.24,180.0
Human Dominant_43,R3,2026-09-09T09:57:30.438582Z,behavior_monitor,11,177,336,451,415,405,564,285.86,322.82,155.89,system,NA,0.53,1.8,14.18,0.0,180.0,57.18,180.0
Human Dominant_43,R3,2026-09-09T09:57:30.950188Z,behavior_monitor,11,231,349,429,415,376,564,209.48,259.46,158.17,system,NA,0.553,1.8,16.83,129.41,180.0,57.18,180.0
Human Dominant_43,R3,2026-09-09T09:57:31.462868Z,behavior_monitor,11,255,392,363,415,362,563,110.99,201.95,147.53,system,NA,0.645,1.8,35.23,129.41,180.0,0.0,-169.25
Human Dominant_43,R3,2026-09-09T09:57:31.972819Z,shot_hit,11,299,421,298,435,363,563,13.9,155.6,143.52,human,NA,0.918,1.8,10.3,129.41,180.0,0.0,-18.88
Human Dominant_43,R3,2026-09-09T09:57:31.974659Z,flight_spawn,12,1357,-20,298,435,363,563,1152.66,1152.56,143.52,system,NA,0.5,2.91,133.39,129.41,180.0,0.0,-18.88
Human Dominant_43,R3,2026-09-09T09:57:38.645861Z,flight_missed,12,1064,953,953,778,845,847,207.64,243.88,128.61,system,NA,0.54,2.91,135.68,97.37,-90.0,130.47,54.25
Human Dominant_43,R3,2026-09-09T09:57:38.647124Z,flight_spawn,13,1011,-20,953,778,845,847,800.44,883.14,128.61,system,NA,0.525,2.83,135.0,97.37,-90.0,130.47,54.25
Human Dominant_43,R3,2026-09-09T09:57:41.077511Z,conflict,13,722,198,841,552,805,622,373.56,432.64,79.23,system,NA,0.537,2.83,173.65,129.41,180.0,130.47,-125.75
Human Dominant_43,R3,2026-09-09T09:57:42.608492Z,human_signal,13,539,344,891,504,726,565,387.27,289.71,176.55,human,your_turn,0.428,2.83,164.28,69.73,-32.62,76.24,180.0
Human Dominant_43,R3,2026-09-09T09:57:42.609520Z,behavior_monitor,13,539,344,891,504,726,565,387.27,289.71,176.55,system,NA,0.428,2.83,164.28,139.33,-31.31,76.24,180.0
Human Dominant_43,R3,2026-09-09T09:57:42.609968Z,human_signal,13,536,345,893,503,726,565,390.78,290.88,178.88,human,your_turn,0.427,2.83,164.28,139.33,-31.31,76.24,180.0
Human Dominant_43,R3,2026-09-09T09:57:43.119562Z,behavior_monitor,13,459,367,954,471,675,565,505.63,293.28,294.32,system,NA,0.367,2.83,164.28,138.59,-28.76,99.11,180.0
Human Dominant_43,R3,2026-09-09T09:57:43.630360Z,behavior_monitor,13,379,390,967,458,625,565,591.36,301.49,358.33,system,NA,0.338,2.83,164.28,0.0,-60.84,99.11,180.0
Human Dominant_43,R3,2026-09-09T09:57:44.142332Z,behavior_monitor,13,289,413,967,458,574,566,678.66,323.4,406.87,system,NA,0.323,2.83,139.24,0.0,-60.84,99.11,180.0
Human Dominant_43,R3,2026-09-09T09:57:44.653621Z,behavior_monitor,13,245,482,967,458,524,566,722.25,291.59,455.8,system,NA,0.288,2.83,117.84,0.0,-60.84,99.11,180.0
Human Dominant_43,R3,2026-09-09T09:57:45.164200Z,behavior_monitor,13,203,557,967,458,473,566,769.46,269.94,505.05,system,NA,0.26,2.83,117.84,0.0,-60.84,99.11,180.0
Human Dominant_43,R3,2026-09-09T09:57:45.675401Z,behavior_monitor,13,201,637,948,458,423,623,768.37,222.19,550.83,system,NA,0.224,2.83,65.32,0.0,180.0,169.61,125.75
Human Dominant_43,R3,2026-09-09T09:57:46.185655Z,behavior_monitor,13,217,718,992,458,372,693,817.83,156.66,663.75,system,NA,0.161,2.83,87.28,129.41,0.0,169.61,125.75
Human Dominant_43,R3,2026-09-09T09:57:46.696856Z,behavior_monitor,13,180,788,1025,443,321,764,911.95,142.09,773.8,system,NA,0.135,2.83,120.99,47.78,-90.0,169.61,125.75
Human Dominant_43,R3,2026-09-09T09:57:47.207849Z,behavior_monitor,13,149,866,1025,431,270,833,978.44,126.04,855.18,system,NA,0.114,2.83,121.22,0.0,-90.0,169.61,125.75
Human Dominant_43,R3,2026-09-09T09:57:47.990905Z,flight_missed,13,50,952,1025,431,192,910,1105.12,147.48,960.93,system,NA,0.118,2.83,144.9,0.0,-90.0,99.11,180.0
Human Dominant_43,R3,2026-09-09T09:57:47.992170Z,flight_spawn,14,559,-20,1025,431,192,910,648.48,999.97,960.93,system,NA,0.607,2.83,135.0,0.0,-90.0,99.11,180.0
Human Dominant_43,R3,2026-09-09T09:57:49.963862Z,human_signal,14,499,258,1025,431,309,746,553.8,523.76,781.77,human,your_turn,0.486,2.83,97.17,0.0,-90.0,130.47,-54.25
Human Dominant_43,R3,2026-09-09T09:57:49.965176Z,behavior_monitor,14,499,258,1025,431,309,746,553.8,523.76,781.77,system,NA,0.486,2.83,97.17,0.0,-90.0,130.47,-54.25
Human Dominant_43,R3,2026-09-09T09:57:49.965749Z,human_signal,14,499,261,1025,431,309,746,552.72,521.22,781.77,human,your_turn,0.485,2.83,97.17,0.0,-90.0,130.47,-54.25
Human Dominant_43,R3,2026-09-09T09:57:50.473392Z,behavior_monitor,14,514,340,1025,431,360,676,518.6,369.48,708.55,system,NA,0.416,2.83,44.58,0.0,-90.0,169.61,-54.25
Human Dominant_43,R3,2026-09-09T09:57:50.985408Z,behavior_monitor,14,528,415,1025,431,411,606,496.82,223.99,638.45,system,NA,0.311,2.83,100.6,0.0,-90.0,169.61,-54.25
Human Dominant_43,R3,2026-09-09T09:57:51.494575Z,behavior_monitor,14,507,494,1025,431,461,566,521.87,84.92,579.86,system,NA,0.14,2.83,154.62,0.0,-90.0,99.11,0.0
Human Dominant_43,R3,2026-09-09T09:57:52.004745Z,behavior_monitor,14,423,499,1025,431,432,566,605.3,66.65,607.76,system,NA,0.099,2.83,179.63,0.0,-90.0,93.6,180.0
Human Dominant_43,R3,2026-09-09T09:57:52.498132Z,shot_miss,14,354,538,1025,431,382,565,678.78,38.76,657.13,agent,NA,0.054,2.83,173.92,0.0,-90.0,99.11,180.0
Human Dominant_43,R3,2026-09-09T09:57:52.516277Z,behavior_monitor,14,354,538,1025,431,382,565,678.78,38.76,657.13,system,NA,0.054,2.83,173.92,0.0,-90.0,93.6,180.0
Human Dominant_43,R3,2026-09-09T09:57:52.786496Z,shot_miss,14,311,548,1025,431,353,565,723.48,45.3,685.49,agent,NA,0.059,2.83,159.07,0.0,-90.0,99.11,180.0
Human Dominant_43,R3,2026-09-09T09:57:53.024143Z,behavior_monitor,14,278,563,1025,431,331,565,758.34,52.69,706.98,system,NA,0.065,2.83,132.28,0.0,-90.0,99.11,180.0
Human Dominant_43,R3,2026-09-09T09:57:53.128099Z,shot_miss,14,272,581,1025,431,319,575,767.64,47.34,720.37,agent,NA,0.058,2.83,107.71,0.0,-90.0,169.61,125.75
Human Dominant_43,R3,2026-09-09T09:57:53.534420Z,behavior_monitor,14,250,643,1025,431,280,628,803.23,33.47,770.4,system,NA,0.04,2.83,107.71,0.0,-90.0,169.61,125.75
Human Dominant_43,R3,2026-09-09T09:57:54.041713Z,behavior_monitor,14,219,719,1025,431,230,698,856.31,24.2,838.55,system,NA,0.027,2.83,129.77,0.0,-90.0,169.61,125.75
Human Dominant_43,R3,2026-09-09T09:57:54.549223Z,behavior_monitor,14,185,794,1025,431,180,768,915.18,26.92,909.47,system,NA,0.029,2.83,101.17,0.0,-90.0,156.49,118.21
Human Dominant_43,R3,2026-09-09T09:57:54.973457Z,shot_miss,14,171,866,1025,431,155,829,958.5,41.12,956.65,agent,NA,0.041,2.83,101.17,0.0,-90.0,169.61,125.75
Human Dominant_43,R3,2026-09-09T09:57:55.280589Z,shot_miss,14,163,916,1025,431,146,871,989.17,48.56,982.44,agent,NA,0.047,2.83,101.17,0.0,-90.0,169.61,125.75
Human Dominant_43,R3,2026-09-09T09:57:55.502390Z,flight_missed,14,156,952,1024,429,140,901,1013.05,53.62,1002.44,system,NA,0.05,2.83,101.17,32.4,-90.0,137.65,90.0
Human Dominant_43,R3,2026-09-09T09:57:55.504443Z,flight_spawn,15,450,-20,1024,429,140,901,729.33,972.71,1002.44,system,NA,0.571,3.37,126.4,32.4,-90.0,137.65,90.0
Human Dominant_43,R3,2026-09-09T09:58:01.058586Z,human_signal,15,177,412,595,461,162,565,420.98,154.04,445.23,human,your_turn,0.268,2.03,141.36,0.0,180.0,76.24,180.0
Human Dominant_43,R3,2026-09-09T09:58:01.059039Z,behavior_monitor,15,177,412,595,461,162,565,420.98,154.04,445.23,system,NA,0.268,2.03,141.36,0.0,180.0,76.24,180.0
Human Dominant_43,R3,2026-09-09T09:58:01.059339Z,human_signal,15,176,413,595,461,162,565,421.77,152.69,445.23,human,your_turn,0.266,2.03,141.36,0.0,180.0,76.24,180.0
Human Dominant_43,R3,2026-09-09T09:58:01.567223Z,behavior_monitor,15,136,453,595,461,123,565,458.36,113.07,483.28,system,NA,0.198,2.03,170.84,0.0,180.0,99.11,180.0
Human Dominant_43,R3,2026-09-09T09:58:02.076288Z,behavior_monitor,15,101,493,589,447,84,565,489.79,73.52,518.27,system,NA,0.131,2.03,137.26,127.63,-112.92,99.11,180.0
Human Dominant_43,R3,2026-09-09T09:58:02.467610Z,shot_miss,15,67,528,576,406,50,566,523.4,41.26,549.04,agent,NA,0.073,2.03,111.22,0.0,-90.0,99.11,180.0
Human Dominant_43,R3,2026-09-09T09:58:02.586011Z,behavior_monitor,15,62,539,576,406,45,566,530.79,31.27,553.88,system,NA,0.056,2.03,111.22,0.0,-90.0,0.0,180.0
Human Dominant_43,R3,2026-09-09T09:58:02.824616Z,shot_hit,15,55,568,576,406,37,566,545.57,17.95,561.95,agent,NA,0.032,2.03,84.54,0.0,-90.0,0.0,180.0
Human Dominant_43,R3,2026-09-09T09:58:02.825809Z,flight_spawn,16,1412,-20,576,406,37,566,938.27,1494.35,561.95,system,NA,0.614,3.56,55.84,0.0,-90.0,0.0,180.0
Human Dominant_43,R3,2026-09-09T09:58:05.019410Z,human_signal,16,1283,308,777,413,178,565,516.62,1134.35,617.99,human,i_can,0.687,3.14,118.3,134.77,16.22,76.24,0.0
Human Dominant_43,R3,2026-09-09T09:58:05.036694Z,behavior_monitor,16,1283,308,777,413,179,565,516.62,1133.41,617.05,system,NA,0.687,3.14,118.3,134.99,16.54,57.18,0.0
Human Dominant_43,R3,2026-09-09T09:58:05.548695Z,behavior_monitor,16,1298,386,843,434,208,565,457.05,1104.2,648.38,system,NA,0.707,3.14,17.01,136.44,18.48,57.18,0.0
Human Dominant_43,R3,2026-09-09T09:58:06.059045Z,behavior_monitor,16,1386,418,909,456,221,564,478.6,1174.11,696.32,system,NA,0.71,3.14,42.34,136.44,18.48,0.0,14.2
Human Dominant_43,R3,2026-09-09T09:58:06.569513Z,behavior_monitor,16,1387,508,971,475,243,564,416.73,1144.75,733.36,system,NA,0.733,3.14,99.41,135.28,55.22,76.24,0.0
Human Dominant_43,R3,2026-09-09T09:58:07.079049Z,behavior_monitor,16,1332,580,976,541,282,575,357.72,1049.48,694.79,system,NA,0.746,3.14,150.41,129.41,90.0,130.47,54.25
Human Dominant_43,R3,2026-09-09T09:58:07.588114Z,behavior_monitor,16,1267,642,990,607,321,626,278.6,945.73,669.51,system,NA,0.772,3.14,151.37,136.35,68.97,125.12,48.83
Human Dominant_43,R3,2026-09-09T09:58:08.097912Z,behavior_monitor,16,1187,687,1016,671,360,680,171.65,826.62,655.73,system,NA,0.828,3.14,151.37,135.52,67.5,130.47,54.25
Human Dominant_43,R3,2026-09-09T09:58:08.610590Z,behavior_monitor,16,1105,732,1049,732,399,727,55.5,705.94,650.45,system,NA,0.927,3.14,151.37,136.45,54.46,130.47,54.25
Human Dominant_43,R3,2026-09-09T09:58:08.817111Z,shot_hit,16,1072,750,1066,754,414,745,6.79,657.11,651.88,human,NA,0.99,3.14,151.37,137.46,52.08,130.47,54.25
Human Dominant_43,R3,2026-09-09T09:58:08.818146Z,flight_spawn,17,775,-20,1066,754,414,745,827.59,846.13,651.88,system,NA,0.506,2.94,47.12,137.46,52.08,130.47,54.25
Human Dominant_43,R3,2026-09-09T09:58:11.588041Z,human_signal,17,557,316,866,546,548,565,385.08,249.63,318.41,human,your_turn,0.393,2.94,137.45,139.03,-135.23,76.24,180.0
Human Dominant_43,R3,2026-09-09T09:58:11.589259Z,behavior_monitor,17,557,316,866,546,548,565,385.08,249.63,318.41,system,NA,0.393,2.94,137.45,139.03,-135.23,76.24,180.0
Human Dominant_43,R3,2026-09-09T09:58:11.589687Z,human_signal,17,555,318,864,544,548,565,383.66,247.57,316.84,human,your_turn,0.392,2.94,137.45,139.03,-135.23,76.24,180.0
Human Dominant_43,R3,2026-09-09T09:58:12.096871Z,behavior_monitor,17,538,399,823,506,520,565,304.77,167.54,309.1,system,NA,0.355,2.94,95.44,0.0,-138.74,0.0,180.0
Human Dominant_43,R3,2026-09-09T09:58:12.607959Z,behavior_monitor,17,494,464,863,481,486,565,369.78,102.13,386.69,system,NA,0.216,2.94,167.14,133.54,-66.24,116.87,171.23
Human Dominant_43,R3,2026-09-09T09:58:13.119498Z,behavior_monitor,17,419,505,854,417,435,565,443.6,62.49,444.29,system,NA,0.123,2.94,137.49,139.28,-131.06,99.11,180.0
Human Dominant_43,R3,2026-09-09T09:58:13.462133Z,shot_hit,17,382,554,826,389,400,565,472.84,20.8,460.97,agent,NA,0.042,2.94,109.02,0.0,-131.3,99.11,180.0
Human Dominant_43,R3,2026-09-09T09:58:13.463151Z,flight_spawn,18,761,-20,826,389,400,565,415.0,688.51,460.97,system,NA,0.624,3.28,127.53,0.0,-131.3,99.11,180.0
Human Dominant_43,R3,2026-09-09T09:58:14.521324Z,human_signal,18,621,123,789,389,455,566,314.55,473.29,377.61,human,i_can,0.601,3.28,151.5,0.0,180.0,76.24,0.0
Human Dominant_43,R3,2026-09-09T09:58:14.538093Z,behavior_monitor,18,621,123,789,389,456,566,314.55,472.95,376.75,system,NA,0.601,3.28,151.5,0.0,180.0,57.18,0.0
Human Dominant_43,R3,2026-09-09T09:58:15.049693Z,behavior_monitor,18,533,170,760,389,485,565,315.77,397.82,326.72,system,NA,0.557,3.28,151.5,129.41,180.0,33.78,-26.39
Human Dominant_43,R3,2026-09-09T09:58:15.562838Z,behavior_monitor,18,452,223,730,389,486,565,324.44,343.49,300.6,system,NA,0.514,3.28,124.26,0.0,180.0,0.0,-102.6
Human Dominant_43,R3,2026-09-09T09:58:15.579133Z,human_signal,18,450,226,730,389,486,565,324.14,340.91,300.6,human,your_turn,0.513,3.28,124.26,0.0,180.0,0.0,-102.6
Human Dominant_43,R3,2026-09-09T09:58:15.579727Z,human_signal,18,449,228,730,389,486,565,324.34,338.41,300.6,human,your_turn,0.511,3.28,96.62,0.0,180.0,0.0,-102.6
Human Dominant_43,R3,2026-09-09T09:58:16.073375Z,behavior_monitor,18,414,312,696,378,437,565,289.29,254.48,319.05,system,NA,0.468,3.28,128.25,115.54,-138.38,99.11,180.0
Human Dominant_43,R3,2026-09-09T09:58:16.585406Z,behavior_monitor,18,350,389,694,379,387,565,344.14,179.49,359.26,system,NA,0.343,3.28,128.25,114.46,90.0,99.11,180.0
Human Dominant_43,R3,2026-09-09T09:58:17.095617Z,behavior_monitor,18,311,475,694,433,336,565,385.11,92.64,381.51,system,NA,0.194,3.28,124.35,0.0,90.0,99.11,180.0
Human Dominant_43,R3,2026-09-09T09:58:17.607301Z,behavior_monitor,18,232,529,694,433,285,565,471.73,64.07,429.6,system,NA,0.12,3.28,148.54,0.0,90.0,99.11,180.0
Human Dominant_43,R3,2026-09-09T09:58:18.117745Z,behavior_monitor,18,169,604,639,433,235,597,499.98,65.74,436.4,system,NA,0.116,3.28,128.23,51.8,180.0,169.61,125.75
Human Dominant_43,R3,2026-09-09T09:58:18.628571Z,behavior_monitor,18,92,661,638,399,184,654,606.5,92.51,521.26,system,NA,0.132,3.28,124.2,0.0,-90.0,169.61,125.75
Human Dominant_43,R3,2026-09-09T09:58:19.141569Z,behavior_monitor,18,32,743,638,399,134,724,696.72,102.83,600.48,system,NA,0.129,3.28,124.2,0.0,-90.0,169.61,125.75
Human Dominant_43,R3,2026-09-09T09:58:19.651383Z,behavior_monitor,18,44,832,638,399,83,794,736.11,54.84,681.94,system,NA,0.069,3.28,49.76,0.0,-90.0,169.61,125.75
Human Dominant_43,R3,2026-09-09T09:58:19.839667Z,shot_miss,18,66,863,638,399,63,822,736.47,40.6,714.29,agent,NA,0.052,3.28,49.76,0.0,-90.0,169.61,125.75
Human Dominant_43,R3,2026-09-09T09:58:20.077330Z,shot_miss,18,80,905,638,399,56,855,753.9,55.49,739.48,agent,NA,0.069,3.28,72.27,0.0,-90.0,137.65,90.0
Human Dominant_43,R3,2026-09-09T09:58:20.162466Z,behavior_monitor,18,86,917,638,399,61,864,757.52,58.01,741.35,system,NA,0.071,3.28,45.98,0.0,-90.0,169.61,54.25
Human Dominant_43,R3,2026-09-09T09:58:20.400757Z,flight_missed,18,119,952,638,399,87,899,759.16,61.98,744.99,system,NA,0.075,3.28,45.98,0.0,-90.0,169.61,54.25
Human Dominant_43,R3,2026-09-09T09:58:20.401933Z,flight_spawn,19,829,-20,638,399,87,899,460.34,1181.87,744.99,system,NA,0.72,2.83,45.12,0.0,-90.0,169.61,54.25
Human Dominant_43,R3,2026-09-09T09:58:21.439733Z,human_signal,19,893,134,747,427,139,827,327.11,1024.61,728.7,human,i_can,0.758,2.83,75.0,135.15,-16.77,130.47,-54.25
Human Dominant_43,R3,2026-09-09T09:58:21.456468Z,behavior_monitor,19,893,134,747,427,140,826,327.11,1022.98,727.14,system,NA,0.758,2.83,75.0,134.48,-15.79,97.85,-54.25
Human Dominant_43,R3,2026-09-09T09:58:21.965152Z,behavior_monitor,19,920,214,813,432,169,786,243.08,944.04,734.76,system,NA,0.795,2.83,52.21,136.88,24.05,97.85,-54.25
Human Dominant_43,R3,2026-09-09T09:58:22.476674Z,behavior_monitor,19,967,285,876,461,182,767,198.58,920.69,758.18,system,NA,0.823,2.83,76.92,137.51,25.01,0.0,-12.02
Human Dominant_43,R3,2026-09-09T09:58:22.987534Z,behavior_monitor,19,942,365,923,459,182,766,95.77,859.12,802.47,system,NA,0.9,2.83,98.36,136.87,-127.55,0.0,-98.06
Human Dominant_43,R3,2026-09-09T09:58:23.496662Z,behavior_monitor,19,964,445,939,421,206,734,34.9,811.41,797.5,system,NA,0.959,2.83,69.77,129.41,0.0,130.47,-54.25
Human Dominant_43,R3,2026-09-09T09:58:23.513007Z,shot_miss,19,965,448,942,421,207,732,35.89,809.39,797.63,human,NA,0.958,2.83,69.77,129.41,0.0,130.47,-54.25
Human Dominant_43,R3,2026-09-09T09:58:24.007783Z,behavior_monitor,19,1010,517,946,479,245,680,73.64,781.69,729.64,system,NA,0.914,2.83,43.7,136.27,108.26,130.47,-54.25
Human Dominant_43,R3,2026-09-09T09:58:24.519020Z,behavior_monitor,19,1078,564,951,545,284,626,128.86,797.0,672.02,system,NA,0.861,2.83,19.08,127.42,63.48,123.22,-54.25
Human Dominant_43,R3,2026-09-09T09:58:25.030343Z,behavior_monitor,19,1155,600,995,599,323,595,159.94,831.89,671.95,system,NA,0.839,2.83,20.8,137.68,48.1,130.47,54.25
Human Dominant_43,R3,2026-09-09T09:58:25.540476Z,behavior_monitor,19,1236,631,1055,619,362,625,180.79,874.1,693.7,system,NA,0.829,2.83,20.8,129.41,0.0,76.24,0.0
Human Dominant_43,R3,2026-09-09T09:58:26.051253Z,behavior_monitor,19,1317,661,1121,619,401,655,200.35,916.76,721.77,system,NA,0.821,2.83,20.8,129.41,0.0,98.7,3.74
Human Dominant_43,R3,2026-09-09T09:58:28.847956Z,shot_miss,19,1389,918,1359,873,614,910,53.67,775.24,746.47,human,NA,0.935,2.12,166.53,134.39,15.65,143.6,57.3
Human Dominant_43,R3,2026-09-09T09:58:29.577401Z,flight_missed,19,1312,952,1368,865,671,910,103.64,642.34,698.89,system,NA,0.861,2.12,134.82,140.16,-119.57,76.24,0.0
Human Dominant_43,R3,2026-09-09T09:58:29.578603Z,flight_spawn,20,1258,-20,1368,865,671,910,892.55,1100.13,698.89,system,NA,0.552,2.83,135.0,140.16,-119.57,76.24,0.0
Human Dominant_43,R3,2026-09-09T09:58:34.487426Z,human_signal,20,538,291,866,487,619,565,382.58,286.06,259.35,human,your_turn,0.428,2.83,146.34,129.41,180.0,76.24,180.0
Human Dominant_43,R3,2026-09-09T09:58:34.488446Z,behavior_monitor,20,538,291,866,487,619,565,382.58,286.06,259.35,system,NA,0.428,2.83,146.34,129.41,180.0,76.24,180.0
Human Dominant_43,R3,2026-09-09T09:58:34.488902Z,human_signal,20,535,292,864,487,619,565,382.32,285.37,257.25,human,your_turn,0.427,2.83,146.34,129.41,180.0,76.24,180.0
Human Dominant_43,R3,2026-09-09T09:58:34.999968Z,behavior_monitor,20,480,353,807,460,569,565,344.07,230.25,259.66,system,NA,0.401,2.83,135.06,139.73,-125.77,99.11,180.0
Human Dominant_43,R3,2026-09-09T09:58:35.512444Z,behavior_monitor,20,460,430,790,433,518,565,330.19,147.17,302.6,system,NA,0.308,2.83,61.29,0.0,-90.0,99.11,180.0
Human Dominant_43,R3,2026-09-09T09:58:36.022088Z,behavior_monitor,20,481,510,784,399,469,565,322.89,56.39,356.5,system,NA,0.149,2.83,86.61,119.45,-90.0,99.11,180.0
Human Dominant_43,R3,2026-09-09T09:58:36.227021Z,shot_hit,20,483,547,784,394,464,565,337.72,26.51,363.16,agent,NA,0.073,2.83,86.61,0.0,-90.0,0.0,180.0
Human Dominant_43,R4,2026-09-09T09:58:43.099853Z,flight_spawn,1,891,-20,784,394,464,565,428.26,725.07,363.16,system,NA,0.629,3.31,127.2,0.0,-90.0,0.0,180.0
Human Dominant_43,R4,2026-09-09T09:58:49.912897Z,human_signal,1,771,450,875,534,620,565,134.35,189.37,257.16,human,i_can,0.585,3.31,42.66,129.41,180.0,76.24,0.0
Human Dominant_43,R4,2026-09-09T09:58:49.929583Z,behavior_monitor,1,771,450,875,534,621,565,134.35,188.6,256.2,system,NA,0.584,3.31,42.66,129.41,180.0,57.18,0.0
Human Dominant_43,R4,2026-09-09T09:58:50.287541Z,shot_miss,1,818,498,862,518,642,565,47.8,188.9,224.97,human,NA,0.798,3.31,25.4,137.12,-70.69,57.18,0.0
Human Dominant_43,R4,2026-09-09T09:58:50.437791Z,behavior_monitor,1,839,517,860,500,650,565,26.45,195.0,219.46,system,NA,0.881,3.31,53.55,118.66,-130.35,57.18,0.0
Human Dominant_43,R4,2026-09-09T09:58:50.661320Z,shot_miss,1,875,538,832,489,663,565,64.34,213.51,185.73,human,NA,0.768,3.31,25.68,127.88,-162.9,54.0,0.0
Human Dominant_43,R4,2026-09-09T09:58:50.950327Z,behavior_monitor,1,929,562,834,524,664,565,102.46,264.91,174.77,system,NA,0.721,3.31,25.68,135.41,69.36,0.0,0.0
Human Dominant_43,R4,2026-09-09T09:58:51.460350Z,behavior_monitor,1,1019,605,884,572,664,565,139.71,357.98,220.04,system,NA,0.719,3.31,25.68,136.56,37.92,0.0,0.0
Human Dominant_43,R4,2026-09-09T09:58:51.970677Z,behavior_monitor,1,1087,670,941,613,695,608,156.96,396.24,245.45,system,NA,0.716,3.31,46.28,136.36,25.83,130.47,54.25
Human Dominant_43,R4,2026-09-09T09:58:52.480058Z,behavior_monitor,1,1166,721,988,661,734,663,187.73,435.92,253.93,system,NA,0.699,3.31,41.31,137.06,64.54,130.47,54.25
Human Dominant_43,R4,2026-09-09T09:58:52.990565Z,behavior_monitor,1,1251,765,1017,725,773,717,236.93,480.3,244.46,system,NA,0.67,3.31,11.5,137.57,65.82,130.47,54.25
Human Dominant_43,R4,2026-09-09T09:58:53.501763Z,behavior_monitor,1,1344,792,1061,770,812,771,283.72,532.06,248.75,system,NA,0.652,3.31,37.34,137.5,0.0,138.63,54.25
Human Dominant_43,R4,2026-09-09T09:58:54.013124Z,behavior_monitor,1,1426,847,1127,770,852,826,308.71,574.09,280.03,system,NA,0.65,3.31,16.63,129.41,0.0,130.47,54.25
Human Dominant_43,R4,2026-09-09T09:58:54.524798Z,behavior_monitor,1,1409,864,1193,770,891,860,235.39,517.32,314.33,system,NA,0.687,1.99,178.68,129.41,0.0,76.24,0.0
Human Dominant_43,R4,2026-09-09T09:58:55.682127Z,shot_hit,1,1288,906,1284,885,979,901,21.76,308.62,304.74,human,NA,0.934,1.99,147.12,138.54,65.81,76.24,0.0
Human Dominant_43,R4,2026-09-09T09:58:55.683252Z,flight_spawn,2,237,-20,1284,885,979,901,1383.75,1183.19,304.74,system,NA,0.461,3.11,129.99,138.54,65.81,76.24,0.0
Human Dominant_43,R4,2026-09-09T09:58:57.296302Z,human_signal,2,41,118,1230,750,938,844,1346.68,1153.77,307.1,human,your_turn,0.461,2.31,75.15,140.16,-118.38,130.47,-125.75
Human Dominant_43,R4,2026-09-09T09:58:57.297937Z,behavior_monitor,2,41,118,1230,750,938,844,1346.68,1153.77,307.1,system,NA,0.461,2.31,75.15,140.15,-118.82,130.47,-125.75
Human Dominant_43,R4,2026-09-09T09:58:57.298488Z,human_signal,2,41,120,1229,748,938,844,1343.27,1152.03,306.65,human,your_turn,0.462,2.31,75.15,140.15,-118.82,130.47,-125.75
Human Dominant_43,R4,2026-09-09T09:58:57.806121Z,behavior_monitor,2,40,187,1190,692,888,774,1255.47,1030.86,313.29,system,NA,0.451,2.31,96.68,138.4,-134.81,169.61,-125.75
Human Dominant_43,R4,2026-09-09T09:58:58.318964Z,behavior_monitor,2,35,255,1137,645,837,704,1169.18,919.22,305.43,system,NA,0.44,2.31,92.74,138.27,-139.59,169.61,-125.75
Human Dominant_43,R4,2026-09-09T09:58:58.830887Z,behavior_monitor,2,23,318,1083,600,787,633,1096.22,825.85,298.03,system,NA,0.43,2.11,70.16,138.27,-139.59,169.61,-125.75
Human Dominant_43,R4,2026-09-09T09:58:59.343322Z,behavior_monitor,2,58,371,1029,554,737,565,988.03,705.72,292.67,system,NA,0.417,2.11,48.64,139.34,-140.57,99.11,180.0
Human Dominant_43,R4,2026-09-09T09:58:59.852918Z,behavior_monitor,2,79,429,972,514,686,565,897.78,622.45,290.75,system,NA,0.409,2.11,74.27,117.89,-151.31,99.11,180.0
Human Dominant_43,R4,2026-09-09T09:59:00.363758Z,behavior_monitor,2,125,465,915,486,635,565,790.36,520.42,290.38,system,NA,0.397,2.11,25.62,135.25,-154.83,91.25,164.96
Human Dominant_43,R4,2026-09-09T09:59:00.872228Z,behavior_monitor,2,184,480,852,457,584,565,668.9,409.77,288.92,system,NA,0.38,2.11,1.3,135.48,-154.84,99.11,180.0
Human Dominant_43,R4,2026-09-09T09:59:01.376675Z,behavior_monitor,2,251,481,800,431,534,565,551.84,295.11,298.51,system,NA,0.348,2.11,1.3,0.0,180.0,105.3,180.0
Human Dominant_43,R4,2026-09-09T09:59:01.883497Z,behavior_monitor,2,309,497,800,431,483,565,495.4,186.89,344.21,system,NA,0.274,2.11,24.23,0.0,180.0,99.11,180.0
Human Dominant_43,R4,2026-09-09T09:59:02.682453Z,shot_hit,2,405,539,800,431,402,566,409.65,27.12,420.17,agent,NA,0.062,2.11,24.23,0.0,180.0,99.11,180.0
Human Dominant_43,R4,2026-09-09T09:59:02.683142Z,flight_spawn,3,980,-20,800,431,402,566,486.12,822.87,420.17,system,NA,0.629,2.83,135.0,0.0,180.0,99.11,180.0
Human Dominant_43,R4,2026-09-09T09:59:03.738749Z,human_signal,3,946,147,852,445,459,566,311.96,641.92,411.0,human,i_can,0.673,2.83,84.13,135.97,17.87,76.24,0.0
Human Dominant_43,R4,2026-09-09T09:59:03.755890Z,behavior_monitor,3,946,147,852,445,460,566,311.96,641.19,410.07,system,NA,0.673,2.83,84.13,135.48,17.22,57.18,0.0
Human Dominant_43,R4,2026-09-09T09:59:04.269644Z,behavior_monitor,3,964,228,918,457,489,565,232.87,582.34,442.26,system,NA,0.714,2.83,108.09,129.41,0.0,57.18,0.0
Human Dominant_43,R4,2026-09-09T09:59:04.778029Z,behavior_monitor,3,911,297,963,457,503,565,167.43,488.02,471.98,system,NA,0.745,2.83,135.21,0.0,0.0,0.0,-46.34
Human Dominant_43,R4,2026-09-09T09:59:05.289825Z,behavior_monitor,3,851,358,909,492,503,564,145.93,404.63,412.25,system,NA,0.735,2.83,168.36,136.61,161.32,0.0,-44.5
Human Dominant_43,R4,2026-09-09T09:59:05.799327Z,behavior_monitor,3,777,394,843,497,541,564,121.8,291.5,309.49,system,NA,0.705,2.83,127.68,129.41,180.0,76.24,0.0
Human Dominant_43,R4,2026-09-09T09:59:06.309889Z,behavior_monitor,3,724,461,777,497,579,564,63.68,177.11,208.25,system,NA,0.736,2.83,154.45,129.41,180.0,76.24,0.0
Human Dominant_43,R4,2026-09-09T09:59:06.717454Z,shot_miss,3,670,499,724,497,611,564,53.61,87.69,131.4,human,NA,0.621,2.83,124.55,129.41,180.0,76.24,0.0
Human Dominant_43,R4,2026-09-09T09:59:06.819775Z,behavior_monitor,3,658,510,711,497,619,564,53.79,67.11,113.85,system,NA,0.555,2.83,145.15,129.41,180.0,76.24,0.0
Human Dominant_43,R4,2026-09-09T09:59:07.195318Z,shot_hit,3,602,539,668,493,606,564,80.23,24.69,94.05,agent,NA,0.235,2.83,167.28,47.87,-90.0,76.24,180.0
Human Dominant_43,R4,2026-09-09T09:59:07.196515Z,flight_spawn,4,850,-20,668,493,606,564,544.72,633.01,94.05,system,NA,0.537,2.83,135.0,47.87,-90.0,76.24,180.0
Human Dominant_43,R4,2026-09-09T09:59:08.861992Z,human_signal,4,850,241,797,453,708,564,219.25,353.45,142.11,human,i_can,0.617,2.83,86.18,129.41,0.0,76.24,0.0
Human Dominant_43,R4,2026-09-09T09:59:08.878601Z,behavior_monitor,4,850,241,797,453,709,564,219.25,353.06,141.5,system,NA,0.617,2.83,86.18,129.41,0.0,57.18,0.0
Human Dominant_43,R4,2026-09-09T09:59:09.390632Z,behavior_monitor,4,850,324,863,453,738,564,130.08,265.31,166.94,system,NA,0.671,2.83,113.63,129.41,0.0,57.18,0.0
Human Dominant_43,R4,2026-09-09T09:59:09.900441Z,behavior_monitor,4,813,401,833,426,751,563,31.64,173.53,159.55,system,NA,0.846,2.83,113.63,134.58,-164.07,0.0,0.0
Human Dominant_43,R4,2026-09-09T09:59:10.088317Z,shot_hit,4,810,431,809,424,752,564,7.73,144.7,151.08,human,NA,0.949,2.83,91.49,129.41,180.0,0.0,53.95
Human Dominant_43,R4,2026-09-09T09:59:10.089328Z,flight_spawn,5,403,-20,809,424,752,564,601.94,680.58,151.08,system,NA,0.531,2.83,45.0,129.41,180.0,0.0,53.95
Human Dominant_43,R4,2026-09-09T09:59:11.788553Z,human_signal,5,586,191,950,436,652,562,437.79,376.2,323.44,human,your_turn,0.462,2.83,50.49,36.02,0.0,72.0,180.0
Human Dominant_43,R4,2026-09-09T09:59:11.789262Z,behavior_monitor,5,586,191,950,436,652,562,437.79,376.2,323.44,system,NA,0.462,2.83,50.49,33.57,0.0,76.24,180.0
Human Dominant_43,R4,2026-09-09T09:59:11.789684Z,human_signal,5,589,194,950,436,652,562,434.64,373.65,323.44,human,your_turn,0.462,2.83,50.49,33.57,0.0,76.24,180.0
Human Dominant_43,R4,2026-09-09T09:59:12.297372Z,behavior_monitor,5,641,257,950,436,618,562,356.92,305.91,354.72,system,NA,0.462,2.83,50.49,0.0,0.0,99.11,0.0
Human Dominant_43,R4,2026-09-09T09:59:12.805339Z,behavior_monitor,5,717,278,950,436,669,562,280.76,288.21,307.96,system,NA,0.507,2.83,2.44,0.0,0.0,99.11,0.0
Human Dominant_43,R4,2026-09-09T09:59:13.130234Z,human_signal,5,772,287,950,436,700,562,232.02,283.77,279.12,human,i_can,0.55,2.83,19.88,0.0,0.0,99.11,0.0
Human Dominant_43,R4,2026-09-09T09:59:13.317897Z,behavior_monitor,5,797,294,950,436,711,562,208.37,281.82,269.62,system,NA,0.575,2.83,6.6,0.0,0.0,57.18,0.0
Human Dominant_43,R4,2026-09-09T09:59:13.828626Z,behavior_monitor,5,872,334,950,436,740,562,128.12,263.27,244.45,system,NA,0.673,2.83,36.77,0.0,0.0,57.18,0.0
Human Dominant_43,R4,2026-09-09T09:59:14.338523Z,behavior_monitor,5,945,376,969,474,744,562,101.17,274.19,242.27,system,NA,0.73,2.83,10.04,47.5,-90.0,0.0,-166.68
Human Dominant_43,R4,2026-09-09T09:59:14.849689Z,behavior_monitor,5,1026,400,995,415,775,563,34.75,299.25,264.79,system,NA,0.896,2.83,31.41,140.7,-38.12,76.24,0.0
Human Dominant_43,R4,2026-09-09T09:59:15.361385Z,shot_miss,5,1097,441,1047,426,814,563,52.68,308.25,270.15,human,NA,0.854,2.83,34.72,131.75,64.19,76.24,0.0
Human Dominant_43,R4,2026-09-09T09:59:15.362138Z,behavior_monitor,5,1097,441,1047,426,814,563,52.68,308.25,270.15,system,NA,0.854,2.83,34.72,131.75,64.19,76.24,0.0
Human Dominant_43,R4,2026-09-09T09:59:15.874705Z,behavior_monitor,5,1185,460,1080,486,853,563,108.49,347.01,238.85,system,NA,0.762,2.83,12.41,137.02,46.03,76.24,0.0
Human Dominant_43,R4,2026-09-09T09:59:16.384262Z,behavior_monitor,5,1266,479,1142,501,892,563,125.94,383.0,257.27,system,NA,0.753,2.83,32.69,129.41,0.0,76.24,0.0
Human Dominant_43,R4,2026-09-09T09:59:16.895312Z,behavior_monitor,5,1343,499,1205,520,931,563,139.93,417.13,277.21,system,NA,0.749,2.83,18.16,137.24,38.66,76.24,0.0
Human Dominant_43,R4,2026-09-09T09:59:17.405508Z,behavior_monitor,5,1425,520,1256,568,970,563,175.76,457.07,285.84,system,NA,0.722,2.83,10.44,137.55,43.76,76.24,0.0
Human Dominant_43,R4,2026-09-09T09:59:17.916694Z,behavior_monitor,5,1419,545,1308,615,1009,563,130.75,409.77,303.2,system,NA,0.758,1.83,152.33,137.31,39.35,76.24,0.0
Human Dominant_43,R4,2026-09-09T09:59:18.650071Z,shot_hit,5,1353,577,1346,572,1065,572,8.29,288.71,281.58,human,NA,0.972,1.83,155.82,134.86,-16.35,76.24,0.0
Human Dominant_43,R4,2026-09-09T09:59:18.651227Z,flight_spawn,6,530,-20,1346,572,1065,572,1008.93,798.4,281.58,system,NA,0.442,3.01,131.64,134.86,-16.35,76.24,0.0
Human Dominant_43,R4,2026-09-09T09:59:19.669281Z,human_signal,6,433,127,1320,515,1013,564,967.84,726.44,310.52,human,your_turn,0.429,3.01,114.07,0.0,-129.59,79.24,-159.16
Human Dominant_43,R4,2026-09-09T09:59:19.669846Z,behavior_monitor,6,433,127,1320,515,1013,564,967.84,726.44,310.52,system,NA,0.429,3.01,114.07,0.0,-129.59,76.24,180.0
Human Dominant_43,R4,2026-09-09T09:59:19.670343Z,human_signal,6,432,130,1320,515,1013,564,967.38,725.35,310.52,human,your_turn,0.429,3.01,114.07,0.0,-129.59,76.24,180.0
Human Dominant_43,R4,2026-09-09T09:59:20.179271Z,behavior_monitor,6,420,213,1302,510,962,564,930.69,645.66,344.03,system,NA,0.41,3.01,88.86,135.75,-162.42,99.11,180.0
Human Dominant_43,R4,2026-09-09T09:59:20.690710Z,behavior_monitor,6,430,303,1236,504,912,565,831.41,549.2,329.77,system,NA,0.398,3.01,90.91,129.41,180.0,99.11,180.0
Human Dominant_43,R4,2026-09-09T09:59:21.199394Z,behavior_monitor,6,440,390,1170,504,863,566,738.71,457.22,313.86,system,NA,0.382,3.01,69.18,129.41,180.0,99.11,180.0
Human Dominant_43,R4,2026-09-09T09:59:21.709306Z,behavior_monitor,6,509,440,1106,504,812,566,600.65,327.71,300.89,system,NA,0.353,3.01,50.61,64.48,180.0,99.11,180.0
Human Dominant_43,R4,2026-09-09T09:59:22.219262Z,behavior_monitor,6,578,491,1106,504,761,565,528.92,197.85,350.73,system,NA,0.272,3.01,7.55,0.0,180.0,99.11,180.0
Human Dominant_43,R4,2026-09-09T09:59:22.729593Z,behavior_monitor,6,665,519,1065,504,710,566,400.8,65.09,360.49,system,NA,0.14,3.01,34.79,0.0,180.0,99.11,180.0
Human Dominant_43,R4,2026-09-09T09:59:23.086069Z,shot_hit,6,722,552,1065,504,693,565,346.6,32.02,377.51,agent,NA,0.085,3.01,5.4,0.0,180.0,99.11,0.0
Human Dominant_43,R4,2026-09-09T09:59:23.087020Z,flight_spawn,7,537,-20,1065,504,693,565,744.22,606.1,377.51,system,NA,0.449,2.83,45.0,0.0,180.0,99.11,0.0
Human Dominant_43,R4,2026-09-09T09:59:24.686521Z,human_signal,7,652,188,991,464,622,565,437.18,377.83,382.74,human,i_can,0.464,2.83,19.74,0.0,180.0,76.24,0.0
Human Dominant_43,R4,2026-09-09T09:59:24.703355Z,behavior_monitor,7,652,188,991,464,623,565,437.18,377.76,381.81,system,NA,0.464,2.83,19.74,0.0,180.0,57.18,0.0
Human Dominant_43,R4,2026-09-09T09:59:25.215226Z,behavior_monitor,7,736,203,991,464,652,565,364.86,371.85,353.77,system,NA,0.505,2.83,19.32,0.0,180.0,57.18,0.0
Human Dominant_43,R4,2026-09-09T09:59:25.725435Z,behavior_monitor,7,816,231,975,448,665,565,269.37,366.35,330.72,system,NA,0.576,2.83,19.32,134.37,-152.2,0.0,0.0
Human Dominant_43,R4,2026-09-09T09:59:26.234924Z,behavior_monitor,7,881,279,964,465,665,565,203.99,358.16,315.04,system,NA,0.637,2.83,47.64,129.41,90.0,0.0,0.0
Human Dominant_43,R4,2026-09-09T09:59:26.745010Z,behavior_monitor,7,946,335,964,486,704,565,152.44,333.69,271.59,system,NA,0.686,2.83,26.27,73.53,-90.0,76.24,0.0
Human Dominant_43,R4,2026-09-09T09:59:27.254153Z,behavior_monitor,7,1019,374,995,432,743,565,63.2,335.5,284.88,system,NA,0.841,2.83,31.56,126.68,-33.78,76.24,0.0
Human Dominant_43,R4,2026-09-09T09:59:27.765535Z,behavior_monitor,7,1091,416,1061,437,782,565,36.25,342.64,306.88,system,NA,0.904,2.83,39.42,135.64,17.43,76.24,0.0
Human Dominant_43,R4,2026-09-09T09:59:27.867973Z,shot_miss,7,1104,427,1074,442,790,565,33.92,343.58,309.68,human,NA,0.91,2.83,39.42,135.07,20.95,76.24,0.0
Human Dominant_43,R4,2026-09-09T09:59:28.275201Z,behavior_monitor,7,1164,453,1118,473,821,565,49.89,361.08,311.43,system,NA,0.879,2.83,15.6,132.96,38.83,76.24,0.0
Human Dominant_43,R4,2026-09-09T09:59:28.787504Z,behavior_monitor,7,1253,474,1175,510,860,564,86.49,403.56,319.52,system,NA,0.823,2.83,13.2,134.0,31.13,76.24,0.0
Human Dominant_43,R4,2026-09-09T09:59:29.299975Z,behavior_monitor,7,1330,506,1234,545,899,564,104.14,435.84,335.89,system,NA,0.807,2.83,32.01,134.26,29.74,76.24,0.0
Human Dominant_43,R4,2026-09-09T09:59:31.408125Z,shot_hit,7,1356,658,1366,654,1058,653,10.58,297.93,307.67,human,NA,0.966,1.7,161.15,129.41,-90.0,76.24,0.0
Human Dominant_43,R4,2026-09-09T09:59:31.410362Z,flight_spawn,8,781,-20,1366,654,1058,653,892.78,728.7,307.67,system,NA,0.449,3.13,50.29,129.41,-90.0,76.24,0.0
Human Dominant_43,R4,2026-09-09T09:59:32.805661Z,human_signal,8,733,179,1259,549,977,566,642.74,457.2,282.54,human,your_turn,0.416,3.13,151.74,137.18,-150.06,76.24,180.0
Human Dominant_43,R4,2026-09-09T09:59:32.806734Z,behavior_monitor,8,733,179,1259,549,977,566,642.74,457.2,282.54,system,NA,0.416,3.13,151.74,137.18,-150.06,76.24,180.0
Human Dominant_43,R4,2026-09-09T09:59:32.807169Z,human_signal,8,730,180,1257,548,977,566,642.35,457.77,280.59,human,your_turn,0.416,3.13,177.77,137.18,-150.06,76.24,180.0
Human Dominant_43,R4,2026-09-09T09:59:33.316146Z,behavior_monitor,8,644,208,1198,515,926,566,633.01,455.71,276.45,system,NA,0.419,3.13,134.06,136.88,-152.87,99.11,180.0
Human Dominant_43,R4,2026-09-09T09:59:33.827100Z,behavior_monitor,8,594,284,1132,490,876,566,576.38,398.12,267.94,system,NA,0.409,3.13,114.8,136.87,-161.0,99.11,180.0
Human Dominant_43,R4,2026-09-09T09:59:34.338256Z,behavior_monitor,8,550,370,1089,472,825,566,549.08,337.46,280.9,system,NA,0.381,3.13,114.8,0.0,-90.0,93.6,180.0
Human Dominant_43,R4,2026-09-09T09:59:34.849086Z,behavior_monitor,8,513,455,1089,472,774,565,576.25,283.42,328.68,system,NA,0.33,3.13,114.8,0.0,-90.0,99.11,180.0
Human Dominant_43,R4,2026-09-09T09:59:35.358653Z,behavior_monitor,8,459,530,1075,472,724,566,618.58,267.57,363.07,system,NA,0.302,3.13,109.23,129.41,180.0,99.11,180.0
Human Dominant_43,R4,2026-09-09T09:59:35.869221Z,behavior_monitor,8,449,621,1009,472,673,603,579.17,224.56,360.39,system,NA,0.279,3.13,87.75,122.22,180.0,160.19,125.75
Human Dominant_43,R4,2026-09-09T09:59:36.380720Z,behavior_monitor,8,435,713,1000,466,622,673,616.07,190.37,431.36,system,NA,0.236,3.13,81.68,0.0,-90.0,169.61,125.75
Human Dominant_43,R4,2026-09-09T09:59:36.890222Z,behavior_monitor,8,442,802,980,466,571,743,634.55,142.32,493.78,system,NA,0.183,3.13,86.32,129.41,180.0,169.61,125.75
Human Dominant_43,R4,2026-09-09T09:59:37.402422Z,behavior_monitor,8,391,872,914,466,520,813,662.23,141.85,525.21,system,NA,0.176,3.13,165.18,129.41,180.0,164.54,115.45
Human Dominant_43,R4,2026-09-09T09:59:38.438405Z,flight_missed,8,219,952,850,466,416,910,796.79,201.81,620.67,system,NA,0.202,3.13,133.33,0.0,180.0,99.11,180.0
Human Dominant_43,R4,2026-09-09T09:59:38.439784Z,flight_spawn,9,154,-20,850,466,416,910,848.96,966.2,620.67,system,NA,0.532,3.6,56.24,0.0,180.0,99.11,180.0
Human Dominant_43,R4,2026-09-09T09:59:39.834760Z,human_signal,9,298,234,774,466,330,791,529.85,557.62,549.81,human,i_can,0.513,3.6,76.32,0.0,180.0,130.47,-125.75
Human Dominant_43,R4,2026-09-09T09:59:39.851171Z,behavior_monitor,9,298,234,774,466,330,789,529.85,556.22,549.8,system,NA,0.512,3.6,76.32,0.0,180.0,97.85,-125.75
Human Dominant_43,R4,2026-09-09T09:59:40.362113Z,behavior_monitor,9,290,337,736,466,300,749,464.66,412.0,519.6,system,NA,0.47,3.6,127.42,129.41,180.0,97.85,-125.75
Human Dominant_43,R4,2026-09-09T09:59:40.819661Z,human_signal,9,264,425,689,466,287,730,427.32,305.5,481.3,human,your_turn,0.417,3.6,74.23,0.0,180.0,0.0,-125.75
Human Dominant_43,R4,2026-09-09T09:59:40.820446Z,human_signal,9,265,429,689,466,287,730,426.09,301.98,481.3,human,your_turn,0.415,3.6,74.23,0.0,180.0,0.0,-125.75
Human Dominant_43,R4,2026-09-09T09:59:40.870395Z,behavior_monitor,9,266,436,689,466,282,723,423.9,287.63,481.75,system,NA,0.404,3.6,74.23,0.0,180.0,169.61,-125.75
Human Dominant_43,R4,2026-09-09T09:59:41.382213Z,behavior_monitor,9,300,539,688,450,276,653,398.32,115.91,459.08,system,NA,0.225,3.6,74.23,89.74,-90.0,137.65,-90.0
Human Dominant_43,R4,2026-09-09T09:59:41.756530Z,shot_hit,9,321,619,693,420,298,613,421.9,23.49,439.52,agent,NA,0.053,3.6,74.23,62.34,-45.37,0.0,0.0
Human Dominant_43,R4,2026-09-09T09:59:41.757323Z,flight_spawn,10,953,-20,693,420,298,613,511.52,911.3,439.52,system,NA,0.64,2.84,134.71,62.34,-45.37,0.0,0.0
Human Dominant_43,R4,2026-09-09T09:59:43.992095Z,human_signal,10,961,321,876,458,444,566,161.12,572.02,445.32,human,i_can,0.78,2.84,119.04,129.41,0.0,76.24,0.0
Human Dominant_43,R4,2026-09-09T09:59:44.008289Z,behavior_monitor,10,961,321,876,458,445,566,161.12,571.14,444.37,system,NA,0.78,2.84,119.04,129.41,0.0,57.18,0.0
Human Dominant_43,R4,2026-09-09T09:59:44.518413Z,behavior_monitor,10,919,396,942,470,475,565,77.48,475.43,476.68,system,NA,0.86,2.84,124.1,130.68,14.34,57.18,0.0
Human Dominant_43,R4,2026-09-09T09:59:44.909971Z,shot_hit,10,885,451,906,443,489,566,22.53,412.44,434.94,human,NA,0.948,2.84,124.1,136.17,-161.87,0.0,107.08
Human Dominant_43,R4,2026-09-09T09:59:44.911039Z,flight_spawn,11,878,-20,906,443,489,566,464.41,703.64,434.94,system,NA,0.602,2.83,45.0,136.17,-161.87,0.0,107.08
Human Dominant_43,R4,2026-09-09T09:59:48.214541Z,human_signal,11,1322,247,1213,512,713,566,286.75,687.88,502.89,human,i_can,0.706,2.83,17.31,129.41,0.0,76.24,0.0
Human Dominant_43,R4,2026-09-09T09:59:48.231698Z,behavior_monitor,11,1322,247,1213,512,714,566,286.75,687.02,501.93,system,NA,0.706,2.83,17.31,129.41,0.0,57.18,0.0
Human Dominant_43,R4,2026-09-09T09:59:48.743314Z,behavior_monitor,11,1405,267,1279,512,743,565,275.45,726.79,538.69,system,NA,0.725,2.83,8.63,129.41,0.0,55.24,-31.68
Human Dominant_43,R4,2026-09-09T09:59:49.255447Z,behavior_monitor,11,1425,280,1345,512,756,565,245.32,727.53,591.44,system,NA,0.748,1.73,165.8,129.41,0.0,32.88,-54.65
Human Dominant_43,R4,2026-09-09T09:59:49.765597Z,behavior_monitor,11,1374,292,1374,481,756,565,188.93,675.72,624.38,system,NA,0.782,1.73,171.06,130.87,-144.13,0.0,-54.65
Human Dominant_43,R4,2026-09-09T09:59:50.277042Z,behavior_monitor,11,1318,300,1309,476,792,564,176.16,589.0,524.55,system,NA,0.77,1.73,167.22,129.41,180.0,76.24,0.0
Human Dominant_43,R4,2026-09-09T09:59:50.786432Z,behavior_monitor,11,1268,319,1243,473,831,564,156.26,501.39,422.1,system,NA,0.762,1.73,144.38,142.94,-149.31,76.24,0.0
Human Dominant_43,R4,2026-09-09T09:59:51.299086Z,behavior_monitor,11,1224,349,1244,410,870,564,64.49,413.93,404.89,system,NA,0.865,1.73,144.38,129.41,-90.0,76.24,0.0
Human Dominant_43,R4,2026-09-09T09:59:51.809139Z,behavior_monitor,11,1176,369,1183,398,909,564,29.65,330.46,320.93,system,NA,0.918,1.73,165.3,122.22,180.0,72.0,0.0
Human Dominant_43,R4,2026-09-09T09:59:52.064065Z,shot_hit,11,1151,377,1150,398,928,564,20.79,291.03,277.51,human,NA,0.933,1.73,148.76,129.41,180.0,76.24,0.0
Human Dominant_43,R4,2026-09-09T09:59:52.065223Z,flight_spawn,12,542,-20,1150,398,928,564,738.43,700.62,277.51,system,NA,0.487,2.83,135.0,129.41,180.0,76.24,0.0
Human Dominant_43,R4,2026-09-09T09:59:53.085266Z,human_signal,12,476,128,1071,398,877,564,652.73,592.54,254.96,human,your_turn,0.476,2.83,132.71,0.0,180.0,76.24,180.0
Human Dominant_43,R4,2026-09-09T09:59:53.086312Z,behavior_monitor,12,476,128,1071,398,877,564,652.73,592.54,254.96,system,NA,0.476,2.83,132.71,0.0,180.0,76.24,180.0
Human Dominant_43,R4,2026-09-09T09:59:53.086781Z,human_signal,12,475,130,1071,398,877,564,653.0,591.85,254.96,human,your_turn,0.475,2.83,132.71,0.0,180.0,76.24,180.0
Human Dominant_43,R4,2026-09-09T09:59:53.596750Z,behavior_monitor,12,421,186,1058,394,827,564,670.0,555.25,286.52,system,NA,0.453,2.83,167.29,134.97,-156.86,78.71,165.32
Human Dominant_43,R4,2026-09-09T09:59:54.106213Z,behavior_monitor,12,339,217,993,374,776,564,672.92,558.59,288.86,system,NA,0.454,2.83,143.36,74.04,180.0,99.11,180.0
Human Dominant_43,R4,2026-09-09T09:59:54.617851Z,behavior_monitor,12,274,268,979,375,726,564,713.26,540.84,315.65,system,NA,0.431,2.83,143.36,135.33,162.99,99.11,180.0
Human Dominant_43,R4,2026-09-09T09:59:55.130140Z,behavior_monitor,12,244,336,915,404,675,565,673.74,487.55,288.5,system,NA,0.42,2.83,63.48,137.8,152.98,99.11,180.0
Human Dominant_43,R4,2026-09-09T09:59:55.639358Z,behavior_monitor,12,274,414,850,431,624,564,576.13,380.56,262.32,system,NA,0.398,2.83,68.99,136.44,161.53,99.11,180.0
Human Dominant_43,R4,2026-09-09T09:59:56.149591Z,behavior_monitor,12,305,493,784,433,573,564,482.48,277.28,247.79,system,NA,0.365,2.83,68.99,129.41,180.0,99.11,180.0
Human Dominant_43,R4,2026-09-09T09:59:56.660944Z,behavior_monitor,12,329,567,718,433,523,564,411.66,194.2,234.95,system,NA,0.321,2.83,90.13,129.41,180.0,99.11,180.0
Human Dominant_43,R4,2026-09-09T09:59:57.170801Z,behavior_monitor,12,315,650,680,433,472,632,424.81,158.66,287.52,system,NA,0.272,2.83,111.14,0.0,180.0,169.61,125.75
Human Dominant_43,R4,2026-09-09T09:59:57.682010Z,behavior_monitor,12,303,731,694,422,422,702,497.93,122.37,389.87,system,NA,0.197,2.83,108.68,112.75,-33.82,169.61,125.75
Human Dominant_43,R4,2026-09-09T09:59:58.824624Z,shot_miss,12,299,907,687,431,308,860,614.34,48.13,572.67,agent,NA,0.073,2.83,35.8,0.0,90.0,169.61,125.75
Human Dominant_43,R4,2026-09-09T09:59:58.995422Z,shot_miss,12,322,924,687,431,299,883,613.25,46.46,595.84,agent,NA,0.07,2.83,35.8,0.0,90.0,137.65,90.0
Human Dominant_43,R4,2026-09-09T09:59:59.317389Z,shot_miss,12,376,939,687,431,332,910,595.42,53.79,595.88,agent,NA,0.083,2.83,11.84,0.0,90.0,99.11,0.0
Human Dominant_43,R4,2026-09-09T09:59:59.504686Z,flight_missed,12,404,953,687,431,350,910,593.15,68.85,585.0,system,NA,0.104,2.83,33.53,0.0,90.0,99.11,0.0
Human Dominant_43,R4,2026-09-09T09:59:59.505815Z,flight_spawn,13,391,-20,687,431,350,910,540.75,930.88,585.0,system,NA,0.633,2.83,135.0,0.0,90.0,99.11,0.0
Human Dominant_43,R4,2026-09-09T10:00:04.788104Z,human_signal,13,258,471,404,431,209,565,151.06,106.41,237.05,human,your_turn,0.413,2.75,89.13,93.89,154.39,76.24,0.0
Human Dominant_43,R4,2026-09-09T10:00:04.789201Z,behavior_monitor,13,258,471,404,431,209,565,151.06,106.41,237.05,system,NA,0.413,2.75,89.13,0.0,154.39,76.24,0.0
Human Dominant_43,R4,2026-09-09T10:00:04.789602Z,human_signal,13,259,474,404,431,209,565,151.56,104.11,237.05,human,your_turn,0.407,2.75,89.13,0.0,154.39,76.24,0.0
Human Dominant_43,R4,2026-09-09T10:00:05.280326Z,shot_hit,13,220,540,406,397,207,566,235.03,28.74,261.14,agent,NA,0.109,2.75,134.58,130.91,-60.64,99.11,180.0
Human Dominant_43,R4,2026-09-09T10:00:05.280965Z,flight_spawn,14,866,-20,406,397,207,566,621.55,882.6,261.14,system,NA,0.587,2.83,135.0,130.91,-60.64,99.11,180.0
Human Dominant_43,R4,2026-09-09T10:00:06.759766Z,human_signal,14,805,206,522,401,293,566,343.19,625.69,282.54,human,i_can,0.646,2.83,85.75,129.41,0.0,76.24,0.0
Human Dominant_43,R4,2026-09-09T10:00:06.776291Z,behavior_monitor,14,805,206,522,401,294,566,343.19,624.9,281.75,system,NA,0.645,2.83,85.75,129.41,0.0,57.18,0.0
Human Dominant_43,R4,2026-09-09T10:00:07.289003Z,behavior_monitor,14,812,291,588,406,323,565,251.55,560.25,308.99,system,NA,0.69,2.83,85.75,135.92,20.8,57.18,0.0
Human Dominant_43,R4,2026-09-09T10:00:07.798277Z,behavior_monitor,14,821,376,638,452,336,566,198.05,520.99,323.02,system,NA,0.725,2.83,85.75,134.11,56.71,0.0,113.63
Human Dominant_43,R4,2026-09-09T10:00:08.309042Z,behavior_monitor,14,859,449,675,510,348,566,193.96,525.01,332.52,system,NA,0.73,2.83,40.08,136.45,53.63,76.24,0.0
Human Dominant_43,R4,2026-09-09T10:00:08.822963Z,behavior_monitor,14,927,502,717,566,387,565,219.68,544.01,330.17,system,NA,0.712,2.83,44.35,122.37,52.86,68.21,0.0
Human Dominant_43,R4,2026-09-09T10:00:09.331472Z,behavior_monitor,14,984,556,779,578,426,565,206.71,558.68,353.39,system,NA,0.73,2.83,70.81,129.41,0.0,76.24,0.0
Human Dominant_43,R4,2026-09-09T10:00:09.842671Z,behavior_monitor,14,1033,626,844,586,464,609,193.51,569.07,380.15,system,NA,0.746,2.83,47.04,137.06,52.24,130.47,54.25
Human Dominant_43,R4,2026-09-09T10:00:10.353290Z,behavior_monitor,14,1110,669,873,648,504,662,237.64,606.06,369.55,system,NA,0.718,2.83,1.96,136.83,65.0,130.47,54.25
Human Dominant_43,R4,2026-09-09T10:00:10.863447Z,behavior_monitor,14,1191,688,933,666,543,682,259.24,648.6,390.61,system,NA,0.714,2.83,23.5,129.41,0.0,130.47,54.25
Human Dominant_43,R4,2026-09-09T10:00:11.373439Z,behavior_monitor,14,1277,700,999,666,582,694,280.16,695.24,418.08,system,NA,0.713,2.83,25.24,129.41,0.0,76.24,0.0
Human Dominant_43,R4,2026-09-09T10:00:13.909447Z,shot_miss,14,1139,933,1164,875,775,910,63.86,364.56,390.47,human,NA,0.851,2.83,174.33,129.41,90.0,76.24,0.0
Human Dominant_43,R4,2026-09-09T10:00:14.385999Z,flight_missed,14,1060,952,1164,864,813,910,136.97,250.48,354.28,system,NA,0.646,2.83,148.16,129.41,-90.0,76.24,0.0
Human Dominant_43,R4,2026-09-09T10:00:14.387126Z,flight_spawn,15,918,-20,1164,864,813,910,917.97,935.92,354.28,system,NA,0.505,2.86,134.39,129.41,-90.0,76.24,0.0
Human Dominant_43,R4,2026-09-09T10:00:19.754470Z,human_signal,15,133,330,712,449,473,566,590.49,413.82,265.77,human,your_turn,0.412,2.86,160.83,134.99,-152.47,76.24,180.0
Human Dominant_43,R4,2026-09-09T10:00:19.755136Z,behavior_monitor,15,133,330,712,449,473,566,590.49,413.82,265.77,system,NA,0.412,2.86,160.83,135.0,-153.08,76.24,180.0
Human Dominant_43,R4,2026-09-09T10:00:19.755491Z,human_signal,15,130,331,710,448,473,566,590.94,415.69,264.39,human,your_turn,0.413,2.86,160.83,135.0,-153.08,76.24,180.0
Human Dominant_43,R4,2026-09-09T10:00:20.265407Z,behavior_monitor,15,50,351,652,413,423,566,605.53,430.71,275.6,system,NA,0.416,2.86,171.9,129.95,-134.95,93.6,180.0
Human Dominant_43,R4,2026-09-09T10:00:20.775814Z,behavior_monitor,15,45,371,604,363,372,566,558.29,380.65,307.97,system,NA,0.405,1.75,36.76,136.58,-139.29,99.11,180.0
Human Dominant_43,R4,2026-09-09T10:00:21.285858Z,behavior_monitor,15,92,394,576,333,322,566,487.76,287.13,345.14,system,NA,0.371,1.75,13.43,58.93,90.0,99.11,180.0
Human Dominant_43,R4,2026-09-09T10:00:21.796870Z,behavior_monitor,15,142,405,561,394,271,566,418.7,206.1,337.22,system,NA,0.33,1.75,36.73,141.69,122.79,99.11,180.0
Human Dominant_43,R4,2026-09-09T10:00:22.309097Z,behavior_monitor,15,190,420,527,417,219,565,337.01,147.53,341.59,system,NA,0.304,1.75,2.85,0.0,180.0,99.11,180.0
Human Dominant_43,R4,2026-09-09T10:00:22.819255Z,behavior_monitor,15,231,446,494,417,207,565,264.39,121.72,322.44,system,NA,0.315,1.75,78.03,129.41,180.0,0.0,0.0
Human Dominant_43,R4,2026-09-09T10:00:23.330801Z,behavior_monitor,15,244,497,487,417,221,565,256.07,71.61,304.21,system,NA,0.219,1.75,78.03,0.0,180.0,99.11,0.0
Human Dominant_43,R4,2026-09-09T10:00:23.773260Z,shot_miss,15,268,537,487,417,244,565,249.87,36.7,284.25,agent,NA,0.128,1.75,52.82,0.0,180.0,0.0,0.0
Human Dominant_43,R4,2026-09-09T10:00:23.841072Z,behavior_monitor,15,270,541,487,417,248,565,249.66,33.03,281.38,system,NA,0.117,1.75,52.82,0.0,180.0,99.11,0.0
Human Dominant_43,R4,2026-09-09T10:00:24.112539Z,shot_hit,15,294,558,487,417,270,565,238.6,25.68,263.0,agent,NA,0.097,1.75,30.73,0.0,180.0,99.11,0.0
Human Dominant_43,R4,2026-09-09T10:00:24.113230Z,flight_spawn,16,745,-20,487,417,270,565,508.15,754.32,263.0,system,NA,0.597,3.6,123.77,0.0,180.0,99.11,0.0
Human Dominant_43,R4,2026-09-09T10:00:25.526344Z,human_signal,16,520,163,469,420,307,565,261.83,455.01,217.37,human,i_can,0.635,3.6,152.13,0.0,180.0,0.0,0.0
Human Dominant_43,R4,2026-09-09T10:00:25.542581Z,behavior_monitor,16,520,163,469,420,307,565,261.83,455.01,217.37,system,NA,0.635,3.6,152.13,0.0,180.0,0.0,0.0
Human Dominant_43,R4,2026-09-09T10:00:26.053423Z,behavior_monitor,16,425,213,436,410,330,565,196.68,364.33,188.11,system,NA,0.649,3.6,129.1,134.94,-163.54,57.18,0.0
Human Dominant_43,R4,2026-09-09T10:00:26.564042Z,behavior_monitor,16,353,297,370,408,344,566,112.12,268.44,159.61,system,NA,0.705,3.6,129.1,129.41,180.0,0.0,21.26
Human Dominant_43,R4,2026-09-09T10:00:27.076319Z,behavior_monitor,16,281,371,304,408,344,566,43.38,204.38,162.58,system,NA,0.825,3.6,149.9,129.41,180.0,0.0,38.05
Human Dominant_43,R4,2026-09-09T10:00:27.585710Z,shot_miss,16,184,420,238,409,315,566,54.88,196.49,174.79,human,NA,0.782,3.6,159.06,133.74,165.38,78.13,166.37
Human Dominant_43,R4,2026-09-09T10:00:27.586407Z,behavior_monitor,16,184,420,238,409,315,566,54.88,196.49,174.79,system,NA,0.782,3.6,159.06,134.9,163.6,76.24,180.0
Human Dominant_43,R4,2026-09-09T10:00:28.096399Z,behavior_monitor,16,74,433,175,439,277,567,101.41,242.63,162.62,system,NA,0.705,3.6,172.27,135.08,154.52,50.16,174.58
Human Dominant_43,R4,2026-09-09T10:00:28.604394Z,behavior_monitor,16,50,448,112,466,238,567,64.65,222.77,161.58,system,NA,0.775,2.19,12.75,136.3,161.7,76.24,180.0
Human Dominant_43,R4,2026-09-09T10:00:28.758104Z,shot_hit,16,71,452,92,468,226,566,26.37,192.3,165.96,human,NA,0.879,2.19,12.75,129.41,180.0,76.24,180.0
Human Dominant_43,R4,2026-09-09T10:00:28.758688Z,flight_spawn,17,1226,-20,92,468,226,566,1235.18,1159.4,165.96,system,NA,0.484,3.48,125.05,129.41,180.0,76.24,180.0
Human Dominant_43,R4,2026-09-09T10:00:30.800262Z,human_signal,17,1017,334,301,425,362,565,722.49,694.58,152.64,human,your_turn,0.49,3.48,120.09,129.41,0.0,130.47,-54.25
Human Dominant_43,R4,2026-09-09T10:00:30.801101Z,behavior_monitor,17,1017,334,301,425,362,565,722.49,694.58,152.64,system,NA,0.49,3.48,120.09,129.41,0.0,76.24,0.0
Human Dominant_43,R4,2026-09-09T10:00:30.801491Z,human_signal,17,1016,337,303,425,362,565,718.34,692.07,151.77,human,your_turn,0.491,3.48,98.04,129.41,0.0,76.24,0.0
Human Dominant_43,R4,2026-09-09T10:00:31.309682Z,behavior_monitor,17,985,432,367,425,413,565,618.55,587.15,146.84,system,NA,0.487,3.48,121.53,129.41,0.0,99.11,0.0
Human Dominant_43,R4,2026-09-09T10:00:31.819110Z,behavior_monitor,17,962,533,433,425,463,565,540.66,500.41,142.74,system,NA,0.481,3.48,95.81,129.41,0.0,99.11,0.0
Human Dominant_43,R4,2026-09-09T10:00:32.328518Z,behavior_monitor,17,950,637,499,425,514,612,498.2,436.78,186.86,system,NA,0.467,3.48,95.81,129.41,0.0,169.61,54.25
Human Dominant_43,R4,2026-09-09T10:00:32.837527Z,behavior_monitor,17,965,738,565,425,564,682,507.57,404.44,256.24,system,NA,0.443,3.48,69.56,129.41,0.0,169.61,54.25
Human Dominant_43,R4,2026-09-09T10:00:33.348146Z,behavior_monitor,17,996,836,631,431,615,752,546.09,390.76,321.63,system,NA,0.417,3.48,69.7,129.41,0.0,169.61,54.25
Human Dominant_43,R4,2026-09-09T10:00:33.858806Z,behavior_monitor,17,1011,937,697,431,666,822,595.87,363.96,392.93,system,NA,0.379,3.48,120.61,129.41,0.0,169.61,54.25
Human Dominant_43,R4,2026-09-09T10:00:33.926879Z,flight_missed,17,1003,952,708,431,674,834,599.65,349.89,404.52,system,NA,0.368,3.48,93.08,129.41,0.0,169.61,54.25
Human Dominant_43,R4,2026-09-09T10:00:33.927981Z,flight_spawn,18,524,-20,708,431,674,834,486.98,867.29,404.52,system,NA,0.64,2.91,133.41,129.41,0.0,169.61,54.25
Human Dominant_43,R4,2026-09-09T10:00:36.599728Z,human_signal,18,148,200,469,425,523,622,391.43,563.87,203.83,human,i_can,0.59,2.91,117.81,129.41,180.0,130.47,-125.75
Human Dominant_43,R4,2026-09-09T10:00:36.616541Z,behavior_monitor,18,148,200,469,425,522,621,391.43,562.21,202.27,system,NA,0.59,2.91,117.81,129.41,180.0,97.85,-125.75
Human Dominant_43,R4,2026-09-09T10:00:37.126299Z,behavior_monitor,18,129,283,403,425,493,580,307.94,468.75,178.46,system,NA,0.604,2.91,92.68,129.41,180.0,97.85,-125.75
Human Dominant_43,R4,2026-09-09T10:00:37.637363Z,behavior_monitor,18,145,368,337,430,479,566,202.1,388.42,196.34,system,NA,0.658,2.91,72.53,132.93,147.15,0.0,180.0
Human Dominant_43,R4,2026-09-09T10:00:38.148166Z,behavior_monitor,18,144,453,304,489,467,566,163.42,342.28,180.87,system,NA,0.677,2.91,120.95,133.14,105.88,76.24,180.0
Human Dominant_43,R4,2026-09-09T10:00:38.657404Z,behavior_monitor,18,86,512,274,549,428,565,192.41,346.14,154.1,system,NA,0.643,2.91,123.21,132.05,150.12,76.24,180.0
Human Dominant_43,R4,2026-09-09T10:00:39.165928Z,behavior_monitor,18,24,551,210,575,389,565,187.45,365.23,179.23,system,NA,0.661,1.82,20.3,145.14,161.33,81.0,180.0
Human Dominant_43,R4,2026-09-09T10:00:39.674503Z,behavior_monitor,18,74,570,145,599,350,565,76.54,275.82,207.4,system,NA,0.783,1.82,20.3,129.41,180.0,76.24,180.0
Human Dominant_43,R4,2026-09-09T10:00:40.065263Z,shot_hit,18,110,589,97,581,320,583,15.63,209.74,223.3,human,NA,0.931,1.82,54.18,135.4,-152.89,130.47,125.75
Human Dominant_43,R4,2026-09-09T10:00:40.065965Z,flight_spawn,19,870,-20,97,581,320,583,979.48,816.33,223.3,system,NA,0.455,3.52,124.66,135.4,-152.89,130.47,125.75
Human Dominant_43,R4,2026-09-09T10:00:41.377838Z,human_signal,19,681,168,191,478,399,565,579.97,486.72,225.4,human,your_turn,0.456,3.52,143.66,119.49,-62.93,76.24,0.0
Human Dominant_43,R4,2026-09-09T10:00:41.379902Z,behavior_monitor,19,681,168,191,478,399,565,579.97,486.72,225.4,system,NA,0.456,3.52,143.66,119.49,-62.93,76.24,0.0
Human Dominant_43,R4,2026-09-09T10:00:41.380314Z,human_signal,19,678,170,192,477,399,565,575.11,483.63,225.23,human,your_turn,0.457,3.52,143.66,119.49,-62.93,76.24,0.0
Human Dominant_43,R4,2026-09-09T10:00:41.888603Z,behavior_monitor,19,585,214,215,423,450,565,425.54,375.92,274.09,system,NA,0.469,3.52,162.18,126.32,-90.0,99.11,0.0
Human Dominant_43,R4,2026-09-09T10:00:42.401717Z,behavior_monitor,19,485,246,162,434,477,564,373.43,318.39,340.41,system,NA,0.46,3.52,162.18,139.74,136.5,99.11,180.0
Human Dominant_43,R4,2026-09-09T10:00:42.912598Z,behavior_monitor,19,398,296,126,494,426,565,335.84,269.86,308.07,system,NA,0.446,3.52,132.94,135.24,106.89,99.11,180.0
Human Dominant_43,R4,2026-09-09T10:00:43.422791Z,behavior_monitor,19,321,371,124,498,376,565,234.94,202.0,260.23,system,NA,0.462,3.52,137.94,0.0,121.98,99.11,180.0
Human Dominant_43,R4,2026-09-09T10:00:43.932951Z,behavior_monitor,19,264,457,124,498,326,565,146.01,124.1,211.86,system,NA,0.459,3.52,162.76,0.0,121.98,99.11,180.0
Human Dominant_43,R4,2026-09-09T10:00:44.444225Z,behavior_monitor,19,225,550,124,498,275,565,113.38,51.75,164.5,system,NA,0.313,3.52,71.96,0.0,121.98,99.11,180.0
Human Dominant_43,R4,2026-09-09T10:00:44.733347Z,shot_hit,19,251,606,124,498,244,593,166.38,14.82,152.93,agent,NA,0.082,3.52,45.9,0.0,121.98,169.61,125.75
Human Dominant_43,R4,2026-09-09T10:00:44.734295Z,flight_spawn,20,189,-20,124,498,244,593,522.83,616.01,152.93,system,NA,0.541,2.83,135.0,0.0,121.98,169.61,125.75
Human Dominant_43,R4,2026-09-09T10:00:52.190802Z,shot_hit,20,270,448,276,425,219,565,24.02,127.28,151.07,human,NA,0.841,1.71,23.34,138.05,158.29,76.24,0.0
Human Dominant_43,R5,2026-09-09T10:01:49.200594Z,flight_spawn,1,385,-20,276,425,219,565,458.4,608.28,151.07,system,NA,0.57,2.83,135.0,0.0,158.29,0.0,0.0
Human Dominant_43,R5,2026-09-09T10:01:54.537211Z,human_signal,1,424,251,957,623,323,607,649.82,370.53,634.81,human,your_turn,0.363,2.83,28.71,138.09,-110.43,130.47,-54.25
Human Dominant_43,R5,2026-09-09T10:01:54.538412Z,behavior_monitor,1,424,251,957,623,323,607,649.82,370.53,634.81,system,NA,0.363,2.83,28.71,138.09,-110.43,130.47,-54.25
Human Dominant_43,R5,2026-09-09T10:01:54.538871Z,human_signal,1,427,252,957,621,323,607,645.21,369.9,634.04,human,your_turn,0.364,2.83,28.71,138.09,-110.43,130.47,-54.25
Human Dominant_43,R5,2026-09-09T10:01:55.047987Z,behavior_monitor,1,507,271,959,557,373,565,534.89,323.2,586.5,system,NA,0.377,2.83,17.69,137.73,-67.39,99.11,0.0
Human Dominant_43,R5,2026-09-09T10:01:55.558577Z,behavior_monitor,1,577,314,1000,499,423,565,461.1,294.36,580.73,system,NA,0.39,2.83,46.19,139.46,-52.22,99.11,0.0
Human Dominant_43,R5,2026-09-09T10:01:56.067937Z,behavior_monitor,1,653,347,1043,442,474,565,401.18,281.81,581.89,system,NA,0.413,2.83,18.61,135.46,-59.56,99.11,0.0
Human Dominant_43,R5,2026-09-09T10:01:56.578129Z,behavior_monitor,1,731,380,1048,409,525,565,318.03,276.62,545.36,system,NA,0.465,2.83,23.92,129.39,180.0,99.11,0.0
Human Dominant_43,R5,2026-09-09T10:01:56.935853Z,human_signal,1,789,400,1000,424,560,564,211.91,281.63,460.96,human,i_can,0.571,2.83,21.12,138.12,154.77,99.11,0.0
Human Dominant_43,R5,2026-09-09T10:01:57.088816Z,behavior_monitor,1,809,411,983,433,570,564,175.65,283.76,433.56,system,NA,0.618,2.83,44.6,138.36,152.26,85.55,-16.01
Human Dominant_43,R5,2026-09-09T10:01:57.600848Z,behavior_monitor,1,868,471,921,456,598,564,54.53,286.02,340.47,system,NA,0.84,2.83,44.6,139.53,132.78,57.18,0.0
Human Dominant_43,R5,2026-09-09T10:01:57.750755Z,shot_hit,1,890,486,908,473,604,564,21.92,296.79,317.38,human,NA,0.931,2.83,21.94,138.58,123.7,0.0,0.0
Human Dominant_43,R5,2026-09-09T10:01:57.751655Z,flight_spawn,2,1207,-20,908,473,604,564,577.0,839.92,317.38,system,NA,0.593,2.91,46.58,138.58,123.7,0.0,0.0
Human Dominant_43,R5,2026-09-09T10:01:59.244157Z,human_signal,2,1306,203,998,453,689,564,396.52,714.2,327.72,human,i_can,0.643,2.91,97.36,133.77,-14.68,76.24,0.0
Human Dominant_43,R5,2026-09-09T10:01:59.260750Z,behavior_monitor,2,1306,203,998,453,690,564,396.52,713.36,326.8,system,NA,0.643,2.91,97.36,133.77,-14.68,57.18,0.0
Human Dominant_43,R5,2026-09-09T10:01:59.771133Z,behavior_monitor,2,1279,285,1064,447,720,564,269.65,624.41,362.66,system,NA,0.698,2.91,117.01,129.41,0.0,57.18,0.0
Human Dominant_43,R5,2026-09-09T10:02:00.282696Z,behavior_monitor,2,1242,363,1130,447,734,564,140.44,546.37,412.51,system,NA,0.796,2.91,112.85,129.41,0.0,0.0,-74.0
Human Dominant_43,R5,2026-09-09T10:02:00.794152Z,behavior_monitor,2,1189,430,1192,440,739,564,11.03,469.42,469.95,system,NA,0.977,2.91,135.13,142.13,-75.33,81.0,0.0
Human Dominant_43,R5,2026-09-09T10:02:00.892317Z,shot_hit,2,1176,441,1192,427,747,564,21.04,446.42,465.55,human,NA,0.955,2.91,135.62,137.5,-90.0,81.0,0.0
Human Dominant_43,R5,2026-09-09T10:02:00.892639Z,flight_spawn,3,790,-20,1192,427,747,564,601.08,586.23,465.55,system,NA,0.494,2.83,135.0,137.5,-90.0,81.0,0.0
Human Dominant_43,R5,2026-09-09T10:02:01.976594Z,human_signal,3,619,28,1072,433,745,564,607.9,550.98,351.99,human,your_turn,0.475,2.83,151.99,0.0,180.0,0.0,0.0
Human Dominant_43,R5,2026-09-09T10:02:01.977387Z,behavior_monitor,3,619,28,1072,433,745,564,607.9,550.98,351.99,system,NA,0.475,2.83,151.99,0.0,180.0,76.24,180.0
Human Dominant_43,R5,2026-09-09T10:02:01.977775Z,human_signal,3,617,29,1072,433,745,564,608.73,550.22,351.99,human,your_turn,0.475,2.83,151.99,0.0,180.0,76.24,180.0
Human Dominant_43,R5,2026-09-09T10:02:02.483365Z,behavior_monitor,3,539,49,1030,433,695,564,623.46,538.32,359.53,system,NA,0.463,2.83,157.72,129.41,180.0,99.11,180.0
Human Dominant_43,R5,2026-09-09T10:02:02.991435Z,behavior_monitor,3,461,81,981,433,645,565,628.09,517.27,361.02,system,NA,0.452,2.83,157.72,0.0,180.0,99.11,180.0
Human Dominant_43,R5,2026-09-09T10:02:03.501927Z,behavior_monitor,3,392,123,958,433,594,565,645.48,485.81,386.92,system,NA,0.429,2.83,158.67,129.41,180.0,99.11,180.0
Human Dominant_43,R5,2026-09-09T10:02:04.012912Z,behavior_monitor,3,315,154,892,433,543,564,641.04,469.84,372.49,system,NA,0.423,2.83,158.67,129.41,180.0,99.11,180.0
Human Dominant_43,R5,2026-09-09T10:02:04.522250Z,behavior_monitor,3,250,205,863,433,493,565,653.51,434.01,392.42,system,NA,0.399,2.83,128.67,0.0,180.0,99.11,180.0
Human Dominant_43,R5,2026-09-09T10:02:05.035711Z,behavior_monitor,3,225,284,873,433,442,565,664.83,355.1,450.23,system,NA,0.348,2.83,100.36,129.41,0.0,99.11,180.0
Human Dominant_43,R5,2026-09-09T10:02:05.546617Z,behavior_monitor,3,205,365,906,430,391,565,703.9,273.12,532.49,system,NA,0.28,2.83,121.52,41.36,-90.0,93.6,180.0
Human Dominant_43,R5,2026-09-09T10:02:06.059923Z,behavior_monitor,3,161,438,906,400,341,566,745.65,220.59,588.79,system,NA,0.228,2.83,121.52,0.0,-90.0,99.11,180.0
Human Dominant_43,R5,2026-09-09T10:02:06.569915Z,behavior_monitor,3,159,517,906,400,291,565,756.21,140.82,636.91,system,NA,0.157,2.83,81.78,0.0,-90.0,99.11,180.0
Human Dominant_43,R5,2026-09-09T10:02:07.182388Z,shot_hit,3,210,607,906,400,228,601,726.36,19.38,706.98,agent,NA,0.026,2.83,57.81,0.0,-90.0,169.61,125.75
Human Dominant_43,R5,2026-09-09T10:02:07.182992Z,flight_spawn,4,761,-20,906,400,228,601,445.07,818.56,706.98,system,NA,0.648,3.08,130.43,0.0,-90.0,169.61,125.75
Human Dominant_43,R5,2026-09-09T10:02:08.291710Z,human_signal,4,715,139,849,405,278,565,297.62,610.5,593.16,human,i_can,0.672,3.08,52.33,134.91,163.59,76.24,0.0
Human Dominant_43,R5,2026-09-09T10:02:08.308092Z,behavior_monitor,4,715,139,849,405,279,565,297.62,609.8,592.23,system,NA,0.672,3.08,52.33,135.48,162.78,57.18,0.0
Human Dominant_43,R5,2026-09-09T10:02:08.817571Z,behavior_monitor,4,777,204,809,431,307,565,229.43,592.5,519.68,system,NA,0.721,3.08,66.0,129.41,90.0,57.18,0.0
Human Dominant_43,R5,2026-09-09T10:02:09.318011Z,behavior_monitor,4,820,282,816,453,321,566,171.64,574.63,508.05,system,NA,0.77,3.08,45.78,102.65,-90.0,0.0,114.64
Human Dominant_43,R5,2026-09-09T10:02:09.828656Z,behavior_monitor,4,858,367,846,456,321,566,90.34,573.11,536.59,system,NA,0.864,3.08,69.7,137.8,53.94,0.0,116.3
Human Dominant_43,R5,2026-09-09T10:02:10.339193Z,behavior_monitor,4,887,453,895,506,356,566,53.47,543.35,542.36,system,NA,0.91,3.08,69.7,139.41,33.22,76.24,0.0
Human Dominant_43,R5,2026-09-09T10:02:10.746318Z,shot_hit,4,912,523,894,508,387,566,23.21,526.47,510.57,human,NA,0.958,3.08,69.7,133.89,-153.94,76.24,0.0
Human Dominant_43,R5,2026-09-09T10:02:10.746836Z,flight_spawn,5,487,-20,894,508,387,566,667.07,595.1,510.57,system,NA,0.471,2.83,45.0,133.89,-153.94,76.24,0.0
Human Dominant_43,R5,2026-09-09T10:02:14.679469Z,human_signal,5,1093,209,1061,440,636,566,233.12,580.05,443.78,human,i_can,0.713,2.83,13.79,129.41,0.0,76.24,0.0
Human Dominant_43,R5,2026-09-09T10:02:14.695630Z,behavior_monitor,5,1093,209,1061,440,637,566,233.12,579.28,442.85,system,NA,0.713,2.83,13.79,129.41,0.0,57.18,0.0
Human Dominant_43,R5,2026-09-09T10:02:15.207217Z,behavior_monitor,5,1170,240,1127,446,666,566,210.47,600.68,476.71,system,NA,0.741,2.83,28.22,135.75,17.59,57.18,0.0
Human Dominant_43,R5,2026-09-09T10:02:15.719021Z,behavior_monitor,5,1252,269,1193,465,679,567,204.18,645.84,524.45,system,NA,0.76,2.83,28.51,129.41,0.0,0.0,31.75
Human Dominant_43,R5,2026-09-09T10:02:16.227897Z,behavior_monitor,5,1306,320,1258,460,679,567,148.22,674.43,588.96,system,NA,0.82,2.83,13.6,128.35,-54.4,0.0,31.75
Human Dominant_43,R5,2026-09-09T10:02:16.738484Z,behavior_monitor,5,1364,374,1291,420,711,565,86.49,680.61,597.83,system,NA,0.887,2.83,92.35,129.41,0.0,76.24,0.0
Human Dominant_43,R5,2026-09-09T10:02:17.162333Z,shot_hit,5,1358,445,1345,423,743,565,24.73,626.33,618.62,human,NA,0.962,2.83,92.35,144.31,19.16,81.0,0.0
Human Dominant_43,R5,2026-09-09T10:02:17.163271Z,flight_spawn,6,1088,-20,1345,423,743,565,513.04,679.76,618.62,system,NA,0.57,2.83,135.0,144.31,19.16,81.0,0.0
Human Dominant_43,R5,2026-09-09T10:02:18.691646Z,human_signal,6,907,115,1226,428,821,566,447.25,459.35,428.37,human,your_turn,0.507,2.83,176.58,129.41,180.0,76.24,0.0
Human Dominant_43,R5,2026-09-09T10:02:18.692836Z,behavior_monitor,6,907,115,1226,428,821,566,447.25,459.35,428.37,system,NA,0.507,2.83,176.58,129.41,180.0,76.24,0.0
Human Dominant_43,R5,2026-09-09T10:02:18.693309Z,human_signal,6,904,115,1224,428,821,566,447.64,458.65,426.29,human,your_turn,0.506,2.83,176.58,129.41,180.0,76.24,0.0
Human Dominant_43,R5,2026-09-09T10:02:19.201829Z,behavior_monitor,6,827,120,1181,406,824,566,454.76,446.14,390.88,system,NA,0.495,2.83,147.01,92.71,-90.0,99.11,180.0
Human Dominant_43,R5,2026-09-09T10:02:19.712948Z,behavior_monitor,6,753,150,1181,402,774,566,497.23,416.7,438.32,system,NA,0.456,2.83,130.8,0.0,-90.0,99.11,180.0
Human Dominant_43,R5,2026-09-09T10:02:20.224042Z,behavior_monitor,6,694,208,1181,402,723,566,523.55,358.51,485.59,system,NA,0.406,2.83,124.53,0.0,-90.0,99.11,180.0
Human Dominant_43,R5,2026-09-09T10:02:20.734342Z,behavior_monitor,6,625,244,1181,402,673,566,578.33,325.44,533.47,system,NA,0.36,2.83,140.22,0.0,-90.0,99.11,180.0
Human Dominant_43,R5,2026-09-09T10:02:21.246425Z,behavior_monitor,6,555,287,1143,402,623,566,598.91,286.81,545.37,system,NA,0.324,2.83,143.72,0.0,180.0,99.11,180.0
Human Dominant_43,R5,2026-09-09T10:02:21.755647Z,behavior_monitor,6,502,349,1143,402,572,566,643.37,228.6,593.48,system,NA,0.262,2.83,115.1,0.0,180.0,99.11,180.0
Human Dominant_43,R5,2026-09-09T10:02:22.265723Z,behavior_monitor,6,475,428,1088,397,521,566,614.43,146.16,591.43,system,NA,0.192,2.83,118.07,133.48,-165.82,99.11,180.0
Human Dominant_43,R5,2026-09-09T10:02:22.774804Z,behavior_monitor,6,432,502,1037,396,471,566,614.2,74.51,591.12,system,NA,0.108,2.83,118.07,55.77,132.98,99.11,180.0
Human Dominant_43,R5,2026-09-09T10:02:23.149487Z,shot_hit,6,408,560,1011,430,432,566,617.22,25.07,595.01,agent,NA,0.039,2.83,97.27,117.99,159.44,99.11,180.0
Human Dominant_43,R5,2026-09-09T10:02:23.150566Z,flight_spawn,7,540,-20,1011,430,432,566,651.65,596.69,595.01,system,NA,0.478,3.04,48.82,117.99,159.44,99.11,180.0
Human Dominant_43,R5,2026-09-09T10:02:24.443049Z,human_signal,7,625,190,953,424,506,565,403.04,393.68,469.09,human,i_can,0.494,3.04,102.66,0.0,-157.81,76.24,0.0
Human Dominant_43,R5,2026-09-09T10:02:24.459761Z,behavior_monitor,7,625,190,953,424,507,565,403.04,393.39,468.16,system,NA,0.494,3.04,102.66,0.0,-157.81,57.18,0.0
Human Dominant_43,R5,2026-09-09T10:02:24.971066Z,behavior_monitor,7,617,279,910,424,536,565,326.82,297.43,399.43,system,NA,0.476,3.04,75.46,126.45,180.0,61.04,-16.22
Human Dominant_43,R5,2026-09-09T10:02:25.344771Z,human_signal,7,637,343,906,424,550,564,281.19,237.36,383.16,human,your_turn,0.458,3.04,75.46,0.0,180.0,0.0,-59.11
Human Dominant_43,R5,2026-09-09T10:02:25.345166Z,human_signal,7,638,346,906,424,550,564,279.32,235.03,383.16,human,your_turn,0.457,3.04,75.46,0.0,180.0,0.0,-59.11
Human Dominant_43,R5,2026-09-09T10:02:25.480872Z,behavior_monitor,7,650,363,906,424,564,564,263.32,218.16,370.21,system,NA,0.453,3.04,51.41,0.0,180.0,120.0,-10.29
Human Dominant_43,R5,2026-09-09T10:02:25.983244Z,behavior_monitor,7,721,416,906,424,612,564,185.59,183.51,325.59,system,NA,0.497,3.04,44.49,0.0,180.0,105.3,0.0
Human Dominant_43,R5,2026-09-09T10:02:26.489949Z,behavior_monitor,7,726,499,884,448,664,563,165.41,89.23,247.87,system,NA,0.35,3.04,65.43,136.04,126.44,99.11,0.0
Human Dominant_43,R5,2026-09-09T10:02:26.881363Z,shot_hit,7,733,571,870,464,704,565,173.75,29.82,194.23,agent,NA,0.146,3.04,87.18,0.0,180.0,99.11,0.0
Human Dominant_43,R5,2026-09-09T10:02:26.882417Z,flight_spawn,8,555,-20,870,464,704,565,577.84,604.52,194.23,system,NA,0.511,2.9,46.42,0.0,180.0,99.11,0.0
Human Dominant_43,R5,2026-09-09T10:02:30.318225Z,human_signal,8,722,469,865,442,706,565,145.08,97.02,200.93,human,your_turn,0.401,2.9,115.18,0.0,180.0,72.0,180.0
Human Dominant_43,R5,2026-09-09T10:02:30.319433Z,behavior_monitor,8,722,469,865,442,706,565,145.08,97.02,200.93,system,NA,0.401,2.9,115.18,0.0,180.0,76.24,180.0
Human Dominant_43,R5,2026-09-09T10:02:30.319634Z,human_signal,8,721,472,865,442,706,565,146.95,94.2,200.93,human,your_turn,0.391,2.9,115.18,0.0,180.0,76.24,180.0
Human Dominant_43,R5,2026-09-09T10:02:30.727435Z,shot_miss,8,694,536,865,442,677,565,194.88,33.96,224.72,agent,NA,0.148,2.9,93.15,0.0,180.0,0.0,180.0
Human Dominant_43,R5,2026-09-09T10:02:30.829088Z,behavior_monitor,8,694,550,865,442,677,565,202.47,22.49,224.72,system,NA,0.1,2.9,70.53,0.0,180.0,0.0,180.0
Human Dominant_43,R5,2026-09-09T10:02:30.947803Z,shot_hit,8,700,572,865,442,677,568,210.35,23.28,226.02,agent,NA,0.1,2.9,70.53,0.0,180.0,0.0,180.0
Human Dominant_43,R5,2026-09-09T10:02:30.948405Z,flight_spawn,9,530,-20,865,442,677,568,570.69,606.19,226.02,system,NA,0.515,2.83,45.0,0.0,180.0,0.0,180.0
Human Dominant_43,R5,2026-09-09T10:02:33.465547Z,human_signal,9,793,252,865,442,713,566,203.2,324.64,196.07,human,i_can,0.615,2.83,4.12,0.0,180.0,76.24,0.0
Human Dominant_43,R5,2026-09-09T10:02:33.481998Z,behavior_monitor,9,793,252,865,442,714,566,203.2,324.4,195.32,system,NA,0.615,2.83,4.12,0.0,180.0,57.18,0.0
Human Dominant_43,R5,2026-09-09T10:02:33.991837Z,behavior_monitor,9,876,270,912,442,743,567,175.05,324.47,209.85,system,NA,0.65,2.83,0.9,129.41,0.0,85.47,17.48
Human Dominant_43,R5,2026-09-09T10:02:34.501933Z,behavior_monitor,9,959,278,978,442,757,567,165.31,352.74,253.87,system,NA,0.681,2.83,20.71,129.41,0.0,0.0,0.0
Human Dominant_43,R5,2026-09-09T10:02:35.012329Z,behavior_monitor,9,1039,308,1044,442,757,567,133.41,382.27,313.25,system,NA,0.741,2.83,22.13,129.41,0.0,0.0,-133.37
Human Dominant_43,R5,2026-09-09T10:02:35.522211Z,behavior_monitor,9,1112,356,1086,442,780,565,88.98,391.45,329.8,system,NA,0.815,2.83,42.98,127.07,0.0,76.24,0.0
Human Dominant_43,R5,2026-09-09T10:02:36.030260Z,behavior_monitor,9,1170,418,1152,442,818,565,29.83,381.66,356.03,system,NA,0.928,2.83,65.25,129.41,0.0,76.24,0.0
Human Dominant_43,R5,2026-09-09T10:02:36.234364Z,shot_hit,9,1181,449,1179,442,834,565,8.09,365.76,366.1,human,NA,0.978,2.83,88.84,129.41,0.0,76.24,0.0
Human Dominant_43,R5,2026-09-09T10:02:36.235404Z,flight_spawn,10,721,-20,1179,442,834,565,650.61,596.43,366.1,system,NA,0.478,3.47,125.18,129.41,0.0,76.24,0.0
Human Dominant_43,R5,2026-09-09T10:02:37.102984Z,human_signal,10,573,71,1171,427,793,565,695.97,540.63,402.34,human,your_turn,0.437,3.47,132.23,0.0,180.0,76.24,180.0
Human Dominant_43,R5,2026-09-09T10:02:37.103909Z,behavior_monitor,10,573,71,1171,427,793,565,695.97,540.63,402.34,system,NA,0.437,3.47,132.23,0.0,180.0,76.24,180.0
Human Dominant_43,R5,2026-09-09T10:02:37.104310Z,human_signal,10,571,74,1171,427,793,565,696.12,538.97,402.34,human,your_turn,0.436,3.47,132.23,0.0,180.0,76.24,180.0
Human Dominant_43,R5,2026-09-09T10:02:37.613222Z,behavior_monitor,10,522,159,1141,427,743,565,674.85,462.06,421.39,system,NA,0.406,3.47,108.93,129.41,180.0,99.11,180.0
Human Dominant_43,R5,2026-09-09T10:02:38.125623Z,behavior_monitor,10,529,249,1075,427,692,565,574.2,355.28,406.81,system,NA,0.382,3.47,34.1,129.41,180.0,99.11,180.0
Human Dominant_43,R5,2026-09-09T10:02:38.637233Z,behavior_monitor,10,624,292,1019,427,642,565,416.91,273.15,401.26,system,NA,0.396,3.47,30.43,0.0,180.0,99.11,180.0
Human Dominant_43,R5,2026-09-09T10:02:39.147482Z,behavior_monitor,10,714,333,1019,427,662,565,318.68,238.21,382.56,system,NA,0.428,3.47,11.83,0.0,180.0,99.11,0.0
Human Dominant_43,R5,2026-09-09T10:02:39.591326Z,human_signal,10,804,365,1019,427,706,565,223.37,223.1,341.62,human,i_can,0.5,3.47,36.96,0.0,180.0,99.11,0.0
Human Dominant_43,R5,2026-09-09T10:02:39.658794Z,behavior_monitor,10,813,371,1019,427,710,565,213.03,219.84,338.06,system,NA,0.508,3.47,36.96,0.0,180.0,57.18,0.0
Human Dominant_43,R5,2026-09-09T10:02:40.169908Z,behavior_monitor,10,869,453,985,432,739,565,117.47,171.34,279.02,system,NA,0.593,3.47,68.64,143.46,150.07,57.18,0.0
Human Dominant_43,R5,2026-09-09T10:02:40.680712Z,behavior_monitor,10,864,549,957,490,750,565,110.48,115.48,220.55,system,NA,0.511,3.47,100.44,129.41,90.0,15.37,89.65
Human Dominant_43,R5,2026-09-09T10:02:40.900708Z,human_signal,10,856,594,957,518,749,564,126.61,110.6,213.15,human,your_turn,0.466,3.47,100.44,129.41,90.0,0.0,-135.66
Human Dominant_43,R5,2026-09-09T10:02:40.901494Z,human_signal,10,854,597,957,520,749,564,128.41,110.29,212.68,human,your_turn,0.462,3.47,100.44,129.41,90.0,0.0,-135.66
Human Dominant_43,R5,2026-09-09T10:02:41.191245Z,behavior_monitor,10,855,652,957,556,778,605,140.71,89.93,185.87,system,NA,0.39,3.47,97.83,128.22,90.0,169.61,54.25
Human Dominant_43,R5,2026-09-09T10:02:41.700805Z,behavior_monitor,10,844,754,989,558,820,675,244.22,82.53,205.62,system,NA,0.253,3.47,69.31,123.55,-30.38,169.61,54.25
Human Dominant_43,R5,2026-09-09T10:02:42.210317Z,behavior_monitor,10,876,852,1030,506,854,745,378.57,108.79,297.27,system,NA,0.223,3.47,69.31,139.36,-59.68,169.61,54.25
Human Dominant_43,R5,2026-09-09T10:02:42.721658Z,behavior_monitor,10,949,928,1040,442,903,816,494.22,121.11,398.55,system,NA,0.197,3.47,70.8,137.9,-112.42,169.61,54.25
Human Dominant_43,R5,2026-09-09T10:02:42.860386Z,flight_missed,10,968,952,1038,424,918,836,532.9,126.18,429.88,system,NA,0.191,3.47,47.37,109.94,-90.0,169.61,54.25
Human Dominant_43,R5,2026-09-09T10:02:42.861062Z,flight_spawn,11,365,-20,1038,424,918,836,805.89,1019.39,429.88,system,NA,0.558,3.14,129.57,109.94,-90.0,169.61,54.25
Human Dominant_43,R5,2026-09-09T10:02:45.022663Z,human_signal,11,396,354,938,422,778,642,546.15,478.89,272.25,human,your_turn,0.467,3.14,96.5,0.0,180.0,130.47,-125.75
Human Dominant_43,R5,2026-09-09T10:02:45.023719Z,behavior_monitor,11,396,354,938,422,778,642,546.15,478.89,272.25,system,NA,0.467,3.14,96.5,0.0,180.0,130.47,-125.75
Human Dominant_43,R5,2026-09-09T10:02:45.024111Z,human_signal,11,397,357,938,422,778,642,545.46,476.77,272.25,human,your_turn,0.466,3.14,96.5,0.0,180.0,130.47,-125.75
Human Dominant_43,R5,2026-09-09T10:02:45.532271Z,behavior_monitor,11,348,425,913,422,728,572,564.31,407.13,238.23,system,NA,0.419,3.14,145.45,129.41,180.0,169.61,-125.75
Human Dominant_43,R5,2026-09-09T10:02:46.037277Z,behavior_monitor,11,272,477,847,422,677,566,577.46,414.96,222.47,system,NA,0.418,3.14,148.55,129.41,180.0,93.43,176.96
Human Dominant_43,R5,2026-09-09T10:02:46.547446Z,behavior_monitor,11,185,491,781,422,627,566,599.87,447.93,211.15,system,NA,0.427,3.14,156.75,129.41,180.0,99.11,180.0
Human Dominant_43,R5,2026-09-09T10:02:47.057775Z,behavior_monitor,11,92,514,717,422,575,565,631.93,485.52,201.39,system,NA,0.434,3.14,172.11,35.65,180.0,99.11,180.0
Human Dominant_43,R5,2026-09-09T10:02:47.566813Z,behavior_monitor,11,27,540,720,422,524,565,703.2,497.97,242.28,system,NA,0.415,2.1,33.31,0.0,0.0,99.11,180.0
Human Dominant_43,R5,2026-09-09T10:02:48.076748Z,behavior_monitor,11,83,567,686,473,474,564,609.65,390.61,230.49,system,NA,0.391,2.1,47.51,141.4,121.48,99.11,180.0
Human Dominant_43,R5,2026-09-09T10:02:48.587489Z,behavior_monitor,11,90,627,675,515,423,623,595.32,333.46,273.38,system,NA,0.359,2.1,117.79,134.43,105.72,169.61,125.75
Human Dominant_43,R5,2026-09-09T10:02:49.097362Z,behavior_monitor,11,64,683,656,581,372,679,599.87,308.02,299.47,system,NA,0.339,2.1,92.39,134.66,106.06,169.61,125.75
Human Dominant_43,R5,2026-09-09T10:02:49.608417Z,behavior_monitor,11,61,746,640,635,322,740,589.42,261.03,334.81,system,NA,0.307,2.1,92.39,0.0,110.92,99.11,180.0
Human Dominant_43,R5,2026-09-09T10:02:51.376689Z,flight_missed,11,31,952,796,455,145,910,911.44,121.63,793.2,system,NA,0.118,2.0,60.55,136.73,-51.62,99.11,180.0
Human Dominant_43,R5,2026-09-09T10:02:51.378922Z,flight_spawn,12,666,-20,796,455,145,910,493.24,1065.56,793.2,system,NA,0.684,3.41,54.11,136.73,-51.62,99.11,180.0
Human Dominant_43,R5,2026-09-09T10:02:52.685924Z,human_signal,12,702,236,769,414,226,798,189.89,736.27,664.98,human,i_can,0.795,3.41,58.98,122.22,180.0,123.22,-54.25
Human Dominant_43,R5,2026-09-09T10:02:52.703599Z,behavior_monitor,12,702,236,769,414,227,797,189.89,734.61,663.41,system,NA,0.795,3.41,58.98,122.22,180.0,92.42,-54.25
Human Dominant_43,R5,2026-09-09T10:02:53.214882Z,behavior_monitor,12,778,301,732,427,256,756,133.73,691.93,578.63,system,NA,0.838,3.41,35.46,129.76,27.56,97.85,-54.25
Human Dominant_43,R5,2026-09-09T10:02:53.725303Z,behavior_monitor,12,844,375,798,449,269,738,86.98,680.35,603.08,system,NA,0.887,3.41,61.67,136.57,18.63,0.0,-80.28
Human Dominant_43,R5,2026-09-09T10:02:54.238514Z,behavior_monitor,12,903,456,862,477,274,731,47.07,686.98,640.03,system,NA,0.936,3.41,41.47,137.75,28.64,130.47,-54.25
Human Dominant_43,R5,2026-09-09T10:02:54.374336Z,shot_miss,12,924,472,878,487,284,717,48.67,685.05,636.47,human,NA,0.934,3.41,11.84,138.36,30.72,130.47,-54.25
Human Dominant_43,R5,2026-09-09T10:02:54.749590Z,behavior_monitor,12,989,502,921,515,313,678,68.83,698.26,629.6,system,NA,0.91,3.41,10.47,138.88,33.06,130.47,-54.25
Human Dominant_43,R5,2026-09-09T10:02:55.260608Z,behavior_monitor,12,1075,546,981,554,352,624,94.94,727.12,632.21,system,NA,0.885,3.41,34.59,137.54,34.27,130.47,-54.25
Human Dominant_43,R5,2026-09-09T10:02:55.769163Z,behavior_monitor,12,1159,604,1025,603,391,598,134.55,768.21,633.66,system,NA,0.851,3.41,34.59,134.82,73.71,130.47,54.25
Human Dominant_43,R5,2026-09-09T10:02:56.280411Z,behavior_monitor,12,1254,630,1065,654,430,626,190.25,824.21,635.99,system,NA,0.812,3.41,36.28,134.08,20.15,130.47,54.25
Human Dominant_43,R5,2026-09-09T10:02:56.790818Z,behavior_monitor,12,1312,713,1131,673,468,679,185.35,844.75,663.03,system,NA,0.82,3.41,61.75,135.27,16.93,130.47,54.25
Human Dominant_43,R5,2026-09-09T10:02:57.302558Z,behavior_monitor,12,1358,803,1177,721,507,734,199.13,854.65,670.3,system,NA,0.811,3.41,61.75,135.32,63.17,130.47,54.25
Human Dominant_43,R5,2026-09-09T10:02:58.117222Z,flight_missed,12,1363,952,1233,817,570,822,187.84,804.13,662.87,system,NA,0.811,3.41,130.47,115.33,50.89,130.47,54.25
Human Dominant_43,R5,2026-09-09T10:02:58.118238Z,flight_spawn,13,762,-20,1233,817,570,822,960.85,864.17,662.87,system,NA,0.474,3.33,126.97,115.33,50.89,130.47,54.25
Human Dominant_43,R5,2026-09-09T10:03:04.305854Z,shot_miss,13,1345,724,1273,723,993,651,71.21,358.61,289.02,human,NA,0.834,3.33,104.27,137.75,49.36,130.47,54.25
Human Dominant_43,R5,2026-09-09T10:03:04.782229Z,shot_miss,13,1344,815,1316,773,1030,702,50.51,334.47,295.07,human,NA,0.869,3.33,58.55,137.55,49.46,130.47,54.25
Human Dominant_43,R5,2026-09-09T10:03:05.020876Z,shot_miss,13,1358,858,1334,799,1048,726,63.27,336.43,294.92,human,NA,0.842,3.33,58.24,134.4,63.55,130.47,54.25
Human Dominant_43,R5,2026-09-09T10:03:05.582314Z,flight_missed,13,1412,955,1360,870,1093,787,99.31,360.48,279.7,system,NA,0.784,3.33,87.72,130.91,68.85,130.47,54.25
Human Dominant_43,R5,2026-09-09T10:03:05.583497Z,flight_spawn,14,515,-20,1360,870,1093,787,1227.77,993.18,279.7,system,NA,0.447,3.36,53.52,130.91,68.85,130.47,54.25
Human Dominant_43,R5,2026-09-09T10:03:08.628338Z,human_signal,14,1003,297,1207,507,939,566,292.61,276.73,275.15,human,i_can,0.486,3.36,1.69,64.87,-90.0,76.24,0.0
Human Dominant_43,R5,2026-09-09T10:03:08.645178Z,behavior_monitor,14,1003,297,1207,507,940,566,292.61,276.5,274.2,system,NA,0.486,3.36,1.69,63.31,-90.0,57.18,0.0
Human Dominant_43,R5,2026-09-09T10:03:09.154834Z,behavior_monitor,14,1103,305,1238,487,969,566,226.79,293.28,280.16,system,NA,0.564,3.36,24.07,129.41,0.0,57.18,0.0
Human Dominant_43,R5,2026-09-09T10:03:09.666836Z,behavior_monitor,14,1185,358,1293,485,983,565,166.33,289.8,320.9,system,NA,0.635,3.36,47.93,52.85,-90.0,0.0,-74.11
Human Dominant_43,R5,2026-09-09T10:03:10.177785Z,behavior_monitor,14,1253,433,1244,438,989,566,10.32,296.07,285.76,system,NA,0.966,3.36,25.11,140.02,-139.4,76.24,0.0
Human Dominant_43,R5,2026-09-09T10:03:10.211103Z,shot_hit,14,1258,436,1241,435,991,566,17.56,296.97,281.81,human,NA,0.944,3.36,25.11,140.14,-137.24,76.24,0.0
Human Dominant_43,R5,2026-09-09T10:03:10.212112Z,flight_spawn,15,763,-20,1241,435,991,566,660.14,629.05,281.81,system,NA,0.488,2.83,45.0,140.14,-137.24,76.24,0.0
Human Dominant_43,R5,2026-09-09T10:03:15.267277Z,human_signal,15,1422,307,1448,441,1177,564,136.8,354.59,297.29,human,i_can,0.722,1.91,145.27,136.27,23.65,76.24,0.0
Human Dominant_43,R5,2026-09-09T10:03:15.283678Z,behavior_monitor,15,1422,307,1448,441,1178,564,136.8,353.92,296.41,system,NA,0.721,1.91,145.27,131.93,25.96,57.18,0.0
Human Dominant_43,R5,2026-09-09T10:03:15.795044Z,behavior_monitor,15,1390,354,1396,425,1207,564,70.61,278.39,234.75,system,NA,0.798,1.91,140.97,135.41,-162.88,57.18,0.0
Human Dominant_43,R5,2026-09-09T10:03:15.931979Z,shot_miss,15,1378,361,1379,418,1215,564,57.94,260.46,218.9,human,NA,0.818,1.91,139.23,138.04,-158.66,57.18,0.0
Human Dominant_43,R5,2026-09-09T10:03:16.306836Z,behavior_monitor,15,1349,390,1348,384,1220,564,5.94,216.07,220.71,system,NA,0.973,1.91,109.42,137.85,-127.85,0.0,-167.27
Human Dominant_43,R5,2026-09-09T10:03:16.323665Z,shot_hit,15,1348,391,1347,382,1220,564,9.66,214.3,221.39,human,NA,0.957,1.91,109.42,137.85,-127.85,0.0,-167.27
Human Dominant_43,R5,2026-09-09T10:03:16.324188Z,flight_spawn,16,500,-20,1347,382,1220,564,937.43,927.43,221.39,system,NA,0.497,3.4,53.91,137.85,-127.85,0.0,-167.27
Human Dominant_43,R5,2026-09-09T10:03:17.684565Z,human_signal,16,466,216,1178,409,1138,564,738.32,757.05,160.13,human,your_turn,0.506,3.4,127.69,129.41,180.0,76.24,180.0
Human Dominant_43,R5,2026-09-09T10:03:17.685523Z,behavior_monitor,16,466,216,1178,409,1138,564,738.32,757.05,160.13,system,NA,0.506,3.4,127.69,129.41,180.0,76.24,180.0
Human Dominant_43,R5,2026-09-09T10:03:17.685969Z,human_signal,16,464,218,1176,409,1138,564,737.09,757.28,159.59,human,your_turn,0.507,3.4,127.69,129.41,180.0,76.24,180.0
Human Dominant_43,R5,2026-09-09T10:03:18.196215Z,behavior_monitor,16,400,279,1112,409,1087,564,723.91,744.09,157.09,system,NA,0.507,3.4,165.68,129.41,180.0,99.11,180.0
Human Dominant_43,R5,2026-09-09T10:03:18.707436Z,behavior_monitor,16,307,300,1046,409,1036,564,747.16,776.06,155.38,system,NA,0.509,3.4,173.69,129.41,180.0,99.11,180.0
Human Dominant_43,R5,2026-09-09T10:03:19.216140Z,behavior_monitor,16,210,322,980,409,986,564,775.45,813.22,155.02,system,NA,0.512,3.4,151.94,129.41,180.0,99.11,180.0
Human Dominant_43,R5,2026-09-09T10:03:19.726078Z,behavior_monitor,16,109,336,914,409,934,564,808.84,856.7,155.86,system,NA,0.514,3.4,178.93,129.41,180.0,99.11,180.0
Human Dominant_43,R5,2026-09-09T10:03:20.239961Z,behavior_monitor,16,26,338,848,409,884,564,825.23,887.18,158.61,system,NA,0.518,2.04,1.78,122.22,180.0,93.6,180.0
Human Dominant_43,R5,2026-09-09T10:03:20.750902Z,behavior_monitor,16,80,361,782,409,833,564,703.82,780.23,162.8,system,NA,0.526,2.04,30.22,129.41,180.0,99.11,180.0
Human Dominant_43,R5,2026-09-09T10:03:21.262558Z,behavior_monitor,16,122,397,716,396,782,564,594.47,681.53,180.85,system,NA,0.534,2.04,5.19,129.41,180.0,99.11,180.0
Human Dominant_43,R5,2026-09-09T10:03:21.773626Z,behavior_monitor,16,180,409,689,446,731,564,509.93,572.18,124.94,system,NA,0.529,2.04,4.01,129.41,180.0,99.11,180.0
Human Dominant_43,R5,2026-09-09T10:03:22.284910Z,behavior_monitor,16,245,419,623,446,680,564,379.33,459.21,131.19,system,NA,0.548,2.04,20.68,129.41,180.0,113.19,168.4
Human Dominant_43,R5,2026-09-09T10:03:22.949311Z,human_signal,16,315,444,537,446,615,564,222.37,323.19,141.23,human,your_turn,0.592,2.04,17.85,129.41,180.0,99.11,180.0
Human Dominant_43,R5,2026-09-09T10:03:22.950293Z,behavior_monitor,16,315,444,537,446,615,564,222.37,323.19,141.23,system,NA,0.592,2.04,17.85,129.41,180.0,99.11,180.0
Human Dominant_43,R5,2026-09-09T10:03:22.950732Z,human_signal,16,317,444,535,446,615,564,217.78,320.75,142.45,human,your_turn,0.596,2.04,5.24,129.41,180.0,99.11,180.0
Human Dominant_43,R5,2026-09-09T10:03:23.222309Z,human_signal,16,349,452,500,446,588,564,150.75,263.42,146.94,human,i_can,0.636,2.04,1.38,129.41,180.0,99.11,180.0
Human Dominant_43,R5,2026-09-09T10:03:23.461252Z,behavior_monitor,16,376,454,471,446,574,563,95.08,225.9,156.07,system,NA,0.704,2.04,30.07,129.41,180.0,57.18,180.0
Human Dominant_43,R5,2026-09-09T10:03:23.733253Z,shot_miss,16,408,470,436,446,559,564,37.1,177.66,170.16,human,NA,0.827,2.04,10.0,129.41,180.0,57.18,180.0
Human Dominant_43,R5,2026-09-09T10:03:23.971131Z,behavior_monitor,16,435,475,405,446,544,564,41.5,141.06,182.41,system,NA,0.773,2.04,10.0,129.41,180.0,57.18,180.0
Human Dominant_43,R5,2026-09-09T10:03:24.481317Z,behavior_monitor,16,492,489,416,476,544,564,76.89,91.3,155.27,system,NA,0.543,2.04,6.57,134.8,25.45,0.0,-47.57
Human Dominant_43,R5,2026-09-09T10:03:24.992246Z,behavior_monitor,16,546,507,481,493,536,564,66.99,57.7,89.99,system,NA,0.463,2.04,36.08,129.41,0.0,76.24,180.0
Human Dominant_43,R5,2026-09-09T10:03:25.111323Z,conflict,16,557,520,499,493,533,564,64.59,50.39,79.3,system,NA,0.438,2.04,59.98,129.41,0.0,0.0,180.0
Human Dominant_43,R5,2026-09-09T10:03:25.503787Z,behavior_monitor,16,559,561,499,493,533,564,91.3,25.71,79.3,system,NA,0.22,2.04,126.0,0.0,0.0,0.0,180.0
Human Dominant_43,R5,2026-09-09T10:03:25.623994Z,shot_hit,16,550,575,500,492,533,566,96.3,18.4,81.03,agent,NA,0.16,2.04,126.0,0.0,0.0,0.0,180.0
Human Dominant_43,R5,2026-09-09T10:03:25.625156Z,flight_spawn,17,879,-20,500,492,533,566,637.75,680.66,81.03,system,NA,0.516,2.89,133.82,0.0,0.0,0.0,180.0
Human Dominant_43,R5,2026-09-09T10:03:29.524177Z,shot_hit,17,588,384,595,374,564,565,12.74,182.62,193.75,human,NA,0.935,2.89,74.32,129.41,0.0,78.56,6.12
Human Dominant_43,R5,2026-09-09T10:03:29.524823Z,flight_spawn,18,661,-20,595,374,564,565,399.49,593.24,193.75,system,NA,0.598,2.93,46.96,129.41,0.0,78.56,6.12
Human Dominant_43,R5,2026-09-09T10:03:32.611035Z,shot_hit,18,851,430,831,424,771,565,20.78,156.91,153.32,human,NA,0.883,2.93,72.45,133.41,-165.94,58.62,-26.38
Human Dominant_43,R5,2026-09-09T10:03:32.612055Z,flight_spawn,19,683,-20,831,424,771,565,468.69,592.2,153.32,system,NA,0.558,3.13,129.68,133.41,-165.94,58.62,-26.38
Human Dominant_43,R5,2026-09-09T10:03:36.086385Z,human_signal,19,540,535,825,486,531,564,289.65,30.38,304.97,human,your_turn,0.095,3.13,100.5,0.0,180.0,76.24,180.0
Human Dominant_43,R5,2026-09-09T10:03:36.087046Z,behavior_monitor,19,540,535,825,486,531,564,289.65,30.38,304.97,system,NA,0.095,3.13,100.5,0.0,180.0,76.24,180.0
Human Dominant_43,R5,2026-09-09T10:03:36.087477Z,human_signal,19,540,538,825,486,531,564,290.09,27.51,304.97,human,your_turn,0.087,3.13,100.5,0.0,180.0,76.24,180.0
Human Dominant_43,R5,2026-09-09T10:03:36.222789Z,shot_hit,19,535,563,825,486,519,564,300.47,16.06,316.24,agent,NA,0.051,3.13,100.5,0.0,180.0,0.0,180.0
Human Dominant_43,R5,2026-09-09T10:03:36.223673Z,flight_spawn,20,1215,-20,825,486,519,564,639.12,909.25,316.24,system,NA,0.587,3.19,51.17,0.0,180.0,0.0,180.0
Human Dominant_43,R5,2026-09-09T10:03:39.999840Z,human_signal,20,1319,390,1216,444,760,564,116.58,585.21,471.12,human,i_can,0.834,2.08,106.52,129.41,0.0,76.24,0.0
Human Dominant_43,R5,2026-09-09T10:03:40.015938Z,behavior_monitor,20,1319,390,1216,444,761,564,116.58,584.28,470.18,system,NA,0.834,2.08,106.52,129.41,0.0,57.18,0.0
Human Dominant_43,R5,2026-09-09T10:03:40.526212Z,behavior_monitor,20,1347,438,1282,444,790,565,65.53,570.79,505.86,system,NA,0.897,2.08,40.1,129.41,0.0,57.18,0.0
Human Dominant_43,R5,2026-09-09T10:03:41.038495Z,behavior_monitor,20,1411,456,1345,462,804,565,66.31,616.26,550.21,system,NA,0.903,2.08,17.05,137.43,37.8,0.0,-15.3
Human Dominant_43,R5,2026-09-09T10:03:41.547413Z,behavior_monitor,20,1434,472,1401,505,804,565,46.61,635.9,599.16,system,NA,0.932,1.25,123.42,136.44,29.63,0.0,-15.3
Human Dominant_43,R5,2026-09-09T10:03:41.751834Z,shot_hit,20,1426,484,1427,504,812,565,19.61,619.2,617.42,human,NA,0.969,1.25,123.42,148.54,-33.89,76.24,0.0
Human Dominant_43,R6,2026-09-09T10:03:51.439041Z,flight_spawn,1,542,-20,1427,504,812,565,1028.9,644.6,617.42,system,NA,0.385,3.08,130.46,0.0,-33.89,0.0,0.0
Human Dominant_43,R6,2026-09-09T10:03:56.625956Z,human_signal,1,352,282,1099,568,331,582,800.2,300.26,768.78,human,your_turn,0.273,3.08,89.11,137.72,-111.58,105.88,-90.0
Human Dominant_43,R6,2026-09-09T10:03:56.627214Z,behavior_monitor,1,352,282,1099,568,331,582,800.2,300.26,768.78,system,NA,0.273,3.08,89.11,130.07,-111.58,100.0,-90.0
Human Dominant_43,R6,2026-09-09T10:03:56.627687Z,human_signal,1,351,285,1098,565,331,582,797.91,297.16,767.96,human,your_turn,0.271,3.08,89.11,130.07,-111.58,100.0,-90.0
Human Dominant_43,R6,2026-09-09T10:03:57.135792Z,behavior_monitor,1,344,373,1071,504,327,566,737.91,193.32,746.08,system,NA,0.208,3.08,89.45,137.68,-115.92,0.0,180.0
Human Dominant_43,R6,2026-09-09T10:03:57.646227Z,behavior_monitor,1,341,464,1044,444,323,566,703.12,103.13,730.5,system,NA,0.128,3.08,115.6,43.06,-90.0,122.83,-176.34
Human Dominant_43,R6,2026-09-09T10:03:58.139282Z,shot_hit,1,283,535,1026,431,276,566,749.73,32.15,762.06,agent,NA,0.041,3.08,139.09,133.94,-145.95,99.11,180.0
Human Dominant_43,R6,2026-09-09T10:03:58.140241Z,flight_spawn,2,542,-20,1026,431,276,566,661.48,644.24,762.06,system,NA,0.493,3.41,54.07,133.94,-145.95,99.11,180.0
Human Dominant_43,R6,2026-09-09T10:04:00.093183Z,human_signal,2,768,278,838,442,402,566,178.89,465.78,453.16,human,i_can,0.723,3.41,49.81,129.41,180.0,76.24,0.0
Human Dominant_43,R6,2026-09-09T10:04:00.110401Z,behavior_monitor,2,768,278,838,442,403,566,178.89,464.93,451.95,system,NA,0.722,3.41,49.81,129.41,180.0,82.96,14.59
Human Dominant_43,R6,2026-09-09T10:04:00.620399Z,behavior_monitor,2,853,333,817,442,433,566,114.49,480.9,404.31,system,NA,0.808,3.41,4.02,129.41,0.0,57.18,0.0
Human Dominant_43,R6,2026-09-09T10:04:01.124939Z,behavior_monitor,2,954,353,883,431,446,565,105.08,550.06,457.12,system,NA,0.84,3.41,25.31,133.56,-14.32,26.49,-98.21
Human Dominant_43,R6,2026-09-09T10:04:01.635036Z,behavior_monitor,2,1029,416,949,430,457,565,81.05,591.21,510.5,system,NA,0.879,3.41,56.95,122.22,0.0,72.0,0.0
Human Dominant_43,R6,2026-09-09T10:04:02.145742Z,behavior_monitor,2,1105,466,1002,461,496,566,103.3,616.9,516.54,system,NA,0.857,3.41,23.01,136.01,58.51,76.24,0.0
Human Dominant_43,R6,2026-09-09T10:04:02.654285Z,behavior_monitor,2,1206,486,1046,514,535,566,162.69,675.09,512.75,system,NA,0.806,3.41,3.05,137.16,39.77,76.24,0.0
Human Dominant_43,R6,2026-09-09T10:04:03.164995Z,behavior_monitor,2,1304,502,1106,534,575,566,200.85,731.7,531.58,system,NA,0.785,3.41,27.52,127.43,-16.45,72.0,0.0
Human Dominant_43,R6,2026-09-09T10:04:03.676206Z,behavior_monitor,2,1399,537,1172,521,614,566,227.81,785.15,559.16,system,NA,0.775,3.41,0.51,129.41,0.0,76.24,0.0
Human Dominant_43,R6,2026-09-09T10:04:04.185339Z,behavior_monitor,2,1422,538,1238,521,653,566,184.64,768.92,586.24,system,NA,0.806,2.05,179.15,129.41,0.0,80.97,8.83
Human Dominant_43,R6,2026-09-09T10:04:04.697453Z,behavior_monitor,2,1361,546,1303,534,692,566,59.58,669.49,611.74,system,NA,0.918,2.05,158.43,137.68,31.83,76.24,0.0
Human Dominant_43,R6,2026-09-09T10:04:04.986309Z,shot_hit,2,1339,572,1336,556,714,566,15.68,625.08,622.23,human,NA,0.976,2.05,86.65,138.79,34.74,76.24,0.0
Human Dominant_43,R6,2026-09-09T10:04:04.987423Z,flight_spawn,3,551,-20,1336,556,714,566,974.32,608.63,622.23,system,NA,0.384,2.9,133.51,138.79,34.74,76.24,0.0
Human Dominant_43,R6,2026-09-09T10:04:06.383932Z,human_signal,3,431,175,1225,534,633,565,870.87,439.19,592.85,human,your_turn,0.335,2.9,75.14,129.41,180.0,76.24,180.0
Human Dominant_43,R6,2026-09-09T10:04:06.385014Z,behavior_monitor,3,431,175,1225,534,633,565,870.87,439.19,592.85,system,NA,0.335,2.9,75.14,129.41,180.0,89.96,-168.25
Human Dominant_43,R6,2026-09-09T10:04:06.385515Z,human_signal,3,433,178,1222,534,633,565,866.45,436.06,590.65,human,your_turn,0.335,2.9,75.14,129.41,180.0,89.96,-168.25
Human Dominant_43,R6,2026-09-09T10:04:06.893920Z,behavior_monitor,3,484,246,1159,534,582,565,733.89,334.38,577.21,system,NA,0.313,2.9,50.0,122.22,180.0,93.6,180.0
Human Dominant_43,R6,2026-09-09T10:04:07.405159Z,behavior_monitor,3,566,277,1139,489,542,565,610.56,288.69,601.71,system,NA,0.321,2.9,1.02,89.25,-90.0,123.64,-7.66
Human Dominant_43,R6,2026-09-09T10:04:07.914978Z,behavior_monitor,3,646,302,1136,481,592,565,521.48,267.86,550.68,system,NA,0.339,2.9,7.65,0.0,180.0,99.11,0.0
Human Dominant_43,R6,2026-09-09T10:04:08.426367Z,behavior_monitor,3,722,338,1123,481,643,565,425.93,239.24,486.85,system,NA,0.36,2.9,50.59,129.41,180.0,99.11,0.0
Human Dominant_43,R6,2026-09-09T10:04:08.935531Z,behavior_monitor,3,778,406,1100,481,694,564,330.06,179.42,413.99,system,NA,0.352,2.9,50.59,0.0,180.0,99.11,0.0
Human Dominant_43,R6,2026-09-09T10:04:09.088938Z,human_signal,3,799,428,1100,481,709,564,305.78,162.64,399.15,human,i_can,0.347,2.9,50.59,0.0,180.0,99.11,0.0
Human Dominant_43,R6,2026-09-09T10:04:09.445085Z,behavior_monitor,3,837,466,1100,481,730,564,262.9,145.35,379.26,system,NA,0.356,2.9,30.49,0.0,180.0,57.18,0.0
Human Dominant_43,R6,2026-09-09T10:04:09.888364Z,human_signal,3,880,525,1100,481,753,564,224.27,132.9,356.8,human,your_turn,0.372,2.9,76.94,0.0,180.0,0.0,0.0
Human Dominant_43,R6,2026-09-09T10:04:09.889078Z,human_signal,3,880,528,1100,481,753,564,224.48,132.47,356.8,human,your_turn,0.371,2.9,76.94,0.0,180.0,0.0,0.0
Human Dominant_43,R6,2026-09-09T10:04:09.956369Z,behavior_monitor,3,881,537,1100,481,759,564,225.4,124.88,350.24,system,NA,0.357,2.9,76.94,0.0,180.0,99.11,0.0
Human Dominant_43,R6,2026-09-09T10:04:10.467265Z,behavior_monitor,3,942,597,1100,481,810,592,195.74,132.26,310.48,system,NA,0.403,2.9,34.14,0.0,180.0,169.61,54.25
Human Dominant_43,R6,2026-09-09T10:04:10.980834Z,behavior_monitor,3,1025,612,1156,481,861,608,185.63,164.25,321.64,system,NA,0.469,2.9,6.68,129.41,0.0,99.11,0.0
Human Dominant_43,R6,2026-09-09T10:04:11.491482Z,behavior_monitor,3,1100,652,1215,495,912,648,194.32,188.8,339.65,system,NA,0.493,2.9,35.29,78.48,90.0,169.61,54.25
Human Dominant_43,R6,2026-09-09T10:04:12.003599Z,behavior_monitor,3,1176,688,1237,556,962,684,145.47,213.94,303.11,system,NA,0.595,2.9,7.71,139.8,65.74,99.11,0.0
Human Dominant_43,R6,2026-09-09T10:04:12.513364Z,behavior_monitor,3,1241,727,1268,618,1012,719,112.3,229.59,275.25,system,NA,0.672,2.9,82.31,133.88,62.91,169.61,54.25
Human Dominant_43,R6,2026-09-09T10:04:12.581709Z,human_signal,3,1244,739,1272,627,1019,729,115.98,225.3,273.43,human,your_turn,0.66,2.9,109.99,136.94,62.1,169.61,54.25
Human Dominant_43,R6,2026-09-09T10:04:12.582044Z,human_signal,3,1244,742,1273,629,1019,729,116.97,225.19,273.69,human,your_turn,0.658,2.9,109.99,136.94,62.1,169.61,54.25
Human Dominant_43,R6,2026-09-09T10:04:12.803124Z,human_signal,3,1227,775,1288,655,1041,759,134.45,186.9,268.55,human,i_can,0.582,2.9,136.36,139.46,59.77,169.61,54.25
Human Dominant_43,R6,2026-09-09T10:04:13.023956Z,behavior_monitor,3,1202,799,1304,679,1053,777,157.13,150.42,268.69,system,NA,0.489,2.9,136.36,130.69,56.5,92.42,54.25
Human Dominant_43,R6,2026-09-09T10:04:13.533563Z,behavior_monitor,3,1135,856,1327,739,1082,817,225.03,65.39,257.32,system,NA,0.225,2.9,133.12,137.1,70.71,97.85,54.25
Human Dominant_43,R6,2026-09-09T10:04:14.043695Z,behavior_monitor,3,1075,920,1289,738,1084,820,280.85,100.12,220.77,system,NA,0.263,2.9,133.12,129.41,180.0,0.0,10.67
Human Dominant_43,R6,2026-09-09T10:04:14.281213Z,flight_missed,3,1046,953,1256,738,1083,820,300.5,137.84,191.16,system,NA,0.314,2.9,133.45,129.41,180.0,0.0,122.48
Human Dominant_43,R6,2026-09-09T10:04:14.282452Z,flight_spawn,4,965,-20,1256,738,1083,820,812.16,848.75,191.16,system,NA,0.511,3.12,50.14,129.41,180.0,0.0,122.48
Human Dominant_43,R6,2026-09-09T10:04:16.547322Z,human_signal,4,1218,273,1230,479,1117,615,205.64,355.93,176.42,human,i_can,0.634,3.12,37.2,132.3,-32.81,130.47,-54.25
Human Dominant_43,R6,2026-09-09T10:04:16.564337Z,behavior_monitor,4,1218,273,1230,479,1118,613,205.64,354.36,174.76,system,NA,0.633,3.12,37.2,133.91,-30.17,97.85,-54.25
Human Dominant_43,R6,2026-09-09T10:04:17.074375Z,behavior_monitor,4,1304,313,1283,432,1147,573,121.01,303.58,195.83,system,NA,0.715,3.12,10.5,142.55,-41.89,97.85,-54.25
Human Dominant_43,R6,2026-09-09T10:04:17.585503Z,behavior_monitor,4,1399,330,1347,440,1161,567,121.28,335.21,224.91,system,NA,0.734,3.12,10.5,134.91,21.81,0.0,36.37
Human Dominant_43,R6,2026-09-09T10:04:18.098484Z,behavior_monitor,4,1427,366,1411,439,1161,567,74.32,333.66,281.38,system,NA,0.818,2.43,155.58,143.31,-32.66,0.0,102.98
Human Dominant_43,R6,2026-09-09T10:04:18.608596Z,behavior_monitor,4,1361,376,1402,401,1192,565,48.11,253.72,266.95,system,NA,0.841,2.43,178.48,129.41,180.0,76.24,0.0
Human Dominant_43,R6,2026-09-09T10:04:18.999464Z,shot_miss,4,1323,415,1352,401,1222,565,32.03,180.78,209.18,human,NA,0.849,2.43,129.35,129.41,180.0,76.24,0.0
Human Dominant_43,R6,2026-09-09T10:04:19.118771Z,behavior_monitor,4,1312,428,1336,401,1232,565,36.24,158.65,194.4,system,NA,0.814,2.43,129.35,129.41,180.0,76.24,0.0
Human Dominant_43,R6,2026-09-09T10:04:19.629813Z,behavior_monitor,4,1249,463,1283,428,1240,565,49.38,101.68,143.35,system,NA,0.673,2.43,174.34,135.52,107.27,76.24,180.0
Human Dominant_43,R6,2026-09-09T10:04:20.072066Z,human_signal,4,1193,493,1251,416,1206,565,95.64,73.12,155.47,human,your_turn,0.433,2.43,147.79,35.62,-90.0,76.24,180.0
Human Dominant_43,R6,2026-09-09T10:04:20.072876Z,human_signal,4,1191,494,1251,416,1206,565,98.28,72.34,155.47,human,your_turn,0.424,2.43,147.79,33.8,-90.0,76.24,180.0
Human Dominant_43,R6,2026-09-09T10:04:20.139925Z,behavior_monitor,4,1186,498,1251,416,1199,565,104.31,68.15,157.55,system,NA,0.395,2.43,147.79,0.0,-90.0,99.11,180.0
Human Dominant_43,R6,2026-09-09T10:04:20.496219Z,shot_hit,4,1164,544,1251,416,1162,565,153.99,21.45,173.28,agent,NA,0.122,2.43,117.83,0.0,-90.0,99.11,180.0
Human Dominant_43,R6,2026-09-09T10:04:20.496728Z,flight_spawn,5,898,-20,1251,416,1162,565,561.09,642.07,173.28,system,NA,0.534,2.83,45.0,0.0,-90.0,99.11,180.0
Human Dominant_43,R6,2026-09-09T10:04:22.775440Z,human_signal,5,1130,275,1195,435,1099,565,172.62,291.27,161.5,human,i_can,0.628,2.83,68.42,0.0,129.69,76.24,0.0
Human Dominant_43,R6,2026-09-09T10:04:22.792786Z,behavior_monitor,5,1130,275,1195,435,1100,565,172.62,291.17,160.93,system,NA,0.628,2.83,68.42,0.0,129.69,57.18,0.0
Human Dominant_43,R6,2026-09-09T10:04:23.303359Z,behavior_monitor,5,1163,351,1221,433,1128,565,100.28,216.51,161.27,system,NA,0.683,2.83,43.4,75.19,-33.19,57.18,0.0
Human Dominant_43,R6,2026-09-09T10:04:23.812618Z,behavior_monitor,5,1218,415,1201,425,1142,565,19.46,168.0,152.17,system,NA,0.896,2.83,66.23,129.41,0.0,0.0,0.0
Human Dominant_43,R6,2026-09-09T10:04:23.965200Z,shot_hit,5,1227,439,1221,425,1141,565,14.93,152.34,160.99,human,NA,0.911,2.83,66.23,129.41,0.0,0.0,-160.62
Human Dominant_43,R6,2026-09-09T10:04:23.966140Z,flight_spawn,6,871,-20,1221,425,1141,565,566.77,645.11,160.99,system,NA,0.532,2.99,48.08,129.41,0.0,0.0,-160.62
Human Dominant_43,R6,2026-09-09T10:04:25.004091Z,human_signal,6,863,152,1234,429,1083,565,462.85,468.49,203.63,human,your_turn,0.503,2.99,103.48,0.0,-154.93,76.24,180.0
Human Dominant_43,R6,2026-09-09T10:04:25.004843Z,behavior_monitor,6,863,152,1234,429,1083,565,462.85,468.49,203.63,system,NA,0.503,2.99,103.48,0.0,-154.93,76.24,180.0
Human Dominant_43,R6,2026-09-09T10:04:25.005319Z,human_signal,6,862,155,1234,429,1083,565,461.94,466.4,203.63,human,your_turn,0.502,2.99,103.48,0.0,-154.93,76.24,180.0
Human Dominant_43,R6,2026-09-09T10:04:25.516621Z,behavior_monitor,6,836,236,1234,429,1032,565,441.89,383.01,243.6,system,NA,0.464,2.99,105.15,0.0,-154.93,99.11,180.0
Human Dominant_43,R6,2026-09-09T10:04:26.028694Z,behavior_monitor,6,834,323,1234,429,981,564,413.15,281.94,287.01,system,NA,0.406,2.99,99.16,0.0,-154.93,99.11,180.0
Human Dominant_43,R6,2026-09-09T10:04:26.538935Z,behavior_monitor,6,822,412,1234,429,931,564,411.96,186.61,331.86,system,NA,0.312,2.99,99.16,0.0,-154.93,99.11,180.0
Human Dominant_43,R6,2026-09-09T10:04:27.048377Z,behavior_monitor,6,807,501,1216,429,880,564,414.69,96.16,361.93,system,NA,0.188,2.99,99.16,129.41,180.0,99.11,180.0
Human Dominant_43,R6,2026-09-09T10:04:27.559900Z,behavior_monitor,6,787,589,1167,429,829,580,413.26,43.43,370.67,system,NA,0.095,2.99,99.16,0.0,180.0,169.61,125.75
Human Dominant_43,R6,2026-09-09T10:04:27.593065Z,shot_miss,6,785,598,1167,429,824,587,418.21,40.48,378.18,agent,NA,0.088,2.99,99.16,0.0,180.0,169.61,125.75
Human Dominant_43,R6,2026-09-09T10:04:27.950328Z,shot_hit,6,789,660,1146,429,789,637,425.32,23.0,413.51,agent,NA,0.051,2.99,73.99,129.41,180.0,169.61,125.75
Human Dominant_43,R6,2026-09-09T10:04:27.951428Z,flight_spawn,7,1414,-20,1146,429,789,637,522.6,906.55,413.51,system,NA,0.634,2.93,46.9,129.41,180.0,169.61,125.75
Human Dominant_43,R6,2026-09-09T10:04:32.514166Z,human_signal,7,1106,282,1081,429,1091,564,149.88,282.51,134.74,human,i_can,0.653,1.91,128.77,0.0,180.0,76.24,180.0
Human Dominant_43,R6,2026-09-09T10:04:32.531254Z,behavior_monitor,7,1106,282,1081,429,1090,564,149.88,282.56,134.66,system,NA,0.653,1.91,128.77,0.0,180.0,57.18,180.0
Human Dominant_43,R6,2026-09-09T10:04:33.040777Z,behavior_monitor,7,1074,326,1081,429,1060,564,103.37,237.97,135.9,system,NA,0.697,1.91,128.77,0.0,180.0,57.18,180.0
Human Dominant_43,R6,2026-09-09T10:04:33.551491Z,behavior_monitor,7,1040,371,1044,409,1047,564,38.46,193.01,154.66,system,NA,0.834,1.91,128.68,133.62,-14.42,0.0,180.0
Human Dominant_43,R6,2026-09-09T10:04:34.026912Z,shot_hit,7,1009,412,1029,402,1047,564,21.81,156.51,162.76,human,NA,0.878,1.91,129.17,133.53,165.73,0.0,180.0
Human Dominant_43,R6,2026-09-09T10:04:34.027588Z,flight_spawn,8,646,-20,1029,402,1047,564,569.8,708.41,162.76,system,NA,0.554,2.83,45.0,133.53,165.73,0.0,180.0
Human Dominant_43,R6,2026-09-09T10:04:35.899211Z,human_signal,8,839,209,870,425,935,563,218.5,366.71,152.12,human,i_can,0.627,2.83,44.67,122.22,180.0,72.0,180.0
Human Dominant_43,R6,2026-09-09T10:04:35.916166Z,behavior_monitor,8,839,209,870,425,934,563,218.5,366.46,151.71,system,NA,0.626,2.83,44.67,129.41,180.0,57.18,180.0
Human Dominant_43,R6,2026-09-09T10:04:36.428755Z,behavior_monitor,8,879,279,894,425,905,563,147.42,285.64,138.24,system,NA,0.66,2.83,89.22,129.41,0.0,57.18,180.0
Human Dominant_43,R6,2026-09-09T10:04:36.938381Z,behavior_monitor,8,874,359,888,414,891,564,56.84,205.46,149.52,system,NA,0.783,2.83,27.72,129.41,180.0,0.0,138.9
Human Dominant_43,R6,2026-09-09T10:04:37.449397Z,behavior_monitor,8,951,395,894,406,893,563,57.11,177.3,157.11,system,NA,0.756,2.83,7.03,129.41,0.0,76.24,0.0
Human Dominant_43,R6,2026-09-09T10:04:37.959647Z,behavior_monitor,8,1029,416,960,414,932,563,68.42,176.09,151.99,system,NA,0.72,2.83,44.53,136.08,18.02,76.24,0.0
Human Dominant_43,R6,2026-09-09T10:04:38.079103Z,human_signal,8,1036,434,975,420,941,563,61.64,160.29,147.32,human,your_turn,0.722,2.83,67.91,136.94,24.52,85.06,8.69
Human Dominant_43,R6,2026-09-09T10:04:38.080320Z,human_signal,8,1036,436,978,421,941,563,60.63,158.58,146.79,human,your_turn,0.723,2.83,67.91,129.61,26.36,72.0,0.0
Human Dominant_43,R6,2026-09-09T10:04:38.470597Z,behavior_monitor,8,1080,475,1023,446,980,564,64.24,134.01,125.12,system,NA,0.676,2.83,16.74,136.91,28.51,99.11,0.0
Human Dominant_43,R6,2026-09-09T10:04:38.980266Z,behavior_monitor,8,1161,495,1049,392,1030,564,152.4,147.94,172.72,system,NA,0.493,2.83,3.77,134.71,-73.87,99.11,0.0
Human Dominant_43,R6,2026-09-09T10:04:39.491065Z,behavior_monitor,8,1236,527,1004,373,1080,564,277.73,159.5,205.15,system,NA,0.365,2.83,22.62,129.41,180.0,99.11,0.0
Human Dominant_43,R6,2026-09-09T10:04:40.003487Z,behavior_monitor,8,1299,577,938,390,1131,571,405.76,167.79,264.15,system,NA,0.293,2.83,73.99,133.62,165.58,169.61,54.25
Human Dominant_43,R6,2026-09-09T10:04:40.512612Z,behavior_monitor,8,1346,639,872,407,1181,634,527.27,164.41,383.51,system,NA,0.238,2.83,20.8,133.74,165.39,99.11,0.0
Human Dominant_43,R6,2026-09-09T10:04:41.025520Z,behavior_monitor,8,1426,669,817,424,1231,664,656.46,195.07,478.25,system,NA,0.229,2.83,20.8,63.47,180.0,99.11,0.0
Human Dominant_43,R6,2026-09-09T10:04:41.536285Z,behavior_monitor,8,1410,682,798,424,1282,678,664.38,128.71,545.92,system,NA,0.162,1.88,176.8,0.0,180.0,99.11,0.0
Human Dominant_43,R6,2026-09-09T10:04:42.047168Z,behavior_monitor,8,1373,717,798,424,1333,713,645.35,40.82,607.51,system,NA,0.059,1.88,111.93,0.0,180.0,169.61,54.25
Human Dominant_43,R6,2026-09-09T10:04:42.217810Z,shot_hit,8,1366,736,798,424,1344,731,648.3,22.45,626.87,agent,NA,0.033,1.88,84.56,0.0,180.0,137.65,90.0
Human Dominant_43,R6,2026-09-09T10:04:42.218843Z,flight_spawn,9,727,-20,798,424,1344,731,450.63,973.19,626.87,system,NA,0.684,2.83,45.0,0.0,180.0,137.65,90.0
Human Dominant_43,R6,2026-09-09T10:04:43.443503Z,human_signal,9,779,162,783,440,1280,643,277.99,694.86,537.11,human,i_can,0.714,2.83,99.43,62.72,-90.0,130.47,-125.75
Human Dominant_43,R6,2026-09-09T10:04:43.459972Z,behavior_monitor,9,779,162,783,440,1279,642,277.99,693.23,535.7,system,NA,0.714,2.83,99.43,61.67,-90.0,97.85,-125.75
Human Dominant_43,R6,2026-09-09T10:04:43.971583Z,behavior_monitor,9,736,236,760,423,1251,601,188.03,630.52,522.1,system,NA,0.77,2.83,123.38,134.95,-163.53,97.85,-125.75
Human Dominant_43,R6,2026-09-09T10:04:44.473185Z,behavior_monitor,9,679,295,699,418,1238,583,124.31,628.3,563.28,system,NA,0.835,2.83,163.93,129.41,180.0,0.0,-125.75
Human Dominant_43,R6,2026-09-09T10:04:44.983658Z,behavior_monitor,9,595,319,633,418,1220,565,106.35,671.54,604.56,system,NA,0.863,2.83,163.93,129.41,180.0,76.24,180.0
Human Dominant_43,R6,2026-09-09T10:04:45.493647Z,behavior_monitor,9,531,370,567,418,1181,566,60.2,678.19,630.81,system,NA,0.918,2.83,137.04,129.41,180.0,72.65,178.27
Human Dominant_43,R6,2026-09-09T10:04:46.005517Z,behavior_monitor,9,473,429,501,418,1142,566,29.93,682.47,657.4,system,NA,0.958,2.83,131.89,129.41,180.0,76.24,180.0
Human Dominant_43,R6,2026-09-09T10:04:46.090909Z,shot_miss,9,464,439,490,418,1135,566,34.01,683.47,661.73,human,NA,0.953,2.83,131.89,129.41,180.0,76.24,180.0
Human Dominant_43,R6,2026-09-09T10:04:46.516845Z,behavior_monitor,9,444,503,440,427,1103,566,76.19,661.99,677.34,system,NA,0.897,2.83,80.83,129.41,90.0,76.24,180.0
Human Dominant_43,R6,2026-09-09T10:04:47.026616Z,behavior_monitor,9,455,587,440,493,1064,577,94.96,609.31,629.64,system,NA,0.865,2.83,102.48,129.41,90.0,130.47,125.75
Human Dominant_43,R6,2026-09-09T10:04:47.197518Z,human_signal,9,450,615,440,515,1051,595,99.88,601.7,616.11,human,your_turn,0.858,2.83,102.48,129.41,90.0,116.74,134.83
Human Dominant_43,R6,2026-09-09T10:04:47.198221Z,human_signal,9,449,617,440,518,1051,595,100.35,602.75,615.83,human,your_turn,0.857,2.83,102.48,129.41,90.0,130.47,125.75
Human Dominant_43,R6,2026-09-09T10:04:47.539809Z,behavior_monitor,9,427,665,440,559,1017,642,106.15,590.68,583.07,system,NA,0.848,2.83,124.91,129.41,90.0,169.61,125.75
Human Dominant_43,R6,2026-09-09T10:04:48.049276Z,behavior_monitor,9,378,727,408,623,966,712,108.48,588.82,565.58,system,NA,0.844,2.83,151.79,140.74,119.17,169.61,125.75
Human Dominant_43,R6,2026-09-09T10:04:48.557786Z,behavior_monitor,9,303,766,373,685,916,761,106.92,612.79,547.95,system,NA,0.851,2.83,171.99,149.21,120.39,105.3,180.0
Human Dominant_43,R6,2026-09-09T10:04:49.067165Z,behavior_monitor,9,220,786,328,740,865,781,117.31,644.78,538.15,system,NA,0.846,2.83,174.24,139.83,141.18,99.11,180.0
Human Dominant_43,R6,2026-09-09T10:04:49.577228Z,behavior_monitor,9,140,810,264,755,814,805,136.2,674.53,551.97,system,NA,0.832,2.83,174.05,129.41,180.0,99.11,180.0
Human Dominant_43,R6,2026-09-09T10:04:50.087862Z,behavior_monitor,9,52,819,198,755,764,814,159.63,711.97,568.51,system,NA,0.817,2.83,174.05,129.41,180.0,99.11,180.0
Human Dominant_43,R6,2026-09-09T10:04:50.599329Z,behavior_monitor,9,44,864,132,755,713,860,140.07,669.2,590.29,system,NA,0.827,2.07,72.57,129.41,180.0,169.61,125.75
Human Dominant_43,R6,2026-09-09T10:04:51.107139Z,behavior_monitor,9,77,914,92,718,664,909,196.19,586.4,602.7,system,NA,0.749,2.07,50.95,129.41,-90.0,169.61,125.75
Human Dominant_43,R6,2026-09-09T10:04:51.447662Z,flight_missed,9,97,952,96,672,628,910,279.99,532.33,582.45,system,NA,0.655,2.07,80.13,133.78,-75.33,99.11,180.0
Human Dominant_43,R6,2026-09-09T10:04:51.448813Z,flight_spawn,10,1279,-20,96,672,628,910,1370.44,1135.22,582.45,system,NA,0.453,3.3,52.66,133.78,-75.33,99.11,180.0
Human Dominant_43,R6,2026-09-09T10:04:53.574984Z,human_signal,10,1335,133,307,496,766,717,1089.88,815.56,508.53,human,your_turn,0.428,2.19,171.54,136.09,-23.96,130.47,-54.25
Human Dominant_43,R6,2026-09-09T10:04:53.575746Z,behavior_monitor,10,1335,133,307,496,766,717,1089.88,815.56,508.53,system,NA,0.428,2.19,171.54,136.09,-23.96,130.47,-54.25
Human Dominant_43,R6,2026-09-09T10:04:53.576175Z,human_signal,10,1333,133,310,495,766,717,1085.54,813.9,507.04,human,your_turn,0.428,2.19,171.54,136.09,-23.96,130.47,-54.25
Human Dominant_43,R6,2026-09-09T10:04:54.084799Z,behavior_monitor,10,1271,142,371,468,816,647,956.82,678.73,479.63,system,NA,0.415,2.19,171.54,136.5,-23.95,169.61,-54.25
Human Dominant_43,R6,2026-09-09T10:04:54.596129Z,behavior_monitor,10,1208,155,435,440,867,576,823.73,541.57,453.44,system,NA,0.397,2.19,148.73,136.66,-24.1,169.61,-54.25
Human Dominant_43,R6,2026-09-09T10:04:55.106909Z,behavior_monitor,10,1140,170,462,425,917,565,724.0,453.48,476.07,system,NA,0.385,2.19,166.33,0.0,-49.43,99.11,0.0
Human Dominant_43,R6,2026-09-09T10:04:55.616904Z,behavior_monitor,10,1077,191,462,425,968,565,657.19,389.28,524.22,system,NA,0.372,2.19,146.06,0.0,-49.43,99.11,0.0
Human Dominant_43,R6,2026-09-09T10:04:56.125953Z,behavior_monitor,10,1049,248,462,425,1018,565,612.45,319.11,572.75,system,NA,0.343,2.19,95.45,0.0,-49.43,99.11,0.0
Human Dominant_43,R6,2026-09-09T10:04:56.635878Z,behavior_monitor,10,1066,305,462,425,1043,566,615.29,262.03,597.91,system,NA,0.299,2.19,45.03,0.0,-49.43,99.11,0.0
Human Dominant_43,R6,2026-09-09T10:04:57.147029Z,behavior_monitor,10,1123,330,462,425,1093,566,666.99,237.52,645.99,system,NA,0.263,2.19,19.49,0.0,-49.43,99.11,0.0
Human Dominant_43,R6,2026-09-09T10:04:57.658105Z,behavior_monitor,10,1190,350,462,425,1144,565,731.59,219.82,695.5,system,NA,0.231,2.19,5.75,0.0,-49.43,99.11,0.0
Human Dominant_43,R6,2026-09-09T10:04:58.168653Z,behavior_monitor,10,1255,357,462,425,1194,565,795.44,216.97,744.52,system,NA,0.214,2.19,5.75,0.0,-49.43,99.11,0.0
Human Dominant_43,R6,2026-09-09T10:04:59.903197Z,shot_miss,10,1355,540,518,451,1331,567,841.16,35.59,820.62,agent,NA,0.041,2.19,57.63,0.0,0.0,26.01,77.78
Human Dominant_43,R6,2026-09-09T10:05:00.107999Z,shot_hit,10,1364,564,518,436,1341,567,855.3,23.47,832.66,agent,NA,0.027,2.19,78.46,99.14,-90.0,0.0,0.0
Human Dominant_43,R6,2026-09-09T10:05:00.112259Z,flight_spawn,11,1375,-20,518,436,1341,567,970.91,588.2,832.66,system,NA,0.377,3.17,50.93,99.14,-90.0,0.0,0.0
Human Dominant_43,R6,2026-09-09T10:05:01.548626Z,human_signal,11,1448,231,518,422,1426,565,948.94,334.78,918.87,human,your_turn,0.261,3.02,97.09,0.0,-90.0,0.0,0.0
Human Dominant_43,R6,2026-09-09T10:05:01.550338Z,behavior_monitor,11,1448,231,518,422,1426,565,948.94,334.78,918.87,system,NA,0.261,3.02,97.09,0.0,-90.0,0.0,0.0
Human Dominant_43,R6,2026-09-09T10:05:01.552742Z,human_signal,11,1447,234,518,422,1426,565,947.4,331.73,918.87,human,your_turn,0.259,3.02,97.09,0.0,-90.0,0.0,0.0
Human Dominant_43,R6,2026-09-09T10:05:02.060058Z,behavior_monitor,11,1428,317,518,422,1411,565,915.78,248.18,903.9,system,NA,0.213,3.02,99.36,0.0,-90.0,0.0,180.0
Human Dominant_43,R6,2026-09-09T10:05:02.570629Z,behavior_monitor,11,1431,406,518,422,1415,565,912.24,159.89,907.5,system,NA,0.149,3.02,100.98,0.0,-90.0,0.0,0.0
Human Dominant_43,R6,2026-09-09T10:05:03.080326Z,behavior_monitor,11,1434,493,518,422,1410,565,917.86,76.57,902.51,system,NA,0.077,3.02,58.97,0.0,-90.0,93.6,0.0
Human Dominant_43,R6,2026-09-09T10:05:03.520753Z,shot_miss,11,1416,530,518,422,1401,566,903.8,38.75,894.01,agent,NA,0.041,2.17,113.41,0.0,-90.0,99.11,180.0
Human Dominant_43,R6,2026-09-09T10:05:03.588053Z,behavior_monitor,11,1413,536,518,422,1396,566,901.55,34.28,889.02,system,NA,0.037,2.17,113.41,0.0,-90.0,99.11,180.0
Human Dominant_43,R6,2026-09-09T10:05:03.741955Z,shot_hit,11,1406,556,518,422,1389,566,897.5,19.88,881.9,agent,NA,0.022,2.17,113.41,0.0,-90.0,0.0,180.0
Human Dominant_43,R6,2026-09-09T10:05:03.742554Z,flight_spawn,12,1134,-20,518,422,1389,566,757.73,639.21,881.9,system,NA,0.458,2.83,135.0,0.0,-90.0,0.0,180.0
Human Dominant_43,R6,2026-09-09T10:05:06.855614Z,human_signal,12,794,301,614,439,1195,565,227.86,480.21,595.25,human,i_can,0.678,2.83,115.55,0.0,0.0,76.24,180.0
Human Dominant_43,R6,2026-09-09T10:05:06.872943Z,behavior_monitor,12,794,301,614,439,1194,565,227.86,479.4,594.3,system,NA,0.678,2.83,115.55,0.0,0.0,57.18,180.0
Human Dominant_43,R6,2026-09-09T10:05:07.386056Z,behavior_monitor,12,792,385,669,439,1164,566,134.44,414.35,511.45,system,NA,0.755,2.83,118.73,122.22,0.0,54.0,180.0
Human Dominant_43,R6,2026-09-09T10:05:07.897270Z,behavior_monitor,12,762,464,735,439,1152,566,36.52,403.2,435.68,system,NA,0.917,2.83,113.69,129.41,0.0,0.0,-34.12
Human Dominant_43,R6,2026-09-09T10:05:07.966070Z,shot_miss,12,758,475,744,439,1152,566,37.98,404.82,427.7,human,NA,0.914,2.83,113.69,129.41,0.0,0.0,-34.12
Human Dominant_43,R6,2026-09-09T10:05:08.408349Z,behavior_monitor,12,728,542,742,484,1137,566,59.39,409.4,403.36,system,NA,0.873,2.83,113.69,143.36,127.42,76.24,180.0
Human Dominant_43,R6,2026-09-09T10:05:08.919771Z,behavior_monitor,12,755,621,707,544,1098,600,90.56,343.36,394.39,system,NA,0.791,2.83,68.94,129.41,90.0,130.47,125.75
Human Dominant_43,R6,2026-09-09T10:05:09.345835Z,human_signal,12,774,688,707,599,1066,645,110.39,295.0,361.24,human,your_turn,0.728,2.83,99.8,129.41,90.0,130.47,125.75
Human Dominant_43,R6,2026-09-09T10:05:09.347009Z,human_signal,12,772,690,707,601,1066,645,110.18,296.53,360.97,human,your_turn,0.729,2.83,99.8,129.41,90.0,130.47,125.75
Human Dominant_43,R6,2026-09-09T10:05:09.430944Z,behavior_monitor,12,768,701,707,610,1057,658,109.71,292.47,353.31,system,NA,0.727,2.83,99.8,129.41,90.0,169.61,125.75
Human Dominant_43,R6,2026-09-09T10:05:09.941731Z,behavior_monitor,12,756,784,696,637,1007,728,158.74,257.09,323.95,system,NA,0.618,2.83,47.93,131.32,-132.2,169.61,125.75
Human Dominant_43,R6,2026-09-09T10:05:10.452045Z,behavior_monitor,12,809,850,679,600,957,798,281.64,156.33,340.69,system,NA,0.357,2.83,75.49,0.0,-90.0,169.61,125.75
Human Dominant_43,R6,2026-09-09T10:05:10.963121Z,behavior_monitor,12,797,931,679,600,905,868,350.65,125.4,350.2,system,NA,0.263,2.83,102.49,0.0,-90.0,160.19,125.75
Human Dominant_43,R6,2026-09-09T10:05:11.082749Z,flight_missed,12,792,953,679,600,892,886,370.12,119.58,356.48,system,NA,0.244,2.83,102.49,0.0,-90.0,169.61,125.75
Human Dominant_43,R6,2026-09-09T10:05:11.083944Z,flight_spawn,13,776,-20,679,600,892,886,628.4,914.11,356.48,system,NA,0.593,3.41,125.9,0.0,-90.0,169.61,125.75
Human Dominant_43,R6,2026-09-09T10:05:12.733874Z,human_signal,13,576,221,603,492,795,752,272.23,573.8,322.7,human,i_can,0.678,3.41,120.84,86.68,-90.0,130.47,-125.75
Human Dominant_43,R6,2026-09-09T10:05:12.750116Z,behavior_monitor,13,576,221,603,492,794,751,272.23,572.18,321.03,system,NA,0.678,3.41,120.84,92.45,-90.0,97.85,-125.75
Human Dominant_43,R6,2026-09-09T10:05:13.263348Z,behavior_monitor,13,512,299,561,446,765,710,155.49,483.07,333.61,system,NA,0.756,3.41,148.76,136.88,-160.98,97.85,-125.75
Human Dominant_43,R6,2026-09-09T10:05:13.774583Z,behavior_monitor,13,426,352,495,443,752,693,114.25,471.84,358.62,system,NA,0.805,3.41,152.1,129.41,180.0,0.0,146.37
Human Dominant_43,R6,2026-09-09T10:05:14.284763Z,behavior_monitor,13,333,389,431,462,742,680,122.03,501.87,379.87,system,NA,0.804,3.41,151.81,139.5,145.15,130.47,-125.75
Human Dominant_43,R6,2026-09-09T10:05:14.795142Z,behavior_monitor,13,243,427,374,506,703,626,153.14,500.81,349.61,system,NA,0.766,3.41,150.06,140.25,141.84,130.47,-125.75
Human Dominant_43,R6,2026-09-09T10:05:15.304082Z,behavior_monitor,13,156,478,317,548,664,572,175.09,516.19,347.84,system,NA,0.747,3.41,150.06,139.0,146.58,130.47,-125.75
Human Dominant_43,R6,2026-09-09T10:05:15.815284Z,behavior_monitor,13,86,547,255,580,625,566,172.11,539.16,370.16,system,NA,0.758,3.41,143.64,136.88,155.24,76.24,180.0
Human Dominant_43,R6,2026-09-09T10:05:16.325616Z,behavior_monitor,13,32,577,192,612,586,572,164.14,553.92,395.54,system,NA,0.771,2.1,16.05,139.2,148.33,76.24,180.0
Human Dominant_43,R6,2026-09-09T10:05:16.828184Z,behavior_monitor,13,87,594,133,643,548,590,66.98,460.68,418.29,system,NA,0.873,2.1,6.6,129.41,180.0,130.47,125.75
Human Dominant_43,R6,2026-09-09T10:05:17.233053Z,shot_hit,13,133,613,131,613,517,608,1.55,384.44,385.94,human,NA,0.996,2.1,36.16,123.33,-71.75,76.24,180.0
Human Dominant_43,R6,2026-09-09T10:05:17.233780Z,flight_spawn,14,614,-20,131,613,517,608,796.3,635.55,385.94,system,NA,0.444,3.13,129.72,123.33,-71.75,76.24,180.0
Human Dominant_43,R6,2026-09-09T10:05:20.163295Z,human_signal,14,373,380,213,428,357,566,167.28,187.28,199.6,human,your_turn,0.528,3.13,97.45,0.0,-90.0,0.0,180.0
Human Dominant_43,R6,2026-09-09T10:05:20.163873Z,behavior_monitor,14,373,380,213,428,357,566,167.28,187.28,199.6,system,NA,0.528,3.13,97.45,0.0,-90.0,7.56,-62.34
Human Dominant_43,R6,2026-09-09T10:05:20.164316Z,human_signal,14,373,383,213,428,357,566,166.12,184.16,199.6,human,your_turn,0.526,3.13,97.45,0.0,-90.0,7.56,-62.34
Human Dominant_43,R6,2026-09-09T10:05:20.673610Z,behavior_monitor,14,396,471,213,428,373,566,187.61,98.46,211.85,system,NA,0.344,3.13,75.17,0.0,-90.0,99.11,0.0
Human Dominant_43,R6,2026-09-09T10:05:21.094276Z,shot_hit,14,414,549,213,428,392,565,235.21,27.5,225.2,agent,NA,0.105,3.13,75.17,0.0,-90.0,0.0,-54.25
Human Dominant_43,R6,2026-09-09T10:05:21.094814Z,flight_spawn,15,450,-20,213,428,392,565,507.19,588.12,225.2,system,NA,0.537,2.83,45.0,0.0,-90.0,0.0,-54.25
Human Dominant_43,R6,2026-09-09T10:05:23.510599Z,human_signal,15,622,272,365,404,546,565,289.12,302.87,241.54,human,your_turn,0.512,2.83,97.77,0.0,-90.0,76.24,0.0
Human Dominant_43,R6,2026-09-09T10:05:23.511067Z,behavior_monitor,15,622,272,365,404,546,565,289.12,302.87,241.54,system,NA,0.512,2.83,97.77,0.0,-90.0,76.24,0.0
Human Dominant_43,R6,2026-09-09T10:05:23.511350Z,human_signal,15,623,275,365,404,546,565,288.04,300.22,241.54,human,your_turn,0.51,2.83,97.77,0.0,-90.0,76.24,0.0
Human Dominant_43,R6,2026-09-09T10:05:24.016075Z,behavior_monitor,15,641,349,365,404,596,565,280.93,221.14,281.5,system,NA,0.44,2.83,47.52,0.0,-90.0,105.3,0.0
Human Dominant_43,R6,2026-09-09T10:05:24.523993Z,behavior_monitor,15,679,422,365,404,647,565,314.11,146.92,324.33,system,NA,0.319,2.83,69.07,0.0,-90.0,105.3,0.0
Human Dominant_43,R6,2026-09-09T10:05:25.030113Z,behavior_monitor,15,742,476,365,404,697,565,383.07,99.12,368.85,system,NA,0.206,2.83,49.89,0.0,-90.0,99.11,0.0
Human Dominant_43,R6,2026-09-09T10:05:25.434891Z,shot_hit,15,763,543,407,404,739,565,382.07,32.16,369.45,agent,NA,0.078,2.83,75.45,129.41,0.0,99.11,0.0
Human Dominant_43,R6,2026-09-09T10:05:25.435588Z,flight_spawn,16,650,-20,407,404,739,565,489.87,592.14,369.45,system,NA,0.547,3.54,55.59,129.41,0.0,99.11,0.0
Human Dominant_43,R6,2026-09-09T10:05:27.654300Z,human_signal,16,1031,212,642,460,838,564,460.67,401.21,222.07,human,your_turn,0.466,3.54,11.54,134.24,15.41,76.24,0.0
Human Dominant_43,R6,2026-09-09T10:05:27.655133Z,behavior_monitor,16,1031,212,642,460,838,564,460.67,401.21,222.07,system,NA,0.466,3.54,11.54,134.24,15.41,76.24,0.0
Human Dominant_43,R6,2026-09-09T10:05:27.655450Z,human_signal,16,1035,213,645,460,838,564,462.15,402.53,219.85,human,your_turn,0.466,3.54,11.54,134.24,15.41,76.24,0.0
Human Dominant_43,R6,2026-09-09T10:05:28.161984Z,behavior_monitor,16,1128,253,708,468,889,564,471.58,392.05,204.67,system,NA,0.454,3.54,44.59,129.41,0.0,99.11,0.0
Human Dominant_43,R6,2026-09-09T10:05:28.668810Z,behavior_monitor,16,1197,333,773,448,940,564,439.74,345.35,203.73,system,NA,0.44,3.54,44.14,141.13,-31.28,99.11,0.0
Human Dominant_43,R6,2026-09-09T10:05:29.175032Z,behavior_monitor,16,1293,363,834,411,991,564,461.73,363.44,219.12,system,NA,0.44,3.54,2.02,138.1,-26.83,99.11,0.0
Human Dominant_43,R6,2026-09-09T10:05:29.683948Z,behavior_monitor,16,1398,367,858,399,1041,565,541.33,408.56,247.15,system,NA,0.43,3.54,2.02,0.0,-90.0,105.3,0.0
Human Dominant_43,R6,2026-09-09T10:05:30.194967Z,behavior_monitor,16,1422,393,838,422,1091,565,584.73,372.6,290.87,system,NA,0.389,2.52,137.6,139.1,132.08,99.11,0.0
Human Dominant_43,R6,2026-09-09T10:05:30.704777Z,behavior_monitor,16,1360,436,823,440,1142,565,537.58,253.52,342.62,system,NA,0.32,2.52,162.55,127.44,38.92,99.11,0.0
Human Dominant_43,R6,2026-09-09T10:05:31.216984Z,behavior_monitor,16,1308,485,859,496,1192,565,448.99,140.16,340.66,system,NA,0.238,2.52,131.07,129.41,90.0,99.11,0.0
Human Dominant_43,R6,2026-09-09T10:05:31.727501Z,behavior_monitor,16,1271,549,834,551,1243,565,436.69,32.77,408.52,system,NA,0.07,2.52,109.68,108.13,114.94,99.11,0.0
Human Dominant_43,R6,2026-09-09T10:05:31.915289Z,shot_hit,16,1263,578,827,557,1246,572,436.71,18.42,419.02,agent,NA,0.04,2.52,86.49,0.0,180.0,137.65,90.0
Human Dominant_43,R6,2026-09-09T10:05:31.916354Z,flight_spawn,17,1223,-20,827,557,1246,572,699.57,593.05,419.02,system,NA,0.459,3.17,50.95,0.0,180.0,137.65,90.0
Human Dominant_43,R6,2026-09-09T10:05:33.600115Z,human_signal,17,1289,239,739,499,1288,565,608.01,326.12,553.37,human,your_turn,0.349,3.17,155.27,0.0,-90.0,76.24,180.0
Human Dominant_43,R6,2026-09-09T10:05:33.601719Z,behavior_monitor,17,1289,239,739,499,1288,565,608.01,326.12,553.37,system,NA,0.349,3.17,155.27,0.0,-90.0,76.24,180.0
Human Dominant_43,R6,2026-09-09T10:05:33.602167Z,human_signal,17,1286,241,739,499,1288,565,604.86,324.8,553.37,human,your_turn,0.349,3.17,155.27,0.0,-90.0,76.24,180.0
Human Dominant_43,R6,2026-09-09T10:05:34.107488Z,behavior_monitor,17,1206,281,738,484,1238,565,510.3,286.36,506.64,system,NA,0.359,3.17,160.46,132.81,-105.91,99.11,180.0
Human Dominant_43,R6,2026-09-09T10:05:34.618121Z,behavior_monitor,17,1116,302,694,435,1188,565,442.79,272.41,510.89,system,NA,0.381,3.17,167.92,138.28,-159.37,99.11,180.0
Human Dominant_43,R6,2026-09-09T10:05:35.128059Z,behavior_monitor,17,1024,329,633,463,1137,565,413.09,262.52,514.59,system,NA,0.389,3.17,172.98,140.93,132.85,99.11,180.0
Human Dominant_43,R6,2026-09-09T10:05:35.638358Z,behavior_monitor,17,929,341,583,447,1087,565,362.13,274.33,517.22,system,NA,0.431,3.17,179.92,137.61,-119.78,99.11,180.0
Human Dominant_43,R6,2026-09-09T10:05:35.690072Z,human_signal,17,916,344,578,439,1082,565,351.06,275.89,518.93,human,i_can,0.44,3.17,156.61,138.22,-120.96,99.11,180.0
Human Dominant_43,R6,2026-09-09T10:05:36.148926Z,behavior_monitor,17,846,381,536,448,1056,566,316.76,279.85,533.05,system,NA,0.469,3.17,147.41,97.05,70.51,57.18,180.0
Human Dominant_43,R6,2026-09-09T10:05:36.656740Z,behavior_monitor,17,767,432,596,464,1038,565,173.18,302.38,453.49,system,NA,0.636,3.17,168.16,129.41,0.0,0.0,-165.96
Human Dominant_43,R6,2026-09-09T10:05:37.163301Z,behavior_monitor,17,678,459,662,464,1032,565,16.43,369.63,383.24,system,NA,0.957,3.17,157.75,129.41,0.0,0.0,180.0
Human Dominant_43,R6,2026-09-09T10:05:37.247452Z,shot_hit,17,661,465,670,456,1032,565,12.33,383.85,377.79,human,NA,0.969,3.17,157.75,134.41,-46.36,0.0,180.0
Human Dominant_43,R6,2026-09-09T10:05:37.247939Z,flight_spawn,18,545,-20,670,456,1032,565,492.64,761.34,377.79,system,NA,0.607,2.94,132.8,134.41,-46.36,0.0,180.0
Human Dominant_43,R6,2026-09-09T10:05:39.925227Z,human_signal,18,313,336,377,482,903,566,159.25,633.11,532.29,human,i_can,0.799,2.94,156.07,129.41,180.0,76.24,180.0
Human Dominant_43,R6,2026-09-09T10:05:39.940167Z,behavior_monitor,18,313,336,377,482,902,566,159.25,632.2,531.33,system,NA,0.799,2.94,156.07,137.5,180.0,60.75,180.0
Human Dominant_43,R6,2026-09-09T10:05:40.451514Z,behavior_monitor,18,239,381,311,482,873,565,124.33,659.93,567.73,system,NA,0.841,2.94,139.25,129.41,180.0,57.18,180.0
Human Dominant_43,R6,2026-09-09T10:05:40.958769Z,behavior_monitor,18,174,438,245,482,860,565,83.65,696.96,619.62,system,NA,0.893,2.94,139.25,129.41,180.0,0.0,-98.17
Human Dominant_43,R6,2026-09-09T10:05:41.468452Z,behavior_monitor,18,103,486,188,517,848,565,91.26,749.91,661.82,system,NA,0.892,2.94,134.26,138.35,128.96,76.24,180.0
Human Dominant_43,R6,2026-09-09T10:05:41.974342Z,behavior_monitor,18,47,549,144,573,809,565,100.29,762.52,665.06,system,NA,0.884,2.94,134.26,139.86,129.2,76.24,180.0
Human Dominant_43,R6,2026-09-09T10:05:42.484332Z,behavior_monitor,18,25,623,99,628,770,601,74.22,745.53,671.77,system,NA,0.909,2.85,78.96,139.77,129.22,130.47,125.75
Human Dominant_43,R6,2026-09-09T10:05:42.889565Z,shot_hit,18,50,687,63,673,739,645,19.18,690.39,676.94,human,NA,0.973,2.85,54.41,140.14,129.41,130.47,125.75
Human Dominant_43,R6,2026-09-09T10:05:42.890210Z,flight_spawn,19,303,-20,63,673,739,645,733.58,795.27,676.94,system,NA,0.52,3.48,125.1,140.14,129.41,130.47,125.75
Human Dominant_43,R6,2026-09-09T10:05:45.334634Z,human_signal,19,25,255,104,515,572,566,271.34,629.43,471.12,human,i_can,0.699,2.37,96.01,131.18,-127.46,76.24,180.0
Human Dominant_43,R6,2026-09-09T10:05:45.351226Z,behavior_monitor,19,25,255,104,515,571,566,271.34,628.59,470.16,system,NA,0.698,2.37,96.01,132.64,-126.83,57.18,180.0
Human Dominant_43,R6,2026-09-09T10:05:45.862025Z,behavior_monitor,19,36,325,50,477,542,566,152.88,561.18,500.01,system,NA,0.786,2.37,75.53,121.63,180.0,57.18,180.0
Human Dominant_43,R6,2026-09-09T10:05:46.371151Z,behavior_monitor,19,35,395,50,477,529,566,84.02,523.24,487.58,system,NA,0.862,2.37,80.69,126.03,-139.03,0.0,-35.17
Human Dominant_43,R6,2026-09-09T10:05:46.797635Z,shot_miss,19,53,449,21,444,522,566,33.24,483.03,516.12,human,NA,0.936,2.37,56.54,91.72,-90.0,76.24,180.0
Human Dominant_43,R6,2026-09-09T10:05:46.882892Z,behavior_monitor,19,61,459,28,439,516,566,38.27,467.29,503.67,system,NA,0.924,2.37,56.54,137.04,-19.22,76.24,180.0
Human Dominant_43,R6,2026-09-09T10:05:47.393262Z,behavior_monitor,19,116,504,74,465,477,566,57.73,366.84,416.12,system,NA,0.864,2.37,35.12,129.41,90.0,76.24,180.0
Human Dominant_43,R6,2026-09-09T10:05:47.903737Z,behavior_monitor,19,174,539,74,531,438,566,100.99,265.13,366.1,system,NA,0.724,2.37,40.16,129.41,90.0,76.24,180.0
Human Dominant_43,R6,2026-09-09T10:05:47.920459Z,human_signal,19,177,540,74,533,437,566,103.11,261.52,364.61,human,your_turn,0.717,2.37,40.16,129.41,90.0,76.24,180.0
Human Dominant_43,R6,2026-09-09T10:05:47.921030Z,human_signal,19,178,542,74,535,437,566,104.16,260.28,364.41,human,your_turn,0.714,2.37,40.16,129.41,90.0,76.24,180.0
Human Dominant_43,R6,2026-09-09T10:05:48.412345Z,behavior_monitor,19,233,573,85,557,388,568,148.85,155.58,303.64,system,NA,0.511,2.37,57.76,133.17,-62.06,169.61,125.75
Human Dominant_43,R6,2026-09-09T10:05:48.923044Z,behavior_monitor,19,268,636,91,543,338,631,199.34,70.43,261.89,system,NA,0.261,2.37,83.05,0.0,-90.0,180.21,125.75
Human Dominant_43,R6,2026-09-09T10:05:49.162315Z,shot_hit,19,281,668,91,543,313,664,226.93,32.12,252.13,agent,NA,0.124,2.37,85.78,0.0,-90.0,169.61,125.75
Human Dominant_43,R6,2026-09-09T10:05:49.163425Z,flight_spawn,20,897,-20,91,543,313,664,983.16,899.53,252.13,system,NA,0.478,3.05,131.0,0.0,-90.0,169.61,125.75
Human Dominant_43,R6,2026-09-09T10:05:52.918440Z,human_signal,20,393,366,259,407,423,565,140.16,201.53,227.58,human,i_can,0.59,3.05,101.09,94.5,150.45,76.24,180.0
Human Dominant_43,R6,2026-09-09T10:05:52.935050Z,behavior_monitor,20,393,366,259,407,422,565,140.16,201.38,226.88,system,NA,0.59,3.05,101.09,65.1,140.16,57.18,180.0
Human Dominant_43,R6,2026-09-09T10:05:53.446619Z,behavior_monitor,20,386,451,307,408,393,564,89.85,113.23,178.23,system,NA,0.558,3.05,69.72,129.41,0.0,57.18,180.0
Human Dominant_43,R6,2026-09-09T10:05:53.955235Z,behavior_monitor,20,444,520,319,428,385,564,155.57,73.86,151.45,system,NA,0.322,3.05,47.58,138.54,-159.08,0.0,-141.62
Human Dominant_43,R6,2026-09-09T10:05:54.176465Z,human_signal,20,478,542,293,437,385,564,212.56,95.07,156.88,human,your_turn,0.309,3.05,49.47,133.52,132.65,0.0,-141.62
Human Dominant_43,R6,2026-09-09T10:05:54.177098Z,human_signal,20,480,545,291,439,385,564,216.37,97.15,156.28,human,your_turn,0.31,3.05,49.47,135.76,130.52,0.0,-141.62
Human Dominant_43,R6,2026-09-09T10:05:54.463592Z,behavior_monitor,20,510,582,272,472,414,576,262.71,96.77,176.08,system,NA,0.269,3.05,49.47,142.07,119.95,169.61,54.25
Human Dominant_43,R6,2026-09-09T10:05:54.972769Z,behavior_monitor,20,575,651,235,534,465,645,359.61,110.27,255.42,system,NA,0.235,3.05,49.47,142.14,121.52,151.07,56.91
Human Dominant_43,R6,2026-09-09T10:05:55.487017Z,behavior_monitor,20,636,721,230,558,515,716,437.31,120.85,325.85,system,NA,0.217,3.05,49.47,90.27,0.0,169.61,54.25
Human Dominant_43,R6,2026-09-09T10:05:55.995690Z,behavior_monitor,20,697,790,270,556,565,786,486.69,131.63,374.09,system,NA,0.213,3.05,49.47,129.41,0.0,169.61,54.25
Human Dominant_43,R6,2026-09-09T10:05:56.504547Z,behavior_monitor,20,758,859,336,556,616,853,519.43,142.31,408.32,system,NA,0.215,3.05,49.76,129.41,0.0,169.61,54.25
Human Dominant_43,R6,2026-09-09T10:05:57.014740Z,behavior_monitor,20,820,919,402,556,667,910,553.06,153.34,441.53,system,NA,0.217,3.05,71.91,129.41,0.0,160.31,51.81
Human Dominant_43,R6,2026-09-09T10:05:57.183814Z,flight_missed,20,820,952,427,556,685,910,558.1,140.75,438.32,system,NA,0.201,3.05,93.85,129.41,0.0,114.62,0.0
