user_id,round_id,timestamp,event_type,flight_id,flight_x,flight_y,human_x,human_y,agent_x,agent_y,dist_human_flight,dist_agent_flight,dist_human_agent,triggered_by,signal_type,dir_ratio,flight_speed,flight_angle,human_speed,human_direction,agent_speed,agent_direction
Negotiation_45,R1,2026-09-10T05:02:21.710822Z,flight_spawn,1,790,-20,985,590,320,590,640.24,770.4,665.0,system,NA,0.546,3.31,127.18,0.0,0.0,0.0,0.0
Negotiation_45,R1,2026-09-10T05:09:43.954415Z,agent_signal,1,1034,310,1023,568,521,565,259.04,573.64,501.86,agent,your_turn,0.689,3.31,57.78,122.56,-120.68,76.24,0.0
Negotiation_45,R1,2026-09-10T05:09:43.970804Z,behavior_monitor,1,1034,310,1023,568,522,565,259.04,572.77,500.89,system,NA,0.689,3.31,57.78,109.58,-90.0,57.18,0.0
Negotiation_45,R1,2026-09-10T05:09:44.480295Z,behavior_monitor,1,1079,391,1023,518,551,565,139.55,556.35,474.02,system,NA,0.799,3.31,52.59,0.0,-90.0,57.18,0.0
Negotiation_45,R1,2026-09-10T05:09:44.992365Z,behavior_monitor,1,1122,476,1048,525,565,565,88.7,564.16,484.78,system,NA,0.864,3.31,60.61,134.76,16.21,0.0,-164.36
Negotiation_45,R1,2026-09-10T05:09:45.504583Z,shot_miss,1,1171,563,1109,553,586,565,63.47,585.58,522.99,human,NA,0.902,3.31,60.61,135.19,49.25,76.24,0.0
Negotiation_45,R1,2026-09-10T05:09:45.505631Z,behavior_monitor,1,1171,563,1109,553,586,565,63.47,585.58,522.99,system,NA,0.902,3.31,60.61,134.62,51.82,76.24,0.0
Negotiation_45,R1,2026-09-10T05:09:46.014641Z,behavior_monitor,1,1231,640,1143,613,624,615,92.53,607.31,518.34,system,NA,0.868,3.31,61.47,135.09,73.33,99.93,61.43
Negotiation_45,R1,2026-09-10T05:09:46.525195Z,behavior_monitor,1,1275,727,1166,677,664,669,119.55,614.39,503.04,system,NA,0.837,3.31,61.47,133.87,75.17,130.47,54.25
Negotiation_45,R1,2026-09-10T05:09:47.036547Z,behavior_monitor,1,1271,826,1154,743,702,723,143.91,578.53,451.98,system,NA,0.801,3.31,90.38,135.35,107.04,130.47,54.25
Negotiation_45,R1,2026-09-10T05:09:47.546541Z,behavior_monitor,1,1274,923,1132,809,741,777,182.04,553.29,392.9,system,NA,0.752,3.31,98.02,129.41,90.0,130.47,54.25
Negotiation_45,R1,2026-09-10T05:09:47.682557Z,flight_missed,1,1273,953,1132,829,753,793,187.09,543.96,381.3,system,NA,0.744,3.31,98.02,129.41,90.0,130.47,54.25
Negotiation_45,R1,2026-09-10T05:09:47.683593Z,flight_spawn,2,753,-20,1132,829,753,793,930.36,813.86,381.3,system,NA,0.467,3.01,131.7,129.41,90.0,130.47,54.25
Negotiation_45,R1,2026-09-10T05:09:51.052767Z,agent_signal,2,957,457,1002,589,924,566,139.98,113.92,81.94,agent,i_can,0.449,3.01,104.54,62.74,-90.0,76.24,0.0
Negotiation_45,R1,2026-09-10T05:09:51.069393Z,behavior_monitor,2,957,457,1002,589,925,566,139.98,113.44,80.33,system,NA,0.448,3.01,104.54,59.08,-90.0,99.11,0.0
Negotiation_45,R1,2026-09-10T05:09:51.070385Z,conflict,2,956,460,1002,588,927,566,136.62,110.14,78.53,system,NA,0.446,3.01,104.54,59.08,-90.0,99.11,0.0
Negotiation_45,R1,2026-09-10T05:09:51.580492Z,behavior_monitor,2,951,545,1002,588,927,566,67.35,31.72,78.53,system,NA,0.32,3.01,80.27,0.0,-90.0,0.0,7.91
Negotiation_45,R1,2026-09-10T05:09:51.903383Z,shot_hit,2,960,604,1016,588,938,591,58.08,26.06,78.65,agent,NA,0.31,3.01,57.61,49.69,0.0,146.25,70.25
Negotiation_45,R1,2026-09-10T05:09:51.903685Z,flight_spawn,3,1264,-20,1016,588,938,591,657.27,693.41,78.65,system,NA,0.513,2.83,45.0,49.69,0.0,146.25,70.25
Negotiation_45,R1,2026-09-10T05:09:52.634077Z,conflict,3,1368,28,1017,588,938,590,661.63,707.67,78.92,system,NA,0.517,2.83,51.94,0.0,0.0,0.0,69.45
Negotiation_45,R1,2026-09-10T05:09:53.634192Z,conflict,3,1394,185,1035,591,960,566,542.28,578.0,78.97,system,NA,0.516,2.83,58.23,40.53,32.28,41.97,0.0
Negotiation_45,R1,2026-09-10T05:09:54.637732Z,conflict,3,1426,298,1035,619,977,566,505.3,522.72,79.11,system,NA,0.508,2.0,110.62,62.97,92.05,51.93,0.0
Negotiation_45,R1,2026-09-10T05:09:57.163749Z,agent_signal,3,1428,537,951,718,1130,565,509.92,298.48,235.85,agent,i_can,0.369,1.5,99.19,129.41,180.0,76.24,0.0
Negotiation_45,R1,2026-09-10T05:09:57.180104Z,behavior_monitor,3,1428,537,951,718,1132,565,509.92,296.81,237.14,system,NA,0.368,1.5,99.19,129.41,180.0,99.11,0.0
Negotiation_45,R1,2026-09-10T05:09:57.467279Z,human_signal,3,1420,560,917,718,1161,565,526.63,258.96,287.8,human,your_turn,0.33,1.5,143.79,103.84,180.0,99.11,0.0
Negotiation_45,R1,2026-09-10T05:09:57.468706Z,human_signal,3,1418,561,916,718,1161,565,526.5,257.43,289.21,human,your_turn,0.328,1.5,143.79,101.64,180.0,99.11,0.0
Negotiation_45,R1,2026-09-10T05:09:57.688176Z,behavior_monitor,3,1401,568,900,718,1183,565,522.94,218.22,321.8,system,NA,0.294,1.5,172.25,61.47,180.0,99.11,0.0
Negotiation_45,R1,2026-09-10T05:09:58.149229Z,human_signal,3,1367,583,898,718,1228,579,487.72,138.46,358.34,human,your_turn,0.221,1.5,139.51,0.0,180.0,99.11,0.0
Negotiation_45,R1,2026-09-10T05:09:58.149685Z,human_signal,3,1366,584,898,718,1228,579,486.95,137.97,358.34,human,your_turn,0.221,1.5,139.51,0.0,180.0,169.61,54.25
Negotiation_45,R1,2026-09-10T05:09:58.200425Z,behavior_monitor,3,1364,586,898,718,1233,581,483.85,130.24,362.11,system,NA,0.212,1.5,139.51,0.0,180.0,169.61,54.25
Negotiation_45,R1,2026-09-10T05:09:58.713037Z,behavior_monitor,3,1329,616,871,718,1284,612,469.14,45.12,426.45,system,NA,0.088,1.5,126.56,129.41,180.0,169.61,54.25
Negotiation_45,R1,2026-09-10T05:09:58.848212Z,shot_hit,3,1320,625,851,718,1298,619,477.97,23.24,457.19,agent,NA,0.046,1.5,149.38,137.5,180.0,105.3,0.0
Negotiation_45,R1,2026-09-10T05:09:58.848892Z,flight_spawn,4,749,-20,851,718,1298,619,745.54,842.95,457.19,system,NA,0.531,3.03,48.62,137.5,180.0,105.3,0.0
Negotiation_45,R1,2026-09-10T05:10:01.095180Z,human_signal,4,1066,139,662,638,1232,567,641.64,458.55,574.59,human,your_turn,0.417,3.03,85.93,116.57,-120.66,76.24,180.0
Negotiation_45,R1,2026-09-10T05:10:01.096282Z,behavior_monitor,4,1066,139,662,638,1232,567,641.64,458.55,574.59,system,NA,0.417,3.03,85.93,116.9,-120.93,76.24,180.0
Negotiation_45,R1,2026-09-10T05:10:01.096726Z,human_signal,4,1067,142,661,636,1232,567,639.25,455.38,575.4,human,your_turn,0.416,3.03,85.93,116.9,-120.93,76.24,180.0
Negotiation_45,R1,2026-09-10T05:10:01.605420Z,behavior_monitor,4,1075,230,622,602,1181,565,586.87,351.41,560.56,system,NA,0.375,3.03,85.93,129.41,180.0,99.11,180.0
Negotiation_45,R1,2026-09-10T05:10:02.115869Z,behavior_monitor,4,1060,317,556,602,1130,564,579.26,256.6,575.98,system,NA,0.307,3.03,76.25,129.41,180.0,99.11,180.0
Negotiation_45,R1,2026-09-10T05:10:02.625727Z,behavior_monitor,4,1060,406,491,602,1080,564,602.53,159.31,590.92,system,NA,0.209,3.03,102.72,66.34,180.0,99.11,180.0
Negotiation_45,R1,2026-09-10T05:10:02.830617Z,agent_signal,4,1050,444,489,602,1060,564,582.92,120.15,572.99,agent,i_can,0.171,3.03,102.72,0.0,180.0,99.11,180.0
Negotiation_45,R1,2026-09-10T05:10:03.135822Z,behavior_monitor,4,1021,487,489,602,1030,564,544.46,77.56,542.74,system,NA,0.125,3.03,124.86,0.0,180.0,99.11,180.0
Negotiation_45,R1,2026-09-10T05:10:03.596261Z,shot_hit,4,995,564,489,602,983,564,507.74,12.13,495.69,agent,NA,0.023,3.03,99.48,0.0,180.0,99.11,180.0
Negotiation_45,R1,2026-09-10T05:10:03.597196Z,flight_spawn,5,241,-20,489,602,983,564,670.19,944.27,495.69,system,NA,0.585,2.89,133.82,0.0,180.0,99.11,180.0
Negotiation_45,R1,2026-09-10T05:10:04.716956Z,human_signal,5,65,29,520,629,968,564,752.73,1050.16,453.59,human,i_can,0.582,2.89,179.76,134.35,-152.27,76.24,180.0
Negotiation_45,R1,2026-09-10T05:10:04.733090Z,behavior_monitor,5,65,29,520,629,968,564,752.73,1049.33,452.63,system,NA,0.582,2.89,179.76,134.53,-152.67,57.18,180.0
Negotiation_45,R1,2026-09-10T05:10:05.242648Z,behavior_monitor,5,43,29,456,613,938,564,714.79,1043.07,485.0,system,NA,0.593,1.73,0.4,129.41,180.0,57.18,180.0
Negotiation_45,R1,2026-09-10T05:10:05.751718Z,behavior_monitor,5,93,41,390,610,924,564,641.68,981.82,535.92,system,NA,0.605,1.73,20.63,138.14,-153.73,0.0,162.88
Negotiation_45,R1,2026-09-10T05:10:06.260688Z,behavior_monitor,5,142,56,350,556,923,564,541.86,931.97,573.61,system,NA,0.632,1.73,6.82,127.76,-116.61,0.0,135.8
Negotiation_45,R1,2026-09-10T05:10:06.771292Z,behavior_monitor,5,175,90,330,501,892,563,439.54,859.58,565.44,system,NA,0.662,1.73,64.9,101.37,-90.0,76.24,180.0
Negotiation_45,R1,2026-09-10T05:10:07.282663Z,behavior_monitor,5,175,140,321,458,854,563,350.34,799.82,542.55,system,NA,0.695,1.73,115.92,72.04,180.0,76.24,180.0
Negotiation_45,R1,2026-09-10T05:10:07.793431Z,behavior_monitor,5,151,187,291,473,815,563,318.29,763.29,531.48,system,NA,0.706,1.73,91.45,87.7,129.12,76.24,180.0
Negotiation_45,R1,2026-09-10T05:10:08.302628Z,behavior_monitor,5,137,235,252,513,776,564,300.91,718.88,526.87,system,NA,0.705,1.73,119.89,121.1,157.17,76.24,180.0
Negotiation_45,R1,2026-09-10T05:10:08.812146Z,behavior_monitor,5,133,287,190,517,738,564,236.6,664.8,550.16,system,NA,0.738,1.73,92.3,124.12,180.0,76.24,180.0
Negotiation_45,R1,2026-09-10T05:10:09.323525Z,behavior_monitor,5,131,339,149,502,698,564,164.43,610.16,552.91,system,NA,0.788,1.73,92.3,63.07,-90.0,76.24,180.0
Negotiation_45,R1,2026-09-10T05:10:09.647370Z,agent_signal,5,117,371,149,480,674,564,114.05,589.22,531.5,agent,your_turn,0.838,1.73,119.17,64.2,-90.0,76.24,180.0
Negotiation_45,R1,2026-09-10T05:10:09.834741Z,behavior_monitor,5,110,386,141,469,663,564,88.91,580.68,530.25,system,NA,0.867,1.73,119.17,112.69,-143.53,57.18,180.0
Negotiation_45,R1,2026-09-10T05:10:10.260911Z,shot_hit,5,90,424,100,441,639,564,19.93,565.98,552.45,human,NA,0.966,1.73,119.17,94.91,-137.39,57.18,180.0
Negotiation_45,R1,2026-09-10T05:10:10.261452Z,flight_spawn,6,846,-20,100,441,639,564,877.5,620.22,552.45,system,NA,0.414,2.83,45.0,94.91,-137.39,57.18,180.0
Negotiation_45,R1,2026-09-10T05:10:11.666709Z,human_signal,6,1050,78,200,502,699,564,949.86,599.64,502.94,human,your_turn,0.387,2.83,58.95,139.84,41.81,76.24,0.0
Negotiation_45,R1,2026-09-10T05:10:11.667597Z,behavior_monitor,6,1050,78,200,502,699,564,949.86,599.64,502.94,system,NA,0.387,2.83,58.95,139.49,42.78,76.24,0.0
Negotiation_45,R1,2026-09-10T05:10:11.668090Z,human_signal,6,1052,80,201,503,699,564,949.71,598.83,501.02,human,your_turn,0.387,2.83,58.95,139.49,42.78,76.24,0.0
Negotiation_45,R1,2026-09-10T05:10:12.176383Z,behavior_monitor,6,1089,153,248,553,749,565,931.08,533.4,501.33,system,NA,0.364,2.83,87.04,138.61,51.59,99.11,0.0
Negotiation_45,R1,2026-09-10T05:10:12.685734Z,behavior_monitor,6,1107,235,291,610,799,565,898.15,450.91,510.7,system,NA,0.334,2.83,91.74,138.56,52.9,99.11,0.0
Negotiation_45,R1,2026-09-10T05:10:13.194832Z,behavior_monitor,6,1108,319,329,660,851,564,850.44,355.47,530.59,system,NA,0.295,2.83,64.74,0.0,48.09,99.11,0.0
Negotiation_45,R1,2026-09-10T05:10:13.433793Z,agent_signal,6,1106,361,329,656,875,564,831.23,308.26,553.1,agent,i_can,0.271,2.83,91.6,42.28,-90.0,99.11,0.0
Negotiation_45,R1,2026-09-10T05:10:13.707144Z,behavior_monitor,6,1105,403,329,644,902,564,812.03,258.59,578.38,system,NA,0.242,2.83,91.6,47.02,-90.0,99.11,0.0
Negotiation_45,R1,2026-09-10T05:10:14.218399Z,behavior_monitor,6,1137,482,335,622,953,564,814.26,200.97,621.17,system,NA,0.198,2.83,40.71,50.06,0.0,99.11,0.0
Negotiation_45,R1,2026-09-10T05:10:14.726077Z,behavior_monitor,6,1153,563,388,622,1004,563,766.67,148.85,618.31,system,NA,0.163,2.83,93.28,112.75,0.0,99.11,0.0
Negotiation_45,R1,2026-09-10T05:10:15.241524Z,behavior_monitor,6,1164,645,411,622,1055,629,752.61,109.99,643.49,system,NA,0.128,2.83,66.96,0.0,0.0,169.61,54.25
Negotiation_45,R1,2026-09-10T05:10:15.751672Z,behavior_monitor,6,1198,719,411,622,1106,699,792.11,94.15,698.41,system,NA,0.106,2.83,43.54,0.0,0.0,169.61,54.25
Negotiation_45,R1,2026-09-10T05:10:16.260903Z,behavior_monitor,6,1255,777,411,622,1156,770,858.11,100.04,758.72,system,NA,0.104,2.83,43.54,0.0,0.0,169.61,54.25
Negotiation_45,R1,2026-09-10T05:10:16.769920Z,behavior_monitor,6,1324,823,426,622,1206,819,920.0,117.53,804.81,system,NA,0.113,2.83,40.74,0.0,0.0,169.61,54.25
Negotiation_45,R1,2026-09-10T05:10:17.281045Z,behavior_monitor,6,1403,860,426,622,1257,856,1005.66,146.11,863.39,system,NA,0.127,2.83,38.01,0.0,0.0,169.61,54.25
Negotiation_45,R1,2026-09-10T05:10:17.790919Z,behavior_monitor,6,1430,884,426,622,1307,880,1037.83,122.96,918.26,system,NA,0.106,1.75,171.52,0.0,0.0,99.11,0.0
Negotiation_45,R1,2026-09-10T05:10:18.302199Z,behavior_monitor,6,1381,894,426,622,1358,889,992.68,23.43,969.33,system,NA,0.023,1.75,165.78,0.0,0.0,99.11,0.0
Negotiation_45,R1,2026-09-10T05:10:18.387613Z,shot_hit,6,1371,896,426,622,1354,891,984.43,17.68,966.74,agent,NA,0.018,1.75,165.78,0.0,0.0,0.0,125.75
Negotiation_45,R1,2026-09-10T05:10:18.388738Z,flight_spawn,7,1071,-20,426,622,1354,891,910.46,954.96,966.74,system,NA,0.512,2.83,135.0,0.0,0.0,0.0,125.75
Negotiation_45,R1,2026-09-10T05:10:19.646507Z,human_signal,7,1031,167,398,607,1289,800,770.98,682.95,911.01,human,your_turn,0.47,2.83,110.03,85.98,-145.42,130.47,-125.75
Negotiation_45,R1,2026-09-10T05:10:19.647517Z,behavior_monitor,7,1031,167,398,607,1289,800,770.98,682.95,911.01,system,NA,0.47,2.83,110.03,77.56,-144.26,130.47,-125.75
Negotiation_45,R1,2026-09-10T05:10:19.648047Z,human_signal,7,1031,170,397,607,1289,800,769.64,680.58,912.06,human,your_turn,0.469,2.83,110.03,77.56,-144.26,130.47,-125.75
Negotiation_45,R1,2026-09-10T05:10:20.156376Z,behavior_monitor,7,994,240,375,599,1237,729,716.12,546.0,872.46,system,NA,0.433,2.83,155.74,79.01,-145.2,169.61,-125.75
Negotiation_45,R1,2026-09-10T05:10:20.668985Z,behavior_monitor,7,918,275,325,564,1187,659,660.08,468.43,867.98,system,NA,0.415,2.83,155.74,137.93,-144.86,169.61,-125.75
Negotiation_45,R1,2026-09-10T05:10:21.162186Z,agent_signal,7,843,310,266,524,1138,590,615.34,406.69,874.49,agent,i_can,0.398,2.83,155.74,137.22,-147.51,169.61,-125.75
Negotiation_45,R1,2026-09-10T05:10:21.178859Z,behavior_monitor,7,843,310,266,524,1137,588,615.34,403.86,872.64,system,NA,0.396,2.83,155.74,137.21,-148.01,169.61,-125.75
Negotiation_45,R1,2026-09-10T05:10:21.688762Z,behavior_monitor,7,770,346,205,493,1086,567,584.03,385.94,884.79,system,NA,0.398,2.83,126.01,132.09,-162.29,103.77,165.74
Negotiation_45,R1,2026-09-10T05:10:22.198688Z,behavior_monitor,7,722,415,162,493,1036,564,565.02,347.15,875.95,system,NA,0.381,2.83,126.01,68.68,60.4,99.11,180.0
Negotiation_45,R1,2026-09-10T05:10:22.709661Z,behavior_monitor,7,711,493,195,550,985,564,518.95,283.44,790.32,system,NA,0.353,2.83,74.9,137.82,69.88,99.11,180.0
Negotiation_45,R1,2026-09-10T05:10:23.219043Z,behavior_monitor,7,713,573,215,616,935,568,500.06,221.65,721.37,system,NA,0.307,2.83,86.02,134.75,73.82,169.61,125.75
Negotiation_45,R1,2026-09-10T05:10:23.732837Z,behavior_monitor,7,697,655,234,682,884,638,463.5,188.11,651.55,system,NA,0.289,2.83,93.22,134.75,73.82,169.61,125.75
Negotiation_45,R1,2026-09-10T05:10:24.243751Z,behavior_monitor,7,696,735,245,741,834,709,450.76,140.44,589.71,system,NA,0.238,2.83,73.8,71.03,90.0,169.61,125.75
Negotiation_45,R1,2026-09-10T05:10:24.753195Z,behavior_monitor,7,712,817,245,784,783,779,467.84,80.64,538.31,system,NA,0.147,2.83,100.91,0.0,90.0,169.61,125.75
Negotiation_45,R1,2026-09-10T05:10:25.264418Z,behavior_monitor,7,673,886,245,784,733,849,439.79,70.53,492.25,system,NA,0.138,2.83,150.3,0.0,90.0,169.61,125.75
Negotiation_45,R1,2026-09-10T05:10:25.774353Z,behavior_monitor,7,599,913,245,784,683,907,376.74,84.36,455.22,system,NA,0.183,2.83,157.29,0.0,90.0,99.11,180.0
Negotiation_45,R1,2026-09-10T05:10:26.318780Z,flight_missed,7,514,952,239,814,627,910,307.64,121.21,400.15,system,NA,0.283,2.83,136.89,137.5,59.83,99.11,180.0
Negotiation_45,R1,2026-09-10T05:10:26.320750Z,flight_spawn,8,435,-20,239,814,627,910,857.54,949.72,400.15,system,NA,0.526,3.05,49.06,137.5,59.83,99.11,180.0
Negotiation_45,R1,2026-09-10T05:10:28.191718Z,human_signal,8,588,274,301,717,555,746,527.95,472.93,255.53,human,your_turn,0.473,3.05,68.3,128.57,-90.0,130.47,-54.25
Negotiation_45,R1,2026-09-10T05:10:28.192457Z,behavior_monitor,8,588,274,301,717,555,746,527.95,472.93,255.53,system,NA,0.473,3.05,68.3,126.78,-90.0,130.47,-54.25
Negotiation_45,R1,2026-09-10T05:10:28.192947Z,human_signal,8,589,277,301,715,555,746,524.06,470.14,255.78,human,your_turn,0.473,3.05,68.3,126.78,-90.0,130.47,-54.25
Negotiation_45,R1,2026-09-10T05:10:28.532206Z,agent_signal,8,619,330,301,672,589,699,467.46,370.8,288.86,agent,i_can,0.442,3.05,47.25,129.41,-90.0,169.61,-54.25
Negotiation_45,R1,2026-09-10T05:10:28.703612Z,behavior_monitor,8,635,352,301,652,605,676,449.06,325.66,305.21,system,NA,0.42,3.05,76.8,122.22,-90.0,160.19,-54.25
Negotiation_45,R1,2026-09-10T05:10:29.213359Z,behavior_monitor,8,678,430,301,587,654,606,408.05,177.49,353.68,system,NA,0.303,3.05,53.46,128.84,-90.0,169.61,-54.25
Negotiation_45,R1,2026-09-10T05:10:29.722338Z,behavior_monitor,8,704,515,313,529,681,566,391.04,56.45,369.52,system,NA,0.126,3.05,107.07,119.37,-44.83,0.0,0.0
Negotiation_45,R1,2026-09-10T05:10:29.910242Z,shot_hit,8,694,550,333,518,676,566,361.9,24.07,346.4,agent,NA,0.062,3.05,107.07,106.39,-30.76,0.0,180.0
Negotiation_45,R1,2026-09-10T05:10:29.910920Z,flight_spawn,9,1148,-20,333,518,676,566,976.85,753.15,346.4,system,NA,0.435,3.3,52.71,106.39,-30.76,0.0,180.0
Negotiation_45,R1,2026-09-10T05:10:30.915354Z,human_signal,9,1269,132,397,547,730,566,965.49,692.29,333.03,human,your_turn,0.418,3.3,52.71,138.98,35.03,76.24,0.0
Negotiation_45,R1,2026-09-10T05:10:30.916034Z,behavior_monitor,9,1269,132,397,547,730,566,965.49,692.29,333.03,system,NA,0.418,3.3,52.71,139.25,35.19,76.24,0.0
Negotiation_45,R1,2026-09-10T05:10:30.916482Z,human_signal,9,1270,134,399,549,730,566,964.53,691.79,331.02,human,your_turn,0.418,3.3,52.71,139.25,35.19,76.24,0.0
Negotiation_45,R1,2026-09-10T05:10:31.426341Z,behavior_monitor,9,1322,213,452,593,780,566,949.46,647.13,329.08,system,NA,0.405,3.3,74.66,139.92,40.66,99.11,0.0
Negotiation_45,R1,2026-09-10T05:10:31.917255Z,agent_signal,9,1313,311,494,630,830,565,878.93,545.86,342.14,agent,i_can,0.383,3.3,97.46,0.0,90.0,99.11,0.0
Negotiation_45,R1,2026-09-10T05:10:31.934492Z,behavior_monitor,9,1313,311,494,630,831,565,878.93,544.37,343.8,system,NA,0.382,3.3,97.46,0.0,90.0,99.11,0.0
Negotiation_45,R1,2026-09-10T05:10:32.444331Z,behavior_monitor,9,1297,409,461,614,882,565,860.87,443.67,423.63,system,NA,0.34,3.3,97.46,91.45,-148.01,99.11,0.0
Negotiation_45,R1,2026-09-10T05:10:32.954215Z,behavior_monitor,9,1346,490,421,590,932,565,929.92,420.64,511.28,system,NA,0.311,3.3,50.88,94.18,-148.64,99.11,0.0
Negotiation_45,R1,2026-09-10T05:10:33.468109Z,behavior_monitor,9,1421,550,378,565,983,565,1042.9,438.26,604.79,system,NA,0.296,3.3,4.5,97.85,-151.39,99.11,0.0
Negotiation_45,R1,2026-09-10T05:10:33.978492Z,behavior_monitor,9,1409,572,403,592,1034,567,1006.16,375.54,630.92,system,NA,0.272,1.99,150.91,137.31,45.86,169.61,54.25
Negotiation_45,R1,2026-09-10T05:10:34.487375Z,behavior_monitor,9,1352,585,452,643,1084,579,901.92,268.48,634.82,system,NA,0.229,1.99,147.33,139.51,47.05,99.11,0.0
Negotiation_45,R1,2026-09-10T05:10:34.997282Z,behavior_monitor,9,1304,617,494,697,1134,612,813.41,169.41,645.76,system,NA,0.172,1.99,147.33,125.54,57.41,99.11,0.0
Negotiation_45,R1,2026-09-10T05:10:35.507413Z,behavior_monitor,9,1284,659,522,747,1185,654,766.32,99.4,668.44,system,NA,0.115,1.99,57.49,50.36,90.0,169.61,54.25
Negotiation_45,R1,2026-09-10T05:10:36.017034Z,behavior_monitor,9,1312,710,522,747,1235,706,790.12,76.96,713.6,system,NA,0.089,1.99,57.08,0.0,90.0,169.61,54.25
Negotiation_45,R1,2026-09-10T05:10:36.527739Z,behavior_monitor,9,1332,765,522,747,1286,760,809.92,46.65,763.47,system,NA,0.054,1.99,84.01,0.0,90.0,169.61,54.25
Negotiation_45,R1,2026-09-10T05:10:36.578917Z,shot_miss,9,1333,773,522,747,1293,770,810.44,40.1,770.43,agent,NA,0.047,1.99,84.01,0.0,90.0,169.61,54.25
Negotiation_45,R1,2026-09-10T05:10:36.799511Z,shot_hit,9,1336,799,522,747,1312,795,815.52,24.21,791.41,agent,NA,0.029,1.99,84.01,0.0,90.0,169.61,54.25
Negotiation_45,R1,2026-09-10T05:10:36.800539Z,flight_spawn,10,63,-20,522,747,1312,795,894.76,1492.06,791.41,system,NA,0.625,2.83,135.0,0.0,90.0,169.61,54.25
Negotiation_45,R1,2026-09-10T05:10:37.565480Z,human_signal,10,33,82,508,739,1283,754,810.74,1419.23,775.2,human,i_can,0.636,2.42,92.28,126.97,-150.94,130.47,-125.75
Negotiation_45,R1,2026-09-10T05:10:37.582851Z,behavior_monitor,10,33,82,508,739,1282,753,810.74,1417.74,774.21,system,NA,0.636,2.42,92.28,130.71,-150.39,97.85,-125.75
Negotiation_45,R1,2026-09-10T05:10:38.091293Z,behavior_monitor,10,28,145,448,702,1253,713,697.32,1349.96,805.19,system,NA,0.659,2.2,69.77,137.96,-148.09,97.85,-125.75
Negotiation_45,R1,2026-09-10T05:10:38.601252Z,behavior_monitor,10,25,206,389,666,1240,694,586.0,1309.46,852.05,system,NA,0.691,2.02,80.53,136.72,-149.28,0.0,-21.77
Negotiation_45,R1,2026-09-10T05:10:39.109564Z,behavior_monitor,10,37,266,328,631,1231,681,466.61,1263.66,904.45,system,NA,0.73,2.02,80.53,144.79,-151.03,138.63,-125.75
Negotiation_45,R1,2026-09-10T05:10:39.547620Z,agent_signal,10,67,309,273,601,1198,634,357.49,1176.44,924.71,agent,your_turn,0.767,2.02,75.41,136.16,-151.11,130.47,-125.75
Negotiation_45,R1,2026-09-10T05:10:39.614878Z,behavior_monitor,10,68,315,267,598,1194,628,345.69,1168.39,926.83,system,NA,0.772,2.02,75.41,136.16,-151.11,97.85,-125.75
Negotiation_45,R1,2026-09-10T05:10:40.124169Z,behavior_monitor,10,66,371,206,563,1164,588,237.58,1119.18,958.02,system,NA,0.825,2.02,127.41,139.86,-148.47,97.85,-125.75
Negotiation_45,R1,2026-09-10T05:10:40.635189Z,behavior_monitor,10,26,389,146,524,1153,573,180.69,1142.0,1007.86,system,NA,0.863,1.22,3.75,140.53,-146.36,0.0,-129.38
Negotiation_45,R1,2026-09-10T05:10:41.144490Z,behavior_monitor,10,57,402,94,484,1152,571,89.7,1108.11,1061.32,system,NA,0.925,1.22,30.26,71.32,-90.0,130.47,-125.75
Negotiation_45,R1,2026-09-10T05:10:41.654485Z,behavior_monitor,10,92,409,101,463,1113,566,55.05,1033.25,1016.57,system,NA,0.949,1.22,6.9,81.66,0.0,76.24,180.0
Negotiation_45,R1,2026-09-10T05:10:42.165402Z,behavior_monitor,10,129,414,145,448,1074,566,38.82,957.71,935.99,system,NA,0.961,1.22,6.9,129.41,-90.0,76.24,180.0
Negotiation_45,R1,2026-09-10T05:10:42.284229Z,shot_hit,10,135,415,145,433,1065,566,21.06,941.79,929.07,human,NA,0.978,1.22,6.9,129.41,-90.0,76.24,180.0
Negotiation_45,R1,2026-09-10T05:10:42.285144Z,flight_spawn,11,864,-20,145,433,1065,566,849.93,620.25,929.07,system,NA,0.422,3.25,52.06,129.41,-90.0,76.24,180.0
Negotiation_45,R1,2026-09-10T05:10:44.085827Z,human_signal,11,841,308,264,566,947,565,631.55,277.78,682.24,human,i_can,0.305,3.25,99.48,139.21,59.12,76.24,180.0
Negotiation_45,R1,2026-09-10T05:10:44.102865Z,behavior_monitor,11,841,308,264,566,946,565,631.55,277.41,681.27,system,NA,0.305,3.25,99.48,139.21,59.12,57.18,180.0
Negotiation_45,R1,2026-09-10T05:10:44.103309Z,agent_signal,11,840,312,266,568,946,565,628.88,274.89,680.06,agent,i_can,0.304,3.25,99.48,139.21,59.12,57.18,180.0
Negotiation_45,R1,2026-09-10T05:10:44.612971Z,behavior_monitor,11,821,405,306,623,895,566,559.31,177.28,591.95,system,NA,0.241,3.25,99.48,138.33,44.94,99.11,180.0
Negotiation_45,R1,2026-09-10T05:10:45.105576Z,human_signal,11,809,498,347,660,847,566,489.94,77.65,509.01,human,your_turn,0.137,3.25,99.48,0.0,90.0,99.11,180.0
Negotiation_45,R1,2026-09-10T05:10:45.106230Z,human_signal,11,809,501,347,660,847,566,488.86,74.88,509.01,human,your_turn,0.133,3.25,99.48,0.0,90.0,99.11,180.0
Negotiation_45,R1,2026-09-10T05:10:45.122550Z,behavior_monitor,11,809,501,347,660,846,565,488.86,74.05,507.57,system,NA,0.132,3.25,99.48,0.0,90.0,87.58,-175.64
Negotiation_45,R1,2026-09-10T05:10:45.465237Z,shot_hit,11,829,563,339,654,812,565,498.12,16.98,481.14,agent,NA,0.033,3.25,48.73,129.04,-143.02,99.11,180.0
Negotiation_45,R1,2026-09-10T05:10:45.465809Z,flight_spawn,12,290,-20,339,654,812,565,676.49,784.76,481.14,system,NA,0.537,2.83,45.0,129.04,-143.02,99.11,180.0
Negotiation_45,R1,2026-09-10T05:10:46.532331Z,human_signal,12,282,152,270,591,754,566,439.35,627.29,484.3,human,i_can,0.588,2.83,96.75,49.79,0.0,103.78,-174.64
Negotiation_45,R1,2026-09-10T05:10:46.548797Z,behavior_monitor,12,282,152,270,591,753,566,439.35,626.56,483.33,system,NA,0.588,2.83,96.75,42.87,0.0,57.18,180.0
Negotiation_45,R1,2026-09-10T05:10:47.059784Z,behavior_monitor,12,249,227,272,554,723,566,327.37,583.05,451.21,system,NA,0.64,2.83,148.41,112.66,-90.0,57.18,180.0
Negotiation_45,R1,2026-09-10T05:10:47.569629Z,behavior_monitor,12,171,272,249,490,709,566,231.26,613.35,466.62,system,NA,0.726,2.83,148.41,139.04,-117.9,0.0,99.87
Negotiation_45,R1,2026-09-10T05:10:48.078928Z,behavior_monitor,12,101,316,203,437,710,566,157.77,657.42,522.68,system,NA,0.806,2.83,148.41,137.22,-145.34,0.0,-74.39
Negotiation_45,R1,2026-09-10T05:10:48.572070Z,agent_signal,12,36,365,138,426,684,566,118.79,677.88,563.29,agent,your_turn,0.851,2.83,150.19,129.41,180.0,76.24,180.0
Negotiation_45,R1,2026-09-10T05:10:48.589600Z,behavior_monitor,12,36,365,138,426,683,566,118.79,676.95,562.34,system,NA,0.851,2.83,150.19,129.41,180.0,57.18,180.0
Negotiation_45,R1,2026-09-10T05:10:49.082025Z,shot_miss,12,39,425,74,435,655,565,36.42,631.02,594.66,human,NA,0.945,2.5,93.78,134.33,164.46,57.18,180.0
Negotiation_45,R1,2026-09-10T05:10:49.099862Z,behavior_monitor,12,39,427,73,435,654,565,34.69,629.65,594.97,system,NA,0.948,2.5,72.54,90.74,157.39,57.18,180.0
Negotiation_45,R1,2026-09-10T05:10:49.609371Z,behavior_monitor,12,36,501,73,451,640,565,62.25,606.89,578.22,system,NA,0.907,2.5,99.42,129.41,90.0,0.0,23.21
Negotiation_45,R1,2026-09-10T05:10:50.120283Z,behavior_monitor,12,73,561,73,517,623,565,44.25,549.98,551.98,system,NA,0.926,2.5,46.3,129.41,90.0,76.24,180.0
Negotiation_45,R1,2026-09-10T05:10:50.632775Z,behavior_monitor,12,119,616,74,583,585,612,56.27,465.44,511.49,system,NA,0.892,2.5,29.17,133.55,75.7,130.47,125.75
Negotiation_45,R1,2026-09-10T05:10:51.143198Z,behavior_monitor,12,188,639,101,646,545,635,86.9,357.19,443.92,system,NA,0.804,2.5,7.17,136.81,61.87,130.47,125.75
Negotiation_45,R1,2026-09-10T05:10:51.654369Z,behavior_monitor,12,259,656,158,668,506,651,101.78,247.41,348.87,system,NA,0.709,2.5,5.4,129.41,0.0,76.24,180.0
Negotiation_45,R1,2026-09-10T05:10:52.163107Z,behavior_monitor,12,334,665,224,668,467,660,109.73,133.99,243.71,system,NA,0.55,2.5,16.12,129.41,0.0,76.24,180.0
Negotiation_45,R1,2026-09-10T05:10:52.452280Z,human_signal,12,367,686,243,668,446,681,126.08,78.63,203.52,human,your_turn,0.384,2.5,45.45,0.0,0.0,134.22,125.66
Negotiation_45,R1,2026-09-10T05:10:52.453323Z,human_signal,12,369,688,243,668,446,681,127.99,77.14,203.52,human,your_turn,0.376,2.5,45.45,0.0,0.0,130.47,125.75
Negotiation_45,R1,2026-09-10T05:10:52.673034Z,behavior_monitor,12,390,710,243,668,423,704,153.23,33.06,183.73,system,NA,0.177,2.5,45.45,0.0,0.0,169.61,125.75
Negotiation_45,R1,2026-09-10T05:10:52.893749Z,shot_hit,12,413,734,228,680,399,730,192.92,15.04,177.88,agent,NA,0.072,2.5,45.45,137.99,138.63,169.61,125.75
Negotiation_45,R1,2026-09-10T05:10:52.894767Z,flight_spawn,13,545,-20,228,680,399,730,768.7,764.64,177.88,system,NA,0.499,2.83,45.0,137.99,138.63,169.61,125.75
Negotiation_45,R1,2026-09-10T05:10:53.864489Z,human_signal,13,639,102,223,688,442,671,717.66,601.37,219.51,human,your_turn,0.456,2.83,69.35,139.02,-43.75,130.47,-54.25
Negotiation_45,R1,2026-09-10T05:10:53.865411Z,behavior_monitor,13,639,102,223,688,442,671,717.66,601.37,219.51,system,NA,0.456,2.83,69.35,139.02,-43.75,130.47,-54.25
Negotiation_45,R1,2026-09-10T05:10:53.865874Z,human_signal,13,641,105,225,686,442,671,714.07,599.36,217.65,human,your_turn,0.456,2.83,69.35,139.02,-43.75,130.47,-54.25
Negotiation_45,R1,2026-09-10T05:10:54.375021Z,behavior_monitor,13,706,143,275,639,492,601,656.35,505.34,220.18,system,NA,0.435,2.83,38.28,140.38,-50.37,169.61,-54.25
Negotiation_45,R1,2026-09-10T05:10:54.885395Z,behavior_monitor,13,712,222,314,579,543,566,533.69,382.72,229.07,system,NA,0.418,2.83,120.42,140.19,-58.01,99.11,0.0
Negotiation_45,R1,2026-09-10T05:10:55.393517Z,behavior_monitor,13,698,305,362,526,594,565,402.83,280.94,235.51,system,NA,0.411,2.83,96.34,139.32,-39.25,99.11,0.0
Negotiation_45,R1,2026-09-10T05:10:55.410884Z,agent_signal,13,697,310,366,523,596,565,394.33,274.77,234.06,agent,i_can,0.411,2.83,96.34,139.32,-39.25,99.11,0.0
Negotiation_45,R1,2026-09-10T05:10:55.902628Z,behavior_monitor,13,652,364,422,510,635,565,272.1,201.7,219.95,system,NA,0.426,2.83,135.09,49.49,0.0,99.11,180.0
Negotiation_45,R1,2026-09-10T05:10:56.411934Z,behavior_monitor,13,585,417,454,521,584,565,166.71,147.58,136.94,system,NA,0.47,2.83,162.81,43.64,0.0,99.11,180.0
Negotiation_45,R1,2026-09-10T05:10:56.921544Z,behavior_monitor,13,494,428,397,531,532,565,141.52,141.83,139.58,system,NA,0.501,2.83,162.06,134.28,164.53,99.11,180.0
Negotiation_45,R1,2026-09-10T05:10:57.430853Z,behavior_monitor,13,429,483,331,550,482,565,119.53,97.81,151.48,system,NA,0.45,2.83,136.51,137.77,159.94,99.11,180.0
Negotiation_45,R1,2026-09-10T05:10:57.941957Z,behavior_monitor,13,383,549,267,580,431,565,120.76,50.05,164.87,system,NA,0.293,2.83,109.13,139.8,143.9,99.11,180.0
Negotiation_45,R1,2026-09-10T05:10:58.060659Z,shot_miss,13,378,570,253,593,417,565,127.83,39.54,167.36,agent,NA,0.236,2.83,109.13,139.5,135.89,99.11,180.0
Negotiation_45,R1,2026-09-10T05:10:58.435522Z,shot_hit,13,360,629,220,633,381,616,140.4,24.54,161.94,agent,NA,0.149,2.83,109.13,138.45,124.66,169.61,125.75
Negotiation_45,R1,2026-09-10T05:10:58.437128Z,flight_spawn,14,952,-20,220,633,381,616,981.66,855.19,161.94,system,NA,0.466,3.1,130.2,138.45,124.66,169.61,125.75
Negotiation_45,R1,2026-09-10T05:10:59.301455Z,human_signal,14,921,122,216,659,425,566,886.97,665.91,229.22,human,your_turn,0.429,3.1,82.91,138.29,-44.3,76.24,0.0
Negotiation_45,R1,2026-09-10T05:10:59.302569Z,behavior_monitor,14,921,122,216,659,425,566,886.97,665.91,229.22,system,NA,0.429,3.1,82.91,139.32,-43.31,76.24,0.0
Negotiation_45,R1,2026-09-10T05:10:59.303011Z,human_signal,14,922,125,217,658,425,566,883.02,664.11,226.97,human,your_turn,0.429,3.1,82.91,139.32,-43.31,76.24,0.0
Negotiation_45,R1,2026-09-10T05:10:59.811332Z,behavior_monitor,14,933,214,272,617,476,566,773.72,577.11,209.39,system,NA,0.427,3.1,82.91,136.59,-25.58,99.11,0.0
Negotiation_45,R1,2026-09-10T05:11:00.323712Z,behavior_monitor,14,929,306,288,615,526,566,711.32,479.09,243.33,system,NA,0.402,3.1,103.35,136.34,161.66,99.11,0.0
Negotiation_45,R1,2026-09-10T05:11:00.613149Z,agent_signal,14,914,360,253,620,555,566,710.55,414.1,306.84,agent,i_can,0.368,3.1,103.35,63.58,-138.66,99.11,0.0
Negotiation_45,R1,2026-09-10T05:11:00.832461Z,behavior_monitor,14,910,396,252,596,577,566,687.99,373.72,326.69,system,NA,0.352,3.1,76.79,129.41,-90.0,99.11,0.0
Negotiation_45,R1,2026-09-10T05:11:01.344154Z,behavior_monitor,14,927,487,296,561,627,565,635.46,309.61,331.55,system,NA,0.328,3.1,100.62,129.41,0.0,99.11,0.0
Negotiation_45,R1,2026-09-10T05:11:01.854124Z,behavior_monitor,14,898,571,359,581,677,567,538.78,220.58,318.47,system,NA,0.29,3.1,172.9,137.77,36.82,169.61,54.25
Negotiation_45,R1,2026-09-10T05:11:02.365109Z,behavior_monitor,14,806,589,411,629,728,585,396.82,78.11,319.77,system,NA,0.164,3.1,147.23,138.12,45.7,169.61,54.25
Negotiation_45,R1,2026-09-10T05:11:02.723191Z,shot_hit,14,768,643,444,668,752,635,324.38,17.94,309.36,agent,NA,0.052,3.1,146.59,136.45,54.19,169.61,125.75
Negotiation_45,R1,2026-09-10T05:11:02.724200Z,flight_spawn,15,851,-20,444,668,752,635,799.48,662.58,309.36,system,NA,0.453,2.87,45.89,136.45,54.19,169.61,125.75
Negotiation_45,R1,2026-09-10T05:11:03.596020Z,human_signal,15,910,106,407,707,790,582,783.63,491.39,402.3,human,your_turn,0.385,2.87,74.05,123.61,0.0,154.5,-58.79
Negotiation_45,R1,2026-09-10T05:11:03.597133Z,behavior_monitor,15,910,106,407,707,790,582,783.63,491.39,402.3,system,NA,0.385,2.87,74.05,123.61,0.0,130.47,-54.25
Negotiation_45,R1,2026-09-10T05:11:03.597783Z,human_signal,15,910,109,410,707,790,582,780.3,488.79,400.21,human,your_turn,0.385,2.87,74.05,123.61,0.0,130.47,-54.25
Negotiation_45,R1,2026-09-10T05:11:04.106393Z,behavior_monitor,15,931,189,473,686,841,566,676.07,387.7,387.17,system,NA,0.364,2.87,74.05,140.27,-29.89,99.11,0.0
Negotiation_45,R1,2026-09-10T05:11:04.616607Z,behavior_monitor,15,969,261,527,638,892,566,580.54,314.44,371.88,system,NA,0.351,2.87,30.84,141.33,-48.06,99.11,0.0
Negotiation_45,R1,2026-09-10T05:11:05.125835Z,behavior_monitor,15,1051,270,575,585,943,566,571.03,315.94,368.36,system,NA,0.356,2.87,4.77,140.78,-48.21,99.11,0.0
Negotiation_45,R1,2026-09-10T05:11:05.639588Z,behavior_monitor,15,1136,283,624,534,993,567,570.09,317.94,370.41,system,NA,0.358,2.87,5.64,134.05,-40.84,97.16,13.31
Negotiation_45,R1,2026-09-10T05:11:06.150421Z,behavior_monitor,15,1219,295,654,510,1043,565,604.53,322.27,392.55,system,NA,0.348,2.87,56.68,0.0,-45.04,99.11,0.0
Negotiation_45,R1,2026-09-10T05:11:06.236232Z,agent_signal,15,1225,310,654,510,1052,565,604.73,307.8,400.89,agent,i_can,0.337,2.87,86.34,0.0,-45.04,99.11,0.0
Negotiation_45,R1,2026-09-10T05:11:06.660993Z,behavior_monitor,15,1274,348,683,510,1094,565,612.85,282.15,414.65,system,NA,0.315,2.87,17.64,129.41,0.0,99.11,0.0
Negotiation_45,R1,2026-09-10T05:11:07.171858Z,behavior_monitor,15,1357,363,719,517,1144,565,656.94,293.3,428.47,system,NA,0.309,2.87,4.3,0.0,42.86,99.11,0.0
Negotiation_45,R1,2026-09-10T05:11:07.681166Z,behavior_monitor,15,1440,379,719,523,1195,565,735.11,307.2,478.21,system,NA,0.295,2.87,47.8,0.0,90.0,99.11,0.0
Negotiation_45,R1,2026-09-10T05:11:08.192695Z,behavior_monitor,15,1447,459,698,529,1245,565,752.08,228.14,548.22,system,NA,0.233,2.73,98.88,138.38,159.26,99.11,0.0
Negotiation_45,R1,2026-09-10T05:11:08.702176Z,behavior_monitor,15,1404,521,632,553,1296,566,771.71,116.64,663.48,system,NA,0.131,2.73,151.46,138.06,159.61,99.11,0.0
Negotiation_45,R1,2026-09-10T05:11:09.215590Z,behavior_monitor,15,1334,564,567,580,1318,566,767.88,16.82,751.16,system,NA,0.021,2.73,97.85,140.95,154.78,99.11,180.0
Negotiation_45,R1,2026-09-10T05:11:09.216857Z,shot_hit,15,1335,567,565,581,1318,566,770.16,16.84,753.35,agent,NA,0.021,2.73,97.85,140.95,154.78,99.11,180.0
Negotiation_45,R1,2026-09-10T05:11:09.217228Z,flight_spawn,16,279,-20,565,581,1318,566,666.33,1193.06,753.35,system,NA,0.642,2.83,45.0,140.95,154.78,99.11,180.0
Negotiation_45,R1,2026-09-10T05:11:10.136320Z,human_signal,16,382,89,506,581,1279,566,507.66,1015.61,772.58,human,i_can,0.667,2.83,45.66,129.41,-90.0,76.24,180.0
Negotiation_45,R1,2026-09-10T05:11:10.152841Z,behavior_monitor,16,382,89,506,581,1278,566,507.66,1014.76,771.6,system,NA,0.667,2.83,45.66,129.41,-90.0,57.18,180.0
Negotiation_45,R1,2026-09-10T05:11:10.663471Z,behavior_monitor,16,462,117,506,515,1248,566,400.32,905.9,743.69,system,NA,0.694,2.83,18.83,129.41,-90.0,57.18,180.0
Negotiation_45,R1,2026-09-10T05:11:11.173669Z,behavior_monitor,16,526,166,515,449,1235,566,283.49,814.18,729.17,system,NA,0.742,2.83,70.98,146.23,-55.75,0.0,-15.41
Negotiation_45,R1,2026-09-10T05:11:11.684116Z,behavior_monitor,16,570,240,576,421,1235,566,180.63,741.19,674.95,system,NA,0.804,2.83,49.73,129.41,0.0,0.0,61.75
Negotiation_45,R1,2026-09-10T05:11:12.194866Z,behavior_monitor,16,630,295,642,421,1209,566,125.87,639.16,584.51,system,NA,0.835,2.83,42.92,129.41,0.0,76.24,180.0
Negotiation_45,R1,2026-09-10T05:11:12.295945Z,agent_signal,16,642,309,658,421,1201,566,112.8,615.17,562.42,agent,your_turn,0.845,2.83,42.92,129.41,0.0,76.24,180.0
Negotiation_45,R1,2026-09-10T05:11:12.704563Z,behavior_monitor,16,664,368,705,421,1178,566,66.36,550.36,494.96,system,NA,0.892,2.83,71.03,0.0,0.0,57.18,180.0
Negotiation_45,R1,2026-09-10T05:11:13.214499Z,behavior_monitor,16,698,448,680,454,1158,566,18.36,474.31,490.01,system,NA,0.963,2.83,71.03,129.41,0.0,0.0,180.0
Negotiation_45,R1,2026-09-10T05:11:13.315793Z,shot_hit,16,704,464,694,457,1158,566,12.88,464.62,476.47,human,NA,0.973,2.83,71.03,134.81,16.28,0.0,180.0
Negotiation_45,R1,2026-09-10T05:11:13.316448Z,flight_spawn,17,504,-20,694,457,1158,566,513.28,877.51,476.47,system,NA,0.631,2.89,133.83,134.81,16.28,0.0,180.0
Negotiation_45,R1,2026-09-10T05:11:14.332476Z,human_signal,17,409,126,654,533,1108,566,475.26,826.08,454.93,human,i_can,0.635,2.89,113.81,129.41,180.0,76.24,180.0
Negotiation_45,R1,2026-09-10T05:11:14.349109Z,behavior_monitor,17,409,126,654,533,1107,565,475.26,824.77,453.59,system,NA,0.634,2.89,113.81,129.41,180.0,80.54,-163.74
Negotiation_45,R1,2026-09-10T05:11:14.859849Z,behavior_monitor,17,400,208,588,533,1078,565,374.97,765.5,490.49,system,NA,0.671,2.89,105.8,129.41,180.0,57.18,180.0
Negotiation_45,R1,2026-09-10T05:11:15.369636Z,behavior_monitor,17,383,291,522,543,1063,566,287.92,733.11,541.15,system,NA,0.718,2.89,114.18,134.0,164.96,0.0,124.7
Negotiation_45,R1,2026-09-10T05:11:15.693095Z,agent_signal,17,335,313,478,556,1063,566,281.87,770.75,584.7,agent,your_turn,0.732,2.89,143.26,134.76,163.8,0.0,80.53
Negotiation_45,R1,2026-09-10T05:11:15.879218Z,behavior_monitor,17,309,330,456,562,1052,566,274.61,779.7,595.93,system,NA,0.74,2.89,143.26,134.81,163.74,57.18,180.0
Negotiation_45,R1,2026-09-10T05:11:16.388303Z,behavior_monitor,17,239,382,390,585,1023,566,253.15,805.42,633.04,system,NA,0.761,2.89,143.26,140.43,157.15,57.18,180.0
Negotiation_45,R1,2026-09-10T05:11:16.901438Z,behavior_monitor,17,164,420,324,615,1019,565,252.12,867.31,696.26,system,NA,0.775,2.89,158.9,142.09,155.61,0.0,-142.04
Negotiation_45,R1,2026-09-10T05:11:17.410981Z,behavior_monitor,17,86,454,258,644,1019,565,256.71,939.33,764.91,system,NA,0.785,2.89,134.65,140.17,157.41,0.0,-59.85
Negotiation_45,R1,2026-09-10T05:11:17.920927Z,behavior_monitor,17,27,515,192,664,983,566,222.76,957.63,796.65,system,NA,0.811,2.89,134.65,122.22,180.0,72.0,180.0
Negotiation_45,R1,2026-09-10T05:11:18.433157Z,behavior_monitor,17,58,573,129,653,944,568,107.27,885.93,819.24,system,NA,0.892,2.39,62.38,117.48,-135.45,130.47,125.75
Negotiation_45,R1,2026-09-10T05:11:18.944328Z,behavior_monitor,17,65,641,105,624,905,621,43.48,840.18,799.84,system,NA,0.951,2.39,108.56,132.71,115.43,130.47,125.75
Negotiation_45,R1,2026-09-10T05:11:19.199845Z,shot_miss,17,53,675,93,657,885,648,43.94,832.89,792.37,human,NA,0.95,2.39,108.56,134.92,106.44,130.47,125.75
Negotiation_45,R1,2026-09-10T05:11:19.454159Z,behavior_monitor,17,41,709,84,690,866,675,46.32,824.96,782.09,system,NA,0.947,2.39,108.56,134.38,105.64,130.47,125.75
Negotiation_45,R1,2026-09-10T05:11:19.967392Z,behavior_monitor,17,23,773,69,756,826,728,49.09,804.94,758.05,system,NA,0.943,1.91,55.91,129.41,90.0,130.47,125.75
Negotiation_45,R1,2026-09-10T05:11:20.239562Z,shot_miss,17,37,798,69,791,806,757,32.61,769.87,737.6,human,NA,0.959,1.91,78.86,129.41,90.0,130.47,125.75
Negotiation_45,R1,2026-09-10T05:11:20.476086Z,behavior_monitor,17,36,824,69,822,788,782,32.56,752.33,719.77,system,NA,0.959,1.91,101.35,129.41,90.0,130.47,125.75
Negotiation_45,R1,2026-09-10T05:11:20.970608Z,shot_hit,17,28,878,47,885,750,835,20.38,723.86,704.9,human,NA,0.973,1.91,101.35,145.92,127.45,130.47,125.75
Negotiation_45,R1,2026-09-10T05:11:20.971046Z,flight_spawn,18,965,-20,47,885,750,835,1288.87,881.52,704.9,system,NA,0.406,3.57,55.97,145.92,127.45,130.47,125.75
Negotiation_45,R1,2026-09-10T05:11:22.041591Z,human_signal,18,1009,190,71,857,813,748,1151.35,592.16,749.95,human,your_turn,0.34,3.57,86.16,138.99,-44.98,130.47,-54.25
Negotiation_45,R1,2026-09-10T05:11:22.042211Z,behavior_monitor,18,1009,190,71,857,813,748,1151.35,592.16,749.95,system,NA,0.34,3.57,86.16,139.2,-44.9,130.47,-54.25
Negotiation_45,R1,2026-09-10T05:11:22.042677Z,human_signal,18,1010,193,72,855,813,748,1147.63,589.07,748.05,human,your_turn,0.339,3.57,86.16,139.2,-44.9,130.47,-54.25
Negotiation_45,R1,2026-09-10T05:11:22.551110Z,behavior_monitor,18,1021,297,121,806,864,678,1034.01,412.3,753.34,system,NA,0.285,3.57,86.16,139.9,-44.92,169.61,-54.25
Negotiation_45,R1,2026-09-10T05:11:22.772306Z,agent_signal,18,1005,344,145,783,885,647,965.99,326.11,752.67,agent,i_can,0.252,3.57,111.66,139.9,-44.92,169.61,-54.25
Negotiation_45,R1,2026-09-10T05:11:23.061012Z,behavior_monitor,18,999,399,172,756,913,608,901.06,225.6,756.27,system,NA,0.2,3.57,117.83,139.9,-44.92,157.29,-52.99
Negotiation_45,R1,2026-09-10T05:11:23.572417Z,behavior_monitor,18,949,490,222,706,937,565,758.01,75.28,728.58,system,NA,0.09,3.57,141.65,139.9,-44.92,99.11,180.0
Negotiation_45,R1,2026-09-10T05:11:24.018211Z,shot_hit,18,909,571,267,660,892,567,648.27,18.03,631.43,agent,NA,0.027,3.57,89.62,128.1,-48.17,93.6,180.0
Negotiation_45,R1,2026-09-10T05:11:24.019206Z,flight_spawn,19,825,-20,267,660,892,567,879.82,591.17,631.43,system,NA,0.402,2.93,133.12,128.1,-48.17,93.6,180.0
Negotiation_45,R1,2026-09-10T05:11:25.209709Z,human_signal,19,684,123,384,554,831,566,524.65,466.95,447.36,human,i_can,0.471,2.93,112.25,136.99,-27.46,76.24,180.0
Negotiation_45,R1,2026-09-10T05:11:25.226675Z,behavior_monitor,19,684,123,384,554,831,565,524.65,466.34,446.84,system,NA,0.471,2.93,112.25,136.71,-26.53,40.88,-137.42
Negotiation_45,R1,2026-09-10T05:11:25.738016Z,behavior_monitor,19,673,206,448,525,804,565,390.46,382.25,358.36,system,NA,0.495,2.93,63.72,137.13,-21.79,0.0,180.0
Negotiation_45,R1,2026-09-10T05:11:26.249488Z,behavior_monitor,19,708,286,513,499,801,566,288.85,295.13,295.45,system,NA,0.505,2.93,110.99,137.73,-22.41,0.0,180.0
Negotiation_45,R1,2026-09-10T05:11:26.759801Z,behavior_monitor,19,675,366,579,485,801,566,152.59,235.89,236.36,system,NA,0.607,2.93,109.54,129.41,0.0,0.0,180.0
Negotiation_45,R1,2026-09-10T05:11:26.980009Z,agent_signal,19,656,402,610,485,788,566,94.57,210.09,195.46,agent,your_turn,0.69,2.93,133.94,129.41,0.0,76.24,180.0
Negotiation_45,R1,2026-09-10T05:11:27.268403Z,behavior_monitor,19,634,444,629,476,771,566,32.73,183.56,167.79,system,NA,0.849,2.93,110.79,125.24,-124.4,57.18,180.0
Negotiation_45,R1,2026-09-10T05:11:27.319600Z,shot_hit,19,630,452,625,471,768,566,19.79,178.95,171.88,human,NA,0.9,2.93,110.79,129.26,-128.55,57.18,180.0
Negotiation_45,R1,2026-09-10T05:11:27.320557Z,flight_spawn,20,1074,-20,625,471,768,566,665.87,661.05,171.88,system,NA,0.498,3.13,50.34,129.26,-128.55,57.18,180.0
Negotiation_45,R1,2026-09-10T05:11:28.187312Z,human_signal,20,1175,103,554,477,810,566,725.25,589.87,271.29,human,your_turn,0.449,3.13,50.34,133.43,104.11,76.24,0.0
Negotiation_45,R1,2026-09-10T05:11:28.188348Z,behavior_monitor,20,1175,103,554,477,810,566,725.25,589.87,271.29,system,NA,0.449,3.13,50.34,129.41,90.0,76.24,0.0
Negotiation_45,R1,2026-09-10T05:11:28.188795Z,human_signal,20,1178,105,554,479,810,566,727.44,589.65,270.58,human,your_turn,0.448,3.13,50.34,129.41,90.0,76.24,0.0
Negotiation_45,R1,2026-09-10T05:11:28.699637Z,behavior_monitor,20,1232,177,554,543,860,566,770.35,537.73,307.62,system,NA,0.411,3.13,50.01,129.41,90.0,99.11,0.0
Negotiation_45,R1,2026-09-10T05:11:29.210441Z,behavior_monitor,20,1288,250,554,609,911,565,817.17,491.58,359.9,system,NA,0.376,3.13,48.25,129.41,90.0,99.11,0.0
Negotiation_45,R1,2026-09-10T05:11:29.725766Z,behavior_monitor,20,1376,288,554,675,961,566,908.3,498.9,421.76,system,NA,0.355,3.13,30.03,129.41,90.0,99.11,0.0
Negotiation_45,R1,2026-09-10T05:11:29.945063Z,agent_signal,20,1415,310,554,694,983,566,942.84,501.83,448.08,agent,i_can,0.347,3.13,30.03,0.0,90.0,99.11,0.0
Negotiation_45,R1,2026-09-10T05:11:30.234753Z,behavior_monitor,20,1447,348,554,694,1012,565,957.81,485.8,476.32,system,NA,0.337,3.13,51.42,0.0,90.0,99.11,0.0
Negotiation_45,R1,2026-09-10T05:11:30.743133Z,behavior_monitor,20,1432,435,554,694,1063,566,916.04,391.56,525.49,system,NA,0.299,3.0,126.46,0.0,90.0,99.11,0.0
Negotiation_45,R1,2026-09-10T05:11:31.253394Z,behavior_monitor,20,1377,507,554,694,1114,566,844.57,270.31,574.26,system,NA,0.242,3.0,126.46,0.0,90.0,99.11,0.0
Negotiation_45,R1,2026-09-10T05:11:31.761342Z,behavior_monitor,20,1336,585,554,694,1164,580,789.96,172.02,620.92,system,NA,0.179,3.0,125.93,0.0,90.0,169.61,54.25
Negotiation_45,R1,2026-09-10T05:11:32.271187Z,behavior_monitor,20,1282,658,505,694,1214,650,778.18,68.37,710.66,system,NA,0.081,3.0,152.51,129.41,180.0,169.61,54.25
Negotiation_45,R1,2026-09-10T05:11:32.543237Z,shot_hit,20,1235,681,468,694,1223,677,767.55,12.85,755.59,agent,NA,0.016,3.0,152.51,129.41,180.0,99.11,180.0
Negotiation_45,R2,2026-09-10T05:11:48.831344Z,flight_spawn,1,636,-20,468,694,1223,677,733.89,911.36,755.59,system,NA,0.554,2.89,46.2,0.0,180.0,0.0,125.75
Negotiation_45,R2,2026-09-10T05:11:52.521221Z,human_signal,1,731,35,1127,740,381,734,808.22,781.14,745.77,human,your_turn,0.491,2.89,16.66,129.41,-90.0,130.47,-54.25
Negotiation_45,R2,2026-09-10T05:11:52.523506Z,behavior_monitor,1,731,35,1127,740,381,734,808.22,781.14,745.77,system,NA,0.491,2.89,16.66,129.41,-90.0,130.47,-54.25
Negotiation_45,R2,2026-09-10T05:11:52.524031Z,human_signal,1,734,36,1127,738,381,734,804.04,781.81,745.75,human,your_turn,0.493,2.89,16.66,129.41,-90.0,130.47,-54.25
Negotiation_45,R2,2026-09-10T05:11:53.031037Z,behavior_monitor,1,765,108,1102,682,431,663,665.07,647.72,670.45,system,NA,0.493,2.89,74.59,137.22,-144.66,169.61,-54.25
Negotiation_45,R2,2026-09-10T05:11:53.541172Z,behavior_monitor,1,798,188,1042,645,482,593,518.19,513.7,562.62,system,NA,0.498,2.89,78.29,136.83,-150.01,157.99,-45.55
Negotiation_45,R2,2026-09-10T05:11:54.053627Z,behavior_monitor,1,805,273,987,625,533,565,396.64,399.66,458.04,system,NA,0.502,2.89,100.86,43.64,180.0,99.11,0.0
Negotiation_45,R2,2026-09-10T05:11:54.563829Z,behavior_monitor,1,788,358,944,625,583,565,309.57,291.56,366.08,system,NA,0.485,2.89,74.38,129.41,180.0,99.11,0.0
Negotiation_45,R2,2026-09-10T05:11:55.075161Z,behavior_monitor,1,854,412,943,630,634,565,235.03,268.47,315.68,system,NA,0.533,2.89,26.53,132.49,17.56,99.11,0.0
Negotiation_45,R2,2026-09-10T05:11:55.380914Z,human_signal,1,906,420,984,646,664,565,239.13,282.03,329.48,human,i_can,0.541,2.89,3.45,138.07,27.35,99.11,0.0
Negotiation_45,R2,2026-09-10T05:11:55.581623Z,behavior_monitor,1,939,422,1004,659,676,565,245.79,299.83,340.69,system,NA,0.55,2.89,3.45,75.99,26.12,57.18,0.0
Negotiation_45,R2,2026-09-10T05:11:56.088745Z,behavior_monitor,1,1018,431,1013,600,705,565,169.31,340.31,310.21,system,NA,0.668,2.89,23.59,137.43,-70.33,57.18,0.0
Negotiation_45,R2,2026-09-10T05:11:56.258827Z,agent_signal,1,1048,445,1023,577,708,565,134.03,360.71,315.65,agent,your_turn,0.729,2.89,50.88,138.97,-62.27,0.0,-82.56
Negotiation_45,R2,2026-09-10T05:11:56.599040Z,behavior_monitor,1,1088,482,1056,548,727,565,73.76,370.29,329.08,system,NA,0.834,2.89,30.45,137.21,-19.42,57.18,0.0
Negotiation_45,R2,2026-09-10T05:11:57.108829Z,shot_hit,1,1133,551,1122,545,751,565,12.69,382.29,371.21,human,NA,0.968,2.89,83.78,133.74,15.47,0.0,-0.32
Negotiation_45,R2,2026-09-10T05:11:57.109469Z,flight_spawn,2,836,-20,1122,545,751,565,634.29,591.79,371.21,system,NA,0.483,2.83,45.0,133.74,15.47,0.0,-0.32
Negotiation_45,R2,2026-09-10T05:11:58.111782Z,human_signal,2,979,49,1129,598,764,565,568.86,558.96,365.77,human,i_can,0.496,2.83,46.79,129.41,-90.0,76.24,0.0
Negotiation_45,R2,2026-09-10T05:11:58.128538Z,behavior_monitor,2,979,49,1129,598,765,565,568.86,558.59,364.8,system,NA,0.495,2.83,46.79,129.41,-90.0,57.18,0.0
Negotiation_45,R2,2026-09-10T05:11:58.640145Z,behavior_monitor,2,1048,96,1129,532,794,565,443.46,533.52,336.25,system,NA,0.546,2.83,25.64,129.41,-90.0,57.18,0.0
Negotiation_45,R2,2026-09-10T05:11:59.148497Z,behavior_monitor,2,1128,133,1129,466,807,565,333.3,539.14,336.93,system,NA,0.618,2.83,25.64,137.5,-90.0,0.0,0.0
Negotiation_45,R2,2026-09-10T05:11:59.652102Z,behavior_monitor,2,1202,169,1174,452,807,566,284.02,559.94,384.3,system,NA,0.663,2.83,25.64,52.94,0.0,0.0,20.91
Negotiation_45,R2,2026-09-10T05:12:00.160592Z,behavior_monitor,2,1284,188,1188,446,833,565,275.64,587.63,373.88,system,NA,0.681,2.83,4.32,131.38,-32.59,58.6,-6.39
Negotiation_45,R2,2026-09-10T05:12:00.670456Z,behavior_monitor,2,1367,203,1247,408,872,565,237.5,613.08,406.28,system,NA,0.721,2.83,54.48,135.2,-26.64,76.24,0.0
Negotiation_45,R2,2026-09-10T05:12:01.180162Z,behavior_monitor,2,1417,272,1263,407,912,566,204.64,584.36,385.35,system,NA,0.741,2.83,54.48,125.04,32.01,76.24,0.0
Negotiation_45,R2,2026-09-10T05:12:01.689850Z,behavior_monitor,2,1436,338,1322,444,950,566,156.32,536.62,390.65,system,NA,0.774,2.5,134.73,139.66,32.55,76.24,0.0
Negotiation_45,R2,2026-09-10T05:12:02.201772Z,behavior_monitor,2,1376,384,1346,452,989,565,74.34,427.23,374.52,system,NA,0.852,2.5,159.96,136.99,-128.92,76.24,0.0
Negotiation_45,R2,2026-09-10T05:12:02.202874Z,agent_signal,2,1374,385,1345,450,989,565,71.53,424.78,373.7,agent,your_turn,0.856,2.5,159.96,136.99,-128.92,76.24,0.0
Negotiation_45,R2,2026-09-10T05:12:02.694745Z,shot_hit,2,1308,410,1319,429,1017,565,21.88,330.36,331.0,human,NA,0.938,2.5,155.49,129.41,180.0,57.18,0.0
Negotiation_45,R2,2026-09-10T05:12:02.695816Z,flight_spawn,3,491,-20,1319,429,1017,565,941.54,786.97,331.0,system,NA,0.455,3.58,56.08,129.41,180.0,57.18,0.0
Negotiation_45,R2,2026-09-10T05:12:03.797861Z,human_signal,3,559,195,1214,429,968,565,695.88,551.9,281.27,human,i_can,0.442,3.58,78.87,38.53,180.0,76.24,180.0
Negotiation_45,R2,2026-09-10T05:12:03.813869Z,behavior_monitor,3,559,195,1214,429,967,565,695.88,551.18,282.13,system,NA,0.442,3.58,78.87,37.53,180.0,57.18,180.0
Negotiation_45,R2,2026-09-10T05:12:04.291693Z,human_signal,3,577,294,1208,429,940,565,645.67,453.33,301.02,human,your_turn,0.412,3.58,78.87,0.0,180.0,57.18,180.0
Negotiation_45,R2,2026-09-10T05:12:04.292833Z,human_signal,3,578,297,1208,429,940,565,644.3,450.71,301.02,human,your_turn,0.412,3.58,78.87,0.0,180.0,57.18,180.0
Negotiation_45,R2,2026-09-10T05:12:04.324844Z,behavior_monitor,3,579,301,1208,429,936,565,642.69,445.18,304.03,system,NA,0.409,3.58,78.87,0.0,180.0,99.11,180.0
Negotiation_45,R2,2026-09-10T05:12:04.359275Z,agent_signal,3,581,311,1208,429,933,565,638.05,434.08,307.05,agent,i_can,0.405,3.58,78.87,0.0,180.0,99.11,180.0
Negotiation_45,R2,2026-09-10T05:12:04.834755Z,behavior_monitor,3,583,406,1183,435,886,566,600.11,342.35,324.56,system,NA,0.363,3.58,98.99,136.88,160.98,99.11,180.0
Negotiation_45,R2,2026-09-10T05:12:05.344347Z,behavior_monitor,3,627,499,1117,459,835,566,491.5,218.92,301.0,system,NA,0.308,3.58,50.82,140.01,156.81,99.11,180.0
Negotiation_45,R2,2026-09-10T05:12:05.854586Z,behavior_monitor,3,700,570,1053,491,785,566,361.26,84.57,278.33,system,NA,0.19,3.58,27.42,140.13,152.65,99.11,180.0
Negotiation_45,R2,2026-09-10T05:12:06.109671Z,shot_hit,3,751,596,1019,508,757,592,282.07,7.99,274.32,agent,NA,0.028,3.58,52.17,139.55,153.11,169.61,125.75
Negotiation_45,R2,2026-09-10T05:12:06.110594Z,flight_spawn,4,1378,-20,1019,508,757,592,639.6,872.18,274.32,system,NA,0.577,2.83,45.0,139.55,153.11,169.61,125.75
Negotiation_45,R2,2026-09-10T05:12:07.249138Z,human_signal,4,1412,114,1021,506,813,567,553.88,750.61,216.12,human,i_can,0.575,2.33,120.96,129.41,0.0,76.24,0.0
Negotiation_45,R2,2026-09-10T05:12:07.266581Z,behavior_monitor,4,1412,114,1021,506,814,567,553.88,749.84,215.18,system,NA,0.575,2.33,120.96,129.41,0.0,57.18,0.0
Negotiation_45,R2,2026-09-10T05:12:07.773431Z,behavior_monitor,4,1375,174,1087,506,844,566,440.12,660.98,250.42,system,NA,0.6,2.33,120.96,137.5,0.0,60.75,0.0
Negotiation_45,R2,2026-09-10T05:12:08.280803Z,behavior_monitor,4,1330,221,1153,506,857,565,335.51,584.67,301.14,system,NA,0.635,2.33,148.64,129.41,0.0,0.0,0.0
Negotiation_45,R2,2026-09-10T05:12:08.791029Z,behavior_monitor,4,1269,252,1179,467,859,565,233.36,516.51,335.38,system,NA,0.689,2.33,152.08,129.41,-90.0,76.24,0.0
Negotiation_45,R2,2026-09-10T05:12:09.301369Z,behavior_monitor,4,1226,300,1189,411,897,566,116.91,422.66,330.6,system,NA,0.783,2.33,145.84,110.15,-90.0,76.24,0.0
Negotiation_45,R2,2026-09-10T05:12:09.692497Z,shot_hit,4,1190,339,1189,366,926,566,26.72,347.59,330.33,human,NA,0.929,2.33,142.49,123.16,-90.0,50.61,19.21
Negotiation_45,R2,2026-09-10T05:12:09.693170Z,flight_spawn,5,496,-20,1189,366,926,566,793.38,727.23,330.33,system,NA,0.478,2.83,135.0,123.16,-90.0,50.61,19.21
Negotiation_45,R2,2026-09-10T05:12:10.457286Z,human_signal,5,433,87,1168,363,894,566,784.44,664.12,341.41,human,your_turn,0.458,2.83,110.67,81.63,180.0,81.0,180.0
Negotiation_45,R2,2026-09-10T05:12:10.458393Z,behavior_monitor,5,433,87,1168,363,894,566,784.44,664.12,341.41,system,NA,0.458,2.83,110.67,82.55,151.26,76.24,180.0
Negotiation_45,R2,2026-09-10T05:12:10.458886Z,human_signal,5,432,90,1167,363,894,566,783.53,662.87,340.02,human,your_turn,0.458,2.83,110.67,82.55,151.26,76.24,180.0
Negotiation_45,R2,2026-09-10T05:12:10.966240Z,behavior_monitor,5,377,150,1129,379,843,566,785.97,624.6,341.72,system,NA,0.443,2.83,138.26,89.54,180.0,99.11,180.0
Negotiation_45,R2,2026-09-10T05:12:11.476549Z,behavior_monitor,5,341,227,1074,392,793,566,751.88,564.87,330.64,system,NA,0.429,2.83,85.11,137.2,152.45,99.11,180.0
Negotiation_45,R2,2026-09-10T05:12:11.983937Z,behavior_monitor,5,410,261,1012,426,742,565,623.67,450.33,303.43,system,NA,0.419,2.83,9.75,139.22,151.58,99.11,180.0
Negotiation_45,R2,2026-09-10T05:12:12.493464Z,behavior_monitor,5,485,298,950,420,692,565,480.56,338.06,296.29,system,NA,0.413,2.83,53.46,132.38,-139.57,99.11,180.0
Negotiation_45,R2,2026-09-10T05:12:13.004374Z,behavior_monitor,5,529,369,946,416,641,565,419.56,225.5,339.81,system,NA,0.35,2.83,77.6,0.0,-130.17,99.11,180.0
Negotiation_45,R2,2026-09-10T05:12:13.106794Z,agent_signal,5,538,387,946,416,631,565,408.74,200.8,348.91,agent,i_can,0.329,2.83,55.28,0.0,-130.17,99.11,180.0
Negotiation_45,R2,2026-09-10T05:12:13.506712Z,behavior_monitor,5,574,441,946,416,590,565,372.66,124.89,386.12,system,NA,0.251,2.83,78.78,0.0,-130.17,99.11,180.0
Negotiation_45,R2,2026-09-10T05:12:14.014375Z,behavior_monitor,5,591,524,946,416,568,565,371.17,47.05,406.58,system,NA,0.113,2.83,54.9,0.0,-130.17,99.11,0.0
Negotiation_45,R2,2026-09-10T05:12:14.183715Z,shot_miss,5,615,542,946,416,585,565,354.2,37.39,390.29,agent,NA,0.095,2.83,32.83,0.0,-130.17,99.11,0.0
Negotiation_45,R2,2026-09-10T05:12:14.524029Z,behavior_monitor,5,659,571,946,416,617,567,326.39,42.32,361.87,system,NA,0.115,2.83,32.83,0.0,-130.17,169.61,54.25
Negotiation_45,R2,2026-09-10T05:12:14.558387Z,shot_miss,5,666,574,946,416,622,569,321.58,44.19,358.27,agent,NA,0.121,2.83,10.43,0.0,-130.17,99.11,0.0
Negotiation_45,R2,2026-09-10T05:12:15.033829Z,behavior_monitor,5,740,588,952,417,668,583,272.32,71.91,328.97,system,NA,0.209,2.83,10.43,127.96,25.66,99.11,0.0
Negotiation_45,R2,2026-09-10T05:12:15.544525Z,behavior_monitor,5,820,603,1011,455,718,598,241.39,102.6,325.77,system,NA,0.298,2.83,13.28,138.33,41.3,99.11,0.0
Negotiation_45,R2,2026-09-10T05:12:15.764943Z,human_signal,5,861,615,1026,483,740,609,211.44,120.67,312.35,human,i_can,0.363,2.83,39.79,135.78,72.37,169.61,54.25
Negotiation_45,R2,2026-09-10T05:12:16.053710Z,behavior_monitor,5,876,656,1027,518,756,630,204.16,122.45,292.96,system,NA,0.375,2.83,93.48,129.41,90.0,97.85,54.25
Negotiation_45,R2,2026-09-10T05:12:16.411196Z,agent_signal,5,886,716,1027,564,777,658,207.48,123.12,267.04,agent,your_turn,0.372,2.83,86.65,129.41,90.0,79.22,51.63
Negotiation_45,R2,2026-09-10T05:12:16.564653Z,behavior_monitor,5,887,739,1027,584,786,670,208.53,122.26,256.19,system,NA,0.37,2.83,86.65,129.41,90.0,97.85,54.25
Negotiation_45,R2,2026-09-10T05:12:17.076771Z,behavior_monitor,5,891,823,1027,650,815,711,220.26,135.72,220.27,system,NA,0.381,2.83,115.53,129.41,90.0,97.85,54.25
Negotiation_45,R2,2026-09-10T05:12:17.282547Z,human_signal,5,881,854,1027,676,820,717,229.94,149.7,210.7,human,your_turn,0.394,2.83,137.31,129.41,90.0,0.0,-72.01
Negotiation_45,R2,2026-09-10T05:12:17.283690Z,human_signal,5,878,856,1027,678,820,717,231.13,150.59,210.29,human,your_turn,0.395,2.83,116.15,129.41,90.0,0.0,-72.01
Negotiation_45,R2,2026-09-10T05:12:17.588186Z,behavior_monitor,5,855,895,1027,716,839,759,248.34,136.99,193.1,system,NA,0.356,2.83,145.99,129.41,90.0,169.61,125.75
Negotiation_45,R2,2026-09-10T05:12:18.099752Z,behavior_monitor,5,788,946,1024,782,788,829,288.38,116.92,241.38,system,NA,0.288,2.83,136.68,135.55,107.31,169.61,125.75
Negotiation_45,R2,2026-09-10T05:12:18.134663Z,flight_missed,5,782,952,1022,788,782,837,291.02,115.39,244.56,system,NA,0.284,2.83,161.93,137.8,110.1,197.2,126.98
Negotiation_45,R2,2026-09-10T05:12:18.135734Z,flight_spawn,6,619,-20,1022,788,782,837,903.76,872.71,244.56,system,NA,0.491,3.03,48.65,137.8,110.1,197.2,126.98
Negotiation_45,R2,2026-09-10T05:12:19.413571Z,human_signal,6,585,154,988,743,712,740,713.76,599.46,276.16,human,your_turn,0.456,3.03,157.06,135.87,-120.77,130.47,-125.75
Negotiation_45,R2,2026-09-10T05:12:19.414194Z,behavior_monitor,6,585,154,988,743,712,740,713.76,599.46,276.16,system,NA,0.456,3.03,157.06,127.61,-123.23,123.22,-125.75
Negotiation_45,R2,2026-09-10T05:12:19.414664Z,human_signal,6,582,155,987,741,712,740,712.1,598.92,274.86,human,your_turn,0.457,3.03,175.6,127.61,-123.23,123.22,-125.75
Negotiation_45,R2,2026-09-10T05:12:19.925348Z,behavior_monitor,6,497,163,946,688,662,670,691.08,532.53,284.92,system,NA,0.435,3.03,152.08,138.79,-136.12,169.61,-125.75
Negotiation_45,R2,2026-09-10T05:12:20.434861Z,behavior_monitor,6,423,212,882,676,611,599,652.82,430.33,281.62,system,NA,0.397,3.03,131.63,129.41,180.0,169.61,-125.75
Negotiation_45,R2,2026-09-10T05:12:20.945007Z,behavior_monitor,6,377,284,816,676,561,566,588.49,336.4,278.07,system,NA,0.364,3.03,135.25,129.41,180.0,99.11,180.0
Negotiation_45,R2,2026-09-10T05:12:21.115279Z,agent_signal,6,360,310,792,679,544,566,567.98,315.42,272.53,agent,i_can,0.357,3.03,107.04,133.82,165.25,99.11,180.0
Negotiation_45,R2,2026-09-10T05:12:21.448418Z,behavior_monitor,6,345,365,750,692,510,567,520.88,261.11,270.49,system,NA,0.334,3.03,107.04,144.69,161.86,105.3,180.0
Negotiation_45,R2,2026-09-10T05:12:21.953971Z,behavior_monitor,6,321,452,684,716,460,567,449.37,180.64,269.31,system,NA,0.287,3.03,107.04,139.52,158.06,99.11,180.0
Negotiation_45,R2,2026-09-10T05:12:22.465848Z,behavior_monitor,6,296,533,618,743,409,567,384.28,118.18,273.06,system,NA,0.235,3.03,53.49,138.95,158.64,99.11,180.0
Negotiation_45,R2,2026-09-10T05:12:22.977280Z,behavior_monitor,6,326,617,552,768,358,604,271.26,34.79,254.1,system,NA,0.114,3.03,52.81,138.51,159.12,169.61,125.75
Negotiation_45,R2,2026-09-10T05:12:23.130650Z,shot_hit,6,345,641,530,776,342,627,229.18,14.94,240.6,agent,NA,0.061,3.03,28.15,138.51,159.12,169.61,125.75
Negotiation_45,R2,2026-09-10T05:12:23.131239Z,flight_spawn,7,845,-20,530,776,342,627,856.87,820.32,240.6,system,NA,0.489,3.47,54.78,138.51,159.12,169.61,125.75
Negotiation_45,R2,2026-09-10T05:12:24.355142Z,human_signal,7,884,203,577,795,413,566,667.66,594.95,282.25,human,i_can,0.471,3.47,128.42,129.41,0.0,76.24,0.0
Negotiation_45,R2,2026-09-10T05:12:24.371588Z,behavior_monitor,7,884,203,577,795,414,566,667.66,594.18,281.69,system,NA,0.471,3.47,128.42,129.41,0.0,57.18,0.0
Negotiation_45,R2,2026-09-10T05:12:24.882680Z,behavior_monitor,7,865,303,643,795,442,565,540.46,497.35,305.06,system,NA,0.479,3.47,101.96,129.41,0.0,57.18,0.0
Negotiation_45,R2,2026-09-10T05:12:25.393484Z,behavior_monitor,7,838,403,709,795,456,565,413.17,415.11,341.35,system,NA,0.501,3.47,128.95,129.41,0.0,0.0,0.0
Negotiation_45,R2,2026-09-10T05:12:25.904031Z,behavior_monitor,7,771,484,728,772,456,566,291.75,325.03,341.46,system,NA,0.527,3.47,156.37,137.44,-126.36,0.0,51.64
Negotiation_45,R2,2026-09-10T05:12:26.416360Z,behavior_monitor,7,681,535,681,719,489,565,184.08,194.57,246.12,system,NA,0.514,3.47,150.59,139.6,-133.9,76.24,0.0
Negotiation_45,R2,2026-09-10T05:12:26.739076Z,agent_signal,7,626,574,655,715,513,565,143.51,112.99,205.65,agent,i_can,0.441,3.47,123.11,135.35,121.4,76.24,0.0
Negotiation_45,R2,2026-09-10T05:12:26.925773Z,behavior_monitor,7,618,607,639,732,532,591,127.06,87.46,176.99,system,NA,0.408,3.47,96.01,142.67,138.04,169.61,54.25
Negotiation_45,R2,2026-09-10T05:12:27.435508Z,behavior_monitor,7,601,709,607,790,579,661,81.06,52.72,131.74,system,NA,0.394,3.47,121.47,129.41,90.0,137.65,90.0
Negotiation_45,R2,2026-09-10T05:12:27.537303Z,shot_miss,7,586,730,607,805,573,677,78.28,54.07,132.35,agent,NA,0.409,3.47,121.47,129.41,90.0,169.61,125.75
Negotiation_45,R2,2026-09-10T05:12:27.943192Z,behavior_monitor,7,551,802,579,851,537,731,57.03,72.13,127.38,system,NA,0.558,3.47,138.28,145.05,136.55,169.61,125.75
Negotiation_45,R2,2026-09-10T05:12:28.453390Z,behavior_monitor,7,469,863,523,898,486,801,64.05,65.14,104.1,system,NA,0.504,3.47,162.4,142.23,146.82,169.61,125.75
Negotiation_45,R2,2026-09-10T05:12:28.962222Z,behavior_monitor,7,373,896,546,910,436,870,173.56,68.46,116.37,system,NA,0.283,3.47,142.01,123.18,0.0,169.61,125.75
Negotiation_45,R2,2026-09-10T05:12:29.389428Z,flight_missed,7,305,952,579,910,392,910,276.86,96.54,186.77,system,NA,0.259,3.47,163.47,0.0,0.0,99.11,180.0
Negotiation_45,R2,2026-09-10T05:12:29.390115Z,flight_spawn,8,757,-20,579,910,392,910,946.93,999.06,186.77,system,NA,0.513,2.83,45.08,0.0,0.0,99.11,180.0
Negotiation_45,R2,2026-09-10T05:12:30.244226Z,human_signal,8,882,27,588,854,392,910,878.26,1009.67,203.46,human,i_can,0.535,2.83,22.37,137.8,-36.6,0.0,180.0
Negotiation_45,R2,2026-09-10T05:12:30.260868Z,behavior_monitor,8,882,27,588,854,393,908,878.26,1008.02,202.16,system,NA,0.534,2.83,22.37,137.11,-32.79,97.85,-54.25
Negotiation_45,R2,2026-09-10T05:12:30.770659Z,behavior_monitor,8,958,59,652,830,423,868,829.36,969.69,232.84,system,NA,0.539,2.83,22.37,135.19,-16.85,97.85,-54.25
Negotiation_45,R2,2026-09-10T05:12:31.279814Z,behavior_monitor,8,1037,92,718,810,436,849,785.98,966.39,284.81,system,NA,0.551,2.83,22.37,135.19,-16.85,0.0,-54.25
Negotiation_45,R2,2026-09-10T05:12:31.790665Z,behavior_monitor,8,1107,133,784,790,436,849,732.16,981.15,353.48,system,NA,0.573,2.83,50.41,135.19,-16.85,0.0,79.92
Negotiation_45,R2,2026-09-10T05:12:32.301980Z,behavior_monitor,8,1168,187,850,770,471,800,663.93,928.24,380.66,system,NA,0.583,2.83,29.37,135.19,-16.85,130.47,-54.25
Negotiation_45,R2,2026-09-10T05:12:32.811995Z,behavior_monitor,8,1251,209,916,750,510,746,636.42,915.37,406.61,system,NA,0.59,2.83,5.55,135.19,-16.85,130.47,-54.25
Negotiation_45,R2,2026-09-10T05:12:33.321444Z,behavior_monitor,8,1333,217,982,730,549,691,621.31,915.71,434.76,system,NA,0.596,2.83,5.55,135.19,-16.85,130.47,-54.25
Negotiation_45,R2,2026-09-10T05:12:33.831000Z,behavior_monitor,8,1415,239,1048,710,588,638,596.6,917.49,465.61,system,NA,0.606,2.83,48.29,135.19,-16.85,130.47,-54.25
Negotiation_45,R2,2026-09-10T05:12:34.342202Z,behavior_monitor,8,1437,303,1107,672,627,584,495.64,857.77,487.8,system,NA,0.634,2.4,118.14,141.04,-48.68,130.47,-54.25
Negotiation_45,R2,2026-09-10T05:12:34.851586Z,behavior_monitor,8,1402,366,1152,616,665,566,353.75,763.29,489.44,system,NA,0.683,2.4,91.96,140.75,-50.94,76.24,0.0
Negotiation_45,R2,2026-09-10T05:12:34.986955Z,agent_signal,8,1400,387,1166,600,676,565,316.34,745.98,491.08,agent,your_turn,0.702,2.4,70.48,140.5,-51.06,76.24,0.0
Negotiation_45,R2,2026-09-10T05:12:35.361961Z,behavior_monitor,8,1416,435,1204,571,697,565,251.97,731.19,507.31,system,NA,0.744,2.4,70.48,133.64,-14.46,65.59,-7.33
Negotiation_45,R2,2026-09-10T05:12:35.872511Z,behavior_monitor,8,1425,505,1270,571,719,565,168.64,708.76,550.95,system,NA,0.808,2.4,92.88,122.22,0.0,0.0,0.0
Negotiation_45,R2,2026-09-10T05:12:36.383453Z,behavior_monitor,8,1448,563,1328,598,720,565,125.05,728.09,609.1,system,NA,0.853,1.95,94.6,137.09,56.4,0.0,-34.17
Negotiation_45,R2,2026-09-10T05:12:36.892165Z,behavior_monitor,8,1441,621,1364,659,756,612,85.6,685.14,610.11,system,NA,0.889,1.95,94.6,139.33,58.9,130.47,54.25
Negotiation_45,R2,2026-09-10T05:12:37.400478Z,behavior_monitor,8,1414,673,1392,711,795,666,43.66,618.79,598.8,system,NA,0.934,1.95,117.6,103.63,180.0,158.11,58.1
Negotiation_45,R2,2026-09-10T05:12:37.739878Z,shot_hit,8,1399,707,1397,718,821,702,10.66,578.48,576.58,human,NA,0.982,1.95,117.6,136.89,30.8,130.47,54.25
Negotiation_45,R2,2026-09-10T05:12:37.740962Z,flight_spawn,9,569,-20,1397,718,821,702,1109.57,765.14,576.58,system,NA,0.408,3.57,55.93,136.89,30.8,130.47,54.25
Negotiation_45,R2,2026-09-10T05:12:38.571884Z,human_signal,9,636,130,1364,743,777,640,951.77,528.22,596.65,human,your_turn,0.357,3.57,107.83,116.9,140.59,130.47,-125.75
Negotiation_45,R2,2026-09-10T05:12:38.573009Z,behavior_monitor,9,636,130,1364,743,777,640,951.77,528.22,596.65,system,NA,0.357,3.57,107.83,118.32,140.69,130.47,-125.75
Negotiation_45,R2,2026-09-10T05:12:38.573479Z,human_signal,9,635,134,1363,744,777,640,950.14,525.27,595.33,human,your_turn,0.356,3.57,107.83,118.32,140.69,130.47,-125.75
Negotiation_45,R2,2026-09-10T05:12:39.084046Z,behavior_monitor,9,627,235,1306,762,727,568,859.13,347.96,610.13,system,NA,0.288,3.57,84.69,129.41,180.0,169.61,-125.75
Negotiation_45,R2,2026-09-10T05:12:39.458537Z,agent_signal,9,653,311,1255,762,690,566,752.75,258.19,598.28,agent,i_can,0.255,3.57,101.13,129.41,180.0,99.11,180.0
Negotiation_45,R2,2026-09-10T05:12:39.594369Z,behavior_monitor,9,656,335,1240,762,677,566,723.27,232.03,596.47,system,NA,0.243,3.57,77.01,129.41,180.0,99.11,180.0
Negotiation_45,R2,2026-09-10T05:12:40.103502Z,behavior_monitor,9,685,435,1174,762,658,566,588.08,134.18,551.57,system,NA,0.186,3.57,49.01,129.41,180.0,99.11,0.0
Negotiation_45,R2,2026-09-10T05:12:40.615371Z,behavior_monitor,9,755,505,1108,762,709,566,436.9,76.9,444.55,system,NA,0.15,3.57,46.05,129.41,180.0,99.11,0.0
Negotiation_45,R2,2026-09-10T05:12:40.973100Z,shot_hit,9,777,572,1060,762,746,568,341.0,31.05,368.94,agent,NA,0.083,3.57,95.95,129.41,180.0,88.36,-15.78
Negotiation_45,R2,2026-09-10T05:12:40.974212Z,flight_spawn,10,630,-20,1060,762,746,568,892.72,599.84,368.94,system,NA,0.402,2.9,46.41,129.41,180.0,88.36,-15.78
Negotiation_45,R2,2026-09-10T05:12:41.773086Z,human_signal,10,705,85,960,766,715,566,727.29,481.76,315.83,human,your_turn,0.398,2.9,75.81,139.46,154.89,76.24,180.0
Negotiation_45,R2,2026-09-10T05:12:41.774253Z,behavior_monitor,10,705,85,960,766,715,566,727.29,481.76,315.83,system,NA,0.398,2.9,75.81,139.46,154.89,76.24,180.0
Negotiation_45,R2,2026-09-10T05:12:41.775155Z,human_signal,10,707,88,958,767,715,566,724.45,478.92,314.87,human,your_turn,0.398,2.9,75.81,139.46,154.89,76.24,180.0
Negotiation_45,R2,2026-09-10T05:12:42.284657Z,behavior_monitor,10,741,162,896,798,717,566,654.3,404.47,292.69,system,NA,0.382,2.9,53.89,136.86,161.01,99.11,0.0
Negotiation_45,R2,2026-09-10T05:12:42.796544Z,behavior_monitor,10,774,238,830,808,748,565,572.8,328.32,256.32,system,NA,0.364,2.9,11.54,129.41,180.0,99.11,0.0
Negotiation_45,R2,2026-09-10T05:12:43.306777Z,behavior_monitor,10,858,262,764,808,799,566,554.24,309.35,245.09,system,NA,0.358,2.9,37.63,129.41,180.0,99.11,0.0
Negotiation_45,R2,2026-09-10T05:12:43.817289Z,behavior_monitor,10,910,331,698,808,849,566,521.82,242.1,285.78,system,NA,0.317,2.9,59.33,129.41,180.0,99.11,0.0
Negotiation_45,R2,2026-09-10T05:12:44.329205Z,behavior_monitor,10,949,402,650,802,899,566,499.28,171.94,342.94,system,NA,0.256,2.9,38.4,0.0,-141.41,99.11,0.0
Negotiation_45,R2,2026-09-10T05:12:44.449383Z,agent_signal,10,967,416,650,802,911,566,499.29,160.37,351.61,agent,i_can,0.243,2.9,38.4,0.0,-141.41,99.11,0.0
Negotiation_45,R2,2026-09-10T05:12:44.840615Z,behavior_monitor,10,1029,429,654,779,950,566,512.82,158.92,363.84,system,NA,0.237,2.9,13.55,104.77,-65.79,99.11,0.0
Negotiation_45,R2,2026-09-10T05:12:45.213852Z,human_signal,10,1080,466,672,744,987,566,493.32,136.72,361.3,human,your_turn,0.217,2.9,58.88,106.69,-62.09,99.11,0.0
Negotiation_45,R2,2026-09-10T05:12:45.214550Z,human_signal,10,1082,468,673,742,987,566,492.01,136.31,359.78,human,your_turn,0.217,2.9,58.88,106.41,-61.93,99.11,0.0
Negotiation_45,R2,2026-09-10T05:12:45.350380Z,behavior_monitor,10,1093,486,679,731,1000,566,481.34,122.81,361.13,system,NA,0.203,2.9,58.88,105.04,-61.04,99.11,0.0
Negotiation_45,R2,2026-09-10T05:12:45.857877Z,behavior_monitor,10,1121,564,706,689,1051,566,434.31,70.41,366.7,system,NA,0.14,2.9,56.49,92.88,-54.57,99.11,0.0
Negotiation_45,R2,2026-09-10T05:12:46.368024Z,behavior_monitor,10,1140,646,735,659,1102,629,405.41,41.8,368.18,system,NA,0.093,2.9,82.87,58.24,-40.68,169.61,54.25
Negotiation_45,R2,2026-09-10T05:12:46.435907Z,shot_miss,10,1146,659,738,656,1110,641,407.89,40.23,372.03,agent,NA,0.09,2.9,27.25,56.1,-39.27,169.61,54.25
Negotiation_45,R2,2026-09-10T05:12:46.778534Z,shot_miss,10,1183,698,753,644,1144,688,434.02,41.14,393.25,agent,NA,0.087,2.9,75.88,54.77,-38.17,169.61,54.25
Negotiation_45,R2,2026-09-10T05:12:46.880118Z,behavior_monitor,10,1188,711,757,643,1152,700,436.95,38.07,399.39,system,NA,0.08,2.9,54.48,48.28,0.0,169.61,54.25
Negotiation_45,R2,2026-09-10T05:12:47.050012Z,shot_miss,10,1210,737,767,643,1171,725,452.86,41.04,411.98,agent,NA,0.083,2.9,54.48,56.88,0.0,169.61,54.25
Negotiation_45,R2,2026-09-10T05:12:47.388550Z,behavior_monitor,10,1238,782,786,643,1203,770,473.85,37.5,436.38,system,NA,0.073,2.9,54.48,57.66,0.0,169.61,54.25
Negotiation_45,R2,2026-09-10T05:12:47.899729Z,behavior_monitor,10,1316,810,815,643,1253,805,528.38,63.41,466.89,system,NA,0.107,2.9,51.08,57.66,0.0,144.72,53.95
Negotiation_45,R2,2026-09-10T05:12:48.408790Z,behavior_monitor,10,1350,886,844,643,1303,875,561.12,48.0,514.37,system,NA,0.079,2.9,44.59,57.66,0.0,169.61,54.25
Negotiation_45,R2,2026-09-10T05:12:48.919377Z,behavior_monitor,10,1413,935,874,643,1354,910,613.7,64.69,549.29,system,NA,0.095,2.9,18.65,57.66,0.0,99.11,0.0
Negotiation_45,R2,2026-09-10T05:12:49.208046Z,flight_missed,10,1443,952,878,633,1384,910,649.12,72.42,577.21,system,NA,0.1,1.89,150.64,133.39,-125.24,105.3,0.0
Negotiation_45,R2,2026-09-10T05:12:49.209289Z,flight_spawn,11,934,-20,878,633,1384,910,655.65,1033.46,577.21,system,NA,0.612,2.92,46.83,133.39,-125.24,105.3,0.0
Negotiation_45,R2,2026-09-10T05:12:50.262283Z,human_signal,11,1048,108,916,581,1333,839,491.11,784.62,490.67,human,i_can,0.615,2.92,75.72,129.41,0.0,130.47,-125.75
Negotiation_45,R2,2026-09-10T05:12:50.278541Z,behavior_monitor,11,1048,108,916,581,1332,837,491.11,783.01,489.13,system,NA,0.615,2.92,75.72,129.41,0.0,97.85,-125.75
Negotiation_45,R2,2026-09-10T05:12:50.792527Z,behavior_monitor,11,1089,184,981,573,1303,797,403.58,649.09,392.16,system,NA,0.617,2.92,54.54,130.39,-29.32,92.42,-125.75
Negotiation_45,R2,2026-09-10T05:12:51.303619Z,behavior_monitor,11,1135,257,1034,524,1290,779,285.59,544.45,361.49,system,NA,0.656,2.92,78.2,140.59,-44.97,0.0,-172.19
Negotiation_45,R2,2026-09-10T05:12:51.610069Z,agent_signal,11,1131,311,1068,494,1290,779,192.86,494.08,361.91,agent,your_turn,0.719,2.92,102.27,140.79,-37.47,0.0,-172.19
Negotiation_45,R2,2026-09-10T05:12:51.814351Z,behavior_monitor,11,1124,343,1090,481,1278,762,142.48,446.58,337.98,system,NA,0.758,2.92,102.27,136.66,-23.28,97.85,-125.75
Negotiation_45,R2,2026-09-10T05:12:52.326062Z,shot_hit,11,1096,426,1100,434,1249,721,9.48,332.79,323.33,human,NA,0.972,2.92,98.53,78.9,-90.0,97.85,-125.75
Negotiation_45,R2,2026-09-10T05:12:52.327151Z,flight_spawn,12,325,-20,1100,434,1249,721,898.62,1184.88,323.33,system,NA,0.569,3.13,50.3,78.9,-90.0,97.85,-125.75
Negotiation_45,R2,2026-09-10T05:12:53.056861Z,human_signal,12,414,87,1058,466,1218,678,747.34,997.32,265.09,human,i_can,0.572,3.13,50.27,147.18,138.16,130.47,-125.75
Negotiation_45,R2,2026-09-10T05:12:53.073529Z,behavior_monitor,12,414,87,1058,466,1217,676,747.34,995.74,263.43,system,NA,0.571,3.13,50.27,147.46,138.25,97.85,-125.75
Negotiation_45,R2,2026-09-10T05:12:53.584702Z,behavior_monitor,12,481,159,999,511,1189,636,626.61,853.62,227.02,system,NA,0.577,3.13,50.27,142.39,150.38,97.85,-125.75
Negotiation_45,R2,2026-09-10T05:12:54.097257Z,behavior_monitor,12,517,243,934,540,1175,617,511.92,756.59,252.92,system,NA,0.596,3.13,75.4,137.7,160.02,0.0,-125.75
Negotiation_45,R2,2026-09-10T05:12:54.608452Z,behavior_monitor,12,546,334,868,563,1165,602,395.67,674.72,299.26,system,NA,0.63,3.13,75.4,137.04,160.8,130.47,-125.75
Negotiation_45,R2,2026-09-10T05:12:54.932205Z,agent_signal,12,585,383,824,579,1140,568,309.18,585.55,316.25,agent,your_turn,0.654,3.13,47.95,137.04,160.8,130.47,-125.75
Negotiation_45,R2,2026-09-10T05:12:55.118862Z,behavior_monitor,12,615,393,802,586,1129,566,269.66,543.07,328.05,system,NA,0.668,3.13,1.73,137.04,160.8,57.18,180.0
Negotiation_45,R2,2026-09-10T05:12:55.633020Z,behavior_monitor,12,706,404,785,544,1101,565,160.38,426.63,316.6,system,NA,0.727,3.13,25.99,136.28,-71.73,57.18,180.0
Negotiation_45,R2,2026-09-10T05:12:56.136977Z,behavior_monitor,12,790,445,800,478,1098,565,34.46,330.92,311.02,system,NA,0.906,3.13,25.99,141.8,-63.85,0.0,-6.18
Negotiation_45,R2,2026-09-10T05:12:56.188508Z,shot_hit,12,796,452,803,472,1098,565,21.31,322.62,309.57,human,NA,0.938,3.13,55.55,140.59,-60.4,0.0,-6.18
Negotiation_45,R2,2026-09-10T05:12:56.189470Z,flight_spawn,13,620,-20,803,472,1098,565,525.67,756.16,309.57,system,NA,0.59,3.01,48.37,140.59,-60.4,0.0,-6.18
Negotiation_45,R2,2026-09-10T05:12:57.374596Z,human_signal,13,733,149,822,429,1035,564,293.05,512.64,252.04,human,i_can,0.636,3.01,80.24,0.0,0.0,76.24,180.0
Negotiation_45,R2,2026-09-10T05:12:57.392064Z,behavior_monitor,13,733,149,822,429,1034,564,293.05,512.07,251.22,system,NA,0.636,3.01,80.24,0.0,0.0,57.18,180.0
Negotiation_45,R2,2026-09-10T05:12:57.901789Z,behavior_monitor,13,758,235,779,429,1005,564,195.14,411.86,263.03,system,NA,0.679,3.01,58.08,129.41,180.0,57.18,180.0
Negotiation_45,R2,2026-09-10T05:12:58.412772Z,behavior_monitor,13,804,311,787,417,991,565,107.41,315.48,251.88,system,NA,0.746,3.01,58.08,93.45,-30.5,0.0,126.96
Negotiation_45,R2,2026-09-10T05:12:58.856635Z,agent_signal,13,870,359,846,415,985,566,60.84,237.06,205.4,agent,your_turn,0.796,3.01,32.49,129.41,0.0,76.24,180.0
Negotiation_45,R2,2026-09-10T05:12:58.923541Z,behavior_monitor,13,877,364,852,415,981,566,56.81,227.38,198.43,system,NA,0.8,3.01,9.83,129.41,0.0,57.18,180.0
Negotiation_45,R2,2026-09-10T05:12:59.433582Z,behavior_monitor,13,958,391,918,415,952,565,46.36,174.29,153.75,system,NA,0.79,3.01,12.02,129.41,0.0,57.18,180.0
Negotiation_45,R2,2026-09-10T05:12:59.654889Z,shot_miss,13,994,399,947,420,955,565,51.83,170.57,145.05,human,NA,0.767,3.01,12.02,135.38,21.22,0.0,0.0
Negotiation_45,R2,2026-09-10T05:12:59.944703Z,behavior_monitor,13,1040,412,983,437,955,565,62.21,174.57,131.02,system,NA,0.737,3.01,42.01,137.62,26.98,0.0,0.0
Negotiation_45,R2,2026-09-10T05:13:00.457007Z,behavior_monitor,13,1116,459,1045,469,955,564,71.51,191.99,131.02,system,NA,0.729,3.01,16.48,137.62,27.34,0.0,-62.89
Negotiation_45,R2,2026-09-10T05:13:00.967684Z,behavior_monitor,13,1199,491,1107,502,986,564,92.37,224.64,135.84,system,NA,0.709,3.01,42.66,137.63,28.81,76.24,0.0
Negotiation_45,R2,2026-09-10T05:13:01.478878Z,behavior_monitor,13,1244,565,1168,537,1025,564,80.47,218.29,145.3,system,NA,0.731,3.01,91.24,139.24,31.8,76.24,0.0
Negotiation_45,R2,2026-09-10T05:13:01.989869Z,behavior_monitor,13,1248,651,1222,581,1064,616,75.06,186.76,161.68,system,NA,0.713,3.01,64.66,135.29,59.52,130.47,54.25
Negotiation_45,R2,2026-09-10T05:13:02.499960Z,behavior_monitor,13,1248,741,1249,645,1103,670,95.78,161.07,147.41,system,NA,0.627,3.01,92.16,136.66,68.48,130.47,54.25
Negotiation_45,R2,2026-09-10T05:13:02.874829Z,human_signal,13,1242,807,1267,693,1132,710,117.3,146.42,136.57,human,your_turn,0.555,3.01,67.11,136.66,68.48,130.47,54.25
Negotiation_45,R2,2026-09-10T05:13:02.875467Z,human_signal,13,1242,810,1268,695,1132,710,117.92,148.81,137.16,human,your_turn,0.558,3.01,67.11,136.66,68.48,130.47,54.25
Negotiation_45,R2,2026-09-10T05:13:03.010822Z,behavior_monitor,13,1250,829,1274,710,1145,729,121.75,145.07,130.16,system,NA,0.544,3.01,67.11,136.66,68.48,169.61,54.25
Negotiation_45,R2,2026-09-10T05:13:03.523468Z,behavior_monitor,13,1248,919,1300,775,1196,799,153.45,131.66,106.84,system,NA,0.462,3.01,88.02,136.66,68.48,169.61,54.25
Negotiation_45,R2,2026-09-10T05:13:03.693903Z,flight_missed,13,1248,952,1309,788,1214,824,175.29,132.44,101.74,system,NA,0.43,3.01,88.02,43.62,0.0,169.61,54.25
Negotiation_45,R2,2026-09-10T05:13:03.694463Z,flight_spawn,14,791,-20,1309,788,1214,824,960.25,944.65,101.74,system,NA,0.496,2.89,133.76,43.62,0.0,169.61,54.25
Negotiation_45,R2,2026-09-10T05:13:04.729670Z,human_signal,14,646,42,1302,696,1166,757,926.71,884.79,149.02,human,your_turn,0.488,2.89,172.02,139.75,-131.72,130.47,-125.75
Negotiation_45,R2,2026-09-10T05:13:04.730703Z,behavior_monitor,14,646,42,1302,696,1166,757,926.71,884.79,149.02,system,NA,0.488,2.89,172.02,139.95,-131.81,130.47,-125.75
Negotiation_45,R2,2026-09-10T05:13:04.731150Z,human_signal,14,643,42,1300,694,1166,757,925.9,886.01,148.27,human,your_turn,0.489,2.89,172.02,139.95,-131.81,130.47,-125.75
Negotiation_45,R2,2026-09-10T05:13:05.240529Z,behavior_monitor,14,558,54,1247,655,1116,686,914.48,843.5,134.16,system,NA,0.48,2.89,172.02,129.41,180.0,169.61,-125.75
Negotiation_45,R2,2026-09-10T05:13:05.749128Z,behavior_monitor,14,471,70,1206,648,1065,616,934.54,807.24,143.68,system,NA,0.463,2.89,167.92,0.0,180.0,169.61,-125.75
Negotiation_45,R2,2026-09-10T05:13:06.262254Z,behavior_monitor,14,396,99,1185,655,1014,564,965.36,774.1,193.12,system,NA,0.445,2.89,125.02,138.4,159.24,126.31,-171.84
Negotiation_45,R2,2026-09-10T05:13:06.775172Z,behavior_monitor,14,345,170,1119,681,965,565,927.23,734.54,193.19,system,NA,0.442,2.89,125.02,138.85,158.75,99.11,180.0
Negotiation_45,R2,2026-09-10T05:13:07.285642Z,behavior_monitor,14,293,236,1054,704,914,565,893.37,702.2,198.0,system,NA,0.44,2.89,145.65,84.77,180.0,93.6,180.0
Negotiation_45,R2,2026-09-10T05:13:07.798515Z,behavior_monitor,14,228,292,992,704,864,565,867.54,691.35,189.51,system,NA,0.443,2.89,116.9,122.22,180.0,93.6,180.0
Negotiation_45,R2,2026-09-10T05:13:08.173233Z,agent_signal,14,166,308,941,707,827,565,871.4,708.52,182.6,agent,i_can,0.448,2.89,150.7,134.89,163.62,99.11,180.0
Negotiation_45,R2,2026-09-10T05:13:08.310315Z,behavior_monitor,14,145,312,926,712,813,565,877.12,714.4,185.29,system,NA,0.449,2.89,177.05,136.18,161.86,99.11,180.0
Negotiation_45,R2,2026-09-10T05:13:08.819811Z,behavior_monitor,14,73,345,860,737,763,565,879.24,724.02,198.15,system,NA,0.452,2.89,148.45,139.26,158.32,99.11,180.0
Negotiation_45,R2,2026-09-10T05:13:09.327264Z,behavior_monitor,14,33,386,794,764,712,565,849.47,702.61,214.79,system,NA,0.453,2.12,21.4,138.86,158.74,99.11,180.0
Negotiation_45,R2,2026-09-10T05:13:09.835847Z,behavior_monitor,14,69,432,728,788,662,564,748.56,607.72,232.76,system,NA,0.448,2.12,15.74,136.48,161.48,99.11,180.0
Negotiation_45,R2,2026-09-10T05:13:10.346464Z,behavior_monitor,14,121,467,662,808,611,564,639.18,499.73,248.5,system,NA,0.439,2.12,41.58,134.88,163.63,99.11,180.0
Negotiation_45,R2,2026-09-10T05:13:10.856483Z,behavior_monitor,14,168,509,596,827,561,563,532.68,396.62,265.83,system,NA,0.427,2.12,41.58,134.88,163.63,99.11,180.0
Negotiation_45,R2,2026-09-10T05:13:11.363707Z,behavior_monitor,14,208,558,530,846,511,563,432.26,303.16,283.62,system,NA,0.412,2.12,67.46,134.88,163.63,99.11,180.0
Negotiation_45,R2,2026-09-10T05:13:11.875033Z,behavior_monitor,14,252,603,464,866,461,600,337.1,208.5,266.02,system,NA,0.382,2.12,43.38,134.88,163.63,185.32,117.71
Negotiation_45,R2,2026-09-10T05:13:12.385077Z,behavior_monitor,14,276,662,398,885,410,657,254.39,134.26,228.68,system,NA,0.345,2.12,68.91,134.77,163.79,169.61,125.75
Negotiation_45,R2,2026-09-10T05:13:12.894872Z,behavior_monitor,14,326,692,334,904,359,688,211.96,33.65,218.28,system,NA,0.137,2.12,48.03,96.24,155.87,105.3,180.0
Negotiation_45,R2,2026-09-10T05:13:13.065089Z,shot_hit,14,343,710,326,908,341,704,198.74,6.12,204.46,agent,NA,0.03,2.12,48.03,0.0,152.38,169.61,125.75
Negotiation_45,R2,2026-09-10T05:13:13.065946Z,flight_spawn,15,615,-20,326,908,341,704,972.2,774.6,204.46,system,NA,0.443,2.83,45.0,0.0,152.38,169.61,125.75
Negotiation_45,R2,2026-09-10T05:13:14.852509Z,human_signal,15,819,154,482,908,426,586,825.48,583.34,327.08,human,i_can,0.414,2.83,128.92,122.22,0.0,123.22,-54.25
Negotiation_45,R2,2026-09-10T05:13:14.869549Z,behavior_monitor,15,819,154,482,908,427,584,825.48,581.69,328.24,system,NA,0.413,2.83,128.92,129.41,0.0,97.85,-54.25
Negotiation_45,R2,2026-09-10T05:13:15.379830Z,behavior_monitor,15,758,209,548,908,456,567,729.86,468.16,353.29,system,NA,0.391,2.83,155.56,129.41,0.0,57.18,0.0
Negotiation_45,R2,2026-09-10T05:13:15.891480Z,behavior_monitor,15,683,244,589,867,470,566,629.6,385.6,323.58,system,NA,0.38,2.83,131.5,128.42,-66.07,0.0,78.83
Negotiation_45,R2,2026-09-10T05:13:16.401168Z,behavior_monitor,15,624,308,616,803,474,565,495.31,298.29,276.91,system,NA,0.376,2.83,131.5,138.75,-68.86,58.86,8.71
Negotiation_45,R2,2026-09-10T05:13:16.402008Z,agent_signal,15,623,310,617,801,474,565,490.96,295.87,275.44,agent,i_can,0.376,2.83,131.5,138.75,-68.86,58.86,8.71
Negotiation_45,R2,2026-09-10T05:13:16.910265Z,behavior_monitor,15,597,386,638,737,525,565,352.82,193.09,205.64,system,NA,0.354,2.83,104.37,134.61,-72.18,99.11,0.0
Negotiation_45,R2,2026-09-10T05:13:17.421864Z,behavior_monitor,15,621,457,643,750,574,566,293.7,118.37,196.08,system,NA,0.287,2.83,27.73,134.21,105.37,99.11,0.0
Negotiation_45,R2,2026-09-10T05:13:17.932601Z,behavior_monitor,15,703,471,644,800,625,565,334.96,122.9,235.9,system,NA,0.268,2.83,22.28,105.27,0.0,99.11,0.0
Negotiation_45,R2,2026-09-10T05:13:17.949454Z,human_signal,15,706,472,646,800,626,565,334.05,122.96,235.94,human,your_turn,0.269,2.83,22.28,105.27,0.0,99.11,0.0
Negotiation_45,R2,2026-09-10T05:13:17.950064Z,human_signal,15,708,473,648,800,626,565,332.96,123.45,236.13,human,your_turn,0.27,2.83,22.28,129.41,0.0,99.11,0.0
Negotiation_45,R2,2026-09-10T05:13:18.445874Z,behavior_monitor,15,771,524,710,800,675,565,283.13,104.36,237.64,system,NA,0.269,2.83,23.03,129.41,0.0,99.11,0.0
Negotiation_45,R2,2026-09-10T05:13:18.958427Z,behavior_monitor,15,857,539,776,800,726,565,274.1,133.65,240.59,system,NA,0.328,2.83,24.16,129.41,0.0,99.11,0.0
Negotiation_45,R2,2026-09-10T05:13:19.466695Z,behavior_monitor,15,926,586,842,800,777,582,229.91,148.41,227.62,system,NA,0.392,2.83,45.18,129.41,0.0,169.61,54.25
Negotiation_45,R2,2026-09-10T05:13:19.978683Z,behavior_monitor,15,988,641,908,800,827,636,178.2,160.7,182.97,system,NA,0.474,2.83,40.04,129.41,0.0,169.61,54.25
Negotiation_45,R2,2026-09-10T05:13:20.353983Z,human_signal,15,1034,685,958,800,865,676,138.09,169.12,155.48,human,i_can,0.55,2.83,66.59,129.41,0.0,169.61,54.25
Negotiation_45,R2,2026-09-10T05:13:20.490644Z,behavior_monitor,15,1040,703,974,800,873,687,117.76,167.88,151.95,system,NA,0.588,2.83,66.59,129.41,0.0,97.85,54.25
Negotiation_45,R2,2026-09-10T05:13:20.916761Z,agent_signal,15,1072,768,1029,800,897,721,53.96,181.1,153.81,agent,your_turn,0.77,2.83,45.79,129.41,0.0,97.85,54.25
Negotiation_45,R2,2026-09-10T05:13:21.002098Z,behavior_monitor,15,1080,776,1040,800,902,727,46.79,184.32,155.82,system,NA,0.798,2.83,45.79,129.41,0.0,97.85,54.25
Negotiation_45,R2,2026-09-10T05:13:21.036216Z,shot_miss,15,1085,780,1044,800,904,730,45.2,187.44,156.76,human,NA,0.806,2.83,45.79,129.41,0.0,97.85,54.25
Negotiation_45,R2,2026-09-10T05:13:21.512343Z,behavior_monitor,15,1138,837,1106,807,931,768,44.09,217.59,178.48,system,NA,0.832,2.83,45.79,135.01,16.56,97.85,54.25
Negotiation_45,R2,2026-09-10T05:13:21.579463Z,shot_miss,15,1147,845,1114,810,935,774,47.76,223.37,182.63,human,NA,0.824,2.83,45.79,135.84,21.52,97.85,54.25
Negotiation_45,R2,2026-09-10T05:13:22.022523Z,behavior_monitor,15,1195,901,1152,857,942,782,61.72,280.37,223.72,system,NA,0.82,2.83,48.13,136.04,58.79,0.0,-26.22
Negotiation_45,R2,2026-09-10T05:13:22.534207Z,behavior_monitor,15,1260,949,1189,910,962,810,80.61,327.76,247.43,system,NA,0.803,2.83,0.44,76.36,0.0,130.47,54.25
Negotiation_45,R2,2026-09-10T05:13:22.892775Z,flight_missed,15,1320,952,1222,910,991,850,105.94,343.69,238.67,system,NA,0.764,2.83,4.76,96.86,0.0,130.47,54.25
Negotiation_45,R2,2026-09-10T05:13:22.893524Z,flight_spawn,16,629,-20,1222,910,991,850,1103.2,943.17,238.67,system,NA,0.461,2.83,135.0,96.86,0.0,130.47,54.25
Negotiation_45,R2,2026-09-10T05:13:23.910220Z,human_signal,16,541,116,1184,910,945,785,1021.18,781.74,269.21,human,your_turn,0.434,2.83,105.38,122.22,180.0,123.22,-125.75
Negotiation_45,R2,2026-09-10T05:13:23.911368Z,behavior_monitor,16,541,116,1184,910,945,785,1021.18,781.74,269.21,system,NA,0.434,2.83,105.38,129.41,180.0,130.47,-125.75
Negotiation_45,R2,2026-09-10T05:13:23.911786Z,human_signal,16,539,119,1181,910,945,785,1018.63,780.19,267.26,human,your_turn,0.434,2.83,105.38,129.41,180.0,130.47,-125.75
Negotiation_45,R2,2026-09-10T05:13:24.420012Z,behavior_monitor,16,505,189,1118,910,895,715,946.14,654.99,295.87,system,NA,0.409,2.83,129.71,129.41,180.0,169.61,-125.75
Negotiation_45,R2,2026-09-10T05:13:24.930761Z,behavior_monitor,16,487,270,1052,910,844,645,852.84,517.38,336.42,system,NA,0.378,2.83,82.53,129.41,180.0,169.61,-125.75
Negotiation_45,R2,2026-09-10T05:13:25.204412Z,agent_signal,16,495,318,1014,910,817,607,787.22,432.85,361.2,agent,i_can,0.355,2.83,82.53,129.41,180.0,169.61,-125.75
Negotiation_45,R2,2026-09-10T05:13:25.441693Z,behavior_monitor,16,493,354,986,910,794,574,742.91,372.96,386.63,system,NA,0.334,2.83,109.73,129.41,180.0,169.61,-125.75
Negotiation_45,R2,2026-09-10T05:13:25.952703Z,behavior_monitor,16,454,427,920,910,743,564,670.54,319.96,387.65,system,NA,0.323,2.83,137.75,129.41,180.0,99.11,180.0
Negotiation_45,R2,2026-09-10T05:13:26.464277Z,behavior_monitor,16,389,484,854,910,692,564,630.15,313.58,381.3,system,NA,0.332,2.83,116.28,129.41,180.0,99.11,180.0
Negotiation_45,R2,2026-09-10T05:13:26.975050Z,behavior_monitor,16,352,560,788,910,642,564,558.64,289.76,374.72,system,NA,0.342,2.83,116.28,129.41,180.0,99.11,180.0
Negotiation_45,R2,2026-09-10T05:13:27.483204Z,behavior_monitor,16,340,642,722,910,591,625,465.45,251.23,312.8,system,NA,0.351,2.83,88.96,129.41,180.0,169.61,125.75
Negotiation_45,R2,2026-09-10T05:13:27.991032Z,behavior_monitor,16,368,721,656,910,541,696,343.75,174.55,242.87,system,NA,0.337,2.83,67.05,129.41,180.0,169.61,125.75
Negotiation_45,R2,2026-09-10T05:13:28.501098Z,behavior_monitor,16,366,805,590,910,490,766,247.01,130.45,174.81,system,NA,0.346,2.83,94.97,128.47,180.0,169.61,125.75
Negotiation_45,R2,2026-09-10T05:13:29.014206Z,behavior_monitor,16,338,882,559,910,440,836,222.98,112.03,140.48,system,NA,0.334,2.83,123.14,45.6,180.0,169.61,125.75
Negotiation_45,R2,2026-09-10T05:13:29.522889Z,behavior_monitor,16,269,922,550,891,389,906,283.52,121.87,161.72,system,NA,0.301,2.83,174.24,134.21,-74.63,169.61,125.75
Negotiation_45,R2,2026-09-10T05:13:30.032728Z,behavior_monitor,16,191,944,574,825,338,910,401.66,151.84,250.42,system,NA,0.274,2.83,163.82,138.45,-68.62,99.11,180.0
Negotiation_45,R2,2026-09-10T05:13:30.184508Z,flight_missed,16,166,952,583,803,322,910,442.22,160.95,282.0,system,NA,0.267,2.83,163.82,138.45,-68.62,99.11,180.0
Negotiation_45,R2,2026-09-10T05:13:30.185003Z,flight_spawn,17,136,-20,583,803,322,910,937.22,948.35,282.0,system,NA,0.503,2.83,135.0,138.45,-68.62,99.11,180.0
Negotiation_45,R2,2026-09-10T05:13:31.142424Z,human_signal,17,29,52,625,710,298,877,887.64,867.51,367.44,human,your_turn,0.494,2.08,46.27,0.0,-90.0,130.47,-125.75
Negotiation_45,R2,2026-09-10T05:13:31.143344Z,behavior_monitor,17,29,52,625,710,298,877,887.64,867.51,367.44,system,NA,0.494,2.08,46.27,0.0,-90.0,130.47,-125.75
Negotiation_45,R2,2026-09-10T05:13:31.143667Z,human_signal,17,31,54,625,710,298,877,885.53,865.62,367.44,human,your_turn,0.494,2.08,46.27,0.0,-90.0,130.47,-125.75
Negotiation_45,R2,2026-09-10T05:13:31.653190Z,behavior_monitor,17,71,97,617,675,247,807,794.79,731.03,392.09,system,NA,0.479,2.08,20.9,137.57,-109.83,169.61,-125.75
Negotiation_45,R2,2026-09-10T05:13:32.163863Z,behavior_monitor,17,129,113,595,609,197,737,681.19,627.8,417.62,system,NA,0.48,2.08,8.67,134.0,-105.03,169.61,-125.75
Negotiation_45,R2,2026-09-10T05:13:32.673756Z,behavior_monitor,17,185,142,646,591,160,667,643.6,525.93,491.0,system,NA,0.45,2.08,35.54,129.41,0.0,169.61,-54.25
Negotiation_45,R2,2026-09-10T05:13:33.183993Z,behavior_monitor,17,229,189,712,591,206,597,628.3,408.84,505.63,system,NA,0.394,2.08,44.72,129.41,0.0,169.61,-54.25
Negotiation_45,R2,2026-09-10T05:13:33.694759Z,behavior_monitor,17,262,239,778,591,239,566,624.51,327.91,539.32,system,NA,0.344,2.08,71.51,129.41,0.0,0.0,-7.01
Negotiation_45,R2,2026-09-10T05:13:34.206064Z,behavior_monitor,17,303,287,844,591,281,564,620.25,278.66,563.46,system,NA,0.31,2.08,47.51,129.41,0.0,99.11,0.0
Negotiation_45,R2,2026-09-10T05:13:34.718248Z,behavior_monitor,17,359,309,910,591,329,565,618.69,257.28,580.87,system,NA,0.294,2.08,8.57,129.41,0.0,99.11,0.0
Negotiation_45,R2,2026-09-10T05:13:35.006942Z,agent_signal,17,398,315,949,591,358,565,616.78,253.16,591.82,agent,i_can,0.291,2.08,8.57,129.41,0.0,99.11,0.0
Negotiation_45,R2,2026-09-10T05:13:35.229038Z,behavior_monitor,17,425,320,976,591,380,565,613.89,248.36,596.31,system,NA,0.288,2.08,17.96,129.41,0.0,99.11,0.0
Negotiation_45,R2,2026-09-10T05:13:35.738919Z,behavior_monitor,17,483,333,1042,591,430,565,615.17,237.09,611.68,system,NA,0.278,2.08,13.92,129.41,0.0,99.11,0.0
Negotiation_45,R2,2026-09-10T05:13:36.251170Z,behavior_monitor,17,540,350,1108,591,480,564,616.49,222.74,628.11,system,NA,0.265,2.08,18.2,129.41,0.0,99.11,0.0
Negotiation_45,R2,2026-09-10T05:13:36.761780Z,behavior_monitor,17,598,359,1174,591,531,564,620.47,216.12,643.18,system,NA,0.258,2.08,4.2,129.41,0.0,99.11,0.0
Negotiation_45,R2,2026-09-10T05:13:37.270379Z,behavior_monitor,17,663,363,1240,591,583,563,620.06,215.29,657.52,system,NA,0.258,2.08,4.2,129.41,0.0,110.06,-15.21
Negotiation_45,R2,2026-09-10T05:13:37.781689Z,behavior_monitor,17,723,368,1278,591,634,563,597.49,214.83,644.6,system,NA,0.264,2.08,4.2,0.0,0.0,99.11,0.0
Negotiation_45,R2,2026-09-10T05:13:38.293994Z,behavior_monitor,17,784,372,1278,591,684,563,540.2,215.01,594.1,system,NA,0.285,2.08,4.2,0.0,0.0,99.11,0.0
Negotiation_45,R2,2026-09-10T05:13:38.804073Z,behavior_monitor,17,853,377,1278,591,734,563,475.93,220.29,544.28,system,NA,0.316,2.08,4.2,0.0,0.0,88.24,10.15
Negotiation_45,R2,2026-09-10T05:13:39.312674Z,behavior_monitor,17,911,384,1278,591,784,563,421.62,219.45,494.0,system,NA,0.342,2.08,22.9,0.0,0.0,99.11,0.0
Negotiation_45,R2,2026-09-10T05:13:39.824355Z,behavior_monitor,17,974,403,1278,591,835,563,357.14,212.43,443.55,system,NA,0.373,2.08,2.05,0.0,0.0,99.11,0.0
Negotiation_45,R2,2026-09-10T05:13:40.283044Z,human_signal,17,1036,405,1254,615,881,562,303.24,221.26,377.04,human,i_can,0.422,2.08,2.05,133.46,138.31,99.11,0.0
Negotiation_45,R2,2026-09-10T05:13:40.334171Z,behavior_monitor,17,1039,405,1250,618,883,562,300.09,221.36,370.84,system,NA,0.425,2.08,2.05,136.37,146.31,57.18,0.0
Negotiation_45,R2,2026-09-10T05:13:40.844237Z,behavior_monitor,17,1096,426,1219,600,912,563,212.93,229.12,308.58,system,NA,0.518,2.08,25.22,75.2,-90.0,57.18,0.0
Negotiation_45,R2,2026-09-10T05:13:40.844868Z,agent_signal,17,1098,427,1219,600,912,563,210.74,230.64,308.58,agent,your_turn,0.523,2.08,25.22,75.2,-90.0,57.18,0.0
Negotiation_45,R2,2026-09-10T05:13:41.352869Z,behavior_monitor,17,1146,463,1205,564,942,563,117.16,227.51,262.48,system,NA,0.66,2.08,46.92,80.6,-114.42,57.18,0.0
Negotiation_45,R2,2026-09-10T05:13:41.863663Z,behavior_monitor,17,1179,515,1191,527,957,563,17.46,226.98,236.9,system,NA,0.929,2.08,49.64,80.8,-128.11,0.0,0.0
Negotiation_45,R2,2026-09-10T05:13:41.914733Z,shot_hit,17,1181,519,1188,524,957,563,8.43,228.62,234.82,human,NA,0.964,2.08,49.64,79.35,-129.71,0.0,0.0
Negotiation_45,R2,2026-09-10T05:13:41.915188Z,flight_spawn,18,674,-20,1188,524,957,563,748.73,648.0,234.82,system,NA,0.464,2.83,135.0,79.35,-129.71,0.0,0.0
Negotiation_45,R2,2026-09-10T05:13:42.902704Z,human_signal,18,529,40,1175,544,921,562,819.78,653.7,254.5,human,your_turn,0.444,2.83,176.77,129.41,90.0,76.24,180.0
Negotiation_45,R2,2026-09-10T05:13:42.903721Z,behavior_monitor,18,529,40,1175,544,921,562,819.78,653.7,254.5,system,NA,0.444,2.83,176.77,129.41,90.0,76.24,180.0
Negotiation_45,R2,2026-09-10T05:13:42.904107Z,human_signal,18,526,40,1175,546,921,562,822.57,655.09,253.78,human,your_turn,0.443,2.83,176.77,129.41,90.0,76.24,180.0
Negotiation_45,R2,2026-09-10T05:13:43.412625Z,behavior_monitor,18,452,57,1145,607,871,562,885.44,656.82,277.76,system,NA,0.426,2.83,155.68,142.71,128.87,99.11,180.0
Negotiation_45,R2,2026-09-10T05:13:43.922660Z,behavior_monitor,18,379,92,1094,660,821,562,913.56,645.1,290.71,system,NA,0.414,2.83,132.09,143.55,134.77,99.11,180.0
Negotiation_45,R2,2026-09-10T05:13:44.432778Z,behavior_monitor,18,306,117,1043,712,770,562,947.74,643.85,311.1,system,NA,0.405,2.83,158.94,143.12,135.02,99.11,180.0
Negotiation_45,R2,2026-09-10T05:13:44.944017Z,behavior_monitor,18,221,137,988,760,720,562,988.23,654.78,333.97,system,NA,0.399,2.83,173.57,144.0,140.69,99.11,180.0
Negotiation_45,R2,2026-09-10T05:13:45.455239Z,behavior_monitor,18,139,147,931,807,669,561,1031.55,673.44,359.06,system,NA,0.395,2.83,173.57,143.9,140.73,99.11,180.0
Negotiation_45,R2,2026-09-10T05:13:45.963640Z,behavior_monitor,18,54,163,872,846,619,561,1065.41,691.05,380.83,system,NA,0.393,2.83,170.7,134.46,164.24,99.11,180.0
Negotiation_45,R2,2026-09-10T05:13:46.473531Z,behavior_monitor,18,49,177,806,847,569,561,1010.89,646.22,371.48,system,NA,0.39,1.74,15.27,129.41,180.0,99.11,180.0
Negotiation_45,R2,2026-09-10T05:13:46.984596Z,behavior_monitor,18,100,189,740,847,518,561,917.99,559.43,362.27,system,NA,0.379,1.74,12.34,129.41,180.0,99.11,180.0
Negotiation_45,R2,2026-09-10T05:13:47.490071Z,behavior_monitor,18,148,205,677,836,467,560,822.93,476.98,346.57,system,NA,0.367,1.74,31.31,123.68,-150.5,99.11,180.0
Negotiation_45,R2,2026-09-10T05:13:49.498161Z,agent_signal,18,238,354,572,742,267,561,512.02,209.47,354.44,agent,i_can,0.29,1.74,142.36,0.0,180.0,99.11,180.0
Negotiation_45,R2,2026-09-10T05:13:49.514497Z,behavior_monitor,18,238,354,572,742,265,561,512.02,209.25,355.89,system,NA,0.29,1.74,142.36,0.0,180.0,99.11,180.0
Negotiation_45,R2,2026-09-10T05:13:50.024682Z,behavior_monitor,18,201,390,572,742,216,560,510.91,170.66,399.64,system,NA,0.25,1.74,117.26,0.0,180.0,99.11,180.0
Negotiation_45,R2,2026-09-10T05:13:50.539022Z,behavior_monitor,18,161,421,572,742,165,560,521.43,139.41,445.23,system,NA,0.211,1.74,147.09,0.0,180.0,99.11,180.0
Negotiation_45,R2,2026-09-10T05:13:51.050676Z,behavior_monitor,18,114,444,572,742,115,560,546.06,115.67,492.1,system,NA,0.175,1.74,170.55,0.0,180.0,99.11,180.0
Negotiation_45,R2,2026-09-10T05:13:51.561260Z,behavior_monitor,18,63,452,572,742,64,560,585.22,107.32,539.23,system,NA,0.155,1.74,170.55,0.0,180.0,100.71,166.14
Negotiation_45,R2,2026-09-10T05:13:52.070140Z,behavior_monitor,18,20,476,572,742,20,560,612.05,83.52,581.51,system,NA,0.12,1.34,51.58,0.0,180.0,0.0,180.0
Negotiation_45,R2,2026-09-10T05:13:52.579806Z,behavior_monitor,18,34,513,572,742,20,559,584.15,48.17,581.63,system,NA,0.076,1.34,78.94,0.0,180.0,0.0,-90.0
Negotiation_45,R2,2026-09-10T05:13:52.682596Z,shot_miss,18,37,523,572,742,20,559,577.92,40.52,581.69,agent,NA,0.066,1.34,78.94,0.0,180.0,0.0,-90.0
Negotiation_45,R2,2026-09-10T05:13:52.919993Z,shot_hit,18,39,541,572,742,20,559,569.47,26.54,581.7,agent,NA,0.045,1.34,78.94,0.0,180.0,0.0,114.29
Negotiation_45,R2,2026-09-10T05:13:52.921083Z,flight_spawn,19,885,-20,572,742,20,559,824.5,1041.65,581.7,system,NA,0.558,2.9,46.36,0.0,180.0,0.0,114.29
Negotiation_45,R2,2026-09-10T05:13:53.882134Z,human_signal,19,999,99,624,734,64,559,737.59,1042.35,586.52,human,i_can,0.586,2.9,46.36,135.23,-16.87,76.24,0.0
Negotiation_45,R2,2026-09-10T05:13:53.898670Z,behavior_monitor,19,999,99,624,734,65,559,737.59,1041.47,585.59,system,NA,0.585,2.9,46.36,135.26,-16.91,57.18,0.0
Negotiation_45,R2,2026-09-10T05:13:54.409523Z,behavior_monitor,19,1054,166,690,714,94,559,657.8,1037.23,615.26,system,NA,0.612,2.9,70.28,135.34,-17.02,57.18,0.0
Negotiation_45,R2,2026-09-10T05:13:54.919373Z,behavior_monitor,19,1051,252,756,693,108,559,531.76,992.24,661.56,system,NA,0.651,2.9,98.44,135.37,-17.07,0.0,0.0
Negotiation_45,R2,2026-09-10T05:13:55.430617Z,behavior_monitor,19,1014,328,822,673,130,559,395.82,913.87,701.11,system,NA,0.698,2.9,98.88,135.21,-16.84,76.24,0.0
Negotiation_45,R2,2026-09-10T05:13:55.938785Z,behavior_monitor,19,1019,410,885,644,169,559,269.41,862.59,721.44,system,NA,0.762,2.9,47.74,140.31,-28.59,63.12,26.74
Negotiation_45,R2,2026-09-10T05:13:56.059248Z,agent_signal,19,1033,428,902,635,178,559,245.93,865.63,728.05,agent,your_turn,0.779,2.9,47.74,140.49,-28.72,76.24,0.0
Negotiation_45,R2,2026-09-10T05:13:56.448528Z,behavior_monitor,19,1048,486,949,613,200,559,161.77,851.29,750.23,system,NA,0.84,2.9,98.77,135.68,-17.49,57.18,0.0
Negotiation_45,R2,2026-09-10T05:13:56.960800Z,behavior_monitor,19,1053,570,1015,613,221,559,57.33,831.8,795.01,system,NA,0.936,2.9,64.78,129.41,0.0,0.0,0.0
Negotiation_45,R2,2026-09-10T05:13:57.199281Z,shot_hit,19,1068,607,1045,613,221,559,23.22,848.34,826.24,human,NA,0.973,2.9,64.78,129.41,0.0,0.0,-137.51
Negotiation_45,R2,2026-09-10T05:13:57.200012Z,flight_spawn,20,616,-20,1045,613,221,559,764.98,701.22,826.24,system,NA,0.478,3.08,130.51,129.41,0.0,0.0,-137.51
Negotiation_45,R2,2026-09-10T05:13:58.364176Z,human_signal,20,539,174,1028,593,287,559,643.49,460.25,741.68,human,i_can,0.417,3.08,103.86,129.41,180.0,76.24,0.0
Negotiation_45,R2,2026-09-10T05:13:58.380517Z,behavior_monitor,20,539,174,1028,593,288,559,643.49,459.72,740.71,system,NA,0.417,3.08,103.86,129.41,180.0,57.18,0.0
Negotiation_45,R2,2026-09-10T05:13:58.890425Z,behavior_monitor,20,496,253,962,593,317,558,576.74,354.42,646.08,system,NA,0.381,3.08,124.42,129.41,180.0,57.18,0.0
Negotiation_45,R2,2026-09-10T05:13:59.396960Z,behavior_monitor,20,452,330,896,593,330,558,515.66,258.63,566.77,system,NA,0.334,3.08,145.77,137.5,180.0,0.0,-172.92
Negotiation_45,R2,2026-09-10T05:13:59.719987Z,agent_signal,20,400,364,852,593,335,558,506.19,204.78,518.51,agent,i_can,0.288,3.08,119.53,129.41,180.0,76.24,0.0
Negotiation_45,R2,2026-09-10T05:13:59.906465Z,behavior_monitor,20,385,391,830,593,353,558,488.94,170.06,478.07,system,NA,0.258,3.08,119.53,129.41,180.0,99.11,0.0
Negotiation_45,R2,2026-09-10T05:14:00.416227Z,behavior_monitor,20,336,471,764,593,322,557,445.05,87.75,443.74,system,NA,0.165,3.08,119.53,129.41,180.0,99.11,180.0
Negotiation_45,R2,2026-09-10T05:14:00.756785Z,shot_hit,20,318,531,718,593,301,557,404.01,31.13,417.85,agent,NA,0.072,3.08,120.2,129.41,180.0,99.11,180.0
Negotiation_45,R3,2026-09-10T05:15:16.952992Z,flight_spawn,1,273,-20,718,593,301,557,757.39,578.64,417.85,system,NA,0.433,3.41,125.86,0.0,180.0,0.0,180.0
Negotiation_45,R3,2026-09-10T05:15:21.002271Z,human_signal,1,168,154,1127,754,309,672,1130.63,537.05,821.9,human,your_turn,0.322,3.41,96.69,0.0,0.0,123.22,-125.75
Negotiation_45,R3,2026-09-10T05:15:21.003384Z,behavior_monitor,1,168,154,1127,754,309,672,1130.63,537.05,821.9,system,NA,0.322,3.41,96.69,0.0,0.0,123.22,-125.75
Negotiation_45,R3,2026-09-10T05:15:21.003874Z,human_signal,1,168,157,1127,754,309,672,1128.76,533.76,821.9,human,your_turn,0.321,3.41,67.98,0.0,0.0,123.22,-125.75
Negotiation_45,R3,2026-09-10T05:15:21.509856Z,behavior_monitor,1,179,254,1104,754,259,602,1050.9,356.69,858.93,system,NA,0.253,3.41,92.47,129.41,180.0,169.61,-125.75
Negotiation_45,R3,2026-09-10T05:15:22.020395Z,behavior_monitor,1,183,355,1038,754,208,567,943.67,213.72,850.58,system,NA,0.185,3.41,63.92,129.41,180.0,91.52,175.65
Negotiation_45,R3,2026-09-10T05:15:22.395268Z,agent_signal,1,208,428,991,754,188,564,848.38,138.41,825.42,agent,i_can,0.14,3.41,91.28,81.27,180.0,0.0,180.0
Negotiation_45,R3,2026-09-10T05:15:22.531959Z,behavior_monitor,1,216,450,994,759,193,564,836.56,116.73,824.25,system,NA,0.122,3.41,64.45,70.26,34.04,99.11,0.0
Negotiation_45,R3,2026-09-10T05:15:23.041552Z,behavior_monitor,1,239,549,1015,764,215,564,805.17,28.47,824.32,system,NA,0.034,3.41,85.62,0.0,0.0,0.0,-2.74
Negotiation_45,R3,2026-09-10T05:15:23.143882Z,shot_hit,1,243,573,1015,764,221,567,795.29,23.56,818.85,agent,NA,0.029,3.41,85.62,0.0,0.0,0.0,0.0
Negotiation_45,R3,2026-09-10T05:15:23.144358Z,flight_spawn,2,764,-20,1015,764,221,567,824.13,799.95,818.85,system,NA,0.493,2.83,135.0,0.0,0.0,0.0,0.0
Negotiation_45,R3,2026-09-10T05:15:25.014497Z,human_signal,2,544,168,935,705,322,566,663.83,455.92,628.55,human,your_turn,0.407,2.83,139.82,0.0,180.0,76.24,0.0
Negotiation_45,R3,2026-09-10T05:15:25.015537Z,behavior_monitor,2,544,168,935,705,322,566,663.83,455.92,628.55,system,NA,0.407,2.83,139.82,0.0,180.0,76.24,0.0
Negotiation_45,R3,2026-09-10T05:15:25.015959Z,human_signal,2,542,170,935,705,322,566,663.4,453.47,628.55,human,your_turn,0.406,2.83,139.82,0.0,180.0,76.24,0.0
Negotiation_45,R3,2026-09-10T05:15:25.526051Z,behavior_monitor,2,470,213,935,705,372,567,676.73,366.64,579.57,system,NA,0.351,2.83,172.66,0.0,180.0,93.6,0.0
Negotiation_45,R3,2026-09-10T05:15:26.036871Z,behavior_monitor,2,410,268,935,705,394,565,682.9,297.22,558.91,system,NA,0.303,2.83,120.81,0.0,180.0,99.11,180.0
Negotiation_45,R3,2026-09-10T05:15:26.513061Z,agent_signal,2,406,350,935,705,389,565,637.28,215.89,563.81,agent,i_can,0.253,2.83,92.27,0.0,180.0,0.0,180.0
Negotiation_45,R3,2026-09-10T05:15:26.546744Z,behavior_monitor,2,406,352,935,705,389,564,635.45,212.78,564.04,system,NA,0.251,2.83,92.27,0.0,180.0,21.6,-114.22
Negotiation_45,R3,2026-09-10T05:15:27.057216Z,behavior_monitor,2,380,430,935,705,364,564,619.35,135.25,588.22,system,NA,0.179,2.83,118.77,0.0,180.0,99.11,180.0
Negotiation_45,R3,2026-09-10T05:15:27.568368Z,behavior_monitor,2,304,456,935,705,313,565,677.83,108.95,637.2,system,NA,0.138,2.83,171.52,0.0,180.0,99.11,180.0
Negotiation_45,R3,2026-09-10T05:15:28.080853Z,behavior_monitor,2,227,474,935,705,262,565,744.85,98.22,686.79,system,NA,0.117,2.83,174.5,0.0,180.0,99.11,180.0
Negotiation_45,R3,2026-09-10T05:15:28.590750Z,behavior_monitor,2,146,483,935,705,212,565,819.22,105.21,736.35,system,NA,0.114,2.83,162.54,0.0,180.0,99.11,180.0
Negotiation_45,R3,2026-09-10T05:15:29.100646Z,behavior_monitor,2,70,508,935,705,161,566,887.04,107.8,786.22,system,NA,0.108,2.83,162.54,0.0,180.0,99.11,180.0
Negotiation_45,R3,2026-09-10T05:15:29.610505Z,behavior_monitor,2,31,559,935,705,110,566,916.11,79.79,836.54,system,NA,0.08,2.2,29.44,0.0,180.0,99.11,180.0
Negotiation_45,R3,2026-09-10T05:15:30.003778Z,shot_hit,2,83,568,935,705,69,566,863.03,13.9,876.92,agent,NA,0.016,2.2,21.57,0.0,180.0,99.11,180.0
Negotiation_45,R3,2026-09-10T05:15:30.004748Z,flight_spawn,3,45,-20,935,705,69,566,1148.05,586.77,876.92,system,NA,0.338,3.36,53.45,0.0,180.0,99.11,180.0
Negotiation_45,R3,2026-09-10T05:15:31.091651Z,human_signal,3,242,49,957,687,119,566,958.16,531.81,846.46,human,your_turn,0.357,3.36,6.93,137.5,-38.75,76.24,0.0
Negotiation_45,R3,2026-09-10T05:15:31.092377Z,behavior_monitor,3,242,49,957,687,119,566,958.16,531.81,846.46,system,NA,0.357,3.36,6.93,137.5,-38.75,70.69,-16.73
Negotiation_45,R3,2026-09-10T05:15:31.092857Z,human_signal,3,246,49,959,685,119,566,955.36,532.33,848.06,human,your_turn,0.358,3.36,6.93,137.5,-38.75,70.69,-16.73
Negotiation_45,R3,2026-09-10T05:15:31.603168Z,behavior_monitor,3,335,80,1004,647,169,566,877.22,513.54,838.06,system,NA,0.369,3.36,22.17,0.0,-43.49,99.11,0.0
Negotiation_45,R3,2026-09-10T05:15:32.112786Z,behavior_monitor,3,431,104,988,661,220,566,787.79,508.59,774.02,system,NA,0.392,3.36,8.54,72.91,140.36,99.11,0.0
Negotiation_45,R3,2026-09-10T05:15:32.623847Z,behavior_monitor,3,528,119,957,682,271,566,708.16,516.37,695.9,system,NA,0.422,3.36,8.54,75.53,147.5,99.11,0.0
Negotiation_45,R3,2026-09-10T05:15:33.131854Z,behavior_monitor,3,629,140,924,705,322,566,638.02,525.63,618.69,system,NA,0.452,3.36,15.94,82.54,141.22,99.11,0.0
Negotiation_45,R3,2026-09-10T05:15:33.641939Z,behavior_monitor,3,722,179,891,732,372,566,578.2,521.63,545.08,system,NA,0.474,3.36,38.96,84.39,140.74,99.11,0.0
Negotiation_45,R3,2026-09-10T05:15:34.153527Z,behavior_monitor,3,783,256,839,765,423,566,511.48,475.16,461.02,system,NA,0.482,3.36,69.41,137.5,148.99,99.11,0.0
Negotiation_45,R3,2026-09-10T05:15:34.509324Z,human_signal,3,789,326,826,779,459,565,454.23,408.04,424.39,human,i_can,0.473,3.36,114.43,129.41,0.0,99.11,0.0
Negotiation_45,R3,2026-09-10T05:15:34.662120Z,behavior_monitor,3,778,350,843,771,467,565,425.62,377.96,428.02,system,NA,0.47,3.36,114.43,138.77,-25.57,57.18,0.0
Negotiation_45,R3,2026-09-10T05:15:35.173510Z,behavior_monitor,3,689,408,831,730,496,565,351.75,249.18,372.47,system,NA,0.415,3.36,150.81,138.83,-158.77,57.18,0.0
Negotiation_45,R3,2026-09-10T05:15:35.444184Z,agent_signal,3,640,428,793,727,502,565,336.16,194.75,332.85,agent,i_can,0.367,3.36,170.98,129.41,180.0,0.0,0.0
Negotiation_45,R3,2026-09-10T05:15:35.679273Z,behavior_monitor,3,598,435,765,727,526,565,336.54,149.33,288.36,system,NA,0.307,3.36,170.98,137.5,180.0,105.3,0.0
Negotiation_45,R3,2026-09-10T05:15:36.104465Z,human_signal,3,515,448,720,749,521,565,364.29,117.69,271.04,human,your_turn,0.244,3.36,146.37,140.01,112.44,99.11,180.0
Negotiation_45,R3,2026-09-10T05:15:36.105082Z,human_signal,3,512,450,719,751,521,565,366.07,116.06,271.89,human,your_turn,0.241,3.36,146.37,139.67,112.1,99.11,180.0
Negotiation_45,R3,2026-09-10T05:15:36.190020Z,behavior_monitor,3,501,457,716,760,512,565,371.35,108.86,281.51,system,NA,0.227,3.36,146.37,139.17,111.59,99.11,180.0
Negotiation_45,R3,2026-09-10T05:15:36.698401Z,behavior_monitor,3,401,484,663,806,462,566,415.47,102.18,313.43,system,NA,0.197,3.36,167.09,140.2,148.14,99.11,180.0
Negotiation_45,R3,2026-09-10T05:15:37.210689Z,behavior_monitor,3,303,506,602,843,411,565,450.95,123.46,337.61,system,NA,0.215,3.36,167.09,140.23,148.42,99.11,180.0
Negotiation_45,R3,2026-09-10T05:15:37.723763Z,behavior_monitor,3,209,529,541,881,361,565,484.17,156.12,364.04,system,NA,0.244,3.36,167.07,139.97,148.59,99.11,180.0
Negotiation_45,R3,2026-09-10T05:15:38.234256Z,behavior_monitor,3,110,551,478,910,310,565,513.51,200.89,383.36,system,NA,0.281,3.36,167.07,129.41,180.0,99.11,180.0
Negotiation_45,R3,2026-09-10T05:15:38.746376Z,behavior_monitor,3,22,574,439,910,260,570,535.4,237.41,384.3,system,NA,0.307,2.12,52.59,129.41,180.0,169.61,125.75
Negotiation_45,R3,2026-09-10T05:15:39.255334Z,behavior_monitor,3,53,623,373,910,209,619,429.64,156.01,334.09,system,NA,0.266,2.12,22.64,129.41,180.0,99.11,180.0
Negotiation_45,R3,2026-09-10T05:15:39.764982Z,behavior_monitor,3,115,645,308,902,158,641,321.66,43.42,301.5,system,NA,0.119,2.12,11.27,141.91,-146.09,99.11,180.0
Negotiation_45,R3,2026-09-10T05:15:39.866325Z,shot_hit,3,130,648,296,891,146,643,294.43,17.1,289.64,agent,NA,0.055,2.12,11.27,139.86,-131.73,99.11,180.0
Negotiation_45,R3,2026-09-10T05:15:39.866981Z,flight_spawn,4,952,-20,296,891,146,643,1122.59,1043.63,289.64,system,NA,0.482,2.83,135.0,139.86,-131.73,99.11,180.0
Negotiation_45,R3,2026-09-10T05:15:40.937634Z,human_signal,4,826,97,364,802,197,572,842.73,788.03,284.74,human,i_can,0.483,2.83,136.74,129.41,0.0,130.47,-54.25
Negotiation_45,R3,2026-09-10T05:15:40.954488Z,behavior_monitor,4,826,97,364,802,198,571,842.73,786.44,285.27,system,NA,0.483,2.83,136.74,129.41,0.0,97.85,-54.25
Negotiation_45,R3,2026-09-10T05:15:41.463577Z,behavior_monitor,4,760,143,430,820,227,565,752.75,680.43,325.39,system,NA,0.475,2.83,136.32,134.53,15.86,57.18,0.0
Negotiation_45,R3,2026-09-10T05:15:41.974164Z,behavior_monitor,4,707,208,496,822,241,566,650.18,588.21,361.61,system,NA,0.475,2.83,107.4,129.41,0.0,0.0,45.79
Negotiation_45,R3,2026-09-10T05:15:42.484113Z,behavior_monitor,4,667,277,549,777,249,566,513.99,508.07,367.49,system,NA,0.497,2.83,108.79,141.25,-47.45,76.24,0.0
Negotiation_45,R3,2026-09-10T05:15:42.995421Z,behavior_monitor,4,637,357,598,724,288,566,369.06,406.78,348.13,system,NA,0.524,2.83,108.79,141.39,-47.61,76.24,0.0
Negotiation_45,R3,2026-09-10T05:15:43.506296Z,behavior_monitor,4,626,440,618,664,326,566,224.23,325.06,307.49,system,NA,0.592,2.83,87.29,141.16,-122.73,53.76,-4.06
Negotiation_45,R3,2026-09-10T05:15:43.661265Z,agent_signal,4,628,468,604,645,338,566,178.28,305.96,277.59,agent,your_turn,0.632,2.83,87.29,140.23,-127.46,76.24,0.0
Negotiation_45,R3,2026-09-10T05:15:44.018553Z,behavior_monitor,4,631,525,631,609,358,566,83.94,275.9,276.37,system,NA,0.767,2.83,87.29,141.13,-43.19,57.18,0.0
Negotiation_45,R3,2026-09-10T05:15:44.138297Z,shot_miss,4,632,545,642,597,365,566,53.44,268.04,278.95,human,NA,0.834,2.83,87.29,120.91,-58.4,57.18,0.0
Negotiation_45,R3,2026-09-10T05:15:44.494063Z,shot_hit,4,659,598,649,583,382,576,18.29,278.0,267.26,human,NA,0.938,2.83,61.94,0.0,-90.0,0.0,54.25
Negotiation_45,R3,2026-09-10T05:15:44.494656Z,flight_spawn,5,522,-20,649,583,382,576,616.38,612.31,267.26,system,NA,0.498,2.83,135.0,0.0,-90.0,0.0,54.25
Negotiation_45,R3,2026-09-10T05:15:45.603032Z,human_signal,5,481,147,653,680,438,565,559.75,419.76,243.71,human,your_turn,0.429,2.83,88.34,129.41,90.0,76.24,0.0
Negotiation_45,R3,2026-09-10T05:15:45.604076Z,behavior_monitor,5,481,147,653,680,438,565,559.75,419.76,243.71,system,NA,0.429,2.83,88.34,129.41,90.0,65.79,-22.93
Negotiation_45,R3,2026-09-10T05:15:45.604506Z,human_signal,5,481,150,653,682,438,565,559.14,416.95,244.76,human,your_turn,0.427,2.83,88.34,129.41,90.0,65.79,-22.93
Negotiation_45,R3,2026-09-10T05:15:46.113387Z,behavior_monitor,5,461,227,653,698,443,564,508.55,337.4,248.67,system,NA,0.399,2.83,113.95,0.0,90.0,99.11,180.0
Negotiation_45,R3,2026-09-10T05:15:46.621384Z,behavior_monitor,5,415,295,602,691,404,564,437.34,269.21,234.73,system,NA,0.381,2.83,166.47,120.18,180.0,99.11,180.0
Negotiation_45,R3,2026-09-10T05:15:47.132714Z,behavior_monitor,5,327,315,554,691,354,564,438.83,250.62,236.32,system,NA,0.364,2.83,166.47,129.41,180.0,99.11,180.0
Negotiation_45,R3,2026-09-10T05:15:47.235236Z,agent_signal,5,308,320,538,691,344,564,436.55,247.1,231.87,agent,i_can,0.361,2.83,166.47,129.41,180.0,99.11,180.0
Negotiation_45,R3,2026-09-10T05:15:47.642842Z,behavior_monitor,5,248,346,488,691,304,564,419.88,225.32,223.12,system,NA,0.349,2.83,142.07,129.41,180.0,99.11,180.0
Negotiation_45,R3,2026-09-10T05:15:48.152589Z,behavior_monitor,5,193,409,422,691,254,565,362.6,166.86,209.87,system,NA,0.315,2.83,144.86,129.41,180.0,99.11,180.0
Negotiation_45,R3,2026-09-10T05:15:48.663396Z,behavior_monitor,5,118,446,365,691,203,565,347.42,146.15,204.64,system,NA,0.296,2.83,165.09,57.83,180.0,99.11,180.0
Negotiation_45,R3,2026-09-10T05:15:49.172356Z,behavior_monitor,5,35,465,341,691,153,565,379.76,154.61,225.72,system,NA,0.289,2.83,174.05,45.43,180.0,99.11,180.0
Negotiation_45,R3,2026-09-10T05:15:49.681359Z,behavior_monitor,5,62,487,318,691,103,565,327.4,88.35,248.88,system,NA,0.213,1.97,19.2,45.28,180.0,99.11,180.0
Negotiation_45,R3,2026-09-10T05:15:50.197785Z,behavior_monitor,5,116,504,325,683,92,565,275.16,65.9,261.76,system,NA,0.193,1.97,34.75,122.92,-21.69,93.6,0.0
Negotiation_45,R3,2026-09-10T05:15:50.605171Z,shot_hit,5,118,541,380,671,101,565,292.31,29.29,297.81,agent,NA,0.091,1.97,138.02,129.41,0.0,99.11,180.0
Negotiation_45,R3,2026-09-10T05:15:50.606169Z,flight_spawn,6,779,-20,380,671,101,565,799.03,895.54,297.81,system,NA,0.528,3.43,54.29,129.41,0.0,99.11,180.0
Negotiation_45,R3,2026-09-10T05:15:51.452247Z,human_signal,6,930,52,454,671,122,565,780.78,956.32,348.1,human,i_can,0.551,3.43,26.28,129.41,0.0,76.24,0.0
Negotiation_45,R3,2026-09-10T05:15:51.468570Z,behavior_monitor,6,930,52,454,671,123,565,780.78,955.5,347.17,system,NA,0.55,3.43,26.28,129.41,0.0,57.18,0.0
Negotiation_45,R3,2026-09-10T05:15:51.973446Z,behavior_monitor,6,1008,114,520,671,153,565,740.91,966.69,382.23,system,NA,0.566,3.43,53.69,129.41,0.0,57.18,0.0
Negotiation_45,R3,2026-09-10T05:15:52.480078Z,behavior_monitor,6,1071,197,586,671,167,565,678.83,976.73,432.57,system,NA,0.59,3.43,53.69,129.41,0.0,0.0,56.6
Negotiation_45,R3,2026-09-10T05:15:52.989508Z,behavior_monitor,6,1127,280,652,671,167,565,615.63,1001.42,496.33,system,NA,0.619,3.43,53.69,129.41,0.0,0.0,30.7
Negotiation_45,R3,2026-09-10T05:15:53.158909Z,agent_signal,6,1150,310,676,671,168,565,595.5,1013.8,518.73,agent,your_turn,0.63,3.43,53.69,137.5,0.0,81.0,0.0
Negotiation_45,R3,2026-09-10T05:15:53.497666Z,behavior_monitor,6,1201,350,718,671,188,565,580.48,1036.07,540.63,system,NA,0.641,3.43,27.21,129.41,0.0,57.18,0.0
Negotiation_45,R3,2026-09-10T05:15:54.003917Z,behavior_monitor,6,1295,397,784,671,212,565,580.55,1096.26,581.5,system,NA,0.654,3.43,27.21,129.41,0.0,0.0,0.0
Negotiation_45,R3,2026-09-10T05:15:54.509341Z,behavior_monitor,6,1397,404,850,671,212,565,609.13,1196.67,647.05,system,NA,0.663,3.43,2.57,129.41,0.0,0.0,-138.69
Negotiation_45,R3,2026-09-10T05:15:55.019431Z,behavior_monitor,6,1450,482,916,671,249,565,566.3,1203.23,675.1,system,NA,0.68,3.23,97.81,129.41,0.0,76.24,0.0
Negotiation_45,R3,2026-09-10T05:15:55.531446Z,behavior_monitor,6,1441,577,982,671,289,570,468.62,1152.21,700.48,system,NA,0.711,3.23,73.31,129.41,0.0,130.47,54.25
Negotiation_45,R3,2026-09-10T05:15:56.037286Z,behavior_monitor,6,1420,641,1041,694,327,624,382.47,1093.07,717.51,system,NA,0.741,2.3,116.67,137.35,51.43,130.47,54.25
Negotiation_45,R3,2026-09-10T05:15:56.544014Z,behavior_monitor,6,1354,668,1086,749,366,662,279.9,987.86,725.14,system,NA,0.779,2.3,166.55,139.2,46.22,76.24,0.0
Negotiation_45,R3,2026-09-10T05:15:57.048699Z,behavior_monitor,6,1287,690,1147,779,383,669,165.83,904.41,771.9,system,NA,0.845,2.3,143.56,129.41,0.0,0.0,0.0
Negotiation_45,R3,2026-09-10T05:15:57.554720Z,behavior_monitor,6,1232,730,1204,779,408,705,56.05,824.33,798.72,system,NA,0.936,2.3,137.75,53.11,0.0,130.47,54.25
Negotiation_45,R3,2026-09-10T05:15:57.690636Z,shot_miss,6,1216,737,1205,776,419,720,40.32,797.26,788.66,human,NA,0.952,2.3,165.49,42.67,-90.0,130.47,54.25
Negotiation_45,R3,2026-09-10T05:15:58.064214Z,behavior_monitor,6,1168,749,1185,758,447,745,19.11,720.97,738.1,system,NA,0.974,2.3,172.76,129.41,180.0,130.47,54.25
Negotiation_45,R3,2026-09-10T05:15:58.115704Z,shot_hit,6,1161,750,1178,758,451,745,19.42,709.73,727.61,human,NA,0.973,2.3,172.76,129.41,180.0,76.24,0.0
Negotiation_45,R3,2026-09-10T05:15:58.116102Z,flight_spawn,7,592,-20,1178,758,451,745,974.8,778.44,727.61,system,NA,0.444,2.83,45.0,129.41,180.0,76.24,0.0
Negotiation_45,R3,2026-09-10T05:15:59.544151Z,human_signal,7,812,73,993,797,519,650,746.08,647.22,497.16,human,i_can,0.465,2.83,34.93,126.03,180.0,93.48,-55.91
Negotiation_45,R3,2026-09-10T05:15:59.560317Z,behavior_monitor,7,812,73,993,797,519,649,746.08,645.57,496.63,system,NA,0.464,2.83,34.93,126.03,180.0,97.85,-54.25
Negotiation_45,R3,2026-09-10T05:16:00.064691Z,behavior_monitor,7,869,138,949,781,548,608,647.95,569.21,436.36,system,NA,0.468,2.83,58.16,129.41,-90.0,97.85,-54.25
Negotiation_45,R3,2026-09-10T05:16:00.570492Z,behavior_monitor,7,937,189,950,715,563,589,526.09,547.89,407.41,system,NA,0.51,2.83,55.43,139.19,-68.39,20.69,-83.22
Negotiation_45,R3,2026-09-10T05:16:01.073916Z,behavior_monitor,7,981,261,989,655,563,589,394.64,532.1,431.82,system,NA,0.574,2.83,59.37,139.78,-53.21,0.0,-114.62
Negotiation_45,R3,2026-09-10T05:16:01.584641Z,behavior_monitor,7,1008,340,1032,598,600,565,258.78,465.41,433.14,system,NA,0.643,2.83,66.62,139.92,-53.13,76.24,0.0
Negotiation_45,R3,2026-09-10T05:16:01.890141Z,agent_signal,7,1027,390,1059,562,623,565,175.1,440.14,435.69,agent,your_turn,0.715,2.83,37.26,139.92,-53.13,76.24,0.0
Negotiation_45,R3,2026-09-10T05:16:02.093256Z,behavior_monitor,7,1051,409,1062,538,635,565,130.15,443.99,427.63,system,NA,0.773,2.83,37.26,129.41,-90.0,57.18,0.0
Negotiation_45,R3,2026-09-10T05:16:02.603815Z,behavior_monitor,7,1130,432,1099,487,664,565,63.06,484.69,441.35,system,NA,0.885,2.83,4.42,138.76,-29.42,57.18,0.0
Negotiation_45,R3,2026-09-10T05:16:03.116285Z,behavior_monitor,7,1197,465,1164,477,667,566,35.0,539.68,505.09,system,NA,0.939,2.83,35.23,129.41,0.0,0.0,84.27
Negotiation_45,R3,2026-09-10T05:16:03.287650Z,shot_miss,7,1219,482,1186,478,667,566,33.47,558.84,526.57,human,NA,0.943,2.83,13.51,133.48,14.18,0.0,84.27
Negotiation_45,R3,2026-09-10T05:16:03.628331Z,behavior_monitor,7,1277,495,1189,480,682,566,89.19,598.72,514.0,system,NA,0.87,2.83,13.7,70.73,44.98,76.24,0.0
Negotiation_45,R3,2026-09-10T05:16:04.138150Z,behavior_monitor,7,1361,515,1230,534,721,566,132.3,642.23,510.27,system,NA,0.829,2.83,13.7,137.69,54.65,76.24,0.0
Negotiation_45,R3,2026-09-10T05:16:04.651909Z,behavior_monitor,7,1445,535,1271,591,759,566,182.92,686.72,512.57,system,NA,0.79,2.83,12.56,138.26,54.32,76.24,0.0
Negotiation_45,R3,2026-09-10T05:16:05.163410Z,behavior_monitor,7,1403,552,1312,649,799,566,132.38,604.48,519.88,system,NA,0.82,1.77,168.96,138.26,54.32,76.24,0.0
Negotiation_45,R3,2026-09-10T05:16:05.674745Z,behavior_monitor,7,1366,582,1346,640,838,577,61.08,528.04,512.05,system,NA,0.896,1.77,139.46,102.23,-48.12,130.47,54.25
Negotiation_45,R3,2026-09-10T05:16:06.185007Z,shot_hit,7,1318,608,1325,609,877,603,6.75,441.64,448.39,human,NA,0.985,1.77,140.38,133.57,165.66,76.24,0.0
Negotiation_45,R3,2026-09-10T05:16:06.186058Z,flight_spawn,8,913,-20,1325,609,877,603,752.06,624.4,448.39,system,NA,0.454,2.83,45.0,133.57,165.66,76.24,0.0
Negotiation_45,R3,2026-09-10T05:16:07.170432Z,human_signal,8,1048,69,1245,613,923,565,578.23,511.36,325.77,human,i_can,0.469,2.83,43.42,0.0,180.0,76.24,0.0
Negotiation_45,R3,2026-09-10T05:16:07.187384Z,behavior_monitor,8,1048,69,1245,613,924,565,578.23,511.12,324.8,system,NA,0.469,2.83,43.42,0.0,180.0,57.18,0.0
Negotiation_45,R3,2026-09-10T05:16:07.694581Z,behavior_monitor,8,1091,139,1234,600,953,565,482.86,447.54,283.29,system,NA,0.481,2.83,93.32,125.55,-131.84,57.18,0.0
Negotiation_45,R3,2026-09-10T05:16:08.201112Z,behavior_monitor,8,1037,199,1222,605,967,565,446.06,372.28,258.42,system,NA,0.455,2.83,145.92,122.22,90.0,0.0,-105.8
Negotiation_45,R3,2026-09-10T05:16:08.705052Z,behavior_monitor,8,961,235,1215,671,967,565,504.4,329.42,269.75,system,NA,0.395,2.83,168.64,140.68,116.65,0.0,-105.8
Negotiation_45,R3,2026-09-10T05:16:09.213641Z,behavior_monitor,8,874,256,1168,726,942,565,554.53,315.9,278.38,system,NA,0.363,2.83,164.59,144.93,137.94,76.24,180.0
Negotiation_45,R3,2026-09-10T05:16:09.724254Z,behavior_monitor,8,790,271,1109,769,903,565,590.97,314.15,290.47,system,NA,0.347,2.83,175.35,140.39,153.43,76.24,180.0
Negotiation_45,R3,2026-09-10T05:16:09.998081Z,human_signal,8,750,291,1076,788,882,565,594.01,303.64,295.76,human,your_turn,0.338,2.83,160.2,142.84,144.34,76.24,180.0
Negotiation_45,R3,2026-09-10T05:16:09.998866Z,human_signal,8,749,292,1074,789,882,565,594.37,303.6,295.57,human,your_turn,0.338,2.83,160.2,142.84,144.34,76.24,180.0
Negotiation_45,R3,2026-09-10T05:16:10.238851Z,behavior_monitor,8,714,304,1049,808,858,565,604.2,297.56,308.54,system,NA,0.33,2.83,160.2,141.94,146.71,99.11,180.0
Negotiation_45,R3,2026-09-10T05:16:10.273021Z,agent_signal,8,706,307,1042,811,855,565,606.06,297.38,309.87,agent,i_can,0.329,2.83,160.2,141.43,147.84,99.11,180.0
Negotiation_45,R3,2026-09-10T05:16:10.750064Z,behavior_monitor,8,636,332,984,837,808,565,612.8,289.38,323.7,system,NA,0.321,2.83,152.58,137.03,160.8,99.11,180.0
Negotiation_45,R3,2026-09-10T05:16:11.260574Z,behavior_monitor,8,572,381,918,858,757,565,589.76,261.49,334.27,system,NA,0.307,2.83,124.2,135.31,163.01,99.11,180.0
Negotiation_45,R3,2026-09-10T05:16:11.771430Z,behavior_monitor,8,507,429,852,878,707,566,565.97,241.54,344.83,system,NA,0.299,2.83,156.67,135.15,163.24,103.78,169.9
Negotiation_45,R3,2026-09-10T05:16:12.280194Z,behavior_monitor,8,430,449,786,890,656,566,566.61,254.82,348.7,system,NA,0.31,2.83,177.98,129.41,180.0,99.11,180.0
Negotiation_45,R3,2026-09-10T05:16:12.790758Z,behavior_monitor,8,355,478,720,890,606,566,549.98,265.63,343.26,system,NA,0.326,2.83,172.81,129.41,180.0,99.11,180.0
Negotiation_45,R3,2026-09-10T05:16:13.301696Z,behavior_monitor,8,272,489,654,890,555,566,553.88,293.6,338.46,system,NA,0.346,2.83,145.69,129.41,180.0,99.11,180.0
Negotiation_45,R3,2026-09-10T05:16:13.811083Z,behavior_monitor,8,189,515,588,890,505,566,547.62,320.52,334.02,system,NA,0.369,2.83,160.29,129.41,180.0,99.11,180.0
Negotiation_45,R3,2026-09-10T05:16:14.319856Z,behavior_monitor,8,106,536,522,890,455,566,546.06,350.19,330.55,system,NA,0.391,2.83,174.79,129.41,180.0,99.11,180.0
Negotiation_45,R3,2026-09-10T05:16:14.830587Z,behavior_monitor,8,27,559,456,890,405,564,542.01,378.07,329.43,system,NA,0.411,2.83,176.19,129.41,180.0,169.61,-125.75
Negotiation_45,R3,2026-09-10T05:16:16.664394Z,shot_hit,8,220,654,246,847,222,649,194.04,6.02,199.6,agent,NA,0.03,2.24,12.59,0.0,-90.0,99.11,180.0
Negotiation_45,R3,2026-09-10T05:16:16.664978Z,flight_spawn,9,1077,-20,246,847,222,649,1200.59,1085.67,199.6,system,NA,0.475,3.41,54.09,0.0,-90.0,99.11,180.0
Negotiation_45,R3,2026-09-10T05:16:17.564427Z,human_signal,9,1233,60,301,847,256,602,1219.48,1117.28,248.82,human,i_can,0.478,3.41,17.76,129.41,0.0,130.47,-54.25
Negotiation_45,R3,2026-09-10T05:16:17.581345Z,behavior_monitor,9,1233,60,301,847,257,601,1219.48,1115.77,249.97,system,NA,0.478,3.41,17.76,129.41,0.0,97.85,-54.25
Negotiation_45,R3,2026-09-10T05:16:18.092821Z,behavior_monitor,9,1328,91,367,847,286,566,1222.17,1145.11,292.55,system,NA,0.484,3.41,17.76,129.41,0.0,57.18,0.0
Negotiation_45,R3,2026-09-10T05:16:18.602653Z,behavior_monitor,9,1404,157,433,838,300,565,1185.74,1176.73,303.57,system,NA,0.498,3.41,22.87,138.34,-23.86,0.0,0.0
Negotiation_45,R3,2026-09-10T05:16:19.111071Z,behavior_monitor,9,1424,210,494,800,309,565,1101.0,1169.65,299.48,system,NA,0.515,2.76,145.6,141.83,-33.09,89.52,-14.84
Negotiation_45,R3,2026-09-10T05:16:19.620713Z,behavior_monitor,9,1366,268,555,761,348,564,949.15,1060.6,285.99,system,NA,0.528,2.76,97.82,141.83,-33.09,85.11,-20.05
Negotiation_45,R3,2026-09-10T05:16:20.131797Z,behavior_monitor,9,1351,350,616,721,387,564,823.39,987.41,278.02,system,NA,0.545,2.76,97.82,141.58,-32.93,76.24,0.0
Negotiation_45,R3,2026-09-10T05:16:20.642951Z,behavior_monitor,9,1352,431,676,682,425,564,721.27,936.39,277.54,system,NA,0.565,2.76,73.88,140.68,-31.81,76.24,0.0
Negotiation_45,R3,2026-09-10T05:16:20.659742Z,agent_signal,9,1354,437,680,680,427,564,716.51,936.23,279.07,agent,your_turn,0.566,2.76,73.88,140.29,-30.59,76.24,0.0
Negotiation_45,R3,2026-09-10T05:16:21.152700Z,behavior_monitor,9,1362,511,736,704,455,564,655.01,908.82,314.66,system,NA,0.581,2.76,92.13,139.28,40.04,57.18,0.0
Negotiation_45,R3,2026-09-10T05:16:21.661771Z,behavior_monitor,9,1327,583,791,749,471,564,560.83,856.91,370.33,system,NA,0.604,2.76,120.99,146.68,35.09,0.0,-17.18
Negotiation_45,R3,2026-09-10T05:16:22.172248Z,behavior_monitor,9,1286,654,850,788,473,567,455.68,817.78,437.08,system,NA,0.642,2.76,120.99,138.83,33.05,130.47,54.25
Negotiation_45,R3,2026-09-10T05:16:22.682570Z,behavior_monitor,9,1224,703,910,826,512,621,337.57,717.19,447.87,system,NA,0.68,2.76,178.43,138.54,32.74,130.47,54.25
Negotiation_45,R3,2026-09-10T05:16:23.194140Z,behavior_monitor,9,1148,728,971,851,550,675,215.67,600.07,456.28,system,NA,0.736,2.76,158.07,134.59,-15.94,130.47,54.25
Negotiation_45,R3,2026-09-10T05:16:23.706691Z,behavior_monitor,9,1075,761,1031,821,589,729,74.27,486.91,451.51,system,NA,0.868,2.76,179.35,103.17,-90.0,130.47,54.25
Negotiation_45,R3,2026-09-10T05:16:23.961334Z,shot_miss,9,1032,761,1031,791,608,756,29.07,424.01,424.35,human,NA,0.936,2.76,179.35,124.7,-90.0,130.47,54.25
Negotiation_45,R3,2026-09-10T05:16:24.215193Z,behavior_monitor,9,992,764,1011,766,628,760,18.76,364.51,383.2,system,NA,0.951,2.76,127.4,133.98,-165.0,130.47,54.25
Negotiation_45,R3,2026-09-10T05:16:24.334314Z,shot_hit,9,981,780,996,766,637,772,20.51,343.86,358.74,human,NA,0.944,2.76,127.4,129.41,180.0,130.47,54.25
Negotiation_45,R3,2026-09-10T05:16:24.334945Z,flight_spawn,10,816,-20,996,766,637,772,806.32,812.97,358.74,system,NA,0.502,2.83,45.0,129.41,180.0,130.47,54.25
Negotiation_45,R3,2026-09-10T05:16:25.080352Z,human_signal,10,895,76,915,765,668,729,689.24,691.83,249.6,human,i_can,0.501,2.83,44.68,129.41,-90.0,130.47,-54.25
Negotiation_45,R3,2026-09-10T05:16:25.097949Z,behavior_monitor,10,895,76,915,765,669,728,689.24,690.24,248.83,system,NA,0.5,2.83,44.68,129.41,-90.0,97.85,-54.25
Negotiation_45,R3,2026-09-10T05:16:25.607738Z,behavior_monitor,10,962,124,947,701,698,687,577.73,622.32,249.08,system,NA,0.519,2.83,47.98,140.15,-62.27,97.85,-54.25
Negotiation_45,R3,2026-09-10T05:16:26.119315Z,behavior_monitor,10,1024,173,987,642,711,669,470.11,585.86,277.06,system,NA,0.555,2.83,21.58,140.27,-52.66,13.91,-163.17
Negotiation_45,R3,2026-09-10T05:16:26.629629Z,behavior_monitor,10,1099,212,1031,586,711,669,380.33,599.43,330.58,system,NA,0.612,2.83,43.18,140.42,-47.15,0.0,-163.17
Negotiation_45,R3,2026-09-10T05:16:27.139714Z,behavior_monitor,10,1154,276,1084,538,747,618,271.24,531.47,346.11,system,NA,0.662,2.83,41.93,139.86,-39.59,130.47,-54.25
Negotiation_45,R3,2026-09-10T05:16:27.650405Z,behavior_monitor,10,1203,342,1142,496,786,565,165.28,472.61,362.41,system,NA,0.741,2.83,65.52,139.83,-32.25,76.24,0.0
Negotiation_45,R3,2026-09-10T05:16:27.701583Z,agent_signal,10,1207,352,1150,491,790,565,149.79,468.33,367.5,agent,your_turn,0.758,2.83,65.52,139.31,-31.32,76.24,0.0
Negotiation_45,R3,2026-09-10T05:16:28.160347Z,behavior_monitor,10,1204,424,1204,462,811,566,38.57,417.55,406.37,system,NA,0.915,2.83,109.29,136.54,-24.22,0.0,0.0
Negotiation_45,R3,2026-09-10T05:16:28.296941Z,shot_hit,10,1195,445,1218,455,811,566,25.5,402.21,422.27,human,NA,0.94,2.83,109.29,78.35,-50.13,0.0,0.0
Negotiation_45,R3,2026-09-10T05:16:28.297944Z,flight_spawn,11,570,-20,1218,455,811,566,803.98,634.01,422.27,system,NA,0.441,2.83,135.0,78.35,-50.13,0.0,0.0
Negotiation_45,R3,2026-09-10T05:16:29.233953Z,human_signal,11,470,97,1111,499,769,565,756.44,555.48,349.1,human,i_can,0.423,2.83,136.64,148.44,155.9,81.0,180.0
Negotiation_45,R3,2026-09-10T05:16:29.250852Z,behavior_monitor,11,470,97,1111,499,768,565,756.44,554.96,350.05,system,NA,0.423,2.83,136.64,131.93,156.02,54.0,180.0
Negotiation_45,R3,2026-09-10T05:16:29.760008Z,behavior_monitor,11,450,172,1046,529,739,565,695.16,488.38,309.56,system,NA,0.413,2.83,67.54,141.56,154.38,57.18,180.0
Negotiation_45,R3,2026-09-10T05:16:30.270489Z,behavior_monitor,11,495,243,986,567,726,565,588.94,396.71,260.84,system,NA,0.402,2.83,40.82,142.09,125.68,0.0,86.71
Negotiation_45,R3,2026-09-10T05:16:30.781701Z,behavior_monitor,11,555,305,956,632,721,566,517.48,308.87,244.44,system,NA,0.374,2.83,37.14,138.42,110.79,76.24,180.0
Negotiation_45,R3,2026-09-10T05:16:30.798160Z,human_signal,11,556,307,955,634,719,566,515.77,305.79,245.48,human,your_turn,0.372,2.83,37.14,138.42,110.79,76.24,180.0
Negotiation_45,R3,2026-09-10T05:16:30.798592Z,human_signal,11,559,309,954,636,719,566,513.54,303.03,245.3,human,your_turn,0.371,2.83,37.14,138.42,110.79,76.24,180.0
Negotiation_45,R3,2026-09-10T05:16:30.798787Z,agent_signal,11,559,309,954,636,719,566,513.54,303.03,245.3,agent,i_can,0.371,2.83,37.14,138.42,110.79,76.24,180.0
Negotiation_45,R3,2026-09-10T05:16:31.294212Z,behavior_monitor,11,623,360,918,690,670,566,443.1,211.88,277.04,system,NA,0.323,2.83,61.83,138.3,151.07,88.43,169.27
Negotiation_45,R3,2026-09-10T05:16:31.805126Z,behavior_monitor,11,655,437,852,701,632,566,329.22,131.09,258.31,system,NA,0.285,2.83,60.72,129.41,180.0,99.11,0.0
Negotiation_45,R3,2026-09-10T05:16:32.316546Z,behavior_monitor,11,710,501,808,717,683,566,237.44,70.68,196.25,system,NA,0.229,2.83,65.51,136.96,61.81,99.11,0.0
Negotiation_45,R3,2026-09-10T05:16:32.690846Z,shot_hit,11,738,560,842,759,714,566,224.93,24.69,231.57,agent,NA,0.099,2.83,65.51,140.13,48.52,99.11,0.0
Negotiation_45,R3,2026-09-10T05:16:32.692042Z,flight_spawn,12,137,-20,842,759,714,566,1051.62,823.42,231.57,system,NA,0.439,3.51,124.75,140.13,48.52,99.11,0.0
Negotiation_45,R3,2026-09-10T05:16:34.876059Z,human_signal,12,381,256,657,818,569,566,625.88,362.11,267.08,human,your_turn,0.367,3.51,25.67,94.35,-51.01,76.24,180.0
Negotiation_45,R3,2026-09-10T05:16:34.876806Z,behavior_monitor,12,381,256,657,818,569,566,625.88,362.11,267.08,system,NA,0.367,3.51,25.67,94.35,-51.01,76.24,180.0
Negotiation_45,R3,2026-09-10T05:16:34.877368Z,human_signal,12,384,258,658,817,569,566,622.84,359.57,266.3,human,your_turn,0.366,3.51,25.67,94.35,-51.01,76.24,180.0
Negotiation_45,R3,2026-09-10T05:16:35.388079Z,behavior_monitor,12,471,312,670,776,518,566,504.42,257.76,259.37,system,NA,0.338,3.51,48.99,120.57,-44.73,99.11,180.0
Negotiation_45,R3,2026-09-10T05:16:35.830431Z,agent_signal,12,530,385,725,744,502,566,408.47,183.41,285.17,agent,i_can,0.31,3.51,74.19,138.35,-27.15,99.11,0.0
Negotiation_45,R3,2026-09-10T05:16:35.898714Z,behavior_monitor,12,533,395,731,741,509,565,398.95,172.41,283.27,system,NA,0.302,3.51,74.19,136.39,-22.98,99.11,0.0
Negotiation_45,R3,2026-09-10T05:16:36.409759Z,behavior_monitor,12,514,497,797,731,499,565,367.57,69.78,341.01,system,NA,0.16,3.51,122.9,129.41,0.0,99.11,180.0
Negotiation_45,R3,2026-09-10T05:16:36.615691Z,shot_hit,12,496,538,826,731,479,565,382.08,31.83,384.39,agent,NA,0.077,3.51,101.11,129.41,0.0,99.11,180.0
Negotiation_45,R3,2026-09-10T05:16:36.616195Z,flight_spawn,13,815,-20,826,731,479,565,751.25,674.82,384.39,system,NA,0.473,2.83,45.0,129.41,0.0,99.11,180.0
Negotiation_45,R3,2026-09-10T05:16:37.688874Z,human_signal,13,911,122,878,707,536,565,585.28,580.06,369.71,human,i_can,0.498,2.83,40.65,137.19,-24.1,76.24,0.0
Negotiation_45,R3,2026-09-10T05:16:37.705720Z,behavior_monitor,13,911,122,878,707,537,565,585.28,579.43,368.81,system,NA,0.497,2.83,40.65,137.46,-24.34,57.18,0.0
Negotiation_45,R3,2026-09-10T05:16:38.217520Z,behavior_monitor,13,979,170,941,678,566,565,509.49,571.43,391.68,system,NA,0.529,2.83,27.03,140.43,-30.2,57.18,0.0
Negotiation_45,R3,2026-09-10T05:16:38.726962Z,behavior_monitor,13,1060,181,996,630,580,565,453.24,614.42,421.54,system,NA,0.575,2.83,0.25,143.15,-42.66,0.0,0.0
Negotiation_45,R3,2026-09-10T05:16:39.238259Z,behavior_monitor,13,1145,182,1050,581,581,566,410.01,681.94,469.15,system,NA,0.625,2.83,0.25,142.3,-43.22,76.24,0.0
Negotiation_45,R3,2026-09-10T05:16:39.748887Z,behavior_monitor,13,1209,221,1102,531,619,565,327.58,682.56,484.86,system,NA,0.676,2.83,52.25,140.74,-40.73,64.44,-8.36
Negotiation_45,R3,2026-09-10T05:16:40.260077Z,behavior_monitor,13,1274,261,1161,490,658,564,256.15,686.76,508.29,system,NA,0.728,2.83,28.76,137.69,-26.89,76.24,0.0
Negotiation_45,R3,2026-09-10T05:16:40.771260Z,behavior_monitor,13,1347,301,1226,480,696,563,215.6,701.8,536.76,system,NA,0.765,2.83,28.76,129.41,0.0,76.24,0.0
Negotiation_45,R3,2026-09-10T05:16:41.281780Z,behavior_monitor,13,1398,365,1292,480,735,563,156.19,691.67,563.4,system,NA,0.816,2.83,57.34,129.41,0.0,76.24,0.0
Negotiation_45,R3,2026-09-10T05:16:41.332729Z,agent_signal,13,1404,374,1301,480,739,563,147.28,690.95,568.26,agent,your_turn,0.824,2.83,57.34,129.41,0.0,76.24,0.0
Negotiation_45,R3,2026-09-10T05:16:41.792191Z,behavior_monitor,13,1421,442,1358,480,765,563,73.49,666.98,598.61,system,NA,0.901,2.83,134.12,129.41,0.0,57.18,0.0
Negotiation_45,R3,2026-09-10T05:16:42.064071Z,shot_hit,13,1381,464,1393,480,781,563,20.27,608.73,618.53,human,NA,0.968,2.83,179.01,129.41,0.0,57.18,0.0
Negotiation_45,R3,2026-09-10T05:16:42.064790Z,flight_spawn,14,1422,-20,1393,480,781,563,501.3,867.58,618.53,system,NA,0.634,2.89,46.19,129.41,0.0,57.18,0.0
Negotiation_45,R3,2026-09-10T05:16:43.170814Z,human_signal,14,1352,79,1300,496,837,564,420.85,707.76,468.09,human,i_can,0.627,2.41,169.88,67.31,180.0,76.24,0.0
Negotiation_45,R3,2026-09-10T05:16:43.187315Z,behavior_monitor,14,1352,79,1300,496,838,564,420.85,707.05,467.12,system,NA,0.627,2.41,169.88,37.43,180.0,57.18,0.0
Negotiation_45,R3,2026-09-10T05:16:43.699822Z,behavior_monitor,14,1289,106,1275,474,867,564,367.97,622.94,417.52,system,NA,0.629,2.41,178.37,137.07,-142.37,57.18,0.0
Negotiation_45,R3,2026-09-10T05:16:44.209966Z,behavior_monitor,14,1217,122,1223,473,873,565,351.64,560.84,361.57,system,NA,0.615,2.41,174.29,143.07,122.0,0.0,26.29
Negotiation_45,R3,2026-09-10T05:16:44.720368Z,behavior_monitor,14,1150,133,1184,535,891,565,403.41,503.15,294.38,system,NA,0.555,2.41,146.34,143.72,123.79,76.24,0.0
Negotiation_45,R3,2026-09-10T05:16:45.230501Z,behavior_monitor,14,1092,172,1160,525,930,565,360.12,425.41,233.96,system,NA,0.542,2.41,170.21,135.84,-26.34,76.24,0.0
Negotiation_45,R3,2026-09-10T05:16:45.742768Z,behavior_monitor,14,1031,211,1215,506,968,565,347.72,359.65,253.48,system,NA,0.508,2.41,121.54,129.41,-90.0,76.24,0.0
Negotiation_45,R3,2026-09-10T05:16:46.253014Z,behavior_monitor,14,967,239,1165,469,964,565,303.63,325.79,222.29,system,NA,0.518,2.41,159.43,129.41,180.0,76.24,180.0
Negotiation_45,R3,2026-09-10T05:16:46.764884Z,behavior_monitor,14,906,270,1099,469,926,566,277.49,295.85,198.1,system,NA,0.516,2.41,162.32,122.22,180.0,72.0,180.0
Negotiation_45,R3,2026-09-10T05:16:47.276021Z,behavior_monitor,14,839,291,1033,469,886,565,263.54,278.04,175.68,system,NA,0.513,2.41,170.09,122.22,180.0,72.0,180.0
Negotiation_45,R3,2026-09-10T05:16:47.787583Z,behavior_monitor,14,759,304,967,469,846,566,266.17,276.4,154.5,system,NA,0.509,2.41,170.09,129.41,180.0,76.24,180.0
Negotiation_45,R3,2026-09-10T05:16:47.889507Z,human_signal,14,745,306,954,469,838,565,264.9,275.23,150.47,human,your_turn,0.51,2.41,161.02,129.41,180.0,76.24,180.0
Negotiation_45,R3,2026-09-10T05:16:47.890614Z,human_signal,14,743,307,952,469,838,565,263.88,275.01,148.78,human,your_turn,0.51,2.41,161.02,129.41,180.0,76.24,180.0
Negotiation_45,R3,2026-09-10T05:16:48.297657Z,behavior_monitor,14,689,318,901,469,797,565,260.44,270.38,141.17,system,NA,0.509,2.41,163.99,129.41,180.0,99.11,180.0
Negotiation_45,R3,2026-09-10T05:16:48.808520Z,behavior_monitor,14,634,362,835,462,747,565,224.15,232.31,135.71,system,NA,0.509,2.41,166.56,136.19,-161.85,99.11,180.0
Negotiation_45,R3,2026-09-10T05:16:49.285608Z,agent_signal,14,567,382,843,459,700,565,286.06,226.02,178.53,agent,i_can,0.441,2.41,141.67,129.41,0.0,99.11,180.0
Negotiation_45,R3,2026-09-10T05:16:49.319656Z,behavior_monitor,14,565,384,845,459,696,565,289.61,223.94,183.03,system,NA,0.436,2.41,112.74,129.41,0.0,99.11,180.0
Negotiation_45,R3,2026-09-10T05:16:49.829235Z,behavior_monitor,14,549,452,891,506,646,565,345.81,149.2,252.04,system,NA,0.301,2.41,114.33,136.11,69.13,99.11,180.0
Negotiation_45,R3,2026-09-10T05:16:50.338034Z,behavior_monitor,14,522,518,898,572,594,566,380.22,87.06,303.75,system,NA,0.186,2.41,114.33,149.72,123.4,99.11,180.0
Negotiation_45,R3,2026-09-10T05:16:50.831474Z,shot_hit,14,512,588,841,613,544,582,329.91,31.96,299.12,agent,NA,0.088,2.41,88.61,138.52,153.51,169.61,125.75
Negotiation_45,R3,2026-09-10T05:16:50.832477Z,flight_spawn,15,1061,-20,841,613,544,582,670.97,794.14,299.12,system,NA,0.542,2.83,45.0,138.52,153.51,169.61,125.75
Negotiation_45,R3,2026-09-10T05:16:51.614994Z,human_signal,15,1098,99,797,637,577,566,615.71,698.79,230.74,human,i_can,0.532,2.83,74.15,135.67,-35.97,76.24,0.0
Negotiation_45,R3,2026-09-10T05:16:51.631390Z,behavior_monitor,15,1098,99,797,637,578,566,615.71,698.07,229.82,system,NA,0.531,2.83,74.15,136.6,-33.58,57.18,0.0
Negotiation_45,R3,2026-09-10T05:16:52.142232Z,behavior_monitor,15,1108,181,861,610,607,566,495.05,631.44,257.23,system,NA,0.561,2.83,95.23,135.79,-19.17,57.18,0.0
Negotiation_45,R3,2026-09-10T05:16:52.652982Z,behavior_monitor,15,1094,264,926,587,622,566,363.88,560.35,305.18,system,NA,0.606,2.83,120.93,135.79,-19.17,0.0,-3.13
Negotiation_45,R3,2026-09-10T05:16:53.164419Z,behavior_monitor,15,1026,306,992,565,622,567,261.28,481.21,369.96,system,NA,0.648,2.83,170.46,134.83,-17.7,0.0,104.68
Negotiation_45,R3,2026-09-10T05:16:53.180952Z,agent_signal,15,1020,307,996,564,622,567,257.77,475.43,374.34,agent,your_turn,0.648,2.83,170.46,134.71,-17.54,0.0,104.68
Negotiation_45,R3,2026-09-10T05:16:53.675374Z,behavior_monitor,15,946,326,1042,553,649,566,245.99,381.2,393.05,system,NA,0.608,2.83,167.13,78.77,-90.0,57.18,0.0
Negotiation_45,R3,2026-09-10T05:16:54.186701Z,behavior_monitor,15,870,352,1001,500,666,566,197.23,296.15,341.36,system,NA,0.6,2.83,140.78,135.29,-152.39,0.0,49.91
Negotiation_45,R3,2026-09-10T05:16:54.696876Z,behavior_monitor,15,811,412,935,500,676,565,152.11,204.13,267.17,system,NA,0.573,2.83,119.58,128.28,162.32,72.0,0.0
Negotiation_45,R3,2026-09-10T05:16:55.157757Z,human_signal,15,754,463,896,539,710,565,160.85,110.62,187.69,human,your_turn,0.407,2.83,175.61,129.41,90.0,76.24,0.0
Negotiation_45,R3,2026-09-10T05:16:55.158937Z,human_signal,15,751,464,896,541,710,565,164.17,109.38,187.39,human,your_turn,0.4,2.83,175.61,129.41,90.0,76.24,0.0
Negotiation_45,R3,2026-09-10T05:16:55.208114Z,behavior_monitor,15,744,464,896,545,715,565,171.86,105.15,181.85,system,NA,0.38,2.83,175.61,129.41,90.0,99.11,0.0
Negotiation_45,R3,2026-09-10T05:16:55.717918Z,behavior_monitor,15,658,471,896,611,673,565,276.52,95.69,227.65,system,NA,0.257,2.83,175.61,129.41,90.0,99.11,180.0
Negotiation_45,R3,2026-09-10T05:16:56.161190Z,agent_signal,15,586,495,860,661,629,565,320.58,82.4,249.92,agent,i_can,0.204,2.83,155.64,142.71,139.11,99.11,180.0
Negotiation_45,R3,2026-09-10T05:16:56.229696Z,behavior_monitor,15,579,499,853,667,623,565,321.47,79.55,251.52,system,NA,0.198,2.83,155.64,142.11,141.86,99.11,180.0
Negotiation_45,R3,2026-09-10T05:16:56.739280Z,behavior_monitor,15,504,531,794,710,572,566,340.62,76.25,264.68,system,NA,0.183,2.83,152.51,141.61,144.28,99.11,180.0
Negotiation_45,R3,2026-09-10T05:16:57.250698Z,behavior_monitor,15,463,599,735,751,522,589,311.77,59.67,267.39,system,NA,0.161,2.83,101.87,140.98,147.96,169.61,125.75
Negotiation_45,R3,2026-09-10T05:16:57.573022Z,shot_hit,15,486,648,694,776,488,636,244.44,12.46,248.79,agent,NA,0.049,2.83,51.63,140.58,148.84,169.61,125.75
Negotiation_45,R3,2026-09-10T05:16:57.573627Z,flight_spawn,16,877,-20,694,776,488,636,817.01,762.93,248.79,system,NA,0.483,3.42,54.21,140.58,148.84,169.61,125.75
Negotiation_45,R3,2026-09-10T05:16:58.268343Z,human_signal,16,933,104,655,798,521,591,747.63,637.41,246.75,human,i_can,0.46,3.42,52.24,134.23,-35.35,130.47,-54.25
Negotiation_45,R3,2026-09-10T05:16:58.284999Z,behavior_monitor,16,933,104,655,798,522,589,747.63,635.75,247.36,system,NA,0.46,3.42,52.24,136.35,-34.92,97.85,-54.25
Negotiation_45,R3,2026-09-10T05:16:58.791298Z,behavior_monitor,16,1006,173,715,762,551,566,657.02,601.22,256.19,system,NA,0.478,3.42,27.47,138.71,-28.75,57.18,0.0
Negotiation_45,R3,2026-09-10T05:16:59.302571Z,behavior_monitor,16,1104,183,778,728,564,566,635.94,661.99,268.13,system,NA,0.51,3.42,0.25,138.75,-28.67,0.0,0.0
Negotiation_45,R3,2026-09-10T05:16:59.812847Z,behavior_monitor,16,1197,226,840,694,564,565,588.71,717.36,304.23,system,NA,0.549,3.42,47.26,139.33,-28.54,0.0,-147.94
Negotiation_45,R3,2026-09-10T05:17:00.322869Z,behavior_monitor,16,1288,264,902,661,593,565,553.27,757.23,323.59,system,NA,0.578,3.42,6.11,139.33,-28.54,76.24,0.0
Negotiation_45,R3,2026-09-10T05:17:00.799949Z,agent_signal,16,1368,312,962,628,630,564,513.91,779.81,338.25,agent,your_turn,0.603,3.42,71.28,139.33,-28.54,76.24,0.0
Negotiation_45,R3,2026-09-10T05:17:00.834719Z,behavior_monitor,16,1368,315,965,627,632,564,509.88,777.27,338.17,system,NA,0.604,3.42,71.28,139.33,-28.54,57.18,0.0
Negotiation_45,R3,2026-09-10T05:17:01.344469Z,behavior_monitor,16,1399,403,1027,593,661,564,417.59,755.87,367.54,system,NA,0.644,3.42,103.14,139.33,-28.54,57.18,0.0
Negotiation_45,R3,2026-09-10T05:17:01.855590Z,behavior_monitor,16,1336,486,1090,560,673,564,256.8,667.16,416.69,system,NA,0.722,3.42,127.13,136.73,-22.42,0.0,0.0
Negotiation_45,R3,2026-09-10T05:17:02.367392Z,behavior_monitor,16,1270,565,1140,587,678,564,131.22,591.51,462.76,system,NA,0.818,3.42,123.58,135.58,64.87,76.24,0.0
Negotiation_45,R3,2026-09-10T05:17:02.877100Z,behavior_monitor,16,1213,650,1169,650,694,584,43.93,523.41,479.84,system,NA,0.923,3.42,123.58,135.79,65.77,0.0,54.25
Negotiation_45,R3,2026-09-10T05:17:03.046890Z,shot_hit,16,1195,679,1178,671,703,596,18.74,499.09,480.95,human,NA,0.964,3.42,123.58,134.52,67.18,130.47,54.25
Negotiation_45,R3,2026-09-10T05:17:03.047174Z,flight_spawn,17,393,-20,1178,671,703,596,1046.51,690.47,480.95,system,NA,0.398,2.83,135.0,134.52,67.18,130.47,54.25
Negotiation_45,R3,2026-09-10T05:17:03.795387Z,human_signal,17,422,91,1162,762,668,565,999.03,534.14,532.26,human,your_turn,0.348,2.83,51.96,145.67,139.32,76.24,180.0
Negotiation_45,R3,2026-09-10T05:17:03.796461Z,behavior_monitor,17,422,91,1162,762,668,565,999.03,534.14,532.26,system,NA,0.348,2.83,51.96,146.09,139.24,76.24,180.0
Negotiation_45,R3,2026-09-10T05:17:03.796903Z,human_signal,17,424,93,1161,763,668,565,995.47,531.07,531.11,human,your_turn,0.348,2.83,51.96,146.09,139.24,76.24,180.0
Negotiation_45,R3,2026-09-10T05:17:04.305765Z,behavior_monitor,17,493,129,1106,808,617,565,915.17,453.84,546.05,system,NA,0.332,2.83,7.09,144.35,153.71,99.11,180.0
Negotiation_45,R3,2026-09-10T05:17:04.815516Z,behavior_monitor,17,577,146,1041,798,566,566,799.46,419.36,528.43,system,NA,0.344,2.83,4.97,138.8,-150.41,99.11,180.0
Negotiation_45,R3,2026-09-10T05:17:05.324883Z,behavior_monitor,17,656,163,982,757,609,566,677.5,405.67,419.46,system,NA,0.375,2.83,22.58,141.21,-144.16,108.09,0.82
Negotiation_45,R3,2026-09-10T05:17:05.836469Z,behavior_monitor,17,709,226,924,714,659,566,533.84,343.39,303.51,system,NA,0.391,2.83,70.82,141.37,-144.08,99.11,0.0
Negotiation_45,R3,2026-09-10T05:17:06.347937Z,behavior_monitor,17,756,294,865,677,710,565,398.32,275.47,191.27,system,NA,0.409,2.83,50.5,110.12,180.0,99.11,0.0
Negotiation_45,R3,2026-09-10T05:17:06.859880Z,behavior_monitor,17,804,358,861,677,759,566,323.82,212.24,150.59,system,NA,0.396,2.83,23.98,0.0,180.0,99.11,0.0
Negotiation_45,R3,2026-09-10T05:17:07.130006Z,agent_signal,17,850,369,880,685,787,565,317.53,206.34,151.65,agent,i_can,0.394,2.83,5.49,137.66,19.94,99.11,0.0
Negotiation_45,R3,2026-09-10T05:17:07.368555Z,behavior_monitor,17,886,378,909,689,810,565,311.51,201.55,158.22,system,NA,0.393,2.83,20.79,129.41,0.0,99.11,0.0
Negotiation_45,R3,2026-09-10T05:17:07.879545Z,behavior_monitor,17,971,396,975,689,861,566,292.42,202.04,167.67,system,NA,0.409,2.83,31.01,129.41,0.0,99.11,0.0
Negotiation_45,R3,2026-09-10T05:17:08.253849Z,human_signal,17,1015,443,1025,689,898,566,245.95,169.2,177.12,human,i_can,0.408,2.83,39.5,129.41,0.0,99.11,0.0
Negotiation_45,R3,2026-09-10T05:17:08.389022Z,behavior_monitor,17,1025,459,1041,689,906,565,230.21,159.71,182.91,system,NA,0.41,2.83,90.6,129.41,0.0,57.18,0.0
Negotiation_45,R3,2026-09-10T05:17:08.900758Z,behavior_monitor,17,1025,544,1067,692,935,565,154.2,92.26,183.55,system,NA,0.374,2.83,90.6,139.13,155.7,57.18,0.0
Negotiation_45,R3,2026-09-10T05:17:09.037144Z,agent_signal,17,1027,569,1050,701,942,565,133.91,84.81,174.24,agent,your_turn,0.388,2.83,90.6,140.85,150.02,0.0,0.0
Negotiation_45,R3,2026-09-10T05:17:09.410731Z,behavior_monitor,17,1042,625,1006,724,963,593,105.01,84.62,138.12,system,NA,0.446,2.83,66.53,99.07,150.67,97.85,54.25
Negotiation_45,R3,2026-09-10T05:17:09.921332Z,behavior_monitor,17,1046,708,1042,737,987,623,28.96,103.45,126.35,system,NA,0.781,2.83,114.4,39.39,180.0,0.0,54.25
Negotiation_45,R3,2026-09-10T05:17:09.955020Z,shot_hit,17,1043,713,1041,737,986,623,23.74,106.71,125.93,human,NA,0.818,2.83,114.4,39.39,180.0,0.0,54.25
Negotiation_45,R3,2026-09-10T05:17:09.955568Z,flight_spawn,18,1066,-20,1041,737,986,623,757.92,648.76,125.93,system,NA,0.461,2.83,45.0,39.39,180.0,0.0,54.25
Negotiation_45,R3,2026-09-10T05:17:10.874784Z,human_signal,18,1129,120,1010,801,1031,566,690.89,456.24,235.86,human,i_can,0.398,2.83,68.7,69.58,0.0,76.24,0.0
Negotiation_45,R3,2026-09-10T05:17:10.891615Z,behavior_monitor,18,1129,120,1010,801,1032,566,690.89,456.03,235.95,system,NA,0.398,2.83,68.7,82.24,-27.3,57.18,0.0
Negotiation_45,R3,2026-09-10T05:17:11.164887Z,human_signal,18,1148,162,1031,792,1048,566,640.7,415.9,226.89,human,your_turn,0.394,2.83,68.7,74.88,0.0,57.18,0.0
Negotiation_45,R3,2026-09-10T05:17:11.166153Z,human_signal,18,1149,165,1032,792,1048,566,638.06,413.45,226.84,human,your_turn,0.393,2.83,68.7,42.68,0.0,57.18,0.0
Negotiation_45,R3,2026-09-10T05:17:11.402556Z,behavior_monitor,18,1162,199,1032,792,1072,566,607.19,377.77,229.75,system,NA,0.384,2.83,68.7,0.0,0.0,99.11,0.0
Negotiation_45,R3,2026-09-10T05:17:11.913874Z,behavior_monitor,18,1223,251,1026,735,1123,566,522.2,330.4,194.57,system,NA,0.388,2.83,0.07,122.22,-90.0,93.6,0.0
Negotiation_45,R3,2026-09-10T05:17:12.422923Z,behavior_monitor,18,1310,251,1026,669,1174,566,504.92,343.29,179.6,system,NA,0.405,2.83,0.07,128.97,-90.0,99.11,0.0
Negotiation_45,R3,2026-09-10T05:17:12.935197Z,behavior_monitor,18,1382,279,1026,635,1224,567,503.43,327.9,209.59,system,NA,0.394,2.83,53.56,37.53,-90.0,99.11,0.0
Negotiation_45,R3,2026-09-10T05:17:13.139650Z,agent_signal,18,1403,310,1026,627,1245,567,492.78,301.86,226.54,agent,i_can,0.38,2.83,74.51,35.2,-90.0,99.11,0.0
Negotiation_45,R3,2026-09-10T05:17:13.446042Z,behavior_monitor,18,1415,356,1026,620,1275,566,469.27,252.73,253.88,system,NA,0.35,2.83,74.51,0.0,-90.0,99.11,0.0
Negotiation_45,R3,2026-09-10T05:17:13.955004Z,behavior_monitor,18,1446,426,1049,667,1324,565,464.24,184.87,292.91,system,NA,0.285,2.83,23.75,138.22,62.91,99.11,0.0
Negotiation_45,R3,2026-09-10T05:17:14.465425Z,behavior_monitor,18,1417,473,1081,730,1374,565,422.58,101.19,336.19,system,NA,0.193,1.93,144.14,138.93,62.68,99.11,0.0
Negotiation_45,R3,2026-09-10T05:17:14.974128Z,behavior_monitor,18,1367,506,1091,779,1351,565,387.47,60.6,336.48,system,NA,0.135,1.93,145.4,87.98,132.64,105.3,180.0
Negotiation_45,R3,2026-09-10T05:17:15.213135Z,shot_miss,18,1343,523,1065,786,1326,565,383.04,45.53,341.97,agent,NA,0.106,1.93,145.4,129.41,180.0,99.11,180.0
Negotiation_45,R3,2026-09-10T05:17:15.485088Z,behavior_monitor,18,1321,539,1032,786,1305,565,380.52,30.48,351.55,system,NA,0.074,1.93,123.88,129.41,180.0,99.11,180.0
Negotiation_45,R3,2026-09-10T05:17:15.519308Z,shot_hit,18,1318,544,1026,786,1302,565,380.22,26.8,354.06,agent,NA,0.066,1.93,123.88,129.41,180.0,99.11,180.0
Negotiation_45,R3,2026-09-10T05:17:15.520273Z,flight_spawn,19,1035,-20,1026,786,1302,565,806.95,643.38,354.06,system,NA,0.444,2.83,135.0,129.41,180.0,99.11,180.0
Negotiation_45,R3,2026-09-10T05:17:16.489671Z,human_signal,19,920,92,900,786,1259,564,694.81,581.47,422.43,human,i_can,0.456,2.83,155.26,129.41,180.0,76.24,180.0
Negotiation_45,R3,2026-09-10T05:17:16.506420Z,behavior_monitor,19,920,92,900,786,1259,564,694.81,580.9,421.6,system,NA,0.455,2.83,155.26,129.41,180.0,57.18,180.0
Negotiation_45,R3,2026-09-10T05:17:17.016578Z,behavior_monitor,19,845,123,834,786,1229,564,663.77,585.54,453.33,system,NA,0.469,2.83,173.99,129.41,180.0,57.18,180.0
Negotiation_45,R3,2026-09-10T05:17:17.526749Z,behavior_monitor,19,764,132,768,786,1216,565,654.81,626.03,499.42,system,NA,0.489,2.83,173.99,129.41,180.0,0.0,180.0
Negotiation_45,R3,2026-09-10T05:17:18.036008Z,behavior_monitor,19,686,145,702,786,1216,565,641.83,676.73,558.99,system,NA,0.513,2.83,179.67,129.41,180.0,0.0,140.97
Negotiation_45,R3,2026-09-10T05:17:18.548477Z,behavior_monitor,19,604,165,636,786,1179,565,622.73,700.79,585.66,system,NA,0.529,2.83,152.65,129.41,180.0,76.24,180.0
Negotiation_45,R3,2026-09-10T05:17:19.056952Z,behavior_monitor,19,556,232,570,786,1140,566,554.59,672.33,610.8,system,NA,0.548,2.83,120.01,129.41,180.0,76.24,180.0
Negotiation_45,R3,2026-09-10T05:17:19.564832Z,behavior_monitor,19,499,286,504,786,1101,566,499.98,663.56,636.05,system,NA,0.57,2.83,161.39,129.41,180.0,76.24,180.0
Negotiation_45,R3,2026-09-10T05:17:20.076123Z,behavior_monitor,19,416,305,438,786,1061,566,481.96,695.95,660.97,system,NA,0.591,2.83,173.3,129.41,180.0,76.24,180.0
Negotiation_45,R3,2026-09-10T05:17:20.586999Z,behavior_monitor,19,336,318,372,786,1022,565,469.51,729.12,686.15,system,NA,0.608,2.83,176.09,129.41,180.0,76.24,180.0
Negotiation_45,R3,2026-09-10T05:17:20.621254Z,agent_signal,19,328,319,366,786,1019,565,468.99,733.38,689.94,agent,your_turn,0.61,2.83,176.09,129.41,180.0,76.24,180.0
Negotiation_45,R3,2026-09-10T05:17:21.097140Z,behavior_monitor,19,259,336,306,785,992,566,452.16,768.55,719.84,system,NA,0.63,2.83,176.51,133.88,-165.16,57.18,180.0
Negotiation_45,R3,2026-09-10T05:17:21.607188Z,behavior_monitor,19,178,354,245,751,975,566,402.66,825.01,753.12,system,NA,0.672,2.83,179.52,142.31,-139.63,0.0,180.0
Negotiation_45,R3,2026-09-10T05:17:22.116613Z,behavior_monitor,19,99,385,190,703,965,566,331.73,885.28,786.82,system,NA,0.727,2.83,154.68,142.54,-138.78,76.24,180.0
Negotiation_45,R3,2026-09-10T05:17:22.627685Z,behavior_monitor,19,23,410,136,656,926,565,270.22,916.76,796.05,system,NA,0.772,2.83,176.84,142.54,-138.78,76.24,180.0
Negotiation_45,R3,2026-09-10T05:17:23.139727Z,behavior_monitor,19,45,443,90,605,888,565,168.18,851.34,799.1,system,NA,0.835,1.7,89.31,118.93,-90.0,76.24,180.0
Negotiation_45,R3,2026-09-10T05:17:23.650113Z,behavior_monitor,19,45,494,86,541,849,565,62.65,807.17,762.79,system,NA,0.928,1.7,114.34,128.77,-137.14,76.24,180.0
Negotiation_45,R3,2026-09-10T05:17:23.854750Z,shot_miss,19,35,513,61,539,833,565,36.78,800.47,773.1,human,NA,0.956,1.7,114.34,129.41,180.0,76.24,180.0
Negotiation_45,R3,2026-09-10T05:17:24.162386Z,behavior_monitor,19,20,538,22,535,810,566,3.3,789.93,788.2,system,NA,0.996,1.7,117.19,128.14,180.0,76.24,180.0
Negotiation_45,R3,2026-09-10T05:17:24.247228Z,shot_hit,19,20,546,20,535,803,566,10.93,783.12,784.23,human,NA,0.986,1.7,64.92,0.0,180.0,76.24,180.0
Negotiation_45,R3,2026-09-10T05:17:24.248212Z,flight_spawn,20,1134,-20,20,535,803,566,1244.86,672.81,784.23,system,NA,0.351,2.98,47.82,0.0,180.0,76.24,180.0
Negotiation_45,R3,2026-09-10T05:17:25.147085Z,human_signal,20,1266,54,76,528,841,566,1281.14,665.52,765.9,human,your_turn,0.342,2.98,26.06,129.41,0.0,76.24,0.0
Negotiation_45,R3,2026-09-10T05:17:25.148168Z,behavior_monitor,20,1266,54,76,528,841,566,1281.14,665.52,765.9,system,NA,0.342,2.98,26.06,129.41,0.0,76.24,0.0
Negotiation_45,R3,2026-09-10T05:17:25.148618Z,human_signal,20,1269,55,78,528,841,566,1281.68,666.63,763.7,human,your_turn,0.342,2.98,26.06,129.41,0.0,76.24,0.0
Negotiation_45,R3,2026-09-10T05:17:25.657132Z,behavior_monitor,20,1327,114,142,528,891,566,1255.68,627.76,750.62,system,NA,0.333,2.98,48.66,129.41,0.0,108.72,-2.16
Negotiation_45,R3,2026-09-10T05:17:26.168096Z,behavior_monitor,20,1402,159,208,542,941,565,1254.48,613.82,734.14,system,NA,0.329,2.98,26.45,136.97,19.13,99.11,0.0
Negotiation_45,R3,2026-09-10T05:17:26.671879Z,behavior_monitor,20,1432,200,273,568,992,565,1215.85,571.43,718.78,system,NA,0.32,1.98,169.7,137.89,22.6,99.11,0.0
Negotiation_45,R3,2026-09-10T05:17:27.181681Z,behavior_monitor,20,1378,213,338,595,1043,565,1107.55,486.1,705.05,system,NA,0.305,1.98,169.39,137.99,23.18,99.11,0.0
Negotiation_45,R3,2026-09-10T05:17:27.693577Z,behavior_monitor,20,1322,224,402,625,1094,565,1003.75,410.05,694.36,system,NA,0.29,1.98,148.16,138.07,25.66,99.11,0.0
Negotiation_45,R3,2026-09-10T05:17:28.203113Z,behavior_monitor,20,1290,269,465,655,1144,565,910.31,329.25,684.85,system,NA,0.266,1.98,64.54,138.07,25.66,99.11,0.0
Negotiation_45,R3,2026-09-10T05:17:28.560598Z,agent_signal,20,1309,309,512,678,1179,564,878.3,286.89,676.45,agent,i_can,0.246,1.98,64.54,137.61,25.25,80.92,-4.24
Negotiation_45,R3,2026-09-10T05:17:28.713216Z,behavior_monitor,20,1318,323,529,686,1194,564,868.37,271.37,675.79,system,NA,0.238,1.98,64.54,137.16,24.86,99.11,0.0
Negotiation_45,R3,2026-09-10T05:17:29.224479Z,behavior_monitor,20,1332,379,578,707,1244,564,822.38,204.94,681.08,system,NA,0.199,1.98,94.29,0.0,0.0,99.11,0.0
Negotiation_45,R3,2026-09-10T05:17:29.734265Z,behavior_monitor,20,1327,439,578,707,1294,564,795.11,129.38,730.2,system,NA,0.14,1.98,94.29,0.0,0.0,99.11,0.0
Negotiation_45,R3,2026-09-10T05:17:30.245157Z,behavior_monitor,20,1312,495,578,707,1296,564,764.1,70.84,731.85,system,NA,0.085,1.98,115.57,0.0,0.0,0.0,180.0
Negotiation_45,R3,2026-09-10T05:17:30.550779Z,shot_miss,20,1296,529,578,707,1278,564,739.27,39.2,714.37,agent,NA,0.05,1.98,115.57,0.0,0.0,99.11,180.0
Negotiation_45,R3,2026-09-10T05:17:30.755164Z,behavior_monitor,20,1287,549,578,707,1270,564,725.96,22.9,706.12,system,NA,0.031,1.98,115.57,0.0,0.0,0.0,180.0
Negotiation_45,R3,2026-09-10T05:17:30.840363Z,shot_hit,20,1281,559,578,707,1265,564,718.53,17.39,701.17,agent,NA,0.024,1.98,115.57,0.0,0.0,0.0,180.0
Negotiation_45,R4,2026-09-10T05:17:35.900219Z,flight_spawn,1,971,-20,578,707,1265,564,826.89,654.13,701.17,system,NA,0.442,3.32,52.98,0.0,0.0,0.0,180.0
Negotiation_45,R4,2026-09-10T05:17:40.206509Z,human_signal,1,1196,85,1159,719,435,657,635.45,952.54,726.79,human,i_can,0.6,3.32,4.06,118.8,-46.68,130.47,-54.25
Negotiation_45,R4,2026-09-10T05:17:40.223061Z,behavior_monitor,1,1196,85,1159,719,436,656,635.45,950.95,725.94,system,NA,0.599,3.32,4.06,117.1,-48.44,97.85,-54.25
Negotiation_45,R4,2026-09-10T05:17:40.733094Z,behavior_monitor,1,1287,114,1189,674,465,616,567.77,963.07,726.34,system,NA,0.629,3.32,49.6,97.08,-66.36,97.85,-54.25
Negotiation_45,R4,2026-09-10T05:17:41.242685Z,behavior_monitor,1,1353,190,1207,623,477,598,456.67,965.49,730.41,system,NA,0.679,3.32,49.6,125.68,-73.37,0.0,118.58
Negotiation_45,R4,2026-09-10T05:17:41.753016Z,behavior_monitor,1,1404,275,1226,561,477,598,337.28,981.77,749.65,system,NA,0.744,3.32,70.48,129.59,-73.88,0.0,123.64
Negotiation_45,R4,2026-09-10T05:17:41.942720Z,agent_signal,1,1416,312,1233,535,491,579,288.98,962.81,743.07,agent,your_turn,0.769,3.32,70.48,130.53,-73.78,130.47,-54.25
Negotiation_45,R4,2026-09-10T05:17:42.264748Z,behavior_monitor,1,1438,366,1251,500,510,567,229.94,949.45,744.55,system,NA,0.805,3.32,50.38,126.26,-40.2,54.0,0.0
Negotiation_45,R4,2026-09-10T05:17:42.774827Z,behavior_monitor,1,1405,445,1316,487,535,565,98.94,878.57,784.85,system,NA,0.899,3.22,156.81,129.41,0.0,0.0,-26.18
Negotiation_45,R4,2026-09-10T05:17:43.047051Z,shot_hit,1,1352,459,1350,487,534,565,28.38,823.96,819.09,human,NA,0.967,3.22,178.96,129.41,0.0,0.0,101.78
Negotiation_45,R4,2026-09-10T05:17:43.047679Z,flight_spawn,2,742,-20,1350,487,534,565,791.91,621.69,819.09,system,NA,0.44,2.83,45.0,129.41,0.0,0.0,101.78
Negotiation_45,R4,2026-09-10T05:17:43.914648Z,human_signal,2,848,84,1287,500,571,565,605.34,555.7,718.83,human,i_can,0.479,2.83,45.0,135.26,163.09,76.24,0.0
Negotiation_45,R4,2026-09-10T05:17:43.930748Z,behavior_monitor,2,848,84,1287,500,572,565,605.34,555.22,717.86,system,NA,0.478,2.83,45.0,135.26,163.09,57.18,0.0
Negotiation_45,R4,2026-09-10T05:17:44.441948Z,behavior_monitor,2,915,123,1221,515,601,565,496.78,542.3,622.08,system,NA,0.522,2.83,4.86,129.41,180.0,57.18,0.0
Negotiation_45,R4,2026-09-10T05:17:44.954498Z,behavior_monitor,2,997,146,1156,515,615,566,402.18,567.49,543.32,system,NA,0.585,2.83,19.05,123.02,180.0,0.0,55.22
Negotiation_45,R4,2026-09-10T05:17:45.464401Z,behavior_monitor,2,1077,175,1137,509,615,566,339.19,604.85,525.03,system,NA,0.641,2.83,21.97,112.08,-90.0,0.0,56.25
Negotiation_45,R4,2026-09-10T05:17:45.974153Z,behavior_monitor,2,1155,207,1137,444,647,565,237.34,621.79,504.53,system,NA,0.724,2.83,21.97,128.76,-90.0,76.24,0.0
Negotiation_45,R4,2026-09-10T05:17:46.486959Z,behavior_monitor,2,1237,239,1191,433,686,565,199.94,640.22,521.58,system,NA,0.762,2.83,21.97,129.41,0.0,76.24,0.0
Negotiation_45,R4,2026-09-10T05:17:46.996336Z,behavior_monitor,2,1306,285,1257,433,726,564,156.23,644.61,547.46,system,NA,0.805,2.83,21.42,129.41,0.0,76.24,0.0
Negotiation_45,R4,2026-09-10T05:17:47.502381Z,behavior_monitor,2,1390,304,1323,433,765,565,145.5,677.81,573.61,system,NA,0.823,2.83,2.64,129.41,0.0,76.24,0.0
Negotiation_45,R4,2026-09-10T05:17:47.740769Z,agent_signal,2,1432,308,1350,433,783,565,150.4,698.63,581.92,agent,your_turn,0.823,2.83,31.65,51.25,0.0,76.24,0.0
Negotiation_45,R4,2026-09-10T05:17:48.013354Z,behavior_monitor,2,1438,330,1350,431,799,565,134.23,681.78,567.71,system,NA,0.836,2.07,134.23,71.07,-135.94,57.18,0.0
Negotiation_45,R4,2026-09-10T05:17:48.523877Z,behavior_monitor,2,1394,374,1355,416,826,565,57.23,598.86,549.35,system,NA,0.913,2.07,134.23,41.75,-90.0,0.0,0.0
Negotiation_45,R4,2026-09-10T05:17:48.797594Z,shot_hit,2,1369,398,1355,398,826,565,13.52,567.59,554.67,human,NA,0.977,2.07,134.23,61.78,-90.0,0.0,90.92
Negotiation_45,R4,2026-09-10T05:17:48.798679Z,flight_spawn,3,603,-20,1355,398,826,565,861.26,626.78,554.67,system,NA,0.421,3.25,51.96,61.78,-90.0,0.0,90.92
Negotiation_45,R4,2026-09-10T05:17:49.950097Z,human_signal,3,788,64,1280,446,765,565,623.11,502.06,528.07,human,i_can,0.446,3.25,1.51,140.74,148.2,0.0,180.0
Negotiation_45,R4,2026-09-10T05:17:49.967581Z,behavior_monitor,3,788,64,1280,446,765,565,623.11,502.06,528.07,system,NA,0.446,3.25,1.51,140.3,150.15,0.0,180.0
Negotiation_45,R4,2026-09-10T05:17:50.477262Z,behavior_monitor,3,876,85,1214,472,794,565,513.94,487.29,429.86,system,NA,0.487,3.25,56.1,134.08,164.83,57.18,0.0
Negotiation_45,R4,2026-09-10T05:17:50.987295Z,behavior_monitor,3,938,157,1148,474,808,565,379.78,427.9,352.09,system,NA,0.53,3.25,49.08,129.41,180.0,0.0,0.0
Negotiation_45,R4,2026-09-10T05:17:51.494377Z,behavior_monitor,3,991,237,1082,474,825,565,253.82,367.76,272.61,system,NA,0.592,3.25,73.72,129.41,180.0,76.24,0.0
Negotiation_45,R4,2026-09-10T05:17:51.882514Z,agent_signal,3,1013,312,1059,456,855,565,151.69,298.48,231.39,agent,your_turn,0.663,3.25,73.72,112.33,-126.51,76.24,0.0
Negotiation_45,R4,2026-09-10T05:17:52.001713Z,behavior_monitor,3,1018,330,1053,446,861,565,120.47,281.85,225.62,system,NA,0.701,3.25,73.72,119.26,-117.3,57.18,0.0
Negotiation_45,R4,2026-09-10T05:17:52.343046Z,shot_hit,3,1020,393,1037,410,881,565,23.84,221.55,219.68,human,NA,0.903,3.25,125.13,118.69,-113.17,57.18,0.0
Negotiation_45,R4,2026-09-10T05:17:52.343670Z,flight_spawn,4,807,-20,1037,410,881,565,487.74,589.93,219.68,system,NA,0.547,2.87,134.22,118.69,-113.17,57.18,0.0
Negotiation_45,R4,2026-09-10T05:17:53.225397Z,human_signal,4,667,39,1037,410,867,565,524.08,562.81,230.01,human,your_turn,0.518,2.87,157.01,0.0,-113.17,76.24,180.0
Negotiation_45,R4,2026-09-10T05:17:53.226371Z,behavior_monitor,4,667,39,1037,410,867,565,524.08,562.81,230.01,system,NA,0.518,2.87,157.01,0.0,-113.17,76.24,180.0
Negotiation_45,R4,2026-09-10T05:17:53.226687Z,human_signal,4,663,40,1037,410,867,565,525.7,562.99,230.01,human,your_turn,0.517,2.87,157.01,0.0,-113.17,76.24,180.0
Negotiation_45,R4,2026-09-10T05:17:53.734742Z,behavior_monitor,4,584,68,1033,410,816,564,564.12,547.32,266.82,system,NA,0.492,2.87,178.8,88.56,180.0,99.11,180.0
Negotiation_45,R4,2026-09-10T05:17:54.243946Z,behavior_monitor,4,499,70,976,410,765,564,585.74,561.2,261.66,system,NA,0.489,2.87,178.8,0.0,180.0,99.11,180.0
Negotiation_45,R4,2026-09-10T05:17:54.755268Z,behavior_monitor,4,418,77,976,410,715,564,650.08,570.55,303.57,system,NA,0.467,2.87,151.33,0.0,180.0,99.11,180.0
Negotiation_45,R4,2026-09-10T05:17:55.264035Z,behavior_monitor,4,370,147,935,427,664,564,630.03,510.51,303.05,system,NA,0.448,2.87,103.82,128.36,150.09,99.11,180.0
Negotiation_45,R4,2026-09-10T05:17:55.771974Z,behavior_monitor,4,343,229,878,461,614,564,583.15,431.34,282.69,system,NA,0.425,2.87,83.08,131.38,148.19,99.11,180.0
Negotiation_45,R4,2026-09-10T05:17:56.284618Z,behavior_monitor,4,382,299,821,498,564,564,481.73,322.21,265.08,system,NA,0.401,2.87,29.01,132.52,147.41,99.11,180.0
Negotiation_45,R4,2026-09-10T05:17:56.386625Z,agent_signal,4,398,308,807,506,554,565,454.4,299.87,260.21,agent,i_can,0.398,2.87,29.01,132.67,147.3,99.11,180.0
Negotiation_45,R4,2026-09-10T05:17:56.796306Z,behavior_monitor,4,458,340,769,530,513,564,364.17,230.62,258.16,system,NA,0.388,2.87,29.01,0.0,180.0,99.11,180.0
Negotiation_45,R4,2026-09-10T05:17:57.306800Z,behavior_monitor,4,538,355,769,530,504,565,289.37,212.15,266.91,system,NA,0.423,2.87,23.1,0.0,180.0,99.11,0.0
Negotiation_45,R4,2026-09-10T05:17:57.820106Z,behavior_monitor,4,614,385,769,530,554,564,212.31,188.98,216.97,system,NA,0.471,2.87,48.32,0.0,180.0,99.11,0.0
Negotiation_45,R4,2026-09-10T05:17:58.331710Z,behavior_monitor,4,678,444,769,543,605,564,134.68,141.17,165.53,system,NA,0.512,2.87,70.73,129.41,90.0,99.11,0.0
Negotiation_45,R4,2026-09-10T05:17:58.705473Z,human_signal,4,688,508,759,594,642,565,111.44,72.71,120.54,human,i_can,0.395,2.87,92.38,129.41,90.0,99.11,0.0
Negotiation_45,R4,2026-09-10T05:17:58.843698Z,behavior_monitor,4,686,528,759,609,650,565,108.7,51.77,117.88,system,NA,0.323,2.87,92.38,129.41,90.0,57.18,0.0
Negotiation_45,R4,2026-09-10T05:17:58.997993Z,shot_hit,4,672,553,759,631,655,565,116.89,21.2,123.34,agent,NA,0.153,2.87,122.15,129.41,90.0,0.0,0.0
Negotiation_45,R4,2026-09-10T05:17:58.998903Z,flight_spawn,5,597,-20,759,631,655,565,671.31,588.44,123.34,system,NA,0.467,2.83,45.0,129.41,90.0,0.0,0.0
Negotiation_45,R4,2026-09-10T05:18:01.231975Z,human_signal,5,864,208,927,616,764,565,412.65,370.57,170.6,human,i_can,0.473,2.83,61.4,128.56,-23.04,72.0,0.0
Negotiation_45,R4,2026-09-10T05:18:01.249622Z,behavior_monitor,5,864,208,927,616,765,565,412.65,370.31,169.68,system,NA,0.473,2.83,61.4,136.05,-22.97,57.18,0.0
Negotiation_45,R4,2026-09-10T05:18:01.760246Z,behavior_monitor,5,929,261,991,589,795,565,334.14,332.09,197.47,system,NA,0.498,2.83,35.41,136.11,-22.59,57.18,0.0
Negotiation_45,R4,2026-09-10T05:18:02.270433Z,behavior_monitor,5,1009,282,1055,560,810,565,281.94,345.95,245.61,system,NA,0.551,2.83,7.33,140.13,-28.69,0.0,0.0
Negotiation_45,R4,2026-09-10T05:18:02.780141Z,behavior_monitor,5,1088,293,1116,522,809,565,230.52,389.81,310.39,system,NA,0.628,2.83,7.33,141.24,-33.6,0.0,131.14
Negotiation_45,R4,2026-09-10T05:18:03.291654Z,behavior_monitor,5,1170,304,1176,481,836,565,177.71,424.31,350.02,system,NA,0.705,2.83,7.33,133.73,-34.09,72.0,0.0
Negotiation_45,R4,2026-09-10T05:18:03.751991Z,agent_signal,5,1249,314,1232,444,850,565,130.9,471.48,400.59,agent,your_turn,0.783,2.83,7.33,141.62,-33.72,76.24,0.0
Negotiation_45,R4,2026-09-10T05:18:03.803194Z,behavior_monitor,5,1254,315,1236,441,853,565,127.67,472.09,401.9,system,NA,0.787,2.83,7.33,141.24,-33.15,57.18,0.0
Negotiation_45,R4,2026-09-10T05:18:04.312702Z,behavior_monitor,5,1335,330,1297,404,882,565,83.44,510.24,444.56,system,NA,0.859,2.83,13.4,138.52,-27.58,57.18,0.0
Negotiation_45,R4,2026-09-10T05:18:04.822245Z,behavior_monitor,5,1410,370,1362,395,894,565,53.57,551.54,498.34,system,NA,0.911,2.83,42.05,129.41,0.0,0.0,-128.2
Negotiation_45,R4,2026-09-10T05:18:05.334080Z,behavior_monitor,5,1436,422,1422,422,914,565,13.91,541.11,527.87,system,NA,0.975,2.37,119.15,139.41,48.16,76.24,0.0
Negotiation_45,R4,2026-09-10T05:18:05.351564Z,shot_hit,5,1434,424,1423,423,915,565,11.25,538.24,527.65,human,NA,0.98,2.37,119.15,139.41,48.16,76.24,0.0
Negotiation_45,R4,2026-09-10T05:18:05.352014Z,flight_spawn,6,1038,-20,1423,423,915,565,588.03,598.2,527.65,system,NA,0.504,2.83,45.0,139.41,48.16,76.24,0.0
Negotiation_45,R4,2026-09-10T05:18:06.133725Z,human_signal,6,1170,24,1428,517,915,565,556.72,597.77,515.14,human,i_can,0.518,2.83,2.42,146.6,126.21,0.0,0.0
Negotiation_45,R4,2026-09-10T05:18:06.149850Z,behavior_monitor,6,1170,24,1428,517,915,565,556.72,597.77,515.14,system,NA,0.518,2.83,2.42,146.38,129.02,0.0,0.0
Negotiation_45,R4,2026-09-10T05:18:06.660243Z,behavior_monitor,6,1251,28,1366,551,926,565,535.7,627.94,440.38,system,NA,0.54,2.83,2.42,129.41,180.0,57.18,0.0
Negotiation_45,R4,2026-09-10T05:18:07.172547Z,behavior_monitor,6,1333,37,1339,550,939,565,512.75,658.11,399.7,system,NA,0.562,2.83,6.73,44.32,-90.0,0.0,0.0
Negotiation_45,R4,2026-09-10T05:18:07.682770Z,behavior_monitor,6,1416,60,1334,534,947,566,480.48,690.13,388.43,system,NA,0.59,2.83,31.72,78.89,180.0,76.24,0.0
Negotiation_45,R4,2026-09-10T05:18:08.192802Z,behavior_monitor,6,1433,120,1280,528,985,566,435.87,632.13,297.46,system,NA,0.592,2.52,112.62,0.0,-134.92,76.24,0.0
Negotiation_45,R4,2026-09-10T05:18:08.703470Z,behavior_monitor,6,1393,183,1263,503,1025,566,344.99,531.16,246.87,system,NA,0.606,2.52,115.66,123.98,-127.55,76.24,0.0
Negotiation_45,R4,2026-09-10T05:18:09.213145Z,behavior_monitor,6,1327,218,1238,462,1063,566,259.94,436.43,203.23,system,NA,0.627,2.52,162.82,0.0,-90.0,76.24,0.0
Negotiation_45,R4,2026-09-10T05:18:09.724045Z,behavior_monitor,6,1264,259,1232,453,1102,566,197.01,347.1,171.94,system,NA,0.638,2.52,142.23,84.83,-127.37,76.24,0.0
Negotiation_45,R4,2026-09-10T05:18:10.234853Z,behavior_monitor,6,1199,305,1195,416,1142,567,111.05,267.51,159.57,system,NA,0.707,2.52,142.23,133.53,-145.6,76.24,0.0
Negotiation_45,R4,2026-09-10T05:18:10.746101Z,behavior_monitor,6,1142,351,1136,379,1135,567,29.23,215.93,187.17,system,NA,0.881,2.52,162.91,131.39,-151.33,90.12,-178.52
Negotiation_45,R4,2026-09-10T05:18:10.848401Z,shot_hit,6,1126,355,1124,374,1127,567,19.2,211.39,192.3,human,NA,0.917,2.52,162.91,121.5,-158.13,76.24,180.0
Negotiation_45,R4,2026-09-10T05:18:10.849363Z,flight_spawn,7,752,-20,1124,374,1127,567,542.59,696.59,192.3,system,NA,0.562,2.83,45.0,121.5,-158.13,76.24,180.0
Negotiation_45,R4,2026-09-10T05:18:12.226790Z,human_signal,7,958,46,1124,374,1057,565,368.15,528.6,202.16,human,i_can,0.589,2.83,1.17,0.0,-160.13,76.24,180.0
Negotiation_45,R4,2026-09-10T05:18:12.243288Z,behavior_monitor,7,958,46,1124,374,1056,565,368.15,528.42,202.48,system,NA,0.589,2.83,1.17,0.0,-160.13,57.18,180.0
Negotiation_45,R4,2026-09-10T05:18:12.752405Z,behavior_monitor,7,1043,60,1124,374,1027,565,324.15,505.05,214.31,system,NA,0.609,2.83,1.61,0.0,-160.13,60.75,180.0
Negotiation_45,R4,2026-09-10T05:18:13.262343Z,behavior_monitor,7,1121,94,1124,374,1038,565,279.88,477.84,209.47,system,NA,0.631,2.83,26.17,0.0,-160.13,0.0,-102.24
Negotiation_45,R4,2026-09-10T05:18:13.769081Z,behavior_monitor,7,1200,130,1168,384,1038,565,255.96,464.21,222.77,system,NA,0.645,2.83,16.53,133.94,18.59,0.0,-102.24
Negotiation_45,R4,2026-09-10T05:18:14.276645Z,behavior_monitor,7,1268,168,1232,406,1073,565,240.33,442.33,225.47,system,NA,0.648,2.83,19.13,134.71,18.65,76.24,0.0
Negotiation_45,R4,2026-09-10T05:18:14.787616Z,behavior_monitor,7,1350,193,1298,427,1112,565,239.77,441.06,230.99,system,NA,0.648,2.83,3.7,134.65,16.96,76.24,0.0
Negotiation_45,R4,2026-09-10T05:18:15.299112Z,behavior_monitor,7,1430,218,1363,429,1151,565,221.91,445.21,251.54,system,NA,0.667,2.83,24.99,130.45,-20.54,76.24,0.0
Negotiation_45,R4,2026-09-10T05:18:15.807962Z,behavior_monitor,7,1410,225,1418,403,1190,565,178.44,404.67,279.24,system,NA,0.694,1.7,173.29,53.49,-90.0,76.24,0.0
Negotiation_45,R4,2026-09-10T05:18:16.318649Z,behavior_monitor,7,1362,238,1362,402,1200,565,163.78,364.7,229.8,system,NA,0.69,1.7,159.94,129.41,180.0,0.0,0.0
Negotiation_45,R4,2026-09-10T05:18:16.825869Z,behavior_monitor,7,1313,258,1296,402,1236,565,145.11,316.47,173.51,system,NA,0.686,1.7,138.71,129.41,180.0,76.24,0.0
Negotiation_45,R4,2026-09-10T05:18:18.290898Z,agent_signal,7,1192,330,1216,353,1189,565,33.21,234.9,213.89,agent,your_turn,0.876,1.7,166.99,0.0,-90.0,76.24,180.0
Negotiation_45,R4,2026-09-10T05:18:18.308494Z,behavior_monitor,7,1192,330,1216,353,1188,565,33.21,234.91,214.01,system,NA,0.876,1.7,166.99,0.0,-90.0,57.18,180.0
Negotiation_45,R4,2026-09-10T05:18:18.819139Z,behavior_monitor,7,1141,341,1162,377,1159,565,41.4,224.6,187.91,system,NA,0.844,1.7,169.97,129.41,180.0,57.18,180.0
Negotiation_45,R4,2026-09-10T05:18:19.227895Z,shot_hit,7,1109,355,1109,377,1146,565,21.6,212.88,191.58,human,NA,0.908,1.7,139.0,129.41,180.0,0.0,180.0
Negotiation_45,R4,2026-09-10T05:18:19.228842Z,flight_spawn,8,747,-20,1109,377,1146,565,537.86,708.77,191.58,system,NA,0.569,3.09,49.65,129.41,180.0,0.0,180.0
Negotiation_45,R4,2026-09-10T05:18:20.654593Z,human_signal,8,726,201,922,377,1063,565,263.77,496.34,235.02,human,i_can,0.653,3.09,133.19,129.41,180.0,76.24,180.0
Negotiation_45,R4,2026-09-10T05:18:20.670956Z,behavior_monitor,8,726,201,922,377,1062,565,263.77,495.68,234.44,system,NA,0.653,3.09,133.19,129.41,180.0,57.18,180.0
Negotiation_45,R4,2026-09-10T05:18:21.184481Z,behavior_monitor,8,643,246,856,377,1033,565,250.02,503.73,258.12,system,NA,0.668,3.09,163.08,129.41,180.0,57.18,180.0
Negotiation_45,R4,2026-09-10T05:18:21.694473Z,behavior_monitor,8,555,268,790,377,1029,565,259.07,559.35,304.03,system,NA,0.683,3.09,173.07,129.41,180.0,0.0,180.0
Negotiation_45,R4,2026-09-10T05:18:22.204142Z,behavior_monitor,8,465,280,724,377,1017,565,276.36,621.22,348.34,system,NA,0.692,3.09,140.43,129.41,180.0,76.24,180.0
Negotiation_45,R4,2026-09-10T05:18:22.443259Z,agent_signal,8,429,310,691,377,999,565,271.09,624.93,360.62,agent,your_turn,0.697,3.09,140.43,129.41,180.0,76.24,180.0
Negotiation_45,R4,2026-09-10T05:18:22.715298Z,behavior_monitor,8,394,339,658,377,984,565,266.57,630.85,375.35,system,NA,0.703,3.09,140.43,133.58,165.65,57.18,180.0
Negotiation_45,R4,2026-09-10T05:18:22.833905Z,human_signal,8,377,353,643,382,977,565,267.43,636.12,380.83,human,your_turn,0.704,3.09,140.43,134.15,164.72,57.18,180.0
Negotiation_45,R4,2026-09-10T05:18:22.834630Z,human_signal,8,375,355,641,382,977,565,267.07,637.34,382.47,human,your_turn,0.705,3.09,140.43,134.23,164.6,57.18,180.0
Negotiation_45,R4,2026-09-10T05:18:23.225380Z,behavior_monitor,8,336,407,592,393,938,564,256.07,622.01,386.45,system,NA,0.708,3.09,90.29,133.59,165.64,99.11,180.0
Negotiation_45,R4,2026-09-10T05:18:23.736631Z,behavior_monitor,8,331,500,526,411,888,564,214.82,560.76,392.96,system,NA,0.723,3.09,90.29,137.82,159.88,99.11,180.0
Negotiation_45,R4,2026-09-10T05:18:23.753205Z,agent_signal,8,331,506,524,412,886,564,214.97,558.22,393.12,agent,i_can,0.722,3.09,90.29,138.94,158.66,103.45,173.2
Negotiation_45,R4,2026-09-10T05:18:24.246067Z,behavior_monitor,8,338,583,469,453,837,579,184.82,499.17,388.5,system,NA,0.73,3.09,46.22,139.96,130.03,169.61,125.75
Negotiation_45,R4,2026-09-10T05:18:24.755511Z,behavior_monitor,8,342,668,426,510,786,649,178.94,444.36,386.21,system,NA,0.713,3.09,122.65,139.65,122.39,169.61,125.75
Negotiation_45,R4,2026-09-10T05:18:25.267304Z,behavior_monitor,8,340,757,393,572,736,720,192.43,396.98,372.81,system,NA,0.674,3.09,65.12,138.15,116.39,169.61,125.75
Negotiation_45,R4,2026-09-10T05:18:25.776559Z,behavior_monitor,8,398,826,362,635,685,790,194.31,289.63,358.15,system,NA,0.598,3.09,13.62,138.05,116.3,169.61,125.75
Negotiation_45,R4,2026-09-10T05:18:26.286648Z,behavior_monitor,8,484,842,331,699,635,837,210.14,150.48,333.72,system,NA,0.417,3.09,9.02,130.38,116.3,93.6,180.0
Negotiation_45,R4,2026-09-10T05:18:26.797441Z,behavior_monitor,8,569,879,297,761,584,872,296.56,16.33,308.02,system,NA,0.052,3.09,55.35,142.44,127.36,169.61,125.75
Negotiation_45,R4,2026-09-10T05:18:26.830650Z,shot_hit,8,574,886,292,766,579,879,306.47,8.28,307.91,agent,NA,0.026,3.09,55.35,142.6,127.79,169.61,125.75
Negotiation_45,R4,2026-09-10T05:18:26.831122Z,flight_spawn,9,1240,-20,292,766,579,879,1232.07,1116.65,307.91,system,NA,0.475,2.83,135.0,142.6,127.79,169.61,125.75
Negotiation_45,R4,2026-09-10T05:18:28.259061Z,human_signal,9,1047,88,334,661,657,771,915.02,786.49,341.22,human,your_turn,0.462,2.83,168.4,135.9,-107.78,130.47,-54.25
Negotiation_45,R4,2026-09-10T05:18:28.260194Z,behavior_monitor,9,1047,88,334,661,657,771,915.02,786.49,341.22,system,NA,0.462,2.83,168.4,135.71,-107.53,130.47,-54.25
Negotiation_45,R4,2026-09-10T05:18:28.260631Z,human_signal,9,1045,89,333,659,657,771,911.82,784.72,342.59,human,your_turn,0.463,2.83,168.4,135.71,-107.53,130.47,-54.25
Negotiation_45,R4,2026-09-10T05:18:28.769136Z,behavior_monitor,9,974,127,319,597,706,701,806.29,632.96,401.41,system,NA,0.44,2.83,163.22,129.41,-90.0,169.61,-54.25
Negotiation_45,R4,2026-09-10T05:18:29.281954Z,behavior_monitor,9,921,178,321,531,757,631,696.05,481.16,447.72,system,NA,0.409,2.83,87.93,134.3,-74.5,169.61,-54.25
Negotiation_45,R4,2026-09-10T05:18:29.792202Z,behavior_monitor,9,899,258,358,472,808,565,581.02,320.4,459.08,system,NA,0.355,2.83,115.42,139.84,-41.85,99.11,0.0
Negotiation_45,R4,2026-09-10T05:18:30.301747Z,behavior_monitor,9,848,323,419,437,833,565,444.11,242.98,433.66,system,NA,0.354,2.83,136.96,133.73,-14.61,99.11,180.0
Negotiation_45,R4,2026-09-10T05:18:30.812711Z,behavior_monitor,9,777,357,478,437,783,565,309.66,208.63,330.72,system,NA,0.403,2.83,172.75,0.0,0.0,99.11,180.0
Negotiation_45,R4,2026-09-10T05:18:30.813406Z,agent_signal,9,774,357,478,437,783,565,306.57,208.39,330.72,agent,i_can,0.405,2.83,172.75,0.0,0.0,99.11,180.0
Negotiation_45,R4,2026-09-10T05:18:31.321050Z,behavior_monitor,9,703,397,471,444,733,565,236.65,171.16,288.23,system,NA,0.42,2.83,134.22,126.86,137.17,99.11,180.0
Negotiation_45,R4,2026-09-10T05:18:31.830262Z,behavior_monitor,9,644,458,419,493,682,565,227.76,113.98,273.22,system,NA,0.334,2.83,134.22,141.53,131.13,99.11,180.0
Negotiation_45,R4,2026-09-10T05:18:32.337847Z,behavior_monitor,9,617,536,381,554,631,565,236.67,33.14,251.21,system,NA,0.123,2.83,110.4,150.29,121.13,105.3,180.0
Negotiation_45,R4,2026-09-10T05:18:32.474535Z,shot_hit,9,605,557,369,572,616,565,236.33,13.47,246.67,agent,NA,0.054,2.83,139.36,141.43,120.93,99.11,180.0
Negotiation_45,R4,2026-09-10T05:18:32.475528Z,flight_spawn,10,900,-20,369,572,616,565,795.79,651.1,246.67,system,NA,0.45,3.39,53.87,141.43,120.93,99.11,180.0
Negotiation_45,R4,2026-09-10T05:18:33.887295Z,human_signal,10,985,233,440,696,701,565,715.1,436.85,292.07,human,your_turn,0.379,3.39,81.71,129.72,27.38,72.0,0.0
Negotiation_45,R4,2026-09-10T05:18:33.888376Z,behavior_monitor,10,985,233,440,696,701,565,715.1,436.85,292.07,system,NA,0.379,3.39,81.71,137.35,27.38,76.24,0.0
Negotiation_45,R4,2026-09-10T05:18:33.888852Z,human_signal,10,985,236,442,697,701,565,712.38,434.59,290.7,human,your_turn,0.379,3.39,81.71,137.35,27.38,76.24,0.0
Negotiation_45,R4,2026-09-10T05:18:34.398191Z,behavior_monitor,10,1011,328,502,728,751,565,647.27,351.86,297.41,system,NA,0.352,3.39,104.76,135.14,21.24,99.11,0.0
Negotiation_45,R4,2026-09-10T05:18:34.535104Z,agent_signal,10,1005,358,522,734,765,565,612.31,317.5,295.66,agent,i_can,0.341,3.39,104.76,134.3,15.51,99.11,0.0
Negotiation_45,R4,2026-09-10T05:18:34.911523Z,behavior_monitor,10,1008,425,568,735,801,566,537.87,249.9,288.02,system,NA,0.317,3.39,56.85,129.41,0.0,99.11,0.0
Negotiation_45,R4,2026-09-10T05:18:35.420959Z,behavior_monitor,10,1073,500,634,735,852,566,497.51,230.54,275.46,system,NA,0.317,3.39,32.58,129.41,0.0,99.11,0.0
Negotiation_45,R4,2026-09-10T05:18:35.930484Z,behavior_monitor,10,1159,555,700,735,902,566,492.46,256.3,263.44,system,NA,0.342,3.39,32.58,129.41,0.0,99.11,0.0
Negotiation_45,R4,2026-09-10T05:18:36.441341Z,behavior_monitor,10,1245,595,766,741,953,589,500.69,291.87,240.73,system,NA,0.368,3.39,32.2,134.22,15.39,169.61,54.25
Negotiation_45,R4,2026-09-10T05:18:36.951831Z,behavior_monitor,10,1331,639,832,759,1003,631,513.04,327.73,213.66,system,NA,0.39,3.39,56.1,134.55,15.9,169.61,54.25
Negotiation_45,R4,2026-09-10T05:18:37.462429Z,behavior_monitor,10,1383,724,896,785,1054,702,491.04,330.35,178.28,system,NA,0.402,3.39,56.1,139.16,32.74,169.61,54.25
Negotiation_45,R4,2026-09-10T05:18:37.972324Z,behavior_monitor,10,1413,820,934,811,1104,772,479.31,312.72,174.78,system,NA,0.395,3.39,76.7,0.0,50.51,169.61,54.25
Negotiation_45,R4,2026-09-10T05:18:38.483371Z,behavior_monitor,10,1394,920,934,811,1155,842,472.44,251.35,222.93,system,NA,0.347,3.39,101.01,0.0,50.51,169.61,54.25
Negotiation_45,R4,2026-09-10T05:18:38.637013Z,flight_missed,10,1389,953,934,811,1172,865,477.14,234.92,243.74,system,NA,0.33,3.39,101.01,0.0,50.51,169.61,54.25
Negotiation_45,R4,2026-09-10T05:18:38.637687Z,flight_spawn,11,115,-20,934,811,1172,865,1167.31,1378.89,243.74,system,NA,0.542,3.49,54.99,0.0,50.51,169.61,54.25
Negotiation_45,R4,2026-09-10T05:18:40.438039Z,human_signal,11,275,303,732,772,1056,705,654.75,878.58,330.85,human,i_can,0.573,3.49,51.92,129.41,180.0,130.47,-125.75
Negotiation_45,R4,2026-09-10T05:18:40.454696Z,behavior_monitor,11,275,303,732,772,1055,704,654.75,877.1,330.17,system,NA,0.573,3.49,51.92,129.41,180.0,97.85,-125.75
Negotiation_45,R4,2026-09-10T05:18:40.489109Z,agent_signal,11,282,311,725,772,1053,701,639.05,863.74,335.28,agent,your_turn,0.575,3.49,51.92,129.41,180.0,97.85,-125.75
Negotiation_45,R4,2026-09-10T05:18:40.965243Z,behavior_monitor,11,354,362,666,772,1025,663,514.52,735.49,375.8,system,NA,0.588,3.49,22.24,129.41,180.0,97.85,-125.75
Negotiation_45,R4,2026-09-10T05:18:41.476515Z,behavior_monitor,11,428,432,603,745,1018,653,358.21,630.69,425.54,system,NA,0.638,3.49,47.02,139.87,-145.55,0.0,-125.75
Negotiation_45,R4,2026-09-10T05:18:41.988152Z,behavior_monitor,11,480,516,548,698,1018,653,194.55,555.61,472.39,system,NA,0.741,3.49,93.82,141.2,-125.99,0.0,-125.75
Negotiation_45,R4,2026-09-10T05:18:42.498522Z,behavior_monitor,11,440,610,499,660,987,612,77.35,546.97,490.52,system,NA,0.876,3.49,122.43,129.41,180.0,76.24,180.0
Negotiation_45,R4,2026-09-10T05:18:43.009131Z,behavior_monitor,11,393,701,437,687,948,662,45.59,556.45,512.27,system,NA,0.924,3.49,123.9,139.59,140.72,130.47,125.75
Negotiation_45,R4,2026-09-10T05:18:43.281351Z,shot_miss,11,345,728,409,713,928,691,66.17,584.74,519.64,human,NA,0.898,3.49,168.04,139.04,134.91,130.47,125.75
Negotiation_45,R4,2026-09-10T05:18:43.518537Z,behavior_monitor,11,299,741,388,739,909,717,89.41,611.17,521.77,system,NA,0.872,3.49,141.64,138.41,127.35,143.47,123.19
Negotiation_45,R4,2026-09-10T05:18:44.030346Z,behavior_monitor,11,205,780,339,790,871,770,134.48,665.82,532.04,system,NA,0.832,3.49,174.15,142.57,139.03,130.47,125.75
Negotiation_45,R4,2026-09-10T05:18:44.539554Z,behavior_monitor,11,96,791,282,835,832,785,191.17,735.49,551.88,system,NA,0.794,3.49,174.15,140.86,145.03,76.24,180.0
Negotiation_45,R4,2026-09-10T05:18:45.050924Z,behavior_monitor,11,34,801,221,872,793,796,200.32,759.18,577.04,system,NA,0.791,2.11,4.4,139.91,151.25,76.24,180.0
Negotiation_45,R4,2026-09-10T05:18:46.106368Z,shot_hit,11,161,814,153,817,713,809,8.87,552.16,560.43,human,NA,0.984,2.11,25.25,129.41,-90.0,76.24,180.0
Negotiation_45,R4,2026-09-10T05:18:46.107472Z,flight_spawn,12,1252,-20,153,817,713,809,1381.89,988.87,560.43,system,NA,0.417,3.14,50.41,129.41,-90.0,76.24,180.0
Negotiation_45,R4,2026-09-10T05:18:47.265121Z,human_signal,12,1356,160,237,751,777,721,1265.44,806.2,540.92,human,your_turn,0.389,3.14,102.12,136.84,-24.27,130.47,-54.25
Negotiation_45,R4,2026-09-10T05:18:47.265648Z,behavior_monitor,12,1356,160,237,751,777,721,1265.44,806.2,540.92,system,NA,0.389,3.14,102.12,136.84,-24.27,130.47,-54.25
Negotiation_45,R4,2026-09-10T05:18:47.265940Z,human_signal,12,1355,163,239,750,777,721,1260.74,803.29,538.74,human,your_turn,0.389,3.14,102.12,136.84,-24.27,130.47,-54.25
Negotiation_45,R4,2026-09-10T05:18:47.776178Z,behavior_monitor,12,1339,252,301,724,828,651,1139.8,648.3,531.26,system,NA,0.363,3.14,102.12,139.73,-26.62,169.61,-54.25
Negotiation_45,R4,2026-09-10T05:18:48.132562Z,agent_signal,12,1349,316,348,700,863,602,1072.33,563.97,524.26,agent,i_can,0.345,3.14,53.67,140.58,-27.66,169.61,-54.25
Negotiation_45,R4,2026-09-10T05:18:48.285089Z,behavior_monitor,12,1363,336,365,691,878,581,1059.41,543.1,524.96,system,NA,0.339,3.14,53.67,140.58,-27.66,169.61,-54.25
Negotiation_45,R4,2026-09-10T05:18:48.793602Z,behavior_monitor,12,1424,407,428,659,928,564,1026.6,519.95,508.55,system,NA,0.336,3.14,7.42,137.86,-25.42,99.11,0.0
Negotiation_45,R4,2026-09-10T05:18:49.304231Z,behavior_monitor,12,1412,436,492,630,979,565,940.59,451.84,491.56,system,NA,0.324,2.03,127.95,136.01,-23.72,99.11,0.0
Negotiation_45,R4,2026-09-10T05:18:49.814943Z,behavior_monitor,12,1370,484,556,604,1030,565,822.52,349.38,475.4,system,NA,0.298,2.03,127.95,136.13,-21.76,99.11,0.0
Negotiation_45,R4,2026-09-10T05:18:50.324907Z,behavior_monitor,12,1319,518,621,578,1081,563,700.97,242.48,460.38,system,NA,0.257,2.03,149.42,136.03,-21.65,99.11,0.0
Negotiation_45,R4,2026-09-10T05:18:50.835325Z,behavior_monitor,12,1290,571,685,552,1131,565,605.51,159.67,445.85,system,NA,0.209,2.03,104.79,135.89,-21.5,99.11,0.0
Negotiation_45,R4,2026-09-10T05:18:51.344683Z,behavior_monitor,12,1273,630,750,531,1181,625,532.24,92.37,440.97,system,NA,0.148,2.03,74.97,133.53,-14.28,169.61,54.25
Negotiation_45,R4,2026-09-10T05:18:51.854860Z,behavior_monitor,12,1276,689,816,530,1232,684,486.42,44.74,442.95,system,NA,0.084,2.03,76.21,129.41,0.0,169.61,54.25
Negotiation_45,R4,2026-09-10T05:18:51.974401Z,shot_miss,12,1281,705,834,530,1245,701,479.39,35.56,445.09,agent,NA,0.069,2.03,76.21,129.41,0.0,169.61,54.25
Negotiation_45,R4,2026-09-10T05:18:52.316683Z,shot_hit,12,1277,745,878,530,1256,741,452.49,20.9,432.62,agent,NA,0.044,2.03,98.25,129.41,0.0,137.65,90.0
Negotiation_45,R4,2026-09-10T05:18:52.317679Z,flight_spawn,13,957,-20,878,530,1256,741,556.62,818.01,432.62,system,NA,0.595,2.91,133.38,129.41,0.0,137.65,90.0
Negotiation_45,R4,2026-09-10T05:18:54.985584Z,human_signal,13,568,159,689,526,1128,566,386.14,693.16,441.64,human,your_turn,0.642,2.91,165.66,129.41,180.0,76.24,180.0
Negotiation_45,R4,2026-09-10T05:18:54.986307Z,behavior_monitor,13,568,159,689,526,1128,566,386.14,693.16,441.64,system,NA,0.642,2.91,165.66,129.41,180.0,76.24,180.0
Negotiation_45,R4,2026-09-10T05:18:54.986794Z,human_signal,13,564,160,686,526,1128,566,385.89,695.64,443.84,human,your_turn,0.643,2.91,165.66,129.41,180.0,76.24,180.0
Negotiation_45,R4,2026-09-10T05:18:55.498272Z,behavior_monitor,13,481,178,623,526,1078,564,375.77,711.4,456.86,system,NA,0.654,2.91,172.58,129.41,180.0,109.89,-172.56
Negotiation_45,R4,2026-09-10T05:18:56.004684Z,behavior_monitor,13,391,192,557,526,1027,564,372.71,737.33,472.27,system,NA,0.664,2.91,169.93,129.41,180.0,99.11,180.0
Negotiation_45,R4,2026-09-10T05:18:56.511364Z,behavior_monitor,13,332,247,491,526,976,564,321.16,718.97,487.35,system,NA,0.691,2.91,133.39,129.41,180.0,99.11,180.0
Negotiation_45,R4,2026-09-10T05:18:56.681367Z,human_signal,13,306,269,466,526,960,564,302.61,717.19,494.68,human,i_can,0.703,2.91,155.98,129.41,180.0,99.11,180.0
Negotiation_45,R4,2026-09-10T05:18:57.020691Z,behavior_monitor,13,252,278,425,526,940,564,302.11,745.56,517.0,system,NA,0.712,2.91,162.47,129.41,180.0,57.18,180.0
Negotiation_45,R4,2026-09-10T05:18:57.532826Z,behavior_monitor,13,167,290,359,526,915,565,303.63,797.08,557.87,system,NA,0.724,2.91,172.17,129.41,180.0,0.0,180.0
Negotiation_45,R4,2026-09-10T05:18:58.041899Z,behavior_monitor,13,100,343,293,526,915,565,265.9,844.96,623.38,system,NA,0.761,2.91,107.03,129.41,180.0,0.0,-130.51
Negotiation_45,R4,2026-09-10T05:18:58.109770Z,agent_signal,13,94,356,282,526,915,565,252.68,846.72,634.35,agent,your_turn,0.77,2.91,131.26,129.41,180.0,0.0,-130.51
Negotiation_45,R4,2026-09-10T05:18:58.552022Z,behavior_monitor,13,48,400,227,526,890,565,218.63,858.06,664.4,system,NA,0.797,2.91,88.07,129.41,180.0,57.18,180.0
Negotiation_45,R4,2026-09-10T05:18:59.063686Z,behavior_monitor,13,65,484,161,526,871,565,104.51,810.26,711.46,system,NA,0.886,2.91,64.7,122.22,180.0,0.0,180.0
Negotiation_45,R4,2026-09-10T05:18:59.573969Z,behavior_monitor,13,82,567,100,546,863,565,26.78,781.01,763.87,system,NA,0.967,2.91,86.87,134.04,123.78,76.24,180.0
Negotiation_45,R4,2026-09-10T05:18:59.710785Z,shot_hit,13,86,590,92,563,853,577,27.94,767.45,761.43,human,NA,0.965,2.91,86.87,133.69,112.65,130.47,125.75
Negotiation_45,R4,2026-09-10T05:18:59.711466Z,flight_spawn,14,305,-20,92,563,853,577,620.95,811.21,761.43,system,NA,0.566,3.25,52.05,133.69,112.65,130.47,125.75
Negotiation_45,R4,2026-09-10T05:19:00.991087Z,human_signal,14,325,202,175,659,779,565,480.76,581.27,610.75,human,i_can,0.547,3.25,141.33,133.55,-14.31,76.24,180.0
Negotiation_45,R4,2026-09-10T05:19:01.007861Z,behavior_monitor,14,325,202,175,659,778,565,480.76,580.51,609.79,system,NA,0.547,3.25,141.33,133.58,-14.36,57.18,180.0
Negotiation_45,R4,2026-09-10T05:19:01.518713Z,behavior_monitor,14,237,231,222,622,749,565,391.17,611.61,530.29,system,NA,0.61,3.25,167.9,129.41,-90.0,57.18,180.0
Negotiation_45,R4,2026-09-10T05:19:02.027933Z,behavior_monitor,14,151,278,222,556,736,565,286.48,651.64,514.13,system,NA,0.695,3.25,117.88,129.41,-90.0,0.0,180.0
Negotiation_45,R4,2026-09-10T05:19:02.539029Z,behavior_monitor,14,94,354,182,523,732,565,189.83,671.76,551.52,system,NA,0.78,3.25,144.46,129.41,180.0,76.24,180.0
Negotiation_45,R4,2026-09-10T05:19:02.928910Z,agent_signal,14,33,400,129,523,702,566,155.85,689.03,574.49,agent,your_turn,0.816,3.25,144.46,129.41,180.0,76.24,180.0
Negotiation_45,R4,2026-09-10T05:19:03.048434Z,behavior_monitor,14,22,411,116,523,695,566,146.11,691.18,580.87,system,NA,0.825,2.47,49.97,129.41,180.0,57.18,180.0
Negotiation_45,R4,2026-09-10T05:19:03.559068Z,behavior_monitor,14,68,468,69,506,666,566,38.05,605.66,600.34,system,NA,0.941,2.47,49.97,105.86,-90.0,57.18,180.0
Negotiation_45,R4,2026-09-10T05:19:03.762724Z,shot_hit,14,84,490,72,480,658,566,16.06,578.95,592.7,human,NA,0.973,2.47,49.97,137.54,-64.29,0.0,180.0
Negotiation_45,R4,2026-09-10T05:19:03.763797Z,flight_spawn,15,241,-20,72,480,658,566,528.73,719.49,592.7,system,NA,0.576,2.83,45.0,137.54,-64.29,0.0,180.0
Negotiation_45,R4,2026-09-10T05:19:05.684382Z,human_signal,15,490,158,262,469,610,566,385.16,424.62,361.38,human,your_turn,0.524,2.83,16.87,133.79,14.71,76.24,180.0
Negotiation_45,R4,2026-09-10T05:19:05.685324Z,behavior_monitor,15,490,158,262,469,610,566,385.16,424.62,361.38,system,NA,0.524,2.83,16.87,133.79,14.71,76.24,180.0
Negotiation_45,R4,2026-09-10T05:19:05.685740Z,human_signal,15,492,159,264,469,610,566,385.01,423.22,359.09,human,your_turn,0.524,2.83,16.87,133.79,14.71,76.24,180.0
Negotiation_45,R4,2026-09-10T05:19:06.194672Z,behavior_monitor,15,554,205,313,496,559,566,377.85,360.22,256.28,system,NA,0.488,2.83,63.69,0.0,90.0,99.11,180.0
Negotiation_45,R4,2026-09-10T05:19:06.704227Z,behavior_monitor,15,609,268,301,527,578,566,403.22,299.88,279.79,system,NA,0.427,2.83,18.58,138.66,111.05,99.11,0.0
Negotiation_45,R4,2026-09-10T05:19:07.213523Z,behavior_monitor,15,691,279,305,593,629,566,497.34,293.45,325.12,system,NA,0.371,2.83,4.24,147.03,63.98,105.3,0.0
Negotiation_45,R4,2026-09-10T05:19:07.724124Z,behavior_monitor,15,777,303,358,636,679,566,535.1,281.26,328.12,system,NA,0.345,2.83,17.52,135.36,23.12,99.11,0.0
Negotiation_45,R4,2026-09-10T05:19:08.234558Z,behavior_monitor,15,850,343,422,661,729,565,532.57,252.0,321.7,system,NA,0.321,2.83,42.28,135.0,21.37,99.11,0.0
Negotiation_45,R4,2026-09-10T05:19:08.303694Z,agent_signal,15,860,353,433,665,736,565,529.04,245.82,319.07,agent,i_can,0.317,2.83,42.28,135.0,21.37,99.11,0.0
Negotiation_45,R4,2026-09-10T05:19:08.744087Z,behavior_monitor,15,914,400,486,686,780,565,514.39,212.57,317.31,system,NA,0.292,2.83,42.28,135.0,21.37,99.11,0.0
Negotiation_45,R4,2026-09-10T05:19:09.254628Z,behavior_monitor,15,979,451,550,711,830,565,502.13,188.35,315.42,system,NA,0.273,2.83,45.41,135.61,22.02,99.11,0.0
Negotiation_45,R4,2026-09-10T05:19:09.764059Z,behavior_monitor,15,969,516,614,738,880,564,418.26,100.91,317.62,system,NA,0.194,2.83,173.43,137.02,23.43,99.11,0.0
Negotiation_45,R4,2026-09-10T05:19:10.121124Z,shot_miss,15,906,532,662,759,896,564,333.36,33.8,304.55,agent,NA,0.092,2.83,152.9,137.61,23.99,99.11,180.0
Negotiation_45,R4,2026-09-10T05:19:10.274834Z,behavior_monitor,15,886,541,670,764,882,564,309.89,23.5,291.05,system,NA,0.07,2.83,178.8,0.0,37.43,99.11,180.0
Negotiation_45,R4,2026-09-10T05:19:10.360084Z,shot_hit,15,868,541,670,764,872,564,297.36,23.3,283.78,agent,NA,0.073,2.83,178.8,0.0,37.43,99.11,180.0
Negotiation_45,R4,2026-09-10T05:19:10.360526Z,flight_spawn,16,862,-20,670,764,872,564,807.49,584.95,283.78,system,NA,0.42,3.09,49.61,0.0,37.43,99.11,180.0
Negotiation_45,R4,2026-09-10T05:19:11.737715Z,human_signal,16,1055,107,649,724,950,564,738.46,469.25,340.16,human,your_turn,0.389,3.09,15.85,129.41,0.0,76.24,0.0
Negotiation_45,R4,2026-09-10T05:19:11.738878Z,behavior_monitor,16,1055,107,649,724,950,564,738.46,469.25,340.16,system,NA,0.389,3.09,15.85,134.18,16.02,76.24,0.0
Negotiation_45,R4,2026-09-10T05:19:11.739267Z,human_signal,16,1058,108,651,725,950,564,738.51,469.0,338.55,human,your_turn,0.388,3.09,15.85,134.18,16.02,76.24,0.0
Negotiation_45,R4,2026-09-10T05:19:12.249290Z,behavior_monitor,16,1136,151,714,749,1000,564,731.78,435.0,340.44,system,NA,0.373,3.09,32.95,135.41,19.4,99.11,0.0
Negotiation_45,R4,2026-09-10T05:19:12.760087Z,behavior_monitor,16,1191,221,778,735,1050,564,659.12,370.34,321.53,system,NA,0.36,3.09,60.24,141.8,-32.97,99.11,0.0
Negotiation_45,R4,2026-09-10T05:19:13.270441Z,behavior_monitor,16,1240,302,839,695,1101,564,561.83,296.35,293.7,system,NA,0.345,3.09,60.24,142.3,-33.59,99.11,0.0
Negotiation_45,R4,2026-09-10T05:19:13.628316Z,agent_signal,16,1281,357,883,666,1136,563,503.73,251.68,273.42,agent,i_can,0.333,3.09,60.66,142.3,-33.59,77.21,-5.26
Negotiation_45,R4,2026-09-10T05:19:13.780537Z,behavior_monitor,16,1295,379,899,655,1152,563,482.37,233.65,268.46,system,NA,0.326,3.09,60.66,142.3,-33.59,97.28,9.12
Negotiation_45,R4,2026-09-10T05:19:14.289816Z,behavior_monitor,16,1329,464,918,631,1202,563,443.48,160.99,292.1,system,NA,0.266,3.09,62.29,101.36,180.0,99.11,0.0
Negotiation_45,R4,2026-09-10T05:19:14.799955Z,behavior_monitor,16,1380,534,853,631,1253,563,536.05,129.83,406.36,system,NA,0.195,3.09,32.64,129.41,180.0,99.11,0.0
Negotiation_45,R4,2026-09-10T05:19:15.310562Z,behavior_monitor,16,1442,584,824,636,1304,579,620.55,138.4,483.44,system,NA,0.182,2.28,133.13,0.0,180.0,169.61,54.25
Negotiation_45,R4,2026-09-10T05:19:15.821153Z,behavior_monitor,16,1411,646,824,636,1355,642,586.58,56.0,530.68,system,NA,0.087,2.28,112.66,0.0,180.0,169.61,54.25
Negotiation_45,R4,2026-09-10T05:19:15.974709Z,shot_hit,16,1403,668,824,636,1372,663,580.13,31.73,548.51,agent,NA,0.052,2.28,112.66,0.0,180.0,169.61,54.25
Negotiation_45,R4,2026-09-10T05:19:15.975347Z,flight_spawn,17,616,-20,824,636,1372,663,689.1,1019.39,548.51,system,NA,0.597,3.28,52.46,0.0,180.0,169.61,54.25
Negotiation_45,R4,2026-09-10T05:19:16.859648Z,human_signal,17,701,117,770,616,1329,603,503.59,794.0,559.3,human,i_can,0.612,3.28,18.28,137.23,-159.98,130.47,-125.75
Negotiation_45,R4,2026-09-10T05:19:16.876128Z,behavior_monitor,17,701,117,770,616,1328,602,503.59,792.4,558.37,system,NA,0.611,3.28,18.28,137.61,-156.2,97.85,-125.75
Negotiation_45,R4,2026-09-10T05:19:17.385756Z,behavior_monitor,17,798,141,733,562,1299,566,426.05,657.11,565.34,system,NA,0.607,3.28,32.88,129.41,-90.0,57.18,180.0
Negotiation_45,R4,2026-09-10T05:19:17.896128Z,behavior_monitor,17,859,212,766,504,1285,566,305.84,553.89,522.52,system,NA,0.644,3.28,56.32,138.92,-34.61,0.0,-109.13
Negotiation_45,R4,2026-09-10T05:19:18.406907Z,behavior_monitor,17,905,295,831,492,1285,566,209.86,467.3,460.34,system,NA,0.69,3.28,85.24,129.41,0.0,0.0,49.34
Negotiation_45,R4,2026-09-10T05:19:18.475593Z,agent_signal,17,905,311,842,492,1286,566,191.0,457.55,449.79,agent,your_turn,0.705,3.28,85.24,129.41,0.0,0.0,-16.52
Negotiation_45,R4,2026-09-10T05:19:18.917309Z,behavior_monitor,17,925,388,897,492,1260,566,107.1,379.47,370.99,system,NA,0.78,3.28,62.75,129.41,0.0,57.18,180.0
Negotiation_45,R4,2026-09-10T05:19:19.427419Z,behavior_monitor,17,987,459,943,452,1241,567,44.28,276.11,319.31,system,NA,0.862,3.28,38.81,133.93,-14.94,0.0,179.07
Negotiation_45,R4,2026-09-10T05:19:19.938496Z,behavior_monitor,17,1054,529,976,501,1236,567,83.14,186.31,268.81,system,NA,0.691,3.28,60.27,135.06,70.57,76.24,180.0
Negotiation_45,R4,2026-09-10T05:19:20.451395Z,behavior_monitor,17,1077,624,993,565,1197,597,102.52,123.75,206.9,system,NA,0.547,3.28,58.06,129.41,90.0,130.47,125.75
Negotiation_45,R4,2026-09-10T05:19:20.961772Z,behavior_monitor,17,1091,717,993,631,1158,651,130.23,94.05,166.76,system,NA,0.419,3.28,102.26,129.41,90.0,130.47,125.75
Negotiation_45,R4,2026-09-10T05:19:21.081751Z,human_signal,17,1085,743,993,649,1149,664,131.08,101.89,157.2,human,i_can,0.437,3.28,122.53,129.41,90.0,130.47,125.75
Negotiation_45,R4,2026-09-10T05:19:21.471726Z,behavior_monitor,17,1041,803,969,695,1127,695,129.58,137.85,157.89,system,NA,0.515,3.28,153.2,143.54,132.43,97.85,125.75
Negotiation_45,R4,2026-09-10T05:19:21.540220Z,human_signal,17,1029,809,962,702,1123,700,125.87,143.49,160.86,human,your_turn,0.533,3.28,153.2,143.94,134.94,97.85,125.75
Negotiation_45,R4,2026-09-10T05:19:21.541358Z,human_signal,17,1026,810,960,704,1123,700,125.35,146.15,162.63,human,your_turn,0.538,3.28,153.2,143.94,134.94,97.85,125.75
Negotiation_45,R4,2026-09-10T05:19:21.983294Z,behavior_monitor,17,963,862,918,748,1080,761,122.94,154.33,161.78,system,NA,0.557,3.28,155.29,143.04,128.22,169.61,125.75
Negotiation_45,R4,2026-09-10T05:19:22.426301Z,agent_signal,17,880,894,874,792,1035,822,101.86,171.14,164.13,agent,i_can,0.627,3.28,156.11,141.3,148.89,169.61,125.75
Negotiation_45,R4,2026-09-10T05:19:22.494523Z,behavior_monitor,17,871,896,866,797,1029,831,99.91,170.7,166.67,system,NA,0.631,3.28,178.01,140.96,151.34,169.61,125.75
Negotiation_45,R4,2026-09-10T05:19:23.004186Z,behavior_monitor,17,772,902,800,824,978,897,82.39,206.42,192.37,system,NA,0.715,3.28,160.0,138.5,159.13,99.11,180.0
Negotiation_45,R4,2026-09-10T05:19:23.512862Z,behavior_monitor,17,691,950,735,853,928,910,106.17,240.52,201.15,system,NA,0.694,3.28,173.77,140.76,152.76,99.11,180.0
Negotiation_45,R4,2026-09-10T05:19:23.598740Z,flight_missed,17,673,952,722,860,918,910,104.38,248.42,201.97,system,NA,0.704,3.28,173.77,133.11,152.62,93.6,180.0
Negotiation_45,R4,2026-09-10T05:19:23.599897Z,flight_spawn,18,844,-20,722,860,918,910,888.47,932.92,201.97,system,NA,0.512,3.03,48.62,133.11,152.62,93.6,180.0
Negotiation_45,R4,2026-09-10T05:19:24.806941Z,human_signal,18,1022,61,634,823,950,825,855.43,767.55,315.97,human,your_turn,0.473,3.03,16.89,137.34,-64.09,130.47,-54.25
Negotiation_45,R4,2026-09-10T05:19:24.807995Z,behavior_monitor,18,1022,61,634,823,950,825,855.43,767.55,315.97,system,NA,0.473,3.03,16.89,138.01,-62.09,130.47,-54.25
Negotiation_45,R4,2026-09-10T05:19:24.808432Z,human_signal,18,1026,61,635,821,950,825,853.88,767.01,314.87,human,your_turn,0.473,3.03,16.89,138.01,-62.09,130.47,-54.25
Negotiation_45,R4,2026-09-10T05:19:25.318149Z,behavior_monitor,18,1109,87,670,761,1000,755,804.78,677.07,330.01,system,NA,0.457,3.03,16.89,141.61,-59.21,169.61,-54.25
Negotiation_45,R4,2026-09-10T05:19:25.830549Z,behavior_monitor,18,1184,137,706,699,1051,685,737.38,564.23,344.63,system,NA,0.433,3.03,42.67,141.85,-60.05,169.61,-54.25
Negotiation_45,R4,2026-09-10T05:19:26.339308Z,behavior_monitor,18,1235,210,742,636,1102,615,651.05,426.12,359.78,system,NA,0.396,3.03,65.41,150.35,-60.3,180.21,-54.25
Negotiation_45,R4,2026-09-10T05:19:26.847706Z,behavior_monitor,18,1268,293,778,573,1152,566,564.61,297.06,373.82,system,NA,0.345,3.03,65.41,141.7,-60.37,99.11,0.0
Negotiation_45,R4,2026-09-10T05:19:27.291227Z,agent_signal,18,1280,371,810,517,1196,567,492.15,213.2,388.76,agent,i_can,0.302,3.03,85.94,141.7,-60.37,99.11,0.0
Negotiation_45,R4,2026-09-10T05:19:27.359273Z,behavior_monitor,18,1281,380,814,511,1203,567,484.72,202.37,392.75,system,NA,0.295,3.03,85.94,141.7,-60.37,99.11,0.0
Negotiation_45,R4,2026-09-10T05:19:27.871194Z,behavior_monitor,18,1293,471,850,448,1254,567,443.85,103.7,421.13,system,NA,0.189,3.03,85.94,141.7,-60.37,99.11,0.0
Negotiation_45,R4,2026-09-10T05:19:28.381448Z,behavior_monitor,18,1296,561,869,415,1272,565,451.37,23.78,430.38,system,NA,0.05,3.03,85.94,0.0,-90.0,0.0,-90.0
Negotiation_45,R4,2026-09-10T05:19:28.416353Z,shot_hit,18,1297,570,869,415,1274,564,455.93,24.21,431.84,agent,NA,0.05,3.03,85.94,0.0,-90.0,0.0,0.0
Negotiation_45,R4,2026-09-10T05:19:28.417220Z,flight_spawn,19,458,-20,869,415,1274,564,598.7,1003.99,431.84,system,NA,0.626,2.84,45.32,0.0,-90.0,0.0,0.0
Negotiation_45,R4,2026-09-10T05:19:30.407486Z,human_signal,19,428,283,659,488,1152,564,308.95,776.68,498.42,human,i_can,0.715,2.84,106.79,129.41,180.0,76.24,180.0
Negotiation_45,R4,2026-09-10T05:19:30.424007Z,behavior_monitor,19,428,283,659,488,1151,564,308.95,775.78,497.46,system,NA,0.715,2.84,106.79,129.41,180.0,57.18,180.0
Negotiation_45,R4,2026-09-10T05:19:30.935260Z,behavior_monitor,19,391,357,593,488,1122,564,241.1,759.7,533.71,system,NA,0.759,2.84,138.75,129.41,180.0,57.18,180.0
Negotiation_45,R4,2026-09-10T05:19:31.188519Z,agent_signal,19,368,396,558,488,1108,564,211.13,758.76,554.88,agent,your_turn,0.782,2.84,117.1,129.41,180.0,0.0,180.0
Negotiation_45,R4,2026-09-10T05:19:31.443117Z,behavior_monitor,19,360,434,527,488,1093,564,175.84,744.69,570.95,system,NA,0.809,2.84,90.69,129.41,180.0,57.18,180.0
Negotiation_45,R4,2026-09-10T05:19:31.953725Z,behavior_monitor,19,381,512,463,502,1064,564,83.17,685.43,604.08,system,NA,0.892,2.84,61.2,139.11,140.36,57.18,180.0
Negotiation_45,R4,2026-09-10T05:19:32.398751Z,shot_miss,19,407,579,424,549,1064,564,34.97,656.94,639.78,human,NA,0.949,2.84,64.92,135.92,125.28,0.0,163.34
Negotiation_45,R4,2026-09-10T05:19:32.466574Z,behavior_monitor,19,410,589,419,556,1064,564,34.31,654.0,644.92,system,NA,0.95,2.84,64.92,135.3,124.58,0.0,163.34
Negotiation_45,R4,2026-09-10T05:19:32.978870Z,behavior_monitor,19,440,667,397,618,1039,598,65.58,602.65,642.52,system,NA,0.902,2.84,64.17,129.41,90.0,130.47,125.75
Negotiation_45,R4,2026-09-10T05:19:33.488904Z,behavior_monitor,19,486,737,416,682,1000,652,89.38,520.93,585.19,system,NA,0.854,2.84,62.58,135.75,53.91,130.47,125.75
Negotiation_45,R4,2026-09-10T05:19:33.998045Z,behavior_monitor,19,547,791,473,721,961,706,102.27,421.99,488.31,system,NA,0.805,2.84,15.29,137.19,29.14,130.47,125.75
Negotiation_45,R4,2026-09-10T05:19:34.506603Z,behavior_monitor,19,617,837,534,755,922,761,116.89,315.07,388.72,system,NA,0.729,2.84,36.79,137.09,28.98,130.47,125.75
Negotiation_45,R4,2026-09-10T05:19:35.017297Z,behavior_monitor,19,665,905,595,789,884,815,135.01,236.71,289.76,system,NA,0.637,2.84,58.95,137.34,29.17,130.47,125.75
Negotiation_45,R4,2026-09-10T05:19:35.339074Z,flight_missed,19,696,954,635,813,858,851,152.72,192.01,225.83,system,NA,0.557,2.84,58.95,137.54,34.38,130.47,125.75
Negotiation_45,R4,2026-09-10T05:19:35.340230Z,flight_spawn,20,668,-20,635,813,858,851,834.49,891.51,225.83,system,NA,0.517,3.58,123.97,137.54,34.38,130.47,125.75
Negotiation_45,R4,2026-09-10T05:19:36.255811Z,human_signal,20,567,140,614,745,808,782,606.9,685.83,197.24,human,i_can,0.531,3.58,123.97,129.41,180.0,130.47,-125.75
Negotiation_45,R4,2026-09-10T05:19:36.272664Z,behavior_monitor,20,567,140,614,745,807,780,606.9,684.23,196.03,system,NA,0.53,3.58,123.97,129.41,180.0,97.85,-125.75
Negotiation_45,R4,2026-09-10T05:19:36.782396Z,behavior_monitor,20,500,222,548,745,778,740,524.76,587.35,230.11,system,NA,0.528,3.58,145.49,129.41,180.0,97.85,-125.75
Negotiation_45,R4,2026-09-10T05:19:37.296382Z,behavior_monitor,20,411,279,482,745,765,721,471.46,566.15,283.47,system,NA,0.546,3.58,133.99,129.41,180.0,0.0,-125.75
Negotiation_45,R4,2026-09-10T05:19:37.703858Z,agent_signal,20,326,313,427,756,765,721,453.82,598.81,339.24,agent,your_turn,0.569,3.58,163.88,134.24,164.59,0.0,-125.75
Negotiation_45,R4,2026-09-10T05:19:37.805949Z,behavior_monitor,20,309,318,416,759,759,713,453.21,598.0,345.68,system,NA,0.569,3.58,163.88,134.24,164.59,97.85,-125.75
Negotiation_45,R4,2026-09-10T05:19:38.316895Z,behavior_monitor,20,216,360,350,771,730,672,431.69,601.1,392.23,system,NA,0.582,3.58,135.24,129.41,180.0,97.85,-125.75
Negotiation_45,R4,2026-09-10T05:19:38.826970Z,behavior_monitor,20,159,451,284,771,721,660,343.61,600.48,450.88,system,NA,0.636,3.58,108.31,129.41,180.0,0.0,-58.14
Negotiation_45,R4,2026-09-10T05:19:39.337897Z,behavior_monitor,20,126,553,218,771,707,641,236.65,588.13,506.02,system,NA,0.713,3.58,108.31,129.41,180.0,130.47,-125.75
Negotiation_45,R4,2026-09-10T05:19:39.847469Z,behavior_monitor,20,81,649,152,771,669,628,140.3,587.38,535.49,system,NA,0.807,3.58,111.47,129.41,180.0,130.47,125.75
Negotiation_45,R4,2026-09-10T05:19:40.360374Z,behavior_monitor,20,22,736,87,780,630,682,78.65,609.84,551.37,system,NA,0.886,3.58,135.17,138.13,149.57,130.47,125.75
Negotiation_45,R4,2026-09-10T05:19:40.650340Z,shot_miss,20,47,778,57,806,608,713,29.51,564.6,558.92,human,NA,0.95,2.95,58.88,139.79,134.89,130.47,125.75
Negotiation_45,R4,2026-09-10T05:19:40.871055Z,behavior_monitor,20,54,815,48,815,590,737,6.58,541.41,547.97,system,NA,0.988,2.95,82.44,0.0,135.51,130.47,125.75
Negotiation_45,R4,2026-09-10T05:19:41.075129Z,shot_miss,20,38,843,61,808,574,759,41.55,543.04,515.96,human,NA,0.929,2.95,139.47,125.53,-37.53,130.47,125.75
Negotiation_45,R4,2026-09-10T05:19:41.381469Z,behavior_monitor,20,32,877,91,788,551,792,107.07,525.99,459.48,system,NA,0.831,2.34,54.94,81.6,-35.38,130.47,125.75
Negotiation_45,R4,2026-09-10T05:19:41.890935Z,behavior_monitor,20,44,942,93,788,512,846,161.55,477.91,423.41,system,NA,0.747,2.34,107.92,0.0,0.0,130.47,125.75
Negotiation_45,R4,2026-09-10T05:19:41.958968Z,flight_missed,20,40,953,93,788,506,855,173.29,475.63,418.34,system,NA,0.733,2.34,107.92,0.0,0.0,130.47,125.75
Negotiation_45,R5,2026-09-10T05:20:21.851387Z,flight_spawn,1,246,-20,93,788,506,855,822.91,913.36,418.34,system,NA,0.526,3.36,53.42,0.0,0.0,0.0,125.75
Negotiation_45,R5,2026-09-10T05:20:26.397006Z,human_signal,1,462,174,1127,754,382,622,881.64,455.22,756.15,human,your_turn,0.341,3.36,35.45,0.0,0.0,130.47,-54.25
Negotiation_45,R5,2026-09-10T05:20:26.398176Z,behavior_monitor,1,462,174,1127,754,382,622,881.64,455.22,756.15,system,NA,0.341,3.36,35.45,0.0,0.0,130.47,-54.25
Negotiation_45,R5,2026-09-10T05:20:26.398625Z,human_signal,1,464,176,1127,754,382,622,878.52,453.74,756.15,human,your_turn,0.341,3.36,35.45,0.0,0.0,130.47,-54.25
Negotiation_45,R5,2026-09-10T05:20:26.909222Z,behavior_monitor,1,528,246,1142,746,432,566,791.67,334.33,732.32,system,NA,0.297,3.36,91.26,135.63,-25.13,99.11,0.0
Negotiation_45,R5,2026-09-10T05:20:27.418291Z,behavior_monitor,1,496,336,1207,734,478,566,815.18,231.1,748.33,system,NA,0.221,3.36,144.25,127.69,0.0,0.0,0.0
Negotiation_45,R5,2026-09-10T05:20:27.910378Z,agent_signal,1,395,369,1171,743,429,566,861.27,199.54,762.92,agent,i_can,0.188,3.36,166.05,136.57,161.37,99.11,180.0
Negotiation_45,R5,2026-09-10T05:20:27.927478Z,behavior_monitor,1,395,369,1171,743,428,566,861.27,199.26,764.56,system,NA,0.188,3.36,166.05,136.57,161.37,99.11,180.0
Negotiation_45,R5,2026-09-10T05:20:28.437427Z,behavior_monitor,1,306,413,1105,765,378,566,874.01,169.45,754.61,system,NA,0.162,3.36,142.86,136.82,161.06,99.11,180.0
Negotiation_45,R5,2026-09-10T05:20:28.945456Z,behavior_monitor,1,228,473,1039,788,327,566,870.5,136.14,745.92,system,NA,0.135,3.36,142.86,136.95,160.9,99.11,180.0
Negotiation_45,R5,2026-09-10T05:20:29.454525Z,behavior_monitor,1,168,544,973,812,277,566,849.12,111.11,738.91,system,NA,0.116,3.36,98.29,138.83,158.78,99.11,180.0
Negotiation_45,R5,2026-09-10T05:20:29.945592Z,shot_hit,1,214,625,907,839,226,618,725.31,13.95,716.42,agent,NA,0.019,3.36,45.9,140.9,156.7,169.61,125.75
Negotiation_45,R5,2026-09-10T05:20:29.946297Z,flight_spawn,2,708,-20,907,839,226,618,882.76,799.7,716.42,system,NA,0.475,3.17,50.93,140.9,156.7,169.61,125.75
Negotiation_45,R5,2026-09-10T05:20:30.950068Z,human_signal,2,824,122,904,822,279,566,704.15,702.22,674.86,human,i_can,0.499,3.17,32.46,140.21,-39.34,76.24,0.0
Negotiation_45,R5,2026-09-10T05:20:30.966374Z,behavior_monitor,2,824,122,904,822,280,566,704.15,701.47,673.96,system,NA,0.499,3.17,32.46,140.49,-38.53,57.18,0.0
Negotiation_45,R5,2026-09-10T05:20:31.476093Z,behavior_monitor,2,866,201,963,781,309,566,587.85,665.58,688.35,system,NA,0.531,3.17,54.46,142.45,-34.43,57.18,0.0
Negotiation_45,R5,2026-09-10T05:20:31.985499Z,behavior_monitor,2,916,280,1016,733,323,566,463.07,658.16,713.31,system,NA,0.587,3.17,83.72,140.85,-52.77,0.0,0.0
Negotiation_45,R5,2026-09-10T05:20:32.138688Z,agent_signal,2,917,312,1030,713,323,566,416.29,645.68,721.88,agent,your_turn,0.608,3.17,111.8,140.65,-58.13,0.0,0.0
Negotiation_45,R5,2026-09-10T05:20:32.496063Z,behavior_monitor,2,894,371,1029,673,338,566,330.87,589.92,699.94,system,NA,0.641,3.17,111.8,127.85,-154.05,57.18,0.0
Negotiation_45,R5,2026-09-10T05:20:33.005172Z,behavior_monitor,2,842,444,963,682,361,566,266.34,496.56,613.63,system,NA,0.651,3.17,132.73,138.44,159.19,0.0,0.0
Negotiation_45,R5,2026-09-10T05:20:33.514117Z,behavior_monitor,2,765,495,898,711,361,565,254.01,409.75,556.61,system,NA,0.617,3.17,138.58,138.87,154.39,0.0,-83.79
Negotiation_45,R5,2026-09-10T05:20:34.024679Z,behavior_monitor,2,746,585,859,729,395,574,183.22,351.52,489.16,system,NA,0.657,3.17,99.28,134.1,164.81,130.47,54.25
Negotiation_45,R5,2026-09-10T05:20:34.534721Z,behavior_monitor,2,739,676,793,751,433,628,92.33,309.51,380.18,system,NA,0.77,3.17,126.49,138.9,157.19,130.47,54.25
Negotiation_45,R5,2026-09-10T05:20:35.029356Z,shot_hit,2,743,757,730,778,471,680,25.16,283.23,277.24,human,NA,0.918,3.17,47.8,138.42,154.99,130.47,54.25
Negotiation_45,R5,2026-09-10T05:20:35.030404Z,flight_spawn,3,986,-20,730,778,471,680,838.86,868.86,277.24,system,NA,0.509,3.32,52.98,138.42,154.99,130.47,54.25
Negotiation_45,R5,2026-09-10T05:20:35.794720Z,human_signal,3,1107,67,755,778,508,629,792.83,821.34,288.84,human,i_can,0.509,3.32,6.08,135.73,-17.56,130.47,-54.25
Negotiation_45,R5,2026-09-10T05:20:35.812178Z,behavior_monitor,3,1107,67,755,778,508,627,792.83,819.68,289.19,system,NA,0.508,3.32,6.08,128.19,-17.56,103.1,-69.66
Negotiation_45,R5,2026-09-10T05:20:36.322605Z,behavior_monitor,3,1198,95,821,758,538,587,762.23,823.05,330.36,system,NA,0.519,3.32,3.73,135.53,-17.29,97.85,-54.25
Negotiation_45,R5,2026-09-10T05:20:36.832525Z,behavior_monitor,3,1288,117,887,737,552,568,738.17,862.95,375.57,system,NA,0.539,3.32,26.93,135.53,-17.29,0.0,-54.25
Negotiation_45,R5,2026-09-10T05:20:37.342819Z,behavior_monitor,3,1363,178,953,717,560,566,676.83,891.53,420.97,system,NA,0.568,3.32,79.73,135.4,-17.11,76.24,0.0
Negotiation_45,R5,2026-09-10T05:20:37.855573Z,behavior_monitor,3,1409,261,1019,696,599,566,583.8,864.91,439.86,system,NA,0.597,3.32,51.8,135.4,-17.11,76.24,0.0
Negotiation_45,R5,2026-09-10T05:20:38.163195Z,agent_signal,3,1449,311,1061,683,623,566,537.95,865.08,454.06,agent,your_turn,0.617,3.32,51.8,135.07,-16.65,76.24,0.0
Negotiation_45,R5,2026-09-10T05:20:38.365473Z,behavior_monitor,3,1432,337,1085,681,634,566,488.52,830.44,466.01,system,NA,0.63,2.89,142.92,129.41,0.0,57.18,0.0
Negotiation_45,R5,2026-09-10T05:20:38.875792Z,behavior_monitor,3,1371,397,1141,661,663,566,349.88,727.63,487.85,system,NA,0.675,2.89,146.03,137.09,-61.69,43.76,-24.01
Negotiation_45,R5,2026-09-10T05:20:39.387175Z,behavior_monitor,3,1294,439,1190,610,666,565,200.33,640.87,525.32,system,NA,0.762,2.89,141.55,140.59,-38.75,0.0,-32.24
Negotiation_45,R5,2026-09-10T05:20:39.895817Z,behavior_monitor,3,1219,488,1195,545,699,566,62.15,525.76,496.75,system,NA,0.894,2.89,169.44,129.41,-90.0,76.24,0.0
Negotiation_45,R5,2026-09-10T05:20:40.236516Z,shot_hit,3,1165,498,1173,513,725,566,16.73,445.17,451.5,human,NA,0.964,2.89,169.44,129.41,180.0,76.24,0.0
Negotiation_45,R5,2026-09-10T05:20:40.237622Z,flight_spawn,4,809,-20,1173,513,725,566,645.69,592.85,451.5,system,NA,0.479,3.45,54.53,129.41,180.0,76.24,0.0
Negotiation_45,R5,2026-09-10T05:20:41.517426Z,human_signal,4,1009,104,1056,624,802,565,521.77,505.35,260.61,human,i_can,0.492,3.45,4.06,0.0,147.57,76.24,0.0
Negotiation_45,R5,2026-09-10T05:20:41.533407Z,behavior_monitor,4,1009,104,1056,624,803,565,521.77,504.95,259.66,system,NA,0.492,3.45,4.06,33.28,-90.0,57.18,0.0
Negotiation_45,R5,2026-09-10T05:20:42.041990Z,behavior_monitor,4,1110,116,1079,565,832,564,450.46,527.5,247.19,system,NA,0.539,3.45,7.74,139.97,-57.48,57.18,0.0
Negotiation_45,R5,2026-09-10T05:20:42.553059Z,behavior_monitor,4,1197,158,1126,512,846,565,360.78,537.67,285.56,system,NA,0.598,3.45,51.7,140.2,-40.53,23.89,58.29
Negotiation_45,R5,2026-09-10T05:20:43.063646Z,behavior_monitor,4,1277,220,1187,478,846,565,272.52,552.16,352.45,system,NA,0.67,3.45,5.97,129.41,0.0,0.0,58.29
Negotiation_45,R5,2026-09-10T05:20:43.572350Z,behavior_monitor,4,1381,234,1253,478,880,565,275.49,600.82,383.45,system,NA,0.686,3.45,26.5,129.41,0.0,76.24,0.0
Negotiation_45,R5,2026-09-10T05:20:44.084768Z,behavior_monitor,4,1443,295,1319,478,919,565,220.45,589.2,409.27,system,NA,0.728,3.08,112.12,129.41,0.0,76.24,0.0
Negotiation_45,R5,2026-09-10T05:20:44.152292Z,agent_signal,4,1435,310,1330,478,924,565,198.14,571.05,414.95,agent,your_turn,0.742,3.08,112.12,129.41,0.0,76.24,0.0
Negotiation_45,R5,2026-09-10T05:20:44.595354Z,behavior_monitor,4,1408,381,1355,453,950,564,88.75,493.48,420.71,system,NA,0.848,3.08,112.12,129.41,-90.0,57.18,0.0
Negotiation_45,R5,2026-09-10T05:20:44.868264Z,shot_hit,4,1385,427,1372,422,965,564,13.76,441.78,430.74,human,NA,0.97,3.08,112.12,132.5,-39.11,57.18,0.0
Negotiation_45,R5,2026-09-10T05:20:44.869357Z,flight_spawn,5,538,-20,1372,422,965,564,943.8,723.92,430.74,system,NA,0.434,3.28,127.61,132.5,-39.11,57.18,0.0
Negotiation_45,R5,2026-09-10T05:20:46.689845Z,human_signal,5,582,296,1239,573,848,565,713.4,377.96,391.44,human,your_turn,0.346,3.28,74.04,143.23,134.28,81.36,165.14
Negotiation_45,R5,2026-09-10T05:20:46.690491Z,behavior_monitor,5,582,296,1239,573,848,565,713.4,377.96,391.44,system,NA,0.346,3.28,74.04,143.36,134.34,76.24,180.0
Negotiation_45,R5,2026-09-10T05:20:46.690869Z,human_signal,5,583,299,1237,575,848,565,709.98,374.73,389.78,human,your_turn,0.345,3.28,74.04,143.36,134.34,76.24,180.0
Negotiation_45,R5,2026-09-10T05:20:46.756678Z,agent_signal,5,587,312,1231,582,841,565,697.87,358.26,389.95,agent,i_can,0.339,3.28,74.04,143.3,134.47,99.11,180.0
Negotiation_45,R5,2026-09-10T05:20:47.197966Z,behavior_monitor,5,608,390,1188,626,796,565,625.41,256.81,396.09,system,NA,0.291,3.28,76.48,143.22,134.5,99.11,180.0
Negotiation_45,R5,2026-09-10T05:20:47.706889Z,behavior_monitor,5,590,486,1137,678,746,565,579.49,175.03,406.65,system,NA,0.232,3.28,103.15,143.35,134.55,99.11,180.0
Negotiation_45,R5,2026-09-10T05:20:48.217074Z,behavior_monitor,5,570,582,1085,730,695,575,535.73,124.76,419.9,system,NA,0.189,3.28,103.15,143.35,134.55,169.61,125.75
Negotiation_45,R5,2026-09-10T05:20:48.727130Z,behavior_monitor,5,546,676,1034,782,644,645,499.09,103.14,413.14,system,NA,0.171,3.28,108.07,142.65,135.07,169.61,125.75
Negotiation_45,R5,2026-09-10T05:20:49.237578Z,behavior_monitor,5,537,772,982,833,594,715,449.14,80.59,406.29,system,NA,0.152,3.28,83.93,142.76,135.11,169.61,125.75
Negotiation_45,R5,2026-09-10T05:20:49.748375Z,behavior_monitor,5,454,807,931,884,543,785,482.7,91.09,400.28,system,NA,0.159,3.28,169.44,142.76,135.11,169.61,125.75
Negotiation_45,R5,2026-09-10T05:20:50.260398Z,behavior_monitor,5,368,848,879,910,492,844,514.79,124.4,392.34,system,NA,0.195,3.28,144.35,101.15,180.0,169.61,125.75
Negotiation_45,R5,2026-09-10T05:20:50.769908Z,behavior_monitor,5,276,884,828,910,442,879,552.08,166.04,386.69,system,NA,0.231,3.28,139.44,101.15,180.0,169.61,125.75
Negotiation_45,R5,2026-09-10T05:20:51.281381Z,behavior_monitor,5,185,925,776,910,391,910,591.22,206.87,384.73,system,NA,0.259,3.28,169.34,101.54,180.0,99.11,180.0
Negotiation_45,R5,2026-09-10T05:20:51.895736Z,flight_missed,5,71,952,745,900,328,910,675.9,260.63,416.85,system,NA,0.278,3.28,165.65,131.97,-34.33,99.11,180.0
Negotiation_45,R5,2026-09-10T05:20:51.896959Z,flight_spawn,6,426,-20,745,900,328,910,974.04,935.13,416.85,system,NA,0.49,3.3,127.28,131.97,-34.33,99.11,180.0
Negotiation_45,R5,2026-09-10T05:20:53.290725Z,human_signal,6,244,170,744,805,284,794,808.72,626.01,460.38,human,your_turn,0.436,3.3,139.71,134.24,164.59,130.47,-125.75
Negotiation_45,R5,2026-09-10T05:20:53.291743Z,behavior_monitor,6,244,170,744,805,284,794,808.72,626.01,460.38,system,NA,0.436,3.3,139.71,134.24,164.59,130.47,-125.75
Negotiation_45,R5,2026-09-10T05:20:53.292167Z,human_signal,6,241,172,742,806,284,794,808.08,624.08,458.2,human,your_turn,0.436,3.3,139.71,134.24,164.59,130.47,-125.75
Negotiation_45,R5,2026-09-10T05:20:53.801137Z,behavior_monitor,6,152,203,678,823,233,724,813.49,527.77,455.69,system,NA,0.393,3.3,166.33,133.93,165.07,169.61,-125.75
Negotiation_45,R5,2026-09-10T05:20:54.311859Z,behavior_monitor,6,93,280,612,841,182,654,764.03,384.55,468.58,system,NA,0.335,3.3,116.56,134.52,164.16,169.61,-125.75
Negotiation_45,R5,2026-09-10T05:20:54.823816Z,behavior_monitor,6,92,378,546,861,132,584,662.47,209.35,498.37,system,NA,0.24,3.3,92.95,135.49,162.77,169.61,-125.75
Negotiation_45,R5,2026-09-10T05:20:55.147623Z,agent_signal,6,84,443,502,874,100,566,600.9,123.71,506.9,agent,i_can,0.171,3.3,120.19,135.49,162.77,99.11,180.0
Negotiation_45,R5,2026-09-10T05:20:55.334625Z,behavior_monitor,6,68,472,482,866,81,565,571.56,94.58,501.01,system,NA,0.142,3.3,120.19,128.09,-135.95,99.11,180.0
Negotiation_45,R5,2026-09-10T05:20:55.752917Z,shot_hit,6,28,546,443,818,37,565,496.87,21.73,478.28,agent,NA,0.042,3.3,120.19,148.84,-128.53,105.3,180.0
Negotiation_45,R5,2026-09-10T05:20:55.753534Z,flight_spawn,7,1171,-20,443,818,37,565,1110.03,1275.74,478.28,system,NA,0.535,2.83,45.0,148.84,-128.53,105.3,180.0
Negotiation_45,R5,2026-09-10T05:20:56.619398Z,human_signal,7,1274,78,516,797,69,565,1045.65,1300.84,503.98,human,i_can,0.554,2.83,47.06,140.21,-27.81,76.24,0.0
Negotiation_45,R5,2026-09-10T05:20:56.637036Z,behavior_monitor,7,1274,78,516,797,70,565,1045.65,1299.94,503.11,system,NA,0.554,2.83,47.06,140.46,-28.58,57.18,0.0
Negotiation_45,R5,2026-09-10T05:20:57.147986Z,behavior_monitor,7,1330,140,577,760,99,565,975.23,1302.62,516.69,system,NA,0.572,2.83,47.06,141.47,-31.94,57.18,0.0
Negotiation_45,R5,2026-09-10T05:20:57.656525Z,behavior_monitor,7,1400,181,639,724,113,565,934.4,1343.2,549.8,system,NA,0.59,2.83,17.65,147.91,-27.96,0.0,45.94
Negotiation_45,R5,2026-09-10T05:20:58.168025Z,behavior_monitor,7,1431,198,702,691,115,565,879.82,1365.84,599.91,system,NA,0.608,1.72,165.67,139.18,-27.78,76.24,0.0
Negotiation_45,R5,2026-09-10T05:20:58.677640Z,behavior_monitor,7,1380,209,765,658,154,565,761.62,1277.0,618.14,system,NA,0.626,1.72,171.83,138.88,-27.55,76.24,0.0
Negotiation_45,R5,2026-09-10T05:20:59.186446Z,behavior_monitor,7,1332,216,828,625,192,565,649.19,1191.59,638.1,system,NA,0.647,1.72,175.52,138.82,-27.5,76.24,0.0
Negotiation_45,R5,2026-09-10T05:20:59.697686Z,behavior_monitor,7,1282,221,890,592,231,565,539.67,1105.92,660.42,system,NA,0.672,1.72,161.32,138.82,-27.5,76.24,0.0
Negotiation_45,R5,2026-09-10T05:21:00.207078Z,behavior_monitor,7,1235,237,953,559,269,565,428.25,1020.8,684.43,system,NA,0.704,1.72,161.32,139.46,-28.0,76.24,0.0
Negotiation_45,R5,2026-09-10T05:21:00.715494Z,behavior_monitor,7,1183,254,988,512,309,565,323.85,928.37,680.99,system,NA,0.741,1.72,161.32,129.41,-90.0,76.24,0.0
Negotiation_45,R5,2026-09-10T05:21:01.226863Z,behavior_monitor,7,1138,269,988,446,315,565,231.96,874.24,682.93,system,NA,0.79,1.72,172.37,129.41,-90.0,0.0,0.0
Negotiation_45,R5,2026-09-10T05:21:02.486918Z,agent_signal,7,1028,309,994,368,402,566,68.29,676.75,624.61,agent,your_turn,0.908,1.72,118.94,129.41,180.0,76.24,0.0
Negotiation_45,R5,2026-09-10T05:21:02.503163Z,behavior_monitor,7,1028,309,994,368,403,566,68.29,675.85,623.69,system,NA,0.908,1.72,118.94,129.41,180.0,57.18,0.0
Negotiation_45,R5,2026-09-10T05:21:03.014420Z,behavior_monitor,7,987,331,990,368,432,565,37.31,602.67,591.98,system,NA,0.942,1.72,169.36,125.58,0.0,57.18,0.0
Negotiation_45,R5,2026-09-10T05:21:03.523731Z,behavior_monitor,7,963,360,946,368,446,565,19.11,556.89,537.83,system,NA,0.967,1.72,66.91,0.0,180.0,0.0,0.0
Negotiation_45,R5,2026-09-10T05:21:03.557328Z,shot_hit,7,964,363,946,368,446,565,18.53,556.29,537.83,human,NA,0.968,1.72,66.91,0.0,180.0,0.0,0.0
Negotiation_45,R5,2026-09-10T05:21:03.558105Z,flight_spawn,8,122,-20,946,368,446,565,910.8,669.07,537.83,system,NA,0.423,3.07,130.71,0.0,180.0,0.0,0.0
Negotiation_45,R5,2026-09-10T05:21:04.409557Z,human_signal,8,131,113,932,378,402,565,842.75,526.22,561.48,human,your_turn,0.384,3.07,58.25,139.78,143.51,76.24,180.0
Negotiation_45,R5,2026-09-10T05:21:04.410671Z,behavior_monitor,8,131,113,932,378,402,565,842.75,526.22,561.48,system,NA,0.384,3.07,58.25,139.78,143.51,76.24,180.0
Negotiation_45,R5,2026-09-10T05:21:04.411098Z,human_signal,8,133,116,930,379,402,565,838.95,523.09,559.2,human,your_turn,0.384,3.07,58.25,139.78,143.51,76.24,180.0
Negotiation_45,R5,2026-09-10T05:21:04.919984Z,behavior_monitor,8,147,197,877,427,352,564,764.96,419.71,542.99,system,NA,0.354,3.07,107.96,144.38,134.0,99.11,180.0
Negotiation_45,R5,2026-09-10T05:21:05.433319Z,behavior_monitor,8,105,274,826,480,302,564,750.33,350.47,531.23,system,NA,0.318,3.07,149.9,144.67,133.67,99.11,180.0
Negotiation_45,R5,2026-09-10T05:21:05.943447Z,behavior_monitor,8,20,296,775,533,252,564,791.98,354.4,524.46,system,NA,0.309,1.87,12.51,144.67,133.67,99.11,180.0
Negotiation_45,R5,2026-09-10T05:21:06.266913Z,agent_signal,8,45,318,741,569,219,564,739.8,301.62,521.89,agent,i_can,0.29,1.87,40.57,144.67,133.67,99.11,180.0
Negotiation_45,R5,2026-09-10T05:21:06.453557Z,behavior_monitor,8,62,323,724,587,200,564,712.88,278.61,524.27,system,NA,0.281,1.87,11.0,144.67,133.67,99.11,180.0
Negotiation_45,R5,2026-09-10T05:21:06.964665Z,behavior_monitor,8,106,348,683,606,150,565,631.85,221.4,534.93,system,NA,0.259,1.87,33.06,0.0,-90.0,99.11,180.0
Negotiation_45,R5,2026-09-10T05:21:07.478317Z,behavior_monitor,8,138,391,683,606,114,565,585.99,175.01,570.42,system,NA,0.23,1.87,80.2,0.0,-90.0,0.0,-148.39
Negotiation_45,R5,2026-09-10T05:21:07.990914Z,behavior_monitor,8,129,445,652,644,112,564,558.97,120.45,545.46,system,NA,0.177,1.87,109.05,141.25,129.45,0.0,180.0
Negotiation_45,R5,2026-09-10T05:21:08.501962Z,behavior_monitor,8,136,496,606,699,112,564,511.63,72.15,511.66,system,NA,0.124,1.87,62.58,141.7,129.42,0.0,0.0
Negotiation_45,R5,2026-09-10T05:21:08.826347Z,shot_miss,8,150,529,576,736,127,564,473.64,41.69,481.11,agent,NA,0.081,1.87,40.58,134.77,127.64,99.11,0.0
Negotiation_45,R5,2026-09-10T05:21:09.012725Z,behavior_monitor,8,162,542,563,754,139,563,452.95,31.45,464.78,system,NA,0.065,1.87,36.39,132.91,126.8,99.11,0.0
Negotiation_45,R5,2026-09-10T05:21:09.046518Z,shot_hit,8,168,546,559,760,144,563,445.64,29.83,459.04,agent,NA,0.063,1.87,36.39,129.03,124.5,99.11,0.0
Negotiation_45,R5,2026-09-10T05:21:09.046945Z,flight_spawn,9,477,-20,559,760,144,563,784.55,672.07,459.04,system,NA,0.461,2.96,47.43,129.03,124.5,99.11,0.0
Negotiation_45,R5,2026-09-10T05:21:10.270211Z,human_signal,9,660,72,630,714,169,563,643.18,695.31,485.35,human,i_can,0.519,2.96,28.07,140.97,-38.37,76.24,0.0
Negotiation_45,R5,2026-09-10T05:21:10.286943Z,behavior_monitor,9,660,72,630,714,169,563,643.18,694.63,484.42,system,NA,0.519,2.96,28.07,140.97,-38.37,57.18,0.0
Negotiation_45,R5,2026-09-10T05:21:10.798188Z,behavior_monitor,9,678,136,686,670,199,564,533.28,641.61,498.57,system,NA,0.546,2.96,124.61,140.97,-38.37,57.18,0.0
Negotiation_45,R5,2026-09-10T05:21:11.308315Z,behavior_monitor,9,627,209,698,618,212,563,415.14,545.05,488.41,system,NA,0.568,2.96,124.61,137.85,-136.52,0.0,0.0
Negotiation_45,R5,2026-09-10T05:21:11.818124Z,behavior_monitor,9,627,291,637,586,213,563,295.41,496.01,424.28,system,NA,0.627,2.96,51.7,136.26,-159.67,0.0,19.38
Negotiation_45,R5,2026-09-10T05:21:12.139218Z,agent_signal,9,667,337,622,565,231,563,232.15,491.14,390.92,agent,your_turn,0.679,2.96,51.7,120.17,-46.34,76.24,0.0
Negotiation_45,R5,2026-09-10T05:21:12.327152Z,behavior_monitor,9,691,354,639,549,242,563,202.34,495.65,396.87,system,NA,0.71,2.96,30.27,139.82,-42.08,57.18,0.0
Negotiation_45,R5,2026-09-10T05:21:12.836394Z,behavior_monitor,9,769,390,698,515,271,563,143.59,527.05,429.78,system,NA,0.786,2.96,14.88,129.41,0.0,57.18,0.0
Negotiation_45,R5,2026-09-10T05:21:13.348683Z,behavior_monitor,9,848,419,763,535,275,563,143.28,591.1,489.27,system,NA,0.805,2.96,84.15,135.21,20.59,0.0,118.48
Negotiation_45,R5,2026-09-10T05:21:13.862493Z,behavior_monitor,9,873,500,828,558,300,564,72.89,576.74,528.34,system,NA,0.888,2.96,56.47,134.97,18.77,76.24,0.0
Negotiation_45,R5,2026-09-10T05:21:14.371362Z,behavior_monitor,9,916,577,894,578,340,569,21.75,575.97,554.31,system,NA,0.964,2.96,60.12,135.02,16.78,130.47,54.25
Negotiation_45,R5,2026-09-10T05:21:14.475029Z,shot_hit,9,923,592,907,582,348,580,18.87,575.95,559.65,human,NA,0.968,2.96,60.12,135.02,16.78,130.47,54.25
Negotiation_45,R5,2026-09-10T05:21:14.475936Z,flight_spawn,10,1031,-20,907,582,348,580,615.29,909.56,559.65,system,NA,0.596,2.83,135.0,135.02,16.78,130.47,54.25
Negotiation_45,R5,2026-09-10T05:21:15.870032Z,human_signal,10,822,65,953,610,418,565,560.81,642.78,536.71,human,your_turn,0.534,2.83,164.72,129.41,180.0,76.24,0.0
Negotiation_45,R5,2026-09-10T05:21:15.870990Z,behavior_monitor,10,822,65,953,610,418,565,560.81,642.78,536.71,system,NA,0.534,2.83,164.72,129.41,180.0,76.24,0.0
Negotiation_45,R5,2026-09-10T05:21:15.871466Z,human_signal,10,820,66,951,610,418,565,560.14,640.68,534.52,human,your_turn,0.534,2.83,164.72,129.41,180.0,76.24,0.0
Negotiation_45,R5,2026-09-10T05:21:16.379221Z,behavior_monitor,10,743,78,887,610,470,565,551.84,558.64,420.07,system,NA,0.503,2.83,164.51,129.41,180.0,99.11,0.0
Negotiation_45,R5,2026-09-10T05:21:16.889794Z,behavior_monitor,10,659,94,845,614,521,565,552.6,491.09,327.89,system,NA,0.471,2.83,172.98,0.0,150.87,99.11,0.0
Negotiation_45,R5,2026-09-10T05:21:17.399611Z,behavior_monitor,10,588,133,808,633,567,564,546.47,432.37,250.52,system,NA,0.442,2.83,134.88,141.23,147.89,0.0,0.0
Negotiation_45,R5,2026-09-10T05:21:17.907953Z,behavior_monitor,10,509,158,749,674,519,564,568.79,406.36,254.76,system,NA,0.417,2.83,166.48,143.87,143.06,99.11,180.0
Negotiation_45,R5,2026-09-10T05:21:18.416903Z,behavior_monitor,10,426,178,690,719,468,565,602.24,388.92,270.77,system,NA,0.392,2.83,166.48,144.93,141.56,99.11,180.0
Negotiation_45,R5,2026-09-10T05:21:18.927257Z,behavior_monitor,10,346,196,632,765,418,565,636.78,375.3,293.63,system,NA,0.371,2.83,167.75,145.09,141.41,99.11,180.0
Negotiation_45,R5,2026-09-10T05:21:19.437948Z,behavior_monitor,10,262,214,575,811,367,565,673.86,365.87,322.14,system,NA,0.352,2.83,167.75,145.09,141.41,99.11,180.0
Negotiation_45,R5,2026-09-10T05:21:19.947130Z,behavior_monitor,10,192,254,533,848,317,565,684.95,334.9,356.34,system,NA,0.328,2.83,123.46,0.0,90.0,99.11,180.0
Negotiation_45,R5,2026-09-10T05:21:20.456431Z,behavior_monitor,10,150,326,533,848,266,565,647.25,265.81,388.78,system,NA,0.291,2.83,76.58,0.0,90.0,99.11,180.0
Negotiation_45,R5,2026-09-10T05:21:20.762395Z,agent_signal,10,159,378,533,848,236,565,600.58,202.15,410.26,agent,i_can,0.252,2.83,104.61,0.0,90.0,99.11,180.0
Negotiation_45,R5,2026-09-10T05:21:20.966214Z,behavior_monitor,10,143,403,533,848,216,565,591.27,177.23,425.13,system,NA,0.231,2.83,127.79,0.0,90.0,99.11,180.0
Negotiation_45,R5,2026-09-10T05:21:21.477446Z,behavior_monitor,10,113,481,533,848,166,565,558.31,99.51,463.82,system,NA,0.151,2.83,105.28,0.0,90.0,99.11,180.0
Negotiation_45,R5,2026-09-10T05:21:21.987723Z,behavior_monitor,10,82,560,488,870,115,564,510.38,33.04,481.9,system,NA,0.061,2.83,104.07,139.46,151.78,80.81,-169.68
Negotiation_45,R5,2026-09-10T05:21:22.089889Z,shot_hit,10,80,579,473,877,103,574,493.45,23.58,478.84,agent,NA,0.046,2.83,81.05,139.55,151.71,169.61,125.75
Negotiation_45,R5,2026-09-10T05:21:22.090933Z,flight_spawn,11,980,-20,473,877,103,574,1030.96,1058.95,478.84,system,NA,0.507,2.84,45.21,139.55,151.71,169.61,125.75
Negotiation_45,R5,2026-09-10T05:21:22.874547Z,human_signal,11,1026,101,558,865,138,566,896.1,1002.4,515.92,human,i_can,0.528,2.84,91.74,136.1,-18.04,76.24,0.0
Negotiation_45,R5,2026-09-10T05:21:22.892014Z,behavior_monitor,11,1026,101,558,865,139,566,896.1,1001.54,515.12,system,NA,0.528,2.84,91.74,136.1,-18.04,57.18,0.0
Negotiation_45,R5,2026-09-10T05:21:23.401191Z,behavior_monitor,11,1055,180,624,846,168,565,792.54,966.45,535.47,system,NA,0.549,2.84,48.96,134.26,-15.45,57.18,0.0
Negotiation_45,R5,2026-09-10T05:21:23.911719Z,behavior_monitor,11,1111,244,690,827,182,565,718.51,982.7,572.4,system,NA,0.578,2.84,48.96,134.44,-15.73,0.0,-123.1
Negotiation_45,R5,2026-09-10T05:21:24.338152Z,agent_signal,11,1130,309,748,811,181,564,630.85,983.11,618.53,agent,your_turn,0.609,2.84,100.08,134.44,-15.73,0.0,-163.34
Negotiation_45,R5,2026-09-10T05:21:24.422198Z,behavior_monitor,11,1130,321,756,809,185,564,614.39,975.15,621.16,system,NA,0.613,2.84,100.08,134.44,-15.73,57.18,0.0
Negotiation_45,R5,2026-09-10T05:21:24.933834Z,behavior_monitor,11,1062,370,822,790,198,564,483.78,885.99,664.54,system,NA,0.647,2.84,146.92,134.32,-15.54,0.0,0.0
Negotiation_45,R5,2026-09-10T05:21:25.442517Z,behavior_monitor,11,977,385,875,765,198,564,393.88,800.1,706.41,system,NA,0.67,2.84,176.41,129.41,-90.0,0.0,0.0
Negotiation_45,R5,2026-09-10T05:21:25.954819Z,behavior_monitor,11,893,390,854,699,213,564,311.44,701.82,654.9,system,NA,0.693,2.84,176.41,136.31,-108.3,76.24,0.0
Negotiation_45,R5,2026-09-10T05:21:26.466864Z,behavior_monitor,11,808,394,819,645,252,563,251.21,581.18,572.62,system,NA,0.698,2.84,178.96,129.41,180.0,76.24,0.0
Negotiation_45,R5,2026-09-10T05:21:26.977924Z,behavior_monitor,11,727,395,753,645,290,563,250.79,467.92,469.87,system,NA,0.651,2.84,178.96,129.41,180.0,76.24,0.0
Negotiation_45,R5,2026-09-10T05:21:27.420965Z,human_signal,11,656,417,696,647,324,564,232.95,363.3,381.18,human,your_turn,0.609,2.84,163.0,132.28,157.51,72.0,0.0
Negotiation_45,R5,2026-09-10T05:21:27.421571Z,human_signal,11,653,418,694,648,324,564,233.22,360.35,379.28,human,your_turn,0.607,2.84,163.0,140.06,157.51,76.24,0.0
Negotiation_45,R5,2026-09-10T05:21:27.488755Z,behavior_monitor,11,645,420,687,651,330,564,234.32,345.45,367.26,system,NA,0.596,2.84,163.0,139.96,151.94,99.11,0.0
Negotiation_45,R5,2026-09-10T05:21:27.997729Z,behavior_monitor,11,571,447,634,701,381,564,261.14,223.32,287.87,system,NA,0.461,2.84,169.08,141.79,135.48,99.11,0.0
Negotiation_45,R5,2026-09-10T05:21:28.389710Z,agent_signal,11,511,474,594,739,419,564,277.41,128.18,247.4,agent,i_can,0.316,2.84,145.01,143.89,139.19,99.11,0.0
Negotiation_45,R5,2026-09-10T05:21:28.508292Z,behavior_monitor,11,496,484,581,750,431,564,279.07,103.13,239.02,system,NA,0.27,2.84,145.01,143.9,140.09,99.11,0.0
Negotiation_45,R5,2026-09-10T05:21:28.917527Z,shot_miss,11,443,527,534,789,429,564,276.79,39.35,248.11,agent,NA,0.124,2.84,119.04,143.05,141.3,99.11,180.0
Negotiation_45,R5,2026-09-10T05:21:29.019628Z,behavior_monitor,11,432,538,524,797,421,564,274.82,28.99,254.54,system,NA,0.095,2.84,142.42,142.94,141.63,99.11,180.0
Negotiation_45,R5,2026-09-10T05:21:29.139206Z,shot_hit,11,414,551,509,809,407,564,274.14,14.46,264.91,agent,NA,0.05,2.84,142.42,142.87,141.66,99.11,180.0
Negotiation_45,R5,2026-09-10T05:21:29.140160Z,flight_spawn,12,712,-20,509,809,407,564,853.65,659.32,264.91,system,NA,0.436,2.98,132.21,142.87,141.66,99.11,180.0
Negotiation_45,R5,2026-09-10T05:21:30.896197Z,human_signal,12,466,136,512,794,470,564,659.16,427.94,233.44,human,your_turn,0.394,2.98,151.44,143.45,154.44,76.24,180.0
Negotiation_45,R5,2026-09-10T05:21:30.896732Z,behavior_monitor,12,466,136,512,794,470,564,659.16,427.94,233.44,system,NA,0.394,2.98,151.44,141.95,155.74,76.24,180.0
Negotiation_45,R5,2026-09-10T05:21:30.896992Z,human_signal,12,463,137,510,795,470,564,658.78,426.57,234.01,human,your_turn,0.393,2.98,151.44,141.95,155.74,76.24,180.0
Negotiation_45,R5,2026-09-10T05:21:31.407515Z,behavior_monitor,12,393,183,446,809,419,564,628.78,382.14,246.77,system,NA,0.378,2.98,150.04,129.41,180.0,99.11,180.0
Negotiation_45,R5,2026-09-10T05:21:31.919348Z,behavior_monitor,12,306,205,380,809,369,565,609.34,365.4,245.07,system,NA,0.375,2.98,172.34,129.41,180.0,99.11,180.0
Negotiation_45,R5,2026-09-10T05:21:32.432462Z,behavior_monitor,12,230,250,314,809,318,565,565.48,326.48,244.82,system,NA,0.366,2.98,117.65,129.41,180.0,99.11,180.0
Negotiation_45,R5,2026-09-10T05:21:32.789756Z,agent_signal,12,206,310,266,809,283,565,502.78,265.68,245.35,agent,i_can,0.346,2.98,109.93,125.25,180.0,99.11,180.0
Negotiation_45,R5,2026-09-10T05:21:32.942035Z,behavior_monitor,12,196,332,253,809,268,565,480.95,243.52,245.24,system,NA,0.336,2.98,138.57,65.87,180.0,99.11,180.0
Negotiation_45,R5,2026-09-10T05:21:33.451908Z,behavior_monitor,12,159,408,206,809,217,565,404.15,167.37,244.91,system,NA,0.293,2.98,114.31,129.41,180.0,99.11,180.0
Negotiation_45,R5,2026-09-10T05:21:33.962727Z,behavior_monitor,12,142,491,181,809,167,565,321.15,78.18,245.02,system,NA,0.196,2.98,98.89,0.0,180.0,99.11,180.0
Negotiation_45,R5,2026-09-10T05:21:34.389233Z,shot_hit,12,115,562,232,809,123,565,273.57,8.37,267.67,agent,NA,0.03,2.98,101.32,68.1,0.0,99.11,180.0
Negotiation_45,R5,2026-09-10T05:21:34.389786Z,flight_spawn,13,806,-20,232,809,123,565,1009.49,899.74,267.67,system,NA,0.471,3.57,55.95,68.1,0.0,99.11,180.0
Negotiation_45,R5,2026-09-10T05:21:35.153956Z,human_signal,13,868,121,323,809,160,565,877.73,835.74,293.82,human,i_can,0.488,3.57,54.88,129.41,0.0,76.24,0.0
Negotiation_45,R5,2026-09-10T05:21:35.170409Z,behavior_monitor,13,868,121,323,809,161,565,877.73,834.92,293.28,system,NA,0.488,3.57,54.88,129.41,0.0,57.18,0.0
Negotiation_45,R5,2026-09-10T05:21:35.684578Z,behavior_monitor,13,894,221,389,809,189,565,775.42,784.46,315.74,system,NA,0.503,3.57,105.36,115.79,0.0,26.63,14.12
Negotiation_45,R5,2026-09-10T05:21:36.192927Z,behavior_monitor,13,867,324,455,809,202,565,636.27,707.54,351.96,system,NA,0.527,3.57,105.36,129.41,0.0,0.0,129.54
Negotiation_45,R5,2026-09-10T05:21:36.701872Z,behavior_monitor,13,881,428,521,809,213,565,524.16,682.16,393.54,system,NA,0.565,3.57,58.41,129.41,0.0,76.24,0.0
Negotiation_45,R5,2026-09-10T05:21:36.955495Z,agent_signal,13,896,482,557,809,232,565,471.31,668.68,406.02,agent,your_turn,0.587,3.57,51.81,129.41,0.0,76.24,0.0
Negotiation_45,R5,2026-09-10T05:21:37.209331Z,behavior_monitor,13,936,512,587,809,247,565,458.52,691.71,419.3,system,NA,0.601,3.57,26.96,129.41,0.0,57.18,0.0
Negotiation_45,R5,2026-09-10T05:21:37.720392Z,behavior_monitor,13,1035,540,653,809,276,565,467.34,759.32,449.43,system,NA,0.619,3.57,3.74,129.41,0.0,57.18,0.0
Negotiation_45,R5,2026-09-10T05:21:38.231916Z,behavior_monitor,13,1144,547,719,809,276,565,499.4,868.15,506.1,system,NA,0.635,3.57,3.74,129.41,0.0,0.0,0.0
Negotiation_45,R5,2026-09-10T05:21:38.743502Z,behavior_monitor,13,1243,554,785,809,292,565,523.9,951.01,550.82,system,NA,0.645,3.57,30.55,129.41,0.0,76.24,0.0
Negotiation_45,R5,2026-09-10T05:21:39.254859Z,behavior_monitor,13,1335,608,851,809,331,603,524.11,1004.42,560.1,system,NA,0.657,3.57,30.55,129.41,0.0,130.47,54.25
Negotiation_45,R5,2026-09-10T05:21:39.766494Z,behavior_monitor,13,1420,671,917,809,369,656,521.27,1050.7,569.1,system,NA,0.668,3.57,15.01,129.41,0.0,130.47,54.25
Negotiation_45,R5,2026-09-10T05:21:40.276830Z,behavior_monitor,13,1422,715,983,809,408,708,448.19,1013.16,583.77,system,NA,0.693,2.27,77.55,129.41,0.0,130.47,54.25
Negotiation_45,R5,2026-09-10T05:21:40.787009Z,behavior_monitor,13,1388,773,1049,809,447,762,340.91,941.12,603.92,system,NA,0.734,2.27,164.26,129.41,0.0,130.47,54.25
Negotiation_45,R5,2026-09-10T05:21:41.296805Z,behavior_monitor,13,1334,813,1115,809,486,808,218.52,848.11,629.6,system,NA,0.795,2.27,112.19,129.41,0.0,130.47,54.25
Negotiation_45,R5,2026-09-10T05:21:41.807337Z,behavior_monitor,13,1314,878,1181,809,525,862,149.37,789.33,658.34,system,NA,0.841,2.27,111.45,129.41,0.0,130.47,54.25
Negotiation_45,R5,2026-09-10T05:21:42.457066Z,flight_missed,13,1275,952,1267,809,574,910,143.15,702.02,699.92,system,NA,0.831,2.27,106.77,129.41,0.0,76.24,0.0
Negotiation_45,R5,2026-09-10T05:21:42.458087Z,flight_spawn,14,1421,-20,1267,809,574,910,844.01,1257.35,699.92,system,NA,0.598,3.28,127.61,129.41,0.0,76.24,0.0
Negotiation_45,R5,2026-09-10T05:21:43.718573Z,human_signal,14,1368,207,1287,742,648,808,540.85,938.13,642.23,human,i_can,0.634,3.28,144.18,129.41,-90.0,130.47,-54.25
Negotiation_45,R5,2026-09-10T05:21:43.735201Z,behavior_monitor,14,1368,207,1287,742,649,807,540.85,936.52,641.12,system,NA,0.634,3.28,144.18,129.41,-90.0,97.85,-54.25
Negotiation_45,R5,2026-09-10T05:21:44.246682Z,behavior_monitor,14,1331,295,1287,676,678,767,383.05,804.7,615.28,system,NA,0.677,3.28,95.54,129.41,-90.0,97.85,-54.25
Negotiation_45,R5,2026-09-10T05:21:44.756894Z,behavior_monitor,14,1289,381,1287,610,691,748,229.39,702.36,611.87,system,NA,0.754,3.28,171.94,129.41,-90.0,0.0,135.6
Negotiation_45,R5,2026-09-10T05:21:44.757802Z,agent_signal,14,1286,381,1287,608,691,748,226.72,699.61,612.37,agent,your_turn,0.755,3.28,171.94,129.41,-90.0,0.0,135.6
Negotiation_45,R5,2026-09-10T05:21:45.267261Z,behavior_monitor,14,1204,420,1229,592,720,708,173.71,563.65,522.38,system,NA,0.764,3.28,157.11,129.41,180.0,97.85,-54.25
Negotiation_45,R5,2026-09-10T05:21:45.777733Z,behavior_monitor,14,1113,440,1163,607,734,687,174.27,453.19,436.65,system,NA,0.722,3.28,127.03,136.73,161.18,0.0,-54.25
Negotiation_45,R5,2026-09-10T05:21:46.287433Z,behavior_monitor,14,1089,536,1097,630,749,665,94.24,364.24,349.71,system,NA,0.794,3.28,101.57,136.79,161.1,130.47,-54.25
Negotiation_45,R5,2026-09-10T05:21:46.798221Z,behavior_monitor,14,1085,632,1053,645,788,624,34.85,297.4,266.0,system,NA,0.895,3.28,76.46,0.0,149.33,130.47,54.25
Negotiation_45,R5,2026-09-10T05:21:46.884040Z,shot_hit,14,1089,648,1063,645,794,633,26.4,295.45,269.08,human,NA,0.918,3.28,76.46,129.41,0.0,130.47,54.25
Negotiation_45,R5,2026-09-10T05:21:46.884566Z,flight_spawn,15,168,-20,1063,645,794,633,1115.77,905.2,269.08,system,NA,0.448,3.59,56.18,129.41,0.0,130.47,54.25
Negotiation_45,R5,2026-09-10T05:21:47.738234Z,human_signal,15,301,88,1091,712,749,570,1006.68,657.57,370.89,human,your_turn,0.395,3.59,0.16,143.44,135.22,130.47,-125.75
Negotiation_45,R5,2026-09-10T05:21:47.739259Z,behavior_monitor,15,301,88,1091,712,749,570,1006.68,657.57,370.89,system,NA,0.395,3.59,0.16,135.47,135.22,123.22,-125.75
Negotiation_45,R5,2026-09-10T05:21:47.739728Z,human_signal,15,305,88,1089,714,749,570,1003.52,655.12,369.91,human,your_turn,0.395,3.59,0.16,135.47,135.22,123.22,-125.75
Negotiation_45,R5,2026-09-10T05:21:48.250142Z,behavior_monitor,15,401,110,1034,758,698,565,906.11,543.56,387.54,system,NA,0.375,3.59,51.85,141.75,145.98,99.11,180.0
Negotiation_45,R5,2026-09-10T05:21:48.760520Z,behavior_monitor,15,467,195,974,796,648,565,786.09,411.79,399.47,system,NA,0.344,3.59,51.85,139.94,151.87,99.11,180.0
Negotiation_45,R5,2026-09-10T05:21:49.272036Z,behavior_monitor,15,541,274,909,826,597,565,664.01,296.77,406.64,system,NA,0.309,3.59,34.63,139.96,155.98,99.11,180.0
Negotiation_45,R5,2026-09-10T05:21:49.697398Z,agent_signal,15,626,309,854,830,589,565,568.83,258.62,375.05,agent,i_can,0.313,3.59,31.57,90.71,180.0,99.11,0.0
Negotiation_45,R5,2026-09-10T05:21:49.782756Z,behavior_monitor,15,637,315,850,827,598,565,554.42,252.77,363.73,system,NA,0.313,3.59,9.16,68.71,-129.41,99.11,0.0
Negotiation_45,R5,2026-09-10T05:21:50.292389Z,behavior_monitor,15,709,389,891,793,648,565,443.24,186.41,333.37,system,NA,0.296,3.59,60.17,136.2,-22.69,99.11,0.0
Negotiation_45,R5,2026-09-10T05:21:50.801844Z,behavior_monitor,15,763,478,956,770,699,565,350.18,108.47,329.05,system,NA,0.237,3.59,36.95,135.28,-16.94,99.12,-5.32
Negotiation_45,R5,2026-09-10T05:21:51.313053Z,behavior_monitor,15,835,555,1022,763,749,565,279.87,86.18,337.06,system,NA,0.235,3.59,60.33,129.41,0.0,99.11,0.0
Negotiation_45,R5,2026-09-10T05:21:51.816484Z,behavior_monitor,15,864,656,980,780,800,624,169.52,71.95,238.48,system,NA,0.298,3.59,61.13,140.71,156.88,169.61,54.25
Negotiation_45,R5,2026-09-10T05:21:52.325307Z,behavior_monitor,15,943,729,917,813,850,694,88.27,98.64,136.6,system,NA,0.528,3.59,35.74,142.23,125.93,169.61,54.25
Negotiation_45,R5,2026-09-10T05:21:52.631493Z,human_signal,15,981,785,938,850,881,736,78.43,111.75,128.62,human,i_can,0.588,3.59,56.25,139.27,42.22,145.67,53.93
Negotiation_45,R5,2026-09-10T05:21:52.836954Z,behavior_monitor,15,993,821,960,865,893,752,55.48,121.73,131.56,system,NA,0.687,3.59,84.96,137.88,33.74,97.85,54.25
Negotiation_45,R5,2026-09-10T05:21:53.007814Z,shot_hit,15,993,857,980,877,902,766,24.56,128.89,135.78,human,NA,0.84,3.59,84.96,136.82,28.49,97.85,54.25
Negotiation_45,R5,2026-09-10T05:21:53.008156Z,flight_spawn,16,563,-20,980,877,902,766,989.58,856.1,135.78,system,NA,0.464,3.39,126.16,136.82,28.49,97.85,54.25
Negotiation_45,R5,2026-09-10T05:21:53.823349Z,human_signal,16,570,125,989,904,859,707,884.57,649.1,236.73,human,your_turn,0.423,3.39,55.71,133.6,165.62,130.47,-125.75
Negotiation_45,R5,2026-09-10T05:21:53.824270Z,behavior_monitor,16,570,125,989,904,859,707,884.57,649.1,236.73,system,NA,0.423,3.39,55.71,134.39,164.36,130.47,-125.75
Negotiation_45,R5,2026-09-10T05:21:53.824680Z,human_signal,16,571,128,987,905,859,707,881.07,646.08,236.06,human,your_turn,0.423,3.39,76.51,134.39,164.36,130.47,-125.75
Negotiation_45,R5,2026-09-10T05:21:54.334770Z,behavior_monitor,16,626,204,923,910,808,636,765.53,469.35,296.18,system,NA,0.38,3.39,53.6,129.41,180.0,169.61,-125.75
Negotiation_45,R5,2026-09-10T05:21:54.844742Z,behavior_monitor,16,712,258,873,861,758,566,625.09,312.0,317.07,system,NA,0.333,3.39,25.34,139.04,-117.77,169.61,-125.75
Negotiation_45,R5,2026-09-10T05:21:55.338449Z,agent_signal,16,795,309,852,796,757,566,490.11,259.98,248.29,agent,i_can,0.347,3.39,54.57,129.41,-90.0,99.11,0.0
Negotiation_45,R5,2026-09-10T05:21:55.355519Z,behavior_monitor,16,795,309,852,796,759,566,490.11,259.74,247.65,system,NA,0.346,3.39,54.57,129.41,-90.0,99.11,0.0
Negotiation_45,R5,2026-09-10T05:21:55.862441Z,behavior_monitor,16,848,394,852,740,809,565,345.82,174.59,180.72,system,NA,0.335,3.39,75.4,0.0,-90.0,99.11,0.0
Negotiation_45,R5,2026-09-10T05:21:56.370790Z,behavior_monitor,16,872,493,892,740,848,565,248.21,76.08,180.28,system,NA,0.235,3.39,75.4,129.41,0.0,99.11,0.0
Negotiation_45,R5,2026-09-10T05:21:56.778508Z,shot_hit,16,874,576,947,740,857,571,179.9,17.3,191.84,agent,NA,0.088,3.39,98.47,129.41,0.0,137.65,90.0
Negotiation_45,R5,2026-09-10T05:21:56.779101Z,flight_spawn,17,858,-20,947,740,857,571,766.0,591.1,191.84,system,NA,0.436,2.83,45.0,129.41,0.0,137.65,90.0
Negotiation_45,R5,2026-09-10T05:21:58.291407Z,human_signal,17,819,179,883,765,831,565,589.94,386.34,206.95,human,your_turn,0.396,2.83,146.07,139.22,121.77,76.24,180.0
Negotiation_45,R5,2026-09-10T05:21:58.292584Z,behavior_monitor,17,819,179,883,765,831,565,589.94,386.34,206.95,system,NA,0.396,2.83,146.07,140.48,123.3,76.24,180.0
Negotiation_45,R5,2026-09-10T05:21:58.293083Z,human_signal,17,817,180,882,767,831,565,590.45,384.85,208.52,human,your_turn,0.395,2.83,146.07,140.48,123.3,76.24,180.0
Negotiation_45,R5,2026-09-10T05:21:58.801324Z,behavior_monitor,17,765,243,830,812,781,565,573.07,322.47,252.16,system,NA,0.36,2.83,141.15,138.99,149.88,99.11,180.0
Negotiation_45,R5,2026-09-10T05:21:59.313975Z,behavior_monitor,17,698,296,765,840,730,565,548.2,270.82,277.39,system,NA,0.331,2.83,141.15,135.38,162.93,99.11,180.0
Negotiation_45,R5,2026-09-10T05:21:59.738002Z,agent_signal,17,636,331,708,857,687,566,530.63,240.23,291.71,agent,i_can,0.312,2.83,167.24,134.37,164.38,99.11,180.0
Negotiation_45,R5,2026-09-10T05:21:59.822749Z,behavior_monitor,17,626,333,699,859,678,566,530.63,238.1,294.04,system,NA,0.31,2.83,167.24,133.53,165.74,99.11,180.0
Negotiation_45,R5,2026-09-10T05:22:00.332764Z,behavior_monitor,17,545,352,633,859,628,566,514.95,229.31,293.7,system,NA,0.308,2.83,167.24,129.41,180.0,99.11,180.0
Negotiation_45,R5,2026-09-10T05:22:00.841257Z,behavior_monitor,17,471,383,567,859,578,566,486.14,211.8,293.86,system,NA,0.303,2.83,168.04,129.41,180.0,99.11,180.0
Negotiation_45,R5,2026-09-10T05:22:01.352883Z,behavior_monitor,17,389,404,501,859,528,566,468.69,212.66,294.87,system,NA,0.312,2.83,164.62,129.41,180.0,99.11,180.0
Negotiation_45,R5,2026-09-10T05:22:01.862512Z,behavior_monitor,17,310,425,435,859,478,565,452.14,218.27,297.56,system,NA,0.326,2.83,168.92,129.41,180.0,99.11,180.0
Negotiation_45,R5,2026-09-10T05:22:02.372043Z,behavior_monitor,17,233,456,369,859,426,565,425.51,221.57,300.5,system,NA,0.342,2.83,138.2,122.22,180.0,93.6,180.0
Negotiation_45,R5,2026-09-10T05:22:02.884097Z,behavior_monitor,17,154,482,303,859,376,565,405.78,236.81,303.83,system,NA,0.369,2.83,158.23,129.41,180.0,99.11,180.0
Negotiation_45,R5,2026-09-10T05:22:03.396147Z,behavior_monitor,17,80,523,237,859,325,564,371.87,249.18,308.31,system,NA,0.401,2.83,164.21,122.22,180.0,93.6,180.0
Negotiation_45,R5,2026-09-10T05:22:03.909526Z,behavior_monitor,17,28,561,171,859,275,564,331.16,246.86,313.09,system,NA,0.427,2.16,50.44,129.41,180.0,99.11,180.0
Negotiation_45,R5,2026-09-10T05:22:04.420572Z,behavior_monitor,17,92,579,156,862,224,573,291.1,132.4,296.73,system,NA,0.313,2.16,8.27,134.15,15.28,99.11,180.0
Negotiation_45,R5,2026-09-10T05:22:04.931064Z,shot_hit,17,161,590,225,882,172,585,298.49,12.06,301.12,agent,NA,0.039,2.16,25.16,134.09,15.18,169.61,125.75
Negotiation_45,R5,2026-09-10T05:22:04.932136Z,flight_spawn,18,623,-20,225,882,172,585,986.12,755.13,301.12,system,NA,0.434,3.07,130.58,134.09,15.18,169.61,125.75
Negotiation_45,R5,2026-09-10T05:22:06.565484Z,human_signal,18,771,158,436,890,273,566,804.6,643.16,362.51,human,i_can,0.444,3.07,10.01,129.41,0.0,76.24,0.0
Negotiation_45,R5,2026-09-10T05:22:06.582759Z,behavior_monitor,18,771,158,436,890,274,566,804.6,642.41,362.07,system,NA,0.444,3.07,10.01,129.41,0.0,57.18,0.0
Negotiation_45,R5,2026-09-10T05:22:07.094963Z,behavior_monitor,18,840,209,502,890,303,566,759.64,643.93,379.94,system,NA,0.459,3.07,62.66,129.41,0.0,57.18,0.0
Negotiation_45,R5,2026-09-10T05:22:07.609449Z,behavior_monitor,18,888,287,568,889,316,566,681.65,636.58,409.39,system,NA,0.483,3.07,61.56,133.51,-14.24,0.0,128.4
Negotiation_45,R5,2026-09-10T05:22:08.119066Z,behavior_monitor,18,911,373,634,870,316,566,568.83,625.58,439.94,system,NA,0.524,3.07,63.96,134.89,-16.4,0.0,127.23
Negotiation_45,R5,2026-09-10T05:22:08.630527Z,behavior_monitor,18,936,460,700,850,349,566,456.49,595.75,451.34,system,NA,0.566,3.07,67.96,134.89,-16.4,76.24,0.0
Negotiation_45,R5,2026-09-10T05:22:09.074656Z,agent_signal,18,985,521,759,833,383,566,385.42,603.87,461.23,agent,your_turn,0.61,3.07,41.18,134.89,-16.4,76.24,0.0
Negotiation_45,R5,2026-09-10T05:22:09.143164Z,behavior_monitor,18,992,528,766,831,387,566,378.27,605.98,462.32,system,NA,0.616,3.07,64.9,134.98,-16.51,57.18,0.0
Negotiation_45,R5,2026-09-10T05:22:09.655278Z,behavior_monitor,18,1030,611,832,811,416,586,281.92,614.58,472.74,system,NA,0.686,3.07,64.9,134.98,-16.51,97.85,54.25
Negotiation_45,R5,2026-09-10T05:22:10.165915Z,behavior_monitor,18,1074,695,898,805,426,600,207.82,654.96,514.1,system,NA,0.759,3.07,90.92,122.22,0.0,0.0,54.25
Negotiation_45,R5,2026-09-10T05:22:10.676102Z,behavior_monitor,18,1092,781,964,805,426,600,130.45,690.32,575.36,system,NA,0.841,3.07,43.61,129.41,0.0,0.0,-105.84
Negotiation_45,R5,2026-09-10T05:22:11.186554Z,behavior_monitor,18,1160,842,1030,809,453,637,134.63,736.16,601.62,system,NA,0.845,3.07,7.62,134.67,16.06,130.47,54.25
Negotiation_45,R5,2026-09-10T05:22:11.697665Z,behavior_monitor,18,1257,854,1096,830,492,691,162.89,781.92,619.43,system,NA,0.828,3.07,7.62,136.55,19.78,130.47,54.25
Negotiation_45,R5,2026-09-10T05:22:12.205765Z,behavior_monitor,18,1353,867,1161,854,531,745,191.92,830.54,639.46,system,NA,0.812,3.07,7.62,136.64,19.88,130.47,54.25
Negotiation_45,R5,2026-09-10T05:22:12.714088Z,behavior_monitor,18,1437,887,1227,878,571,799,210.75,871.14,660.87,system,NA,0.805,3.07,12.18,136.68,19.93,151.54,46.61
Negotiation_45,R5,2026-09-10T05:22:13.224191Z,behavior_monitor,18,1403,901,1292,902,610,853,110.28,794.14,684.14,system,NA,0.878,1.88,165.91,136.68,19.93,130.47,54.25
Negotiation_45,R5,2026-09-10T05:22:13.564414Z,shot_miss,18,1374,923,1336,910,636,889,40.67,739.37,700.49,human,NA,0.948,1.88,132.51,128.5,0.0,130.47,54.25
Negotiation_45,R5,2026-09-10T05:22:13.734371Z,behavior_monitor,18,1361,937,1358,910,649,907,27.46,713.24,709.16,system,NA,0.963,1.88,132.51,128.5,0.0,130.47,54.25
Negotiation_45,R5,2026-09-10T05:22:13.906164Z,flight_missed,18,1346,952,1382,910,663,910,55.76,684.15,718.93,system,NA,0.925,1.88,132.51,128.5,0.0,76.24,0.0
Negotiation_45,R5,2026-09-10T05:22:13.907293Z,flight_spawn,19,963,-20,1382,910,663,910,1019.85,977.3,718.93,system,NA,0.489,2.84,134.8,128.5,0.0,76.24,0.0
Negotiation_45,R5,2026-09-10T05:22:14.671670Z,human_signal,19,883,69,1332,891,691,870,936.52,823.3,641.08,human,your_turn,0.468,2.84,134.83,129.41,180.0,130.47,-54.25
Negotiation_45,R5,2026-09-10T05:22:14.672624Z,behavior_monitor,19,883,69,1332,891,691,870,936.52,823.3,641.08,system,NA,0.468,2.84,134.83,129.41,180.0,130.47,-54.25
Negotiation_45,R5,2026-09-10T05:22:14.673014Z,human_signal,19,881,71,1330,891,691,870,934.43,820.99,638.88,human,your_turn,0.468,2.84,134.83,129.41,180.0,130.47,-54.25
Negotiation_45,R5,2026-09-10T05:22:15.180158Z,behavior_monitor,19,824,130,1266,909,742,800,895.47,675.42,535.29,system,NA,0.43,2.84,134.83,135.87,162.27,169.61,-54.25
Negotiation_45,R5,2026-09-10T05:22:15.693043Z,behavior_monitor,19,788,193,1200,910,766,729,826.65,536.9,469.45,system,NA,0.394,2.84,55.24,129.41,180.0,137.65,-90.0
Negotiation_45,R5,2026-09-10T05:22:16.204965Z,behavior_monitor,19,821,270,1134,908,795,659,710.85,389.75,420.7,system,NA,0.354,2.84,51.76,133.48,-165.81,169.61,-54.25
Negotiation_45,R5,2026-09-10T05:22:16.715098Z,behavior_monitor,19,872,337,1068,885,845,588,582.14,252.89,371.0,system,NA,0.303,2.84,51.76,138.14,-156.27,169.61,-54.25
Negotiation_45,R5,2026-09-10T05:22:17.226912Z,behavior_monitor,19,927,404,1007,850,896,565,453.52,164.17,306.02,system,NA,0.266,2.84,51.76,140.35,-145.44,99.11,0.0
Negotiation_45,R5,2026-09-10T05:22:17.243301Z,agent_signal,19,931,408,1003,848,898,565,445.04,160.32,301.46,agent,i_can,0.265,2.84,51.76,140.65,-144.93,99.11,0.0
Negotiation_45,R5,2026-09-10T05:22:17.737811Z,behavior_monitor,19,981,471,950,805,946,565,336.07,100.53,240.33,system,NA,0.23,2.84,51.76,142.28,-138.61,99.11,0.0
Negotiation_45,R5,2026-09-10T05:22:18.254296Z,behavior_monitor,19,1019,546,920,758,995,565,233.67,30.07,207.27,system,NA,0.114,2.84,97.95,106.51,-35.87,0.0,0.0
Negotiation_45,R5,2026-09-10T05:22:18.391410Z,shot_hit,19,1015,572,939,751,996,567,195.25,20.35,192.79,agent,NA,0.094,2.84,97.95,126.9,-15.62,0.0,-71.26
Negotiation_45,R5,2026-09-10T05:22:18.392046Z,flight_spawn,20,853,-20,939,751,996,567,776.53,604.45,192.79,system,NA,0.438,3.39,126.11,126.9,-15.62,0.0,-71.26
Negotiation_45,R5,2026-09-10T05:22:19.276091Z,human_signal,20,764,105,900,752,951,565,661.24,496.3,194.35,human,your_turn,0.429,3.39,170.48,136.06,162.01,76.24,180.0
Negotiation_45,R5,2026-09-10T05:22:19.277169Z,behavior_monitor,20,764,105,900,752,951,565,661.24,496.3,194.35,system,NA,0.429,3.39,170.48,136.06,162.01,76.24,180.0
Negotiation_45,R5,2026-09-10T05:22:19.277660Z,human_signal,20,761,106,898,753,951,565,661.75,497.15,195.69,human,your_turn,0.429,3.39,170.48,136.06,162.01,76.24,180.0
Negotiation_45,R5,2026-09-10T05:22:19.786951Z,behavior_monitor,20,677,147,834,781,900,566,653.16,474.6,225.04,system,NA,0.421,3.39,141.54,141.25,155.99,99.11,180.0
Negotiation_45,R5,2026-09-10T05:22:20.295494Z,behavior_monitor,20,595,210,769,810,850,566,624.48,437.57,257.47,system,NA,0.412,3.39,141.54,141.3,155.94,99.11,180.0
Negotiation_45,R5,2026-09-10T05:22:20.805199Z,behavior_monitor,20,509,263,703,838,800,566,607.28,420.04,289.4,system,NA,0.409,3.39,173.77,137.64,160.08,99.11,180.0
Negotiation_45,R5,2026-09-10T05:22:21.316614Z,behavior_monitor,20,406,274,637,860,749,565,630.16,450.29,315.78,system,NA,0.417,3.39,173.77,135.85,162.29,99.11,180.0
Negotiation_45,R5,2026-09-10T05:22:21.825674Z,behavior_monitor,20,305,285,571,879,700,565,650.98,484.77,339.57,system,NA,0.427,3.39,173.77,129.41,180.0,99.11,180.0
Negotiation_45,R5,2026-09-10T05:22:22.336422Z,behavior_monitor,20,206,296,505,879,649,565,654.92,518.26,345.91,system,NA,0.442,3.39,173.77,129.41,180.0,99.11,180.0
Negotiation_45,R5,2026-09-10T05:22:22.489107Z,agent_signal,20,178,308,483,879,634,565,646.75,523.24,348.24,agent,i_can,0.447,3.39,147.07,129.41,180.0,99.11,180.0
Negotiation_45,R5,2026-09-10T05:22:22.840855Z,behavior_monitor,20,135,358,439,879,599,566,602.58,507.96,351.75,system,NA,0.457,3.39,122.9,137.5,180.0,105.3,180.0
Negotiation_45,R5,2026-09-10T05:22:23.351584Z,behavior_monitor,20,51,405,373,879,548,566,572.53,522.6,359.06,system,NA,0.477,3.39,155.03,129.41,180.0,99.11,180.0
Negotiation_45,R5,2026-09-10T05:22:23.862269Z,behavior_monitor,20,62,431,307,879,497,566,510.88,456.23,366.85,system,NA,0.472,2.34,35.74,129.41,180.0,99.11,180.0
Negotiation_45,R5,2026-09-10T05:22:24.371190Z,behavior_monitor,20,85,493,241,879,447,566,416.1,368.99,374.55,system,NA,0.47,2.34,64.56,129.41,180.0,99.11,180.0
Negotiation_45,R5,2026-09-10T05:22:24.882457Z,behavior_monitor,20,110,556,175,879,396,566,328.92,286.03,383.26,system,NA,0.465,2.34,64.56,129.41,180.0,99.11,180.0
Negotiation_45,R5,2026-09-10T05:22:25.392296Z,behavior_monitor,20,145,620,123,879,345,615,260.17,200.81,345.3,system,NA,0.436,2.34,64.56,0.0,180.0,169.61,125.75
Negotiation_45,R5,2026-09-10T05:22:25.900696Z,behavior_monitor,20,193,664,182,879,295,660,214.7,102.04,246.56,system,NA,0.322,2.34,38.7,129.41,0.0,169.61,125.75
Negotiation_45,R5,2026-09-10T05:22:26.139208Z,human_signal,20,219,686,215,879,272,681,192.54,53.25,206.01,human,i_can,0.217,2.34,38.7,129.41,0.0,169.61,125.75
Negotiation_45,R5,2026-09-10T05:22:26.415430Z,behavior_monitor,20,246,708,248,879,256,701,170.62,12.83,178.11,system,NA,0.07,2.34,38.7,129.41,0.0,97.85,125.75
Negotiation_45,R5,2026-09-10T05:22:26.448992Z,shot_hit,20,250,713,255,879,253,705,166.29,8.27,173.9,agent,NA,0.047,2.34,38.7,129.41,0.0,97.85,125.75
Negotiation_45,R6,2026-09-10T05:22:32.995268Z,flight_spawn,1,781,-20,255,879,253,705,1041.7,896.96,173.9,system,NA,0.463,3.37,53.54,0.0,0.0,0.0,125.75
Negotiation_45,R6,2026-09-10T05:22:37.383574Z,human_signal,1,1035,55,1180,702,417,683,662.88,881.13,763.08,human,i_can,0.571,3.37,39.58,123.4,-53.95,140.77,-55.36
Negotiation_45,R6,2026-09-10T05:22:37.400661Z,behavior_monitor,1,1035,55,1180,702,418,682,662.88,879.49,762.14,system,NA,0.57,3.37,39.58,123.58,-57.48,97.85,-54.25
Negotiation_45,R6,2026-09-10T05:22:37.910723Z,behavior_monitor,1,1123,100,1207,641,446,641,547.19,866.53,760.27,system,NA,0.613,3.37,13.27,137.74,-69.97,97.85,-54.25
Negotiation_45,R6,2026-09-10T05:22:38.417956Z,behavior_monitor,1,1216,128,1211,575,460,622,447.13,903.66,752.93,system,NA,0.669,3.37,6.74,129.41,-90.0,0.0,-54.25
Negotiation_45,R6,2026-09-10T05:22:38.926748Z,behavior_monitor,1,1301,177,1211,509,479,595,343.81,922.09,737.47,system,NA,0.728,3.37,58.48,129.41,-90.0,130.47,-54.25
Negotiation_45,R6,2026-09-10T05:22:39.436335Z,behavior_monitor,1,1356,260,1211,480,518,567,263.24,892.56,698.73,system,NA,0.772,3.37,38.07,0.0,-90.0,76.24,0.0
Negotiation_45,R6,2026-09-10T05:22:39.945211Z,behavior_monitor,1,1436,323,1273,480,557,566,226.22,911.34,720.39,system,NA,0.801,3.37,58.07,129.41,0.0,76.24,0.0
Negotiation_45,R6,2026-09-10T05:22:40.420287Z,agent_signal,1,1428,406,1336,480,593,566,117.83,849.87,747.82,agent,your_turn,0.878,3.05,110.5,129.41,0.0,76.24,0.0
Negotiation_45,R6,2026-09-10T05:22:40.454406Z,behavior_monitor,1,1426,409,1339,480,595,566,112.91,845.65,748.08,system,NA,0.882,3.05,110.5,129.41,0.0,57.18,0.0
Negotiation_45,R6,2026-09-10T05:22:40.880097Z,shot_hit,1,1395,476,1391,480,620,567,5.87,780.65,776.02,human,NA,0.993,3.05,133.55,124.87,0.0,57.18,0.0
Negotiation_45,R6,2026-09-10T05:22:40.880686Z,flight_spawn,2,1104,-20,1391,480,620,567,577.22,760.69,776.02,system,NA,0.569,2.83,135.0,124.87,0.0,57.18,0.0
Negotiation_45,R6,2026-09-10T05:22:42.495203Z,human_signal,2,870,86,1235,545,683,565,585.96,514.07,552.51,human,your_turn,0.467,2.83,138.95,134.01,164.95,76.24,0.0
Negotiation_45,R6,2026-09-10T05:22:42.496191Z,behavior_monitor,2,870,86,1235,545,683,565,585.96,514.07,552.51,system,NA,0.467,2.83,138.95,134.01,164.95,76.24,0.0
Negotiation_45,R6,2026-09-10T05:22:42.496562Z,human_signal,2,869,88,1233,546,683,565,584.46,511.84,550.29,human,your_turn,0.467,2.83,138.95,134.01,164.95,76.24,0.0
Negotiation_45,R6,2026-09-10T05:22:43.005385Z,behavior_monitor,2,838,161,1169,563,733,565,520.5,416.94,436.11,system,NA,0.445,2.83,91.18,133.9,165.12,70.36,-5.26
Negotiation_45,R6,2026-09-10T05:22:43.514934Z,behavior_monitor,2,871,239,1103,580,783,564,412.65,337.46,320.54,system,NA,0.45,2.83,65.12,134.05,164.89,99.11,0.0
Negotiation_45,R6,2026-09-10T05:22:44.027275Z,behavior_monitor,2,931,293,1042,613,833,565,337.98,288.55,214.29,system,NA,0.461,2.83,19.1,140.51,130.86,99.11,0.0
Negotiation_45,R6,2026-09-10T05:22:44.454724Z,agent_signal,2,999,317,1012,667,875,565,349.36,276.39,170.71,agent,i_can,0.442,2.83,19.1,138.24,110.59,99.11,0.0
Negotiation_45,R6,2026-09-10T05:22:44.539182Z,behavior_monitor,2,1008,321,1009,675,884,565,354.2,273.47,167.22,system,NA,0.436,2.83,42.07,136.3,108.3,99.11,0.0
Negotiation_45,R6,2026-09-10T05:22:45.050480Z,behavior_monitor,2,1077,373,986,741,935,565,378.84,238.57,183.52,system,NA,0.386,2.83,43.76,148.36,126.95,123.72,-10.73
Negotiation_45,R6,2026-09-10T05:22:45.561082Z,behavior_monitor,2,1154,402,928,784,985,564,443.53,234.19,226.97,system,NA,0.346,2.83,12.28,140.69,156.9,99.11,0.0
Negotiation_45,R6,2026-09-10T05:22:46.072562Z,behavior_monitor,2,1239,419,908,788,1036,564,495.9,249.97,257.71,system,NA,0.335,2.83,9.33,37.91,180.0,99.11,0.0
Negotiation_45,R6,2026-09-10T05:22:46.583467Z,behavior_monitor,2,1323,437,856,788,1086,564,584.64,269.0,321.25,system,NA,0.315,2.83,14.8,0.0,180.0,99.11,0.0
Negotiation_45,R6,2026-09-10T05:22:47.092983Z,behavior_monitor,2,1406,457,899,788,1136,564,605.6,289.77,326.77,system,NA,0.324,2.83,20.38,129.41,0.0,99.11,0.0
Negotiation_45,R6,2026-09-10T05:22:47.602686Z,behavior_monitor,2,1428,486,965,788,1187,564,552.93,253.27,315.79,system,NA,0.314,1.87,148.24,129.41,0.0,99.11,0.0
Negotiation_45,R6,2026-09-10T05:22:48.112391Z,behavior_monitor,2,1403,534,1031,788,1237,564,450.82,168.93,304.74,system,NA,0.273,1.87,129.11,129.41,0.0,99.11,0.0
Negotiation_45,R6,2026-09-10T05:22:48.623855Z,behavior_monitor,2,1363,573,1097,788,1288,568,342.66,75.55,291.44,system,NA,0.181,1.87,154.58,129.41,0.0,99.11,0.0
Negotiation_45,R6,2026-09-10T05:22:48.861481Z,shot_hit,2,1338,585,1130,788,1313,580,291.49,25.96,277.54,agent,NA,0.082,1.87,154.58,129.41,0.0,169.61,54.25
Negotiation_45,R6,2026-09-10T05:22:48.863549Z,flight_spawn,3,785,-20,1130,788,1313,580,879.23,799.77,277.54,system,NA,0.476,2.83,45.0,129.41,0.0,169.61,54.25
Negotiation_45,R6,2026-09-10T05:22:51.278816Z,agent_signal,3,999,310,914,788,1153,566,485.74,298.4,325.78,agent,i_can,0.381,2.83,135.65,38.77,0.0,76.24,180.0
Negotiation_45,R6,2026-09-10T05:22:51.294960Z,behavior_monitor,3,999,310,914,788,1151,566,485.74,297.53,324.54,system,NA,0.38,2.83,135.65,78.7,0.0,99.11,180.0
Negotiation_45,R6,2026-09-10T05:22:51.806632Z,behavior_monitor,3,938,366,947,788,1101,566,421.78,257.36,270.62,system,NA,0.379,2.83,142.48,129.41,180.0,99.11,180.0
Negotiation_45,R6,2026-09-10T05:22:52.197356Z,human_signal,3,889,414,894,788,1062,566,374.39,230.81,278.59,human,i_can,0.381,2.83,96.54,129.41,180.0,99.11,180.0
Negotiation_45,R6,2026-09-10T05:22:52.316633Z,behavior_monitor,3,887,431,881,788,1056,566,357.55,216.13,282.99,system,NA,0.377,2.83,96.54,129.41,180.0,53.11,-161.6
Negotiation_45,R6,2026-09-10T05:22:52.807452Z,agent_signal,3,896,514,817,788,1028,566,285.82,141.89,307.08,agent,your_turn,0.332,2.83,96.18,129.41,180.0,57.18,180.0
Negotiation_45,R6,2026-09-10T05:22:52.824862Z,behavior_monitor,3,896,514,815,788,1027,566,286.44,140.98,307.92,system,NA,0.33,2.83,96.18,122.22,180.0,54.0,180.0
Negotiation_45,R6,2026-09-10T05:22:53.334100Z,behavior_monitor,3,881,598,842,788,998,579,194.26,117.7,260.62,system,NA,0.377,2.83,96.18,129.41,0.0,121.81,134.11
Negotiation_45,R6,2026-09-10T05:22:53.844477Z,behavior_monitor,3,827,660,869,788,985,598,134.91,169.13,222.65,system,NA,0.556,2.83,147.13,129.41,180.0,0.0,-2.57
Negotiation_45,R6,2026-09-10T05:22:54.354008Z,behavior_monitor,3,770,720,803,800,966,625,86.79,217.36,239.37,system,NA,0.715,2.83,118.77,139.1,156.69,130.47,125.75
Negotiation_45,R6,2026-09-10T05:22:54.865253Z,behavior_monitor,3,731,794,740,833,927,679,39.49,227.21,242.12,system,NA,0.852,2.83,118.77,138.82,151.98,130.47,125.75
Negotiation_45,R6,2026-09-10T05:22:55.052734Z,shot_hit,3,715,822,717,845,912,699,23.53,232.84,244.23,human,NA,0.908,2.83,118.77,138.82,151.98,130.47,125.75
Negotiation_45,R6,2026-09-10T05:22:55.053703Z,flight_spawn,4,326,-20,717,845,912,699,949.74,928.08,244.23,system,NA,0.494,3.0,131.82,138.82,151.98,130.47,125.75
Negotiation_45,R6,2026-09-10T05:22:57.428094Z,agent_signal,4,78,316,411,850,811,565,629.7,774.13,491.03,agent,your_turn,0.551,3.0,129.46,129.41,180.0,0.0,180.0
Negotiation_45,R6,2026-09-10T05:22:57.445120Z,behavior_monitor,4,78,316,411,850,811,565,629.7,774.13,491.03,system,NA,0.551,3.0,129.46,129.41,180.0,0.0,180.0
Negotiation_45,R6,2026-09-10T05:22:57.956942Z,behavior_monitor,4,51,401,345,850,792,565,536.81,759.06,530.16,system,NA,0.586,3.0,104.81,129.41,180.0,57.18,180.0
Negotiation_45,R6,2026-09-10T05:22:58.399492Z,human_signal,4,30,480,285,850,780,565,450.16,754.35,570.58,human,i_can,0.626,3.0,104.81,129.41,180.0,0.0,-16.45
Negotiation_45,R6,2026-09-10T05:22:58.467314Z,behavior_monitor,4,28,488,279,850,776,565,440.35,751.47,572.93,system,NA,0.631,3.0,104.81,129.41,180.0,57.18,180.0
Negotiation_45,R6,2026-09-10T05:22:58.978689Z,behavior_monitor,4,51,554,213,850,746,565,337.77,695.93,605.13,system,NA,0.673,2.49,59.6,129.41,180.0,57.18,180.0
Negotiation_45,R6,2026-09-10T05:22:59.489494Z,behavior_monitor,4,93,611,147,843,735,570,238.1,642.65,647.95,system,NA,0.73,2.49,33.19,141.45,-147.11,0.0,-109.05
Negotiation_45,R6,2026-09-10T05:23:00.001820Z,behavior_monitor,4,164,626,164,788,732,574,161.18,569.95,606.66,system,NA,0.78,2.49,6.17,139.21,-33.67,130.47,125.75
Negotiation_45,R6,2026-09-10T05:23:00.512967Z,behavior_monitor,4,233,653,228,759,694,628,105.86,460.78,483.78,system,NA,0.813,2.49,46.76,135.98,-19.47,130.47,125.75
Negotiation_45,R6,2026-09-10T05:23:01.022771Z,behavior_monitor,4,290,699,293,737,655,682,37.93,365.23,365.3,system,NA,0.906,2.49,21.21,128.6,-18.12,123.22,125.75
Negotiation_45,R6,2026-09-10T05:23:01.347291Z,shot_hit,4,329,723,335,723,630,716,6.18,300.75,294.6,human,NA,0.98,2.49,47.93,136.04,-17.97,130.47,125.75
Negotiation_45,R6,2026-09-10T05:23:01.347961Z,flight_spawn,5,737,-20,335,723,630,716,845.39,744.42,294.6,system,NA,0.468,2.83,135.0,136.04,-17.97,130.47,125.75
Negotiation_45,R6,2026-09-10T05:23:05.087623Z,agent_signal,5,262,355,272,737,429,565,382.27,268.78,232.78,agent,i_can,0.413,2.83,135.48,140.38,145.81,76.24,180.0
Negotiation_45,R6,2026-09-10T05:23:05.104260Z,behavior_monitor,5,262,355,272,737,428,565,382.27,267.73,231.65,system,NA,0.412,2.83,135.48,140.38,145.81,99.11,180.0
Negotiation_45,R6,2026-09-10T05:23:05.614750Z,behavior_monitor,5,195,408,208,766,377,565,358.33,240.52,263.2,system,NA,0.402,2.83,160.53,136.38,161.61,99.11,180.0
Negotiation_45,R6,2026-09-10T05:23:05.716570Z,human_signal,5,177,415,193,771,367,564,356.62,241.56,270.95,human,i_can,0.404,2.83,160.53,135.13,163.27,99.11,180.0
Negotiation_45,R6,2026-09-10T05:23:06.125113Z,behavior_monitor,5,118,431,142,773,344,564,342.91,262.16,290.51,system,NA,0.433,2.83,177.76,129.41,180.0,57.18,180.0
Negotiation_45,R6,2026-09-10T05:23:06.312131Z,agent_signal,5,88,436,118,773,333,564,338.41,276.25,300.05,agent,your_turn,0.449,2.83,152.35,129.41,180.0,57.18,180.0
Negotiation_45,R6,2026-09-10T05:23:06.633993Z,behavior_monitor,5,45,457,76,766,315,564,310.66,290.2,312.48,system,NA,0.483,2.83,179.59,132.72,-162.99,57.18,180.0
Negotiation_45,R6,2026-09-10T05:23:07.144792Z,behavior_monitor,5,56,460,85,748,289,564,289.4,255.34,275.02,system,NA,0.469,1.7,3.47,129.41,0.0,0.0,180.0
Negotiation_45,R6,2026-09-10T05:23:07.655427Z,behavior_monitor,5,99,470,151,748,289,564,282.63,211.35,230.06,system,NA,0.428,1.7,28.19,129.41,0.0,0.0,130.52
Negotiation_45,R6,2026-09-10T05:23:07.909395Z,human_signal,5,124,482,184,748,289,564,272.52,183.81,211.99,human,your_turn,0.403,1.7,28.19,129.41,0.0,0.0,130.52
Negotiation_45,R6,2026-09-10T05:23:07.910168Z,human_signal,5,125,483,187,748,289,564,271.95,182.34,210.92,human,your_turn,0.401,1.7,28.19,129.41,0.0,0.0,130.52
Negotiation_45,R6,2026-09-10T05:23:08.163418Z,behavior_monitor,5,147,494,217,748,263,564,263.26,135.28,189.85,system,NA,0.339,1.7,28.19,129.41,0.0,99.11,180.0
Negotiation_45,R6,2026-09-10T05:23:08.673263Z,behavior_monitor,5,182,522,283,748,213,564,247.71,52.25,197.17,system,NA,0.174,1.7,8.08,129.41,0.0,90.19,-176.41
Negotiation_45,R6,2026-09-10T05:23:08.877058Z,shot_miss,5,204,526,312,748,191,564,247.65,40.36,220.26,agent,NA,0.14,1.7,8.08,129.41,0.0,99.11,180.0
Negotiation_45,R6,2026-09-10T05:23:09.184588Z,behavior_monitor,5,230,530,349,748,207,564,248.26,41.09,233.19,system,NA,0.142,1.7,5.4,129.41,0.0,99.11,0.0
Negotiation_45,R6,2026-09-10T05:23:09.234778Z,shot_miss,5,237,531,358,748,213,564,248.89,40.34,234.45,agent,NA,0.139,1.7,5.4,137.5,0.0,105.3,0.0
Negotiation_45,R6,2026-09-10T05:23:09.508003Z,shot_miss,5,265,536,393,748,240,564,247.72,37.08,239.44,agent,NA,0.13,1.7,16.38,129.41,0.0,99.11,0.0
Negotiation_45,R6,2026-09-10T05:23:09.694570Z,behavior_monitor,5,279,545,415,748,256,564,244.71,30.33,243.83,system,NA,0.11,1.7,39.46,129.41,0.0,99.11,0.0
Negotiation_45,R6,2026-09-10T05:23:10.204819Z,behavior_monitor,5,311,585,481,748,287,580,236.57,24.33,257.29,system,NA,0.093,1.7,63.38,129.41,0.0,137.65,90.0
Negotiation_45,R6,2026-09-10T05:23:10.716394Z,behavior_monitor,5,323,633,547,748,300,627,251.98,24.19,275.59,system,NA,0.088,1.7,85.85,129.41,0.0,0.0,90.0
Negotiation_45,R6,2026-09-10T05:23:11.225788Z,behavior_monitor,5,289,663,613,748,273,658,335.42,17.06,352.46,system,NA,0.048,1.7,158.8,129.41,0.0,99.11,180.0
Negotiation_45,R6,2026-09-10T05:23:11.294305Z,shot_hit,5,281,666,624,748,264,662,352.93,17.64,370.56,agent,NA,0.048,1.7,158.8,129.41,0.0,121.07,-174.64
Negotiation_45,R6,2026-09-10T05:23:11.295242Z,flight_spawn,6,719,-20,624,748,264,662,774.44,820.4,370.56,system,NA,0.514,2.83,45.0,129.41,0.0,121.07,-174.64
Negotiation_45,R6,2026-09-10T05:23:12.265737Z,human_signal,6,819,101,750,741,307,603,643.6,717.03,463.99,human,i_can,0.527,2.83,40.01,138.67,-24.18,130.47,-54.25
Negotiation_45,R6,2026-09-10T05:23:12.281884Z,behavior_monitor,6,819,101,750,741,308,602,643.6,715.39,463.47,system,NA,0.526,2.83,40.01,139.48,-27.02,97.85,-54.25
Negotiation_45,R6,2026-09-10T05:23:12.792336Z,behavior_monitor,6,894,133,805,695,338,566,569.16,704.92,484.55,system,NA,0.553,2.83,32.23,141.85,-41.49,57.18,0.0
Negotiation_45,R6,2026-09-10T05:23:13.303986Z,behavior_monitor,6,966,180,864,654,352,566,485.63,725.44,519.98,system,NA,0.599,2.83,6.89,139.33,-29.44,0.0,142.77
Negotiation_45,R6,2026-09-10T05:23:13.815431Z,behavior_monitor,6,1051,190,928,625,357,566,452.31,789.4,573.89,system,NA,0.636,2.83,6.89,135.91,-17.8,76.24,0.0
Negotiation_45,R6,2026-09-10T05:23:14.325083Z,behavior_monitor,6,1123,221,994,621,396,566,420.98,805.17,600.11,system,NA,0.657,2.83,55.3,129.41,0.0,76.24,0.0
Negotiation_45,R6,2026-09-10T05:23:14.837270Z,behavior_monitor,6,1171,291,1060,621,435,566,349.12,786.61,627.38,system,NA,0.693,2.83,55.3,129.41,0.0,76.24,0.0
Negotiation_45,R6,2026-09-10T05:23:15.178174Z,agent_signal,6,1161,344,1106,621,461,567,282.87,735.34,647.7,agent,your_turn,0.722,2.83,113.41,129.41,0.0,76.24,0.0
Negotiation_45,R6,2026-09-10T05:23:15.347299Z,behavior_monitor,6,1148,364,1126,621,470,567,257.88,707.2,657.6,system,NA,0.733,2.83,134.49,125.2,0.0,57.18,0.0
Negotiation_45,R6,2026-09-10T05:23:15.855944Z,behavior_monitor,6,1096,425,1104,564,500,566,138.99,612.52,604.16,system,NA,0.815,2.83,134.49,131.43,-125.59,54.0,0.0
Negotiation_45,R6,2026-09-10T05:23:16.365481Z,behavior_monitor,6,1037,477,1043,534,505,566,57.56,539.74,539.22,system,NA,0.904,2.83,161.32,133.77,-165.34,0.0,0.0
Negotiation_45,R6,2026-09-10T05:23:16.879198Z,behavior_monitor,6,956,502,977,535,537,566,39.19,423.65,440.97,system,NA,0.915,2.83,148.08,133.4,165.96,76.24,0.0
Negotiation_45,R6,2026-09-10T05:23:17.390585Z,behavior_monitor,6,875,531,911,559,576,566,44.83,301.78,335.39,system,NA,0.871,2.83,174.45,148.87,157.46,81.0,0.0
Negotiation_45,R6,2026-09-10T05:23:17.900818Z,behavior_monitor,6,796,549,845,586,615,566,61.88,182.01,231.25,system,NA,0.746,2.83,150.32,132.37,157.42,72.0,0.0
Negotiation_45,R6,2026-09-10T05:23:18.410891Z,behavior_monitor,6,712,566,797,630,654,566,105.99,58.09,155.98,system,NA,0.354,2.83,179.14,133.49,104.2,76.24,0.0
Negotiation_45,R6,2026-09-10T05:23:18.479139Z,human_signal,6,701,566,797,639,660,566,120.32,41.46,155.2,human,your_turn,0.256,2.83,179.14,129.41,90.0,76.24,0.0
Negotiation_45,R6,2026-09-10T05:23:18.480114Z,human_signal,6,698,566,797,641,660,566,124.3,38.1,156.25,human,your_turn,0.235,2.83,179.14,129.41,90.0,76.24,0.0
Negotiation_45,R6,2026-09-10T05:23:18.616506Z,shot_hit,6,674,567,797,659,660,566,153.7,14.3,165.42,agent,NA,0.085,2.83,179.14,129.41,90.0,99.11,180.0
Negotiation_45,R6,2026-09-10T05:23:18.617545Z,flight_spawn,7,560,-20,797,659,660,566,719.6,595.28,165.42,system,NA,0.453,2.9,46.32,129.41,90.0,99.11,180.0
Negotiation_45,R6,2026-09-10T05:23:19.707531Z,human_signal,7,663,127,704,735,631,566,609.56,440.45,184.02,human,i_can,0.419,2.9,43.22,121.17,-146.71,76.24,0.0
Negotiation_45,R6,2026-09-10T05:23:19.724798Z,behavior_monitor,7,663,127,704,735,632,566,609.56,440.38,183.64,system,NA,0.419,2.9,43.22,108.52,-143.37,54.0,0.0
Negotiation_45,R6,2026-09-10T05:23:20.235838Z,behavior_monitor,7,740,177,751,713,661,566,536.37,397.19,172.26,system,NA,0.425,2.9,50.71,129.41,0.0,57.18,0.0
Negotiation_45,R6,2026-09-10T05:23:20.748899Z,behavior_monitor,7,792,244,817,713,674,566,470.47,343.56,205.26,system,NA,0.422,2.9,50.07,129.41,0.0,0.0,-60.03
Negotiation_45,R6,2026-09-10T05:23:21.155071Z,agent_signal,7,801,310,872,713,674,566,409.53,285.65,246.68,agent,i_can,0.411,2.9,120.72,129.41,0.0,0.0,-44.01
Negotiation_45,R6,2026-09-10T05:23:21.256905Z,behavior_monitor,7,793,322,883,713,685,566,401.15,266.45,247.0,system,NA,0.399,2.9,120.72,129.41,0.0,99.11,0.0
Negotiation_45,R6,2026-09-10T05:23:21.716410Z,human_signal,7,764,393,873,721,730,566,345.99,175.91,211.18,human,your_turn,0.337,2.9,96.25,141.54,145.2,99.11,0.0
Negotiation_45,R6,2026-09-10T05:23:21.717555Z,human_signal,7,763,396,872,723,730,566,344.73,172.97,211.54,human,your_turn,0.334,2.9,96.25,141.54,145.2,99.11,0.0
Negotiation_45,R6,2026-09-10T05:23:21.767165Z,behavior_monitor,7,763,402,869,727,735,566,341.97,166.36,209.11,system,NA,0.327,2.9,96.25,141.34,128.31,99.11,0.0
Negotiation_45,R6,2026-09-10T05:23:22.279854Z,behavior_monitor,7,765,487,811,767,742,566,284.42,82.52,212.76,system,NA,0.225,2.9,68.7,137.55,160.19,99.11,0.0
Negotiation_45,R6,2026-09-10T05:23:22.604686Z,shot_miss,7,795,533,767,782,770,566,250.24,40.9,216.13,agent,NA,0.14,2.9,39.07,136.03,162.06,99.11,0.0
Negotiation_45,R6,2026-09-10T05:23:22.792295Z,behavior_monitor,7,822,544,745,789,787,566,257.32,41.48,227.17,system,NA,0.139,2.9,19.02,136.03,162.06,99.11,0.0
Negotiation_45,R6,2026-09-10T05:23:22.826681Z,shot_miss,7,830,546,739,791,792,566,261.35,42.45,231.7,agent,NA,0.14,2.9,19.02,136.03,162.06,99.11,0.0
Negotiation_45,R6,2026-09-10T05:23:23.131417Z,shot_miss,7,881,563,699,804,822,566,301.66,58.44,268.45,agent,NA,0.162,2.9,19.02,136.03,162.06,99.11,0.0
Negotiation_45,R6,2026-09-10T05:23:23.302499Z,behavior_monitor,7,905,572,679,810,838,566,329.19,68.11,291.62,system,NA,0.171,2.9,10.38,136.17,161.87,99.11,0.0
Negotiation_45,R6,2026-09-10T05:23:23.811990Z,behavior_monitor,7,992,596,710,814,888,591,355.81,103.47,284.9,system,NA,0.225,2.9,34.17,129.41,0.0,169.61,54.25
Negotiation_45,R6,2026-09-10T05:23:24.322302Z,behavior_monitor,7,1045,659,776,814,939,653,310.3,105.81,229.06,system,NA,0.254,2.9,53.37,129.41,0.0,169.61,54.25
Negotiation_45,R6,2026-09-10T05:23:24.833435Z,behavior_monitor,7,1123,683,842,814,990,677,309.66,133.33,201.35,system,NA,0.301,2.9,8.71,129.41,0.0,99.11,0.0
Negotiation_45,R6,2026-09-10T05:23:25.345094Z,behavior_monitor,7,1204,696,908,814,1040,691,318.12,163.66,180.47,system,NA,0.34,2.9,8.71,129.41,0.0,99.11,0.0
Negotiation_45,R6,2026-09-10T05:23:25.848778Z,behavior_monitor,7,1287,713,974,814,1091,709,328.53,195.75,157.38,system,NA,0.373,2.9,14.3,137.5,0.0,163.69,45.93
Negotiation_45,R6,2026-09-10T05:23:26.360617Z,behavior_monitor,7,1371,734,1040,815,1142,730,340.51,229.18,132.34,system,NA,0.402,2.9,14.3,133.75,14.65,169.61,54.25
Negotiation_45,R6,2026-09-10T05:23:27.858876Z,flight_missed,7,1436,953,980,908,1292,910,458.33,151.28,311.3,system,NA,0.248,2.29,125.38,129.41,180.0,99.11,0.0
Negotiation_45,R6,2026-09-10T05:23:27.859888Z,flight_spawn,8,437,-20,980,908,1292,910,1075.66,1262.9,311.3,system,NA,0.54,2.83,135.0,129.41,180.0,99.11,0.0
Negotiation_45,R6,2026-09-10T05:23:31.109880Z,agent_signal,8,115,326,602,821,1115,661,694.32,1054.6,536.93,agent,your_turn,0.603,2.83,61.91,129.41,180.0,130.47,-125.75
Negotiation_45,R6,2026-09-10T05:23:31.126071Z,behavior_monitor,8,115,326,602,821,1114,660,694.32,1053.25,536.41,system,NA,0.603,2.83,61.91,129.41,180.0,97.85,-125.75
Negotiation_45,R6,2026-09-10T05:23:31.636708Z,behavior_monitor,8,173,383,536,821,1085,620,568.18,941.69,584.74,system,NA,0.624,2.83,39.27,129.41,180.0,97.85,-125.75
Negotiation_45,R6,2026-09-10T05:23:31.688031Z,human_signal,8,183,391,527,821,1082,616,551.19,927.06,591.66,human,i_can,0.627,2.83,39.27,129.41,180.0,97.85,-125.75
Negotiation_45,R6,2026-09-10T05:23:32.147799Z,behavior_monitor,8,217,452,471,817,1055,579,444.28,847.36,631.35,system,NA,0.656,2.83,68.55,131.27,-132.55,97.85,-125.75
Negotiation_45,R6,2026-09-10T05:23:32.658445Z,behavior_monitor,8,247,531,428,766,1038,566,295.61,791.09,641.77,system,NA,0.728,2.83,90.1,125.47,-159.81,0.0,180.0
Negotiation_45,R6,2026-09-10T05:23:33.169811Z,behavior_monitor,8,234,613,362,764,1034,572,197.93,801.07,699.25,system,NA,0.802,2.83,119.84,122.22,180.0,123.22,125.75
Negotiation_45,R6,2026-09-10T05:23:33.679324Z,behavior_monitor,8,188,687,297,780,995,626,142.74,809.64,715.51,system,NA,0.85,2.83,119.84,140.26,147.32,130.47,125.75
Negotiation_45,R6,2026-09-10T05:23:34.189736Z,behavior_monitor,8,175,768,239,823,956,680,84.58,786.84,731.52,system,NA,0.903,2.83,93.95,141.33,142.04,130.47,125.75
Negotiation_45,R6,2026-09-10T05:23:34.597663Z,shot_miss,8,212,822,194,858,925,723,40.38,720.54,744.18,human,NA,0.947,2.83,48.31,141.27,142.61,130.47,125.75
Negotiation_45,R6,2026-09-10T05:23:34.699805Z,behavior_monitor,8,222,835,190,862,918,734,41.49,702.84,738.33,system,NA,0.944,2.83,48.31,124.69,0.0,130.47,125.75
Negotiation_45,R6,2026-09-10T05:23:34.955102Z,shot_miss,8,252,866,223,862,898,761,29.46,653.69,681.65,human,NA,0.957,2.83,48.31,129.41,0.0,157.3,128.8
Negotiation_45,R6,2026-09-10T05:23:35.211327Z,behavior_monitor,8,281,897,256,862,878,788,42.83,606.69,626.08,system,NA,0.934,2.83,53.76,129.41,0.0,130.47,125.75
Negotiation_45,R6,2026-09-10T05:23:35.720782Z,behavior_monitor,8,353,943,322,882,840,841,68.36,497.59,519.52,system,NA,0.879,2.83,30.95,145.34,22.18,138.63,125.75
Negotiation_45,R6,2026-09-10T05:23:35.805939Z,flight_missed,8,367,952,335,887,832,852,72.74,475.01,498.29,system,NA,0.867,2.83,30.95,135.17,16.79,130.47,125.75
Negotiation_45,R6,2026-09-10T05:23:35.807064Z,flight_spawn,9,959,-20,335,887,832,852,1101.43,881.84,498.29,system,NA,0.445,3.53,124.48,135.17,16.79,130.47,125.75
Negotiation_45,R6,2026-09-10T05:23:36.760038Z,human_signal,9,860,144,445,829,849,778,801.55,634.57,407.25,human,i_can,0.442,3.53,76.58,140.55,-50.69,130.47,-125.75
Negotiation_45,R6,2026-09-10T05:23:36.775918Z,behavior_monitor,9,860,144,445,829,849,777,801.55,633.24,406.46,system,NA,0.441,3.53,76.58,140.57,-51.01,97.85,-125.75
Negotiation_45,R6,2026-09-10T05:23:37.286377Z,behavior_monitor,9,909,236,490,773,865,736,681.54,502.32,376.5,system,NA,0.424,3.53,75.91,141.21,-49.59,97.85,-54.25
Negotiation_45,R6,2026-09-10T05:23:37.796252Z,behavior_monitor,9,951,332,544,727,878,717,566.58,391.72,334.25,system,NA,0.409,3.53,71.05,137.6,-26.72,0.0,-54.25
Negotiation_45,R6,2026-09-10T05:23:37.881291Z,human_signal,9,954,349,555,722,878,717,546.45,375.84,323.47,human,your_turn,0.408,3.53,99.06,137.06,-22.85,0.0,-54.25
Negotiation_45,R6,2026-09-10T05:23:37.882393Z,human_signal,9,953,353,557,721,878,717,541.13,372.21,321.3,human,your_turn,0.408,3.53,99.06,137.06,-22.85,0.0,-54.25
Negotiation_45,R6,2026-09-10T05:23:37.949145Z,agent_signal,9,950,367,566,718,885,708,520.52,347.39,319.53,agent,i_can,0.4,3.53,99.06,137.09,-22.11,169.61,-54.25
Negotiation_45,R6,2026-09-10T05:23:38.306768Z,behavior_monitor,9,964,434,609,708,921,659,447.58,228.69,314.91,system,NA,0.338,3.53,70.89,129.41,0.0,169.61,-54.25
Negotiation_45,R6,2026-09-10T05:23:38.816274Z,behavior_monitor,9,1026,515,675,708,971,589,399.86,91.72,318.69,system,NA,0.187,3.53,42.46,129.41,0.0,169.61,-54.25
Negotiation_45,R6,2026-09-10T05:23:39.325260Z,behavior_monitor,9,1090,597,741,708,1021,584,365.8,69.93,305.82,system,NA,0.16,3.53,71.67,129.41,0.0,174.75,66.03
Negotiation_45,R6,2026-09-10T05:23:39.837427Z,behavior_monitor,9,1105,699,807,725,1072,654,299.33,56.3,274.29,system,NA,0.158,3.53,96.08,137.43,23.96,169.61,54.25
Negotiation_45,R6,2026-09-10T05:23:39.939621Z,shot_miss,9,1104,724,822,733,1080,670,282.15,58.35,266.42,agent,NA,0.171,3.53,96.08,138.5,31.9,137.65,90.0
Negotiation_45,R6,2026-09-10T05:23:40.345928Z,behavior_monitor,9,1093,805,849,778,1076,724,245.42,82.49,232.61,system,NA,0.252,3.53,96.08,135.51,72.74,137.65,90.0
Negotiation_45,R6,2026-09-10T05:23:40.857922Z,behavior_monitor,9,1031,884,862,844,1039,794,173.58,89.71,184.04,system,NA,0.341,3.53,141.64,129.41,90.0,150.24,118.05
Negotiation_45,R6,2026-09-10T05:23:41.367597Z,behavior_monitor,9,930,920,861,910,988,864,70.11,80.47,135.55,system,NA,0.534,3.53,141.36,116.86,106.73,169.61,125.75
Negotiation_45,R6,2026-09-10T05:23:41.606421Z,shot_miss,9,890,951,840,910,965,897,65.12,91.72,125.69,human,NA,0.585,3.53,141.36,116.32,180.0,169.61,125.75
Negotiation_45,R6,2026-09-10T05:23:41.607862Z,flight_missed,9,888,953,838,910,963,900,65.93,92.55,125.79,system,NA,0.584,3.53,141.36,116.32,180.0,169.61,125.75
Negotiation_45,R6,2026-09-10T05:23:41.608279Z,flight_spawn,10,783,-20,838,910,963,900,931.64,937.62,125.79,system,NA,0.502,3.29,52.52,116.32,180.0,169.61,125.75
Negotiation_45,R6,2026-09-10T05:23:42.714986Z,human_signal,10,933,123,732,844,909,817,748.39,693.42,179.67,human,your_turn,0.481,3.29,50.35,137.56,-112.34,105.88,-90.0
Negotiation_45,R6,2026-09-10T05:23:42.716192Z,behavior_monitor,10,933,123,732,844,909,817,748.39,693.42,179.67,system,NA,0.481,3.29,50.35,137.56,-112.34,105.88,-90.0
Negotiation_45,R6,2026-09-10T05:23:42.716795Z,human_signal,10,934,126,731,842,909,817,744.54,690.94,180.22,human,your_turn,0.481,3.29,50.35,137.56,-112.34,105.88,-90.0
Negotiation_45,R6,2026-09-10T05:23:43.224410Z,behavior_monitor,10,996,198,700,782,960,746,654.08,548.62,262.17,system,NA,0.456,3.29,27.63,138.28,-129.16,169.61,-54.25
Negotiation_45,R6,2026-09-10T05:23:43.734663Z,behavior_monitor,10,1087,238,658,725,1011,675,649.51,444.16,356.07,system,NA,0.406,3.29,21.56,129.31,-109.06,181.64,-54.43
Negotiation_45,R6,2026-09-10T05:23:44.210972Z,agent_signal,10,1094,323,656,661,1057,610,554.03,289.28,405.1,agent,i_can,0.343,3.29,82.72,129.41,-90.0,169.61,-54.25
Negotiation_45,R6,2026-09-10T05:23:44.247337Z,behavior_monitor,10,1096,327,656,659,1061,606,551.68,281.13,408.76,system,NA,0.338,3.29,82.72,122.22,-90.0,160.19,-54.25
Negotiation_45,R6,2026-09-10T05:23:44.756909Z,behavior_monitor,10,1128,417,616,604,1105,566,545.34,150.89,490.13,system,NA,0.217,3.29,61.36,139.45,-137.15,99.11,0.0
Negotiation_45,R6,2026-09-10T05:23:45.269715Z,behavior_monitor,10,1164,507,593,557,1141,566,573.09,63.83,547.59,system,NA,0.1,3.29,111.23,140.75,-28.33,0.0,0.0
Negotiation_45,R6,2026-09-10T05:23:45.507693Z,shot_hit,10,1144,551,626,545,1129,566,517.77,20.7,504.03,agent,NA,0.038,3.29,133.32,134.47,-15.78,99.11,180.0
Negotiation_45,R6,2026-09-10T05:23:45.508673Z,flight_spawn,11,1215,-20,626,545,1129,566,816.48,592.43,504.03,system,NA,0.42,3.35,126.69,134.47,-15.78,99.11,180.0
Negotiation_45,R6,2026-09-10T05:23:46.357870Z,human_signal,11,1074,56,600,553,1105,566,686.76,510.62,504.85,human,your_turn,0.426,3.35,152.0,139.95,155.91,76.24,180.0
Negotiation_45,R6,2026-09-10T05:23:46.358910Z,behavior_monitor,11,1074,56,600,553,1105,566,686.76,510.62,504.85,system,NA,0.426,3.35,152.0,139.95,155.91,76.24,180.0
Negotiation_45,R6,2026-09-10T05:23:46.359313Z,human_signal,11,1071,58,598,554,1105,566,685.91,509.23,506.99,human,your_turn,0.426,3.35,152.0,139.95,155.91,76.24,180.0
Negotiation_45,R6,2026-09-10T05:23:46.867603Z,behavior_monitor,11,985,105,534,581,1055,566,655.1,466.52,520.68,system,NA,0.416,3.35,127.32,138.24,159.41,99.11,180.0
Negotiation_45,R6,2026-09-10T05:23:47.378680Z,behavior_monitor,11,933,188,468,606,1004,567,624.7,385.12,537.06,system,NA,0.381,3.35,97.41,138.24,159.41,99.11,180.0
Negotiation_45,R6,2026-09-10T05:23:47.888512Z,behavior_monitor,11,924,288,426,646,954,565,613.32,278.52,533.7,system,NA,0.312,3.35,97.41,129.41,90.0,99.11,180.0
Negotiation_45,R6,2026-09-10T05:23:47.990126Z,agent_signal,11,919,311,430,661,944,565,601.84,254.85,522.47,agent,i_can,0.297,3.35,97.41,135.64,72.57,99.11,180.0
Negotiation_45,R6,2026-09-10T05:23:48.401242Z,behavior_monitor,11,909,387,449,712,903,565,562.77,177.92,476.99,system,NA,0.24,3.35,97.41,138.71,66.16,99.11,180.0
Negotiation_45,R6,2026-09-10T05:23:48.912700Z,behavior_monitor,11,874,476,495,765,865,565,476.98,89.68,420.74,system,NA,0.158,3.35,146.29,138.82,34.7,99.11,180.0
Negotiation_45,R6,2026-09-10T05:23:49.338410Z,shot_hit,11,812,535,523,802,821,566,394.06,32.22,381.02,agent,NA,0.076,3.35,141.31,143.15,138.01,99.11,180.0
Negotiation_45,R6,2026-09-10T05:23:49.339566Z,flight_spawn,12,931,-20,523,802,821,566,918.71,596.25,381.02,system,NA,0.394,2.83,135.0,143.15,138.01,99.11,180.0
Negotiation_45,R6,2026-09-10T05:23:54.820693Z,human_signal,12,144,331,115,544,464,565,215.43,396.33,349.22,human,your_turn,0.648,2.83,112.54,140.62,-125.55,76.24,180.0
Negotiation_45,R6,2026-09-10T05:23:54.821646Z,behavior_monitor,12,144,331,115,544,464,565,215.43,396.33,349.22,system,NA,0.648,2.83,112.54,140.62,-125.55,76.24,180.0
Negotiation_45,R6,2026-09-10T05:23:54.822059Z,human_signal,12,143,333,114,542,464,565,210.85,396.31,350.73,human,your_turn,0.653,2.83,112.54,140.62,-125.55,76.24,180.0
Negotiation_45,R6,2026-09-10T05:23:55.328881Z,behavior_monitor,12,153,415,119,488,413,565,81.33,300.04,303.51,system,NA,0.787,2.83,84.33,136.54,-29.0,99.11,180.0
Negotiation_45,R6,2026-09-10T05:23:55.346264Z,shot_miss,12,154,417,121,488,411,565,78.21,296.42,299.76,human,NA,0.791,2.83,84.33,136.54,-29.0,99.11,180.0
Negotiation_45,R6,2026-09-10T05:23:55.414281Z,agent_signal,12,154,431,132,488,405,565,61.04,283.53,282.64,agent,your_turn,0.823,2.83,84.33,129.41,0.0,99.11,180.0
Negotiation_45,R6,2026-09-10T05:23:55.646905Z,human_signal,12,157,471,163,488,391,565,18.74,252.73,240.51,human,i_can,0.931,2.83,84.33,137.5,0.0,60.75,180.0
Negotiation_45,R6,2026-09-10T05:23:55.831746Z,behavior_monitor,12,159,499,178,493,381,565,19.93,231.17,215.28,system,NA,0.921,2.83,84.33,49.15,90.0,57.18,180.0
Negotiation_45,R6,2026-09-10T05:23:55.951890Z,shot_hit,12,157,518,171,503,374,565,20.22,221.43,212.32,human,NA,0.916,2.83,106.48,128.9,126.5,57.18,180.0
Negotiation_45,R6,2026-09-10T05:23:55.952649Z,flight_spawn,13,589,-20,171,503,374,565,670.16,623.95,212.32,system,NA,0.482,3.29,127.48,128.9,126.5,57.18,180.0
Negotiation_45,R6,2026-09-10T05:23:59.178048Z,human_signal,13,49,240,169,782,221,565,555.03,367.24,223.75,human,your_turn,0.398,3.29,123.52,139.78,40.89,76.24,180.0
Negotiation_45,R6,2026-09-10T05:23:59.178695Z,behavior_monitor,13,49,240,169,782,221,565,555.03,367.24,223.75,system,NA,0.398,3.29,123.52,139.78,40.89,76.24,180.0
Negotiation_45,R6,2026-09-10T05:23:59.179145Z,human_signal,13,47,243,171,784,221,565,554.82,366.02,224.85,human,your_turn,0.397,3.29,123.52,139.78,40.89,76.24,180.0
Negotiation_45,R6,2026-09-10T05:23:59.686115Z,behavior_monitor,13,37,330,223,829,171,564,532.39,269.53,269.83,system,NA,0.336,3.29,74.57,137.66,36.75,99.11,180.0
Negotiation_45,R6,2026-09-10T05:24:00.111057Z,agent_signal,13,58,412,247,832,128,564,459.98,167.31,292.69,agent,i_can,0.267,3.29,74.57,39.05,0.0,99.11,180.0
Negotiation_45,R6,2026-09-10T05:24:00.196646Z,behavior_monitor,13,63,425,249,832,120,564,447.6,150.44,297.34,system,NA,0.252,3.29,74.57,38.9,0.0,99.11,180.0
Negotiation_45,R6,2026-09-10T05:24:00.705425Z,behavior_monitor,13,104,509,269,832,81,564,362.32,59.82,327.22,system,NA,0.142,3.29,46.65,38.68,0.0,99.11,0.0
Negotiation_45,R6,2026-09-10T05:24:00.994390Z,shot_miss,13,156,539,296,832,111,564,324.95,51.16,325.39,agent,NA,0.136,3.29,18.78,129.41,0.0,99.11,0.0
Negotiation_45,R6,2026-09-10T05:24:01.216596Z,behavior_monitor,13,193,551,323,832,131,564,308.88,62.74,328.94,system,NA,0.169,3.29,35.3,129.41,0.0,99.11,0.0
Negotiation_45,R6,2026-09-10T05:24:01.692846Z,shot_miss,13,213,638,386,832,180,613,260.02,41.19,300.43,agent,NA,0.137,3.29,87.08,129.41,0.0,169.61,54.25
Negotiation_45,R6,2026-09-10T05:24:01.726128Z,behavior_monitor,13,214,641,389,832,182,616,258.93,40.58,299.09,system,NA,0.135,3.29,87.08,129.41,0.0,169.61,54.25
Negotiation_45,R6,2026-09-10T05:24:01.981908Z,shot_miss,13,206,691,424,832,190,653,258.68,41.71,294.05,agent,NA,0.139,3.29,110.09,129.41,0.0,169.61,125.75
Negotiation_45,R6,2026-09-10T05:24:02.236767Z,behavior_monitor,13,203,736,455,832,185,686,269.42,53.35,306.38,system,NA,0.165,3.29,105.01,129.41,0.0,137.65,90.0
Negotiation_45,R6,2026-09-10T05:24:02.543805Z,human_signal,13,186,796,453,858,170,728,273.94,70.44,311.5,human,i_can,0.205,3.29,105.01,142.71,135.89,169.61,125.75
Negotiation_45,R6,2026-09-10T05:24:02.747742Z,behavior_monitor,13,176,831,432,875,159,744,259.49,88.84,301.99,system,NA,0.255,3.29,105.01,143.55,145.19,97.85,125.75
Negotiation_45,R6,2026-09-10T05:24:03.172200Z,agent_signal,13,133,905,380,907,136,778,247.23,127.4,276.62,agent,your_turn,0.34,3.29,126.89,142.72,148.14,97.85,125.75
Negotiation_45,R6,2026-09-10T05:24:03.257559Z,behavior_monitor,13,125,916,370,910,131,784,244.85,131.72,270.02,system,NA,0.35,3.29,126.89,121.47,180.0,97.85,125.75
Negotiation_45,R6,2026-09-10T05:24:03.512297Z,flight_missed,13,89,953,337,910,115,806,252.19,149.49,244.69,system,NA,0.372,3.29,124.4,122.1,180.0,97.85,125.75
Negotiation_45,R6,2026-09-10T05:24:03.513001Z,flight_spawn,14,762,-20,337,910,115,806,1022.51,1049.11,244.69,system,NA,0.506,3.51,124.7,122.1,180.0,97.85,125.75
Negotiation_45,R6,2026-09-10T05:24:04.449007Z,human_signal,14,618,91,324,882,155,751,844.76,807.21,213.77,human,your_turn,0.489,3.51,141.09,138.83,-29.84,130.47,-54.25
Negotiation_45,R6,2026-09-10T05:24:04.449667Z,behavior_monitor,14,618,91,324,882,155,751,844.76,807.21,213.77,system,NA,0.489,3.51,141.09,138.83,-29.84,130.47,-54.25
Negotiation_45,R6,2026-09-10T05:24:04.450124Z,human_signal,14,615,93,326,881,155,751,839.89,803.73,214.71,human,your_turn,0.489,3.51,141.09,138.83,-29.84,130.47,-54.25
Negotiation_45,R6,2026-09-10T05:24:04.958798Z,behavior_monitor,14,538,157,383,844,205,681,704.84,621.2,241.29,system,NA,0.468,3.51,141.09,140.61,-46.72,169.61,-54.25
Negotiation_45,R6,2026-09-10T05:24:05.472226Z,behavior_monitor,14,483,241,428,788,256,611,549.78,434.0,246.8,system,NA,0.441,3.51,115.34,140.5,-55.29,169.61,-54.25
Negotiation_45,R6,2026-09-10T05:24:05.828894Z,agent_signal,14,453,311,456,744,291,567,432.93,302.36,242.03,agent,i_can,0.411,3.51,115.34,139.99,-58.63,99.11,0.0
Negotiation_45,R6,2026-09-10T05:24:05.982393Z,behavior_monitor,14,441,337,466,728,307,567,392.04,266.43,226.54,system,NA,0.405,3.51,88.05,139.99,-58.63,99.11,0.0
Negotiation_45,R6,2026-09-10T05:24:06.491308Z,behavior_monitor,14,474,435,503,667,358,565,233.47,173.84,177.93,system,NA,0.427,3.51,65.62,140.53,-57.21,99.11,0.0
Negotiation_45,R6,2026-09-10T05:24:07.000108Z,behavior_monitor,14,548,507,529,671,409,565,164.34,150.5,159.96,system,NA,0.478,3.51,38.81,136.16,71.88,99.11,0.0
Negotiation_45,R6,2026-09-10T05:24:07.508946Z,behavior_monitor,14,592,602,580,718,459,588,116.2,133.33,176.97,system,NA,0.534,3.51,69.36,136.93,26.62,169.61,54.25
Negotiation_45,R6,2026-09-10T05:24:07.713271Z,human_signal,14,615,641,607,730,479,616,89.37,137.6,171.4,human,i_can,0.606,3.51,44.49,136.58,24.98,169.61,54.25
Negotiation_45,R6,2026-09-10T05:24:08.020535Z,behavior_monitor,14,669,663,643,747,497,641,87.33,173.22,180.47,system,NA,0.665,3.51,15.51,136.29,24.63,97.85,54.25
Negotiation_45,R6,2026-09-10T05:24:08.496590Z,agent_signal,14,771,688,703,771,523,677,107.7,247.33,202.46,agent,your_turn,0.697,3.51,14.18,134.42,17.77,0.0,54.25
Negotiation_45,R6,2026-09-10T05:24:08.530250Z,behavior_monitor,14,774,689,707,773,525,680,107.56,248.82,203.99,system,NA,0.698,3.51,14.18,134.36,17.19,97.85,54.25
Negotiation_45,R6,2026-09-10T05:24:09.039228Z,behavior_monitor,14,858,748,773,776,554,720,90.13,305.46,225.92,system,NA,0.772,3.51,36.51,129.41,0.0,97.85,54.25
Negotiation_45,R6,2026-09-10T05:24:09.549366Z,behavior_monitor,14,948,802,839,776,567,738,111.72,386.17,274.74,system,NA,0.776,3.51,33.09,129.41,0.0,0.0,-58.26
Negotiation_45,R6,2026-09-10T05:24:10.059033Z,behavior_monitor,14,1028,870,905,776,569,740,154.51,477.46,338.31,system,NA,0.756,3.51,26.97,129.41,0.0,130.47,54.25
Negotiation_45,R6,2026-09-10T05:24:10.569256Z,behavior_monitor,14,1128,888,971,776,607,794,192.62,529.17,364.09,system,NA,0.733,3.51,28.11,129.41,0.0,130.47,54.25
Negotiation_45,R6,2026-09-10T05:24:11.079454Z,behavior_monitor,14,1231,901,1037,776,646,849,230.42,586.42,397.2,system,NA,0.718,3.51,1.12,129.41,0.0,130.47,54.25
Negotiation_45,R6,2026-09-10T05:24:11.590003Z,behavior_monitor,14,1340,908,1103,776,685,903,270.72,654.62,436.53,system,NA,0.707,3.51,4.57,129.41,0.0,130.47,54.25
Negotiation_45,R6,2026-09-10T05:24:12.099462Z,behavior_monitor,14,1440,939,1169,776,724,910,316.18,716.85,464.38,system,NA,0.694,3.51,1.05,129.41,0.0,76.24,0.0
Negotiation_45,R6,2026-09-10T05:24:12.576632Z,flight_missed,14,1399,952,1233,776,762,910,241.52,638.48,489.55,system,NA,0.726,2.11,158.44,129.41,0.0,76.24,0.0
Negotiation_45,R6,2026-09-10T05:24:12.577890Z,flight_spawn,15,558,-20,1233,776,762,910,1044.3,952.06,489.55,system,NA,0.477,3.06,49.2,129.41,0.0,76.24,0.0
Negotiation_45,R6,2026-09-10T05:24:13.719478Z,human_signal,15,690,132,1346,741,702,826,895.03,694.12,649.85,human,your_turn,0.437,3.06,49.2,136.97,-69.3,130.47,-125.75
Negotiation_45,R6,2026-09-10T05:24:13.721074Z,behavior_monitor,15,690,132,1346,741,702,826,895.03,694.12,649.85,system,NA,0.437,3.06,49.2,136.97,-69.3,130.47,-125.75
Negotiation_45,R6,2026-09-10T05:24:13.721522Z,human_signal,15,691,135,1347,739,702,826,891.5,691.78,650.97,human,your_turn,0.437,3.06,49.2,136.97,-69.3,130.47,-125.75
Negotiation_45,R6,2026-09-10T05:24:14.229030Z,behavior_monitor,15,754,195,1372,675,721,756,782.65,562.08,656.19,system,NA,0.418,3.06,26.34,138.21,-68.5,169.61,-54.25
Negotiation_45,R6,2026-09-10T05:24:14.739057Z,behavior_monitor,15,830,249,1398,612,772,686,674.18,440.6,630.33,system,NA,0.395,3.06,48.26,100.15,-60.48,169.61,-54.25
Negotiation_45,R6,2026-09-10T05:24:15.113163Z,agent_signal,15,857,309,1402,599,809,634,617.38,328.56,594.08,agent,i_can,0.347,3.06,73.07,0.0,-90.0,169.61,-54.25
Negotiation_45,R6,2026-09-10T05:24:15.249483Z,behavior_monitor,15,863,330,1402,599,822,616,602.19,288.75,579.79,system,NA,0.324,3.06,73.07,0.0,-90.0,169.61,-54.25
Negotiation_45,R6,2026-09-10T05:24:15.761408Z,behavior_monitor,15,818,398,1402,599,814,566,617.57,168.28,588.81,system,NA,0.214,3.06,149.63,0.0,-90.0,99.11,180.0
Negotiation_45,R6,2026-09-10T05:24:16.271994Z,behavior_monitor,15,739,444,1402,599,763,566,681.02,124.28,639.35,system,NA,0.154,3.06,149.63,0.0,-90.0,99.11,180.0
Negotiation_45,R6,2026-09-10T05:24:16.783933Z,behavior_monitor,15,645,462,1355,621,713,566,727.63,124.25,644.4,system,NA,0.146,3.06,176.82,139.42,153.11,99.11,180.0
Negotiation_45,R6,2026-09-10T05:24:17.293926Z,behavior_monitor,15,576,517,1291,653,662,565,728.03,98.89,635.03,system,NA,0.12,3.06,128.77,139.7,152.89,99.11,180.0
Negotiation_45,R6,2026-09-10T05:24:17.804254Z,behavior_monitor,15,544,600,1228,688,611,589,689.45,68.16,624.33,system,NA,0.09,3.06,100.3,141.42,150.4,169.61,125.75
Negotiation_45,R6,2026-09-10T05:24:18.180148Z,shot_hit,15,563,664,1180,716,573,643,619.46,23.13,611.91,agent,NA,0.036,3.06,72.16,141.67,148.84,169.61,125.75
Negotiation_45,R6,2026-09-10T05:24:18.180642Z,flight_spawn,16,1380,-20,1180,716,573,643,762.65,1044.72,611.91,system,NA,0.578,2.83,135.0,141.67,148.84,169.61,125.75
Negotiation_45,R6,2026-09-10T05:24:19.472756Z,human_signal,16,1177,43,1088,747,616,584,709.74,779.15,500.53,human,i_can,0.523,2.83,175.82,129.41,-90.0,130.47,-54.25
Negotiation_45,R6,2026-09-10T05:24:19.488772Z,behavior_monitor,16,1177,43,1088,747,616,582,709.74,777.51,500.05,system,NA,0.523,2.83,175.82,129.41,-90.0,97.85,-54.25
Negotiation_45,R6,2026-09-10T05:24:19.999071Z,behavior_monitor,16,1099,62,1077,682,646,566,620.33,677.97,446.91,system,NA,0.522,2.83,155.51,138.89,-115.14,57.18,0.0
Negotiation_45,R6,2026-09-10T05:24:20.511646Z,behavior_monitor,16,1063,128,1046,618,659,566,489.74,595.17,390.49,system,NA,0.549,2.83,101.73,139.83,-116.93,0.0,0.0
Negotiation_45,R6,2026-09-10T05:24:21.023030Z,behavior_monitor,16,1047,210,1014,554,676,566,346.15,514.04,337.46,system,NA,0.598,2.83,101.36,140.08,-117.23,76.24,0.0
Negotiation_45,R6,2026-09-10T05:24:21.532014Z,behavior_monitor,16,1015,287,1044,499,715,566,213.48,409.78,335.88,system,NA,0.657,2.83,123.48,140.86,-35.61,76.24,0.0
Negotiation_45,R6,2026-09-10T05:24:22.040933Z,behavior_monitor,16,949,339,1027,466,754,566,149.59,299.64,290.69,system,NA,0.667,2.83,143.8,129.41,180.0,76.24,0.0
Negotiation_45,R6,2026-09-10T05:24:22.501274Z,agent_signal,16,888,390,965,479,789,566,117.06,201.75,196.57,agent,your_turn,0.633,2.83,119.26,137.63,160.1,76.24,0.0
Negotiation_45,R6,2026-09-10T05:24:22.552168Z,behavior_monitor,16,886,395,961,480,792,566,112.98,195.06,189.29,system,NA,0.633,2.83,119.26,138.2,159.45,57.18,0.0
Negotiation_45,R6,2026-09-10T05:24:23.029265Z,shot_miss,16,859,468,899,504,819,566,53.92,106.08,101.5,human,NA,0.663,2.83,124.97,138.61,159.01,57.18,0.0
Negotiation_45,R6,2026-09-10T05:24:23.062606Z,behavior_monitor,16,855,471,895,505,821,566,52.53,100.27,95.47,system,NA,0.656,2.83,149.2,138.61,159.01,57.18,0.0
Negotiation_45,R6,2026-09-10T05:24:23.165695Z,conflict,16,839,481,879,511,822,566,49.59,85.76,79.01,system,NA,0.634,2.83,149.2,127.11,164.06,0.0,0.0
Negotiation_45,R6,2026-09-10T05:24:23.574190Z,behavior_monitor,16,799,530,879,511,822,566,82.78,42.68,79.01,system,NA,0.34,2.83,97.43,0.0,164.06,0.0,180.0
Negotiation_45,R6,2026-09-10T05:24:23.829080Z,shot_hit,16,825,565,886,509,822,566,82.97,2.77,85.34,agent,NA,0.032,2.83,46.7,36.6,-30.75,0.0,180.0
Negotiation_45,R6,2026-09-10T05:24:23.830184Z,flight_spawn,17,550,-20,886,509,822,566,627.36,646.46,85.34,system,NA,0.507,2.83,135.0,36.6,-30.75,0.0,180.0
Negotiation_45,R6,2026-09-10T05:24:25.378491Z,human_signal,17,321,78,945,593,751,566,808.52,650.41,195.41,human,your_turn,0.446,2.83,117.88,135.17,106.79,76.24,180.0
Negotiation_45,R6,2026-09-10T05:24:25.379530Z,behavior_monitor,17,321,78,945,593,751,566,808.52,650.41,195.41,system,NA,0.446,2.83,117.88,135.25,106.9,76.24,180.0
Negotiation_45,R6,2026-09-10T05:24:25.379937Z,human_signal,17,319,81,944,595,751,566,809.34,649.85,195.05,human,your_turn,0.445,2.83,117.88,135.25,106.9,76.24,180.0
Negotiation_45,R6,2026-09-10T05:24:25.891411Z,behavior_monitor,17,281,153,921,659,701,566,815.83,588.68,239.26,system,NA,0.419,2.83,117.88,143.04,115.22,99.11,180.0
Negotiation_45,R6,2026-09-10T05:24:26.401050Z,behavior_monitor,17,210,179,888,724,650,566,870.5,586.39,285.83,system,NA,0.402,2.83,164.77,144.48,117.62,99.11,180.0
Negotiation_45,R6,2026-09-10T05:24:26.912226Z,behavior_monitor,17,128,203,854,789,600,566,932.82,594.96,338.32,system,NA,0.389,2.83,140.34,144.66,118.08,99.11,180.0
Negotiation_45,R6,2026-09-10T05:24:27.421184Z,behavior_monitor,17,97,273,811,848,548,566,915.67,537.2,385.34,system,NA,0.37,2.83,88.84,143.99,141.51,99.11,180.0
Negotiation_45,R6,2026-09-10T05:24:27.675991Z,agent_signal,17,119,311,779,871,523,566,866.3,477.96,398.76,agent,i_can,0.356,2.83,34.35,143.19,143.48,99.11,180.0
Negotiation_45,R6,2026-09-10T05:24:27.931649Z,behavior_monitor,17,143,340,752,891,498,566,820.65,420.19,412.6,system,NA,0.339,2.83,57.99,142.51,146.55,99.11,180.0
Negotiation_45,R6,2026-09-10T05:24:28.441189Z,behavior_monitor,17,178,418,687,910,447,566,707.75,306.93,419.36,system,NA,0.302,2.83,50.47,129.41,180.0,99.11,180.0
Negotiation_45,R6,2026-09-10T05:24:28.952215Z,behavior_monitor,17,231,483,621,910,396,565,577.89,184.41,411.18,system,NA,0.242,2.83,50.47,129.41,180.0,99.11,180.0
Negotiation_45,R6,2026-09-10T05:24:29.462536Z,behavior_monitor,17,303,529,555,910,345,566,456.35,55.73,402.9,system,NA,0.109,2.83,51.44,129.41,180.0,99.11,180.0
Negotiation_45,R6,2026-09-10T05:24:29.682550Z,shot_hit,17,314,566,525,910,321,565,403.35,7.53,399.7,agent,NA,0.018,2.83,100.9,129.41,180.0,99.11,180.0
Negotiation_45,R6,2026-09-10T05:24:29.683647Z,flight_spawn,18,880,-20,525,910,321,565,995.5,809.52,399.7,system,NA,0.448,2.83,45.0,129.41,180.0,99.11,180.0
Negotiation_45,R6,2026-09-10T05:24:33.208427Z,agent_signal,18,1277,311,933,854,505,564,642.54,811.96,516.22,agent,your_turn,0.558,2.83,82.71,129.41,0.0,76.24,0.0
Negotiation_45,R6,2026-09-10T05:24:33.225011Z,behavior_monitor,18,1277,311,933,854,506,564,642.54,811.04,515.41,system,NA,0.558,2.83,82.71,129.41,0.0,57.18,0.0
Negotiation_45,R6,2026-09-10T05:24:33.736374Z,behavior_monitor,18,1282,396,999,854,536,564,539.15,765.55,546.32,system,NA,0.587,2.83,82.71,129.41,0.0,57.18,0.0
Negotiation_45,R6,2026-09-10T05:24:34.177451Z,human_signal,18,1332,447,1058,854,549,564,490.81,791.61,585.64,human,i_can,0.617,2.83,29.88,129.41,0.0,0.0,0.0
Negotiation_45,R6,2026-09-10T05:24:34.245503Z,behavior_monitor,18,1340,451,1065,854,553,564,488.22,795.28,587.99,system,NA,0.62,2.83,29.88,129.41,0.0,57.18,0.0
Negotiation_45,R6,2026-09-10T05:24:34.754476Z,behavior_monitor,18,1402,509,1131,846,582,564,432.59,821.94,617.11,system,NA,0.655,2.83,53.91,135.3,-16.98,57.18,0.0
Negotiation_45,R6,2026-09-10T05:24:35.264974Z,behavior_monitor,18,1444,577,1197,821,593,565,347.62,851.19,656.2,system,NA,0.71,2.49,134.75,139.85,-23.91,0.0,58.52
Negotiation_45,R6,2026-09-10T05:24:35.777902Z,behavior_monitor,18,1385,611,1261,792,592,564,218.77,794.47,706.66,system,NA,0.784,2.49,173.86,139.97,-24.79,0.0,-174.19
Negotiation_45,R6,2026-09-10T05:24:36.288556Z,behavior_monitor,18,1312,631,1244,741,624,607,128.93,688.83,634.9,system,NA,0.842,2.49,164.27,131.0,-128.07,123.22,54.25
Negotiation_45,R6,2026-09-10T05:24:36.800204Z,behavior_monitor,18,1238,652,1201,685,662,647,50.08,576.04,539.51,system,NA,0.92,2.49,142.35,140.61,-127.34,76.24,0.0
Negotiation_45,R6,2026-09-10T05:24:37.124295Z,shot_miss,18,1202,683,1180,652,687,677,38.3,514.44,492.99,human,NA,0.931,2.49,120.17,40.86,-90.0,130.47,54.25
Negotiation_45,R6,2026-09-10T05:24:37.311604Z,behavior_monitor,18,1185,700,1190,663,702,695,37.13,483.05,489.34,system,NA,0.929,2.49,171.73,130.32,53.08,76.24,0.0
Negotiation_45,R6,2026-09-10T05:24:37.822054Z,behavior_monitor,18,1121,731,1173,728,741,726,52.14,380.38,432.38,system,NA,0.879,2.49,164.44,147.89,130.87,76.24,0.0
Negotiation_45,R6,2026-09-10T05:24:38.331847Z,behavior_monitor,18,1072,781,1113,765,779,769,43.27,293.58,333.59,system,NA,0.872,2.49,106.47,129.41,180.0,130.47,54.25
Negotiation_45,R6,2026-09-10T05:24:38.842310Z,behavior_monitor,18,1048,849,1056,799,818,823,50.64,231.09,239.04,system,NA,0.82,2.49,101.08,139.01,121.01,130.47,54.25
Negotiation_45,R6,2026-09-10T05:24:39.386946Z,shot_miss,18,994,911,1027,868,859,881,54.46,137.96,168.29,human,NA,0.717,2.49,131.45,134.09,105.19,130.47,54.25
Negotiation_45,R6,2026-09-10T05:24:39.693108Z,flight_missed,18,972,953,1015,909,884,910,61.71,98.03,130.94,system,NA,0.614,2.49,110.62,134.06,105.14,76.24,0.0
Negotiation_45,R6,2026-09-10T05:24:39.694316Z,flight_spawn,19,812,-20,1015,909,884,910,951.91,932.84,130.94,system,NA,0.495,3.04,131.09,134.06,105.14,76.24,0.0
Negotiation_45,R6,2026-09-10T05:24:40.800941Z,human_signal,19,644,61,1015,839,841,850,862.1,813.89,174.34,human,your_turn,0.486,3.04,178.87,129.41,-90.0,130.47,-125.75
Negotiation_45,R6,2026-09-10T05:24:40.801601Z,behavior_monitor,19,644,61,1015,839,841,850,862.1,813.89,174.34,system,NA,0.486,3.04,178.87,129.41,-90.0,130.47,-125.75
Negotiation_45,R6,2026-09-10T05:24:40.801981Z,human_signal,19,640,61,1015,837,841,850,861.68,814.75,174.5,human,your_turn,0.486,3.04,178.87,129.41,-90.0,130.47,-125.75
Negotiation_45,R6,2026-09-10T05:24:41.310340Z,behavior_monitor,19,556,83,989,786,791,780,825.85,735.71,198.75,system,NA,0.471,3.04,152.08,129.41,180.0,169.61,-125.75
Negotiation_45,R6,2026-09-10T05:24:41.822864Z,behavior_monitor,19,461,101,923,786,740,710,826.74,670.31,198.3,system,NA,0.448,3.04,175.87,129.41,180.0,169.61,-125.75
Negotiation_45,R6,2026-09-10T05:24:42.333419Z,behavior_monitor,19,372,114,857,786,690,640,829.0,614.41,222.43,system,NA,0.426,3.04,172.4,129.41,180.0,169.61,-125.75
Negotiation_45,R6,2026-09-10T05:24:42.843506Z,behavior_monitor,19,286,126,791,796,639,570,839.03,566.66,272.96,system,NA,0.403,3.04,172.4,134.8,163.74,169.61,-125.75
Negotiation_45,R6,2026-09-10T05:24:43.354202Z,behavior_monitor,19,202,154,725,815,589,565,843.92,564.9,285.14,system,NA,0.401,3.04,168.37,134.91,163.58,99.11,180.0
Negotiation_45,R6,2026-09-10T05:24:43.863850Z,behavior_monitor,19,126,206,659,835,538,565,824.56,546.36,296.07,system,NA,0.399,3.04,162.69,134.91,163.58,99.11,180.0
Negotiation_45,R6,2026-09-10T05:24:44.374667Z,behavior_monitor,19,35,233,593,854,487,565,835.15,560.73,308.19,system,NA,0.402,3.04,162.69,134.91,163.58,99.11,180.0
Negotiation_45,R6,2026-09-10T05:24:44.885733Z,behavior_monitor,19,64,249,527,871,436,565,775.68,488.95,318.46,system,NA,0.387,1.96,22.34,129.41,180.0,99.11,180.0
Negotiation_45,R6,2026-09-10T05:24:45.397561Z,behavior_monitor,19,119,258,462,859,385,565,692.38,406.32,304.21,system,NA,0.37,1.96,1.99,130.53,-147.64,93.6,180.0
Negotiation_45,R6,2026-09-10T05:24:47.137757Z,agent_signal,19,281,334,455,773,258,566,471.39,232.63,285.15,agent,i_can,0.33,1.96,73.45,136.02,156.5,0.0,0.0
Negotiation_45,R6,2026-09-10T05:24:47.155064Z,behavior_monitor,19,281,334,455,773,258,566,471.39,232.63,285.15,system,NA,0.33,1.96,73.45,137.7,155.87,0.0,0.0
Negotiation_45,R6,2026-09-10T05:24:47.665035Z,behavior_monitor,19,329,365,392,807,300,566,446.39,202.52,258.43,system,NA,0.312,1.96,19.44,141.95,145.65,99.11,0.0
Negotiation_45,R6,2026-09-10T05:24:48.175229Z,behavior_monitor,19,379,390,352,839,351,566,449.99,178.63,272.87,system,NA,0.284,1.96,36.74,37.73,0.0,99.11,0.0
Negotiation_45,R6,2026-09-10T05:24:48.685016Z,behavior_monitor,19,413,435,410,816,389,566,381.19,132.87,251.23,system,NA,0.258,1.96,56.12,136.46,-22.01,0.0,0.0
Negotiation_45,R6,2026-09-10T05:24:49.197193Z,behavior_monitor,19,422,493,474,790,399,566,302.0,76.42,236.9,system,NA,0.202,1.96,82.11,136.53,-21.64,0.0,0.0
Negotiation_45,R6,2026-09-10T05:24:49.587749Z,shot_miss,19,428,540,526,770,404,566,250.74,35.4,237.79,agent,NA,0.124,1.96,82.11,136.29,-20.95,0.0,0.0
Negotiation_45,R6,2026-09-10T05:24:49.706044Z,behavior_monitor,19,427,551,539,765,404,566,241.36,27.52,240.82,system,NA,0.102,1.96,82.11,136.28,-20.94,14.32,-109.33
Negotiation_45,R6,2026-09-10T05:24:49.925316Z,shot_hit,19,431,578,570,754,408,573,223.08,23.67,242.0,agent,NA,0.096,1.96,82.11,136.39,-20.74,137.65,90.0
Negotiation_45,R6,2026-09-10T05:24:49.925625Z,flight_spawn,20,961,-20,570,754,408,573,867.52,811.25,242.0,system,NA,0.483,2.83,135.0,136.39,-20.74,137.65,90.0
Negotiation_45,R6,2026-09-10T05:24:51.435670Z,human_signal,20,745,86,757,663,492,566,576.99,541.82,282.26,human,your_turn,0.484,2.83,175.58,140.29,-28.68,76.24,0.0
Negotiation_45,R6,2026-09-10T05:24:51.436639Z,behavior_monitor,20,745,86,757,663,492,566,576.99,541.82,282.26,system,NA,0.484,2.83,175.58,132.5,-28.68,72.0,0.0
Negotiation_45,R6,2026-09-10T05:24:51.437046Z,human_signal,20,742,87,759,662,492,566,575.77,540.24,283.84,human,your_turn,0.484,2.83,175.58,132.5,-28.68,72.0,0.0
Negotiation_45,R6,2026-09-10T05:24:51.943998Z,behavior_monitor,20,669,119,814,643,544,565,543.96,463.71,281.68,system,NA,0.46,2.83,155.65,0.0,0.0,99.11,0.0
Negotiation_45,R6,2026-09-10T05:24:52.454038Z,behavior_monitor,20,587,136,808,673,576,565,581.05,429.44,256.78,system,NA,0.425,2.83,152.57,147.7,111.43,105.3,180.0
Negotiation_45,R6,2026-09-10T05:24:52.961621Z,behavior_monitor,20,508,160,777,739,525,564,638.43,404.85,306.62,system,NA,0.388,2.83,162.77,143.71,117.23,99.11,180.0
Negotiation_45,R6,2026-09-10T05:24:53.470978Z,behavior_monitor,20,423,179,737,801,474,565,697.2,389.75,353.57,system,NA,0.359,2.83,176.4,143.95,126.84,95.19,174.08
Negotiation_45,R6,2026-09-10T05:24:53.982758Z,behavior_monitor,20,347,205,686,852,423,565,729.84,367.42,389.2,system,NA,0.335,2.83,137.11,140.64,149.35,99.11,180.0
Negotiation_45,R6,2026-09-10T05:24:54.494897Z,behavior_monitor,20,262,231,620,873,372,565,735.11,351.29,395.74,system,NA,0.323,2.83,163.66,129.41,180.0,99.11,180.0
Negotiation_45,R6,2026-09-10T05:24:55.004684Z,behavior_monitor,20,180,255,554,873,322,565,722.51,340.26,386.56,system,NA,0.32,2.83,163.66,129.41,180.0,99.11,180.0
Negotiation_45,R6,2026-09-10T05:24:55.511316Z,behavior_monitor,20,100,277,488,873,271,565,711.84,334.9,377.45,system,NA,0.32,2.83,167.81,129.41,180.0,99.11,180.0
Negotiation_45,R6,2026-09-10T05:24:56.018415Z,behavior_monitor,20,20,306,422,873,221,565,695.38,327.86,368.07,system,NA,0.32,2.83,119.85,129.41,180.0,99.11,180.0
Negotiation_45,R6,2026-09-10T05:24:56.035407Z,agent_signal,20,21,311,418,873,219,565,688.4,322.5,366.59,agent,i_can,0.319,2.59,71.0,129.41,180.0,99.11,180.0
Negotiation_45,R6,2026-09-10T05:24:56.529366Z,behavior_monitor,20,45,380,356,873,170,565,583.73,224.06,359.86,system,NA,0.277,2.59,71.0,129.41,180.0,99.11,180.0
Negotiation_45,R6,2026-09-10T05:24:57.039826Z,behavior_monitor,20,94,433,291,873,119,565,482.64,135.32,352.18,system,NA,0.219,2.59,47.11,125.24,180.0,99.11,180.0
Negotiation_45,R6,2026-09-10T05:24:57.548806Z,behavior_monitor,20,125,502,320,838,102,566,388.29,67.91,348.73,system,NA,0.149,2.59,67.82,138.69,-38.93,99.11,0.0
Negotiation_45,R6,2026-09-10T05:24:57.770806Z,shot_miss,20,153,527,347,819,125,566,350.71,47.52,336.24,agent,NA,0.119,2.59,39.94,139.07,-31.95,99.11,0.0
Negotiation_45,R6,2026-09-10T05:24:58.060509Z,behavior_monitor,20,181,557,380,801,153,566,314.74,29.08,326.67,system,NA,0.085,2.59,68.48,136.72,-25.3,99.11,0.0
Negotiation_45,R6,2026-09-10T05:24:58.060894Z,shot_hit,20,181,560,382,800,154,566,312.96,27.61,326.29,agent,NA,0.081,2.59,68.48,136.72,-25.3,99.11,0.0
