user_id,round_id,timestamp,event_type,flight_id,flight_x,flight_y,human_x,human_y,agent_x,agent_y,dist_human_flight,dist_agent_flight,dist_human_agent,triggered_by,signal_type,dir_ratio,flight_speed,flight_angle,human_speed,human_direction,agent_speed,agent_direction
Negotiation_12,R1,2026-08-24T06:27:18.680872Z,flight_spawn,1,400,-20,881,910,1044,750,1047.05,1004.51,227.99,system,NA,0.49,2.83,135.0,0.0,90.0,0.0,54.25
Negotiation_12,R1,2026-08-24T06:34:40.817737Z,human_signal,1,214,109,1029,654,292,650,979.89,545.99,737.25,human,your_turn,0.358,2.83,160.04,0.0,-90.0,138.63,-125.75
Negotiation_12,R1,2026-08-24T06:34:40.819575Z,behavior_monitor,1,214,109,1029,654,292,650,979.89,545.99,737.25,system,NA,0.358,2.83,160.04,0.0,-90.0,130.47,-125.75
Negotiation_12,R1,2026-08-24T06:34:40.820042Z,human_signal,1,212,110,1029,654,292,650,981.11,545.33,737.25,human,your_turn,0.357,2.83,160.04,0.0,-90.0,130.47,-125.75
Negotiation_12,R1,2026-08-24T06:34:41.322020Z,behavior_monitor,1,130,117,1029,639,247,588,1039.66,485.3,783.62,system,NA,0.318,2.83,178.88,87.26,-90.0,150.04,-125.75
Negotiation_12,R1,2026-08-24T06:34:41.829466Z,behavior_monitor,1,60,154,1011,577,202,565,1041.02,435.42,809.15,system,NA,0.295,2.83,103.96,138.23,-118.67,87.67,180.0
Negotiation_12,R1,2026-08-24T06:34:42.335234Z,behavior_monitor,1,37,236,986,527,158,565,991.95,350.56,829.21,system,NA,0.261,2.83,103.96,0.0,-90.0,87.67,180.0
Negotiation_12,R1,2026-08-24T06:34:42.844338Z,behavior_monitor,1,26,310,975,509,113,565,969.72,270.07,863.6,system,NA,0.218,2.03,43.16,134.24,-132.95,87.67,180.0
Negotiation_12,R1,2026-08-24T06:34:42.995346Z,agent_signal,1,42,324,957,495,99,565,930.29,248.4,860.17,agent,i_can,0.211,2.03,43.16,144.58,-146.81,93.15,180.0
Negotiation_12,R1,2026-08-24T06:34:43.349938Z,behavior_monitor,1,64,356,963,491,68,566,909.21,209.36,897.97,system,NA,0.187,2.03,95.87,129.41,0.0,87.67,180.0
Negotiation_12,R1,2026-08-24T06:34:43.855212Z,behavior_monitor,1,38,411,998,480,24,566,963.0,156.1,978.18,system,NA,0.139,2.03,116.9,35.2,-90.0,87.67,180.0
Negotiation_12,R1,2026-08-24T06:34:44.363197Z,behavior_monitor,1,39,469,1001,479,20,565,963.01,97.38,985.7,system,NA,0.092,2.03,73.74,48.92,0.0,0.0,-90.0
Negotiation_12,R1,2026-08-24T06:34:44.870393Z,behavior_monitor,1,31,525,1031,479,20,565,1000.92,41.57,1015.24,system,NA,0.04,2.03,152.69,0.0,0.0,0.0,180.0
Negotiation_12,R1,2026-08-24T06:34:45.006824Z,shot_hit,1,22,533,1031,479,20,565,1010.67,31.57,1015.24,agent,NA,0.03,1.43,40.72,0.0,0.0,1.43,-90.0
Negotiation_12,R1,2026-08-24T06:34:45.007862Z,flight_spawn,2,1409,-20,1031,479,20,565,626.41,1507.7,1015.24,system,NA,0.706,3.48,54.96,0.0,0.0,1.43,-90.0
Negotiation_12,R1,2026-08-24T06:34:46.748423Z,human_signal,2,1417,179,1111,492,126,566,437.27,1347.16,987.34,human,i_can,0.755,1.88,131.01,136.02,17.94,76.24,0.0
Negotiation_12,R1,2026-08-24T06:34:46.765441Z,behavior_monitor,2,1417,179,1111,492,127,566,437.27,1345.92,986.05,system,NA,0.755,1.88,131.01,136.07,18.0,76.24,0.0
Negotiation_12,R1,2026-08-24T06:34:47.276632Z,behavior_monitor,2,1383,222,1177,513,166,565,356.94,1264.32,1012.0,system,NA,0.78,1.88,131.01,136.18,18.15,76.24,0.0
Negotiation_12,R1,2026-08-24T06:34:47.780775Z,behavior_monitor,2,1328,244,1242,512,205,565,280.88,1168.26,1038.68,system,NA,0.806,1.88,158.61,132.88,-34.09,72.0,0.0
Negotiation_12,R1,2026-08-24T06:34:48.286514Z,behavior_monitor,2,1276,265,1290,459,244,565,194.45,1075.28,1051.55,system,NA,0.847,1.88,158.61,140.21,-51.67,84.78,-13.42
Negotiation_12,R1,2026-08-24T06:34:48.794290Z,behavior_monitor,2,1228,290,1287,395,284,564,120.04,983.68,1017.5,system,NA,0.891,1.88,136.47,135.18,-116.27,76.24,0.0
Negotiation_12,R1,2026-08-24T06:34:49.300001Z,behavior_monitor,2,1184,312,1229,366,322,565,69.98,897.97,928.14,system,NA,0.928,1.88,170.17,129.41,180.0,76.24,0.0
Negotiation_12,R1,2026-08-24T06:34:49.483386Z,agent_signal,2,1167,325,1202,366,336,565,53.75,864.32,888.47,agent,your_turn,0.941,1.88,135.3,137.5,180.0,81.0,0.0
Negotiation_12,R1,2026-08-24T06:34:49.805027Z,behavior_monitor,2,1141,350,1163,380,361,565,36.33,809.36,823.0,system,NA,0.957,1.88,143.79,129.41,180.0,76.24,0.0
Negotiation_12,R1,2026-08-24T06:34:50.078763Z,shot_hit,2,1118,368,1128,380,382,565,15.08,762.1,768.6,human,NA,0.981,1.88,171.09,122.22,180.0,72.0,0.0
Negotiation_12,R1,2026-08-24T06:34:50.079741Z,flight_spawn,3,543,-20,1128,380,382,565,708.44,606.89,768.6,system,NA,0.461,2.83,45.0,122.22,180.0,72.0,0.0
Negotiation_12,R1,2026-08-24T06:34:52.621748Z,human_signal,3,718,342,939,537,538,566,294.28,287.13,401.64,human,i_can,0.494,2.83,62.1,0.0,180.0,0.0,0.0
Negotiation_12,R1,2026-08-24T06:34:52.638198Z,behavior_monitor,3,718,342,939,537,538,566,294.28,287.13,401.64,system,NA,0.494,2.83,62.1,0.0,180.0,0.0,0.0
Negotiation_12,R1,2026-08-24T06:34:53.141327Z,behavior_monitor,3,739,423,883,537,575,566,183.33,217.42,308.76,system,NA,0.543,2.83,83.69,129.41,180.0,51.37,-23.31
Negotiation_12,R1,2026-08-24T06:34:53.262947Z,agent_signal,3,737,445,865,537,584,566,157.81,194.4,282.21,agent,your_turn,0.552,2.83,109.25,129.41,180.0,76.24,0.0
Negotiation_12,R1,2026-08-24T06:34:53.650443Z,behavior_monitor,3,721,504,817,537,614,566,101.28,123.22,204.61,system,NA,0.549,2.83,79.32,129.41,180.0,76.24,0.0
Negotiation_12,R1,2026-08-24T06:34:54.054088Z,shot_hit,3,746,567,768,563,645,567,22.73,101.13,123.57,human,NA,0.817,2.83,84.1,140.1,137.78,76.24,0.0
Negotiation_12,R1,2026-08-24T06:34:54.054660Z,flight_spawn,4,639,-20,768,563,645,567,597.73,587.12,123.57,system,NA,0.496,2.83,135.0,140.1,137.78,76.24,0.0
Negotiation_12,R1,2026-08-24T06:34:55.846270Z,human_signal,4,632,234,915,589,610,566,454.42,333.2,306.06,human,i_can,0.423,2.83,92.18,129.41,0.0,0.0,83.2
Negotiation_12,R1,2026-08-24T06:34:55.862812Z,behavior_monitor,4,632,234,915,589,610,566,454.42,333.2,306.06,system,NA,0.423,2.83,92.18,137.5,0.0,0.0,83.2
Negotiation_12,R1,2026-08-24T06:34:56.271044Z,human_signal,4,640,300,968,589,617,566,437.62,267.65,352.27,human,your_turn,0.38,2.83,67.08,129.41,0.0,76.24,0.0
Negotiation_12,R1,2026-08-24T06:34:56.272097Z,human_signal,4,641,302,970,589,617,566,436.52,265.18,354.46,human,your_turn,0.378,2.83,67.08,122.22,0.0,0.0,0.0
Negotiation_12,R1,2026-08-24T06:34:56.320915Z,agent_signal,4,645,310,977,589,620,566,434.07,257.42,358.08,agent,i_can,0.372,2.83,67.08,129.41,0.0,0.0,0.0
Negotiation_12,R1,2026-08-24T06:34:56.370574Z,behavior_monitor,4,646,315,981,589,623,566,433.28,252.05,359.49,system,NA,0.368,2.83,67.08,129.41,0.0,87.67,0.0
Negotiation_12,R1,2026-08-24T06:34:56.880194Z,behavior_monitor,4,613,384,1027,576,603,565,456.27,181.14,424.22,system,NA,0.284,2.83,145.51,94.69,-90.0,87.67,180.0
Negotiation_12,R1,2026-08-24T06:34:57.385986Z,behavior_monitor,4,547,434,984,544,559,565,451.14,131.57,425.81,system,NA,0.226,2.83,118.08,129.03,180.0,87.67,180.0
Negotiation_12,R1,2026-08-24T06:34:57.897392Z,behavior_monitor,4,513,509,981,544,514,565,469.1,56.67,467.44,system,NA,0.108,2.83,120.9,0.0,180.0,87.67,180.0
Negotiation_12,R1,2026-08-24T06:34:58.081672Z,shot_hit,4,497,538,981,544,496,565,483.46,27.58,485.31,agent,NA,0.054,2.83,120.9,0.0,180.0,87.67,180.0
Negotiation_12,R1,2026-08-24T06:34:58.082203Z,flight_spawn,5,924,-20,981,544,496,565,567.58,725.74,485.31,system,NA,0.561,3.57,124.04,0.0,180.0,87.67,180.0
Negotiation_12,R1,2026-08-24T06:34:59.404062Z,human_signal,5,801,214,929,547,576,565,356.33,417.1,353.53,human,i_can,0.539,3.57,104.63,127.35,163.68,72.0,0.0
Negotiation_12,R1,2026-08-24T06:34:59.421657Z,behavior_monitor,5,801,214,929,547,577,565,356.33,416.4,352.24,system,NA,0.539,3.57,104.63,135.22,163.14,76.24,0.0
Negotiation_12,R1,2026-08-24T06:34:59.929953Z,behavior_monitor,5,771,318,902,550,616,565,266.0,292.3,286.12,system,NA,0.524,3.57,104.63,0.0,0.0,76.24,0.0
Negotiation_12,R1,2026-08-24T06:35:00.438296Z,behavior_monitor,5,703,397,851,550,655,566,212.94,176.04,197.53,system,NA,0.453,3.57,159.6,42.46,180.0,76.24,0.0
Negotiation_12,R1,2026-08-24T06:35:00.540502Z,human_signal,5,684,404,850,550,661,566,221.2,163.23,189.93,human,your_turn,0.425,3.57,159.6,0.0,180.0,76.24,0.0
Negotiation_12,R1,2026-08-24T06:35:00.541187Z,human_signal,5,681,405,850,550,661,566,222.34,161.65,189.93,human,your_turn,0.421,3.57,159.6,0.0,180.0,0.0,0.0
Negotiation_12,R1,2026-08-24T06:35:00.541640Z,agent_signal,5,681,405,850,550,661,566,222.34,161.65,189.93,agent,i_can,0.421,3.57,159.6,0.0,180.0,0.0,0.0
Negotiation_12,R1,2026-08-24T06:35:00.948657Z,behavior_monitor,5,604,427,873,558,628,565,299.17,139.69,245.42,system,NA,0.318,3.57,163.24,44.74,0.0,87.67,180.0
Negotiation_12,R1,2026-08-24T06:35:01.455314Z,behavior_monitor,5,511,479,838,550,583,564,333.9,111.23,255.03,system,NA,0.25,3.57,171.91,0.0,90.0,87.67,180.0
Negotiation_12,R1,2026-08-24T06:35:01.960887Z,behavior_monitor,5,407,500,889,577,538,564,488.0,146.36,350.75,system,NA,0.231,3.57,167.16,138.2,30.95,87.67,180.0
Negotiation_12,R1,2026-08-24T06:35:02.467268Z,behavior_monitor,5,314,549,917,607,493,565,605.32,179.18,426.15,system,NA,0.228,3.57,144.43,36.07,90.0,87.67,180.0
Negotiation_12,R1,2026-08-24T06:35:02.976790Z,behavior_monitor,5,228,615,915,621,448,606,686.17,219.36,467.19,system,NA,0.242,3.57,140.53,69.93,180.0,150.04,125.75
Negotiation_12,R1,2026-08-24T06:35:03.484868Z,behavior_monitor,5,131,657,877,608,403,650,747.4,271.84,475.87,system,NA,0.267,3.57,139.78,0.0,180.0,150.04,125.75
Negotiation_12,R1,2026-08-24T06:35:03.995640Z,behavior_monitor,5,57,732,908,608,358,712,860.19,302.12,559.42,system,NA,0.26,3.57,84.67,129.41,0.0,150.04,125.75
Negotiation_12,R1,2026-08-24T06:35:04.498667Z,behavior_monitor,5,72,839,901,600,313,774,863.45,249.99,613.52,system,NA,0.225,3.57,84.67,133.65,-154.32,150.04,125.75
Negotiation_12,R1,2026-08-24T06:35:05.006956Z,behavior_monitor,5,119,928,879,589,268,836,831.58,175.16,658.38,system,NA,0.174,3.57,37.29,0.0,-148.77,150.04,125.75
Negotiation_12,R1,2026-08-24T06:35:05.174087Z,flight_missed,5,151,952,879,589,252,859,812.9,137.15,682.27,system,NA,0.144,3.57,37.29,0.0,-148.77,150.04,125.75
Negotiation_12,R1,2026-08-24T06:35:05.174774Z,flight_spawn,6,976,-20,879,589,252,859,617.71,1139.07,682.27,system,NA,0.648,3.42,54.18,0.0,-148.77,150.04,125.75
Negotiation_12,R1,2026-08-24T06:35:06.018247Z,human_signal,6,1106,66,946,589,294,798,547.44,1093.06,684.27,human,i_can,0.666,3.42,5.96,122.22,0.0,123.22,-54.25
Negotiation_12,R1,2026-08-24T06:35:06.035523Z,behavior_monitor,6,1106,66,946,589,295,796,547.44,1090.89,682.49,system,NA,0.666,3.42,5.96,129.41,0.0,130.47,-54.25
Negotiation_12,R1,2026-08-24T06:35:06.543800Z,behavior_monitor,6,1211,77,1011,579,334,742,541.01,1100.99,695.96,system,NA,0.671,3.42,5.96,140.75,-31.87,130.47,-54.25
Negotiation_12,R1,2026-08-24T06:35:07.052599Z,behavior_monitor,6,1305,108,1072,542,372,689,492.29,1098.5,714.84,system,NA,0.691,3.42,23.42,138.61,-27.32,130.47,-54.25
Negotiation_12,R1,2026-08-24T06:35:07.559237Z,behavior_monitor,6,1374,182,1137,528,411,635,419.29,1064.54,734.34,system,NA,0.717,3.42,49.36,129.41,0.0,130.47,-54.25
Negotiation_12,R1,2026-08-24T06:35:08.068937Z,behavior_monitor,6,1355,260,1203,528,449,581,308.72,961.48,756.0,system,NA,0.757,3.42,144.5,137.5,0.0,138.63,-54.25
Negotiation_12,R1,2026-08-24T06:35:08.356834Z,agent_signal,6,1323,310,1228,515,471,565,226.08,889.14,758.93,agent,your_turn,0.797,3.42,117.49,104.06,-90.0,81.0,0.0
Negotiation_12,R1,2026-08-24T06:35:08.577291Z,behavior_monitor,6,1304,346,1230,494,488,565,165.11,844.66,744.88,system,NA,0.836,3.42,117.49,120.41,-72.31,81.0,0.0
Negotiation_12,R1,2026-08-24T06:35:09.086046Z,behavior_monitor,6,1236,417,1234,431,527,565,13.75,724.35,719.69,system,NA,0.981,3.42,91.29,140.33,-126.89,76.24,0.0
Negotiation_12,R1,2026-08-24T06:35:09.170415Z,shot_hit,6,1236,434,1227,422,534,565,15.69,714.77,708.1,human,NA,0.979,3.42,91.29,133.13,-128.65,76.24,0.0
Negotiation_12,R1,2026-08-24T06:35:09.171372Z,flight_spawn,7,653,-20,1227,422,534,565,724.6,597.8,708.1,system,NA,0.452,3.45,125.43,133.13,-128.65,76.24,0.0
Negotiation_12,R1,2026-08-24T06:35:10.745950Z,human_signal,7,670,280,1144,554,634,565,547.28,287.4,509.49,human,your_turn,0.344,3.45,56.88,127.16,58.02,76.24,0.0
Negotiation_12,R1,2026-08-24T06:35:10.746543Z,behavior_monitor,7,670,280,1144,554,634,565,547.28,287.4,509.49,system,NA,0.344,3.45,56.88,138.85,56.98,81.0,0.0
Negotiation_12,R1,2026-08-24T06:35:10.747046Z,human_signal,7,671,283,1145,556,634,565,546.83,284.68,510.69,human,your_turn,0.342,3.45,56.88,138.85,56.98,81.0,0.0
Negotiation_12,R1,2026-08-24T06:35:11.252588Z,behavior_monitor,7,729,366,1193,598,679,565,519.1,204.86,515.54,system,NA,0.283,3.45,56.88,129.41,0.0,87.67,0.0
Negotiation_12,R1,2026-08-24T06:35:11.642219Z,agent_signal,7,773,436,1216,598,713,565,472.3,142.45,504.64,agent,i_can,0.232,3.45,56.88,129.41,180.0,87.67,0.0
Negotiation_12,R1,2026-08-24T06:35:11.762687Z,behavior_monitor,7,784,453,1203,598,723,566,443.17,127.99,481.31,system,NA,0.224,3.45,56.88,129.41,180.0,87.67,0.0
Negotiation_12,R1,2026-08-24T06:35:12.269558Z,behavior_monitor,7,813,549,1137,598,768,565,327.23,48.03,370.42,system,NA,0.128,3.45,82.59,129.41,180.0,87.67,0.0
Negotiation_12,R1,2026-08-24T06:35:12.522902Z,shot_miss,7,828,602,1124,598,792,586,295.59,39.36,331.95,agent,NA,0.118,3.45,61.96,0.0,180.0,150.04,54.25
Negotiation_12,R1,2026-08-24T06:35:12.725754Z,shot_miss,7,848,638,1124,598,810,611,278.94,46.63,314.13,agent,NA,0.143,3.45,61.96,0.0,180.0,150.04,54.25
Negotiation_12,R1,2026-08-24T06:35:12.776228Z,behavior_monitor,7,851,644,1124,598,813,615,276.58,48.36,311.8,system,NA,0.149,3.45,61.96,0.0,180.0,150.04,54.25
Negotiation_12,R1,2026-08-24T06:35:12.912615Z,shot_miss,7,867,672,1124,598,826,634,267.1,55.95,300.07,agent,NA,0.173,3.45,61.96,0.0,180.0,150.04,54.25
Negotiation_12,R1,2026-08-24T06:35:13.282253Z,behavior_monitor,7,898,736,1124,598,858,677,264.76,71.68,277.76,system,NA,0.213,3.45,83.0,0.0,180.0,150.04,54.25
Negotiation_12,R1,2026-08-24T06:35:13.790948Z,behavior_monitor,7,915,839,1112,598,893,738,311.23,103.43,260.38,system,NA,0.249,3.45,83.0,129.41,180.0,121.76,90.0
Negotiation_12,R1,2026-08-24T06:35:14.298885Z,behavior_monitor,7,940,936,1067,590,912,800,368.98,138.48,261.15,system,NA,0.273,3.45,55.8,0.0,-90.0,150.04,54.25
Negotiation_12,R1,2026-08-24T06:35:14.383567Z,flight_missed,7,952,953,1067,590,921,813,381.15,143.81,266.28,system,NA,0.274,3.45,26.01,0.0,-90.0,150.04,54.25
Negotiation_12,R1,2026-08-24T06:35:14.384194Z,flight_spawn,8,218,-20,1067,590,921,813,1045.52,1090.55,266.28,system,NA,0.511,3.18,129.04,0.0,-90.0,150.04,54.25
Negotiation_12,R1,2026-08-24T06:35:16.400563Z,agent_signal,8,228,338,966,596,791,632,781.98,634.89,178.83,agent,i_can,0.448,3.18,94.25,0.0,136.4,130.47,-125.75
Negotiation_12,R1,2026-08-24T06:35:16.417663Z,behavior_monitor,8,228,338,966,596,789,629,781.98,632.62,179.9,system,NA,0.447,3.18,94.25,0.0,136.4,150.04,-125.75
Negotiation_12,R1,2026-08-24T06:35:16.927345Z,behavior_monitor,8,221,433,930,609,744,567,730.47,539.96,190.58,system,NA,0.425,3.18,94.25,0.0,90.0,150.04,-125.75
Negotiation_12,R1,2026-08-24T06:35:17.438219Z,behavior_monitor,8,241,517,930,609,700,565,695.38,461.6,234.32,system,NA,0.399,3.18,41.2,0.0,90.0,87.67,180.0
Negotiation_12,R1,2026-08-24T06:35:17.946103Z,behavior_monitor,8,289,593,950,617,655,582,661.25,366.6,296.5,system,NA,0.357,3.18,94.91,133.31,23.43,150.04,125.75
Negotiation_12,R1,2026-08-24T06:35:18.455277Z,behavior_monitor,8,271,686,962,625,611,644,693.56,342.2,351.78,system,NA,0.33,3.18,123.44,0.0,45.16,150.04,125.75
Negotiation_12,R1,2026-08-24T06:35:18.965684Z,behavior_monitor,8,222,766,962,625,566,706,752.74,348.45,404.37,system,NA,0.316,3.18,123.44,0.0,45.16,150.04,125.75
Negotiation_12,R1,2026-08-24T06:35:19.472704Z,behavior_monitor,8,184,851,962,625,522,768,810.51,348.02,463.04,system,NA,0.3,3.18,98.85,0.0,45.16,161.92,116.33
Negotiation_12,R1,2026-08-24T06:35:19.979095Z,behavior_monitor,8,158,941,967,609,477,830,874.71,337.51,538.01,system,NA,0.278,3.18,94.87,130.56,-141.36,150.04,125.75
Negotiation_12,R1,2026-08-24T06:35:20.030310Z,flight_missed,8,156,953,960,603,471,838,876.55,334.79,542.71,system,NA,0.276,3.18,94.87,136.16,-141.95,150.04,125.75
Negotiation_12,R1,2026-08-24T06:35:20.031376Z,flight_spawn,9,894,-20,960,603,471,838,627.26,957.27,542.71,system,NA,0.604,2.83,45.0,136.16,-141.95,150.04,125.75
Negotiation_12,R1,2026-08-24T06:35:20.761418Z,human_signal,9,832,70,902,571,494,806,506.2,810.26,471.17,human,i_can,0.615,2.83,81.61,129.41,180.0,130.47,-54.25
Negotiation_12,R1,2026-08-24T06:35:20.777890Z,behavior_monitor,9,832,70,902,571,495,804,506.2,808.09,469.15,system,NA,0.615,2.83,81.61,134.22,-164.62,130.47,-54.25
Negotiation_12,R1,2026-08-24T06:35:21.284651Z,behavior_monitor,9,879,140,846,532,534,750,392.98,701.07,381.19,system,NA,0.641,2.83,51.73,136.07,-113.82,138.63,-54.25
Negotiation_12,R1,2026-08-24T06:35:21.791399Z,behavior_monitor,9,937,201,864,471,572,697,280.44,616.0,368.79,system,NA,0.687,2.83,49.49,138.67,-43.12,130.47,-54.25
Negotiation_12,R1,2026-08-24T06:35:22.295411Z,behavior_monitor,9,993,265,924,437,611,644,184.96,537.6,375.04,system,NA,0.744,2.83,49.49,129.41,0.0,130.47,-54.25
Negotiation_12,R1,2026-08-24T06:35:22.803641Z,behavior_monitor,9,1013,342,990,437,650,590,98.05,439.99,372.73,system,NA,0.818,2.83,105.37,129.41,0.0,130.47,-54.25
Negotiation_12,R1,2026-08-24T06:35:22.991223Z,agent_signal,9,1004,374,1012,435,664,570,61.59,392.84,373.06,agent,your_turn,0.864,2.83,84.56,38.81,-90.0,130.47,-54.25
Negotiation_12,R1,2026-08-24T06:35:23.277480Z,shot_hit,9,1009,419,989,415,685,566,20.73,355.77,339.16,human,NA,0.945,2.83,84.56,0.0,-143.5,76.24,0.0
Negotiation_12,R1,2026-08-24T06:35:23.278002Z,flight_spawn,10,715,-20,989,415,685,566,514.95,587.57,339.16,system,NA,0.533,3.47,54.78,0.0,-143.5,76.24,0.0
Negotiation_12,R1,2026-08-24T06:35:24.304953Z,human_signal,10,852,123,983,489,743,565,388.21,455.22,251.81,human,i_can,0.54,3.47,18.69,129.41,180.0,76.24,0.0
Negotiation_12,R1,2026-08-24T06:35:24.321806Z,behavior_monitor,10,852,123,983,489,745,565,388.21,455.06,250.23,system,NA,0.54,3.47,18.69,129.41,180.0,103.45,8.5
Negotiation_12,R1,2026-08-24T06:35:24.829062Z,behavior_monitor,10,941,174,942,451,784,566,277.55,422.0,195.08,system,NA,0.603,3.47,39.03,129.41,-90.0,87.99,-16.82
Negotiation_12,R1,2026-08-24T06:35:25.334757Z,behavior_monitor,10,1023,235,968,391,823,566,165.03,386.16,227.17,system,NA,0.701,3.47,61.2,138.69,-39.53,76.24,0.0
Negotiation_12,R1,2026-08-24T06:35:25.739953Z,agent_signal,10,1062,313,1022,379,854,565,77.64,327.93,251.29,agent,your_turn,0.809,3.47,90.24,129.41,0.0,76.24,0.0
Negotiation_12,R1,2026-08-24T06:35:25.840992Z,behavior_monitor,10,1062,330,1033,379,861,565,56.85,309.32,253.46,system,NA,0.845,3.47,90.24,129.41,0.0,76.24,0.0
Negotiation_12,R1,2026-08-24T06:35:26.061833Z,shot_hit,10,1055,373,1061,379,878,565,8.84,260.82,261.55,human,NA,0.967,3.47,115.96,129.41,0.0,76.24,0.0
Negotiation_12,R1,2026-08-24T06:35:26.062689Z,flight_spawn,11,1144,-20,1061,379,878,565,407.74,643.5,261.55,system,NA,0.612,2.83,135.0,129.41,0.0,76.24,0.0
Negotiation_12,R1,2026-08-24T06:35:26.858377Z,human_signal,11,1066,85,1088,420,914,565,335.39,503.67,227.36,human,i_can,0.6,2.83,140.21,0.0,90.0,76.24,0.0
Negotiation_12,R1,2026-08-24T06:35:26.874564Z,behavior_monitor,11,1066,85,1088,420,915,565,335.39,503.28,226.37,system,NA,0.6,2.83,140.21,0.0,90.0,81.0,0.0
Negotiation_12,R1,2026-08-24T06:35:27.378244Z,behavior_monitor,11,998,133,1048,407,954,565,278.49,435.08,184.87,system,NA,0.61,2.83,139.62,129.69,-160.46,72.0,0.0
Negotiation_12,R1,2026-08-24T06:35:27.884007Z,behavior_monitor,11,929,173,982,398,931,565,231.77,392.48,174.67,system,NA,0.629,2.83,141.71,137.5,180.0,81.0,180.0
Negotiation_12,R1,2026-08-24T06:35:28.391399Z,behavior_monitor,11,864,225,916,398,892,565,180.62,340.92,168.64,system,NA,0.654,2.83,141.71,137.5,180.0,81.0,180.0
Negotiation_12,R1,2026-08-24T06:35:28.900828Z,behavior_monitor,11,798,275,850,398,853,565,133.31,295.0,167.18,system,NA,0.689,2.83,169.43,129.41,180.0,76.24,180.0
Negotiation_12,R1,2026-08-24T06:35:29.408895Z,behavior_monitor,11,714,291,784,387,814,565,119.14,292.38,181.22,system,NA,0.71,2.83,167.88,137.5,180.0,81.0,180.0
Negotiation_12,R1,2026-08-24T06:35:29.910428Z,behavior_monitor,11,632,311,718,387,775,565,114.73,291.93,187.59,system,NA,0.718,2.83,169.77,129.41,180.0,76.24,180.0
Negotiation_12,R1,2026-08-24T06:35:29.978905Z,agent_signal,11,618,314,707,387,770,565,115.24,294.09,189.44,agent,your_turn,0.718,2.83,169.77,129.41,180.0,76.24,180.0
Negotiation_12,R1,2026-08-24T06:35:30.418858Z,behavior_monitor,11,554,330,652,387,736,565,113.67,297.69,197.43,system,NA,0.724,2.83,162.33,129.41,180.0,76.24,180.0
Negotiation_12,R1,2026-08-24T06:35:30.929707Z,behavior_monitor,11,473,349,587,402,698,565,126.0,312.12,197.54,system,NA,0.712,2.83,164.46,137.05,155.86,76.24,180.0
Negotiation_12,R1,2026-08-24T06:35:31.436261Z,behavior_monitor,11,400,386,524,430,659,565,131.74,315.39,191.24,system,NA,0.705,2.83,109.31,137.05,155.86,76.24,180.0
Negotiation_12,R1,2026-08-24T06:35:31.944748Z,behavior_monitor,11,371,465,463,465,620,565,92.29,268.99,186.93,system,NA,0.745,2.83,130.54,138.41,138.04,76.24,180.0
Negotiation_12,R1,2026-08-24T06:35:32.455491Z,behavior_monitor,11,332,537,412,513,581,565,83.0,250.79,177.26,system,NA,0.751,2.83,124.03,138.38,135.86,76.24,180.0
Negotiation_12,R1,2026-08-24T06:35:32.959514Z,behavior_monitor,11,273,586,361,563,543,581,91.6,270.36,182.71,system,NA,0.747,2.83,147.0,139.07,136.42,76.24,180.0
Negotiation_12,R1,2026-08-24T06:35:33.466201Z,behavior_monitor,11,202,625,308,610,504,621,106.68,301.83,196.53,system,NA,0.739,2.83,171.49,139.63,138.11,96.48,163.97
Negotiation_12,R1,2026-08-24T06:35:33.977185Z,behavior_monitor,11,117,644,257,659,465,639,140.13,347.77,209.35,system,NA,0.713,2.83,160.11,139.2,142.77,130.47,125.75
Negotiation_12,R1,2026-08-24T06:35:34.486081Z,behavior_monitor,11,40,674,196,694,426,670,156.78,385.3,230.86,system,NA,0.711,2.83,146.79,137.06,152.96,130.47,125.75
Negotiation_12,R1,2026-08-24T06:35:35.517397Z,shot_hit,11,84,766,87,774,362,751,8.17,278.09,275.7,human,NA,0.971,2.1,17.18,125.11,90.0,130.47,125.75
Negotiation_12,R1,2026-08-24T06:35:35.518192Z,flight_spawn,12,751,-20,87,774,362,751,1035.1,863.73,275.7,system,NA,0.455,3.13,50.34,125.11,90.0,130.47,125.75
Negotiation_12,R1,2026-08-24T06:35:36.486529Z,human_signal,12,810,144,175,759,411,682,883.71,670.0,248.06,human,i_can,0.431,3.13,73.82,138.15,-26.03,130.47,-54.25
Negotiation_12,R1,2026-08-24T06:35:36.502964Z,behavior_monitor,12,810,144,175,759,412,680,883.71,667.78,249.85,system,NA,0.43,3.13,73.82,137.88,-25.8,130.47,-54.25
Negotiation_12,R1,2026-08-24T06:35:36.907845Z,human_signal,12,858,201,227,741,443,637,829.98,601.73,239.69,human,your_turn,0.42,3.13,52.98,129.41,0.0,130.47,-54.25
Negotiation_12,R1,2026-08-24T06:35:36.908504Z,human_signal,12,859,203,229,741,443,637,827.78,600.92,237.71,human,your_turn,0.421,3.13,52.98,129.41,0.0,130.47,-54.25
Negotiation_12,R1,2026-08-24T06:35:37.007727Z,behavior_monitor,12,867,216,240,741,452,625,817.5,582.58,241.55,system,NA,0.416,3.13,81.75,137.5,0.0,159.42,-54.25
Negotiation_12,R1,2026-08-24T06:35:37.513369Z,behavior_monitor,12,871,309,306,733,497,567,707.26,454.8,253.52,system,NA,0.391,3.13,83.33,138.28,-26.48,87.67,0.0
Negotiation_12,R1,2026-08-24T06:35:37.530897Z,agent_signal,12,873,315,310,731,498,567,699.98,451.26,249.98,agent,i_can,0.392,3.13,83.33,139.22,-29.14,87.67,0.0
Negotiation_12,R1,2026-08-24T06:35:38.019456Z,behavior_monitor,12,924,378,370,710,543,565,646.07,424.51,225.78,system,NA,0.397,3.13,30.88,129.41,0.0,110.24,14.67
Negotiation_12,R1,2026-08-24T06:35:38.528917Z,behavior_monitor,12,1018,394,380,710,589,565,711.41,461.5,254.02,system,NA,0.393,3.13,4.55,0.0,0.0,87.67,0.0
Negotiation_12,R1,2026-08-24T06:35:39.035131Z,behavior_monitor,12,1085,450,340,710,634,565,788.54,465.18,327.46,system,NA,0.371,3.13,46.32,0.0,180.0,87.26,-8.25
Negotiation_12,R1,2026-08-24T06:35:39.542201Z,behavior_monitor,12,1178,469,340,710,679,565,871.76,508.09,368.65,system,NA,0.368,3.13,1.87,0.0,180.0,87.67,0.0
Negotiation_12,R1,2026-08-24T06:35:40.047786Z,behavior_monitor,12,1224,537,340,710,724,564,900.28,500.59,410.38,system,NA,0.357,3.13,77.91,0.0,180.0,87.67,0.0
Negotiation_12,R1,2026-08-24T06:35:40.555068Z,behavior_monitor,12,1265,620,340,673,769,606,925.9,496.1,433.73,system,NA,0.349,3.13,55.27,129.41,-90.0,150.04,54.25
Negotiation_12,R1,2026-08-24T06:35:41.060750Z,behavior_monitor,12,1317,697,358,610,813,668,962.99,504.09,459.45,system,NA,0.344,3.13,55.27,139.42,-39.81,150.04,54.25
Negotiation_12,R1,2026-08-24T06:35:41.569692Z,behavior_monitor,12,1335,788,383,587,858,730,972.38,480.18,495.79,system,NA,0.331,3.13,82.86,0.0,-90.0,150.04,54.25
Negotiation_12,R1,2026-08-24T06:35:42.077621Z,behavior_monitor,12,1341,881,383,587,903,792,1001.64,446.99,558.54,system,NA,0.309,3.13,103.31,0.0,-90.0,150.04,54.25
Negotiation_12,R1,2026-08-24T06:35:42.465073Z,flight_missed,12,1331,954,383,587,938,842,1016.43,408.53,610.75,system,NA,0.287,3.13,78.24,0.0,-90.0,150.04,54.25
Negotiation_12,R1,2026-08-24T06:35:42.466165Z,flight_spawn,13,1076,-20,383,587,938,842,921.59,873.34,610.75,system,NA,0.487,3.29,52.52,0.0,-90.0,150.04,54.25
Negotiation_12,R1,2026-08-24T06:35:43.364524Z,human_signal,13,1239,37,383,587,946,831,1017.36,846.62,613.45,human,i_can,0.454,3.29,27.53,0.0,-90.0,130.47,-54.25
Negotiation_12,R1,2026-08-24T06:35:43.381476Z,behavior_monitor,13,1239,37,383,587,947,829,1017.36,844.48,613.92,system,NA,0.454,3.29,27.53,0.0,-90.0,130.47,-54.25
Negotiation_12,R1,2026-08-24T06:35:43.737796Z,human_signal,13,1303,63,383,587,975,791,1058.57,799.13,625.67,human,your_turn,0.43,3.29,6.68,0.0,-90.0,130.47,-54.25
Negotiation_12,R1,2026-08-24T06:35:43.738425Z,human_signal,13,1307,63,383,587,975,791,1061.62,800.32,625.67,human,your_turn,0.43,3.29,6.68,0.0,-90.0,130.47,-54.25
Negotiation_12,R1,2026-08-24T06:35:43.892115Z,behavior_monitor,13,1330,68,383,587,988,773,1079.48,783.07,632.64,system,NA,0.42,3.29,18.61,0.0,-90.0,150.04,-54.25
Negotiation_12,R1,2026-08-24T06:35:44.401974Z,behavior_monitor,13,1426,95,383,587,1032,711,1153.28,731.53,660.76,system,NA,0.388,3.29,3.38,0.0,-90.0,150.04,-54.25
Negotiation_12,R1,2026-08-24T06:35:44.910683Z,behavior_monitor,13,1409,106,383,587,1077,649,1132.77,636.53,696.7,system,NA,0.36,1.98,118.77,0.0,-90.0,150.04,-54.25
Negotiation_12,R1,2026-08-24T06:35:45.420106Z,behavior_monitor,13,1390,161,383,587,1122,587,1093.09,503.31,738.99,system,NA,0.315,1.98,146.78,0.0,-90.0,150.04,-54.25
Negotiation_12,R1,2026-08-24T06:35:45.928485Z,behavior_monitor,13,1337,184,383,587,1167,565,1035.26,417.43,783.97,system,NA,0.287,1.98,163.51,0.0,-90.0,87.67,0.0
Negotiation_12,R1,2026-08-24T06:35:46.434251Z,behavior_monitor,13,1279,200,383,587,1211,565,976.05,371.52,828.19,system,NA,0.276,1.98,170.42,0.0,-90.0,87.67,0.0
Negotiation_12,R1,2026-08-24T06:35:46.939796Z,behavior_monitor,13,1222,216,401,564,1210,565,891.77,349.7,808.59,system,NA,0.282,1.98,150.34,0.0,-90.0,87.67,180.0
Negotiation_12,R1,2026-08-24T06:35:47.446428Z,behavior_monitor,13,1186,262,401,564,1169,565,840.65,303.23,768.26,system,NA,0.265,1.98,146.61,0.0,-90.0,92.85,-178.42
Negotiation_12,R1,2026-08-24T06:35:47.953624Z,behavior_monitor,13,1128,279,401,562,1125,565,780.12,285.7,723.63,system,NA,0.268,1.98,163.42,53.63,-90.0,87.67,180.0
Negotiation_12,R1,2026-08-24T06:35:48.460544Z,behavior_monitor,13,1066,296,401,523,1080,565,702.43,268.96,680.15,system,NA,0.277,1.98,166.97,0.0,-90.0,87.67,180.0
Negotiation_12,R1,2026-08-24T06:35:48.747039Z,agent_signal,13,1032,309,401,523,1055,565,665.71,256.46,654.87,agent,i_can,0.278,1.98,110.36,0.0,-90.0,87.67,180.0
Negotiation_12,R1,2026-08-24T06:35:48.964554Z,behavior_monitor,13,1022,331,401,523,1035,565,649.91,233.6,635.68,system,NA,0.264,1.98,110.36,0.0,-90.0,87.67,180.0
Negotiation_12,R1,2026-08-24T06:35:49.472886Z,behavior_monitor,13,987,378,401,523,991,565,603.83,186.64,591.07,system,NA,0.236,1.98,135.78,0.0,-90.0,93.15,180.0
Negotiation_12,R1,2026-08-24T06:35:49.979544Z,behavior_monitor,13,941,409,401,523,946,565,551.63,156.1,546.27,system,NA,0.221,1.98,157.49,0.0,-90.0,93.02,169.1
Negotiation_12,R1,2026-08-24T06:35:50.490878Z,behavior_monitor,13,891,437,401,523,902,565,496.99,128.9,502.53,system,NA,0.206,1.98,136.08,0.0,-90.0,87.67,180.0
Negotiation_12,R1,2026-08-24T06:35:50.997213Z,behavior_monitor,13,839,460,395,523,857,565,448.61,106.33,464.17,system,NA,0.192,1.98,134.67,0.0,180.0,93.15,180.0
Negotiation_12,R1,2026-08-24T06:35:51.504500Z,behavior_monitor,13,811,509,398,526,812,565,413.33,56.42,415.87,system,NA,0.12,1.98,80.75,100.33,37.66,87.67,180.0
Negotiation_12,R1,2026-08-24T06:35:51.743575Z,shot_hit,13,814,538,417,545,797,565,396.75,32.17,380.72,agent,NA,0.075,1.98,80.75,0.0,52.28,0.0,180.0
Negotiation_12,R1,2026-08-24T06:35:51.744515Z,flight_spawn,14,374,-20,417,545,797,565,566.9,722.92,380.72,system,NA,0.56,2.83,135.0,0.0,52.28,0.0,180.0
Negotiation_12,R1,2026-08-24T06:35:52.859679Z,human_signal,14,336,144,364,542,737,566,398.98,581.52,373.12,human,i_can,0.593,2.83,51.79,46.83,180.0,76.24,180.0
Negotiation_12,R1,2026-08-24T06:35:52.875648Z,behavior_monitor,14,336,144,364,542,736,566,398.98,580.63,371.82,system,NA,0.593,2.83,51.79,46.65,180.0,76.24,180.0
Negotiation_12,R1,2026-08-24T06:35:53.386314Z,behavior_monitor,14,377,217,374,490,697,566,272.83,472.89,331.24,system,NA,0.634,2.83,52.77,139.1,-60.13,76.24,180.0
Negotiation_12,R1,2026-08-24T06:35:53.891896Z,behavior_monitor,14,418,287,421,438,658,566,151.52,367.81,268.78,system,NA,0.708,2.83,72.13,137.45,-30.4,76.24,180.0
Negotiation_12,R1,2026-08-24T06:35:54.062019Z,agent_signal,14,427,316,427,434,645,566,117.71,331.12,254.86,agent,your_turn,0.738,2.83,72.13,0.0,-53.25,76.24,180.0
Negotiation_12,R1,2026-08-24T06:35:54.400378Z,behavior_monitor,14,442,367,434,416,619,565,49.38,265.29,238.01,system,NA,0.843,2.83,97.76,129.41,-90.0,76.24,180.0
Negotiation_12,R1,2026-08-24T06:35:54.533771Z,shot_hit,14,440,390,442,400,609,565,10.47,243.52,234.9,human,NA,0.959,2.83,97.76,126.21,-66.63,76.24,180.0
Negotiation_12,R1,2026-08-24T06:35:54.534350Z,flight_spawn,15,716,-20,442,400,609,565,502.26,595.29,234.9,system,NA,0.542,2.83,135.0,126.21,-66.63,76.24,180.0
Negotiation_12,R1,2026-08-24T06:35:56.042245Z,human_signal,15,554,159,427,458,576,564,325.24,406.27,182.94,human,i_can,0.555,2.83,160.28,70.78,-131.67,76.24,180.0
Negotiation_12,R1,2026-08-24T06:35:56.058414Z,behavior_monitor,15,554,159,427,458,575,564,325.24,406.21,181.88,system,NA,0.555,2.83,160.28,71.46,-134.4,81.0,180.0
Negotiation_12,R1,2026-08-24T06:35:56.567224Z,behavior_monitor,15,478,190,426,425,536,564,241.23,379.03,177.47,system,NA,0.611,2.83,162.05,137.5,-90.0,81.0,180.0
Negotiation_12,R1,2026-08-24T06:35:57.075295Z,behavior_monitor,15,400,216,382,383,497,564,167.67,361.65,215.05,system,NA,0.683,2.83,162.05,133.91,-165.11,76.24,180.0
Negotiation_12,R1,2026-08-24T06:35:57.582912Z,behavior_monitor,15,369,287,329,411,459,564,130.69,291.32,200.66,system,NA,0.69,2.83,83.61,140.38,157.2,76.24,180.0
Negotiation_12,R1,2026-08-24T06:35:58.091659Z,behavior_monitor,15,394,363,355,411,420,564,61.23,202.55,166.21,system,NA,0.768,2.83,27.93,137.41,-23.39,76.24,180.0
Negotiation_12,R1,2026-08-24T06:35:58.331874Z,agent_signal,15,423,393,381,388,403,563,41.7,171.61,176.68,agent,your_turn,0.804,2.83,50.07,137.77,-38.63,0.0,180.0
Negotiation_12,R1,2026-08-24T06:35:58.484525Z,shot_miss,15,439,409,398,381,411,563,49.67,156.55,182.46,human,NA,0.759,2.83,27.48,129.41,0.0,76.24,0.0
Negotiation_12,R1,2026-08-24T06:35:58.600716Z,behavior_monitor,15,452,424,413,387,420,563,53.69,143.45,176.0,system,NA,0.728,2.83,35.18,135.07,30.56,76.24,0.0
Negotiation_12,R1,2026-08-24T06:35:59.107823Z,behavior_monitor,15,479,494,459,439,456,563,58.99,72.52,124.53,system,NA,0.551,2.83,90.62,135.9,53.05,0.0,0.0
Negotiation_12,R1,2026-08-24T06:35:59.396627Z,shot_hit,15,473,544,477,475,456,563,69.04,25.8,90.79,agent,NA,0.272,2.83,112.92,134.82,73.71,0.0,71.82
Negotiation_12,R1,2026-08-24T06:35:59.397669Z,flight_spawn,16,948,-20,477,475,456,563,683.62,763.62,90.79,system,NA,0.528,3.19,51.2,134.82,73.71,0.0,71.82
Negotiation_12,R1,2026-08-24T06:35:59.514120Z,conflict,16,963,-2,486,489,456,563,685.35,759.99,79.87,system,NA,0.526,3.19,51.2,140.66,53.76,0.0,71.82
Negotiation_12,R1,2026-08-24T06:36:03.232334Z,human_signal,16,1357,226,818,447,673,564,582.82,763.03,186.28,human,i_can,0.567,2.06,152.49,129.41,0.0,76.24,0.0
Negotiation_12,R1,2026-08-24T06:36:03.247718Z,behavior_monitor,16,1357,226,818,447,675,564,582.82,761.87,185.28,system,NA,0.567,2.06,152.49,137.5,0.0,81.0,0.0
Negotiation_12,R1,2026-08-24T06:36:03.757429Z,behavior_monitor,16,1298,244,884,447,713,564,461.04,666.48,207.01,system,NA,0.591,2.06,174.48,129.41,0.0,76.24,0.0
Negotiation_12,R1,2026-08-24T06:36:04.271130Z,behavior_monitor,16,1238,255,950,447,752,564,345.94,575.51,229.75,system,NA,0.625,2.06,161.79,129.41,0.0,76.24,0.0
Negotiation_12,R1,2026-08-24T06:36:04.781807Z,behavior_monitor,16,1184,275,1016,445,790,563,239.16,487.9,254.61,system,NA,0.671,2.06,161.79,134.14,-18.12,76.24,0.0
Negotiation_12,R1,2026-08-24T06:36:05.288467Z,behavior_monitor,16,1124,285,1058,421,829,563,150.95,404.63,268.81,system,NA,0.728,2.06,176.88,0.0,-42.33,76.24,0.0
Negotiation_12,R1,2026-08-24T06:36:05.795440Z,behavior_monitor,16,1059,290,1012,418,868,563,136.39,333.01,204.18,system,NA,0.709,2.06,155.7,145.24,-157.96,81.0,0.0
Negotiation_12,R1,2026-08-24T06:36:06.116056Z,agent_signal,16,1021,307,983,405,893,563,105.14,286.06,181.62,agent,your_turn,0.731,2.06,155.7,0.0,180.0,76.24,0.0
Negotiation_12,R1,2026-08-24T06:36:06.301338Z,behavior_monitor,16,1002,316,981,405,907,563,91.94,264.93,174.27,system,NA,0.742,2.06,155.7,51.05,180.0,76.24,0.0
Negotiation_12,R1,2026-08-24T06:36:06.807832Z,behavior_monitor,16,979,370,973,372,946,563,6.4,196.06,193.17,system,NA,0.968,2.06,105.71,149.39,-32.73,81.0,0.0
Negotiation_12,R1,2026-08-24T06:36:06.825512Z,shot_hit,16,979,372,975,371,948,563,4.14,193.86,194.54,human,NA,0.979,2.06,105.71,149.39,-32.73,81.0,0.0
Negotiation_12,R1,2026-08-24T06:36:06.825813Z,flight_spawn,17,518,-20,975,371,948,563,601.6,725.03,194.54,system,NA,0.547,2.83,135.0,149.39,-32.73,81.0,0.0
Negotiation_12,R1,2026-08-24T06:36:08.581958Z,human_signal,17,292,150,993,415,841,562,749.91,686.69,211.68,human,your_turn,0.478,2.83,142.43,0.0,0.0,76.24,180.0
Negotiation_12,R1,2026-08-24T06:36:08.582629Z,behavior_monitor,17,292,150,993,415,841,562,749.91,686.69,211.68,system,NA,0.478,2.83,142.43,0.0,0.0,54.72,172.01
Negotiation_12,R1,2026-08-24T06:36:08.583093Z,human_signal,17,289,152,993,415,841,562,751.76,687.76,211.68,human,your_turn,0.478,2.83,142.43,0.0,0.0,54.72,172.01
Negotiation_12,R1,2026-08-24T06:36:09.086059Z,behavior_monitor,17,221,202,993,415,796,562,801.61,679.24,245.82,system,NA,0.459,2.83,142.43,0.0,0.0,87.67,180.0
Negotiation_12,R1,2026-08-24T06:36:09.594857Z,behavior_monitor,17,152,255,993,415,752,563,856.29,675.05,282.1,system,NA,0.441,2.83,114.0,32.65,180.0,87.67,180.0
Negotiation_12,R1,2026-08-24T06:36:10.101924Z,behavior_monitor,17,99,323,949,446,708,563,858.76,654.22,267.52,system,NA,0.432,2.83,134.11,0.0,122.35,69.17,-163.03
Negotiation_12,R1,2026-08-24T06:36:10.222462Z,agent_signal,17,88,342,949,446,697,563,867.04,648.06,276.96,agent,i_can,0.428,2.83,113.95,0.0,122.35,87.67,180.0
Negotiation_12,R1,2026-08-24T06:36:10.609791Z,behavior_monitor,17,63,399,949,446,663,563,887.05,622.0,308.8,system,NA,0.412,2.83,113.95,0.0,122.35,87.67,180.0
Negotiation_12,R1,2026-08-24T06:36:11.115821Z,behavior_monitor,17,21,467,949,446,618,564,927.53,604.33,351.06,system,NA,0.395,2.28,56.48,0.0,122.35,87.67,180.0
Negotiation_12,R1,2026-08-24T06:36:11.619429Z,behavior_monitor,17,82,486,949,446,573,565,868.15,497.68,393.89,system,NA,0.364,2.28,0.97,0.0,122.35,87.67,180.0
Negotiation_12,R1,2026-08-24T06:36:12.126148Z,behavior_monitor,17,149,488,949,446,528,565,800.74,386.97,436.75,system,NA,0.326,2.28,0.97,0.0,122.35,87.67,180.0
Negotiation_12,R1,2026-08-24T06:36:12.633676Z,behavior_monitor,17,215,502,949,446,484,564,735.92,276.08,479.59,system,NA,0.273,2.28,29.46,0.0,122.35,87.67,180.0
Negotiation_12,R1,2026-08-24T06:36:13.143135Z,behavior_monitor,17,256,553,949,453,439,563,699.88,183.46,521.31,system,NA,0.208,2.28,54.97,129.41,90.0,87.67,180.0
Negotiation_12,R1,2026-08-24T06:36:13.652463Z,behavior_monitor,17,313,575,957,483,395,569,650.15,81.54,568.85,system,NA,0.111,2.28,5.63,0.0,40.5,87.67,180.0
Negotiation_12,R1,2026-08-24T06:36:14.094908Z,shot_hit,17,374,584,957,483,356,580,591.35,18.35,608.32,agent,NA,0.03,2.28,11.11,0.0,40.5,87.67,180.0
Negotiation_12,R1,2026-08-24T06:36:14.095624Z,flight_spawn,18,245,-20,957,483,356,580,872.28,610.76,608.32,system,NA,0.412,3.53,124.46,0.0,40.5,87.67,180.0
Negotiation_12,R1,2026-08-24T06:36:15.038210Z,human_signal,18,91,97,957,483,315,566,947.66,519.12,647.35,human,your_turn,0.354,3.53,134.75,0.0,40.5,79.18,-177.69
Negotiation_12,R1,2026-08-24T06:36:15.039377Z,behavior_monitor,18,91,97,957,483,315,566,947.66,519.12,647.35,system,NA,0.354,3.53,134.75,0.0,40.5,76.24,180.0
Negotiation_12,R1,2026-08-24T06:36:15.039790Z,human_signal,18,89,99,957,483,315,566,948.47,517.73,647.35,human,your_turn,0.353,3.53,134.75,0.0,40.5,76.24,180.0
Negotiation_12,R1,2026-08-24T06:36:15.548671Z,behavior_monitor,18,24,166,957,483,270,566,985.14,469.21,691.72,system,NA,0.323,2.42,37.15,0.0,40.5,87.67,180.0
Negotiation_12,R1,2026-08-24T06:36:16.055772Z,behavior_monitor,18,57,230,957,483,225,566,934.44,376.03,736.22,system,NA,0.287,2.42,66.54,0.0,40.5,87.67,180.0
Negotiation_12,R1,2026-08-24T06:36:16.562758Z,behavior_monitor,18,108,276,967,483,181,566,883.39,299.36,790.73,system,NA,0.253,2.42,90.52,129.41,0.0,87.67,180.0
Negotiation_12,R1,2026-08-24T06:36:17.071684Z,behavior_monitor,18,119,346,985,483,136,566,877.3,220.54,853.23,system,NA,0.201,2.42,88.7,0.0,0.0,82.8,180.0
Negotiation_12,R1,2026-08-24T06:36:17.088907Z,agent_signal,18,118,351,985,483,134,566,877.5,215.92,855.05,agent,i_can,0.197,2.42,88.7,0.0,0.0,107.51,171.41
Negotiation_12,R1,2026-08-24T06:36:17.581559Z,behavior_monitor,18,95,413,985,483,91,566,893.0,152.53,898.04,system,NA,0.146,2.42,89.71,0.0,0.0,87.67,180.0
Negotiation_12,R1,2026-08-24T06:36:18.090096Z,behavior_monitor,18,72,478,985,483,55,566,913.76,89.08,933.68,system,NA,0.089,2.42,147.15,0.0,0.0,87.67,180.0
Negotiation_12,R1,2026-08-24T06:36:18.595715Z,behavior_monitor,18,25,517,985,483,20,566,960.69,49.41,969.38,system,NA,0.049,1.79,46.98,0.0,0.0,0.0,180.0
Negotiation_12,R1,2026-08-24T06:36:18.730412Z,shot_miss,18,32,531,985,483,20,566,954.85,37.15,969.38,agent,NA,0.037,1.79,89.65,0.0,0.0,0.0,-90.0
Negotiation_12,R1,2026-08-24T06:36:19.018295Z,shot_hit,18,27,560,985,483,20,566,961.05,9.89,969.38,agent,NA,0.01,1.79,82.89,0.0,0.0,0.0,90.0
Negotiation_12,R1,2026-08-24T06:36:19.019339Z,flight_spawn,19,775,-20,985,483,20,566,545.9,956.35,969.38,system,NA,0.637,3.02,48.45,0.0,0.0,0.0,90.0
Negotiation_12,R1,2026-08-24T06:36:20.253415Z,human_signal,19,917,128,995,472,60,565,352.68,962.29,939.66,human,i_can,0.732,3.02,76.76,98.06,-47.47,76.24,0.0
Negotiation_12,R1,2026-08-24T06:36:20.270816Z,behavior_monitor,19,917,128,995,472,61,565,352.68,961.13,938.37,system,NA,0.732,3.02,76.76,77.62,-63.61,76.24,0.0
Negotiation_12,R1,2026-08-24T06:36:20.780773Z,behavior_monitor,19,931,213,995,471,100,565,265.43,902.62,900.02,system,NA,0.773,3.02,99.86,0.0,-63.61,76.24,0.0
Negotiation_12,R1,2026-08-24T06:36:21.286585Z,behavior_monitor,19,890,288,960,471,139,565,195.44,800.33,826.61,system,NA,0.804,3.02,150.82,137.5,180.0,81.0,0.0
Negotiation_12,R1,2026-08-24T06:36:21.795258Z,behavior_monitor,19,802,309,899,438,177,565,161.46,675.25,732.86,system,NA,0.807,3.02,172.44,137.83,-148.24,76.24,0.0
Negotiation_12,R1,2026-08-24T06:36:22.300081Z,behavior_monitor,19,714,318,873,425,217,565,191.67,555.37,671.42,system,NA,0.743,3.02,175.21,125.13,180.0,81.0,0.0
Negotiation_12,R1,2026-08-24T06:36:22.317488Z,agent_signal,19,709,318,869,425,218,565,192.18,549.19,665.85,agent,your_turn,0.741,3.02,175.21,129.41,180.0,76.24,0.0
Negotiation_12,R1,2026-08-24T06:36:22.504460Z,human_signal,19,680,324,847,426,232,565,196.09,508.21,630.99,human,your_turn,0.722,3.02,162.62,129.41,180.0,76.24,0.0
Negotiation_12,R1,2026-08-24T06:36:22.504984Z,human_signal,19,677,325,847,426,232,565,198.55,505.24,630.8,human,your_turn,0.718,3.02,162.62,99.98,148.01,76.24,0.0
Negotiation_12,R1,2026-08-24T06:36:22.808375Z,behavior_monitor,19,627,334,864,427,259,565,254.91,434.47,620.33,system,NA,0.63,3.02,174.5,92.13,0.0,87.67,0.0
Negotiation_12,R1,2026-08-24T06:36:23.315825Z,behavior_monitor,19,538,348,865,427,304,565,336.49,319.9,578.34,system,NA,0.487,3.02,126.26,0.0,0.0,87.67,0.0
Negotiation_12,R1,2026-08-24T06:36:23.485112Z,agent_signal,19,517,369,847,428,319,565,335.11,278.82,545.55,agent,i_can,0.454,3.02,153.19,141.39,156.25,109.34,4.48
Negotiation_12,R1,2026-08-24T06:36:23.822129Z,behavior_monitor,19,462,374,811,461,348,565,359.32,222.47,474.53,system,NA,0.382,3.02,154.46,141.29,131.72,87.67,0.0
Negotiation_12,R1,2026-08-24T06:36:24.331489Z,behavior_monitor,19,375,401,812,482,368,565,445.23,164.85,452.61,system,NA,0.27,3.02,177.45,45.83,-90.0,87.67,180.0
Negotiation_12,R1,2026-08-24T06:36:24.842097Z,behavior_monitor,19,289,420,821,466,322,565,533.75,148.91,507.91,system,NA,0.218,3.02,169.31,129.41,0.0,87.67,180.0
Negotiation_12,R1,2026-08-24T06:36:25.350428Z,behavior_monitor,19,203,442,887,466,278,565,684.47,143.61,617.06,system,NA,0.173,3.02,147.1,129.41,0.0,112.58,-165.45
Negotiation_12,R1,2026-08-24T06:36:25.856935Z,behavior_monitor,19,120,472,948,485,232,565,827.8,145.81,719.88,system,NA,0.15,3.02,132.18,137.34,54.0,87.67,180.0
Negotiation_12,R1,2026-08-24T06:36:26.364981Z,behavior_monitor,19,61,539,955,500,187,565,895.06,129.3,770.26,system,NA,0.126,3.02,132.18,0.0,90.0,87.67,180.0
Negotiation_12,R1,2026-08-24T06:36:26.870028Z,behavior_monitor,19,23,611,955,500,143,596,938.26,120.69,817.57,system,NA,0.114,2.94,79.98,0.0,90.0,150.04,125.75
Negotiation_12,R1,2026-08-24T06:36:27.379298Z,behavior_monitor,19,27,694,955,500,97,659,947.72,78.58,872.13,system,NA,0.077,2.82,60.96,0.0,90.0,150.04,125.75
Negotiation_12,R1,2026-08-24T06:36:27.817380Z,shot_miss,19,65,758,955,500,57,715,926.07,44.11,923.39,agent,NA,0.045,2.82,68.58,0.0,90.0,160.5,131.89
Negotiation_12,R1,2026-08-24T06:36:27.886189Z,behavior_monitor,19,67,766,955,500,52,721,926.49,47.52,929.2,system,NA,0.049,2.82,124.63,0.0,90.0,150.04,125.75
Negotiation_12,R1,2026-08-24T06:36:28.123906Z,shot_miss,19,43,801,955,500,30,752,960.58,51.21,958.6,agent,NA,0.051,2.82,123.67,0.0,90.0,150.04,125.75
Negotiation_12,R1,2026-08-24T06:36:28.394902Z,behavior_monitor,19,22,837,955,500,20,783,991.51,53.72,977.01,system,NA,0.051,2.82,123.67,0.0,90.0,121.76,90.0
Negotiation_12,R1,2026-08-24T06:36:28.478422Z,shot_miss,19,24,851,955,500,20,795,994.81,55.46,980.68,agent,NA,0.053,2.52,68.22,0.0,90.0,129.38,90.0
Negotiation_12,R1,2026-08-24T06:36:29.188991Z,flight_missed,19,23,953,955,500,20,883,1036.02,70.2,1010.37,system,NA,0.063,2.52,92.58,0.0,90.0,121.76,90.0
Negotiation_12,R1,2026-08-24T06:36:29.189678Z,flight_spawn,20,614,-20,955,500,20,883,622.55,1081.07,1010.37,system,NA,0.635,2.83,45.0,0.0,90.0,121.76,90.0
Negotiation_12,R1,2026-08-24T06:36:30.343220Z,human_signal,20,793,32,943,467,26,874,459.94,1139.04,1002.75,human,i_can,0.712,2.83,21.47,136.91,-115.02,130.47,-54.25
Negotiation_12,R1,2026-08-24T06:36:30.360781Z,behavior_monitor,20,793,32,943,467,27,872,459.94,1136.83,1000.84,system,NA,0.712,2.83,21.47,133.29,-116.76,130.47,-54.25
Negotiation_12,R1,2026-08-24T06:36:30.866662Z,behavior_monitor,20,876,46,941,461,66,818,420.33,1119.24,944.59,system,NA,0.727,2.83,20.53,0.0,-90.0,130.47,-54.25
Negotiation_12,R1,2026-08-24T06:36:31.373879Z,behavior_monitor,20,956,69,941,461,105,764,392.46,1099.08,889.13,system,NA,0.737,2.83,19.37,0.0,-90.0,130.47,-54.25
Negotiation_12,R1,2026-08-24T06:36:31.879102Z,behavior_monitor,20,1032,97,992,432,143,709,337.34,1079.5,892.93,system,NA,0.762,2.83,19.37,129.41,0.0,130.47,-54.25
Negotiation_12,R1,2026-08-24T06:36:32.387505Z,behavior_monitor,20,1109,125,1056,432,182,655,311.19,1067.54,902.47,system,NA,0.774,2.83,19.37,44.11,0.0,148.28,-49.3
Negotiation_12,R1,2026-08-24T06:36:32.894298Z,behavior_monitor,20,1188,154,1069,436,221,601,306.89,1065.7,864.06,system,NA,0.776,2.83,19.37,135.16,27.85,130.47,-54.25
Negotiation_12,R1,2026-08-24T06:36:33.401660Z,behavior_monitor,20,1263,192,1132,465,260,567,302.5,1070.36,878.09,system,NA,0.78,2.83,44.26,134.42,19.6,76.24,0.0
Negotiation_12,R1,2026-08-24T06:36:33.908844Z,behavior_monitor,20,1318,260,1196,494,298,566,264.09,1064.53,900.17,system,NA,0.801,2.83,69.12,139.06,28.34,76.24,0.0
Negotiation_12,R1,2026-08-24T06:36:34.411518Z,behavior_monitor,20,1348,338,1235,514,337,566,209.27,1036.44,899.17,system,NA,0.832,2.83,62.91,0.0,0.0,76.24,0.0
Negotiation_12,R1,2026-08-24T06:36:34.547192Z,agent_signal,20,1351,362,1252,512,347,566,179.71,1024.08,906.14,agent,your_turn,0.851,2.83,91.0,133.7,-14.56,76.24,0.0
Negotiation_12,R1,2026-08-24T06:36:34.919709Z,behavior_monitor,20,1346,420,1293,489,376,566,87.1,980.88,920.68,system,NA,0.918,2.83,115.41,152.02,-52.08,81.0,0.0
Negotiation_12,R1,2026-08-24T06:36:35.224463Z,shot_hit,20,1326,465,1320,466,393,566,6.05,938.5,932.45,human,NA,0.994,2.83,94.97,0.0,-38.99,0.0,0.0
Negotiation_12,R2,2026-08-24T06:36:42.339574Z,flight_spawn,1,658,-20,1320,466,393,566,820.81,644.08,932.45,system,NA,0.44,2.83,45.0,0.0,-38.99,0.0,0.0
Negotiation_12,R2,2026-08-24T06:36:47.363723Z,human_signal,1,860,243,1013,616,492,578,402.47,497.5,521.83,human,i_can,0.553,2.83,45.23,138.61,-148.08,130.47,-54.25
Negotiation_12,R2,2026-08-24T06:36:47.380536Z,behavior_monitor,1,860,243,1013,616,494,576,402.47,495.33,520.67,system,NA,0.552,2.83,45.23,138.82,-147.19,130.47,-54.25
Negotiation_12,R2,2026-08-24T06:36:47.888166Z,behavior_monitor,1,921,304,998,562,532,565,269.8,468.52,465.95,system,NA,0.635,2.83,45.23,129.41,-90.0,76.24,0.0
Negotiation_12,R2,2026-08-24T06:36:48.345654Z,agent_signal,1,969,366,998,501,567,565,137.92,448.7,435.81,agent,your_turn,0.765,2.83,75.7,129.41,-90.0,76.24,0.0
Negotiation_12,R2,2026-08-24T06:36:48.396203Z,behavior_monitor,1,971,371,998,496,571,565,128.47,444.41,432.65,system,NA,0.776,2.83,50.94,129.41,-90.0,76.24,0.0
Negotiation_12,R2,2026-08-24T06:36:48.902823Z,shot_miss,1,1041,419,1002,449,610,565,48.79,454.47,408.5,human,NA,0.903,2.83,21.87,0.0,-90.0,76.24,0.0
Negotiation_12,R2,2026-08-24T06:36:48.903472Z,behavior_monitor,1,1041,419,1002,449,610,565,48.79,454.47,408.5,system,NA,0.903,2.83,21.87,0.0,-90.0,76.24,0.0
Negotiation_12,R2,2026-08-24T06:36:49.408832Z,behavior_monitor,1,1122,436,1067,452,649,565,57.32,490.08,432.76,system,NA,0.895,2.83,4.46,143.31,17.09,81.0,0.0
Negotiation_12,R2,2026-08-24T06:36:49.917263Z,behavior_monitor,1,1190,482,1132,475,688,566,58.58,508.73,452.95,system,NA,0.897,2.83,23.47,135.33,25.33,76.24,0.0
Negotiation_12,R2,2026-08-24T06:36:50.139235Z,shot_miss,1,1225,497,1158,490,705,565,68.02,524.97,459.15,human,NA,0.885,2.83,23.47,135.76,31.57,76.24,0.0
Negotiation_12,R2,2026-08-24T06:36:50.426467Z,behavior_monitor,1,1270,516,1191,510,727,565,79.17,545.31,467.35,system,NA,0.873,2.83,23.47,144.31,32.15,81.0,0.0
Negotiation_12,R2,2026-08-24T06:36:50.936905Z,behavior_monitor,1,1328,575,1249,548,766,569,83.12,562.22,484.13,system,NA,0.871,2.83,73.64,135.03,33.78,130.47,54.25
Negotiation_12,R2,2026-08-24T06:36:51.442778Z,behavior_monitor,1,1358,654,1299,595,805,623,83.9,554.09,494.25,system,NA,0.868,2.83,46.31,132.1,53.85,130.47,54.25
Negotiation_12,R2,2026-08-24T06:36:51.952037Z,behavior_monitor,1,1375,734,1330,655,844,677,91.69,534.45,486.18,system,NA,0.854,2.83,92.98,132.76,65.16,130.47,54.25
Negotiation_12,R2,2026-08-24T06:36:52.457492Z,behavior_monitor,1,1354,813,1358,716,883,731,97.06,478.43,475.46,system,NA,0.831,2.83,117.78,132.76,65.16,130.47,54.25
Negotiation_12,R2,2026-08-24T06:36:52.961845Z,behavior_monitor,1,1287,856,1370,780,922,785,112.86,371.92,448.37,system,NA,0.767,2.83,119.48,146.5,110.2,138.63,54.25
Negotiation_12,R2,2026-08-24T06:36:53.605368Z,flight_missed,1,1235,952,1301,833,972,855,136.18,279.91,329.27,system,NA,0.673,2.83,119.48,129.41,180.0,136.5,47.94
Negotiation_12,R2,2026-08-24T06:36:53.606532Z,flight_spawn,2,158,-20,1301,833,972,855,1426.44,1195.69,329.27,system,NA,0.456,2.83,135.0,129.41,180.0,136.5,47.94
Negotiation_12,R2,2026-08-24T06:36:55.670625Z,human_signal,2,97,131,1104,730,845,679,1171.66,927.51,263.89,human,your_turn,0.442,1.82,51.09,0.0,180.0,130.47,-125.75
Negotiation_12,R2,2026-08-24T06:36:55.671574Z,behavior_monitor,2,97,131,1104,730,845,679,1171.66,927.51,263.89,system,NA,0.442,1.82,51.09,0.0,180.0,130.47,-125.75
Negotiation_12,R2,2026-08-24T06:36:55.672008Z,human_signal,2,98,132,1104,730,845,679,1170.28,926.05,263.89,human,your_turn,0.442,1.82,51.09,0.0,180.0,130.47,-125.75
Negotiation_12,R2,2026-08-24T06:36:56.178491Z,behavior_monitor,2,149,150,1104,730,800,616,1117.65,801.48,324.28,system,NA,0.418,1.82,39.83,0.0,180.0,159.42,-125.75
Negotiation_12,R2,2026-08-24T06:36:56.684034Z,behavior_monitor,2,188,184,1104,730,755,565,1066.13,682.95,385.95,system,NA,0.39,1.82,12.62,0.0,180.0,93.15,180.0
Negotiation_12,R2,2026-08-24T06:36:57.194207Z,behavior_monitor,2,244,193,1104,730,710,564,1014.03,596.13,427.24,system,NA,0.37,1.82,0.86,0.0,180.0,82.8,180.0
Negotiation_12,R2,2026-08-24T06:36:57.705841Z,behavior_monitor,2,292,214,1104,730,665,564,961.31,511.08,469.0,system,NA,0.347,1.82,26.79,0.0,180.0,87.67,180.0
Negotiation_12,R2,2026-08-24T06:36:58.214875Z,behavior_monitor,2,341,239,1104,730,621,564,906.85,428.91,510.4,system,NA,0.321,1.82,26.79,0.0,180.0,87.67,180.0
Negotiation_12,R2,2026-08-24T06:36:58.723560Z,behavior_monitor,2,395,251,1067,727,577,565,822.96,362.13,516.14,system,NA,0.306,1.82,1.54,135.64,-161.91,87.67,180.0
Negotiation_12,R2,2026-08-24T06:36:59.231475Z,behavior_monitor,2,449,253,1038,700,531,564,740.09,322.38,524.68,system,NA,0.303,1.82,1.54,0.0,-122.33,87.67,180.0
Negotiation_12,R2,2026-08-24T06:36:59.739247Z,behavior_monitor,2,497,272,1038,700,487,564,689.96,292.3,567.99,system,NA,0.298,1.82,51.03,0.0,-122.33,87.67,180.0
Negotiation_12,R2,2026-08-24T06:37:00.112691Z,agent_signal,2,500,308,1038,700,485,564,665.47,256.77,569.76,agent,i_can,0.278,1.82,128.2,0.0,-122.33,87.67,180.0
Negotiation_12,R2,2026-08-24T06:37:00.247088Z,behavior_monitor,2,493,318,1038,700,476,564,665.61,246.85,578.2,system,NA,0.271,1.82,128.2,0.0,-122.33,93.15,180.0
Negotiation_12,R2,2026-08-24T06:37:00.754188Z,behavior_monitor,2,465,363,1038,700,448,563,664.88,200.82,605.62,system,NA,0.232,1.82,101.94,0.0,-122.33,0.0,-167.48
Negotiation_12,R2,2026-08-24T06:37:01.261902Z,behavior_monitor,2,442,411,1045,652,425,563,649.63,152.84,626.62,system,NA,0.19,1.82,102.82,143.13,-73.88,0.0,166.27
Negotiation_12,R2,2026-08-24T06:37:01.772125Z,behavior_monitor,2,463,460,1045,601,440,563,599.07,105.93,606.3,system,NA,0.15,1.82,53.24,0.0,-90.0,87.67,0.0
Negotiation_12,R2,2026-08-24T06:37:02.279442Z,behavior_monitor,2,489,504,1045,601,466,563,564.11,63.05,580.01,system,NA,0.101,1.82,75.83,0.0,-90.0,0.0,0.0
Negotiation_12,R2,2026-08-24T06:37:02.500723Z,shot_miss,2,485,530,1045,601,466,563,564.27,38.89,580.09,agent,NA,0.064,1.82,99.56,0.0,-90.0,0.0,110.59
Negotiation_12,R2,2026-08-24T06:37:02.788066Z,behavior_monitor,2,478,557,1045,601,461,563,568.82,18.44,585.81,system,NA,0.031,1.82,123.2,0.0,-90.0,87.67,180.0
Negotiation_12,R2,2026-08-24T06:37:02.854485Z,shot_hit,2,473,565,1045,601,456,563,573.0,17.28,590.27,agent,NA,0.029,1.82,123.2,0.0,-90.0,0.0,180.0
Negotiation_12,R2,2026-08-24T06:37:02.855007Z,flight_spawn,3,845,-20,1045,601,456,563,653.41,701.36,590.27,system,NA,0.518,2.9,46.48,0.0,-90.0,0.0,180.0
Negotiation_12,R2,2026-08-24T06:37:03.991808Z,human_signal,3,987,94,1045,557,518,563,466.23,662.74,526.88,human,i_can,0.587,2.9,14.76,129.41,-90.0,76.24,0.0
Negotiation_12,R2,2026-08-24T06:37:04.007996Z,behavior_monitor,3,987,94,1045,557,520,563,466.23,661.83,525.58,system,NA,0.587,2.9,14.76,137.5,-90.0,81.0,0.0
Negotiation_12,R2,2026-08-24T06:37:04.514139Z,behavior_monitor,3,1066,133,1060,492,558,563,359.03,665.69,506.47,system,NA,0.65,2.9,68.0,137.9,-56.81,76.24,0.0
Negotiation_12,R2,2026-08-24T06:37:05.021554Z,behavior_monitor,3,1128,181,1096,468,597,563,288.84,654.18,507.52,system,NA,0.694,2.9,4.05,0.0,0.0,76.24,0.0
Negotiation_12,R2,2026-08-24T06:37:05.530161Z,behavior_monitor,3,1209,217,1148,494,636,563,283.64,669.29,516.06,system,NA,0.702,2.9,48.87,136.36,25.33,76.24,0.0
Negotiation_12,R2,2026-08-24T06:37:06.038048Z,behavior_monitor,3,1233,299,1213,515,675,563,216.33,616.94,540.14,system,NA,0.74,2.9,77.93,133.75,14.65,76.24,0.0
Negotiation_12,R2,2026-08-24T06:37:06.358448Z,agent_signal,3,1247,356,1256,507,699,563,151.45,585.28,559.47,agent,your_turn,0.794,2.9,77.93,139.08,-33.26,76.24,0.0
Negotiation_12,R2,2026-08-24T06:37:06.545945Z,behavior_monitor,3,1259,383,1269,490,713,563,107.71,574.34,560.83,system,NA,0.842,2.9,54.96,129.41,-90.0,76.24,0.0
Negotiation_12,R2,2026-08-24T06:37:06.916546Z,shot_hit,3,1258,445,1281,443,742,563,23.26,529.04,552.06,human,NA,0.958,2.9,104.21,141.5,-56.2,76.24,0.0
Negotiation_12,R2,2026-08-24T06:37:06.918063Z,flight_spawn,4,1067,-20,1281,443,742,563,510.12,668.12,552.06,system,NA,0.567,2.94,47.06,141.5,-56.2,76.24,0.0
Negotiation_12,R2,2026-08-24T06:37:07.814112Z,human_signal,4,1182,86,1210,496,783,563,410.97,621.32,432.59,human,i_can,0.602,2.94,2.8,61.65,137.71,76.24,0.0
Negotiation_12,R2,2026-08-24T06:37:07.830848Z,behavior_monitor,4,1182,86,1210,496,784,563,410.97,620.48,431.31,system,NA,0.602,2.94,2.8,0.0,137.71,76.24,0.0
Negotiation_12,R2,2026-08-24T06:37:08.338206Z,behavior_monitor,4,1262,103,1216,491,823,563,391.46,636.38,400.14,system,NA,0.619,2.94,27.03,133.61,-17.15,81.0,0.0
Negotiation_12,R2,2026-08-24T06:37:08.843188Z,behavior_monitor,4,1335,144,1272,491,862,562,352.18,631.46,416.16,system,NA,0.642,2.94,48.11,0.0,0.0,76.24,0.0
Negotiation_12,R2,2026-08-24T06:37:09.347265Z,behavior_monitor,4,1411,184,1279,491,901,563,333.87,635.27,385.01,system,NA,0.655,2.94,5.07,129.41,0.0,76.24,0.0
Negotiation_12,R2,2026-08-24T06:37:09.858798Z,behavior_monitor,4,1433,220,1308,491,940,563,297.63,600.27,375.76,system,NA,0.669,2.05,118.65,0.0,0.0,76.24,0.0
Negotiation_12,R2,2026-08-24T06:37:10.366403Z,behavior_monitor,4,1395,267,1316,484,978,563,230.53,510.75,346.66,system,NA,0.689,2.05,145.77,131.29,-38.54,76.24,0.0
Negotiation_12,R2,2026-08-24T06:37:10.874846Z,behavior_monitor,4,1344,299,1336,462,1017,563,163.53,420.82,334.7,system,NA,0.72,2.05,149.13,85.64,180.0,76.24,0.0
Negotiation_12,R2,2026-08-24T06:37:11.385442Z,behavior_monitor,4,1295,334,1276,437,1056,563,105.24,331.48,253.77,system,NA,0.759,2.05,144.14,138.88,-131.12,76.24,0.0
Negotiation_12,R2,2026-08-24T06:37:11.653866Z,agent_signal,4,1264,342,1254,404,1076,563,62.16,289.49,238.57,agent,your_turn,0.823,2.05,163.76,137.91,-118.88,76.24,0.0
Negotiation_12,R2,2026-08-24T06:37:11.894030Z,behavior_monitor,4,1239,354,1239,377,1095,563,23.62,254.46,235.13,system,NA,0.915,2.05,139.79,139.09,-128.64,76.24,0.0
Negotiation_12,R2,2026-08-24T06:37:11.996182Z,shot_hit,4,1228,362,1236,369,1102,563,10.81,237.54,235.64,human,NA,0.956,2.05,139.79,65.27,-90.0,76.24,0.0
Negotiation_12,R2,2026-08-24T06:37:11.996758Z,flight_spawn,5,441,-20,1236,369,1102,563,885.5,882.29,235.64,system,NA,0.499,3.28,127.57,65.27,-90.0,76.24,0.0
Negotiation_12,R2,2026-08-24T06:37:12.910143Z,human_signal,5,321,110,1237,454,1056,563,979.11,863.69,211.39,human,your_turn,0.469,3.28,128.43,129.41,90.0,76.24,180.0
Negotiation_12,R2,2026-08-24T06:37:12.910819Z,behavior_monitor,5,321,110,1237,454,1056,563,979.11,863.69,211.39,system,NA,0.469,3.28,128.43,129.41,90.0,76.24,180.0
Negotiation_12,R2,2026-08-24T06:37:12.911266Z,human_signal,5,318,112,1238,457,1056,563,982.03,864.63,210.76,human,your_turn,0.468,3.28,128.43,129.41,90.0,76.24,180.0
Negotiation_12,R2,2026-08-24T06:37:13.419606Z,behavior_monitor,5,314,204,1266,507,1012,563,999.78,784.88,260.56,system,NA,0.44,3.28,78.9,0.0,47.83,87.67,180.0
Negotiation_12,R2,2026-08-24T06:37:13.926383Z,behavior_monitor,5,335,298,1231,507,967,563,920.79,685.61,270.44,system,NA,0.427,3.28,99.57,127.34,180.0,87.67,180.0
Negotiation_12,R2,2026-08-24T06:37:14.436163Z,behavior_monitor,5,328,394,1207,508,922,563,885.69,617.66,289.86,system,NA,0.411,3.28,58.47,133.91,165.11,87.67,180.0
Negotiation_12,R2,2026-08-24T06:37:14.588321Z,agent_signal,5,348,422,1192,515,909,563,849.8,578.52,287.83,agent,i_can,0.405,3.28,58.47,42.78,90.0,93.15,180.0
Negotiation_12,R2,2026-08-24T06:37:14.941945Z,behavior_monitor,5,373,479,1170,519,877,563,798.35,511.34,296.38,system,NA,0.39,3.28,88.6,133.93,165.07,87.67,180.0
Negotiation_12,R2,2026-08-24T06:37:15.449379Z,behavior_monitor,5,315,554,1166,520,833,563,851.59,517.61,336.17,system,NA,0.378,3.28,167.35,0.0,151.43,87.67,180.0
Negotiation_12,R2,2026-08-24T06:37:15.956921Z,behavior_monitor,5,220,576,1166,520,788,570,947.96,568.44,381.2,system,NA,0.375,3.28,165.35,0.0,151.43,87.67,180.0
Negotiation_12,R2,2026-08-24T06:37:16.465987Z,behavior_monitor,5,124,595,1166,520,743,591,1044.96,619.26,428.92,system,NA,0.372,3.28,169.81,0.0,151.43,150.04,125.75
Negotiation_12,R2,2026-08-24T06:37:16.977259Z,behavior_monitor,5,41,641,1166,520,698,635,1131.86,657.68,481.5,system,NA,0.368,3.28,138.4,0.0,151.43,150.04,125.75
Negotiation_12,R2,2026-08-24T06:37:17.483075Z,behavior_monitor,5,38,711,1166,520,653,697,1144.43,615.79,542.35,system,NA,0.35,2.63,79.98,0.0,151.43,150.04,125.75
Negotiation_12,R2,2026-08-24T06:37:17.990936Z,behavior_monitor,5,20,787,1166,520,609,759,1176.5,589.59,606.14,system,NA,0.334,2.52,83.58,0.0,151.43,150.04,125.75
Negotiation_12,R2,2026-08-24T06:37:18.496434Z,behavior_monitor,5,26,862,1164,520,564,822,1187.66,539.35,671.03,system,NA,0.312,2.52,83.58,40.37,180.0,150.04,125.75
Negotiation_12,R2,2026-08-24T06:37:19.004510Z,behavior_monitor,5,69,918,1112,520,520,883,1115.51,452.2,693.84,system,NA,0.288,2.52,24.61,0.0,180.0,150.04,125.75
Negotiation_12,R2,2026-08-24T06:37:19.342786Z,flight_missed,5,108,953,1093,520,488,910,1075.51,382.5,719.13,system,NA,0.262,2.52,52.16,129.41,180.0,87.67,180.0
Negotiation_12,R2,2026-08-24T06:37:19.343982Z,flight_spawn,6,233,-20,1093,520,488,910,1016.18,964.44,719.13,system,NA,0.487,2.98,132.07,129.41,180.0,87.67,180.0
Negotiation_12,R2,2026-08-24T06:37:19.834327Z,human_signal,6,179,42,1085,520,479,897,1024.73,906.43,712.94,human,your_turn,0.469,2.98,132.07,0.0,180.0,130.47,-125.75
Negotiation_12,R2,2026-08-24T06:37:19.835576Z,behavior_monitor,6,179,42,1085,520,479,897,1024.73,906.43,712.94,system,NA,0.469,2.98,132.07,0.0,180.0,130.47,-125.75
Negotiation_12,R2,2026-08-24T06:37:19.835873Z,human_signal,6,177,44,1085,520,479,897,1025.54,905.03,712.94,human,your_turn,0.469,2.98,132.07,0.0,180.0,130.47,-125.75
Negotiation_12,R2,2026-08-24T06:37:20.343242Z,behavior_monitor,6,119,108,1085,520,434,835,1050.01,791.86,722.42,system,NA,0.43,2.98,132.07,0.0,180.0,150.04,-125.75
Negotiation_12,R2,2026-08-24T06:37:20.848325Z,behavior_monitor,6,52,168,1085,520,389,772,1091.08,691.46,739.53,system,NA,0.388,2.98,133.53,0.0,180.0,159.42,-125.75
Negotiation_12,R2,2026-08-24T06:37:21.356387Z,behavior_monitor,6,25,245,1085,520,344,709,1094.59,563.06,764.3,system,NA,0.34,2.87,77.66,0.0,180.0,150.04,-125.75
Negotiation_12,R2,2026-08-24T06:37:21.863356Z,behavior_monitor,6,48,330,1085,520,299,648,1054.78,405.85,795.83,system,NA,0.278,2.87,100.13,0.0,180.0,150.04,-125.75
Negotiation_12,R2,2026-08-24T06:37:22.372540Z,behavior_monitor,6,27,401,1085,520,255,586,1064.63,293.17,832.84,system,NA,0.216,2.48,43.01,0.0,180.0,150.04,-125.75
Negotiation_12,R2,2026-08-24T06:37:22.440791Z,agent_signal,6,35,409,1085,520,249,577,1055.79,271.83,838.18,agent,i_can,0.205,2.48,43.01,0.0,180.0,150.04,-125.75
Negotiation_12,R2,2026-08-24T06:37:22.881723Z,behavior_monitor,6,78,452,1085,520,210,565,1009.25,173.38,876.4,system,NA,0.147,2.48,43.01,0.0,180.0,87.67,180.0
Negotiation_12,R2,2026-08-24T06:37:23.390666Z,behavior_monitor,6,136,503,1085,520,165,564,948.95,68.08,921.22,system,NA,0.067,2.48,43.01,0.0,180.0,87.67,180.0
Negotiation_12,R2,2026-08-24T06:37:23.747639Z,shot_hit,6,154,551,1085,520,135,564,931.66,22.85,950.96,agent,NA,0.024,2.48,72.27,0.0,180.0,0.0,-174.9
Negotiation_12,R2,2026-08-24T06:37:23.748705Z,flight_spawn,7,1000,-20,1085,520,135,564,547.65,1043.8,950.96,system,NA,0.656,2.83,135.0,0.0,180.0,0.0,-174.9
Negotiation_12,R2,2026-08-24T06:37:25.269202Z,human_signal,7,774,70,1049,520,200,564,527.36,757.4,849.68,human,your_turn,0.59,2.83,153.29,0.0,180.0,76.24,0.0
Negotiation_12,R2,2026-08-24T06:37:25.269730Z,behavior_monitor,7,774,70,1049,520,200,564,527.36,757.4,849.68,system,NA,0.59,2.83,153.29,0.0,180.0,76.24,0.0
Negotiation_12,R2,2026-08-24T06:37:25.270009Z,human_signal,7,771,71,1049,520,200,564,527.77,754.41,849.68,human,your_turn,0.588,2.83,153.29,0.0,180.0,76.24,0.0
Negotiation_12,R2,2026-08-24T06:37:25.778099Z,behavior_monitor,7,695,98,1049,520,245,564,550.83,648.13,805.03,system,NA,0.541,2.83,152.72,0.0,180.0,87.67,0.0
Negotiation_12,R2,2026-08-24T06:37:26.286934Z,behavior_monitor,7,617,115,1049,520,289,564,592.04,555.82,760.39,system,NA,0.484,2.83,179.7,0.0,180.0,87.67,0.0
Negotiation_12,R2,2026-08-24T06:37:26.797024Z,behavior_monitor,7,536,116,1049,520,334,565,653.54,492.09,715.59,system,NA,0.43,2.83,179.7,0.0,180.0,87.67,0.0
Negotiation_12,R2,2026-08-24T06:37:27.305525Z,behavior_monitor,7,449,127,1048,520,380,565,716.92,443.64,669.83,system,NA,0.382,2.83,155.24,39.12,180.0,82.8,0.0
Negotiation_12,R2,2026-08-24T06:37:27.814903Z,behavior_monitor,7,369,156,1036,520,371,565,760.1,408.75,665.89,system,NA,0.35,2.83,154.07,0.0,180.0,87.67,180.0
Negotiation_12,R2,2026-08-24T06:37:28.322675Z,behavior_monitor,7,306,207,1036,520,327,564,793.85,357.68,710.17,system,NA,0.311,2.83,105.83,0.0,180.0,87.67,180.0
Negotiation_12,R2,2026-08-24T06:37:28.831468Z,behavior_monitor,7,288,289,1036,520,282,564,782.22,275.52,754.8,system,NA,0.26,2.83,105.83,0.0,180.0,87.67,180.0
Negotiation_12,R2,2026-08-24T06:37:29.343094Z,behavior_monitor,7,226,339,1036,520,237,564,829.74,226.18,799.44,system,NA,0.214,2.83,155.2,0.0,180.0,87.67,180.0
Negotiation_12,R2,2026-08-24T06:37:29.393942Z,agent_signal,7,215,343,1036,520,233,564,839.11,221.84,803.91,agent,i_can,0.209,2.83,155.2,0.0,180.0,87.67,180.0
Negotiation_12,R2,2026-08-24T06:37:29.850581Z,behavior_monitor,7,141,355,1036,520,193,564,909.9,214.87,843.98,system,NA,0.191,2.83,135.37,0.0,180.0,93.15,180.0
Negotiation_12,R2,2026-08-24T06:37:30.359613Z,behavior_monitor,7,77,409,1036,520,148,564,965.3,170.45,888.63,system,NA,0.15,2.83,156.28,0.0,180.0,87.67,180.0
Negotiation_12,R2,2026-08-24T06:37:30.868887Z,behavior_monitor,7,30,434,1036,520,103,564,1008.92,149.0,933.48,system,NA,0.129,1.85,29.82,0.0,180.0,87.67,180.0
Negotiation_12,R2,2026-08-24T06:37:31.377517Z,behavior_monitor,7,72,468,1036,520,58,564,964.49,97.03,978.14,system,NA,0.091,1.85,51.86,0.0,180.0,87.67,180.0
Negotiation_12,R2,2026-08-24T06:37:31.885492Z,behavior_monitor,7,92,517,1036,520,71,565,943.5,51.78,965.92,system,NA,0.052,1.85,80.53,0.0,180.0,0.0,45.0
Negotiation_12,R2,2026-08-24T06:37:32.037619Z,shot_miss,7,96,536,1036,520,72,565,939.78,37.41,964.43,agent,NA,0.038,1.85,80.53,0.0,180.0,87.67,0.0
Negotiation_12,R2,2026-08-24T06:37:32.241382Z,shot_hit,7,105,555,1036,520,83,565,930.75,24.62,954.01,agent,NA,0.026,1.85,85.6,0.0,180.0,0.0,0.0
Negotiation_12,R2,2026-08-24T06:37:32.241933Z,flight_spawn,8,1228,-20,1036,520,83,565,574.3,1286.54,954.01,system,NA,0.691,2.83,45.0,0.0,180.0,0.0,0.0
Negotiation_12,R2,2026-08-24T06:37:33.427719Z,human_signal,8,1396,74,1093,520,125,565,539.26,1363.1,969.1,human,i_can,0.717,2.83,47.15,124.41,0.0,76.24,0.0
Negotiation_12,R2,2026-08-24T06:37:33.444550Z,behavior_monitor,8,1396,74,1093,520,126,565,539.26,1361.89,967.81,system,NA,0.716,2.83,47.15,128.82,-17.01,76.24,0.0
Negotiation_12,R2,2026-08-24T06:37:33.953659Z,behavior_monitor,8,1447,133,1156,491,165,565,461.31,1352.86,993.38,system,NA,0.746,1.98,140.19,136.9,-19.04,76.24,0.0
Negotiation_12,R2,2026-08-24T06:37:34.462488Z,behavior_monitor,8,1397,157,1209,488,204,565,380.81,1260.65,1007.79,system,NA,0.768,1.98,165.16,0.0,0.0,72.0,0.0
Negotiation_12,R2,2026-08-24T06:37:34.969462Z,behavior_monitor,8,1340,172,1209,488,242,564,342.22,1165.76,969.33,system,NA,0.773,1.98,165.16,0.0,0.0,76.24,0.0
Negotiation_12,R2,2026-08-24T06:37:35.475424Z,behavior_monitor,8,1281,186,1209,488,281,564,310.47,1068.68,930.42,system,NA,0.775,1.98,171.88,0.0,0.0,81.0,0.0
Negotiation_12,R2,2026-08-24T06:37:35.984110Z,behavior_monitor,8,1228,217,1194,486,320,564,270.98,972.12,877.48,system,NA,0.782,1.98,94.14,134.55,-164.11,76.24,0.0
Negotiation_12,R2,2026-08-24T06:37:36.492332Z,behavior_monitor,8,1218,276,1142,466,359,564,204.49,906.33,789.57,system,NA,0.816,1.98,94.14,100.68,-90.0,76.24,0.0
Negotiation_12,R2,2026-08-24T06:37:36.761714Z,agent_signal,8,1215,309,1157,432,380,564,135.43,873.51,788.64,agent,your_turn,0.866,1.98,94.14,137.82,-49.84,76.24,0.0
Negotiation_12,R2,2026-08-24T06:37:37.000158Z,behavior_monitor,8,1212,334,1180,411,398,564,83.63,846.3,796.88,system,NA,0.91,1.98,91.76,139.38,-36.17,76.24,0.0
Negotiation_12,R2,2026-08-24T06:37:37.422745Z,shot_hit,8,1228,380,1212,373,430,564,17.56,818.41,804.22,human,NA,0.979,1.98,66.44,136.83,-33.0,76.24,0.0
Negotiation_12,R2,2026-08-24T06:37:37.423740Z,flight_spawn,9,605,-20,1212,373,430,564,723.16,609.67,804.22,system,NA,0.457,2.83,135.0,136.83,-33.0,76.24,0.0
Negotiation_12,R2,2026-08-24T06:37:38.303992Z,human_signal,9,524,99,1229,468,473,564,795.97,467.77,761.63,human,your_turn,0.37,2.83,130.28,138.4,110.77,76.24,0.0
Negotiation_12,R2,2026-08-24T06:37:38.304928Z,behavior_monitor,9,524,99,1229,468,473,564,795.97,467.77,761.63,system,NA,0.37,2.83,130.28,138.4,110.77,76.24,0.0
Negotiation_12,R2,2026-08-24T06:37:38.305390Z,human_signal,9,522,101,1228,470,473,564,796.34,465.49,760.53,human,your_turn,0.369,2.83,130.28,138.4,110.77,76.24,0.0
Negotiation_12,R2,2026-08-24T06:37:38.810857Z,behavior_monitor,9,473,163,1203,533,459,564,818.74,400.58,744.35,system,NA,0.329,2.83,130.28,121.84,117.61,87.67,180.0
Negotiation_12,R2,2026-08-24T06:37:39.321406Z,behavior_monitor,9,417,228,1178,549,415,564,825.56,335.57,763.23,system,NA,0.289,2.83,130.28,42.96,180.0,87.67,180.0
Negotiation_12,R2,2026-08-24T06:37:39.826736Z,behavior_monitor,9,362,293,1161,549,370,564,839.59,270.96,791.37,system,NA,0.244,2.83,130.28,129.41,180.0,87.67,180.0
Negotiation_12,R2,2026-08-24T06:37:39.929349Z,agent_signal,9,352,309,1146,549,361,564,829.57,254.68,784.91,agent,i_can,0.235,2.83,102.03,129.41,180.0,87.67,180.0
Negotiation_12,R2,2026-08-24T06:37:40.335263Z,behavior_monitor,9,342,373,1111,538,325,564,786.21,191.64,785.74,system,NA,0.196,2.83,77.62,0.0,180.0,93.15,180.0
Negotiation_12,R2,2026-08-24T06:37:40.842865Z,behavior_monitor,9,342,456,1111,538,320,564,772.93,109.68,791.37,system,NA,0.124,2.83,82.13,0.0,180.0,0.0,5.05
Negotiation_12,R2,2026-08-24T06:37:41.346222Z,behavior_monitor,9,356,540,1111,538,333,564,754.4,32.72,777.6,system,NA,0.042,2.83,82.13,0.0,180.0,0.0,0.0
Negotiation_12,R2,2026-08-24T06:37:41.379024Z,shot_hit,9,357,549,1111,538,333,564,753.81,27.87,777.6,agent,NA,0.036,2.83,82.13,0.0,180.0,0.0,0.0
Negotiation_12,R2,2026-08-24T06:37:41.379592Z,flight_spawn,10,933,-20,1111,538,333,564,586.56,837.12,777.6,system,NA,0.588,3.14,129.59,0.0,180.0,0.0,0.0
Negotiation_12,R2,2026-08-24T06:37:43.107134Z,human_signal,10,675,127,1088,532,440,564,578.44,496.53,648.76,human,your_turn,0.462,3.14,148.38,0.0,180.0,76.24,0.0
Negotiation_12,R2,2026-08-24T06:37:43.107998Z,behavior_monitor,10,675,127,1088,532,440,564,578.44,496.53,648.76,system,NA,0.462,3.14,148.38,0.0,180.0,76.24,0.0
Negotiation_12,R2,2026-08-24T06:37:43.108357Z,human_signal,10,673,128,1088,532,440,564,579.01,493.94,648.76,human,your_turn,0.46,3.14,148.38,0.0,180.0,76.24,0.0
Negotiation_12,R2,2026-08-24T06:37:43.615798Z,behavior_monitor,10,587,160,1088,532,484,564,623.9,416.57,604.6,system,NA,0.4,3.14,159.25,0.0,180.0,87.67,0.0
Negotiation_12,R2,2026-08-24T06:37:44.124152Z,behavior_monitor,10,504,202,1088,532,501,564,670.25,361.87,587.86,system,NA,0.351,3.14,171.63,0.0,180.0,87.67,180.0
Negotiation_12,R2,2026-08-24T06:37:44.633488Z,behavior_monitor,10,417,230,1088,532,456,564,735.41,335.89,632.71,system,NA,0.314,3.14,138.86,0.0,180.0,87.67,180.0
Negotiation_12,R2,2026-08-24T06:37:45.143585Z,behavior_monitor,10,372,309,1088,532,411,564,750.1,258.44,677.37,system,NA,0.256,3.14,136.24,0.0,180.0,82.8,180.0
Negotiation_12,R2,2026-08-24T06:37:45.210889Z,agent_signal,10,358,317,1088,532,405,564,760.58,252.0,683.42,agent,i_can,0.249,3.14,156.56,0.0,180.0,87.67,180.0
Negotiation_12,R2,2026-08-24T06:37:45.648140Z,behavior_monitor,10,284,348,1088,532,367,564,824.61,231.58,721.9,system,NA,0.219,3.14,156.56,0.0,180.0,87.67,180.0
Negotiation_12,R2,2026-08-24T06:37:46.155565Z,behavior_monitor,10,191,374,1088,532,322,564,910.25,230.84,766.57,system,NA,0.202,3.14,178.23,0.0,180.0,87.67,180.0
Negotiation_12,R2,2026-08-24T06:37:46.660141Z,behavior_monitor,10,101,385,1088,532,278,564,997.65,251.11,810.99,system,NA,0.201,3.14,172.0,0.0,180.0,93.15,180.0
Negotiation_12,R2,2026-08-24T06:37:47.166451Z,behavior_monitor,10,20,419,1088,532,233,564,1074.28,257.75,855.67,system,NA,0.194,2.93,73.19,0.0,180.0,93.15,180.0
Negotiation_12,R2,2026-08-24T06:37:47.673919Z,behavior_monitor,10,21,506,1088,532,187,564,1067.26,176.24,900.96,system,NA,0.142,2.78,76.18,0.0,180.0,87.67,180.0
Negotiation_12,R2,2026-08-24T06:37:48.184441Z,behavior_monitor,10,20,586,1078,545,143,578,1058.25,122.47,935.82,system,NA,0.104,2.59,73.07,136.61,130.71,150.04,125.75
Negotiation_12,R2,2026-08-24T06:37:48.692643Z,behavior_monitor,10,42,661,1042,586,98,641,1003.42,59.59,946.1,system,NA,0.056,2.59,73.07,0.0,136.98,150.04,125.75
Negotiation_12,R2,2026-08-24T06:37:49.012545Z,shot_hit,10,52,710,1042,586,68,682,997.99,31.91,979.28,agent,NA,0.031,2.59,73.07,0.0,136.98,150.04,125.75
Negotiation_12,R2,2026-08-24T06:37:49.013770Z,flight_spawn,11,761,-20,1042,586,68,682,668.61,987.34,979.28,system,NA,0.596,3.09,49.59,0.0,136.98,150.04,125.75
Negotiation_12,R2,2026-08-24T06:37:49.960342Z,human_signal,11,885,89,1042,554,109,624,491.34,942.58,935.74,human,i_can,0.657,3.09,5.16,129.41,-90.0,130.47,-54.25
Negotiation_12,R2,2026-08-24T06:37:49.977010Z,behavior_monitor,11,885,89,1042,554,111,623,491.34,940.49,934.31,system,NA,0.657,3.09,5.16,129.41,-90.0,130.47,-54.25
Negotiation_12,R2,2026-08-24T06:37:50.481878Z,behavior_monitor,11,975,110,1042,499,150,569,394.87,944.35,895.24,system,NA,0.705,3.09,15.81,0.0,-90.0,130.47,-54.25
Negotiation_12,R2,2026-08-24T06:37:50.987157Z,behavior_monitor,11,1066,135,1052,499,189,566,364.16,977.07,865.86,system,NA,0.728,3.09,15.81,76.0,0.0,76.24,0.0
Negotiation_12,R2,2026-08-24T06:37:51.493488Z,behavior_monitor,11,1156,149,1098,499,228,566,354.75,1018.07,872.99,system,NA,0.742,3.09,28.23,93.7,0.0,76.24,0.0
Negotiation_12,R2,2026-08-24T06:37:52.000465Z,behavior_monitor,11,1236,196,1137,499,267,566,318.47,1037.86,873.34,system,NA,0.765,3.09,31.74,50.64,0.0,76.24,0.0
Negotiation_12,R2,2026-08-24T06:37:52.507813Z,behavior_monitor,11,1273,279,1200,499,305,565,232.16,1009.48,896.54,system,NA,0.813,3.09,82.37,129.41,0.0,76.24,0.0
Negotiation_12,R2,2026-08-24T06:37:52.882023Z,agent_signal,11,1272,348,1227,499,334,565,157.36,962.12,895.29,agent,your_turn,0.859,3.09,107.33,0.0,0.0,72.0,0.0
Negotiation_12,R2,2026-08-24T06:37:53.015828Z,behavior_monitor,11,1264,369,1227,499,345,565,135.51,940.34,884.95,system,NA,0.874,3.09,107.33,0.0,0.0,76.24,0.0
Negotiation_12,R2,2026-08-24T06:37:53.524000Z,behavior_monitor,11,1210,443,1238,461,384,565,33.3,835.07,860.37,system,NA,0.962,3.09,100.18,123.82,-155.6,76.24,0.0
Negotiation_12,R2,2026-08-24T06:37:53.574670Z,shot_hit,11,1208,452,1231,460,388,565,24.52,828.46,850.35,human,NA,0.971,3.09,100.18,129.41,180.0,76.24,0.0
Negotiation_12,R2,2026-08-24T06:37:53.575125Z,flight_spawn,12,810,-20,1231,460,388,565,638.73,722.23,850.35,system,NA,0.531,2.83,45.0,129.41,180.0,76.24,0.0
Negotiation_12,R2,2026-08-24T06:37:55.543115Z,human_signal,12,1102,94,1150,528,433,565,436.72,818.18,718.35,human,i_can,0.652,2.83,42.69,0.0,180.0,76.24,0.0
Negotiation_12,R2,2026-08-24T06:37:55.560288Z,behavior_monitor,12,1102,94,1150,528,434,565,436.72,817.12,717.06,system,NA,0.652,2.83,42.69,0.0,180.0,76.24,0.0
Negotiation_12,R2,2026-08-24T06:37:56.071489Z,behavior_monitor,12,1161,152,1150,528,473,565,376.68,802.37,678.32,system,NA,0.681,2.83,42.69,0.0,180.0,76.24,0.0
Negotiation_12,R2,2026-08-24T06:37:56.580052Z,behavior_monitor,12,1225,209,1150,528,512,566,327.66,796.74,638.91,system,NA,0.709,2.83,42.69,0.0,180.0,76.24,0.0
Negotiation_12,R2,2026-08-24T06:37:57.087410Z,behavior_monitor,12,1276,276,1171,528,552,565,274.08,780.12,619.74,system,NA,0.74,2.83,34.81,137.5,0.0,81.0,0.0
Negotiation_12,R2,2026-08-24T06:37:57.596209Z,behavior_monitor,12,1353,300,1237,528,591,566,255.96,807.19,647.16,system,NA,0.759,2.83,6.86,133.6,-14.4,76.24,0.0
Negotiation_12,R2,2026-08-24T06:37:57.849166Z,agent_signal,12,1396,308,1271,514,610,566,240.29,827.12,663.28,agent,your_turn,0.775,2.83,23.02,139.44,-26.16,76.24,0.0
Negotiation_12,R2,2026-08-24T06:37:58.103309Z,behavior_monitor,12,1414,341,1300,497,629,565,192.7,815.81,674.69,system,NA,0.809,2.83,99.15,140.87,-31.77,76.24,0.0
Negotiation_12,R2,2026-08-24T06:37:58.611005Z,behavior_monitor,12,1369,410,1353,451,668,565,43.86,718.27,694.06,system,NA,0.942,2.83,126.8,139.08,-61.14,76.24,0.0
Negotiation_12,R2,2026-08-24T06:37:58.730073Z,shot_hit,12,1354,426,1361,439,677,565,14.52,690.75,695.14,human,NA,0.979,2.83,126.8,117.76,-41.07,76.24,0.0
Negotiation_12,R2,2026-08-24T06:37:58.730700Z,flight_spawn,13,42,-20,1361,439,677,565,1396.25,863.85,695.14,system,NA,0.382,3.23,128.23,117.76,-41.07,76.24,0.0
Negotiation_12,R2,2026-08-24T06:37:59.744676Z,human_signal,13,29,138,1293,520,622,565,1320.4,730.72,672.45,human,i_can,0.356,2.81,112.7,143.95,138.94,76.24,180.0
Negotiation_12,R2,2026-08-24T06:37:59.760819Z,behavior_monitor,13,29,138,1293,520,621,565,1320.4,729.67,673.74,system,NA,0.356,2.81,112.7,143.98,139.1,76.24,180.0
Negotiation_12,R2,2026-08-24T06:38:00.113496Z,human_signal,13,26,193,1261,536,594,565,1281.55,678.87,667.6,human,your_turn,0.346,2.67,75.91,75.93,151.44,81.0,180.0
Negotiation_12,R2,2026-08-24T06:38:00.114083Z,human_signal,13,27,195,1260,537,594,565,1279.15,676.64,666.62,human,your_turn,0.346,2.67,75.91,67.32,149.96,76.24,180.0
Negotiation_12,R2,2026-08-24T06:38:00.265998Z,behavior_monitor,13,31,216,1253,541,581,565,1263.84,650.71,672.53,system,NA,0.34,2.67,97.06,59.36,146.8,87.67,180.0
Negotiation_12,R2,2026-08-24T06:38:00.774849Z,behavior_monitor,13,27,289,1211,552,535,565,1212.79,578.56,675.71,system,NA,0.323,2.51,47.64,82.86,180.0,82.8,180.0
Negotiation_12,R2,2026-08-24T06:38:01.282835Z,behavior_monitor,13,85,335,1197,527,491,566,1128.64,467.11,707.23,system,NA,0.293,2.51,22.19,129.08,-113.65,87.67,180.0
Negotiation_12,R2,2026-08-24T06:38:01.284562Z,agent_signal,13,87,336,1196,525,491,566,1124.83,464.49,706.47,agent,i_can,0.292,2.51,22.19,129.08,-113.65,87.67,180.0
Negotiation_12,R2,2026-08-24T06:38:01.792265Z,behavior_monitor,13,157,346,1169,493,447,565,1022.93,363.45,726.51,system,NA,0.262,2.51,2.54,120.17,145.51,87.67,180.0
Negotiation_12,R2,2026-08-24T06:38:02.302699Z,behavior_monitor,13,229,364,1142,515,402,565,925.31,265.37,742.23,system,NA,0.223,2.51,6.42,0.0,90.0,87.67,180.0
Negotiation_12,R2,2026-08-24T06:38:02.807468Z,behavior_monitor,13,293,395,1142,515,357,565,857.71,181.76,786.85,system,NA,0.175,2.51,47.83,0.0,90.0,87.67,180.0
Negotiation_12,R2,2026-08-24T06:38:03.312060Z,behavior_monitor,13,313,463,1142,515,312,566,831.08,103.41,831.47,system,NA,0.111,2.51,114.23,0.0,90.0,93.15,180.0
Negotiation_12,R2,2026-08-24T06:38:03.821884Z,behavior_monitor,13,242,482,1142,515,267,567,901.16,88.09,876.43,system,NA,0.089,2.51,175.97,0.0,90.0,87.67,180.0
Negotiation_12,R2,2026-08-24T06:38:04.329917Z,behavior_monitor,13,168,496,1142,515,223,566,974.37,88.77,921.19,system,NA,0.083,2.51,162.17,0.0,90.0,87.67,180.0
Negotiation_12,R2,2026-08-24T06:38:04.837930Z,behavior_monitor,13,105,528,1142,515,178,566,1037.85,83.07,965.43,system,NA,0.074,2.51,154.09,0.0,90.0,87.67,180.0
Negotiation_12,R2,2026-08-24T06:38:05.345399Z,behavior_monitor,13,33,559,1142,515,133,566,1110.17,100.47,1010.32,system,NA,0.083,2.51,158.76,0.0,90.0,93.15,180.0
Negotiation_12,R2,2026-08-24T06:38:05.853916Z,behavior_monitor,13,34,600,1142,515,89,594,1111.34,55.05,1056.32,system,NA,0.047,1.67,78.24,0.0,90.0,87.67,180.0
Negotiation_12,R2,2026-08-24T06:38:06.090160Z,shot_hit,13,42,624,1142,515,67,618,1106.2,25.69,1080.72,agent,NA,0.023,1.67,78.24,0.0,90.0,150.04,125.75
Negotiation_12,R2,2026-08-24T06:38:06.090690Z,flight_spawn,14,1265,-20,1142,515,67,618,549.33,1358.13,1080.72,system,NA,0.712,3.51,55.28,0.0,90.0,150.04,125.75
Negotiation_12,R2,2026-08-24T06:38:07.171359Z,human_signal,14,1419,134,1192,507,127,566,437.3,1362.62,1066.11,human,i_can,0.757,3.51,26.5,137.4,-19.63,76.24,0.0
Negotiation_12,R2,2026-08-24T06:38:07.188187Z,behavior_monitor,14,1419,134,1192,507,128,566,437.3,1361.39,1064.81,system,NA,0.757,3.51,26.5,137.73,-20.02,76.24,0.0
Negotiation_12,R2,2026-08-24T06:38:07.692170Z,behavior_monitor,14,1408,167,1256,478,167,566,346.53,1303.77,1092.16,system,NA,0.79,2.48,178.99,138.41,-25.01,76.24,0.0
Negotiation_12,R2,2026-08-24T06:38:08.198921Z,behavior_monitor,14,1339,188,1259,420,206,565,244.94,1193.41,1062.75,system,NA,0.83,2.48,170.02,137.37,-125.86,76.24,0.0
Negotiation_12,R2,2026-08-24T06:38:08.707153Z,behavior_monitor,14,1266,201,1246,426,245,565,226.14,1083.92,1010.33,system,NA,0.827,2.48,170.02,138.43,119.02,76.24,0.0
Negotiation_12,R2,2026-08-24T06:38:09.215711Z,behavior_monitor,14,1194,218,1187,463,283,566,244.41,975.34,909.79,system,NA,0.8,2.48,142.98,136.12,161.94,76.24,0.0
Negotiation_12,R2,2026-08-24T06:38:09.722211Z,behavior_monitor,14,1121,249,1121,465,322,566,216.24,859.55,805.34,system,NA,0.799,2.48,170.89,129.41,180.0,76.24,0.0
Negotiation_12,R2,2026-08-24T06:38:10.229920Z,behavior_monitor,14,1048,266,1059,445,361,566,179.73,749.37,708.77,system,NA,0.807,2.48,149.63,32.01,180.0,72.0,0.0
Negotiation_12,R2,2026-08-24T06:38:10.737340Z,behavior_monitor,14,985,305,1021,445,400,566,145.15,641.25,632.96,system,NA,0.815,2.48,145.85,129.41,180.0,76.24,0.0
Negotiation_12,R2,2026-08-24T06:38:11.058083Z,agent_signal,14,951,335,978,436,424,566,104.29,574.93,568.51,agent,your_turn,0.846,2.48,145.8,135.39,-155.18,76.24,0.0
Negotiation_12,R2,2026-08-24T06:38:11.246860Z,behavior_monitor,14,928,349,958,424,439,566,81.03,534.95,538.02,system,NA,0.868,2.48,145.8,137.45,-147.05,76.24,0.0
Negotiation_12,R2,2026-08-24T06:38:11.754773Z,behavior_monitor,14,856,373,895,405,478,565,49.98,423.83,446.08,system,NA,0.895,2.48,170.73,129.41,180.0,76.24,0.0
Negotiation_12,R2,2026-08-24T06:38:12.197075Z,shot_miss,14,801,397,837,405,512,566,37.55,334.99,363.33,human,NA,0.899,2.48,169.82,129.41,180.0,80.24,20.64
Negotiation_12,R2,2026-08-24T06:38:12.264872Z,behavior_monitor,14,791,398,829,405,517,566,38.41,321.03,350.84,system,NA,0.893,2.48,169.82,129.41,180.0,76.24,0.0
Negotiation_12,R2,2026-08-24T06:38:12.705421Z,shot_miss,14,730,410,771,405,551,566,41.26,238.13,273.22,human,NA,0.852,2.48,169.88,129.41,180.0,76.24,0.0
Negotiation_12,R2,2026-08-24T06:38:12.773153Z,behavior_monitor,14,722,411,763,406,556,566,41.37,226.58,261.45,system,NA,0.846,2.48,169.88,140.45,154.11,76.24,0.0
Negotiation_12,R2,2026-08-24T06:38:13.214750Z,human_signal,14,658,425,788,444,590,566,132.02,156.6,232.94,human,i_can,0.543,2.48,169.25,129.41,0.0,76.24,0.0
Negotiation_12,R2,2026-08-24T06:38:13.281893Z,behavior_monitor,14,651,426,795,442,595,566,144.55,150.66,235.08,system,NA,0.51,2.48,169.25,134.25,-15.44,76.24,0.0
Negotiation_12,R2,2026-08-24T06:38:13.554743Z,human_signal,14,614,434,830,439,600,566,215.89,133.16,262.67,human,your_turn,0.381,2.48,169.25,135.26,18.01,76.24,180.0
Negotiation_12,R2,2026-08-24T06:38:13.555213Z,human_signal,14,612,434,832,440,600,566,220.39,132.46,263.75,human,your_turn,0.375,2.48,140.56,145.33,32.28,76.24,180.0
Negotiation_12,R2,2026-08-24T06:38:13.792263Z,behavior_monitor,14,590,458,848,464,579,566,258.67,109.48,287.87,system,NA,0.297,2.48,138.92,137.09,70.73,87.67,180.0
Negotiation_12,R2,2026-08-24T06:38:14.300547Z,behavior_monitor,14,536,506,850,530,535,566,314.81,60.05,317.79,system,NA,0.16,2.48,138.92,129.41,90.0,87.67,180.0
Negotiation_12,R2,2026-08-24T06:38:14.453705Z,agent_signal,14,517,521,859,541,521,566,342.62,45.84,338.7,agent,i_can,0.118,2.48,164.51,131.19,18.43,87.67,180.0
Negotiation_12,R2,2026-08-24T06:38:14.588349Z,shot_miss,14,497,526,877,543,508,565,380.31,39.87,370.26,agent,NA,0.095,2.48,164.51,129.41,0.0,87.67,180.0
Negotiation_12,R2,2026-08-24T06:38:14.809246Z,behavior_monitor,14,469,534,878,543,490,565,408.99,36.81,388.97,system,NA,0.083,2.48,164.51,0.0,0.0,87.67,180.0
Negotiation_12,R2,2026-08-24T06:38:14.860434Z,shot_miss,14,460,537,878,543,484,565,418.08,36.61,394.92,agent,NA,0.081,2.48,164.51,0.0,0.0,87.67,180.0
Negotiation_12,R2,2026-08-24T06:38:15.231989Z,shot_miss,14,411,551,841,543,451,564,430.5,42.7,390.55,agent,NA,0.09,2.48,173.31,0.0,139.63,82.8,180.0
Negotiation_12,R2,2026-08-24T06:38:15.317015Z,behavior_monitor,14,400,552,841,543,445,564,440.76,46.45,396.5,system,NA,0.095,2.48,173.31,0.0,139.63,87.67,180.0
Negotiation_12,R2,2026-08-24T06:38:15.826275Z,behavior_monitor,14,336,569,898,543,400,564,562.94,64.62,498.37,system,NA,0.103,2.48,152.19,129.41,0.0,87.67,180.0
Negotiation_12,R2,2026-08-24T06:38:16.335111Z,behavior_monitor,14,265,589,908,543,356,584,645.55,91.29,554.27,system,NA,0.124,2.48,169.42,0.0,0.0,87.67,180.0
Negotiation_12,R2,2026-08-24T06:38:16.846645Z,behavior_monitor,14,190,603,908,543,311,598,721.06,121.46,599.76,system,NA,0.144,2.48,169.42,0.0,0.0,87.67,180.0
Negotiation_12,R2,2026-08-24T06:38:17.354344Z,behavior_monitor,14,148,661,908,543,267,652,769.73,119.53,650.69,system,NA,0.134,2.48,98.13,0.0,0.0,150.04,125.75
Negotiation_12,R2,2026-08-24T06:38:17.864436Z,behavior_monitor,14,147,733,908,543,222,715,784.57,76.86,707.72,system,NA,0.089,2.48,48.99,0.0,0.0,180.19,129.03
Negotiation_12,R2,2026-08-24T06:38:18.271413Z,shot_hit,14,179,785,908,543,185,767,768.88,19.67,757.52,agent,NA,0.025,2.48,63.0,0.0,0.0,150.04,125.75
Negotiation_12,R2,2026-08-24T06:38:18.271912Z,flight_spawn,15,1366,-20,908,543,185,767,726.13,1419.54,757.52,system,NA,0.662,2.87,45.83,0.0,0.0,150.04,125.75
Negotiation_12,R2,2026-08-24T06:38:19.643338Z,human_signal,15,1431,135,967,543,236,695,617.95,1319.66,746.53,human,i_can,0.681,1.9,127.51,129.41,0.0,0.0,-54.25
Negotiation_12,R2,2026-08-24T06:38:19.660290Z,behavior_monitor,15,1431,135,967,543,236,695,617.95,1319.66,746.53,system,NA,0.681,1.9,127.51,129.41,0.0,0.0,-54.25
Negotiation_12,R2,2026-08-24T06:38:20.169088Z,behavior_monitor,15,1400,181,1030,527,275,641,506.8,1215.87,763.65,system,NA,0.706,1.9,127.51,140.35,-44.95,130.47,-54.25
Negotiation_12,R2,2026-08-24T06:38:20.671368Z,behavior_monitor,15,1347,207,1073,470,314,587,380.09,1100.78,767.73,system,NA,0.743,1.9,153.24,139.42,-45.39,130.47,-54.25
Negotiation_12,R2,2026-08-24T06:38:21.178683Z,behavior_monitor,15,1302,240,1124,424,353,565,256.31,1003.55,783.98,system,NA,0.797,1.9,131.21,90.77,-56.48,76.24,0.0
Negotiation_12,R2,2026-08-24T06:38:21.687865Z,behavior_monitor,15,1256,271,1137,414,392,565,186.32,913.2,760.63,system,NA,0.831,1.9,159.32,131.06,-35.72,76.24,0.0
Negotiation_12,R2,2026-08-24T06:38:22.194453Z,behavior_monitor,15,1199,291,1154,396,431,564,113.64,815.46,742.74,system,NA,0.878,1.9,176.19,91.66,90.0,76.24,0.0
Negotiation_12,R2,2026-08-24T06:38:22.671932Z,agent_signal,15,1149,308,1106,423,467,564,122.84,727.58,654.17,agent,your_turn,0.856,1.9,148.25,129.41,180.0,76.24,0.0
Negotiation_12,R2,2026-08-24T06:38:22.705508Z,behavior_monitor,15,1147,309,1104,423,470,564,122.01,723.03,649.49,system,NA,0.856,1.9,148.25,129.41,180.0,76.24,0.0
Negotiation_12,R2,2026-08-24T06:38:23.212356Z,behavior_monitor,15,1096,339,1068,388,509,564,55.74,627.79,585.99,system,NA,0.918,1.9,148.25,131.4,-50.56,76.24,0.0
Negotiation_12,R2,2026-08-24T06:38:23.415063Z,shot_hit,15,1081,355,1076,363,525,564,9.19,593.16,586.1,human,NA,0.985,1.9,126.31,129.41,-90.0,103.73,5.97
Negotiation_12,R2,2026-08-24T06:38:23.415355Z,flight_spawn,16,303,-20,1076,363,525,564,863.22,625.35,586.1,system,NA,0.42,2.87,134.11,129.41,-90.0,103.73,5.97
Negotiation_12,R2,2026-08-24T06:38:24.649254Z,human_signal,16,350,124,1085,476,460,564,815.24,453.44,631.58,human,your_turn,0.357,2.87,37.65,0.0,90.0,76.24,180.0
Negotiation_12,R2,2026-08-24T06:38:24.650426Z,behavior_monitor,16,350,124,1085,476,460,564,815.24,453.44,631.58,system,NA,0.357,2.87,37.65,0.0,90.0,76.24,180.0
Negotiation_12,R2,2026-08-24T06:38:24.650840Z,human_signal,16,352,126,1085,476,460,564,812.3,451.16,631.58,human,your_turn,0.357,2.87,37.65,0.0,90.0,76.24,180.0
Negotiation_12,R2,2026-08-24T06:38:25.154344Z,behavior_monitor,16,424,162,1085,476,415,563,731.99,401.54,676.33,system,NA,0.354,2.87,45.12,0.0,90.0,107.49,-165.47
Negotiation_12,R2,2026-08-24T06:38:25.657296Z,behavior_monitor,16,490,214,1085,476,448,563,650.87,351.63,643.53,system,NA,0.351,2.87,15.37,0.0,90.0,93.15,0.0
Negotiation_12,R2,2026-08-24T06:38:26.164040Z,behavior_monitor,16,576,237,1085,476,493,563,562.32,336.9,599.26,system,NA,0.375,2.87,15.37,0.0,90.0,87.67,0.0
Negotiation_12,R2,2026-08-24T06:38:26.672221Z,behavior_monitor,16,653,274,1035,499,537,563,443.69,311.36,502.24,system,NA,0.412,2.87,38.24,33.11,180.0,82.8,0.0
Negotiation_12,R2,2026-08-24T06:38:26.689301Z,human_signal,16,658,277,1035,499,539,563,438.01,309.21,500.76,human,i_can,0.414,2.87,38.24,0.0,180.0,87.67,0.0
Negotiation_12,R2,2026-08-24T06:38:27.178267Z,behavior_monitor,16,735,302,1006,518,576,563,346.66,305.53,432.7,system,NA,0.468,2.87,33.09,140.72,144.92,76.24,0.0
Negotiation_12,R2,2026-08-24T06:38:27.515651Z,agent_signal,16,791,329,965,496,602,562,240.83,300.43,368.5,agent,your_turn,0.555,2.87,8.02,139.72,-143.65,76.24,0.0
Negotiation_12,R2,2026-08-24T06:38:27.686020Z,behavior_monitor,16,819,334,947,484,615,562,197.82,306.4,340.87,system,NA,0.608,2.87,13.6,138.49,-146.41,76.24,0.0
Negotiation_12,R2,2026-08-24T06:38:28.200759Z,behavior_monitor,16,902,361,938,420,656,563,68.98,318.32,316.49,system,NA,0.822,2.87,45.09,129.41,-90.0,76.24,0.0
Negotiation_12,R2,2026-08-24T06:38:28.431988Z,shot_hit,16,939,375,945,389,674,562,15.67,324.58,321.87,human,NA,0.954,2.87,16.8,144.47,-67.69,81.0,0.0
Negotiation_12,R2,2026-08-24T06:38:28.432326Z,flight_spawn,17,1406,-20,945,389,674,562,616.79,936.04,321.87,system,NA,0.603,2.83,135.0,144.47,-67.69,81.0,0.0
Negotiation_12,R2,2026-08-24T06:38:29.426872Z,human_signal,17,1302,103,1056,426,722,562,405.9,739.67,360.63,human,i_can,0.646,2.83,103.39,143.73,23.73,81.0,0.0
Negotiation_12,R2,2026-08-24T06:38:29.443616Z,behavior_monitor,17,1302,103,1056,426,723,562,405.9,738.66,359.43,system,NA,0.645,2.83,103.39,134.46,22.26,76.24,0.0
Negotiation_12,R2,2026-08-24T06:38:29.946947Z,behavior_monitor,17,1239,163,1107,427,762,562,294.49,621.61,370.31,system,NA,0.679,2.83,155.15,117.86,-90.0,81.0,0.0
Negotiation_12,R2,2026-08-24T06:38:30.456767Z,behavior_monitor,17,1160,184,1107,409,801,562,231.01,521.17,341.93,system,NA,0.693,2.83,179.15,0.0,-90.0,76.24,0.0
Negotiation_12,R2,2026-08-24T06:38:30.963906Z,behavior_monitor,17,1087,216,1083,397,840,562,181.27,425.64,294.03,system,NA,0.701,2.83,152.06,0.0,-151.18,60.77,-0.25
Negotiation_12,R2,2026-08-24T06:38:31.470911Z,behavior_monitor,17,1006,245,1044,397,878,563,156.49,342.28,234.37,system,NA,0.686,2.83,172.25,129.41,180.0,76.24,0.0
Negotiation_12,R2,2026-08-24T06:38:31.977923Z,behavior_monitor,17,925,259,1005,397,910,563,159.75,303.98,191.27,system,NA,0.656,2.83,170.74,54.84,180.0,76.24,180.0
Negotiation_12,R2,2026-08-24T06:38:32.486021Z,behavior_monitor,17,838,277,940,397,870,562,157.51,286.62,179.36,system,NA,0.645,2.83,167.03,137.5,180.0,81.0,180.0
Negotiation_12,R2,2026-08-24T06:38:32.991605Z,behavior_monitor,17,754,295,913,397,832,562,189.38,278.53,184.63,system,NA,0.595,2.83,172.82,0.0,180.0,81.0,180.0
Negotiation_12,R2,2026-08-24T06:38:33.280783Z,agent_signal,17,704,307,893,405,810,562,212.64,275.9,177.71,agent,your_turn,0.565,2.83,161.31,139.17,158.42,76.24,180.0
Negotiation_12,R2,2026-08-24T06:38:33.501570Z,behavior_monitor,17,673,318,875,417,793,562,224.93,271.34,166.57,system,NA,0.547,2.83,161.31,66.05,123.96,81.85,-159.57
Negotiation_12,R2,2026-08-24T06:38:33.708142Z,human_signal,17,640,320,875,421,777,561,256.03,277.75,170.91,human,your_turn,0.52,2.83,178.3,0.0,90.0,76.24,180.0
Negotiation_12,R2,2026-08-24T06:38:33.709221Z,human_signal,17,636,320,875,421,777,561,259.09,279.36,170.91,human,your_turn,0.519,2.83,178.3,0.0,90.0,76.24,180.0
Negotiation_12,R2,2026-08-24T06:38:34.010944Z,behavior_monitor,17,588,322,875,422,751,561,304.01,289.68,187.07,system,NA,0.488,2.83,178.3,35.95,90.0,87.67,180.0
Negotiation_12,R2,2026-08-24T06:38:34.516350Z,behavior_monitor,17,503,330,819,459,706,561,341.41,307.8,151.99,system,NA,0.474,2.83,177.48,143.81,140.83,87.67,180.0
Negotiation_12,R2,2026-08-24T06:38:34.567491Z,agent_signal,17,493,330,813,464,701,561,347.29,310.84,148.52,agent,i_can,0.472,2.83,177.48,136.64,140.32,87.67,180.0
Negotiation_12,R2,2026-08-24T06:38:35.023642Z,behavior_monitor,17,427,346,788,458,661,561,377.93,318.04,162.91,system,NA,0.457,2.83,156.49,84.5,-151.98,87.67,180.0
Negotiation_12,R2,2026-08-24T06:38:35.528180Z,behavior_monitor,17,346,357,785,457,616,561,450.62,338.84,198.19,system,NA,0.429,2.83,179.97,0.0,-151.98,87.67,180.0
Negotiation_12,R2,2026-08-24T06:38:36.037880Z,behavior_monitor,17,258,357,829,457,571,561,579.58,373.94,277.88,system,NA,0.392,2.83,179.97,129.41,0.0,87.67,180.0
Negotiation_12,R2,2026-08-24T06:38:36.544308Z,behavior_monitor,17,183,395,895,460,527,561,715.33,382.13,381.97,system,NA,0.348,2.83,152.51,150.54,35.49,87.67,180.0
Negotiation_12,R2,2026-08-24T06:38:37.051824Z,behavior_monitor,17,107,426,934,517,482,561,832.55,398.84,454.62,system,NA,0.324,2.83,145.41,112.67,49.48,93.15,180.0
Negotiation_12,R2,2026-08-24T06:38:37.562694Z,behavior_monitor,17,23,458,934,517,437,562,913.34,427.12,499.1,system,NA,0.319,2.83,169.15,0.0,49.48,87.67,180.0
Negotiation_12,R2,2026-08-24T06:38:38.068073Z,behavior_monitor,17,54,488,934,517,393,561,880.42,346.37,543.31,system,NA,0.282,1.75,61.09,0.0,49.48,93.15,180.0
Negotiation_12,R2,2026-08-24T06:38:38.577814Z,behavior_monitor,17,96,519,939,523,348,561,843.16,255.14,592.68,system,NA,0.232,1.75,11.46,124.03,50.48,87.67,180.0
Negotiation_12,R2,2026-08-24T06:38:39.082734Z,behavior_monitor,17,150,529,950,536,304,561,799.49,156.55,646.82,system,NA,0.164,1.75,13.5,0.0,49.09,87.67,180.0
Negotiation_12,R2,2026-08-24T06:38:39.795702Z,shot_hit,17,217,548,963,554,240,561,745.91,25.77,723.5,agent,NA,0.033,1.75,15.38,0.0,42.53,87.67,180.0
Negotiation_12,R2,2026-08-24T06:38:39.796368Z,flight_spawn,18,799,-20,963,554,240,561,597.59,807.07,723.5,system,NA,0.575,2.83,45.0,0.0,42.53,87.67,180.0
Negotiation_12,R2,2026-08-24T06:38:41.249081Z,human_signal,18,856,210,916,493,325,561,289.05,636.15,595.19,human,i_can,0.688,2.83,75.55,0.0,-128.45,76.24,0.0
Negotiation_12,R2,2026-08-24T06:38:41.265141Z,behavior_monitor,18,856,210,916,493,326,561,289.05,635.07,593.91,system,NA,0.687,2.83,75.55,0.0,-128.45,81.0,0.0
Negotiation_12,R2,2026-08-24T06:38:41.774854Z,behavior_monitor,18,877,293,934,484,365,562,199.89,578.44,574.15,system,NA,0.743,2.83,75.55,135.52,-28.76,76.24,0.0
Negotiation_12,R2,2026-08-24T06:38:41.859671Z,agent_signal,18,877,309,945,476,372,562,179.98,564.62,579.5,agent,your_turn,0.758,2.83,99.89,136.17,-55.87,76.24,0.0
Negotiation_12,R2,2026-08-24T06:38:42.282460Z,behavior_monitor,18,870,376,936,453,404,562,101.5,501.78,542.74,system,NA,0.832,2.83,49.45,129.41,180.0,76.24,0.0
Negotiation_12,R2,2026-08-24T06:38:42.754115Z,shot_hit,18,921,434,901,433,441,562,20.69,496.9,477.17,human,NA,0.96,2.83,21.25,142.23,-55.31,76.24,0.0
Negotiation_12,R2,2026-08-24T06:38:42.754830Z,flight_spawn,19,99,-20,901,433,441,562,921.47,675.41,477.17,system,NA,0.423,3.41,54.06,142.23,-55.31,76.24,0.0
Negotiation_12,R2,2026-08-24T06:38:44.011813Z,human_signal,19,241,180,994,493,366,562,815.63,401.77,631.93,human,your_turn,0.33,3.41,19.3,0.0,90.0,76.24,180.0
Negotiation_12,R2,2026-08-24T06:38:44.013119Z,behavior_monitor,19,241,180,994,493,366,562,815.63,401.77,631.93,system,NA,0.33,3.41,19.3,0.0,90.0,76.24,180.0
Negotiation_12,R2,2026-08-24T06:38:44.013589Z,human_signal,19,244,181,994,493,366,562,812.44,399.78,631.93,human,your_turn,0.33,3.41,19.3,0.0,90.0,76.24,180.0
Negotiation_12,R2,2026-08-24T06:38:44.518297Z,behavior_monitor,19,335,224,994,493,321,562,711.8,337.95,676.17,system,NA,0.322,3.41,32.76,0.0,90.0,87.67,180.0
Negotiation_12,R2,2026-08-24T06:38:45.024462Z,behavior_monitor,19,421,279,994,493,362,562,611.84,288.9,635.91,system,NA,0.321,3.41,32.76,0.0,90.0,87.67,0.0
Negotiation_12,R2,2026-08-24T06:38:45.277253Z,agent_signal,19,471,309,992,493,384,562,552.71,267.79,612.43,agent,i_can,0.326,3.41,32.76,0.0,90.0,87.67,0.0
Negotiation_12,R2,2026-08-24T06:38:45.532426Z,behavior_monitor,19,517,318,962,493,406,562,478.53,267.87,560.35,system,NA,0.359,3.41,19.8,129.41,180.0,87.67,0.0
Negotiation_12,R2,2026-08-24T06:38:46.039789Z,behavior_monitor,19,600,370,942,493,450,561,363.45,242.94,496.13,system,NA,0.401,3.41,42.78,129.41,180.0,87.67,0.0
Negotiation_12,R2,2026-08-24T06:38:46.548426Z,behavior_monitor,19,668,443,916,524,496,562,260.89,209.55,422.1,system,NA,0.445,3.41,71.54,134.07,105.15,87.67,0.0
Negotiation_12,R2,2026-08-24T06:38:46.764808Z,human_signal,19,688,488,910,555,515,562,232.28,187.94,395.39,human,i_can,0.447,3.41,71.54,129.41,90.0,87.67,0.0
Negotiation_12,R2,2026-08-24T06:38:47.053988Z,behavior_monitor,19,713,538,910,590,537,562,204.3,177.86,374.65,system,NA,0.465,3.41,72.25,129.41,90.0,76.24,0.0
Negotiation_12,R2,2026-08-24T06:38:47.359026Z,agent_signal,19,738,598,896,629,559,579,161.54,179.52,340.69,agent,your_turn,0.526,3.41,50.6,143.65,120.65,130.47,54.25
Negotiation_12,R2,2026-08-24T06:38:47.563064Z,behavior_monitor,19,761,627,881,655,575,600,123.71,187.49,310.92,system,NA,0.602,3.41,50.6,152.61,120.93,164.58,48.28
Negotiation_12,R2,2026-08-24T06:38:48.069587Z,behavior_monitor,19,763,725,839,714,614,654,76.47,165.34,232.92,system,NA,0.684,3.41,105.27,143.25,131.13,130.47,54.25
Negotiation_12,R2,2026-08-24T06:38:48.578754Z,behavior_monitor,19,714,813,794,771,653,708,90.25,122.22,155.2,system,NA,0.575,3.41,133.08,141.18,122.82,130.47,54.25
Negotiation_12,R2,2026-08-24T06:38:49.083351Z,behavior_monitor,19,648,888,810,824,646,762,174.09,126.2,174.88,system,NA,0.42,3.41,133.08,135.33,28.04,130.47,125.75
Negotiation_12,R2,2026-08-24T06:38:49.590869Z,behavior_monitor,19,558,937,872,843,607,816,328.28,130.59,266.75,system,NA,0.285,3.41,151.54,134.64,-16.03,130.47,125.75
Negotiation_12,R2,2026-08-24T06:38:49.692096Z,flight_missed,19,541,952,888,838,598,829,365.42,136.1,290.04,system,NA,0.271,3.41,102.12,136.88,-19.02,130.47,125.75
Negotiation_12,R2,2026-08-24T06:38:49.692792Z,flight_spawn,20,918,-20,888,838,598,829,858.57,907.51,290.04,system,NA,0.514,3.21,128.58,136.88,-19.02,130.47,125.75
Negotiation_12,R2,2026-08-24T06:38:52.607365Z,human_signal,20,867,353,943,599,779,577,257.93,240.92,165.2,human,i_can,0.483,3.21,16.85,129.41,-90.0,130.47,-54.25
Negotiation_12,R2,2026-08-24T06:38:52.622994Z,behavior_monitor,20,867,353,943,599,780,575,257.93,238.77,164.17,system,NA,0.481,3.21,16.85,137.5,-90.0,138.63,-54.25
Negotiation_12,R2,2026-08-24T06:38:53.127636Z,behavior_monitor,20,949,396,979,544,819,566,150.7,213.55,161.44,system,NA,0.586,3.21,39.51,139.83,-38.6,76.24,0.0
Negotiation_12,R2,2026-08-24T06:38:53.482559Z,agent_signal,20,1008,434,1020,511,846,566,77.82,208.68,182.27,agent,your_turn,0.728,3.21,18.67,140.14,-41.97,76.24,0.0
Negotiation_12,R2,2026-08-24T06:38:53.635681Z,behavior_monitor,20,1033,437,1030,496,858,566,59.38,217.46,185.56,system,NA,0.785,3.21,2.64,131.62,-65.1,76.24,0.0
Negotiation_12,R2,2026-08-24T06:38:53.972478Z,shot_miss,20,1098,440,1060,461,884,566,43.88,248.45,204.58,human,NA,0.85,3.21,24.19,138.79,-32.87,76.24,0.0
Negotiation_12,R2,2026-08-24T06:38:54.143250Z,behavior_monitor,20,1129,453,1082,459,897,566,47.71,258.01,213.44,system,NA,0.844,3.21,47.85,129.41,0.0,76.24,0.0
Negotiation_12,R2,2026-08-24T06:38:54.648664Z,behavior_monitor,20,1192,524,1139,489,937,566,63.97,259.23,216.78,system,NA,0.802,3.21,47.85,135.46,49.86,76.24,0.0
Negotiation_12,R2,2026-08-24T06:38:55.158485Z,behavior_monitor,20,1245,604,1182,543,976,590,87.55,269.34,211.8,system,NA,0.755,3.21,50.75,134.3,53.39,130.47,54.25
Negotiation_12,R2,2026-08-24T06:38:55.665302Z,behavior_monitor,20,1305,679,1222,599,1015,644,115.72,292.06,211.42,system,NA,0.716,3.21,50.75,133.87,54.95,130.47,54.25
Negotiation_12,R2,2026-08-24T06:38:56.169332Z,behavior_monitor,20,1381,739,1261,655,1054,698,146.76,329.35,211.03,system,NA,0.692,3.21,26.52,133.98,54.98,130.47,54.25
Negotiation_12,R2,2026-08-24T06:38:56.673619Z,behavior_monitor,20,1441,782,1301,710,1093,752,157.16,348.99,211.73,system,NA,0.689,2.24,140.25,135.73,53.56,130.47,54.25
Negotiation_12,R2,2026-08-24T06:38:57.181397Z,behavior_monitor,20,1389,825,1343,766,1100,761,75.09,296.72,243.07,system,NA,0.798,2.24,140.25,135.76,53.24,0.0,54.25
Negotiation_12,R2,2026-08-24T06:38:57.690735Z,behavior_monitor,20,1335,868,1353,830,1132,806,41.6,211.96,222.96,system,NA,0.836,2.24,140.25,129.41,90.0,130.47,54.25
Negotiation_12,R2,2026-08-24T06:38:58.108169Z,shot_miss,20,1317,917,1334,884,1164,850,36.91,167.08,173.53,human,NA,0.819,2.24,90.31,143.84,125.15,130.47,54.25
Negotiation_12,R2,2026-08-24T06:38:58.191217Z,behavior_monitor,20,1316,928,1326,894,1170,859,35.98,160.71,159.56,system,NA,0.817,2.24,69.25,144.53,130.64,130.47,54.25
Negotiation_12,R2,2026-08-24T06:38:58.361315Z,flight_missed,20,1318,952,1313,910,1185,879,43.1,151.9,131.75,system,NA,0.779,2.24,90.82,51.93,180.0,138.63,54.25
Negotiation_12,R3,2026-08-24T06:40:17.289857Z,flight_spawn,1,128,-20,1313,910,1185,879,1506.65,1388.19,131.75,system,NA,0.48,2.83,45.0,0.0,180.0,0.0,54.25
Negotiation_12,R3,2026-08-24T06:40:21.731367Z,human_signal,1,242,176,1063,633,288,644,939.04,469.33,775.15,human,your_turn,0.333,2.83,41.56,0.0,-136.67,130.47,-125.75
Negotiation_12,R3,2026-08-24T06:40:21.732155Z,behavior_monitor,1,242,176,1063,633,288,644,939.04,469.33,775.15,system,NA,0.333,2.83,41.56,0.0,-136.67,130.47,-125.75
Negotiation_12,R3,2026-08-24T06:40:21.732594Z,human_signal,1,245,178,1063,633,288,644,936.27,467.27,775.15,human,your_turn,0.333,2.83,41.56,0.0,-136.67,130.47,-125.75
Negotiation_12,R3,2026-08-24T06:40:22.239912Z,behavior_monitor,1,303,233,1063,633,276,582,858.83,350.11,788.21,system,NA,0.29,2.83,41.56,0.0,-136.67,150.04,-54.25
Negotiation_12,R3,2026-08-24T06:40:22.749817Z,behavior_monitor,1,370,289,1071,628,321,565,779.0,280.11,752.93,system,NA,0.264,2.83,41.56,124.73,-53.69,87.67,0.0
Negotiation_12,R3,2026-08-24T06:40:23.256661Z,behavior_monitor,1,435,340,1060,574,365,565,667.0,235.84,694.63,system,NA,0.261,2.83,64.31,139.31,-135.7,87.67,0.0
Negotiation_12,R3,2026-08-24T06:40:23.509140Z,agent_signal,1,442,382,1031,561,388,565,615.45,190.39,643.21,agent,i_can,0.236,2.83,91.59,129.41,180.0,87.67,0.0
Negotiation_12,R3,2026-08-24T06:40:23.764679Z,behavior_monitor,1,439,422,1004,579,410,565,585.56,145.88,593.71,system,NA,0.199,2.83,117.42,140.49,138.19,87.67,0.0
Negotiation_12,R3,2026-08-24T06:40:24.268964Z,behavior_monitor,1,430,505,997,584,413,565,572.51,62.74,584.69,system,NA,0.099,2.83,91.39,0.0,142.97,0.0,0.0
Negotiation_12,R3,2026-08-24T06:40:24.504597Z,shot_hit,1,430,547,997,584,413,564,568.53,24.22,584.51,agent,NA,0.041,2.83,91.39,0.0,142.97,0.0,-67.93
Negotiation_12,R3,2026-08-24T06:40:24.505642Z,flight_spawn,2,541,-20,997,584,413,564,757.9,598.58,584.51,system,NA,0.441,2.98,47.81,0.0,142.97,0.0,-67.93
Negotiation_12,R3,2026-08-24T06:40:26.050150Z,human_signal,2,620,233,975,584,507,564,499.49,349.68,468.22,human,your_turn,0.412,2.98,73.96,0.0,180.0,73.94,-21.81
Negotiation_12,R3,2026-08-24T06:40:26.051296Z,behavior_monitor,2,620,233,975,584,507,564,499.49,349.68,468.22,system,NA,0.412,2.98,73.96,0.0,180.0,76.24,0.0
Negotiation_12,R3,2026-08-24T06:40:26.051718Z,human_signal,2,621,236,975,584,507,564,496.8,347.29,468.22,human,your_turn,0.411,2.98,73.96,0.0,180.0,76.24,0.0
Negotiation_12,R3,2026-08-24T06:40:26.521960Z,agent_signal,2,596,310,975,584,549,564,467.8,257.91,426.25,agent,i_can,0.355,2.98,120.6,0.0,180.0,87.67,0.0
Negotiation_12,R3,2026-08-24T06:40:26.555562Z,behavior_monitor,2,594,313,975,584,552,564,467.93,254.53,423.27,system,NA,0.352,2.98,120.6,0.0,180.0,87.67,0.0
Negotiation_12,R3,2026-08-24T06:40:27.063114Z,behavior_monitor,2,575,396,975,584,558,565,442.02,169.14,417.48,system,NA,0.277,2.98,117.5,0.0,180.0,93.15,180.0
Negotiation_12,R3,2026-08-24T06:40:27.572366Z,behavior_monitor,2,575,485,975,584,555,564,411.97,81.75,420.46,system,NA,0.166,2.98,87.64,0.0,180.0,0.0,180.0
Negotiation_12,R3,2026-08-24T06:40:27.976970Z,shot_hit,2,601,555,975,584,576,564,375.4,26.73,399.7,agent,NA,0.066,2.98,63.72,0.0,180.0,87.67,0.0
Negotiation_12,R3,2026-08-24T06:40:27.977456Z,flight_spawn,3,571,-20,975,584,576,564,727.7,584.94,399.7,system,NA,0.446,3.15,50.6,0.0,180.0,87.67,0.0
Negotiation_12,R3,2026-08-24T06:40:29.635782Z,human_signal,3,697,243,975,584,672,565,440.77,322.98,303.4,human,i_can,0.423,3.15,66.8,0.0,180.0,76.24,0.0
Negotiation_12,R3,2026-08-24T06:40:29.652788Z,behavior_monitor,3,697,243,975,584,674,565,440.77,322.89,302.11,system,NA,0.423,3.15,66.8,0.0,180.0,76.24,0.0
Negotiation_12,R3,2026-08-24T06:40:30.158931Z,behavior_monitor,3,745,321,929,551,709,565,294.37,247.25,220.66,system,NA,0.456,3.15,44.42,100.51,-137.36,76.24,0.0
Negotiation_12,R3,2026-08-24T06:40:30.664377Z,behavior_monitor,3,817,387,926,544,747,565,191.34,191.58,179.97,system,NA,0.5,3.15,44.42,72.49,-122.72,76.24,0.0
Negotiation_12,R3,2026-08-24T06:40:30.836987Z,agent_signal,3,841,411,917,524,760,565,136.14,173.67,162.14,agent,your_turn,0.561,3.15,44.42,139.15,-111.57,76.24,0.0
Negotiation_12,R3,2026-08-24T06:40:31.176207Z,behavior_monitor,3,884,451,905,482,786,565,37.98,149.8,144.51,system,NA,0.798,3.15,21.48,133.77,-104.66,76.24,0.0
Negotiation_12,R3,2026-08-24T06:40:31.226509Z,shot_hit,3,893,454,905,476,790,565,24.67,150.6,145.29,human,NA,0.859,3.15,21.48,129.41,-90.0,76.24,0.0
Negotiation_12,R3,2026-08-24T06:40:31.226980Z,flight_spawn,4,406,-20,905,476,790,565,703.82,700.29,145.29,system,NA,0.499,3.1,49.82,129.41,-90.0,76.24,0.0
Negotiation_12,R3,2026-08-24T06:40:32.071000Z,human_signal,4,431,124,984,500,747,565,668.59,542.72,245.24,human,your_turn,0.448,3.1,100.14,92.54,32.71,76.24,180.0
Negotiation_12,R3,2026-08-24T06:40:32.071633Z,behavior_monitor,4,431,124,984,500,747,565,668.59,542.72,245.24,system,NA,0.448,3.1,100.14,92.54,32.71,76.24,180.0
Negotiation_12,R3,2026-08-24T06:40:32.072155Z,human_signal,4,431,127,984,500,747,565,666.72,540.13,245.24,human,your_turn,0.448,3.1,100.14,92.54,32.71,76.24,180.0
Negotiation_12,R3,2026-08-24T06:40:32.579570Z,behavior_monitor,4,412,216,984,510,703,565,642.83,454.2,286.52,system,NA,0.414,3.1,100.14,82.6,90.0,87.67,180.0
Negotiation_12,R3,2026-08-24T06:40:33.089811Z,behavior_monitor,4,418,306,984,528,658,565,608.24,353.14,327.95,system,NA,0.367,3.1,74.44,0.0,90.0,87.67,180.0
Negotiation_12,R3,2026-08-24T06:40:33.107113Z,agent_signal,4,420,312,984,528,656,565,604.0,346.23,329.43,agent,i_can,0.364,3.1,74.44,0.0,90.0,87.67,180.0
Negotiation_12,R3,2026-08-24T06:40:33.599176Z,behavior_monitor,4,424,398,984,528,613,565,574.74,252.52,372.51,system,NA,0.305,3.1,94.99,0.0,90.0,87.67,180.0
Negotiation_12,R3,2026-08-24T06:40:34.104580Z,behavior_monitor,4,443,487,984,528,568,565,542.96,148.32,417.03,system,NA,0.215,3.1,72.14,0.0,90.0,87.67,180.0
Negotiation_12,R3,2026-08-24T06:40:34.609916Z,behavior_monitor,4,445,577,984,528,524,571,541.03,79.15,461.89,system,NA,0.128,3.1,97.69,0.0,90.0,150.04,125.75
Negotiation_12,R3,2026-08-24T06:40:35.117316Z,behavior_monitor,4,494,648,984,528,479,632,503.98,21.27,515.17,system,NA,0.041,3.1,43.8,0.0,90.0,150.04,125.75
Negotiation_12,R3,2026-08-24T06:40:35.118971Z,shot_hit,4,496,650,984,528,479,635,502.52,22.79,515.6,agent,NA,0.043,3.1,19.96,0.0,90.0,150.04,125.75
Negotiation_12,R3,2026-08-24T06:40:35.119331Z,flight_spawn,5,891,-20,984,528,479,635,556.86,773.45,515.6,system,NA,0.581,3.02,131.54,0.0,90.0,150.04,125.75
Negotiation_12,R3,2026-08-24T06:40:36.844474Z,human_signal,5,629,121,984,528,584,566,540.34,447.69,401.36,human,your_turn,0.453,3.02,176.67,0.0,90.0,76.24,0.0
Negotiation_12,R3,2026-08-24T06:40:36.845183Z,behavior_monitor,5,629,121,984,528,584,566,540.34,447.69,401.36,system,NA,0.453,3.02,176.67,0.0,90.0,76.24,0.0
Negotiation_12,R3,2026-08-24T06:40:36.845656Z,human_signal,5,626,121,984,528,584,566,542.64,447.16,401.36,human,your_turn,0.452,3.02,176.67,0.0,90.0,76.24,0.0
Negotiation_12,R3,2026-08-24T06:40:37.351444Z,behavior_monitor,5,545,145,984,528,554,566,582.53,421.27,431.44,system,NA,0.42,3.02,138.63,0.0,90.0,87.67,180.0
Negotiation_12,R3,2026-08-24T06:40:37.859844Z,behavior_monitor,5,467,188,984,528,510,566,619.16,380.31,475.67,system,NA,0.381,3.02,168.31,0.0,90.0,87.67,180.0
Negotiation_12,R3,2026-08-24T06:40:38.367786Z,behavior_monitor,5,381,218,984,528,465,566,678.18,357.96,520.26,system,NA,0.345,3.02,146.48,0.0,90.0,87.67,180.0
Negotiation_12,R3,2026-08-24T06:40:38.876875Z,behavior_monitor,5,297,240,984,528,420,566,744.96,348.77,564.86,system,NA,0.319,3.02,152.03,0.0,90.0,87.67,180.0
Negotiation_12,R3,2026-08-24T06:40:39.385571Z,behavior_monitor,5,214,280,984,528,376,566,808.6,328.23,609.48,system,NA,0.289,3.02,172.33,0.0,90.0,87.67,180.0
Negotiation_12,R3,2026-08-24T06:40:39.897476Z,behavior_monitor,5,128,292,984,528,331,566,887.94,341.18,653.83,system,NA,0.278,3.02,172.33,0.0,90.0,87.67,180.0
Negotiation_12,R3,2026-08-24T06:40:40.404169Z,behavior_monitor,5,53,338,984,528,287,566,950.44,327.23,698.02,system,NA,0.256,3.02,120.93,0.0,90.0,87.67,180.0
Negotiation_12,R3,2026-08-24T06:40:40.640089Z,agent_signal,5,42,382,984,528,266,566,953.61,290.05,719.07,agent,i_can,0.233,3.02,100.67,0.0,90.0,87.67,180.0
Negotiation_12,R3,2026-08-24T06:40:40.910333Z,behavior_monitor,5,33,426,984,528,242,566,956.45,251.3,742.92,system,NA,0.208,3.02,100.67,0.0,90.0,87.67,180.0
Negotiation_12,R3,2026-08-24T06:40:41.411291Z,behavior_monitor,5,28,515,984,528,197,566,956.24,176.99,787.58,system,NA,0.156,3.02,102.69,0.0,90.0,93.15,180.0
Negotiation_12,R3,2026-08-24T06:40:41.917262Z,behavior_monitor,5,29,603,984,528,152,589,957.85,124.34,833.6,system,NA,0.115,3.02,95.14,0.0,90.0,138.62,120.79
Negotiation_12,R3,2026-08-24T06:40:42.427126Z,behavior_monitor,5,50,690,984,528,108,650,948.12,70.88,884.3,system,NA,0.07,3.02,74.66,0.0,90.0,150.04,125.75
Negotiation_12,R3,2026-08-24T06:40:42.934953Z,behavior_monitor,5,70,778,984,528,64,712,946.74,66.35,938.15,system,NA,0.065,3.02,74.66,0.0,90.0,150.04,125.75
Negotiation_12,R3,2026-08-24T06:40:43.442654Z,behavior_monitor,5,23,849,984,528,20,773,1013.15,75.83,994.98,system,NA,0.07,3.02,125.58,0.0,90.0,129.1,109.41
Negotiation_12,R3,2026-08-24T06:40:43.950274Z,behavior_monitor,5,34,926,984,528,20,835,1029.57,91.65,1012.05,system,NA,0.082,2.67,91.48,0.0,90.0,129.38,90.0
Negotiation_12,R3,2026-08-24T06:40:44.101022Z,flight_missed,5,35,953,984,528,20,857,1039.47,97.18,1018.68,system,NA,0.085,2.67,91.48,0.0,90.0,121.76,90.0
Negotiation_12,R3,2026-08-24T06:40:44.101722Z,flight_spawn,6,931,-20,984,528,20,857,551.55,1264.75,1018.68,system,NA,0.696,3.46,125.37,0.0,90.0,121.76,90.0
Negotiation_12,R3,2026-08-24T06:40:45.133461Z,human_signal,6,973,174,984,528,79,773,354.71,1075.86,937.02,human,i_can,0.752,3.46,76.69,0.0,90.0,130.47,-54.25
Negotiation_12,R3,2026-08-24T06:40:45.150347Z,behavior_monitor,6,973,174,984,528,81,772,354.71,1073.78,935.3,system,NA,0.752,3.46,76.69,0.0,90.0,130.47,-54.25
Negotiation_12,R3,2026-08-24T06:40:45.656163Z,behavior_monitor,6,997,275,986,522,120,718,247.01,982.88,888.67,system,NA,0.799,3.46,76.69,100.62,-66.17,130.47,-54.25
Negotiation_12,R3,2026-08-24T06:40:45.824593Z,agent_signal,6,991,312,998,499,133,701,187.31,942.05,888.44,agent,your_turn,0.834,3.46,100.34,149.6,-48.48,130.47,-54.25
Negotiation_12,R3,2026-08-24T06:40:46.164541Z,behavior_monitor,6,963,370,1003,492,159,665,128.1,856.69,861.86,system,NA,0.87,3.46,124.2,46.36,180.0,130.47,-54.25
Negotiation_12,R3,2026-08-24T06:40:46.668989Z,behavior_monitor,6,894,444,939,474,198,611,54.14,715.01,753.23,system,NA,0.93,3.46,154.18,129.41,180.0,130.47,-54.25
Negotiation_12,R3,2026-08-24T06:40:47.175296Z,behavior_monitor,6,802,487,885,515,237,566,87.92,570.27,650.09,system,NA,0.866,3.46,135.62,139.9,135.49,76.24,0.0
Negotiation_12,R3,2026-08-24T06:40:47.682961Z,behavior_monitor,6,768,583,855,577,276,573,87.26,492.43,579.4,system,NA,0.849,3.46,106.96,139.33,118.42,130.47,54.25
Negotiation_12,R3,2026-08-24T06:40:48.189198Z,behavior_monitor,6,747,683,821,639,315,627,86.79,434.98,506.33,system,NA,0.834,3.46,104.78,148.11,118.58,138.63,54.25
Negotiation_12,R3,2026-08-24T06:40:48.698544Z,behavior_monitor,6,695,771,796,703,354,681,121.7,352.53,442.44,system,NA,0.743,3.46,126.37,126.56,105.05,123.22,54.25
Negotiation_12,R3,2026-08-24T06:40:49.206052Z,behavior_monitor,6,665,867,778,769,393,735,150.3,302.23,387.03,system,NA,0.668,3.46,98.21,129.41,90.0,130.47,54.25
Negotiation_12,R3,2026-08-24T06:40:49.644421Z,flight_missed,6,630,952,829,766,428,783,272.72,263.24,401.77,system,NA,0.491,3.46,120.0,139.04,-23.61,130.47,54.25
Negotiation_12,R3,2026-08-24T06:40:49.645006Z,flight_spawn,7,206,-20,829,766,428,783,1003.28,833.98,401.77,system,NA,0.454,2.83,135.0,139.04,-23.61,130.47,54.25
Negotiation_12,R3,2026-08-24T06:40:50.522669Z,human_signal,7,81,46,893,711,398,742,1050.25,765.48,496.33,human,your_turn,0.422,2.83,177.39,0.0,-90.0,130.47,-125.75
Negotiation_12,R3,2026-08-24T06:40:50.523349Z,behavior_monitor,7,81,46,893,711,398,742,1050.25,765.48,496.33,system,NA,0.422,2.83,177.39,0.0,-90.0,130.47,-125.75
Negotiation_12,R3,2026-08-24T06:40:50.523830Z,human_signal,7,78,46,893,711,398,742,1052.02,766.36,496.33,human,your_turn,0.421,2.83,177.39,0.0,-90.0,130.47,-125.75
Negotiation_12,R3,2026-08-24T06:40:51.030561Z,behavior_monitor,7,32,63,893,711,354,681,1077.71,696.31,540.51,system,NA,0.393,1.7,0.79,0.0,-90.0,150.04,-125.75
Negotiation_12,R3,2026-08-24T06:40:51.539193Z,behavior_monitor,7,78,64,900,711,309,619,1045.95,601.36,597.49,system,NA,0.365,1.7,0.79,122.79,0.0,150.04,-125.75
Negotiation_12,R3,2026-08-24T06:40:52.048971Z,behavior_monitor,7,128,72,933,687,264,565,1013.43,512.0,679.81,system,NA,0.336,1.7,22.84,0.0,-90.0,87.67,180.0
Negotiation_12,R3,2026-08-24T06:40:52.555950Z,behavior_monitor,7,171,86,948,666,219,566,970.27,481.9,736.24,system,NA,0.332,1.7,5.79,0.0,-90.0,93.15,180.0
Negotiation_12,R3,2026-08-24T06:40:53.061427Z,behavior_monitor,7,223,97,948,664,198,565,920.49,469.08,756.4,system,NA,0.338,1.7,14.87,0.0,-90.0,87.67,0.0
Negotiation_12,R3,2026-08-24T06:40:53.570161Z,behavior_monitor,7,269,110,948,664,243,565,876.28,456.11,712.09,system,NA,0.342,1.7,14.87,0.0,-90.0,87.67,0.0
Negotiation_12,R3,2026-08-24T06:40:54.078808Z,behavior_monitor,7,302,145,948,664,279,565,828.76,420.95,676.61,system,NA,0.337,1.7,65.92,0.0,-90.0,93.15,0.0
Negotiation_12,R3,2026-08-24T06:40:54.587963Z,behavior_monitor,7,346,174,948,641,322,565,762.28,392.06,630.69,system,NA,0.34,1.7,73.38,0.0,-90.0,87.67,0.0
Negotiation_12,R3,2026-08-24T06:40:55.093407Z,behavior_monitor,7,354,223,948,641,331,565,726.38,342.67,622.36,system,NA,0.321,1.7,73.38,0.0,-90.0,0.0,0.0
Negotiation_12,R3,2026-08-24T06:40:56.179487Z,agent_signal,7,404,308,948,641,380,565,637.7,258.41,572.85,agent,i_can,0.288,1.7,38.68,0.0,-90.0,87.67,0.0
Negotiation_12,R3,2026-08-24T06:40:56.196502Z,behavior_monitor,7,404,308,948,641,380,565,637.7,258.41,572.85,system,NA,0.288,1.7,38.68,0.0,-90.0,0.0,0.0
Negotiation_12,R3,2026-08-24T06:40:56.704749Z,behavior_monitor,7,442,337,948,617,419,565,578.45,229.7,531.66,system,NA,0.284,1.7,18.63,129.41,-90.0,87.67,0.0
Negotiation_12,R3,2026-08-24T06:40:57.211633Z,behavior_monitor,7,486,360,942,585,462,566,508.39,206.62,480.12,system,NA,0.289,1.7,46.74,129.41,180.0,0.0,0.0
Negotiation_12,R3,2026-08-24T06:40:57.720202Z,behavior_monitor,7,506,406,902,595,483,566,437.82,160.86,419.58,system,NA,0.269,1.7,71.68,0.0,180.0,0.0,0.0
Negotiation_12,R3,2026-08-24T06:40:58.226083Z,behavior_monitor,7,536,448,899,595,512,565,391.76,120.09,387.54,system,NA,0.235,1.7,48.96,80.15,180.0,87.67,0.0
Negotiation_12,R3,2026-08-24T06:40:58.733650Z,behavior_monitor,7,540,496,868,614,521,565,348.56,72.32,350.05,system,NA,0.172,1.7,98.46,129.41,90.0,9.23,79.04
Negotiation_12,R3,2026-08-24T06:40:59.107592Z,shot_miss,7,533,534,855,664,516,566,347.24,35.85,353.37,agent,NA,0.094,1.7,98.46,150.07,114.72,0.0,180.0
Negotiation_12,R3,2026-08-24T06:40:59.241843Z,behavior_monitor,7,529,545,852,670,513,566,346.94,26.43,355.22,system,NA,0.071,1.7,124.0,0.0,90.0,0.0,180.0
Negotiation_12,R3,2026-08-24T06:40:59.310652Z,shot_hit,7,524,552,852,670,507,566,349.61,21.65,360.92,agent,NA,0.058,1.7,124.0,0.0,90.0,87.67,180.0
Negotiation_12,R3,2026-08-24T06:40:59.311720Z,flight_spawn,8,892,-20,852,670,507,566,691.91,701.3,360.92,system,NA,0.503,2.83,135.0,0.0,90.0,87.67,180.0
Negotiation_12,R3,2026-08-24T06:41:01.053598Z,human_signal,8,650,108,819,757,593,565,670.33,460.77,296.29,human,your_turn,0.407,2.83,171.62,0.0,90.0,76.24,0.0
Negotiation_12,R3,2026-08-24T06:41:01.054180Z,behavior_monitor,8,650,108,819,757,593,565,670.33,460.77,296.29,system,NA,0.407,2.83,171.62,0.0,90.0,76.24,0.0
Negotiation_12,R3,2026-08-24T06:41:01.054639Z,human_signal,8,647,109,819,757,593,565,670.76,459.97,296.29,human,your_turn,0.407,2.83,171.62,0.0,90.0,76.24,0.0
Negotiation_12,R3,2026-08-24T06:41:01.559545Z,behavior_monitor,8,586,157,830,796,574,566,684.21,409.11,344.78,system,NA,0.374,2.83,123.7,134.51,74.17,87.67,180.0
Negotiation_12,R3,2026-08-24T06:41:02.066623Z,behavior_monitor,8,532,216,786,841,529,566,674.5,349.27,377.12,system,NA,0.341,2.83,173.32,136.61,161.32,87.67,180.0
Negotiation_12,R3,2026-08-24T06:41:02.572404Z,behavior_monitor,8,459,247,733,858,484,566,669.53,319.37,384.24,system,NA,0.323,2.83,157.15,0.0,180.0,87.67,180.0
Negotiation_12,R3,2026-08-24T06:41:03.079026Z,behavior_monitor,8,375,265,711,845,439,566,670.48,307.43,389.73,system,NA,0.314,2.83,178.7,129.41,180.0,87.67,180.0
Negotiation_12,R3,2026-08-24T06:41:03.584864Z,behavior_monitor,8,305,290,683,845,395,565,671.85,289.76,401.72,system,NA,0.301,2.83,134.27,0.0,180.0,87.67,180.0
Negotiation_12,R3,2026-08-24T06:41:04.091120Z,behavior_monitor,8,294,367,683,845,350,566,616.48,206.27,434.83,system,NA,0.251,2.83,58.83,0.0,180.0,87.67,180.0
Negotiation_12,R3,2026-08-24T06:41:04.347666Z,agent_signal,8,319,406,683,845,328,566,570.46,160.01,452.18,agent,i_can,0.219,2.83,58.83,0.0,180.0,87.67,180.0
Negotiation_12,R3,2026-08-24T06:41:04.603139Z,behavior_monitor,8,348,431,683,845,322,566,532.65,137.18,456.63,system,NA,0.205,2.83,37.65,0.0,180.0,84.85,2.85
Negotiation_12,R3,2026-08-24T06:41:05.110200Z,behavior_monitor,8,411,483,683,845,367,566,452.68,93.99,422.05,system,NA,0.172,2.83,37.65,0.0,180.0,87.67,0.0
Negotiation_12,R3,2026-08-24T06:41:05.618358Z,behavior_monitor,8,478,538,683,845,411,566,369.42,72.55,390.16,system,NA,0.164,2.83,59.98,0.0,180.0,87.67,0.0
Negotiation_12,R3,2026-08-24T06:41:06.123557Z,behavior_monitor,8,497,617,650,850,456,600,278.47,44.8,316.43,system,NA,0.139,2.83,101.01,133.74,165.39,150.04,54.25
Negotiation_12,R3,2026-08-24T06:41:06.124540Z,shot_miss,8,496,620,648,851,457,603,276.01,42.73,312.99,agent,NA,0.134,2.83,101.01,133.74,165.39,150.04,54.25
Negotiation_12,R3,2026-08-24T06:41:06.444820Z,shot_hit,8,460,659,606,851,454,642,240.79,18.29,258.24,agent,NA,0.071,2.83,153.85,129.41,180.0,150.04,125.75
Negotiation_12,R3,2026-08-24T06:41:06.445836Z,flight_spawn,9,714,-20,606,851,454,642,877.8,711.5,258.24,system,NA,0.448,3.07,49.32,129.41,180.0,150.04,125.75
Negotiation_12,R3,2026-08-24T06:41:07.577215Z,human_signal,9,813,152,655,861,516,566,726.65,509.46,326.71,human,i_can,0.412,3.07,48.31,129.41,0.0,76.24,0.0
Negotiation_12,R3,2026-08-24T06:41:07.593209Z,behavior_monitor,9,813,152,655,861,517,566,726.65,508.71,326.16,system,NA,0.412,3.07,48.31,137.5,0.0,81.0,0.0
Negotiation_12,R3,2026-08-24T06:41:08.097605Z,behavior_monitor,9,873,221,721,861,557,566,658.4,468.14,338.08,system,NA,0.416,3.07,48.31,129.41,0.0,76.24,0.0
Negotiation_12,R3,2026-08-24T06:41:08.603394Z,behavior_monitor,9,902,307,786,843,596,566,547.94,400.4,335.86,system,NA,0.422,3.07,77.78,140.9,-31.23,76.24,0.0
Negotiation_12,R3,2026-08-24T06:41:08.604107Z,agent_signal,9,903,310,788,842,596,566,543.57,399.22,336.01,agent,i_can,0.423,3.07,77.78,140.9,-31.23,76.24,0.0
Negotiation_12,R3,2026-08-24T06:41:09.109842Z,behavior_monitor,9,920,397,842,797,640,566,407.71,326.44,307.03,system,NA,0.445,3.07,77.78,141.73,-40.64,87.67,0.0
Negotiation_12,R3,2026-08-24T06:41:09.616334Z,behavior_monitor,9,953,480,897,750,685,566,275.71,281.36,280.68,system,NA,0.505,3.07,77.27,150.28,-40.5,95.66,2.92
Negotiation_12,R3,2026-08-24T06:41:10.125777Z,behavior_monitor,9,951,566,955,707,730,566,140.91,221.82,266.19,system,NA,0.612,3.07,127.04,143.15,-35.54,87.67,0.0
Negotiation_12,R3,2026-08-24T06:41:10.633875Z,behavior_monitor,9,870,603,930,695,774,597,109.87,96.11,184.26,system,NA,0.467,3.07,176.94,137.96,146.54,87.67,0.0
Negotiation_12,R3,2026-08-24T06:41:11.092283Z,shot_hit,9,787,627,901,722,784,622,148.1,6.47,154.28,agent,NA,0.042,3.07,178.05,0.0,119.81,87.67,180.0
Negotiation_12,R3,2026-08-24T06:41:11.093251Z,flight_spawn,10,683,-20,901,722,784,622,773.76,650.27,154.28,system,NA,0.457,2.83,135.0,0.0,119.81,87.67,180.0
Negotiation_12,R3,2026-08-24T06:41:12.108873Z,human_signal,10,651,130,897,722,732,566,640.81,442.87,227.54,human,your_turn,0.409,2.83,137.06,0.0,180.0,76.24,180.0
Negotiation_12,R3,2026-08-24T06:41:12.111558Z,behavior_monitor,10,651,130,897,722,732,566,640.81,442.87,227.54,system,NA,0.409,2.83,137.06,0.0,180.0,76.24,180.0
Negotiation_12,R3,2026-08-24T06:41:12.111959Z,human_signal,10,650,132,897,722,732,566,639.55,441.23,227.54,human,your_turn,0.408,2.83,137.06,0.0,180.0,76.24,180.0
Negotiation_12,R3,2026-08-24T06:41:12.618151Z,behavior_monitor,10,601,197,897,722,687,565,602.98,378.32,262.17,system,NA,0.386,2.83,113.56,0.0,180.0,87.67,180.0
Negotiation_12,R3,2026-08-24T06:41:13.124864Z,behavior_monitor,10,573,275,897,722,642,565,552.22,297.89,299.63,system,NA,0.35,2.83,111.24,0.0,180.0,87.67,180.0
Negotiation_12,R3,2026-08-24T06:41:13.634512Z,behavior_monitor,10,558,357,897,722,598,565,498.12,211.68,338.23,system,NA,0.298,2.83,109.7,0.0,180.0,74.1,-175.54
Negotiation_12,R3,2026-08-24T06:41:13.952926Z,agent_signal,10,540,411,897,722,569,566,473.73,157.25,364.04,agent,i_can,0.249,2.83,88.02,0.0,180.0,93.15,180.0
Negotiation_12,R3,2026-08-24T06:41:14.136004Z,behavior_monitor,10,540,439,897,722,552,566,455.51,126.93,378.91,system,NA,0.218,2.83,88.02,0.0,180.0,87.67,180.0
Negotiation_12,R3,2026-08-24T06:41:14.637145Z,behavior_monitor,10,508,503,897,722,508,565,447.05,62.11,420.14,system,NA,0.122,2.83,160.36,0.0,180.0,87.67,180.0
Negotiation_12,R3,2026-08-24T06:41:14.823817Z,shot_miss,10,475,515,897,722,490,565,470.68,52.82,436.79,agent,NA,0.101,2.83,160.36,0.0,180.0,87.67,180.0
Negotiation_12,R3,2026-08-24T06:41:15.074761Z,shot_hit,10,450,547,897,722,467,565,480.32,24.41,458.34,agent,NA,0.048,2.83,128.98,0.0,180.0,93.15,180.0
Negotiation_12,R3,2026-08-24T06:41:15.075413Z,flight_spawn,11,638,-20,897,722,467,565,786.56,609.76,458.34,system,NA,0.437,2.83,45.0,0.0,180.0,93.15,180.0
Negotiation_12,R3,2026-08-24T06:41:16.629723Z,human_signal,11,869,91,917,637,536,564,548.08,578.65,388.03,human,i_can,0.514,2.83,51.87,129.41,-90.0,76.24,0.0
Negotiation_12,R3,2026-08-24T06:41:16.646313Z,behavior_monitor,11,869,91,917,637,537,564,548.08,577.91,386.76,system,NA,0.513,2.83,51.87,129.41,-90.0,76.24,0.0
Negotiation_12,R3,2026-08-24T06:41:17.154106Z,behavior_monitor,11,919,158,945,578,576,564,420.83,531.97,369.22,system,NA,0.558,2.83,51.87,140.31,-43.01,54.23,9.68
Negotiation_12,R3,2026-08-24T06:41:17.667350Z,behavior_monitor,11,971,222,989,562,615,564,340.24,494.13,374.9,system,NA,0.592,2.83,23.82,0.0,0.0,76.24,0.0
Negotiation_12,R3,2026-08-24T06:41:18.173303Z,behavior_monitor,11,1053,253,1014,562,653,564,311.95,506.43,360.71,system,NA,0.619,2.83,22.1,129.41,0.0,76.24,0.0
Negotiation_12,R3,2026-08-24T06:41:18.680676Z,behavior_monitor,11,1130,277,1080,566,692,564,294.16,523.91,387.63,system,NA,0.64,2.83,12.03,144.33,22.35,81.0,0.0
Negotiation_12,R3,2026-08-24T06:41:19.187501Z,behavior_monitor,11,1216,294,1145,575,732,564,288.94,554.09,414.03,system,NA,0.657,2.83,13.31,137.5,0.0,104.32,-6.31
Negotiation_12,R3,2026-08-24T06:41:19.491603Z,agent_signal,11,1267,307,1187,575,755,564,279.02,572.98,432.82,agent,your_turn,0.673,2.83,13.92,129.41,0.0,76.24,0.0
Negotiation_12,R3,2026-08-24T06:41:19.693166Z,behavior_monitor,11,1290,325,1211,575,770,564,261.61,572.38,441.46,system,NA,0.686,2.83,59.77,137.5,0.0,81.0,0.0
Negotiation_12,R3,2026-08-24T06:41:20.200890Z,behavior_monitor,11,1317,404,1276,561,809,564,162.92,532.46,466.16,system,NA,0.766,2.83,81.64,141.32,-38.36,76.24,0.0
Negotiation_12,R3,2026-08-24T06:41:20.712165Z,behavior_monitor,11,1319,487,1331,515,849,564,29.79,476.42,484.27,system,NA,0.941,2.83,102.48,141.14,-40.41,76.24,0.0
Negotiation_12,R3,2026-08-24T06:41:20.780282Z,shot_hit,11,1315,498,1336,509,854,564,23.55,465.87,485.11,human,NA,0.952,2.83,102.48,133.47,-38.65,76.24,0.0
Negotiation_12,R3,2026-08-24T06:41:20.780848Z,flight_spawn,12,572,-20,1336,509,854,564,930.12,649.01,485.11,system,NA,0.411,3.45,125.37,133.47,-38.65,76.24,0.0
Negotiation_12,R3,2026-08-24T06:41:21.523374Z,human_signal,12,507,114,1258,559,818,563,872.73,546.83,439.51,human,your_turn,0.385,3.45,122.09,140.05,136.58,76.24,180.0
Negotiation_12,R3,2026-08-24T06:41:21.524434Z,behavior_monitor,12,507,114,1258,559,818,563,872.73,546.83,439.51,system,NA,0.385,3.45,122.09,140.09,136.3,76.24,180.0
Negotiation_12,R3,2026-08-24T06:41:21.524852Z,human_signal,12,506,116,1256,561,818,563,871.75,545.18,437.78,human,your_turn,0.385,3.45,122.09,140.09,136.3,76.24,180.0
Negotiation_12,R3,2026-08-24T06:41:22.031235Z,behavior_monitor,12,520,210,1207,610,774,564,794.85,435.6,435.27,system,NA,0.354,3.45,47.83,140.95,134.72,87.67,180.0
Negotiation_12,R3,2026-08-24T06:41:22.542391Z,behavior_monitor,12,566,299,1155,643,730,564,682.1,311.66,432.21,system,NA,0.314,3.45,82.83,129.41,180.0,87.67,180.0
Negotiation_12,R3,2026-08-24T06:41:22.932799Z,agent_signal,12,580,380,1102,656,696,563,590.11,216.53,416.02,agent,i_can,0.268,3.45,60.5,129.41,180.0,87.67,180.0
Negotiation_12,R3,2026-08-24T06:41:23.049920Z,behavior_monitor,12,590,398,1089,656,686,563,561.45,190.61,413.33,system,NA,0.253,3.45,83.87,129.41,180.0,87.67,180.0
Negotiation_12,R3,2026-08-24T06:41:23.559430Z,behavior_monitor,12,603,501,1063,657,641,563,486.33,73.2,432.47,system,NA,0.131,3.45,88.36,133.77,165.33,87.67,180.0
Negotiation_12,R3,2026-08-24T06:41:23.778087Z,shot_hit,12,607,549,1034,666,621,563,441.91,19.43,425.56,agent,NA,0.042,3.45,88.36,128.8,162.7,87.67,180.0
Negotiation_12,R3,2026-08-24T06:41:23.778590Z,flight_spawn,13,242,-20,1034,666,621,563,1048.19,696.06,425.56,system,NA,0.399,3.52,55.33,128.8,162.7,87.67,180.0
Negotiation_12,R3,2026-08-24T06:41:24.575143Z,human_signal,13,278,125,1014,657,582,563,907.58,532.77,441.63,human,your_turn,0.37,3.52,106.47,0.0,180.0,76.24,180.0
Negotiation_12,R3,2026-08-24T06:41:24.576600Z,behavior_monitor,13,278,125,1014,657,582,563,907.58,532.77,441.63,system,NA,0.37,3.52,106.47,0.0,180.0,76.24,180.0
Negotiation_12,R3,2026-08-24T06:41:24.577051Z,human_signal,13,276,129,1014,657,582,563,906.98,530.97,441.63,human,your_turn,0.369,3.52,106.47,0.0,180.0,76.24,180.0
Negotiation_12,R3,2026-08-24T06:41:25.081973Z,behavior_monitor,13,274,229,1014,657,537,563,854.62,425.24,485.4,system,NA,0.332,3.52,83.64,0.0,180.0,87.67,180.0
Negotiation_12,R3,2026-08-24T06:41:25.591767Z,behavior_monitor,13,331,308,1014,657,492,563,766.09,301.51,529.77,system,NA,0.282,3.52,30.45,0.0,180.0,87.67,180.0
Negotiation_12,R3,2026-08-24T06:41:25.592700Z,agent_signal,13,334,310,1014,657,492,563,762.73,298.48,529.77,agent,i_can,0.281,3.52,30.45,0.0,180.0,87.67,180.0
Negotiation_12,R3,2026-08-24T06:41:26.096647Z,behavior_monitor,13,420,365,959,657,447,563,612.1,199.89,519.89,system,NA,0.246,3.52,2.65,129.41,180.0,87.67,180.0
Negotiation_12,R3,2026-08-24T06:41:26.602147Z,behavior_monitor,13,508,415,936,657,464,563,491.4,154.74,481.64,system,NA,0.239,3.52,59.04,129.41,180.0,87.67,0.0
Negotiation_12,R3,2026-08-24T06:41:26.804604Z,human_signal,13,527,454,908,657,482,563,430.67,118.25,436.13,human,i_can,0.215,3.52,59.04,129.41,180.0,87.67,0.0
Negotiation_12,R3,2026-08-24T06:41:27.111342Z,behavior_monitor,13,561,506,877,658,505,563,350.47,80.36,383.89,system,NA,0.187,3.52,59.04,68.13,124.18,76.24,0.0
Negotiation_12,R3,2026-08-24T06:41:27.604670Z,agent_signal,13,589,605,851,718,543,581,285.37,52.07,337.35,agent,your_turn,0.154,3.52,84.27,143.6,130.26,130.47,54.25
Negotiation_12,R3,2026-08-24T06:41:27.621113Z,behavior_monitor,13,589,605,849,720,544,583,284.67,50.1,334.75,system,NA,0.15,3.52,84.27,143.6,130.26,130.47,54.25
Negotiation_12,R3,2026-08-24T06:41:27.638538Z,shot_miss,13,590,612,846,723,547,586,279.77,49.98,329.44,agent,NA,0.152,3.52,84.27,142.15,132.04,130.47,54.25
Negotiation_12,R3,2026-08-24T06:41:27.806731Z,shot_miss,13,604,643,829,740,560,604,245.35,58.89,302.2,agent,NA,0.194,3.52,59.53,148.57,135.35,138.63,54.25
Negotiation_12,R3,2026-08-24T06:41:28.127722Z,behavior_monitor,13,648,685,799,770,583,637,172.84,81.33,253.74,system,NA,0.32,3.52,35.28,139.81,135.81,130.47,54.25
Negotiation_12,R3,2026-08-24T06:41:28.632278Z,behavior_monitor,13,734,746,738,788,622,690,41.69,125.5,151.37,system,NA,0.751,3.52,35.28,129.41,180.0,130.47,54.25
Negotiation_12,R3,2026-08-24T06:41:28.734582Z,shot_miss,13,754,752,731,779,630,701,35.06,134.86,127.9,human,NA,0.794,3.52,9.16,129.41,-90.0,130.47,54.25
Negotiation_12,R3,2026-08-24T06:41:29.089463Z,shot_miss,13,821,782,774,763,657,739,51.06,170.15,119.53,human,NA,0.769,3.52,31.78,129.41,0.0,130.47,54.25
Negotiation_12,R3,2026-08-24T06:41:29.137565Z,behavior_monitor,13,830,787,780,763,661,744,54.78,174.41,121.21,system,NA,0.761,3.52,4.64,137.5,0.0,138.63,54.25
Negotiation_12,R3,2026-08-24T06:41:29.646334Z,behavior_monitor,13,923,825,830,808,700,798,93.74,224.7,131.3,system,NA,0.706,3.52,40.74,134.95,44.19,130.47,54.25
Negotiation_12,R3,2026-08-24T06:41:30.155306Z,behavior_monitor,13,992,902,884,851,738,853,119.83,259.0,146.01,system,NA,0.684,3.52,40.01,135.51,32.17,130.47,54.25
Negotiation_12,R3,2026-08-24T06:41:30.663626Z,behavior_monitor,13,1089,932,949,873,777,907,152.62,313.34,174.8,system,NA,0.672,3.52,15.85,129.41,0.0,130.47,54.25
Negotiation_12,R3,2026-08-24T06:41:31.000218Z,flight_missed,13,1159,952,995,868,804,910,184.91,358.05,195.32,system,NA,0.659,3.52,15.85,137.14,-22.8,76.24,0.0
Negotiation_12,R3,2026-08-24T06:41:31.000856Z,flight_spawn,14,539,-20,995,868,804,910,998.55,966.94,195.32,system,NA,0.492,3.06,49.15,137.14,-22.8,76.24,0.0
Negotiation_12,R3,2026-08-24T06:41:33.173827Z,agent_signal,14,637,317,908,784,669,721,540.11,405.52,247.0,agent,i_can,0.429,3.06,139.95,0.0,180.0,130.47,-125.75
Negotiation_12,R3,2026-08-24T06:41:33.190202Z,behavior_monitor,14,637,317,908,784,668,719,540.11,403.16,248.59,system,NA,0.427,3.06,139.95,0.0,180.0,147.38,-114.49
Negotiation_12,R3,2026-08-24T06:41:33.225969Z,human_signal,14,633,321,908,784,665,715,538.8,395.2,252.58,human,your_turn,0.423,3.06,139.95,0.0,180.0,141.71,-125.75
Negotiation_12,R3,2026-08-24T06:41:33.226917Z,human_signal,14,631,323,907,784,665,715,537.55,393.39,251.73,human,your_turn,0.423,3.06,139.95,0.0,180.0,150.04,-125.75
Negotiation_12,R3,2026-08-24T06:41:33.699719Z,behavior_monitor,14,609,390,850,784,623,657,462.08,267.59,259.92,system,NA,0.367,3.06,30.01,129.41,180.0,150.04,-125.75
Negotiation_12,R3,2026-08-24T06:41:34.207270Z,behavior_monitor,14,695,409,840,764,642,595,383.02,193.54,259.97,system,NA,0.336,3.06,21.61,112.68,-29.82,150.04,-54.25
Negotiation_12,R3,2026-08-24T06:41:34.718563Z,behavior_monitor,14,784,431,873,716,687,566,298.48,165.93,238.74,system,NA,0.357,3.06,7.94,85.23,-90.0,87.67,0.0
Negotiation_12,R3,2026-08-24T06:41:35.223843Z,behavior_monitor,14,872,444,904,701,731,566,258.77,185.94,218.89,system,NA,0.418,3.06,14.61,0.0,-15.6,87.67,0.0
Negotiation_12,R3,2026-08-24T06:41:35.732933Z,behavior_monitor,14,958,467,967,701,776,566,233.8,207.12,234.07,system,NA,0.47,3.06,5.92,129.41,0.0,87.67,0.0
Negotiation_12,R3,2026-08-24T06:41:36.242474Z,behavior_monitor,14,1047,483,1033,701,821,565,218.65,240.78,252.01,system,NA,0.524,3.06,24.69,129.41,0.0,87.67,0.0
Negotiation_12,R3,2026-08-24T06:41:36.362030Z,human_signal,14,1071,493,1051,701,831,565,208.97,250.35,258.08,human,i_can,0.545,3.06,24.69,129.41,0.0,87.67,0.0
Negotiation_12,R3,2026-08-24T06:41:36.750501Z,behavior_monitor,14,1121,531,1099,701,861,565,171.28,261.65,274.12,system,NA,0.604,3.06,25.59,129.41,0.0,76.24,0.0
Negotiation_12,R3,2026-08-24T06:41:36.919130Z,agent_signal,14,1152,535,1121,701,874,565,169.35,280.23,282.28,agent,your_turn,0.623,3.06,29.1,129.41,0.0,85.02,-17.67
Negotiation_12,R3,2026-08-24T06:41:37.256317Z,behavior_monitor,14,1207,560,1165,687,900,565,133.98,306.92,291.57,system,NA,0.696,3.06,25.65,139.38,-24.74,76.24,0.0
Negotiation_12,R3,2026-08-24T06:41:37.761731Z,behavior_monitor,14,1297,575,1230,687,939,570,130.11,358.36,313.9,system,NA,0.734,3.06,0.39,144.2,22.68,90.62,-17.56
Negotiation_12,R3,2026-08-24T06:41:38.269041Z,behavior_monitor,14,1357,639,1295,710,978,619,94.42,380.16,330.1,system,NA,0.801,3.06,53.32,135.2,17.61,130.47,54.25
Negotiation_12,R3,2026-08-24T06:41:38.773819Z,behavior_monitor,14,1405,716,1359,738,1016,673,51.09,391.06,348.52,system,NA,0.884,3.06,49.96,138.0,30.94,130.47,54.25
Negotiation_12,R3,2026-08-24T06:41:39.146566Z,shot_miss,14,1448,767,1399,770,1045,712,49.5,407.5,358.95,human,NA,0.892,3.06,49.96,137.86,40.0,130.47,54.25
Negotiation_12,R3,2026-08-24T06:41:39.281732Z,behavior_monitor,14,1443,786,1413,782,1054,726,29.52,392.57,363.06,system,NA,0.93,2.62,116.76,137.26,39.39,130.47,54.25
Negotiation_12,R3,2026-08-24T06:41:39.467344Z,shot_hit,14,1436,814,1433,798,1069,746,16.21,373.28,368.04,human,NA,0.958,2.62,69.98,137.65,39.58,130.47,54.25
Negotiation_12,R3,2026-08-24T06:41:39.468497Z,flight_spawn,15,669,-20,1433,798,1069,746,1119.91,864.9,368.04,system,NA,0.436,3.02,48.45,137.65,39.58,130.47,54.25
Negotiation_12,R3,2026-08-24T06:41:42.672517Z,agent_signal,15,854,312,1174,761,879,565,551.44,255.14,353.35,agent,i_can,0.316,3.02,99.09,0.0,180.0,76.24,180.0
Negotiation_12,R3,2026-08-24T06:41:42.689249Z,behavior_monitor,15,854,312,1174,761,878,565,551.44,254.99,354.59,system,NA,0.316,3.02,99.09,0.0,180.0,87.67,180.0
Negotiation_12,R3,2026-08-24T06:41:43.202300Z,behavior_monitor,15,858,400,1147,761,838,565,462.46,166.7,365.74,system,NA,0.265,3.02,74.12,129.41,180.0,0.0,180.0
Negotiation_12,R3,2026-08-24T06:41:43.709665Z,behavior_monitor,15,886,483,1129,747,860,565,358.81,86.1,324.14,system,NA,0.194,3.02,46.23,0.0,-90.0,87.67,0.0
Negotiation_12,R3,2026-08-24T06:41:44.152141Z,shot_miss,15,940,541,1110,747,900,564,266.52,46.33,278.48,agent,NA,0.148,3.02,23.42,0.0,180.0,87.67,0.0
Negotiation_12,R3,2026-08-24T06:41:44.219555Z,behavior_monitor,15,948,545,1110,747,904,564,259.03,47.37,275.12,system,NA,0.155,3.02,23.42,0.0,180.0,87.67,0.0
Negotiation_12,R3,2026-08-24T06:41:44.390808Z,shot_miss,15,979,557,1089,749,921,564,221.11,58.76,249.8,agent,NA,0.21,3.02,46.16,135.07,163.35,87.67,0.0
Negotiation_12,R3,2026-08-24T06:41:44.730715Z,behavior_monitor,15,1021,598,1079,752,949,591,164.26,72.61,206.7,system,NA,0.307,3.02,46.16,36.24,-90.0,150.04,54.25
Negotiation_12,R3,2026-08-24T06:41:45.239948Z,behavior_monitor,15,1097,639,1092,749,993,635,110.33,103.8,151.08,system,NA,0.485,3.02,18.55,136.04,-22.95,150.04,54.25
Negotiation_12,R3,2026-08-24T06:41:45.679544Z,human_signal,15,1147,691,1151,734,1032,676,43.56,116.16,132.2,human,i_can,0.727,3.02,85.24,129.41,0.0,150.04,54.25
Negotiation_12,R3,2026-08-24T06:41:45.746327Z,behavior_monitor,15,1149,700,1157,734,1037,683,35.48,112.66,130.49,system,NA,0.76,3.02,85.24,129.41,0.0,130.47,54.25
Negotiation_12,R3,2026-08-24T06:41:45.865343Z,shot_hit,15,1152,721,1173,734,1046,696,24.33,108.95,132.07,human,NA,0.817,3.02,85.24,127.3,0.0,130.47,54.25
Negotiation_12,R3,2026-08-24T06:41:45.865832Z,flight_spawn,16,1072,-20,1173,734,1046,696,761.58,716.88,132.07,system,NA,0.485,3.35,53.33,127.3,0.0,130.47,54.25
Negotiation_12,R3,2026-08-24T06:41:50.015754Z,agent_signal,16,1302,362,1116,869,1285,564,539.39,202.53,348.18,agent,i_can,0.273,2.03,86.43,129.41,180.0,0.0,14.25
Negotiation_12,R3,2026-08-24T06:41:50.031833Z,behavior_monitor,16,1302,362,1116,869,1285,564,539.39,202.53,348.18,system,NA,0.273,2.03,86.43,137.5,180.0,0.0,14.25
Negotiation_12,R3,2026-08-24T06:41:50.540903Z,behavior_monitor,16,1323,420,1050,862,1300,564,518.6,145.91,388.03,system,NA,0.22,2.03,82.19,137.0,-152.35,87.67,0.0
Negotiation_12,R3,2026-08-24T06:41:51.045234Z,behavior_monitor,16,1360,462,991,825,1333,564,516.97,105.22,429.55,system,NA,0.169,2.03,30.26,134.24,-164.58,87.67,0.0
Negotiation_12,R3,2026-08-24T06:41:51.552549Z,behavior_monitor,16,1416,493,925,810,1378,564,584.44,80.56,515.19,system,NA,0.121,2.03,59.2,131.58,-163.41,87.67,0.0
Negotiation_12,R3,2026-08-24T06:41:51.905749Z,shot_miss,16,1441,531,923,810,1411,564,587.61,43.64,546.53,agent,NA,0.069,2.03,59.2,0.0,180.0,108.99,-10.81
Negotiation_12,R3,2026-08-24T06:41:52.058610Z,behavior_monitor,16,1448,545,923,810,1423,564,587.99,31.18,557.2,system,NA,0.05,2.03,59.2,0.0,180.0,87.67,0.0
Negotiation_12,R3,2026-08-24T06:41:52.227732Z,shot_hit,16,1438,560,923,810,1421,564,572.08,16.76,555.86,agent,NA,0.028,1.58,127.19,0.0,180.0,0.0,180.0
Negotiation_12,R3,2026-08-24T06:41:52.228268Z,flight_spawn,17,565,-20,923,810,1421,564,904.39,1036.18,555.86,system,NA,0.534,2.85,134.55,0.0,180.0,0.0,180.0
Negotiation_12,R3,2026-08-24T06:41:54.619407Z,human_signal,17,360,282,666,810,1329,563,610.28,1008.25,706.93,human,i_can,0.623,2.85,103.57,129.41,180.0,49.44,-179.65
Negotiation_12,R3,2026-08-24T06:41:54.636110Z,behavior_monitor,17,360,282,666,810,1327,563,610.28,1007.01,705.71,system,NA,0.623,2.85,103.57,122.22,180.0,72.0,180.0
Negotiation_12,R3,2026-08-24T06:41:55.142016Z,behavior_monitor,17,346,365,600,805,1289,562,507.89,963.33,729.88,system,NA,0.655,2.85,75.63,135.17,-163.21,76.24,180.0
Negotiation_12,R3,2026-08-24T06:41:55.430953Z,agent_signal,17,369,412,561,804,1267,562,437.11,910.41,746.52,agent,your_turn,0.676,2.85,49.09,129.41,180.0,76.24,180.0
Negotiation_12,R3,2026-08-24T06:41:55.650951Z,behavior_monitor,17,390,437,534,804,1250,562,394.2,868.72,755.56,system,NA,0.688,2.85,49.09,137.5,180.0,81.0,180.0
Negotiation_12,R3,2026-08-24T06:41:56.161245Z,behavior_monitor,17,433,507,478,765,1211,562,262.0,779.84,759.92,system,NA,0.749,2.85,44.05,138.45,-127.99,76.24,180.0
Negotiation_12,R3,2026-08-24T06:41:56.669507Z,behavior_monitor,17,472,579,485,705,1173,569,126.2,700.59,700.81,system,NA,0.847,2.85,92.47,139.96,-54.35,113.82,129.66
Negotiation_12,R3,2026-08-24T06:41:57.107019Z,shot_hit,17,470,653,462,672,1139,616,20.02,670.09,679.11,human,NA,0.971,2.85,92.47,137.5,180.0,138.63,125.75
Negotiation_12,R3,2026-08-24T06:41:57.107572Z,flight_spawn,18,545,-20,462,672,1139,616,696.92,870.57,679.11,system,NA,0.555,3.6,56.23,137.5,180.0,138.63,125.75
Negotiation_12,R3,2026-08-24T06:41:59.017682Z,human_signal,18,576,348,520,718,1012,566,373.7,487.42,514.68,human,i_can,0.566,3.6,107.77,91.25,-90.0,76.24,180.0
Negotiation_12,R3,2026-08-24T06:41:59.034746Z,behavior_monitor,18,576,348,520,718,1011,566,373.7,486.26,513.44,system,NA,0.565,3.6,107.77,101.96,-69.52,76.24,180.0
Negotiation_12,R3,2026-08-24T06:41:59.539726Z,behavior_monitor,18,536,444,536,687,972,566,243.2,452.19,452.01,system,NA,0.65,3.6,132.52,129.41,0.0,76.24,180.0
Negotiation_12,R3,2026-08-24T06:41:59.540427Z,agent_signal,18,533,447,538,687,972,566,240.6,454.21,449.89,agent,your_turn,0.654,3.6,132.52,129.41,0.0,76.24,180.0
Negotiation_12,R3,2026-08-24T06:42:00.046989Z,behavior_monitor,18,516,544,514,697,933,565,153.0,417.71,439.09,system,NA,0.732,3.6,79.57,138.2,154.83,96.65,-178.05
Negotiation_12,R3,2026-08-24T06:42:00.555319Z,behavior_monitor,18,506,649,530,721,894,606,76.2,391.18,382.05,system,NA,0.837,3.6,105.15,0.0,30.98,130.47,125.75
Negotiation_12,R3,2026-08-24T06:42:00.875530Z,shot_hit,18,488,715,492,724,870,640,9.84,389.35,387.16,human,NA,0.975,3.6,105.15,63.8,180.0,130.47,125.75
Negotiation_12,R3,2026-08-24T06:42:00.876169Z,flight_spawn,19,816,-20,492,724,870,640,812.29,663.1,387.16,system,NA,0.449,2.83,45.0,63.8,180.0,130.47,125.75
Negotiation_12,R3,2026-08-24T06:42:02.445739Z,human_signal,19,1056,79,428,726,911,583,901.29,524.57,503.6,human,your_turn,0.368,2.83,35.74,0.0,0.0,130.47,-54.25
Negotiation_12,R3,2026-08-24T06:42:02.446763Z,behavior_monitor,19,1056,79,428,726,911,583,901.29,524.57,503.6,system,NA,0.368,2.83,35.74,0.0,0.0,138.63,-54.25
Negotiation_12,R3,2026-08-24T06:42:02.447237Z,human_signal,19,1058,81,428,726,911,583,901.96,523.72,503.6,human,your_turn,0.367,2.83,35.74,0.0,0.0,138.63,-54.25
Negotiation_12,R3,2026-08-24T06:42:02.953960Z,behavior_monitor,19,1108,137,428,726,956,565,900.02,454.43,552.11,system,NA,0.336,2.83,92.7,0.0,0.0,87.67,0.0
Negotiation_12,R3,2026-08-24T06:42:03.459439Z,behavior_monitor,19,1091,217,428,726,1001,565,835.16,359.11,594.86,system,NA,0.301,2.83,91.86,0.0,0.0,87.67,0.0
Negotiation_12,R3,2026-08-24T06:42:03.966806Z,behavior_monitor,19,1075,296,462,759,1045,565,768.53,270.28,615.09,system,NA,0.26,2.83,144.28,138.14,45.74,87.67,0.0
Negotiation_12,R3,2026-08-24T06:42:04.085665Z,agent_signal,19,1058,309,475,773,1045,564,744.86,255.48,606.86,agent,i_can,0.255,2.83,144.28,138.15,45.97,87.67,180.0
Negotiation_12,R3,2026-08-24T06:42:04.475680Z,behavior_monitor,19,1021,359,511,810,1010,564,681.29,205.99,556.91,system,NA,0.232,2.83,124.26,138.22,46.06,87.67,180.0
Negotiation_12,R3,2026-08-24T06:42:04.978386Z,behavior_monitor,19,995,435,564,856,976,564,602.12,130.48,504.84,system,NA,0.178,2.83,72.16,137.79,31.85,0.0,13.01
Negotiation_12,R3,2026-08-24T06:42:05.489749Z,behavior_monitor,19,1022,515,625,890,999,563,545.83,53.27,496.38,system,NA,0.089,2.83,72.16,137.15,28.88,87.67,0.0
Negotiation_12,R3,2026-08-24T06:42:05.590802Z,shot_miss,19,1020,535,640,898,1001,563,526.2,34.83,492.13,agent,NA,0.062,2.83,100.38,145.65,28.83,0.0,0.0
Negotiation_12,R3,2026-08-24T06:42:05.829224Z,shot_hit,19,1016,574,668,910,999,568,483.56,17.68,475.96,agent,NA,0.035,2.83,100.38,120.09,0.0,121.76,90.0
Negotiation_12,R3,2026-08-24T06:42:05.830017Z,flight_spawn,20,153,-20,668,910,999,568,1063.33,1031.02,475.96,system,NA,0.492,3.17,129.15,120.09,0.0,121.76,90.0
Negotiation_12,R3,2026-08-24T06:42:07.401301Z,human_signal,20,118,265,519,905,899,566,755.1,837.34,509.21,human,i_can,0.526,3.17,71.48,136.49,-161.47,76.24,180.0
Negotiation_12,R3,2026-08-24T06:42:07.417836Z,behavior_monitor,20,118,265,519,905,898,566,755.1,836.13,508.24,system,NA,0.525,3.17,71.48,137.01,-160.3,76.24,180.0
Negotiation_12,R3,2026-08-24T06:42:07.890268Z,agent_signal,20,111,356,456,881,861,566,628.09,778.66,513.3,agent,your_turn,0.554,3.17,96.2,135.54,-162.7,76.24,180.0
Negotiation_12,R3,2026-08-24T06:42:07.923811Z,behavior_monitor,20,110,359,454,880,858,566,624.17,776.11,512.61,system,NA,0.554,3.17,96.2,134.7,-163.89,76.24,180.0
Negotiation_12,R3,2026-08-24T06:42:08.433500Z,behavior_monitor,20,157,425,388,879,820,566,509.95,678.04,533.83,system,NA,0.571,3.17,20.06,129.41,180.0,76.24,180.0
Negotiation_12,R3,2026-08-24T06:42:08.942068Z,behavior_monitor,20,232,478,355,829,781,566,371.8,556.07,501.35,system,NA,0.599,3.17,44.0,129.41,-90.0,76.24,180.0
Negotiation_12,R3,2026-08-24T06:42:09.450765Z,behavior_monitor,20,295,545,346,764,743,566,225.12,448.02,444.13,system,NA,0.666,3.17,42.1,138.98,-124.08,76.24,180.0
Negotiation_12,R3,2026-08-24T06:42:09.957069Z,behavior_monitor,20,369,609,342,742,703,599,136.22,334.92,388.98,system,NA,0.711,3.17,42.1,137.5,0.0,138.63,125.75
Negotiation_12,R3,2026-08-24T06:42:10.465554Z,behavior_monitor,20,431,677,407,727,664,652,55.74,234.2,267.61,system,NA,0.808,3.17,36.3,139.92,-27.31,130.47,125.75
Negotiation_12,R3,2026-08-24T06:42:10.634403Z,shot_miss,20,453,699,428,716,651,670,30.59,199.58,227.43,human,NA,0.867,3.17,59.03,139.74,-27.36,130.47,125.75
Negotiation_12,R3,2026-08-24T06:42:10.972326Z,shot_miss,20,490,753,470,719,625,706,39.27,142.73,154.65,human,NA,0.784,3.17,86.26,127.45,43.75,130.47,125.75
Negotiation_12,R3,2026-08-24T06:42:10.973383Z,behavior_monitor,20,490,753,470,719,625,706,39.27,142.73,154.65,system,NA,0.784,3.17,86.26,143.13,53.98,130.47,125.75
Negotiation_12,R3,2026-08-24T06:42:11.479228Z,behavior_monitor,20,522,840,490,785,586,759,63.91,103.54,99.91,system,NA,0.618,3.17,80.79,137.5,90.0,138.63,125.75
Negotiation_12,R3,2026-08-24T06:42:11.986991Z,behavior_monitor,20,507,932,434,830,548,814,125.33,125.6,115.45,system,NA,0.501,3.17,106.32,140.51,149.93,130.47,125.75
Negotiation_12,R3,2026-08-24T06:42:12.087433Z,flight_missed,20,501,954,419,839,539,826,141.34,132.85,120.28,system,NA,0.485,3.17,79.28,140.41,150.08,130.47,125.75
Negotiation_12,R4,2026-08-24T06:42:17.636188Z,flight_spawn,1,249,-20,419,839,539,826,876.0,894.83,120.28,system,NA,0.505,3.37,53.55,0.0,150.08,0.0,125.75
Negotiation_12,R4,2026-08-24T06:42:22.390539Z,agent_signal,1,265,310,1067,708,254,597,895.52,287.29,820.58,agent,i_can,0.243,3.37,44.53,0.0,-138.31,130.47,-125.75
Negotiation_12,R4,2026-08-24T06:42:22.408091Z,behavior_monitor,1,265,310,1067,708,253,595,895.52,285.29,822.34,system,NA,0.242,3.37,44.53,0.0,-138.31,150.04,-125.75
Negotiation_12,R4,2026-08-24T06:42:22.916595Z,behavior_monitor,1,338,380,1067,691,289,566,792.19,191.63,787.57,system,NA,0.195,3.37,44.53,129.41,-90.0,87.67,0.0
Negotiation_12,R4,2026-08-24T06:42:23.425798Z,behavior_monitor,1,419,434,1049,676,334,565,675.36,156.46,723.93,system,NA,0.188,3.37,35.07,129.41,180.0,87.67,0.0
Negotiation_12,R4,2026-08-24T06:42:23.543720Z,human_signal,1,432,452,1041,676,344,565,649.43,143.57,705.49,human,your_turn,0.181,3.37,86.43,0.0,180.0,93.15,0.0
Negotiation_12,R4,2026-08-24T06:42:23.544221Z,human_signal,1,431,455,1041,676,344,565,648.47,140.8,705.49,human,your_turn,0.178,3.37,86.43,0.0,180.0,87.67,0.0
Negotiation_12,R4,2026-08-24T06:42:23.934970Z,behavior_monitor,1,421,525,1015,698,379,566,619.02,58.88,650.07,system,NA,0.087,3.37,133.65,137.57,127.1,87.67,0.0
Negotiation_12,R4,2026-08-24T06:42:24.258099Z,shot_hit,1,396,585,997,734,379,576,619.39,19.36,638.09,agent,NA,0.03,3.37,103.78,62.31,141.89,121.76,90.0
Negotiation_12,R4,2026-08-24T06:42:24.258748Z,flight_spawn,2,658,-20,997,734,379,576,827.0,658.02,638.09,system,NA,0.443,2.99,47.99,62.31,141.89,121.76,90.0
Negotiation_12,R4,2026-08-24T06:42:26.076927Z,human_signal,2,895,164,993,675,472,566,520.29,583.71,531.98,human,i_can,0.529,2.99,2.62,0.0,180.0,76.24,0.0
Negotiation_12,R4,2026-08-24T06:42:26.093783Z,behavior_monitor,2,895,164,993,675,473,566,520.29,582.77,530.71,system,NA,0.528,2.99,2.62,32.89,0.0,76.24,0.0
Negotiation_12,R4,2026-08-24T06:42:26.600910Z,behavior_monitor,2,978,182,1032,625,512,566,445.79,603.71,523.06,system,NA,0.575,2.99,31.36,133.68,-75.47,76.24,0.0
Negotiation_12,R4,2026-08-24T06:42:27.109233Z,behavior_monitor,2,1055,225,1046,560,551,565,335.31,608.78,494.99,system,NA,0.645,2.99,36.91,141.51,-51.2,92.83,-2.93
Negotiation_12,R4,2026-08-24T06:42:27.620014Z,behavior_monitor,2,1140,249,1103,519,590,565,273.11,635.11,515.82,system,NA,0.699,2.99,12.15,138.02,-29.18,76.24,0.0
Negotiation_12,R4,2026-08-24T06:42:28.125207Z,behavior_monitor,2,1222,281,1168,507,628,566,232.27,658.25,543.23,system,NA,0.739,2.99,37.92,129.41,0.0,76.24,0.0
Negotiation_12,R4,2026-08-24T06:42:28.633616Z,behavior_monitor,2,1305,301,1234,507,667,566,217.25,690.66,570.36,system,NA,0.761,2.99,11.46,129.41,0.0,76.24,0.0
Negotiation_12,R4,2026-08-24T06:42:29.144640Z,behavior_monitor,2,1391,324,1300,507,706,566,203.9,726.21,597.35,system,NA,0.781,2.99,15.39,129.41,0.0,76.24,0.0
Negotiation_12,R4,2026-08-24T06:42:29.452416Z,agent_signal,2,1448,337,1342,507,730,566,199.88,753.89,615.48,agent,your_turn,0.79,2.99,17.14,129.41,0.0,76.24,0.0
Negotiation_12,R4,2026-08-24T06:42:29.652737Z,behavior_monitor,2,1433,347,1366,507,745,566,173.25,721.83,624.07,system,NA,0.806,1.93,152.8,128.09,0.0,76.24,0.0
Negotiation_12,R4,2026-08-24T06:42:30.155892Z,behavior_monitor,2,1373,354,1365,487,784,566,133.27,626.45,586.31,system,NA,0.825,1.93,175.23,135.42,-111.67,76.24,0.0
Negotiation_12,R4,2026-08-24T06:42:30.667564Z,behavior_monitor,2,1317,372,1323,432,823,566,59.96,530.15,517.59,system,NA,0.898,1.93,177.41,137.65,-136.35,76.24,0.0
Negotiation_12,R4,2026-08-24T06:42:31.176438Z,behavior_monitor,2,1258,375,1272,384,862,566,16.47,439.82,448.46,system,NA,0.964,1.93,177.41,146.57,-140.92,81.0,0.0
Negotiation_12,R4,2026-08-24T06:42:31.209180Z,shot_hit,2,1254,375,1268,381,864,566,15.39,433.7,443.85,human,NA,0.966,1.93,177.41,137.47,-143.06,76.24,0.0
Negotiation_12,R4,2026-08-24T06:42:31.209657Z,flight_spawn,3,526,-20,1268,381,864,566,843.46,677.06,443.85,system,NA,0.445,3.45,125.45,137.47,-143.06,76.24,0.0
Negotiation_12,R4,2026-08-24T06:42:32.022669Z,human_signal,3,467,128,1202,448,823,566,801.69,564.9,396.57,human,your_turn,0.413,3.45,96.96,138.36,114.44,89.57,170.77
Negotiation_12,R4,2026-08-24T06:42:32.023202Z,behavior_monitor,3,467,128,1202,448,823,566,801.69,564.9,396.57,system,NA,0.413,3.45,96.96,138.36,114.44,76.24,180.0
Negotiation_12,R4,2026-08-24T06:42:32.023675Z,human_signal,3,466,132,1201,450,823,566,800.71,562.55,395.01,human,your_turn,0.413,3.45,119.27,138.36,114.44,76.24,180.0
Negotiation_12,R4,2026-08-24T06:42:32.529025Z,behavior_monitor,3,462,231,1173,512,779,566,763.92,460.82,397.72,system,NA,0.376,3.45,90.29,138.36,114.44,87.67,180.0
Negotiation_12,R4,2026-08-24T06:42:33.039828Z,behavior_monitor,3,469,334,1141,576,734,566,713.82,352.55,407.0,system,NA,0.331,3.45,65.24,140.44,126.44,87.67,180.0
Negotiation_12,R4,2026-08-24T06:42:33.293658Z,agent_signal,3,492,384,1114,603,712,566,658.93,285.38,403.62,agent,i_can,0.302,3.45,65.24,141.98,137.6,89.18,-163.44
Negotiation_12,R4,2026-08-24T06:42:33.547743Z,behavior_monitor,3,506,429,1089,626,690,566,614.73,228.94,403.42,system,NA,0.271,3.45,85.6,142.22,137.9,87.67,180.0
Negotiation_12,R4,2026-08-24T06:42:34.053016Z,behavior_monitor,3,553,519,1035,674,645,566,506.23,103.95,404.04,system,NA,0.17,3.45,30.4,142.9,138.21,87.67,180.0
Negotiation_12,R4,2026-08-24T06:42:34.505957Z,shot_hit,3,635,563,985,720,610,567,383.52,25.68,405.25,agent,NA,0.063,3.45,8.82,141.55,135.14,0.0,180.0
Negotiation_12,R4,2026-08-24T06:42:34.506555Z,flight_spawn,4,936,-20,985,720,610,567,742.17,671.73,405.25,system,NA,0.475,2.83,135.0,141.55,135.14,0.0,180.0
Negotiation_12,R4,2026-08-24T06:42:36.044817Z,human_signal,4,716,87,972,702,696,566,666.92,479.62,308.46,human,your_turn,0.418,2.83,158.75,0.0,-90.0,88.15,-3.2
Negotiation_12,R4,2026-08-24T06:42:36.045380Z,behavior_monitor,4,716,87,972,702,696,566,666.92,479.62,308.46,system,NA,0.418,2.83,158.75,0.0,-90.0,0.0,-3.2
Negotiation_12,R4,2026-08-24T06:42:36.045661Z,human_signal,4,714,88,972,702,696,566,666.88,478.5,308.46,human,your_turn,0.418,2.83,158.75,0.0,-90.0,0.0,-3.2
Negotiation_12,R4,2026-08-24T06:42:36.552624Z,behavior_monitor,4,640,117,972,702,655,566,672.91,448.87,345.6,system,NA,0.4,2.83,158.75,0.0,-90.0,82.8,180.0
Negotiation_12,R4,2026-08-24T06:42:37.062212Z,behavior_monitor,4,557,135,972,702,610,566,703.53,434.42,387.22,system,NA,0.382,2.83,171.51,0.0,-90.0,87.67,180.0
Negotiation_12,R4,2026-08-24T06:42:37.571635Z,behavior_monitor,4,508,197,972,702,565,566,685.92,372.74,429.28,system,NA,0.352,2.83,106.96,0.0,-90.0,87.67,180.0
Negotiation_12,R4,2026-08-24T06:42:38.080080Z,behavior_monitor,4,522,280,972,702,522,565,617.35,285.59,470.98,system,NA,0.316,2.83,77.05,0.0,-90.0,87.67,180.0
Negotiation_12,R4,2026-08-24T06:42:38.265673Z,agent_signal,4,536,313,972,702,513,565,584.93,253.57,479.55,agent,i_can,0.302,2.83,77.05,0.0,-90.0,0.0,180.0
Negotiation_12,R4,2026-08-24T06:42:38.587961Z,behavior_monitor,4,541,363,972,702,519,566,549.12,204.43,473.43,system,NA,0.271,2.83,101.23,0.0,-90.0,0.0,55.45
Negotiation_12,R4,2026-08-24T06:42:39.091402Z,behavior_monitor,4,490,433,972,702,480,566,552.36,132.8,510.96,system,NA,0.194,2.83,117.87,0.0,-90.0,93.15,180.0
Negotiation_12,R4,2026-08-24T06:42:39.599741Z,behavior_monitor,4,461,512,972,702,444,565,545.62,56.08,545.64,system,NA,0.093,2.83,96.13,0.0,-90.0,87.67,180.0
Negotiation_12,R4,2026-08-24T06:42:39.736296Z,shot_hit,4,458,537,972,702,441,565,540.15,32.52,548.79,agent,NA,0.057,2.83,96.13,0.0,-90.0,0.0,-14.76
Negotiation_12,R4,2026-08-24T06:42:39.736980Z,flight_spawn,5,944,-20,972,702,441,565,723.45,771.59,548.79,system,NA,0.516,2.9,133.65,0.0,-90.0,0.0,-14.76
Negotiation_12,R4,2026-08-24T06:42:42.098976Z,human_signal,5,744,321,972,702,594,565,445.13,286.65,402.99,human,your_turn,0.392,2.9,112.18,0.0,-90.0,81.0,0.0
Negotiation_12,R4,2026-08-24T06:42:42.100557Z,behavior_monitor,5,744,321,972,702,594,565,445.13,286.65,402.99,system,NA,0.392,2.9,112.18,0.0,-90.0,76.24,0.0
Negotiation_12,R4,2026-08-24T06:42:42.101024Z,human_signal,5,743,323,972,702,594,565,443.16,284.03,402.99,human,your_turn,0.391,2.9,112.18,0.0,-90.0,76.24,0.0
Negotiation_12,R4,2026-08-24T06:42:42.605040Z,behavior_monitor,5,700,394,972,702,638,564,410.85,180.94,361.26,system,NA,0.306,2.9,132.66,0.0,-90.0,87.67,0.0
Negotiation_12,R4,2026-08-24T06:42:42.672206Z,agent_signal,5,690,405,972,702,644,564,410.27,165.64,355.76,agent,i_can,0.288,2.9,132.66,0.0,-90.0,87.67,0.0
Negotiation_12,R4,2026-08-24T06:42:43.108060Z,behavior_monitor,5,629,444,972,702,627,564,429.59,120.64,372.31,system,NA,0.219,2.9,155.34,0.0,-90.0,87.67,180.0
Negotiation_12,R4,2026-08-24T06:42:43.619238Z,behavior_monitor,5,560,492,972,702,582,564,463.0,75.92,414.16,system,NA,0.141,2.9,129.1,0.0,-90.0,87.67,180.0
Negotiation_12,R4,2026-08-24T06:42:43.986973Z,shot_hit,5,524,546,972,702,547,565,474.63,29.74,446.75,agent,NA,0.059,2.9,105.9,0.0,-90.0,87.67,180.0
Negotiation_12,R4,2026-08-24T06:42:43.987479Z,flight_spawn,6,1290,-20,972,702,547,565,789.62,945.68,446.75,system,NA,0.545,2.83,135.0,0.0,-90.0,87.67,180.0
Negotiation_12,R4,2026-08-24T06:42:46.449394Z,human_signal,6,919,142,1041,584,628,565,458.01,513.43,414.16,human,your_turn,0.529,2.83,170.6,0.0,-90.0,76.24,0.0
Negotiation_12,R4,2026-08-24T06:42:46.451022Z,behavior_monitor,6,919,142,1041,584,628,565,458.01,513.43,414.16,system,NA,0.529,2.83,170.6,0.0,-90.0,76.24,0.0
Negotiation_12,R4,2026-08-24T06:42:46.451500Z,human_signal,6,916,143,1041,584,628,565,458.42,511.26,414.16,human,your_turn,0.527,2.83,170.6,0.0,-90.0,76.24,0.0
Negotiation_12,R4,2026-08-24T06:42:46.956676Z,behavior_monitor,6,838,158,1041,584,672,564,471.58,438.3,369.47,system,NA,0.482,2.83,164.04,0.0,-90.0,87.67,0.0
Negotiation_12,R4,2026-08-24T06:42:47.468430Z,behavior_monitor,6,755,182,1041,584,718,564,493.37,384.57,323.63,system,NA,0.438,2.83,164.04,0.0,-90.0,87.67,0.0
Negotiation_12,R4,2026-08-24T06:42:47.974884Z,behavior_monitor,6,674,208,1041,584,686,564,525.41,356.59,355.93,system,NA,0.404,2.83,159.02,0.0,-90.0,84.76,-178.74
Negotiation_12,R4,2026-08-24T06:42:48.481639Z,behavior_monitor,6,596,241,1041,584,642,564,561.9,326.76,400.17,system,NA,0.368,2.83,138.88,0.0,-90.0,87.67,180.0
Negotiation_12,R4,2026-08-24T06:42:48.991187Z,behavior_monitor,6,530,297,1041,584,597,565,586.42,276.45,444.48,system,NA,0.32,2.83,138.88,0.0,-90.0,87.67,180.0
Negotiation_12,R4,2026-08-24T06:42:49.498224Z,behavior_monitor,6,466,353,1041,584,553,565,620.14,229.33,489.16,system,NA,0.27,2.83,138.88,0.0,-90.0,87.67,180.0
Negotiation_12,R4,2026-08-24T06:42:49.530776Z,agent_signal,6,459,358,1041,584,550,565,624.39,225.67,492.14,agent,i_can,0.265,2.83,138.88,0.0,-90.0,87.67,180.0
Negotiation_12,R4,2026-08-24T06:42:49.999655Z,behavior_monitor,6,399,401,1041,584,508,565,667.29,195.88,533.97,system,NA,0.227,2.83,165.39,0.0,-90.0,93.15,180.0
Negotiation_12,R4,2026-08-24T06:42:50.506392Z,behavior_monitor,6,330,449,1041,584,463,564,724.42,176.13,579.04,system,NA,0.196,2.83,118.43,0.0,-90.0,87.67,180.0
Negotiation_12,R4,2026-08-24T06:42:51.012914Z,behavior_monitor,6,310,529,1039,599,418,565,732.76,113.89,622.24,system,NA,0.135,2.83,97.97,144.12,107.43,93.15,180.0
Negotiation_12,R4,2026-08-24T06:42:51.518858Z,behavior_monitor,6,309,612,1011,665,374,598,703.99,66.23,640.99,system,NA,0.086,2.83,69.31,141.02,114.27,150.04,125.75
Negotiation_12,R4,2026-08-24T06:42:51.840129Z,shot_miss,6,313,668,1006,678,344,639,694.04,42.6,663.52,agent,NA,0.058,2.83,91.12,0.0,90.0,150.04,125.75
Negotiation_12,R4,2026-08-24T06:42:52.024112Z,behavior_monitor,6,312,696,1006,678,329,660,695.01,40.17,677.54,system,NA,0.055,2.83,91.12,0.0,90.0,159.42,125.75
Negotiation_12,R4,2026-08-24T06:42:52.126594Z,shot_miss,6,310,716,1006,678,319,675,698.01,42.5,687.74,agent,NA,0.057,2.83,91.12,0.0,90.0,150.04,125.75
Negotiation_12,R4,2026-08-24T06:42:52.482108Z,shot_miss,6,330,767,1006,678,306,718,682.31,54.73,701.83,agent,NA,0.074,2.83,56.92,0.0,90.0,150.04,54.25
Negotiation_12,R4,2026-08-24T06:42:52.533274Z,behavior_monitor,6,333,772,1006,678,309,722,680.48,55.05,699.1,system,NA,0.075,2.83,56.92,0.0,90.0,159.42,54.25
Negotiation_12,R4,2026-08-24T06:42:53.041654Z,behavior_monitor,6,375,843,1006,678,351,784,653.09,63.41,664.51,system,NA,0.088,2.83,56.92,0.0,90.0,159.42,54.25
Negotiation_12,R4,2026-08-24T06:42:53.549101Z,behavior_monitor,6,406,919,1006,678,383,846,646.79,76.12,645.66,system,NA,0.105,2.83,79.87,0.0,90.0,136.48,89.09
Negotiation_12,R4,2026-08-24T06:42:53.734490Z,flight_missed,6,412,952,1006,678,389,871,654.65,84.3,646.89,system,NA,0.114,2.83,79.87,0.0,90.0,121.76,90.0
Negotiation_12,R4,2026-08-24T06:42:53.735185Z,flight_spawn,7,239,-20,1006,678,389,871,1037.82,904.33,646.89,system,NA,0.466,2.91,46.58,0.0,90.0,121.76,90.0
Negotiation_12,R4,2026-08-24T06:42:56.441096Z,human_signal,7,325,273,928,655,362,624,713.15,353.06,566.03,human,your_turn,0.331,2.91,171.12,0.0,180.0,130.47,-125.75
Negotiation_12,R4,2026-08-24T06:42:56.441817Z,behavior_monitor,7,325,273,928,655,362,624,713.15,353.06,566.03,system,NA,0.331,2.91,171.12,0.0,180.0,130.47,-125.75
Negotiation_12,R4,2026-08-24T06:42:56.442489Z,human_signal,7,322,273,928,655,362,624,715.84,352.99,566.03,human,your_turn,0.33,2.91,171.12,0.0,180.0,130.47,-125.75
Negotiation_12,R4,2026-08-24T06:42:56.896638Z,agent_signal,7,252,310,928,655,322,568,758.38,267.34,611.62,agent,i_can,0.261,2.91,134.33,0.0,180.0,150.04,-125.75
Negotiation_12,R4,2026-08-24T06:42:56.946936Z,behavior_monitor,7,249,314,928,655,318,566,759.6,261.06,616.34,system,NA,0.256,2.91,134.33,0.0,180.0,87.67,180.0
Negotiation_12,R4,2026-08-24T06:42:57.455898Z,behavior_monitor,7,179,365,928,655,273,566,802.37,221.56,660.64,system,NA,0.216,2.91,107.09,0.0,180.0,87.67,180.0
Negotiation_12,R4,2026-08-24T06:42:57.962974Z,behavior_monitor,7,156,444,928,655,228,566,799.32,141.21,704.88,system,NA,0.15,2.91,147.51,0.0,180.0,87.67,180.0
Negotiation_12,R4,2026-08-24T06:42:58.471427Z,behavior_monitor,7,84,495,928,655,184,566,859.1,122.83,749.26,system,NA,0.125,2.91,147.07,0.0,180.0,87.67,180.0
Negotiation_12,R4,2026-08-24T06:42:58.976077Z,behavior_monitor,7,26,542,928,655,139,566,908.14,114.72,793.87,system,NA,0.112,2.16,47.19,0.0,180.0,87.67,180.0
Negotiation_12,R4,2026-08-24T06:42:59.482835Z,behavior_monitor,7,73,585,928,655,94,580,857.84,21.95,836.77,system,NA,0.025,2.16,27.14,0.0,180.0,159.42,125.75
Negotiation_12,R4,2026-08-24T06:42:59.634514Z,shot_hit,7,91,595,919,666,79,591,831.38,12.15,843.17,agent,NA,0.014,2.16,27.14,130.57,126.95,87.67,180.0
Negotiation_12,R4,2026-08-24T06:42:59.635133Z,flight_spawn,8,804,-20,919,666,79,591,696.45,947.63,843.17,system,NA,0.576,2.83,45.0,130.57,126.95,87.67,180.0
Negotiation_12,R4,2026-08-24T06:43:01.870865Z,agent_signal,8,858,310,937,621,189,565,320.88,715.68,749.73,agent,your_turn,0.69,2.83,119.06,0.0,180.0,0.0,0.0
Negotiation_12,R4,2026-08-24T06:43:01.887022Z,behavior_monitor,8,858,310,937,621,189,565,320.88,715.68,749.73,system,NA,0.69,2.83,119.06,0.0,180.0,0.0,0.0
Negotiation_12,R4,2026-08-24T06:43:02.394876Z,behavior_monitor,8,787,356,883,607,220,565,269.37,604.1,665.18,system,NA,0.692,2.83,145.38,129.41,180.0,76.24,0.0
Negotiation_12,R4,2026-08-24T06:43:02.902240Z,behavior_monitor,8,755,428,817,607,259,564,189.83,515.05,560.4,system,NA,0.731,2.83,111.72,129.41,180.0,76.24,0.0
Negotiation_12,R4,2026-08-24T06:43:03.410558Z,behavior_monitor,8,724,507,763,571,298,564,75.17,430.05,464.91,system,NA,0.851,2.83,111.72,133.5,-157.39,76.24,0.0
Negotiation_12,R4,2026-08-24T06:43:03.748351Z,shot_hit,8,702,559,719,561,324,565,17.24,378.25,395.29,human,NA,0.956,2.83,134.47,129.41,180.0,76.24,0.0
Negotiation_12,R4,2026-08-24T06:43:03.749096Z,flight_spawn,9,931,-20,719,561,324,565,618.71,842.97,395.29,system,NA,0.577,2.98,47.77,129.41,180.0,76.24,0.0
Negotiation_12,R4,2026-08-24T06:43:04.832427Z,human_signal,9,959,157,821,586,382,564,450.8,706.29,438.79,human,i_can,0.61,2.98,92.98,129.41,0.0,76.24,0.0
Negotiation_12,R4,2026-08-24T06:43:04.849755Z,behavior_monitor,9,959,157,821,586,384,564,450.8,705.23,437.5,system,NA,0.61,2.98,92.98,129.41,0.0,76.24,0.0
Negotiation_12,R4,2026-08-24T06:43:05.357018Z,behavior_monitor,9,957,246,887,572,422,565,333.82,622.47,464.11,system,NA,0.651,2.98,92.98,130.0,-19.93,72.0,0.0
Negotiation_12,R4,2026-08-24T06:43:05.746364Z,agent_signal,9,956,317,939,551,453,564,234.54,560.64,486.76,agent,your_turn,0.705,2.98,92.98,138.06,-20.98,76.24,0.0
Negotiation_12,R4,2026-08-24T06:43:05.865053Z,behavior_monitor,9,955,335,952,546,462,564,211.19,544.22,490.97,system,NA,0.72,2.98,92.98,136.96,-20.71,76.24,0.0
Negotiation_12,R4,2026-08-24T06:43:06.371988Z,behavior_monitor,9,954,424,972,531,501,563,107.85,473.27,471.42,system,NA,0.814,2.98,92.98,95.54,-130.57,95.34,2.42
Negotiation_12,R4,2026-08-24T06:43:06.723555Z,shot_miss,9,969,482,938,497,529,563,34.3,447.25,414.16,human,NA,0.929,2.98,63.37,139.66,-128.7,73.63,-6.45
Negotiation_12,R4,2026-08-24T06:43:06.874788Z,behavior_monitor,9,977,507,953,490,540,563,29.96,440.85,418.88,system,NA,0.936,2.98,86.27,129.41,0.0,56.49,-8.99
Negotiation_12,R4,2026-08-24T06:43:07.382862Z,behavior_monitor,9,980,596,984,542,579,581,54.33,401.22,407.21,system,NA,0.881,2.98,86.27,129.41,90.0,130.47,54.25
Negotiation_12,R4,2026-08-24T06:43:07.890651Z,behavior_monitor,9,982,685,984,608,617,634,77.25,368.69,367.85,system,NA,0.827,2.98,86.27,129.41,90.0,130.47,54.25
Negotiation_12,R4,2026-08-24T06:43:08.397738Z,behavior_monitor,9,997,770,984,674,657,688,96.55,350.15,327.89,system,NA,0.784,2.98,58.88,129.41,90.0,130.47,54.25
Negotiation_12,R4,2026-08-24T06:43:08.907661Z,behavior_monitor,9,1034,849,984,740,696,741,119.56,354.82,288.5,system,NA,0.748,2.98,67.31,129.41,90.0,130.47,54.25
Negotiation_12,R4,2026-08-24T06:43:09.413709Z,behavior_monitor,9,1073,929,1038,758,735,797,174.86,363.78,305.47,system,NA,0.675,2.98,65.89,135.83,-17.69,130.47,54.25
Negotiation_12,R4,2026-08-24T06:43:09.548192Z,flight_missed,9,1082,954,1053,751,746,813,204.52,363.99,312.75,system,NA,0.64,2.98,65.89,41.1,-90.0,130.47,54.25
Negotiation_12,R4,2026-08-24T06:43:09.548914Z,flight_spawn,10,218,-20,1053,751,746,813,1137.01,986.63,312.75,system,NA,0.465,2.87,134.23,41.1,-90.0,130.47,54.25
Negotiation_12,R4,2026-08-24T06:43:10.578829Z,human_signal,10,129,122,985,688,697,744,1026.11,842.63,293.06,human,your_turn,0.451,2.87,112.98,0.0,180.0,123.22,-125.75
Negotiation_12,R4,2026-08-24T06:43:10.579521Z,behavior_monitor,10,129,122,985,688,697,744,1026.11,842.63,293.06,system,NA,0.451,2.87,112.98,0.0,180.0,130.47,-125.75
Negotiation_12,R4,2026-08-24T06:43:10.579997Z,human_signal,10,128,125,985,688,697,744,1025.3,841.2,293.06,human,your_turn,0.451,2.87,112.98,0.0,180.0,130.47,-125.75
Negotiation_12,R4,2026-08-24T06:43:11.086217Z,behavior_monitor,10,98,201,985,688,652,682,1011.64,733.86,332.42,system,NA,0.42,2.87,112.98,0.0,180.0,150.04,-125.75
Negotiation_12,R4,2026-08-24T06:43:11.592165Z,behavior_monitor,10,80,283,985,688,608,620,991.31,626.07,383.16,system,NA,0.387,2.87,84.38,0.0,180.0,150.04,-125.75
Negotiation_12,R4,2026-08-24T06:43:11.898402Z,agent_signal,10,60,326,985,688,581,583,993.25,581.09,417.2,agent,i_can,0.369,2.87,173.69,0.0,180.0,150.04,-125.75
Negotiation_12,R4,2026-08-24T06:43:12.102576Z,behavior_monitor,10,28,329,985,688,563,566,1021.2,584.72,438.82,system,NA,0.364,2.87,173.69,0.0,180.0,87.67,180.0
Negotiation_12,R4,2026-08-24T06:43:12.608162Z,behavior_monitor,10,62,349,985,688,518,566,983.47,505.52,482.38,system,NA,0.34,1.74,32.11,0.0,180.0,87.67,180.0
Negotiation_12,R4,2026-08-24T06:43:13.117558Z,behavior_monitor,10,108,371,985,688,473,567,932.99,414.79,525.93,system,NA,0.308,1.74,17.76,42.05,90.0,87.67,180.0
Negotiation_12,R4,2026-08-24T06:43:13.626485Z,behavior_monitor,10,155,386,968,750,428,565,890.8,326.24,570.91,system,NA,0.268,1.74,17.76,142.56,126.26,87.67,180.0
Negotiation_12,R4,2026-08-24T06:43:14.143165Z,behavior_monitor,10,200,412,921,808,382,565,821.59,237.47,590.59,system,NA,0.224,1.74,12.81,141.66,130.23,87.67,180.0
Negotiation_12,R4,2026-08-24T06:43:14.650917Z,behavior_monitor,10,249,428,873,836,338,565,745.92,163.64,599.88,system,NA,0.18,1.74,37.41,0.0,180.0,87.67,180.0
Negotiation_12,R4,2026-08-24T06:43:15.158337Z,behavior_monitor,10,292,456,873,836,293,565,694.04,109.13,640.41,system,NA,0.136,1.74,10.13,0.0,180.0,87.67,180.0
Negotiation_12,R4,2026-08-24T06:43:15.667009Z,behavior_monitor,10,325,493,872,839,301,564,647.22,75.11,633.57,system,NA,0.104,1.74,33.87,90.62,119.73,0.0,0.0
Negotiation_12,R4,2026-08-24T06:43:16.058218Z,shot_miss,10,356,522,847,856,331,564,593.75,48.9,592.81,agent,NA,0.076,1.74,26.02,0.0,180.0,87.67,0.0
Negotiation_12,R4,2026-08-24T06:43:16.176915Z,behavior_monitor,10,365,527,847,856,340,564,583.76,45.03,585.14,system,NA,0.072,1.74,26.02,0.0,180.0,87.67,0.0
Negotiation_12,R4,2026-08-24T06:43:16.279904Z,shot_miss,10,377,532,847,856,350,564,570.38,41.77,575.91,agent,NA,0.068,1.74,26.02,0.0,180.0,87.67,0.0
Negotiation_12,R4,2026-08-24T06:43:16.548565Z,shot_hit,10,401,549,857,856,374,564,550.34,30.55,564.53,agent,NA,0.053,1.74,54.29,129.41,0.0,87.67,0.0
Negotiation_12,R4,2026-08-24T06:43:16.549531Z,flight_spawn,11,711,-20,857,856,374,564,888.93,674.83,564.53,system,NA,0.432,2.83,135.0,129.41,0.0,87.67,0.0
Negotiation_12,R4,2026-08-24T06:43:18.581009Z,human_signal,11,547,245,813,779,502,564,596.61,322.37,378.21,human,your_turn,0.351,2.83,112.08,0.0,136.91,76.24,0.0
Negotiation_12,R4,2026-08-24T06:43:18.581463Z,behavior_monitor,11,547,245,813,779,502,564,596.61,322.37,378.21,system,NA,0.351,2.83,112.08,0.0,136.91,76.24,0.0
Negotiation_12,R4,2026-08-24T06:43:18.581845Z,human_signal,11,547,248,813,779,502,564,594.49,319.71,378.21,human,your_turn,0.35,2.83,112.08,0.0,136.91,76.24,0.0
Negotiation_12,R4,2026-08-24T06:43:19.090643Z,behavior_monitor,11,513,321,813,779,496,565,547.9,244.21,382.31,system,NA,0.308,2.83,120.1,0.0,136.91,0.0,180.0
Negotiation_12,R4,2026-08-24T06:43:19.344759Z,agent_signal,11,489,360,813,779,474,565,529.62,205.36,400.42,agent,i_can,0.279,2.83,120.1,0.0,136.91,87.67,180.0
Negotiation_12,R4,2026-08-24T06:43:19.597524Z,behavior_monitor,11,481,398,813,779,463,565,505.5,168.19,410.54,system,NA,0.25,2.83,91.99,0.0,136.91,0.0,180.0
Negotiation_12,R4,2026-08-24T06:43:20.105954Z,behavior_monitor,11,507,476,812,802,484,565,446.54,92.46,404.83,system,NA,0.172,2.83,62.69,133.5,104.23,0.0,0.0
Negotiation_12,R4,2026-08-24T06:43:20.595769Z,shot_hit,11,547,551,811,833,522,565,386.55,28.6,394.16,agent,NA,0.069,2.83,62.69,0.0,90.0,93.15,0.0
Negotiation_12,R4,2026-08-24T06:43:20.596319Z,flight_spawn,12,672,-20,811,833,522,565,864.68,604.7,394.16,system,NA,0.412,2.83,45.0,0.0,90.0,93.15,0.0
Negotiation_12,R4,2026-08-24T06:43:23.068228Z,human_signal,12,1007,184,992,700,673,565,515.43,506.51,346.88,human,i_can,0.496,2.83,12.59,140.33,-43.39,76.24,0.0
Negotiation_12,R4,2026-08-24T06:43:23.085224Z,behavior_monitor,12,1007,184,992,700,674,565,515.43,505.66,345.68,system,NA,0.495,2.83,12.59,140.53,-43.31,76.24,0.0
Negotiation_12,R4,2026-08-24T06:43:23.594262Z,behavior_monitor,12,1094,204,1045,651,713,565,449.61,524.11,343.41,system,NA,0.538,2.83,17.04,140.56,-39.0,76.24,0.0
Negotiation_12,R4,2026-08-24T06:43:24.101257Z,behavior_monitor,12,1174,229,1102,608,752,565,385.22,539.29,353.13,system,NA,0.583,2.83,44.97,140.72,-36.97,76.24,0.0
Negotiation_12,R4,2026-08-24T06:43:24.606477Z,behavior_monitor,12,1236,289,1167,582,790,565,300.73,523.38,376.73,system,NA,0.635,2.83,44.97,134.76,-16.21,71.89,6.84
Negotiation_12,R4,2026-08-24T06:43:24.759386Z,agent_signal,12,1255,309,1189,576,802,565,274.57,520.21,386.81,agent,your_turn,0.655,2.83,44.97,134.76,-16.21,76.24,0.0
Negotiation_12,R4,2026-08-24T06:43:25.113561Z,behavior_monitor,12,1277,360,1233,563,829,564,207.47,492.0,403.38,system,NA,0.703,2.83,91.71,143.35,-16.44,81.0,0.0
Negotiation_12,R4,2026-08-24T06:43:25.621284Z,behavior_monitor,12,1259,441,1275,519,868,565,80.6,410.65,410.24,system,NA,0.836,2.83,118.43,129.41,-90.0,76.24,0.0
Negotiation_12,R4,2026-08-24T06:43:25.958543Z,shot_hit,12,1230,490,1248,491,893,565,17.74,344.78,361.87,human,NA,0.951,2.83,118.43,137.5,180.0,81.0,0.0
Negotiation_12,R4,2026-08-24T06:43:25.959134Z,flight_spawn,13,1018,-20,1248,491,893,565,560.81,598.35,361.87,system,NA,0.516,3.41,54.09,137.5,180.0,81.0,0.0
Negotiation_12,R4,2026-08-24T06:43:28.007467Z,human_signal,13,1294,280,1302,461,1026,565,180.89,391.27,294.89,human,i_can,0.684,3.41,51.53,58.75,-90.0,76.24,0.0
Negotiation_12,R4,2026-08-24T06:43:28.024660Z,behavior_monitor,13,1294,280,1302,461,1027,565,180.89,390.38,293.68,system,NA,0.683,3.41,51.53,59.2,-90.0,76.24,0.0
Negotiation_12,R4,2026-08-24T06:43:28.194426Z,agent_signal,13,1316,309,1311,445,1040,565,135.94,376.3,296.4,agent,your_turn,0.735,3.41,51.53,134.28,-43.27,76.24,0.0
Negotiation_12,R4,2026-08-24T06:43:28.531321Z,behavior_monitor,13,1339,368,1348,419,1066,564,51.72,336.35,317.28,system,NA,0.867,3.41,79.85,140.62,-33.9,76.24,0.0
Negotiation_12,R4,2026-08-24T06:43:28.716354Z,shot_hit,13,1337,405,1351,404,1080,565,14.47,302.04,314.85,human,NA,0.954,3.41,108.4,138.79,-146.13,76.24,0.0
Negotiation_12,R4,2026-08-24T06:43:28.716886Z,flight_spawn,14,831,-20,1351,404,1080,565,670.85,635.95,314.85,system,NA,0.487,3.18,51.02,138.79,-146.13,76.24,0.0
Negotiation_12,R4,2026-08-24T06:43:29.818273Z,human_signal,14,938,148,1295,538,1018,565,529.15,424.58,278.41,human,your_turn,0.445,3.18,24.57,135.77,107.61,76.24,180.0
Negotiation_12,R4,2026-08-24T06:43:29.819226Z,behavior_monitor,14,938,148,1295,538,1018,565,529.15,424.58,278.41,system,NA,0.445,3.18,24.57,135.77,107.61,76.24,180.0
Negotiation_12,R4,2026-08-24T06:43:29.819699Z,human_signal,14,940,149,1295,540,1018,565,527.64,422.81,277.51,human,your_turn,0.445,3.18,24.57,135.77,107.61,76.24,180.0
Negotiation_12,R4,2026-08-24T06:43:30.323908Z,behavior_monitor,14,1023,187,1256,578,993,564,454.45,378.18,262.94,system,NA,0.454,3.18,24.57,101.05,180.0,87.67,0.0
Negotiation_12,R4,2026-08-24T06:43:30.831387Z,behavior_monitor,14,1075,256,1254,553,1037,564,346.64,310.36,216.88,system,NA,0.472,3.18,55.42,129.41,-90.0,87.67,0.0
Negotiation_12,R4,2026-08-24T06:43:30.914386Z,human_signal,14,1088,270,1254,540,1044,565,317.31,298.06,210.94,human,i_can,0.484,3.18,28.83,129.41,-90.0,87.67,0.0
Negotiation_12,R4,2026-08-24T06:43:31.338306Z,behavior_monitor,14,1144,320,1249,509,1077,565,215.9,253.17,180.52,system,NA,0.54,3.18,32.94,133.33,-121.94,76.24,0.0
Negotiation_12,R4,2026-08-24T06:43:31.848252Z,behavior_monitor,14,1219,382,1229,447,1116,565,66.37,210.34,162.9,system,NA,0.76,3.18,38.52,129.41,-90.0,76.24,0.0
Negotiation_12,R4,2026-08-24T06:43:31.849281Z,agent_signal,14,1222,384,1229,445,1116,565,61.91,209.86,164.5,agent,your_turn,0.772,3.18,38.52,129.41,-90.0,76.24,0.0
Negotiation_12,R4,2026-08-24T06:43:32.066686Z,shot_hit,14,1252,407,1240,421,1133,565,17.82,197.71,179.96,human,NA,0.917,3.18,38.52,141.88,-45.44,76.24,0.0
Negotiation_12,R4,2026-08-24T06:43:32.067271Z,flight_spawn,15,1282,-20,1240,421,1133,565,443.16,604.25,179.96,system,NA,0.577,2.96,47.56,141.88,-45.44,76.24,0.0
Negotiation_12,R4,2026-08-24T06:43:32.962500Z,human_signal,15,1275,130,1313,455,1179,565,326.55,445.32,173.18,human,i_can,0.577,2.96,93.41,0.0,0.0,76.24,0.0
Negotiation_12,R4,2026-08-24T06:43:32.979193Z,behavior_monitor,15,1275,130,1313,455,1180,565,326.55,445.05,172.18,system,NA,0.577,2.96,93.41,0.0,0.0,76.24,0.0
Negotiation_12,R4,2026-08-24T06:43:33.487647Z,behavior_monitor,15,1274,218,1258,420,1219,565,203.17,351.14,149.41,system,NA,0.633,2.96,97.31,85.46,-129.89,76.24,0.0
Negotiation_12,R4,2026-08-24T06:43:33.997850Z,behavior_monitor,15,1284,304,1249,408,1258,565,109.65,262.33,157.36,system,NA,0.705,2.96,71.36,0.0,-90.0,76.24,0.0
Negotiation_12,R4,2026-08-24T06:43:34.048738Z,agent_signal,15,1289,315,1252,407,1262,565,99.06,251.21,158.15,agent,your_turn,0.717,2.96,71.36,34.07,0.0,76.24,0.0
Negotiation_12,R4,2026-08-24T06:43:34.506305Z,shot_hit,15,1322,382,1305,379,1297,565,16.85,184.18,185.96,human,NA,0.916,2.96,77.33,137.72,-20.01,76.24,0.0
Negotiation_12,R4,2026-08-24T06:43:34.506885Z,flight_spawn,16,726,-20,1305,379,1297,565,703.71,817.8,185.96,system,NA,0.537,2.89,46.21,137.72,-20.01,76.24,0.0
Negotiation_12,R4,2026-08-24T06:43:36.537923Z,human_signal,16,996,152,1105,420,1171,566,289.19,448.89,159.77,human,i_can,0.608,2.89,5.62,129.68,-120.66,76.24,180.0
Negotiation_12,R4,2026-08-24T06:43:36.554948Z,behavior_monitor,16,996,152,1105,420,1169,566,289.19,448.39,159.24,system,NA,0.608,2.89,5.62,129.41,-90.0,76.24,180.0
Negotiation_12,R4,2026-08-24T06:43:37.063625Z,behavior_monitor,16,1080,161,1155,385,1130,566,236.33,408.18,182.78,system,NA,0.633,2.89,5.62,129.41,0.0,76.24,180.0
Negotiation_12,R4,2026-08-24T06:43:37.572606Z,behavior_monitor,16,1167,169,1221,385,1126,566,222.17,398.93,204.51,system,NA,0.642,2.89,5.62,129.41,0.0,76.24,0.0
Negotiation_12,R4,2026-08-24T06:43:38.081831Z,behavior_monitor,16,1236,216,1287,385,1166,566,176.75,356.98,217.93,system,NA,0.669,2.89,73.24,129.41,0.0,76.24,0.0
Negotiation_12,R4,2026-08-24T06:43:38.589137Z,behavior_monitor,16,1263,299,1278,372,1204,566,74.87,273.53,207.81,system,NA,0.785,2.89,102.96,137.91,-150.51,76.24,0.0
Negotiation_12,R4,2026-08-24T06:43:38.639240Z,agent_signal,16,1260,310,1275,367,1208,566,58.88,261.24,209.67,agent,your_turn,0.816,2.89,102.96,68.64,-90.0,76.24,0.0
Negotiation_12,R4,2026-08-24T06:43:38.978846Z,shot_hit,16,1243,360,1261,367,1226,566,19.5,206.58,202.23,human,NA,0.914,2.89,123.05,129.41,180.0,0.0,0.0
Negotiation_12,R4,2026-08-24T06:43:38.979276Z,flight_spawn,17,856,-20,1261,367,1226,566,560.44,693.11,202.23,system,NA,0.553,3.3,127.25,129.41,180.0,0.0,0.0
Negotiation_12,R4,2026-08-24T06:43:40.859115Z,agent_signal,17,704,310,1032,424,1102,565,347.45,473.0,157.48,agent,your_turn,0.577,3.3,128.57,129.41,180.0,76.24,180.0
Negotiation_12,R4,2026-08-24T06:43:40.875314Z,behavior_monitor,17,704,310,1032,424,1101,565,347.45,471.91,156.91,system,NA,0.576,3.3,128.57,129.41,180.0,76.24,180.0
Negotiation_12,R4,2026-08-24T06:43:41.381875Z,behavior_monitor,17,620,343,968,444,1062,565,362.97,495.39,153.7,system,NA,0.577,3.3,179.73,136.44,153.3,76.24,180.0
Negotiation_12,R4,2026-08-24T06:43:41.889183Z,behavior_monitor,17,527,366,903,468,1022,566,389.68,533.82,153.89,system,NA,0.578,3.3,176.07,144.76,161.04,81.0,180.0
Negotiation_12,R4,2026-08-24T06:43:42.397020Z,behavior_monitor,17,443,418,838,493,984,566,401.52,560.44,163.4,system,NA,0.583,3.3,126.65,138.32,157.37,76.24,180.0
Negotiation_12,R4,2026-08-24T06:43:42.901368Z,behavior_monitor,17,418,504,773,521,945,566,355.95,530.94,177.64,system,NA,0.599,3.3,50.11,137.94,156.36,76.24,180.0
Negotiation_12,R4,2026-08-24T06:43:43.404732Z,behavior_monitor,17,437,599,712,555,906,582,278.07,468.72,195.72,system,NA,0.628,3.3,79.64,139.08,141.85,130.47,125.75
Negotiation_12,R4,2026-08-24T06:43:43.913308Z,behavior_monitor,17,405,690,660,603,867,636,269.53,465.3,209.59,system,NA,0.633,3.3,106.8,131.37,136.41,123.22,125.75
Negotiation_12,R4,2026-08-24T06:43:44.421206Z,behavior_monitor,17,393,786,608,652,828,690,253.73,445.39,222.89,system,NA,0.637,3.3,110.48,139.81,139.22,130.47,125.75
Negotiation_12,R4,2026-08-24T06:43:44.932202Z,behavior_monitor,17,382,882,543,664,789,744,271.15,429.56,258.46,system,NA,0.613,3.3,85.08,129.41,180.0,130.47,125.75
Negotiation_12,R4,2026-08-24T06:43:45.304483Z,flight_missed,17,366,952,494,655,760,785,324.1,427.52,296.06,system,NA,0.569,3.3,104.54,137.26,-148.3,130.47,125.75
Negotiation_12,R4,2026-08-24T06:43:45.305345Z,flight_spawn,18,751,-20,494,655,760,785,722.25,805.68,296.06,system,NA,0.527,3.2,128.73,137.26,-148.3,130.47,125.75
Negotiation_12,R4,2026-08-24T06:43:47.205222Z,human_signal,18,509,238,452,514,641,622,281.9,406.75,218.03,human,i_can,0.591,3.2,132.03,142.24,-137.75,136.88,-143.22
Negotiation_12,R4,2026-08-24T06:43:47.221436Z,behavior_monitor,18,509,238,452,514,640,621,281.9,404.63,216.01,system,NA,0.589,3.2,132.03,135.61,-137.99,130.47,-125.75
Negotiation_12,R4,2026-08-24T06:43:47.730908Z,behavior_monitor,18,462,317,426,462,601,567,149.15,286.04,204.43,system,NA,0.657,3.2,129.55,89.28,-90.0,130.47,-125.75
Negotiation_12,R4,2026-08-24T06:43:48.235764Z,behavior_monitor,18,399,391,425,408,562,565,30.94,238.69,208.83,system,NA,0.885,3.2,129.55,135.53,-147.94,81.0,180.0
Negotiation_12,R4,2026-08-24T06:43:48.237401Z,agent_signal,18,397,394,423,407,562,565,29.14,238.16,210.9,agent,your_turn,0.891,3.2,129.55,135.53,-147.94,81.0,180.0
Negotiation_12,R4,2026-08-24T06:43:48.285859Z,shot_hit,18,392,398,419,405,558,565,27.34,235.42,212.73,human,NA,0.896,3.2,129.55,141.97,-155.72,76.24,180.0
Negotiation_12,R4,2026-08-24T06:43:48.286356Z,flight_spawn,19,1357,-20,419,405,558,565,1030.67,990.88,212.73,system,NA,0.49,3.59,123.83,141.97,-155.72,76.24,180.0
Negotiation_12,R4,2026-08-24T06:43:49.111221Z,human_signal,19,1222,81,364,434,603,565,927.33,785.54,272.08,human,your_turn,0.459,3.59,166.71,0.0,0.0,76.24,0.0
Negotiation_12,R4,2026-08-24T06:43:49.111832Z,behavior_monitor,19,1222,81,364,434,603,565,927.33,785.54,272.08,system,NA,0.459,3.59,166.71,0.0,0.0,76.24,0.0
Negotiation_12,R4,2026-08-24T06:43:49.112185Z,human_signal,19,1218,82,364,434,603,565,923.94,782.41,272.08,human,your_turn,0.459,3.59,166.71,0.0,0.0,76.24,0.0
Negotiation_12,R4,2026-08-24T06:43:49.615254Z,behavior_monitor,19,1114,106,394,434,647,565,792.01,655.15,285.23,system,NA,0.453,3.59,166.67,122.22,0.0,82.8,0.0
Negotiation_12,R4,2026-08-24T06:43:50.124910Z,behavior_monitor,19,1005,128,422,434,692,566,658.78,538.72,299.72,system,NA,0.45,3.59,169.14,0.0,0.0,87.67,0.0
Negotiation_12,R4,2026-08-24T06:43:50.629241Z,behavior_monitor,19,906,164,422,434,736,566,554.37,436.1,340.13,system,NA,0.44,3.59,147.72,0.0,0.0,93.15,0.0
Negotiation_12,R4,2026-08-24T06:43:51.131651Z,behavior_monitor,19,814,222,427,434,780,566,441.63,345.38,377.3,system,NA,0.439,3.59,147.72,129.41,0.0,87.67,0.0
Negotiation_12,R4,2026-08-24T06:43:51.639949Z,behavior_monitor,19,727,279,470,436,744,565,301.53,286.51,303.18,system,NA,0.487,3.59,161.99,0.0,23.22,87.67,180.0
Negotiation_12,R4,2026-08-24T06:43:51.825952Z,human_signal,19,686,292,478,436,728,565,252.78,275.95,281.58,human,i_can,0.522,3.59,161.99,126.99,0.0,87.67,180.0
Negotiation_12,R4,2026-08-24T06:43:51.996605Z,agent_signal,19,654,310,500,436,715,565,199.02,262.26,251.01,agent,your_turn,0.569,3.59,137.51,129.41,0.0,76.24,180.0
Negotiation_12,R4,2026-08-24T06:43:52.149716Z,behavior_monitor,19,640,335,517,428,703,565,154.23,238.38,231.36,system,NA,0.607,3.59,114.77,140.75,-31.21,76.24,180.0
Negotiation_12,R4,2026-08-24T06:43:52.607486Z,shot_miss,19,601,420,573,404,668,565,32.94,159.33,187.24,human,NA,0.829,3.59,135.1,129.41,0.0,76.24,180.0
Negotiation_12,R4,2026-08-24T06:43:52.659040Z,behavior_monitor,19,593,428,579,406,664,565,26.27,154.22,180.39,system,NA,0.854,3.59,135.1,140.88,24.44,76.24,180.0
Negotiation_12,R4,2026-08-24T06:43:53.166871Z,behavior_monitor,19,514,496,560,457,625,565,59.89,130.95,126.25,system,NA,0.686,3.59,155.82,146.18,160.16,81.0,180.0
Negotiation_12,R4,2026-08-24T06:43:53.675476Z,behavior_monitor,19,414,540,494,467,587,565,108.35,175.0,135.2,system,NA,0.618,3.59,155.82,122.22,180.0,72.0,180.0
Negotiation_12,R4,2026-08-24T06:43:54.177271Z,behavior_monitor,19,333,603,428,467,548,583,166.1,216.04,167.79,system,NA,0.565,3.59,136.94,129.41,180.0,130.47,125.75
Negotiation_12,R4,2026-08-24T06:43:54.686137Z,behavior_monitor,19,257,677,400,467,509,637,254.43,255.21,201.87,system,NA,0.501,3.59,136.94,0.0,180.0,130.47,125.75
Negotiation_12,R4,2026-08-24T06:43:55.197120Z,behavior_monitor,19,165,734,446,441,470,690,406.1,307.55,250.88,system,NA,0.431,3.59,108.89,111.19,-47.97,130.47,125.75
Negotiation_12,R4,2026-08-24T06:43:55.704744Z,behavior_monitor,19,167,840,448,439,431,745,490.51,281.32,306.24,system,NA,0.364,3.59,85.02,0.0,-37.48,130.47,125.75
Negotiation_12,R4,2026-08-24T06:43:56.209350Z,behavior_monitor,19,167,947,448,439,392,799,580.35,269.22,364.11,system,NA,0.317,3.59,91.78,0.0,-37.48,130.47,125.75
Negotiation_12,R4,2026-08-24T06:43:56.227060Z,flight_missed,19,168,954,448,439,390,802,586.45,268.97,367.78,system,NA,0.314,3.59,91.78,0.0,-37.48,130.47,125.75
Negotiation_12,R4,2026-08-24T06:43:56.227482Z,flight_spawn,20,594,-20,448,439,390,802,481.99,847.51,367.78,system,NA,0.637,2.83,45.0,0.0,-37.48,130.47,125.75
Negotiation_12,R4,2026-08-24T06:43:58.561372Z,agent_signal,20,744,307,647,489,543,587,206.24,344.49,142.69,agent,your_turn,0.626,2.83,9.38,129.41,0.0,130.47,-54.25
Negotiation_12,R4,2026-08-24T06:43:58.577933Z,behavior_monitor,20,744,307,647,489,544,585,206.24,342.27,140.52,system,NA,0.624,2.83,9.38,129.41,0.0,130.47,-54.25
Negotiation_12,R4,2026-08-24T06:43:59.083195Z,behavior_monitor,20,819,344,713,489,583,566,179.4,323.46,150.79,system,NA,0.643,2.83,43.01,129.41,0.0,76.24,0.0
Negotiation_12,R4,2026-08-24T06:43:59.454924Z,human_signal,20,873,372,763,492,612,566,162.29,325.02,168.62,human,i_can,0.667,2.83,15.92,132.27,18.81,76.24,0.0
Negotiation_12,R4,2026-08-24T06:43:59.591242Z,behavior_monitor,20,893,376,777,499,622,566,168.75,330.81,169.0,system,NA,0.662,2.83,12.22,131.91,30.13,76.24,0.0
Negotiation_12,R4,2026-08-24T06:44:00.096298Z,behavior_monitor,20,980,394,834,535,661,566,202.4,361.3,175.47,system,NA,0.641,2.83,12.56,140.7,33.04,81.0,0.0
Negotiation_12,R4,2026-08-24T06:44:00.603406Z,behavior_monitor,20,1059,411,891,572,700,566,232.83,391.01,190.75,system,NA,0.627,2.83,12.02,132.53,29.94,76.24,0.0
Negotiation_12,R4,2026-08-24T06:44:01.114376Z,behavior_monitor,20,1142,432,955,586,739,566,242.26,424.04,216.54,system,NA,0.636,2.83,17.61,129.41,0.0,76.24,0.0
Negotiation_12,R4,2026-08-24T06:44:01.622627Z,behavior_monitor,20,1193,492,1020,595,778,566,201.0,420.81,243.54,system,NA,0.677,2.83,64.28,133.75,26.6,76.24,0.0
Negotiation_12,R4,2026-08-24T06:44:02.131248Z,behavior_monitor,20,1201,573,1077,633,816,567,137.0,384.1,268.72,system,NA,0.737,2.83,94.2,142.39,32.51,138.63,54.25
Negotiation_12,R4,2026-08-24T06:44:02.638414Z,behavior_monitor,20,1193,658,1137,666,855,621,56.96,340.01,285.1,system,NA,0.857,2.83,94.2,126.75,27.49,123.22,54.25
Negotiation_12,R4,2026-08-24T06:44:02.875201Z,shot_miss,20,1191,697,1165,681,873,646,30.57,321.42,293.49,human,NA,0.913,2.83,94.2,133.05,32.18,111.05,47.93
Negotiation_12,R4,2026-08-24T06:44:03.144459Z,behavior_monitor,20,1188,743,1192,704,894,675,38.44,301.33,298.87,system,NA,0.887,2.83,94.2,128.45,51.11,130.47,54.25
Negotiation_12,R4,2026-08-24T06:44:03.650085Z,shot_miss,20,1176,827,1188,768,933,729,59.97,262.33,258.4,human,NA,0.814,2.83,94.2,133.57,104.35,130.47,54.25
Negotiation_12,R4,2026-08-24T06:44:03.650708Z,behavior_monitor,20,1176,827,1188,768,933,729,59.97,262.33,258.4,system,NA,0.814,2.83,94.2,133.57,104.35,130.47,54.25
Negotiation_12,R4,2026-08-24T06:44:04.159234Z,behavior_monitor,20,1225,890,1172,816,972,782,91.47,275.25,202.49,system,NA,0.751,2.83,19.07,138.99,-144.96,130.47,54.25
Negotiation_12,R4,2026-08-24T06:44:05.007302Z,flight_missed,20,1357,952,1155,707,1039,874,316.96,327.91,203.14,system,NA,0.508,2.83,28.72,129.41,-90.0,130.47,54.25
Negotiation_12,R5,2026-08-24T06:45:23.892116Z,flight_spawn,1,816,-20,1155,707,1039,874,803.01,921.5,203.14,system,NA,0.534,2.93,133.03,0.0,-90.0,0.0,54.25
Negotiation_12,R5,2026-08-24T06:45:28.760236Z,human_signal,1,914,237,1036,584,485,589,367.95,555.85,551.46,human,i_can,0.602,2.93,13.54,129.41,-90.0,130.47,-54.25
Negotiation_12,R5,2026-08-24T06:45:28.775708Z,behavior_monitor,1,914,237,1036,584,486,587,367.95,553.71,550.15,system,NA,0.601,2.93,13.54,137.5,-90.0,138.63,-54.25
Negotiation_12,R5,2026-08-24T06:45:29.282283Z,behavior_monitor,1,988,282,1046,518,525,566,243.76,543.44,523.57,system,NA,0.69,2.93,41.07,146.33,-64.37,81.0,0.0
Negotiation_12,R5,2026-08-24T06:45:29.794907Z,behavior_monitor,1,1067,312,1097,479,564,566,169.66,563.79,540.83,system,NA,0.769,2.93,34.97,59.39,-90.0,76.24,0.0
Negotiation_12,R5,2026-08-24T06:45:29.812151Z,agent_signal,1,1071,316,1097,477,565,566,163.54,565.01,539.9,agent,your_turn,0.776,2.93,34.97,61.83,-90.0,76.24,0.0
Negotiation_12,R5,2026-08-24T06:45:30.303041Z,behavior_monitor,1,1137,363,1142,437,602,566,74.72,571.93,554.38,system,NA,0.884,2.93,34.97,140.03,-32.03,76.24,0.0
Negotiation_12,R5,2026-08-24T06:45:30.626081Z,shot_hit,1,1167,407,1157,402,627,566,11.24,563.37,555.39,human,NA,0.98,2.93,58.3,147.4,-46.18,76.24,0.0
Negotiation_12,R5,2026-08-24T06:45:30.627112Z,flight_spawn,2,348,-20,1157,402,627,566,912.57,649.65,555.39,system,NA,0.416,3.44,54.4,147.4,-46.18,76.24,0.0
Negotiation_12,R5,2026-08-24T06:45:31.451252Z,human_signal,2,408,132,1185,486,584,566,854.0,468.39,606.14,human,your_turn,0.354,3.44,80.72,139.95,114.4,76.24,180.0
Negotiation_12,R5,2026-08-24T06:45:31.452235Z,behavior_monitor,2,408,132,1185,486,584,566,854.0,468.39,606.14,system,NA,0.354,3.44,80.72,139.95,114.4,76.24,180.0
Negotiation_12,R5,2026-08-24T06:45:31.452646Z,human_signal,2,408,136,1184,488,584,566,851.52,465.0,604.41,human,your_turn,0.353,3.44,80.72,139.95,114.4,76.24,180.0
Negotiation_12,R5,2026-08-24T06:45:31.957069Z,behavior_monitor,2,390,223,1128,515,540,566,793.88,374.25,590.46,system,NA,0.32,3.44,110.95,0.0,180.0,87.67,180.0
Negotiation_12,R5,2026-08-24T06:45:32.397037Z,agent_signal,2,353,310,1103,515,501,565,777.41,295.42,604.34,agent,i_can,0.275,3.44,110.95,129.41,180.0,87.67,180.0
Negotiation_12,R5,2026-08-24T06:45:32.465083Z,behavior_monitor,2,350,319,1096,515,495,565,771.3,285.33,603.98,system,NA,0.27,3.44,110.95,129.41,180.0,87.67,180.0
Negotiation_12,R5,2026-08-24T06:45:32.969618Z,behavior_monitor,2,314,416,1030,515,450,565,723.64,202.03,583.0,system,NA,0.218,3.44,111.27,137.5,180.0,93.15,180.0
Negotiation_12,R5,2026-08-24T06:45:33.479742Z,behavior_monitor,2,269,508,1017,515,405,566,747.96,148.06,613.82,system,NA,0.165,3.44,134.13,0.0,180.0,87.67,180.0
Negotiation_12,R5,2026-08-24T06:45:33.986601Z,behavior_monitor,2,281,607,1017,546,359,588,738.09,80.77,658.46,system,NA,0.099,3.44,77.99,0.0,90.0,150.04,125.75
Negotiation_12,R5,2026-08-24T06:45:34.491747Z,behavior_monitor,2,306,708,1017,546,315,649,729.21,59.4,709.23,system,NA,0.075,3.44,77.99,0.0,90.0,150.04,125.75
Negotiation_12,R5,2026-08-24T06:45:34.998337Z,behavior_monitor,2,321,808,1017,546,299,711,743.6,99.0,736.16,system,NA,0.117,3.44,99.85,0.0,90.0,121.76,90.0
Negotiation_12,R5,2026-08-24T06:45:35.501929Z,behavior_monitor,2,337,907,1017,540,317,773,772.75,136.08,737.43,system,NA,0.15,3.44,96.9,129.41,-90.0,121.76,90.0
Negotiation_12,R5,2026-08-24T06:45:35.723083Z,flight_missed,2,335,955,1018,510,316,802,814.57,153.68,760.41,system,NA,0.159,3.44,74.97,127.48,-90.0,121.76,90.0
Negotiation_12,R5,2026-08-24T06:45:35.723659Z,flight_spawn,3,157,-20,1018,510,316,802,1010.54,837.65,760.41,system,NA,0.453,3.38,126.22,127.48,-90.0,121.76,90.0
Negotiation_12,R5,2026-08-24T06:45:37.624262Z,human_signal,3,109,167,1018,507,197,636,969.8,476.9,831.31,human,your_turn,0.33,2.22,66.84,0.0,-90.0,123.22,-125.75
Negotiation_12,R5,2026-08-24T06:45:37.625235Z,behavior_monitor,3,109,167,1018,507,197,636,969.8,476.9,831.31,system,NA,0.33,2.22,66.84,0.0,-90.0,130.47,-125.75
Negotiation_12,R5,2026-08-24T06:45:37.625664Z,human_signal,3,109,169,1018,507,197,636,968.85,474.85,831.31,human,your_turn,0.329,2.22,66.84,0.0,-90.0,130.47,-125.75
Negotiation_12,R5,2026-08-24T06:45:38.132854Z,behavior_monitor,3,147,220,1018,507,152,574,916.73,353.83,868.55,system,NA,0.278,2.22,42.7,0.0,-90.0,150.04,-125.75
Negotiation_12,R5,2026-08-24T06:45:38.638694Z,behavior_monitor,3,192,269,1018,507,169,565,859.22,297.16,850.41,system,NA,0.257,2.22,73.34,0.0,-90.0,102.48,9.34
Negotiation_12,R5,2026-08-24T06:45:38.940926Z,agent_signal,3,187,310,1018,507,171,565,853.59,255.71,848.92,agent,i_can,0.231,2.22,101.6,0.0,-90.0,87.67,180.0
Negotiation_12,R5,2026-08-24T06:45:39.144435Z,behavior_monitor,3,180,334,1018,507,163,565,855.75,231.46,857.14,system,NA,0.213,2.22,101.6,0.0,-90.0,87.67,180.0
Negotiation_12,R5,2026-08-24T06:45:39.652857Z,behavior_monitor,3,159,395,1018,507,143,564,865.58,170.48,876.46,system,NA,0.165,2.22,120.87,0.0,-90.0,0.0,180.0
Negotiation_12,R5,2026-08-24T06:45:40.160589Z,behavior_monitor,3,105,432,1018,507,100,564,916.11,131.52,919.54,system,NA,0.126,2.22,162.18,0.0,-90.0,87.67,180.0
Negotiation_12,R5,2026-08-24T06:45:40.668483Z,behavior_monitor,3,38,445,1018,507,56,564,981.19,120.67,963.35,system,NA,0.11,2.22,175.56,0.0,-90.0,87.67,180.0
Negotiation_12,R5,2026-08-24T06:45:41.169782Z,behavior_monitor,3,51,450,1018,507,27,564,968.5,116.39,991.9,system,NA,0.107,1.34,7.38,0.0,-90.0,93.15,0.0
Negotiation_12,R5,2026-08-24T06:45:41.676147Z,behavior_monitor,3,85,467,1018,507,62,564,933.18,99.92,957.69,system,NA,0.097,1.34,27.49,0.0,-90.0,93.15,0.0
Negotiation_12,R5,2026-08-24T06:45:42.182169Z,behavior_monitor,3,120,482,1018,507,96,564,897.86,84.87,923.48,system,NA,0.086,1.34,6.39,0.0,-90.0,87.67,0.0
Negotiation_12,R5,2026-08-24T06:45:42.689392Z,behavior_monitor,3,155,496,1018,507,131,564,862.57,71.74,888.06,system,NA,0.077,1.34,47.15,0.0,-90.0,0.0,39.34
Negotiation_12,R5,2026-08-24T06:45:43.093226Z,shot_miss,3,169,523,1018,507,146,563,849.14,46.17,873.89,agent,NA,0.052,1.34,69.93,0.0,-90.0,87.67,0.0
Negotiation_12,R5,2026-08-24T06:45:43.194422Z,behavior_monitor,3,171,529,1018,507,149,563,846.85,40.55,870.92,system,NA,0.046,1.34,69.93,0.0,-90.0,93.15,0.0
Negotiation_12,R5,2026-08-24T06:45:43.294890Z,shot_hit,3,176,538,1018,507,153,563,842.56,33.55,866.46,agent,NA,0.038,1.34,91.9,0.0,-90.0,0.0,0.0
Negotiation_12,R5,2026-08-24T06:45:43.295279Z,flight_spawn,4,1051,-20,1018,507,153,563,528.33,1070.63,866.46,system,NA,0.67,3.32,127.1,0.0,-90.0,0.0,0.0
Negotiation_12,R5,2026-08-24T06:45:44.105425Z,human_signal,4,921,66,1012,505,188,563,448.86,885.43,825.57,human,i_can,0.664,3.32,154.78,134.68,-161.42,76.24,0.0
Negotiation_12,R5,2026-08-24T06:45:44.122224Z,behavior_monitor,4,921,66,1012,505,189,563,448.86,884.36,824.28,system,NA,0.663,3.32,154.78,136.74,-161.15,76.24,0.0
Negotiation_12,R5,2026-08-24T06:45:44.630540Z,behavior_monitor,4,850,132,946,485,228,564,365.84,757.07,721.75,system,NA,0.674,3.32,153.25,136.69,-161.21,76.24,0.0
Negotiation_12,R5,2026-08-24T06:45:45.138028Z,behavior_monitor,4,777,194,885,448,267,564,276.34,630.12,628.94,system,NA,0.695,3.32,130.73,138.47,-147.09,76.24,0.0
Negotiation_12,R5,2026-08-24T06:45:45.646783Z,behavior_monitor,4,696,234,820,443,306,564,242.95,510.26,528.12,system,NA,0.677,3.32,155.6,129.41,180.0,76.24,0.0
Negotiation_12,R5,2026-08-24T06:45:45.766630Z,human_signal,4,669,245,819,443,315,564,247.95,476.26,518.08,human,i_can,0.658,3.32,155.6,0.0,180.0,76.24,0.0
Negotiation_12,R5,2026-08-24T06:45:46.037366Z,human_signal,4,623,264,819,443,335,564,265.24,416.32,498.5,human,your_turn,0.611,3.32,160.4,0.0,180.0,76.24,0.0
Negotiation_12,R5,2026-08-24T06:45:46.038491Z,human_signal,4,620,265,819,443,335,564,266.76,413.4,498.5,human,your_turn,0.608,3.32,160.4,0.0,180.0,76.24,0.0
Negotiation_12,R5,2026-08-24T06:45:46.155004Z,behavior_monitor,4,601,271,822,445,346,564,281.51,388.22,491.12,system,NA,0.58,3.32,160.4,119.5,33.6,87.67,0.0
Negotiation_12,R5,2026-08-24T06:45:46.648165Z,agent_signal,4,529,335,870,490,389,564,374.64,268.3,487.27,agent,i_can,0.417,3.32,134.16,38.58,90.0,87.67,0.0
Negotiation_12,R5,2026-08-24T06:45:46.664590Z,behavior_monitor,4,529,335,870,490,390,564,374.64,267.52,485.8,system,NA,0.417,3.32,134.16,38.58,90.0,87.67,0.0
Negotiation_12,R5,2026-08-24T06:45:47.174646Z,behavior_monitor,4,460,407,870,490,435,564,419.0,159.32,441.67,system,NA,0.275,3.32,134.16,0.0,90.0,87.67,0.0
Negotiation_12,R5,2026-08-24T06:45:47.683884Z,behavior_monitor,4,375,454,835,490,395,564,460.6,111.56,446.33,system,NA,0.195,3.32,137.28,129.41,180.0,87.67,180.0
Negotiation_12,R5,2026-08-24T06:45:48.193216Z,behavior_monitor,4,279,481,834,546,350,563,558.86,109.19,484.06,system,NA,0.163,3.32,171.89,136.74,61.48,87.67,180.0
Negotiation_12,R5,2026-08-24T06:45:48.704493Z,behavior_monitor,4,188,516,873,601,305,563,689.67,126.15,568.87,system,NA,0.155,3.32,131.11,129.41,90.0,87.67,180.0
Negotiation_12,R5,2026-08-24T06:45:49.213903Z,behavior_monitor,4,140,599,873,667,260,584,735.84,120.8,618.42,system,NA,0.141,3.32,84.01,129.41,90.0,150.04,125.75
Negotiation_12,R5,2026-08-24T06:45:49.723453Z,behavior_monitor,4,100,688,873,680,216,647,772.17,122.34,657.76,system,NA,0.137,3.32,127.7,0.0,90.0,150.04,125.75
Negotiation_12,R5,2026-08-24T06:45:50.231699Z,behavior_monitor,4,65,778,873,680,171,709,813.33,126.63,702.21,system,NA,0.135,3.32,101.31,0.0,90.0,150.04,125.75
Negotiation_12,R5,2026-08-24T06:45:50.740699Z,behavior_monitor,4,27,867,879,675,126,770,873.39,138.01,759.3,system,NA,0.136,3.32,146.9,137.9,-33.99,150.04,125.75
Negotiation_12,R5,2026-08-24T06:45:51.247776Z,behavior_monitor,4,64,922,935,631,81,833,918.76,91.16,878.04,system,NA,0.09,2.46,68.81,141.02,-40.28,150.04,125.75
Negotiation_12,R5,2026-08-24T06:45:51.451569Z,flight_missed,4,74,952,959,611,61,859,948.53,93.38,931.55,system,NA,0.09,2.46,68.81,141.11,-40.32,150.04,125.75
Negotiation_12,R5,2026-08-24T06:45:51.452709Z,flight_spawn,5,58,-20,959,611,61,859,1100.25,879.93,931.55,system,NA,0.444,3.16,50.79,141.11,-40.32,150.04,125.75
Negotiation_12,R5,2026-08-24T06:45:52.465690Z,human_signal,5,219,60,1008,565,97,811,936.47,761.29,943.09,human,your_turn,0.448,3.16,26.14,0.0,-55.73,130.47,-54.25
Negotiation_12,R5,2026-08-24T06:45:52.466307Z,behavior_monitor,5,219,60,1008,565,97,811,936.47,761.29,943.09,system,NA,0.448,3.16,26.14,0.0,-55.73,130.47,-54.25
Negotiation_12,R5,2026-08-24T06:45:52.466749Z,human_signal,5,222,61,1008,565,97,811,933.71,760.3,943.09,human,your_turn,0.449,3.16,26.14,0.0,-55.73,130.47,-54.25
Negotiation_12,R5,2026-08-24T06:45:52.974998Z,behavior_monitor,5,302,102,1008,565,142,750,844.05,668.13,885.67,system,NA,0.442,3.16,26.14,0.0,-55.73,150.04,-54.25
Negotiation_12,R5,2026-08-24T06:45:53.478926Z,behavior_monitor,5,398,125,962,566,187,688,716.32,601.16,785.39,system,NA,0.456,3.16,5.93,129.41,180.0,150.04,-54.25
Negotiation_12,R5,2026-08-24T06:45:53.983968Z,behavior_monitor,5,490,135,936,559,232,626,614.75,554.79,707.02,system,NA,0.474,3.16,5.93,0.0,-90.0,150.04,-54.25
Negotiation_12,R5,2026-08-24T06:45:54.491638Z,behavior_monitor,5,583,145,936,559,277,566,543.99,520.2,658.81,system,NA,0.489,3.16,29.7,0.0,-90.0,82.8,0.0
Negotiation_12,R5,2026-08-24T06:45:54.996120Z,behavior_monitor,5,661,182,950,559,321,566,475.15,512.55,628.79,system,NA,0.519,3.16,1.23,129.41,0.0,87.67,0.0
Negotiation_12,R5,2026-08-24T06:45:55.419228Z,human_signal,5,737,203,958,559,359,566,418.77,523.43,599.04,human,i_can,0.556,3.16,2.65,0.0,0.0,87.67,0.0
Negotiation_12,R5,2026-08-24T06:45:55.502666Z,behavior_monitor,5,749,206,958,559,365,566,410.33,525.57,592.56,system,NA,0.562,3.16,21.75,0.0,0.0,76.24,0.0
Negotiation_12,R5,2026-08-24T06:45:56.010829Z,behavior_monitor,5,834,241,979,537,405,565,329.76,537.7,574.79,system,NA,0.62,3.16,21.75,0.0,-44.42,76.24,0.0
Negotiation_12,R5,2026-08-24T06:45:56.515106Z,behavior_monitor,5,921,275,999,502,443,565,240.76,559.41,559.02,system,NA,0.699,3.16,31.51,129.41,0.0,76.24,0.0
Negotiation_12,R5,2026-08-24T06:45:57.021336Z,behavior_monitor,5,955,356,1046,520,481,566,187.45,518.3,566.38,system,NA,0.734,3.16,88.69,110.05,-109.04,56.65,26.77
Negotiation_12,R5,2026-08-24T06:45:57.442012Z,agent_signal,5,941,435,993,510,514,566,91.33,447.22,482.16,agent,your_turn,0.83,3.16,95.31,129.41,180.0,76.24,0.0
Negotiation_12,R5,2026-08-24T06:45:57.526988Z,behavior_monitor,5,940,447,984,510,520,566,76.7,436.2,466.98,system,NA,0.85,3.16,95.31,129.41,180.0,76.24,0.0
Negotiation_12,R5,2026-08-24T06:45:57.815009Z,shot_hit,5,934,500,946,510,542,566,15.61,397.13,407.96,human,NA,0.962,3.16,116.68,122.22,180.0,72.0,0.0
Negotiation_12,R5,2026-08-24T06:45:57.815591Z,flight_spawn,6,588,-20,946,510,542,566,640.34,588.26,407.96,system,NA,0.479,2.87,134.24,122.22,180.0,72.0,0.0
Negotiation_12,R5,2026-08-24T06:46:01.280233Z,agent_signal,6,781,375,973,711,641,566,387.88,236.71,362.96,agent,i_can,0.379,2.87,39.99,108.56,-148.98,81.0,0.0
Negotiation_12,R5,2026-08-24T06:46:01.297020Z,behavior_monitor,6,781,375,973,711,642,566,387.88,235.83,361.59,system,NA,0.378,2.87,39.99,137.45,-160.31,87.67,0.0
Negotiation_12,R5,2026-08-24T06:46:01.805012Z,behavior_monitor,6,866,400,950,701,688,565,312.09,243.5,295.11,system,NA,0.438,2.87,7.79,122.97,0.0,87.67,0.0
Negotiation_12,R5,2026-08-24T06:46:02.076664Z,human_signal,6,914,407,986,689,711,566,290.88,258.07,301.01,human,i_can,0.47,2.87,7.79,140.42,-32.4,87.67,0.0
Negotiation_12,R5,2026-08-24T06:46:02.312780Z,behavior_monitor,6,953,414,1011,671,729,566,263.68,270.26,301.28,system,NA,0.506,2.87,14.57,141.58,-35.5,76.24,0.0
Negotiation_12,R5,2026-08-24T06:46:02.818337Z,behavior_monitor,6,1028,440,1060,619,768,565,181.8,289.16,297.35,system,NA,0.614,2.87,40.69,140.43,-51.57,76.24,0.0
Negotiation_12,R5,2026-08-24T06:46:02.819415Z,agent_signal,6,1030,442,1060,619,768,565,179.68,289.79,297.35,agent,your_turn,0.617,2.87,40.69,140.43,-51.57,76.24,0.0
Negotiation_12,R5,2026-08-24T06:46:03.325327Z,behavior_monitor,6,1095,496,1110,568,806,565,73.42,296.93,304.09,system,NA,0.802,2.87,40.69,140.64,-44.4,76.24,0.0
Negotiation_12,R5,2026-08-24T06:46:03.577915Z,shot_hit,6,1133,514,1129,541,826,565,27.26,311.54,304.09,human,NA,0.92,2.87,4.56,129.41,-90.0,76.24,0.0
Negotiation_12,R5,2026-08-24T06:46:03.578495Z,flight_spawn,7,863,-20,1129,541,826,565,620.95,586.69,304.09,system,NA,0.486,2.83,135.0,129.41,-90.0,76.24,0.0
Negotiation_12,R5,2026-08-24T06:46:04.385832Z,human_signal,7,737,16,1163,584,826,565,710.26,556.14,337.76,human,your_turn,0.439,2.83,147.8,145.22,108.78,0.0,0.0
Negotiation_12,R5,2026-08-24T06:46:04.387558Z,behavior_monitor,7,737,16,1163,584,826,565,710.26,556.14,337.76,system,NA,0.439,2.83,147.8,136.68,108.78,0.0,0.0
Negotiation_12,R5,2026-08-24T06:46:04.387895Z,human_signal,7,734,18,1162,586,826,565,712.15,555.14,337.12,human,your_turn,0.438,2.83,173.1,136.68,108.78,0.0,0.0
Negotiation_12,R5,2026-08-24T06:46:04.893077Z,behavior_monitor,7,655,34,1131,648,818,565,776.89,555.98,323.13,system,NA,0.417,2.83,144.87,143.0,128.1,87.67,180.0
Negotiation_12,R5,2026-08-24T06:46:05.400754Z,behavior_monitor,7,583,74,1085,705,774,566,806.23,527.04,341.27,system,NA,0.395,2.83,140.5,143.33,127.25,87.67,180.0
Negotiation_12,R5,2026-08-24T06:46:05.910162Z,behavior_monitor,7,532,136,1041,763,729,566,808.09,473.43,369.22,system,NA,0.369,2.83,112.3,143.53,126.93,87.67,180.0
Negotiation_12,R5,2026-08-24T06:46:06.416325Z,behavior_monitor,7,489,210,996,821,684,566,793.93,406.35,402.61,system,NA,0.339,2.83,116.3,143.99,133.28,87.67,180.0
Negotiation_12,R5,2026-08-24T06:46:06.923858Z,behavior_monitor,7,435,274,939,867,639,566,779.1,356.75,425.23,system,NA,0.314,2.83,138.03,143.43,142.61,87.67,180.0
Negotiation_12,R5,2026-08-24T06:46:07.434416Z,behavior_monitor,7,369,328,878,904,595,565,767.95,326.66,441.7,system,NA,0.298,2.83,145.4,139.89,151.68,87.67,180.0
Negotiation_12,R5,2026-08-24T06:46:07.940068Z,behavior_monitor,7,297,370,815,910,549,564,747.89,318.34,435.76,system,NA,0.299,2.83,173.2,123.15,180.0,87.67,180.0
Negotiation_12,R5,2026-08-24T06:46:07.990981Z,agent_signal,7,284,372,807,910,544,564,749.72,323.35,433.94,agent,i_can,0.301,2.83,173.2,123.15,180.0,108.24,-165.46
Negotiation_12,R5,2026-08-24T06:46:08.445430Z,behavior_monitor,7,216,387,751,910,504,564,748.07,338.32,424.72,system,NA,0.311,2.83,137.81,128.12,180.0,87.67,180.0
Negotiation_12,R5,2026-08-24T06:46:08.950482Z,behavior_monitor,7,161,451,685,910,459,564,696.72,318.47,413.48,system,NA,0.314,2.83,133.01,128.59,180.0,87.67,180.0
Negotiation_12,R5,2026-08-24T06:46:09.458509Z,behavior_monitor,7,89,487,620,910,414,564,678.33,334.11,402.22,system,NA,0.33,2.83,143.89,129.01,180.0,87.67,180.0
Negotiation_12,R5,2026-08-24T06:46:09.965197Z,behavior_monitor,7,28,508,554,910,369,564,661.56,345.62,391.89,system,NA,0.343,1.74,16.5,128.63,180.0,87.67,180.0
Negotiation_12,R5,2026-08-24T06:46:10.471255Z,behavior_monitor,7,78,523,488,910,324,564,563.77,249.71,382.62,system,NA,0.307,1.74,22.57,128.63,180.0,87.67,180.0
Negotiation_12,R5,2026-08-24T06:46:10.978831Z,behavior_monitor,7,125,536,439,910,280,564,488.47,157.45,380.86,system,NA,0.244,1.74,28.68,0.0,180.0,87.67,180.0
Negotiation_12,R5,2026-08-24T06:46:11.489304Z,behavior_monitor,7,175,547,411,910,236,564,431.86,62.47,387.56,system,NA,0.126,1.74,10.71,0.0,180.0,87.67,180.0
Negotiation_12,R5,2026-08-24T06:46:11.727469Z,shot_hit,7,203,553,420,910,213,564,417.74,15.39,402.73,agent,NA,0.036,1.74,12.36,124.81,0.0,87.67,180.0
Negotiation_12,R5,2026-08-24T06:46:11.728369Z,flight_spawn,8,118,-20,420,910,213,564,977.68,591.94,402.73,system,NA,0.377,2.83,45.0,124.81,0.0,87.67,180.0
Negotiation_12,R5,2026-08-24T06:46:16.042541Z,agent_signal,8,621,383,750,910,460,562,542.03,240.55,452.65,agent,i_can,0.307,2.83,101.14,0.0,180.0,76.24,0.0
Negotiation_12,R5,2026-08-24T06:46:16.059336Z,behavior_monitor,8,621,383,750,910,462,562,542.03,239.56,451.7,system,NA,0.307,2.83,101.14,0.0,180.0,87.67,0.0
Negotiation_12,R5,2026-08-24T06:46:16.565752Z,behavior_monitor,8,617,466,750,910,507,561,462.78,145.3,424.9,system,NA,0.239,2.83,79.42,0.0,180.0,87.67,0.0
Negotiation_12,R5,2026-08-24T06:46:17.075192Z,behavior_monitor,8,625,549,733,910,551,561,375.84,74.78,392.92,system,NA,0.166,2.83,82.97,129.41,180.0,105.63,-13.71
Negotiation_12,R5,2026-08-24T06:46:17.515055Z,shot_hit,8,617,623,704,910,591,605,299.39,31.47,325.07,agent,NA,0.095,2.83,110.93,0.0,180.0,150.04,54.25
Negotiation_12,R5,2026-08-24T06:46:17.515660Z,flight_spawn,9,583,-20,704,910,591,605,937.89,625.13,325.07,system,NA,0.4,3.09,130.34,0.0,180.0,150.04,54.25
Negotiation_12,R5,2026-08-24T06:46:18.801622Z,human_signal,9,407,112,622,910,519,565,825.76,466.07,359.92,human,your_turn,0.361,3.09,133.58,0.0,180.0,76.24,180.0
Negotiation_12,R5,2026-08-24T06:46:18.802300Z,behavior_monitor,9,407,112,622,910,519,565,825.76,466.07,359.92,system,NA,0.361,3.09,133.58,0.0,180.0,81.0,180.0
Negotiation_12,R5,2026-08-24T06:46:18.802645Z,human_signal,9,405,114,622,910,519,565,824.34,464.59,359.92,human,your_turn,0.36,3.09,133.58,0.0,180.0,81.0,180.0
Negotiation_12,R5,2026-08-24T06:46:19.309687Z,behavior_monitor,9,347,179,583,910,474,565,767.61,405.83,361.8,system,NA,0.346,3.09,133.58,120.33,180.0,87.67,180.0
Negotiation_12,R5,2026-08-24T06:46:19.818820Z,behavior_monitor,9,270,225,519,910,429,565,728.56,374.96,356.54,system,NA,0.34,3.09,174.65,121.9,180.0,82.8,180.0
Negotiation_12,R5,2026-08-24T06:46:20.329209Z,behavior_monitor,9,206,275,453,910,384,565,680.46,339.4,351.81,system,NA,0.333,3.09,128.36,129.07,180.0,87.67,180.0
Negotiation_12,R5,2026-08-24T06:46:20.835505Z,behavior_monitor,9,253,322,388,910,340,565,602.49,257.9,347.71,system,NA,0.3,3.09,0.49,94.0,180.0,93.15,180.0
Negotiation_12,R5,2026-08-24T06:46:21.191846Z,agent_signal,9,323,323,422,910,308,565,594.7,243.05,362.41,agent,i_can,0.29,3.09,0.49,129.41,0.0,87.67,180.0
Negotiation_12,R5,2026-08-24T06:46:21.342817Z,behavior_monitor,9,347,323,439,910,315,565,593.54,244.41,365.73,system,NA,0.292,3.09,0.49,122.22,0.0,82.8,0.0
Negotiation_12,R5,2026-08-24T06:46:21.851815Z,behavior_monitor,9,435,351,505,910,360,565,563.29,227.1,373.86,system,NA,0.287,3.09,23.55,129.41,0.0,87.67,0.0
Negotiation_12,R5,2026-08-24T06:46:22.359797Z,behavior_monitor,9,517,389,571,910,404,565,523.26,209.27,382.51,system,NA,0.286,3.09,18.27,129.41,0.0,87.67,0.0
Negotiation_12,R5,2026-08-24T06:46:22.865402Z,behavior_monitor,9,605,418,637,910,449,565,492.51,214.36,392.22,system,NA,0.303,3.09,18.27,129.41,0.0,87.67,0.0
Negotiation_12,R5,2026-08-24T06:46:23.371974Z,behavior_monitor,9,685,462,703,910,494,565,447.79,217.63,402.72,system,NA,0.327,3.09,59.7,126.95,0.0,87.67,0.0
Negotiation_12,R5,2026-08-24T06:46:23.879929Z,behavior_monitor,9,733,542,764,910,538,566,368.7,197.0,411.8,system,NA,0.348,3.09,59.7,111.0,0.0,69.63,24.39
Negotiation_12,R5,2026-08-24T06:46:24.387934Z,behavior_monitor,9,763,628,786,910,582,607,282.69,181.42,364.58,system,NA,0.391,3.09,83.6,0.0,0.0,150.04,54.25
Negotiation_12,R5,2026-08-24T06:46:24.897387Z,behavior_monitor,9,771,720,786,910,628,670,190.2,151.98,287.4,system,NA,0.444,3.09,83.6,0.0,0.0,150.04,54.25
Negotiation_12,R5,2026-08-24T06:46:25.406235Z,behavior_monitor,9,776,811,784,910,673,732,98.67,129.38,209.38,system,NA,0.567,3.09,111.37,129.41,0.0,150.04,54.25
Negotiation_12,R5,2026-08-24T06:46:25.910224Z,behavior_monitor,9,744,898,758,910,718,795,18.66,106.17,121.8,system,NA,0.851,3.09,111.37,129.41,180.0,150.04,54.25
Negotiation_12,R5,2026-08-24T06:46:25.960451Z,shot_hit,9,741,906,752,910,719,801,10.94,107.57,113.38,human,NA,0.908,3.09,111.37,137.5,180.0,129.38,90.0
Negotiation_12,R5,2026-08-24T06:46:25.960847Z,flight_spawn,10,847,-20,752,910,719,801,934.82,831.25,113.38,system,NA,0.471,2.83,45.0,137.5,180.0,129.38,90.0
Negotiation_12,R5,2026-08-24T06:46:27.485758Z,human_signal,10,1059,79,864,910,793,698,853.41,674.38,222.75,human,your_turn,0.441,2.83,50.65,129.41,0.0,130.47,-54.25
Negotiation_12,R5,2026-08-24T06:46:27.486224Z,behavior_monitor,10,1059,79,864,910,793,698,853.41,674.38,222.75,system,NA,0.441,2.83,50.65,129.41,0.0,130.47,-54.25
Negotiation_12,R5,2026-08-24T06:46:27.486545Z,human_signal,10,1061,81,866,910,793,698,851.25,673.19,223.46,human,your_turn,0.442,2.83,50.65,129.41,0.0,130.47,-54.25
Negotiation_12,R5,2026-08-24T06:46:27.991843Z,behavior_monitor,10,1113,144,930,910,838,636,786.71,563.02,288.7,system,NA,0.417,2.83,50.65,129.41,0.0,150.04,-54.25
Negotiation_12,R5,2026-08-24T06:46:28.497584Z,behavior_monitor,10,1188,183,996,910,883,573,751.57,495.53,354.91,system,NA,0.397,2.83,22.03,129.41,0.0,150.04,-54.25
Negotiation_12,R5,2026-08-24T06:46:29.005546Z,behavior_monitor,10,1231,250,1062,910,927,565,680.63,436.91,369.96,system,NA,0.391,2.83,44.89,129.41,0.0,87.67,0.0
Negotiation_12,R5,2026-08-24T06:46:29.392390Z,agent_signal,10,1249,312,1115,910,962,565,612.82,382.87,377.27,agent,i_can,0.385,2.83,74.81,129.41,0.0,87.67,0.0
Negotiation_12,R5,2026-08-24T06:46:29.510882Z,behavior_monitor,10,1254,328,1128,910,972,565,594.99,367.82,378.4,system,NA,0.382,2.83,74.81,129.41,0.0,87.67,0.0
Negotiation_12,R5,2026-08-24T06:46:30.015365Z,behavior_monitor,10,1252,412,1194,910,1017,565,501.42,281.05,387.59,system,NA,0.359,2.83,97.47,129.41,0.0,87.67,0.0
Negotiation_12,R5,2026-08-24T06:46:30.521972Z,behavior_monitor,10,1245,495,1214,910,1062,564,415.92,195.59,377.21,system,NA,0.32,2.83,97.71,44.08,180.0,87.67,0.0
Negotiation_12,R5,2026-08-24T06:46:31.031969Z,behavior_monitor,10,1229,579,1230,910,1107,572,330.7,121.76,358.96,system,NA,0.269,2.83,97.71,124.76,0.0,150.04,54.25
Negotiation_12,R5,2026-08-24T06:46:31.335748Z,human_signal,10,1223,632,1230,910,1134,609,277.52,92.21,315.03,human,i_can,0.249,2.83,97.71,0.0,0.0,150.04,54.25
Negotiation_12,R5,2026-08-24T06:46:31.539631Z,behavior_monitor,10,1220,663,1216,910,1149,631,246.65,77.71,286.42,system,NA,0.24,2.83,97.71,129.41,180.0,130.47,54.25
Negotiation_12,R5,2026-08-24T06:46:31.981537Z,agent_signal,10,1241,737,1201,910,1184,678,176.97,83.09,232.42,agent,your_turn,0.319,2.83,76.68,99.58,0.0,130.47,54.25
Negotiation_12,R5,2026-08-24T06:46:32.049413Z,behavior_monitor,10,1242,746,1210,910,1189,685,167.24,80.98,225.55,system,NA,0.326,2.83,76.68,129.41,0.0,130.47,54.25
Negotiation_12,R5,2026-08-24T06:46:32.558090Z,behavior_monitor,10,1252,827,1242,910,1228,739,82.88,91.68,171.17,system,NA,0.525,2.83,110.86,0.0,0.0,130.47,54.25
Negotiation_12,R5,2026-08-24T06:46:33.065541Z,behavior_monitor,10,1197,892,1233,910,1200,793,40.27,99.09,121.47,system,NA,0.711,2.83,136.87,129.41,180.0,130.47,125.75
Negotiation_12,R5,2026-08-24T06:46:33.098480Z,shot_miss,10,1193,896,1228,910,1197,796,37.54,99.37,117.52,human,NA,0.726,2.83,136.87,137.5,180.0,138.63,125.75
Negotiation_12,R5,2026-08-24T06:46:33.418433Z,shot_miss,10,1161,936,1216,910,1172,830,60.63,106.53,90.21,human,NA,0.637,2.83,130.71,0.0,180.0,130.47,125.75
Negotiation_12,R5,2026-08-24T06:46:33.519567Z,conflict,10,1148,951,1206,910,1163,843,71.56,109.49,78.87,system,NA,0.605,2.83,130.71,137.5,180.0,138.63,125.75
Negotiation_12,R5,2026-08-24T06:46:33.569928Z,behavior_monitor,10,1145,956,1206,910,1163,843,76.59,114.2,78.87,system,NA,0.599,2.83,130.71,0.0,180.0,0.0,125.75
Negotiation_12,R5,2026-08-24T06:46:34.027107Z,flight_missed,10,1080,999,1207,910,1162,845,155.17,174.52,78.69,system,NA,0.529,2.83,158.87,0.0,180.0,0.0,125.75
Negotiation_12,R5,2026-08-24T06:46:34.028219Z,flight_spawn,11,1032,-20,1207,910,1162,845,946.23,874.98,78.69,system,NA,0.48,3.53,55.52,0.0,180.0,0.0,125.75
Negotiation_12,R5,2026-08-24T06:46:35.870260Z,human_signal,11,1242,294,1253,910,1192,679,615.32,388.19,238.53,human,your_turn,0.387,3.53,56.29,129.41,0.0,130.47,-54.25
Negotiation_12,R5,2026-08-24T06:46:35.871434Z,behavior_monitor,11,1242,294,1253,910,1192,679,615.32,388.19,238.53,system,NA,0.387,3.53,56.29,129.41,0.0,130.47,-54.25
Negotiation_12,R5,2026-08-24T06:46:35.871851Z,human_signal,11,1245,297,1256,910,1192,679,612.37,385.64,239.11,human,your_turn,0.386,3.53,56.29,129.41,0.0,130.47,-54.25
Negotiation_12,R5,2026-08-24T06:46:35.955576Z,agent_signal,11,1252,312,1267,910,1199,669,597.76,360.8,250.04,agent,i_can,0.376,3.53,56.29,129.41,0.0,150.04,-54.25
Negotiation_12,R5,2026-08-24T06:46:36.377148Z,behavior_monitor,11,1298,382,1319,910,1236,617,527.49,242.49,304.03,system,NA,0.315,3.53,56.29,126.53,0.0,150.04,-54.25
Negotiation_12,R5,2026-08-24T06:46:36.885547Z,behavior_monitor,11,1386,423,1330,910,1281,565,489.55,176.83,347.83,system,NA,0.265,3.53,8.0,129.41,0.0,87.67,0.0
Negotiation_12,R5,2026-08-24T06:46:37.392243Z,behavior_monitor,11,1428,440,1349,910,1326,565,476.13,161.57,344.9,system,NA,0.253,2.16,146.27,0.0,0.0,87.67,0.0
Negotiation_12,R5,2026-08-24T06:46:37.899956Z,behavior_monitor,11,1395,494,1308,910,1371,566,424.3,75.51,349.47,system,NA,0.151,2.16,99.33,52.72,180.0,87.67,0.0
Negotiation_12,R5,2026-08-24T06:46:38.171036Z,shot_miss,11,1391,530,1308,910,1370,566,388.14,41.08,349.32,agent,NA,0.096,2.16,99.33,0.0,180.0,0.0,161.83
Negotiation_12,R5,2026-08-24T06:46:38.356043Z,shot_hit,11,1381,551,1308,910,1364,566,365.46,21.93,348.31,agent,NA,0.057,2.16,121.96,0.0,180.0,93.15,180.0
Negotiation_12,R5,2026-08-24T06:46:38.356675Z,flight_spawn,12,728,-20,1308,910,1364,566,1096.05,864.93,348.31,system,NA,0.441,2.85,45.5,0.0,180.0,93.15,180.0
Negotiation_12,R5,2026-08-24T06:46:40.998904Z,human_signal,12,1090,215,1101,910,1215,566,694.37,372.14,362.17,human,your_turn,0.349,2.85,39.68,0.0,0.0,76.24,180.0
Negotiation_12,R5,2026-08-24T06:46:40.999637Z,behavior_monitor,12,1090,215,1101,910,1215,566,694.37,372.14,362.17,system,NA,0.349,2.85,39.68,0.0,0.0,81.0,180.0
Negotiation_12,R5,2026-08-24T06:46:40.999800Z,human_signal,12,1092,217,1101,910,1215,566,692.52,369.73,362.17,human,your_turn,0.348,2.85,39.68,0.0,0.0,81.0,180.0
Negotiation_12,R5,2026-08-24T06:46:41.499702Z,behavior_monitor,12,1140,280,1101,910,1171,566,630.81,287.7,350.44,system,NA,0.313,2.85,62.31,0.0,0.0,87.67,180.0
Negotiation_12,R5,2026-08-24T06:46:41.907031Z,agent_signal,12,1189,328,1124,910,1160,566,584.88,239.73,345.16,agent,i_can,0.291,2.85,41.36,129.41,0.0,87.67,0.0
Negotiation_12,R5,2026-08-24T06:46:42.006159Z,behavior_monitor,12,1196,341,1135,910,1169,566,572.1,227.43,344.71,system,NA,0.284,2.85,66.94,129.41,0.0,87.67,0.0
Negotiation_12,R5,2026-08-24T06:46:42.516110Z,behavior_monitor,12,1170,419,1183,910,1154,566,490.18,147.69,344.43,system,NA,0.232,2.85,115.29,0.0,0.0,0.0,180.0
Negotiation_12,R5,2026-08-24T06:46:43.025490Z,behavior_monitor,12,1135,497,1136,910,1119,566,412.64,71.06,343.76,system,NA,0.147,2.85,115.29,137.5,180.0,93.15,180.0
Negotiation_12,R5,2026-08-24T06:46:43.365611Z,shot_hit,12,1094,536,1090,910,1088,567,373.48,31.07,342.87,agent,NA,0.077,2.85,117.69,129.41,180.0,87.67,180.0
Negotiation_12,R5,2026-08-24T06:46:43.366627Z,flight_spawn,13,244,-20,1090,910,1088,567,1257.09,1028.12,342.87,system,NA,0.45,2.92,133.21,129.41,180.0,87.67,180.0
Negotiation_12,R5,2026-08-24T06:46:48.470658Z,agent_signal,13,926,332,869,910,851,566,580.2,245.7,343.69,agent,i_can,0.297,2.92,18.48,127.44,0.0,76.24,0.0
Negotiation_12,R5,2026-08-24T06:46:48.487667Z,behavior_monitor,13,926,332,869,910,853,566,580.2,245.26,343.62,system,NA,0.297,2.92,18.48,127.44,0.0,87.67,0.0
Negotiation_12,R5,2026-08-24T06:46:48.994280Z,behavior_monitor,13,1011,360,934,910,898,565,554.95,234.14,346.25,system,NA,0.297,2.92,18.48,127.44,0.0,112.38,-10.46
Negotiation_12,R5,2026-08-24T06:46:49.504102Z,behavior_monitor,13,1053,428,999,910,943,565,484.06,175.6,348.97,system,NA,0.266,2.92,113.65,128.3,0.0,87.67,0.0
Negotiation_12,R5,2026-08-24T06:46:50.011161Z,behavior_monitor,13,1018,509,1051,910,988,565,402.09,63.72,350.04,system,NA,0.137,2.92,113.65,0.0,0.0,87.67,0.0
Negotiation_12,R5,2026-08-24T06:46:50.164379Z,shot_miss,13,1005,535,1036,910,988,565,375.3,33.86,348.19,agent,NA,0.083,2.92,113.65,129.41,180.0,87.67,180.0
Negotiation_12,R5,2026-08-24T06:46:50.449630Z,shot_hit,13,969,567,1002,910,964,565,343.95,6.0,346.5,agent,NA,0.017,2.92,162.29,69.76,180.0,87.67,180.0
Negotiation_12,R5,2026-08-24T06:46:50.450210Z,flight_spawn,14,1156,-20,1002,910,964,565,942.65,616.4,346.5,system,NA,0.395,2.83,135.0,69.76,180.0,87.67,180.0
Negotiation_12,R5,2026-08-24T06:46:51.599425Z,human_signal,14,1001,85,954,910,996,564,825.48,478.94,347.82,human,your_turn,0.367,2.83,160.19,0.0,0.0,76.24,180.0
Negotiation_12,R5,2026-08-24T06:46:51.600451Z,behavior_monitor,14,1001,85,954,910,996,564,825.48,478.94,347.82,system,NA,0.367,2.83,160.19,0.0,0.0,80.01,-168.76
Negotiation_12,R5,2026-08-24T06:46:51.600884Z,human_signal,14,998,86,954,910,996,564,824.36,477.96,347.82,human,your_turn,0.367,2.83,160.19,0.0,0.0,80.01,-168.76
Negotiation_12,R5,2026-08-24T06:46:52.107879Z,behavior_monitor,14,921,114,954,910,951,565,796.03,451.5,344.87,system,NA,0.362,2.83,160.19,0.0,0.0,87.67,180.0
Negotiation_12,R5,2026-08-24T06:46:52.613770Z,behavior_monitor,14,849,161,921,910,906,565,752.09,408.33,344.68,system,NA,0.352,2.83,142.75,129.41,180.0,87.67,180.0
Negotiation_12,R5,2026-08-24T06:46:53.122503Z,behavior_monitor,14,835,238,855,910,862,565,671.62,327.63,344.84,system,NA,0.328,2.83,71.15,128.56,180.0,87.67,180.0
Negotiation_12,R5,2026-08-24T06:46:53.545681Z,agent_signal,14,827,311,819,910,825,565,599.01,254.17,344.85,agent,i_can,0.298,2.83,98.58,0.0,180.0,87.67,180.0
Negotiation_12,R5,2026-08-24T06:46:53.629575Z,behavior_monitor,14,822,321,819,910,818,565,588.95,244.19,344.8,system,NA,0.293,2.83,128.57,0.0,180.0,93.15,180.0
Negotiation_12,R5,2026-08-24T06:46:54.139494Z,behavior_monitor,14,749,350,797,910,773,565,561.35,215.85,345.61,system,NA,0.278,2.83,174.39,110.76,180.0,87.67,180.0
Negotiation_12,R5,2026-08-24T06:46:54.649381Z,behavior_monitor,14,661,358,743,910,728,565,557.16,217.26,344.63,system,NA,0.281,2.83,174.39,87.29,180.0,82.8,180.0
Negotiation_12,R5,2026-08-24T06:46:55.156402Z,behavior_monitor,14,578,378,689,910,683,565,543.26,214.89,344.31,system,NA,0.283,2.83,165.06,109.04,180.0,87.67,180.0
Negotiation_12,R5,2026-08-24T06:46:55.662440Z,behavior_monitor,14,498,407,633,910,638,566,520.65,211.82,343.99,system,NA,0.289,2.83,137.49,109.04,180.0,87.67,180.0
Negotiation_12,R5,2026-08-24T06:46:56.172194Z,behavior_monitor,14,416,430,577,910,594,566,505.96,223.45,344.33,system,NA,0.306,2.83,137.48,109.04,180.0,87.67,180.0
Negotiation_12,R5,2026-08-24T06:46:56.677935Z,behavior_monitor,14,334,454,522,910,549,565,492.69,241.79,345.3,system,NA,0.329,2.83,173.71,109.29,180.0,87.67,180.0
Negotiation_12,R5,2026-08-24T06:46:57.182758Z,behavior_monitor,14,256,476,466,910,504,565,481.56,263.75,346.44,system,NA,0.354,2.83,157.71,109.29,180.0,87.67,180.0
Negotiation_12,R5,2026-08-24T06:46:57.691957Z,behavior_monitor,14,195,535,410,910,459,565,432.13,266.16,347.83,system,NA,0.381,2.83,135.48,109.29,180.0,87.67,180.0
Negotiation_12,R5,2026-08-24T06:46:58.198515Z,behavior_monitor,14,126,576,355,910,415,571,403.83,288.49,344.03,system,NA,0.417,2.83,175.11,109.29,180.0,87.67,180.0
Negotiation_12,R5,2026-08-24T06:46:59.113129Z,human_signal,14,28,683,252,911,333,659,319.87,306.38,264.81,human,i_can,0.489,2.83,119.85,109.29,180.0,150.04,125.75
Negotiation_12,R5,2026-08-24T06:46:59.129371Z,behavior_monitor,14,28,683,252,910,332,661,318.74,304.95,261.19,system,NA,0.489,2.83,119.85,109.29,180.0,130.47,125.75
Negotiation_12,R5,2026-08-24T06:46:59.635329Z,behavior_monitor,14,40,757,197,910,293,715,218.56,255.94,216.81,system,NA,0.539,2.59,71.0,109.29,180.0,130.47,125.75
Negotiation_12,R5,2026-08-24T06:46:59.703182Z,agent_signal,14,48,766,189,910,288,722,200.91,243.37,211.42,agent,your_turn,0.548,2.59,43.07,109.29,180.0,130.47,125.75
Negotiation_12,R5,2026-08-24T06:47:00.141859Z,behavior_monitor,14,96,811,156,910,254,770,115.7,163.41,171.04,system,NA,0.585,2.59,43.07,78.95,0.0,130.47,125.75
Negotiation_12,R5,2026-08-24T06:47:00.651006Z,behavior_monitor,14,153,864,163,910,215,824,46.94,74.29,100.66,system,NA,0.613,2.59,43.07,129.41,180.0,130.47,125.75
Negotiation_12,R5,2026-08-24T06:47:00.753320Z,shot_miss,14,164,874,152,910,208,834,37.07,59.12,93.23,human,NA,0.615,2.59,43.07,57.54,180.0,130.47,125.75
Negotiation_12,R5,2026-08-24T06:47:00.803719Z,conflict,14,171,881,161,910,202,842,30.05,50.43,79.62,system,NA,0.627,2.59,43.07,124.91,0.0,130.47,125.75
Negotiation_12,R5,2026-08-24T06:47:01.160929Z,behavior_monitor,14,200,920,161,910,202,842,40.46,78.74,79.62,system,NA,0.661,2.59,94.49,0.0,0.0,0.0,125.75
Negotiation_12,R5,2026-08-24T06:47:01.397362Z,flight_missed,14,217,953,154,910,203,852,76.52,101.29,74.87,system,NA,0.57,2.59,64.67,125.22,180.0,120.88,68.54
Negotiation_12,R5,2026-08-24T06:47:01.398462Z,flight_spawn,15,1174,-20,154,910,203,852,1380.28,1306.05,74.87,system,NA,0.486,3.25,127.92,125.22,180.0,120.88,68.54
Negotiation_12,R5,2026-08-24T06:47:05.885050Z,agent_signal,15,924,724,642,873,525,657,319.57,405.23,245.62,agent,your_turn,0.559,3.25,34.41,134.74,16.17,130.47,54.25
Negotiation_12,R5,2026-08-24T06:47:05.901207Z,behavior_monitor,15,924,724,642,873,526,659,319.57,403.66,243.42,system,NA,0.558,3.25,34.41,142.34,15.0,138.63,54.25
Negotiation_12,R5,2026-08-24T06:47:06.408986Z,behavior_monitor,15,1014,749,708,875,565,713,331.2,450.73,215.9,system,NA,0.576,3.25,6.35,129.41,0.0,130.47,54.25
Negotiation_12,R5,2026-08-24T06:47:06.920061Z,behavior_monitor,15,1107,767,774,875,605,761,350.51,502.68,203.68,system,NA,0.589,3.25,33.23,129.41,0.0,130.47,54.25
Negotiation_12,R5,2026-08-24T06:47:07.425470Z,behavior_monitor,15,1205,778,838,895,643,772,385.49,562.29,230.49,system,NA,0.593,3.25,5.61,144.44,17.84,81.0,0.0
Negotiation_12,R5,2026-08-24T06:47:07.934713Z,behavior_monitor,15,1291,814,904,897,683,809,395.89,608.39,238.18,system,NA,0.606,3.25,5.69,129.41,0.0,76.24,0.0
Negotiation_12,R5,2026-08-24T06:47:08.444154Z,behavior_monitor,15,1380,841,970,897,721,836,413.29,658.78,256.67,system,NA,0.614,3.25,23.04,129.41,0.0,130.47,54.25
Negotiation_12,R5,2026-08-24T06:47:08.952798Z,behavior_monitor,15,1440,882,1036,893,760,877,404.07,680.18,276.75,system,NA,0.627,2.33,137.11,136.05,-17.98,115.05,57.59
Negotiation_12,R5,2026-08-24T06:47:09.459063Z,behavior_monitor,15,1402,941,1098,857,798,910,316.21,605.0,303.94,system,NA,0.657,2.33,115.99,143.16,-41.78,76.24,0.0
Negotiation_12,R5,2026-08-24T06:47:09.526545Z,flight_missed,15,1398,952,1107,849,805,910,308.77,594.59,307.97,system,NA,0.658,2.33,115.99,143.16,-42.05,76.24,0.0
Negotiation_12,R5,2026-08-24T06:47:09.527251Z,flight_spawn,16,132,-20,1107,849,805,910,1305.96,1147.73,307.97,system,NA,0.468,3.36,53.52,143.16,-42.05,76.24,0.0
Negotiation_12,R5,2026-08-24T06:47:11.556516Z,human_signal,16,396,256,1051,663,673,727,770.93,546.86,383.17,human,your_turn,0.415,3.36,51.36,0.0,-143.58,130.47,-125.75
Negotiation_12,R5,2026-08-24T06:47:11.557134Z,behavior_monitor,16,396,256,1051,663,673,727,770.93,546.86,383.17,system,NA,0.415,3.36,51.36,0.0,-143.58,118.68,-126.29
Negotiation_12,R5,2026-08-24T06:47:11.557598Z,human_signal,16,399,259,1051,663,673,727,767.27,543.24,383.17,human,your_turn,0.415,3.36,51.36,0.0,-143.58,118.68,-126.29
Negotiation_12,R5,2026-08-24T06:47:12.064403Z,behavior_monitor,16,472,319,1013,669,628,665,643.7,379.5,384.39,system,NA,0.371,3.36,23.0,111.79,161.5,150.04,-125.75
Negotiation_12,R5,2026-08-24T06:47:12.146517Z,agent_signal,16,493,327,1008,669,621,655,618.6,352.04,387.9,agent,i_can,0.363,3.36,23.0,0.0,180.0,154.63,-137.13
Negotiation_12,R5,2026-08-24T06:47:12.569178Z,behavior_monitor,16,568,338,1008,669,583,603,550.98,265.85,430.65,system,NA,0.325,3.36,1.21,0.0,180.0,159.42,-125.75
Negotiation_12,R5,2026-08-24T06:47:13.075891Z,behavior_monitor,16,617,419,1021,664,593,565,472.27,148.32,438.94,system,NA,0.239,3.36,62.93,84.34,-29.89,87.67,0.0
Negotiation_12,R5,2026-08-24T06:47:13.585785Z,behavior_monitor,16,685,494,1022,661,638,566,377.0,85.55,395.64,system,NA,0.185,3.36,60.1,0.0,-90.0,87.67,0.0
Negotiation_12,R5,2026-08-24T06:47:13.925922Z,shot_hit,16,689,562,1015,663,666,565,340.92,23.5,362.55,agent,NA,0.064,3.36,88.4,128.29,158.61,19.5,-152.82
Negotiation_12,R5,2026-08-24T06:47:13.926541Z,flight_spawn,17,1032,-20,1015,663,666,565,684.02,689.8,362.55,system,NA,0.502,3.49,125.01,128.29,158.61,19.5,-152.82
Negotiation_12,R5,2026-08-24T06:47:15.340984Z,human_signal,17,828,179,971,668,744,564,509.61,393.49,249.85,human,i_can,0.436,3.49,129.37,0.0,-90.0,0.0,0.0
Negotiation_12,R5,2026-08-24T06:47:15.357728Z,behavior_monitor,17,828,179,971,668,744,564,509.61,393.49,249.85,system,NA,0.436,3.49,129.37,0.0,-90.0,0.0,0.0
Negotiation_12,R5,2026-08-24T06:47:15.763373Z,human_signal,17,775,244,971,675,757,564,473.67,320.3,241.26,human,your_turn,0.403,3.49,129.37,109.53,90.0,0.0,0.0
Negotiation_12,R5,2026-08-24T06:47:15.764034Z,human_signal,17,772,247,971,678,757,564,474.46,317.45,242.29,human,your_turn,0.401,3.49,129.37,116.38,90.0,0.0,0.0
Negotiation_12,R5,2026-08-24T06:47:15.864488Z,behavior_monitor,17,759,260,971,689,748,564,477.72,303.82,255.41,system,NA,0.389,3.49,129.37,129.41,90.0,87.67,180.0
Negotiation_12,R5,2026-08-24T06:47:16.370495Z,behavior_monitor,17,690,341,979,715,703,564,473.23,223.16,315.11,system,NA,0.32,3.49,129.37,0.0,46.95,87.67,180.0
Negotiation_12,R5,2026-08-24T06:47:16.439256Z,agent_signal,17,677,355,979,719,697,564,473.72,210.23,322.3,agent,i_can,0.307,3.49,129.37,61.89,90.0,87.67,180.0
Negotiation_12,R5,2026-08-24T06:47:16.878223Z,behavior_monitor,17,625,422,934,747,658,564,448.16,145.6,331.48,system,NA,0.245,3.49,129.37,88.92,180.0,87.67,180.0
Negotiation_12,R5,2026-08-24T06:47:17.386621Z,behavior_monitor,17,543,484,913,752,613,564,456.87,106.72,353.6,system,NA,0.189,3.49,155.59,138.42,158.62,87.67,180.0
Negotiation_12,R5,2026-08-24T06:47:17.896897Z,behavior_monitor,17,489,567,856,795,568,564,432.21,78.52,369.99,system,NA,0.154,3.49,102.56,141.86,134.28,115.01,-171.48
Negotiation_12,R5,2026-08-24T06:47:18.400964Z,behavior_monitor,17,484,669,808,848,523,626,370.36,57.99,361.68,system,NA,0.135,3.49,103.81,119.48,140.26,150.04,125.75
Negotiation_12,R5,2026-08-24T06:47:18.912530Z,behavior_monitor,17,456,770,824,829,478,688,372.76,84.85,373.71,system,NA,0.185,3.49,126.88,136.83,-45.46,150.04,125.75
Negotiation_12,R5,2026-08-24T06:47:19.422022Z,behavior_monitor,17,397,854,879,783,433,750,487.65,110.27,447.34,system,NA,0.184,3.49,126.88,140.27,-37.1,150.04,125.75
Negotiation_12,R5,2026-08-24T06:47:19.929701Z,behavior_monitor,17,359,950,936,740,388,812,613.98,141.49,552.65,system,NA,0.187,3.49,107.85,140.17,-36.78,150.04,125.75
Negotiation_12,R5,2026-08-24T06:47:19.930411Z,flight_missed,17,357,953,938,739,387,814,619.13,142.78,556.48,system,NA,0.187,3.49,107.85,140.17,-36.78,150.04,125.75
Negotiation_12,R5,2026-08-24T06:47:19.930795Z,flight_spawn,18,855,-20,938,739,387,814,763.82,956.8,556.48,system,NA,0.556,2.95,132.64,140.17,-36.78,150.04,125.75
Negotiation_12,R5,2026-08-24T06:47:20.996369Z,human_signal,18,742,122,942,711,440,739,622.31,687.53,502.9,human,your_turn,0.525,2.95,111.74,35.11,180.0,130.47,-54.25
Negotiation_12,R5,2026-08-24T06:47:20.997186Z,behavior_monitor,18,742,122,942,711,440,739,622.31,687.53,502.9,system,NA,0.525,2.95,111.74,35.11,180.0,130.47,-54.25
Negotiation_12,R5,2026-08-24T06:47:20.997452Z,human_signal,18,740,124,942,711,440,739,620.25,684.34,502.9,human,your_turn,0.525,2.95,111.74,35.11,180.0,130.47,-54.25
Negotiation_12,R5,2026-08-24T06:47:21.500604Z,behavior_monitor,18,712,204,942,711,485,678,556.69,525.52,458.3,system,NA,0.486,2.95,111.74,0.0,180.0,150.04,-54.25
Negotiation_12,R5,2026-08-24T06:47:22.006895Z,behavior_monitor,18,633,230,942,711,529,616,571.21,398.64,423.11,system,NA,0.411,2.95,165.46,0.0,180.0,150.04,-54.25
Negotiation_12,R5,2026-08-24T06:47:22.512428Z,behavior_monitor,18,548,253,942,711,543,566,604.31,312.84,424.46,system,NA,0.341,2.95,165.46,0.0,180.0,87.67,180.0
Negotiation_12,R5,2026-08-24T06:47:23.022675Z,behavior_monitor,18,462,272,942,711,498,565,650.33,295.79,466.79,system,NA,0.313,2.95,148.27,0.0,180.0,87.67,180.0
Negotiation_12,R5,2026-08-24T06:47:23.441559Z,agent_signal,18,410,312,942,711,461,565,664.91,258.67,502.33,agent,i_can,0.28,2.95,84.35,0.0,180.0,93.15,180.0
Negotiation_12,R5,2026-08-24T06:47:23.526093Z,behavior_monitor,18,411,324,942,711,453,565,657.05,245.54,509.46,system,NA,0.272,2.95,84.35,0.0,180.0,87.67,180.0
Negotiation_12,R5,2026-08-24T06:47:24.034716Z,behavior_monitor,18,455,397,942,711,426,565,579.14,170.55,535.62,system,NA,0.227,2.95,11.22,0.0,180.0,87.67,0.0
Negotiation_12,R5,2026-08-24T06:47:24.541554Z,behavior_monitor,18,544,414,942,711,471,565,496.41,167.0,492.54,system,NA,0.252,2.95,11.22,0.0,180.0,87.67,0.0
Negotiation_12,R5,2026-08-24T06:47:25.050740Z,behavior_monitor,18,631,431,932,711,516,565,410.43,176.61,440.38,system,NA,0.301,2.95,11.22,94.99,180.0,87.67,0.0
Negotiation_12,R5,2026-08-24T06:47:25.559229Z,behavior_monitor,18,719,458,906,711,561,565,315.13,190.74,374.8,system,NA,0.377,2.95,39.51,0.0,180.0,93.15,0.0
Negotiation_12,R5,2026-08-24T06:47:25.829412Z,human_signal,18,758,490,906,711,585,566,266.34,189.19,353.08,human,i_can,0.415,2.95,39.51,0.0,180.0,78.03,12.81
Negotiation_12,R5,2026-08-24T06:47:26.067164Z,behavior_monitor,18,789,514,906,711,603,566,228.94,193.21,336.13,system,NA,0.458,2.95,39.51,0.0,180.0,76.24,0.0
Negotiation_12,R5,2026-08-24T06:47:26.335725Z,agent_signal,18,834,534,906,711,624,566,191.04,212.23,317.55,agent,your_turn,0.526,2.95,7.03,0.0,180.0,76.24,0.0
Negotiation_12,R5,2026-08-24T06:47:26.572470Z,behavior_monitor,18,871,539,906,711,642,566,175.54,230.4,300.99,system,NA,0.568,2.95,7.03,0.0,180.0,72.0,0.0
Negotiation_12,R5,2026-08-24T06:47:27.080436Z,behavior_monitor,18,961,551,961,711,681,567,159.82,280.7,314.81,system,NA,0.637,2.95,34.58,137.5,0.0,81.0,0.0
Negotiation_12,R5,2026-08-24T06:47:27.589740Z,behavior_monitor,18,999,624,1019,695,720,601,74.23,280.14,314.01,system,NA,0.791,2.95,83.42,131.76,-64.83,130.47,54.25
Negotiation_12,R5,2026-08-24T06:47:27.843540Z,shot_hit,18,1002,668,1009,674,739,627,9.14,265.74,273.49,human,NA,0.967,2.95,83.42,129.41,180.0,130.47,54.25
Negotiation_12,R5,2026-08-24T06:47:27.844118Z,flight_spawn,19,1322,-20,1009,674,739,627,761.63,871.3,273.49,system,NA,0.534,3.28,52.36,129.41,180.0,130.47,54.25
Negotiation_12,R5,2026-08-24T06:47:28.790839Z,human_signal,19,1333,162,1072,700,792,565,597.6,674.26,310.57,human,i_can,0.53,3.28,96.4,132.28,-31.24,72.0,0.0
Negotiation_12,R5,2026-08-24T06:47:28.807993Z,behavior_monitor,19,1333,162,1072,700,794,565,597.6,673.23,309.4,system,NA,0.53,3.28,96.4,140.61,-33.51,76.24,0.0
Negotiation_12,R5,2026-08-24T06:47:29.317619Z,behavior_monitor,19,1258,219,1129,655,832,565,455.47,549.02,310.45,system,NA,0.547,3.28,146.83,141.93,-38.31,76.24,0.0
Negotiation_12,R5,2026-08-24T06:47:29.827401Z,behavior_monitor,19,1175,272,1163,600,871,565,327.58,422.42,293.92,system,NA,0.563,3.28,146.83,129.41,-90.0,76.24,0.0
Negotiation_12,R5,2026-08-24T06:47:30.335534Z,behavior_monitor,19,1083,297,1122,545,910,566,251.67,319.54,213.51,system,NA,0.559,3.28,166.86,138.39,-137.85,76.24,0.0
Negotiation_12,R5,2026-08-24T06:47:30.535066Z,human_signal,19,1049,317,1111,536,925,566,228.17,278.09,187.89,human,your_turn,0.549,3.28,140.03,0.0,-144.58,76.24,0.0
Negotiation_12,R5,2026-08-24T06:47:30.535725Z,human_signal,19,1047,319,1111,536,925,566,226.88,275.03,187.89,human,your_turn,0.548,3.28,140.03,0.0,-144.58,76.24,0.0
Negotiation_12,R5,2026-08-24T06:47:30.839152Z,behavior_monitor,19,1022,367,1103,550,952,566,199.94,210.76,151.36,system,NA,0.513,3.28,116.19,136.74,141.42,87.67,0.0
Negotiation_12,R5,2026-08-24T06:47:31.163296Z,agent_signal,19,983,418,1094,568,970,565,186.63,147.73,124.01,agent,i_can,0.442,3.28,140.15,135.23,24.37,87.67,180.0
Negotiation_12,R5,2026-08-24T06:47:31.347653Z,behavior_monitor,19,955,433,1116,576,954,565,215.31,132.26,162.15,system,NA,0.381,3.28,160.63,134.2,18.59,87.67,180.0
Negotiation_12,R5,2026-08-24T06:47:31.854497Z,behavior_monitor,19,863,470,1120,634,909,565,304.48,105.17,221.51,system,NA,0.257,3.28,149.92,133.47,104.18,87.67,180.0
Negotiation_12,R5,2026-08-24T06:47:32.363799Z,behavior_monitor,19,768,488,1087,698,865,564,381.68,123.27,259.05,system,NA,0.244,3.28,162.04,145.69,126.5,87.67,180.0
Negotiation_12,R5,2026-08-24T06:47:32.871048Z,behavior_monitor,19,730,563,1038,754,820,564,362.92,90.44,289.01,system,NA,0.199,3.28,81.79,143.52,143.17,87.67,180.0
Negotiation_12,R5,2026-08-24T06:47:33.379698Z,behavior_monitor,19,780,642,979,797,776,622,252.37,20.32,268.34,system,NA,0.075,3.28,61.12,144.06,139.16,150.04,125.75
Negotiation_12,R5,2026-08-24T06:47:33.380297Z,shot_hit,19,781,645,977,799,774,624,249.4,21.77,267.85,agent,NA,0.08,3.28,61.12,144.06,139.16,150.04,125.75
Negotiation_12,R5,2026-08-24T06:47:33.380633Z,flight_spawn,20,509,-20,977,799,774,624,943.41,696.9,267.85,system,NA,0.425,2.83,135.0,144.06,139.16,150.04,125.75
Negotiation_12,R5,2026-08-24T06:47:34.224437Z,human_signal,20,380,34,949,821,762,608,971.3,689.4,283.7,human,your_turn,0.415,2.83,161.01,89.51,154.06,130.47,-125.75
Negotiation_12,R5,2026-08-24T06:47:34.225425Z,behavior_monitor,20,380,34,949,821,762,608,971.3,689.4,283.7,system,NA,0.415,2.83,161.01,89.51,154.06,129.02,-129.26
Negotiation_12,R5,2026-08-24T06:47:34.225846Z,human_signal,20,378,35,947,823,762,608,971.57,689.7,283.38,human,your_turn,0.415,2.83,161.01,89.51,154.06,129.02,-129.26
Negotiation_12,R5,2026-08-24T06:47:34.733092Z,behavior_monitor,20,302,58,896,869,717,565,1004.95,655.36,352.36,system,NA,0.395,2.83,174.85,141.3,145.34,87.67,180.0
Negotiation_12,R5,2026-08-24T06:47:35.238679Z,behavior_monitor,20,232,99,830,898,672,565,997.61,640.34,368.58,system,NA,0.391,2.83,153.34,141.2,156.42,87.67,180.0
Negotiation_12,R5,2026-08-24T06:47:35.747800Z,behavior_monitor,20,151,137,767,910,626,565,987.49,639.2,372.1,system,NA,0.393,2.83,153.34,123.0,180.0,87.67,180.0
Negotiation_12,R5,2026-08-24T06:47:36.256265Z,behavior_monitor,20,71,144,704,910,581,566,993.66,662.49,364.76,system,NA,0.4,2.83,136.95,121.45,180.0,87.67,180.0
Negotiation_12,R5,2026-08-24T06:47:36.761783Z,behavior_monitor,20,32,181,643,910,535,565,950.97,633.15,361.14,system,NA,0.4,1.87,31.24,110.64,180.0,82.8,180.0
Negotiation_12,R5,2026-08-24T06:47:37.269443Z,behavior_monitor,20,88,192,584,910,491,565,872.74,549.89,356.48,system,NA,0.387,1.87,7.42,116.22,180.0,87.67,180.0
Negotiation_12,R5,2026-08-24T06:47:37.778919Z,behavior_monitor,20,139,216,587,891,446,565,810.01,465.45,354.49,system,NA,0.365,1.87,4.38,135.37,-43.8,87.67,180.0
Negotiation_12,R5,2026-08-24T06:47:38.286711Z,behavior_monitor,20,189,233,622,864,402,565,765.19,393.85,371.73,system,NA,0.34,1.87,55.5,0.0,-48.55,87.67,180.0
Negotiation_12,R5,2026-08-24T06:47:38.796323Z,behavior_monitor,20,232,267,622,864,358,564,713.42,322.79,399.83,system,NA,0.312,1.87,27.65,0.0,-48.55,93.15,180.0
Negotiation_12,R5,2026-08-24T06:47:40.905468Z,agent_signal,20,449,336,698,772,405,565,501.92,233.02,358.49,agent,i_can,0.317,1.87,29.2,137.8,-46.72,93.54,17.39
Negotiation_12,R5,2026-08-24T06:47:40.921648Z,behavior_monitor,20,449,336,698,772,406,565,501.92,232.75,357.28,system,NA,0.317,1.87,29.2,137.96,-46.65,87.67,0.0
Negotiation_12,R5,2026-08-24T06:47:41.427622Z,behavior_monitor,20,496,357,733,734,450,565,445.34,213.19,329.58,system,NA,0.324,1.87,0.97,0.0,-47.57,87.67,0.0
Negotiation_12,R5,2026-08-24T06:47:41.933087Z,behavior_monitor,20,548,364,774,704,495,565,408.81,207.5,311.72,system,NA,0.337,1.87,4.77,137.61,-36.68,87.67,0.0
Negotiation_12,R5,2026-08-24T06:47:42.441163Z,behavior_monitor,20,604,368,803,691,540,564,378.94,205.95,291.98,system,NA,0.352,1.87,4.77,136.55,-26.16,87.67,0.0
Negotiation_12,R5,2026-08-24T06:47:42.949613Z,behavior_monitor,20,659,375,866,659,584,564,351.52,203.53,296.84,system,NA,0.367,1.87,34.74,136.5,-24.63,87.67,0.0
Negotiation_12,R5,2026-08-24T06:47:43.458990Z,behavior_monitor,20,705,402,909,638,630,564,312.28,179.23,289.06,system,NA,0.365,1.87,59.5,0.0,-43.41,87.67,0.0
Negotiation_12,R5,2026-08-24T06:47:43.965930Z,behavior_monitor,20,741,447,909,638,674,564,254.19,134.25,246.1,system,NA,0.346,1.87,35.8,0.0,-43.41,87.67,0.0
Negotiation_12,R5,2026-08-24T06:47:44.474844Z,behavior_monitor,20,769,492,958,645,719,564,243.38,87.72,252.22,system,NA,0.265,1.87,56.23,137.71,36.3,87.67,0.0
Negotiation_12,R5,2026-08-24T06:47:44.983809Z,behavior_monitor,20,804,534,975,707,765,564,242.56,49.4,254.49,system,NA,0.169,1.87,34.97,129.41,90.0,87.67,0.0
Negotiation_12,R5,2026-08-24T06:47:45.052396Z,shot_miss,20,812,541,975,718,772,563,241.16,45.8,255.89,agent,NA,0.16,1.87,62.41,129.41,90.0,87.67,0.0
Negotiation_12,R5,2026-08-24T06:47:45.256308Z,shot_miss,20,824,561,979,732,790,563,231.48,34.11,254.04,agent,NA,0.128,1.87,62.41,0.0,90.0,87.67,0.0
Negotiation_12,R5,2026-08-24T06:47:45.494671Z,behavior_monitor,20,832,582,989,737,809,578,220.3,23.58,240.36,system,NA,0.097,1.87,62.41,123.54,26.25,150.04,54.25
Negotiation_12,R5,2026-08-24T06:47:45.579432Z,shot_hit,20,838,592,999,744,814,588,221.48,24.27,242.18,agent,NA,0.099,1.87,62.41,133.48,53.8,121.14,101.01
Negotiation_12,R6,2026-08-24T06:47:51.418896Z,flight_spawn,1,1149,-20,999,744,814,588,779.1,694.07,242.18,system,NA,0.471,2.83,135.0,0.0,53.8,0.0,54.25
Negotiation_12,R6,2026-08-24T06:47:58.278635Z,human_signal,1,566,203,910,660,571,565,571.67,362.04,351.97,human,your_turn,0.388,2.83,178.63,137.68,57.39,76.24,180.0
Negotiation_12,R6,2026-08-24T06:47:58.279702Z,behavior_monitor,1,566,203,910,660,571,565,571.67,362.04,351.97,system,NA,0.388,2.83,178.63,137.75,57.54,69.48,-171.41
Negotiation_12,R6,2026-08-24T06:47:58.280038Z,human_signal,1,563,203,911,662,571,565,575.91,362.03,353.72,human,your_turn,0.386,2.83,178.63,137.75,57.54,69.48,-171.41
Negotiation_12,R6,2026-08-24T06:47:58.785499Z,behavior_monitor,1,486,236,916,720,527,565,646.89,330.99,418.78,system,NA,0.338,2.83,155.49,54.22,131.18,87.67,180.0
Negotiation_12,R6,2026-08-24T06:47:59.289745Z,behavior_monitor,1,404,247,937,719,482,564,711.78,326.38,480.87,system,NA,0.314,2.83,158.92,69.71,-43.34,87.67,180.0
Negotiation_12,R6,2026-08-24T06:47:59.795091Z,behavior_monitor,1,329,283,930,707,437,564,735.71,301.23,513.34,system,NA,0.29,2.83,105.95,0.0,-140.12,87.67,180.0
Negotiation_12,R6,2026-08-24T06:48:00.098186Z,agent_signal,1,315,335,930,707,410,564,719.31,248.57,539.15,agent,i_can,0.257,2.83,105.95,0.0,-140.12,87.67,180.0
Negotiation_12,R6,2026-08-24T06:48:00.298579Z,behavior_monitor,1,314,366,930,707,393,565,704.33,214.08,556.29,system,NA,0.233,2.83,64.53,0.0,-140.12,87.67,180.0
Negotiation_12,R6,2026-08-24T06:48:00.804867Z,behavior_monitor,1,352,442,930,707,348,565,635.8,122.52,599.01,system,NA,0.162,2.83,64.53,0.0,-140.12,87.67,180.0
Negotiation_12,R6,2026-08-24T06:48:01.310069Z,behavior_monitor,1,361,524,930,707,343,565,597.77,45.13,604.81,system,NA,0.07,2.83,93.24,0.0,-140.12,0.0,0.0
Negotiation_12,R6,2026-08-24T06:48:01.447786Z,shot_hit,1,360,549,930,707,342,564,591.83,23.6,605.23,agent,NA,0.038,2.83,93.24,0.0,-140.12,0.0,-159.11
Negotiation_12,R6,2026-08-24T06:48:01.448412Z,flight_spawn,2,950,-20,930,707,342,564,728.19,843.45,605.23,system,NA,0.537,2.89,46.25,0.0,-140.12,0.0,-159.11
Negotiation_12,R6,2026-08-24T06:48:02.936870Z,human_signal,2,917,182,960,599,425,564,419.68,623.46,536.03,human,i_can,0.598,2.89,161.49,134.87,-106.35,76.24,0.0
Negotiation_12,R6,2026-08-24T06:48:02.953550Z,behavior_monitor,2,917,182,960,599,426,564,419.68,622.44,534.74,system,NA,0.597,2.89,161.49,134.87,-106.35,76.24,0.0
Negotiation_12,R6,2026-08-24T06:48:03.458310Z,behavior_monitor,2,837,205,933,536,444,565,344.94,532.61,489.48,system,NA,0.607,2.89,163.4,120.95,-113.21,0.0,0.0
Negotiation_12,R6,2026-08-24T06:48:03.595029Z,human_signal,2,821,216,933,533,444,565,335.62,512.99,489.71,human,your_turn,0.605,2.89,114.68,0.0,-90.0,0.0,0.0
Negotiation_12,R6,2026-08-24T06:48:03.596117Z,human_signal,2,821,219,933,533,444,565,333.29,510.89,489.71,human,your_turn,0.605,2.89,141.96,0.0,-90.0,0.0,0.0
Negotiation_12,R6,2026-08-24T06:48:03.970818Z,behavior_monitor,2,780,261,933,533,477,564,311.66,428.64,457.29,system,NA,0.579,2.89,93.91,0.0,-90.0,87.67,0.0
Negotiation_12,R6,2026-08-24T06:48:04.478282Z,behavior_monitor,2,740,335,892,533,522,564,249.29,316.62,371.5,system,NA,0.559,2.89,124.59,0.0,180.0,87.67,0.0
Negotiation_12,R6,2026-08-24T06:48:04.495114Z,agent_signal,2,737,340,890,533,523,564,246.68,309.97,368.72,agent,your_turn,0.557,2.89,124.59,0.0,180.0,87.67,0.0
Negotiation_12,R6,2026-08-24T06:48:04.988922Z,behavior_monitor,2,687,406,842,555,561,564,215.24,201.86,282.06,system,NA,0.484,2.89,124.59,0.0,130.47,76.24,0.0
Negotiation_12,R6,2026-08-24T06:48:05.495531Z,behavior_monitor,2,630,470,829,604,599,564,239.51,99.37,232.86,system,NA,0.293,2.89,149.09,137.5,90.0,81.0,0.0
Negotiation_12,R6,2026-08-24T06:48:06.007719Z,behavior_monitor,2,563,520,809,669,570,564,287.33,44.01,261.45,system,NA,0.133,2.89,120.94,140.79,117.66,76.24,180.0
Negotiation_12,R6,2026-08-24T06:48:06.176880Z,shot_hit,2,544,544,793,691,555,564,289.9,23.29,269.75,agent,NA,0.074,2.89,112.55,150.76,129.79,81.0,180.0
Negotiation_12,R6,2026-08-24T06:48:06.177421Z,flight_spawn,3,664,-20,793,691,555,564,722.91,594.34,269.75,system,NA,0.451,3.57,55.88,150.76,129.79,81.0,180.0
Negotiation_12,R6,2026-08-24T06:48:07.637941Z,human_signal,3,857,209,855,621,646,563,412.6,412.17,216.75,human,i_can,0.5,3.57,26.44,139.95,-56.84,76.24,0.0
Negotiation_12,R6,2026-08-24T06:48:07.654139Z,behavior_monitor,3,857,209,855,621,647,563,412.6,411.51,215.5,system,NA,0.499,3.57,26.44,139.95,-56.84,76.24,0.0
Negotiation_12,R6,2026-08-24T06:48:08.161113Z,behavior_monitor,3,892,299,906,571,686,563,272.83,335.39,219.86,system,NA,0.551,3.57,102.28,142.27,-36.55,76.24,0.0
Negotiation_12,R6,2026-08-24T06:48:08.212698Z,agent_signal,3,889,313,913,566,690,563,253.97,320.16,223.62,agent,your_turn,0.558,3.57,102.28,142.44,-36.5,76.24,0.0
Negotiation_12,R6,2026-08-24T06:48:08.667195Z,behavior_monitor,3,869,403,923,521,725,563,129.5,215.72,202.78,system,NA,0.625,3.57,125.34,135.41,-143.94,76.24,0.0
Negotiation_12,R6,2026-08-24T06:48:09.156025Z,shot_miss,3,829,498,862,495,762,563,32.93,93.74,121.2,human,NA,0.74,3.57,100.95,135.29,-163.05,76.24,0.0
Negotiation_12,R6,2026-08-24T06:48:09.173892Z,behavior_monitor,3,829,501,860,495,763,563,31.6,90.28,118.48,system,NA,0.741,3.57,100.95,118.35,180.0,76.24,0.0
Negotiation_12,R6,2026-08-24T06:48:09.509856Z,shot_hit,3,804,569,875,516,786,564,87.88,19.19,101.31,agent,NA,0.179,3.57,109.19,146.43,42.97,0.0,0.0
Negotiation_12,R6,2026-08-24T06:48:09.510379Z,flight_spawn,4,771,-20,875,516,786,564,546.3,585.15,101.31,system,NA,0.517,2.83,135.0,146.43,42.97,0.0,0.0
Negotiation_12,R6,2026-08-24T06:48:10.959915Z,human_signal,4,624,149,866,652,705,564,558.27,423.43,183.33,human,your_turn,0.431,2.83,161.92,140.96,130.92,76.24,180.0
Negotiation_12,R6,2026-08-24T06:48:10.961396Z,behavior_monitor,4,624,149,866,652,705,564,558.27,423.43,183.33,system,NA,0.431,2.83,161.92,140.81,130.58,76.24,180.0
Negotiation_12,R6,2026-08-24T06:48:10.961733Z,human_signal,4,621,150,865,654,705,564,559.83,423.2,182.85,human,your_turn,0.431,2.83,161.92,140.81,130.58,76.24,180.0
Negotiation_12,R6,2026-08-24T06:48:11.465566Z,behavior_monitor,4,547,182,820,707,661,564,591.56,398.52,213.96,system,NA,0.403,2.83,147.48,140.51,129.92,87.67,180.0
Negotiation_12,R6,2026-08-24T06:48:11.970444Z,behavior_monitor,4,471,214,775,762,616,564,627.32,379.25,254.05,system,NA,0.377,2.83,179.69,150.28,126.85,93.15,180.0
Negotiation_12,R6,2026-08-24T06:48:12.478504Z,behavior_monitor,4,395,246,765,775,571,564,645.31,363.63,286.14,system,NA,0.36,2.83,156.44,0.0,90.0,87.67,180.0
Negotiation_12,R6,2026-08-24T06:48:12.984887Z,behavior_monitor,4,315,273,745,788,527,564,670.78,359.57,312.88,system,NA,0.349,2.83,155.88,144.61,148.21,93.15,180.0
Negotiation_12,R6,2026-08-24T06:48:13.493693Z,behavior_monitor,4,234,294,681,818,483,564,689.51,367.53,322.58,system,NA,0.348,2.83,160.99,112.81,154.23,87.67,180.0
Negotiation_12,R6,2026-08-24T06:48:14.003209Z,behavior_monitor,4,155,325,675,823,439,564,720.54,371.61,350.43,system,NA,0.34,2.83,136.38,0.0,90.0,87.67,180.0
Negotiation_12,R6,2026-08-24T06:48:14.423976Z,agent_signal,4,103,372,675,823,401,564,728.44,354.98,376.6,agent,i_can,0.328,2.83,108.69,0.0,90.0,87.67,180.0
Negotiation_12,R6,2026-08-24T06:48:14.506481Z,behavior_monitor,4,100,383,675,823,394,564,723.71,344.93,382.05,system,NA,0.323,2.83,108.69,0.0,90.0,93.15,180.0
Negotiation_12,R6,2026-08-24T06:48:15.016487Z,behavior_monitor,4,94,465,675,823,350,565,682.59,274.4,415.54,system,NA,0.287,2.83,78.95,0.0,90.0,87.67,180.0
Negotiation_12,R6,2026-08-24T06:48:15.520136Z,behavior_monitor,4,111,548,647,872,305,565,625.86,194.44,459.36,system,NA,0.237,2.83,78.95,149.67,136.2,93.15,180.0
Negotiation_12,R6,2026-08-24T06:48:16.026473Z,behavior_monitor,4,79,625,589,910,260,611,583.67,181.52,444.29,system,NA,0.237,2.83,136.97,117.23,180.0,150.04,125.75
Negotiation_12,R6,2026-08-24T06:48:16.535394Z,behavior_monitor,4,64,701,529,910,216,673,510.21,154.36,392.98,system,NA,0.232,2.83,82.85,117.95,180.0,150.04,125.75
Negotiation_12,R6,2026-08-24T06:48:17.043965Z,behavior_monitor,4,81,782,575,906,171,735,509.82,102.52,438.57,system,NA,0.167,2.83,61.28,135.63,-17.42,150.04,125.75
Negotiation_12,R6,2026-08-24T06:48:17.548168Z,behavior_monitor,4,102,862,631,863,127,797,528.85,69.33,508.82,system,NA,0.116,2.83,83.0,140.04,-51.52,150.04,125.75
Negotiation_12,R6,2026-08-24T06:48:18.056097Z,behavior_monitor,4,77,940,670,804,81,859,609.09,81.46,591.31,system,NA,0.118,2.83,130.54,139.96,-50.66,150.04,125.75
Negotiation_12,R6,2026-08-24T06:48:18.140459Z,flight_missed,4,65,953,679,793,72,871,635.14,82.15,611.99,system,NA,0.115,2.83,130.54,140.06,-49.25,150.04,125.75
Negotiation_12,R6,2026-08-24T06:48:18.141514Z,flight_spawn,5,710,-20,679,793,72,871,813.71,1096.07,611.99,system,NA,0.574,3.25,51.96,140.06,-49.25,150.04,125.75
Negotiation_12,R6,2026-08-24T06:48:19.005835Z,human_signal,5,776,124,758,700,118,807,576.98,948.28,648.83,human,i_can,0.622,3.25,47.58,141.01,-52.65,130.47,-54.25
Negotiation_12,R6,2026-08-24T06:48:19.022142Z,behavior_monitor,5,776,124,758,700,120,805,576.98,946.08,647.26,system,NA,0.621,3.25,47.58,141.1,-52.77,130.47,-54.25
Negotiation_12,R6,2026-08-24T06:48:19.529958Z,behavior_monitor,5,835,202,811,652,159,751,450.64,871.22,659.78,system,NA,0.659,3.25,41.72,137.02,-26.54,130.47,-54.25
Negotiation_12,R6,2026-08-24T06:48:20.036644Z,behavior_monitor,5,923,240,877,632,197,697,394.64,857.44,682.76,system,NA,0.685,3.25,5.65,144.18,-17.51,138.63,-54.25
Negotiation_12,R6,2026-08-24T06:48:20.543109Z,behavior_monitor,5,1019,265,943,615,236,643,357.74,869.62,707.37,system,NA,0.709,3.25,10.35,129.41,0.0,130.47,-54.25
Negotiation_12,R6,2026-08-24T06:48:21.051614Z,behavior_monitor,5,1113,283,1009,615,275,589,347.95,892.37,734.33,system,NA,0.719,3.25,10.35,129.41,0.0,130.47,-54.25
Negotiation_12,R6,2026-08-24T06:48:21.557825Z,behavior_monitor,5,1203,317,1075,615,314,566,324.38,923.72,762.57,system,NA,0.74,3.25,33.25,129.41,0.0,76.24,0.0
Negotiation_12,R6,2026-08-24T06:48:21.948141Z,agent_signal,5,1271,351,1128,615,344,566,299.69,952.07,785.54,agent,your_turn,0.761,3.25,47.77,137.5,0.0,87.28,4.43
Negotiation_12,R6,2026-08-24T06:48:22.066697Z,behavior_monitor,5,1283,366,1141,611,353,566,283.88,951.56,789.17,system,NA,0.77,3.25,47.77,134.81,-16.28,76.24,0.0
Negotiation_12,R6,2026-08-24T06:48:22.576915Z,behavior_monitor,5,1348,438,1206,617,392,566,228.61,964.86,815.57,system,NA,0.808,3.25,47.77,137.53,34.28,76.24,0.0
Negotiation_12,R6,2026-08-24T06:48:23.086620Z,behavior_monitor,5,1418,505,1258,664,430,566,225.09,990.05,834.41,system,NA,0.815,3.25,24.73,138.34,40.67,67.41,-13.14
Negotiation_12,R6,2026-08-24T06:48:23.596191Z,behavior_monitor,5,1423,567,1316,702,468,566,171.81,954.53,859.28,system,NA,0.847,2.81,143.81,137.35,19.58,76.24,0.0
Negotiation_12,R6,2026-08-24T06:48:24.103321Z,behavior_monitor,5,1414,638,1352,665,506,617,67.12,907.34,847.21,system,NA,0.931,2.81,65.99,136.5,-41.89,130.47,54.25
Negotiation_12,R6,2026-08-24T06:48:24.494251Z,shot_miss,5,1445,678,1395,677,536,658,49.39,908.62,859.23,human,NA,0.948,1.75,159.71,123.28,54.66,130.47,54.25
Negotiation_12,R6,2026-08-24T06:48:24.612206Z,behavior_monitor,5,1433,683,1403,690,545,671,31.06,887.36,857.28,system,NA,0.966,1.75,138.85,129.19,63.42,166.6,53.43
Negotiation_12,R6,2026-08-24T06:48:24.780701Z,shot_hit,5,1414,689,1412,710,558,683,21.33,855.94,854.3,human,NA,0.976,1.75,162.81,131.23,63.37,76.24,0.0
Negotiation_12,R6,2026-08-24T06:48:24.781211Z,flight_spawn,6,879,-20,1412,710,558,683,904.91,773.25,854.3,system,NA,0.461,2.86,45.58,131.23,63.37,76.24,0.0
Negotiation_12,R6,2026-08-24T06:48:25.800184Z,human_signal,6,1010,87,1298,679,607,617,657.92,665.87,693.88,human,i_can,0.503,2.86,24.14,137.92,-146.24,130.47,-54.25
Negotiation_12,R6,2026-08-24T06:48:25.816463Z,behavior_monitor,6,1010,87,1298,679,608,616,657.92,663.65,692.75,system,NA,0.502,2.86,24.14,137.85,-143.85,130.47,-54.25
Negotiation_12,R6,2026-08-24T06:48:26.325686Z,behavior_monitor,6,1082,122,1262,621,647,565,529.95,620.68,617.27,system,NA,0.539,2.86,24.14,133.72,-104.58,76.24,0.0
Negotiation_12,R6,2026-08-24T06:48:26.832143Z,behavior_monitor,6,1155,165,1263,555,686,565,404.82,616.95,576.76,system,NA,0.604,2.86,69.26,135.29,-71.83,76.24,0.0
Negotiation_12,R6,2026-08-24T06:48:27.341194Z,behavior_monitor,6,1218,214,1281,491,725,565,284.14,605.75,560.72,system,NA,0.681,2.86,44.65,129.41,-90.0,76.24,0.0
Negotiation_12,R6,2026-08-24T06:48:27.851916Z,behavior_monitor,6,1281,265,1315,446,764,565,184.44,598.38,564.27,system,NA,0.764,2.86,2.62,0.0,-49.83,76.24,0.0
Negotiation_12,R6,2026-08-24T06:48:28.359060Z,behavior_monitor,6,1363,290,1348,426,803,565,136.98,624.04,562.48,system,NA,0.82,2.86,10.44,138.79,-33.52,76.24,0.0
Negotiation_12,R6,2026-08-24T06:48:28.865677Z,behavior_monitor,6,1450,306,1375,411,842,565,129.16,660.74,555.05,system,NA,0.836,1.76,162.92,34.2,0.0,76.24,0.0
Negotiation_12,R6,2026-08-24T06:48:28.899825Z,agent_signal,6,1444,307,1378,411,844,565,123.36,653.05,555.46,agent,your_turn,0.841,1.76,162.92,71.55,0.0,76.24,0.0
Negotiation_12,R6,2026-08-24T06:48:29.375577Z,behavior_monitor,6,1402,321,1388,396,880,565,75.8,575.59,534.81,system,NA,0.884,1.76,162.92,135.88,-121.36,76.24,0.0
Negotiation_12,R6,2026-08-24T06:48:29.765674Z,shot_hit,6,1359,334,1354,353,909,565,19.94,505.91,492.8,human,NA,0.962,1.76,139.49,136.84,-130.8,76.24,0.0
Negotiation_12,R6,2026-08-24T06:48:29.766351Z,flight_spawn,7,935,-20,1354,353,909,565,561.54,586.44,492.8,system,NA,0.511,3.35,53.36,136.84,-130.8,76.24,0.0
Negotiation_12,R6,2026-08-24T06:48:30.899158Z,human_signal,7,1075,143,1257,380,963,565,298.79,437.03,347.81,human,i_can,0.594,3.35,98.3,129.41,180.0,76.24,0.0
Negotiation_12,R6,2026-08-24T06:48:30.916098Z,behavior_monitor,7,1075,143,1257,380,964,565,298.79,436.7,346.71,system,NA,0.594,3.35,98.3,129.41,180.0,76.24,0.0
Negotiation_12,R6,2026-08-24T06:48:31.426055Z,behavior_monitor,7,1060,243,1191,373,1002,566,184.38,328.24,269.94,system,NA,0.64,3.35,98.3,129.41,180.0,76.24,0.0
Negotiation_12,R6,2026-08-24T06:48:31.932292Z,behavior_monitor,7,1021,331,1125,373,1010,566,112.18,235.13,224.97,system,NA,0.677,3.35,150.26,129.41,180.0,76.24,180.0
Negotiation_12,R6,2026-08-24T06:48:32.001108Z,agent_signal,7,1007,339,1114,373,1005,566,111.88,226.6,222.06,agent,your_turn,0.669,3.35,150.26,129.41,180.0,76.24,180.0
Negotiation_12,R6,2026-08-24T06:48:32.222419Z,human_signal,7,970,361,1090,373,988,566,121.39,205.82,218.1,human,i_can,0.629,3.35,150.26,51.67,180.0,76.24,180.0
Negotiation_12,R6,2026-08-24T06:48:32.440848Z,behavior_monitor,7,937,381,1073,385,971,566,136.5,188.23,207.86,system,NA,0.58,3.35,150.26,135.2,148.15,76.24,180.0
Negotiation_12,R6,2026-08-24T06:48:32.491466Z,human_signal,7,928,386,1068,389,967,566,139.51,184.31,203.53,human,your_turn,0.569,3.35,150.26,136.32,143.75,76.24,180.0
Negotiation_12,R6,2026-08-24T06:48:32.492153Z,human_signal,7,925,388,1066,390,967,566,140.96,183.41,201.35,human,your_turn,0.565,3.35,150.26,136.32,143.75,76.24,180.0
Negotiation_12,R6,2026-08-24T06:48:32.949895Z,behavior_monitor,7,854,439,1028,438,927,566,174.04,146.44,163.19,system,NA,0.457,3.35,129.74,137.92,122.1,87.67,180.0
Negotiation_12,R6,2026-08-24T06:48:33.425254Z,agent_signal,7,790,513,1026,499,885,566,236.68,108.95,155.89,agent,i_can,0.315,3.35,156.25,138.62,111.01,87.67,180.0
Negotiation_12,R6,2026-08-24T06:48:33.460304Z,behavior_monitor,7,786,514,1024,504,882,566,238.29,108.78,155.2,system,NA,0.313,3.35,156.25,138.5,112.02,87.67,180.0
Negotiation_12,R6,2026-08-24T06:48:33.968806Z,behavior_monitor,7,696,554,996,568,837,565,300.11,141.39,158.85,system,NA,0.32,3.35,156.25,136.22,108.2,87.67,180.0
Negotiation_12,R6,2026-08-24T06:48:34.474729Z,behavior_monitor,7,601,595,957,628,792,590,357.27,191.54,168.56,system,NA,0.349,3.35,156.25,140.36,125.52,150.04,125.75
Negotiation_12,R6,2026-08-24T06:48:34.980627Z,behavior_monitor,7,531,667,910,683,747,649,379.43,216.79,166.51,system,NA,0.364,3.35,129.29,140.95,129.14,150.04,125.75
Negotiation_12,R6,2026-08-24T06:48:35.488185Z,behavior_monitor,7,454,729,927,696,703,711,474.37,250.01,224.37,system,NA,0.345,3.35,146.18,0.0,0.0,147.06,121.71
Negotiation_12,R6,2026-08-24T06:48:35.993545Z,behavior_monitor,7,408,812,927,696,658,773,531.33,252.96,279.44,system,NA,0.323,3.35,91.91,0.0,0.0,150.04,125.75
Negotiation_12,R6,2026-08-24T06:48:36.502687Z,behavior_monitor,7,411,911,927,696,612,835,558.88,215.27,343.85,system,NA,0.278,3.35,62.75,0.0,0.0,150.04,125.75
Negotiation_12,R6,2026-08-24T06:48:36.755446Z,flight_missed,7,441,954,927,696,589,869,550.03,170.67,379.49,system,NA,0.237,3.35,54.05,0.0,0.0,150.04,125.75
Negotiation_12,R6,2026-08-24T06:48:36.756559Z,flight_spawn,8,916,-20,927,696,589,869,716.61,947.48,379.49,system,NA,0.569,2.83,45.0,0.0,0.0,150.04,125.75
Negotiation_12,R6,2026-08-24T06:48:37.856397Z,human_signal,8,985,134,976,668,645,791,534.39,740.08,353.34,human,i_can,0.581,2.83,98.86,140.47,-45.04,130.47,-54.25
Negotiation_12,R6,2026-08-24T06:48:37.874045Z,behavior_monitor,8,985,134,976,668,646,789,534.39,737.88,351.5,system,NA,0.58,2.83,98.86,140.46,-46.67,130.47,-54.25
Negotiation_12,R6,2026-08-24T06:48:38.382216Z,behavior_monitor,8,997,216,1021,613,685,735,397.81,606.01,357.3,system,NA,0.604,2.83,79.05,137.08,-63.28,130.47,-54.25
Negotiation_12,R6,2026-08-24T06:48:38.885493Z,behavior_monitor,8,1034,289,1041,547,724,681,258.52,499.94,344.08,system,NA,0.659,2.83,31.7,133.82,-75.26,130.47,-54.25
Negotiation_12,R6,2026-08-24T06:48:39.257151Z,agent_signal,8,1085,333,1064,500,753,641,168.42,452.96,341.43,agent,your_turn,0.729,2.83,57.13,138.87,-48.98,130.47,-54.25
Negotiation_12,R6,2026-08-24T06:48:39.392464Z,behavior_monitor,8,1094,350,1076,488,763,627,140.14,432.01,341.56,system,NA,0.755,2.83,57.13,139.26,-42.18,130.47,-54.25
Negotiation_12,R6,2026-08-24T06:48:39.897288Z,behavior_monitor,8,1140,421,1133,446,802,573,25.92,370.56,354.3,system,NA,0.935,2.83,57.13,141.92,-41.41,130.47,-54.25
Negotiation_12,R6,2026-08-24T06:48:39.981838Z,shot_hit,8,1147,433,1142,438,809,566,7.42,363.75,356.85,human,NA,0.98,2.83,57.13,141.41,-41.28,131.2,-48.84
Negotiation_12,R6,2026-08-24T06:48:39.982217Z,flight_spawn,9,833,-20,1142,438,809,566,552.63,586.63,356.85,system,NA,0.515,2.83,135.0,141.41,-41.28,131.2,-48.84
Negotiation_12,R6,2026-08-24T06:48:40.743019Z,human_signal,9,720,28,1148,496,808,566,633.94,544.85,347.24,human,your_turn,0.462,2.83,141.7,143.14,141.98,0.0,0.0
Negotiation_12,R6,2026-08-24T06:48:40.743984Z,behavior_monitor,9,720,28,1148,496,808,566,633.94,544.85,347.24,system,NA,0.462,2.83,141.7,143.14,142.04,76.24,180.0
Negotiation_12,R6,2026-08-24T06:48:40.744403Z,human_signal,9,718,30,1146,497,808,566,633.91,543.47,345.06,human,your_turn,0.462,2.83,163.79,143.14,142.04,76.24,180.0
Negotiation_12,R6,2026-08-24T06:48:41.250741Z,behavior_monitor,9,650,70,1092,544,763,565,648.29,507.96,330.0,system,NA,0.439,2.83,113.27,142.3,135.37,87.67,180.0
Negotiation_12,R6,2026-08-24T06:48:41.757277Z,behavior_monitor,9,606,138,1075,564,717,565,634.38,441.82,357.98,system,NA,0.411,2.83,117.56,0.0,134.91,115.91,-175.73
Negotiation_12,R6,2026-08-24T06:48:42.266905Z,behavior_monitor,9,562,209,1075,564,673,565,623.98,372.22,402.47,system,NA,0.374,2.83,110.08,0.0,134.91,87.67,180.0
Negotiation_12,R6,2026-08-24T06:48:42.774442Z,behavior_monitor,9,514,276,1075,564,628,565,631.16,310.91,447.18,system,NA,0.33,2.83,114.53,0.0,134.91,87.67,180.0
Negotiation_12,R6,2026-08-24T06:48:43.131649Z,agent_signal,9,509,337,1075,564,597,565,609.77,243.79,478.61,agent,i_can,0.286,2.83,87.99,0.0,134.91,87.67,180.0
Negotiation_12,R6,2026-08-24T06:48:43.283094Z,behavior_monitor,9,512,360,1075,564,583,565,599.02,216.97,492.03,system,NA,0.266,2.83,87.99,0.0,134.91,87.67,180.0
Negotiation_12,R6,2026-08-24T06:48:43.789331Z,behavior_monitor,9,530,440,1075,564,539,565,559.54,125.4,536.57,system,NA,0.183,2.83,89.59,0.0,134.91,87.67,180.0
Negotiation_12,R6,2026-08-24T06:48:44.296099Z,behavior_monitor,9,524,523,1075,564,507,564,552.78,44.27,567.99,system,NA,0.074,2.83,118.99,0.0,134.91,87.67,180.0
Negotiation_12,R6,2026-08-24T06:48:44.501091Z,shot_hit,9,506,555,1075,564,489,564,569.21,18.92,585.87,agent,NA,0.032,2.83,118.99,0.0,134.91,87.67,180.0
Negotiation_12,R6,2026-08-24T06:48:44.501663Z,flight_spawn,10,752,-20,1075,564,489,564,668.01,641.21,585.87,system,NA,0.49,3.39,126.19,0.0,134.91,87.67,180.0
Negotiation_12,R6,2026-08-24T06:48:45.667889Z,human_signal,10,680,196,1075,564,559,565,540.7,387.97,516.72,human,i_can,0.418,3.39,100.74,0.0,134.91,76.24,0.0
Negotiation_12,R6,2026-08-24T06:48:45.684529Z,behavior_monitor,10,680,196,1075,564,560,565,540.7,387.57,515.42,system,NA,0.418,3.39,100.74,0.0,134.91,76.24,0.0
Negotiation_12,R6,2026-08-24T06:48:46.057529Z,human_signal,10,679,269,1075,564,589,565,494.17,309.41,485.84,human,your_turn,0.385,3.39,79.79,0.0,134.91,76.24,0.0
Negotiation_12,R6,2026-08-24T06:48:46.058254Z,human_signal,10,680,273,1075,564,589,565,491.34,306.53,485.84,human,your_turn,0.384,3.39,79.79,0.0,134.91,100.01,12.53
Negotiation_12,R6,2026-08-24T06:48:46.193978Z,behavior_monitor,10,685,296,1075,564,601,565,473.73,282.18,473.92,system,NA,0.373,3.39,79.79,0.0,134.91,87.67,0.0
Negotiation_12,R6,2026-08-24T06:48:46.261389Z,agent_signal,10,692,310,1075,564,607,565,459.49,268.76,467.95,agent,i_can,0.369,3.39,50.86,0.0,134.91,93.15,0.0
Negotiation_12,R6,2026-08-24T06:48:46.698594Z,behavior_monitor,10,767,335,1075,564,646,565,383.89,260.09,429.16,system,NA,0.404,3.39,25.73,0.0,134.91,87.67,0.0
Negotiation_12,R6,2026-08-24T06:48:47.208780Z,behavior_monitor,10,844,397,1073,573,691,565,287.88,227.19,381.88,system,NA,0.441,3.39,53.33,138.51,110.89,87.67,0.0
Negotiation_12,R6,2026-08-24T06:48:47.461927Z,human_signal,10,886,430,1051,603,713,565,239.61,218.94,340.1,human,i_can,0.477,3.39,24.01,151.33,140.79,93.15,0.0
Negotiation_12,R6,2026-08-24T06:48:47.714032Z,behavior_monitor,10,923,459,1022,616,732,565,185.48,218.17,294.38,system,NA,0.54,3.39,45.7,96.64,180.0,76.24,0.0
Negotiation_12,R6,2026-08-24T06:48:48.206704Z,agent_signal,10,952,554,992,576,770,565,45.5,182.76,222.19,agent,your_turn,0.801,3.39,100.43,135.03,-163.41,76.24,0.0
Negotiation_12,R6,2026-08-24T06:48:48.224207Z,behavior_monitor,10,952,554,990,576,771,565,43.61,181.46,218.7,system,NA,0.806,3.39,100.43,129.41,180.0,76.24,0.0
Negotiation_12,R6,2026-08-24T06:48:48.309321Z,shot_miss,10,950,570,979,576,778,565,29.77,171.84,201.24,human,NA,0.852,3.39,100.43,129.41,180.0,76.24,0.0
Negotiation_12,R6,2026-08-24T06:48:48.677597Z,shot_miss,10,959,643,942,605,806,605,41.91,157.93,136.12,human,NA,0.79,3.39,77.67,144.3,107.66,138.63,54.25
Negotiation_12,R6,2026-08-24T06:48:48.728139Z,behavior_monitor,10,961,653,942,611,810,610,45.73,156.1,131.18,system,NA,0.773,3.39,55.94,137.5,90.0,173.04,50.28
Negotiation_12,R6,2026-08-24T06:48:49.233889Z,behavior_monitor,10,971,751,954,676,849,664,76.73,149.23,105.2,system,NA,0.66,3.39,111.5,134.73,59.85,130.47,54.25
Negotiation_12,R6,2026-08-24T06:48:49.739836Z,behavior_monitor,10,896,820,996,731,882,718,134.21,102.85,115.33,system,NA,0.434,3.39,134.88,136.43,48.27,130.47,125.75
Negotiation_12,R6,2026-08-24T06:48:50.244379Z,behavior_monitor,10,841,900,995,792,843,772,187.86,127.59,153.35,system,NA,0.404,3.39,151.0,143.07,120.13,130.47,125.75
Negotiation_12,R6,2026-08-24T06:48:50.750362Z,behavior_monitor,10,752,944,974,740,804,826,301.78,129.24,190.7,system,NA,0.3,3.39,179.78,137.69,-137.45,130.47,125.75
Negotiation_12,R6,2026-08-24T06:48:50.937358Z,flight_missed,10,714,952,952,724,789,847,328.75,127.98,204.39,system,NA,0.28,3.39,109.45,135.21,-149.36,130.47,125.75
Negotiation_12,R6,2026-08-24T06:48:50.938064Z,flight_spawn,11,544,-20,952,724,789,847,849.16,901.87,204.39,system,NA,0.515,3.55,55.67,135.21,-149.36,130.47,125.75
Negotiation_12,R6,2026-08-24T06:48:53.849833Z,agent_signal,11,833,459,922,634,749,565,195.95,135.57,186.22,agent,i_can,0.409,3.55,10.11,138.68,32.93,76.24,0.0
Negotiation_12,R6,2026-08-24T06:48:53.867225Z,behavior_monitor,11,833,459,922,634,751,565,195.95,134.65,184.83,system,NA,0.407,3.55,10.11,138.85,35.82,87.67,0.0
Negotiation_12,R6,2026-08-24T06:48:54.372763Z,behavior_monitor,11,919,509,981,668,795,565,170.63,135.8,212.77,system,NA,0.443,3.55,56.11,129.41,0.0,87.67,0.0
Negotiation_12,R6,2026-08-24T06:48:54.543272Z,human_signal,11,941,541,1004,675,810,565,147.73,133.0,223.1,human,i_can,0.474,3.55,56.11,147.85,40.95,87.67,0.0
Negotiation_12,R6,2026-08-24T06:48:54.881398Z,behavior_monitor,11,993,579,1020,696,836,573,120.17,157.44,220.87,system,NA,0.567,3.55,27.37,0.0,31.24,130.47,54.25
Negotiation_12,R6,2026-08-24T06:48:55.152598Z,agent_signal,11,1050,600,1048,696,857,593,96.41,192.99,217.09,agent,your_turn,0.667,3.55,46.76,129.41,0.0,130.47,54.25
Negotiation_12,R6,2026-08-24T06:48:55.391394Z,behavior_monitor,11,1087,620,1078,688,874,615,69.37,212.23,216.65,system,NA,0.754,3.55,19.6,137.92,-24.32,130.47,54.25
Negotiation_12,R6,2026-08-24T06:48:55.902162Z,behavior_monitor,11,1192,644,1143,668,912,638,54.77,279.83,232.22,system,NA,0.836,3.55,37.15,128.84,0.0,130.47,54.25
Negotiation_12,R6,2026-08-24T06:48:56.412346Z,behavior_monitor,11,1287,685,1197,704,951,679,92.58,335.93,246.66,system,NA,0.784,3.55,32.82,138.35,47.55,138.63,54.25
Negotiation_12,R6,2026-08-24T06:48:56.917489Z,behavior_monitor,11,1380,739,1251,745,990,733,129.59,389.9,260.66,system,NA,0.751,3.55,32.05,132.6,33.67,130.47,54.25
Negotiation_12,R6,2026-08-24T06:48:57.423287Z,behavior_monitor,11,1435,797,1307,783,1029,787,129.63,406.97,278.03,system,NA,0.758,2.61,108.51,140.54,35.81,138.63,54.25
Negotiation_12,R6,2026-08-24T06:48:57.925805Z,behavior_monitor,11,1410,871,1343,836,1068,841,75.43,343.79,275.46,system,NA,0.82,2.61,84.99,130.14,68.88,130.47,54.25
Negotiation_12,R6,2026-08-24T06:48:58.434236Z,behavior_monitor,11,1398,942,1290,803,1106,896,176.02,294.98,205.7,system,NA,0.626,2.61,144.45,137.35,-147.63,130.47,54.25
Negotiation_12,R6,2026-08-24T06:48:58.502307Z,flight_missed,11,1388,952,1280,797,1113,905,188.58,278.86,198.89,system,NA,0.597,2.61,123.9,136.82,-149.27,130.47,54.25
Negotiation_12,R6,2026-08-24T06:48:58.502861Z,flight_spawn,12,356,-20,1280,797,1113,905,1233.98,1195.4,198.89,system,NA,0.492,2.83,135.0,136.82,-149.27,130.47,54.25
Negotiation_12,R6,2026-08-24T06:49:01.439186Z,agent_signal,12,137,406,1015,910,915,628,1012.02,808.61,298.82,agent,i_can,0.444,2.83,127.04,122.89,180.0,130.47,-125.75
Negotiation_12,R6,2026-08-24T06:49:01.456381Z,behavior_monitor,12,137,406,1015,910,913,626,1012.02,806.61,301.27,system,NA,0.444,2.83,127.04,122.89,180.0,150.04,-125.75
Negotiation_12,R6,2026-08-24T06:49:01.965850Z,behavior_monitor,12,101,482,953,910,869,566,952.73,772.03,353.64,system,NA,0.448,2.83,103.47,122.89,180.0,87.67,180.0
Negotiation_12,R6,2026-08-24T06:49:02.473754Z,behavior_monitor,12,115,560,890,910,824,566,849.81,708.8,349.54,system,NA,0.455,2.83,56.97,122.89,180.0,87.67,180.0
Negotiation_12,R6,2026-08-24T06:49:02.979156Z,behavior_monitor,12,186,609,861,910,779,603,739.26,593.76,316.74,system,NA,0.445,2.83,28.8,0.0,180.0,87.67,180.0
Negotiation_12,R6,2026-08-24T06:49:03.484795Z,behavior_monitor,12,265,650,834,910,735,645,625.7,469.74,282.69,system,NA,0.429,2.83,5.76,102.72,180.0,150.04,125.75
Negotiation_12,R6,2026-08-24T06:49:03.988750Z,behavior_monitor,12,342,673,782,910,690,668,499.33,348.51,258.32,system,NA,0.411,2.83,1.73,105.68,180.0,87.67,180.0
Negotiation_12,R6,2026-08-24T06:49:04.497198Z,behavior_monitor,12,422,699,727,910,646,695,369.92,223.81,229.58,system,NA,0.377,2.83,2.66,107.76,180.0,87.67,180.0
Negotiation_12,R6,2026-08-24T06:49:05.006010Z,behavior_monitor,12,491,741,677,910,602,734,250.44,110.93,190.66,system,NA,0.307,2.83,54.94,0.0,180.0,150.04,125.75
Negotiation_12,R6,2026-08-24T06:49:05.479600Z,shot_hit,12,559,786,675,910,559,781,169.44,4.98,172.85,agent,NA,0.029,2.83,28.7,80.76,0.0,73.99,-162.51
Negotiation_12,R6,2026-08-24T06:49:05.480235Z,flight_spawn,13,581,-20,675,910,559,781,934.75,802.26,172.85,system,NA,0.462,2.83,45.0,80.76,0.0,73.99,-162.51
Negotiation_12,R6,2026-08-24T06:49:07.492732Z,human_signal,13,638,270,810,809,621,610,566.05,340.68,274.23,human,your_turn,0.376,2.83,96.25,0.0,-90.0,105.88,-90.0
Negotiation_12,R6,2026-08-24T06:49:07.493749Z,behavior_monitor,13,638,270,810,809,621,610,566.05,340.68,274.23,system,NA,0.376,2.83,96.25,41.88,90.0,100.0,-90.0
Negotiation_12,R6,2026-08-24T06:49:07.494135Z,human_signal,13,639,272,810,810,621,610,564.02,337.89,274.81,human,your_turn,0.375,2.83,96.25,41.88,90.0,100.0,-90.0
Negotiation_12,R6,2026-08-24T06:49:08.001633Z,behavior_monitor,13,627,348,806,829,603,566,512.63,219.52,331.07,system,NA,0.3,2.83,63.5,0.0,180.0,0.0,180.0
Negotiation_12,R6,2026-08-24T06:49:08.104610Z,agent_signal,13,636,366,806,829,612,566,493.24,201.97,326.13,agent,i_can,0.291,2.83,63.5,0.0,180.0,87.67,0.0
Negotiation_12,R6,2026-08-24T06:49:08.511703Z,behavior_monitor,13,683,404,815,860,645,566,474.94,167.01,338.83,system,NA,0.26,2.83,21.99,135.9,31.91,87.67,0.0
Negotiation_12,R6,2026-08-24T06:49:09.020281Z,behavior_monitor,13,756,441,880,867,690,566,444.36,141.56,356.31,system,NA,0.242,2.83,44.28,129.41,0.0,87.67,0.0
Negotiation_12,R6,2026-08-24T06:49:09.526235Z,behavior_monitor,13,831,476,946,867,734,566,407.67,132.24,368.1,system,NA,0.245,2.83,7.77,129.41,0.0,87.67,0.0
Negotiation_12,R6,2026-08-24T06:49:10.030653Z,behavior_monitor,13,907,508,1009,848,779,566,354.89,140.25,363.77,system,NA,0.283,2.83,42.38,132.27,-49.61,87.67,0.0
Negotiation_12,R6,2026-08-24T06:49:10.538297Z,behavior_monitor,13,988,543,1025,809,823,566,268.88,166.01,316.45,system,NA,0.382,2.83,17.7,0.0,-90.0,93.15,0.0
Negotiation_12,R6,2026-08-24T06:49:11.047980Z,behavior_monitor,13,1055,591,1065,809,868,587,218.75,186.94,297.06,system,NA,0.461,2.83,45.43,129.41,0.0,150.04,54.25
Negotiation_12,R6,2026-08-24T06:49:11.557259Z,behavior_monitor,13,1103,659,1131,809,913,647,153.22,190.37,271.89,system,NA,0.554,2.83,71.92,129.41,0.0,150.04,54.25
Negotiation_12,R6,2026-08-24T06:49:11.831312Z,human_signal,13,1119,702,1146,813,937,680,114.03,183.32,247.48,human,your_turn,0.617,2.83,71.92,131.47,144.62,150.04,54.25
Negotiation_12,R6,2026-08-24T06:49:11.832442Z,human_signal,13,1119,704,1144,814,937,680,112.26,184.14,246.69,human,your_turn,0.621,2.83,71.92,131.47,144.62,150.04,54.25
Negotiation_12,R6,2026-08-24T06:49:12.067955Z,behavior_monitor,13,1131,739,1133,834,958,709,95.05,175.61,215.4,system,NA,0.649,2.83,71.92,67.89,90.0,150.04,54.25
Negotiation_12,R6,2026-08-24T06:49:12.576631Z,behavior_monitor,13,1127,824,1139,853,1002,771,31.41,134.76,158.76,system,NA,0.811,2.83,95.39,129.41,180.0,150.04,54.25
Negotiation_12,R6,2026-08-24T06:49:12.693625Z,shot_hit,13,1122,843,1128,853,1013,785,10.76,123.83,133.13,human,NA,0.92,2.83,95.39,60.83,180.0,150.04,54.25
Negotiation_12,R6,2026-08-24T06:49:12.694612Z,flight_spawn,14,337,-20,1128,853,1013,785,1178.25,1051.97,133.13,system,NA,0.472,3.43,54.31,60.83,180.0,150.04,54.25
Negotiation_12,R6,2026-08-24T06:49:14.536654Z,human_signal,14,548,243,1091,872,906,638,831.11,533.17,298.39,human,your_turn,0.391,3.43,56.03,0.0,180.0,123.22,-125.75
Negotiation_12,R6,2026-08-24T06:49:14.537247Z,behavior_monitor,14,548,243,1091,872,906,638,831.11,533.17,298.39,system,NA,0.391,3.43,56.03,0.0,180.0,130.47,-125.75
Negotiation_12,R6,2026-08-24T06:49:14.537511Z,human_signal,14,550,246,1091,872,906,638,827.5,529.56,298.39,human,your_turn,0.39,3.43,56.03,0.0,180.0,130.47,-125.75
Negotiation_12,R6,2026-08-24T06:49:15.043958Z,behavior_monitor,14,631,297,1055,872,861,576,713.76,361.4,353.45,system,NA,0.336,3.43,88.73,0.0,180.0,150.04,-125.75
Negotiation_12,R6,2026-08-24T06:49:15.095057Z,agent_signal,14,631,311,1052,865,857,570,695.9,343.09,354.34,agent,i_can,0.33,3.43,88.73,119.33,-110.91,150.04,-125.75
Negotiation_12,R6,2026-08-24T06:49:15.551646Z,behavior_monitor,14,592,385,1036,833,817,566,630.76,288.12,346.0,system,NA,0.314,3.43,137.75,0.0,-143.52,93.15,180.0
Negotiation_12,R6,2026-08-24T06:49:16.059779Z,behavior_monitor,14,490,404,986,878,772,566,687.02,325.2,379.39,system,NA,0.321,3.43,174.56,141.57,134.93,87.67,180.0
Negotiation_12,R6,2026-08-24T06:49:16.567384Z,behavior_monitor,14,387,414,927,910,728,566,733.32,373.55,397.03,system,NA,0.337,3.43,174.56,121.17,180.0,87.67,180.0
Negotiation_12,R6,2026-08-24T06:49:17.076671Z,behavior_monitor,14,298,458,865,910,682,566,724.87,399.29,388.87,system,NA,0.355,3.43,118.49,121.17,180.0,87.67,180.0
Negotiation_12,R6,2026-08-24T06:49:17.584534Z,behavior_monitor,14,267,553,803,910,638,567,644.11,371.14,380.7,system,NA,0.366,3.43,114.27,121.17,180.0,87.67,180.0
Negotiation_12,R6,2026-08-24T06:49:18.090232Z,behavior_monitor,14,187,603,741,910,593,598,633.67,406.63,345.06,system,NA,0.391,3.43,170.63,121.17,180.0,87.67,180.0
Negotiation_12,R6,2026-08-24T06:49:18.599276Z,behavior_monitor,14,88,628,688,910,549,622,662.72,461.11,319.0,system,NA,0.41,3.43,147.15,109.59,180.0,150.04,125.75
Negotiation_12,R6,2026-08-24T06:49:19.106471Z,behavior_monitor,14,30,702,642,910,504,682,646.29,474.75,265.7,system,NA,0.423,3.43,97.01,68.29,180.0,150.04,125.75
Negotiation_12,R6,2026-08-24T06:49:19.614459Z,behavior_monitor,14,48,801,653,910,459,744,614.63,415.41,254.34,system,NA,0.403,3.43,93.3,129.41,0.0,150.04,125.75
Negotiation_12,R6,2026-08-24T06:49:20.561701Z,flight_missed,14,93,954,767,848,374,863,682.51,295.62,393.17,system,NA,0.302,3.21,46.92,142.2,-41.88,150.04,125.75
Negotiation_12,R6,2026-08-24T06:49:20.562853Z,flight_spawn,15,291,-20,767,848,374,863,990.22,887.43,393.17,system,NA,0.473,2.83,135.0,142.2,-41.88,150.04,125.75
Negotiation_12,R6,2026-08-24T06:49:21.369807Z,human_signal,15,250,96,797,772,342,818,869.95,728.0,457.81,human,your_turn,0.456,2.83,83.23,0.0,-90.0,138.63,-125.75
Negotiation_12,R6,2026-08-24T06:49:21.370745Z,behavior_monitor,15,250,96,797,772,342,818,869.95,728.0,457.81,system,NA,0.456,2.83,83.23,0.0,-90.0,130.47,-125.75
Negotiation_12,R6,2026-08-24T06:49:21.371185Z,human_signal,15,251,99,797,772,342,818,867.24,725.11,457.81,human,your_turn,0.455,2.83,83.23,0.0,-90.0,130.47,-125.75
Negotiation_12,R6,2026-08-24T06:49:21.876842Z,behavior_monitor,15,281,172,777,766,297,756,774.04,584.32,480.51,system,NA,0.43,2.83,103.17,129.46,-157.19,150.04,-125.75
Negotiation_12,R6,2026-08-24T06:49:22.385967Z,behavior_monitor,15,276,255,765,762,256,694,704.1,439.6,513.01,system,NA,0.384,2.83,50.71,98.24,180.0,121.76,-90.0
Negotiation_12,R6,2026-08-24T06:49:22.894157Z,behavior_monitor,15,355,280,706,733,300,632,572.46,355.95,418.62,system,NA,0.383,2.83,18.67,139.72,-147.14,150.04,-54.25
Negotiation_12,R6,2026-08-24T06:49:23.402666Z,behavior_monitor,15,434,307,697,727,344,569,494.95,277.17,386.96,system,NA,0.359,2.83,18.67,0.0,-136.75,150.04,-54.25
Negotiation_12,R6,2026-08-24T06:49:23.454442Z,agent_signal,15,444,312,697,727,348,565,485.75,270.5,384.6,agent,i_can,0.358,2.83,48.38,0.0,-136.75,87.67,0.0
Negotiation_12,R6,2026-08-24T06:49:23.604646Z,human_signal,15,463,331,697,727,362,565,459.79,254.84,372.47,human,i_can,0.357,2.83,48.38,0.0,-136.75,93.15,0.0
Negotiation_12,R6,2026-08-24T06:49:23.911397Z,behavior_monitor,15,495,367,712,727,385,565,419.86,226.58,364.76,system,NA,0.351,2.83,48.38,39.59,0.0,76.24,0.0
Negotiation_12,R6,2026-08-24T06:49:24.317631Z,human_signal,15,536,418,710,734,416,565,360.56,190.25,339.0,human,your_turn,0.345,2.83,48.38,89.71,23.33,76.24,0.0
Negotiation_12,R6,2026-08-24T06:49:24.318336Z,human_signal,15,538,420,712,735,416,565,359.46,189.45,340.81,human,your_turn,0.345,2.83,48.38,98.65,21.11,76.24,0.0
Negotiation_12,R6,2026-08-24T06:49:24.385386Z,agent_signal,15,547,429,717,737,422,565,352.02,184.91,341.26,agent,your_turn,0.344,2.83,48.38,116.79,20.25,87.67,0.0
Negotiation_12,R6,2026-08-24T06:49:24.419433Z,behavior_monitor,15,549,431,721,738,425,565,352.68,182.76,343.21,system,NA,0.341,2.83,20.86,124.04,23.22,76.24,0.0
Negotiation_12,R6,2026-08-24T06:49:24.927965Z,behavior_monitor,15,629,461,758,790,463,565,353.54,195.51,370.23,system,NA,0.356,2.83,20.86,108.32,0.0,76.24,0.0
Negotiation_12,R6,2026-08-24T06:49:25.047249Z,human_signal,15,650,467,767,779,472,566,333.28,203.48,364.1,human,i_can,0.379,2.83,6.87,136.67,-71.25,60.09,22.33
Negotiation_12,R6,2026-08-24T06:49:25.434636Z,behavior_monitor,15,710,483,794,736,502,566,266.19,224.47,337.63,system,NA,0.457,2.83,6.21,147.83,-39.64,81.0,0.0
Negotiation_12,R6,2026-08-24T06:49:25.943029Z,behavior_monitor,15,778,523,851,695,541,566,186.05,241.19,335.91,system,NA,0.565,2.83,48.98,139.95,-57.45,76.24,0.0
Negotiation_12,R6,2026-08-24T06:49:26.449343Z,behavior_monitor,15,835,587,819,644,579,580,58.54,257.06,249.04,system,NA,0.815,2.83,48.98,104.81,-145.58,130.47,54.25
Negotiation_12,R6,2026-08-24T06:49:26.889682Z,shot_hit,15,892,633,866,644,612,625,28.04,279.61,254.02,human,NA,0.909,2.83,29.32,129.41,0.0,130.47,54.25
Negotiation_12,R6,2026-08-24T06:49:26.890225Z,flight_spawn,16,1215,-20,866,644,612,625,750.56,883.67,254.02,system,NA,0.541,3.04,131.17,129.41,0.0,130.47,54.25
Negotiation_12,R6,2026-08-24T06:49:27.854192Z,human_signal,16,1230,102,979,649,646,579,602.0,753.95,340.38,human,i_can,0.556,3.04,33.25,142.78,-40.63,130.47,-54.25
Negotiation_12,R6,2026-08-24T06:49:27.870974Z,behavior_monitor,16,1230,102,979,649,647,577,602.0,751.8,339.49,system,NA,0.555,3.04,33.25,142.61,-40.8,130.47,-54.25
Negotiation_12,R6,2026-08-24T06:49:28.380152Z,behavior_monitor,16,1313,129,1041,626,686,566,566.85,764.28,359.35,system,NA,0.574,3.04,12.26,129.41,0.0,76.24,0.0
Negotiation_12,R6,2026-08-24T06:49:28.888430Z,behavior_monitor,16,1400,148,1107,626,725,566,560.9,793.91,386.41,system,NA,0.586,3.04,13.51,129.41,0.0,59.63,-3.63
Negotiation_12,R6,2026-08-24T06:49:29.392863Z,behavior_monitor,16,1426,164,1173,614,764,566,516.27,774.58,411.53,system,NA,0.6,1.87,164.54,139.27,-23.64,76.24,0.0
Negotiation_12,R6,2026-08-24T06:49:29.903130Z,behavior_monitor,16,1370,178,1213,561,803,566,413.57,687.07,410.34,system,NA,0.624,1.87,168.41,129.41,-90.0,76.24,0.0
Negotiation_12,R6,2026-08-24T06:49:30.413289Z,behavior_monitor,16,1314,189,1209,495,842,566,323.16,604.23,374.26,system,NA,0.652,1.87,168.41,134.3,-111.75,76.24,0.0
Negotiation_12,R6,2026-08-24T06:49:30.919144Z,behavior_monitor,16,1258,200,1171,437,881,566,251.76,525.1,318.04,system,NA,0.676,1.87,162.94,136.59,-127.04,76.24,0.0
Negotiation_12,R6,2026-08-24T06:49:31.430319Z,behavior_monitor,16,1204,215,1116,399,920,566,203.72,451.29,257.34,system,NA,0.689,1.87,105.69,134.98,-156.58,76.24,0.0
Negotiation_12,R6,2026-08-24T06:49:31.937004Z,behavior_monitor,16,1165,249,1102,360,959,566,127.54,377.34,250.15,system,NA,0.747,1.87,157.5,138.18,-26.39,76.24,0.0
Negotiation_12,R6,2026-08-24T06:49:32.444522Z,behavior_monitor,16,1109,259,1107,322,999,566,62.06,325.77,267.42,system,NA,0.84,1.87,151.36,0.0,180.0,76.24,0.0
Negotiation_12,R6,2026-08-24T06:49:33.403093Z,shot_miss,16,1003,290,992,322,1001,566,33.65,276.0,244.22,human,NA,0.891,1.87,172.83,0.0,180.0,81.0,180.0
Negotiation_12,R6,2026-08-24T06:49:33.842407Z,shot_hit,16,967,317,960,322,968,566,8.11,249.01,244.93,human,NA,0.968,1.87,97.13,129.41,180.0,76.24,180.0
Negotiation_12,R6,2026-08-24T06:49:33.843052Z,flight_spawn,17,850,-20,960,322,968,566,359.29,598.52,244.93,system,NA,0.625,3.41,125.95,129.41,180.0,76.24,180.0
Negotiation_12,R6,2026-08-24T06:49:37.582961Z,agent_signal,17,496,310,553,501,705,566,199.68,330.69,165.24,agent,your_turn,0.624,3.41,35.03,137.16,132.66,76.24,180.0
Negotiation_12,R6,2026-08-24T06:49:37.599415Z,behavior_monitor,17,496,310,553,501,703,566,199.68,329.87,164.05,system,NA,0.623,3.41,35.03,145.74,132.49,81.0,180.0
Negotiation_12,R6,2026-08-24T06:49:37.920642Z,human_signal,17,529,366,525,535,679,566,169.72,250.03,156.97,human,your_turn,0.596,3.41,63.78,135.11,124.98,76.24,180.0
Negotiation_12,R6,2026-08-24T06:49:37.921774Z,human_signal,17,531,369,524,537,679,566,168.68,246.5,157.87,human,your_turn,0.594,3.41,63.78,135.11,124.98,76.24,180.0
Negotiation_12,R6,2026-08-24T06:49:38.107815Z,behavior_monitor,17,548,397,513,557,662,566,164.66,204.43,149.76,system,NA,0.554,3.41,71.52,133.3,113.34,105.55,173.34
Negotiation_12,R6,2026-08-24T06:49:38.615882Z,behavior_monitor,17,541,497,508,623,617,566,130.4,102.94,123.22,system,NA,0.441,3.41,98.57,129.41,90.0,87.67,180.0
Negotiation_12,R6,2026-08-24T06:49:38.786434Z,agent_signal,17,534,534,508,645,603,566,114.06,75.81,123.13,agent,i_can,0.399,3.41,98.57,129.41,90.0,87.67,180.0
Negotiation_12,R6,2026-08-24T06:49:39.126266Z,behavior_monitor,17,513,594,508,689,573,582,94.79,61.24,124.74,system,NA,0.392,3.41,118.98,129.41,90.0,150.04,125.75
Negotiation_12,R6,2026-08-24T06:49:39.481322Z,shot_miss,17,503,667,495,736,540,628,69.3,54.33,117.17,agent,NA,0.439,3.41,92.09,140.94,123.45,150.04,125.75
Negotiation_12,R6,2026-08-24T06:49:39.632424Z,behavior_monitor,17,500,694,494,754,529,645,60.06,56.85,114.47,system,NA,0.486,3.41,120.47,129.41,90.0,150.04,125.75
Negotiation_12,R6,2026-08-24T06:49:40.139875Z,behavior_monitor,17,440,773,474,816,483,707,55.72,78.67,109.64,system,NA,0.585,3.41,165.97,142.0,134.57,150.04,125.75
Negotiation_12,R6,2026-08-24T06:49:40.645106Z,behavior_monitor,17,347,813,418,861,439,769,85.19,101.62,94.35,system,NA,0.544,3.41,143.05,141.67,142.48,150.04,125.75
Negotiation_12,R6,2026-08-24T06:49:41.147451Z,behavior_monitor,17,259,861,360,904,395,831,109.53,138.92,81.13,system,NA,0.559,3.41,174.32,141.55,143.96,145.92,131.7
Negotiation_12,R6,2026-08-24T06:49:41.196040Z,conflict,17,244,862,352,909,389,839,118.05,147.02,79.63,system,NA,0.555,3.41,151.23,141.55,143.96,150.04,125.75
Negotiation_12,R6,2026-08-24T06:49:41.649226Z,behavior_monitor,17,164,887,352,909,389,839,189.25,230.11,79.63,system,NA,0.549,3.41,158.87,0.0,143.96,0.0,125.75
Negotiation_12,R6,2026-08-24T06:49:42.158679Z,behavior_monitor,17,74,937,304,910,383,895,231.15,311.34,80.31,system,NA,0.574,3.41,129.91,50.25,180.0,130.95,98.9
Negotiation_12,R6,2026-08-24T06:49:42.209657Z,conflict,17,66,947,302,908,380,903,239.52,317.2,77.96,system,NA,0.57,3.41,129.91,42.45,-157.04,124.03,100.96
Negotiation_12,R6,2026-08-24T06:49:42.665274Z,behavior_monitor,17,23,1023,302,908,380,903,302.41,377.14,77.96,system,NA,0.555,3.41,135.05,0.0,-40.76,0.0,125.75
Negotiation_12,R6,2026-08-24T06:49:42.716250Z,flight_missed,17,24,1033,302,907,379,905,305.5,377.02,76.32,system,NA,0.552,2.81,58.99,0.0,-40.76,0.0,125.75
Negotiation_12,R6,2026-08-24T06:49:42.716968Z,flight_spawn,18,1154,-20,302,907,379,905,1259.4,1207.59,76.32,system,NA,0.489,3.0,131.79,0.0,-40.76,0.0,125.75
Negotiation_12,R6,2026-08-24T06:49:44.728066Z,agent_signal,18,1099,311,360,808,507,729,891.48,724.45,168.01,agent,i_can,0.448,3.0,97.66,133.95,52.14,130.47,-54.25
Negotiation_12,R6,2026-08-24T06:49:44.744569Z,behavior_monitor,18,1099,311,360,808,509,726,891.48,722.04,170.31,system,NA,0.447,3.0,97.66,144.03,51.27,159.42,-54.25
Negotiation_12,R6,2026-08-24T06:49:45.251152Z,behavior_monitor,18,1099,399,418,844,554,664,814.02,606.06,225.97,system,NA,0.427,3.0,69.65,135.63,17.43,150.04,-54.25
Negotiation_12,R6,2026-08-24T06:49:45.760654Z,behavior_monitor,18,1087,484,451,846,598,602,731.41,502.37,284.6,system,NA,0.407,3.0,119.32,129.41,0.0,150.04,-54.25
Negotiation_12,R6,2026-08-24T06:49:46.267338Z,behavior_monitor,18,1020,529,499,847,643,565,610.3,377.9,317.06,system,NA,0.382,3.0,160.17,133.75,14.64,90.94,9.16
Negotiation_12,R6,2026-08-24T06:49:46.774861Z,behavior_monitor,18,935,560,563,871,688,565,485.29,247.34,330.55,system,NA,0.338,3.0,165.3,137.65,36.3,87.67,0.0
Negotiation_12,R6,2026-08-24T06:49:47.280710Z,behavior_monitor,18,849,577,624,904,733,571,396.45,116.6,349.41,system,NA,0.227,3.0,167.09,134.82,20.3,87.67,0.0
Negotiation_12,R6,2026-08-24T06:49:47.788548Z,behavior_monitor,18,758,592,633,907,752,588,338.62,7.34,340.23,system,NA,0.021,3.0,170.72,0.0,0.0,150.04,125.75
Negotiation_12,R6,2026-08-24T06:49:47.839857Z,shot_hit,18,745,594,633,907,746,590,332.12,4.13,336.24,agent,NA,0.012,3.0,170.72,0.0,0.0,87.67,180.0
Negotiation_12,R6,2026-08-24T06:49:47.840774Z,flight_spawn,19,245,-20,633,907,746,590,1005.07,790.0,336.24,system,NA,0.44,2.83,45.0,0.0,0.0,87.67,180.0
Negotiation_12,R6,2026-08-24T06:49:50.832043Z,agent_signal,19,541,308,533,819,542,565,510.7,256.96,253.82,agent,i_can,0.335,2.83,18.9,129.41,0.0,76.24,180.0
Negotiation_12,R6,2026-08-24T06:49:50.849730Z,behavior_monitor,19,541,308,533,819,540,565,510.7,256.96,253.77,system,NA,0.335,2.83,18.9,129.41,0.0,87.67,180.0
Negotiation_12,R6,2026-08-24T06:49:51.358512Z,behavior_monitor,19,605,359,599,819,569,565,459.8,208.89,255.78,system,NA,0.312,2.83,47.5,129.41,0.0,87.67,0.0
Negotiation_12,R6,2026-08-24T06:49:51.866038Z,behavior_monitor,19,642,433,665,819,613,564,386.13,134.37,259.44,system,NA,0.258,2.83,67.89,129.41,0.0,87.67,0.0
Negotiation_12,R6,2026-08-24T06:49:52.375369Z,behavior_monitor,19,662,513,718,847,640,564,337.9,55.34,293.51,system,NA,0.141,2.83,71.93,0.0,42.96,0.0,-24.03
Negotiation_12,R6,2026-08-24T06:49:52.528558Z,shot_miss,19,675,540,718,847,651,564,309.35,34.0,290.35,agent,NA,0.099,2.83,71.93,0.0,42.96,0.0,0.0
Negotiation_12,R6,2026-08-24T06:49:52.882028Z,behavior_monitor,19,682,596,748,847,661,585,259.72,23.0,275.77,system,NA,0.081,2.83,94.81,129.41,0.0,121.76,90.0
Negotiation_12,R6,2026-08-24T06:49:52.883219Z,shot_hit,19,682,598,750,847,661,587,257.53,23.5,274.51,agent,NA,0.084,2.83,94.81,129.41,0.0,121.76,90.0
Negotiation_12,R6,2026-08-24T06:49:52.883595Z,flight_spawn,20,350,-20,750,847,661,587,955.06,682.62,274.51,system,NA,0.417,2.83,135.0,129.41,0.0,121.76,90.0
Negotiation_12,R6,2026-08-24T06:49:56.183895Z,agent_signal,20,69,316,406,804,440,564,593.45,447.07,242.18,agent,i_can,0.43,2.09,73.05,99.88,0.0,76.24,180.0
Negotiation_12,R6,2026-08-24T06:49:56.200147Z,behavior_monitor,20,69,316,406,804,439,564,593.45,445.83,241.97,system,NA,0.429,2.09,73.05,129.41,0.0,87.67,180.0
Negotiation_12,R6,2026-08-24T06:49:56.709894Z,behavior_monitor,20,65,370,472,795,394,564,588.37,382.41,243.33,system,NA,0.394,2.09,149.4,137.4,-19.64,87.67,180.0
Negotiation_12,R6,2026-08-24T06:49:57.216000Z,behavior_monitor,20,22,418,479,817,348,564,606.55,358.17,283.91,system,NA,0.371,1.85,66.47,0.0,90.0,82.8,180.0
Negotiation_12,R6,2026-08-24T06:49:57.724878Z,behavior_monitor,20,37,471,479,817,304,564,560.75,282.56,307.01,system,NA,0.335,1.85,74.02,0.0,90.0,87.67,180.0
Negotiation_12,R6,2026-08-24T06:49:58.234667Z,behavior_monitor,20,41,525,451,868,259,565,534.53,221.77,358.93,system,NA,0.293,1.85,47.11,0.0,125.0,66.17,163.27
Negotiation_12,R6,2026-08-24T06:49:58.743515Z,behavior_monitor,20,75,570,451,869,215,565,481.2,139.84,385.98,system,NA,0.225,1.85,71.69,47.41,90.0,87.67,180.0
Negotiation_12,R6,2026-08-24T06:49:59.250449Z,behavior_monitor,20,106,613,410,910,170,608,424.72,64.2,385.24,system,NA,0.131,1.85,66.49,118.27,180.0,150.04,125.75
Negotiation_12,R6,2026-08-24T06:49:59.540077Z,shot_hit,20,114,643,405,910,144,639,394.13,30.29,375.47,agent,NA,0.071,1.85,66.49,0.0,180.0,150.04,125.75
