user_id,round_id,timestamp,event_type,flight_id,flight_x,flight_y,human_x,human_y,agent_x,agent_y,dist_human_flight,dist_agent_flight,dist_human_agent,triggered_by,signal_type,dir_ratio,flight_speed,flight_angle,human_speed,human_direction,agent_speed,agent_direction
Negotiation_49,R1,2026-09-11T06:33:11.183204Z,flight_spawn,1,195,-20,1393,892,1197,909,1506.26,1366.26,197.06,system,NA,0.476,3.3,127.31,0.0,49.12,0.0,55.4
Negotiation_49,R1,2026-09-11T06:42:01.125624Z,human_signal,1,193,-17,1127,754,367,754,1211.24,790.72,760.0,human,your_turn,0.395,3.3,155.38,0.0,0.0,0.0,0.0
Negotiation_49,R1,2026-09-11T06:42:01.128189Z,human_signal,1,193,-17,1127,754,367,754,1211.24,790.72,760.0,human,your_turn,0.395,3.3,155.38,0.0,0.0,0.0,0.0
Negotiation_49,R1,2026-09-11T06:42:01.128363Z,human_signal,1,193,-17,1127,754,367,754,1211.24,790.72,760.0,human,your_turn,0.395,3.3,155.38,0.0,0.0,0.0,0.0
Negotiation_49,R1,2026-09-11T06:42:01.128486Z,human_signal,1,193,-17,1127,754,367,754,1211.24,790.72,760.0,human,your_turn,0.395,3.3,155.38,0.0,0.0,0.0,0.0
Negotiation_49,R1,2026-09-11T06:42:01.128584Z,human_signal,1,193,-17,1127,754,367,754,1211.24,790.72,760.0,human,your_turn,0.395,3.3,155.38,0.0,0.0,0.0,0.0
Negotiation_49,R1,2026-09-11T06:42:01.128678Z,human_signal,1,193,-17,1127,754,367,754,1211.24,790.72,760.0,human,your_turn,0.395,3.3,155.38,0.0,0.0,0.0,0.0
Negotiation_49,R1,2026-09-11T06:42:01.128768Z,human_signal,1,193,-17,1127,754,367,754,1211.24,790.72,760.0,human,your_turn,0.395,3.3,155.38,0.0,0.0,0.0,0.0
Negotiation_49,R1,2026-09-11T06:42:01.142085Z,behavior_monitor,1,193,-17,1127,754,367,754,1211.24,790.72,760.0,system,NA,0.395,3.3,155.38,0.0,0.0,0.0,0.0
Negotiation_49,R1,2026-09-11T06:42:01.653730Z,behavior_monitor,1,97,15,1127,754,367,754,1267.04,786.07,760.0,system,NA,0.383,3.3,169.78,0.0,0.0,0.0,0.0
Negotiation_49,R1,2026-09-11T06:42:02.163321Z,behavior_monitor,1,30,36,1127,754,345,723,1310.52,755.68,782.49,system,NA,0.366,2.01,12.25,0.0,0.0,169.61,-125.75
Negotiation_49,R1,2026-09-11T06:42:02.672314Z,behavior_monitor,1,83,58,1127,754,294,653,1253.77,630.77,838.51,system,NA,0.335,2.01,22.04,0.0,0.0,169.61,-125.75
Negotiation_49,R1,2026-09-11T06:42:03.184128Z,behavior_monitor,1,136,85,1101,754,244,583,1174.31,509.69,873.76,system,NA,0.303,2.01,34.14,129.41,180.0,169.61,-125.75
Negotiation_49,R1,2026-09-11T06:42:03.694514Z,behavior_monitor,1,189,119,1036,740,193,564,1050.58,445.07,861.28,system,NA,0.298,2.01,34.14,92.91,180.0,105.54,-165.14
Negotiation_49,R1,2026-09-11T06:42:04.203528Z,behavior_monitor,1,239,153,1024,740,215,564,980.11,411.65,827.25,system,NA,0.296,2.01,63.97,0.0,180.0,99.11,0.0
Negotiation_49,R1,2026-09-11T06:42:04.706406Z,behavior_monitor,1,266,207,1024,740,243,564,925.94,357.7,800.38,system,NA,0.279,2.01,63.97,0.0,180.0,0.0,0.0
Negotiation_49,R1,2026-09-11T06:42:04.740750Z,human_signal,1,267,211,1024,740,244,563,923.73,353.4,799.0,human,your_turn,0.277,2.01,64.81,0.0,180.0,91.97,-15.07
Negotiation_49,R1,2026-09-11T06:42:04.741405Z,human_signal,1,267,212,1024,740,244,563,922.41,351.61,799.0,human,your_turn,0.276,2.01,64.81,0.0,180.0,0.0,-15.07
Negotiation_49,R1,2026-09-11T06:42:05.220936Z,behavior_monitor,1,305,248,1024,740,282,564,870.46,317.04,762.3,system,NA,0.267,2.01,40.17,0.0,180.0,99.11,0.0
Negotiation_49,R1,2026-09-11T06:42:05.729437Z,behavior_monitor,1,329,298,1024,740,307,564,823.58,267.17,737.73,system,NA,0.245,2.01,91.06,0.0,180.0,0.0,0.0
Negotiation_49,R1,2026-09-11T06:42:05.848637Z,human_signal,1,328,312,1024,740,307,564,816.52,252.85,737.66,human,your_turn,0.236,2.01,91.06,0.0,180.0,0.0,-62.22
Negotiation_49,R1,2026-09-11T06:42:05.849747Z,human_signal,1,328,314,1024,740,307,564,815.29,250.86,737.66,human,your_turn,0.235,2.01,91.06,0.0,180.0,0.0,-62.22
Negotiation_49,R1,2026-09-11T06:42:06.238970Z,behavior_monitor,1,322,357,1024,740,304,564,799.56,207.5,740.59,system,NA,0.206,2.01,111.78,0.0,180.0,99.11,180.0
Negotiation_49,R1,2026-09-11T06:42:06.529914Z,human_signal,1,309,389,1024,740,292,563,796.05,175.5,752.28,human,your_turn,0.181,2.01,111.78,0.0,180.0,99.11,180.0
Negotiation_49,R1,2026-09-11T06:42:06.530274Z,human_signal,1,308,391,1024,740,292,563,796.54,173.5,752.28,human,your_turn,0.179,2.01,111.78,0.0,180.0,0.0,180.0
Negotiation_49,R1,2026-09-11T06:42:06.530671Z,agent_signal,1,308,391,1024,740,292,563,796.54,173.5,752.28,agent,i_can,0.179,2.01,111.78,0.0,180.0,0.0,180.0
Negotiation_49,R1,2026-09-11T06:42:06.752113Z,behavior_monitor,1,300,413,1024,740,282,563,794.31,151.26,762.19,system,NA,0.16,2.01,111.78,0.0,180.0,99.11,180.0
Negotiation_49,R1,2026-09-11T06:42:07.262677Z,behavior_monitor,1,276,463,1024,740,258,563,797.27,101.63,785.32,system,NA,0.113,2.01,111.32,0.0,180.0,0.0,180.0
Negotiation_49,R1,2026-09-11T06:42:07.771238Z,behavior_monitor,1,262,516,1024,740,246,563,793.18,49.16,797.54,system,NA,0.058,2.01,140.15,0.0,180.0,0.0,180.0
Negotiation_49,R1,2026-09-11T06:42:07.822617Z,human_signal,1,258,520,1024,740,241,563,796.28,45.8,802.47,human,your_turn,0.054,2.01,140.15,0.0,180.0,99.11,180.0
Negotiation_49,R1,2026-09-11T06:42:07.823718Z,human_signal,1,257,522,1024,740,241,563,797.01,44.19,802.47,human,your_turn,0.053,2.01,140.15,0.0,180.0,99.11,180.0
Negotiation_49,R1,2026-09-11T06:42:07.959428Z,shot_miss,1,241,527,1024,740,227,563,811.39,38.45,815.62,agent,NA,0.045,2.01,168.16,0.0,180.0,93.6,180.0
Negotiation_49,R1,2026-09-11T06:42:08.284929Z,behavior_monitor,1,209,535,1024,740,197,563,840.28,30.41,844.91,system,NA,0.035,2.01,163.58,0.0,180.0,99.11,180.0
Negotiation_49,R1,2026-09-11T06:42:08.286023Z,shot_hit,1,207,535,1024,740,196,563,842.16,29.74,846.56,agent,NA,0.034,2.01,163.58,0.0,180.0,99.11,180.0
Negotiation_49,R1,2026-09-11T06:42:08.286405Z,flight_spawn,2,626,-20,1024,740,196,563,857.78,725.31,846.56,system,NA,0.458,3.17,50.87,0.0,180.0,99.11,180.0
Negotiation_49,R1,2026-09-11T06:42:10.406990Z,agent_signal,2,530,312,922,740,334,563,580.87,318.08,614.15,agent,i_can,0.354,3.17,110.6,129.41,180.0,76.24,0.0
Negotiation_49,R1,2026-09-11T06:42:10.423556Z,behavior_monitor,2,530,312,922,740,336,563,580.87,317.05,612.53,system,NA,0.353,3.17,110.6,129.41,180.0,99.11,0.0
Negotiation_49,R1,2026-09-11T06:42:10.934043Z,behavior_monitor,2,504,402,885,740,386,563,509.68,199.91,529.34,system,NA,0.282,3.17,82.27,0.0,180.0,93.6,0.0
Negotiation_49,R1,2026-09-11T06:42:11.445913Z,behavior_monitor,2,512,496,885,740,436,563,446.24,100.96,482.58,system,NA,0.184,3.17,114.05,0.0,180.0,79.05,-6.07
Negotiation_49,R1,2026-09-11T06:42:11.480528Z,human_signal,2,510,501,885,740,440,563,444.89,93.01,479.45,human,your_turn,0.173,3.17,114.05,0.0,180.0,99.11,0.0
Negotiation_49,R1,2026-09-11T06:42:11.481499Z,human_signal,2,509,504,885,740,440,563,444.12,90.43,479.45,human,your_turn,0.169,3.17,114.05,0.0,180.0,99.11,0.0
Negotiation_49,R1,2026-09-11T06:42:11.941365Z,shot_hit,2,437,549,885,740,437,563,486.85,13.62,482.31,agent,NA,0.027,3.17,168.37,0.0,180.0,99.11,180.0
Negotiation_49,R1,2026-09-11T06:42:11.942386Z,flight_spawn,3,54,-20,885,740,437,563,1126.88,697.69,482.31,system,NA,0.382,3.53,55.5,0.0,180.0,99.11,180.0
Negotiation_49,R1,2026-09-11T06:42:12.060941Z,human_signal,3,66,-2,885,740,437,563,1105.77,676.15,482.31,human,your_turn,0.379,3.53,55.5,0.0,180.0,0.0,180.0
Negotiation_49,R1,2026-09-11T06:42:12.061951Z,behavior_monitor,3,66,-2,885,740,437,563,1105.77,676.15,482.31,system,NA,0.379,3.53,55.5,0.0,180.0,0.0,180.0
Negotiation_49,R1,2026-09-11T06:42:12.062380Z,human_signal,3,69,0,885,740,437,563,1102.07,672.42,482.31,human,your_turn,0.379,3.53,55.5,0.0,180.0,0.0,180.0
Negotiation_49,R1,2026-09-11T06:42:12.570139Z,behavior_monitor,3,121,86,885,740,403,563,1005.36,553.33,513.79,system,NA,0.355,3.53,75.82,0.0,180.0,99.11,180.0
Negotiation_49,R1,2026-09-11T06:42:13.084956Z,behavior_monitor,3,151,187,885,740,353,563,919.27,426.23,561.5,system,NA,0.317,3.53,71.44,0.0,180.0,99.11,180.0
Negotiation_49,R1,2026-09-11T06:42:13.594274Z,behavior_monitor,3,134,279,848,740,302,563,849.26,329.27,573.85,system,NA,0.279,3.53,147.23,0.0,180.0,99.11,180.0
Negotiation_49,R1,2026-09-11T06:42:13.800535Z,agent_signal,3,110,316,848,740,282,563,850.69,300.22,593.11,agent,i_can,0.261,3.53,120.88,0.0,180.0,99.11,180.0
Negotiation_49,R1,2026-09-11T06:42:14.107398Z,behavior_monitor,3,77,368,815,740,251,563,826.23,261.41,590.56,system,NA,0.24,3.53,120.88,129.41,180.0,99.11,180.0
Negotiation_49,R1,2026-09-11T06:42:14.294824Z,human_signal,3,68,404,802,740,233,563,806.48,228.41,595.71,human,your_turn,0.221,3.53,91.75,0.0,180.0,99.11,180.0
Negotiation_49,R1,2026-09-11T06:42:14.295371Z,human_signal,3,68,408,802,740,233,563,805.64,226.48,595.71,human,your_turn,0.219,3.53,91.75,0.0,180.0,99.11,180.0
Negotiation_49,R1,2026-09-11T06:42:14.616570Z,human_signal,3,29,456,802,740,201,563,822.8,202.07,626.15,human,your_turn,0.197,3.53,140.23,0.0,180.0,87.16,-179.82
Negotiation_49,R1,2026-09-11T06:42:14.617534Z,behavior_monitor,3,29,456,802,740,201,563,822.8,202.07,626.15,system,NA,0.197,3.53,140.23,0.0,180.0,99.11,180.0
Negotiation_49,R1,2026-09-11T06:42:14.617988Z,human_signal,3,26,459,802,740,201,563,825.12,203.71,626.15,human,your_turn,0.198,3.53,140.23,0.0,180.0,99.11,180.0
Negotiation_49,R1,2026-09-11T06:42:15.126531Z,behavior_monitor,3,59,522,802,740,150,563,774.25,100.28,674.95,system,NA,0.115,2.78,31.24,0.0,180.0,99.11,180.0
Negotiation_49,R1,2026-09-11T06:42:15.534701Z,shot_hit,3,122,532,802,740,108,563,711.03,33.31,715.68,agent,NA,0.045,2.78,5.28,0.0,180.0,99.11,180.0
Negotiation_49,R1,2026-09-11T06:42:15.535644Z,flight_spawn,4,1091,-20,802,740,108,563,813.65,1143.15,715.68,system,NA,0.584,3.4,126.0,0.0,180.0,99.11,180.0
Negotiation_49,R1,2026-09-11T06:42:19.085286Z,human_signal,4,437,183,780,740,324,564,654.43,396.9,488.67,human,your_turn,0.378,3.4,167.59,0.0,180.0,76.24,0.0
Negotiation_49,R1,2026-09-11T06:42:19.086091Z,behavior_monitor,4,437,183,780,740,324,564,654.43,396.9,488.67,system,NA,0.378,3.4,167.59,0.0,180.0,76.24,0.0
Negotiation_49,R1,2026-09-11T06:42:19.086628Z,human_signal,4,433,184,780,740,324,564,655.56,395.27,488.67,human,your_turn,0.376,3.4,167.59,0.0,180.0,76.24,0.0
Negotiation_49,R1,2026-09-11T06:42:19.595839Z,behavior_monitor,4,338,210,780,740,336,564,690.22,353.83,477.69,system,NA,0.339,3.4,164.27,0.0,180.0,99.11,180.0
Negotiation_49,R1,2026-09-11T06:42:19.852174Z,human_signal,4,290,224,780,740,311,564,711.59,340.61,501.26,human,your_turn,0.324,3.4,164.27,0.0,180.0,93.6,180.0
Negotiation_49,R1,2026-09-11T06:42:19.853168Z,human_signal,4,288,225,780,740,311,564,712.64,339.85,501.26,human,your_turn,0.323,3.4,164.27,0.0,180.0,99.11,180.0
Negotiation_49,R1,2026-09-11T06:42:20.107070Z,behavior_monitor,4,244,238,780,740,286,564,734.74,328.8,525.0,system,NA,0.309,3.4,158.28,0.0,180.0,99.11,180.0
Negotiation_49,R1,2026-09-11T06:42:20.619003Z,behavior_monitor,4,155,278,780,740,234,563,777.02,295.61,573.8,system,NA,0.276,3.4,128.35,0.0,180.0,99.11,180.0
Negotiation_49,R1,2026-09-11T06:42:20.806206Z,agent_signal,4,131,310,780,740,216,563,778.99,266.84,591.46,agent,i_can,0.255,3.4,128.35,0.0,180.0,99.11,180.0
Negotiation_49,R1,2026-09-11T06:42:21.129614Z,behavior_monitor,4,105,365,780,740,184,563,772.78,213.47,622.08,system,NA,0.216,3.4,127.89,0.0,180.0,99.11,180.0
Negotiation_49,R1,2026-09-11T06:42:21.605984Z,human_signal,4,20,407,780,740,137,563,830.59,195.41,667.33,human,your_turn,0.19,2.29,34.45,0.0,180.0,93.6,180.0
Negotiation_49,R1,2026-09-11T06:42:21.607065Z,human_signal,4,22,408,780,740,137,563,827.68,192.81,667.33,human,your_turn,0.189,2.29,34.45,0.0,180.0,99.11,180.0
Negotiation_49,R1,2026-09-11T06:42:21.639851Z,behavior_monitor,4,25,409,780,740,134,563,824.97,188.38,670.58,system,NA,0.186,2.29,34.45,0.0,180.0,99.11,180.0
Negotiation_49,R1,2026-09-11T06:42:22.151953Z,behavior_monitor,4,74,456,780,740,83,563,760.87,107.25,719.63,system,NA,0.124,2.29,58.42,0.0,180.0,93.6,180.0
Negotiation_49,R1,2026-09-11T06:42:22.662516Z,behavior_monitor,4,123,506,780,740,98,563,697.97,61.55,705.09,system,NA,0.081,2.29,38.05,0.0,180.0,99.11,0.0
Negotiation_49,R1,2026-09-11T06:42:22.696246Z,human_signal,4,127,509,780,740,101,563,692.9,59.4,701.83,human,your_turn,0.079,2.29,38.05,0.0,180.0,99.11,0.0
Negotiation_49,R1,2026-09-11T06:42:22.697158Z,human_signal,4,129,510,780,740,101,563,690.55,59.05,701.83,human,your_turn,0.079,2.29,38.05,0.0,180.0,99.11,0.0
Negotiation_49,R1,2026-09-11T06:42:23.002804Z,shot_miss,4,169,523,780,740,134,562,649.1,53.11,670.6,agent,NA,0.076,2.29,14.08,0.0,180.0,99.11,0.0
Negotiation_49,R1,2026-09-11T06:42:23.121744Z,human_signal,4,182,527,780,740,144,562,635.12,52.28,660.85,human,your_turn,0.076,2.29,40.6,0.0,180.0,99.11,0.0
Negotiation_49,R1,2026-09-11T06:42:23.122470Z,human_signal,4,184,528,780,740,144,562,632.66,52.85,660.85,human,your_turn,0.077,2.29,40.6,0.0,180.0,99.11,0.0
Negotiation_49,R1,2026-09-11T06:42:23.172974Z,behavior_monitor,4,188,531,780,740,149,562,627.63,50.37,655.99,system,NA,0.074,2.29,40.6,0.0,180.0,93.6,0.0
Negotiation_49,R1,2026-09-11T06:42:23.277023Z,shot_miss,4,202,542,780,740,161,562,610.84,46.78,644.64,agent,NA,0.071,2.29,12.91,0.0,180.0,99.11,0.0
Negotiation_49,R1,2026-09-11T06:42:23.599820Z,human_signal,4,242,551,780,740,191,562,570.33,52.88,615.94,human,your_turn,0.085,2.29,12.91,0.0,180.0,99.11,0.0
Negotiation_49,R1,2026-09-11T06:42:23.600942Z,human_signal,4,245,551,780,740,191,562,567.46,55.58,615.94,human,your_turn,0.089,2.29,12.91,0.0,180.0,99.11,0.0
Negotiation_49,R1,2026-09-11T06:42:23.601346Z,shot_miss,4,245,551,780,740,192,562,567.46,53.93,614.32,agent,NA,0.087,2.29,12.91,0.0,180.0,99.11,0.0
Negotiation_49,R1,2026-09-11T06:42:23.684123Z,behavior_monitor,4,252,553,780,740,199,562,560.15,54.19,607.88,system,NA,0.088,2.29,7.2,0.0,180.0,99.11,0.0
Negotiation_49,R1,2026-09-11T06:42:24.127511Z,human_signal,4,304,575,780,740,243,569,504.27,61.19,563.96,human,your_turn,0.108,2.29,34.21,0.0,180.0,169.61,54.25
Negotiation_49,R1,2026-09-11T06:42:24.128070Z,human_signal,4,306,577,780,740,243,569,501.3,64.0,563.96,human,your_turn,0.113,2.29,34.21,0.0,180.0,99.11,0.0
Negotiation_49,R1,2026-09-11T06:42:24.195541Z,behavior_monitor,4,313,580,780,740,249,576,493.49,63.92,555.44,system,NA,0.115,2.29,34.21,0.0,180.0,169.61,54.25
Negotiation_49,R1,2026-09-11T06:42:24.706980Z,behavior_monitor,4,370,609,780,740,300,604,430.1,70.59,499.01,system,NA,0.141,2.29,36.67,0.0,180.0,99.11,0.0
Negotiation_49,R1,2026-09-11T06:42:24.757305Z,human_signal,4,377,614,780,740,305,609,423.0,71.64,492.88,human,your_turn,0.145,2.29,65.72,0.0,180.0,99.11,0.0
Negotiation_49,R1,2026-09-11T06:42:24.758375Z,human_signal,4,378,616,780,740,305,609,420.92,73.32,492.88,human,your_turn,0.148,2.29,65.72,0.0,180.0,169.61,54.25
Negotiation_49,R1,2026-09-11T06:42:25.217408Z,behavior_monitor,4,430,644,780,740,351,640,362.71,79.91,441.23,system,NA,0.181,2.29,5.99,0.0,180.0,99.11,0.0
Negotiation_49,R1,2026-09-11T06:42:25.728857Z,behavior_monitor,4,487,681,719,766,401,675,247.23,86.06,330.82,system,NA,0.258,2.29,34.72,139.34,157.26,99.11,0.0
Negotiation_49,R1,2026-09-11T06:42:26.239249Z,behavior_monitor,4,543,720,656,784,451,715,130.17,91.63,216.25,system,NA,0.413,2.29,34.72,86.06,180.0,99.11,0.0
Negotiation_49,R1,2026-09-11T06:42:26.749756Z,behavior_monitor,4,585,774,636,788,502,768,52.97,83.23,135.49,system,NA,0.611,2.29,57.02,135.36,162.95,169.61,54.25
Negotiation_49,R1,2026-09-11T06:42:26.801399Z,shot_miss,4,587,780,630,790,507,775,43.66,80.04,123.28,human,NA,0.647,2.29,83.23,128.49,162.03,160.19,54.25
Negotiation_49,R1,2026-09-11T06:42:27.074216Z,shot_hit,4,592,817,612,796,533,811,28.69,59.1,80.04,human,NA,0.673,2.29,83.23,0.0,163.7,165.85,58.97
Negotiation_49,R1,2026-09-11T06:42:27.075254Z,flight_spawn,5,795,-20,612,796,533,811,836.56,871.5,80.04,system,NA,0.51,3.33,126.91,0.0,163.7,165.85,58.97
Negotiation_49,R1,2026-09-11T06:42:27.619389Z,conflict,5,703,27,612,796,535,809,774.36,800.14,78.45,system,NA,0.508,3.33,158.16,0.0,163.7,0.0,54.25
Negotiation_49,R1,2026-09-11T06:42:29.594944Z,agent_signal,5,561,310,625,796,527,655,490.07,346.46,171.86,agent,i_can,0.414,3.33,74.22,0.0,0.0,130.47,-54.25
Negotiation_49,R1,2026-09-11T06:42:29.612099Z,behavior_monitor,5,561,310,625,796,529,652,490.07,343.96,172.84,system,NA,0.412,3.33,74.22,0.0,0.0,169.61,-54.25
Negotiation_49,R1,2026-09-11T06:42:30.122249Z,behavior_monitor,5,589,406,625,796,567,582,391.32,177.78,221.24,system,NA,0.312,3.33,74.22,0.0,0.0,137.65,-90.0
Negotiation_49,R1,2026-09-11T06:42:30.598896Z,human_signal,5,568,497,625,796,551,566,304.46,71.75,240.97,human,your_turn,0.191,3.33,103.71,0.0,0.0,99.11,180.0
Negotiation_49,R1,2026-09-11T06:42:30.599459Z,human_signal,5,568,500,625,796,551,566,301.29,68.6,240.97,human,your_turn,0.185,3.33,103.71,0.0,0.0,0.0,180.0
Negotiation_49,R1,2026-09-11T06:42:30.632065Z,behavior_monitor,5,568,503,625,796,551,566,298.2,65.35,240.97,system,NA,0.18,3.33,103.71,0.0,0.0,0.0,180.0
Negotiation_49,R1,2026-09-11T06:42:30.871049Z,shot_hit,5,559,552,625,796,543,567,253.0,21.95,243.76,agent,NA,0.08,3.33,103.71,0.0,0.0,0.0,180.0
Negotiation_49,R1,2026-09-11T06:42:30.871925Z,flight_spawn,6,895,-20,625,796,543,567,859.74,684.68,243.76,system,NA,0.443,3.08,130.48,0.0,0.0,0.0,180.0
Negotiation_49,R1,2026-09-11T06:42:32.641255Z,human_signal,6,791,265,625,796,651,565,555.74,331.14,231.85,human,your_turn,0.373,3.08,99.33,0.0,0.0,76.24,0.0
Negotiation_49,R1,2026-09-11T06:42:32.642330Z,behavior_monitor,6,791,265,625,796,651,565,555.74,331.14,231.85,system,NA,0.373,3.08,99.33,0.0,0.0,76.24,0.0
Negotiation_49,R1,2026-09-11T06:42:32.642795Z,human_signal,6,789,268,625,796,651,565,552.48,327.87,231.85,human,your_turn,0.372,3.08,99.33,0.0,0.0,76.24,0.0
Negotiation_49,R1,2026-09-11T06:42:33.153501Z,behavior_monitor,6,779,356,625,796,701,565,465.54,222.15,243.49,system,NA,0.323,3.08,99.33,0.0,0.0,99.11,0.0
Negotiation_49,R1,2026-09-11T06:42:33.443790Z,agent_signal,6,788,410,625,796,730,565,418.37,164.97,253.6,agent,i_can,0.283,3.08,76.34,0.0,0.0,99.11,0.0
Negotiation_49,R1,2026-09-11T06:42:33.662358Z,behavior_monitor,6,795,447,625,796,751,565,388.5,126.02,263.37,system,NA,0.245,3.08,96.52,0.0,0.0,105.3,0.0
Negotiation_49,R1,2026-09-11T06:42:33.930852Z,human_signal,6,783,492,625,796,765,565,342.33,74.92,270.17,human,your_turn,0.18,3.08,126.23,0.0,0.0,99.11,180.0
Negotiation_49,R1,2026-09-11T06:42:33.931922Z,human_signal,6,781,495,625,796,765,565,339.07,71.98,270.17,human,your_turn,0.175,3.08,126.23,0.0,0.0,99.11,180.0
Negotiation_49,R1,2026-09-11T06:42:34.169216Z,behavior_monitor,6,757,527,625,796,743,565,299.64,40.58,259.32,system,NA,0.119,3.08,126.23,0.0,0.0,99.11,180.0
Negotiation_49,R1,2026-09-11T06:42:34.288297Z,shot_hit,6,744,547,625,796,730,564,275.92,22.53,254.04,agent,NA,0.075,3.08,126.23,0.0,0.0,99.11,180.0
Negotiation_49,R1,2026-09-11T06:42:34.288741Z,flight_spawn,7,482,-20,625,796,730,564,828.86,635.35,254.04,system,NA,0.434,2.83,45.0,0.0,0.0,99.11,180.0
Negotiation_49,R1,2026-09-11T06:42:38.948936Z,agent_signal,7,1101,376,906,827,888,565,491.81,284.27,263.33,agent,i_can,0.366,2.83,71.04,132.66,14.82,76.24,0.0
Negotiation_49,R1,2026-09-11T06:42:38.965747Z,behavior_monitor,7,1101,376,906,827,890,564,491.81,283.08,263.39,system,NA,0.365,2.83,71.04,132.61,14.74,86.37,-5.68
Negotiation_49,R1,2026-09-11T06:42:39.475420Z,behavior_monitor,7,1153,443,971,838,940,564,435.13,244.96,275.32,system,NA,0.36,2.83,71.3,128.24,0.0,99.11,0.0
Negotiation_49,R1,2026-09-11T06:42:39.986626Z,behavior_monitor,7,1185,519,1037,838,991,564,351.95,199.86,277.38,system,NA,0.362,2.83,42.31,128.24,0.0,99.11,0.0
Negotiation_49,R1,2026-09-11T06:42:40.494176Z,behavior_monitor,7,1253,559,1102,838,1041,564,317.31,211.66,280.24,system,NA,0.4,2.83,14.77,136.26,0.0,105.3,0.0
Negotiation_49,R1,2026-09-11T06:42:41.007868Z,behavior_monitor,7,1319,608,1167,838,1093,603,275.63,225.96,246.23,system,NA,0.45,2.83,37.72,128.24,0.0,169.61,54.25
Negotiation_49,R1,2026-09-11T06:42:41.520065Z,behavior_monitor,7,1394,642,1233,838,1143,638,253.43,250.46,218.7,system,NA,0.497,2.83,11.81,128.24,0.0,169.61,54.25
Negotiation_49,R1,2026-09-11T06:42:42.029989Z,behavior_monitor,7,1433,658,1298,838,1194,654,224.82,239.21,211.66,system,NA,0.516,1.73,165.83,128.24,0.0,99.11,0.0
Negotiation_49,R1,2026-09-11T06:42:42.540834Z,behavior_monitor,7,1390,683,1348,838,1244,677,160.58,146.1,191.88,system,NA,0.476,1.73,145.73,0.0,0.0,99.11,0.0
Negotiation_49,R1,2026-09-11T06:42:43.052985Z,behavior_monitor,7,1353,718,1348,838,1294,714,120.19,58.7,135.28,system,NA,0.328,1.73,169.94,0.0,0.0,160.19,54.25
Negotiation_49,R1,2026-09-11T06:42:43.273465Z,shot_hit,7,1328,722,1348,838,1311,716,117.64,17.9,127.22,agent,NA,0.132,1.73,169.94,0.0,0.0,0.0,0.0
Negotiation_49,R1,2026-09-11T06:42:43.274034Z,flight_spawn,8,972,-20,1348,838,1311,716,937.33,811.09,127.22,system,NA,0.464,2.83,45.0,0.0,0.0,0.0,0.0
Negotiation_49,R1,2026-09-11T06:42:45.979458Z,human_signal,8,1266,286,1189,828,1213,566,547.88,285.63,262.87,human,your_turn,0.343,2.83,12.46,0.0,180.0,76.24,0.0
Negotiation_49,R1,2026-09-11T06:42:45.980343Z,behavior_monitor,8,1266,286,1189,828,1213,566,547.88,285.63,262.87,system,NA,0.343,2.83,12.46,0.0,180.0,76.24,0.0
Negotiation_49,R1,2026-09-11T06:42:45.980731Z,human_signal,8,1269,286,1189,828,1213,566,547.61,285.49,262.87,human,your_turn,0.343,2.83,12.46,0.0,180.0,76.24,0.0
Negotiation_49,R1,2026-09-11T06:42:46.404783Z,agent_signal,8,1333,309,1189,828,1255,567,539.05,269.54,269.65,agent,i_can,0.333,2.83,35.1,0.0,180.0,99.11,0.0
Negotiation_49,R1,2026-09-11T06:42:46.489194Z,behavior_monitor,8,1342,315,1189,828,1263,567,535.22,263.41,271.84,system,NA,0.33,2.83,35.1,0.0,180.0,99.11,0.0
Negotiation_49,R1,2026-09-11T06:42:46.998827Z,behavior_monitor,8,1408,371,1189,828,1314,565,506.42,214.98,291.45,system,NA,0.298,2.83,60.43,0.0,180.0,99.11,0.0
Negotiation_49,R1,2026-09-11T06:42:47.508507Z,behavior_monitor,8,1435,424,1189,828,1365,565,473.16,157.1,316.96,system,NA,0.249,2.05,114.05,0.0,180.0,99.11,0.0
Negotiation_49,R1,2026-09-11T06:42:48.016995Z,behavior_monitor,8,1449,480,1189,828,1416,565,434.26,90.76,347.63,system,NA,0.173,1.92,106.43,0.0,180.0,99.11,0.0
Negotiation_49,R1,2026-09-11T06:42:48.459753Z,shot_miss,8,1445,527,1189,828,1421,565,395.55,44.91,351.18,agent,NA,0.102,1.92,64.27,0.0,180.0,0.0,42.97
Negotiation_49,R1,2026-09-11T06:42:48.527579Z,behavior_monitor,8,1447,532,1189,828,1424,565,393.03,39.9,353.42,system,NA,0.092,1.92,64.27,0.0,180.0,0.0,0.0
Negotiation_49,R1,2026-09-11T06:42:48.815216Z,shot_hit,8,1444,563,1189,828,1426,565,368.24,18.27,354.54,agent,NA,0.047,1.8,106.13,0.0,180.0,0.0,0.0
Negotiation_49,R1,2026-09-11T06:42:48.816227Z,flight_spawn,9,698,-20,1189,828,1426,565,980.23,933.99,354.54,system,NA,0.488,3.47,54.82,0.0,180.0,0.0,0.0
Negotiation_49,R1,2026-09-11T06:42:51.788133Z,agent_signal,9,1030,351,1044,828,1246,564,477.22,303.56,332.6,agent,i_can,0.389,3.47,55.62,129.41,180.0,76.24,180.0
Negotiation_49,R1,2026-09-11T06:42:51.805144Z,behavior_monitor,9,1030,351,1044,828,1244,564,477.22,301.93,331.84,system,NA,0.388,3.47,55.62,129.41,180.0,111.68,-166.19
Negotiation_49,R1,2026-09-11T06:42:52.247660Z,human_signal,9,1088,420,993,828,1201,564,419.16,183.4,336.33,human,your_turn,0.304,3.47,58.54,129.41,180.0,99.11,180.0
Negotiation_49,R1,2026-09-11T06:42:52.248800Z,human_signal,9,1089,423,991,828,1201,564,417.19,180.0,337.69,human,your_turn,0.301,3.47,58.54,129.41,180.0,99.11,180.0
Negotiation_49,R1,2026-09-11T06:42:52.315230Z,behavior_monitor,9,1094,432,986,828,1194,564,410.88,165.84,336.15,system,NA,0.288,3.47,58.54,40.47,180.0,99.11,180.0
Negotiation_49,R1,2026-09-11T06:42:52.758328Z,human_signal,9,1098,521,986,828,1150,564,326.69,67.82,311.09,human,your_turn,0.172,3.47,86.66,0.0,180.0,99.11,180.0
Negotiation_49,R1,2026-09-11T06:42:52.759428Z,human_signal,9,1098,525,986,828,1150,564,323.54,65.45,311.09,human,your_turn,0.168,3.47,86.66,0.0,180.0,99.61,-173.12
Negotiation_49,R1,2026-09-11T06:42:52.825862Z,behavior_monitor,9,1099,535,986,828,1144,564,314.27,52.92,307.58,system,NA,0.144,3.47,86.66,0.0,180.0,99.11,180.0
Negotiation_49,R1,2026-09-11T06:42:52.962557Z,shot_hit,9,1095,565,986,828,1128,564,284.56,33.51,300.08,agent,NA,0.105,3.47,109.36,0.0,180.0,99.11,180.0
Negotiation_49,R1,2026-09-11T06:42:52.962960Z,flight_spawn,10,586,-20,986,828,1128,564,937.96,797.45,300.08,system,NA,0.46,3.13,50.35,0.0,180.0,99.11,180.0
Negotiation_49,R1,2026-09-11T06:42:55.573240Z,agent_signal,10,866,315,946,828,961,564,518.82,266.09,264.46,agent,i_can,0.339,3.13,103.44,55.67,180.0,76.24,180.0
Negotiation_49,R1,2026-09-11T06:42:55.590717Z,behavior_monitor,10,866,315,946,828,959,564,518.82,265.49,264.37,system,NA,0.339,3.13,103.44,59.37,180.0,99.11,180.0
Negotiation_49,R1,2026-09-11T06:42:56.098539Z,behavior_monitor,10,860,407,896,828,908,563,422.17,163.36,264.91,system,NA,0.279,3.13,81.12,129.41,180.0,99.11,180.0
Negotiation_49,R1,2026-09-11T06:42:56.605781Z,behavior_monitor,10,850,499,851,828,857,563,328.74,63.69,265.49,system,NA,0.162,3.13,105.77,78.27,180.0,99.11,180.0
Negotiation_49,R1,2026-09-11T06:42:56.809880Z,shot_hit,10,839,539,846,828,835,563,289.62,24.6,265.57,agent,NA,0.078,3.13,105.77,0.0,180.0,102.67,-174.53
Negotiation_49,R1,2026-09-11T06:42:56.810826Z,flight_spawn,11,650,-20,846,828,835,563,871.08,611.92,265.57,system,NA,0.413,2.83,45.0,0.0,180.0,102.67,-174.53
Negotiation_49,R1,2026-09-11T06:42:56.962367Z,human_signal,11,665,-4,846,828,835,563,852.09,592.08,265.57,human,your_turn,0.41,2.83,45.0,0.0,180.0,0.0,180.0
Negotiation_49,R1,2026-09-11T06:42:56.963007Z,human_signal,11,667,-2,846,828,835,563,849.76,589.66,265.57,human,your_turn,0.41,2.83,45.0,0.0,180.0,0.0,180.0
Negotiation_49,R1,2026-09-11T06:42:57.115208Z,behavior_monitor,11,684,14,846,828,835,563,830.51,569.44,265.57,system,NA,0.407,2.83,45.0,0.0,180.0,0.0,180.0
Negotiation_49,R1,2026-09-11T06:42:57.625913Z,behavior_monitor,11,757,36,846,828,794,562,797.55,527.66,271.32,system,NA,0.398,2.83,6.64,0.0,180.0,99.11,180.0
Negotiation_49,R1,2026-09-11T06:42:58.136781Z,behavior_monitor,11,837,60,846,828,801,562,768.19,503.34,269.98,system,NA,0.396,2.83,30.79,0.0,180.0,99.11,0.0
Negotiation_49,R1,2026-09-11T06:42:58.647997Z,behavior_monitor,11,905,103,863,831,851,562,728.83,461.72,269.27,system,NA,0.388,2.83,30.79,129.41,0.0,99.11,0.0
Negotiation_49,R1,2026-09-11T06:42:59.161249Z,behavior_monitor,11,978,129,929,831,901,562,703.96,439.89,270.49,system,NA,0.385,2.83,6.7,129.41,0.0,99.11,0.0
Negotiation_49,R1,2026-09-11T06:42:59.671066Z,behavior_monitor,11,1060,142,995,831,952,562,692.15,434.1,272.07,system,NA,0.385,2.83,5.96,129.41,0.0,99.11,0.0
Negotiation_49,R1,2026-09-11T06:43:00.182832Z,behavior_monitor,11,1137,169,1061,831,1003,562,666.12,415.34,275.12,system,NA,0.384,2.83,73.45,122.22,0.0,71.43,3.26
Negotiation_49,R1,2026-09-11T06:43:00.696467Z,behavior_monitor,11,1183,239,1127,831,1053,562,594.4,348.07,278.55,system,NA,0.369,2.83,68.66,129.41,0.0,99.11,0.0
Negotiation_49,R1,2026-09-11T06:43:01.206171Z,behavior_monitor,11,1231,308,1193,831,1104,562,524.14,283.75,283.06,system,NA,0.351,2.83,47.21,129.41,0.0,99.11,0.0
Negotiation_49,R1,2026-09-11T06:43:01.207332Z,agent_signal,11,1233,310,1195,831,1104,562,522.05,282.76,283.76,agent,i_can,0.351,2.83,47.21,129.41,0.0,99.11,0.0
Negotiation_49,R1,2026-09-11T06:43:01.495398Z,human_signal,11,1269,337,1230,832,1133,562,496.42,263.2,286.24,human,your_turn,0.346,2.83,25.51,137.5,0.0,105.3,0.0
Negotiation_49,R1,2026-09-11T06:43:01.496640Z,human_signal,11,1271,338,1232,832,1133,562,495.77,263.33,287.53,human,your_turn,0.347,2.83,25.51,133.46,14.16,99.11,0.0
Negotiation_49,R1,2026-09-11T06:43:01.716698Z,behavior_monitor,11,1304,344,1238,833,1155,562,492.76,263.59,282.77,system,NA,0.348,2.83,4.08,0.0,0.0,99.11,0.0
Negotiation_49,R1,2026-09-11T06:43:01.801910Z,human_signal,11,1317,349,1238,833,1164,562,489.86,262.32,280.42,human,your_turn,0.349,2.83,32.06,0.0,0.0,99.11,0.0
Negotiation_49,R1,2026-09-11T06:43:01.803104Z,human_signal,11,1319,351,1238,833,1164,562,488.71,262.31,280.42,human,your_turn,0.349,2.83,32.06,0.0,0.0,99.11,0.0
Negotiation_49,R1,2026-09-11T06:43:02.091763Z,human_signal,11,1358,375,1238,833,1192,563,473.35,250.62,273.87,human,your_turn,0.346,2.83,32.06,0.0,0.0,99.11,0.0
Negotiation_49,R1,2026-09-11T06:43:02.092982Z,human_signal,11,1360,376,1238,833,1192,563,472.53,251.16,273.87,human,your_turn,0.347,2.83,32.06,0.0,0.0,99.11,0.0
Negotiation_49,R1,2026-09-11T06:43:02.227711Z,behavior_monitor,11,1378,387,1238,833,1206,562,467.38,245.83,272.36,system,NA,0.345,2.83,32.06,0.0,0.0,99.11,0.0
Negotiation_49,R1,2026-09-11T06:43:02.600869Z,human_signal,11,1436,402,1238,833,1243,562,474.26,250.96,270.59,human,your_turn,0.346,2.83,28.28,0.0,0.0,99.11,0.0
Negotiation_49,R1,2026-09-11T06:43:02.602175Z,human_signal,11,1438,403,1238,833,1243,562,473.77,251.44,270.59,human,your_turn,0.347,2.83,28.28,0.0,0.0,99.11,0.0
Negotiation_49,R1,2026-09-11T06:43:02.736131Z,behavior_monitor,11,1446,413,1238,833,1256,562,468.6,241.24,271.25,system,NA,0.34,2.01,138.12,0.0,0.0,99.11,0.0
Negotiation_49,R1,2026-09-11T06:43:03.247940Z,behavior_monitor,11,1415,456,1238,833,1306,563,416.13,152.39,278.35,system,NA,0.268,2.01,91.7,0.0,0.0,99.11,0.0
Negotiation_49,R1,2026-09-11T06:43:03.469019Z,human_signal,11,1421,481,1238,833,1328,563,397.05,124.3,284.54,human,your_turn,0.238,2.01,66.4,0.0,0.0,99.11,0.0
Negotiation_49,R1,2026-09-11T06:43:03.470080Z,human_signal,11,1423,483,1238,833,1328,563,395.9,123.89,284.54,human,your_turn,0.238,2.01,66.4,0.0,0.0,99.11,0.0
Negotiation_49,R1,2026-09-11T06:43:03.759652Z,behavior_monitor,11,1428,513,1238,833,1357,563,371.94,86.64,294.9,system,NA,0.189,2.01,112.76,0.0,0.0,99.11,0.0
Negotiation_49,R1,2026-09-11T06:43:04.218592Z,shot_hit,11,1413,565,1238,833,1392,563,319.92,21.14,310.58,agent,NA,0.062,2.01,87.87,0.0,0.0,0.0,0.0
Negotiation_49,R1,2026-09-11T06:43:04.219251Z,flight_spawn,12,577,-20,1238,833,1392,563,1079.11,1002.22,310.58,system,NA,0.482,2.83,135.0,0.0,0.0,0.0,0.0
Negotiation_49,R1,2026-09-11T06:43:07.378043Z,agent_signal,12,307,416,932,833,1218,563,750.94,922.8,393.2,agent,your_turn,0.551,2.83,88.67,129.41,180.0,76.24,180.0
Negotiation_49,R1,2026-09-11T06:43:07.395292Z,behavior_monitor,12,307,416,932,833,1217,563,750.94,921.84,392.49,system,NA,0.551,2.83,88.67,129.41,180.0,57.18,180.0
Negotiation_49,R1,2026-09-11T06:43:07.907352Z,behavior_monitor,12,243,474,866,833,1188,562,718.23,948.76,420.81,system,NA,0.569,2.83,138.49,129.41,180.0,57.18,180.0
Negotiation_49,R1,2026-09-11T06:43:08.417564Z,behavior_monitor,12,195,543,800,833,1175,562,670.74,980.2,462.5,system,NA,0.594,2.83,118.33,129.41,180.0,0.0,162.97
Negotiation_49,R1,2026-09-11T06:43:08.927577Z,behavior_monitor,12,177,620,734,833,1173,564,595.48,997.12,514.77,system,NA,0.626,2.83,68.99,129.41,180.0,130.47,125.75
Negotiation_49,R1,2026-09-11T06:43:09.437543Z,behavior_monitor,12,175,705,668,833,1134,618,508.58,962.91,513.79,system,NA,0.654,2.83,93.01,129.41,180.0,130.47,125.75
Negotiation_49,R1,2026-09-11T06:43:09.947522Z,behavior_monitor,12,128,764,602,833,1095,671,478.53,971.56,519.17,system,NA,0.67,2.83,149.46,129.41,180.0,130.47,125.75
Negotiation_49,R1,2026-09-11T06:43:10.456713Z,behavior_monitor,12,47,783,536,833,1056,725,490.98,1010.71,531.56,system,NA,0.673,2.83,172.48,129.41,180.0,130.47,125.75
Negotiation_49,R1,2026-09-11T06:43:10.609122Z,human_signal,12,23,786,516,833,1045,741,495.37,1022.91,536.54,human,your_turn,0.674,2.83,172.48,129.41,180.0,130.47,125.75
Negotiation_49,R1,2026-09-11T06:43:10.609830Z,human_signal,12,20,787,514,833,1045,741,496.23,1026.02,538.7,human,your_turn,0.674,1.72,12.41,129.41,180.0,130.47,125.75
Negotiation_49,R1,2026-09-11T06:43:10.879148Z,human_signal,12,36,806,501,833,1018,779,465.86,982.19,519.49,human,your_turn,0.678,1.72,39.71,0.0,180.0,169.61,125.75
Negotiation_49,R1,2026-09-11T06:43:10.879728Z,human_signal,12,37,807,501,833,1018,779,464.85,981.27,519.49,human,your_turn,0.679,1.72,39.71,0.0,180.0,169.61,125.75
Negotiation_49,R1,2026-09-11T06:43:10.964206Z,behavior_monitor,12,41,812,501,833,1009,791,460.83,968.87,510.02,system,NA,0.678,1.72,39.71,0.0,180.0,169.61,125.75
Negotiation_49,R1,2026-09-11T06:43:11.133902Z,human_signal,12,56,823,501,833,992,814,445.4,936.76,491.79,human,your_turn,0.678,1.72,39.71,0.0,180.0,169.61,125.75
Negotiation_49,R1,2026-09-11T06:43:11.134994Z,human_signal,12,56,824,501,833,992,814,444.56,935.95,491.79,human,your_turn,0.678,1.72,39.71,0.0,180.0,169.61,125.75
Negotiation_49,R1,2026-09-11T06:43:11.475255Z,behavior_monitor,12,85,845,486,833,959,840,401.65,873.78,472.36,system,NA,0.685,1.72,39.71,129.41,180.0,169.61,125.75
Negotiation_49,R1,2026-09-11T06:43:11.577141Z,agent_signal,12,94,852,473,833,949,847,379.57,854.5,475.66,agent,i_can,0.692,1.72,39.71,129.41,180.0,169.61,125.75
Negotiation_49,R1,2026-09-11T06:43:11.985969Z,behavior_monitor,12,132,863,420,833,908,858,290.32,776.67,488.54,system,NA,0.728,1.72,10.06,129.41,180.0,99.11,180.0
Negotiation_49,R1,2026-09-11T06:43:12.496826Z,behavior_monitor,12,177,889,354,833,858,884,186.35,681.51,506.33,system,NA,0.785,1.72,41.6,129.41,180.0,99.11,180.0
Negotiation_49,R1,2026-09-11T06:43:13.005882Z,behavior_monitor,12,217,923,288,833,808,910,115.35,591.84,525.51,system,NA,0.837,1.72,68.04,127.99,180.0,99.11,180.0
Negotiation_49,R1,2026-09-11T06:43:13.278765Z,flight_missed,12,212,952,285,833,780,910,139.53,569.1,500.58,system,NA,0.803,1.72,71.24,0.0,180.0,99.11,180.0
Negotiation_49,R1,2026-09-11T06:43:13.279792Z,flight_spawn,13,703,-20,285,833,780,910,950.09,933.15,500.58,system,NA,0.496,2.92,133.23,0.0,180.0,99.11,180.0
Negotiation_49,R1,2026-09-11T06:43:16.016596Z,human_signal,13,699,300,290,725,650,662,589.95,365.37,365.64,human,your_turn,0.382,2.92,2.65,0.0,-34.99,130.47,-54.25
Negotiation_49,R1,2026-09-11T06:43:16.017577Z,behavior_monitor,13,699,300,290,725,650,662,589.95,365.37,365.64,system,NA,0.382,2.92,2.65,0.0,-34.99,130.47,-54.25
Negotiation_49,R1,2026-09-11T06:43:16.018087Z,human_signal,13,702,300,290,725,650,662,592.2,365.7,365.64,human,your_turn,0.382,2.92,2.65,0.0,-34.99,130.47,-54.25
Negotiation_49,R1,2026-09-11T06:43:16.374454Z,agent_signal,13,754,328,290,725,685,613,611.45,293.53,411.16,agent,i_can,0.324,2.92,5.9,0.0,-34.99,169.61,-54.25
Negotiation_49,R1,2026-09-11T06:43:16.459036Z,human_signal,13,766,329,290,725,694,601,619.45,281.78,422.55,human,your_turn,0.313,2.92,5.9,0.0,-34.99,169.61,-54.25
Negotiation_49,R1,2026-09-11T06:43:16.459953Z,human_signal,13,769,329,290,725,694,601,621.71,282.32,422.55,human,your_turn,0.312,2.92,5.9,0.0,-34.99,169.61,-54.25
Negotiation_49,R1,2026-09-11T06:43:16.527124Z,behavior_monitor,13,778,330,290,725,701,592,627.69,272.93,431.8,system,NA,0.303,2.92,5.9,0.0,-34.99,169.61,-54.25
Negotiation_49,R1,2026-09-11T06:43:17.038709Z,behavior_monitor,13,859,350,290,725,750,566,681.65,242.07,487.11,system,NA,0.262,2.92,0.32,0.0,-34.99,99.11,0.0
Negotiation_49,R1,2026-09-11T06:43:17.548613Z,behavior_monitor,13,949,351,351,725,801,564,706.3,260.03,478.62,system,NA,0.269,2.92,0.32,137.5,0.0,105.3,0.0
Negotiation_49,R1,2026-09-11T06:43:18.057790Z,behavior_monitor,13,1010,405,417,725,852,564,674.66,224.22,464.52,system,NA,0.249,2.92,55.49,129.41,0.0,99.11,0.0
Negotiation_49,R1,2026-09-11T06:43:18.501609Z,human_signal,13,1052,468,474,725,896,564,633.26,183.56,451.98,human,your_turn,0.225,2.92,55.49,122.22,0.0,93.6,0.0
Negotiation_49,R1,2026-09-11T06:43:18.502685Z,human_signal,13,1054,470,476,725,896,564,632.2,184.12,449.93,human,your_turn,0.226,2.92,55.49,129.41,0.0,99.11,0.0
Negotiation_49,R1,2026-09-11T06:43:18.569338Z,behavior_monitor,13,1060,477,483,725,903,564,628.51,179.65,450.06,system,NA,0.222,2.92,55.49,129.41,0.0,99.11,0.0
Negotiation_49,R1,2026-09-11T06:43:19.080174Z,behavior_monitor,13,1116,548,531,725,953,564,610.74,163.19,451.95,system,NA,0.211,2.92,29.2,0.0,0.0,99.11,0.0
Negotiation_49,R1,2026-09-11T06:43:19.590980Z,behavior_monitor,13,1177,610,581,727,1004,603,606.57,172.85,440.12,system,NA,0.222,2.92,57.76,129.41,0.0,169.61,54.25
Negotiation_49,R1,2026-09-11T06:43:19.980765Z,human_signal,13,1211,667,632,727,1043,658,582.48,169.02,416.4,human,your_turn,0.225,2.92,57.76,137.5,0.0,180.21,54.25
Negotiation_49,R1,2026-09-11T06:43:19.981403Z,human_signal,13,1212,669,634,727,1043,658,580.98,170.11,414.23,human,your_turn,0.226,2.92,57.76,129.41,0.0,169.61,54.25
Negotiation_49,R1,2026-09-11T06:43:20.099693Z,behavior_monitor,13,1225,681,647,727,1055,674,579.69,170.52,410.89,system,NA,0.227,2.92,33.27,129.41,0.0,169.61,54.25
Negotiation_49,R1,2026-09-11T06:43:20.609961Z,behavior_monitor,13,1308,709,713,727,1106,704,595.07,202.49,393.03,system,NA,0.254,2.92,17.61,129.41,0.0,99.11,0.0
Negotiation_49,R1,2026-09-11T06:43:21.019262Z,human_signal,13,1376,730,742,727,1146,724,634.37,230.3,404.13,human,your_turn,0.266,2.92,17.61,0.0,0.0,169.61,54.25
Negotiation_49,R1,2026-09-11T06:43:21.020219Z,human_signal,13,1379,731,742,727,1146,724,637.1,233.05,404.13,human,your_turn,0.268,2.92,17.61,0.0,0.0,99.11,0.0
Negotiation_49,R1,2026-09-11T06:43:21.121143Z,behavior_monitor,13,1390,736,742,727,1156,731,648.6,234.35,414.26,system,NA,0.265,2.92,31.74,0.0,0.0,169.61,54.25
Negotiation_49,R1,2026-09-11T06:43:21.633045Z,behavior_monitor,13,1439,751,803,733,1206,745,636.46,233.01,403.45,system,NA,0.268,1.75,178.92,126.3,0.0,99.11,0.0
Negotiation_49,R1,2026-09-11T06:43:21.887716Z,human_signal,13,1411,751,833,733,1231,745,577.96,179.53,398.42,human,your_turn,0.237,1.75,178.92,126.9,0.0,99.11,0.0
Negotiation_49,R1,2026-09-11T06:43:21.888779Z,human_signal,13,1410,751,833,733,1231,745,576.91,178.49,398.42,human,your_turn,0.236,1.75,178.92,0.0,0.0,105.3,0.0
Negotiation_49,R1,2026-09-11T06:43:22.142233Z,behavior_monitor,13,1386,758,833,733,1257,752,553.35,129.4,423.95,system,NA,0.19,1.75,154.84,0.0,0.0,99.11,0.0
Negotiation_49,R1,2026-09-11T06:43:22.652945Z,behavior_monitor,13,1351,792,833,733,1307,787,521.74,44.35,477.39,system,NA,0.078,1.75,126.33,0.0,0.0,169.61,54.25
Negotiation_49,R1,2026-09-11T06:43:22.857771Z,shot_hit,13,1344,812,833,733,1322,808,517.4,22.17,495.24,agent,NA,0.041,1.75,103.97,0.0,0.0,137.65,90.0
Negotiation_49,R1,2026-09-11T06:43:22.859129Z,flight_spawn,14,1401,-20,833,733,1322,808,943.3,832.61,495.24,system,NA,0.469,3.34,53.15,0.0,0.0,137.65,90.0
Negotiation_49,R1,2026-09-11T06:43:22.960006Z,human_signal,14,1413,-6,833,733,1322,808,940.17,820.59,495.24,human,your_turn,0.466,3.34,53.15,0.0,0.0,0.0,90.0
Negotiation_49,R1,2026-09-11T06:43:22.960678Z,human_signal,14,1415,-3,833,733,1322,808,938.89,818.08,495.24,human,your_turn,0.466,3.34,53.15,0.0,0.0,0.0,90.0
Negotiation_49,R1,2026-09-11T06:43:23.165537Z,behavior_monitor,14,1436,25,833,733,1322,808,930.04,791.77,495.24,system,NA,0.46,3.34,53.15,0.0,0.0,0.0,90.0
Negotiation_49,R1,2026-09-11T06:43:23.675519Z,behavior_monitor,14,1397,86,833,733,1374,739,858.12,653.35,540.61,system,NA,0.432,2.93,143.77,0.0,0.0,169.05,-43.25
Negotiation_49,R1,2026-09-11T06:43:23.912982Z,human_signal,14,1372,114,833,733,1355,706,820.04,592.16,522.7,human,your_turn,0.419,2.93,92.78,0.0,0.0,169.61,-125.75
Negotiation_49,R1,2026-09-11T06:43:23.913750Z,human_signal,14,1371,117,833,733,1355,706,817.27,589.21,522.7,human,your_turn,0.419,2.93,92.78,0.0,0.0,169.61,-125.75
Negotiation_49,R1,2026-09-11T06:43:24.185865Z,behavior_monitor,14,1369,161,833,733,1352,669,783.59,507.86,522.54,system,NA,0.393,2.93,92.78,0.0,0.0,137.65,-90.0
Negotiation_49,R1,2026-09-11T06:43:24.700025Z,behavior_monitor,14,1401,242,833,733,1378,598,750.99,357.45,561.69,system,NA,0.322,2.93,65.01,0.0,0.0,169.61,-54.25
Negotiation_49,R1,2026-09-11T06:43:25.090055Z,agent_signal,14,1395,309,833,733,1379,565,703.3,256.6,570.64,agent,i_can,0.267,2.93,113.99,0.0,0.0,99.11,180.0
Negotiation_49,R1,2026-09-11T06:43:25.209985Z,behavior_monitor,14,1387,325,833,733,1370,565,687.16,240.61,562.59,system,NA,0.259,2.93,113.99,0.0,0.0,99.11,180.0
Negotiation_49,R1,2026-09-11T06:43:25.720620Z,behavior_monitor,14,1397,410,833,733,1373,565,649.95,157.39,565.74,system,NA,0.195,2.93,64.27,0.0,0.0,94.52,-4.12
Negotiation_49,R1,2026-09-11T06:43:25.737791Z,human_signal,14,1398,412,833,733,1375,566,649.48,154.89,567.12,human,your_turn,0.193,2.93,64.27,0.0,0.0,94.52,-4.12
Negotiation_49,R1,2026-09-11T06:43:25.738812Z,human_signal,14,1399,415,833,733,1375,566,648.85,152.4,567.12,human,your_turn,0.19,2.93,64.27,0.0,0.0,89.11,7.26
Negotiation_49,R1,2026-09-11T06:43:26.111119Z,human_signal,14,1427,470,833,733,1404,565,648.91,97.57,594.82,human,your_turn,0.131,2.93,64.27,0.0,0.0,0.0,0.0
Negotiation_49,R1,2026-09-11T06:43:26.111863Z,human_signal,14,1427,473,833,733,1404,565,648.46,95.17,594.82,human,your_turn,0.128,2.93,64.27,0.0,0.0,99.11,0.0
Negotiation_49,R1,2026-09-11T06:43:26.229556Z,behavior_monitor,14,1435,489,833,733,1411,565,649.01,80.09,601.29,system,NA,0.11,2.93,64.27,0.0,0.0,0.0,0.0
Negotiation_49,R1,2026-09-11T06:43:26.569413Z,human_signal,14,1433,546,833,733,1414,565,628.39,27.38,604.46,human,your_turn,0.042,2.93,75.64,0.0,0.0,99.11,180.0
Negotiation_49,R1,2026-09-11T06:43:26.571716Z,human_signal,14,1434,549,833,733,1414,565,628.31,26.03,604.46,human,your_turn,0.04,2.93,75.64,0.0,0.0,0.0,180.0
Negotiation_49,R1,2026-09-11T06:43:26.637801Z,shot_hit,14,1438,560,833,733,1415,565,628.91,23.08,605.85,agent,NA,0.035,2.93,75.64,0.0,0.0,0.0,-177.33
Negotiation_49,R1,2026-09-11T06:43:26.638629Z,flight_spawn,15,881,-20,833,733,1415,565,754.55,793.07,605.85,system,NA,0.512,3.0,131.89,0.0,0.0,0.0,-177.33
Negotiation_49,R1,2026-09-11T06:43:28.900894Z,human_signal,15,769,238,660,675,1271,566,450.38,599.83,620.77,human,your_turn,0.571,3.0,33.71,0.0,180.0,76.24,180.0
Negotiation_49,R1,2026-09-11T06:43:28.901336Z,behavior_monitor,15,769,238,660,675,1271,566,450.38,599.83,620.77,system,NA,0.571,3.0,33.71,0.0,180.0,76.24,180.0
Negotiation_49,R1,2026-09-11T06:43:28.901594Z,human_signal,15,771,240,660,675,1271,566,449.33,596.98,620.77,human,your_turn,0.571,3.0,33.71,0.0,180.0,76.24,180.0
Negotiation_49,R1,2026-09-11T06:43:29.410767Z,behavior_monitor,15,832,298,660,675,1220,566,414.39,472.07,570.93,system,NA,0.533,3.0,37.37,0.0,180.0,99.11,180.0
Negotiation_49,R1,2026-09-11T06:43:29.922394Z,behavior_monitor,15,901,353,667,676,1170,565,399.44,342.27,514.59,system,NA,0.461,3.0,37.37,133.51,14.25,99.11,180.0
Negotiation_49,R1,2026-09-11T06:43:30.007832Z,agent_signal,15,916,364,680,676,1161,565,390.83,316.71,493.61,agent,i_can,0.448,3.0,64.45,129.41,0.0,99.11,180.0
Negotiation_49,R1,2026-09-11T06:43:30.433336Z,behavior_monitor,15,950,430,728,676,1119,565,332.51,216.25,407.42,system,NA,0.394,3.0,89.94,0.0,0.0,99.11,180.0
Negotiation_49,R1,2026-09-11T06:43:30.450272Z,human_signal,15,950,433,728,676,1118,565,329.93,213.48,405.8,human,your_turn,0.393,3.0,89.94,0.0,0.0,99.11,180.0
Negotiation_49,R1,2026-09-11T06:43:30.450795Z,human_signal,15,949,436,728,676,1118,565,327.22,212.23,405.8,human,your_turn,0.393,3.0,89.94,0.0,0.0,99.11,180.0
Negotiation_49,R1,2026-09-11T06:43:30.807337Z,human_signal,15,944,495,728,676,1082,564,281.91,154.61,372.0,human,your_turn,0.354,3.0,89.94,0.0,0.0,99.11,180.0
Negotiation_49,R1,2026-09-11T06:43:30.808374Z,human_signal,15,944,498,728,676,1082,564,279.77,153.57,372.0,human,your_turn,0.354,3.0,89.94,0.0,0.0,99.11,180.0
Negotiation_49,R1,2026-09-11T06:43:30.942704Z,behavior_monitor,15,943,519,728,676,1069,564,266.55,133.5,359.18,system,NA,0.334,3.0,89.94,0.0,0.0,99.11,180.0
Negotiation_49,R1,2026-09-11T06:43:31.215466Z,human_signal,15,948,566,728,676,1041,564,246.65,93.4,333.23,human,your_turn,0.275,3.0,62.42,0.0,0.0,99.11,180.0
Negotiation_49,R1,2026-09-11T06:43:31.216642Z,human_signal,15,950,568,728,676,1041,564,246.94,91.85,333.23,human,your_turn,0.271,3.0,62.42,0.0,0.0,126.47,179.88
Negotiation_49,R1,2026-09-11T06:43:31.451765Z,behavior_monitor,15,938,605,728,676,1018,594,222.41,80.31,301.65,system,NA,0.265,3.0,108.57,0.0,0.0,169.61,125.75
Negotiation_49,R1,2026-09-11T06:43:31.826497Z,human_signal,15,914,666,728,676,981,646,186.63,69.89,255.06,human,your_turn,0.272,3.0,80.87,0.0,0.0,169.61,125.75
Negotiation_49,R1,2026-09-11T06:43:31.827675Z,human_signal,15,915,669,728,676,981,646,187.01,70.32,255.06,human,your_turn,0.273,3.0,80.87,0.0,0.0,169.61,125.75
Negotiation_49,R1,2026-09-11T06:43:31.961809Z,behavior_monitor,15,917,690,728,676,968,665,190.02,56.38,240.34,system,NA,0.229,3.0,80.87,0.0,0.0,169.61,125.75
Negotiation_49,R1,2026-09-11T06:43:32.200075Z,shot_miss,15,921,734,728,676,942,700,202.17,40.24,216.07,agent,NA,0.166,3.0,80.87,0.0,0.0,169.61,125.75
Negotiation_49,R1,2026-09-11T06:43:32.473419Z,behavior_monitor,15,921,778,728,676,917,735,218.57,43.19,198.37,system,NA,0.165,3.0,109.67,0.0,0.0,169.61,125.75
Negotiation_49,R1,2026-09-11T06:43:32.490030Z,shot_miss,15,918,784,728,676,914,740,218.82,44.21,196.61,agent,NA,0.168,3.0,109.67,0.0,0.0,169.61,125.75
Negotiation_49,R1,2026-09-11T06:43:32.557155Z,human_signal,15,916,792,728,676,909,747,221.19,46.01,194.26,human,your_turn,0.172,3.0,109.67,0.0,0.0,169.61,125.75
Negotiation_49,R1,2026-09-11T06:43:32.557769Z,human_signal,15,915,795,728,676,909,747,221.63,48.62,194.26,human,your_turn,0.18,3.0,109.67,0.0,0.0,180.21,125.75
Negotiation_49,R1,2026-09-11T06:43:32.795548Z,shot_miss,15,887,825,728,676,883,782,217.7,43.57,188.13,agent,NA,0.167,3.0,135.04,0.0,0.0,169.61,125.75
Negotiation_49,R1,2026-09-11T06:43:32.948163Z,human_signal,15,870,842,728,676,870,801,218.36,41.68,188.86,human,your_turn,0.16,3.0,113.36,0.0,0.0,169.61,125.75
Negotiation_49,R1,2026-09-11T06:43:32.948722Z,human_signal,15,869,845,728,676,870,801,220.04,44.44,188.86,human,your_turn,0.168,3.0,113.36,0.0,0.0,169.61,125.75
Negotiation_49,R1,2026-09-11T06:43:32.982699Z,behavior_monitor,15,868,848,728,676,867,805,221.14,42.51,189.49,system,NA,0.161,3.0,113.36,0.0,0.0,169.61,125.75
Negotiation_49,R1,2026-09-11T06:43:33.494541Z,behavior_monitor,15,833,930,728,676,816,875,274.85,57.59,217.56,system,NA,0.173,3.0,87.87,0.0,0.0,169.61,125.75
Negotiation_49,R1,2026-09-11T06:43:33.613789Z,flight_missed,15,828,953,728,676,812,894,294.66,61.12,233.81,system,NA,0.172,3.0,111.78,0.0,0.0,137.65,90.0
Negotiation_49,R1,2026-09-11T06:43:33.615001Z,flight_spawn,16,811,-20,728,676,812,894,701.84,914.81,233.81,system,NA,0.566,2.95,132.67,0.0,0.0,137.65,90.0
Negotiation_49,R1,2026-09-11T06:43:36.077219Z,agent_signal,16,584,310,678,503,648,666,215.14,362.54,165.8,agent,your_turn,0.628,2.95,121.16,142.95,-121.04,130.47,-125.75
Negotiation_49,R1,2026-09-11T06:43:36.093822Z,behavior_monitor,16,584,310,678,503,647,665,215.14,361.04,164.65,system,NA,0.627,2.95,121.16,142.89,-121.92,97.85,-125.75
Negotiation_49,R1,2026-09-11T06:43:36.599981Z,behavior_monitor,16,555,391,632,478,618,625,116.27,242.11,147.01,system,NA,0.676,2.95,89.36,129.41,180.0,97.85,-125.75
Negotiation_49,R1,2026-09-11T06:43:37.021149Z,shot_miss,16,552,462,577,478,605,606,28.85,152.66,130.63,human,NA,0.841,2.95,48.45,129.41,180.0,0.0,72.33
Negotiation_49,R1,2026-09-11T06:43:37.105728Z,behavior_monitor,16,563,471,566,478,605,606,7.44,140.86,133.42,system,NA,0.95,2.95,21.88,129.41,180.0,0.0,72.33
Negotiation_49,R1,2026-09-11T06:43:37.308856Z,shot_miss,16,598,481,550,478,604,606,48.41,124.91,138.92,human,NA,0.721,2.95,1.55,0.0,0.0,0.0,-146.88
Negotiation_49,R1,2026-09-11T06:43:37.612615Z,behavior_monitor,16,648,494,550,478,614,584,99.89,96.92,124.24,system,NA,0.492,2.95,19.77,0.0,0.0,130.47,-54.25
Negotiation_49,R1,2026-09-11T06:43:38.118782Z,behavior_monitor,16,703,554,563,477,653,567,158.85,51.29,126.36,system,NA,0.244,2.95,66.22,0.0,-43.56,85.15,4.42
Negotiation_49,R1,2026-09-11T06:43:38.203625Z,shot_miss,16,714,568,563,477,661,565,175.74,53.46,130.76,agent,NA,0.233,2.95,41.63,0.0,-43.56,76.24,0.0
Negotiation_49,R1,2026-09-11T06:43:38.628360Z,behavior_monitor,16,778,592,565,477,692,587,242.42,86.66,167.47,system,NA,0.263,2.95,19.03,35.83,0.0,76.24,0.0
Negotiation_49,R1,2026-09-11T06:43:39.139833Z,behavior_monitor,16,853,632,616,508,731,626,268.14,122.81,165.18,system,NA,0.314,2.95,17.45,138.03,56.65,76.24,0.0
Negotiation_49,R1,2026-09-11T06:43:39.258740Z,human_signal,16,870,640,624,521,740,635,273.16,130.95,161.84,human,your_turn,0.324,2.95,43.5,137.86,57.89,130.47,54.25
Negotiation_49,R1,2026-09-11T06:43:39.259036Z,human_signal,16,872,642,626,523,740,635,273.8,132.98,159.56,human,your_turn,0.327,2.95,43.5,138.06,57.94,130.47,54.25
Negotiation_49,R1,2026-09-11T06:43:39.600105Z,human_signal,16,919,666,642,549,773,661,300.49,145.67,172.14,human,your_turn,0.327,2.95,16.35,0.0,57.84,99.11,0.0
Negotiation_49,R1,2026-09-11T06:43:39.600655Z,human_signal,16,921,667,642,549,773,661,302.91,147.99,172.14,human,your_turn,0.328,2.95,16.35,0.0,57.84,99.11,0.0
Negotiation_49,R1,2026-09-11T06:43:39.650906Z,behavior_monitor,16,928,669,642,549,778,663,309.65,149.52,177.51,system,NA,0.326,2.95,16.35,0.0,57.84,99.11,0.0
Negotiation_49,R1,2026-09-11T06:43:40.160689Z,behavior_monitor,16,1014,694,642,549,829,688,398.93,185.42,232.45,system,NA,0.317,2.95,16.35,0.0,57.84,99.11,0.0
Negotiation_49,R1,2026-09-11T06:43:40.245990Z,agent_signal,16,1032,699,642,549,837,693,417.9,195.41,242.01,agent,i_can,0.319,2.95,16.35,0.0,57.84,99.11,0.0
Negotiation_49,R1,2026-09-11T06:43:40.639424Z,human_signal,16,1076,744,642,549,876,740,475.66,200.19,301.53,human,your_turn,0.296,2.95,45.56,0.0,57.84,169.61,54.25
Negotiation_49,R1,2026-09-11T06:43:40.640629Z,human_signal,16,1078,746,642,549,876,740,478.5,202.41,301.53,human,your_turn,0.297,2.95,66.65,0.0,57.84,169.61,54.25
Negotiation_49,R1,2026-09-11T06:43:40.672755Z,behavior_monitor,16,1079,749,642,549,879,744,480.31,199.75,307.1,system,NA,0.294,2.95,66.65,0.0,57.84,169.61,54.25
Negotiation_49,R1,2026-09-11T06:43:41.185041Z,behavior_monitor,16,1128,819,645,550,930,814,552.49,198.06,388.52,system,NA,0.264,2.95,45.34,101.54,22.14,169.61,54.25
Negotiation_49,R1,2026-09-11T06:43:41.662085Z,human_signal,16,1191,878,673,560,977,873,607.04,213.66,436.27,human,your_turn,0.26,2.95,45.34,0.0,0.0,169.61,54.25
Negotiation_49,R1,2026-09-11T06:43:41.663125Z,human_signal,16,1192,880,673,560,977,873,609.32,215.1,436.27,human,your_turn,0.261,2.95,45.34,0.0,0.0,169.61,54.25
Negotiation_49,R1,2026-09-11T06:43:41.696167Z,behavior_monitor,16,1194,882,673,560,980,878,612.12,213.66,441.97,system,NA,0.259,2.95,45.34,0.0,0.0,169.61,54.25
Negotiation_49,R1,2026-09-11T06:43:42.207224Z,behavior_monitor,16,1281,905,673,560,1031,901,699.34,250.58,494.33,system,NA,0.264,2.95,19.2,0.0,0.0,169.61,54.25
Negotiation_49,R1,2026-09-11T06:43:42.718125Z,behavior_monitor,16,1364,937,673,560,1081,910,786.81,283.83,537.22,system,NA,0.265,2.95,15.68,0.0,0.0,99.11,0.0
Negotiation_49,R1,2026-09-11T06:43:43.042462Z,human_signal,16,1419,949,673,560,1114,910,840.51,307.25,562.3,human,your_turn,0.268,2.95,12.2,0.0,0.0,99.11,0.0
Negotiation_49,R1,2026-09-11T06:43:43.043534Z,human_signal,16,1422,949,673,560,1114,910,843.52,310.38,562.3,human,your_turn,0.269,2.95,12.2,0.0,0.0,99.11,0.0
Negotiation_49,R1,2026-09-11T06:43:43.110628Z,flight_missed,16,1434,952,673,560,1122,910,855.72,314.58,569.01,system,NA,0.269,2.95,12.2,0.0,0.0,99.11,0.0
Negotiation_49,R1,2026-09-11T06:43:43.111235Z,flight_spawn,17,526,-20,673,560,1122,910,599.19,1105.06,569.01,system,NA,0.648,3.43,54.32,0.0,0.0,99.11,0.0
Negotiation_49,R1,2026-09-11T06:43:47.045484Z,agent_signal,17,858,438,777,608,871,566,187.64,128.09,102.52,agent,i_can,0.406,3.43,79.71,146.26,123.53,76.24,180.0
Negotiation_49,R1,2026-09-11T06:43:47.061806Z,behavior_monitor,17,858,438,777,608,869,566,187.64,127.93,100.98,system,NA,0.405,3.43,79.71,146.38,123.61,99.11,180.0
Negotiation_49,R1,2026-09-11T06:43:47.538604Z,human_signal,17,871,533,759,635,849,566,151.46,39.63,113.31,human,your_turn,0.207,3.43,79.71,0.0,116.09,0.0,0.0
Negotiation_49,R1,2026-09-11T06:43:47.539639Z,human_signal,17,872,536,759,635,849,566,150.17,37.67,113.31,human,your_turn,0.201,3.43,79.71,0.0,116.09,0.0,0.0
Negotiation_49,R1,2026-09-11T06:43:47.572354Z,behavior_monitor,17,873,540,759,635,851,566,148.39,34.34,114.65,system,NA,0.188,3.43,79.71,0.0,116.09,99.11,0.0
Negotiation_49,R1,2026-09-11T06:43:47.725285Z,shot_hit,17,879,573,759,635,855,568,134.22,23.73,116.78,agent,NA,0.15,3.43,79.71,0.0,116.09,99.11,0.0
Negotiation_49,R1,2026-09-11T06:43:47.725792Z,flight_spawn,18,1139,-20,759,635,855,568,757.51,653.79,116.78,system,NA,0.463,2.83,135.0,0.0,116.09,99.11,0.0
Negotiation_49,R1,2026-09-11T06:43:53.444745Z,agent_signal,18,537,544,467,624,613,563,106.06,78.39,158.47,agent,i_can,0.425,2.83,62.85,0.0,180.0,76.24,180.0
Negotiation_49,R1,2026-09-11T06:43:53.461363Z,behavior_monitor,18,537,544,467,624,611,563,106.06,76.75,156.92,system,NA,0.42,2.83,62.85,0.0,180.0,99.11,180.0
Negotiation_49,R1,2026-09-11T06:43:53.716921Z,shot_hit,18,576,563,494,638,584,563,111.33,8.11,117.77,agent,NA,0.068,2.83,11.27,129.56,25.11,99.11,180.0
Negotiation_49,R1,2026-09-11T06:43:53.717911Z,flight_spawn,19,766,-20,494,638,584,563,712.37,610.85,117.77,system,NA,0.462,3.29,127.38,129.56,25.11,99.11,180.0
Negotiation_49,R1,2026-09-11T06:43:55.980083Z,agent_signal,19,927,344,733,702,737,562,407.5,289.54,140.05,agent,i_can,0.415,3.29,23.81,126.1,0.0,76.24,0.0
Negotiation_49,R1,2026-09-11T06:43:55.997434Z,behavior_monitor,19,927,344,733,702,739,562,407.5,288.43,140.11,system,NA,0.414,3.29,23.81,126.1,0.0,99.11,0.0
Negotiation_49,R1,2026-09-11T06:43:56.510408Z,behavior_monitor,19,1020,375,797,702,789,562,395.45,296.47,140.49,system,NA,0.428,3.29,4.09,126.1,0.0,99.11,0.0
Negotiation_49,R1,2026-09-11T06:43:57.020228Z,behavior_monitor,19,1115,400,861,702,841,562,394.67,318.56,142.07,system,NA,0.447,3.29,20.23,126.1,0.0,99.11,0.0
Negotiation_49,R1,2026-09-11T06:43:57.532618Z,behavior_monitor,19,1196,449,926,702,891,561,370.83,325.28,144.98,system,NA,0.467,3.29,24.42,119.09,0.0,93.6,0.0
Negotiation_49,R1,2026-09-11T06:43:58.044203Z,behavior_monitor,19,1281,493,990,702,942,562,358.46,346.38,148.75,system,NA,0.491,3.29,48.16,126.1,0.0,99.11,0.0
Negotiation_49,R1,2026-09-11T06:43:58.556573Z,behavior_monitor,19,1311,577,1054,702,992,569,285.05,318.55,147.39,system,NA,0.528,3.29,78.52,119.09,0.0,160.19,54.25
Negotiation_49,R1,2026-09-11T06:43:59.065469Z,behavior_monitor,19,1358,661,1119,702,1042,638,242.97,316.55,99.42,system,NA,0.566,3.29,54.62,126.1,0.0,169.61,54.25
Negotiation_49,R1,2026-09-11T06:43:59.574647Z,behavior_monitor,19,1415,742,1183,702,1094,708,235.49,323.34,89.68,system,NA,0.579,3.29,54.62,119.09,0.0,160.19,54.25
Negotiation_49,R1,2026-09-11T06:44:00.087523Z,behavior_monitor,19,1441,823,1247,702,1144,779,228.03,300.11,128.37,system,NA,0.568,2.92,86.62,126.1,0.0,169.61,54.25
Negotiation_49,R1,2026-09-11T06:44:00.597846Z,behavior_monitor,19,1419,906,1312,703,1194,848,229.48,232.27,187.24,system,NA,0.503,2.92,83.41,129.42,14.85,169.61,54.25
Negotiation_49,R1,2026-09-11T06:44:00.852848Z,flight_missed,19,1423,952,1314,703,1221,886,271.69,212.95,204.76,system,NA,0.439,2.92,83.41,0.0,14.85,169.61,54.25
Negotiation_49,R1,2026-09-11T06:44:00.853481Z,flight_spawn,20,618,-20,1314,703,1221,886,1003.91,1088.45,204.76,system,NA,0.52,2.83,135.0,0.0,14.85,169.61,54.25
Negotiation_49,R1,2026-09-11T06:44:03.046103Z,human_signal,20,413,202,1189,703,1110,732,923.68,875.28,83.88,human,your_turn,0.487,2.83,70.65,0.0,180.0,130.47,-125.75
Negotiation_49,R1,2026-09-11T06:44:03.047119Z,behavior_monitor,20,413,202,1189,703,1110,732,923.68,875.28,83.88,system,NA,0.487,2.83,70.65,0.0,180.0,130.47,-125.75
Negotiation_49,R1,2026-09-11T06:44:03.047580Z,human_signal,20,414,204,1189,703,1110,732,921.35,872.82,83.88,human,your_turn,0.486,2.83,70.65,0.0,180.0,130.47,-125.75
Negotiation_49,R1,2026-09-11T06:44:03.420986Z,human_signal,20,468,235,1189,703,1073,680,859.66,751.0,118.36,human,your_turn,0.466,2.83,13.41,0.0,180.0,169.61,-125.75
Negotiation_49,R1,2026-09-11T06:44:03.422161Z,human_signal,20,470,235,1189,703,1073,680,857.55,748.93,118.36,human,your_turn,0.466,2.83,13.41,0.0,180.0,169.61,-125.75
Negotiation_49,R1,2026-09-11T06:44:03.556719Z,behavior_monitor,20,490,240,1189,703,1059,662,838.46,708.29,136.16,system,NA,0.458,2.83,13.41,0.0,180.0,169.61,-125.75
Negotiation_49,R1,2026-09-11T06:44:04.067946Z,behavior_monitor,20,565,263,1189,703,1009,591,763.53,551.9,212.07,system,NA,0.42,2.83,16.97,0.0,180.0,169.61,-125.75
Negotiation_49,R1,2026-09-11T06:44:04.237547Z,human_signal,20,595,271,1189,703,992,568,734.22,495.35,238.97,human,your_turn,0.403,2.83,16.97,0.0,180.0,163.45,-129.3
Negotiation_49,R1,2026-09-11T06:44:04.237827Z,human_signal,20,597,272,1189,703,992,568,732.18,493.31,238.97,human,your_turn,0.403,2.83,16.97,0.0,180.0,169.61,-125.75
Negotiation_49,R1,2026-09-11T06:44:04.578394Z,behavior_monitor,20,645,291,1189,703,958,565,682.75,416.76,268.58,system,NA,0.379,2.83,40.74,0.0,180.0,99.11,180.0
Negotiation_49,R1,2026-09-11T06:44:05.082392Z,behavior_monitor,20,705,347,1182,703,908,566,595.66,298.79,306.54,system,NA,0.334,2.83,62.64,90.93,180.0,99.11,180.0
Negotiation_49,R1,2026-09-11T06:44:05.082968Z,agent_signal,20,706,349,1180,703,908,566,591.8,296.38,304.67,agent,i_can,0.334,2.83,62.64,90.93,180.0,99.11,180.0
Negotiation_49,R1,2026-09-11T06:44:05.511077Z,human_signal,20,724,412,1152,703,866,566,517.7,209.64,317.04,human,your_turn,0.288,2.83,113.85,0.0,180.0,99.11,180.0
Negotiation_49,R1,2026-09-11T06:44:05.512131Z,human_signal,20,722,414,1152,703,866,566,517.7,208.96,317.04,human,your_turn,0.288,2.83,113.85,0.0,180.0,99.11,180.0
Negotiation_49,R1,2026-09-11T06:44:05.594286Z,behavior_monitor,20,719,425,1152,703,857,566,514.22,197.37,324.65,system,NA,0.277,2.83,88.31,0.0,180.0,105.3,180.0
Negotiation_49,R1,2026-09-11T06:44:06.099767Z,behavior_monitor,20,694,499,1152,703,808,565,500.79,131.58,370.25,system,NA,0.208,2.83,140.55,0.0,180.0,99.11,180.0
Negotiation_49,R1,2026-09-11T06:44:06.611265Z,behavior_monitor,20,615,534,1119,703,757,566,531.38,144.9,387.57,system,NA,0.214,2.83,150.5,129.41,180.0,99.11,180.0
Negotiation_49,R1,2026-09-11T06:44:07.122702Z,behavior_monitor,20,552,588,1053,703,707,583,513.54,154.92,366.12,system,NA,0.232,2.83,128.41,129.41,180.0,169.61,125.75
Negotiation_49,R1,2026-09-11T06:44:07.242033Z,human_signal,20,539,604,1037,703,695,599,507.94,156.11,357.59,human,your_turn,0.235,2.83,128.41,129.41,180.0,169.61,125.75
Negotiation_49,R1,2026-09-11T06:44:07.243128Z,human_signal,20,537,606,1035,703,695,599,507.72,158.61,355.49,human,your_turn,0.238,2.83,128.41,129.41,180.0,169.61,125.75
Negotiation_49,R1,2026-09-11T06:44:07.631709Z,behavior_monitor,20,503,655,987,703,656,650,486.68,153.97,334.58,system,NA,0.24,2.83,128.41,129.41,180.0,169.61,125.75
Negotiation_49,R1,2026-09-11T06:44:07.973467Z,human_signal,20,458,684,943,703,623,678,485.64,165.31,321.0,human,your_turn,0.254,2.83,151.01,129.41,180.0,99.11,180.0
Negotiation_49,R1,2026-09-11T06:44:07.974440Z,human_signal,20,455,685,941,703,623,678,486.16,168.13,318.8,human,your_turn,0.257,2.83,151.01,129.41,180.0,99.11,180.0
Negotiation_49,R1,2026-09-11T06:44:08.143367Z,behavior_monitor,20,440,703,921,703,606,699,481.1,166.12,315.06,system,NA,0.257,2.83,123.55,129.41,180.0,169.61,125.75
Negotiation_49,R1,2026-09-11T06:44:08.651142Z,behavior_monitor,20,402,778,855,703,556,769,458.79,153.78,306.28,system,NA,0.251,2.83,99.24,129.41,180.0,169.61,125.75
Negotiation_49,R1,2026-09-11T06:44:08.923011Z,human_signal,20,406,823,835,703,529,807,444.95,123.49,323.15,human,your_turn,0.217,2.83,77.97,0.0,180.0,169.61,125.75
Negotiation_49,R1,2026-09-11T06:44:08.924167Z,human_signal,20,406,825,835,703,529,807,445.52,123.7,323.15,human,your_turn,0.217,2.83,77.97,0.0,180.0,169.61,125.75
Negotiation_49,R1,2026-09-11T06:44:09.161663Z,behavior_monitor,20,422,858,835,703,506,839,440.68,85.77,355.83,system,NA,0.163,2.83,55.35,0.0,180.0,169.61,125.75
Negotiation_49,R1,2026-09-11T06:44:09.485508Z,human_signal,20,432,908,835,703,474,883,451.59,48.22,403.5,human,your_turn,0.096,2.83,104.43,0.0,180.0,169.61,125.75
Negotiation_49,R1,2026-09-11T06:44:09.486657Z,human_signal,20,432,911,835,703,474,883,453.08,49.91,403.5,human,your_turn,0.099,2.83,104.43,0.0,180.0,169.61,125.75
Negotiation_49,R1,2026-09-11T06:44:09.487062Z,shot_miss,20,432,911,835,703,472,886,453.08,47.22,406.05,agent,NA,0.094,2.83,104.43,0.0,180.0,169.61,125.75
Negotiation_49,R1,2026-09-11T06:44:09.671841Z,behavior_monitor,20,424,938,835,703,455,909,472.98,42.66,431.72,system,NA,0.083,2.83,104.43,0.0,180.0,169.61,125.75
Negotiation_49,R1,2026-09-11T06:44:09.740347Z,shot_miss,20,420,952,835,703,447,910,483.19,49.85,439.51,agent,NA,0.094,2.83,104.43,0.0,180.0,99.11,180.0
Negotiation_49,R1,2026-09-11T06:44:09.741327Z,flight_missed,20,420,952,835,703,447,910,483.19,49.85,439.51,system,NA,0.094,2.83,104.43,0.0,180.0,99.11,180.0
Negotiation_49,R2,2026-09-11T06:44:15.875302Z,flight_spawn,1,1338,-20,835,703,447,910,881.85,1288.48,439.51,system,NA,0.594,2.83,45.0,0.0,180.0,0.0,180.0
Negotiation_49,R2,2026-09-11T06:44:22.041804Z,agent_signal,1,1355,308,1202,769,584,565,485.38,812.42,650.99,agent,your_turn,0.626,1.94,149.03,125.31,0.0,76.24,0.0
Negotiation_49,R2,2026-09-11T06:44:22.058777Z,behavior_monitor,1,1355,308,1202,769,585,565,485.38,811.5,650.07,system,NA,0.626,1.94,149.03,125.93,0.0,57.18,0.0
Negotiation_49,R2,2026-09-11T06:44:22.561282Z,behavior_monitor,1,1302,321,1223,764,614,565,449.61,729.57,640.87,system,NA,0.619,1.94,171.54,0.0,-90.0,57.18,0.0
Negotiation_49,R2,2026-09-11T06:44:23.068625Z,behavior_monitor,1,1249,330,1216,764,627,565,435.38,664.94,622.1,system,NA,0.604,1.94,171.54,64.88,180.0,0.0,-139.02
Negotiation_49,R2,2026-09-11T06:44:23.570153Z,behavior_monitor,1,1197,351,1158,756,639,565,406.52,597.05,553.09,system,NA,0.595,1.94,151.36,129.41,180.0,76.24,0.0
Negotiation_49,R2,2026-09-11T06:44:24.082132Z,behavior_monitor,1,1141,379,1094,742,678,565,366.0,498.65,452.48,system,NA,0.577,1.94,151.36,69.05,180.0,76.24,0.0
Negotiation_49,R2,2026-09-11T06:44:24.591589Z,behavior_monitor,1,1085,393,1065,733,717,565,340.73,405.94,386.17,system,NA,0.544,1.94,177.8,137.26,-160.53,76.24,0.0
Negotiation_49,R2,2026-09-11T06:44:25.103450Z,behavior_monitor,1,1032,402,1016,717,756,565,315.49,320.58,301.99,system,NA,0.504,1.94,157.32,0.0,180.0,76.24,0.0
Negotiation_49,R2,2026-09-11T06:44:25.613931Z,behavior_monitor,1,979,424,1016,717,795,565,295.72,231.68,268.79,system,NA,0.439,1.94,177.21,0.0,180.0,76.24,0.0
Negotiation_49,R2,2026-09-11T06:44:26.124482Z,behavior_monitor,1,922,427,967,717,834,565,293.59,163.56,202.15,system,NA,0.358,1.94,178.55,129.41,180.0,76.24,0.0
Negotiation_49,R2,2026-09-11T06:44:26.629234Z,behavior_monitor,1,866,445,901,717,851,565,274.11,120.71,160.22,system,NA,0.306,1.94,130.86,129.41,180.0,76.24,180.0
Negotiation_49,R2,2026-09-11T06:44:28.311361Z,human_signal,1,691,509,683,717,722,565,208.58,64.43,157.05,human,your_turn,0.236,1.94,157.88,129.41,180.0,76.24,180.0
Negotiation_49,R2,2026-09-11T06:44:28.312018Z,behavior_monitor,1,691,509,683,717,722,565,208.58,64.43,157.05,system,NA,0.236,1.94,157.88,129.41,180.0,76.24,180.0
Negotiation_49,R2,2026-09-11T06:44:28.312539Z,human_signal,1,690,510,681,717,722,565,207.89,64.33,157.61,human,your_turn,0.236,1.94,157.88,129.41,180.0,76.24,180.0
Negotiation_49,R2,2026-09-11T06:44:28.618023Z,human_signal,1,667,532,656,717,692,565,185.87,41.86,156.24,human,your_turn,0.184,1.94,130.33,0.0,180.0,99.11,180.0
Negotiation_49,R2,2026-09-11T06:44:28.619095Z,human_signal,1,666,533,656,717,692,565,184.36,41.07,156.24,human,your_turn,0.182,1.94,130.33,0.0,180.0,99.11,180.0
Negotiation_49,R2,2026-09-11T06:44:28.720440Z,shot_hit,1,662,543,656,717,681,565,174.6,29.65,153.71,agent,NA,0.145,1.94,109.24,0.0,180.0,99.11,180.0
Negotiation_49,R2,2026-09-11T06:44:28.721491Z,flight_spawn,2,621,-20,656,717,681,565,738.65,589.06,153.71,system,NA,0.444,3.4,126.08,0.0,180.0,99.11,180.0
Negotiation_49,R2,2026-09-11T06:44:28.873219Z,human_signal,2,602,1,656,717,681,565,717.87,569.45,153.71,human,your_turn,0.442,3.4,126.08,0.0,180.0,0.0,180.0
Negotiation_49,R2,2026-09-11T06:44:28.873786Z,behavior_monitor,2,602,1,656,717,681,565,717.87,569.45,153.71,system,NA,0.442,3.4,126.08,0.0,180.0,0.0,180.0
Negotiation_49,R2,2026-09-11T06:44:28.874321Z,human_signal,2,600,4,656,717,681,565,715.28,566.99,153.71,human,your_turn,0.442,3.4,126.08,0.0,180.0,0.0,180.0
Negotiation_49,R2,2026-09-11T06:44:29.383568Z,behavior_monitor,2,563,93,656,717,645,565,631.17,479.52,152.2,system,NA,0.432,3.4,98.54,0.0,180.0,99.11,180.0
Negotiation_49,R2,2026-09-11T06:44:29.894947Z,behavior_monitor,2,536,188,627,717,595,565,536.83,381.77,155.24,system,NA,0.416,3.4,118.1,129.41,180.0,99.11,180.0
Negotiation_49,R2,2026-09-11T06:44:30.370335Z,human_signal,2,490,272,566,717,548,565,451.5,298.63,153.18,human,your_turn,0.398,3.4,118.1,129.41,180.0,109.25,178.64
Negotiation_49,R2,2026-09-11T06:44:30.371314Z,human_signal,2,488,275,563,717,548,565,448.49,296.05,152.94,human,your_turn,0.398,3.4,118.1,137.5,180.0,105.3,180.0
Negotiation_49,R2,2026-09-11T06:44:30.403655Z,behavior_monitor,2,486,278,561,717,544,565,445.56,292.91,153.06,system,NA,0.397,3.4,118.1,129.41,180.0,99.11,180.0
Negotiation_49,R2,2026-09-11T06:44:30.590665Z,human_signal,2,472,311,548,717,525,565,412.96,258.92,154.23,human,your_turn,0.385,3.4,92.16,0.0,180.0,99.11,180.0
Negotiation_49,R2,2026-09-11T06:44:30.591756Z,human_signal,2,471,315,548,717,525,565,409.67,255.64,154.23,human,your_turn,0.384,3.4,92.16,0.0,180.0,127.92,-169.16
Negotiation_49,R2,2026-09-11T06:44:30.881516Z,human_signal,2,475,369,548,717,497,565,356.28,197.34,160.97,human,your_turn,0.356,3.4,89.06,0.0,180.0,99.11,180.0
Negotiation_49,R2,2026-09-11T06:44:30.882594Z,human_signal,2,475,372,548,717,497,565,352.95,193.96,160.97,human,your_turn,0.355,3.4,66.69,0.0,180.0,99.11,180.0
Negotiation_49,R2,2026-09-11T06:44:30.916390Z,behavior_monitor,2,476,375,548,717,493,565,349.61,190.37,162.08,system,NA,0.353,3.4,66.69,0.0,180.0,99.11,180.0
Negotiation_49,R2,2026-09-11T06:44:31.120071Z,human_signal,2,491,413,548,717,475,565,310.0,153.05,169.24,human,your_turn,0.331,3.4,66.69,0.0,180.0,99.11,180.0
Negotiation_49,R2,2026-09-11T06:44:31.121153Z,human_signal,2,493,416,548,717,475,565,306.66,150.12,169.24,human,your_turn,0.329,3.4,66.69,0.0,180.0,0.0,180.0
Negotiation_49,R2,2026-09-11T06:44:31.204927Z,agent_signal,2,501,430,548,717,475,565,290.66,136.81,169.24,agent,i_can,0.32,3.4,42.75,0.0,180.0,0.0,180.0
Negotiation_49,R2,2026-09-11T06:44:31.341072Z,human_signal,2,519,447,548,717,488,565,272.2,122.5,163.71,human,your_turn,0.31,3.4,42.75,0.0,180.0,99.11,0.0
Negotiation_49,R2,2026-09-11T06:44:31.342005Z,human_signal,2,522,449,548,717,488,565,269.64,121.01,163.71,human,your_turn,0.31,3.4,42.75,0.0,180.0,99.11,0.0
Negotiation_49,R2,2026-09-11T06:44:31.425398Z,behavior_monitor,2,532,458,548,717,497,565,259.63,112.76,160.81,system,NA,0.303,3.4,42.75,0.0,180.0,99.11,0.0
Negotiation_49,R2,2026-09-11T06:44:31.614280Z,human_signal,2,569,469,548,717,515,565,249.43,110.48,155.84,human,your_turn,0.307,3.4,12.8,0.0,180.0,99.11,0.0
Negotiation_49,R2,2026-09-11T06:44:31.615355Z,human_signal,2,572,469,548,717,515,565,248.92,111.19,155.84,human,your_turn,0.309,3.4,12.8,0.0,180.0,99.11,0.0
Negotiation_49,R2,2026-09-11T06:44:31.818416Z,human_signal,2,608,478,548,717,535,565,246.9,113.51,152.99,human,your_turn,0.315,3.4,12.8,0.0,180.0,104.59,-5.78
Negotiation_49,R2,2026-09-11T06:44:31.819448Z,human_signal,2,611,479,548,717,535,565,246.86,114.73,152.99,human,your_turn,0.317,3.4,12.8,0.0,180.0,99.11,0.0
Negotiation_49,R2,2026-09-11T06:44:31.936517Z,behavior_monitor,2,632,483,548,717,547,565,248.83,117.99,152.45,system,NA,0.322,3.4,9.75,0.0,180.0,99.11,0.0
Negotiation_49,R2,2026-09-11T06:44:32.444010Z,behavior_monitor,2,730,502,590,717,597,565,256.55,147.28,152.61,system,NA,0.365,3.4,18.2,137.5,0.0,105.3,0.0
Negotiation_49,R2,2026-09-11T06:44:32.954621Z,behavior_monitor,2,800,571,656,717,648,565,205.28,152.4,152.72,system,NA,0.426,3.4,69.89,129.41,0.0,99.11,0.0
Negotiation_49,R2,2026-09-11T06:44:33.464449Z,behavior_monitor,2,794,671,722,717,698,635,86.0,102.6,85.57,system,NA,0.544,3.4,97.81,129.41,0.0,169.61,54.25
Negotiation_49,R2,2026-09-11T06:44:33.499608Z,conflict,2,793,681,729,717,703,642,74.25,98.09,79.35,system,NA,0.569,3.4,97.81,129.41,0.0,169.61,54.25
Negotiation_49,R2,2026-09-11T06:44:33.977388Z,behavior_monitor,2,799,770,729,717,703,642,87.88,159.8,79.35,system,NA,0.645,3.4,92.49,0.0,0.0,0.0,54.25
Negotiation_49,R2,2026-09-11T06:44:34.488175Z,behavior_monitor,2,758,857,786,717,706,708,142.14,157.7,80.22,system,NA,0.526,3.4,146.77,76.33,0.0,149.11,67.39
Negotiation_49,R2,2026-09-11T06:44:34.504976Z,conflict,2,752,860,788,717,709,712,147.45,154.24,78.95,system,NA,0.511,3.4,146.77,74.38,0.0,150.08,66.51
Negotiation_49,R2,2026-09-11T06:44:34.993135Z,behavior_monitor,2,681,922,788,717,709,712,231.43,212.1,78.95,system,NA,0.478,3.4,125.52,0.0,0.0,0.0,54.25
Negotiation_49,R2,2026-09-11T06:44:35.145312Z,flight_missed,2,670,954,789,717,694,733,264.51,221.7,96.02,system,NA,0.456,3.4,97.39,0.0,0.0,169.61,125.75
Negotiation_49,R2,2026-09-11T06:44:35.145851Z,flight_spawn,3,712,-20,789,717,694,733,741.77,753.96,96.02,system,NA,0.504,3.47,125.23,0.0,0.0,169.61,125.75
Negotiation_49,R2,2026-09-11T06:44:37.168399Z,agent_signal,3,508,327,687,778,561,566,485.4,245.0,246.47,agent,i_can,0.335,3.47,99.06,129.41,180.0,76.24,180.0
Negotiation_49,R2,2026-09-11T06:44:37.184642Z,behavior_monitor,3,508,327,687,778,560,566,485.4,244.64,247.33,system,NA,0.335,3.47,99.06,129.41,180.0,99.11,180.0
Negotiation_49,R2,2026-09-11T06:44:37.695369Z,behavior_monitor,3,487,428,621,778,509,566,374.61,139.61,239.72,system,NA,0.271,3.47,122.96,129.41,180.0,99.11,180.0
Negotiation_49,R2,2026-09-11T06:44:37.999782Z,human_signal,3,436,465,582,778,479,566,345.18,109.74,235.53,human,your_turn,0.241,3.47,179.53,129.41,180.0,99.11,180.0
Negotiation_49,R2,2026-09-11T06:44:38.001089Z,human_signal,3,433,465,580,778,479,566,345.6,111.03,234.57,human,your_turn,0.243,3.47,179.53,129.41,180.0,99.11,180.0
Negotiation_49,R2,2026-09-11T06:44:38.202708Z,behavior_monitor,3,395,467,564,778,459,566,354.36,117.98,236.83,system,NA,0.25,3.47,156.9,0.0,180.0,105.3,180.0
Negotiation_49,R2,2026-09-11T06:44:38.356156Z,human_signal,3,365,479,564,778,443,566,359.06,116.5,244.28,human,your_turn,0.245,3.47,156.9,0.0,180.0,99.11,180.0
Negotiation_49,R2,2026-09-11T06:44:38.357265Z,human_signal,3,362,480,564,778,443,566,360.02,118.04,244.28,human,your_turn,0.247,3.47,177.21,0.0,180.0,99.11,180.0
Negotiation_49,R2,2026-09-11T06:44:38.543528Z,human_signal,3,326,482,564,778,424,566,379.71,129.1,253.88,human,your_turn,0.254,3.47,177.21,0.0,180.0,99.11,180.0
Negotiation_49,R2,2026-09-11T06:44:38.544482Z,human_signal,3,324,482,564,778,424,566,381.28,131.05,253.88,human,your_turn,0.256,3.47,177.21,0.0,180.0,99.11,180.0
Negotiation_49,R2,2026-09-11T06:44:38.711882Z,behavior_monitor,3,291,484,564,778,407,566,401.53,142.31,263.79,system,NA,0.262,3.47,177.21,0.0,180.0,105.3,180.0
Negotiation_49,R2,2026-09-11T06:44:38.832209Z,human_signal,3,266,485,564,778,395,566,418.16,152.67,270.98,human,your_turn,0.267,3.47,177.21,0.0,180.0,99.11,180.0
Negotiation_49,R2,2026-09-11T06:44:38.832991Z,human_signal,3,262,485,564,778,395,566,421.04,156.15,270.98,human,your_turn,0.271,3.47,177.21,0.0,180.0,99.11,180.0
Negotiation_49,R2,2026-09-11T06:44:39.204398Z,human_signal,3,196,507,564,778,359,566,456.97,172.83,295.26,human,your_turn,0.274,3.47,147.39,0.0,180.0,105.3,180.0
Negotiation_49,R2,2026-09-11T06:44:39.205020Z,human_signal,3,193,509,564,778,359,566,458.15,174.86,295.26,human,your_turn,0.276,3.47,147.39,0.0,180.0,99.11,180.0
Negotiation_49,R2,2026-09-11T06:44:39.221251Z,behavior_monitor,3,193,509,564,778,357,566,458.15,173.27,296.43,system,NA,0.274,3.47,147.39,0.0,180.0,99.11,180.0
Negotiation_49,R2,2026-09-11T06:44:39.596115Z,human_signal,3,129,550,564,778,320,566,491.36,191.64,323.5,human,your_turn,0.281,3.47,147.39,0.0,180.0,99.11,180.0
Negotiation_49,R2,2026-09-11T06:44:39.597180Z,human_signal,3,127,552,564,778,320,566,492.43,193.67,323.5,human,your_turn,0.282,3.47,147.39,0.0,180.0,99.11,180.0
Negotiation_49,R2,2026-09-11T06:44:39.732215Z,behavior_monitor,3,102,560,564,778,307,565,510.91,204.26,333.94,system,NA,0.286,3.47,167.4,0.0,180.0,99.11,180.0
Negotiation_49,R2,2026-09-11T06:44:40.244627Z,behavior_monitor,3,29,588,553,778,258,582,557.02,228.72,353.95,system,NA,0.291,2.23,47.06,129.41,180.0,99.11,180.0
Negotiation_49,R2,2026-09-11T06:44:40.706020Z,human_signal,3,59,640,493,778,212,636,455.57,153.16,314.83,human,your_turn,0.252,2.23,89.31,129.41,180.0,169.61,125.75
Negotiation_49,R2,2026-09-11T06:44:40.706776Z,human_signal,3,59,642,491,778,212,636,453.24,153.68,312.86,human,your_turn,0.253,2.23,89.31,129.41,180.0,169.61,125.75
Negotiation_49,R2,2026-09-11T06:44:40.756754Z,behavior_monitor,3,59,647,487,778,207,641,447.78,148.69,311.36,system,NA,0.249,2.23,89.31,129.41,180.0,99.11,180.0
Negotiation_49,R2,2026-09-11T06:44:41.250957Z,human_signal,3,20,695,478,778,159,690,465.28,138.23,331.62,human,your_turn,0.229,2.1,82.27,0.0,180.0,169.61,125.75
Negotiation_49,R2,2026-09-11T06:44:41.251674Z,human_signal,3,20,697,478,778,159,690,465.31,138.72,331.62,human,your_turn,0.23,2.1,82.27,0.0,180.0,169.61,125.75
Negotiation_49,R2,2026-09-11T06:44:41.268236Z,behavior_monitor,3,20,697,478,778,157,692,465.31,136.93,332.64,system,NA,0.227,2.1,82.27,0.0,180.0,169.61,125.75
Negotiation_49,R2,2026-09-11T06:44:41.778147Z,behavior_monitor,3,24,759,478,778,106,755,454.66,82.14,372.91,system,NA,0.153,2.06,81.39,0.0,180.0,169.61,125.75
Negotiation_49,R2,2026-09-11T06:44:42.288026Z,behavior_monitor,3,32,820,478,778,56,816,448.64,24.19,424.52,system,NA,0.051,2.06,81.3,0.0,180.0,169.61,125.75
Negotiation_49,R2,2026-09-11T06:44:42.288798Z,shot_hit,3,32,822,478,778,54,818,448.78,22.42,426.41,agent,NA,0.048,2.06,81.3,0.0,180.0,169.61,125.75
Negotiation_49,R2,2026-09-11T06:44:42.289131Z,flight_spawn,4,777,-20,478,778,54,818,852.28,1107.59,426.41,system,NA,0.565,2.87,134.12,0.0,180.0,169.61,125.75
Negotiation_49,R2,2026-09-11T06:44:42.339235Z,human_signal,4,773,-15,478,778,54,818,846.97,1101.76,426.41,human,your_turn,0.565,2.87,112.92,0.0,180.0,0.0,125.75
Negotiation_49,R2,2026-09-11T06:44:42.339788Z,human_signal,4,772,-13,478,778,54,818,844.23,1099.26,426.41,human,your_turn,0.566,2.87,112.92,0.0,180.0,0.0,125.75
Negotiation_49,R2,2026-09-11T06:44:42.797521Z,behavior_monitor,4,771,59,478,778,74,790,775.45,1009.61,404.44,system,NA,0.566,2.87,85.88,0.0,180.0,169.61,-54.25
Negotiation_49,R2,2026-09-11T06:44:43.308229Z,behavior_monitor,4,773,145,488,778,124,720,693.62,867.13,369.19,system,NA,0.556,2.87,89.25,122.96,0.0,169.61,-54.25
Negotiation_49,R2,2026-09-11T06:44:43.817953Z,behavior_monitor,4,763,228,554,778,175,650,588.16,723.93,400.02,system,NA,0.552,2.87,117.0,128.01,0.0,169.61,-54.25
Negotiation_49,R2,2026-09-11T06:44:44.327721Z,behavior_monitor,4,727,305,616,778,225,580,485.7,571.93,437.91,system,NA,0.541,2.87,117.0,0.0,0.0,169.61,-54.25
Negotiation_49,R2,2026-09-11T06:44:44.840052Z,behavior_monitor,4,733,381,616,778,276,566,413.56,493.36,400.75,system,NA,0.544,2.87,60.19,0.0,0.0,99.11,0.0
Negotiation_49,R2,2026-09-11T06:44:45.061289Z,agent_signal,4,756,416,634,790,297,566,393.51,482.39,404.82,agent,your_turn,0.551,2.87,60.19,131.65,30.96,99.11,0.0
Negotiation_49,R2,2026-09-11T06:44:45.350362Z,behavior_monitor,4,788,449,666,806,314,565,376.85,488.36,426.45,system,NA,0.564,2.87,55.9,131.27,24.55,57.18,0.0
Negotiation_49,R2,2026-09-11T06:44:45.858571Z,behavior_monitor,4,814,529,728,833,341,565,315.8,474.63,469.87,system,NA,0.6,2.87,98.08,131.22,22.74,0.0,0.0
Negotiation_49,R2,2026-09-11T06:44:46.361933Z,behavior_monitor,4,827,609,789,858,344,569,252.23,484.12,530.95,system,NA,0.657,2.87,77.03,131.16,21.93,126.51,43.82
Negotiation_49,R2,2026-09-11T06:44:46.868486Z,behavior_monitor,4,855,689,852,882,383,623,192.31,477.23,535.65,system,NA,0.713,2.87,28.28,129.85,20.3,130.47,54.25
Negotiation_49,R2,2026-09-11T06:44:47.377187Z,behavior_monitor,4,933,722,914,904,421,677,183.55,513.34,542.34,system,NA,0.737,2.87,32.21,138.11,19.46,138.63,54.25
Negotiation_49,R2,2026-09-11T06:44:47.888358Z,behavior_monitor,4,1007,755,977,910,460,731,157.09,547.46,546.26,system,NA,0.777,2.87,3.42,123.35,0.0,130.47,54.25
Negotiation_49,R2,2026-09-11T06:44:48.399384Z,behavior_monitor,4,1086,779,1039,910,499,774,138.62,586.89,556.96,system,NA,0.809,2.87,25.84,116.5,0.0,123.22,54.25
Negotiation_49,R2,2026-09-11T06:44:48.910779Z,behavior_monitor,4,1167,808,1103,910,538,803,120.26,628.9,574.25,system,NA,0.839,2.87,3.85,123.67,0.0,76.24,0.0
Negotiation_49,R2,2026-09-11T06:44:49.421865Z,behavior_monitor,4,1244,838,1166,910,578,831,106.14,666.67,593.25,system,NA,0.863,2.87,50.42,123.67,0.0,130.47,54.25
Negotiation_49,R2,2026-09-11T06:44:49.931334Z,behavior_monitor,4,1319,874,1229,910,616,869,97.25,703.15,613.79,system,NA,0.878,2.87,7.75,123.67,0.0,76.24,0.0
Negotiation_49,R2,2026-09-11T06:44:50.993020Z,shot_miss,4,1426,919,1361,910,676,910,65.52,750.51,685.6,human,NA,0.92,2.13,132.68,131.39,0.0,81.0,0.0
Negotiation_49,R2,2026-09-11T06:44:51.193435Z,shot_miss,4,1410,938,1386,910,691,910,36.63,719.25,695.28,human,NA,0.952,2.13,132.68,131.47,0.0,81.0,0.0
Negotiation_49,R2,2026-09-11T06:44:51.327811Z,flight_missed,4,1398,952,1405,910,703,910,42.87,696.68,702.55,system,NA,0.942,2.13,132.68,123.73,0.0,76.24,0.0
Negotiation_49,R2,2026-09-11T06:44:51.328958Z,flight_spawn,5,861,-20,1405,910,703,910,1077.73,943.32,702.55,system,NA,0.467,3.41,125.91,123.73,0.0,76.24,0.0
Negotiation_49,R2,2026-09-11T06:44:53.063466Z,agent_signal,5,810,310,1395,904,794,753,833.45,442.57,619.94,agent,i_can,0.347,3.41,98.07,0.0,-136.07,105.88,-90.0
Negotiation_49,R2,2026-09-11T06:44:53.079958Z,behavior_monitor,5,810,310,1395,904,792,750,833.45,440.29,622.15,system,NA,0.346,3.41,98.07,0.0,-136.07,169.61,-125.75
Negotiation_49,R2,2026-09-11T06:44:53.436443Z,human_signal,5,797,381,1395,904,781,701,794.33,320.56,647.04,human,your_turn,0.288,3.41,98.07,0.0,-136.07,137.65,-90.0
Negotiation_49,R2,2026-09-11T06:44:53.437118Z,human_signal,5,796,385,1395,904,781,701,792.98,317.13,647.04,human,your_turn,0.286,3.41,98.07,0.0,-136.07,137.65,-90.0
Negotiation_49,R2,2026-09-11T06:44:53.590061Z,behavior_monitor,5,790,411,1395,904,774,680,780.02,269.89,660.27,system,NA,0.257,3.41,127.4,0.0,-136.07,169.61,-125.75
Negotiation_49,R2,2026-09-11T06:44:53.777129Z,human_signal,5,768,441,1395,904,755,655,779.3,214.23,686.65,human,your_turn,0.216,3.41,127.4,0.0,-136.07,169.61,-125.75
Negotiation_49,R2,2026-09-11T06:44:53.777785Z,human_signal,5,767,443,1395,904,755,655,779.05,211.43,686.65,human,your_turn,0.213,3.41,127.4,0.0,-136.07,169.61,-125.75
Negotiation_49,R2,2026-09-11T06:44:54.100274Z,behavior_monitor,5,722,484,1395,904,723,610,793.46,126.02,733.21,system,NA,0.137,3.41,147.96,0.0,-136.07,169.61,-125.75
Negotiation_49,R2,2026-09-11T06:44:54.116831Z,human_signal,5,720,486,1395,904,722,608,794.33,121.87,735.7,human,your_turn,0.133,3.41,147.96,0.0,-136.07,169.61,-125.75
Negotiation_49,R2,2026-09-11T06:44:54.117785Z,human_signal,5,717,488,1395,904,722,608,795.86,120.15,735.7,human,your_turn,0.131,3.41,147.96,0.0,-136.07,169.61,-125.75
Negotiation_49,R2,2026-09-11T06:44:54.575721Z,human_signal,5,664,555,1357,889,676,566,769.66,16.27,753.91,human,your_turn,0.021,3.41,120.11,136.01,-162.07,99.11,180.0
Negotiation_49,R2,2026-09-11T06:44:54.576690Z,human_signal,5,663,558,1355,888,676,566,767.0,15.41,751.62,human,your_turn,0.02,3.41,120.11,136.01,-162.07,99.11,180.0
Negotiation_49,R2,2026-09-11T06:44:54.609923Z,behavior_monitor,5,661,561,1353,887,672,565,764.59,11.87,752.76,system,NA,0.015,3.41,120.11,135.71,-162.47,99.11,180.0
Negotiation_49,R2,2026-09-11T06:44:54.678247Z,shot_hit,5,649,572,1342,884,664,568,759.8,15.14,748.12,agent,NA,0.02,3.41,146.07,135.52,-162.73,99.11,180.0
Negotiation_49,R2,2026-09-11T06:44:54.679333Z,flight_spawn,6,501,-20,1342,884,664,568,1234.98,610.53,748.12,system,NA,0.331,3.08,130.55,135.52,-162.73,99.11,180.0
Negotiation_49,R2,2026-09-11T06:44:54.898829Z,human_signal,6,476,8,1315,876,664,568,1207.8,591.04,720.75,human,your_turn,0.329,3.08,130.55,135.4,-162.89,0.0,125.75
Negotiation_49,R2,2026-09-11T06:44:54.900002Z,human_signal,6,473,10,1313,875,664,568,1205.81,589.61,718.47,human,your_turn,0.328,3.08,158.15,135.4,-162.89,0.0,125.75
Negotiation_49,R2,2026-09-11T06:44:55.120322Z,behavior_monitor,6,442,33,1287,867,659,566,1187.61,575.33,696.76,system,NA,0.326,3.08,135.51,134.56,-164.1,99.11,180.0
Negotiation_49,R2,2026-09-11T06:44:55.630257Z,behavior_monitor,6,365,80,1279,866,608,566,1206.29,543.39,735.55,system,NA,0.311,3.08,178.06,73.63,180.0,99.11,180.0
Negotiation_49,R2,2026-09-11T06:44:56.141253Z,behavior_monitor,6,299,132,1213,860,558,566,1168.38,504.95,718.25,system,NA,0.302,3.08,125.33,129.41,180.0,99.11,180.0
Negotiation_49,R2,2026-09-11T06:44:56.650497Z,behavior_monitor,6,261,214,1147,860,507,566,1096.85,429.87,704.18,system,NA,0.282,3.08,105.27,129.41,180.0,99.11,180.0
Negotiation_49,R2,2026-09-11T06:44:57.160895Z,behavior_monitor,6,206,289,1081,860,457,566,1044.82,373.52,690.16,system,NA,0.263,3.08,106.36,129.41,180.0,99.11,180.0
Negotiation_49,R2,2026-09-11T06:44:57.296683Z,agent_signal,6,190,310,1061,860,443,566,1030.72,360.36,684.45,agent,i_can,0.259,3.08,135.49,129.41,180.0,99.11,180.0
Negotiation_49,R2,2026-09-11T06:44:57.671408Z,behavior_monitor,6,136,341,1015,860,406,566,1021.31,351.74,676.43,system,NA,0.256,3.08,158.16,129.41,180.0,99.11,180.0
Negotiation_49,R2,2026-09-11T06:44:58.062833Z,human_signal,6,64,355,965,860,367,566,1032.71,369.21,666.22,human,your_turn,0.263,3.08,164.22,129.41,180.0,99.11,180.0
Negotiation_49,R2,2026-09-11T06:44:58.063997Z,human_signal,6,61,356,962,860,367,566,1032.63,370.85,664.24,human,your_turn,0.264,3.08,137.11,129.41,180.0,99.11,180.0
Negotiation_49,R2,2026-09-11T06:44:58.181483Z,behavior_monitor,6,47,369,951,860,355,566,1028.95,366.17,664.24,system,NA,0.262,3.08,137.11,90.41,180.0,99.11,180.0
Negotiation_49,R2,2026-09-11T06:44:58.384707Z,human_signal,6,21,394,949,860,335,566,1038.24,357.98,680.62,human,your_turn,0.256,3.08,137.11,0.0,180.0,99.11,180.0
Negotiation_49,R2,2026-09-11T06:44:58.385861Z,human_signal,6,20,396,949,860,335,566,1038.63,358.29,680.62,human,your_turn,0.256,2.49,57.14,0.0,180.0,99.11,180.0
Negotiation_49,R2,2026-09-11T06:44:58.693132Z,behavior_monitor,6,41,431,949,860,305,566,1003.31,295.52,707.99,system,NA,0.228,2.49,57.14,0.0,180.0,99.11,180.0
Negotiation_49,R2,2026-09-11T06:44:58.709365Z,human_signal,6,43,433,949,860,303,566,1001.39,292.06,709.52,human,your_turn,0.226,2.49,57.14,0.0,180.0,99.11,180.0
Negotiation_49,R2,2026-09-11T06:44:58.710047Z,human_signal,6,45,436,949,860,303,566,998.73,289.36,709.52,human,your_turn,0.225,2.49,29.44,0.0,180.0,99.11,180.0
Negotiation_49,R2,2026-09-11T06:44:59.100513Z,human_signal,6,98,443,949,860,265,566,947.54,207.25,744.54,human,your_turn,0.179,2.49,6.72,0.0,180.0,99.11,180.0
Negotiation_49,R2,2026-09-11T06:44:59.101057Z,human_signal,6,100,443,949,860,265,566,945.23,205.12,744.54,human,your_turn,0.178,2.49,6.72,0.0,180.0,99.11,180.0
Negotiation_49,R2,2026-09-11T06:44:59.202368Z,behavior_monitor,6,112,445,949,860,255,566,934.01,187.08,753.83,system,NA,0.167,2.49,6.72,0.0,180.0,99.11,180.0
Negotiation_49,R2,2026-09-11T06:44:59.713128Z,behavior_monitor,6,182,462,949,860,205,566,863.39,106.19,799.93,system,NA,0.11,2.49,40.12,0.0,180.0,99.11,180.0
Negotiation_49,R2,2026-09-11T06:44:59.746691Z,human_signal,6,186,466,949,860,201,566,858.61,101.08,803.06,human,your_turn,0.105,2.49,69.76,0.0,180.0,99.11,180.0
Negotiation_49,R2,2026-09-11T06:44:59.747691Z,human_signal,6,187,469,949,860,201,566,856.24,98.55,803.06,human,your_turn,0.103,2.49,69.76,0.0,180.0,99.11,180.0
Negotiation_49,R2,2026-09-11T06:45:00.223081Z,behavior_monitor,6,224,521,949,860,201,566,799.61,50.43,803.26,system,NA,0.059,2.49,47.15,0.0,180.0,99.11,0.0
Negotiation_49,R2,2026-09-11T06:45:00.257391Z,shot_miss,6,229,526,949,860,206,566,792.88,45.54,798.56,agent,NA,0.054,2.49,47.15,0.0,180.0,99.11,0.0
Negotiation_49,R2,2026-09-11T06:45:00.479021Z,human_signal,6,243,552,949,860,220,565,770.3,26.65,786.08,human,your_turn,0.033,2.49,67.5,0.0,180.0,99.11,0.0
Negotiation_49,R2,2026-09-11T06:45:00.480095Z,human_signal,6,244,554,949,860,220,565,768.01,26.9,786.08,human,your_turn,0.034,2.49,67.5,0.0,180.0,0.0,0.0
Negotiation_49,R2,2026-09-11T06:45:00.598513Z,shot_hit,6,252,570,949,860,228,565,754.61,24.1,778.24,agent,NA,0.031,2.49,67.5,0.0,180.0,0.0,82.48
Negotiation_49,R2,2026-09-11T06:45:00.599273Z,flight_spawn,7,522,-20,949,860,228,565,978.31,655.64,778.24,system,NA,0.401,2.83,45.0,0.0,180.0,0.0,82.48
Negotiation_49,R2,2026-09-11T06:45:00.819068Z,human_signal,7,550,-1,949,860,228,565,950.23,652.49,778.24,human,your_turn,0.407,2.83,17.01,0.0,180.0,0.0,0.0
Negotiation_49,R2,2026-09-11T06:45:00.819799Z,behavior_monitor,7,550,-1,949,860,228,565,950.23,652.49,778.24,system,NA,0.407,2.83,17.01,0.0,180.0,0.0,0.0
Negotiation_49,R2,2026-09-11T06:45:00.820237Z,human_signal,7,553,-1,949,860,228,565,948.21,653.27,778.24,human,your_turn,0.408,2.83,17.01,0.0,180.0,0.0,0.0
Negotiation_49,R2,2026-09-11T06:45:01.331612Z,behavior_monitor,7,622,37,949,860,243,565,885.62,650.65,764.23,system,NA,0.424,2.83,42.53,0.0,180.0,99.11,0.0
Negotiation_49,R2,2026-09-11T06:45:01.842117Z,behavior_monitor,7,678,92,946,852,294,566,806.02,610.12,711.72,system,NA,0.431,2.83,67.48,124.05,-112.37,99.11,0.0
Negotiation_49,R2,2026-09-11T06:45:02.352308Z,behavior_monitor,7,677,176,925,787,345,566,658.9,511.64,620.71,system,NA,0.437,2.83,93.29,139.59,-115.85,99.11,0.0
Negotiation_49,R2,2026-09-11T06:45:02.861473Z,behavior_monitor,7,696,258,888,725,396,566,505.44,430.09,517.35,system,NA,0.46,2.83,92.52,142.97,-125.92,99.11,0.0
Negotiation_49,R2,2026-09-11T06:45:03.371496Z,behavior_monitor,7,724,338,869,706,446,566,395.71,359.15,446.0,system,NA,0.476,2.83,70.95,131.45,-132.55,99.11,0.0
Negotiation_49,R2,2026-09-11T06:45:03.882624Z,behavior_monitor,7,749,417,820,655,497,566,248.95,292.33,335.18,system,NA,0.54,2.83,47.18,140.32,-134.22,99.11,0.0
Negotiation_49,R2,2026-09-11T06:45:04.325815Z,agent_signal,7,802,473,817,651,542,564,179.04,275.27,288.91,agent,your_turn,0.606,2.83,47.18,0.0,-90.0,99.11,0.0
Negotiation_49,R2,2026-09-11T06:45:04.393235Z,behavior_monitor,7,808,479,817,651,546,564,172.36,276.04,285.2,system,NA,0.616,2.83,47.18,0.0,-90.0,60.75,0.0
Negotiation_49,R2,2026-09-11T06:45:04.896664Z,behavior_monitor,7,879,518,879,651,575,564,132.98,307.04,315.79,system,NA,0.698,2.83,19.86,127.1,0.0,57.18,0.0
Negotiation_49,R2,2026-09-11T06:45:05.409735Z,behavior_monitor,7,937,575,944,651,587,564,76.7,350.76,367.78,system,NA,0.821,2.83,20.84,129.41,0.0,0.0,-38.06
Negotiation_49,R2,2026-09-11T06:45:05.546077Z,shot_miss,7,959,583,962,651,587,564,68.42,372.33,384.91,human,NA,0.845,2.83,20.84,129.41,0.0,0.0,-38.06
Negotiation_49,R2,2026-09-11T06:45:05.870347Z,shot_miss,7,1003,607,1003,651,598,581,44.04,405.43,411.23,human,NA,0.902,2.83,65.05,122.22,0.0,123.22,54.25
Negotiation_49,R2,2026-09-11T06:45:05.921400Z,behavior_monitor,7,1008,615,1010,651,602,586,36.42,406.61,413.01,system,NA,0.918,2.83,65.05,122.22,0.0,123.22,54.25
Negotiation_49,R2,2026-09-11T06:45:06.108818Z,shot_hit,7,1021,643,1034,651,617,606,15.7,406.06,420.23,human,NA,0.963,2.83,65.05,129.41,0.0,130.47,54.25
Negotiation_49,R2,2026-09-11T06:45:06.109900Z,flight_spawn,8,342,-20,1034,651,617,606,964.63,683.8,420.23,system,NA,0.415,3.52,124.65,129.41,0.0,130.47,54.25
Negotiation_49,R2,2026-09-11T06:45:07.298604Z,human_signal,8,272,209,988,651,544,566,841.25,448.47,452.2,human,your_turn,0.348,3.52,87.67,129.41,180.0,76.24,180.0
Negotiation_49,R2,2026-09-11T06:45:07.299648Z,behavior_monitor,8,272,209,988,651,544,566,841.25,448.47,452.2,system,NA,0.348,3.52,87.67,129.41,180.0,76.24,180.0
Negotiation_49,R2,2026-09-11T06:45:07.300047Z,human_signal,8,272,213,986,651,544,566,837.94,445.97,450.04,human,your_turn,0.347,3.52,87.67,129.41,180.0,76.24,180.0
Negotiation_49,R2,2026-09-11T06:45:07.621696Z,human_signal,8,275,276,972,651,512,566,791.12,374.37,467.38,human,your_turn,0.321,3.52,87.67,0.0,180.0,99.11,180.0
Negotiation_49,R2,2026-09-11T06:45:07.622903Z,human_signal,8,275,280,972,651,512,566,789.44,371.64,467.38,human,your_turn,0.32,3.52,87.67,0.0,180.0,99.11,180.0
Negotiation_49,R2,2026-09-11T06:45:07.808333Z,behavior_monitor,8,276,315,972,651,494,566,773.02,332.84,485.29,system,NA,0.301,3.52,87.67,0.0,180.0,99.11,180.0
Negotiation_49,R2,2026-09-11T06:45:08.115163Z,human_signal,8,276,378,972,651,463,566,747.6,265.8,515.18,human,your_turn,0.262,3.52,87.67,0.0,180.0,99.11,180.0
Negotiation_49,R2,2026-09-11T06:45:08.116369Z,human_signal,8,276,381,972,651,463,566,745.9,263.0,515.18,human,your_turn,0.261,3.52,87.67,0.0,180.0,99.11,180.0
Negotiation_49,R2,2026-09-11T06:45:08.317291Z,behavior_monitor,8,276,420,972,651,443,566,733.28,222.15,535.36,system,NA,0.233,3.52,87.67,0.0,180.0,99.11,180.0
Negotiation_49,R2,2026-09-11T06:45:08.402935Z,agent_signal,8,278,441,972,651,435,566,725.04,200.79,543.61,agent,i_can,0.217,3.52,59.14,0.0,180.0,99.11,180.0
Negotiation_49,R2,2026-09-11T06:45:08.826959Z,behavior_monitor,8,315,515,972,651,393,566,670.21,92.47,585.25,system,NA,0.121,3.52,86.1,0.0,180.0,105.3,180.0
Negotiation_49,R2,2026-09-11T06:45:09.167290Z,shot_miss,8,320,589,972,651,357,578,654.29,38.57,618.78,agent,NA,0.056,3.52,86.1,0.0,180.0,169.61,125.75
Negotiation_49,R2,2026-09-11T06:45:09.285387Z,human_signal,8,322,610,972,651,347,592,651.01,31.06,627.33,human,your_turn,0.046,3.52,86.1,0.0,180.0,169.61,125.75
Negotiation_49,R2,2026-09-11T06:45:09.285771Z,human_signal,8,322,613,972,651,347,592,650.29,32.86,627.33,human,your_turn,0.048,3.52,86.1,0.0,180.0,169.61,125.75
Negotiation_49,R2,2026-09-11T06:45:09.337142Z,behavior_monitor,8,323,620,972,651,342,599,649.28,29.12,631.52,system,NA,0.043,3.52,86.1,0.0,180.0,169.61,125.75
Negotiation_49,R2,2026-09-11T06:45:09.525665Z,shot_miss,8,342,658,972,651,324,627,629.23,36.12,648.31,agent,NA,0.054,3.52,60.37,0.0,180.0,160.19,125.75
Negotiation_49,R2,2026-09-11T06:45:09.695918Z,human_signal,8,359,683,972,651,336,648,613.82,41.86,635.8,human,your_turn,0.064,3.52,66.84,0.0,180.0,169.61,54.25
Negotiation_49,R2,2026-09-11T06:45:09.696558Z,human_signal,8,360,686,972,651,336,648,612.85,45.2,635.8,human,your_turn,0.069,3.52,66.84,0.0,180.0,169.61,54.25
Negotiation_49,R2,2026-09-11T06:45:09.798552Z,shot_miss,8,369,706,972,651,346,665,604.56,47.62,625.82,agent,NA,0.073,3.52,66.84,0.0,180.0,169.61,54.25
Negotiation_49,R2,2026-09-11T06:45:09.848359Z,behavior_monitor,8,373,712,972,651,349,669,601.72,49.23,622.57,system,NA,0.076,3.52,66.84,0.0,180.0,169.61,54.25
Negotiation_49,R2,2026-09-11T06:45:09.985705Z,human_signal,8,384,738,972,651,361,688,593.81,55.36,611.62,human,your_turn,0.085,3.52,66.84,0.0,180.0,169.61,54.25
Negotiation_49,R2,2026-09-11T06:45:09.986445Z,human_signal,8,385,741,972,651,361,688,593.46,58.65,611.62,human,your_turn,0.09,3.52,66.84,0.0,180.0,169.61,54.25
Negotiation_49,R2,2026-09-11T06:45:10.207439Z,human_signal,8,405,780,972,651,381,718,581.07,65.82,594.1,human,your_turn,0.102,3.52,69.65,0.0,180.0,169.61,54.25
Negotiation_49,R2,2026-09-11T06:45:10.208105Z,human_signal,8,406,783,972,651,381,718,580.98,69.21,594.1,human,your_turn,0.106,3.52,69.65,0.0,180.0,169.61,54.25
Negotiation_49,R2,2026-09-11T06:45:10.360505Z,behavior_monitor,8,414,809,972,651,391,739,579.83,73.54,586.85,system,NA,0.113,3.52,69.65,0.0,180.0,169.61,54.25
Negotiation_49,R2,2026-09-11T06:45:10.582399Z,human_signal,8,434,848,972,651,408,770,572.04,82.46,575.82,human,your_turn,0.126,3.52,44.13,0.0,180.0,169.61,54.25
Negotiation_49,R2,2026-09-11T06:45:10.582997Z,human_signal,8,436,851,972,651,408,770,571.09,85.4,575.82,human,your_turn,0.13,3.52,44.13,0.0,180.0,169.61,54.25
Negotiation_49,R2,2026-09-11T06:45:10.872809Z,behavior_monitor,8,476,891,972,651,437,810,550.71,90.22,557.91,system,NA,0.141,3.52,50.18,0.0,180.0,169.61,54.25
Negotiation_49,R2,2026-09-11T06:45:11.230111Z,flight_missed,8,519,953,972,651,474,861,544.2,101.74,539.89,system,NA,0.158,3.52,49.83,0.0,180.0,169.61,54.25
Negotiation_49,R2,2026-09-11T06:45:11.231299Z,flight_spawn,9,484,-20,972,651,474,861,830.24,881.94,539.89,system,NA,0.515,2.83,135.0,0.0,180.0,169.61,54.25
Negotiation_49,R2,2026-09-11T06:45:15.025567Z,human_signal,9,20,300,688,573,225,565,722.3,335.74,463.23,human,your_turn,0.317,1.93,36.6,129.41,180.0,76.24,180.0
Negotiation_49,R2,2026-09-11T06:45:15.026657Z,behavior_monitor,9,20,300,688,573,225,565,722.3,335.74,463.23,system,NA,0.317,1.93,36.6,129.41,180.0,76.24,180.0
Negotiation_49,R2,2026-09-11T06:45:15.027096Z,human_signal,9,21,301,686,573,225,565,718.3,333.83,461.03,human,your_turn,0.317,1.93,36.6,129.41,180.0,76.24,180.0
Negotiation_49,R2,2026-09-11T06:45:15.298453Z,agent_signal,9,52,309,670,573,198,565,671.82,294.81,471.84,agent,i_can,0.305,1.93,9.37,0.0,180.0,99.11,180.0
Negotiation_49,R2,2026-09-11T06:45:15.535547Z,behavior_monitor,9,75,315,670,573,174,565,648.11,269.03,495.42,system,NA,0.293,1.93,30.3,0.0,180.0,99.11,180.0
Negotiation_49,R2,2026-09-11T06:45:16.046673Z,behavior_monitor,9,123,344,670,573,124,565,592.5,220.45,545.69,system,NA,0.271,1.93,30.3,0.0,180.0,99.11,180.0
Negotiation_49,R2,2026-09-11T06:45:16.557863Z,behavior_monitor,9,153,392,700,589,131,564,581.15,173.54,569.9,system,NA,0.23,1.93,74.71,131.89,19.56,0.0,0.0
Negotiation_49,R2,2026-09-11T06:45:17.067386Z,behavior_monitor,9,193,431,740,602,169,565,572.8,135.49,571.91,system,NA,0.191,1.93,26.03,0.0,18.58,99.11,0.0
Negotiation_49,R2,2026-09-11T06:45:17.084365Z,human_signal,9,195,432,740,602,171,565,570.59,134.72,570.23,human,your_turn,0.191,1.93,26.03,0.0,18.58,99.11,0.0
Negotiation_49,R2,2026-09-11T06:45:17.084827Z,human_signal,9,196,433,740,602,171,565,569.38,134.07,570.23,human,your_turn,0.191,1.93,26.03,0.0,18.58,99.11,0.0
Negotiation_49,R2,2026-09-11T06:45:17.578228Z,behavior_monitor,9,242,465,740,602,218,565,516.95,102.19,523.29,system,NA,0.165,1.93,48.31,0.0,18.58,99.11,0.0
Negotiation_49,R2,2026-09-11T06:45:17.952576Z,human_signal,9,259,503,740,602,235,565,491.39,66.28,506.49,human,your_turn,0.119,1.93,53.47,0.0,18.58,0.0,0.0
Negotiation_49,R2,2026-09-11T06:45:17.953716Z,human_signal,9,260,504,740,602,235,565,489.76,65.35,506.49,human,your_turn,0.118,1.93,53.47,0.0,18.58,99.11,0.0
Negotiation_49,R2,2026-09-11T06:45:18.088647Z,behavior_monitor,9,264,516,740,602,240,565,484.19,53.85,501.45,system,NA,0.1,1.93,61.09,0.0,18.58,0.0,0.0
Negotiation_49,R2,2026-09-11T06:45:18.293655Z,shot_hit,9,267,541,740,602,245,565,476.73,32.72,496.41,agent,NA,0.064,1.93,82.49,0.0,18.58,0.0,0.0
Negotiation_49,R2,2026-09-11T06:45:18.294724Z,flight_spawn,10,665,-20,740,602,245,565,627.06,720.41,496.41,system,NA,0.535,3.07,130.66,0.0,18.58,0.0,0.0
Negotiation_49,R2,2026-09-11T06:45:20.504042Z,agent_signal,10,484,326,728,602,386,565,368.64,258.03,343.97,agent,i_can,0.412,3.07,130.97,0.0,180.0,81.0,0.0
Negotiation_49,R2,2026-09-11T06:45:20.520824Z,behavior_monitor,10,484,326,728,602,388,565,368.64,257.39,342.29,system,NA,0.411,3.07,130.97,0.0,180.0,99.11,0.0
Negotiation_49,R2,2026-09-11T06:45:20.622387Z,human_signal,10,472,340,728,602,398,564,366.99,236.6,332.71,human,your_turn,0.392,3.07,130.97,0.0,180.0,72.68,-4.72
Negotiation_49,R2,2026-09-11T06:45:20.622851Z,human_signal,10,470,342,728,602,398,564,366.89,233.71,332.71,human,your_turn,0.389,3.07,130.97,0.0,180.0,99.11,0.0
Negotiation_49,R2,2026-09-11T06:45:21.031703Z,behavior_monitor,10,419,395,728,602,406,564,371.84,169.61,324.34,system,NA,0.313,3.07,130.97,0.0,180.0,99.11,180.0
Negotiation_49,R2,2026-09-11T06:45:21.100031Z,human_signal,10,412,405,728,602,400,564,373.03,160.32,331.03,human,your_turn,0.301,3.07,130.97,0.0,180.0,99.11,180.0
Negotiation_49,R2,2026-09-11T06:45:21.101092Z,human_signal,10,411,407,728,602,400,564,372.86,157.91,331.03,human,your_turn,0.298,3.07,130.97,0.0,180.0,99.11,180.0
Negotiation_49,R2,2026-09-11T06:45:21.542810Z,behavior_monitor,10,398,478,728,602,374,564,353.32,89.47,356.15,system,NA,0.202,3.07,79.21,0.0,180.0,0.0,180.0
Negotiation_49,R2,2026-09-11T06:45:22.019190Z,shot_hit,10,394,564,728,602,377,564,336.58,16.58,352.98,agent,NA,0.047,3.07,108.79,0.0,180.0,0.0,180.0
Negotiation_49,R2,2026-09-11T06:45:22.019759Z,flight_spawn,11,975,-20,728,602,377,564,669.78,836.45,352.98,system,NA,0.555,3.56,55.85,0.0,180.0,0.0,180.0
Negotiation_49,R2,2026-09-11T06:45:24.437659Z,agent_signal,11,1209,395,955,602,538,565,327.77,691.69,418.09,agent,your_turn,0.678,3.56,78.83,129.41,0.0,76.24,0.0
Negotiation_49,R2,2026-09-11T06:45:24.455061Z,behavior_monitor,11,1209,395,955,602,539,565,327.77,690.75,417.12,system,NA,0.678,3.56,78.83,129.41,0.0,57.18,0.0
Negotiation_49,R2,2026-09-11T06:45:24.968150Z,behavior_monitor,11,1234,496,1021,602,569,565,238.24,669.23,453.78,system,NA,0.737,3.56,55.08,129.41,0.0,57.18,0.0
Negotiation_49,R2,2026-09-11T06:45:25.480150Z,behavior_monitor,11,1297,584,1087,602,581,565,211.52,716.61,506.98,system,NA,0.772,3.56,55.08,129.41,0.0,0.0,0.0
Negotiation_49,R2,2026-09-11T06:45:25.989499Z,behavior_monitor,11,1358,672,1117,651,581,564,242.03,784.95,543.36,system,NA,0.764,3.56,55.08,129.41,90.0,0.0,-117.98
Negotiation_49,R2,2026-09-11T06:45:26.499208Z,behavior_monitor,11,1408,764,1139,714,607,600,273.42,817.6,544.24,system,NA,0.749,3.56,78.47,143.24,46.23,130.47,54.25
Negotiation_49,R2,2026-09-11T06:45:27.014096Z,behavior_monitor,11,1439,865,1192,763,646,654,267.02,821.37,557.7,system,NA,0.755,3.56,101.21,143.01,42.09,130.47,54.25
Negotiation_49,R2,2026-09-11T06:45:27.523671Z,behavior_monitor,11,1361,926,1247,812,684,708,161.0,711.0,572.26,system,NA,0.815,3.56,175.29,142.8,41.82,130.47,54.25
Negotiation_49,R2,2026-09-11T06:45:28.036832Z,behavior_monitor,11,1257,946,1262,828,723,762,117.58,565.03,542.84,system,NA,0.828,3.56,177.0,0.0,90.0,130.47,54.25
Negotiation_49,R2,2026-09-11T06:45:28.259876Z,flight_missed,11,1211,952,1262,828,741,787,133.91,498.05,522.24,system,NA,0.788,3.56,155.81,0.0,90.0,130.47,54.25
Negotiation_49,R2,2026-09-11T06:45:28.260557Z,flight_spawn,12,723,-20,1262,828,741,787,1004.92,807.5,522.24,system,NA,0.446,3.16,129.27,0.0,90.0,130.47,54.25
Negotiation_49,R2,2026-09-11T06:45:30.206146Z,human_signal,12,475,222,1129,638,621,622,775.52,425.94,507.9,human,your_turn,0.355,3.16,123.57,138.77,-145.28,130.47,-125.75
Negotiation_49,R2,2026-09-11T06:45:30.206963Z,behavior_monitor,12,475,222,1129,638,621,622,775.52,425.94,507.9,system,NA,0.355,3.16,123.57,138.77,-145.28,130.47,-125.75
Negotiation_49,R2,2026-09-11T06:45:30.207280Z,human_signal,12,473,225,1127,637,621,622,773.6,424.23,505.9,human,your_turn,0.354,3.16,123.57,138.77,-145.28,130.47,-125.75
Negotiation_49,R2,2026-09-11T06:45:30.719469Z,human_signal,12,414,293,1096,619,571,566,756.12,314.71,527.4,human,your_turn,0.294,3.16,122.52,0.0,180.0,99.11,180.0
Negotiation_49,R2,2026-09-11T06:45:30.720027Z,behavior_monitor,12,414,293,1096,619,571,566,756.12,314.71,527.4,system,NA,0.294,3.16,122.52,0.0,180.0,99.11,180.0
Negotiation_49,R2,2026-09-11T06:45:30.720360Z,human_signal,12,412,296,1096,619,571,566,756.14,313.06,527.4,human,your_turn,0.293,3.16,122.52,0.0,180.0,99.11,180.0
Negotiation_49,R2,2026-09-11T06:45:31.193549Z,agent_signal,12,344,349,1096,619,524,566,799.32,282.38,574.07,agent,i_can,0.261,3.16,145.99,0.0,180.0,99.11,180.0
Negotiation_49,R2,2026-09-11T06:45:31.226514Z,behavior_monitor,12,341,350,1096,619,521,566,801.68,280.88,577.43,system,NA,0.259,3.16,145.99,0.0,180.0,99.11,180.0
Negotiation_49,R2,2026-09-11T06:45:31.293813Z,human_signal,12,330,358,1096,619,514,566,809.1,277.85,584.14,human,your_turn,0.256,3.16,145.99,0.0,180.0,99.11,180.0
Negotiation_49,R2,2026-09-11T06:45:31.294415Z,human_signal,12,327,359,1096,619,514,566,811.61,278.7,584.14,human,your_turn,0.256,3.16,145.99,0.0,180.0,99.11,180.0
Negotiation_49,R2,2026-09-11T06:45:31.736500Z,behavior_monitor,12,251,380,1096,619,470,565,878.18,287.54,627.65,system,NA,0.247,3.16,167.53,0.0,180.0,99.11,180.0
Negotiation_49,R2,2026-09-11T06:45:31.787781Z,human_signal,12,242,382,1096,619,465,565,886.68,289.58,632.68,human,your_turn,0.246,3.16,167.53,0.0,180.0,99.11,180.0
Negotiation_49,R2,2026-09-11T06:45:31.788561Z,human_signal,12,238,382,1096,619,465,565,889.99,291.96,632.68,human,your_turn,0.247,3.16,167.53,0.0,180.0,99.11,180.0
Negotiation_49,R2,2026-09-11T06:45:32.247802Z,behavior_monitor,12,158,406,1096,619,420,565,962.16,306.9,677.92,system,NA,0.242,3.16,138.14,0.0,180.0,99.11,180.0
Negotiation_49,R2,2026-09-11T06:45:32.760247Z,behavior_monitor,12,98,481,1096,619,369,565,1007.76,284.16,728.74,system,NA,0.22,3.16,94.51,0.0,180.0,99.11,180.0
Negotiation_49,R2,2026-09-11T06:45:32.879080Z,human_signal,12,95,503,1096,619,357,564,1007.65,269.1,740.97,human,your_turn,0.211,3.16,94.51,0.0,180.0,99.11,180.0
Negotiation_49,R2,2026-09-11T06:45:32.880160Z,human_signal,12,95,506,1096,619,357,564,1007.61,268.71,740.97,human,your_turn,0.211,3.16,94.51,0.0,180.0,99.11,180.0
Negotiation_49,R2,2026-09-11T06:45:33.274410Z,behavior_monitor,12,88,575,1096,619,318,569,1009.3,231.06,778.97,system,NA,0.186,3.16,120.61,0.0,180.0,169.61,125.75
Negotiation_49,R2,2026-09-11T06:45:33.478227Z,human_signal,12,70,607,1096,619,298,596,1026.17,228.88,797.82,human,your_turn,0.182,3.16,120.61,0.0,180.0,169.61,125.75
Negotiation_49,R2,2026-09-11T06:45:33.478892Z,human_signal,12,68,610,1096,619,298,596,1027.41,230.3,797.82,human,your_turn,0.183,3.16,120.61,0.0,180.0,169.61,125.75
Negotiation_49,R2,2026-09-11T06:45:33.785242Z,behavior_monitor,12,29,645,1096,619,268,638,1067.32,238.98,828.34,system,NA,0.183,3.16,143.71,0.0,180.0,169.61,125.75
Negotiation_49,R2,2026-09-11T06:45:34.296176Z,behavior_monitor,12,21,713,1096,619,218,708,1079.34,197.09,882.75,system,NA,0.154,2.41,104.07,0.0,180.0,169.61,125.75
Negotiation_49,R2,2026-09-11T06:45:34.313954Z,human_signal,12,20,715,1096,619,216,711,1080.54,196.41,884.66,human,your_turn,0.154,2.37,81.45,0.0,180.0,169.61,125.75
Negotiation_49,R2,2026-09-11T06:45:34.314167Z,human_signal,12,20,717,1096,619,216,711,1080.53,196.25,884.66,human,your_turn,0.154,2.37,81.45,0.0,180.0,169.61,125.75
Negotiation_49,R2,2026-09-11T06:45:34.802912Z,behavior_monitor,12,45,774,1096,619,167,769,1062.09,122.19,940.58,system,NA,0.103,2.37,85.96,0.0,180.0,147.87,127.57
Negotiation_49,R2,2026-09-11T06:45:35.039993Z,human_signal,12,48,807,1096,619,144,801,1064.36,95.77,969.25,human,your_turn,0.083,2.37,85.96,0.0,180.0,169.61,125.75
Negotiation_49,R2,2026-09-11T06:45:35.040614Z,human_signal,12,48,810,1096,619,144,801,1064.85,96.02,969.25,human,your_turn,0.083,2.37,85.96,0.0,180.0,180.21,125.75
Negotiation_49,R2,2026-09-11T06:45:35.310905Z,behavior_monitor,12,40,844,1096,619,117,839,1079.81,77.37,1003.25,system,NA,0.067,2.37,108.36,0.0,180.0,169.61,125.75
Negotiation_49,R2,2026-09-11T06:45:35.463244Z,human_signal,12,35,864,1096,619,102,860,1088.23,66.31,1022.79,human,your_turn,0.057,2.37,108.36,0.0,180.0,169.61,125.75
Negotiation_49,R2,2026-09-11T06:45:35.463874Z,human_signal,12,35,867,1096,619,102,860,1089.61,67.39,1022.79,human,your_turn,0.058,2.37,108.36,0.0,180.0,180.21,125.75
Negotiation_49,R2,2026-09-11T06:45:35.749730Z,shot_miss,12,27,906,1096,619,71,902,1106.52,44.55,1062.71,agent,NA,0.039,2.37,82.75,0.0,180.0,169.61,125.75
Negotiation_49,R2,2026-09-11T06:45:35.817332Z,behavior_monitor,12,27,913,1096,619,66,909,1107.84,38.98,1069.46,system,NA,0.034,2.37,82.75,0.0,180.0,169.61,125.75
Negotiation_49,R2,2026-09-11T06:45:36.073085Z,shot_miss,12,31,950,1096,619,39,910,1114.6,41.41,1095.61,agent,NA,0.036,2.37,82.75,0.0,180.0,99.11,180.0
Negotiation_49,R2,2026-09-11T06:45:36.089523Z,flight_missed,12,32,952,1096,619,38,910,1115.19,43.43,1097.24,system,NA,0.037,2.37,82.75,0.0,180.0,99.11,180.0
Negotiation_49,R2,2026-09-11T06:45:36.090266Z,flight_spawn,13,772,-20,1096,619,38,910,717.06,1185.13,1097.24,system,NA,0.623,2.83,45.0,0.0,180.0,99.11,180.0
Negotiation_49,R2,2026-09-11T06:45:39.260866Z,agent_signal,13,936,369,1000,583,239,629,224.08,743.46,762.7,agent,your_turn,0.768,2.83,166.54,129.41,180.0,130.47,-54.25
Negotiation_49,R2,2026-09-11T06:45:39.277482Z,behavior_monitor,13,936,369,1000,583,240,627,224.08,742.08,761.65,system,NA,0.768,2.83,166.54,129.41,180.0,97.85,-54.25
Negotiation_49,R2,2026-09-11T06:45:39.789798Z,behavior_monitor,13,873,415,934,583,269,587,178.69,627.86,665.02,system,NA,0.778,2.83,98.41,129.41,180.0,97.85,-54.25
Negotiation_49,R2,2026-09-11T06:45:40.301016Z,behavior_monitor,13,898,497,883,583,284,569,87.64,618.03,599.23,system,NA,0.876,2.83,73.17,0.0,180.0,0.0,45.89
Negotiation_49,R2,2026-09-11T06:45:40.521951Z,shot_miss,13,885,529,883,583,284,569,54.01,602.12,599.23,human,NA,0.918,2.83,121.3,0.0,180.0,0.0,45.89
Negotiation_49,R2,2026-09-11T06:45:40.772273Z,shot_hit,13,861,566,883,583,293,565,27.99,567.72,590.27,human,NA,0.953,2.83,98.48,0.0,180.0,76.24,0.0
Negotiation_49,R2,2026-09-11T06:45:40.773044Z,flight_spawn,14,1122,-20,883,583,293,565,649.51,1014.98,590.27,system,NA,0.61,3.28,127.57,0.0,180.0,76.24,0.0
Negotiation_49,R2,2026-09-11T06:45:44.034878Z,agent_signal,14,857,430,839,634,520,565,204.95,362.83,326.31,agent,your_turn,0.639,3.28,49.62,71.61,0.0,81.0,0.0
Negotiation_49,R2,2026-09-11T06:45:44.051206Z,behavior_monitor,14,857,430,839,634,521,565,204.95,361.93,325.36,system,NA,0.638,3.28,49.62,67.4,0.0,57.18,0.0
Negotiation_49,R2,2026-09-11T06:45:44.562576Z,behavior_monitor,14,945,465,879,647,550,564,193.34,406.91,339.31,system,NA,0.678,3.28,4.81,130.42,22.13,57.18,0.0
Negotiation_49,R2,2026-09-11T06:45:45.073383Z,behavior_monitor,14,1037,493,942,670,564,564,200.73,478.48,392.16,system,NA,0.704,3.28,29.85,130.1,19.81,0.0,0.0
Negotiation_49,R2,2026-09-11T06:45:45.584899Z,behavior_monitor,14,1132,512,1004,692,583,564,221.16,550.81,439.73,system,NA,0.714,3.28,8.63,130.17,19.38,74.14,-10.48
Negotiation_49,R2,2026-09-11T06:45:46.093721Z,behavior_monitor,14,1209,555,1067,714,622,565,212.58,586.84,469.35,system,NA,0.734,3.28,63.69,129.98,18.63,76.24,0.0
Negotiation_49,R2,2026-09-11T06:45:46.605946Z,behavior_monitor,14,1250,643,1130,734,661,610,151.21,590.53,485.46,system,NA,0.796,3.28,60.55,130.1,18.25,130.47,54.25
Negotiation_49,R2,2026-09-11T06:45:47.115963Z,behavior_monitor,14,1308,719,1193,755,699,664,120.47,611.08,502.03,system,NA,0.835,3.28,83.36,129.98,18.09,130.47,54.25
Negotiation_49,R2,2026-09-11T06:45:47.473701Z,shot_miss,14,1313,787,1237,770,726,702,78.25,592.97,515.04,human,NA,0.883,3.28,108.76,129.98,18.09,130.47,54.25
Negotiation_49,R2,2026-09-11T06:45:47.626142Z,behavior_monitor,14,1304,815,1256,776,738,718,62.28,574.25,521.01,system,NA,0.902,3.28,108.76,129.98,18.09,130.47,54.25
Negotiation_49,R2,2026-09-11T06:45:47.643371Z,shot_miss,14,1302,818,1258,776,739,720,61.14,571.67,521.69,human,NA,0.903,3.28,108.76,129.98,18.09,130.47,54.25
Negotiation_49,R2,2026-09-11T06:45:47.830699Z,shot_miss,14,1289,851,1281,784,754,739,67.5,546.98,529.31,human,NA,0.89,3.28,134.49,129.98,18.09,130.47,54.25
Negotiation_49,R2,2026-09-11T06:45:48.140182Z,behavior_monitor,14,1261,902,1319,796,777,772,120.19,501.36,542.49,system,NA,0.807,3.28,107.6,129.5,18.79,114.79,60.37
Negotiation_49,R2,2026-09-11T06:45:48.395422Z,flight_missed,14,1249,952,1321,798,797,800,170.62,476.87,523.76,system,NA,0.736,3.28,100.35,0.0,28.86,101.03,56.85
Negotiation_49,R2,2026-09-11T06:45:48.396458Z,flight_spawn,15,412,-20,1321,798,797,800,1222.67,906.35,523.76,system,NA,0.426,3.31,127.11,0.0,28.86,101.03,56.85
Negotiation_49,R2,2026-09-11T06:45:51.523054Z,agent_signal,15,60,309,943,798,612,565,1008.92,608.44,404.36,agent,i_can,0.376,2.32,68.43,129.41,180.0,76.24,180.0
Negotiation_49,R2,2026-09-11T06:45:51.539147Z,behavior_monitor,15,60,309,943,798,611,565,1008.92,606.91,405.74,system,NA,0.376,2.32,68.43,129.41,180.0,99.11,180.0
Negotiation_49,R2,2026-09-11T06:45:52.051253Z,behavior_monitor,15,94,368,898,798,560,566,911.48,506.38,409.67,system,NA,0.357,2.32,14.95,0.0,180.0,99.11,180.0
Negotiation_49,R2,2026-09-11T06:45:52.101518Z,human_signal,15,101,370,898,798,555,566,904.37,494.38,413.86,human,your_turn,0.353,2.32,14.95,0.0,180.0,122.42,166.52
Negotiation_49,R2,2026-09-11T06:45:52.102441Z,human_signal,15,103,370,898,798,555,566,902.4,492.38,413.86,human,your_turn,0.353,2.32,14.95,0.0,180.0,99.11,180.0
Negotiation_49,R2,2026-09-11T06:45:52.356693Z,human_signal,15,136,379,898,798,530,566,869.46,435.91,435.04,human,your_turn,0.334,2.32,14.95,0.0,180.0,99.11,180.0
Negotiation_49,R2,2026-09-11T06:45:52.357799Z,human_signal,15,139,379,898,798,530,566,866.79,433.2,435.04,human,your_turn,0.333,2.32,14.95,0.0,180.0,99.11,180.0
Negotiation_49,R2,2026-09-11T06:45:52.560648Z,behavior_monitor,15,161,387,898,798,509,566,843.15,391.02,452.55,system,NA,0.317,2.32,35.11,0.0,180.0,99.11,180.0
Negotiation_49,R2,2026-09-11T06:45:52.629007Z,human_signal,15,169,393,898,798,502,566,833.96,375.88,458.35,human,your_turn,0.311,2.32,35.11,0.0,180.0,99.11,180.0
Negotiation_49,R2,2026-09-11T06:45:52.630155Z,human_signal,15,171,394,898,798,502,566,831.79,373.72,458.35,human,your_turn,0.31,2.32,35.11,0.0,180.0,99.11,180.0
Negotiation_49,R2,2026-09-11T06:45:53.071858Z,behavior_monitor,15,198,445,898,798,459,566,783.59,287.26,496.56,system,NA,0.268,2.32,80.26,0.0,180.0,99.11,180.0
Negotiation_49,R2,2026-09-11T06:45:53.478854Z,human_signal,15,203,499,898,798,418,566,756.27,225.39,532.66,human,your_turn,0.23,2.32,106.17,0.0,180.0,99.11,180.0
Negotiation_49,R2,2026-09-11T06:45:53.479527Z,human_signal,15,202,501,898,798,418,566,756.5,225.89,532.66,human,your_turn,0.23,2.32,106.17,0.0,180.0,99.11,180.0
Negotiation_49,R2,2026-09-11T06:45:53.581025Z,behavior_monitor,15,197,513,898,798,408,566,756.74,217.91,541.78,system,NA,0.224,2.32,106.17,0.0,180.0,99.11,180.0
Negotiation_49,R2,2026-09-11T06:45:54.089642Z,behavior_monitor,15,207,581,898,798,357,575,724.21,150.65,584.36,system,NA,0.172,2.32,58.17,0.0,180.0,169.61,125.75
Negotiation_49,R2,2026-09-11T06:45:54.310195Z,human_signal,15,224,606,898,798,336,601,700.61,111.8,595.69,human,your_turn,0.138,2.32,58.17,0.0,180.0,99.11,180.0
Negotiation_49,R2,2026-09-11T06:45:54.310487Z,human_signal,15,225,608,898,798,336,601,698.87,110.66,595.69,human,your_turn,0.137,2.32,58.17,0.0,180.0,169.61,125.75
Negotiation_49,R2,2026-09-11T06:45:54.601631Z,behavior_monitor,15,246,640,898,798,307,634,670.98,61.46,613.14,system,NA,0.084,2.32,58.17,0.0,180.0,169.61,125.75
Negotiation_49,R2,2026-09-11T06:45:54.941396Z,shot_hit,15,271,681,898,798,272,676,637.92,4.91,637.97,agent,NA,0.008,2.32,58.17,0.0,180.0,169.61,125.75
Negotiation_49,R2,2026-09-11T06:45:54.941969Z,flight_spawn,16,1281,-20,898,798,272,676,903.51,1226.9,637.97,system,NA,0.576,3.35,53.32,0.0,180.0,169.61,125.75
Negotiation_49,R2,2026-09-11T06:46:00.013283Z,agent_signal,16,986,307,854,542,603,566,269.86,462.57,252.54,agent,your_turn,0.632,2.3,168.31,0.0,-90.0,76.24,0.0
Negotiation_49,R2,2026-09-11T06:46:00.030026Z,behavior_monitor,16,986,307,854,542,604,566,269.86,461.76,251.57,system,NA,0.631,2.3,168.31,0.0,-90.0,57.18,0.0
Negotiation_49,R2,2026-09-11T06:46:00.539647Z,behavior_monitor,16,939,344,840,514,633,566,196.77,377.9,213.54,system,NA,0.658,2.3,152.91,141.69,-117.59,57.18,0.0
Negotiation_49,R2,2026-09-11T06:46:01.050675Z,behavior_monitor,16,877,375,826,486,647,565,121.54,298.31,196.1,system,NA,0.711,2.3,152.91,139.97,-124.61,0.0,-39.09
Negotiation_49,R2,2026-09-11T06:46:01.476996Z,shot_miss,16,824,392,809,452,647,565,61.03,247.43,198.26,human,NA,0.802,2.3,176.18,0.0,-90.0,0.0,-39.09
Negotiation_49,R2,2026-09-11T06:46:01.562124Z,behavior_monitor,16,812,393,809,452,647,565,58.62,238.93,198.26,system,NA,0.803,2.3,176.18,0.0,-90.0,0.0,-39.09
Negotiation_49,R2,2026-09-11T06:46:01.832373Z,shot_miss,16,776,396,801,447,652,566,56.99,211.04,191.15,human,NA,0.787,2.3,176.18,106.28,-138.86,76.24,0.0
Negotiation_49,R2,2026-09-11T06:46:02.070793Z,behavior_monitor,16,742,398,781,422,670,566,46.39,182.79,181.94,system,NA,0.798,2.3,176.18,140.27,-126.71,76.24,0.0
Negotiation_49,R2,2026-09-11T06:46:02.580230Z,behavior_monitor,16,683,418,729,402,674,566,49.08,147.58,172.84,system,NA,0.75,2.3,177.89,0.0,180.0,76.24,180.0
Negotiation_49,R2,2026-09-11T06:46:02.648393Z,shot_miss,16,674,419,728,402,669,566,56.07,147.08,174.1,human,NA,0.724,2.3,177.89,0.0,180.0,76.24,180.0
Negotiation_49,R2,2026-09-11T06:46:02.901401Z,shot_miss,16,642,420,695,412,649,566,53.88,146.1,160.74,human,NA,0.731,2.3,177.89,137.04,157.89,76.24,180.0
Negotiation_49,R2,2026-09-11T06:46:03.084661Z,behavior_monitor,16,615,421,671,422,635,565,56.49,145.99,148.02,system,NA,0.721,2.3,177.89,137.93,159.76,76.24,180.0
Negotiation_49,R2,2026-09-11T06:46:03.151420Z,shot_miss,16,607,421,667,424,630,565,59.53,146.01,146.05,human,NA,0.71,2.3,177.89,82.32,150.86,76.24,180.0
Negotiation_49,R2,2026-09-11T06:46:03.475225Z,shot_miss,16,566,423,638,424,605,565,72.23,147.93,145.2,human,NA,0.672,2.3,177.89,129.41,180.0,76.24,180.0
Negotiation_49,R2,2026-09-11T06:46:03.594947Z,behavior_monitor,16,550,425,623,424,596,565,72.12,147.59,143.89,system,NA,0.672,2.3,157.19,129.41,180.0,76.24,180.0
Negotiation_49,R2,2026-09-11T06:46:03.713719Z,shot_miss,16,536,431,607,424,587,566,71.36,143.67,143.1,human,NA,0.668,2.3,157.19,129.41,180.0,76.24,180.0
Negotiation_49,R2,2026-09-11T06:46:03.952649Z,shot_miss,16,506,446,576,424,569,566,73.34,135.2,141.85,human,NA,0.648,2.3,158.2,129.41,180.0,76.24,180.0
Negotiation_49,R2,2026-09-11T06:46:04.105990Z,behavior_monitor,16,490,453,557,424,557,566,72.97,130.87,141.64,system,NA,0.642,2.3,158.2,129.41,180.0,76.24,180.0
Negotiation_49,R2,2026-09-11T06:46:04.173306Z,shot_miss,16,481,457,548,424,552,566,74.06,129.68,141.7,human,NA,0.636,2.3,158.2,129.41,180.0,76.24,180.0
Negotiation_49,R2,2026-09-11T06:46:04.611423Z,behavior_monitor,16,424,472,492,424,518,566,83.88,132.57,143.81,system,NA,0.612,2.3,153.37,87.63,180.0,81.0,180.0
Negotiation_49,R2,2026-09-11T06:46:05.851408Z,human_signal,16,288,555,429,424,423,566,192.14,136.13,142.04,human,your_turn,0.415,2.3,157.86,0.0,180.0,76.24,180.0
Negotiation_49,R2,2026-09-11T06:46:05.853423Z,behavior_monitor,16,288,555,429,424,423,566,192.14,136.13,142.04,system,NA,0.415,2.3,157.86,0.0,180.0,76.24,180.0
Negotiation_49,R2,2026-09-11T06:46:05.853919Z,human_signal,16,285,556,429,424,423,566,194.44,138.38,142.04,human,your_turn,0.416,2.3,157.86,0.0,180.0,76.24,180.0
Negotiation_49,R2,2026-09-11T06:46:06.312162Z,human_signal,16,228,577,429,424,378,571,251.79,149.96,155.16,human,your_turn,0.373,2.3,153.12,0.0,180.0,99.11,180.0
Negotiation_49,R2,2026-09-11T06:46:06.313242Z,human_signal,16,226,578,429,424,378,571,254.0,151.99,155.16,human,your_turn,0.374,2.3,153.12,0.0,180.0,99.11,180.0
Negotiation_49,R2,2026-09-11T06:46:06.362804Z,behavior_monitor,16,223,580,429,424,373,576,258.23,150.79,161.44,system,NA,0.369,2.3,153.12,0.0,180.0,175.97,119.13
Negotiation_49,R2,2026-09-11T06:46:06.687250Z,agent_signal,16,183,600,429,424,341,595,302.05,158.43,191.8,agent,i_can,0.344,2.3,156.91,0.0,180.0,99.11,180.0
Negotiation_49,R2,2026-09-11T06:46:06.755791Z,human_signal,16,177,602,429,424,334,597,308.51,157.71,197.02,human,your_turn,0.338,2.3,156.91,0.0,180.0,169.61,125.75
Negotiation_49,R2,2026-09-11T06:46:06.756397Z,human_signal,16,174,603,429,424,334,597,311.25,160.46,197.02,human,your_turn,0.34,2.3,156.91,0.0,180.0,99.11,180.0
Negotiation_49,R2,2026-09-11T06:46:06.874248Z,behavior_monitor,16,164,613,429,424,323,609,324.86,158.28,212.98,system,NA,0.328,2.3,139.05,0.0,180.0,169.61,125.75
Negotiation_49,R2,2026-09-11T06:46:07.385271Z,behavior_monitor,16,115,658,429,424,272,653,391.29,157.41,277.3,system,NA,0.287,2.3,139.05,0.0,180.0,169.61,125.75
Negotiation_49,R2,2026-09-11T06:46:07.554433Z,human_signal,16,100,674,429,424,256,670,412.91,155.82,300.36,human,your_turn,0.274,2.3,113.87,0.0,180.0,169.61,125.75
Negotiation_49,R2,2026-09-11T06:46:07.555152Z,human_signal,16,99,676,429,424,256,670,415.24,157.21,300.36,human,your_turn,0.275,2.3,113.87,0.0,180.0,169.61,125.75
Negotiation_49,R2,2026-09-11T06:46:07.895083Z,behavior_monitor,16,79,714,429,424,222,709,454.56,143.13,352.31,system,NA,0.239,2.3,117.48,0.0,180.0,180.21,125.75
Negotiation_49,R2,2026-09-11T06:46:08.403635Z,behavior_monitor,16,47,776,429,424,171,770,518.53,124.1,431.49,system,NA,0.193,2.3,117.48,0.0,180.0,169.61,125.75
Negotiation_49,R2,2026-09-11T06:46:08.914855Z,behavior_monitor,16,38,842,399,424,121,836,551.84,82.89,496.95,system,NA,0.131,2.3,74.88,129.41,180.0,169.61,125.75
Negotiation_49,R2,2026-09-11T06:46:09.238852Z,human_signal,16,45,883,375,424,89,878,565.01,44.13,536.42,human,your_turn,0.072,2.3,125.65,0.0,180.0,169.61,125.75
Negotiation_49,R2,2026-09-11T06:46:09.240022Z,human_signal,16,43,885,375,424,89,878,567.75,46.45,536.42,human,your_turn,0.076,2.3,125.65,0.0,180.0,169.61,125.75
Negotiation_49,R2,2026-09-11T06:46:09.374279Z,shot_miss,16,32,900,375,424,74,894,586.34,42.22,558.37,agent,NA,0.067,2.3,125.65,0.0,180.0,99.11,180.0
Negotiation_49,R2,2026-09-11T06:46:09.425366Z,behavior_monitor,16,29,903,375,424,71,899,591.34,42.1,564.13,system,NA,0.066,2.3,125.65,0.0,180.0,169.61,125.75
Negotiation_49,R2,2026-09-11T06:46:09.664283Z,shot_hit,16,30,929,375,424,45,910,611.26,24.6,586.76,agent,NA,0.039,2.03,38.96,0.0,180.0,93.6,180.0
Negotiation_49,R2,2026-09-11T06:46:09.665354Z,flight_spawn,17,268,-20,375,424,45,910,457.07,956.37,586.76,system,NA,0.677,2.83,45.0,0.0,180.0,93.6,180.0
Negotiation_49,R2,2026-09-11T06:46:12.266999Z,agent_signal,17,458,308,404,459,217,669,159.74,434.01,281.57,agent,your_turn,0.731,2.83,22.96,130.07,17.41,130.47,-54.25
Negotiation_49,R2,2026-09-11T06:46:12.283513Z,behavior_monitor,17,458,308,404,459,218,668,159.74,432.35,279.92,system,NA,0.73,2.83,22.96,130.07,17.41,97.85,-54.25
Negotiation_49,R2,2026-09-11T06:46:12.793643Z,behavior_monitor,17,528,348,467,478,248,627,143.35,395.55,265.59,system,NA,0.734,2.83,50.67,129.69,16.86,97.85,-54.25
Negotiation_49,R2,2026-09-11T06:46:13.304405Z,behavior_monitor,17,585,409,531,496,262,608,102.22,379.32,291.51,system,NA,0.788,2.83,27.87,129.22,14.87,0.0,-39.96
Negotiation_49,R2,2026-09-11T06:46:13.815259Z,behavior_monitor,17,657,448,595,513,273,594,89.29,410.68,332.11,system,NA,0.821,2.83,27.87,129.22,14.87,130.47,-54.25
Negotiation_49,R2,2026-09-11T06:46:14.327576Z,behavior_monitor,17,722,497,658,529,310,565,71.33,417.03,349.85,system,NA,0.854,2.83,48.15,129.15,14.75,76.24,0.0
Negotiation_49,R2,2026-09-11T06:46:14.717269Z,shot_miss,17,744,556,707,542,340,565,39.25,404.29,368.09,human,NA,0.912,2.83,96.99,129.15,14.75,76.24,0.0
Negotiation_49,R2,2026-09-11T06:46:14.836397Z,behavior_monitor,17,743,576,722,546,348,569,36.39,395.05,374.24,system,NA,0.916,2.83,96.99,129.15,14.75,130.47,54.25
Negotiation_49,R2,2026-09-11T06:46:15.024770Z,shot_miss,17,735,606,745,552,363,589,54.26,372.96,384.37,human,NA,0.873,2.83,121.87,129.15,14.75,130.47,54.25
Negotiation_49,R2,2026-09-11T06:46:15.349550Z,behavior_monitor,17,711,654,755,573,387,623,92.07,325.38,371.51,system,NA,0.779,2.83,95.11,129.41,90.0,130.47,54.25
Negotiation_49,R2,2026-09-11T06:46:15.859588Z,behavior_monitor,17,708,738,736,639,426,677,102.73,288.2,311.87,system,NA,0.737,2.83,67.58,137.33,109.55,130.47,54.25
Negotiation_49,R2,2026-09-11T06:46:16.251550Z,human_signal,17,713,800,731,666,456,718,135.01,269.92,279.36,human,your_turn,0.667,2.83,94.75,0.0,90.0,130.47,54.25
Negotiation_49,R2,2026-09-11T06:46:16.252301Z,human_signal,17,714,803,731,666,456,718,137.78,270.97,279.36,human,your_turn,0.663,2.83,94.75,0.0,90.0,130.47,54.25
Negotiation_49,R2,2026-09-11T06:46:16.370524Z,behavior_monitor,17,709,819,731,666,468,734,154.0,255.65,271.41,system,NA,0.624,2.83,96.31,0.0,90.0,169.61,54.25
Negotiation_49,R2,2026-09-11T06:46:16.523133Z,human_signal,17,708,844,731,666,483,755,179.28,241.98,263.54,human,your_turn,0.574,2.83,96.31,0.0,90.0,169.61,54.25
Negotiation_49,R2,2026-09-11T06:46:16.523710Z,human_signal,17,708,847,731,666,483,755,182.07,242.98,263.54,human,your_turn,0.572,2.83,96.31,0.0,90.0,169.61,54.25
Negotiation_49,R2,2026-09-11T06:46:16.779140Z,human_signal,17,703,886,731,666,508,790,221.67,217.65,255.01,human,your_turn,0.495,2.83,118.18,0.0,90.0,169.61,54.25
Negotiation_49,R2,2026-09-11T06:46:16.780127Z,human_signal,17,702,889,731,666,508,790,224.38,217.12,255.01,human,your_turn,0.492,2.83,118.18,0.0,90.0,169.61,54.25
Negotiation_49,R2,2026-09-11T06:46:16.880535Z,behavior_monitor,17,694,901,731,666,518,805,237.75,201.01,253.59,system,NA,0.458,2.83,140.4,0.0,90.0,169.61,54.25
Negotiation_49,R2,2026-09-11T06:46:17.050852Z,human_signal,17,674,919,731,666,535,828,259.29,166.32,253.84,human,your_turn,0.391,2.83,140.4,0.0,90.0,169.61,54.25
Negotiation_49,R2,2026-09-11T06:46:17.051493Z,human_signal,17,672,921,731,666,535,828,261.56,165.42,253.84,human,your_turn,0.387,2.83,140.4,0.0,90.0,169.61,54.25
Negotiation_49,R2,2026-09-11T06:46:17.185534Z,agent_signal,17,654,936,731,666,549,847,280.07,137.65,256.38,agent,i_can,0.33,2.83,140.4,0.0,90.0,169.61,54.25
Negotiation_49,R2,2026-09-11T06:46:17.338312Z,flight_missed,17,635,952,731,666,565,870,301.01,107.58,262.39,system,NA,0.263,2.83,140.4,0.0,90.0,169.61,54.25
Negotiation_49,R2,2026-09-11T06:46:17.339292Z,flight_spawn,18,855,-20,731,666,565,870,698.09,936.5,262.39,system,NA,0.573,2.83,135.0,0.0,90.0,169.61,54.25
Negotiation_49,R2,2026-09-11T06:46:20.132177Z,conflict,18,681,359,594,593,665,629,250.08,270.95,79.82,system,NA,0.52,2.83,112.59,0.0,-137.15,105.88,-90.0
Negotiation_49,R2,2026-09-11T06:46:21.049555Z,agent_signal,18,654,504,563,589,644,586,123.85,82.65,81.13,agent,i_can,0.4,2.83,113.45,69.47,180.0,127.75,-124.02
Negotiation_49,R2,2026-09-11T06:46:21.066810Z,behavior_monitor,18,654,504,563,589,643,584,124.05,80.51,80.09,system,NA,0.394,2.83,113.45,80.58,180.0,160.86,-121.16
Negotiation_49,R2,2026-09-11T06:46:21.134750Z,conflict,18,648,517,557,589,635,572,116.18,56.93,79.89,system,NA,0.329,2.83,113.45,70.25,180.0,166.44,-124.21
Negotiation_49,R2,2026-09-11T06:46:21.577277Z,behavior_monitor,18,595,549,557,589,635,572,54.95,46.41,79.89,system,NA,0.458,2.83,179.42,0.0,180.0,0.0,-125.75
Negotiation_49,R2,2026-09-11T06:46:21.646219Z,shot_miss,18,583,554,557,589,633,570,43.33,52.46,78.76,agent,NA,0.548,2.83,122.62,0.0,180.0,0.0,-125.75
Negotiation_49,R2,2026-09-11T06:46:21.934425Z,shot_miss,18,567,600,537,589,617,591,32.36,49.8,79.56,agent,NA,0.606,2.83,99.64,82.18,180.0,160.03,120.67
Negotiation_49,R2,2026-09-11T06:46:22.087271Z,behavior_monitor,18,562,622,527,589,604,610,48.2,43.95,80.03,system,NA,0.477,2.83,99.64,64.71,180.0,169.61,125.75
Negotiation_49,R2,2026-09-11T06:46:22.223855Z,conflict,18,551,645,521,589,589,631,64.06,40.36,79.97,system,NA,0.386,2.83,129.4,0.0,180.0,169.61,125.75
Negotiation_49,R2,2026-09-11T06:46:22.598985Z,behavior_monitor,18,514,691,521,589,589,631,102.16,95.88,79.97,system,NA,0.484,2.83,108.97,0.0,180.0,0.0,125.75
Negotiation_49,R2,2026-09-11T06:46:23.109813Z,behavior_monitor,18,459,745,518,589,552,683,167.32,112.07,99.89,system,NA,0.401,2.83,177.05,37.44,180.0,169.61,125.75
Negotiation_49,R2,2026-09-11T06:46:23.617946Z,behavior_monitor,18,374,753,485,589,502,748,198.26,127.4,160.4,system,NA,0.391,2.83,153.35,64.71,180.0,169.61,125.75
Negotiation_49,R2,2026-09-11T06:46:24.127777Z,behavior_monitor,18,292,759,427,589,451,755,217.66,158.84,168.3,system,NA,0.422,2.83,173.25,129.41,180.0,99.11,180.0
Negotiation_49,R2,2026-09-11T06:46:24.449742Z,human_signal,18,239,770,418,589,419,764,254.36,179.76,175.77,human,your_turn,0.414,2.83,166.36,0.0,180.0,101.11,-172.89
Negotiation_49,R2,2026-09-11T06:46:24.450633Z,human_signal,18,237,771,418,589,419,764,256.28,181.85,175.77,human,your_turn,0.415,2.83,166.36,0.0,180.0,99.11,180.0
Negotiation_49,R2,2026-09-11T06:46:24.636902Z,behavior_monitor,18,213,779,418,589,400,774,279.54,187.93,185.92,system,NA,0.402,2.83,136.64,0.0,180.0,169.61,125.75
Negotiation_49,R2,2026-09-11T06:46:24.822740Z,human_signal,18,191,800,418,589,382,795,309.91,191.02,209.25,human,your_turn,0.381,2.83,136.64,0.0,180.0,169.61,125.75
Negotiation_49,R2,2026-09-11T06:46:24.823418Z,human_signal,18,189,802,418,589,382,795,312.52,192.84,209.25,human,your_turn,0.382,2.83,136.64,0.0,180.0,169.61,125.75
Negotiation_49,R2,2026-09-11T06:46:25.145963Z,behavior_monitor,18,167,847,418,589,349,838,359.64,182.45,258.3,system,NA,0.337,2.83,110.25,0.0,180.0,169.61,125.75
Negotiation_49,R2,2026-09-11T06:46:25.656717Z,behavior_monitor,18,157,928,418,589,299,908,428.1,143.43,340.71,system,NA,0.251,2.83,81.03,0.0,180.0,169.61,125.75
Negotiation_49,R2,2026-09-11T06:46:25.792385Z,flight_missed,18,160,953,418,589,283,910,446.12,130.59,347.74,system,NA,0.226,2.83,81.03,0.0,180.0,99.11,180.0
Negotiation_49,R2,2026-09-11T06:46:25.793450Z,flight_spawn,19,688,-20,418,589,283,910,666.64,1014.32,347.74,system,NA,0.603,2.95,132.73,0.0,180.0,99.11,180.0
Negotiation_49,R2,2026-09-11T06:46:29.226091Z,agent_signal,19,347,312,292,468,324,614,165.58,303.04,149.42,agent,your_turn,0.647,2.95,80.88,125.25,0.0,130.47,-54.25
Negotiation_49,R2,2026-09-11T06:46:29.242362Z,behavior_monitor,19,347,312,292,468,324,612,165.58,301.7,148.1,system,NA,0.646,2.95,80.88,125.83,0.0,79.41,-90.0
Negotiation_49,R2,2026-09-11T06:46:29.752242Z,behavior_monitor,19,376,388,357,468,340,572,82.34,187.23,105.03,system,NA,0.695,2.95,3.13,127.4,0.0,97.85,-54.25
Negotiation_49,R2,2026-09-11T06:46:30.259327Z,behavior_monitor,19,459,409,422,468,353,566,69.6,189.53,119.99,system,NA,0.731,2.95,26.75,127.8,0.0,0.0,0.0
Negotiation_49,R2,2026-09-11T06:46:30.633844Z,shot_miss,19,526,421,470,468,357,566,73.31,222.77,149.48,human,NA,0.752,2.95,2.12,127.9,0.0,76.24,0.0
Negotiation_49,R2,2026-09-11T06:46:30.771164Z,behavior_monitor,19,549,422,487,468,368,566,76.89,231.66,154.83,system,NA,0.751,2.95,2.12,127.9,0.0,76.24,0.0
Negotiation_49,R2,2026-09-11T06:46:30.855561Z,shot_miss,19,563,422,498,468,374,566,79.17,237.32,158.24,human,NA,0.75,2.95,2.12,127.9,0.0,76.24,0.0
Negotiation_49,R2,2026-09-11T06:46:31.279815Z,behavior_monitor,19,630,450,552,468,406,565,79.59,251.67,175.62,system,NA,0.76,2.95,17.41,127.9,0.0,76.24,0.0
Negotiation_49,R2,2026-09-11T06:46:31.790310Z,behavior_monitor,19,702,497,618,468,445,565,89.37,265.98,198.06,system,NA,0.748,2.95,45.02,127.9,0.0,76.24,0.0
Negotiation_49,R2,2026-09-11T06:46:32.299679Z,behavior_monitor,19,772,544,677,478,484,565,114.88,288.29,211.99,system,NA,0.715,2.95,22.65,129.41,90.0,76.24,0.0
Negotiation_49,R2,2026-09-11T06:46:32.809711Z,behavior_monitor,19,822,612,688,543,524,592,150.31,298.53,171.94,system,NA,0.665,2.95,66.64,144.42,46.56,130.47,54.25
Negotiation_49,R2,2026-09-11T06:46:33.324064Z,behavior_monitor,19,824,692,747,577,563,647,137.82,264.44,196.95,system,NA,0.657,2.95,135.73,124.15,25.86,123.22,54.25
Negotiation_49,R2,2026-09-11T06:46:33.528149Z,human_signal,19,797,716,769,588,579,669,131.55,223.98,206.47,human,your_turn,0.63,2.95,135.73,101.92,35.75,130.47,54.25
Negotiation_49,R2,2026-09-11T06:46:33.529249Z,human_signal,19,795,719,769,588,579,669,133.02,221.84,206.47,human,your_turn,0.625,2.95,135.73,0.0,35.75,130.47,54.25
Negotiation_49,R2,2026-09-11T06:46:33.799738Z,human_signal,19,758,741,769,588,606,707,153.78,156.53,201.83,human,your_turn,0.504,2.95,165.41,0.0,35.75,169.61,54.25
Negotiation_49,R2,2026-09-11T06:46:33.800464Z,human_signal,19,755,742,769,588,606,707,154.78,153.57,201.83,human,your_turn,0.498,2.95,165.41,0.0,35.75,169.61,54.25
Negotiation_49,R2,2026-09-11T06:46:33.833431Z,behavior_monitor,19,753,743,769,588,609,712,155.75,147.0,201.94,system,NA,0.486,2.95,165.41,0.0,35.75,169.61,54.25
Negotiation_49,R2,2026-09-11T06:46:34.020476Z,human_signal,19,717,751,769,588,627,737,170.81,90.51,205.48,human,your_turn,0.346,2.95,168.43,0.0,35.75,169.61,54.25
Negotiation_49,R2,2026-09-11T06:46:34.021866Z,human_signal,19,714,751,769,588,627,737,172.25,87.79,205.48,human,your_turn,0.338,2.95,168.43,0.0,35.75,169.61,54.25
Negotiation_49,R2,2026-09-11T06:46:34.343684Z,behavior_monitor,19,670,775,769,588,653,770,211.12,17.83,215.81,system,NA,0.078,2.95,143.92,0.0,35.75,169.61,125.75
Negotiation_49,R2,2026-09-11T06:46:34.394687Z,shot_hit,19,660,782,769,588,646,777,221.84,15.0,225.36,agent,NA,0.063,2.95,143.92,0.0,35.75,169.61,125.75
Negotiation_49,R2,2026-09-11T06:46:34.395110Z,flight_spawn,20,1268,-20,769,588,646,777,787.13,1011.41,225.36,system,NA,0.562,3.38,126.27,0.0,35.75,169.61,125.75
Negotiation_49,R2,2026-09-11T06:46:34.513514Z,human_signal,20,1257,-3,769,588,646,777,767.32,991.56,225.36,human,your_turn,0.564,3.38,126.27,0.0,35.75,0.0,125.75
Negotiation_49,R2,2026-09-11T06:46:34.514136Z,human_signal,20,1254,0,769,588,646,777,763.74,987.98,225.36,human,your_turn,0.564,3.38,126.27,0.0,35.75,0.0,125.75
Negotiation_49,R2,2026-09-11T06:46:34.853664Z,behavior_monitor,20,1258,61,769,588,665,751,719.2,910.42,193.68,system,NA,0.559,3.38,82.97,0.0,35.75,169.61,-54.25
Negotiation_49,R2,2026-09-11T06:46:35.366335Z,behavior_monitor,20,1315,144,769,588,715,681,703.75,804.76,107.09,system,NA,0.533,3.38,55.0,0.0,35.75,169.61,-54.25
Negotiation_49,R2,2026-09-11T06:46:35.519732Z,conflict,20,1336,172,769,588,732,657,703.06,774.51,78.45,system,NA,0.524,3.38,55.0,0.0,35.75,169.61,-54.25
Negotiation_49,R2,2026-09-11T06:46:35.875085Z,behavior_monitor,20,1384,216,769,588,732,657,719.13,787.58,78.45,system,NA,0.523,3.38,29.84,0.0,35.75,0.0,-54.25
Negotiation_49,R2,2026-09-11T06:46:36.387640Z,behavior_monitor,20,1445,277,812,588,735,608,704.64,783.36,80.25,system,NA,0.526,2.92,92.32,69.19,0.0,140.86,-77.74
Negotiation_49,R2,2026-09-11T06:46:36.525477Z,conflict,20,1444,303,825,590,745,587,682.2,753.9,79.54,system,NA,0.525,2.92,92.32,82.57,11.43,159.29,-59.78
Negotiation_49,R2,2026-09-11T06:46:36.899352Z,behavior_monitor,20,1445,353,825,590,745,587,663.82,737.64,79.54,system,NA,0.526,2.36,73.46,0.0,14.81,0.0,-54.25
Negotiation_49,R2,2026-09-11T06:46:37.409462Z,behavior_monitor,20,1418,415,845,592,769,566,600.65,666.72,80.09,system,NA,0.526,2.36,127.48,50.39,24.86,53.38,0.0
Negotiation_49,R2,2026-09-11T06:46:37.529011Z,conflict,20,1407,430,849,599,778,566,582.81,643.72,78.92,system,NA,0.525,2.36,127.48,73.62,61.52,64.0,0.0
Negotiation_49,R2,2026-09-11T06:46:37.919885Z,behavior_monitor,20,1375,471,849,599,778,566,540.76,604.37,78.92,system,NA,0.528,2.36,127.48,0.0,90.0,0.0,0.0
Negotiation_49,R2,2026-09-11T06:46:38.430185Z,behavior_monitor,20,1329,526,869,599,797,566,465.99,534.21,79.97,system,NA,0.534,2.36,152.55,49.55,0.0,49.55,0.0
Negotiation_49,R2,2026-09-11T06:46:38.532640Z,conflict,20,1316,534,873,607,805,566,449.41,512.03,79.29,system,NA,0.533,2.36,152.55,75.47,59.02,76.52,0.0
Negotiation_49,R2,2026-09-11T06:46:38.940059Z,behavior_monitor,20,1265,559,873,607,805,566,395.46,460.2,79.29,system,NA,0.538,2.36,152.55,0.0,74.94,0.0,0.0
Negotiation_49,R2,2026-09-11T06:46:39.449968Z,behavior_monitor,20,1200,591,900,607,822,587,300.69,377.95,80.22,system,NA,0.557,2.36,152.55,81.7,0.0,142.61,74.84
Negotiation_49,R2,2026-09-11T06:46:39.534208Z,conflict,20,1188,596,904,607,827,592,283.48,360.35,78.57,system,NA,0.56,2.36,178.48,49.45,0.0,53.14,13.2
Negotiation_49,R2,2026-09-11T06:46:40.046115Z,agent_signal,20,1118,605,905,607,827,592,213.03,291.37,79.63,agent,your_turn,0.578,2.36,159.88,0.0,0.0,0.0,0.0
Negotiation_49,R2,2026-09-11T06:46:40.062338Z,behavior_monitor,20,1118,605,906,607,827,593,212.1,291.28,80.25,system,NA,0.579,2.36,159.88,116.3,9.68,79.45,88.31
Negotiation_49,R2,2026-09-11T06:46:40.537610Z,conflict,20,1057,625,921,607,842,620,137.37,214.64,79.39,system,NA,0.61,2.36,154.94,28.59,0.0,28.58,0.0
Negotiation_49,R2,2026-09-11T06:46:40.571507Z,behavior_monitor,20,1055,626,921,607,842,620,135.51,212.66,79.39,system,NA,0.611,2.36,154.94,0.0,0.0,0.0,54.25
Negotiation_49,R2,2026-09-11T06:46:41.081282Z,behavior_monitor,20,998,661,921,605,842,620,95.55,161.48,80.27,system,NA,0.628,2.36,179.18,64.71,-90.0,0.0,180.0
Negotiation_49,R2,2026-09-11T06:46:41.592432Z,behavior_monitor,20,927,670,911,572,845,624,99.15,94.8,84.08,system,NA,0.489,2.36,174.19,68.9,-110.09,130.47,54.25
Negotiation_49,R2,2026-09-11T06:46:42.035864Z,shot_hit,20,865,677,902,543,855,672,139.26,10.71,138.03,agent,NA,0.071,2.36,174.19,66.98,-104.99,130.47,125.75
Negotiation_49,R3,2026-09-11T06:48:03.033823Z,flight_spawn,1,165,-20,902,543,855,672,927.88,977.63,138.03,system,NA,0.513,3.6,56.27,0.0,-104.99,0.0,125.75
Negotiation_49,R3,2026-09-11T06:48:08.479509Z,human_signal,1,589,222,1240,781,408,565,858.57,387.86,859.24,human,your_turn,0.311,3.6,15.39,133.44,15.67,76.24,0.0
Negotiation_49,R3,2026-09-11T06:48:08.480357Z,behavior_monitor,1,589,222,1240,781,408,565,858.57,387.86,859.24,system,NA,0.311,3.6,15.39,133.44,15.67,76.24,0.0
Negotiation_49,R3,2026-09-11T06:48:08.480949Z,human_signal,1,592,223,1242,782,408,565,857.63,388.49,861.53,human,your_turn,0.312,3.6,15.39,133.44,15.67,76.24,0.0
Negotiation_49,R3,2026-09-11T06:48:08.956888Z,human_signal,1,680,254,1247,784,455,565,776.3,384.17,821.86,human,your_turn,0.331,3.6,9.82,0.0,19.36,99.11,0.0
Negotiation_49,R3,2026-09-11T06:48:08.957988Z,human_signal,1,684,254,1247,784,455,565,773.07,385.95,821.86,human,your_turn,0.333,3.6,9.82,0.0,19.36,99.11,0.0
Negotiation_49,R3,2026-09-11T06:48:08.990294Z,behavior_monitor,1,687,255,1247,784,459,565,770.3,385.37,818.61,system,NA,0.333,3.6,9.82,0.0,19.36,99.11,0.0
Negotiation_49,R3,2026-09-11T06:48:09.500738Z,behavior_monitor,1,781,294,1247,784,509,565,675.87,384.1,770.08,system,NA,0.362,3.6,30.86,0.0,19.36,99.11,0.0
Negotiation_49,R3,2026-09-11T06:48:10.010832Z,behavior_monitor,1,863,360,1232,780,560,565,559.8,366.15,705.87,system,NA,0.395,3.6,27.66,134.51,-164.17,99.11,0.0
Negotiation_49,R3,2026-09-11T06:48:10.317650Z,agent_signal,1,924,391,1190,768,590,565,461.66,376.28,633.64,agent,i_can,0.449,3.6,27.66,134.51,-164.17,99.11,0.0
Negotiation_49,R3,2026-09-11T06:48:10.521791Z,behavior_monitor,1,959,407,1166,761,610,565,410.78,383.32,589.45,system,NA,0.483,3.6,1.43,133.68,-164.6,99.11,0.0
Negotiation_49,R3,2026-09-11T06:48:11.030598Z,behavior_monitor,1,1042,460,1151,761,661,566,320.92,394.82,527.85,system,NA,0.552,3.6,55.72,38.4,0.0,99.11,0.0
Negotiation_49,R3,2026-09-11T06:48:11.535884Z,behavior_monitor,1,1088,551,1140,761,710,566,217.01,377.73,471.9,system,NA,0.635,3.6,79.47,122.22,180.0,93.6,0.0
Negotiation_49,R3,2026-09-11T06:48:12.043644Z,behavior_monitor,1,1187,573,1118,761,761,568,200.52,425.69,405.75,system,NA,0.68,3.6,3.18,0.0,180.0,99.11,0.0
Negotiation_49,R3,2026-09-11T06:48:12.554627Z,behavior_monitor,1,1295,587,1166,761,811,582,217.62,483.89,397.1,system,NA,0.69,3.6,7.95,129.41,0.0,99.11,0.0
Negotiation_49,R3,2026-09-11T06:48:13.064625Z,behavior_monitor,1,1380,649,1232,761,862,645,186.57,518.79,387.8,system,NA,0.735,3.6,37.49,129.41,0.0,169.61,54.25
Negotiation_49,R3,2026-09-11T06:48:13.574334Z,behavior_monitor,1,1435,697,1298,761,912,692,151.73,522.59,391.58,system,NA,0.775,2.23,162.37,129.41,0.0,99.11,0.0
Negotiation_49,R3,2026-09-11T06:48:13.982469Z,shot_miss,1,1384,707,1350,761,953,702,63.64,430.98,402.25,human,NA,0.871,2.23,168.25,129.41,0.0,99.11,0.0
Negotiation_49,R3,2026-09-11T06:48:14.084686Z,behavior_monitor,1,1368,710,1364,761,963,704,51.81,405.65,404.95,system,NA,0.887,2.23,168.25,128.77,0.0,99.11,0.0
Negotiation_49,R3,2026-09-11T06:48:14.237567Z,shot_miss,1,1349,714,1364,761,978,708,49.63,371.43,389.4,human,NA,0.882,2.23,168.25,0.0,0.0,99.11,0.0
Negotiation_49,R3,2026-09-11T06:48:14.593760Z,behavior_monitor,1,1300,724,1334,760,1013,719,49.76,287.03,323.61,system,NA,0.852,2.23,163.87,122.22,180.0,93.6,0.0
Negotiation_49,R3,2026-09-11T06:48:14.628373Z,shot_miss,1,1297,725,1330,760,1017,719,48.3,280.1,315.9,human,NA,0.853,2.23,141.61,129.41,180.0,99.11,0.0
Negotiation_49,R3,2026-09-11T06:48:14.866956Z,shot_miss,1,1274,745,1299,759,1040,740,29.0,233.53,259.49,human,NA,0.89,2.23,141.61,129.41,180.0,99.11,0.0
Negotiation_49,R3,2026-09-11T06:48:15.088476Z,shot_hit,1,1246,753,1270,759,1062,749,25.36,183.38,208.35,human,NA,0.879,2.23,171.44,129.41,180.0,169.61,54.25
Negotiation_49,R3,2026-09-11T06:48:15.089548Z,flight_spawn,2,88,-20,1270,759,1062,749,1416.13,1241.81,208.35,system,NA,0.467,2.83,45.0,129.41,180.0,169.61,54.25
Negotiation_49,R3,2026-09-11T06:48:16.415122Z,human_signal,2,157,185,1221,759,983,639,1208.67,942.64,266.18,human,your_turn,0.438,2.83,67.28,0.0,180.0,130.47,-125.75
Negotiation_49,R3,2026-09-11T06:48:16.415857Z,behavior_monitor,2,157,185,1221,759,983,639,1208.67,942.64,266.18,system,NA,0.438,2.83,67.28,0.0,180.0,130.47,-125.75
Negotiation_49,R3,2026-09-11T06:48:16.416430Z,human_signal,2,158,187,1221,759,983,639,1206.29,940.24,266.18,human,your_turn,0.438,2.83,37.54,0.0,180.0,130.47,-125.75
Negotiation_49,R3,2026-09-11T06:48:16.688766Z,human_signal,2,192,213,1221,759,956,602,1164.21,857.1,307.56,human,your_turn,0.424,2.83,37.54,0.0,180.0,169.61,-125.75
Negotiation_49,R3,2026-09-11T06:48:16.689874Z,human_signal,2,195,215,1221,759,956,602,1160.94,853.84,307.56,human,your_turn,0.424,2.83,37.54,0.0,180.0,169.61,-125.75
Negotiation_49,R3,2026-09-11T06:48:16.824653Z,human_signal,2,209,227,1221,759,943,583,1143.13,815.72,328.83,human,your_turn,0.416,2.83,37.54,0.0,180.0,169.61,-125.75
Negotiation_49,R3,2026-09-11T06:48:16.825605Z,human_signal,2,211,229,1221,759,943,583,1140.09,812.7,328.83,human,your_turn,0.416,2.83,37.54,0.0,180.0,169.61,-125.75
Negotiation_49,R3,2026-09-11T06:48:16.926407Z,behavior_monitor,2,224,237,1221,759,933,569,1124.95,782.47,344.93,system,NA,0.41,2.83,37.54,0.0,180.0,169.61,-125.75
Negotiation_49,R3,2026-09-11T06:48:17.437185Z,behavior_monitor,2,244,316,1221,759,882,564,1072.46,684.76,390.55,system,NA,0.39,2.83,61.7,0.0,180.0,99.11,180.0
Negotiation_49,R3,2026-09-11T06:48:17.863278Z,human_signal,2,261,384,1221,759,840,564,1030.09,606.24,427.56,human,your_turn,0.37,2.83,85.85,0.0,180.0,99.11,180.0
Negotiation_49,R3,2026-09-11T06:48:17.864441Z,human_signal,2,261,386,1221,759,840,564,1029.16,605.51,427.56,human,your_turn,0.37,2.83,85.85,0.0,180.0,99.11,180.0
Negotiation_49,R3,2026-09-11T06:48:17.948210Z,behavior_monitor,2,264,397,1221,759,832,563,1022.55,591.27,435.37,system,NA,0.366,2.83,64.05,0.0,180.0,99.11,180.0
Negotiation_49,R3,2026-09-11T06:48:17.999623Z,agent_signal,2,270,407,1221,759,827,563,1013.71,578.19,439.9,agent,i_can,0.363,2.83,64.05,0.0,180.0,99.11,180.0
Negotiation_49,R3,2026-09-11T06:48:18.459553Z,behavior_monitor,2,302,474,1221,759,781,564,961.92,487.73,480.64,system,NA,0.336,2.83,93.03,0.0,180.0,99.11,180.0
Negotiation_49,R3,2026-09-11T06:48:18.970312Z,behavior_monitor,2,298,558,1221,759,731,564,944.01,432.8,527.13,system,NA,0.314,2.83,93.03,0.0,180.0,99.11,180.0
Negotiation_49,R3,2026-09-11T06:48:19.481724Z,behavior_monitor,2,296,643,1221,759,681,627,932.27,385.21,556.02,system,NA,0.292,2.83,66.9,0.0,180.0,169.61,125.75
Negotiation_49,R3,2026-09-11T06:48:19.617219Z,human_signal,2,305,664,1221,759,667,645,920.79,362.45,565.4,human,your_turn,0.282,2.83,66.9,0.0,180.0,169.61,125.75
Negotiation_49,R3,2026-09-11T06:48:19.618427Z,human_signal,2,307,667,1221,759,667,645,918.79,360.84,565.4,human,your_turn,0.282,2.83,66.9,0.0,180.0,169.61,125.75
Negotiation_49,R3,2026-09-11T06:48:19.990279Z,behavior_monitor,2,354,707,1221,759,630,697,868.17,275.82,594.23,system,NA,0.241,2.83,40.21,0.0,180.0,169.61,125.75
Negotiation_49,R3,2026-09-11T06:48:20.501482Z,behavior_monitor,2,432,741,1221,759,580,737,789.53,148.23,641.52,system,NA,0.158,2.83,11.82,0.0,180.0,169.61,125.75
Negotiation_49,R3,2026-09-11T06:48:21.012364Z,behavior_monitor,2,516,758,1221,759,529,753,704.72,13.87,691.72,system,NA,0.019,2.83,11.82,0.0,180.0,99.11,180.0
Negotiation_49,R3,2026-09-11T06:48:21.165383Z,shot_hit,2,543,764,1221,759,521,758,677.4,23.49,700.12,agent,NA,0.034,2.83,15.83,0.0,180.0,0.0,90.0
Negotiation_49,R3,2026-09-11T06:48:21.165827Z,flight_spawn,3,563,-20,1221,759,521,758,1019.62,779.52,700.12,system,NA,0.433,3.34,126.8,0.0,180.0,0.0,90.0
Negotiation_49,R3,2026-09-11T06:48:21.982125Z,human_signal,3,441,76,1221,759,490,715,1036.46,640.92,732.18,human,your_turn,0.382,3.34,142.04,0.0,180.0,130.47,-125.75
Negotiation_49,R3,2026-09-11T06:48:21.982738Z,behavior_monitor,3,441,76,1221,759,490,715,1036.46,640.92,732.18,system,NA,0.382,3.34,142.04,0.0,180.0,130.47,-125.75
Negotiation_49,R3,2026-09-11T06:48:21.983275Z,human_signal,3,438,78,1221,759,490,715,1037.19,639.09,732.18,human,your_turn,0.381,3.34,142.04,0.0,180.0,130.47,-125.75
Negotiation_49,R3,2026-09-11T06:48:22.494150Z,behavior_monitor,3,364,137,1221,759,439,645,1058.11,513.1,789.82,system,NA,0.327,3.34,142.04,0.0,180.0,161.2,-133.59
Negotiation_49,R3,2026-09-11T06:48:23.006333Z,behavior_monitor,3,284,199,1221,759,389,575,1091.6,390.21,852.21,system,NA,0.263,3.34,142.04,0.0,180.0,169.61,-125.75
Negotiation_49,R3,2026-09-11T06:48:23.517224Z,behavior_monitor,3,191,237,1221,759,339,565,1154.51,359.66,903.23,system,NA,0.238,3.34,167.23,0.0,180.0,99.11,180.0
Negotiation_49,R3,2026-09-11T06:48:24.029305Z,behavior_monitor,3,92,259,1221,759,288,566,1234.77,364.43,952.49,system,NA,0.228,3.34,165.99,0.0,180.0,99.11,180.0
Negotiation_49,R3,2026-09-11T06:48:24.540963Z,behavior_monitor,3,34,284,1221,759,237,566,1278.56,348.4,1002.04,system,NA,0.214,2.1,22.58,0.0,180.0,99.11,180.0
Negotiation_49,R3,2026-09-11T06:48:24.967396Z,agent_signal,3,71,319,1221,759,195,566,1230.99,276.69,1043.55,agent,i_can,0.184,2.1,76.04,0.0,180.0,99.11,180.0
Negotiation_49,R3,2026-09-11T06:48:25.052625Z,behavior_monitor,3,73,327,1221,759,187,566,1226.53,264.92,1051.84,system,NA,0.178,2.1,76.04,0.0,180.0,99.11,180.0
Negotiation_49,R3,2026-09-11T06:48:25.562085Z,behavior_monitor,3,88,381,1221,759,137,565,1194.11,190.44,1101.4,system,NA,0.138,2.1,95.92,0.0,180.0,99.11,180.0
Negotiation_49,R3,2026-09-11T06:48:26.072610Z,behavior_monitor,3,69,439,1221,759,86,566,1195.41,127.4,1151.2,system,NA,0.096,2.1,117.76,0.0,180.0,104.38,169.95
Negotiation_49,R3,2026-09-11T06:48:26.583684Z,behavior_monitor,3,43,495,1221,759,35,566,1207.07,71.32,1201.26,system,NA,0.056,2.1,117.76,0.0,180.0,99.11,180.0
Negotiation_49,R3,2026-09-11T06:48:26.924419Z,shot_hit,3,23,534,1221,759,20,566,1218.56,31.98,1216.65,agent,NA,0.026,2.1,117.76,0.0,180.0,0.0,-90.0
Negotiation_49,R3,2026-09-11T06:48:26.925289Z,flight_spawn,4,888,-20,1221,759,20,566,847.19,1048.23,1216.65,system,NA,0.553,3.54,55.65,0.0,180.0,0.0,-90.0
Negotiation_49,R3,2026-09-11T06:48:29.988822Z,agent_signal,4,1421,306,1219,728,222,564,467.27,1226.11,1010.67,agent,your_turn,0.724,3.54,24.97,129.41,-90.0,76.24,0.0
Negotiation_49,R3,2026-09-11T06:48:30.006626Z,behavior_monitor,4,1421,306,1219,728,223,564,467.27,1225.16,1009.71,system,NA,0.724,3.54,24.97,129.41,-90.0,57.18,0.0
Negotiation_49,R3,2026-09-11T06:48:30.515329Z,behavior_monitor,4,1414,355,1232,672,252,565,365.03,1180.46,986.27,system,NA,0.764,2.44,139.16,0.0,-45.58,57.18,0.0
Negotiation_49,R3,2026-09-11T06:48:31.025407Z,behavior_monitor,4,1359,402,1232,672,266,564,298.1,1104.75,972.28,system,NA,0.788,2.44,166.83,0.0,-45.58,0.0,-17.08
Negotiation_49,R3,2026-09-11T06:48:31.535531Z,behavior_monitor,4,1292,420,1222,639,281,564,229.84,1020.83,943.42,system,NA,0.816,2.44,164.61,142.04,-115.88,76.24,0.0
Negotiation_49,R3,2026-09-11T06:48:32.044881Z,behavior_monitor,4,1221,443,1183,578,321,564,140.04,908.69,862.17,system,NA,0.866,2.44,132.86,143.38,-132.19,76.24,0.0
Negotiation_49,R3,2026-09-11T06:48:32.558659Z,behavior_monitor,4,1171,488,1148,540,360,564,57.1,814.32,788.34,system,NA,0.934,2.44,125.51,0.0,-133.31,76.24,0.0
Negotiation_49,R3,2026-09-11T06:48:32.797175Z,shot_miss,4,1169,518,1148,540,378,564,30.66,791.66,769.71,human,NA,0.963,2.44,55.86,0.0,-133.31,76.24,0.0
Negotiation_49,R3,2026-09-11T06:48:33.069017Z,behavior_monitor,4,1193,550,1148,540,400,565,46.08,793.4,748.66,system,NA,0.945,2.44,55.86,0.0,-133.31,76.24,0.0
Negotiation_49,R3,2026-09-11T06:48:33.137542Z,shot_miss,4,1198,559,1148,540,405,565,53.46,793.44,743.48,human,NA,0.937,2.44,55.86,0.0,-133.31,76.24,0.0
Negotiation_49,R3,2026-09-11T06:48:33.580826Z,behavior_monitor,4,1244,601,1181,560,438,595,75.26,806.24,743.7,system,NA,0.915,2.44,26.1,126.14,65.36,76.24,0.0
Negotiation_49,R3,2026-09-11T06:48:34.091309Z,behavior_monitor,4,1308,632,1210,619,478,626,98.62,830.72,732.91,system,NA,0.894,2.44,0.32,132.51,50.07,76.24,0.0
Negotiation_49,R3,2026-09-11T06:48:34.601014Z,behavior_monitor,4,1360,675,1265,658,517,665,95.66,842.77,748.64,system,NA,0.898,2.44,77.28,132.5,25.03,130.47,54.25
Negotiation_49,R3,2026-09-11T06:48:37.390764Z,flight_missed,4,1331,953,1450,910,716,910,125.78,617.44,733.95,system,NA,0.831,2.03,132.16,0.0,90.0,51.86,0.0
Negotiation_49,R3,2026-09-11T06:48:37.391811Z,flight_spawn,5,554,-20,1450,910,716,910,1291.16,943.95,733.95,system,NA,0.422,2.84,45.32,0.0,90.0,51.86,0.0
Negotiation_49,R3,2026-09-11T06:48:38.905763Z,human_signal,5,702,166,1293,839,665,792,895.46,626.89,629.69,human,your_turn,0.412,2.84,10.84,131.91,-157.3,130.47,-54.25
Negotiation_49,R3,2026-09-11T06:48:38.906494Z,behavior_monitor,5,702,166,1293,839,665,792,895.46,626.89,629.69,system,NA,0.412,2.84,10.84,131.91,-157.3,130.47,-54.25
Negotiation_49,R3,2026-09-11T06:48:38.906940Z,human_signal,5,704,167,1293,839,665,792,893.2,626.48,628.94,human,your_turn,0.412,2.84,10.84,131.91,-157.3,130.47,-54.25
Negotiation_49,R3,2026-09-11T06:48:39.195540Z,human_signal,5,745,178,1292,839,694,752,858.04,576.92,604.41,human,your_turn,0.402,2.84,15.93,0.0,180.0,169.61,-54.25
Negotiation_49,R3,2026-09-11T06:48:39.195975Z,human_signal,5,748,178,1292,839,694,752,855.33,576.45,604.41,human,your_turn,0.403,2.84,9.9,0.0,180.0,169.61,-54.25
Negotiation_49,R3,2026-09-11T06:48:39.416681Z,behavior_monitor,5,780,184,1292,839,716,722,831.31,541.34,588.05,system,NA,0.394,2.84,9.9,0.0,180.0,169.61,-54.25
Negotiation_49,R3,2026-09-11T06:48:39.500561Z,human_signal,5,793,191,1292,839,724,710,817.82,523.53,582.27,human,your_turn,0.39,2.84,33.94,0.0,180.0,169.61,-54.25
Negotiation_49,R3,2026-09-11T06:48:39.501633Z,human_signal,5,796,193,1292,839,724,710,814.74,522.36,582.27,human,your_turn,0.391,2.84,33.94,0.0,180.0,180.21,-54.25
Negotiation_49,R3,2026-09-11T06:48:39.891530Z,human_signal,5,839,237,1292,839,762,656,753.23,425.84,560.11,human,your_turn,0.361,2.84,60.52,0.0,180.0,169.61,-54.25
Negotiation_49,R3,2026-09-11T06:48:39.892237Z,human_signal,5,840,240,1292,839,762,656,750.61,423.6,560.11,human,your_turn,0.361,2.84,60.52,0.0,180.0,169.61,-54.25
Negotiation_49,R3,2026-09-11T06:48:39.924351Z,behavior_monitor,5,841,242,1292,839,766,652,748.01,416.14,558.48,system,NA,0.357,2.84,60.52,0.0,180.0,169.61,-54.25
Negotiation_49,R3,2026-09-11T06:48:40.436361Z,behavior_monitor,5,913,286,1292,839,816,581,670.24,311.33,540.82,system,NA,0.317,2.84,3.18,0.0,180.0,169.61,-54.25
Negotiation_49,R3,2026-09-11T06:48:40.946604Z,behavior_monitor,5,994,321,1292,839,867,565,597.47,274.9,505.64,system,NA,0.315,2.84,47.03,0.0,180.0,93.6,0.0
Negotiation_49,R3,2026-09-11T06:48:41.437328Z,agent_signal,5,1036,390,1292,839,916,565,517.17,212.75,465.21,agent,i_can,0.291,2.84,75.21,0.0,180.0,99.11,0.0
Negotiation_49,R3,2026-09-11T06:48:41.453831Z,behavior_monitor,5,1036,390,1292,839,917,565,517.17,211.81,463.85,system,NA,0.291,2.84,75.21,0.0,180.0,99.11,0.0
Negotiation_49,R3,2026-09-11T06:48:41.964620Z,behavior_monitor,5,1058,472,1292,839,968,565,435.08,129.33,424.36,system,NA,0.229,2.84,46.77,0.0,180.0,99.11,0.0
Negotiation_49,R3,2026-09-11T06:48:42.474017Z,behavior_monitor,5,1138,492,1292,839,1018,565,380.04,140.12,387.14,system,NA,0.269,2.84,24.19,0.0,180.0,99.11,0.0
Negotiation_49,R3,2026-09-11T06:48:42.985495Z,behavior_monitor,5,1213,527,1292,839,1069,565,322.18,148.96,353.32,system,NA,0.316,2.84,24.19,0.0,180.0,99.11,0.0
Negotiation_49,R3,2026-09-11T06:48:43.497236Z,behavior_monitor,5,1297,542,1292,838,1120,565,295.87,178.55,323.23,system,NA,0.376,2.84,3.22,41.63,-90.0,99.11,0.0
Negotiation_49,R3,2026-09-11T06:48:44.006516Z,behavior_monitor,5,1384,547,1309,791,1170,564,255.53,214.85,266.42,system,NA,0.457,2.84,3.22,140.58,-35.32,99.11,0.0
Negotiation_49,R3,2026-09-11T06:48:44.516229Z,behavior_monitor,5,1450,584,1361,771,1220,576,206.89,229.55,240.55,system,NA,0.526,2.78,92.76,0.0,0.0,169.61,54.25
Negotiation_49,R3,2026-09-11T06:48:45.026152Z,behavior_monitor,5,1419,662,1403,771,1271,646,110.14,148.53,181.23,system,NA,0.574,2.78,112.83,125.28,0.0,169.61,54.25
Negotiation_49,R3,2026-09-11T06:48:45.538694Z,behavior_monitor,5,1444,738,1404,771,1321,717,51.07,124.33,98.72,system,NA,0.709,2.78,89.61,0.0,0.0,160.19,54.25
Negotiation_49,R3,2026-09-11T06:48:45.556808Z,shot_miss,5,1444,741,1404,771,1323,720,49.88,123.4,96.04,human,NA,0.712,2.78,89.61,0.0,0.0,160.19,54.25
Negotiation_49,R3,2026-09-11T06:48:45.659819Z,conflict,5,1446,761,1404,771,1335,736,42.56,113.58,77.73,system,NA,0.727,2.78,89.61,0.0,0.0,180.21,54.25
Negotiation_49,R3,2026-09-11T06:48:46.050050Z,behavior_monitor,5,1446,818,1404,771,1335,736,62.82,137.98,77.73,system,NA,0.687,2.56,108.46,0.0,0.0,0.0,54.25
Negotiation_49,R3,2026-09-11T06:48:46.664740Z,conflict,5,1435,908,1433,773,1362,807,134.91,124.26,79.44,system,NA,0.479,2.56,67.63,20.24,0.0,158.64,60.19
Negotiation_49,R3,2026-09-11T06:48:47.172307Z,flight_missed,5,1439,971,1433,773,1363,809,198.53,178.6,78.99,system,NA,0.474,2.09,99.92,0.0,0.0,0.0,54.25
Negotiation_49,R3,2026-09-11T06:48:47.173212Z,flight_spawn,6,254,-20,1433,773,1363,809,1420.96,1385.1,78.99,system,NA,0.494,3.56,55.87,0.0,0.0,0.0,54.25
Negotiation_49,R3,2026-09-11T06:48:50.753729Z,human_signal,6,115,681,1229,660,1105,622,1114.06,991.76,129.47,human,your_turn,0.471,3.56,74.38,0.0,-157.19,130.47,125.75
Negotiation_49,R3,2026-09-11T06:48:50.754794Z,behavior_monitor,6,115,681,1229,660,1105,622,1114.06,991.76,129.47,system,NA,0.471,3.56,74.38,0.0,-157.19,130.47,125.75
Negotiation_49,R3,2026-09-11T06:48:50.755204Z,human_signal,6,116,684,1229,660,1105,622,1112.53,990.38,129.47,human,your_turn,0.471,3.56,74.38,0.0,-157.19,130.47,125.75
Negotiation_49,R3,2026-09-11T06:48:51.263740Z,behavior_monitor,6,119,785,1229,660,1054,692,1116.59,939.75,177.38,system,NA,0.457,3.56,103.38,0.0,-157.19,169.61,125.75
Negotiation_49,R3,2026-09-11T06:48:51.553498Z,agent_signal,6,99,846,1229,660,1026,732,1145.06,933.78,215.5,agent,i_can,0.449,3.56,103.82,0.0,-157.19,169.61,125.75
Negotiation_49,R3,2026-09-11T06:48:51.774668Z,behavior_monitor,6,89,887,1229,660,1004,763,1162.36,923.42,247.25,system,NA,0.443,3.56,103.82,0.0,-157.19,160.19,125.75
Negotiation_49,R3,2026-09-11T06:48:52.081701Z,flight_missed,6,73,953,1229,660,972,807,1191.95,910.29,295.93,system,NA,0.433,3.56,103.82,0.0,-157.19,169.61,125.75
Negotiation_49,R3,2026-09-11T06:48:52.082857Z,flight_spawn,7,864,-20,1229,660,972,807,771.75,834.3,295.93,system,NA,0.519,2.83,135.0,0.0,-157.19,169.61,125.75
Negotiation_49,R3,2026-09-11T06:48:54.876470Z,agent_signal,7,584,310,1128,649,784,566,640.32,324.44,353.48,agent,i_can,0.336,2.83,108.53,129.41,180.0,86.05,-167.99
Negotiation_49,R3,2026-09-11T06:48:54.892615Z,behavior_monitor,7,584,310,1128,649,783,566,640.32,323.74,354.72,system,NA,0.336,2.83,108.53,129.41,180.0,77.92,173.47
Negotiation_49,R3,2026-09-11T06:48:55.063273Z,human_signal,7,583,338,1106,649,766,566,608.39,292.47,349.71,human,your_turn,0.325,2.83,83.84,129.41,180.0,99.11,180.0
Negotiation_49,R3,2026-09-11T06:48:55.064373Z,human_signal,7,583,341,1104,649,766,566,604.38,289.78,347.57,human,your_turn,0.324,2.83,83.84,129.41,180.0,99.11,180.0
Negotiation_49,R3,2026-09-11T06:48:55.386571Z,human_signal,7,610,383,1099,649,733,566,556.37,220.1,375.41,human,your_turn,0.283,2.83,29.55,0.0,180.0,99.11,180.0
Negotiation_49,R3,2026-09-11T06:48:55.387613Z,human_signal,7,613,384,1099,649,733,566,553.62,217.62,375.41,human,your_turn,0.282,2.83,29.55,0.0,180.0,99.11,180.0
Negotiation_49,R3,2026-09-11T06:48:55.403348Z,behavior_monitor,7,613,384,1099,649,731,566,553.62,216.69,377.05,system,NA,0.281,2.83,29.55,0.0,180.0,99.11,180.0
Negotiation_49,R3,2026-09-11T06:48:55.624722Z,human_signal,7,644,406,1099,649,709,565,515.64,171.66,398.97,human,your_turn,0.25,2.83,49.83,0.0,180.0,99.11,180.0
Negotiation_49,R3,2026-09-11T06:48:55.625889Z,human_signal,7,646,408,1099,649,709,565,512.67,168.83,398.97,human,your_turn,0.248,2.83,49.83,0.0,180.0,99.11,180.0
Negotiation_49,R3,2026-09-11T06:48:55.914324Z,behavior_monitor,7,654,451,1099,649,681,565,486.62,116.42,426.98,system,NA,0.193,2.83,99.02,0.0,180.0,99.11,180.0
Negotiation_49,R3,2026-09-11T06:48:56.423859Z,behavior_monitor,7,644,535,1099,649,630,565,469.37,32.85,476.36,system,NA,0.065,2.83,99.02,0.0,180.0,99.11,180.0
Negotiation_49,R3,2026-09-11T06:48:56.474917Z,shot_hit,7,646,546,1099,649,627,565,464.74,26.8,479.68,agent,NA,0.055,2.83,77.01,0.0,180.0,0.0,180.0
Negotiation_49,R3,2026-09-11T06:48:56.475409Z,flight_spawn,8,753,-20,1099,649,627,565,753.5,598.84,479.68,system,NA,0.443,3.01,131.59,0.0,180.0,0.0,180.0
Negotiation_49,R3,2026-09-11T06:48:57.919916Z,human_signal,8,586,151,1099,649,592,565,715.05,414.14,514.45,human,your_turn,0.367,3.01,102.32,0.0,180.0,0.0,180.0
Negotiation_49,R3,2026-09-11T06:48:57.920899Z,behavior_monitor,8,586,151,1099,649,592,565,715.05,414.14,514.45,system,NA,0.367,3.01,102.32,0.0,180.0,0.0,180.0
Negotiation_49,R3,2026-09-11T06:48:57.921335Z,human_signal,8,586,154,1099,649,592,565,712.97,411.19,514.45,human,your_turn,0.366,3.01,102.32,0.0,180.0,0.0,180.0
Negotiation_49,R3,2026-09-11T06:48:58.277325Z,human_signal,8,591,212,1099,649,570,565,670.55,353.69,535.99,human,your_turn,0.345,3.01,102.2,0.0,180.0,0.0,180.0
Negotiation_49,R3,2026-09-11T06:48:58.278286Z,human_signal,8,589,215,1099,649,570,565,669.46,350.68,535.99,human,your_turn,0.344,3.01,102.2,0.0,180.0,0.0,180.0
Negotiation_49,R3,2026-09-11T06:48:58.430353Z,behavior_monitor,8,584,238,1099,649,566,565,658.73,327.04,539.32,system,NA,0.332,3.01,102.2,0.0,180.0,0.0,180.0
Negotiation_49,R3,2026-09-11T06:48:58.937588Z,behavior_monitor,8,565,327,1099,649,548,564,623.69,238.25,557.74,system,NA,0.276,3.01,102.2,0.0,180.0,0.0,180.0
Negotiation_49,R3,2026-09-11T06:48:59.023575Z,agent_signal,8,561,343,1099,649,545,564,618.81,221.4,561.07,agent,i_can,0.264,3.01,123.02,0.0,180.0,99.11,180.0
Negotiation_49,R3,2026-09-11T06:48:59.447744Z,behavior_monitor,8,554,413,1099,649,533,564,593.86,153.05,572.73,system,NA,0.205,3.01,89.46,0.0,180.0,0.0,180.0
Negotiation_49,R3,2026-09-11T06:48:59.805585Z,human_signal,8,531,467,1099,649,521,565,596.42,98.13,584.59,human,your_turn,0.141,3.01,140.11,0.0,180.0,99.11,180.0
Negotiation_49,R3,2026-09-11T06:48:59.806690Z,human_signal,8,529,469,1099,649,521,565,598.33,95.96,584.59,human,your_turn,0.138,3.01,140.11,0.0,180.0,99.11,180.0
Negotiation_49,R3,2026-09-11T06:48:59.958527Z,behavior_monitor,8,515,489,1099,649,506,565,605.93,76.48,599.6,system,NA,0.112,3.01,112.47,0.0,180.0,99.11,180.0
Negotiation_49,R3,2026-09-11T06:49:00.247471Z,shot_hit,8,483,532,1099,649,475,565,626.76,33.3,629.64,agent,NA,0.05,3.01,109.19,0.0,180.0,99.11,180.0
Negotiation_49,R3,2026-09-11T06:49:00.248601Z,flight_spawn,9,809,-20,1099,649,475,565,729.21,673.72,629.64,system,NA,0.48,3.16,129.32,0.0,180.0,99.11,180.0
Negotiation_49,R3,2026-09-11T06:49:02.016861Z,human_signal,9,525,123,1099,649,532,565,778.56,442.57,572.95,human,your_turn,0.362,3.16,177.36,0.0,180.0,76.24,180.0
Negotiation_49,R3,2026-09-11T06:49:02.017864Z,behavior_monitor,9,525,123,1099,649,532,565,778.56,442.57,572.95,system,NA,0.362,3.16,177.36,0.0,180.0,76.24,180.0
Negotiation_49,R3,2026-09-11T06:49:02.018322Z,human_signal,9,522,123,1099,649,532,565,780.77,442.48,572.95,human,your_turn,0.362,3.16,177.36,0.0,180.0,76.24,180.0
Negotiation_49,R3,2026-09-11T06:49:02.289437Z,human_signal,9,476,142,1099,649,506,565,802.89,424.15,599.34,human,your_turn,0.346,3.16,154.73,0.0,180.0,81.03,-170.98
Negotiation_49,R3,2026-09-11T06:49:02.290123Z,human_signal,9,473,143,1099,649,506,565,804.77,423.06,599.34,human,your_turn,0.345,3.16,154.73,0.0,180.0,99.11,180.0
Negotiation_49,R3,2026-09-11T06:49:02.526976Z,behavior_monitor,9,434,153,1099,649,482,565,828.99,414.66,623.08,system,NA,0.333,3.16,177.36,0.0,180.0,99.11,180.0
Negotiation_49,R3,2026-09-11T06:49:02.543975Z,human_signal,9,432,154,1099,649,480,565,831.05,414.63,624.75,human,your_turn,0.333,3.16,177.36,0.0,180.0,99.11,180.0
Negotiation_49,R3,2026-09-11T06:49:02.544645Z,human_signal,9,429,154,1099,649,480,565,833.06,414.8,624.75,human,your_turn,0.332,3.16,177.36,0.0,180.0,99.11,180.0
Negotiation_49,R3,2026-09-11T06:49:03.037023Z,behavior_monitor,9,348,184,1099,649,431,565,883.7,390.66,673.21,system,NA,0.307,3.16,156.64,0.0,180.0,99.11,180.0
Negotiation_49,R3,2026-09-11T06:49:03.547623Z,behavior_monitor,9,260,221,1099,649,381,565,942.05,364.74,723.39,system,NA,0.279,3.16,156.64,0.0,180.0,93.6,180.0
Negotiation_49,R3,2026-09-11T06:49:04.059419Z,behavior_monitor,9,174,264,1099,649,330,565,1002.3,339.38,773.74,system,NA,0.253,3.16,135.54,0.0,180.0,105.3,180.0
Negotiation_49,R3,2026-09-11T06:49:04.329908Z,human_signal,9,135,299,1099,649,303,565,1025.53,314.04,800.73,human,your_turn,0.234,3.16,135.54,0.0,180.0,99.11,180.0
Negotiation_49,R3,2026-09-11T06:49:04.331026Z,human_signal,9,133,301,1099,649,303,565,1026.59,313.22,800.73,human,your_turn,0.234,3.16,135.54,0.0,180.0,99.11,180.0
Negotiation_49,R3,2026-09-11T06:49:04.563335Z,behavior_monitor,9,108,332,1099,649,280,565,1040.23,288.75,823.95,system,NA,0.217,3.16,107.26,0.0,180.0,105.3,180.0
Negotiation_49,R3,2026-09-11T06:49:04.579712Z,agent_signal,9,107,338,1099,649,278,565,1039.62,283.67,825.63,agent,i_can,0.214,3.16,107.26,0.0,180.0,99.11,180.0
Negotiation_49,R3,2026-09-11T06:49:05.072455Z,behavior_monitor,9,75,417,1099,649,230,565,1049.69,213.83,873.34,system,NA,0.169,3.16,134.31,0.0,180.0,99.11,180.0
Negotiation_49,R3,2026-09-11T06:49:05.429260Z,human_signal,9,23,437,1099,649,195,565,1096.93,213.88,908.43,human,your_turn,0.163,1.89,2.29,0.0,180.0,99.11,180.0
Negotiation_49,R3,2026-09-11T06:49:05.430388Z,human_signal,9,25,438,1099,649,195,565,1094.3,211.7,908.43,human,your_turn,0.162,1.89,2.29,0.0,180.0,99.11,180.0
Negotiation_49,R3,2026-09-11T06:49:05.579705Z,behavior_monitor,9,42,438,1099,649,180,565,1078.42,187.38,923.27,system,NA,0.148,1.89,18.29,0.0,180.0,99.11,180.0
Negotiation_49,R3,2026-09-11T06:49:06.088228Z,behavior_monitor,9,88,459,1099,649,129,565,1028.6,113.29,973.61,system,NA,0.099,1.89,45.62,0.0,180.0,99.11,180.0
Negotiation_49,R3,2026-09-11T06:49:06.598659Z,behavior_monitor,9,128,501,1099,649,104,565,982.85,67.76,998.31,system,NA,0.064,1.89,69.44,0.0,180.0,0.0,0.0
Negotiation_49,R3,2026-09-11T06:49:06.616023Z,human_signal,9,129,503,1099,649,106,565,981.48,65.9,996.63,human,your_turn,0.063,1.89,69.44,0.0,180.0,0.0,0.0
Negotiation_49,R3,2026-09-11T06:49:06.616655Z,human_signal,9,129,504,1099,649,106,565,980.56,64.47,996.63,human,your_turn,0.062,1.89,92.76,0.0,180.0,99.11,0.0
Negotiation_49,R3,2026-09-11T06:49:07.024940Z,shot_hit,9,123,547,1099,649,106,565,981.65,24.18,996.44,agent,NA,0.024,1.89,116.91,0.0,180.0,0.0,180.0
Negotiation_49,R3,2026-09-11T06:49:07.025646Z,flight_spawn,10,943,-20,1099,649,106,565,687.15,1020.98,996.44,system,NA,0.598,2.83,45.0,0.0,180.0,0.0,180.0
Negotiation_49,R3,2026-09-11T06:49:10.103598Z,agent_signal,10,1257,319,1184,649,284,565,337.26,1003.38,904.02,agent,your_turn,0.748,2.83,45.45,129.41,0.0,76.24,0.0
Negotiation_49,R3,2026-09-11T06:49:10.119898Z,behavior_monitor,10,1257,319,1184,649,285,565,337.26,1002.44,903.06,system,NA,0.748,2.83,45.45,129.41,0.0,57.18,0.0
Negotiation_49,R3,2026-09-11T06:49:10.631220Z,behavior_monitor,10,1304,389,1250,649,314,565,264.78,1004.87,939.34,system,NA,0.791,2.83,67.64,129.41,0.0,57.18,0.0
Negotiation_49,R3,2026-09-11T06:49:11.141342Z,behavior_monitor,10,1361,448,1316,649,329,565,205.56,1038.92,990.81,system,NA,0.835,2.83,40.19,129.41,0.0,0.0,-70.41
Negotiation_49,R3,2026-09-11T06:49:11.654226Z,behavior_monitor,10,1440,478,1382,649,329,565,180.63,1114.97,1056.59,system,NA,0.861,2.83,16.82,129.41,0.0,0.0,-70.41
Negotiation_49,R3,2026-09-11T06:49:12.166539Z,behavior_monitor,10,1407,499,1435,649,356,565,152.08,1052.4,1081.63,system,NA,0.874,1.82,177.58,0.0,0.0,76.24,0.0
Negotiation_49,R3,2026-09-11T06:49:12.676540Z,behavior_monitor,10,1357,521,1382,643,395,566,124.07,963.11,990.05,system,NA,0.886,1.82,152.42,136.63,-159.68,76.24,0.0
Negotiation_49,R3,2026-09-11T06:49:13.185740Z,behavior_monitor,10,1305,547,1317,619,434,566,72.99,871.83,884.62,system,NA,0.923,1.82,152.42,135.69,-162.5,76.24,0.0
Negotiation_49,R3,2026-09-11T06:49:13.694876Z,behavior_monitor,10,1263,579,1251,600,473,573,24.33,790.57,778.61,system,NA,0.97,1.82,129.24,142.13,-165.34,81.0,0.0
Negotiation_49,R3,2026-09-11T06:49:13.746095Z,shot_hit,10,1260,583,1244,598,477,578,21.88,783.61,767.91,human,NA,0.973,1.82,157.79,133.74,-165.39,130.47,54.25
Negotiation_49,R3,2026-09-11T06:49:13.747082Z,flight_spawn,11,1244,-20,1244,598,477,578,618.42,973.03,767.91,system,NA,0.611,3.26,127.87,133.74,-165.39,130.47,54.25
Negotiation_49,R3,2026-09-11T06:49:16.517224Z,agent_signal,11,1061,426,1077,589,668,566,163.91,417.43,409.83,agent,your_turn,0.718,3.26,110.07,129.41,180.0,76.24,0.0
Negotiation_49,R3,2026-09-11T06:49:16.534338Z,behavior_monitor,11,1061,426,1077,589,669,566,163.91,416.51,408.86,system,NA,0.718,3.26,110.07,129.41,180.0,57.18,0.0
Negotiation_49,R3,2026-09-11T06:49:17.045501Z,behavior_monitor,11,1032,518,1032,589,698,565,71.2,338.03,335.08,system,NA,0.826,3.26,114.14,0.0,180.0,56.23,-28.77
Negotiation_49,R3,2026-09-11T06:49:17.353293Z,shot_hit,11,1006,571,1019,589,710,565,22.25,295.4,309.75,human,NA,0.93,3.26,114.14,112.88,180.0,0.0,-87.03
Negotiation_49,R3,2026-09-11T06:49:17.353906Z,flight_spawn,12,88,-20,1019,589,710,565,1112.3,854.05,309.75,system,NA,0.434,3.44,54.41,112.88,180.0,0.0,-87.03
Negotiation_49,R3,2026-09-11T06:49:18.785440Z,human_signal,12,277,188,985,589,622,565,814.1,511.68,363.52,human,your_turn,0.386,3.44,57.84,0.0,90.0,76.24,180.0
Negotiation_49,R3,2026-09-11T06:49:18.786455Z,behavior_monitor,12,277,188,985,589,622,565,814.1,511.68,363.52,system,NA,0.386,3.44,57.84,0.0,90.0,76.24,180.0
Negotiation_49,R3,2026-09-11T06:49:18.786909Z,human_signal,12,279,191,985,589,622,565,811.03,508.26,363.52,human,your_turn,0.385,3.44,57.84,0.0,90.0,76.24,180.0
Negotiation_49,R3,2026-09-11T06:49:19.294811Z,behavior_monitor,12,358,246,985,589,571,565,714.48,383.16,414.42,system,NA,0.349,3.44,53.02,0.0,90.0,99.11,180.0
Negotiation_49,R3,2026-09-11T06:49:19.619531Z,agent_signal,12,369,312,985,589,540,564,675.58,304.37,446.08,agent,i_can,0.311,3.44,81.45,0.0,90.0,99.11,180.0
Negotiation_49,R3,2026-09-11T06:49:19.805697Z,behavior_monitor,12,376,346,985,589,521,564,655.83,261.91,464.99,system,NA,0.285,3.44,57.91,0.0,90.0,99.11,180.0
Negotiation_49,R3,2026-09-11T06:49:20.316504Z,behavior_monitor,12,431,433,985,589,470,564,575.36,136.23,515.9,system,NA,0.191,3.44,57.91,0.0,90.0,99.11,180.0
Negotiation_49,R3,2026-09-11T06:49:20.824816Z,behavior_monitor,12,441,535,985,589,424,564,546.75,33.11,561.33,system,NA,0.057,3.44,84.26,0.0,90.0,0.0,180.0
Negotiation_49,R3,2026-09-11T06:49:20.876445Z,shot_hit,12,440,549,985,589,422,564,546.62,23.12,563.02,agent,NA,0.041,3.44,109.97,0.0,90.0,0.0,180.0
Negotiation_49,R3,2026-09-11T06:49:20.877371Z,flight_spawn,13,373,-20,985,589,422,564,863.68,586.49,563.02,system,NA,0.404,3.07,49.29,0.0,90.0,0.0,180.0
Negotiation_49,R3,2026-09-11T06:49:22.153919Z,human_signal,13,513,149,985,589,447,563,645.41,418.91,538.07,human,your_turn,0.394,3.07,68.63,0.0,90.0,76.24,0.0
Negotiation_49,R3,2026-09-11T06:49:22.154725Z,behavior_monitor,13,513,149,985,589,447,563,645.41,418.91,538.07,system,NA,0.394,3.07,68.63,0.0,90.0,76.24,0.0
Negotiation_49,R3,2026-09-11T06:49:22.155208Z,human_signal,13,513,152,985,589,447,563,643.04,416.18,538.07,human,your_turn,0.393,3.07,39.07,0.0,90.0,76.24,0.0
Negotiation_49,R3,2026-09-11T06:49:22.666275Z,behavior_monitor,13,543,233,985,589,498,564,567.16,333.17,487.13,system,NA,0.37,3.07,74.78,0.0,90.0,99.11,0.0
Negotiation_49,R3,2026-09-11T06:49:23.176711Z,behavior_monitor,13,584,312,985,589,549,564,487.42,253.41,436.49,system,NA,0.342,3.07,27.22,0.0,90.0,99.11,0.0
Negotiation_49,R3,2026-09-11T06:49:23.483671Z,agent_signal,13,620,354,985,589,580,564,434.43,213.52,405.66,agent,i_can,0.33,3.07,73.56,0.0,90.0,99.11,0.0
Negotiation_49,R3,2026-09-11T06:49:23.688373Z,behavior_monitor,13,610,384,985,589,592,564,427.43,180.11,393.47,system,NA,0.296,3.07,99.8,0.0,90.0,0.0,0.0
Negotiation_49,R3,2026-09-11T06:49:24.199065Z,behavior_monitor,13,569,465,985,589,559,564,434.4,99.48,427.1,system,NA,0.186,3.07,128.13,0.0,90.0,99.11,180.0
Negotiation_49,R3,2026-09-11T06:49:24.707169Z,behavior_monitor,13,494,504,985,589,508,564,498.02,61.92,477.21,system,NA,0.111,3.07,179.01,0.0,90.0,99.11,180.0
Negotiation_49,R3,2026-09-11T06:49:25.200107Z,human_signal,13,410,514,985,589,460,564,579.81,70.64,525.71,human,your_turn,0.109,3.07,155.24,0.0,90.0,99.11,180.0
Negotiation_49,R3,2026-09-11T06:49:25.201195Z,human_signal,13,407,515,985,589,460,564,582.41,71.75,525.71,human,your_turn,0.11,3.07,155.24,0.0,90.0,99.11,180.0
Negotiation_49,R3,2026-09-11T06:49:25.217272Z,behavior_monitor,13,407,515,985,589,458,564,582.41,70.52,527.4,system,NA,0.108,3.07,155.24,0.0,90.0,99.11,180.0
Negotiation_49,R3,2026-09-11T06:49:25.560121Z,human_signal,13,348,541,985,589,424,564,638.73,79.84,561.06,human,your_turn,0.111,3.07,155.24,0.0,90.0,99.11,180.0
Negotiation_49,R3,2026-09-11T06:49:25.561258Z,human_signal,13,345,542,985,589,424,564,642.08,82.8,561.06,human,your_turn,0.114,3.07,155.24,0.0,90.0,99.11,180.0
Negotiation_49,R3,2026-09-11T06:49:25.729877Z,behavior_monitor,13,319,553,985,589,408,564,666.9,89.64,577.56,system,NA,0.118,3.07,153.64,0.0,90.0,99.11,180.0
Negotiation_49,R3,2026-09-11T06:49:25.781607Z,human_signal,13,309,557,985,589,403,564,676.5,93.94,582.61,human,your_turn,0.122,3.07,153.64,0.0,90.0,99.11,180.0
Negotiation_49,R3,2026-09-11T06:49:25.782484Z,human_signal,13,306,558,985,589,403,564,679.5,96.91,582.61,human,your_turn,0.125,3.07,153.64,0.0,90.0,93.6,180.0
Negotiation_49,R3,2026-09-11T06:49:26.003702Z,human_signal,13,273,575,985,589,381,569,712.11,108.18,604.23,human,your_turn,0.132,3.07,153.64,0.0,90.0,169.61,125.75
Negotiation_49,R3,2026-09-11T06:49:26.004407Z,human_signal,13,271,576,985,589,381,569,714.07,110.23,604.23,human,your_turn,0.134,3.07,153.64,0.0,90.0,99.11,180.0
Negotiation_49,R3,2026-09-11T06:49:26.242503Z,behavior_monitor,13,238,594,985,589,357,588,746.86,118.84,628.15,system,NA,0.137,3.07,153.64,0.0,90.0,99.11,180.0
Negotiation_49,R3,2026-09-11T06:49:26.412023Z,human_signal,13,210,607,985,589,340,602,775.32,130.22,645.12,human,your_turn,0.144,3.07,178.0,0.0,90.0,169.61,125.75
Negotiation_49,R3,2026-09-11T06:49:26.413140Z,human_signal,13,207,607,985,589,340,602,778.02,132.92,645.12,human,your_turn,0.146,3.07,152.98,0.0,90.0,99.11,180.0
Negotiation_49,R3,2026-09-11T06:49:26.754467Z,behavior_monitor,13,153,634,985,589,307,630,833.4,154.21,679.28,system,NA,0.156,3.07,152.98,0.0,90.0,169.61,125.75
Negotiation_49,R3,2026-09-11T06:49:27.270753Z,behavior_monitor,13,99,707,985,589,256,696,893.46,157.49,736.31,system,NA,0.15,3.07,107.4,0.0,90.0,169.61,125.75
Negotiation_49,R3,2026-09-11T06:49:27.626325Z,human_signal,13,64,759,985,589,221,745,936.45,157.6,779.64,human,your_turn,0.144,3.07,130.18,0.0,90.0,169.61,125.75
Negotiation_49,R3,2026-09-11T06:49:27.627430Z,human_signal,13,62,761,985,589,221,745,938.58,159.55,779.64,human,your_turn,0.145,3.07,130.18,0.0,90.0,169.61,125.75
Negotiation_49,R3,2026-09-11T06:49:27.780536Z,behavior_monitor,13,48,780,985,589,206,766,956.12,158.38,798.89,system,NA,0.142,3.07,130.18,0.0,90.0,169.61,125.75
Negotiation_49,R3,2026-09-11T06:49:28.292420Z,behavior_monitor,13,28,853,985,589,156,836,992.67,128.94,865.14,system,NA,0.115,2.63,84.86,0.0,90.0,169.61,125.75
Negotiation_49,R3,2026-09-11T06:49:28.802966Z,behavior_monitor,13,39,926,985,589,105,906,1004.5,69.3,935.28,system,NA,0.065,2.63,61.87,0.0,90.0,169.61,125.75
Negotiation_49,R3,2026-09-11T06:49:28.973082Z,flight_missed,13,45,954,985,589,87,910,1007.75,60.41,953.78,system,NA,0.057,2.63,86.07,0.0,90.0,99.11,180.0
Negotiation_49,R3,2026-09-11T06:49:28.973976Z,flight_spawn,14,1343,-20,985,589,87,910,707.29,1563.41,953.78,system,NA,0.689,3.26,52.12,0.0,90.0,99.11,180.0
Negotiation_49,R3,2026-09-11T06:49:33.862415Z,agent_signal,14,973,309,1030,514,433,565,213.07,598.05,599.3,agent,your_turn,0.737,2.23,88.06,137.56,-151.27,76.24,0.0
Negotiation_49,R3,2026-09-11T06:49:33.878818Z,behavior_monitor,14,973,309,1030,514,434,565,213.07,597.17,598.34,system,NA,0.737,2.23,88.06,137.8,-151.28,57.18,0.0
Negotiation_49,R3,2026-09-11T06:49:34.390158Z,behavior_monitor,14,1002,369,976,483,463,565,116.86,573.12,519.03,system,NA,0.831,2.23,38.61,0.0,-118.39,57.18,0.0
Negotiation_49,R3,2026-09-11T06:49:34.900215Z,behavior_monitor,14,1028,428,991,483,477,565,66.05,567.79,520.94,system,NA,0.896,2.23,85.62,129.41,0.0,0.0,-57.42
Negotiation_49,R3,2026-09-11T06:49:35.206656Z,shot_hit,14,1035,468,1025,483,476,565,17.68,566.79,555.14,human,NA,0.97,2.23,85.62,0.0,0.0,0.0,-162.23
Negotiation_49,R3,2026-09-11T06:49:35.207336Z,flight_spawn,15,221,-20,1025,483,476,565,948.84,638.8,555.14,system,NA,0.402,3.02,48.6,0.0,0.0,0.0,-162.23
Negotiation_49,R3,2026-09-11T06:49:36.670788Z,human_signal,15,416,135,1025,483,413,565,701.61,429.72,617.99,human,your_turn,0.38,3.02,17.31,0.0,0.0,76.24,180.0
Negotiation_49,R3,2026-09-11T06:49:36.671494Z,behavior_monitor,15,416,135,1025,483,413,565,701.61,429.72,617.99,system,NA,0.38,3.02,17.31,0.0,0.0,76.24,180.0
Negotiation_49,R3,2026-09-11T06:49:36.671846Z,human_signal,15,419,136,1025,483,413,565,698.23,428.86,617.99,human,your_turn,0.381,3.02,17.31,0.0,0.0,76.24,180.0
Negotiation_49,R3,2026-09-11T06:49:37.180836Z,behavior_monitor,15,506,162,1025,483,450,565,610.33,406.4,581.42,system,NA,0.4,3.02,17.31,0.0,0.0,99.11,0.0
Negotiation_49,R3,2026-09-11T06:49:37.692440Z,behavior_monitor,15,592,185,1025,483,500,564,525.65,390.63,531.59,system,NA,0.426,3.02,12.42,0.0,0.0,99.11,0.0
Negotiation_49,R3,2026-09-11T06:49:38.203487Z,behavior_monitor,15,666,227,1025,483,550,565,441.07,356.99,482.01,system,NA,0.447,3.02,40.03,0.0,0.0,99.11,0.0
Negotiation_49,R3,2026-09-11T06:49:38.713983Z,behavior_monitor,15,743,270,1025,483,601,565,353.6,326.65,431.98,system,NA,0.48,3.02,25.86,0.0,0.0,99.11,0.0
Negotiation_49,R3,2026-09-11T06:49:39.223442Z,behavior_monitor,15,833,284,1023,483,652,565,274.94,333.46,380.06,system,NA,0.548,3.02,2.06,35.8,180.0,93.6,0.0
Negotiation_49,R3,2026-09-11T06:49:39.734938Z,behavior_monitor,15,919,296,1017,433,701,565,168.61,346.09,342.29,system,NA,0.672,3.02,18.28,129.41,-90.0,99.11,0.0
Negotiation_49,R3,2026-09-11T06:49:39.921267Z,agent_signal,15,954,308,1012,407,719,564,114.86,348.2,332.16,agent,your_turn,0.752,3.02,18.28,137.21,-109.4,99.11,0.0
Negotiation_49,R3,2026-09-11T06:49:40.243260Z,behavior_monitor,15,1004,325,1011,403,738,564,78.24,358.44,317.68,system,NA,0.821,3.02,18.28,0.0,-90.0,57.18,0.0
Negotiation_49,R3,2026-09-11T06:49:40.753211Z,behavior_monitor,15,1091,346,1040,403,764,564,75.32,393.1,320.76,system,NA,0.839,3.02,2.02,129.41,0.0,0.0,0.0
Negotiation_49,R3,2026-09-11T06:49:41.263349Z,behavior_monitor,15,1178,372,1106,403,770,564,77.62,450.91,373.36,system,NA,0.853,3.02,28.66,129.41,0.0,76.24,0.0
Negotiation_49,R3,2026-09-11T06:49:41.774047Z,behavior_monitor,15,1236,442,1172,403,809,564,74.67,444.17,397.86,system,NA,0.856,3.02,28.48,129.41,0.0,76.24,0.0
Negotiation_49,R3,2026-09-11T06:49:42.283582Z,behavior_monitor,15,1319,485,1230,404,847,565,120.32,477.97,414.36,system,NA,0.799,3.02,28.48,0.0,16.67,76.24,0.0
Negotiation_49,R3,2026-09-11T06:49:42.300856Z,human_signal,15,1321,487,1230,404,849,565,122.9,478.6,413.17,human,your_turn,0.796,3.02,28.48,0.0,16.67,76.24,0.0
Negotiation_49,R3,2026-09-11T06:49:42.301288Z,human_signal,15,1324,488,1230,404,849,565,125.93,481.1,413.17,human,your_turn,0.793,3.02,28.48,0.0,16.67,76.24,0.0
Negotiation_49,R3,2026-09-11T06:49:42.794975Z,behavior_monitor,15,1403,517,1230,404,898,565,206.47,507.6,368.62,system,NA,0.711,3.02,44.86,0.0,16.67,99.11,0.0
Negotiation_49,R3,2026-09-11T06:49:43.168978Z,agent_signal,15,1425,581,1230,404,935,572,262.87,490.13,339.04,agent,i_can,0.651,3.02,74.69,0.0,16.67,169.61,54.25
Negotiation_49,R3,2026-09-11T06:49:43.203609Z,human_signal,15,1426,583,1230,404,938,576,265.96,488.26,338.46,human,your_turn,0.647,3.02,74.69,0.0,16.67,169.61,54.25
Negotiation_49,R3,2026-09-11T06:49:43.204587Z,human_signal,15,1427,586,1230,404,938,576,268.2,488.67,338.46,human,your_turn,0.646,3.02,74.69,0.0,16.67,160.19,54.25
Negotiation_49,R3,2026-09-11T06:49:43.306367Z,behavior_monitor,15,1431,601,1230,404,948,590,281.56,483.16,337.33,system,NA,0.632,3.02,74.69,0.0,16.67,169.61,54.25
Negotiation_49,R3,2026-09-11T06:49:43.529065Z,human_signal,15,1441,639,1230,404,970,621,315.69,471.23,338.03,human,your_turn,0.599,3.02,74.69,0.0,16.67,169.61,54.25
Negotiation_49,R3,2026-09-11T06:49:43.530000Z,human_signal,15,1441,642,1230,404,970,621,317.87,471.36,338.03,human,your_turn,0.597,3.02,74.69,0.0,16.67,169.61,54.25
Negotiation_49,R3,2026-09-11T06:49:43.818192Z,behavior_monitor,15,1437,682,1230,404,999,661,346.49,438.48,345.19,system,NA,0.559,2.59,116.71,0.0,16.67,169.61,54.25
Negotiation_49,R3,2026-09-11T06:49:43.852263Z,human_signal,15,1435,686,1230,404,1002,666,349.02,433.1,346.47,human,your_turn,0.554,2.59,116.71,0.0,16.67,169.61,54.25
Negotiation_49,R3,2026-09-11T06:49:43.853207Z,human_signal,15,1434,689,1230,404,1002,666,350.29,432.18,346.47,human,your_turn,0.552,2.59,116.71,0.0,16.67,169.61,54.25
Negotiation_49,R3,2026-09-11T06:49:44.158254Z,human_signal,15,1406,721,1230,404,1033,708,362.53,373.22,362.15,human,your_turn,0.507,2.59,145.76,0.0,16.67,169.61,54.25
Negotiation_49,R3,2026-09-11T06:49:44.158561Z,human_signal,15,1403,723,1230,404,1033,708,362.58,370.73,362.15,human,your_turn,0.506,2.59,145.76,0.0,16.67,169.61,54.25
Negotiation_49,R3,2026-09-11T06:49:44.327844Z,behavior_monitor,15,1383,736,1230,404,1049,731,365.21,333.57,373.37,system,NA,0.477,2.59,145.76,0.0,16.67,169.61,54.25
Negotiation_49,R3,2026-09-11T06:49:44.840281Z,behavior_monitor,15,1310,756,1230,404,1100,751,361.21,210.72,369.78,system,NA,0.368,2.59,169.07,0.0,16.67,99.11,0.0
Negotiation_49,R3,2026-09-11T06:49:45.352231Z,behavior_monitor,15,1229,771,1230,404,1150,767,366.84,79.12,371.2,system,NA,0.177,2.59,169.07,0.0,16.67,99.11,0.0
Negotiation_49,R3,2026-09-11T06:49:45.710903Z,shot_hit,15,1171,782,1230,404,1159,776,382.03,13.21,378.56,agent,NA,0.033,2.59,170.06,0.0,16.67,88.67,180.0
Negotiation_49,R3,2026-09-11T06:49:45.712200Z,flight_spawn,16,1285,-20,1230,404,1159,776,428.56,806.79,378.56,system,NA,0.653,3.47,54.77,0.0,16.67,88.67,180.0
Negotiation_49,R3,2026-09-11T06:49:46.494506Z,human_signal,16,1321,128,1230,404,1199,721,291.25,605.29,317.87,human,your_turn,0.675,3.47,56.92,0.0,16.67,130.47,-54.25
Negotiation_49,R3,2026-09-11T06:49:46.495577Z,behavior_monitor,16,1321,128,1230,404,1199,721,291.25,605.29,317.87,system,NA,0.675,3.47,56.92,0.0,16.67,130.47,-54.25
Negotiation_49,R3,2026-09-11T06:49:46.496056Z,human_signal,16,1323,131,1230,404,1199,721,289.25,602.92,317.87,human,your_turn,0.676,3.47,56.92,0.0,16.67,130.47,-54.25
Negotiation_49,R3,2026-09-11T06:49:47.005240Z,behavior_monitor,16,1407,179,1237,404,1250,651,282.57,497.22,246.46,system,NA,0.638,3.47,36.95,129.41,0.0,169.61,-54.25
Negotiation_49,R3,2026-09-11T06:49:47.516055Z,behavior_monitor,16,1444,263,1271,404,1300,580,223.39,348.57,178.35,system,NA,0.609,3.24,106.43,0.0,0.0,169.61,-54.25
Negotiation_49,R3,2026-09-11T06:49:48.027562Z,behavior_monitor,16,1382,333,1242,404,1350,566,157.94,235.33,194.68,system,NA,0.598,3.24,155.31,129.41,180.0,99.11,0.0
Negotiation_49,R3,2026-09-11T06:49:48.163841Z,agent_signal,16,1362,352,1222,404,1349,566,149.56,214.3,205.34,agent,your_turn,0.589,3.24,133.29,129.41,180.0,99.11,180.0
Negotiation_49,R3,2026-09-11T06:49:48.520888Z,human_signal,16,1328,405,1178,404,1328,566,150.27,161.25,220.68,human,your_turn,0.518,3.24,132.13,129.41,180.0,57.18,180.0
Negotiation_49,R3,2026-09-11T06:49:48.522073Z,human_signal,16,1326,407,1176,404,1328,566,150.15,158.86,222.18,human,your_turn,0.514,3.24,132.13,129.41,180.0,57.18,180.0
Negotiation_49,R3,2026-09-11T06:49:48.538307Z,behavior_monitor,16,1326,407,1176,404,1327,566,150.15,158.85,221.03,system,NA,0.514,3.24,132.13,129.41,180.0,99.11,180.0
Negotiation_49,R3,2026-09-11T06:49:48.828677Z,human_signal,16,1293,448,1167,404,1298,566,133.66,118.18,208.28,human,your_turn,0.469,3.24,132.13,0.0,180.0,99.11,180.0
Negotiation_49,R3,2026-09-11T06:49:48.829805Z,human_signal,16,1292,450,1167,404,1298,566,132.86,115.87,208.28,human,your_turn,0.466,3.24,132.13,0.0,180.0,99.11,180.0
Negotiation_49,R3,2026-09-11T06:49:49.049605Z,behavior_monitor,16,1279,485,1167,404,1277,566,137.56,81.83,195.45,system,NA,0.373,3.24,103.78,0.0,180.0,99.11,180.0
Negotiation_49,R3,2026-09-11T06:49:49.339176Z,shot_hit,16,1252,536,1167,404,1246,567,156.48,31.6,180.42,agent,NA,0.168,3.24,123.86,0.0,180.0,99.11,180.0
Negotiation_49,R3,2026-09-11T06:49:49.340293Z,flight_spawn,17,906,-20,1167,404,1246,567,498.52,678.3,180.42,system,NA,0.576,2.83,135.0,0.0,180.0,99.11,180.0
Negotiation_49,R3,2026-09-11T06:49:49.440855Z,human_signal,17,898,-9,1167,404,1246,567,494.05,673.47,180.42,human,your_turn,0.577,2.83,141.71,0.0,180.0,0.0,180.0
Negotiation_49,R3,2026-09-11T06:49:49.441977Z,human_signal,17,896,-7,1167,404,1246,567,493.61,672.93,180.42,human,your_turn,0.577,2.83,119.03,0.0,180.0,0.0,180.0
Negotiation_49,R3,2026-09-11T06:49:49.559912Z,behavior_monitor,17,888,6,1167,404,1246,567,486.19,664.92,180.42,system,NA,0.578,2.83,119.03,0.0,180.0,0.0,180.0
Negotiation_49,R3,2026-09-11T06:49:50.071211Z,behavior_monitor,17,846,79,1158,402,1209,565,449.68,607.22,170.59,system,NA,0.575,2.83,120.3,135.94,-162.18,99.11,180.0
Negotiation_49,R3,2026-09-11T06:49:50.581138Z,behavior_monitor,17,812,155,1113,387,1159,565,379.82,536.46,183.49,system,NA,0.585,2.83,100.26,0.0,-141.0,99.11,180.0
Negotiation_49,R3,2026-09-11T06:49:51.091427Z,behavior_monitor,17,795,239,1113,387,1109,565,350.64,452.08,177.58,system,NA,0.563,2.83,100.26,0.0,-141.0,93.6,180.0
Negotiation_49,R3,2026-09-11T06:49:51.314112Z,human_signal,17,787,275,1113,387,1087,565,344.45,416.6,179.46,human,your_turn,0.547,2.83,100.26,0.0,-141.0,99.11,180.0
Negotiation_49,R3,2026-09-11T06:49:51.315190Z,human_signal,17,786,278,1113,387,1087,565,344.68,415.53,179.46,human,your_turn,0.547,2.83,100.26,0.0,-141.0,99.11,180.0
Negotiation_49,R3,2026-09-11T06:49:51.568644Z,human_signal,17,779,317,1113,387,1061,565,341.41,375.62,185.11,human,your_turn,0.524,2.83,100.26,0.0,-141.0,99.11,180.0
Negotiation_49,R3,2026-09-11T06:49:51.569693Z,human_signal,17,779,320,1113,387,1061,565,341.21,374.07,185.11,human,your_turn,0.523,2.83,100.26,0.0,-141.0,99.11,180.0
Negotiation_49,R3,2026-09-11T06:49:51.603299Z,behavior_monitor,17,778,322,1113,387,1058,565,341.26,370.16,186.09,system,NA,0.52,2.83,100.26,0.0,-141.0,99.11,180.0
Negotiation_49,R3,2026-09-11T06:49:51.874782Z,human_signal,17,769,367,1113,387,1031,565,344.16,327.59,195.54,human,your_turn,0.488,2.83,100.26,0.0,-141.0,99.11,180.0
Negotiation_49,R3,2026-09-11T06:49:51.875914Z,human_signal,17,769,370,1113,387,1031,565,344.9,326.63,195.54,human,your_turn,0.486,2.83,100.26,0.0,-141.0,105.3,180.0
Negotiation_49,R3,2026-09-11T06:49:52.113072Z,behavior_monitor,17,766,406,1113,387,1007,565,347.55,288.85,206.59,system,NA,0.454,2.83,104.75,0.0,-141.0,99.11,180.0
Negotiation_49,R3,2026-09-11T06:49:52.147042Z,agent_signal,17,763,414,1113,387,1004,565,351.38,284.36,208.34,agent,i_can,0.447,2.83,104.75,0.0,-141.0,99.11,180.0
Negotiation_49,R3,2026-09-11T06:49:52.622002Z,behavior_monitor,17,718,476,1113,387,957,565,404.48,254.52,236.56,system,NA,0.386,2.83,130.38,0.0,-141.0,99.11,180.0
Negotiation_49,R3,2026-09-11T06:49:53.131189Z,behavior_monitor,17,663,535,1113,387,907,565,473.56,245.68,271.85,system,NA,0.342,2.83,129.64,0.0,-141.0,99.11,180.0
Negotiation_49,R3,2026-09-11T06:49:53.640515Z,behavior_monitor,17,584,554,1113,387,856,565,554.85,272.69,311.91,system,NA,0.33,2.83,176.45,0.0,-141.0,99.11,180.0
Negotiation_49,R3,2026-09-11T06:49:54.152338Z,behavior_monitor,17,500,568,1113,387,806,565,638.67,305.5,354.66,system,NA,0.324,2.83,151.31,0.0,-141.0,99.11,180.0
Negotiation_49,R3,2026-09-11T06:49:54.661436Z,behavior_monitor,17,440,627,1097,387,755,620,698.5,315.11,413.28,system,NA,0.311,2.83,175.29,122.22,180.0,91.63,-166.21
Negotiation_49,R3,2026-09-11T06:49:55.172336Z,behavior_monitor,17,360,651,1031,387,704,646,720.81,344.63,416.52,system,NA,0.323,2.83,159.37,129.41,180.0,99.11,180.0
Negotiation_49,R3,2026-09-11T06:49:55.681225Z,behavior_monitor,17,279,671,965,387,654,667,741.89,374.58,418.06,system,NA,0.336,2.83,158.4,129.41,180.0,99.11,180.0
Negotiation_49,R3,2026-09-11T06:49:56.190192Z,behavior_monitor,17,203,706,899,387,603,702,764.93,400.01,431.59,system,NA,0.343,2.83,158.03,129.41,180.0,169.61,125.75
Negotiation_49,R3,2026-09-11T06:49:56.293395Z,human_signal,17,189,712,885,387,593,707,768.29,403.9,432.92,human,your_turn,0.345,2.83,158.03,129.41,180.0,99.11,180.0
Negotiation_49,R3,2026-09-11T06:49:56.294030Z,human_signal,17,187,713,883,387,593,707,768.52,405.86,431.44,human,your_turn,0.346,2.83,158.03,129.41,180.0,99.11,180.0
Negotiation_49,R3,2026-09-11T06:49:56.701413Z,behavior_monitor,17,128,738,864,387,553,732,814.91,424.3,464.85,system,NA,0.342,2.83,158.03,0.0,180.0,93.6,180.0
Negotiation_49,R3,2026-09-11T06:49:57.207135Z,behavior_monitor,17,55,774,864,387,502,770,897.01,447.49,526.65,system,NA,0.333,2.83,176.08,0.0,180.0,99.11,180.0
Negotiation_49,R3,2026-09-11T06:49:57.699970Z,human_signal,17,48,788,864,387,453,783,909.61,405.82,570.69,human,your_turn,0.309,1.84,19.54,0.0,180.0,169.61,125.75
Negotiation_49,R3,2026-09-11T06:49:57.700838Z,human_signal,17,50,789,864,387,453,783,907.75,403.45,570.69,human,your_turn,0.308,1.84,19.54,0.0,180.0,99.11,180.0
Negotiation_49,R3,2026-09-11T06:49:57.716565Z,behavior_monitor,17,50,789,864,387,452,783,907.75,401.77,571.91,system,NA,0.307,1.84,19.54,0.0,180.0,99.11,180.0
Negotiation_49,R3,2026-09-11T06:49:58.227356Z,behavior_monitor,17,95,821,864,387,402,817,883.09,306.58,631.22,system,NA,0.258,1.84,25.34,0.0,180.0,169.61,125.75
Negotiation_49,R3,2026-09-11T06:49:58.736530Z,behavior_monitor,17,152,840,864,387,351,837,844.04,199.42,681.8,system,NA,0.191,1.84,25.44,0.0,180.0,169.61,125.75
Negotiation_49,R3,2026-09-11T06:49:59.248481Z,behavior_monitor,17,188,881,864,387,301,876,837.24,113.02,746.11,system,NA,0.119,1.84,52.66,0.0,180.0,169.61,125.75
Negotiation_49,R3,2026-09-11T06:49:59.758464Z,behavior_monitor,17,204,933,864,387,250,910,856.06,51.3,806.11,system,NA,0.057,1.84,82.63,0.0,180.0,99.11,180.0
Negotiation_49,R3,2026-09-11T06:49:59.928751Z,flight_missed,17,208,952,864,387,232,910,865.55,48.59,820.31,system,NA,0.053,1.84,59.36,0.0,180.0,99.11,180.0
Negotiation_49,R3,2026-09-11T06:49:59.929733Z,flight_spawn,18,48,-20,864,387,232,910,912.6,948.01,820.31,system,NA,0.51,3.43,125.62,0.0,180.0,99.11,180.0
Negotiation_49,R3,2026-09-11T06:50:03.252474Z,agent_signal,18,49,307,611,358,82,616,564.0,310.67,588.81,agent,i_can,0.355,2.46,160.11,0.0,180.0,130.47,-125.75
Negotiation_49,R3,2026-09-11T06:50:03.268773Z,behavior_monitor,18,49,307,611,358,80,614,564.0,308.17,589.31,system,NA,0.353,2.46,160.11,0.0,180.0,169.61,-125.75
Negotiation_49,R3,2026-09-11T06:50:03.780778Z,behavior_monitor,18,44,322,575,358,30,565,532.05,243.05,583.47,system,NA,0.314,1.5,13.38,0.0,180.0,99.11,180.0
Negotiation_49,R3,2026-09-11T06:50:04.291826Z,behavior_monitor,18,86,333,575,358,62,564,490.27,232.41,553.02,system,NA,0.322,1.5,14.46,0.0,180.0,27.95,-15.53
Negotiation_49,R3,2026-09-11T06:50:04.325472Z,human_signal,18,88,334,575,358,64,564,488.33,231.69,551.46,human,your_turn,0.322,1.5,14.46,0.0,180.0,99.11,0.0
Negotiation_49,R3,2026-09-11T06:50:04.326082Z,human_signal,18,89,334,575,358,64,564,487.1,231.44,551.46,human,your_turn,0.322,1.5,14.46,0.0,180.0,0.0,0.0
Negotiation_49,R3,2026-09-11T06:50:04.794602Z,behavior_monitor,18,124,345,575,358,102,564,451.04,220.09,516.58,system,NA,0.328,1.5,36.71,0.0,180.0,99.11,0.0
Negotiation_49,R3,2026-09-11T06:50:05.305133Z,behavior_monitor,18,165,359,575,358,142,564,410.44,206.4,479.79,system,NA,0.335,1.5,10.49,0.0,180.0,99.11,0.0
Negotiation_49,R3,2026-09-11T06:50:05.815487Z,behavior_monitor,18,199,385,575,358,176,564,377.55,181.4,450.12,system,NA,0.325,1.5,57.39,0.0,180.0,0.0,0.0
Negotiation_49,R3,2026-09-11T06:50:06.325176Z,behavior_monitor,18,208,426,575,358,184,565,374.02,140.92,443.07,system,NA,0.274,1.5,85.58,0.0,180.0,0.0,135.98
Negotiation_49,R3,2026-09-11T06:50:06.836484Z,behavior_monitor,18,214,471,575,358,191,565,378.94,96.82,437.13,system,NA,0.204,1.5,85.58,0.0,180.0,0.0,0.0
Negotiation_49,R3,2026-09-11T06:50:07.349988Z,behavior_monitor,18,219,515,575,358,196,565,389.77,54.96,432.55,system,NA,0.124,1.5,64.14,0.0,180.0,0.0,0.0
Negotiation_49,R3,2026-09-11T06:50:07.570451Z,shot_miss,18,222,535,575,358,199,565,395.17,37.5,429.19,agent,NA,0.087,1.5,87.99,0.0,180.0,0.0,0.0
Negotiation_49,R3,2026-09-11T06:50:07.809700Z,shot_hit,18,213,555,575,358,196,564,412.52,19.04,431.56,agent,NA,0.044,1.5,110.18,0.0,180.0,0.0,180.0
Negotiation_49,R3,2026-09-11T06:50:07.810795Z,flight_spawn,19,693,-20,575,358,196,564,396.02,767.25,431.56,system,NA,0.66,3.43,54.36,0.0,180.0,0.0,180.0
Negotiation_49,R3,2026-09-11T06:50:10.785634Z,agent_signal,19,1118,352,878,377,379,563,241.3,768.8,532.66,agent,your_turn,0.761,3.43,36.49,133.26,16.12,76.24,0.0
Negotiation_49,R3,2026-09-11T06:50:10.802935Z,behavior_monitor,19,1118,352,878,377,380,563,241.3,767.86,531.75,system,NA,0.761,3.43,36.49,133.15,16.48,57.18,0.0
Negotiation_49,R3,2026-09-11T06:50:11.313393Z,behavior_monitor,19,1194,416,943,398,409,563,252.41,799.36,558.93,system,NA,0.76,3.43,41.75,125.68,17.87,54.0,0.0
Negotiation_49,R3,2026-09-11T06:50:11.826450Z,behavior_monitor,19,1261,485,1007,419,421,563,262.87,843.82,603.42,system,NA,0.762,3.43,12.86,133.14,17.96,0.0,0.0
Negotiation_49,R3,2026-09-11T06:50:12.080714Z,human_signal,19,1307,497,1039,429,423,563,275.67,886.72,631.23,human,your_turn,0.763,3.43,12.86,133.58,18.53,0.0,0.0
Negotiation_49,R3,2026-09-11T06:50:12.081882Z,human_signal,19,1310,497,1042,430,423,563,277.19,890.37,633.18,human,your_turn,0.763,3.43,12.86,133.88,18.91,76.24,0.0
Negotiation_49,R3,2026-09-11T06:50:12.335664Z,behavior_monitor,19,1358,508,1048,433,448,563,318.81,911.77,614.14,system,NA,0.741,3.43,12.86,0.0,90.0,99.11,0.0
Negotiation_49,R3,2026-09-11T06:50:12.847899Z,behavior_monitor,19,1445,532,1086,452,498,563,367.61,947.4,598.37,system,NA,0.72,2.15,134.97,131.94,23.36,99.11,0.0
Negotiation_49,R3,2026-09-11T06:50:12.932803Z,agent_signal,19,1437,541,1097,456,507,563,350.37,930.19,599.41,agent,i_can,0.726,2.15,134.97,131.37,22.78,99.11,0.0
Negotiation_49,R3,2026-09-11T06:50:13.358663Z,behavior_monitor,19,1411,584,1148,478,549,579,283.89,862.57,607.91,system,NA,0.752,2.15,84.17,131.34,22.32,169.61,54.25
Negotiation_49,R3,2026-09-11T06:50:13.870938Z,behavior_monitor,19,1444,636,1210,503,599,631,268.84,844.65,624.12,system,NA,0.759,2.15,33.12,131.34,22.32,99.11,0.0
Negotiation_49,R3,2026-09-11T06:50:14.143801Z,human_signal,19,1437,656,1243,517,626,652,238.55,810.88,631.65,human,your_turn,0.773,1.59,112.29,131.34,22.32,99.11,0.0
Negotiation_49,R3,2026-09-11T06:50:14.144132Z,human_signal,19,1437,657,1245,518,626,652,236.96,810.54,633.48,human,your_turn,0.774,1.59,112.29,131.34,22.32,169.61,54.25
Negotiation_49,R3,2026-09-11T06:50:14.381756Z,behavior_monitor,19,1426,675,1260,524,650,671,224.92,776.5,627.23,system,NA,0.775,1.59,135.52,0.0,25.72,169.61,54.25
Negotiation_49,R3,2026-09-11T06:50:14.603581Z,human_signal,19,1413,690,1260,524,672,685,225.9,741.63,609.5,human,your_turn,0.767,1.59,135.52,0.0,25.72,169.61,54.25
Negotiation_49,R3,2026-09-11T06:50:14.604638Z,human_signal,19,1412,691,1260,524,672,685,225.64,740.04,609.5,human,your_turn,0.766,1.59,135.52,0.0,25.72,99.11,0.0
Negotiation_49,R3,2026-09-11T06:50:14.894949Z,behavior_monitor,19,1401,713,1260,524,700,708,236.26,700.66,588.81,system,NA,0.748,1.59,85.74,0.0,25.72,99.11,0.0
Negotiation_49,R3,2026-09-11T06:50:15.406525Z,behavior_monitor,19,1370,750,1260,524,751,746,251.9,619.04,554.89,system,NA,0.711,1.59,165.38,0.0,25.72,93.6,0.0
Negotiation_49,R3,2026-09-11T06:50:15.814595Z,human_signal,19,1330,760,1260,524,791,755,246.4,538.7,522.14,human,your_turn,0.686,1.59,165.38,0.0,25.72,99.11,0.0
Negotiation_49,R3,2026-09-11T06:50:15.815339Z,human_signal,19,1329,761,1260,524,791,755,246.54,537.85,522.14,human,your_turn,0.686,1.59,165.38,0.0,25.72,99.11,0.0
Negotiation_49,R3,2026-09-11T06:50:15.917221Z,behavior_monitor,19,1322,763,1260,524,802,757,246.5,520.32,514.15,system,NA,0.679,1.59,165.38,0.0,25.72,99.11,0.0
Negotiation_49,R3,2026-09-11T06:50:16.423842Z,behavior_monitor,19,1272,772,1260,524,853,766,248.18,419.27,473.68,system,NA,0.628,1.59,168.15,0.0,25.72,99.11,0.0
Negotiation_49,R3,2026-09-11T06:50:16.927995Z,behavior_monitor,19,1229,782,1260,524,903,778,259.62,325.71,437.66,system,NA,0.556,1.59,167.13,0.0,25.72,169.61,54.25
Negotiation_49,R3,2026-09-11T06:50:17.437833Z,behavior_monitor,19,1189,801,1260,524,954,796,286.17,234.71,409.32,system,NA,0.451,1.59,146.86,0.0,25.72,120.16,-8.74
Negotiation_49,R3,2026-09-11T06:50:17.946792Z,behavior_monitor,19,1147,819,1260,524,1004,813,315.25,143.55,385.71,system,NA,0.313,1.59,143.29,0.0,25.72,99.11,0.0
Negotiation_49,R3,2026-09-11T06:50:18.454565Z,behavior_monitor,19,1103,838,1260,524,1054,834,351.17,48.94,371.69,system,NA,0.122,1.59,172.18,0.0,25.72,99.11,0.0
Negotiation_49,R3,2026-09-11T06:50:18.643007Z,shot_hit,19,1084,842,1260,524,1066,836,363.21,18.94,367.3,agent,NA,0.05,1.59,159.07,0.0,25.72,0.0,54.25
Negotiation_49,R3,2026-09-11T06:50:18.644164Z,flight_spawn,20,896,-20,1260,524,1066,836,654.94,873.44,367.3,system,NA,0.571,2.83,135.0,0.0,25.72,0.0,54.25
Negotiation_49,R3,2026-09-11T06:50:21.229324Z,human_signal,20,557,195,1099,501,899,605,622.84,533.32,226.15,human,your_turn,0.461,2.83,130.39,0.0,180.0,130.47,-125.75
Negotiation_49,R3,2026-09-11T06:50:21.231276Z,behavior_monitor,20,557,195,1099,501,899,605,622.84,533.32,226.15,system,NA,0.461,2.83,130.39,0.0,180.0,130.47,-125.75
Negotiation_49,R3,2026-09-11T06:50:21.231699Z,human_signal,20,556,197,1099,501,899,605,622.77,532.39,226.15,human,your_turn,0.461,2.83,130.39,0.0,180.0,130.47,-125.75
Negotiation_49,R3,2026-09-11T06:50:21.740454Z,behavior_monitor,20,500,260,1099,501,848,565,646.31,463.0,259.12,system,NA,0.417,2.83,130.39,0.0,180.0,99.11,180.0
Negotiation_49,R3,2026-09-11T06:50:22.252860Z,behavior_monitor,20,442,324,1099,501,798,565,680.93,430.07,308.1,system,NA,0.387,2.83,153.52,0.0,180.0,99.11,180.0
Negotiation_49,R3,2026-09-11T06:50:22.287769Z,agent_signal,20,435,327,1099,501,795,565,686.65,430.93,311.4,agent,i_can,0.386,2.83,153.52,0.0,180.0,99.11,180.0
Negotiation_49,R3,2026-09-11T06:50:22.764020Z,behavior_monitor,20,373,366,1099,501,748,565,739.25,424.97,357.34,system,NA,0.365,2.83,154.51,0.0,180.0,99.11,180.0
Negotiation_49,R3,2026-09-11T06:50:23.276351Z,behavior_monitor,20,339,443,1099,501,697,565,763.02,378.89,407.29,system,NA,0.332,2.83,128.28,0.0,180.0,93.6,180.0
Negotiation_49,R3,2026-09-11T06:50:23.720480Z,human_signal,20,293,500,1099,501,653,565,806.43,366.07,450.65,human,your_turn,0.312,2.83,128.28,0.0,180.0,99.11,180.0
Negotiation_49,R3,2026-09-11T06:50:23.721201Z,human_signal,20,291,503,1099,501,653,565,808.1,367.34,450.65,human,your_turn,0.313,2.83,128.28,0.0,180.0,99.11,180.0
Negotiation_49,R3,2026-09-11T06:50:23.788531Z,behavior_monitor,20,286,509,1099,501,647,565,813.26,364.66,457.32,system,NA,0.31,2.83,128.28,0.0,180.0,99.11,180.0
Negotiation_49,R3,2026-09-11T06:50:24.299593Z,behavior_monitor,20,227,565,1099,501,596,565,874.46,368.96,507.23,system,NA,0.297,2.83,151.99,0.0,180.0,99.11,180.0
Negotiation_49,R3,2026-09-11T06:50:24.809782Z,behavior_monitor,20,148,591,1061,501,545,586,918.19,397.87,522.94,system,NA,0.302,2.83,172.46,129.41,180.0,99.11,180.0
Negotiation_49,R3,2026-09-11T06:50:25.320518Z,behavior_monitor,20,73,632,995,501,494,626,931.81,421.64,516.35,system,NA,0.312,2.83,128.15,128.06,180.0,99.11,180.0
Negotiation_49,R3,2026-09-11T06:50:25.833051Z,behavior_monitor,20,26,699,969,501,445,694,963.81,418.75,558.94,system,NA,0.303,2.83,128.15,129.41,180.0,169.61,125.75
Negotiation_49,R3,2026-09-11T06:50:26.341746Z,behavior_monitor,20,66,749,903,501,394,743,873.3,328.37,563.77,system,NA,0.273,2.46,35.19,129.41,180.0,99.11,180.0
Negotiation_49,R3,2026-09-11T06:50:26.853173Z,behavior_monitor,20,100,812,863,501,344,806,824.37,243.82,602.83,system,NA,0.228,2.46,85.01,0.0,180.0,169.61,125.75
Negotiation_49,R3,2026-09-11T06:50:27.362618Z,behavior_monitor,20,122,879,808,501,293,874,783.77,170.8,636.51,system,NA,0.179,2.46,56.92,129.41,180.0,169.61,125.75
Negotiation_49,R3,2026-09-11T06:50:27.873827Z,behavior_monitor,20,167,937,773,501,242,910,746.39,80.05,669.78,system,NA,0.097,2.46,54.72,0.0,180.0,99.11,180.0
Negotiation_49,R3,2026-09-11T06:50:27.993124Z,flight_missed,20,181,953,773,501,229,910,744.99,64.69,680.51,system,NA,0.08,2.46,80.42,0.0,180.0,99.11,180.0
Negotiation_49,R4,2026-09-11T06:50:33.665762Z,flight_spawn,1,1195,-20,773,501,229,910,670.72,1340.99,680.51,system,NA,0.667,2.91,46.54,0.0,180.0,0.0,180.0
Negotiation_49,R4,2026-09-11T06:50:40.152124Z,agent_signal,1,1322,343,1207,500,606,565,194.83,749.09,604.56,agent,your_turn,0.794,2.44,119.58,81.73,0.0,76.24,0.0
Negotiation_49,R4,2026-09-11T06:50:40.168589Z,behavior_monitor,1,1322,343,1207,500,607,565,194.83,748.16,603.59,system,NA,0.793,2.44,119.58,129.41,0.0,57.18,0.0
Negotiation_49,R4,2026-09-11T06:50:40.679218Z,behavior_monitor,1,1285,406,1273,476,636,565,70.4,667.3,642.3,system,NA,0.905,2.44,119.58,96.07,-37.3,57.18,0.0
Negotiation_49,R4,2026-09-11T06:50:40.782193Z,shot_miss,1,1283,420,1273,476,642,565,56.57,656.4,636.52,human,NA,0.921,2.44,91.54,0.0,-37.3,54.0,0.0
Negotiation_49,R4,2026-09-11T06:50:41.137396Z,shot_hit,1,1280,471,1273,476,650,565,8.66,636.51,628.54,human,NA,0.987,2.44,91.54,0.0,-37.3,0.0,23.36
Negotiation_49,R4,2026-09-11T06:50:41.138005Z,flight_spawn,2,712,-20,1273,476,650,565,748.83,588.72,628.54,system,NA,0.44,3.24,51.93,0.0,-37.3,0.0,23.36
Negotiation_49,R4,2026-09-11T06:50:42.630580Z,human_signal,2,792,251,1286,476,746,565,542.7,318.22,547.11,human,your_turn,0.37,3.24,54.51,0.0,0.0,76.24,0.0
Negotiation_49,R4,2026-09-11T06:50:42.631571Z,behavior_monitor,2,792,251,1286,476,746,565,542.7,318.22,547.11,system,NA,0.37,3.24,54.51,0.0,0.0,76.24,0.0
Negotiation_49,R4,2026-09-11T06:50:42.631958Z,human_signal,2,793,253,1286,476,746,565,540.37,315.81,547.11,human,your_turn,0.369,3.24,54.51,0.0,0.0,76.24,0.0
Negotiation_49,R4,2026-09-11T06:50:43.140474Z,behavior_monitor,2,868,303,1286,476,797,566,451.23,271.76,497.19,system,NA,0.376,3.24,25.73,0.0,0.0,99.11,0.0
Negotiation_49,R4,2026-09-11T06:50:43.434335Z,agent_signal,2,921,326,1286,476,825,566,394.01,258.44,469.47,agent,i_can,0.396,3.24,1.22,0.0,0.0,99.11,0.0
Negotiation_49,R4,2026-09-11T06:50:43.653364Z,behavior_monitor,2,953,337,1286,476,847,566,360.41,252.14,448.0,system,NA,0.412,3.24,54.04,0.0,0.0,99.11,0.0
Negotiation_49,R4,2026-09-11T06:50:44.166331Z,behavior_monitor,2,998,421,1286,476,898,566,293.14,176.19,398.01,system,NA,0.375,3.24,76.67,0.0,0.0,99.11,0.0
Negotiation_49,R4,2026-09-11T06:50:44.677025Z,behavior_monitor,2,1043,501,1286,476,949,566,243.81,114.59,348.73,system,NA,0.32,3.24,53.58,0.0,0.0,99.11,0.0
Negotiation_49,R4,2026-09-11T06:50:45.185396Z,behavior_monitor,2,1100,579,1286,476,999,573,212.77,100.59,302.36,system,NA,0.321,3.24,53.58,0.0,0.0,169.61,54.25
Negotiation_49,R4,2026-09-11T06:50:45.695366Z,behavior_monitor,2,1126,671,1286,476,1049,643,252.22,82.07,289.65,system,NA,0.246,3.24,79.46,0.0,0.0,169.61,54.25
Negotiation_49,R4,2026-09-11T06:50:46.120110Z,shot_miss,2,1090,740,1286,476,1076,704,328.52,38.7,309.78,agent,NA,0.105,3.24,154.66,0.0,0.0,169.61,125.75
Negotiation_49,R4,2026-09-11T06:50:46.204636Z,behavior_monitor,2,1078,745,1286,476,1070,713,340.6,33.07,321.01,system,NA,0.089,3.24,154.66,0.0,0.0,169.61,125.75
Negotiation_49,R4,2026-09-11T06:50:46.374912Z,shot_hit,2,1045,761,1286,476,1051,739,372.72,22.42,352.54,agent,NA,0.057,3.24,154.66,0.0,0.0,169.61,125.75
Negotiation_49,R4,2026-09-11T06:50:46.376062Z,flight_spawn,3,693,-20,1286,476,1051,739,773.16,840.03,352.54,system,NA,0.521,2.83,45.0,0.0,0.0,169.61,125.75
Negotiation_49,R4,2026-09-11T06:50:49.285614Z,human_signal,3,1023,280,1241,462,1000,566,284.04,286.52,262.15,human,your_turn,0.502,2.83,80.66,0.0,180.0,0.0,0.0
Negotiation_49,R4,2026-09-11T06:50:49.286108Z,behavior_monitor,3,1023,280,1241,462,1000,566,284.04,286.52,262.15,system,NA,0.502,2.83,80.66,0.0,180.0,76.24,0.0
Negotiation_49,R4,2026-09-11T06:50:49.286554Z,human_signal,3,1024,283,1241,462,1000,566,281.36,283.83,262.15,human,your_turn,0.502,2.83,80.66,0.0,180.0,76.24,0.0
Negotiation_49,R4,2026-09-11T06:50:49.795100Z,behavior_monitor,3,1036,364,1241,462,1013,566,227.43,203.64,250.43,system,NA,0.472,2.83,80.66,0.0,180.0,99.11,0.0
Negotiation_49,R4,2026-09-11T06:50:49.999223Z,agent_signal,3,1042,400,1241,462,1018,566,208.3,168.05,245.95,agent,i_can,0.447,2.83,80.66,0.0,180.0,0.0,0.0
Negotiation_49,R4,2026-09-11T06:50:50.303942Z,behavior_monitor,3,1051,448,1241,462,1027,566,191.11,121.17,237.93,system,NA,0.388,2.83,80.66,0.0,180.0,0.0,0.0
Negotiation_49,R4,2026-09-11T06:50:50.812712Z,behavior_monitor,3,1088,523,1241,462,1064,565,164.7,48.0,204.42,system,NA,0.226,2.83,60.19,0.0,180.0,99.11,0.0
Negotiation_49,R4,2026-09-11T06:50:50.999885Z,shot_hit,3,1112,547,1241,462,1085,564,154.2,32.82,187.01,agent,NA,0.175,2.83,39.33,0.0,180.0,99.11,0.0
Negotiation_49,R4,2026-09-11T06:50:51.000804Z,flight_spawn,4,1206,-20,1241,462,1085,564,484.04,597.35,187.01,system,NA,0.552,2.83,135.0,0.0,180.0,99.11,0.0
Negotiation_49,R4,2026-09-11T06:50:51.118847Z,human_signal,4,1195,-8,1241,462,1085,564,473.06,583.34,187.01,human,your_turn,0.552,2.83,135.0,0.0,180.0,0.0,0.0
Negotiation_49,R4,2026-09-11T06:50:51.119543Z,human_signal,4,1193,-6,1241,462,1085,564,471.25,581.05,187.01,human,your_turn,0.552,2.83,156.39,0.0,180.0,0.0,0.0
Negotiation_49,R4,2026-09-11T06:50:51.323077Z,behavior_monitor,4,1163,4,1241,462,1085,564,464.92,565.88,187.01,system,NA,0.549,2.83,177.28,0.0,180.0,0.0,0.0
Negotiation_49,R4,2026-09-11T06:50:51.833759Z,behavior_monitor,4,1090,37,1241,462,1078,564,450.97,527.01,192.48,system,NA,0.539,2.83,158.53,0.0,180.0,99.11,180.0
Negotiation_49,R4,2026-09-11T06:50:52.339998Z,behavior_monitor,4,1010,68,1221,455,1028,565,440.26,497.16,222.13,system,NA,0.53,2.83,158.53,141.69,-155.2,105.3,180.0
Negotiation_49,R4,2026-09-11T06:50:52.851978Z,behavior_monitor,4,933,106,1191,442,977,565,423.05,461.12,246.26,system,NA,0.522,2.83,131.82,0.0,180.0,99.11,180.0
Negotiation_49,R4,2026-09-11T06:50:53.362165Z,behavior_monitor,4,881,169,1136,427,927,565,362.9,398.82,249.74,system,NA,0.524,2.83,131.82,126.4,-165.22,93.6,180.0
Negotiation_49,R4,2026-09-11T06:50:53.872120Z,behavior_monitor,4,847,245,1112,423,877,565,319.24,321.61,275.22,system,NA,0.502,2.83,108.61,0.0,180.0,99.11,180.0
Negotiation_49,R4,2026-09-11T06:50:54.382388Z,behavior_monitor,4,774,280,1060,412,826,565,315.02,290.46,279.1,system,NA,0.48,2.83,164.65,111.14,180.0,99.11,180.0
Negotiation_49,R4,2026-09-11T06:50:54.721548Z,human_signal,4,719,295,1016,405,793,565,317.13,280.61,274.72,human,your_turn,0.469,2.83,164.65,133.78,-165.31,99.11,180.0
Negotiation_49,R4,2026-09-11T06:50:54.722629Z,human_signal,4,715,295,1014,405,793,565,317.92,280.84,273.27,human,your_turn,0.469,2.83,164.65,133.78,-165.31,99.11,180.0
Negotiation_49,R4,2026-09-11T06:50:54.891371Z,behavior_monitor,4,692,302,994,402,776,565,318.32,276.23,272.4,system,NA,0.465,2.83,164.65,124.29,180.0,99.11,180.0
Negotiation_49,R4,2026-09-11T06:50:55.401303Z,behavior_monitor,4,610,329,991,402,725,565,387.4,262.66,311.33,system,NA,0.404,2.83,137.39,0.0,180.0,99.11,180.0
Negotiation_49,R4,2026-09-11T06:50:55.487380Z,agent_signal,4,597,341,991,402,717,565,398.8,254.78,318.54,agent,i_can,0.39,2.83,137.39,0.0,180.0,99.11,180.0
Negotiation_49,R4,2026-09-11T06:50:55.572095Z,human_signal,4,589,348,991,402,708,565,405.23,247.66,325.8,human,your_turn,0.379,2.83,137.39,0.0,180.0,99.11,180.0
Negotiation_49,R4,2026-09-11T06:50:55.572865Z,human_signal,4,587,350,991,402,708,565,406.95,246.95,325.8,human,your_turn,0.378,2.83,137.39,0.0,180.0,99.11,180.0
Negotiation_49,R4,2026-09-11T06:50:55.911718Z,behavior_monitor,4,563,396,991,402,675,565,427.99,202.84,355.38,system,NA,0.322,2.83,110.32,0.0,180.0,99.11,180.0
Negotiation_49,R4,2026-09-11T06:50:56.423152Z,behavior_monitor,4,534,476,968,402,623,565,440.68,126.41,381.37,system,NA,0.223,2.83,110.32,129.41,180.0,99.11,180.0
Negotiation_49,R4,2026-09-11T06:50:56.934258Z,behavior_monitor,4,497,547,903,402,573,565,431.43,78.81,367.82,system,NA,0.154,2.83,91.57,85.22,180.0,99.11,180.0
Negotiation_49,R4,2026-09-11T06:50:57.446919Z,behavior_monitor,4,470,625,900,402,522,616,484.27,53.3,433.8,system,NA,0.099,2.83,118.74,0.0,180.0,169.61,125.75
Negotiation_49,R4,2026-09-11T06:50:57.480355Z,shot_miss,4,465,632,900,402,517,623,491.96,53.11,441.67,agent,NA,0.097,2.83,118.74,0.0,180.0,169.61,125.75
Negotiation_49,R4,2026-09-11T06:50:57.786434Z,shot_miss,4,447,679,900,402,487,666,530.61,41.69,489.94,agent,NA,0.073,2.83,94.25,0.0,180.0,169.61,125.75
Negotiation_49,R4,2026-09-11T06:50:57.956275Z,behavior_monitor,4,444,705,900,402,471,687,546.58,32.45,514.14,system,NA,0.056,2.83,94.25,0.0,180.0,169.61,125.75
Negotiation_49,R4,2026-09-11T06:50:57.973767Z,shot_hit,4,444,710,900,402,468,691,549.68,30.26,519.54,agent,NA,0.052,2.83,94.25,0.0,180.0,169.61,125.75
Negotiation_49,R4,2026-09-11T06:50:57.974180Z,flight_spawn,5,1283,-20,900,402,468,691,570.5,1081.91,519.54,system,NA,0.655,3.57,124.12,0.0,180.0,169.61,125.75
Negotiation_49,R4,2026-09-11T06:51:01.044092Z,agent_signal,5,769,334,795,374,671,566,47.42,252.09,228.41,agent,your_turn,0.842,3.57,98.81,45.78,180.0,76.24,0.0
Negotiation_49,R4,2026-09-11T06:51:01.060641Z,behavior_monitor,5,769,334,795,374,672,566,47.42,251.71,227.88,system,NA,0.841,3.57,98.81,45.78,180.0,57.18,0.0
Negotiation_49,R4,2026-09-11T06:51:01.332911Z,human_signal,5,758,390,764,374,688,566,17.28,189.21,206.47,human,your_turn,0.916,3.57,98.81,129.41,180.0,57.18,0.0
Negotiation_49,R4,2026-09-11T06:51:01.333705Z,human_signal,5,757,394,761,374,688,566,20.37,185.51,205.67,human,your_turn,0.901,3.57,127.54,129.41,180.0,57.18,0.0
Negotiation_49,R4,2026-09-11T06:51:01.570710Z,behavior_monitor,5,725,424,747,374,706,566,54.97,143.03,196.31,system,NA,0.722,3.57,132.71,0.0,180.0,0.0,0.0
Negotiation_49,R4,2026-09-11T06:51:01.707169Z,shot_miss,5,705,445,747,374,693,566,82.87,121.41,199.52,human,NA,0.594,3.57,156.39,0.0,180.0,99.11,180.0
Negotiation_49,R4,2026-09-11T06:51:02.080642Z,behavior_monitor,5,644,488,747,374,656,566,154.54,78.01,212.67,system,NA,0.335,3.57,128.42,0.0,180.0,99.11,180.0
Negotiation_49,R4,2026-09-11T06:51:02.284422Z,human_signal,5,611,516,729,374,636,566,184.98,55.48,213.85,human,your_turn,0.231,3.57,157.85,129.41,180.0,99.11,180.0
Negotiation_49,R4,2026-09-11T06:51:02.285155Z,human_signal,5,609,518,727,374,636,566,186.48,55.66,212.9,human,your_turn,0.23,3.57,157.85,129.41,180.0,99.11,180.0
Negotiation_49,R4,2026-09-11T06:51:02.301849Z,agent_signal,5,605,519,727,374,634,566,189.57,55.28,213.63,agent,i_can,0.226,3.57,157.85,129.41,180.0,99.11,180.0
Negotiation_49,R4,2026-09-11T06:51:02.472067Z,shot_miss,5,572,532,707,374,616,566,208.31,55.25,212.3,agent,NA,0.21,3.57,157.85,87.29,180.0,99.11,180.0
Negotiation_49,R4,2026-09-11T06:51:02.591966Z,behavior_monitor,5,553,540,707,374,606,566,226.76,58.44,216.82,system,NA,0.205,3.57,157.85,0.0,180.0,99.11,180.0
Negotiation_49,R4,2026-09-11T06:51:02.608200Z,human_signal,5,550,542,707,374,604,566,229.86,59.18,217.61,human,your_turn,0.205,3.57,157.85,0.0,180.0,99.11,180.0
Negotiation_49,R4,2026-09-11T06:51:02.608595Z,human_signal,5,547,543,707,374,604,566,232.78,61.28,217.61,human,your_turn,0.208,3.57,157.85,0.0,180.0,99.11,180.0
Negotiation_49,R4,2026-09-11T06:51:03.100786Z,behavior_monitor,5,455,581,707,374,556,575,325.53,100.28,251.84,system,NA,0.236,3.57,157.85,0.0,180.0,99.11,180.0
Negotiation_49,R4,2026-09-11T06:51:03.611690Z,behavior_monitor,5,359,611,707,374,505,606,421.01,146.11,307.16,system,NA,0.258,3.57,154.09,0.0,180.0,99.11,180.0
Negotiation_49,R4,2026-09-11T06:51:04.124012Z,behavior_monitor,5,256,628,674,374,455,624,489.23,198.63,333.02,system,NA,0.289,3.57,179.21,129.41,180.0,99.11,180.0
Negotiation_49,R4,2026-09-11T06:51:04.634044Z,behavior_monitor,5,151,636,608,374,404,631,527.02,253.02,328.53,system,NA,0.324,3.57,149.93,137.5,180.0,180.21,125.75
Negotiation_49,R4,2026-09-11T06:51:04.903613Z,human_signal,5,94,647,573,374,377,643,551.09,283.11,332.43,human,your_turn,0.339,3.57,170.37,129.41,180.0,169.61,125.75
Negotiation_49,R4,2026-09-11T06:51:04.904253Z,human_signal,5,90,648,571,374,377,643,553.16,287.36,331.14,human,your_turn,0.342,3.57,170.37,137.5,180.0,105.3,180.0
Negotiation_49,R4,2026-09-11T06:51:05.141433Z,behavior_monitor,5,46,656,561,374,353,651,586.73,307.31,346.62,system,NA,0.344,3.57,170.37,0.0,180.0,169.61,125.75
Negotiation_49,R4,2026-09-11T06:51:05.650904Z,behavior_monitor,5,66,677,561,374,303,673,579.98,236.68,394.72,system,NA,0.29,2.2,42.2,0.0,180.0,169.61,125.75
Negotiation_49,R4,2026-09-11T06:51:06.161427Z,behavior_monitor,5,91,738,561,374,253,735,594.79,161.87,474.53,system,NA,0.214,2.2,70.04,0.0,180.0,169.61,125.75
Negotiation_49,R4,2026-09-11T06:51:06.671362Z,behavior_monitor,5,141,776,561,374,202,773,581.56,61.06,536.52,system,NA,0.095,2.2,21.39,0.0,180.0,177.67,127.53
Negotiation_49,R4,2026-09-11T06:51:06.994624Z,shot_hit,5,185,792,561,374,168,788,562.4,17.17,570.67,agent,NA,0.03,2.2,21.39,0.0,180.0,99.11,180.0
Negotiation_49,R4,2026-09-11T06:51:06.995434Z,flight_spawn,6,766,-20,561,374,168,788,444.48,1005.53,570.67,system,NA,0.693,3.4,53.91,0.0,180.0,99.11,180.0
Negotiation_49,R4,2026-09-11T06:51:08.863998Z,agent_signal,6,915,309,728,423,287,621,218.53,700.94,483.57,agent,your_turn,0.762,3.4,28.7,133.52,14.95,116.93,-52.17
Negotiation_49,R4,2026-09-11T06:51:08.880882Z,behavior_monitor,6,915,309,728,423,288,620,218.53,699.47,482.13,system,NA,0.762,3.4,28.7,133.52,14.95,97.85,-54.25
Negotiation_49,R4,2026-09-11T06:51:09.390766Z,behavior_monitor,6,1002,348,794,440,317,579,227.55,722.71,496.53,system,NA,0.761,3.4,6.7,133.42,14.79,97.85,-54.25
Negotiation_49,R4,2026-09-11T06:51:09.898810Z,behavior_monitor,6,1102,374,860,457,331,566,256.54,794.9,539.82,system,NA,0.756,3.4,1.76,133.33,14.63,0.0,0.0
Negotiation_49,R4,2026-09-11T06:51:10.408003Z,behavior_monitor,6,1201,392,926,474,331,565,287.66,887.03,601.26,system,NA,0.755,3.4,9.68,133.23,14.47,0.0,-59.92
Negotiation_49,R4,2026-09-11T06:51:10.918194Z,behavior_monitor,6,1254,460,991,491,341,565,265.0,919.8,654.8,system,NA,0.776,3.4,96.21,133.23,14.47,0.0,0.0
Negotiation_49,R4,2026-09-11T06:51:11.429477Z,behavior_monitor,6,1244,562,1057,508,373,565,194.97,871.21,686.01,system,NA,0.817,3.4,96.21,131.54,15.13,76.24,0.0
Negotiation_49,R4,2026-09-11T06:51:11.940736Z,behavior_monitor,6,1203,652,1115,544,412,616,139.05,791.98,707.07,system,NA,0.851,3.4,116.2,134.6,29.03,130.47,54.25
Negotiation_49,R4,2026-09-11T06:51:12.453534Z,behavior_monitor,6,1163,744,1161,590,450,670,153.29,716.35,714.76,system,NA,0.824,3.4,116.2,127.95,70.5,130.47,54.25
Negotiation_49,R4,2026-09-11T06:51:12.914582Z,human_signal,6,1120,826,1163,608,485,719,222.3,643.73,686.69,human,your_turn,0.743,3.4,116.2,0.0,90.0,123.22,54.25
Negotiation_49,R4,2026-09-11T06:51:12.915242Z,human_signal,6,1118,829,1163,608,485,719,225.62,642.57,686.69,human,your_turn,0.74,3.4,116.2,0.0,90.0,130.47,54.25
Negotiation_49,R4,2026-09-11T06:51:12.966106Z,behavior_monitor,6,1115,835,1163,608,490,726,232.23,634.34,682.87,system,NA,0.732,3.4,116.2,0.0,90.0,169.61,54.25
Negotiation_49,R4,2026-09-11T06:51:13.476333Z,behavior_monitor,6,1066,927,1163,608,540,796,333.02,541.36,649.74,system,NA,0.619,3.4,116.2,0.0,90.0,169.61,54.25
Negotiation_49,R4,2026-09-11T06:51:13.630455Z,flight_missed,6,1045,953,1163,608,557,819,364.88,505.94,641.28,system,NA,0.581,3.4,137.04,0.0,90.0,169.61,54.25
Negotiation_49,R4,2026-09-11T06:51:13.631149Z,flight_spawn,7,485,-20,1163,608,557,819,924.2,843.02,641.28,system,NA,0.477,2.96,132.43,0.0,90.0,169.61,54.25
Negotiation_49,R4,2026-09-11T06:51:14.769439Z,human_signal,7,418,150,1162,608,494,731,873.23,585.73,679.26,human,your_turn,0.401,2.96,128.21,0.0,90.0,130.47,-125.75
Negotiation_49,R4,2026-09-11T06:51:14.770111Z,behavior_monitor,7,418,150,1162,608,494,731,873.23,585.73,679.26,system,NA,0.401,2.96,128.21,54.38,180.0,130.47,-125.75
Negotiation_49,R4,2026-09-11T06:51:14.770703Z,human_signal,7,416,153,1160,608,494,731,871.99,583.62,677.78,human,your_turn,0.401,2.96,128.21,54.38,180.0,130.47,-125.75
Negotiation_49,R4,2026-09-11T06:51:15.280131Z,behavior_monitor,7,396,229,1148,608,444,661,841.77,435.21,706.3,system,NA,0.341,2.96,77.18,0.0,180.0,169.61,-125.75
Negotiation_49,R4,2026-09-11T06:51:15.739491Z,agent_signal,7,412,310,1148,608,399,599,794.07,289.31,749.26,agent,i_can,0.267,2.96,77.18,0.0,180.0,169.61,-125.75
Negotiation_49,R4,2026-09-11T06:51:15.791171Z,behavior_monitor,7,413,315,1148,608,395,592,790.52,276.8,752.75,system,NA,0.259,2.96,77.18,0.0,180.0,137.65,-90.0
Negotiation_49,R4,2026-09-11T06:51:16.301779Z,behavior_monitor,7,437,398,1148,608,414,566,741.31,169.31,734.95,system,NA,0.186,2.96,80.9,0.0,180.0,0.0,0.0
Negotiation_49,R4,2026-09-11T06:51:16.812890Z,behavior_monitor,7,450,486,1148,608,428,566,708.63,83.0,721.49,system,NA,0.105,2.96,80.9,0.0,180.0,0.0,0.0
Negotiation_49,R4,2026-09-11T06:51:17.222201Z,shot_hit,7,472,553,1148,608,450,566,677.77,26.31,699.63,agent,NA,0.037,2.96,77.33,0.0,180.0,99.11,0.0
Negotiation_49,R4,2026-09-11T06:51:17.223216Z,flight_spawn,8,69,-20,1148,608,450,566,1248.83,699.31,699.63,system,NA,0.359,2.83,135.0,0.0,180.0,99.11,0.0
Negotiation_49,R4,2026-09-11T06:51:20.536635Z,human_signal,8,219,302,987,608,230,566,826.1,263.89,758.34,human,your_turn,0.242,2.33,89.9,0.0,180.0,76.24,180.0
Negotiation_49,R4,2026-09-11T06:51:20.537585Z,behavior_monitor,8,219,302,987,608,230,566,826.1,263.89,758.34,system,NA,0.242,2.33,89.9,0.0,180.0,48.21,174.07
Negotiation_49,R4,2026-09-11T06:51:20.538035Z,human_signal,8,219,304,987,608,230,566,825.75,261.59,758.34,human,your_turn,0.241,2.33,89.9,0.0,180.0,48.21,174.07
Negotiation_49,R4,2026-09-11T06:51:21.047331Z,behavior_monitor,8,232,369,987,608,209,566,791.77,198.12,778.68,system,NA,0.2,2.33,63.62,0.0,180.0,0.0,0.0
Negotiation_49,R4,2026-09-11T06:51:21.354432Z,agent_signal,8,259,399,987,608,233,566,756.7,168.92,755.26,agent,i_can,0.182,2.33,14.16,0.0,180.0,85.46,14.76
Negotiation_49,R4,2026-09-11T06:51:21.559178Z,behavior_monitor,8,287,405,987,608,253,566,728.76,163.99,735.17,system,NA,0.184,2.33,14.27,0.0,180.0,97.53,-11.05
Negotiation_49,R4,2026-09-11T06:51:22.069839Z,behavior_monitor,8,357,423,987,608,303,566,656.11,153.05,684.72,system,NA,0.189,2.33,14.27,0.0,180.0,99.11,0.0
Negotiation_49,R4,2026-09-11T06:51:22.578894Z,behavior_monitor,8,431,431,987,608,353,565,583.22,154.74,634.77,system,NA,0.21,2.33,6.52,0.0,180.0,99.11,0.0
Negotiation_49,R4,2026-09-11T06:51:23.088359Z,behavior_monitor,8,495,444,987,608,404,566,518.18,152.07,584.57,system,NA,0.227,2.33,18.18,0.0,180.0,99.11,0.0
Negotiation_49,R4,2026-09-11T06:51:23.598579Z,behavior_monitor,8,558,466,987,588,455,566,445.58,143.92,532.22,system,NA,0.244,2.33,18.18,129.41,-90.0,99.11,0.0
Negotiation_49,R4,2026-09-11T06:51:24.110498Z,behavior_monitor,8,626,478,1002,549,505,566,382.98,148.64,496.71,system,NA,0.28,2.33,42.03,44.43,0.0,99.11,0.0
Negotiation_49,R4,2026-09-11T06:51:24.620167Z,behavior_monitor,8,671,532,1023,494,555,566,354.03,120.62,473.17,system,NA,0.254,2.33,62.09,129.41,-90.0,99.11,0.0
Negotiation_49,R4,2026-09-11T06:51:25.131734Z,behavior_monitor,8,695,596,1023,486,606,592,345.97,89.06,430.21,system,NA,0.205,2.33,88.43,0.0,-90.0,169.61,54.25
Negotiation_49,R4,2026-09-11T06:51:25.642046Z,behavior_monitor,8,700,666,1023,486,656,660,369.6,43.96,405.62,system,NA,0.106,2.33,88.43,0.0,-90.0,169.61,54.25
Negotiation_49,R4,2026-09-11T06:51:25.743968Z,shot_hit,8,700,682,1023,486,668,676,377.59,32.54,402.46,agent,NA,0.079,2.33,88.43,0.0,-90.0,169.61,54.25
Negotiation_49,R4,2026-09-11T06:51:25.744553Z,flight_spawn,9,840,-20,1023,486,668,676,539.01,717.57,402.46,system,NA,0.571,2.86,134.27,0.0,-90.0,169.61,54.25
Negotiation_49,R4,2026-09-11T06:51:28.548290Z,agent_signal,9,1070,314,1059,437,857,566,124.15,329.9,238.99,agent,your_turn,0.727,2.86,8.07,149.18,-56.67,81.0,0.0
Negotiation_49,R4,2026-09-11T06:51:28.565072Z,behavior_monitor,9,1070,314,1059,437,858,566,124.15,329.27,238.17,system,NA,0.726,2.86,8.07,140.6,-56.72,57.18,0.0
Negotiation_49,R4,2026-09-11T06:51:29.075059Z,behavior_monitor,9,1139,347,1108,422,887,565,81.84,333.84,262.98,system,NA,0.803,2.86,32.84,134.99,24.88,57.18,0.0
Negotiation_49,R4,2026-09-11T06:51:29.569769Z,shot_miss,9,1190,412,1169,443,900,565,37.85,327.81,295.36,human,NA,0.896,2.86,55.0,131.02,15.5,0.0,0.0
Negotiation_49,R4,2026-09-11T06:51:29.586043Z,behavior_monitor,9,1191,414,1171,444,900,565,35.88,327.82,297.07,system,NA,0.901,2.86,55.0,130.9,15.31,0.0,0.0
Negotiation_49,R4,2026-09-11T06:51:29.927860Z,shot_hit,9,1223,461,1215,456,901,565,9.77,338.47,332.4,human,NA,0.972,2.86,55.0,133.74,14.62,0.0,-45.42
Negotiation_49,R4,2026-09-11T06:51:29.928369Z,flight_spawn,10,1334,-20,1215,456,901,565,490.76,728.02,332.4,system,NA,0.597,3.48,125.07,133.74,14.62,0.0,-45.42
Negotiation_49,R4,2026-09-11T06:51:33.567971Z,human_signal,10,780,425,995,427,887,564,215.49,175.81,174.77,human,your_turn,0.449,3.48,124.64,0.0,180.0,76.24,180.0
Negotiation_49,R4,2026-09-11T06:51:33.569048Z,behavior_monitor,10,780,425,995,427,887,564,215.49,175.81,174.77,system,NA,0.449,3.48,124.64,0.0,180.0,76.24,180.0
Negotiation_49,R4,2026-09-11T06:51:33.569543Z,human_signal,10,778,428,995,427,887,564,217.68,174.92,174.77,human,your_turn,0.446,3.48,124.64,0.0,180.0,76.24,180.0
Negotiation_49,R4,2026-09-11T06:51:33.840931Z,agent_signal,10,740,463,995,427,860,564,257.79,156.64,192.54,agent,i_can,0.378,3.48,172.2,0.0,180.0,99.11,180.0
Negotiation_49,R4,2026-09-11T06:51:34.078890Z,behavior_monitor,10,701,479,995,427,836,564,298.94,159.59,209.82,system,NA,0.348,3.48,177.43,0.0,180.0,99.11,180.0
Negotiation_49,R4,2026-09-11T06:51:34.591940Z,behavior_monitor,10,597,506,995,427,785,563,406.04,196.51,250.58,system,NA,0.326,3.48,157.4,0.0,180.0,99.11,180.0
Negotiation_49,R4,2026-09-11T06:51:35.101129Z,behavior_monitor,10,520,567,995,427,735,563,495.8,214.91,294.28,system,NA,0.302,3.48,154.19,0.0,180.0,93.6,180.0
Negotiation_49,R4,2026-09-11T06:51:35.612628Z,behavior_monitor,10,421,583,995,427,684,580,595.59,263.41,346.67,system,NA,0.307,3.48,179.93,0.0,180.0,99.11,180.0
Negotiation_49,R4,2026-09-11T06:51:36.123540Z,behavior_monitor,10,325,620,995,427,634,615,697.87,309.04,407.51,system,NA,0.307,3.48,141.21,0.0,180.0,169.61,125.75
Negotiation_49,R4,2026-09-11T06:51:36.633306Z,behavior_monitor,10,230,653,995,427,583,647,798.46,353.58,467.5,system,NA,0.307,3.48,164.65,0.0,180.0,99.11,180.0
Negotiation_49,R4,2026-09-11T06:51:37.143435Z,behavior_monitor,10,133,681,995,427,533,675,898.7,399.22,525.32,system,NA,0.308,3.48,150.28,0.0,180.0,99.11,180.0
Negotiation_49,R4,2026-09-11T06:51:37.652605Z,behavior_monitor,10,44,725,995,427,482,720,997.13,438.19,591.08,system,NA,0.305,3.48,122.42,0.0,180.0,169.61,125.75
Negotiation_49,R4,2026-09-11T06:51:38.162526Z,behavior_monitor,10,50,772,995,427,432,767,1006.24,381.54,658.0,system,NA,0.275,2.09,10.67,0.0,180.0,99.11,180.0
Negotiation_49,R4,2026-09-11T06:51:38.673179Z,behavior_monitor,10,103,800,995,427,381,795,967.53,278.61,715.79,system,NA,0.224,2.09,59.57,0.0,180.0,169.61,125.75
Negotiation_49,R4,2026-09-11T06:51:40.120135Z,shot_hit,10,225,913,995,427,235,909,911.5,11.68,899.99,agent,NA,0.013,2.09,13.98,0.0,180.0,169.61,125.75
Negotiation_49,R4,2026-09-11T06:51:40.120879Z,flight_spawn,11,1113,-20,995,427,235,909,462.71,1278.53,899.99,system,NA,0.734,2.9,133.58,0.0,180.0,169.61,125.75
Negotiation_49,R4,2026-09-11T06:51:45.369089Z,agent_signal,11,362,342,476,427,406,566,142.2,228.4,155.15,agent,your_turn,0.616,2.9,152.41,0.0,180.0,76.24,180.0
Negotiation_49,R4,2026-09-11T06:51:45.385848Z,behavior_monitor,11,362,342,476,427,405,566,142.2,228.21,155.59,system,NA,0.616,2.9,152.41,0.0,180.0,57.18,180.0
Negotiation_49,R4,2026-09-11T06:51:45.758980Z,human_signal,11,300,356,464,427,384,566,178.8,226.13,160.2,human,your_turn,0.558,2.9,178.57,0.0,180.0,60.75,180.0
Negotiation_49,R4,2026-09-11T06:51:45.759648Z,human_signal,11,298,356,464,427,384,566,181.01,226.98,160.2,human,your_turn,0.556,2.9,178.57,0.0,180.0,57.18,180.0
Negotiation_49,R4,2026-09-11T06:51:45.894957Z,behavior_monitor,11,277,356,464,427,370,566,199.99,229.35,167.34,system,NA,0.534,2.9,178.57,0.0,180.0,99.11,180.0
Negotiation_49,R4,2026-09-11T06:51:46.402653Z,behavior_monitor,11,187,377,464,427,320,566,281.47,230.48,200.04,system,NA,0.45,2.9,179.61,0.0,180.0,99.11,180.0
Negotiation_49,R4,2026-09-11T06:51:46.711962Z,agent_signal,11,134,396,464,427,290,566,331.42,230.3,222.88,agent,i_can,0.41,2.9,151.0,0.0,180.0,99.11,180.0
Negotiation_49,R4,2026-09-11T06:51:46.915415Z,behavior_monitor,11,105,411,464,427,269,566,359.31,225.47,239.03,system,NA,0.386,2.9,151.0,0.0,180.0,99.11,180.0
Negotiation_49,R4,2026-09-11T06:51:47.425450Z,behavior_monitor,11,39,469,464,427,219,566,427.24,204.22,281.72,system,NA,0.323,2.9,126.67,0.0,180.0,99.11,180.0
Negotiation_49,R4,2026-09-11T06:51:47.936523Z,behavior_monitor,11,29,545,464,427,169,565,451.03,141.27,326.35,system,NA,0.239,2.49,63.43,0.0,180.0,99.11,180.0
Negotiation_49,R4,2026-09-11T06:51:48.447762Z,behavior_monitor,11,55,612,464,427,118,608,449.22,63.49,390.35,system,NA,0.124,2.49,63.43,0.0,180.0,169.61,125.75
Negotiation_49,R4,2026-09-11T06:51:48.687058Z,shot_hit,11,71,645,464,427,93,640,449.46,21.98,428.38,agent,NA,0.047,2.49,63.43,0.0,180.0,169.61,125.75
Negotiation_49,R4,2026-09-11T06:51:48.688216Z,flight_spawn,12,1118,-20,464,427,93,640,791.96,1219.48,428.38,system,NA,0.606,3.25,52.03,0.0,180.0,169.61,125.75
Negotiation_49,R4,2026-09-11T06:51:50.526030Z,agent_signal,12,1057,310,610,448,211,566,467.19,883.52,416.35,agent,your_turn,0.654,3.25,125.96,126.98,0.0,76.24,0.0
Negotiation_49,R4,2026-09-11T06:51:50.543898Z,behavior_monitor,12,1057,310,610,448,212,566,467.19,882.59,415.42,system,NA,0.654,3.25,125.96,126.98,0.0,57.18,0.0
Negotiation_49,R4,2026-09-11T06:51:51.054164Z,behavior_monitor,12,1018,397,675,448,242,566,346.66,793.95,448.63,system,NA,0.696,3.25,100.76,127.22,0.0,84.07,-11.84
Negotiation_49,R4,2026-09-11T06:51:51.564631Z,behavior_monitor,12,1019,492,740,448,256,566,282.75,766.88,498.28,system,NA,0.731,3.25,83.39,127.22,0.0,0.0,0.0
Negotiation_49,R4,2026-09-11T06:51:52.074964Z,behavior_monitor,12,1007,588,805,448,255,566,245.76,752.1,562.23,system,NA,0.754,3.25,90.99,127.22,0.0,0.0,157.78
Negotiation_49,R4,2026-09-11T06:51:52.584055Z,behavior_monitor,12,984,681,832,450,293,618,276.45,693.72,564.5,system,NA,0.715,3.25,114.5,79.11,56.66,130.47,54.25
Negotiation_49,R4,2026-09-11T06:51:53.095580Z,behavior_monitor,12,949,770,835,472,332,672,319.14,624.62,542.07,system,NA,0.662,3.25,142.4,0.0,90.0,130.47,54.25
Negotiation_49,R4,2026-09-11T06:51:53.605866Z,behavior_monitor,12,865,808,835,472,371,726,337.41,500.8,529.76,system,NA,0.597,3.25,116.26,0.0,90.0,130.47,54.25
Negotiation_49,R4,2026-09-11T06:51:53.656936Z,human_signal,12,862,817,835,472,375,732,346.22,494.8,528.98,human,your_turn,0.588,3.25,93.83,0.0,90.0,130.47,54.25
Negotiation_49,R4,2026-09-11T06:51:53.658067Z,human_signal,12,862,820,835,472,375,732,349.44,495.2,528.98,human,your_turn,0.586,3.25,93.83,0.0,90.0,130.47,54.25
Negotiation_49,R4,2026-09-11T06:51:54.117039Z,behavior_monitor,12,876,901,835,472,420,795,431.24,468.13,526.23,system,NA,0.521,3.25,94.25,0.0,90.0,160.19,54.25
Negotiation_49,R4,2026-09-11T06:51:54.373806Z,flight_missed,12,872,953,835,472,447,833,482.58,441.96,530.46,system,NA,0.478,3.25,94.25,0.0,90.0,169.61,54.25
Negotiation_49,R4,2026-09-11T06:51:54.374901Z,flight_spawn,13,753,-20,835,472,447,833,499.23,907.06,530.46,system,NA,0.645,3.38,126.23,0.0,90.0,169.61,54.25
Negotiation_49,R4,2026-09-11T06:51:55.530445Z,human_signal,13,588,111,835,472,512,743,437.04,636.33,422.01,human,your_turn,0.593,3.38,177.36,0.0,90.0,130.47,-54.25
Negotiation_49,R4,2026-09-11T06:51:55.532438Z,behavior_monitor,13,588,111,835,472,512,743,437.04,636.33,422.01,system,NA,0.593,3.38,177.36,0.0,90.0,130.47,-54.25
Negotiation_49,R4,2026-09-11T06:51:55.532954Z,human_signal,13,585,112,835,472,512,743,438.98,635.75,422.01,human,your_turn,0.592,3.38,177.36,0.0,90.0,130.47,-54.25
Negotiation_49,R4,2026-09-11T06:51:56.040705Z,behavior_monitor,13,489,128,835,472,499,673,487.86,545.16,392.17,system,NA,0.528,3.38,178.31,0.0,90.0,169.61,-125.75
Negotiation_49,R4,2026-09-11T06:51:56.551323Z,behavior_monitor,13,398,163,835,472,448,603,535.4,442.32,408.4,system,NA,0.452,3.38,98.01,0.0,90.0,162.31,-120.68
Negotiation_49,R4,2026-09-11T06:51:57.061887Z,behavior_monitor,13,391,263,805,472,398,565,463.86,302.39,418.03,system,NA,0.395,3.38,74.99,129.41,180.0,99.11,180.0
Negotiation_49,R4,2026-09-11T06:51:57.570932Z,behavior_monitor,13,367,341,792,472,360,565,445.01,224.54,441.56,system,NA,0.335,3.38,178.67,0.0,180.0,99.11,180.0
Negotiation_49,R4,2026-09-11T06:51:57.776565Z,agent_signal,13,324,342,792,472,340,565,485.95,224.04,461.34,agent,i_can,0.316,3.38,178.67,0.0,180.0,99.11,180.0
Negotiation_49,R4,2026-09-11T06:51:58.084806Z,behavior_monitor,13,266,343,779,472,309,566,529.29,226.48,478.72,system,NA,0.3,3.38,178.67,129.41,180.0,99.11,180.0
Negotiation_49,R4,2026-09-11T06:51:58.595739Z,behavior_monitor,13,163,346,713,472,259,565,564.66,239.62,463.78,system,NA,0.298,3.38,178.67,127.86,180.0,99.11,180.0
Negotiation_49,R4,2026-09-11T06:51:59.106977Z,behavior_monitor,13,60,350,710,472,209,566,661.57,262.36,510.13,system,NA,0.284,3.38,160.82,0.0,180.0,99.11,180.0
Negotiation_49,R4,2026-09-11T06:51:59.446583Z,human_signal,13,26,393,710,472,175,566,688.44,228.27,543.2,human,your_turn,0.249,2.69,54.91,0.0,180.0,99.11,180.0
Negotiation_49,R4,2026-09-11T06:51:59.447690Z,human_signal,13,27,395,710,472,175,566,687.15,225.92,543.2,human,your_turn,0.247,2.69,54.91,0.0,180.0,99.11,180.0
Negotiation_49,R4,2026-09-11T06:51:59.616974Z,behavior_monitor,13,39,416,710,472,158,566,673.06,191.05,559.49,system,NA,0.221,2.69,75.28,0.0,180.0,99.11,180.0
Negotiation_49,R4,2026-09-11T06:52:00.126331Z,behavior_monitor,13,67,490,710,472,108,564,643.04,84.6,609.24,system,NA,0.116,2.69,55.14,0.0,180.0,91.45,-172.07
Negotiation_49,R4,2026-09-11T06:52:00.449013Z,shot_miss,13,97,534,710,472,77,564,616.24,35.87,639.23,agent,NA,0.055,2.69,77.46,0.0,180.0,0.0,180.0
Negotiation_49,R4,2026-09-11T06:52:00.634258Z,behavior_monitor,13,103,560,710,472,81,565,613.15,22.94,636.07,system,NA,0.036,2.69,77.46,0.0,180.0,99.11,0.0
Negotiation_49,R4,2026-09-11T06:52:00.787637Z,shot_hit,13,112,585,710,472,88,581,608.62,24.1,631.27,agent,NA,0.038,2.69,53.55,0.0,180.0,191.7,51.9
Negotiation_49,R4,2026-09-11T06:52:00.788546Z,flight_spawn,14,822,-20,710,472,88,581,504.94,948.38,631.27,system,NA,0.653,2.85,134.52,0.0,180.0,191.7,51.9
Negotiation_49,R4,2026-09-11T06:52:03.815727Z,agent_signal,14,795,364,716,472,287,565,134.29,547.08,439.24,agent,your_turn,0.803,2.85,26.05,117.11,0.0,81.0,0.0
Negotiation_49,R4,2026-09-11T06:52:03.832221Z,behavior_monitor,14,795,364,716,472,288,565,134.29,546.17,438.29,system,NA,0.803,2.85,26.05,110.22,0.0,57.18,0.0
Negotiation_49,R4,2026-09-11T06:52:04.342350Z,behavior_monitor,14,829,431,781,472,317,565,62.43,529.64,474.19,system,NA,0.895,2.85,83.95,129.41,0.0,57.18,0.0
Negotiation_49,R4,2026-09-11T06:52:04.444912Z,shot_miss,14,832,449,795,472,322,565,44.19,522.95,481.41,human,NA,0.922,2.85,83.95,129.41,0.0,57.18,0.0
Negotiation_49,R4,2026-09-11T06:52:04.695694Z,shot_hit,14,835,491,828,472,330,565,20.57,510.43,506.06,human,NA,0.961,2.85,83.95,137.5,0.0,0.0,0.0
Negotiation_49,R4,2026-09-11T06:52:04.696276Z,flight_spawn,15,1250,-20,828,472,330,565,648.99,1090.66,506.06,system,NA,0.627,3.59,56.16,137.5,0.0,0.0,0.0
Negotiation_49,R4,2026-09-11T06:52:06.442320Z,agent_signal,15,1342,335,1020,472,439,566,349.56,931.49,588.43,agent,your_turn,0.727,3.59,84.56,129.41,0.0,0.0,-4.56
Negotiation_49,R4,2026-09-11T06:52:06.459240Z,behavior_monitor,15,1342,335,1020,472,439,566,349.56,931.49,588.43,system,NA,0.727,3.59,84.56,129.41,0.0,0.0,-4.56
Negotiation_49,R4,2026-09-11T06:52:06.969445Z,behavior_monitor,15,1351,442,1086,472,457,565,266.93,902.44,635.63,system,NA,0.772,3.59,84.56,129.41,0.0,57.18,0.0
Negotiation_49,R4,2026-09-11T06:52:07.480816Z,behavior_monitor,15,1345,547,1152,472,471,565,206.68,873.87,687.5,system,NA,0.809,3.59,112.51,129.41,0.0,0.0,0.0
Negotiation_49,R4,2026-09-11T06:52:07.990664Z,behavior_monitor,15,1312,648,1218,473,471,564,198.62,845.74,752.73,system,NA,0.81,3.59,83.16,135.97,19.23,0.0,-97.67
Negotiation_49,R4,2026-09-11T06:52:08.506403Z,behavior_monitor,15,1331,755,1230,538,503,610,239.8,840.64,730.99,system,NA,0.778,3.59,83.16,137.5,90.0,133.59,60.73
Negotiation_49,R4,2026-09-11T06:52:09.015579Z,behavior_monitor,15,1349,862,1245,604,542,664,278.83,831.85,706.34,system,NA,0.749,3.59,83.16,133.88,75.15,130.47,54.25
Negotiation_49,R4,2026-09-11T06:52:09.441120Z,flight_missed,15,1360,955,1257,639,575,711,332.09,822.57,685.88,system,NA,0.712,3.59,83.16,0.0,58.37,130.47,54.25
Negotiation_49,R4,2026-09-11T06:52:09.442016Z,flight_spawn,16,188,-20,1257,639,575,711,1256.13,827.14,685.88,system,NA,0.397,2.83,45.0,0.0,58.37,130.47,54.25
Negotiation_49,R4,2026-09-11T06:52:13.452584Z,human_signal,16,742,313,955,471,601,565,265.9,288.95,366.73,human,your_turn,0.521,2.83,7.29,0.0,180.0,76.24,0.0
Negotiation_49,R4,2026-09-11T06:52:13.453872Z,behavior_monitor,16,742,313,955,471,601,565,265.9,288.95,366.73,system,NA,0.521,2.83,7.29,0.0,180.0,76.24,0.0
Negotiation_49,R4,2026-09-11T06:52:13.454346Z,human_signal,16,745,313,955,471,601,565,263.44,290.02,366.73,human,your_turn,0.524,2.83,7.29,0.0,180.0,76.24,0.0
Negotiation_49,R4,2026-09-11T06:52:13.963596Z,behavior_monitor,16,822,324,955,471,652,565,198.66,296.02,317.91,system,NA,0.598,2.83,7.29,0.0,180.0,99.11,0.0
Negotiation_49,R4,2026-09-11T06:52:14.099462Z,agent_signal,16,848,327,959,472,665,566,182.47,301.07,308.57,agent,your_turn,0.623,2.83,7.29,37.53,0.0,99.11,0.0
Negotiation_49,R4,2026-09-11T06:52:14.473712Z,behavior_monitor,16,904,340,1005,474,686,566,168.04,314.82,331.93,system,NA,0.652,2.83,4.05,129.41,0.0,57.18,0.0
Negotiation_49,R4,2026-09-11T06:52:14.983856Z,behavior_monitor,16,980,367,1071,474,708,565,141.01,336.25,373.92,system,NA,0.705,2.83,30.64,129.41,0.0,0.0,0.0
Negotiation_49,R4,2026-09-11T06:52:15.493050Z,behavior_monitor,16,1055,400,1134,485,708,565,115.83,384.03,432.94,system,NA,0.768,2.83,39.08,68.33,32.5,0.0,-49.37
Negotiation_49,R4,2026-09-11T06:52:15.867329Z,shot_miss,16,1108,432,1102,485,714,565,53.1,415.88,396.86,human,NA,0.887,2.83,18.34,0.0,180.0,76.24,0.0
Negotiation_49,R4,2026-09-11T06:52:16.003632Z,behavior_monitor,16,1129,439,1102,485,724,565,53.06,424.38,386.71,system,NA,0.889,2.83,18.34,0.0,180.0,76.24,0.0
Negotiation_49,R4,2026-09-11T06:52:16.156444Z,shot_miss,16,1151,451,1102,485,736,565,59.33,430.95,375.31,human,NA,0.879,2.83,38.64,0.0,180.0,76.24,0.0
Negotiation_49,R4,2026-09-11T06:52:16.515101Z,shot_miss,16,1205,478,1134,502,763,565,74.73,450.5,376.56,human,NA,0.858,2.83,16.02,132.37,27.05,76.24,0.0
Negotiation_49,R4,2026-09-11T06:52:16.516189Z,behavior_monitor,16,1205,478,1134,502,763,565,74.73,450.5,376.56,system,NA,0.858,2.83,16.02,125.05,26.99,72.0,0.0
Negotiation_49,R4,2026-09-11T06:52:17.027013Z,behavior_monitor,16,1287,503,1195,532,802,565,96.51,488.7,394.03,system,NA,0.835,2.83,0.04,132.56,26.06,76.24,0.0
Negotiation_49,R4,2026-09-11T06:52:17.536268Z,behavior_monitor,16,1366,513,1256,561,841,566,119.62,527.48,415.15,system,NA,0.815,2.83,51.02,132.1,23.51,76.24,0.0
Negotiation_49,R4,2026-09-11T06:52:18.045016Z,behavior_monitor,16,1402,588,1318,586,880,578,84.18,521.87,437.7,system,NA,0.861,2.83,82.7,130.75,21.81,130.47,54.25
Negotiation_49,R4,2026-09-11T06:52:18.199098Z,shot_miss,16,1405,613,1336,593,890,592,71.22,514.66,445.83,human,NA,0.878,2.83,82.7,130.75,21.81,130.47,54.25
Negotiation_49,R4,2026-09-11T06:52:18.386589Z,shot_miss,16,1408,644,1359,603,890,592,64.56,520.49,468.64,human,NA,0.89,2.83,82.7,130.75,21.81,0.0,54.25
Negotiation_49,R4,2026-09-11T06:52:18.556029Z,behavior_monitor,16,1412,672,1380,611,892,594,69.17,525.65,488.16,system,NA,0.884,2.83,82.7,131.86,22.99,130.47,54.25
Negotiation_49,R4,2026-09-11T06:52:19.065760Z,behavior_monitor,16,1440,748,1389,673,931,648,90.73,519.08,459.5,system,NA,0.851,2.83,78.54,133.65,75.52,130.47,54.25
Negotiation_49,R4,2026-09-11T06:52:20.529003Z,flight_missed,16,1435,953,1389,664,1043,805,292.6,418.7,372.94,system,NA,0.589,2.44,86.43,136.06,-107.98,118.69,49.83
Negotiation_49,R4,2026-09-11T06:52:20.529542Z,flight_spawn,17,685,-20,1389,664,1043,805,982.03,899.52,372.94,system,NA,0.478,2.83,135.0,136.06,-107.98,118.69,49.83
Negotiation_49,R4,2026-09-11T06:52:21.651247Z,human_signal,17,632,128,1347,562,993,735,836.48,705.96,393.73,human,your_turn,0.458,2.83,76.8,0.0,-124.02,130.47,-125.75
Negotiation_49,R4,2026-09-11T06:52:21.652256Z,behavior_monitor,17,632,128,1347,562,993,735,836.48,705.96,393.73,system,NA,0.458,2.83,76.8,0.0,-124.02,130.47,-125.75
Negotiation_49,R4,2026-09-11T06:52:21.652718Z,human_signal,17,632,131,1347,562,993,735,835.12,703.64,393.73,human,your_turn,0.457,2.83,76.8,0.0,-124.02,130.47,-125.75
Negotiation_49,R4,2026-09-11T06:52:22.161262Z,behavior_monitor,17,661,206,1347,562,942,664,772.24,537.23,417.61,system,NA,0.41,2.83,49.36,0.0,-124.02,169.61,-125.75
Negotiation_49,R4,2026-09-11T06:52:22.672340Z,behavior_monitor,17,710,275,1347,562,891,594,698.85,367.58,456.59,system,NA,0.345,2.83,93.43,0.0,-124.02,169.61,-125.75
Negotiation_49,R4,2026-09-11T06:52:22.877803Z,agent_signal,17,704,311,1347,562,871,566,690.2,305.51,475.31,agent,i_can,0.307,2.83,115.48,0.0,-124.02,169.61,-125.75
Negotiation_49,R4,2026-09-11T06:52:23.182470Z,behavior_monitor,17,682,354,1347,562,841,565,696.77,264.0,505.24,system,NA,0.275,2.83,86.13,0.0,-124.02,99.11,180.0
Negotiation_49,R4,2026-09-11T06:52:23.694849Z,behavior_monitor,17,671,433,1341,562,791,564,681.67,177.3,549.97,system,NA,0.206,2.83,71.89,104.66,180.0,99.11,180.0
Negotiation_49,R4,2026-09-11T06:52:24.203740Z,behavior_monitor,17,667,510,1275,562,740,564,610.38,90.8,534.71,system,NA,0.129,2.83,124.62,129.41,180.0,99.11,180.0
Negotiation_49,R4,2026-09-11T06:52:24.254817Z,human_signal,17,663,518,1268,562,735,564,606.89,85.47,533.17,human,your_turn,0.123,2.83,97.36,129.41,180.0,99.11,180.0
Negotiation_49,R4,2026-09-11T06:52:24.255225Z,human_signal,17,662,521,1266,562,735,564,605.09,84.51,530.97,human,your_turn,0.123,2.83,97.36,129.41,180.0,99.11,180.0
Negotiation_49,R4,2026-09-11T06:52:24.646326Z,shot_miss,17,653,585,1237,562,695,577,585.03,42.99,542.48,agent,NA,0.068,2.83,97.36,0.0,180.0,169.61,125.75
Negotiation_49,R4,2026-09-11T06:52:24.714011Z,behavior_monitor,17,652,593,1237,562,690,585,585.88,38.77,547.77,system,NA,0.062,2.83,97.36,0.0,180.0,169.61,125.75
Negotiation_49,R4,2026-09-11T06:52:25.003659Z,shot_hit,17,636,639,1210,561,659,626,579.95,26.74,554.98,agent,NA,0.044,2.83,144.43,129.41,180.0,169.61,125.75
Negotiation_49,R4,2026-09-11T06:52:25.004592Z,flight_spawn,18,619,-20,1210,561,659,626,829.06,648.02,554.98,system,NA,0.439,3.38,53.68,129.41,180.0,169.61,125.75
Negotiation_49,R4,2026-09-11T06:52:26.873817Z,agent_signal,18,648,310,1087,535,612,565,492.95,257.59,476.24,agent,i_can,0.343,3.38,90.46,0.0,-163.04,76.24,0.0
Negotiation_49,R4,2026-09-11T06:52:26.889903Z,behavior_monitor,18,648,310,1087,535,613,565,492.95,257.35,474.56,system,NA,0.343,3.38,90.46,0.0,-163.04,99.11,0.0
Negotiation_49,R4,2026-09-11T06:52:27.401864Z,behavior_monitor,18,609,404,1127,535,593,565,533.94,162.35,534.69,system,NA,0.233,3.38,113.9,60.12,0.0,99.11,180.0
Negotiation_49,R4,2026-09-11T06:52:27.689898Z,human_signal,18,610,460,1135,535,588,566,529.82,108.47,547.36,human,your_turn,0.17,3.38,68.48,0.0,0.0,0.0,57.91
Negotiation_49,R4,2026-09-11T06:52:27.690622Z,human_signal,18,611,463,1135,535,588,566,528.66,105.55,547.36,human,your_turn,0.166,3.38,68.48,0.0,0.0,0.0,57.91
Negotiation_49,R4,2026-09-11T06:52:27.911412Z,behavior_monitor,18,623,500,1135,535,599,566,513.17,69.8,536.78,system,NA,0.12,3.38,68.48,0.0,0.0,0.0,0.0
Negotiation_49,R4,2026-09-11T06:52:28.012978Z,human_signal,18,630,519,1135,535,607,566,505.11,51.91,528.37,human,your_turn,0.093,3.38,68.48,0.0,0.0,99.11,0.0
Negotiation_49,R4,2026-09-11T06:52:28.013703Z,human_signal,18,630,522,1135,535,607,566,504.48,49.36,528.37,human,your_turn,0.089,3.38,92.59,0.0,0.0,99.11,0.0
Negotiation_49,R4,2026-09-11T06:52:28.165654Z,shot_hit,18,631,553,1135,535,607,566,504.38,26.7,528.28,agent,NA,0.05,3.38,92.59,0.0,0.0,14.62,-73.35
Negotiation_49,R4,2026-09-11T06:52:28.166167Z,flight_spawn,19,237,-20,1135,535,607,566,1055.19,693.26,528.28,system,NA,0.397,2.98,132.13,0.0,0.0,14.62,-73.35
Negotiation_49,R4,2026-09-11T06:52:28.369384Z,human_signal,19,214,4,1135,535,607,566,1062.68,685.88,528.28,human,your_turn,0.392,2.98,132.13,0.0,0.0,0.0,-73.35
Negotiation_49,R4,2026-09-11T06:52:28.370462Z,human_signal,19,212,6,1135,535,607,566,1063.19,685.14,528.28,human,your_turn,0.392,2.98,132.13,0.0,0.0,0.0,-73.35
Negotiation_49,R4,2026-09-11T06:52:28.420739Z,behavior_monitor,19,208,10,1135,535,607,566,1064.71,684.02,528.28,system,NA,0.391,2.98,132.13,0.0,0.0,0.0,-73.35
Negotiation_49,R4,2026-09-11T06:52:28.931414Z,behavior_monitor,19,195,89,1118,535,569,566,1024.93,606.22,550.03,system,NA,0.372,2.98,74.27,129.41,180.0,99.11,180.0
Negotiation_49,R4,2026-09-11T06:52:29.441999Z,behavior_monitor,19,240,163,1052,535,518,566,892.62,489.44,534.48,system,NA,0.354,2.98,44.23,129.41,180.0,99.11,180.0
Negotiation_49,R4,2026-09-11T06:52:29.951817Z,behavior_monitor,19,298,230,986,535,467,566,752.56,376.02,519.52,system,NA,0.333,2.98,69.79,129.41,180.0,99.11,180.0
Negotiation_49,R4,2026-09-11T06:52:30.392144Z,human_signal,19,322,303,929,535,423,566,649.45,281.9,506.5,human,your_turn,0.303,2.98,69.79,129.41,180.0,120.19,172.3
Negotiation_49,R4,2026-09-11T06:52:30.392885Z,human_signal,19,323,305,926,535,423,566,645.65,279.0,504.3,human,your_turn,0.302,2.98,69.79,129.41,180.0,99.11,180.0
Negotiation_49,R4,2026-09-11T06:52:30.459939Z,behavior_monitor,19,326,314,920,535,416,566,633.86,267.79,504.44,system,NA,0.297,2.98,69.79,129.41,180.0,99.11,180.0
Negotiation_49,R4,2026-09-11T06:52:30.699735Z,agent_signal,19,350,349,896,535,393,566,576.94,221.13,504.56,agent,i_can,0.277,2.98,49.29,0.0,180.0,99.11,180.0
Negotiation_49,R4,2026-09-11T06:52:30.973898Z,behavior_monitor,19,380,383,896,535,366,566,538.3,183.62,531.46,system,NA,0.254,2.98,49.29,0.0,180.0,99.11,180.0
Negotiation_49,R4,2026-09-11T06:52:31.484019Z,behavior_monitor,19,439,442,896,535,405,566,465.97,127.86,492.11,system,NA,0.215,2.98,2.78,0.0,180.0,99.11,0.0
Negotiation_49,R4,2026-09-11T06:52:31.995963Z,behavior_monitor,19,523,454,896,535,456,566,382.27,130.39,441.62,system,NA,0.254,2.98,2.34,0.0,180.0,99.11,0.0
Negotiation_49,R4,2026-09-11T06:52:32.505656Z,behavior_monitor,19,611,478,957,535,506,566,351.17,136.61,452.22,system,NA,0.28,2.98,19.95,129.41,0.0,99.11,0.0
Negotiation_49,R4,2026-09-11T06:52:33.013423Z,behavior_monitor,19,694,502,1023,535,556,566,330.79,151.63,467.64,system,NA,0.314,2.98,45.87,129.41,0.0,99.11,0.0
Negotiation_49,R4,2026-09-11T06:52:33.522124Z,behavior_monitor,19,767,540,999,545,607,566,231.86,162.41,392.73,system,NA,0.412,2.98,39.62,135.78,131.06,99.11,0.0
Negotiation_49,R4,2026-09-11T06:52:34.031224Z,behavior_monitor,19,833,597,954,601,657,592,121.19,176.01,297.2,system,NA,0.592,2.98,39.62,142.55,132.92,169.61,54.25
Negotiation_49,R4,2026-09-11T06:52:34.286336Z,shot_miss,19,875,610,929,627,682,604,56.88,193.02,248.09,human,NA,0.772,2.98,14.45,141.97,132.56,76.08,12.3
Negotiation_49,R4,2026-09-11T06:52:34.456836Z,shot_hit,19,905,618,913,645,699,613,27.98,205.94,215.96,human,NA,0.88,2.98,38.62,141.68,132.23,99.11,0.0
Negotiation_49,R4,2026-09-11T06:52:34.457811Z,flight_spawn,20,758,-20,913,645,699,613,683.32,636.7,215.96,system,NA,0.482,2.9,46.45,141.68,132.23,99.11,0.0
Negotiation_49,R4,2026-09-11T06:52:41.158289Z,agent_signal,20,1388,609,1321,748,1182,594,155.1,207.3,207.62,agent,your_turn,0.572,2.27,97.57,0.0,180.0,130.47,54.25
Negotiation_49,R4,2026-09-11T06:52:41.175228Z,behavior_monitor,20,1388,609,1321,748,1183,596,155.1,206.24,205.97,system,NA,0.571,2.27,97.57,0.0,180.0,97.85,54.25
Negotiation_49,R4,2026-09-11T06:52:41.683383Z,behavior_monitor,20,1354,666,1366,748,1212,636,83.19,144.69,190.28,system,NA,0.635,2.27,126.56,34.59,0.0,97.85,54.25
Negotiation_49,R4,2026-09-11T06:52:42.189153Z,behavior_monitor,20,1326,726,1348,748,1226,655,30.86,122.82,153.2,system,NA,0.799,2.27,129.78,129.41,180.0,0.0,54.25
Negotiation_49,R4,2026-09-11T06:52:42.274066Z,shot_hit,20,1318,735,1338,748,1226,655,24.2,121.27,145.34,human,NA,0.834,2.27,129.78,101.58,180.0,0.0,54.25
Negotiation_49,R5,2026-09-11T06:53:27.980643Z,flight_spawn,1,855,-20,1338,748,1226,655,907.43,770.65,145.34,system,NA,0.459,2.83,135.0,0.0,180.0,0.0,54.25
Negotiation_49,R5,2026-09-11T06:53:34.208064Z,agent_signal,1,747,307,1051,765,580,566,550.12,307.78,511.6,agent,i_can,0.359,2.83,13.78,123.63,180.0,76.24,0.0
Negotiation_49,R5,2026-09-11T06:53:34.225387Z,behavior_monitor,1,747,307,1051,765,582,566,550.12,306.87,510.05,system,NA,0.358,2.83,13.78,129.41,180.0,99.11,0.0
Negotiation_49,R5,2026-09-11T06:53:34.738836Z,behavior_monitor,1,825,339,1001,765,633,566,461.51,297.52,418.57,system,NA,0.392,2.83,15.84,0.0,180.0,99.11,0.0
Negotiation_49,R5,2026-09-11T06:53:35.249804Z,behavior_monitor,1,910,360,978,757,683,566,402.8,306.61,350.58,system,NA,0.432,2.83,12.02,0.0,-143.59,99.11,0.0
Negotiation_49,R5,2026-09-11T06:53:35.760537Z,behavior_monitor,1,984,387,1033,723,734,566,339.62,307.39,337.61,system,NA,0.475,2.83,39.0,144.75,-42.05,99.11,0.0
Negotiation_49,R5,2026-09-11T06:53:36.270489Z,behavior_monitor,1,1065,413,1089,675,785,566,262.9,318.9,322.59,system,NA,0.548,2.83,11.56,144.22,-39.89,83.46,-4.99
Negotiation_49,R5,2026-09-11T06:53:36.783354Z,behavior_monitor,1,1147,431,1146,629,836,566,198.19,339.27,316.97,system,NA,0.631,2.83,13.7,144.0,-37.51,99.11,0.0
Negotiation_49,R5,2026-09-11T06:53:37.292965Z,behavior_monitor,1,1216,473,1205,585,886,566,112.78,343.3,319.95,system,NA,0.753,2.83,40.17,144.29,-35.69,99.11,0.0
Negotiation_49,R5,2026-09-11T06:53:37.462994Z,shot_miss,1,1241,491,1225,571,903,566,81.32,346.53,322.52,human,NA,0.81,2.83,40.17,144.21,-35.39,99.11,0.0
Negotiation_49,R5,2026-09-11T06:53:37.615964Z,shot_miss,1,1259,508,1243,558,918,566,53.12,346.18,325.4,human,NA,0.867,2.83,40.17,143.54,-35.01,99.11,0.0
Negotiation_49,R5,2026-09-11T06:53:37.802951Z,shot_hit,1,1285,528,1265,543,937,566,24.82,350.43,329.64,human,NA,0.934,2.83,40.17,143.25,-34.55,99.11,0.0
Negotiation_49,R5,2026-09-11T06:53:37.803590Z,flight_spawn,2,830,-20,1265,543,937,566,712.35,596.19,329.64,system,NA,0.456,3.48,54.88,143.25,-34.55,99.11,0.0
Negotiation_49,R5,2026-09-11T06:53:40.920327Z,shot_miss,2,1274,390,1292,437,1077,566,50.22,263.53,250.54,human,NA,0.84,3.48,59.13,143.36,-33.69,76.24,0.0
Negotiation_49,R5,2026-09-11T06:53:40.921513Z,agent_signal,2,1276,393,1294,436,1077,566,46.06,263.38,252.97,agent,your_turn,0.851,3.48,59.13,143.36,-33.69,54.13,-13.38
Negotiation_49,R5,2026-09-11T06:53:40.936895Z,behavior_monitor,2,1276,393,1294,436,1078,566,46.06,262.65,252.14,system,NA,0.851,3.48,59.13,143.14,-33.56,57.18,0.0
Negotiation_49,R5,2026-09-11T06:53:41.191108Z,shot_hit,2,1309,431,1310,425,1093,565,5.65,253.81,257.4,human,NA,0.978,3.48,31.69,0.0,-36.38,57.18,0.0
Negotiation_49,R5,2026-09-11T06:53:41.192125Z,flight_spawn,3,590,-20,1310,425,1093,565,846.32,772.01,257.4,system,NA,0.477,2.83,135.0,0.0,-36.38,57.18,0.0
Negotiation_49,R5,2026-09-11T06:53:42.945716Z,human_signal,3,325,73,1276,425,1014,565,1014.09,847.04,296.67,human,your_turn,0.455,2.83,104.72,0.0,180.0,76.24,180.0
Negotiation_49,R5,2026-09-11T06:53:42.946694Z,behavior_monitor,3,325,73,1276,425,1014,565,1014.09,847.04,296.67,system,NA,0.455,2.83,104.72,0.0,180.0,76.24,180.0
Negotiation_49,R5,2026-09-11T06:53:42.947151Z,human_signal,3,324,76,1276,425,1014,565,1013.85,846.07,296.67,human,your_turn,0.455,2.83,104.72,0.0,180.0,76.24,180.0
Negotiation_49,R5,2026-09-11T06:53:43.457316Z,behavior_monitor,3,278,140,1276,425,964,566,1038.08,808.39,341.62,system,NA,0.438,2.83,127.11,0.0,180.0,99.11,180.0
Negotiation_49,R5,2026-09-11T06:53:43.966464Z,behavior_monitor,3,224,207,1276,425,914,566,1074.08,777.34,388.24,system,NA,0.42,2.83,127.11,0.0,180.0,99.11,180.0
Negotiation_49,R5,2026-09-11T06:53:44.476355Z,behavior_monitor,3,147,237,1276,425,863,567,1144.42,788.25,436.3,system,NA,0.408,2.83,155.31,0.0,180.0,99.11,180.0
Negotiation_49,R5,2026-09-11T06:53:44.986105Z,behavior_monitor,3,68,268,1276,425,812,565,1218.0,800.97,484.2,system,NA,0.397,2.83,177.64,0.0,180.0,99.11,180.0
Negotiation_49,R5,2026-09-11T06:53:45.497947Z,behavior_monitor,3,38,299,1276,425,761,565,1244.36,770.85,532.81,system,NA,0.383,2.06,45.26,0.0,180.0,99.11,180.0
Negotiation_49,R5,2026-09-11T06:53:45.650033Z,human_signal,3,49,312,1276,425,746,565,1231.77,741.12,547.67,human,your_turn,0.376,2.06,45.26,0.0,180.0,99.11,180.0
Negotiation_49,R5,2026-09-11T06:53:45.651267Z,human_signal,3,51,314,1276,425,746,565,1230.07,739.15,547.67,human,your_turn,0.375,2.06,45.26,0.0,180.0,99.11,180.0
Negotiation_49,R5,2026-09-11T06:53:45.735579Z,agent_signal,3,57,322,1276,425,738,565,1223.36,722.66,555.83,agent,i_can,0.371,2.06,68.34,0.0,180.0,99.11,180.0
Negotiation_49,R5,2026-09-11T06:53:46.007020Z,behavior_monitor,3,68,351,1276,425,711,565,1210.44,677.56,581.97,system,NA,0.359,2.06,68.34,0.0,180.0,99.11,180.0
Negotiation_49,R5,2026-09-11T06:53:46.518335Z,behavior_monitor,3,109,388,1274,425,660,565,1164.95,578.45,629.08,system,NA,0.332,2.06,12.92,48.0,180.0,99.11,180.0
Negotiation_49,R5,2026-09-11T06:53:47.029348Z,behavior_monitor,3,173,403,1211,445,610,565,1039.1,466.29,612.7,system,NA,0.31,2.06,14.13,136.92,160.93,99.11,180.0
Negotiation_49,R5,2026-09-11T06:53:47.536285Z,behavior_monitor,3,230,418,1182,457,560,565,952.42,360.96,631.33,system,NA,0.275,2.06,14.29,141.97,158.96,105.3,180.0
Negotiation_49,R5,2026-09-11T06:53:48.046719Z,behavior_monitor,3,287,445,1117,483,510,567,831.25,254.29,612.67,system,NA,0.234,2.06,37.67,136.84,157.9,99.11,180.0
Negotiation_49,R5,2026-09-11T06:53:48.557680Z,behavior_monitor,3,340,480,1053,509,460,566,712.87,147.71,595.5,system,NA,0.172,2.06,32.42,136.41,158.35,99.11,180.0
Negotiation_49,R5,2026-09-11T06:53:49.067400Z,behavior_monitor,3,381,525,1023,522,409,566,642.25,50.45,615.24,system,NA,0.073,2.06,53.37,0.0,135.75,99.11,180.0
Negotiation_49,R5,2026-09-11T06:53:49.289611Z,shot_hit,3,398,548,996,524,386,566,598.89,21.82,611.63,agent,NA,0.035,2.06,53.37,134.26,164.56,99.11,180.0
Negotiation_49,R5,2026-09-11T06:53:49.290613Z,flight_spawn,4,548,-20,996,524,386,566,705.38,608.84,611.63,system,NA,0.463,2.91,46.66,134.26,164.56,99.11,180.0
Negotiation_49,R5,2026-09-11T06:53:51.792421Z,agent_signal,4,601,383,1052,527,552,565,473.41,188.72,501.19,agent,i_can,0.285,2.91,51.63,0.0,0.0,76.24,0.0
Negotiation_49,R5,2026-09-11T06:53:51.809477Z,human_signal,4,601,383,1052,527,554,565,473.41,188.29,499.51,human,your_turn,0.285,2.91,51.63,0.0,0.0,76.24,0.0
Negotiation_49,R5,2026-09-11T06:53:51.810165Z,behavior_monitor,4,601,383,1052,527,554,565,473.41,188.29,499.51,system,NA,0.285,2.91,51.63,65.25,0.0,99.11,0.0
Negotiation_49,R5,2026-09-11T06:53:51.810524Z,human_signal,4,603,385,1054,527,554,565,472.76,186.64,501.7,human,your_turn,0.283,2.91,51.63,65.25,0.0,99.11,0.0
Negotiation_49,R5,2026-09-11T06:53:52.151243Z,human_signal,4,646,422,1081,534,588,565,449.59,154.22,494.32,human,your_turn,0.255,2.91,25.66,0.0,0.0,99.11,0.0
Negotiation_49,R5,2026-09-11T06:53:52.152143Z,human_signal,4,648,424,1081,534,588,565,446.49,154.17,494.32,human,your_turn,0.257,2.91,25.66,0.0,0.0,99.11,0.0
Negotiation_49,R5,2026-09-11T06:53:52.321389Z,behavior_monitor,4,671,435,1089,537,604,565,431.2,145.89,486.03,system,NA,0.253,2.91,25.66,132.97,18.28,99.11,0.0
Negotiation_49,R5,2026-09-11T06:53:52.457483Z,human_signal,4,687,451,1107,543,618,565,429.49,133.41,489.43,human,your_turn,0.237,2.91,73.09,132.97,18.28,99.11,0.0
Negotiation_49,R5,2026-09-11T06:53:52.458518Z,human_signal,4,688,454,1109,544,618,565,430.32,131.49,491.55,human,your_turn,0.234,2.91,73.09,132.97,18.28,99.11,0.0
Negotiation_49,R5,2026-09-11T06:53:52.745899Z,human_signal,4,727,476,1143,555,646,565,423.98,120.27,497.34,human,your_turn,0.221,2.91,28.06,132.97,18.28,99.11,0.0
Negotiation_49,R5,2026-09-11T06:53:52.747049Z,human_signal,4,730,477,1145,556,646,565,422.87,121.41,499.47,human,your_turn,0.223,2.91,28.06,132.97,18.28,99.11,0.0
Negotiation_49,R5,2026-09-11T06:53:52.830951Z,behavior_monitor,4,738,485,1154,559,654,565,421.87,115.95,499.59,system,NA,0.216,2.91,49.01,132.97,18.28,99.11,0.0
Negotiation_49,R5,2026-09-11T06:53:53.342804Z,behavior_monitor,4,808,531,1197,573,704,565,390.6,109.57,492.39,system,NA,0.219,2.91,23.9,0.0,43.22,71.87,11.45
Negotiation_49,R5,2026-09-11T06:53:53.852030Z,behavior_monitor,4,885,570,1188,601,754,565,304.13,131.15,435.07,system,NA,0.301,2.91,51.86,140.99,116.11,99.11,0.0
Negotiation_49,R5,2026-09-11T06:53:54.363426Z,behavior_monitor,4,949,624,1155,665,805,618,210.48,143.83,353.27,system,NA,0.406,2.91,28.83,142.08,117.55,99.11,0.0
Negotiation_49,R5,2026-09-11T06:53:54.872402Z,behavior_monitor,4,1029,668,1121,727,855,663,109.28,173.43,272.99,system,NA,0.613,2.91,29.59,142.22,119.74,169.61,54.25
Negotiation_49,R5,2026-09-11T06:53:55.246896Z,human_signal,4,1074,708,1105,746,892,700,49.97,182.03,218.16,human,your_turn,0.785,2.91,83.22,0.0,180.0,169.61,54.25
Negotiation_49,R5,2026-09-11T06:53:55.247682Z,human_signal,4,1074,710,1105,746,892,700,47.47,182.59,218.16,human,your_turn,0.794,2.91,83.22,0.0,180.0,159.61,55.83
Negotiation_49,R5,2026-09-11T06:53:55.333810Z,human_signal,4,1076,725,1105,744,901,712,35.12,176.12,207.36,human,i_can,0.834,2.91,83.22,42.51,-90.0,169.61,54.25
Negotiation_49,R5,2026-09-11T06:53:55.383737Z,behavior_monitor,4,1076,731,1105,741,903,716,31.46,172.8,203.43,system,NA,0.846,2.91,83.22,129.41,-90.0,97.85,54.25
Negotiation_49,R5,2026-09-11T06:53:55.554041Z,human_signal,4,1087,757,1100,720,913,730,39.0,176.41,186.92,human,your_turn,0.819,2.91,58.13,143.39,-118.84,97.85,54.25
Negotiation_49,R5,2026-09-11T06:53:55.555257Z,human_signal,4,1090,759,1099,718,913,730,41.98,178.98,185.78,human,your_turn,0.81,2.91,58.13,119.7,-126.32,97.85,54.25
Negotiation_49,R5,2026-09-11T06:53:55.758695Z,shot_miss,4,1107,786,1094,716,933,758,71.19,175.69,166.28,human,NA,0.712,2.91,58.13,0.0,180.0,169.61,54.25
Negotiation_49,R5,2026-09-11T06:53:55.894879Z,behavior_monitor,4,1118,806,1094,716,947,777,93.0,173.85,159.58,system,NA,0.651,2.91,58.13,0.0,180.0,169.61,54.25
Negotiation_49,R5,2026-09-11T06:53:55.928753Z,agent_signal,4,1123,814,1094,716,950,782,101.39,175.55,158.35,agent,your_turn,0.634,2.91,58.13,0.0,180.0,169.61,54.25
Negotiation_49,R5,2026-09-11T06:53:56.405101Z,behavior_monitor,4,1170,875,1094,716,977,819,175.54,200.02,155.99,system,NA,0.533,2.91,57.95,0.0,180.0,97.85,54.25
Negotiation_49,R5,2026-09-11T06:53:56.916217Z,behavior_monitor,4,1254,894,1094,716,994,842,238.89,265.72,161.0,system,NA,0.527,2.91,8.97,0.0,180.0,0.0,-139.07
Negotiation_49,R5,2026-09-11T06:53:57.427087Z,behavior_monitor,4,1339,917,1094,716,994,842,316.68,353.67,161.0,system,NA,0.528,2.91,37.2,0.0,180.0,0.0,-139.07
Negotiation_49,R5,2026-09-11T06:53:57.733133Z,flight_missed,4,1380,953,1121,728,1003,855,343.06,389.73,173.7,system,NA,0.532,2.91,85.97,122.54,23.8,130.47,54.25
Negotiation_49,R5,2026-09-11T06:53:57.734227Z,flight_spawn,5,77,-20,1121,728,1003,855,1284.73,1274.08,173.7,system,NA,0.498,2.83,135.0,122.54,23.8,130.47,54.25
Negotiation_49,R5,2026-09-11T06:53:59.806180Z,human_signal,5,60,230,1142,757,894,703,1203.77,958.82,254.04,human,your_turn,0.443,2.36,106.82,0.0,180.0,130.47,-125.75
Negotiation_49,R5,2026-09-11T06:53:59.807092Z,behavior_monitor,5,60,230,1142,757,894,703,1203.77,958.82,254.04,system,NA,0.443,2.36,106.82,0.0,180.0,130.47,-125.75
Negotiation_49,R5,2026-09-11T06:53:59.807549Z,human_signal,5,59,232,1142,757,894,703,1203.72,958.61,254.04,human,your_turn,0.443,2.36,106.82,0.0,180.0,130.47,-125.75
Negotiation_49,R5,2026-09-11T06:54:00.318244Z,behavior_monitor,5,20,289,1142,757,843,633,1215.79,891.97,323.82,system,NA,0.423,2.36,136.32,0.0,180.0,169.61,-125.75
Negotiation_49,R5,2026-09-11T06:54:00.505238Z,agent_signal,5,30,308,1142,757,825,608,1199.46,849.74,350.52,agent,i_can,0.415,1.92,57.86,0.0,180.0,169.61,-125.75
Negotiation_49,R5,2026-09-11T06:54:00.828048Z,behavior_monitor,5,61,326,1142,757,793,566,1164.09,770.47,398.19,system,NA,0.398,1.92,29.5,0.0,180.0,99.11,180.0
Negotiation_49,R5,2026-09-11T06:54:01.339834Z,behavior_monitor,5,100,369,1142,757,743,566,1111.7,671.56,443.16,system,NA,0.377,1.92,51.08,0.0,180.0,99.11,180.0
Negotiation_49,R5,2026-09-11T06:54:01.819118Z,human_signal,5,115,418,1142,757,695,566,1081.64,598.81,486.12,human,your_turn,0.356,1.92,82.54,0.0,180.0,99.11,180.0
Negotiation_49,R5,2026-09-11T06:54:01.819903Z,human_signal,5,115,420,1142,757,695,566,1080.8,598.1,486.12,human,your_turn,0.356,1.92,82.54,0.0,180.0,99.11,180.0
Negotiation_49,R5,2026-09-11T06:54:01.852861Z,behavior_monitor,5,116,422,1142,757,692,566,1079.26,593.4,489.22,system,NA,0.355,1.92,82.54,0.0,180.0,99.11,180.0
Negotiation_49,R5,2026-09-11T06:54:02.363013Z,behavior_monitor,5,117,479,1142,757,642,566,1062.14,531.57,535.82,system,NA,0.334,1.92,78.06,0.0,180.0,99.11,180.0
Negotiation_49,R5,2026-09-11T06:54:02.872454Z,behavior_monitor,5,113,536,1111,767,591,567,1024.3,479.63,556.5,system,NA,0.319,1.92,98.32,136.79,159.85,99.11,180.0
Negotiation_49,R5,2026-09-11T06:54:03.385368Z,behavior_monitor,5,134,582,1100,773,541,578,985.45,407.22,592.56,system,NA,0.292,1.92,9.21,54.74,131.49,169.61,125.75
Negotiation_49,R5,2026-09-11T06:54:03.893321Z,behavior_monitor,5,191,591,1044,816,491,586,881.76,300.09,598.56,system,NA,0.254,1.92,9.21,140.81,143.03,76.43,167.14
Negotiation_49,R5,2026-09-11T06:54:04.403149Z,behavior_monitor,5,251,603,985,855,441,597,775.93,189.89,601.97,system,NA,0.197,1.92,18.04,138.43,149.11,99.11,180.0
Negotiation_49,R5,2026-09-11T06:54:04.905768Z,behavior_monitor,5,307,623,924,891,390,619,672.5,83.04,599.58,system,NA,0.11,1.92,19.67,138.27,149.35,99.11,180.0
Negotiation_49,R5,2026-09-11T06:54:05.230497Z,shot_hit,5,345,636,884,910,356,632,604.35,12.4,595.89,agent,NA,0.02,1.92,19.67,118.96,180.0,99.11,180.0
Negotiation_49,R5,2026-09-11T06:54:05.231397Z,flight_spawn,6,1100,-20,884,910,356,632,954.75,989.23,595.89,system,NA,0.509,2.97,47.62,118.96,180.0,99.11,180.0
Negotiation_49,R5,2026-09-11T06:54:08.528902Z,agent_signal,6,1390,411,1222,844,556,565,465.04,848.48,721.81,agent,your_turn,0.646,2.97,54.96,134.84,-16.31,76.24,0.0
Negotiation_49,R5,2026-09-11T06:54:08.546130Z,behavior_monitor,6,1390,411,1222,844,557,565,465.04,847.52,720.91,system,NA,0.646,2.97,54.96,134.84,-16.31,57.18,0.0
Negotiation_49,R5,2026-09-11T06:54:09.058088Z,behavior_monitor,6,1416,490,1288,825,586,565,358.54,833.86,748.63,system,NA,0.699,2.97,105.35,143.42,-16.53,60.75,0.0
Negotiation_49,R5,2026-09-11T06:54:09.569404Z,behavior_monitor,6,1391,576,1354,805,598,565,232.08,792.48,792.71,system,NA,0.773,2.97,105.35,135.38,-17.09,0.0,-78.99
Negotiation_49,R5,2026-09-11T06:54:10.079383Z,behavior_monitor,6,1368,661,1374,796,599,565,134.8,775.71,809.17,system,NA,0.852,2.97,128.36,51.53,180.0,0.0,21.28
Negotiation_49,R5,2026-09-11T06:54:10.520663Z,shot_miss,6,1338,730,1334,796,629,607,65.4,720.04,730.29,human,NA,0.917,2.97,109.08,129.41,180.0,130.47,54.25
Negotiation_49,R5,2026-09-11T06:54:10.589195Z,behavior_monitor,6,1335,742,1327,796,634,614,54.44,713.02,716.25,system,NA,0.929,2.97,86.87,91.21,180.0,130.47,54.25
Negotiation_49,R5,2026-09-11T06:54:10.708404Z,shot_miss,6,1337,762,1319,796,643,627,37.93,707.26,696.79,human,NA,0.949,2.97,63.5,51.28,180.0,130.47,54.25
Negotiation_49,R5,2026-09-11T06:54:10.911172Z,shot_miss,6,1352,794,1314,796,658,649,37.57,708.31,671.93,human,NA,0.95,2.97,63.5,50.12,180.0,130.47,54.25
Negotiation_49,R5,2026-09-11T06:54:11.098092Z,shot_miss,6,1374,815,1314,796,672,669,63.26,716.98,654.09,human,NA,0.919,2.97,14.25,0.0,180.0,130.47,54.25
Negotiation_49,R5,2026-09-11T06:54:11.098653Z,behavior_monitor,6,1374,815,1314,796,672,669,63.26,716.98,654.09,system,NA,0.919,2.97,14.25,0.0,180.0,130.47,54.25
Negotiation_49,R5,2026-09-11T06:54:11.608142Z,behavior_monitor,6,1444,848,1349,820,711,723,99.55,743.41,644.63,system,NA,0.882,2.31,127.15,133.31,31.45,130.47,54.25
Negotiation_49,R5,2026-09-11T06:54:11.726884Z,shot_miss,6,1430,853,1362,828,720,736,72.69,719.71,648.44,human,NA,0.908,2.31,173.21,133.42,31.22,130.47,54.25
Negotiation_49,R5,2026-09-11T06:54:11.914087Z,shot_miss,6,1407,859,1384,841,735,756,29.43,680.15,654.68,human,NA,0.959,2.31,176.04,133.07,30.06,130.47,54.25
Negotiation_49,R5,2026-09-11T06:54:12.101465Z,shot_hit,6,1382,864,1405,853,748,776,25.39,640.08,661.27,human,NA,0.962,2.31,152.99,132.94,29.62,130.47,54.25
Negotiation_49,R5,2026-09-11T06:54:12.102097Z,flight_spawn,7,1052,-20,1405,853,748,776,942.13,852.39,661.27,system,NA,0.475,3.04,48.94,132.94,29.62,130.47,54.25
Negotiation_49,R5,2026-09-11T06:54:14.505373Z,agent_signal,7,1032,386,1248,866,911,566,526.49,217.17,451.65,agent,i_can,0.292,3.04,108.2,129.41,180.0,76.24,0.0
Negotiation_49,R5,2026-09-11T06:54:14.522011Z,behavior_monitor,7,1032,386,1248,866,912,566,526.49,216.23,450.39,system,NA,0.291,3.04,108.2,129.41,180.0,99.11,0.0
Negotiation_49,R5,2026-09-11T06:54:15.034049Z,behavior_monitor,7,990,463,1182,866,963,565,446.79,105.83,372.11,system,NA,0.192,3.04,89.44,129.41,180.0,99.11,0.0
Negotiation_49,R5,2026-09-11T06:54:15.542851Z,behavior_monitor,7,1006,550,1124,866,984,565,337.3,26.8,332.29,system,NA,0.074,3.04,91.61,0.0,180.0,0.0,-6.83
Negotiation_49,R5,2026-09-11T06:54:15.610980Z,shot_hit,7,1006,565,1124,866,984,565,322.98,22.31,332.0,agent,NA,0.065,3.04,91.61,0.0,180.0,0.0,-6.83
Negotiation_49,R5,2026-09-11T06:54:15.611892Z,flight_spawn,8,1132,-20,1124,866,984,565,886.86,604.06,332.0,system,NA,0.405,2.83,45.0,0.0,180.0,0.0,-6.83
Negotiation_49,R5,2026-09-11T06:54:19.375036Z,agent_signal,8,1411,361,1441,866,1236,566,506.44,269.06,364.15,agent,i_can,0.347,2.5,158.22,53.24,180.0,76.24,0.0
Negotiation_49,R5,2026-09-11T06:54:19.392537Z,behavior_monitor,8,1411,361,1441,866,1238,566,506.44,267.97,363.2,system,NA,0.346,2.5,158.22,48.5,180.0,93.6,0.0
Negotiation_49,R5,2026-09-11T06:54:19.903047Z,behavior_monitor,8,1343,389,1386,825,1288,565,438.28,184.81,277.16,system,NA,0.297,2.5,158.22,141.94,-141.61,99.11,0.0
Negotiation_49,R5,2026-09-11T06:54:20.414259Z,behavior_monitor,8,1278,429,1356,801,1268,565,379.99,136.69,251.26,system,NA,0.265,2.5,137.04,0.0,-138.33,99.11,180.0
Negotiation_49,R5,2026-09-11T06:54:20.925722Z,behavior_monitor,8,1219,469,1298,801,1217,566,340.8,96.39,248.83,system,NA,0.22,2.5,163.39,129.41,180.0,99.11,180.0
Negotiation_49,R5,2026-09-11T06:54:21.420045Z,shot_miss,8,1206,526,1232,801,1183,566,276.23,46.2,239.98,agent,NA,0.143,2.5,55.47,129.41,180.0,99.11,0.0
Negotiation_49,R5,2026-09-11T06:54:21.436771Z,behavior_monitor,8,1206,526,1232,801,1183,566,276.23,46.2,239.98,system,NA,0.143,2.5,55.47,129.41,180.0,99.11,0.0
Negotiation_49,R5,2026-09-11T06:54:21.728315Z,shot_hit,8,1234,560,1224,801,1210,566,240.78,24.69,235.29,agent,NA,0.093,2.5,33.42,0.0,180.0,99.11,0.0
Negotiation_49,R5,2026-09-11T06:54:21.729128Z,flight_spawn,9,1422,-20,1224,801,1210,566,844.81,623.45,235.29,system,NA,0.425,3.07,49.41,0.0,180.0,99.11,0.0
Negotiation_49,R5,2026-09-11T06:54:24.584065Z,agent_signal,9,1405,309,1234,725,1381,565,449.68,256.54,217.73,agent,i_can,0.363,2.18,82.92,129.41,0.0,0.0,0.0
Negotiation_49,R5,2026-09-11T06:54:24.600874Z,behavior_monitor,9,1405,309,1234,725,1383,565,449.68,256.39,218.87,system,NA,0.363,2.18,82.92,129.41,0.0,99.11,0.0
Negotiation_49,R5,2026-09-11T06:54:25.112833Z,behavior_monitor,9,1422,368,1272,725,1400,565,387.27,197.82,204.89,system,NA,0.338,2.18,29.09,0.0,0.0,99.11,0.0
Negotiation_49,R5,2026-09-11T06:54:25.623124Z,behavior_monitor,9,1434,398,1272,725,1417,565,364.66,167.33,216.5,system,NA,0.315,1.56,163.55,0.0,0.0,0.0,180.0
Negotiation_49,R5,2026-09-11T06:54:26.133398Z,behavior_monitor,9,1389,407,1272,725,1372,565,338.77,158.58,188.98,system,NA,0.319,1.56,152.95,0.0,0.0,0.0,180.0
Negotiation_49,R5,2026-09-11T06:54:26.642749Z,behavior_monitor,9,1348,426,1272,725,1332,565,308.56,139.59,171.07,system,NA,0.311,1.56,179.42,0.0,0.0,99.11,180.0
Negotiation_49,R5,2026-09-11T06:54:27.152882Z,behavior_monitor,9,1302,428,1272,725,1285,565,298.84,137.8,161.1,system,NA,0.316,1.56,158.61,0.0,0.0,99.11,180.0
Negotiation_49,R5,2026-09-11T06:54:27.661033Z,behavior_monitor,9,1254,434,1272,725,1238,565,292.16,132.04,164.23,system,NA,0.311,1.56,175.68,0.0,0.0,99.11,180.0
Negotiation_49,R5,2026-09-11T06:54:28.052260Z,human_signal,9,1228,457,1272,725,1212,565,271.36,108.27,171.56,human,your_turn,0.285,1.56,129.1,0.0,0.0,0.0,180.0
Negotiation_49,R5,2026-09-11T06:54:28.053280Z,human_signal,9,1226,459,1272,725,1212,565,270.46,106.82,171.56,human,your_turn,0.283,1.56,129.1,0.0,0.0,99.11,180.0
Negotiation_49,R5,2026-09-11T06:54:28.170633Z,behavior_monitor,9,1220,466,1272,725,1204,565,264.42,100.03,174.68,system,NA,0.274,1.56,129.1,0.0,0.0,0.0,180.0
Negotiation_49,R5,2026-09-11T06:54:28.307162Z,human_signal,9,1211,476,1272,725,1193,564,257.01,90.14,179.52,human,your_turn,0.26,1.56,129.1,0.0,0.0,106.48,-176.47
Negotiation_49,R5,2026-09-11T06:54:28.308311Z,human_signal,9,1210,477,1272,725,1193,564,256.19,88.68,179.52,human,your_turn,0.257,1.56,129.1,0.0,0.0,110.89,-165.63
Negotiation_49,R5,2026-09-11T06:54:28.681758Z,behavior_monitor,9,1187,500,1272,725,1170,564,240.3,65.58,191.11,system,NA,0.214,1.56,151.08,0.0,0.0,99.11,180.0
Negotiation_49,R5,2026-09-11T06:54:29.090480Z,shot_miss,9,1149,511,1272,725,1132,564,246.9,55.6,213.82,agent,NA,0.184,1.56,176.47,0.0,0.0,99.11,180.0
Negotiation_49,R5,2026-09-11T06:54:29.192470Z,behavior_monitor,9,1140,511,1272,725,1123,564,250.99,55.46,219.44,system,NA,0.181,1.56,176.47,0.0,0.0,99.11,180.0
Negotiation_49,R5,2026-09-11T06:54:29.346326Z,shot_miss,9,1126,512,1272,725,1108,564,258.32,54.06,230.12,agent,NA,0.173,1.56,176.47,0.0,0.0,99.11,180.0
Negotiation_49,R5,2026-09-11T06:54:29.616828Z,shot_miss,9,1104,521,1272,725,1086,563,264.8,46.17,246.53,agent,NA,0.148,1.56,137.29,0.0,0.0,105.3,180.0
Negotiation_49,R5,2026-09-11T06:54:29.703355Z,behavior_monitor,9,1099,525,1272,725,1081,563,265.13,42.1,250.36,system,NA,0.137,1.56,137.29,0.0,0.0,99.11,180.0
Negotiation_49,R5,2026-09-11T06:54:30.212617Z,behavior_monitor,9,1073,562,1272,725,1056,563,257.96,16.48,270.14,system,NA,0.06,1.56,106.7,0.0,0.0,0.0,180.0
Negotiation_49,R5,2026-09-11T06:54:30.723477Z,behavior_monitor,9,1061,607,1272,725,1042,603,241.74,19.19,260.29,system,NA,0.074,1.56,85.75,0.0,0.0,137.65,90.0
Negotiation_49,R5,2026-09-11T06:54:31.232778Z,behavior_monitor,9,1032,639,1272,725,1015,635,255.21,16.71,271.84,system,NA,0.061,1.56,141.43,0.0,0.0,137.65,90.0
Negotiation_49,R5,2026-09-11T06:54:31.470595Z,shot_hit,9,1017,654,1272,725,1000,649,264.8,17.3,282.1,agent,NA,0.061,1.56,141.43,0.0,0.0,0.0,180.0
Negotiation_49,R5,2026-09-11T06:54:31.471531Z,flight_spawn,10,1227,-20,1272,725,1000,649,747.1,707.18,282.1,system,NA,0.486,3.05,130.94,0.0,0.0,0.0,180.0
Negotiation_49,R5,2026-09-11T06:54:33.529346Z,agent_signal,10,1251,325,1245,688,1114,566,362.91,277.19,179.24,agent,i_can,0.433,3.05,48.76,129.41,0.0,76.24,0.0
Negotiation_49,R5,2026-09-11T06:54:33.546235Z,behavior_monitor,10,1251,325,1245,688,1116,566,362.91,276.36,178.01,system,NA,0.432,3.05,48.76,129.41,0.0,99.11,0.0
Negotiation_49,R5,2026-09-11T06:54:34.056000Z,behavior_monitor,10,1333,353,1311,688,1167,566,335.09,270.17,188.91,system,NA,0.446,3.05,37.05,129.41,0.0,99.11,0.0
Negotiation_49,R5,2026-09-11T06:54:34.567745Z,behavior_monitor,10,1412,393,1377,688,1217,565,296.65,260.11,201.54,system,NA,0.467,3.05,57.79,129.41,0.0,99.11,0.0
Negotiation_49,R5,2026-09-11T06:54:35.077127Z,behavior_monitor,10,1427,452,1443,688,1268,566,235.66,195.37,213.14,system,NA,0.453,2.67,133.28,129.41,0.0,99.11,0.0
Negotiation_49,R5,2026-09-11T06:54:35.588451Z,behavior_monitor,10,1370,508,1450,688,1319,566,196.62,78.09,178.49,system,NA,0.284,2.67,158.96,0.0,0.0,99.11,0.0
Negotiation_49,R5,2026-09-11T06:54:35.861086Z,shot_miss,10,1325,519,1450,688,1317,566,209.42,47.62,180.07,agent,NA,0.185,2.67,166.97,0.0,0.0,99.11,180.0
Negotiation_49,R5,2026-09-11T06:54:36.099216Z,behavior_monitor,10,1293,527,1450,688,1294,566,224.01,39.42,196.97,system,NA,0.15,2.67,166.97,0.0,0.0,99.11,180.0
Negotiation_49,R5,2026-09-11T06:54:36.217747Z,shot_miss,10,1272,532,1450,688,1281,566,235.77,35.56,207.77,agent,NA,0.131,2.67,166.97,0.0,0.0,99.11,180.0
Negotiation_49,R5,2026-09-11T06:54:36.405085Z,shot_miss,10,1242,539,1450,688,1262,566,255.75,34.35,223.46,agent,NA,0.118,2.67,166.97,0.0,0.0,99.11,180.0
Negotiation_49,R5,2026-09-11T06:54:36.610432Z,behavior_monitor,10,1210,545,1450,688,1243,566,278.79,39.57,239.25,system,NA,0.124,2.67,166.97,0.0,0.0,99.11,180.0
Negotiation_49,R5,2026-09-11T06:54:37.121555Z,behavior_monitor,10,1134,567,1412,688,1192,567,303.34,58.96,250.54,system,NA,0.163,2.67,144.09,129.41,180.0,99.11,180.0
Negotiation_49,R5,2026-09-11T06:54:37.629554Z,behavior_monitor,10,1061,598,1346,688,1142,592,298.51,81.27,224.64,system,NA,0.214,2.67,148.82,129.41,180.0,99.11,180.0
Negotiation_49,R5,2026-09-11T06:54:37.833582Z,human_signal,10,1034,614,1326,688,1122,609,301.1,88.4,218.46,human,your_turn,0.227,2.67,148.82,42.93,180.0,169.61,125.75
Negotiation_49,R5,2026-09-11T06:54:37.834221Z,human_signal,10,1032,615,1325,688,1122,609,302.1,90.44,217.92,human,your_turn,0.23,2.67,148.82,42.93,180.0,99.11,180.0
Negotiation_49,R5,2026-09-11T06:54:38.140714Z,behavior_monitor,10,994,639,1325,688,1092,635,334.45,98.08,238.88,system,NA,0.227,2.67,148.82,0.0,180.0,169.61,125.75
Negotiation_49,R5,2026-09-11T06:54:38.650745Z,behavior_monitor,10,921,680,1325,688,1042,675,403.54,120.64,283.27,system,NA,0.23,2.67,148.82,0.0,180.0,99.11,180.0
Negotiation_49,R5,2026-09-11T06:54:38.804459Z,human_signal,10,900,689,1322,688,1027,684,421.47,126.17,295.41,human,your_turn,0.23,2.67,170.59,48.93,180.0,118.55,-172.74
Negotiation_49,R5,2026-09-11T06:54:38.805500Z,human_signal,10,899,689,1320,688,1027,684,421.13,128.05,293.21,human,your_turn,0.233,2.67,170.59,114.76,180.0,99.11,180.0
Negotiation_49,R5,2026-09-11T06:54:39.160460Z,human_signal,10,851,703,1276,688,991,698,425.31,140.23,285.08,human,your_turn,0.248,2.67,174.63,129.41,180.0,99.11,180.0
Negotiation_49,R5,2026-09-11T06:54:39.160937Z,behavior_monitor,10,851,703,1276,688,991,698,425.31,140.23,285.08,system,NA,0.248,2.67,174.63,129.41,180.0,169.61,125.75
Negotiation_49,R5,2026-09-11T06:54:39.161389Z,human_signal,10,849,703,1274,688,991,698,425.27,142.38,282.88,human,your_turn,0.251,2.67,174.63,129.41,180.0,169.61,125.75
Negotiation_49,R5,2026-09-11T06:54:39.670911Z,behavior_monitor,10,776,730,1210,688,940,724,435.71,164.28,271.91,system,NA,0.274,2.67,162.52,129.41,180.0,99.11,180.0
Negotiation_49,R5,2026-09-11T06:54:40.180695Z,behavior_monitor,10,700,746,1144,688,890,742,447.15,189.25,259.89,system,NA,0.297,2.67,170.05,129.41,180.0,169.61,125.75
Negotiation_49,R5,2026-09-11T06:54:40.691882Z,behavior_monitor,10,635,775,1078,688,839,770,450.9,203.64,252.56,system,NA,0.311,2.67,111.98,129.41,180.0,169.61,125.75
Negotiation_49,R5,2026-09-11T06:54:41.200952Z,behavior_monitor,10,608,850,1012,688,789,840,435.22,180.94,270.49,system,NA,0.294,2.67,111.98,129.41,180.0,169.61,125.75
Negotiation_49,R5,2026-09-11T06:54:41.713217Z,behavior_monitor,10,577,924,946,688,738,910,438.1,161.8,303.99,system,NA,0.27,2.67,111.98,129.41,180.0,125.09,142.4
Negotiation_49,R5,2026-09-11T06:54:41.933769Z,flight_missed,10,553,953,915,688,714,910,448.79,166.72,299.52,system,NA,0.271,2.67,139.64,129.41,180.0,99.11,180.0
Negotiation_49,R5,2026-09-11T06:54:41.934861Z,flight_spawn,11,787,-20,915,688,714,910,719.54,932.89,299.52,system,NA,0.565,2.84,45.21,129.41,180.0,99.11,180.0
Negotiation_49,R5,2026-09-11T06:54:47.785695Z,agent_signal,11,1308,328,1350,493,1085,566,170.33,326.14,274.63,agent,your_turn,0.657,1.97,168.84,141.9,-146.07,76.24,0.0
Negotiation_49,R5,2026-09-11T06:54:47.802508Z,behavior_monitor,11,1308,328,1350,493,1086,566,170.33,325.48,273.7,system,NA,0.656,1.97,168.84,142.14,-145.93,57.18,0.0
Negotiation_49,R5,2026-09-11T06:54:48.312935Z,behavior_monitor,11,1249,340,1290,452,1115,566,120.06,262.75,208.33,system,NA,0.686,1.97,168.84,142.2,-145.61,57.18,0.0
Negotiation_49,R5,2026-09-11T06:54:48.703321Z,shot_miss,11,1219,370,1243,423,1129,565,58.53,214.85,182.56,human,NA,0.786,1.97,120.12,138.83,-151.9,0.0,-72.44
Negotiation_49,R5,2026-09-11T06:54:48.821802Z,behavior_monitor,11,1211,382,1229,416,1129,565,38.0,201.0,179.66,system,NA,0.841,1.97,120.12,138.35,-154.4,0.0,-72.44
Negotiation_49,R5,2026-09-11T06:54:48.941250Z,shot_hit,11,1206,394,1214,409,1129,565,16.64,187.63,178.0,human,NA,0.919,1.97,92.69,138.44,-154.7,0.0,-72.44
Negotiation_49,R5,2026-09-11T06:54:48.942158Z,flight_spawn,12,846,-20,1214,409,1129,565,565.73,650.77,178.0,system,NA,0.535,2.83,135.0,138.44,-154.7,0.0,-72.44
Negotiation_49,R5,2026-09-11T06:54:50.505766Z,human_signal,12,792,214,1065,352,1037,565,305.67,427.87,214.49,human,your_turn,0.583,2.83,72.87,0.0,180.0,76.24,180.0
Negotiation_49,R5,2026-09-11T06:54:50.506356Z,behavior_monitor,12,792,214,1065,352,1037,565,305.67,427.87,214.49,system,NA,0.583,2.83,72.87,0.0,180.0,76.24,180.0
Negotiation_49,R5,2026-09-11T06:54:50.506724Z,human_signal,12,792,217,1065,352,1037,565,304.41,425.63,214.49,human,your_turn,0.583,2.83,72.87,0.0,180.0,76.24,180.0
Negotiation_49,R5,2026-09-11T06:54:51.016325Z,behavior_monitor,12,861,257,1065,352,986,565,225.19,332.63,226.65,system,NA,0.596,2.83,19.29,0.0,180.0,99.11,180.0
Negotiation_49,R5,2026-09-11T06:54:51.526464Z,behavior_monitor,12,945,272,1065,352,936,565,144.14,292.76,248.43,system,NA,0.67,2.83,22.29,0.0,180.0,93.6,180.0
Negotiation_49,R5,2026-09-11T06:54:52.037590Z,behavior_monitor,12,1025,300,1065,352,977,565,65.14,268.98,230.14,system,NA,0.805,2.83,13.6,0.0,180.0,99.11,0.0
Negotiation_49,R5,2026-09-11T06:54:52.224755Z,shot_miss,12,1057,308,1065,352,996,565,45.21,264.27,223.57,human,NA,0.854,2.83,13.6,0.0,180.0,99.11,0.0
Negotiation_49,R5,2026-09-11T06:54:52.549009Z,behavior_monitor,12,1105,325,1065,352,1028,565,48.22,251.61,215.61,system,NA,0.839,2.83,10.8,0.0,180.0,99.11,0.0
Negotiation_49,R5,2026-09-11T06:54:52.550050Z,agent_signal,12,1108,325,1065,352,1028,565,50.64,252.12,215.61,agent,your_turn,0.833,2.83,10.8,0.0,180.0,99.11,0.0
Negotiation_49,R5,2026-09-11T06:54:52.566418Z,shot_miss,12,1108,325,1065,352,1029,565,50.64,251.81,215.44,human,NA,0.833,2.83,10.8,0.0,180.0,99.11,0.0
Negotiation_49,R5,2026-09-11T06:54:52.889550Z,shot_miss,12,1159,336,1094,360,1047,564,69.93,254.42,209.34,human,NA,0.784,2.83,10.4,127.18,0.0,57.18,0.0
Negotiation_49,R5,2026-09-11T06:54:53.060470Z,behavior_monitor,12,1186,341,1115,360,1057,564,73.36,258.06,212.35,system,NA,0.779,2.83,10.4,127.8,0.0,57.18,0.0
Negotiation_49,R5,2026-09-11T06:54:53.077447Z,shot_miss,12,1189,342,1118,360,1058,564,74.09,258.68,212.69,human,NA,0.777,2.83,10.4,127.8,0.0,57.18,0.0
Negotiation_49,R5,2026-09-11T06:54:53.248753Z,shot_miss,12,1216,349,1139,360,1067,564,77.35,261.83,216.79,human,NA,0.772,2.83,38.57,127.8,0.0,57.18,0.0
Negotiation_49,R5,2026-09-11T06:54:53.420009Z,shot_miss,12,1239,367,1161,360,1070,564,78.5,260.03,223.46,human,NA,0.768,2.83,60.72,127.8,0.0,0.0,-8.3
Negotiation_49,R5,2026-09-11T06:54:53.572924Z,behavior_monitor,12,1251,389,1181,360,1070,565,75.82,252.08,232.55,system,NA,0.769,2.83,60.72,127.99,0.0,0.0,111.37
Negotiation_49,R5,2026-09-11T06:54:53.590077Z,shot_miss,12,1252,392,1183,360,1070,565,75.67,251.05,233.6,human,NA,0.768,2.83,86.37,127.99,0.0,0.0,111.37
Negotiation_49,R5,2026-09-11T06:54:54.083804Z,behavior_monitor,12,1249,470,1236,361,1070,564,109.7,202.5,262.38,system,NA,0.649,2.83,137.41,0.0,0.0,0.0,-163.38
Negotiation_49,R5,2026-09-11T06:54:54.186242Z,human_signal,12,1235,481,1236,361,1070,564,120.34,184.89,262.38,human,your_turn,0.606,2.83,137.41,0.0,0.0,0.0,-163.38
Negotiation_49,R5,2026-09-11T06:54:54.186793Z,human_signal,12,1233,483,1236,361,1070,564,122.28,182.29,262.38,human,your_turn,0.599,2.83,137.41,0.0,0.0,0.0,-163.38
Negotiation_49,R5,2026-09-11T06:54:54.594547Z,behavior_monitor,12,1184,527,1236,361,1111,565,174.19,82.02,239.18,system,NA,0.32,2.83,137.41,0.0,0.0,99.11,0.0
Negotiation_49,R5,2026-09-11T06:54:54.849792Z,shot_hit,12,1158,564,1236,361,1136,565,217.4,21.86,227.04,agent,NA,0.091,2.83,113.07,0.0,0.0,99.11,0.0
Negotiation_49,R5,2026-09-11T06:54:54.850405Z,flight_spawn,13,1292,-20,1236,361,1136,565,385.4,605.8,227.04,system,NA,0.611,2.83,45.0,0.0,0.0,99.11,0.0
Negotiation_49,R5,2026-09-11T06:54:58.119507Z,agent_signal,13,1381,308,1290,367,1354,566,108.47,258.82,208.83,agent,your_turn,0.705,1.93,93.89,0.0,0.0,76.24,0.0
Negotiation_49,R5,2026-09-11T06:54:58.135728Z,behavior_monitor,13,1381,308,1290,367,1355,566,108.47,258.72,209.13,system,NA,0.705,1.93,93.89,0.0,0.0,57.18,0.0
Negotiation_49,R5,2026-09-11T06:54:58.153338Z,human_signal,13,1381,310,1290,367,1356,566,107.72,256.73,209.43,human,your_turn,0.704,1.93,93.89,0.0,0.0,57.18,0.0
Negotiation_49,R5,2026-09-11T06:54:58.153736Z,human_signal,13,1382,312,1290,367,1356,566,106.88,254.84,209.43,human,your_turn,0.705,1.93,93.89,0.0,0.0,57.18,0.0
Negotiation_49,R5,2026-09-11T06:54:58.645684Z,behavior_monitor,13,1377,366,1290,367,1359,566,87.62,200.4,210.52,system,NA,0.696,1.93,93.89,0.0,0.0,0.0,0.0
Negotiation_49,R5,2026-09-11T06:54:59.021507Z,agent_signal,13,1397,402,1290,367,1373,566,113.01,165.54,215.71,agent,i_can,0.594,1.93,46.98,0.0,0.0,99.11,0.0
Negotiation_49,R5,2026-09-11T06:54:59.158737Z,behavior_monitor,13,1403,414,1290,367,1380,566,122.67,153.91,218.18,system,NA,0.556,1.93,68.69,0.0,0.0,0.0,0.0
Negotiation_49,R5,2026-09-11T06:54:59.668557Z,behavior_monitor,13,1432,462,1290,367,1408,566,170.67,106.32,231.33,system,NA,0.384,1.93,48.09,0.0,0.0,0.0,0.0
Negotiation_49,R5,2026-09-11T06:55:00.180319Z,behavior_monitor,13,1437,505,1290,367,1420,566,201.53,63.02,237.82,system,NA,0.238,1.63,118.3,0.0,0.0,0.0,180.0
Negotiation_49,R5,2026-09-11T06:55:00.469759Z,shot_miss,13,1417,524,1290,367,1400,566,201.8,45.4,227.37,agent,NA,0.184,1.63,164.47,0.0,0.0,0.0,180.0
Negotiation_49,R5,2026-09-11T06:55:00.691030Z,behavior_monitor,13,1396,533,1290,367,1379,566,197.08,37.27,218.35,system,NA,0.159,1.63,114.1,0.0,0.0,99.11,180.0
Negotiation_49,R5,2026-09-11T06:55:00.809878Z,shot_hit,13,1385,541,1290,367,1369,566,198.56,29.58,214.4,agent,NA,0.13,1.63,157.64,0.0,0.0,99.11,180.0
Negotiation_49,R5,2026-09-11T06:55:00.810910Z,flight_spawn,14,647,-20,1290,367,1369,566,750.8,930.7,214.4,system,NA,0.553,2.83,45.0,0.0,0.0,99.11,180.0
Negotiation_49,R5,2026-09-11T06:55:02.627445Z,human_signal,14,799,229,1134,367,1262,566,362.67,572.88,236.69,human,your_turn,0.612,2.83,97.45,122.22,180.0,72.0,180.0
Negotiation_49,R5,2026-09-11T06:55:02.628418Z,behavior_monitor,14,799,229,1134,367,1262,566,362.67,572.88,236.69,system,NA,0.612,2.83,97.45,129.41,180.0,76.24,180.0
Negotiation_49,R5,2026-09-11T06:55:02.628813Z,human_signal,14,798,232,1132,367,1262,566,360.65,572.17,237.88,human,your_turn,0.613,2.83,97.45,129.41,180.0,76.24,180.0
Negotiation_49,R5,2026-09-11T06:55:03.138384Z,behavior_monitor,14,796,313,1113,367,1211,566,321.43,486.53,222.19,system,NA,0.602,2.83,72.49,0.0,180.0,93.6,180.0
Negotiation_49,R5,2026-09-11T06:55:03.649299Z,behavior_monitor,14,821,393,1113,367,1161,567,293.65,381.98,205.19,system,NA,0.565,2.83,72.49,0.0,180.0,99.11,180.0
Negotiation_49,R5,2026-09-11T06:55:03.735443Z,agent_signal,14,828,407,1113,367,1153,567,287.94,361.63,203.38,agent,your_turn,0.557,2.83,49.14,0.0,180.0,99.11,180.0
Negotiation_49,R5,2026-09-11T06:55:04.159024Z,behavior_monitor,14,870,459,1071,367,1129,565,221.33,279.98,206.52,system,NA,0.558,2.83,49.14,129.41,180.0,57.18,180.0
Negotiation_49,R5,2026-09-11T06:55:04.662155Z,behavior_monitor,14,918,528,1005,367,1109,565,183.21,195.45,223.98,system,NA,0.516,2.83,47.49,129.41,180.0,0.0,180.0
Negotiation_49,R5,2026-09-11T06:55:04.945118Z,human_signal,14,951,563,968,367,1110,566,197.0,159.31,244.19,human,your_turn,0.447,2.83,47.49,137.5,180.0,0.0,-2.83
Negotiation_49,R5,2026-09-11T06:55:04.945710Z,human_signal,14,953,565,966,367,1110,566,198.76,157.33,245.47,human,your_turn,0.442,2.83,47.49,129.41,180.0,0.0,-2.83
Negotiation_49,R5,2026-09-11T06:55:05.162811Z,behavior_monitor,14,976,590,939,367,1088,587,226.29,112.5,265.3,system,NA,0.332,2.83,47.49,129.41,180.0,169.61,125.75
Negotiation_49,R5,2026-09-11T06:55:05.520482Z,human_signal,14,1015,634,921,367,1054,629,283.04,39.08,293.42,human,your_turn,0.121,2.83,47.49,0.0,180.0,169.61,125.75
Negotiation_49,R5,2026-09-11T06:55:05.521573Z,human_signal,14,1017,636,921,367,1054,629,285.65,37.51,293.42,human,your_turn,0.116,2.83,47.49,0.0,180.0,160.19,125.75
Negotiation_49,R5,2026-09-11T06:55:05.571510Z,shot_hit,14,1024,643,921,367,1047,638,293.99,23.24,298.91,agent,NA,0.073,2.83,47.49,0.0,180.0,169.61,125.75
Negotiation_49,R5,2026-09-11T06:55:05.572085Z,flight_spawn,15,564,-20,921,367,1047,638,527.26,816.92,298.91,system,NA,0.608,3.6,123.77,0.0,180.0,169.61,125.75
Negotiation_49,R5,2026-09-11T06:55:06.984531Z,human_signal,15,398,225,817,367,959,565,442.55,656.97,244.39,human,your_turn,0.598,3.6,123.77,129.41,180.0,76.24,180.0
Negotiation_49,R5,2026-09-11T06:55:06.985265Z,behavior_monitor,15,398,225,817,367,959,565,442.55,656.97,244.39,system,NA,0.598,3.6,123.77,129.41,180.0,76.24,180.0
Negotiation_49,R5,2026-09-11T06:55:06.985705Z,human_signal,15,396,228,815,367,959,565,440.91,656.69,245.68,human,your_turn,0.598,3.6,123.77,129.41,180.0,76.24,180.0
Negotiation_49,R5,2026-09-11T06:55:07.496762Z,behavior_monitor,15,337,314,780,367,909,565,445.74,624.12,236.07,system,NA,0.583,3.6,123.77,0.0,180.0,99.11,180.0
Negotiation_49,R5,2026-09-11T06:55:07.735554Z,human_signal,15,309,356,780,367,885,564,470.72,612.4,223.74,human,your_turn,0.565,3.6,123.77,0.0,180.0,99.11,180.0
Negotiation_49,R5,2026-09-11T06:55:07.736577Z,human_signal,15,308,359,780,367,885,564,472.18,612.83,223.74,human,your_turn,0.565,3.6,123.77,0.0,180.0,99.11,180.0
Negotiation_49,R5,2026-09-11T06:55:07.821418Z,agent_signal,15,298,374,780,367,877,564,481.94,609.26,219.9,agent,your_turn,0.558,3.6,123.77,0.0,180.0,99.11,180.0
Negotiation_49,R5,2026-09-11T06:55:08.009281Z,behavior_monitor,15,278,404,780,367,866,564,502.99,609.47,215.3,system,NA,0.548,3.6,123.77,0.0,180.0,57.18,180.0
Negotiation_49,R5,2026-09-11T06:55:08.520077Z,behavior_monitor,15,228,497,780,367,837,565,567.05,612.73,205.62,system,NA,0.519,3.6,96.31,0.0,180.0,57.18,180.0
Negotiation_49,R5,2026-09-11T06:55:09.030196Z,behavior_monitor,15,217,604,747,367,833,564,580.26,617.25,215.51,system,NA,0.515,3.6,124.19,129.41,180.0,0.0,-35.16
Negotiation_49,R5,2026-09-11T06:55:09.542428Z,behavior_monitor,15,179,699,681,367,833,564,601.38,667.64,249.45,system,NA,0.526,3.6,74.57,122.22,180.0,0.0,-20.21
Negotiation_49,R5,2026-09-11T06:55:10.053517Z,behavior_monitor,15,225,792,615,367,820,582,576.77,631.49,297.73,system,NA,0.523,3.6,71.35,129.41,180.0,130.47,125.75
Negotiation_49,R5,2026-09-11T06:55:10.564385Z,behavior_monitor,15,271,889,554,367,782,636,594.05,569.97,352.77,system,NA,0.49,3.6,65.19,93.99,180.0,130.47,125.75
Negotiation_49,R5,2026-09-11T06:55:10.888059Z,flight_missed,15,301,955,514,367,756,672,625.32,535.44,389.11,system,NA,0.461,3.6,65.19,129.41,180.0,130.47,125.75
Negotiation_49,R5,2026-09-11T06:55:10.889113Z,flight_spawn,16,545,-20,514,367,756,672,388.76,724.13,389.11,system,NA,0.651,3.29,52.54,129.41,180.0,130.47,125.75
Negotiation_49,R5,2026-09-11T06:55:12.730212Z,human_signal,16,627,313,407,367,640,566,226.05,252.97,306.16,human,your_turn,0.528,3.29,87.39,0.0,180.0,76.24,180.0
Negotiation_49,R5,2026-09-11T06:55:12.730976Z,behavior_monitor,16,627,313,407,367,640,566,226.05,252.97,306.16,system,NA,0.528,3.29,87.39,0.0,180.0,76.24,180.0
Negotiation_49,R5,2026-09-11T06:55:12.731477Z,human_signal,16,627,316,407,367,640,566,225.44,249.68,306.16,human,your_turn,0.526,3.29,87.39,0.0,180.0,76.24,180.0
Negotiation_49,R5,2026-09-11T06:55:13.240176Z,behavior_monitor,16,585,400,407,367,590,566,180.28,165.71,269.71,system,NA,0.479,3.29,131.39,0.0,180.0,99.11,180.0
Negotiation_49,R5,2026-09-11T06:55:13.751337Z,behavior_monitor,16,498,439,374,367,539,566,143.06,133.13,258.24,system,NA,0.482,3.29,102.09,129.41,180.0,99.11,180.0
Negotiation_49,R5,2026-09-11T06:55:13.819964Z,agent_signal,16,491,454,363,367,532,566,154.6,119.26,260.98,agent,i_can,0.435,3.29,123.85,129.41,180.0,99.11,180.0
Negotiation_49,R5,2026-09-11T06:55:14.193730Z,human_signal,16,455,508,317,367,496,566,196.53,71.11,266.99,human,your_turn,0.266,3.29,103.6,129.41,180.0,99.11,180.0
Negotiation_49,R5,2026-09-11T06:55:14.194381Z,human_signal,16,453,511,315,367,496,566,199.44,69.32,268.47,human,your_turn,0.258,3.29,103.6,129.41,180.0,99.11,180.0
Negotiation_49,R5,2026-09-11T06:55:14.261875Z,behavior_monitor,16,451,520,308,367,489,566,209.21,59.26,268.37,system,NA,0.221,3.29,125.17,129.41,180.0,99.11,180.0
Negotiation_49,R5,2026-09-11T06:55:14.465381Z,human_signal,16,426,552,282,367,469,566,234.81,44.32,272.57,human,your_turn,0.159,3.29,125.17,129.41,180.0,99.11,180.0
Negotiation_49,R5,2026-09-11T06:55:14.466004Z,human_signal,16,424,555,280,367,469,566,236.92,45.73,274.08,human,your_turn,0.162,3.29,125.17,129.41,180.0,99.11,180.0
Negotiation_49,R5,2026-09-11T06:55:14.533418Z,shot_miss,16,417,566,271,367,460,566,246.48,43.21,274.34,agent,NA,0.149,3.29,125.17,129.41,180.0,99.11,180.0
Negotiation_49,R5,2026-09-11T06:55:14.755329Z,shot_miss,16,392,601,256,367,439,591,270.22,48.51,289.3,agent,NA,0.152,3.29,101.71,0.0,180.0,169.61,125.75
Negotiation_49,R5,2026-09-11T06:55:14.771782Z,behavior_monitor,16,392,601,256,367,439,591,270.22,48.51,289.3,system,NA,0.152,3.29,101.71,0.0,180.0,169.61,125.75
Negotiation_49,R5,2026-09-11T06:55:14.992875Z,shot_miss,16,384,646,256,367,415,624,306.73,38.31,302.2,agent,NA,0.111,3.29,101.71,0.0,180.0,169.61,125.75
Negotiation_49,R5,2026-09-11T06:55:15.009748Z,human_signal,16,384,646,256,367,415,624,306.73,38.31,302.2,human,your_turn,0.111,3.29,101.71,0.0,180.0,169.61,125.75
Negotiation_49,R5,2026-09-11T06:55:15.010628Z,human_signal,16,383,649,254,367,415,624,310.11,41.1,303.36,human,your_turn,0.117,3.29,101.71,0.0,180.0,187.57,130.57
Negotiation_49,R5,2026-09-11T06:55:15.282733Z,behavior_monitor,16,370,698,226,370,388,662,357.64,40.45,333.62,system,NA,0.102,3.29,101.71,35.09,90.0,169.61,125.75
Negotiation_49,R5,2026-09-11T06:55:15.536696Z,human_signal,16,370,746,226,370,362,697,402.45,49.56,354.25,human,your_turn,0.11,3.29,79.16,0.0,90.0,169.61,125.75
Negotiation_49,R5,2026-09-11T06:55:15.537441Z,human_signal,16,370,749,226,370,362,697,405.47,52.76,354.25,human,your_turn,0.115,3.29,79.16,0.0,90.0,169.61,125.75
Negotiation_49,R5,2026-09-11T06:55:15.789757Z,behavior_monitor,16,390,789,226,370,367,732,449.93,61.24,388.69,system,NA,0.12,3.29,77.44,0.0,90.0,137.65,90.0
Negotiation_49,R5,2026-09-11T06:55:16.078797Z,human_signal,16,410,839,226,370,386,772,503.46,70.99,432.5,human,your_turn,0.124,3.29,54.13,0.0,90.0,169.61,54.25
Negotiation_49,R5,2026-09-11T06:55:16.079470Z,human_signal,16,412,841,226,370,386,772,506.79,74.29,432.5,human,your_turn,0.128,3.29,54.13,0.0,90.0,169.61,54.25
Negotiation_49,R5,2026-09-11T06:55:16.300786Z,behavior_monitor,16,434,873,226,370,408,802,544.46,75.73,468.79,system,NA,0.122,3.29,54.13,0.0,90.0,169.61,54.25
Negotiation_49,R5,2026-09-11T06:55:16.778336Z,flight_missed,16,488,952,226,370,457,870,638.4,87.71,550.86,system,NA,0.121,3.29,80.49,0.0,90.0,169.61,54.25
Negotiation_49,R5,2026-09-11T06:55:16.779388Z,flight_spawn,17,167,-20,226,370,457,870,395.01,936.85,550.86,system,NA,0.703,2.94,132.78,0.0,90.0,169.61,54.25
Negotiation_49,R5,2026-09-11T06:55:18.972771Z,shot_miss,17,63,323,72,370,314,671,47.62,428.64,385.98,human,NA,0.9,2.94,117.72,127.88,180.0,130.47,-125.75
Negotiation_49,R5,2026-09-11T06:55:19.210670Z,shot_hit,17,45,360,68,370,295,646,24.47,380.14,357.93,human,NA,0.94,2.94,117.72,0.0,180.0,130.47,-125.75
Negotiation_49,R5,2026-09-11T06:55:19.211224Z,flight_spawn,18,584,-20,68,370,295,646,647.76,726.64,357.93,system,NA,0.529,3.53,55.45,0.0,180.0,130.47,-125.75
Negotiation_49,R5,2026-09-11T06:55:22.626990Z,human_signal,18,1264,133,325,494,497,566,1006.08,881.15,186.42,human,your_turn,0.467,3.53,33.02,132.73,30.63,76.24,0.0
Negotiation_49,R5,2026-09-11T06:55:22.628332Z,behavior_monitor,18,1264,133,325,494,497,566,1006.08,881.15,186.42,system,NA,0.467,3.53,33.02,132.73,30.63,76.24,0.0
Negotiation_49,R5,2026-09-11T06:55:22.628768Z,human_signal,18,1268,135,327,495,497,566,1007.41,883.4,184.18,human,your_turn,0.467,3.53,33.02,132.73,30.63,76.24,0.0
Negotiation_49,R5,2026-09-11T06:55:23.137604Z,behavior_monitor,18,1364,159,360,510,547,566,1064.0,912.87,195.86,system,NA,0.462,3.53,12.3,0.0,0.0,99.11,0.0
Negotiation_49,R5,2026-09-11T06:55:23.648948Z,behavior_monitor,18,1419,217,360,510,598,566,1099.13,892.61,244.69,system,NA,0.448,3.53,117.77,0.0,0.0,99.11,0.0
Negotiation_49,R5,2026-09-11T06:55:23.836041Z,human_signal,18,1400,251,360,510,616,566,1071.74,844.92,262.29,human,your_turn,0.441,3.53,117.77,0.0,0.0,72.25,-2.91
Negotiation_49,R5,2026-09-11T06:55:23.836713Z,human_signal,18,1398,254,360,510,616,566,1068.89,841.75,262.29,human,your_turn,0.441,3.53,117.77,0.0,0.0,99.11,0.0
Negotiation_49,R5,2026-09-11T06:55:24.159055Z,behavior_monitor,18,1391,316,360,510,647,565,1049.7,784.7,292.63,system,NA,0.428,3.53,87.95,0.0,0.0,99.11,0.0
Negotiation_49,R5,2026-09-11T06:55:24.295428Z,agent_signal,18,1394,347,360,510,661,565,1046.7,764.63,305.97,agent,i_can,0.422,3.53,87.95,0.0,0.0,93.6,0.0
Negotiation_49,R5,2026-09-11T06:55:24.669500Z,behavior_monitor,18,1384,415,360,510,698,565,1028.77,702.51,342.5,system,NA,0.406,3.53,155.43,0.0,0.0,99.11,0.0
Negotiation_49,R5,2026-09-11T06:55:25.179381Z,behavior_monitor,18,1277,431,360,510,748,564,921.13,546.21,391.79,system,NA,0.372,3.53,154.9,0.0,0.0,99.11,0.0
Negotiation_49,R5,2026-09-11T06:55:25.690427Z,behavior_monitor,18,1210,498,360,510,798,564,850.15,416.64,441.89,system,NA,0.329,3.53,78.26,0.0,0.0,99.11,0.0
Negotiation_49,R5,2026-09-11T06:55:26.201064Z,behavior_monitor,18,1219,601,360,510,849,587,864.06,370.32,495.2,system,NA,0.3,3.53,75.38,0.0,0.0,169.61,54.25
Negotiation_49,R5,2026-09-11T06:55:26.712169Z,behavior_monitor,18,1254,699,360,510,899,657,914.31,357.31,559.46,system,NA,0.281,3.53,49.22,0.0,0.0,169.61,54.25
Negotiation_49,R5,2026-09-11T06:55:27.221467Z,behavior_monitor,18,1329,777,360,510,950,728,1005.16,381.83,629.33,system,NA,0.275,3.53,49.42,0.0,0.0,169.61,54.25
Negotiation_49,R5,2026-09-11T06:55:27.729580Z,behavior_monitor,18,1401,855,360,510,1001,798,1096.69,404.11,702.73,system,NA,0.269,3.53,24.78,0.0,0.0,169.61,54.25
Negotiation_49,R5,2026-09-11T06:55:28.239287Z,behavior_monitor,18,1424,899,360,510,1051,868,1133.03,373.79,778.99,system,NA,0.248,2.42,142.42,0.0,0.0,147.45,60.23
Negotiation_49,R5,2026-09-11T06:55:28.750504Z,behavior_monitor,18,1373,949,360,510,1102,910,1104.36,273.28,843.55,system,NA,0.198,2.42,171.83,0.0,0.0,99.11,0.0
Negotiation_49,R5,2026-09-11T06:55:28.852868Z,flight_missed,18,1358,952,360,510,1114,910,1091.87,247.5,853.95,system,NA,0.185,2.42,171.83,0.0,0.0,99.11,0.0
Negotiation_49,R5,2026-09-11T06:55:28.853964Z,flight_spawn,19,1319,-20,360,510,1114,910,1096.33,952.34,853.95,system,NA,0.465,3.54,124.38,0.0,0.0,99.11,0.0
Negotiation_49,R5,2026-09-11T06:55:30.979650Z,agent_signal,19,1223,405,351,417,1208,713,872.52,308.41,906.89,agent,i_can,0.261,3.54,103.0,0.0,-90.0,130.47,-125.75
Negotiation_49,R5,2026-09-11T06:55:30.997250Z,behavior_monitor,19,1223,405,351,417,1206,711,872.52,306.16,904.53,system,NA,0.26,3.54,103.0,0.0,-90.0,169.61,-125.75
Negotiation_49,R5,2026-09-11T06:55:31.506047Z,behavior_monitor,19,1198,509,351,417,1181,641,852.24,132.71,859.57,system,NA,0.135,3.54,103.0,0.0,-90.0,159.22,-92.79
Negotiation_49,R5,2026-09-11T06:55:31.540074Z,human_signal,19,1196,516,351,417,1179,636,851.35,121.23,856.74,human,your_turn,0.125,3.54,103.0,0.0,-90.0,169.61,-125.75
Negotiation_49,R5,2026-09-11T06:55:31.541134Z,human_signal,19,1195,519,351,417,1179,636,850.82,117.69,856.74,human,your_turn,0.122,3.54,103.0,0.0,-90.0,137.65,-90.0
Negotiation_49,R5,2026-09-11T06:55:32.015604Z,behavior_monitor,19,1218,609,351,417,1194,599,887.92,25.72,862.6,system,NA,0.028,3.54,87.48,0.0,-90.0,137.65,90.0
Negotiation_49,R5,2026-09-11T06:55:32.033236Z,shot_hit,19,1218,616,351,417,1196,604,889.73,25.47,865.25,agent,NA,0.028,3.54,113.78,0.0,-90.0,137.65,90.0
Negotiation_49,R5,2026-09-11T06:55:32.033939Z,flight_spawn,20,590,-20,351,417,1196,604,499.16,869.26,865.25,system,NA,0.635,3.1,130.12,0.0,-90.0,137.65,90.0
Negotiation_49,R5,2026-09-11T06:55:36.636185Z,agent_signal,20,74,396,60,434,906,565,40.12,848.32,856.07,agent,your_turn,0.955,2.59,64.7,139.45,20.1,81.0,180.0
Negotiation_49,R5,2026-09-11T06:55:36.651779Z,behavior_monitor,20,74,396,60,434,905,565,40.12,847.37,855.11,system,NA,0.955,2.59,64.7,139.46,19.29,60.75,180.0
Negotiation_49,R5,2026-09-11T06:55:36.787904Z,shot_hit,20,80,416,77,439,897,565,23.32,830.86,829.83,human,NA,0.973,2.59,90.52,130.84,17.05,57.18,180.0
Negotiation_49,R6,2026-09-11T06:55:42.900006Z,flight_spawn,1,649,-20,77,439,897,565,733.79,636.29,829.83,system,NA,0.464,3.14,129.59,0.0,17.05,0.0,180.0
Negotiation_49,R6,2026-09-11T06:55:50.211515Z,agent_signal,1,35,348,730,754,252,565,804.3,307.13,513.15,agent,i_can,0.276,2.3,46.0,129.41,180.0,76.24,180.0
Negotiation_49,R6,2026-09-11T06:55:50.228702Z,behavior_monitor,1,35,348,730,754,251,565,804.3,305.94,514.72,system,NA,0.276,2.3,46.0,129.41,180.0,99.11,180.0
Negotiation_49,R6,2026-09-11T06:55:50.620029Z,human_signal,1,74,380,705,754,212,565,732.99,230.83,527.54,human,your_turn,0.239,2.3,19.81,0.0,180.0,99.11,180.0
Negotiation_49,R6,2026-09-11T06:55:50.620777Z,human_signal,1,76,381,705,754,212,565,731.23,229.26,527.54,human,your_turn,0.239,2.3,19.81,0.0,180.0,99.11,180.0
Negotiation_49,R6,2026-09-11T06:55:50.738452Z,behavior_monitor,1,89,385,705,754,200,565,717.33,211.6,538.44,system,NA,0.228,2.3,19.81,0.0,180.0,99.11,180.0
Negotiation_49,R6,2026-09-11T06:55:50.977890Z,human_signal,1,120,393,705,754,177,565,687.19,181.43,560.6,human,your_turn,0.209,2.3,0.31,0.0,180.0,93.6,180.0
Negotiation_49,R6,2026-09-11T06:55:50.979041Z,human_signal,1,122,393,705,754,177,565,685.55,180.83,560.6,human,your_turn,0.209,2.3,0.31,0.0,180.0,99.11,180.0
Negotiation_49,R6,2026-09-11T06:55:51.249632Z,behavior_monitor,1,151,404,705,754,149,565,655.14,161.44,586.32,system,NA,0.198,2.3,5.28,0.0,180.0,99.11,180.0
Negotiation_49,R6,2026-09-11T06:55:51.762874Z,behavior_monitor,1,208,434,705,754,182,565,590.37,133.41,555.75,system,NA,0.184,2.3,45.22,0.0,180.0,99.11,0.0
Negotiation_49,R6,2026-09-11T06:55:51.847979Z,human_signal,1,216,442,705,754,190,565,579.67,125.38,547.81,human,your_turn,0.178,2.3,45.22,0.0,180.0,124.24,7.58
Negotiation_49,R6,2026-09-11T06:55:51.848561Z,human_signal,1,218,444,705,754,190,565,576.75,124.3,547.81,human,your_turn,0.177,2.3,45.22,0.0,180.0,99.11,0.0
Negotiation_49,R6,2026-09-11T06:55:52.271824Z,behavior_monitor,1,256,483,705,754,230,565,523.79,85.7,510.45,system,NA,0.141,2.3,45.22,0.0,180.0,99.11,0.0
Negotiation_49,R6,2026-09-11T06:55:52.747567Z,shot_hit,1,277,546,705,754,254,565,475.43,30.2,488.6,agent,NA,0.06,2.3,70.5,0.0,180.0,99.11,0.0
Negotiation_49,R6,2026-09-11T06:55:52.748589Z,flight_spawn,2,661,-20,705,754,254,565,775.24,713.11,488.6,system,NA,0.479,3.5,124.91,0.0,180.0,99.11,0.0
Negotiation_49,R6,2026-09-11T06:55:53.546844Z,human_signal,2,634,135,705,754,295,565,622.45,547.19,450.65,human,your_turn,0.468,3.5,99.45,0.0,180.0,76.24,0.0
Negotiation_49,R6,2026-09-11T06:55:53.548031Z,behavior_monitor,2,634,135,705,754,295,565,622.45,547.19,450.65,system,NA,0.468,3.5,99.45,0.0,180.0,79.38,1.3
Negotiation_49,R6,2026-09-11T06:55:53.548531Z,human_signal,2,633,139,705,754,295,565,619.09,544.13,450.65,human,your_turn,0.468,3.5,99.45,0.0,180.0,79.38,1.3
Negotiation_49,R6,2026-09-11T06:55:54.057889Z,behavior_monitor,2,640,238,705,754,346,565,520.07,440.35,405.51,system,NA,0.458,3.5,101.87,0.0,180.0,99.11,0.0
Negotiation_49,R6,2026-09-11T06:55:54.569441Z,behavior_monitor,2,589,324,698,754,396,565,443.05,309.21,355.4,system,NA,0.411,3.5,90.72,58.37,180.0,99.11,0.0
Negotiation_49,R6,2026-09-11T06:55:54.978055Z,agent_signal,2,545,400,692,754,436,565,382.91,198.34,317.72,agent,i_can,0.341,3.5,165.34,0.0,180.0,99.11,0.0
Negotiation_49,R6,2026-09-11T06:55:55.079210Z,behavior_monitor,2,527,404,692,754,446,565,386.22,180.14,309.46,system,NA,0.318,3.5,165.34,0.0,180.0,99.11,0.0
Negotiation_49,R6,2026-09-11T06:55:55.591864Z,behavior_monitor,2,427,431,692,754,436,565,417.3,135.07,317.1,system,NA,0.245,3.5,165.34,0.0,180.0,87.86,164.49
Negotiation_49,R6,2026-09-11T06:55:55.677244Z,human_signal,2,409,435,692,754,428,565,425.54,131.46,324.31,human,your_turn,0.236,3.5,165.34,0.0,180.0,99.11,180.0
Negotiation_49,R6,2026-09-11T06:55:55.678394Z,human_signal,2,406,436,692,754,428,565,427.34,131.15,324.31,human,your_turn,0.235,3.5,165.34,0.0,180.0,121.7,-176.14
Negotiation_49,R6,2026-09-11T06:55:56.100685Z,behavior_monitor,2,323,448,692,754,385,565,478.79,132.79,359.43,system,NA,0.217,3.5,174.22,0.0,180.0,99.11,180.0
Negotiation_49,R6,2026-09-11T06:55:56.611914Z,behavior_monitor,2,226,482,692,754,335,565,538.72,136.79,403.36,system,NA,0.203,3.5,146.72,0.0,180.0,99.11,180.0
Negotiation_49,R6,2026-09-11T06:55:57.122575Z,behavior_monitor,2,138,528,692,754,285,566,598.06,151.68,448.24,system,NA,0.202,3.5,155.26,0.0,180.0,99.11,180.0
Negotiation_49,R6,2026-09-11T06:55:57.632970Z,behavior_monitor,2,44,572,692,754,234,566,672.67,190.49,494.1,system,NA,0.221,3.5,155.26,0.0,180.0,99.11,180.0
Negotiation_49,R6,2026-09-11T06:55:58.143733Z,behavior_monitor,2,46,648,642,774,184,634,609.19,138.8,478.97,system,NA,0.186,3.01,63.9,139.1,142.41,169.61,125.75
Negotiation_49,R6,2026-09-11T06:55:58.656121Z,behavior_monitor,2,65,734,587,819,134,704,528.9,75.02,467.79,system,NA,0.124,3.01,86.74,140.73,140.11,169.61,125.75
Negotiation_49,R6,2026-09-11T06:55:59.087984Z,shot_miss,2,96,805,539,859,90,765,446.18,40.92,458.58,agent,NA,0.084,3.01,40.74,140.73,141.9,169.61,125.75
Negotiation_49,R6,2026-09-11T06:55:59.171967Z,behavior_monitor,2,106,813,531,864,86,774,428.59,43.48,453.71,system,NA,0.092,3.01,40.74,118.54,152.65,137.65,90.0
Negotiation_49,R6,2026-09-11T06:55:59.376369Z,shot_miss,2,138,839,523,871,105,805,386.32,47.18,422.72,agent,NA,0.109,3.01,65.79,0.0,139.73,169.61,54.25
Negotiation_49,R6,2026-09-11T06:55:59.546273Z,shot_miss,2,150,866,523,871,122,828,372.42,47.6,402.95,agent,NA,0.113,3.01,65.79,0.0,139.73,169.61,54.25
Negotiation_49,R6,2026-09-11T06:55:59.680906Z,behavior_monitor,2,158,886,520,877,134,844,362.4,47.82,388.1,system,NA,0.117,3.01,65.79,136.41,109.17,169.61,54.25
Negotiation_49,R6,2026-09-11T06:56:00.106360Z,flight_missed,2,184,953,500,910,162,905,319.41,52.26,337.96,system,NA,0.141,3.01,93.66,0.0,90.0,169.61,54.25
Negotiation_49,R6,2026-09-11T06:56:00.107013Z,flight_spawn,3,149,-20,500,910,162,905,994.21,925.88,337.96,system,NA,0.482,2.86,45.61,0.0,90.0,169.61,54.25
Negotiation_49,R6,2026-09-11T06:56:05.891227Z,agent_signal,3,656,392,764,681,505,565,308.92,230.21,283.91,agent,i_can,0.427,2.86,169.28,135.05,163.38,84.98,-1.66
Negotiation_49,R6,2026-09-11T06:56:05.908478Z,behavior_monitor,3,656,392,764,681,507,565,308.92,229.11,282.38,system,NA,0.426,2.86,169.28,135.05,163.38,99.11,0.0
Negotiation_49,R6,2026-09-11T06:56:06.403879Z,human_signal,3,574,407,749,688,554,565,331.33,159.32,231.0,human,your_turn,0.325,2.86,169.28,0.0,90.0,99.11,0.0
Negotiation_49,R6,2026-09-11T06:56:06.404612Z,human_signal,3,572,408,749,688,554,565,332.18,158.5,231.0,human,your_turn,0.323,2.86,169.28,0.0,90.0,0.0,0.0
Negotiation_49,R6,2026-09-11T06:56:06.420379Z,behavior_monitor,3,572,408,749,688,554,565,332.18,158.5,231.0,system,NA,0.323,2.86,169.28,0.0,90.0,0.0,0.0
Negotiation_49,R6,2026-09-11T06:56:06.929175Z,behavior_monitor,3,507,450,749,688,503,565,339.87,114.92,275.08,system,NA,0.253,2.86,116.87,0.0,90.0,99.11,180.0
Negotiation_49,R6,2026-09-11T06:56:07.442140Z,behavior_monitor,3,449,508,749,688,453,565,350.16,57.65,320.68,system,NA,0.141,2.86,140.41,0.0,90.0,99.11,180.0
Negotiation_49,R6,2026-09-11T06:56:07.576629Z,shot_miss,3,430,524,749,688,438,565,358.49,41.78,334.74,agent,NA,0.104,2.86,140.41,0.0,90.0,99.11,180.0
Negotiation_49,R6,2026-09-11T06:56:07.781400Z,shot_hit,3,401,538,749,688,417,565,379.41,31.6,354.1,agent,NA,0.077,2.86,169.82,0.0,90.0,93.6,180.0
Negotiation_49,R6,2026-09-11T06:56:07.782319Z,flight_spawn,4,1330,-20,749,688,417,565,916.29,1084.34,354.1,system,NA,0.542,3.01,48.33,0.0,90.0,93.6,180.0
Negotiation_49,R6,2026-09-11T06:56:13.369171Z,agent_signal,4,1050,358,1039,504,820,566,146.65,309.66,227.7,agent,your_turn,0.679,1.86,145.52,133.83,-104.77,76.24,0.0
Negotiation_49,R6,2026-09-11T06:56:13.385946Z,behavior_monitor,4,1050,358,1039,504,821,566,146.65,308.94,226.76,system,NA,0.678,1.86,145.52,133.83,-104.77,57.18,0.0
Negotiation_49,R6,2026-09-11T06:56:13.708566Z,shot_miss,4,1031,387,1024,463,840,566,76.42,262.52,211.66,human,NA,0.775,1.86,131.85,141.09,-113.48,57.18,0.0
Negotiation_49,R6,2026-09-11T06:56:13.895621Z,behavior_monitor,4,1019,402,1017,439,850,566,37.51,235.34,209.73,system,NA,0.863,1.86,131.85,113.18,-90.0,57.18,0.0
Negotiation_49,R6,2026-09-11T06:56:13.999178Z,shot_hit,4,1011,410,1017,429,856,566,20.21,219.79,211.44,human,NA,0.916,1.86,131.85,94.79,-90.0,57.18,0.0
Negotiation_49,R6,2026-09-11T06:56:14.000214Z,flight_spawn,5,823,-20,1017,429,856,566,489.8,587.41,211.44,system,NA,0.545,3.32,127.04,94.79,-90.0,57.18,0.0
Negotiation_49,R6,2026-09-11T06:56:15.630699Z,human_signal,5,605,188,871,362,755,566,318.06,407.24,234.85,human,your_turn,0.561,3.32,148.33,129.41,180.0,76.24,180.0
Negotiation_49,R6,2026-09-11T06:56:15.631416Z,behavior_monitor,5,605,188,871,362,755,566,318.06,407.24,234.85,system,NA,0.561,3.32,148.33,129.41,180.0,76.24,180.0
Negotiation_49,R6,2026-09-11T06:56:15.631980Z,human_signal,5,601,190,869,362,755,566,318.29,406.97,233.77,human,your_turn,0.561,3.32,148.33,129.41,180.0,76.24,180.0
Negotiation_49,R6,2026-09-11T06:56:16.141517Z,behavior_monitor,5,548,266,855,363,706,566,321.35,338.66,251.28,system,NA,0.513,3.32,142.97,0.0,154.65,99.11,180.0
Negotiation_49,R6,2026-09-11T06:56:16.586016Z,agent_signal,5,482,325,855,363,663,566,374.52,301.46,279.54,agent,i_can,0.446,3.32,118.58,0.0,154.65,99.11,180.0
Negotiation_49,R6,2026-09-11T06:56:16.654005Z,behavior_monitor,5,477,334,855,363,656,566,378.49,293.31,284.21,system,NA,0.437,3.32,118.58,0.0,154.65,93.6,180.0
Negotiation_49,R6,2026-09-11T06:56:17.164045Z,behavior_monitor,5,413,409,855,363,605,566,443.9,247.96,321.68,system,NA,0.358,3.32,148.04,0.0,154.65,99.11,180.0
Negotiation_49,R6,2026-09-11T06:56:17.436594Z,human_signal,5,367,437,855,363,578,566,492.72,246.89,343.03,human,your_turn,0.334,3.32,120.85,0.0,154.65,99.11,180.0
Negotiation_49,R6,2026-09-11T06:56:17.437780Z,human_signal,5,366,440,855,363,578,566,494.37,246.47,343.03,human,your_turn,0.333,3.32,120.85,0.0,154.65,99.11,180.0
Negotiation_49,R6,2026-09-11T06:56:17.676829Z,behavior_monitor,5,347,477,855,363,554,566,519.82,225.07,362.32,system,NA,0.302,3.32,93.93,0.0,154.65,99.11,180.0
Negotiation_49,R6,2026-09-11T06:56:18.188736Z,behavior_monitor,5,340,577,855,363,503,570,557.1,163.15,408.04,system,NA,0.227,3.32,93.93,0.0,154.65,169.61,125.75
Negotiation_49,R6,2026-09-11T06:56:18.700036Z,behavior_monitor,5,333,676,855,363,452,640,608.0,124.2,488.57,system,NA,0.17,3.32,93.93,0.0,154.65,169.61,125.75
Negotiation_49,R6,2026-09-11T06:56:19.211028Z,behavior_monitor,5,280,745,855,363,401,710,690.04,126.35,571.17,system,NA,0.155,3.32,164.42,0.0,154.65,169.61,125.75
Negotiation_49,R6,2026-09-11T06:56:19.721907Z,behavior_monitor,5,233,816,855,363,350,781,769.15,122.6,654.85,system,NA,0.137,3.32,92.31,0.0,154.65,169.61,125.75
Negotiation_49,R6,2026-09-11T06:56:20.231637Z,behavior_monitor,5,191,899,855,383,300,851,840.46,118.97,725.67,system,NA,0.124,3.32,146.33,0.0,90.0,169.61,125.75
Negotiation_49,R6,2026-09-11T06:56:20.743087Z,behavior_monitor,5,100,942,838,383,250,910,925.44,153.53,788.95,system,NA,0.142,3.32,176.01,129.41,180.0,99.11,180.0
Negotiation_49,R6,2026-09-11T06:56:20.982453Z,flight_missed,5,48,952,805,383,225,910,946.72,182.29,782.85,system,NA,0.161,3.32,155.88,129.41,180.0,99.11,180.0
Negotiation_49,R6,2026-09-11T06:56:20.983511Z,flight_spawn,6,729,-20,805,383,225,910,410.67,1057.87,782.85,system,NA,0.72,3.53,55.51,129.41,180.0,99.11,180.0
Negotiation_49,R6,2026-09-11T06:56:22.889335Z,agent_signal,6,837,331,874,387,348,739,66.79,636.7,632.98,agent,your_turn,0.905,3.53,80.14,45.43,0.0,130.47,-54.25
Negotiation_49,R6,2026-09-11T06:56:22.907082Z,behavior_monitor,6,837,331,874,387,349,738,66.79,635.09,631.42,system,NA,0.905,3.53,80.14,45.43,0.0,97.85,-54.25
Negotiation_49,R6,2026-09-11T06:56:23.144988Z,shot_hit,6,845,380,853,387,363,719,10.7,589.43,592.24,human,NA,0.982,3.53,80.14,129.41,180.0,97.85,-54.25
Negotiation_49,R6,2026-09-11T06:56:23.146030Z,flight_spawn,7,1088,-20,853,387,363,719,469.92,1035.26,592.24,system,NA,0.688,3.51,124.74,129.41,180.0,97.85,-54.25
Negotiation_49,R6,2026-09-11T06:56:26.612459Z,agent_signal,7,515,308,704,387,546,565,204.55,258.99,237.93,agent,your_turn,0.559,3.51,161.95,129.41,180.0,76.24,180.0
Negotiation_49,R6,2026-09-11T06:56:26.629567Z,behavior_monitor,7,515,308,704,387,545,565,204.55,258.87,238.58,system,NA,0.559,3.51,161.95,129.41,180.0,57.18,180.0
Negotiation_49,R6,2026-09-11T06:56:26.936142Z,human_signal,7,464,345,686,387,528,565,226.04,229.51,238.42,human,your_turn,0.504,3.51,135.46,0.0,180.0,57.18,180.0
Negotiation_49,R6,2026-09-11T06:56:26.937245Z,human_signal,7,462,347,686,387,528,565,227.66,227.75,238.42,human,your_turn,0.5,3.51,135.46,0.0,180.0,57.18,180.0
Negotiation_49,R6,2026-09-11T06:56:27.140409Z,behavior_monitor,7,432,369,686,387,508,565,254.98,210.79,252.28,system,NA,0.453,3.51,136.63,0.0,180.0,99.11,180.0
Negotiation_49,R6,2026-09-11T06:56:27.650899Z,behavior_monitor,7,349,428,686,387,457,565,339.4,174.54,290.12,system,NA,0.34,3.51,159.97,0.0,180.0,99.11,180.0
Negotiation_49,R6,2026-09-11T06:56:27.667761Z,human_signal,7,345,429,686,387,455,565,343.17,174.83,291.46,human,your_turn,0.338,3.51,159.97,0.0,180.0,99.11,180.0
Negotiation_49,R6,2026-09-11T06:56:27.668443Z,human_signal,7,343,430,686,387,455,565,346.03,175.63,291.46,human,your_turn,0.337,3.51,159.97,0.0,180.0,99.11,180.0
Negotiation_49,R6,2026-09-11T06:56:27.888668Z,agent_signal,7,298,438,686,387,433,565,391.47,185.34,309.51,agent,i_can,0.321,3.51,171.47,0.0,180.0,121.07,173.65
Negotiation_49,R6,2026-09-11T06:56:28.163010Z,behavior_monitor,7,247,446,686,387,406,565,442.8,198.55,331.91,system,NA,0.31,3.51,171.47,0.0,180.0,99.11,180.0
Negotiation_49,R6,2026-09-11T06:56:28.332783Z,human_signal,7,215,451,686,387,389,565,475.73,208.41,346.24,human,your_turn,0.305,3.51,171.47,0.0,180.0,99.11,180.0
Negotiation_49,R6,2026-09-11T06:56:28.333692Z,human_signal,7,211,452,686,387,389,565,479.21,211.02,346.24,human,your_turn,0.306,3.51,171.47,0.0,180.0,99.11,180.0
Negotiation_49,R6,2026-09-11T06:56:28.674355Z,behavior_monitor,7,145,471,686,387,355,565,547.21,230.54,375.53,system,NA,0.296,3.51,163.11,0.0,180.0,99.11,180.0
Negotiation_49,R6,2026-09-11T06:56:29.185957Z,behavior_monitor,7,41,491,686,387,305,565,653.22,273.76,420.93,system,NA,0.295,3.51,172.16,0.0,180.0,99.11,180.0
Negotiation_49,R6,2026-09-11T06:56:29.696831Z,behavior_monitor,7,66,510,686,387,254,567,631.61,196.37,467.53,system,NA,0.237,2.14,37.1,0.0,180.0,99.11,180.0
Negotiation_49,R6,2026-09-11T06:56:30.206903Z,behavior_monitor,7,122,538,678,387,205,565,576.14,86.46,505.79,system,NA,0.13,2.14,33.28,77.69,180.0,99.11,180.0
Negotiation_49,R6,2026-09-11T06:56:30.444406Z,human_signal,7,148,555,647,391,181,565,525.51,34.21,497.86,human,your_turn,0.061,2.14,33.28,133.66,165.52,99.11,180.0
Negotiation_49,R6,2026-09-11T06:56:30.445499Z,human_signal,7,151,556,647,391,181,565,522.91,31.6,497.14,human,your_turn,0.057,2.14,33.28,133.66,165.52,99.11,180.0
Negotiation_49,R6,2026-09-11T06:56:30.684360Z,shot_hit,7,178,572,646,392,159,567,501.69,19.93,517.79,agent,NA,0.038,2.14,33.28,0.0,135.33,137.65,90.0
Negotiation_49,R6,2026-09-11T06:56:30.684932Z,flight_spawn,8,792,-20,646,392,159,567,437.45,863.74,517.79,system,NA,0.664,3.18,128.92,0.0,135.33,137.65,90.0
Negotiation_49,R6,2026-09-11T06:56:37.265286Z,agent_signal,8,268,350,251,400,222,563,53.27,218.42,165.7,agent,your_turn,0.804,2.53,41.68,0.0,0.0,76.24,0.0
Negotiation_49,R6,2026-09-11T06:56:37.282235Z,behavior_monitor,8,268,350,251,400,223,563,53.27,218.21,165.53,system,NA,0.804,2.53,41.68,0.0,0.0,57.18,0.0
Negotiation_49,R6,2026-09-11T06:56:37.300073Z,shot_miss,8,271,352,251,400,224,563,52.47,216.82,165.37,human,NA,0.805,2.53,41.68,0.0,0.0,57.18,0.0
Negotiation_49,R6,2026-09-11T06:56:37.606220Z,shot_miss,8,309,371,251,400,241,563,64.88,203.52,163.45,human,NA,0.758,2.53,13.97,0.0,0.0,57.18,0.0
Negotiation_49,R6,2026-09-11T06:56:37.793320Z,behavior_monitor,8,336,380,272,407,252,563,69.12,201.55,157.73,system,NA,0.745,2.53,33.04,131.52,16.53,57.18,0.0
Negotiation_49,R6,2026-09-11T06:56:37.861722Z,shot_miss,8,346,386,281,409,256,563,69.01,199.09,156.03,human,NA,0.743,2.53,33.04,130.79,15.41,57.18,0.0
Negotiation_49,R6,2026-09-11T06:56:38.065492Z,shot_miss,8,371,402,306,416,266,563,66.43,192.84,152.82,human,NA,0.744,2.53,33.04,130.33,14.66,0.0,0.0
Negotiation_49,R6,2026-09-11T06:56:38.252353Z,shot_miss,8,396,417,330,422,266,563,65.94,195.67,155.16,human,NA,0.748,2.53,33.04,130.26,14.55,0.0,0.0
Negotiation_49,R6,2026-09-11T06:56:38.303741Z,behavior_monitor,8,403,421,337,424,265,563,66.09,197.37,156.58,system,NA,0.749,2.53,33.04,130.23,14.49,0.0,170.65
Negotiation_49,R6,2026-09-11T06:56:38.814300Z,behavior_monitor,8,448,477,401,439,280,564,59.75,189.28,173.91,system,NA,0.76,2.53,60.35,133.0,17.17,76.24,0.0
Negotiation_49,R6,2026-09-11T06:56:39.105557Z,human_signal,8,479,501,436,451,302,564,66.09,187.62,174.91,human,your_turn,0.74,2.53,30.8,83.99,29.26,86.53,-6.4
Negotiation_49,R6,2026-09-11T06:56:39.106023Z,human_signal,8,482,503,436,451,302,564,68.71,189.57,174.91,human,your_turn,0.734,2.53,30.8,83.99,29.26,76.24,0.0
Negotiation_49,R6,2026-09-11T06:56:39.327281Z,behavior_monitor,8,506,518,436,451,324,564,96.97,187.64,158.66,system,NA,0.659,2.53,30.8,0.0,29.26,99.11,0.0
Negotiation_49,R6,2026-09-11T06:56:39.547394Z,human_signal,8,537,535,436,451,345,563,130.97,193.39,144.0,human,your_turn,0.596,2.53,30.8,0.0,29.26,99.11,0.0
Negotiation_49,R6,2026-09-11T06:56:39.548478Z,human_signal,8,539,536,436,451,345,563,133.49,195.39,144.0,human,your_turn,0.594,2.53,30.8,0.0,29.26,99.11,0.0
Negotiation_49,R6,2026-09-11T06:56:39.836337Z,behavior_monitor,8,568,553,436,451,374,563,166.93,194.49,127.89,system,NA,0.538,2.53,7.65,0.0,29.26,99.11,0.0
Negotiation_49,R6,2026-09-11T06:56:39.939023Z,agent_signal,8,586,556,436,451,384,563,182.47,201.81,123.3,agent,i_can,0.525,2.53,7.65,0.0,29.26,99.11,0.0
Negotiation_49,R6,2026-09-11T06:56:40.346423Z,behavior_monitor,8,642,567,436,451,425,563,235.92,216.6,112.32,system,NA,0.479,2.53,3.36,0.0,29.26,99.11,0.0
Negotiation_49,R6,2026-09-11T06:56:40.857176Z,behavior_monitor,8,712,585,436,451,475,579,306.48,236.88,134.12,system,NA,0.436,2.53,28.68,0.0,29.26,99.11,0.0
Negotiation_49,R6,2026-09-11T06:56:41.366346Z,behavior_monitor,8,780,621,436,451,526,617,383.42,254.16,188.42,system,NA,0.399,2.53,28.68,0.0,29.26,169.61,54.25
Negotiation_49,R6,2026-09-11T06:56:41.877138Z,behavior_monitor,8,804,687,436,451,576,680,437.21,227.84,268.42,system,NA,0.343,2.53,81.5,0.0,29.26,169.61,54.25
Negotiation_49,R6,2026-09-11T06:56:42.135072Z,human_signal,8,807,725,436,451,602,715,460.75,205.4,311.57,human,your_turn,0.308,2.53,81.5,0.0,29.26,169.61,54.25
Negotiation_49,R6,2026-09-11T06:56:42.136223Z,human_signal,8,807,727,436,451,602,715,462.5,205.85,311.57,human,your_turn,0.308,2.53,81.5,0.0,29.26,169.61,54.25
Negotiation_49,R6,2026-09-11T06:56:42.389585Z,behavior_monitor,8,813,762,436,451,628,751,488.64,185.81,355.46,system,NA,0.275,2.53,109.01,0.0,29.26,169.61,54.25
Negotiation_49,R6,2026-09-11T06:56:42.900121Z,behavior_monitor,8,785,834,436,451,678,821,518.26,108.58,441.78,system,NA,0.173,2.53,109.01,0.0,29.26,169.61,54.25
Negotiation_49,R6,2026-09-11T06:56:43.409338Z,behavior_monitor,8,732,877,436,451,716,873,517.9,15.71,506.26,system,NA,0.029,2.53,165.26,0.0,29.26,169.61,125.75
Negotiation_49,R6,2026-09-11T06:56:43.461813Z,shot_hit,8,722,879,436,451,710,875,514.71,13.17,504.53,agent,NA,0.025,2.53,165.26,0.0,29.26,99.11,180.0
Negotiation_49,R6,2026-09-11T06:56:43.462791Z,flight_spawn,9,348,-20,436,451,710,875,479.88,966.02,504.53,system,NA,0.668,3.27,127.73,0.0,29.26,99.11,180.0
Negotiation_49,R6,2026-09-11T06:56:45.451231Z,agent_signal,9,353,309,322,453,583,698,146.94,451.93,358.66,agent,your_turn,0.755,3.27,57.93,129.41,0.0,130.47,-125.75
Negotiation_49,R6,2026-09-11T06:56:45.468485Z,behavior_monitor,9,353,309,322,453,582,697,146.94,450.27,357.03,system,NA,0.754,3.27,57.93,129.41,0.0,97.85,-125.75
Negotiation_49,R6,2026-09-11T06:56:45.960706Z,shot_miss,9,410,384,385,453,554,658,73.52,310.23,265.49,human,NA,0.808,3.27,37.51,129.41,0.0,97.85,-125.75
Negotiation_49,R6,2026-09-11T06:56:45.977839Z,behavior_monitor,9,413,386,388,453,553,657,71.98,305.35,262.43,system,NA,0.809,3.27,65.67,129.41,0.0,97.85,-125.75
Negotiation_49,R6,2026-09-11T06:56:46.198111Z,shot_miss,9,428,424,416,453,541,639,31.05,242.56,223.79,human,NA,0.887,3.27,65.67,129.41,0.0,97.85,-125.75
Negotiation_49,R6,2026-09-11T06:56:46.422835Z,shot_hit,9,450,463,445,453,539,638,11.3,196.33,207.62,human,NA,0.946,3.27,44.95,122.22,0.0,0.0,152.43
Negotiation_49,R6,2026-09-11T06:56:46.423775Z,flight_spawn,10,797,-20,445,453,539,638,589.93,706.85,207.62,system,NA,0.545,3.29,127.42,122.22,0.0,0.0,152.43
Negotiation_49,R6,2026-09-11T06:56:50.877256Z,agent_signal,10,151,363,109,391,342,564,50.46,277.59,290.43,agent,your_turn,0.846,3.29,69.29,126.24,-90.0,76.24,180.0
Negotiation_49,R6,2026-09-11T06:56:50.894451Z,behavior_monitor,10,151,363,109,391,341,564,50.46,276.93,289.65,system,NA,0.846,3.29,69.29,126.24,-90.0,57.18,180.0
Negotiation_49,R6,2026-09-11T06:56:50.912111Z,shot_miss,10,152,366,109,389,340,564,49.02,273.32,289.72,human,NA,0.848,3.29,69.29,126.24,-90.0,57.18,180.0
Negotiation_49,R6,2026-09-11T06:56:51.149343Z,shot_miss,10,171,409,109,389,327,564,64.27,219.92,278.68,human,NA,0.774,3.29,69.29,0.0,-90.0,57.18,180.0
Negotiation_49,R6,2026-09-11T06:56:51.404547Z,shot_miss,10,167,455,129,403,312,564,64.9,181.19,243.94,human,NA,0.736,3.29,111.98,131.04,31.72,57.18,180.0
Negotiation_49,R6,2026-09-11T06:56:51.405599Z,behavior_monitor,10,167,455,129,403,312,564,64.9,181.19,243.94,system,NA,0.736,3.29,111.98,131.04,31.72,57.18,180.0
Negotiation_49,R6,2026-09-11T06:56:51.846391Z,human_signal,10,137,535,148,413,298,564,122.35,163.62,212.77,human,your_turn,0.572,3.29,111.98,0.0,0.0,0.0,180.0
Negotiation_49,R6,2026-09-11T06:56:51.847246Z,human_signal,10,136,538,148,413,298,564,125.57,164.94,212.77,human,your_turn,0.568,3.29,111.98,0.0,0.0,0.0,180.0
Negotiation_49,R6,2026-09-11T06:56:51.914748Z,behavior_monitor,10,132,547,148,413,292,564,135.01,160.11,208.08,system,NA,0.543,3.29,111.98,0.0,0.0,99.11,180.0
Negotiation_49,R6,2026-09-11T06:56:52.425532Z,behavior_monitor,10,73,621,148,413,241,618,221.95,168.58,224.77,system,NA,0.432,3.29,141.53,0.0,0.0,169.61,125.75
Negotiation_49,R6,2026-09-11T06:56:52.732672Z,agent_signal,10,32,666,148,413,211,655,278.48,179.43,250.12,agent,i_can,0.392,3.29,121.45,0.0,0.0,169.61,125.75
Negotiation_49,R6,2026-09-11T06:56:52.937362Z,behavior_monitor,10,21,697,148,413,191,683,311.15,170.44,273.57,system,NA,0.354,2.99,69.85,0.0,0.0,169.61,125.75
Negotiation_49,R6,2026-09-11T06:56:53.448980Z,behavior_monitor,10,57,779,148,413,140,753,377.56,86.67,340.63,system,NA,0.187,2.99,42.64,0.0,0.0,160.19,125.75
Negotiation_49,R6,2026-09-11T06:56:53.893162Z,shot_hit,10,112,837,148,413,96,817,425.88,26.35,407.36,agent,NA,0.058,2.99,36.82,0.0,0.0,160.19,125.75
Negotiation_49,R6,2026-09-11T06:56:53.894270Z,flight_spawn,11,43,-20,148,413,96,817,446.08,838.94,407.36,system,NA,0.653,3.56,55.86,0.0,0.0,160.19,125.75
Negotiation_49,R6,2026-09-11T06:56:57.142660Z,agent_signal,11,584,310,457,413,286,566,163.26,393.26,230.1,agent,your_turn,0.707,3.56,37.37,129.41,0.0,76.24,0.0
Negotiation_49,R6,2026-09-11T06:56:57.159919Z,behavior_monitor,11,584,310,457,413,286,566,163.26,392.52,229.37,system,NA,0.706,3.56,37.37,129.41,0.0,57.18,0.0
Negotiation_49,R6,2026-09-11T06:56:57.668107Z,behavior_monitor,11,671,374,523,413,316,566,153.14,404.06,257.95,system,NA,0.725,3.56,37.37,129.41,0.0,57.18,0.0
Negotiation_49,R6,2026-09-11T06:56:58.177527Z,behavior_monitor,11,768,415,589,413,330,566,178.92,463.67,301.3,system,NA,0.722,3.56,11.1,137.5,0.0,0.0,0.0
Negotiation_49,R6,2026-09-11T06:56:58.689007Z,behavior_monitor,11,838,484,655,413,329,566,196.18,515.13,359.83,system,NA,0.724,3.56,59.88,129.41,0.0,0.0,-172.18
Negotiation_49,R6,2026-09-11T06:56:59.199973Z,behavior_monitor,11,892,576,721,413,366,569,236.47,525.43,387.59,system,NA,0.69,3.56,59.88,129.41,0.0,130.47,54.25
Negotiation_49,R6,2026-09-11T06:56:59.710716Z,behavior_monitor,11,894,680,787,413,405,623,288.15,492.47,436.11,system,NA,0.631,3.56,115.15,129.41,0.0,130.47,54.25
Negotiation_49,R6,2026-09-11T06:57:00.219225Z,behavior_monitor,11,818,753,853,413,444,677,341.86,381.43,487.08,system,NA,0.527,3.56,142.56,129.41,0.0,130.47,54.25
Negotiation_49,R6,2026-09-11T06:57:00.731033Z,behavior_monitor,11,736,818,864,413,483,732,424.75,267.44,497.07,system,NA,0.386,3.56,142.56,0.0,0.0,130.47,54.25
Negotiation_49,R6,2026-09-11T06:57:01.239491Z,behavior_monitor,11,678,905,864,413,522,785,526.07,196.36,505.51,system,NA,0.272,3.56,147.94,0.0,0.0,130.47,54.25
Negotiation_49,R6,2026-09-11T06:57:01.460156Z,human_signal,11,636,922,864,413,539,809,557.52,148.99,512.15,human,your_turn,0.211,3.56,174.64,0.0,0.0,130.47,54.25
Negotiation_49,R6,2026-09-11T06:57:01.460751Z,human_signal,11,633,922,864,413,539,809,559.14,147.17,512.15,human,your_turn,0.208,3.56,151.24,0.0,0.0,130.47,54.25
Negotiation_49,R6,2026-09-11T06:57:01.751045Z,behavior_monitor,11,582,950,864,413,564,849,606.5,102.06,529.12,system,NA,0.144,3.56,151.24,0.0,0.0,137.65,90.0
Negotiation_49,R6,2026-09-11T06:57:01.768829Z,flight_missed,11,575,953,864,413,561,853,612.46,100.54,534.55,system,NA,0.141,3.56,151.24,0.0,0.0,169.61,125.75
Negotiation_49,R6,2026-09-11T06:57:01.769650Z,flight_spawn,12,906,-20,864,413,561,853,435.39,939.58,534.55,system,NA,0.683,3.43,125.68,0.0,0.0,169.61,125.75
Negotiation_49,R6,2026-09-11T06:57:03.608726Z,agent_signal,12,777,310,807,387,679,689,82.03,391.57,328.92,agent,your_turn,0.827,3.43,126.02,0.0,-131.31,130.47,-54.25
Negotiation_49,R6,2026-09-11T06:57:03.625176Z,behavior_monitor,12,777,310,807,387,680,688,82.03,390.02,327.3,system,NA,0.826,3.43,126.02,0.0,-131.31,97.85,-54.25
Negotiation_49,R6,2026-09-11T06:57:03.863553Z,human_signal,12,750,349,777,379,693,669,40.4,324.78,302.09,human,your_turn,0.889,3.43,126.02,134.22,-164.62,97.85,-54.25
Negotiation_49,R6,2026-09-11T06:57:03.864731Z,human_signal,12,749,352,775,379,693,669,37.81,321.82,301.48,human,your_turn,0.895,3.43,126.02,133.64,-165.54,97.85,-54.25
Negotiation_49,R6,2026-09-11T06:57:04.136690Z,human_signal,12,712,389,747,379,699,631,36.58,242.71,257.03,human,your_turn,0.869,3.43,151.56,47.48,180.0,169.61,-125.75
Negotiation_49,R6,2026-09-11T06:57:04.136926Z,behavior_monitor,12,712,389,747,379,699,631,36.58,242.71,257.03,system,NA,0.869,3.43,151.56,0.0,180.0,169.61,-125.75
Negotiation_49,R6,2026-09-11T06:57:04.137060Z,human_signal,12,710,391,747,379,699,631,39.6,240.95,257.03,human,your_turn,0.859,3.43,151.56,0.0,180.0,169.61,-125.75
Negotiation_49,R6,2026-09-11T06:57:04.647920Z,behavior_monitor,12,623,438,722,393,649,566,108.71,130.5,187.23,system,NA,0.546,3.43,174.16,0.0,90.0,105.3,180.0
Negotiation_49,R6,2026-09-11T06:57:04.731499Z,agent_signal,12,604,440,722,393,640,566,126.27,130.78,190.67,agent,i_can,0.509,3.43,174.16,0.0,90.0,105.3,180.0
Negotiation_49,R6,2026-09-11T06:57:05.151258Z,behavior_monitor,12,522,450,722,393,598,566,207.23,138.39,211.73,system,NA,0.4,3.43,178.18,0.0,90.0,99.11,180.0
Negotiation_49,R6,2026-09-11T06:57:05.490035Z,human_signal,12,462,467,722,393,565,566,269.73,142.39,232.97,human,your_turn,0.346,3.43,103.35,0.0,90.0,99.11,180.0
Negotiation_49,R6,2026-09-11T06:57:05.490785Z,human_signal,12,461,470,722,393,565,566,271.77,140.96,232.97,human,your_turn,0.342,3.43,103.35,0.0,90.0,99.11,180.0
Negotiation_49,R6,2026-09-11T06:57:05.661646Z,behavior_monitor,12,453,500,722,393,548,566,289.16,115.26,244.64,system,NA,0.285,3.43,103.35,0.0,90.0,99.11,180.0
Negotiation_49,R6,2026-09-11T06:57:06.173825Z,behavior_monitor,12,477,600,722,393,497,586,320.47,24.81,295.82,system,NA,0.072,3.43,76.0,0.0,90.0,169.61,125.75
Negotiation_49,R6,2026-09-11T06:57:06.208017Z,shot_hit,12,480,610,722,393,492,593,324.66,20.87,304.23,agent,NA,0.06,3.43,76.0,0.0,90.0,169.61,125.75
Negotiation_49,R6,2026-09-11T06:57:06.208831Z,flight_spawn,13,467,-20,722,393,492,593,485.85,614.24,304.23,system,NA,0.558,3.17,129.06,0.0,90.0,169.61,125.75
Negotiation_49,R6,2026-09-11T06:57:08.094964Z,human_signal,13,253,229,555,393,369,566,344.17,356.36,254.0,human,your_turn,0.509,3.17,93.84,129.41,180.0,76.24,180.0
Negotiation_49,R6,2026-09-11T06:57:08.096364Z,behavior_monitor,13,253,229,555,393,369,566,344.17,356.36,254.0,system,NA,0.509,3.17,93.84,129.41,180.0,76.24,180.0
Negotiation_49,R6,2026-09-11T06:57:08.096801Z,human_signal,13,252,232,553,393,369,566,341.27,353.57,252.39,human,your_turn,0.509,3.17,93.84,129.41,180.0,76.24,180.0
Negotiation_49,R6,2026-09-11T06:57:08.604927Z,behavior_monitor,13,228,319,541,393,318,566,321.24,262.38,281.99,system,NA,0.45,3.17,121.46,0.0,180.0,99.11,180.0
Negotiation_49,R6,2026-09-11T06:57:08.622045Z,agent_signal,13,225,325,541,393,316,566,323.61,257.99,283.32,agent,i_can,0.444,3.17,121.46,0.0,180.0,99.11,180.0
Negotiation_49,R6,2026-09-11T06:57:09.114019Z,behavior_monitor,13,172,395,541,393,267,566,369.18,196.08,323.46,system,NA,0.347,3.17,150.76,0.0,180.0,99.11,180.0
Negotiation_49,R6,2026-09-11T06:57:09.626926Z,behavior_monitor,13,87,436,541,393,217,566,455.76,184.37,367.0,system,NA,0.288,3.17,171.67,0.0,180.0,99.11,180.0
Negotiation_49,R6,2026-09-11T06:57:10.136485Z,behavior_monitor,13,24,482,504,393,167,566,487.91,165.82,378.79,system,NA,0.254,3.17,78.31,0.0,180.0,99.11,180.0
Negotiation_49,R6,2026-09-11T06:57:10.646305Z,behavior_monitor,13,22,574,504,393,116,569,514.36,93.68,425.74,system,NA,0.154,3.17,103.93,0.0,180.0,169.61,125.75
Negotiation_49,R6,2026-09-11T06:57:11.141973Z,shot_hit,13,58,653,504,393,65,639,515.99,15.4,503.01,agent,NA,0.029,3.08,52.62,0.0,180.0,169.61,125.75
Negotiation_49,R6,2026-09-11T06:57:11.142967Z,flight_spawn,14,812,-20,504,393,65,639,515.86,996.33,503.01,system,NA,0.659,3.5,55.2,0.0,180.0,169.61,125.75
Negotiation_49,R6,2026-09-11T06:57:14.646686Z,agent_signal,14,1242,349,844,528,305,565,435.79,961.55,540.93,agent,your_turn,0.688,3.5,97.34,131.55,20.98,76.24,0.0
Negotiation_49,R6,2026-09-11T06:57:14.663531Z,behavior_monitor,14,1242,349,844,528,306,565,435.79,960.6,539.96,system,NA,0.688,3.5,97.34,131.55,20.98,57.18,0.0
Negotiation_49,R6,2026-09-11T06:57:15.173472Z,behavior_monitor,14,1294,437,907,552,334,565,403.38,967.68,572.68,system,NA,0.706,3.5,76.76,131.47,20.88,57.18,0.0
Negotiation_49,R6,2026-09-11T06:57:15.685459Z,behavior_monitor,14,1314,540,970,576,348,565,346.02,965.99,621.67,system,NA,0.736,3.5,76.76,131.47,20.88,0.0,0.0
Negotiation_49,R6,2026-09-11T06:57:16.195425Z,behavior_monitor,14,1330,640,1032,600,366,590,300.48,965.39,666.38,system,NA,0.763,3.5,80.54,131.47,20.88,130.47,54.25
Negotiation_49,R6,2026-09-11T06:57:16.704849Z,behavior_monitor,14,1329,743,1095,624,405,644,262.42,929.15,690.05,system,NA,0.78,3.5,75.04,132.28,21.78,130.47,54.25
Negotiation_49,R6,2026-09-11T06:57:17.215912Z,behavior_monitor,14,1345,845,1146,665,444,698,268.02,912.63,702.91,system,NA,0.773,3.5,124.89,128.11,60.8,130.47,54.25
Negotiation_49,R6,2026-09-11T06:57:17.726134Z,behavior_monitor,14,1308,940,1177,722,483,752,254.78,846.73,694.59,system,NA,0.769,3.5,101.61,127.9,62.27,130.47,54.25
Negotiation_49,R6,2026-09-11T06:57:17.777553Z,flight_missed,14,1308,954,1181,730,488,760,257.57,842.43,693.43,system,NA,0.766,3.5,101.61,127.9,62.27,130.47,54.25
Negotiation_49,R6,2026-09-11T06:57:17.778530Z,flight_spawn,15,447,-20,1181,730,488,760,1049.66,781.21,693.43,system,NA,0.427,2.85,45.43,127.9,62.27,130.47,54.25
Negotiation_49,R6,2026-09-11T06:57:18.918196Z,human_signal,15,522,139,1149,716,491,681,851.86,542.95,659.18,human,your_turn,0.389,2.85,73.26,0.0,-90.0,130.47,-54.25
Negotiation_49,R6,2026-09-11T06:57:18.918778Z,behavior_monitor,15,522,139,1149,716,491,681,851.86,542.95,659.18,system,NA,0.389,2.85,73.26,0.0,-90.0,130.47,-54.25
Negotiation_49,R6,2026-09-11T06:57:18.919223Z,human_signal,15,523,141,1149,716,491,681,849.26,540.28,659.18,human,your_turn,0.389,2.85,46.54,0.0,-90.0,130.47,-54.25
Negotiation_49,R6,2026-09-11T06:57:19.429034Z,behavior_monitor,15,584,201,1149,716,541,611,763.84,411.85,616.64,system,NA,0.35,2.85,46.54,0.0,-90.0,169.61,-54.25
Negotiation_49,R6,2026-09-11T06:57:19.939112Z,behavior_monitor,15,649,263,1149,716,592,566,674.2,308.41,576.93,system,NA,0.314,2.85,46.54,0.0,-90.0,99.11,0.0
Negotiation_49,R6,2026-09-11T06:57:20.381135Z,agent_signal,15,703,312,1149,716,635,566,601.48,262.76,535.07,agent,i_can,0.304,2.85,46.09,0.0,-90.0,93.6,0.0
Negotiation_49,R6,2026-09-11T06:57:20.449810Z,behavior_monitor,15,708,318,1149,716,642,566,593.41,256.43,528.6,system,NA,0.302,2.85,46.09,0.0,-90.0,99.11,0.0
Negotiation_49,R6,2026-09-11T06:57:20.857179Z,human_signal,15,755,367,1149,716,682,566,525.7,211.31,489.95,human,your_turn,0.287,2.85,46.09,0.0,-90.0,99.11,0.0
Negotiation_49,R6,2026-09-11T06:57:20.858282Z,human_signal,15,757,370,1149,716,682,566,522.83,210.1,489.95,human,your_turn,0.287,2.85,46.09,0.0,-90.0,99.11,0.0
Negotiation_49,R6,2026-09-11T06:57:20.960072Z,behavior_monitor,15,767,380,1149,716,692,566,508.55,200.49,480.34,system,NA,0.283,2.85,46.09,0.0,-90.0,99.11,0.0
Negotiation_49,R6,2026-09-11T06:57:21.471507Z,behavior_monitor,15,804,451,1149,716,743,566,434.88,130.28,432.08,system,NA,0.231,2.85,90.68,0.0,-90.0,99.11,0.0
Negotiation_49,R6,2026-09-11T06:57:21.980997Z,behavior_monitor,15,766,517,1149,716,754,566,431.05,50.57,422.47,system,NA,0.105,2.85,142.04,0.0,-90.0,99.11,180.0
Negotiation_49,R6,2026-09-11T06:57:22.016001Z,shot_miss,15,760,522,1149,716,749,566,434.55,45.1,427.2,agent,NA,0.094,2.85,142.04,0.0,-90.0,99.11,180.0
Negotiation_49,R6,2026-09-11T06:57:22.202290Z,shot_hit,15,735,542,1149,716,730,566,448.77,24.98,444.61,agent,NA,0.053,2.85,142.04,0.0,-90.0,99.11,180.0
Negotiation_49,R6,2026-09-11T06:57:22.203082Z,flight_spawn,16,438,-20,1149,716,730,566,1023.24,655.39,444.61,system,NA,0.39,3.27,127.7,0.0,-90.0,99.11,180.0
Negotiation_49,R6,2026-09-11T06:57:23.716206Z,human_signal,16,349,212,981,695,647,566,794.86,462.6,357.72,human,your_turn,0.368,3.27,73.47,133.58,-165.64,76.24,180.0
Negotiation_49,R6,2026-09-11T06:57:23.717239Z,behavior_monitor,16,349,212,981,695,647,566,794.86,462.6,357.72,system,NA,0.368,3.27,73.47,133.58,-165.64,76.24,180.0
Negotiation_49,R6,2026-09-11T06:57:23.717614Z,human_signal,16,349,215,979,695,647,566,790.88,459.93,355.66,human,your_turn,0.368,3.27,73.47,133.58,-165.64,76.24,180.0
Negotiation_49,R6,2026-09-11T06:57:24.227118Z,behavior_monitor,16,319,301,969,695,596,566,760.54,384.24,394.46,system,NA,0.336,3.27,125.88,0.0,180.0,99.11,180.0
Negotiation_49,R6,2026-09-11T06:57:24.737733Z,behavior_monitor,16,259,380,969,695,545,565,777.04,340.98,443.24,system,NA,0.305,3.27,125.88,0.0,180.0,99.11,180.0
Negotiation_49,R6,2026-09-11T06:57:24.822281Z,agent_signal,16,249,396,969,695,537,565,779.96,334.01,451.3,agent,i_can,0.3,3.27,100.54,0.0,180.0,99.11,180.0
Negotiation_49,R6,2026-09-11T06:57:25.246615Z,behavior_monitor,16,269,463,969,695,495,565,737.55,247.72,491.78,system,NA,0.251,3.27,21.72,0.0,180.0,99.11,180.0
Negotiation_49,R6,2026-09-11T06:57:25.757546Z,behavior_monitor,16,333,524,969,695,445,564,658.75,118.85,540.35,system,NA,0.153,3.27,63.1,0.0,180.0,99.11,180.0
Negotiation_49,R6,2026-09-11T06:57:26.268094Z,behavior_monitor,16,348,620,969,695,394,601,625.61,49.82,582.35,system,NA,0.074,3.27,63.01,0.0,180.0,169.61,125.75
Negotiation_49,R6,2026-09-11T06:57:26.540103Z,shot_hit,16,369,670,969,695,366,641,600.05,28.94,605.83,agent,NA,0.046,3.27,60.7,0.0,180.0,169.61,125.75
Negotiation_49,R6,2026-09-11T06:57:26.541221Z,flight_spawn,17,873,-20,969,695,366,641,721.77,833.71,605.83,system,NA,0.536,3.16,129.2,0.0,180.0,169.61,125.75
Negotiation_49,R6,2026-09-11T06:57:29.077564Z,agent_signal,17,586,310,969,695,531,566,543.27,261.85,456.18,agent,i_can,0.325,3.16,105.98,0.0,180.0,76.24,0.0
Negotiation_49,R6,2026-09-11T06:57:29.094062Z,behavior_monitor,17,586,310,969,695,533,566,543.27,261.51,454.57,system,NA,0.325,3.16,105.98,0.0,180.0,99.11,0.0
Negotiation_49,R6,2026-09-11T06:57:29.298785Z,human_signal,17,565,342,969,695,547,566,536.9,224.72,440.93,human,your_turn,0.295,3.16,132.03,0.0,180.0,0.0,0.0
Negotiation_49,R6,2026-09-11T06:57:29.299373Z,human_signal,17,562,344,969,695,547,566,537.48,222.18,440.93,human,your_turn,0.292,3.16,132.03,0.0,180.0,0.0,0.0
Negotiation_49,R6,2026-09-11T06:57:29.604798Z,behavior_monitor,17,516,372,969,695,517,566,556.51,193.57,470.01,system,NA,0.258,3.16,152.89,0.0,180.0,99.11,180.0
Negotiation_49,R6,2026-09-11T06:57:30.115464Z,behavior_monitor,17,430,407,969,695,467,566,610.84,162.34,518.76,system,NA,0.21,3.16,146.56,0.0,180.0,99.11,180.0
Negotiation_49,R6,2026-09-11T06:57:30.625972Z,behavior_monitor,17,352,460,930,684,416,565,619.48,123.27,527.62,system,NA,0.166,3.16,146.56,134.32,-164.47,99.11,180.0
Negotiation_49,R6,2026-09-11T06:57:31.137428Z,behavior_monitor,17,270,508,870,667,366,565,620.85,111.19,514.79,system,NA,0.152,3.16,167.51,0.0,180.0,99.11,180.0
Negotiation_49,R6,2026-09-11T06:57:31.648789Z,behavior_monitor,17,176,528,833,667,315,565,671.63,143.78,528.04,system,NA,0.176,3.16,167.51,129.41,180.0,99.11,180.0
Negotiation_49,R6,2026-09-11T06:57:32.158190Z,behavior_monitor,17,95,567,767,667,265,564,679.63,170.01,512.69,system,NA,0.2,3.16,170.82,129.41,180.0,99.11,180.0
Negotiation_49,R6,2026-09-11T06:57:32.667519Z,behavior_monitor,17,28,582,701,667,215,578,678.44,186.9,494.32,system,NA,0.216,1.94,15.08,129.41,180.0,169.61,125.75
Negotiation_49,R6,2026-09-11T06:57:33.178693Z,behavior_monitor,17,81,602,635,667,164,597,558.4,83.94,476.0,system,NA,0.131,1.94,41.09,129.41,180.0,99.11,180.0
Negotiation_49,R6,2026-09-11T06:57:33.639249Z,shot_hit,17,118,637,574,667,117,632,456.85,4.76,457.45,agent,NA,0.01,1.94,15.5,129.41,180.0,169.61,125.75
Negotiation_49,R6,2026-09-11T06:57:33.639904Z,flight_spawn,18,677,-20,574,667,117,632,695.77,859.96,457.45,system,NA,0.553,2.83,45.0,129.41,180.0,169.61,125.75
Negotiation_49,R6,2026-09-11T06:57:37.109662Z,agent_signal,18,811,370,808,610,332,566,239.6,516.52,477.68,agent,your_turn,0.683,2.83,79.36,0.0,0.0,76.24,0.0
Negotiation_49,R6,2026-09-11T06:57:37.125914Z,behavior_monitor,18,811,370,808,610,333,566,239.6,515.62,476.71,system,NA,0.683,2.83,79.36,47.29,-90.0,57.18,0.0
Negotiation_49,R6,2026-09-11T06:57:37.635098Z,behavior_monitor,18,815,453,790,550,362,566,99.98,466.51,428.02,system,NA,0.824,2.83,115.81,129.41,-90.0,57.18,0.0
Negotiation_49,R6,2026-09-11T06:57:37.754108Z,shot_miss,18,807,471,791,534,369,566,65.53,447.94,423.17,human,NA,0.872,2.83,115.81,129.41,-90.0,57.18,0.0
Negotiation_49,R6,2026-09-11T06:57:38.094127Z,shot_hit,18,806,527,811,509,376,566,18.69,431.77,439.22,human,NA,0.959,2.83,88.83,0.0,-90.0,0.0,0.0
Negotiation_49,R6,2026-09-11T06:57:38.095185Z,flight_spawn,19,1015,-20,811,509,376,566,567.43,867.31,439.22,system,NA,0.605,3.11,129.98,0.0,-90.0,0.0,0.0
Negotiation_49,R6,2026-09-11T06:57:40.612207Z,shot_miss,19,913,410,906,453,522,565,43.67,420.81,399.94,human,NA,0.906,3.11,89.94,34.56,-90.0,76.24,0.0
Negotiation_49,R6,2026-09-11T06:57:40.799334Z,agent_signal,19,917,447,906,453,537,565,12.57,398.62,386.28,agent,your_turn,0.969,3.11,67.97,0.0,-90.0,76.24,0.0
Negotiation_49,R6,2026-09-11T06:57:40.816102Z,behavior_monitor,19,917,447,906,453,538,565,12.57,397.69,385.35,system,NA,0.969,3.11,67.97,0.0,-90.0,57.18,0.0
Negotiation_49,R6,2026-09-11T06:57:40.969298Z,shot_miss,19,927,473,906,453,546,565,28.81,391.61,376.99,human,NA,0.931,3.11,67.97,0.0,-90.0,57.18,0.0
Negotiation_49,R6,2026-09-11T06:57:41.190153Z,shot_miss,19,943,510,906,453,559,566,68.38,388.16,365.13,human,NA,0.85,3.11,67.97,0.0,-90.0,57.18,0.0
Negotiation_49,R6,2026-09-11T06:57:41.326711Z,behavior_monitor,19,953,534,908,454,567,565,91.99,388.04,359.01,system,NA,0.808,3.11,68.97,108.89,30.0,57.18,0.0
Negotiation_49,R6,2026-09-11T06:57:41.835279Z,behavior_monitor,19,984,621,935,512,581,567,119.35,406.74,358.75,system,NA,0.773,3.11,68.97,132.51,75.06,0.0,-13.49
Negotiation_49,R6,2026-09-11T06:57:42.345935Z,behavior_monitor,19,1015,708,954,577,591,582,144.22,442.48,363.5,system,NA,0.754,3.11,68.97,135.06,70.94,130.47,54.25
Negotiation_49,R6,2026-09-11T06:57:42.856344Z,behavior_monitor,19,1089,754,980,642,630,636,156.83,473.99,349.41,system,NA,0.751,3.11,6.94,136.9,67.87,130.47,54.25
Negotiation_49,R6,2026-09-11T06:57:43.366842Z,behavior_monitor,19,1173,784,1013,662,669,690,201.06,512.42,344.97,system,NA,0.718,3.11,36.2,132.12,28.59,130.47,54.25
Negotiation_49,R6,2026-09-11T06:57:43.878470Z,behavior_monitor,19,1251,839,1068,702,708,744,228.81,551.37,362.12,system,NA,0.707,3.11,36.2,135.29,38.03,130.47,54.25
Negotiation_49,R6,2026-09-11T06:57:44.388710Z,behavior_monitor,19,1327,890,1099,727,747,798,280.26,586.59,358.68,system,NA,0.677,3.11,30.97,0.0,27.6,130.47,54.25
Negotiation_49,R6,2026-09-11T06:57:44.896942Z,behavior_monitor,19,1412,920,1118,762,786,852,334.0,629.46,343.77,system,NA,0.653,3.11,68.49,138.27,58.0,130.47,54.25
Negotiation_49,R6,2026-09-11T06:57:45.068171Z,flight_missed,19,1425,952,1132,784,800,872,338.11,629.62,342.78,system,NA,0.651,3.11,68.49,138.73,57.7,130.47,54.25
Negotiation_49,R6,2026-09-11T06:57:45.069260Z,flight_spawn,20,619,-20,1132,784,800,872,953.81,910.59,342.78,system,NA,0.488,2.83,45.0,138.73,57.7,130.47,54.25
Negotiation_49,R6,2026-09-11T06:57:51.018756Z,agent_signal,20,1414,438,1422,721,1082,566,283.18,355.86,373.59,agent,your_turn,0.557,2.83,37.77,129.41,-90.0,76.24,0.0
Negotiation_49,R6,2026-09-11T06:57:51.034868Z,behavior_monitor,20,1414,438,1422,721,1083,566,283.18,354.84,372.26,system,NA,0.556,2.83,37.77,129.41,-90.0,78.97,19.51
Negotiation_49,R6,2026-09-11T06:57:51.545648Z,behavior_monitor,20,1431,473,1424,655,1112,566,182.32,331.55,324.25,system,NA,0.645,1.75,162.9,135.43,-70.43,57.18,0.0
Negotiation_49,R6,2026-09-11T06:57:52.055948Z,behavior_monitor,20,1379,488,1429,591,1126,566,114.1,264.23,303.64,system,NA,0.698,1.75,162.9,131.27,-112.62,0.0,0.0
Negotiation_49,R6,2026-09-11T06:57:52.527116Z,shot_miss,20,1335,511,1385,542,1138,566,58.82,205.25,248.86,human,NA,0.777,1.75,166.88,138.19,-147.34,76.24,0.0
Negotiation_49,R6,2026-09-11T06:57:52.559835Z,behavior_monitor,20,1333,512,1381,540,1140,566,56.26,199.77,242.39,system,NA,0.78,1.75,166.88,136.08,-153.28,76.24,0.0
Negotiation_49,R6,2026-09-11T06:57:52.797375Z,shot_miss,20,1309,518,1351,540,1158,566,47.27,158.25,194.13,human,NA,0.77,1.75,163.48,129.41,180.0,76.24,0.0
Negotiation_49,R6,2026-09-11T06:57:53.019855Z,shot_miss,20,1285,524,1322,540,1175,566,39.98,118.14,149.47,human,NA,0.747,1.75,163.48,129.41,180.0,76.24,0.0
Negotiation_49,R6,2026-09-11T06:57:53.070248Z,behavior_monitor,20,1280,526,1316,540,1179,566,38.46,108.78,139.15,system,NA,0.739,1.75,163.48,129.41,180.0,76.24,0.0
Negotiation_49,R6,2026-09-11T06:57:53.549020Z,shot_miss,20,1232,538,1298,532,1213,566,65.94,34.14,91.39,agent,NA,0.341,1.75,145.2,132.35,-107.85,0.0,0.0
Negotiation_49,R6,2026-09-11T06:57:53.583613Z,behavior_monitor,20,1231,539,1297,530,1213,566,66.32,32.89,91.54,system,NA,0.332,1.75,145.2,136.45,-108.48,0.0,0.0
Negotiation_49,R6,2026-09-11T06:57:53.787327Z,shot_hit,20,1212,551,1295,502,1199,566,96.87,20.14,116.11,agent,NA,0.172,1.75,167.73,129.41,-90.0,76.24,180.0
