user_id,round_id,timestamp,event_type,flight_id,flight_x,flight_y,human_x,human_y,agent_x,agent_y,dist_human_flight,dist_agent_flight,dist_human_agent,triggered_by,signal_type,dir_ratio,flight_speed,flight_angle,human_speed,human_direction,agent_speed,agent_direction
Negotiation_2,R1,2026-08-10T10:24:06.949750Z,flight_spawn,1,885,-20,438,776,823,660,913.03,683.62,401.66,system,NA,0.428,3.28,127.53,0.0,0.0,0.0,54.25
Negotiation_2,R1,2026-08-10T11:52:46.292302Z,human_signal,1,634,229,953,764,496,575,623.1,372.17,494.99,human,your_turn,0.374,3.28,168.82,0.0,180.0,130.47,-54.25
Negotiation_2,R1,2026-08-10T11:52:46.300318Z,behavior_monitor,1,634,229,953,764,496,575,623.1,372.17,494.99,system,NA,0.374,3.28,168.82,0.0,180.0,130.47,-54.25
Negotiation_2,R1,2026-08-10T11:52:46.300689Z,human_signal,1,631,230,953,764,496,575,624.09,370.49,494.99,human,your_turn,0.373,3.28,168.82,0.0,180.0,130.47,-54.25
Negotiation_2,R1,2026-08-10T11:52:46.815532Z,behavior_monitor,1,536,258,942,764,526,566,648.32,308.47,460.56,system,NA,0.322,3.28,164.2,129.41,180.0,87.67,180.0
Negotiation_2,R1,2026-08-10T11:52:47.323495Z,behavior_monitor,1,449,302,876,776,481,566,637.84,266.26,446.85,system,NA,0.295,3.28,140.09,134.25,164.57,87.67,180.0
Negotiation_2,R1,2026-08-10T11:52:47.825026Z,behavior_monitor,1,371,365,810,794,436,566,613.6,211.54,437.37,system,NA,0.256,3.28,140.09,134.3,164.49,66.45,177.35
Negotiation_2,R1,2026-08-10T11:52:48.077999Z,agent_signal,1,332,399,775,804,414,566,599.77,186.35,432.01,agent,i_can,0.237,3.28,140.09,134.35,164.42,87.67,180.0
Negotiation_2,R1,2026-08-10T11:52:48.333799Z,behavior_monitor,1,295,428,744,812,392,566,590.36,168.13,429.67,system,NA,0.222,3.28,140.09,134.35,164.42,87.67,180.0
Negotiation_2,R1,2026-08-10T11:52:48.844898Z,behavior_monitor,1,248,511,678,831,347,566,535.25,112.77,423.67,system,NA,0.174,3.28,116.63,134.35,164.42,87.67,180.0
Negotiation_2,R1,2026-08-10T11:52:49.354070Z,behavior_monitor,1,210,601,612,849,302,587,471.86,92.93,405.52,system,NA,0.165,3.28,113.61,134.35,164.42,150.04,125.75
Negotiation_2,R1,2026-08-10T11:52:49.858070Z,behavior_monitor,1,160,682,546,868,258,650,428.45,102.99,361.32,system,NA,0.194,3.28,141.88,134.46,164.25,150.04,125.75
Negotiation_2,R1,2026-08-10T11:52:50.366695Z,behavior_monitor,1,83,742,480,886,213,711,422.15,133.71,319.38,system,NA,0.241,3.28,141.88,134.61,164.03,150.04,125.75
Negotiation_2,R1,2026-08-10T11:52:50.871569Z,behavior_monitor,1,28,800,414,906,168,773,399.95,142.37,279.3,system,NA,0.263,2.47,48.82,135.3,163.04,150.04,125.75
Negotiation_2,R1,2026-08-10T11:52:51.376803Z,behavior_monitor,1,54,867,399,871,123,834,344.61,76.02,278.28,system,NA,0.181,2.47,50.98,137.77,-64.54,150.04,125.75
Negotiation_2,R1,2026-08-10T11:52:51.767474Z,shot_hit,1,91,910,435,828,87,884,353.85,26.73,352.98,agent,NA,0.07,2.47,24.69,139.26,-31.14,150.04,125.75
Negotiation_2,R1,2026-08-10T11:52:51.768462Z,flight_spawn,2,668,-20,435,828,87,884,879.64,1074.96,352.98,system,NA,0.55,3.17,129.19,139.26,-31.14,150.04,125.75
Negotiation_2,R1,2026-08-10T11:52:53.833824Z,human_signal,2,347,167,378,720,170,768,554.52,626.55,212.61,human,i_can,0.53,3.17,137.15,128.51,-158.42,123.22,-54.25
Negotiation_2,R1,2026-08-10T11:52:53.850857Z,behavior_monitor,2,347,167,378,720,172,766,554.52,624.45,210.95,system,NA,0.53,3.17,137.15,136.05,-158.69,130.47,-54.25
Negotiation_2,R1,2026-08-10T11:52:54.360479Z,behavior_monitor,2,339,258,312,704,210,712,446.61,471.84,102.03,system,NA,0.514,3.17,92.07,133.83,-165.24,130.47,-54.25
Negotiation_2,R1,2026-08-10T11:52:54.462817Z,conflict,2,341,280,297,699,219,699,420.98,436.53,77.96,system,NA,0.509,3.17,65.93,135.34,-159.43,130.47,-54.25
Negotiation_2,R1,2026-08-10T11:52:54.867166Z,behavior_monitor,2,374,347,297,699,219,699,360.57,385.34,77.96,system,NA,0.517,3.17,65.93,0.0,-150.23,0.0,-54.25
Negotiation_2,R1,2026-08-10T11:52:55.375818Z,behavior_monitor,2,402,435,321,676,244,656,254.68,272.58,80.02,system,NA,0.517,3.17,90.17,76.31,-42.64,126.85,-56.58
Negotiation_2,R1,2026-08-10T11:52:55.477368Z,conflict,2,401,457,328,670,252,644,225.53,239.03,79.92,system,NA,0.515,3.17,90.17,74.46,-42.89,128.47,-55.51
Negotiation_2,R1,2026-08-10T11:52:55.883869Z,behavior_monitor,2,384,520,328,670,252,644,160.4,180.64,79.92,system,NA,0.53,3.17,168.47,0.0,-44.16,0.0,-54.25
Negotiation_2,R1,2026-08-10T11:52:56.392641Z,behavior_monitor,2,295,541,351,655,278,600,127.4,61.81,91.04,system,NA,0.327,3.17,167.63,47.33,-69.67,130.47,-125.75
Negotiation_2,R1,2026-08-10T11:52:56.559885Z,shot_hit,2,260,549,348,646,264,581,130.97,32.13,106.45,agent,NA,0.197,3.17,166.64,59.43,-120.22,130.47,-125.75
Negotiation_2,R1,2026-08-10T11:52:56.560399Z,flight_spawn,3,626,-20,348,646,264,581,722.64,701.94,106.45,system,NA,0.493,3.25,127.94,59.43,-120.22,130.47,-125.75
Negotiation_2,R1,2026-08-10T11:52:56.983372Z,conflict,3,557,21,325,632,264,581,653.86,631.85,79.55,system,NA,0.491,3.25,150.35,64.71,180.0,0.0,-125.75
Negotiation_2,R1,2026-08-10T11:53:00.760030Z,agent_signal,3,35,396,222,804,129,565,447.96,192.96,256.01,agent,i_can,0.301,2.61,56.25,129.41,180.0,76.24,180.0
Negotiation_2,R1,2026-08-10T11:53:00.776671Z,behavior_monitor,3,35,396,222,804,128,565,447.96,192.74,256.09,system,NA,0.301,2.61,56.25,129.41,180.0,66.82,162.62
Negotiation_2,R1,2026-08-10T11:53:01.283783Z,behavior_monitor,3,100,439,195,814,84,566,386.99,127.25,272.82,system,NA,0.247,2.61,32.5,135.73,21.9,87.67,180.0
Negotiation_2,R1,2026-08-10T11:53:01.793866Z,behavior_monitor,3,174,458,261,820,124,565,372.65,118.25,289.75,system,NA,0.241,2.61,4.65,129.41,0.0,87.67,0.0
Negotiation_2,R1,2026-08-10T11:53:02.298978Z,behavior_monitor,3,242,485,313,820,169,564,342.7,108.19,293.6,system,NA,0.24,2.61,71.73,55.68,0.0,93.15,0.0
Negotiation_2,R1,2026-08-10T11:53:02.450061Z,human_signal,3,250,507,321,820,182,564,321.0,88.36,290.97,human,your_turn,0.216,2.61,71.73,55.26,0.0,93.15,0.0
Negotiation_2,R1,2026-08-10T11:53:02.450641Z,human_signal,3,250,509,322,820,182,564,318.76,86.86,291.39,human,your_turn,0.214,2.61,71.73,51.85,0.0,87.67,0.0
Negotiation_2,R1,2026-08-10T11:53:02.803821Z,behavior_monitor,3,260,560,334,820,214,564,270.1,46.28,282.66,system,NA,0.146,2.61,67.92,0.0,0.0,87.67,0.0
Negotiation_2,R1,2026-08-10T11:53:03.005118Z,shot_hit,3,264,592,328,820,234,583,236.46,32.3,255.23,agent,NA,0.12,2.61,114.75,81.87,180.0,150.04,54.25
Negotiation_2,R1,2026-08-10T11:53:03.005635Z,flight_spawn,4,827,-20,328,820,234,583,977.37,845.98,255.23,system,NA,0.464,2.83,135.0,81.87,180.0,150.04,54.25
Negotiation_2,R1,2026-08-10T11:53:06.057766Z,human_signal,4,374,168,449,828,370,566,664.8,397.72,274.59,human,i_can,0.374,2.83,143.26,78.07,90.0,76.24,180.0
Negotiation_2,R1,2026-08-10T11:53:06.075135Z,behavior_monitor,4,374,168,449,828,368,566,664.8,397.74,274.97,system,NA,0.374,2.83,143.26,76.8,90.0,76.24,180.0
Negotiation_2,R1,2026-08-10T11:53:06.582194Z,behavior_monitor,4,334,240,430,861,329,566,627.56,325.68,311.16,system,NA,0.342,2.83,116.75,147.62,149.75,81.0,180.0
Negotiation_2,R1,2026-08-10T11:53:07.090066Z,behavior_monitor,4,326,324,368,874,308,564,551.7,241.03,315.49,system,NA,0.304,2.83,91.68,93.71,180.0,0.0,-135.65
Negotiation_2,R1,2026-08-10T11:53:07.190723Z,agent_signal,4,327,344,360,870,308,564,527.25,221.41,309.91,agent,i_can,0.296,2.83,91.68,74.5,-142.33,0.0,9.74
Negotiation_2,R1,2026-08-10T11:53:07.596462Z,behavior_monitor,4,362,397,333,833,335,565,436.51,169.9,267.93,system,NA,0.28,2.83,64.51,153.2,-116.17,93.15,0.0
Negotiation_2,R1,2026-08-10T11:53:08.104426Z,behavior_monitor,4,410,467,386,796,379,565,330.41,102.5,231.76,system,NA,0.237,2.83,46.97,130.11,0.0,93.15,0.0
Negotiation_2,R1,2026-08-10T11:53:08.610633Z,behavior_monitor,4,465,529,431,797,424,565,270.84,54.72,232.89,system,NA,0.168,2.83,46.97,133.53,14.28,87.67,0.0
Negotiation_2,R1,2026-08-10T11:53:08.863790Z,shot_miss,4,493,562,466,807,448,565,246.32,45.59,242.41,agent,NA,0.156,2.83,46.97,133.82,14.76,87.67,0.0
Negotiation_2,R1,2026-08-10T11:53:09.118718Z,behavior_monitor,4,521,591,497,815,469,586,225.23,52.4,230.83,system,NA,0.189,2.83,46.97,133.68,14.52,150.04,54.25
Negotiation_2,R1,2026-08-10T11:53:09.119711Z,shot_miss,4,522,593,499,815,470,588,223.65,52.3,229.42,agent,NA,0.19,2.83,46.97,133.68,14.52,150.04,54.25
Negotiation_2,R1,2026-08-10T11:53:09.628951Z,behavior_monitor,4,601,615,563,819,514,610,207.06,87.33,214.03,system,NA,0.297,2.83,18.99,129.41,0.0,87.67,0.0
Negotiation_2,R1,2026-08-10T11:53:10.137766Z,behavior_monitor,4,677,644,629,819,558,640,181.2,119.03,192.41,system,NA,0.396,2.83,12.92,129.41,0.0,150.04,54.25
Negotiation_2,R1,2026-08-10T11:53:10.645938Z,behavior_monitor,4,759,671,695,819,603,666,160.99,155.45,177.63,system,NA,0.491,2.83,33.17,137.5,0.0,159.42,54.25
Negotiation_2,R1,2026-08-10T11:53:11.154128Z,behavior_monitor,4,808,740,761,819,648,727,91.6,160.29,145.74,system,NA,0.636,2.83,55.43,129.41,0.0,150.04,54.25
Negotiation_2,R1,2026-08-10T11:53:11.561128Z,human_signal,4,842,798,816,819,683,776,33.23,160.39,139.39,human,i_can,0.828,2.83,55.43,129.41,0.0,150.04,54.25
Negotiation_2,R1,2026-08-10T11:53:11.663498Z,behavior_monitor,4,844,812,827,819,690,787,18.97,155.93,139.95,system,NA,0.892,2.83,82.39,129.41,0.0,130.47,54.25
Negotiation_2,R1,2026-08-10T11:53:11.697021Z,human_signal,4,845,820,833,819,693,790,11.43,154.5,143.1,human,i_can,0.931,2.83,82.39,129.41,0.0,130.47,54.25
Negotiation_2,R1,2026-08-10T11:53:11.849592Z,human_signal,4,854,844,853,819,705,807,25.63,153.98,148.91,human,i_can,0.857,2.83,59.8,129.41,0.0,130.47,54.25
Negotiation_2,R1,2026-08-10T11:53:12.171851Z,behavior_monitor,4,879,888,893,819,729,841,70.91,157.26,164.9,system,NA,0.689,2.83,59.8,129.41,0.0,130.47,54.25
Negotiation_2,R1,2026-08-10T11:53:12.306869Z,agent_signal,4,892,910,910,819,740,855,93.47,161.77,174.51,agent,your_turn,0.634,2.83,59.8,129.41,0.0,130.47,54.25
Negotiation_2,R1,2026-08-10T11:53:12.427215Z,human_signal,4,896,926,926,819,749,868,111.48,158.21,183.67,human,your_turn,0.587,2.83,84.87,122.22,0.0,123.22,54.25
Negotiation_2,R1,2026-08-10T11:53:12.428245Z,human_signal,4,896,929,928,819,749,868,114.83,159.14,185.79,human,your_turn,0.581,2.83,84.87,129.41,0.0,130.47,54.25
Negotiation_2,R1,2026-08-10T11:53:12.581835Z,flight_missed,4,898,954,948,819,763,889,144.47,149.52,197.26,system,NA,0.509,2.83,84.87,128.91,0.0,150.04,54.25
Negotiation_2,R1,2026-08-10T11:53:12.582912Z,flight_spawn,5,970,-20,948,819,763,889,839.46,932.43,197.26,system,NA,0.526,2.83,45.0,128.91,0.0,150.04,54.25
Negotiation_2,R1,2026-08-10T11:53:15.747758Z,agent_signal,5,984,318,1133,628,970,595,344.59,277.95,166.44,agent,i_can,0.446,2.83,178.66,129.41,180.0,105.88,-90.0
Negotiation_2,R1,2026-08-10T11:53:15.764671Z,behavior_monitor,5,984,318,1133,628,968,593,344.59,275.96,168.32,system,NA,0.445,2.83,178.66,129.41,180.0,150.04,-125.75
Negotiation_2,R1,2026-08-10T11:53:16.271571Z,behavior_monitor,5,895,320,1067,628,924,567,353.71,248.8,155.93,system,NA,0.413,2.83,178.66,137.5,180.0,93.15,180.0
Negotiation_2,R1,2026-08-10T11:53:16.781593Z,behavior_monitor,5,815,350,1015,665,879,564,373.06,223.31,169.87,system,NA,0.374,2.83,154.54,139.5,111.93,87.67,180.0
Negotiation_2,R1,2026-08-10T11:53:17.288093Z,behavior_monitor,5,736,380,984,729,834,564,427.63,208.65,222.26,system,NA,0.328,2.83,160.26,142.55,130.15,87.67,180.0
Negotiation_2,R1,2026-08-10T11:53:17.793890Z,behavior_monitor,5,669,421,927,773,789,564,436.43,186.85,250.32,system,NA,0.3,2.83,175.0,139.37,149.39,87.67,180.0
Negotiation_2,R1,2026-08-10T11:53:18.301486Z,behavior_monitor,5,585,439,865,807,745,565,462.59,203.2,270.84,system,NA,0.305,2.83,156.43,138.68,153.94,87.67,180.0
Negotiation_2,R1,2026-08-10T11:53:18.806562Z,behavior_monitor,5,514,479,799,829,700,565,451.42,204.86,282.63,system,NA,0.312,2.83,132.51,129.41,180.0,87.67,180.0
Negotiation_2,R1,2026-08-10T11:53:19.313231Z,behavior_monitor,5,434,506,733,829,655,565,440.64,228.98,275.98,system,NA,0.342,2.83,122.24,129.41,180.0,87.67,180.0
Negotiation_2,R1,2026-08-10T11:53:19.818132Z,behavior_monitor,5,384,574,667,829,611,568,381.51,227.36,266.96,system,NA,0.373,2.83,147.86,137.5,180.0,93.15,180.0
Negotiation_2,R1,2026-08-10T11:53:20.326849Z,behavior_monitor,5,303,598,601,829,567,593,377.93,263.87,239.0,system,NA,0.411,2.83,147.63,129.41,180.0,150.04,125.75
Negotiation_2,R1,2026-08-10T11:53:24.005918Z,human_signal,5,119,868,141,910,243,861,47.63,124.29,113.35,human,i_can,0.723,1.82,100.81,129.41,180.0,150.04,125.75
Negotiation_2,R1,2026-08-10T11:53:24.022660Z,behavior_monitor,5,119,868,141,910,241,863,46.95,122.9,111.08,system,NA,0.724,1.82,100.81,129.41,180.0,130.47,125.75
Negotiation_2,R1,2026-08-10T11:53:24.191114Z,human_signal,5,113,887,116,910,228,881,23.98,115.5,115.83,human,i_can,0.828,1.82,129.13,129.41,180.0,130.47,125.75
Negotiation_2,R1,2026-08-10T11:53:24.294911Z,human_signal,5,103,893,103,910,221,886,17.49,117.65,119.88,human,i_can,0.871,1.82,158.01,129.41,180.0,76.24,180.0
Negotiation_2,R1,2026-08-10T11:53:24.447371Z,human_signal,5,87,895,83,910,209,890,15.32,122.04,127.24,human,i_can,0.888,1.82,172.26,129.41,180.0,76.24,180.0
Negotiation_2,R1,2026-08-10T11:53:24.532144Z,behavior_monitor,5,81,896,75,910,202,892,14.67,121.32,129.12,system,NA,0.892,1.82,172.26,128.55,180.0,76.24,180.0
Negotiation_2,R1,2026-08-10T11:53:24.633877Z,human_signal,5,69,898,75,911,195,893,13.98,126.03,121.33,human,i_can,0.9,1.82,172.26,48.96,0.0,76.24,180.0
Negotiation_2,R1,2026-08-10T11:53:24.719158Z,agent_signal,5,61,900,82,910,188,893,22.66,127.42,107.81,agent,your_turn,0.849,1.82,144.68,105.77,0.0,76.24,180.0
Negotiation_2,R1,2026-08-10T11:53:24.821889Z,human_signal,5,52,906,95,911,180,901,43.65,128.63,85.62,human,i_can,0.747,1.82,144.68,117.79,0.0,130.47,125.75
Negotiation_2,R1,2026-08-10T11:53:24.855110Z,conflict,5,49,909,100,910,177,904,50.96,127.77,76.93,system,NA,0.715,1.82,144.68,129.41,0.0,130.47,125.75
Negotiation_2,R1,2026-08-10T11:53:25.040937Z,behavior_monitor,5,34,919,100,910,177,904,66.88,143.71,76.93,system,NA,0.682,1.82,144.68,0.0,0.0,0.0,125.75
Negotiation_2,R1,2026-08-10T11:53:25.194419Z,conflict,5,30,934,100,910,177,904,73.54,149.14,76.93,human,NA,0.67,1.82,90.17,0.0,0.0,0.0,125.75
Negotiation_2,R1,2026-08-10T11:53:25.194848Z,shot_miss,5,30,934,100,910,177,904,73.54,149.14,76.93,human,NA,0.67,1.82,90.17,0.0,0.0,0.0,125.75
Negotiation_2,R1,2026-08-10T11:53:25.551070Z,behavior_monitor,5,37,969,100,910,177,904,86.52,153.7,76.93,system,NA,0.64,1.82,35.28,0.0,0.0,0.0,125.75
Negotiation_2,R1,2026-08-10T11:53:25.687317Z,flight_missed,5,55,973,99,910,175,906,76.73,137.28,76.56,system,NA,0.641,1.82,5.5,0.0,0.0,0.0,125.75
Negotiation_2,R1,2026-08-10T11:53:25.687845Z,flight_spawn,6,919,-20,99,910,175,906,1239.86,1187.9,76.56,system,NA,0.489,2.83,45.0,0.0,0.0,0.0,125.75
Negotiation_2,R1,2026-08-10T11:53:27.299650Z,conflict,6,1131,154,188,782,267,780,1133.11,1066.84,79.55,system,NA,0.485,2.83,45.88,143.63,-38.43,130.47,-54.25
Negotiation_2,R1,2026-08-10T11:53:29.110006Z,agent_signal,6,1259,425,186,855,366,643,1156.46,919.34,278.42,agent,i_can,0.443,2.83,67.27,137.44,52.73,130.47,-54.25
Negotiation_2,R1,2026-08-10T11:53:29.126815Z,behavior_monitor,6,1259,425,186,855,368,640,1156.46,917.4,280.97,system,NA,0.442,2.83,67.27,137.44,52.73,150.04,-54.25
Negotiation_2,R1,2026-08-10T11:53:29.632787Z,behavior_monitor,6,1294,499,234,906,413,578,1135.05,884.9,372.7,system,NA,0.438,2.83,66.31,136.52,43.02,150.04,-54.25
Negotiation_2,R1,2026-08-10T11:53:30.142252Z,behavior_monitor,6,1325,577,287,910,457,570,1090.07,868.4,379.34,system,NA,0.443,2.83,66.31,106.08,0.0,150.04,54.25
Negotiation_2,R1,2026-08-10T11:53:30.380831Z,human_signal,6,1347,609,312,910,477,599,1076.99,869.36,351.26,human,your_turn,0.447,2.83,41.56,106.08,0.0,150.04,54.25
Negotiation_2,R1,2026-08-10T11:53:30.381787Z,human_signal,6,1349,611,314,911,477,599,1077.22,871.55,351.67,human,your_turn,0.447,2.83,41.56,100.19,0.0,141.71,54.25
Negotiation_2,R1,2026-08-10T11:53:30.649924Z,behavior_monitor,6,1377,639,341,910,501,632,1070.88,875.97,320.28,system,NA,0.45,2.83,41.56,106.08,0.0,150.04,54.25
Negotiation_2,R1,2026-08-10T11:53:31.156058Z,behavior_monitor,6,1431,703,396,910,546,695,1055.47,885.0,262.16,system,NA,0.456,2.83,10.25,108.88,0.0,150.04,54.25
Negotiation_2,R1,2026-08-10T11:53:31.662970Z,behavior_monitor,6,1409,718,452,910,591,713,976.54,818.52,240.99,system,NA,0.456,1.74,163.23,109.14,0.0,87.67,0.0
Negotiation_2,R1,2026-08-10T11:53:32.168371Z,behavior_monitor,6,1354,730,507,910,636,725,865.52,718.4,224.44,system,NA,0.454,1.74,170.01,109.14,0.0,87.67,0.0
Negotiation_2,R1,2026-08-10T11:53:32.676906Z,behavior_monitor,6,1301,744,563,910,680,738,756.73,621.11,208.0,system,NA,0.451,1.74,143.75,109.14,0.0,87.67,0.0
Negotiation_2,R1,2026-08-10T11:53:33.183301Z,behavior_monitor,6,1254,768,619,910,725,763,650.83,528.98,181.16,system,NA,0.448,1.74,163.63,109.14,0.0,87.67,0.0
Negotiation_2,R1,2026-08-10T11:53:33.692796Z,behavior_monitor,6,1213,794,674,910,770,788,550.91,443.25,154.73,system,NA,0.446,1.74,142.55,109.14,0.0,87.67,0.0
Negotiation_2,R1,2026-08-10T11:53:34.202464Z,behavior_monitor,6,1176,828,683,910,815,823,499.51,361.05,157.62,system,NA,0.42,1.74,140.87,111.13,180.0,150.04,54.25
Negotiation_2,R1,2026-08-10T11:53:34.707644Z,behavior_monitor,6,1134,861,685,910,859,857,452.1,275.28,182.06,system,NA,0.378,1.74,140.87,100.26,180.0,150.04,54.25
Negotiation_2,R1,2026-08-10T11:53:35.219518Z,behavior_monitor,6,1103,904,674,910,903,898,429.0,200.23,229.07,system,NA,0.318,1.74,148.98,72.01,0.0,82.8,0.0
Negotiation_2,R1,2026-08-10T11:53:35.881508Z,flight_missed,6,1063,953,730,910,963,910,336.51,109.13,233.48,system,NA,0.245,1.74,96.68,60.9,0.0,87.67,0.0
Negotiation_2,R1,2026-08-10T11:53:35.882137Z,flight_spawn,7,541,-20,730,910,963,910,948.9,1021.23,233.48,system,NA,0.518,2.86,45.54,60.9,0.0,87.67,0.0
Negotiation_2,R1,2026-08-10T11:53:39.218923Z,agent_signal,7,766,395,626,643,758,626,284.41,230.33,132.73,agent,i_can,0.447,2.86,146.81,0.0,180.0,130.47,-125.75
Negotiation_2,R1,2026-08-10T11:53:39.236092Z,behavior_monitor,7,766,395,626,643,756,624,284.41,228.32,131.54,system,NA,0.445,2.86,146.81,0.0,180.0,150.04,-125.75
Negotiation_2,R1,2026-08-10T11:53:39.741348Z,behavior_monitor,7,695,442,631,666,712,565,232.64,124.01,128.95,system,NA,0.348,2.86,146.81,142.17,137.89,87.67,180.0
Negotiation_2,R1,2026-08-10T11:53:40.249478Z,behavior_monitor,7,622,489,594,727,667,565,240.11,89.26,177.51,system,NA,0.271,2.86,173.13,140.45,117.35,87.67,180.0
Negotiation_2,R1,2026-08-10T11:53:40.756660Z,behavior_monitor,7,540,500,547,778,622,565,278.23,104.33,226.43,system,NA,0.273,2.86,160.1,141.79,155.88,87.67,180.0
Negotiation_2,R1,2026-08-10T11:53:41.261145Z,behavior_monitor,7,460,518,481,786,578,566,269.08,127.11,240.93,system,NA,0.321,2.86,176.29,129.41,180.0,87.67,180.0
Negotiation_2,R1,2026-08-10T11:53:41.765923Z,behavior_monitor,7,376,527,415,786,533,566,261.88,161.91,250.3,system,NA,0.382,2.86,175.42,129.41,180.0,87.67,180.0
Negotiation_2,R1,2026-08-10T11:53:42.275534Z,behavior_monitor,7,307,572,349,786,489,567,218.28,182.22,260.25,system,NA,0.455,2.86,149.77,129.41,180.0,87.67,180.0
Negotiation_2,R1,2026-08-10T11:53:42.394047Z,human_signal,7,288,582,331,786,478,577,208.24,190.37,255.22,human,i_can,0.478,2.86,170.48,129.41,180.0,150.04,125.75
Negotiation_2,R1,2026-08-10T11:53:42.783257Z,behavior_monitor,7,226,593,283,786,448,588,201.47,222.5,258.01,system,NA,0.525,2.86,160.5,129.41,180.0,130.47,125.75
Negotiation_2,R1,2026-08-10T11:53:43.172546Z,agent_signal,7,159,605,232,797,418,599,206.11,259.13,272.08,agent,your_turn,0.557,2.86,170.38,133.8,165.28,76.24,180.0
Negotiation_2,R1,2026-08-10T11:53:43.292346Z,behavior_monitor,7,145,608,217,801,409,603,206.57,264.34,276.77,system,NA,0.561,2.86,167.6,133.8,165.28,76.24,180.0
Negotiation_2,R1,2026-08-10T11:53:43.798262Z,behavior_monitor,7,64,634,151,820,370,629,205.07,306.07,290.77,system,NA,0.599,2.86,147.04,134.64,163.98,130.47,125.75
Negotiation_2,R1,2026-08-10T11:53:44.302865Z,behavior_monitor,7,27,689,85,839,331,678,160.73,304.44,294.69,system,NA,0.654,2.64,45.92,134.64,163.98,130.47,125.75
Negotiation_2,R1,2026-08-10T11:53:44.814264Z,behavior_monitor,7,94,724,84,835,292,718,112.27,198.0,239.45,system,NA,0.638,2.64,45.38,146.72,-45.65,130.47,125.75
Negotiation_2,R1,2026-08-10T11:53:45.135170Z,shot_miss,7,136,752,115,800,268,746,52.51,132.02,161.87,human,NA,0.715,2.64,15.72,146.62,-47.87,76.24,180.0
Negotiation_2,R1,2026-08-10T11:53:45.318018Z,shot_miss,7,162,760,134,781,253,755,34.63,91.9,122.07,human,NA,0.726,2.64,15.72,144.59,-44.43,76.24,180.0
Negotiation_2,R1,2026-08-10T11:53:45.319296Z,behavior_monitor,7,162,760,134,781,253,755,34.63,91.9,122.07,system,NA,0.726,2.64,15.72,144.59,-44.43,130.47,125.75
Negotiation_2,R1,2026-08-10T11:53:45.486433Z,shot_miss,7,185,764,152,764,241,759,32.53,56.15,88.59,human,NA,0.633,2.64,4.51,153.88,-39.95,81.0,180.0
Negotiation_2,R1,2026-08-10T11:53:45.520294Z,conflict,7,192,765,158,760,237,761,34.36,44.8,78.61,system,NA,0.566,2.64,4.51,144.69,-37.25,76.24,180.0
Negotiation_2,R1,2026-08-10T11:53:45.824240Z,behavior_monitor,7,238,768,158,760,237,761,79.92,7.79,78.61,system,NA,0.089,2.64,4.51,0.0,-34.76,0.0,125.75
Negotiation_2,R1,2026-08-10T11:53:46.027994Z,shot_hit,7,267,775,157,760,238,762,110.82,31.39,81.04,agent,NA,0.221,2.64,33.84,0.0,-34.76,0.0,125.75
Negotiation_2,R1,2026-08-10T11:53:46.028528Z,flight_spawn,8,837,-20,157,760,238,762,1035.13,985.78,81.04,system,NA,0.488,2.83,45.0,0.0,-34.76,0.0,125.75
Negotiation_2,R1,2026-08-10T11:53:50.147155Z,human_signal,8,763,601,605,783,528,586,241.4,235.15,210.91,human,your_turn,0.493,2.83,77.88,131.87,17.4,130.47,54.25
Negotiation_2,R1,2026-08-10T11:53:50.148247Z,behavior_monitor,8,763,601,605,783,528,586,241.4,235.15,210.91,system,NA,0.493,2.83,77.88,131.71,17.63,130.47,54.25
Negotiation_2,R1,2026-08-10T11:53:50.148521Z,human_signal,8,763,603,607,783,528,586,238.71,235.77,212.33,human,your_turn,0.497,2.83,77.88,131.71,17.63,130.47,54.25
Negotiation_2,R1,2026-08-10T11:53:50.654501Z,behavior_monitor,8,777,683,668,805,572,648,163.3,207.43,183.78,system,NA,0.56,2.83,76.44,131.48,20.6,150.04,54.25
Negotiation_2,R1,2026-08-10T11:53:51.158748Z,behavior_monitor,8,797,766,730,829,617,710,91.69,188.36,164.45,system,NA,0.673,2.83,76.44,131.37,21.2,150.04,54.25
Negotiation_2,R1,2026-08-10T11:53:51.226009Z,agent_signal,8,798,780,741,833,623,719,78.22,185.41,164.59,agent,your_turn,0.703,2.83,76.44,139.58,21.2,159.42,54.25
Negotiation_2,R1,2026-08-10T11:53:51.666208Z,behavior_monitor,8,830,837,793,854,656,766,40.35,188.11,162.96,system,NA,0.823,2.83,15.33,131.28,21.84,130.47,54.25
Negotiation_2,R1,2026-08-10T11:53:51.716919Z,human_signal,8,842,840,801,857,660,771,44.15,195.03,165.59,human,i_can,0.815,2.83,15.33,131.31,21.87,130.47,54.25
Negotiation_2,R1,2026-08-10T11:53:51.886641Z,human_signal,8,865,854,822,865,673,789,44.68,203.14,167.63,human,i_can,0.82,2.83,40.43,131.28,22.06,130.47,54.25
Negotiation_2,R1,2026-08-10T11:53:52.158839Z,human_signal,8,898,883,855,879,694,817,43.69,214.72,172.21,human,i_can,0.831,2.83,40.43,123.82,22.09,123.22,54.25
Negotiation_2,R1,2026-08-10T11:53:52.175747Z,behavior_monitor,8,898,883,855,879,695,819,43.69,212.93,170.36,system,NA,0.83,2.83,40.43,131.28,22.28,130.47,54.25
Negotiation_2,R1,2026-08-10T11:53:52.360890Z,human_signal,8,911,913,880,889,710,839,39.08,214.22,177.24,human,i_can,0.846,2.83,60.15,131.07,22.5,130.47,54.25
Negotiation_2,R1,2026-08-10T11:53:52.632336Z,flight_missed,8,936,952,913,903,732,869,54.49,220.4,183.89,system,NA,0.802,2.83,60.15,131.04,22.9,130.47,54.25
Negotiation_2,R1,2026-08-10T11:53:52.633462Z,flight_spawn,9,574,-20,913,903,732,869,983.11,903.58,183.89,system,NA,0.479,2.83,45.08,131.04,22.9,130.47,54.25
Negotiation_2,R1,2026-08-10T11:53:55.020433Z,agent_signal,9,771,312,902,830,748,660,534.65,349.2,229.54,agent,i_can,0.395,2.83,95.42,50.48,-90.0,130.47,-54.25
Negotiation_2,R1,2026-08-10T11:53:55.036699Z,behavior_monitor,9,771,312,902,830,748,658,534.65,347.13,231.07,system,NA,0.394,2.83,95.42,41.94,-90.0,121.76,-90.0
Negotiation_2,R1,2026-08-10T11:53:55.539541Z,behavior_monitor,9,785,386,891,828,757,595,454.7,211.41,268.47,system,NA,0.317,2.83,36.11,95.85,180.0,150.04,-54.25
Negotiation_2,R1,2026-08-10T11:53:56.046863Z,behavior_monitor,9,859,438,860,838,802,566,399.88,140.52,277.62,system,NA,0.26,2.83,65.96,0.0,90.0,87.67,0.0
Negotiation_2,R1,2026-08-10T11:53:56.556816Z,behavior_monitor,9,904,509,880,838,846,566,330.04,81.87,273.8,system,NA,0.199,2.83,71.37,46.75,0.0,87.67,0.0
Negotiation_2,R1,2026-08-10T11:53:56.931102Z,shot_miss,9,918,570,911,838,880,566,267.55,38.31,273.41,agent,NA,0.125,2.83,117.22,129.41,0.0,87.67,0.0
Negotiation_2,R1,2026-08-10T11:53:57.066130Z,behavior_monitor,9,911,588,926,838,889,580,250.27,22.89,259.85,system,NA,0.084,2.83,117.22,129.41,0.0,121.76,90.0
Negotiation_2,R1,2026-08-10T11:53:57.150149Z,shot_hit,9,899,600,939,838,885,593,241.31,15.83,251.06,agent,NA,0.062,2.83,163.54,129.41,0.0,150.04,125.75
Negotiation_2,R1,2026-08-10T11:53:57.150704Z,flight_spawn,10,770,-20,939,838,885,593,874.65,623.69,251.06,system,NA,0.416,3.04,131.16,129.41,0.0,150.04,125.75
Negotiation_2,R1,2026-08-10T11:54:02.333162Z,human_signal,10,27,456,333,838,552,565,488.8,535.67,349.17,human,i_can,0.523,3.04,125.62,129.41,180.0,76.24,180.0
Negotiation_2,R1,2026-08-10T11:54:02.349792Z,behavior_monitor,10,27,456,333,838,550,565,488.8,534.41,348.36,system,NA,0.522,3.04,125.62,129.41,180.0,76.24,180.0
Negotiation_2,R1,2026-08-10T11:54:02.856155Z,behavior_monitor,10,58,516,267,838,511,565,383.63,455.88,365.9,system,NA,0.543,2.69,20.38,129.41,180.0,76.24,180.0
Negotiation_2,R1,2026-08-10T11:54:03.365401Z,behavior_monitor,10,137,534,209,838,472,565,312.29,336.71,378.52,system,NA,0.519,2.69,0.56,53.2,180.0,76.24,180.0
Negotiation_2,R1,2026-08-10T11:54:03.785868Z,agent_signal,10,199,550,225,850,440,565,301.45,241.35,357.42,agent,i_can,0.445,2.69,29.01,146.62,20.32,81.0,180.0
Negotiation_2,R1,2026-08-10T11:54:03.871782Z,behavior_monitor,10,208,555,233,853,433,565,299.15,225.33,350.21,system,NA,0.43,2.69,29.01,134.66,16.05,87.67,180.0
Negotiation_2,R1,2026-08-10T11:54:04.382005Z,behavior_monitor,10,284,585,298,855,388,580,270.01,103.8,289.53,system,NA,0.278,2.69,46.51,114.9,0.0,150.04,125.75
Negotiation_2,R1,2026-08-10T11:54:04.856681Z,shot_hit,10,324,643,347,861,345,639,218.61,21.34,221.85,agent,NA,0.089,2.69,0.7,107.3,0.0,150.04,125.75
Negotiation_2,R1,2026-08-10T11:54:04.857208Z,flight_spawn,11,740,-20,347,861,345,639,964.82,769.07,221.85,system,NA,0.444,3.26,52.15,107.3,0.0,150.04,125.75
Negotiation_2,R1,2026-08-10T11:54:08.830761Z,agent_signal,11,1063,606,811,789,617,585,311.43,446.59,281.85,agent,your_turn,0.589,3.26,110.55,129.41,0.0,130.47,54.25
Negotiation_2,R1,2026-08-10T11:54:08.847614Z,behavior_monitor,11,1063,606,811,789,618,586,311.43,445.21,279.65,system,NA,0.588,3.26,110.55,129.41,0.0,130.47,54.25
Negotiation_2,R1,2026-08-10T11:54:09.339066Z,human_signal,11,1006,669,877,789,625,595,176.05,387.83,318.0,human,i_can,0.688,3.26,174.9,129.41,0.0,0.0,54.25
Negotiation_2,R1,2026-08-10T11:54:09.356334Z,behavior_monitor,11,1006,669,877,789,625,595,176.05,387.83,318.0,system,NA,0.688,3.26,174.9,129.41,0.0,0.0,54.25
Negotiation_2,R1,2026-08-10T11:54:09.815105Z,human_signal,11,926,701,933,789,660,644,88.61,272.21,309.5,human,i_can,0.754,3.26,161.6,37.36,0.0,130.47,54.25
Negotiation_2,R1,2026-08-10T11:54:09.815797Z,human_signal,11,923,702,932,789,660,644,87.81,269.18,308.69,human,i_can,0.754,3.26,161.6,37.36,0.0,130.47,54.25
Negotiation_2,R1,2026-08-10T11:54:09.865691Z,behavior_monitor,11,916,704,929,789,664,649,86.21,258.31,299.97,system,NA,0.75,3.26,161.6,129.41,180.0,130.47,54.25
Negotiation_2,R1,2026-08-10T11:54:10.373715Z,behavior_monitor,11,834,744,863,789,703,703,53.39,137.64,181.84,system,NA,0.721,3.26,137.07,129.41,180.0,130.47,54.25
Negotiation_2,R1,2026-08-10T11:54:10.408131Z,shot_miss,11,828,749,859,789,705,707,50.65,129.76,173.97,human,NA,0.719,3.26,137.07,129.41,180.0,130.47,54.25
Negotiation_2,R1,2026-08-10T11:54:10.646055Z,shot_hit,11,805,785,828,789,724,732,23.09,97.34,118.93,human,NA,0.808,3.26,113.37,129.41,180.0,130.47,54.25
Negotiation_2,R1,2026-08-10T11:54:10.646813Z,flight_spawn,12,951,-20,828,789,724,732,818.77,786.49,118.93,system,NA,0.49,3.16,129.24,129.41,180.0,130.47,54.25
Negotiation_2,R1,2026-08-10T11:54:13.223542Z,agent_signal,12,1157,337,1033,837,864,565,514.93,370.96,320.21,agent,i_can,0.419,3.16,35.07,129.41,0.0,76.24,0.0
Negotiation_2,R1,2026-08-10T11:54:13.241017Z,behavior_monitor,12,1157,337,1033,837,866,565,514.93,369.79,319.43,system,NA,0.418,3.16,35.07,129.41,0.0,87.67,0.0
Negotiation_2,R1,2026-08-10T11:54:13.748000Z,behavior_monitor,12,1237,374,1099,837,911,565,483.63,378.36,330.61,system,NA,0.439,3.16,37.83,137.5,0.0,93.15,0.0
Negotiation_2,R1,2026-08-10T11:54:14.255908Z,behavior_monitor,12,1313,432,1165,837,956,565,431.39,381.21,343.49,system,NA,0.469,3.16,37.83,129.41,0.0,85.3,-13.15
Negotiation_2,R1,2026-08-10T11:54:14.763086Z,behavior_monitor,12,1385,490,1209,837,1000,565,388.85,391.7,343.59,system,NA,0.502,3.16,37.83,0.0,0.0,87.67,0.0
Negotiation_2,R1,2026-08-10T11:54:15.273665Z,behavior_monitor,12,1445,548,1222,837,1045,565,364.8,400.25,325.05,system,NA,0.523,2.45,127.69,0.0,0.0,87.67,0.0
Negotiation_2,R1,2026-08-10T11:54:15.783054Z,behavior_monitor,12,1402,606,1232,850,1089,602,297.54,313.1,285.63,system,NA,0.513,2.45,106.57,77.46,29.31,150.04,54.25
Negotiation_2,R1,2026-08-10T11:54:16.291186Z,behavior_monitor,12,1394,678,1296,855,1134,664,202.66,260.22,249.83,system,NA,0.562,2.45,79.22,129.41,0.0,150.04,54.25
Negotiation_2,R1,2026-08-10T11:54:16.291770Z,human_signal,12,1394,680,1298,855,1134,664,199.62,260.63,251.26,human,i_can,0.566,2.45,79.22,129.41,0.0,150.04,54.25
Negotiation_2,R1,2026-08-10T11:54:16.799172Z,behavior_monitor,12,1407,750,1362,855,1173,718,114.49,236.36,232.92,system,NA,0.674,2.45,79.22,129.41,0.0,130.47,54.25
Negotiation_2,R1,2026-08-10T11:54:16.832437Z,agent_signal,12,1409,757,1366,855,1176,722,106.91,236.29,232.31,agent,your_turn,0.688,2.45,79.22,129.41,0.0,130.47,54.25
Negotiation_2,R1,2026-08-10T11:54:17.238578Z,shot_miss,12,1421,812,1419,855,1206,766,42.49,219.65,230.52,human,NA,0.838,2.45,79.22,137.5,0.0,138.63,54.25
Negotiation_2,R1,2026-08-10T11:54:17.306015Z,behavior_monitor,12,1423,822,1428,855,1211,773,33.22,216.69,231.21,system,NA,0.867,2.45,79.22,129.41,0.0,130.47,54.25
Negotiation_2,R1,2026-08-10T11:54:17.424861Z,shot_hit,12,1426,839,1443,855,1221,786,23.62,211.98,233.1,human,NA,0.9,2.45,79.22,129.41,0.0,130.47,54.25
Negotiation_2,R1,2026-08-10T11:54:17.425484Z,flight_spawn,13,970,-20,1443,855,1221,786,995.09,844.29,233.1,system,NA,0.459,2.83,135.0,129.41,0.0,130.47,54.25
Negotiation_2,R1,2026-08-10T11:54:20.705922Z,agent_signal,13,580,311,1107,910,992,565,797.43,484.43,362.75,agent,i_can,0.378,2.83,106.73,129.41,180.0,76.24,180.0
Negotiation_2,R1,2026-08-10T11:54:20.722775Z,behavior_monitor,13,580,311,1107,910,991,565,797.43,483.16,363.22,system,NA,0.377,2.83,106.73,129.41,180.0,87.67,180.0
Negotiation_2,R1,2026-08-10T11:54:21.230480Z,behavior_monitor,13,545,383,1041,910,945,565,723.46,440.15,357.39,system,NA,0.378,2.83,133.36,129.41,180.0,87.67,180.0
Negotiation_2,R1,2026-08-10T11:54:21.734825Z,behavior_monitor,13,466,408,975,910,900,566,714.27,461.9,351.89,system,NA,0.393,2.83,178.16,129.41,180.0,87.67,180.0
Negotiation_2,R1,2026-08-10T11:54:22.243864Z,behavior_monitor,13,388,430,909,910,856,565,707.9,486.91,348.54,system,NA,0.408,2.83,137.41,137.5,180.0,93.15,180.0
Negotiation_2,R1,2026-08-10T11:54:22.752425Z,behavior_monitor,13,311,469,843,910,811,565,690.86,509.71,345.93,system,NA,0.425,2.83,168.58,129.41,180.0,87.67,180.0
Negotiation_2,R1,2026-08-10T11:54:23.260007Z,behavior_monitor,13,236,506,777,910,767,565,675.32,534.78,345.0,system,NA,0.442,2.83,134.79,129.41,180.0,87.67,180.0
Negotiation_2,R1,2026-08-10T11:54:23.765428Z,behavior_monitor,13,164,544,711,910,722,566,657.4,558.49,344.15,system,NA,0.459,2.83,160.98,129.41,180.0,87.67,180.0
Negotiation_2,R1,2026-08-10T11:54:24.270781Z,behavior_monitor,13,93,580,645,910,677,574,642.73,584.28,337.53,system,NA,0.476,2.83,105.38,129.41,180.0,150.04,125.75
Negotiation_2,R1,2026-08-10T11:54:24.777852Z,behavior_monitor,13,85,663,579,910,633,636,551.59,547.81,278.92,system,NA,0.498,2.83,83.15,129.41,180.0,150.04,125.75
Negotiation_2,R1,2026-08-10T11:54:25.288886Z,behavior_monitor,13,85,747,513,910,587,698,457.67,504.53,224.53,system,NA,0.524,2.83,103.78,129.41,180.0,150.04,125.75
Negotiation_2,R1,2026-08-10T11:54:27.455492Z,flight_missed,13,88,952,230,903,395,910,149.95,309.76,165.22,system,NA,0.674,1.77,10.14,134.7,-151.03,87.67,180.0
Negotiation_2,R1,2026-08-10T11:54:27.456658Z,flight_spawn,14,964,-20,230,903,395,910,1179.63,1090.05,165.22,system,NA,0.48,3.42,125.77,134.7,-151.03,87.67,180.0
Negotiation_2,R1,2026-08-10T11:54:30.182845Z,agent_signal,14,819,439,431,838,573,661,556.33,331.13,226.86,agent,i_can,0.373,3.42,39.9,137.9,34.97,130.47,-54.25
Negotiation_2,R1,2026-08-10T11:54:30.199636Z,behavior_monitor,14,819,439,431,838,575,659,556.33,328.64,229.41,system,NA,0.371,3.42,39.9,137.9,34.97,150.04,-54.25
Negotiation_2,R1,2026-08-10T11:54:30.709048Z,behavior_monitor,14,907,494,492,873,620,597,562.34,305.17,304.8,system,NA,0.352,3.42,40.09,136.12,27.36,150.04,-54.25
Negotiation_2,R1,2026-08-10T11:54:31.216017Z,behavior_monitor,14,986,560,554,904,665,565,552.24,321.28,356.64,system,NA,0.368,3.42,40.09,136.04,25.75,87.67,0.0
Negotiation_2,R1,2026-08-10T11:54:31.727045Z,behavior_monitor,14,1045,639,617,910,710,618,507.23,336.06,305.71,system,NA,0.399,3.42,62.05,123.5,0.0,150.04,54.25
Negotiation_2,R1,2026-08-10T11:54:32.233947Z,behavior_monitor,14,1061,737,680,910,755,680,418.05,310.68,241.45,system,NA,0.426,3.42,91.42,123.73,0.0,150.04,54.25
Negotiation_2,R1,2026-08-10T11:54:32.740715Z,behavior_monitor,14,1089,835,665,910,800,742,430.46,303.79,214.66,system,NA,0.414,3.42,70.45,129.41,180.0,150.04,54.25
Negotiation_2,R1,2026-08-10T11:54:33.249309Z,behavior_monitor,14,1148,916,599,910,844,804,548.17,323.26,266.51,system,NA,0.371,3.42,49.37,128.55,180.0,150.04,54.25
Negotiation_2,R1,2026-08-10T11:54:33.623643Z,flight_missed,14,1217,952,615,901,878,852,604.41,352.98,268.33,system,NA,0.369,3.42,28.59,109.03,-39.22,150.04,54.25
Negotiation_2,R1,2026-08-10T11:54:33.624214Z,flight_spawn,15,796,-20,615,901,878,852,939.13,876.15,268.33,system,NA,0.483,3.52,124.64,109.03,-39.22,150.04,54.25
Negotiation_2,R1,2026-08-10T11:54:37.131761Z,human_signal,15,162,273,288,884,632,566,624.54,553.96,469.02,human,your_turn,0.47,3.52,133.3,129.41,180.0,76.24,180.0
Negotiation_2,R1,2026-08-10T11:54:37.133163Z,behavior_monitor,15,162,273,288,884,632,566,624.54,553.96,469.02,system,NA,0.47,3.52,133.3,129.41,180.0,76.24,180.0
Negotiation_2,R1,2026-08-10T11:54:37.133544Z,human_signal,15,158,275,286,884,632,566,622.22,555.28,470.64,human,your_turn,0.472,3.52,133.3,129.41,180.0,76.24,180.0
Negotiation_2,R1,2026-08-10T11:54:37.643936Z,behavior_monitor,15,68,300,222,884,586,565,604.35,581.98,484.61,system,NA,0.491,3.52,179.11,129.41,180.0,87.67,180.0
Negotiation_2,R1,2026-08-10T11:54:38.151658Z,behavior_monitor,15,51,334,156,884,541,565,559.93,541.19,500.44,system,NA,0.491,2.47,40.59,129.41,180.0,87.67,180.0
Negotiation_2,R1,2026-08-10T11:54:38.538828Z,human_signal,15,88,374,105,884,506,564,511.02,459.8,513.1,human,i_can,0.474,2.47,41.08,127.12,180.0,87.67,180.0
Negotiation_2,R1,2026-08-10T11:54:38.539447Z,human_signal,15,90,375,105,884,506,564,509.31,457.09,513.61,human,i_can,0.473,2.47,20.67,127.12,180.0,87.67,180.0
Negotiation_2,R1,2026-08-10T11:54:38.657774Z,behavior_monitor,15,105,380,114,888,497,564,507.93,433.12,501.82,system,NA,0.46,2.47,20.67,139.17,21.59,76.24,180.0
Negotiation_2,R1,2026-08-10T11:54:38.759802Z,agent_signal,15,121,384,129,895,490,564,510.67,410.06,488.67,agent,i_can,0.445,2.47,8.97,140.7,23.11,76.24,180.0
Negotiation_2,R1,2026-08-10T11:54:39.167590Z,behavior_monitor,15,177,400,180,910,454,564,509.67,321.64,440.46,system,NA,0.387,2.47,17.42,129.41,0.0,87.67,180.0
Negotiation_2,R1,2026-08-10T11:54:39.673516Z,behavior_monitor,15,246,424,246,910,409,564,485.82,215.07,381.63,system,NA,0.307,2.47,39.16,129.41,0.0,87.67,180.0
Negotiation_2,R1,2026-08-10T11:54:40.183537Z,behavior_monitor,15,316,445,312,893,364,565,448.75,129.28,332.99,system,NA,0.224,2.47,13.2,129.37,-19.14,82.8,180.0
Negotiation_2,R1,2026-08-10T11:54:40.693304Z,behavior_monitor,15,389,464,377,866,357,564,401.85,105.17,302.41,system,NA,0.207,2.47,43.66,140.24,-26.36,87.67,0.0
Negotiation_2,R1,2026-08-10T11:54:41.185343Z,shot_miss,15,397,533,442,837,376,565,306.85,38.32,279.84,agent,NA,0.111,2.47,95.49,127.92,0.0,0.0,-2.59
Negotiation_2,R1,2026-08-10T11:54:41.201984Z,behavior_monitor,15,397,533,442,837,376,565,306.85,38.32,279.84,system,NA,0.111,2.47,95.49,127.92,0.0,0.0,-2.59
Negotiation_2,R1,2026-08-10T11:54:41.285530Z,human_signal,15,396,545,443,837,375,565,295.07,28.41,280.12,human,i_can,0.088,2.47,95.49,0.0,0.0,20.64,158.94
Negotiation_2,R1,2026-08-10T11:54:41.286173Z,human_signal,15,396,548,443,837,375,565,292.63,26.86,280.12,human,i_can,0.084,2.47,95.49,0.0,0.0,0.0,158.94
Negotiation_2,R1,2026-08-10T11:54:41.422441Z,shot_hit,15,393,567,433,837,375,565,272.43,17.84,277.77,agent,NA,0.061,2.47,123.61,112.75,180.0,0.0,158.94
Negotiation_2,R1,2026-08-10T11:54:41.422928Z,flight_spawn,16,348,-20,433,837,375,565,861.16,585.82,277.77,system,NA,0.405,2.83,45.0,112.75,180.0,0.0,158.94
Negotiation_2,R1,2026-08-10T11:54:45.128777Z,agent_signal,16,791,335,809,823,606,564,487.94,294.47,328.81,agent,i_can,0.376,2.83,26.26,129.41,0.0,76.24,0.0
Negotiation_2,R1,2026-08-10T11:54:45.145600Z,behavior_monitor,16,791,335,809,823,607,564,487.94,293.54,327.89,system,NA,0.376,2.83,26.26,129.41,0.0,87.67,0.0
Negotiation_2,R1,2026-08-10T11:54:45.654338Z,behavior_monitor,16,855,386,875,823,652,565,437.37,270.39,340.92,system,NA,0.382,2.83,50.8,129.41,0.0,87.67,0.0
Negotiation_2,R1,2026-08-10T11:54:46.162501Z,behavior_monitor,16,909,452,941,823,697,564,372.5,240.68,356.03,system,NA,0.393,2.83,50.8,129.41,0.0,87.67,0.0
Negotiation_2,R1,2026-08-10T11:54:46.466126Z,human_signal,16,943,489,981,823,723,564,335.67,232.83,365.37,human,your_turn,0.41,2.83,50.2,129.41,0.0,83.64,-6.69
Negotiation_2,R1,2026-08-10T11:54:46.466846Z,human_signal,16,946,491,983,823,723,564,333.51,234.3,366.93,human,your_turn,0.413,2.83,50.2,129.41,0.0,87.67,0.0
Negotiation_2,R1,2026-08-10T11:54:46.668911Z,behavior_monitor,16,953,521,1007,823,741,564,306.76,216.88,371.43,system,NA,0.414,2.83,74.41,129.41,0.0,87.67,0.0
Negotiation_2,R1,2026-08-10T11:54:47.176571Z,behavior_monitor,16,981,599,1010,823,785,589,225.98,196.27,324.14,system,NA,0.465,2.83,75.81,129.41,180.0,150.04,54.25
Negotiation_2,R1,2026-08-10T11:54:47.693027Z,behavior_monitor,16,1029,672,1023,828,831,653,155.84,198.05,259.91,system,NA,0.56,2.83,75.28,129.41,0.0,150.04,54.25
Negotiation_2,R1,2026-08-10T11:54:48.200279Z,behavior_monitor,16,1061,749,1067,828,877,716,79.5,187.39,220.91,system,NA,0.702,2.83,26.61,54.77,180.0,150.04,54.25
Negotiation_2,R1,2026-08-10T11:54:48.709197Z,behavior_monitor,16,1109,802,1088,828,921,777,33.47,189.97,174.66,system,NA,0.85,2.83,103.94,129.41,0.0,150.04,54.25
Negotiation_2,R1,2026-08-10T11:54:48.843081Z,shot_hit,16,1102,824,1106,828,933,793,5.48,171.57,176.11,human,NA,0.969,2.83,103.94,129.41,0.0,150.04,54.25
Negotiation_2,R1,2026-08-10T11:54:48.843661Z,flight_spawn,17,601,-20,1106,828,933,793,987.34,879.1,176.11,system,NA,0.471,2.83,135.0,129.41,0.0,150.04,54.25
Negotiation_2,R1,2026-08-10T11:54:51.251207Z,agent_signal,17,608,321,940,828,779,579,605.56,309.21,296.36,agent,i_can,0.338,2.83,10.94,129.41,180.0,130.47,-125.75
Negotiation_2,R1,2026-08-10T11:54:51.267849Z,behavior_monitor,17,608,321,940,828,777,577,605.56,306.67,298.9,system,NA,0.336,2.83,10.94,129.41,180.0,150.04,-125.75
Negotiation_2,R1,2026-08-10T11:54:51.777649Z,behavior_monitor,17,694,337,882,828,733,565,525.7,231.07,302.58,system,NA,0.305,2.83,10.94,0.0,180.0,87.67,180.0
Negotiation_2,R1,2026-08-10T11:54:52.288327Z,behavior_monitor,17,776,355,941,828,734,565,500.86,214.1,334.72,system,NA,0.299,2.83,16.2,129.41,0.0,87.67,0.0
Negotiation_2,R1,2026-08-10T11:54:52.797619Z,behavior_monitor,17,862,369,992,828,778,565,477.37,213.27,338.65,system,NA,0.309,2.83,0.17,43.8,0.0,93.15,0.0
Negotiation_2,R1,2026-08-10T11:54:53.306195Z,behavior_monitor,17,949,372,993,828,823,564,457.93,229.56,313.63,system,NA,0.334,2.83,2.02,0.0,0.0,87.67,0.0
Negotiation_2,R1,2026-08-10T11:54:53.810925Z,behavior_monitor,17,1024,397,1010,828,868,564,431.21,228.21,299.42,system,NA,0.346,2.83,26.14,129.41,0.0,87.67,0.0
Negotiation_2,R1,2026-08-10T11:54:54.318220Z,behavior_monitor,17,1095,433,1076,828,913,564,395.38,224.4,310.04,system,NA,0.362,2.83,47.6,129.41,0.0,87.67,0.0
Negotiation_2,R1,2026-08-10T11:54:54.826237Z,behavior_monitor,17,1164,470,1142,828,958,564,358.52,226.4,321.42,system,NA,0.387,2.83,4.63,129.41,0.0,87.67,0.0
Negotiation_2,R1,2026-08-10T11:54:55.044269Z,human_signal,17,1203,473,1172,828,978,565,355.99,243.55,327.6,human,i_can,0.406,2.83,4.63,129.41,0.0,87.67,0.0
Negotiation_2,R1,2026-08-10T11:54:55.332377Z,behavior_monitor,17,1250,479,1208,828,1000,565,351.83,265.08,335.33,system,NA,0.43,2.83,16.67,129.41,0.0,76.24,0.0
Negotiation_2,R1,2026-08-10T11:54:55.604217Z,agent_signal,17,1265,522,1243,820,1020,565,298.12,248.41,338.19,agent,your_turn,0.455,2.83,86.07,135.45,-17.17,76.24,0.0
Negotiation_2,R1,2026-08-10T11:54:55.839769Z,behavior_monitor,17,1268,559,1272,811,1038,565,252.02,230.09,339.56,system,NA,0.477,2.83,86.07,69.6,0.0,76.24,0.0
Negotiation_2,R1,2026-08-10T11:54:56.350394Z,behavior_monitor,17,1283,642,1278,792,1077,612,150.54,208.04,269.59,system,NA,0.58,2.83,83.9,138.02,-24.51,130.47,54.25
Negotiation_2,R1,2026-08-10T11:54:56.790956Z,shot_miss,17,1283,714,1304,759,1111,659,48.94,181.09,217.07,human,NA,0.787,2.83,106.32,82.6,-113.83,130.47,54.25
Negotiation_2,R1,2026-08-10T11:54:56.858377Z,behavior_monitor,17,1281,725,1297,754,1116,665,33.46,175.64,202.08,system,NA,0.84,2.83,106.32,126.65,-149.52,130.47,54.25
Negotiation_2,R1,2026-08-10T11:54:56.978392Z,shot_hit,17,1280,744,1284,747,1125,678,5.18,168.51,173.56,human,NA,0.97,2.83,80.62,123.58,-152.99,130.47,54.25
Negotiation_2,R1,2026-08-10T11:54:56.978966Z,flight_spawn,18,1284,-20,1284,747,1125,678,767.73,716.6,173.56,system,NA,0.483,3.5,124.84,123.58,-152.99,130.47,54.25
Negotiation_2,R1,2026-08-10T11:54:58.713024Z,agent_signal,18,1204,311,1172,765,1185,566,455.5,255.62,199.89,agent,i_can,0.359,3.5,83.92,56.32,90.0,24.11,-98.17
Negotiation_2,R1,2026-08-10T11:54:58.729899Z,behavior_monitor,18,1204,311,1172,765,1185,566,455.5,255.62,199.89,system,NA,0.359,3.5,83.92,53.0,90.0,0.0,-98.17
Negotiation_2,R1,2026-08-10T11:54:59.239421Z,behavior_monitor,18,1300,338,1195,812,1225,566,485.61,240.14,247.81,system,NA,0.331,3.5,10.81,140.7,54.31,87.67,0.0
Negotiation_2,R1,2026-08-10T11:54:59.745859Z,behavior_monitor,18,1368,394,1253,843,1270,566,463.2,197.74,277.72,system,NA,0.299,3.5,88.28,129.41,0.0,87.67,0.0
Negotiation_2,R1,2026-08-10T11:55:00.259922Z,behavior_monitor,18,1372,499,1314,843,1314,566,348.62,88.48,276.96,system,NA,0.202,3.5,88.28,82.34,0.0,87.67,0.0
Negotiation_2,R1,2026-08-10T11:55:00.596640Z,shot_hit,18,1373,572,1355,843,1345,568,271.19,28.3,274.94,agent,NA,0.094,3.5,65.32,126.86,0.0,87.67,0.0
Negotiation_2,R1,2026-08-10T11:55:00.597549Z,flight_spawn,19,1259,-20,1355,843,1345,568,868.74,594.92,274.94,system,NA,0.406,3.06,49.19,126.86,0.0,87.67,0.0
Negotiation_2,R1,2026-08-10T11:55:04.746273Z,agent_signal,19,1167,309,1000,827,1219,566,544.18,261.71,340.44,agent,i_can,0.325,2.15,112.81,129.41,180.0,76.24,180.0
Negotiation_2,R1,2026-08-10T11:55:04.762965Z,behavior_monitor,19,1167,309,1000,827,1217,566,544.18,261.42,339.48,system,NA,0.325,2.15,112.81,129.41,180.0,87.67,180.0
Negotiation_2,R1,2026-08-10T11:55:05.270530Z,behavior_monitor,19,1143,369,935,827,1172,565,503.29,198.73,352.96,system,NA,0.283,2.15,65.1,127.3,180.0,87.67,180.0
Negotiation_2,R1,2026-08-10T11:55:05.775373Z,behavior_monitor,19,1146,430,913,827,1129,565,460.02,136.36,339.06,system,NA,0.229,2.15,61.87,111.38,0.0,0.0,180.0
Negotiation_2,R1,2026-08-10T11:55:06.281549Z,behavior_monitor,19,1160,491,979,827,1138,565,381.58,77.41,306.1,system,NA,0.169,2.15,90.87,129.41,0.0,0.0,0.0
Negotiation_2,R1,2026-08-10T11:55:06.741290Z,shot_hit,19,1188,547,1040,827,1165,565,316.34,29.61,289.56,agent,NA,0.086,2.15,65.97,129.41,0.0,87.67,0.0
Negotiation_2,R1,2026-08-10T11:55:06.742212Z,flight_spawn,20,295,-20,1040,827,1165,565,1128.53,1048.46,289.56,system,NA,0.482,2.83,135.0,129.41,0.0,87.67,0.0
Negotiation_2,R1,2026-08-10T11:55:11.009396Z,human_signal,20,172,386,600,814,865,565,605.93,716.14,363.12,human,i_can,0.542,2.06,15.38,137.5,180.0,81.0,180.0
Negotiation_2,R1,2026-08-10T11:55:11.025452Z,behavior_monitor,20,172,386,600,814,864,565,605.93,714.89,362.17,system,NA,0.541,2.06,15.38,129.41,180.0,76.24,180.0
Negotiation_2,R1,2026-08-10T11:55:11.529375Z,behavior_monitor,20,227,398,534,814,825,565,517.55,620.8,382.34,system,NA,0.545,2.06,7.13,129.41,180.0,76.24,180.0
Negotiation_2,R1,2026-08-10T11:55:12.037459Z,behavior_monitor,20,280,429,468,814,786,566,428.4,523.85,403.29,system,NA,0.55,2.06,33.03,129.41,180.0,76.24,180.0
Negotiation_2,R1,2026-08-10T11:55:12.206123Z,agent_signal,20,295,446,444,814,773,566,397.43,493.03,412.02,agent,your_turn,0.554,2.06,89.62,137.5,180.0,81.0,180.0
Negotiation_2,R1,2026-08-10T11:55:12.542587Z,behavior_monitor,20,297,485,406,803,747,566,336.11,457.6,415.4,system,NA,0.577,2.06,89.62,134.16,-152.44,76.24,180.0
Negotiation_2,R1,2026-08-10T11:55:13.049021Z,behavior_monitor,20,306,545,341,782,708,565,238.86,403.07,426.56,system,NA,0.628,2.06,98.1,132.36,-165.33,76.24,180.0
Negotiation_2,R1,2026-08-10T11:55:13.556693Z,behavior_monitor,20,301,607,284,781,670,599,174.84,368.82,426.74,system,NA,0.678,2.06,73.65,111.66,180.0,130.47,125.75
Negotiation_2,R1,2026-08-10T11:55:14.066599Z,behavior_monitor,20,345,640,290,756,631,635,128.59,285.68,362.06,system,NA,0.69,2.06,7.69,142.56,-35.53,76.24,180.0
Negotiation_2,R1,2026-08-10T11:55:14.574312Z,behavior_monitor,20,403,659,349,711,592,653,75.9,188.39,249.85,system,NA,0.713,2.06,15.55,146.35,-39.39,76.24,180.0
Negotiation_2,R1,2026-08-10T11:55:14.693678Z,shot_miss,20,418,662,362,700,583,658,67.12,164.95,224.42,human,NA,0.711,2.06,15.55,146.74,-40.42,76.24,180.0
Negotiation_2,R1,2026-08-10T11:55:15.083044Z,behavior_monitor,20,464,675,408,668,553,671,56.3,88.77,144.52,system,NA,0.612,2.06,15.55,140.17,-22.6,130.47,125.75
Negotiation_2,R1,2026-08-10T11:55:15.405114Z,shot_hit,20,504,683,434,693,527,678,70.99,23.12,94.04,agent,NA,0.246,2.06,7.49,129.41,90.0,76.24,180.0
Negotiation_2,R2,2026-08-10T11:55:22.567741Z,flight_spawn,1,380,-20,434,693,527,678,715.57,713.55,94.04,system,NA,0.499,3.14,129.56,0.0,90.0,0.0,180.0
Negotiation_2,R2,2026-08-10T11:55:28.633799Z,agent_signal,1,423,359,767,812,312,567,569.19,235.73,517.06,agent,i_can,0.293,3.14,24.93,129.41,180.0,102.1,14.84
Negotiation_2,R2,2026-08-10T11:55:28.650827Z,behavior_monitor,1,423,359,767,812,313,565,569.19,233.2,516.73,system,NA,0.291,3.14,24.93,129.41,180.0,150.04,-54.25
Negotiation_2,R2,2026-08-10T11:55:29.159313Z,behavior_monitor,1,512,389,703,812,359,565,463.25,233.0,423.65,system,NA,0.335,3.14,18.22,113.05,180.0,87.67,0.0
Negotiation_2,R2,2026-08-10T11:55:29.667929Z,behavior_monitor,1,598,419,647,816,403,565,399.75,243.18,349.8,system,NA,0.378,3.14,18.22,129.41,180.0,87.67,0.0
Negotiation_2,R2,2026-08-10T11:55:30.175345Z,behavior_monitor,1,685,447,625,816,448,565,373.91,264.64,307.25,system,NA,0.414,3.14,44.18,129.41,0.0,87.67,0.0
Negotiation_2,R2,2026-08-10T11:55:30.684014Z,behavior_monitor,1,725,525,691,800,493,565,277.85,236.41,307.8,system,NA,0.46,3.14,12.21,135.26,-16.91,87.67,0.0
Negotiation_2,R2,2026-08-10T11:55:30.836449Z,human_signal,1,753,531,711,797,506,565,269.48,249.73,309.24,human,your_turn,0.481,3.14,12.21,129.41,0.0,87.67,0.0
Negotiation_2,R2,2026-08-10T11:55:30.837105Z,human_signal,1,756,531,713,797,506,565,268.91,252.32,310.7,human,your_turn,0.484,3.14,12.21,129.41,0.0,87.67,0.0
Negotiation_2,R2,2026-08-10T11:55:31.189184Z,behavior_monitor,1,816,548,757,797,537,565,255.58,279.15,319.31,system,NA,0.522,3.14,35.32,122.22,0.0,82.8,0.0
Negotiation_2,R2,2026-08-10T11:55:31.696336Z,behavior_monitor,1,895,603,823,797,582,598,207.19,313.17,312.28,system,NA,0.602,3.14,63.77,129.41,0.0,150.04,54.25
Negotiation_2,R2,2026-08-10T11:55:32.207209Z,behavior_monitor,1,938,687,889,797,627,660,120.05,312.15,295.7,system,NA,0.722,3.14,63.77,137.5,0.0,159.42,54.25
Negotiation_2,R2,2026-08-10T11:55:32.714517Z,behavior_monitor,1,1009,752,955,797,671,722,70.32,339.44,293.39,system,NA,0.828,3.14,63.61,129.41,0.0,150.04,54.25
Negotiation_2,R2,2026-08-10T11:55:32.985836Z,human_signal,1,1040,791,992,797,695,755,48.11,346.95,300.2,human,i_can,0.878,3.14,63.76,129.41,0.0,150.04,54.25
Negotiation_2,R2,2026-08-10T11:55:33.169603Z,human_signal,1,1057,821,1017,797,710,776,47.26,350.58,307.61,human,i_can,0.881,3.14,42.21,129.41,0.0,130.47,54.25
Negotiation_2,R2,2026-08-10T11:55:33.220423Z,behavior_monitor,1,1062,825,1021,797,714,781,49.56,350.97,307.8,system,NA,0.876,3.14,42.21,129.41,0.0,130.47,54.25
Negotiation_2,R2,2026-08-10T11:55:33.357095Z,human_signal,1,1084,844,1041,797,724,795,63.98,363.4,316.82,human,i_can,0.85,3.14,42.21,129.41,0.0,130.47,54.25
Negotiation_2,R2,2026-08-10T11:55:33.510597Z,agent_signal,1,1098,868,1058,797,736,812,81.42,366.6,323.02,agent,your_turn,0.818,3.14,70.48,129.41,0.0,130.47,54.25
Negotiation_2,R2,2026-08-10T11:55:33.731150Z,behavior_monitor,1,1103,905,1087,797,753,835,108.94,357.49,336.6,system,NA,0.766,3.14,94.2,129.41,0.0,130.47,54.25
Negotiation_2,R2,2026-08-10T11:55:33.968271Z,flight_missed,1,1101,952,1098,797,772,862,154.72,341.15,332.8,system,NA,0.688,3.14,94.2,80.56,180.0,123.22,54.25
Negotiation_2,R2,2026-08-10T11:55:33.968935Z,flight_spawn,2,580,-20,1098,797,772,862,967.4,902.78,332.8,system,NA,0.483,2.83,45.0,80.56,180.0,123.22,54.25
Negotiation_2,R2,2026-08-10T11:55:37.499706Z,agent_signal,2,794,346,956,779,803,566,462.45,220.44,262.02,agent,i_can,0.323,2.83,140.64,135.73,162.45,76.24,180.0
Negotiation_2,R2,2026-08-10T11:55:37.516998Z,behavior_monitor,2,794,346,956,779,802,566,462.45,220.38,262.89,system,NA,0.323,2.83,140.64,135.73,162.45,87.67,180.0
Negotiation_2,R2,2026-08-10T11:55:38.025842Z,behavior_monitor,2,728,400,890,800,757,566,431.94,169.02,268.99,system,NA,0.281,2.83,140.64,144.34,162.29,93.15,180.0
Negotiation_2,R2,2026-08-10T11:55:38.531574Z,human_signal,2,652,431,824,820,712,566,426.0,147.82,278.18,human,your_turn,0.258,2.83,144.88,142.99,164.07,93.15,180.0
Negotiation_2,R2,2026-08-10T11:55:38.532166Z,behavior_monitor,2,652,431,824,820,712,566,426.0,147.82,278.18,system,NA,0.258,2.83,144.88,134.48,164.22,118.7,-165.69
Negotiation_2,R2,2026-08-10T11:55:38.532507Z,human_signal,2,649,432,822,821,712,566,425.4,147.58,277.86,human,your_turn,0.258,2.83,144.88,134.48,164.22,118.7,-165.69
Negotiation_2,R2,2026-08-10T11:55:39.042010Z,behavior_monitor,2,570,463,758,838,667,565,420.24,141.45,287.69,system,NA,0.252,2.83,166.97,133.78,165.31,87.67,180.0
Negotiation_2,R2,2026-08-10T11:55:39.551641Z,behavior_monitor,2,490,488,692,844,621,565,409.5,152.37,287.48,system,NA,0.271,2.83,162.14,129.41,180.0,87.67,180.0
Negotiation_2,R2,2026-08-10T11:55:40.058074Z,behavior_monitor,2,411,517,626,844,576,565,391.75,172.51,282.77,system,NA,0.306,2.83,140.24,129.41,180.0,87.67,180.0
Negotiation_2,R2,2026-08-10T11:55:40.566327Z,behavior_monitor,2,350,575,560,844,532,570,340.99,182.08,275.6,system,NA,0.348,2.83,139.06,129.41,180.0,150.04,125.75
Negotiation_2,R2,2026-08-10T11:55:41.077066Z,behavior_monitor,2,334,653,494,844,488,632,249.45,155.36,212.03,system,NA,0.384,2.83,92.49,129.41,180.0,150.04,125.75
Negotiation_2,R2,2026-08-10T11:55:41.586990Z,behavior_monitor,2,312,729,428,844,443,693,163.57,135.8,151.0,system,NA,0.454,2.83,148.18,129.41,180.0,150.04,125.75
Negotiation_2,R2,2026-08-10T11:55:42.098354Z,behavior_monitor,2,237,764,362,849,398,756,151.25,161.18,100.23,system,NA,0.516,2.83,155.75,133.58,165.65,150.04,125.75
Negotiation_2,R2,2026-08-10T11:55:42.606728Z,behavior_monitor,2,159,800,296,866,354,795,152.38,194.56,91.28,system,NA,0.561,2.83,158.0,133.6,165.62,87.67,180.0
Negotiation_2,R2,2026-08-10T11:55:43.111735Z,behavior_monitor,2,82,832,230,883,309,826,156.75,226.68,96.98,system,NA,0.591,2.83,158.0,133.6,165.62,87.67,180.0
Negotiation_2,R2,2026-08-10T11:55:44.095172Z,flight_missed,2,24,954,101,910,221,910,88.08,201.88,120.76,system,NA,0.696,2.4,91.35,129.41,180.0,87.67,180.0
Negotiation_2,R2,2026-08-10T11:55:44.095905Z,flight_spawn,3,659,-20,101,910,221,910,1084.75,1027.81,120.76,system,NA,0.487,3.49,55.02,129.41,180.0,87.67,180.0
Negotiation_2,R2,2026-08-10T11:55:46.531853Z,human_signal,3,1045,237,314,910,386,679,993.75,793.2,241.99,human,your_turn,0.444,3.49,0.63,126.77,0.0,130.47,-54.25
Negotiation_2,R2,2026-08-10T11:55:46.532430Z,behavior_monitor,3,1045,237,314,910,386,679,993.75,793.2,241.99,system,NA,0.444,3.49,0.63,126.66,0.0,125.98,-57.6
Negotiation_2,R2,2026-08-10T11:55:46.533023Z,human_signal,3,1049,237,316,910,386,679,995.04,796.0,241.9,human,your_turn,0.444,3.49,0.63,126.66,0.0,125.98,-57.6
Negotiation_2,R2,2026-08-10T11:55:47.041957Z,behavior_monitor,3,1144,260,378,910,430,616,1004.15,797.35,297.89,system,NA,0.443,3.49,24.71,126.38,0.0,150.04,-54.25
Negotiation_2,R2,2026-08-10T11:55:47.483732Z,agent_signal,3,1209,329,436,910,469,566,966.65,776.73,345.0,agent,i_can,0.446,3.49,54.22,126.38,0.0,87.67,0.0
Negotiation_2,R2,2026-08-10T11:55:47.551802Z,behavior_monitor,3,1217,338,443,910,476,566,962.52,775.5,344.77,system,NA,0.446,3.49,54.22,126.38,0.0,87.67,0.0
Negotiation_2,R2,2026-08-10T11:55:48.067329Z,behavior_monitor,3,1253,439,509,910,522,565,880.73,742.31,344.97,system,NA,0.457,3.49,59.93,126.38,0.0,87.67,0.0
Negotiation_2,R2,2026-08-10T11:55:48.575270Z,behavior_monitor,3,1305,530,574,910,567,565,824.33,739.35,344.88,system,NA,0.473,3.49,86.83,134.28,0.0,93.15,0.0
Negotiation_2,R2,2026-08-10T11:55:49.082397Z,behavior_monitor,3,1340,627,638,910,611,602,756.77,729.28,308.74,system,NA,0.491,3.49,61.29,126.38,0.0,150.04,54.25
Negotiation_2,R2,2026-08-10T11:55:49.591178Z,behavior_monitor,3,1355,730,702,910,656,664,677.09,702.69,250.09,system,NA,0.509,3.49,85.06,134.28,0.0,159.42,54.25
Negotiation_2,R2,2026-08-10T11:55:50.093257Z,behavior_monitor,3,1394,822,767,910,700,726,633.22,701.05,195.31,system,NA,0.525,3.49,7.98,126.38,0.0,150.04,54.25
Negotiation_2,R2,2026-08-10T11:55:50.596998Z,behavior_monitor,3,1447,881,831,910,744,788,616.09,708.72,149.39,system,NA,0.535,3.47,94.98,126.38,0.0,150.04,54.25
Negotiation_2,R2,2026-08-10T11:55:51.001230Z,flight_missed,3,1399,952,885,910,781,840,515.82,628.31,125.27,system,NA,0.549,3.47,143.91,126.38,0.0,150.04,54.25
Negotiation_2,R2,2026-08-10T11:55:51.002234Z,flight_spawn,4,517,-20,885,910,781,840,1000.22,900.06,125.27,system,NA,0.474,3.37,126.42,126.38,0.0,150.04,54.25
Negotiation_2,R2,2026-08-10T11:55:52.519079Z,human_signal,4,475,265,897,910,708,739,770.66,528.75,254.46,human,your_turn,0.407,3.37,71.89,0.0,180.0,130.47,-125.75
Negotiation_2,R2,2026-08-10T11:55:52.520139Z,behavior_monitor,4,475,265,897,910,708,739,770.66,528.75,254.46,system,NA,0.407,3.37,71.89,0.0,180.0,130.47,-125.75
Negotiation_2,R2,2026-08-10T11:55:52.520580Z,human_signal,4,475,268,897,910,708,739,767.77,525.71,254.46,human,your_turn,0.406,3.37,71.89,0.0,180.0,130.47,-125.75
Negotiation_2,R2,2026-08-10T11:55:52.773020Z,agent_signal,4,503,310,897,910,686,708,717.36,438.42,291.54,agent,i_can,0.379,3.37,51.82,0.0,180.0,150.04,-125.75
Negotiation_2,R2,2026-08-10T11:55:53.026537Z,behavior_monitor,4,546,335,884,910,663,677,666.91,361.82,320.59,system,NA,0.352,3.37,30.53,0.0,180.0,150.04,-125.75
Negotiation_2,R2,2026-08-10T11:55:53.534395Z,behavior_monitor,4,613,403,909,858,619,615,542.47,212.11,378.25,system,NA,0.281,3.37,56.93,145.89,-57.89,150.04,-125.75
Negotiation_2,R2,2026-08-10T11:55:54.044035Z,behavior_monitor,4,690,464,902,825,641,565,418.58,112.34,368.5,system,NA,0.212,3.37,53.26,129.41,180.0,87.67,0.0
Negotiation_2,R2,2026-08-10T11:55:54.552433Z,behavior_monitor,4,738,549,914,836,685,565,336.21,55.35,354.82,system,NA,0.141,3.37,80.38,0.0,0.0,87.67,0.0
Negotiation_2,R2,2026-08-10T11:55:54.758008Z,shot_miss,4,737,592,895,836,705,579,290.47,34.42,319.09,agent,NA,0.106,3.37,107.32,129.41,180.0,150.04,54.25
Negotiation_2,R2,2026-08-10T11:55:55.044991Z,shot_miss,4,720,647,857,846,703,614,242.71,36.04,278.48,agent,NA,0.129,3.37,107.32,140.15,157.43,121.76,90.0
Negotiation_2,R2,2026-08-10T11:55:55.061958Z,behavior_monitor,4,720,647,857,846,703,614,242.71,36.04,278.48,system,NA,0.129,3.37,107.32,140.15,157.43,150.04,125.75
Negotiation_2,R2,2026-08-10T11:55:55.313944Z,shot_miss,4,704,698,822,862,687,648,201.93,52.62,252.61,agent,NA,0.207,3.37,107.32,141.28,156.34,150.04,125.75
Negotiation_2,R2,2026-08-10T11:55:55.569012Z,behavior_monitor,4,693,744,791,875,677,677,163.94,68.68,228.86,system,NA,0.295,3.37,101.65,140.91,156.28,121.76,90.0
Negotiation_2,R2,2026-08-10T11:55:56.078398Z,behavior_monitor,4,677,843,726,904,661,739,78.08,104.81,177.19,system,NA,0.573,3.37,101.65,140.56,156.22,121.76,90.0
Negotiation_2,R2,2026-08-10T11:55:56.298246Z,human_signal,4,704,879,695,910,668,766,32.73,118.34,146.89,human,i_can,0.783,3.37,30.68,128.62,180.0,150.04,54.25
Negotiation_2,R2,2026-08-10T11:55:56.450285Z,human_signal,4,732,894,675,910,680,782,58.61,123.58,128.26,human,i_can,0.678,3.37,30.68,128.62,180.0,130.47,54.25
Negotiation_2,R2,2026-08-10T11:55:56.583932Z,behavior_monitor,4,751,906,660,910,690,797,90.91,125.51,116.73,system,NA,0.58,3.37,30.68,126.46,180.0,130.47,54.25
Negotiation_2,R2,2026-08-10T11:55:56.601312Z,human_signal,4,757,910,660,912,691,798,96.99,129.3,117.46,human,i_can,0.571,3.37,30.68,52.19,180.0,130.47,54.25
Negotiation_2,R2,2026-08-10T11:55:56.839258Z,human_signal,4,797,934,684,911,710,824,115.08,140.04,90.28,human,i_can,0.549,3.37,30.68,116.53,0.0,130.47,54.25
Negotiation_2,R2,2026-08-10T11:55:56.873630Z,agent_signal,4,802,937,686,910,712,828,119.4,141.68,85.9,agent,your_turn,0.543,3.37,30.68,117.68,0.0,130.47,54.25
Negotiation_2,R2,2026-08-10T11:55:56.923896Z,conflict,4,811,943,694,910,718,835,120.95,142.13,78.16,system,NA,0.54,3.37,30.68,118.92,0.0,130.47,54.25
Negotiation_2,R2,2026-08-10T11:55:57.093916Z,behavior_monitor,4,834,958,694,910,718,835,147.98,169.34,78.16,system,NA,0.534,3.37,30.68,0.0,0.0,0.0,54.25
Negotiation_2,R2,2026-08-10T11:55:57.434021Z,flight_missed,4,900,994,695,910,719,837,221.61,239.87,76.54,system,NA,0.52,3.37,30.68,0.0,0.0,0.0,54.25
Negotiation_2,R2,2026-08-10T11:55:57.436246Z,flight_spawn,5,837,-20,695,910,719,837,940.72,865.3,76.54,system,NA,0.479,2.83,45.0,0.0,0.0,0.0,54.25
Negotiation_2,R2,2026-08-10T11:56:00.399917Z,agent_signal,5,1013,417,987,910,925,566,492.86,173.14,348.95,agent,i_can,0.26,2.83,91.19,129.41,0.0,76.24,0.0
Negotiation_2,R2,2026-08-10T11:56:00.416418Z,behavior_monitor,5,1013,417,987,910,926,566,492.86,172.38,348.69,system,NA,0.259,2.83,91.19,129.41,0.0,87.67,0.0
Negotiation_2,R2,2026-08-10T11:56:00.926119Z,behavior_monitor,5,998,498,1044,888,971,566,392.62,72.79,330.65,system,NA,0.156,2.83,120.71,49.84,-90.0,87.67,0.0
Negotiation_2,R2,2026-08-10T11:56:01.300979Z,shot_hit,5,1007,562,1015,872,984,567,310.46,23.57,307.06,agent,NA,0.071,2.83,106.34,128.75,-156.38,0.0,0.0
Negotiation_2,R2,2026-08-10T11:56:01.302023Z,flight_spawn,6,609,-20,1015,872,984,567,980.48,696.27,307.06,system,NA,0.415,2.83,135.0,128.75,-156.38,0.0,0.0
Negotiation_2,R2,2026-08-10T11:56:06.923814Z,human_signal,6,127,635,399,910,618,605,386.8,492.77,375.61,human,i_can,0.56,2.83,64.06,129.41,180.0,130.47,125.75
Negotiation_2,R2,2026-08-10T11:56:06.940243Z,behavior_monitor,6,127,635,399,910,617,607,386.8,491.37,373.39,system,NA,0.56,2.83,64.06,137.5,180.0,138.63,125.75
Negotiation_2,R2,2026-08-10T11:56:07.143016Z,agent_signal,6,152,660,370,910,602,628,331.44,450.7,364.25,agent,your_turn,0.576,2.83,38.69,129.41,180.0,130.47,125.75
Negotiation_2,R2,2026-08-10T11:56:07.447265Z,behavior_monitor,6,194,671,333,910,578,661,275.64,384.47,349.6,system,NA,0.582,2.83,7.39,129.41,180.0,130.47,125.75
Negotiation_2,R2,2026-08-10T11:56:07.955305Z,behavior_monitor,6,274,694,284,878,539,690,183.78,265.26,317.32,system,NA,0.591,2.83,27.55,129.41,-90.0,130.47,125.75
Negotiation_2,R2,2026-08-10T11:56:08.461028Z,behavior_monitor,6,355,726,324,818,501,722,97.6,145.53,201.59,system,NA,0.599,2.83,30.07,145.57,-42.72,130.47,125.75
Negotiation_2,R2,2026-08-10T11:56:08.977209Z,behavior_monitor,6,418,780,364,840,462,767,80.87,45.78,122.27,system,NA,0.361,2.83,63.15,129.22,70.19,130.47,125.75
Negotiation_2,R2,2026-08-10T11:56:09.061388Z,shot_hit,6,428,794,369,853,454,778,83.44,30.45,113.3,agent,NA,0.267,2.83,41.45,131.68,67.88,130.47,125.75
Negotiation_2,R2,2026-08-10T11:56:09.061977Z,flight_spawn,7,72,-20,369,853,454,778,922.12,884.98,113.3,system,NA,0.49,3.33,126.97,131.68,67.88,130.47,125.75
Negotiation_2,R2,2026-08-10T11:56:12.649251Z,agent_signal,7,244,357,632,808,222,566,594.9,210.37,476.4,agent,i_can,0.261,2.32,81.43,129.41,0.0,0.0,-172.78
Negotiation_2,R2,2026-08-10T11:56:12.665650Z,behavior_monitor,7,244,357,632,808,221,566,594.9,210.5,476.79,system,NA,0.261,2.32,81.43,128.75,0.0,29.27,171.25
Negotiation_2,R2,2026-08-10T11:56:13.168624Z,behavior_monitor,7,259,424,656,866,236,566,594.01,144.34,515.47,system,NA,0.195,2.32,60.25,135.7,107.52,87.67,0.0
Negotiation_2,R2,2026-08-10T11:56:13.678130Z,behavior_monitor,7,292,484,660,910,268,566,562.22,85.14,520.73,system,NA,0.132,2.32,85.37,71.86,0.0,0.0,0.0
Negotiation_2,R2,2026-08-10T11:56:14.085324Z,shot_miss,7,328,524,694,910,298,566,531.54,51.78,524.92,agent,NA,0.089,2.32,17.21,123.6,0.0,93.15,0.0
Negotiation_2,R2,2026-08-10T11:56:14.187226Z,behavior_monitor,7,341,527,705,910,305,566,527.61,52.77,527.61,system,NA,0.091,2.32,17.21,129.41,0.0,87.67,0.0
Negotiation_2,R2,2026-08-10T11:56:14.423944Z,shot_miss,7,373,538,738,910,327,566,521.28,53.38,535.72,agent,NA,0.093,2.32,17.21,129.41,0.0,87.67,0.0
Negotiation_2,R2,2026-08-10T11:56:14.645869Z,shot_miss,7,400,550,767,910,346,565,513.28,55.74,543.22,agent,NA,0.098,2.32,43.95,129.41,0.0,87.67,0.0
Negotiation_2,R2,2026-08-10T11:56:14.696724Z,behavior_monitor,7,404,554,771,910,349,565,511.71,55.42,544.32,system,NA,0.098,2.32,43.95,129.41,0.0,87.67,0.0
Negotiation_2,R2,2026-08-10T11:56:15.205605Z,behavior_monitor,7,442,609,779,910,394,603,451.83,48.16,492.25,system,NA,0.096,2.32,70.64,118.6,180.0,150.04,54.25
Negotiation_2,R2,2026-08-10T11:56:15.711550Z,behavior_monitor,7,426,666,719,910,412,661,380.81,15.01,394.92,system,NA,0.038,2.32,163.44,118.74,180.0,87.67,180.0
Negotiation_2,R2,2026-08-10T11:56:16.218029Z,behavior_monitor,7,360,686,658,910,367,682,372.91,8.6,369.76,system,NA,0.023,2.32,146.21,119.2,180.0,150.04,125.75
Negotiation_2,R2,2026-08-10T11:56:16.352658Z,shot_hit,7,341,690,641,910,354,684,372.69,14.46,365.76,agent,NA,0.037,2.32,172.96,99.68,180.0,87.67,180.0
Negotiation_2,R2,2026-08-10T11:56:16.353614Z,flight_spawn,8,643,-20,641,910,354,684,930.0,761.3,365.76,system,NA,0.45,2.83,45.0,99.68,180.0,87.67,180.0
Negotiation_2,R2,2026-08-10T11:56:18.932349Z,human_signal,8,906,269,829,853,521,565,589.37,485.93,422.0,human,i_can,0.452,2.83,61.22,135.24,-16.89,76.24,0.0
Negotiation_2,R2,2026-08-10T11:56:18.948944Z,behavior_monitor,8,906,269,829,853,522,565,589.37,484.9,421.05,system,NA,0.451,2.83,61.22,135.24,-16.89,76.24,0.0
Negotiation_2,R2,2026-08-10T11:56:19.454605Z,behavior_monitor,8,945,343,895,832,561,565,491.99,444.02,428.25,system,NA,0.474,2.83,61.22,136.78,-18.9,76.24,0.0
Negotiation_2,R2,2026-08-10T11:56:19.962045Z,behavior_monitor,8,954,423,961,807,600,565,384.76,381.36,434.44,system,NA,0.498,2.83,109.44,139.46,-26.36,76.24,0.0
Negotiation_2,R2,2026-08-10T11:56:20.467133Z,behavior_monitor,8,910,489,956,795,639,565,309.65,281.91,392.53,system,NA,0.477,2.83,135.22,129.41,180.0,76.24,0.0
Negotiation_2,R2,2026-08-10T11:56:20.977127Z,behavior_monitor,8,859,553,893,818,678,565,267.36,181.65,332.52,system,NA,0.405,2.83,135.96,94.74,153.53,76.24,0.0
Negotiation_2,R2,2026-08-10T11:56:21.385066Z,agent_signal,8,801,591,858,834,709,584,250.17,92.55,291.01,agent,i_can,0.27,2.83,140.67,129.41,180.0,130.47,54.25
Negotiation_2,R2,2026-08-10T11:56:21.485758Z,behavior_monitor,8,789,600,847,834,718,595,241.74,71.32,272.17,system,NA,0.228,2.83,140.67,137.5,180.0,159.42,54.25
Negotiation_2,R2,2026-08-10T11:56:21.858808Z,shot_hit,8,741,641,796,840,728,636,206.86,14.66,215.9,agent,NA,0.066,2.83,140.67,136.13,161.93,150.04,125.75
Negotiation_2,R2,2026-08-10T11:56:21.859773Z,flight_spawn,9,917,-20,796,840,728,636,869.45,683.05,215.9,system,NA,0.44,2.83,135.0,136.13,161.93,150.04,125.75
Negotiation_2,R2,2026-08-10T11:56:26.494160Z,human_signal,9,235,265,347,799,519,566,545.51,413.26,289.43,human,i_can,0.431,2.83,178.01,129.41,180.0,76.24,180.0
Negotiation_2,R2,2026-08-10T11:56:26.511590Z,behavior_monitor,9,235,265,347,799,518,566,545.51,412.37,288.67,system,NA,0.431,2.83,178.01,129.41,180.0,76.24,180.0
Negotiation_2,R2,2026-08-10T11:56:26.949803Z,agent_signal,9,203,311,288,802,484,566,498.39,379.23,306.7,agent,i_can,0.432,2.83,47.61,142.13,165.33,81.0,180.0
Negotiation_2,R2,2026-08-10T11:56:27.016201Z,behavior_monitor,9,209,317,281,803,478,566,492.0,366.25,308.27,system,NA,0.427,2.83,47.61,133.93,165.07,87.67,180.0
Negotiation_2,R2,2026-08-10T11:56:27.520480Z,behavior_monitor,9,285,352,224,826,433,566,478.4,260.53,333.45,system,NA,0.353,2.83,22.04,112.63,62.55,87.67,180.0
Negotiation_2,R2,2026-08-10T11:56:28.031353Z,behavior_monitor,9,328,419,284,854,388,567,437.5,159.66,305.45,system,NA,0.267,2.83,69.69,129.41,0.0,87.67,180.0
Negotiation_2,R2,2026-08-10T11:56:28.539630Z,behavior_monitor,9,331,501,350,854,343,565,353.32,65.07,288.98,system,NA,0.156,2.83,76.74,137.5,0.0,93.15,180.0
Negotiation_2,R2,2026-08-10T11:56:28.777409Z,shot_hit,9,341,542,383,851,324,565,312.08,28.19,292.58,agent,NA,0.083,2.83,76.74,133.89,-14.86,0.0,180.0
Negotiation_2,R2,2026-08-10T11:56:28.777740Z,flight_spawn,10,411,-20,383,851,324,565,872.43,591.81,292.58,system,NA,0.404,2.83,45.0,133.89,-14.86,0.0,180.0
Negotiation_2,R2,2026-08-10T11:56:32.404347Z,human_signal,10,887,333,830,604,572,566,276.34,391.64,260.99,human,i_can,0.586,2.83,51.09,136.81,-22.14,76.24,0.0
Negotiation_2,R2,2026-08-10T11:56:32.420523Z,behavior_monitor,10,887,333,830,604,573,566,276.34,390.6,259.71,system,NA,0.586,2.83,51.09,136.78,-22.03,76.24,0.0
Negotiation_2,R2,2026-08-10T11:56:32.927083Z,behavior_monitor,10,960,371,896,582,612,565,219.98,398.48,284.34,system,NA,0.644,2.83,4.23,133.9,-14.88,76.24,0.0
Negotiation_2,R2,2026-08-10T11:56:32.944163Z,agent_signal,10,966,372,900,580,613,565,218.87,402.15,287.37,agent,your_turn,0.648,2.83,4.23,133.9,-14.88,76.24,0.0
Negotiation_2,R2,2026-08-10T11:56:33.435802Z,behavior_monitor,10,1036,391,962,579,650,564,201.8,422.93,311.59,system,NA,0.677,2.83,31.0,129.41,0.0,76.24,0.0
Negotiation_2,R2,2026-08-10T11:56:33.946101Z,behavior_monitor,10,1116,417,1028,579,689,564,184.45,451.75,338.68,system,NA,0.71,2.83,1.95,129.41,0.0,76.24,0.0
Negotiation_2,R2,2026-08-10T11:56:34.454122Z,behavior_monitor,10,1181,460,1094,579,728,565,147.89,465.27,365.77,system,NA,0.759,2.83,24.98,129.41,0.0,76.24,0.0
Negotiation_2,R2,2026-08-10T11:56:34.962597Z,behavior_monitor,10,1249,507,1158,592,767,565,124.33,485.0,391.69,system,NA,0.796,2.83,1.54,132.02,22.35,76.24,0.0
Negotiation_2,R2,2026-08-10T11:56:35.474136Z,behavior_monitor,10,1327,531,1219,619,806,565,139.23,522.43,417.15,system,NA,0.79,2.83,25.9,132.56,25.34,76.24,0.0
Negotiation_2,R2,2026-08-10T11:56:35.977223Z,behavior_monitor,10,1402,568,1281,648,845,564,145.2,556.81,443.68,system,NA,0.793,2.83,25.9,132.63,25.4,76.24,0.0
Negotiation_2,R2,2026-08-10T11:56:36.486727Z,behavior_monitor,10,1435,606,1342,677,884,600,118.27,551.32,463.93,system,NA,0.823,1.96,141.02,132.63,25.4,130.47,54.25
Negotiation_2,R2,2026-08-10T11:56:36.998523Z,behavior_monitor,10,1400,651,1382,677,922,645,32.39,478.06,461.04,system,NA,0.937,1.96,116.04,129.41,-90.0,121.19,60.75
Negotiation_2,R2,2026-08-10T11:56:37.133783Z,human_signal,10,1394,666,1382,658,933,660,14.8,460.93,449.01,human,i_can,0.969,1.96,116.04,129.41,-90.0,130.47,54.25
Negotiation_2,R2,2026-08-10T11:56:37.320344Z,human_signal,10,1385,686,1400,638,947,679,49.93,437.59,454.67,human,i_can,0.898,1.96,116.04,135.73,-34.0,130.47,54.25
Negotiation_2,R2,2026-08-10T11:56:37.506884Z,behavior_monitor,10,1376,703,1421,644,961,699,73.9,415.21,462.78,system,NA,0.849,1.96,116.04,131.83,36.45,130.47,54.25
Negotiation_2,R2,2026-08-10T11:56:37.540562Z,shot_miss,10,1374,707,1424,647,964,702,78.24,409.7,463.34,human,NA,0.84,1.96,116.04,140.07,36.45,132.83,39.42
Negotiation_2,R2,2026-08-10T11:56:38.012465Z,behavior_monitor,10,1332,734,1450,699,1000,729,122.6,331.78,450.28,system,NA,0.73,1.96,172.72,121.9,90.0,76.24,0.0
Negotiation_2,R2,2026-08-10T11:56:38.522143Z,behavior_monitor,10,1278,741,1450,762,1040,736,172.33,238.88,410.72,system,NA,0.581,1.96,172.72,129.41,90.0,76.24,0.0
Negotiation_2,R2,2026-08-10T11:56:39.029940Z,behavior_monitor,10,1222,756,1413,823,1078,751,201.9,144.29,342.35,system,NA,0.417,1.96,164.01,142.64,129.02,76.24,0.0
Negotiation_2,R2,2026-08-10T11:56:39.540704Z,behavior_monitor,10,1178,788,1368,880,1118,783,211.47,60.39,268.66,system,NA,0.222,1.96,115.28,145.9,117.51,130.47,54.25
Negotiation_2,R2,2026-08-10T11:56:39.859141Z,shot_hit,10,1161,823,1355,910,1140,818,212.43,22.12,234.29,agent,NA,0.094,1.96,115.28,35.28,180.0,103.28,94.12
Negotiation_2,R2,2026-08-10T11:56:39.859785Z,flight_spawn,11,614,-20,1355,910,1140,818,1189.43,989.53,234.29,system,NA,0.454,2.87,45.76,35.28,180.0,103.28,94.12
Negotiation_2,R2,2026-08-10T11:56:42.499303Z,agent_signal,11,741,308,1093,880,990,608,670.74,389.57,290.16,agent,i_can,0.367,2.87,135.25,142.48,153.67,130.47,-125.75
Negotiation_2,R2,2026-08-10T11:56:42.516085Z,behavior_monitor,11,741,308,1093,880,988,606,670.74,387.02,292.63,system,NA,0.366,2.87,135.25,142.48,153.67,150.04,-125.75
Negotiation_2,R2,2026-08-10T11:56:43.025915Z,behavior_monitor,11,700,384,1027,910,944,565,619.52,303.86,354.66,system,NA,0.329,2.87,112.6,127.7,180.0,87.67,180.0
Negotiation_2,R2,2026-08-10T11:56:43.534944Z,behavior_monitor,11,671,464,963,910,899,565,532.18,249.19,350.17,system,NA,0.319,2.87,91.93,133.7,180.0,93.15,180.0
Negotiation_2,R2,2026-08-10T11:56:44.043883Z,behavior_monitor,11,700,542,897,910,854,565,416.73,156.01,346.76,system,NA,0.272,2.87,57.07,129.41,180.0,87.67,180.0
Negotiation_2,R2,2026-08-10T11:56:44.549649Z,behavior_monitor,11,774,585,840,910,809,581,330.64,35.42,329.43,system,NA,0.097,2.87,28.54,0.0,180.0,150.04,125.75
Negotiation_2,R2,2026-08-10T11:56:44.635559Z,shot_hit,11,789,594,841,909,800,588,319.44,13.35,323.64,agent,NA,0.04,2.87,28.54,0.0,180.0,150.04,125.75
Negotiation_2,R2,2026-08-10T11:56:44.636018Z,flight_spawn,12,765,-20,841,909,800,588,932.37,609.2,323.64,system,NA,0.395,3.4,126.02,0.0,180.0,150.04,125.75
Negotiation_2,R2,2026-08-10T11:56:46.738810Z,agent_signal,12,755,383,879,853,740,566,485.38,182.98,318.69,agent,i_can,0.274,3.4,103.75,57.36,90.0,76.24,180.0
Negotiation_2,R2,2026-08-10T11:56:46.756114Z,behavior_monitor,12,755,383,879,853,738,566,485.38,183.1,319.34,system,NA,0.274,3.4,103.75,94.61,90.0,87.67,180.0
Negotiation_2,R2,2026-08-10T11:56:47.260507Z,behavior_monitor,12,687,450,842,907,698,566,482.23,116.35,370.2,system,NA,0.194,3.4,150.14,123.79,154.6,87.67,180.0
Negotiation_2,R2,2026-08-10T11:56:47.765289Z,behavior_monitor,12,603,501,778,903,653,566,438.37,82.06,359.27,system,NA,0.158,3.4,174.65,137.5,180.0,93.15,180.0
Negotiation_2,R2,2026-08-10T11:56:48.272554Z,behavior_monitor,12,514,541,712,910,608,566,418.42,97.68,358.51,system,NA,0.189,3.4,152.69,129.41,180.0,87.67,180.0
Negotiation_2,R2,2026-08-10T11:56:48.781125Z,behavior_monitor,12,420,588,646,910,563,583,393.05,143.31,336.74,system,NA,0.267,3.4,152.69,129.41,180.0,150.04,125.75
Negotiation_2,R2,2026-08-10T11:56:49.290035Z,behavior_monitor,12,329,619,580,910,519,614,384.34,190.03,301.97,system,NA,0.331,3.4,174.42,129.41,180.0,87.67,180.0
Negotiation_2,R2,2026-08-10T11:56:49.798618Z,behavior_monitor,12,227,638,514,910,474,633,395.21,247.4,279.64,system,NA,0.385,3.4,163.72,129.41,180.0,87.67,180.0
Negotiation_2,R2,2026-08-10T11:56:50.308783Z,behavior_monitor,12,131,667,448,910,429,662,399.24,297.86,248.43,system,NA,0.427,3.4,163.72,129.41,180.0,150.04,125.75
Negotiation_2,R2,2026-08-10T11:56:50.815292Z,behavior_monitor,12,35,695,382,910,385,690,407.63,349.79,219.34,system,NA,0.462,3.4,163.72,129.41,180.0,122.92,120.09
Negotiation_2,R2,2026-08-10T11:56:51.326204Z,behavior_monitor,12,72,711,316,910,340,707,314.41,267.75,203.8,system,NA,0.46,2.18,39.8,129.41,180.0,150.04,125.75
Negotiation_2,R2,2026-08-10T11:56:51.427846Z,human_signal,12,83,720,303,910,331,715,290.37,247.66,196.14,human,your_turn,0.46,2.18,39.8,129.41,180.0,150.04,125.75
Negotiation_2,R2,2026-08-10T11:56:51.428456Z,human_signal,12,84,721,301,910,331,715,287.4,246.52,197.2,human,your_turn,0.462,2.18,39.8,129.41,180.0,150.04,125.75
Negotiation_2,R2,2026-08-10T11:56:51.833710Z,behavior_monitor,12,123,753,250,910,295,748,201.49,171.8,167.11,system,NA,0.46,2.18,39.8,124.36,180.0,150.04,125.75
Negotiation_2,R2,2026-08-10T11:56:52.340506Z,behavior_monitor,12,156,809,188,910,250,804,105.05,93.91,122.0,system,NA,0.472,2.18,39.56,119.26,180.0,150.04,125.75
Negotiation_2,R2,2026-08-10T11:56:52.730026Z,shot_hit,12,192,844,163,910,214,840,71.77,23.1,86.98,agent,NA,0.243,2.18,75.27,74.77,0.0,150.04,125.75
Negotiation_2,R2,2026-08-10T11:56:52.730699Z,flight_spawn,13,803,-20,163,910,214,840,1129.01,1042.09,86.98,system,NA,0.48,3.24,51.91,74.77,0.0,150.04,125.75
Negotiation_2,R2,2026-08-10T11:56:52.880916Z,conflict,13,821,2,176,910,214,840,1112.8,1033.87,79.57,system,NA,0.482,3.24,51.91,99.96,0.0,0.0,125.75
Negotiation_2,R2,2026-08-10T11:56:54.921908Z,agent_signal,13,827,360,300,910,332,676,761.29,587.16,235.89,agent,i_can,0.435,3.24,65.8,127.65,0.0,130.47,-54.25
Negotiation_2,R2,2026-08-10T11:56:54.938462Z,behavior_monitor,13,827,360,300,910,333,674,761.29,584.79,238.15,system,NA,0.434,3.24,65.8,127.65,0.0,150.04,-54.25
Negotiation_2,R2,2026-08-10T11:56:55.449179Z,behavior_monitor,13,836,453,365,910,378,612,655.7,484.54,297.86,system,NA,0.425,3.24,94.53,128.05,0.0,150.04,-54.25
Negotiation_2,R2,2026-08-10T11:56:55.955262Z,behavior_monitor,13,806,545,431,910,423,566,523.13,383.49,343.2,system,NA,0.423,3.24,114.99,128.05,0.0,87.67,0.0
Negotiation_2,R2,2026-08-10T11:56:56.461056Z,behavior_monitor,13,748,618,496,910,468,610,385.14,280.06,300.97,system,NA,0.421,3.24,160.43,128.31,0.0,150.04,54.25
Negotiation_2,R2,2026-08-10T11:56:56.965630Z,behavior_monitor,13,680,685,562,910,512,669,253.47,168.36,245.23,system,NA,0.399,3.24,110.35,129.41,0.0,150.04,54.25
Negotiation_2,R2,2026-08-10T11:56:57.473509Z,behavior_monitor,13,643,777,613,910,557,731,136.43,97.12,186.57,system,NA,0.416,3.24,110.35,76.85,0.0,150.04,54.25
Negotiation_2,R2,2026-08-10T11:56:57.982987Z,behavior_monitor,13,649,869,620,910,602,794,50.18,88.0,116.9,system,NA,0.637,3.24,91.17,0.0,0.0,150.04,54.25
Negotiation_2,R2,2026-08-10T11:56:58.032822Z,human_signal,13,648,881,624,910,606,800,37.48,90.78,111.48,human,i_can,0.708,3.24,119.85,70.27,0.0,159.42,54.25
Negotiation_2,R2,2026-08-10T11:56:58.236385Z,human_signal,13,630,915,650,910,615,822,20.39,94.46,95.37,human,i_can,0.822,3.24,119.85,124.2,0.0,105.88,90.0
Negotiation_2,R2,2026-08-10T11:56:58.385516Z,human_signal,13,612,938,668,910,603,838,62.89,100.56,97.7,human,i_can,0.615,3.24,140.09,122.18,0.0,130.47,125.75
Negotiation_2,R2,2026-08-10T11:56:58.486537Z,behavior_monitor,13,600,948,679,910,596,849,87.66,99.9,103.14,system,NA,0.533,3.24,140.09,117.63,0.0,130.47,125.75
Negotiation_2,R2,2026-08-10T11:56:58.504536Z,flight_missed,13,595,952,683,910,593,852,97.17,100.39,106.47,system,NA,0.508,3.24,140.09,117.63,0.0,130.47,125.75
Negotiation_2,R2,2026-08-10T11:56:58.505025Z,flight_spawn,14,973,-20,683,910,593,852,974.38,951.91,106.47,system,NA,0.494,2.94,132.79,117.63,0.0,130.47,125.75
Negotiation_2,R2,2026-08-10T11:57:02.094884Z,agent_signal,14,481,309,599,910,570,565,612.44,271.61,345.47,agent,i_can,0.307,2.94,135.88,129.41,180.0,76.24,180.0
Negotiation_2,R2,2026-08-10T11:57:02.111791Z,behavior_monitor,14,481,309,599,910,568,566,612.44,271.33,345.4,system,NA,0.307,2.94,135.88,129.41,180.0,83.8,172.14
Negotiation_2,R2,2026-08-10T11:57:02.620898Z,behavior_monitor,14,409,357,533,910,523,565,566.62,237.73,344.38,system,NA,0.296,2.94,158.23,129.41,180.0,87.67,180.0
Negotiation_2,R2,2026-08-10T11:57:03.128687Z,behavior_monitor,14,330,384,467,910,478,565,542.78,234.08,344.3,system,NA,0.301,2.94,176.79,129.41,180.0,87.67,180.0
Negotiation_2,R2,2026-08-10T11:57:03.637653Z,behavior_monitor,14,239,394,401,910,434,566,540.84,259.78,345.19,system,NA,0.324,2.94,178.43,129.41,180.0,87.67,180.0
Negotiation_2,R2,2026-08-10T11:57:04.146253Z,behavior_monitor,14,156,419,335,910,389,566,522.62,275.37,348.09,system,NA,0.345,2.94,155.46,129.41,180.0,87.67,180.0
Negotiation_2,R2,2026-08-10T11:57:04.656390Z,behavior_monitor,14,79,455,269,910,344,566,492.26,286.67,351.49,system,NA,0.368,2.94,155.46,129.41,180.0,87.67,180.0
Negotiation_2,R2,2026-08-10T11:57:05.160791Z,behavior_monitor,14,34,490,208,910,299,566,454.08,275.95,355.51,system,NA,0.378,1.98,34.54,0.0,180.0,80.61,166.86
Negotiation_2,R2,2026-08-10T11:57:05.666631Z,behavior_monitor,14,70,537,235,910,254,566,407.4,185.88,344.11,system,NA,0.313,1.98,55.47,0.0,0.0,111.79,176.1
Negotiation_2,R2,2026-08-10T11:57:06.176843Z,behavior_monitor,14,113,577,197,910,209,572,342.57,95.71,337.6,system,NA,0.218,1.98,36.14,0.0,180.0,87.67,180.0
Negotiation_2,R2,2026-08-10T11:57:06.667973Z,shot_hit,14,168,587,197,910,164,582,323.69,5.76,328.68,agent,NA,0.017,1.98,8.69,0.0,180.0,87.67,180.0
Negotiation_2,R2,2026-08-10T11:57:06.668618Z,flight_spawn,15,186,-20,197,910,164,582,930.06,603.36,328.68,system,NA,0.393,2.83,45.0,0.0,180.0,87.67,180.0
Negotiation_2,R2,2026-08-10T11:57:09.052398Z,agent_signal,15,263,308,374,910,191,566,612.04,267.94,389.39,agent,i_can,0.304,2.83,16.01,129.41,0.0,76.24,0.0
Negotiation_2,R2,2026-08-10T11:57:09.068592Z,behavior_monitor,15,263,308,374,910,192,566,612.04,267.55,388.7,system,NA,0.304,2.83,16.01,129.41,0.0,87.67,0.0
Negotiation_2,R2,2026-08-10T11:57:09.579468Z,behavior_monitor,15,341,331,440,910,236,566,586.81,257.05,399.42,system,NA,0.305,2.83,16.01,129.41,0.0,87.67,0.0
Negotiation_2,R2,2026-08-10T11:57:10.084304Z,behavior_monitor,15,418,354,506,910,281,565,561.96,251.56,411.29,system,NA,0.309,2.83,16.01,129.41,0.0,87.67,0.0
Negotiation_2,R2,2026-08-10T11:57:10.591057Z,behavior_monitor,15,504,378,572,910,325,565,536.05,258.45,423.3,system,NA,0.325,2.83,16.01,129.41,0.0,87.67,0.0
Negotiation_2,R2,2026-08-10T11:57:11.099341Z,behavior_monitor,15,584,401,638,910,369,566,511.11,270.99,435.89,system,NA,0.346,2.83,16.01,129.41,0.0,87.67,0.0
Negotiation_2,R2,2026-08-10T11:57:11.520125Z,human_signal,15,652,421,695,910,407,565,489.93,283.76,449.14,human,i_can,0.367,2.83,16.01,129.41,0.0,87.67,0.0
Negotiation_2,R2,2026-08-10T11:57:11.603642Z,behavior_monitor,15,663,425,704,910,413,565,486.64,286.08,450.63,system,NA,0.37,2.83,16.01,129.41,0.0,76.24,0.0
Negotiation_2,R2,2026-08-10T11:57:12.110995Z,behavior_monitor,15,731,462,769,899,452,565,438.64,297.22,460.24,system,NA,0.404,2.83,67.35,142.11,-30.12,76.24,0.0
Negotiation_2,R2,2026-08-10T11:57:12.177985Z,agent_signal,15,729,476,777,893,458,565,420.43,286.07,458.32,agent,your_turn,0.405,2.83,96.71,143.53,-35.17,76.24,0.0
Negotiation_2,R2,2026-08-10T11:57:12.620300Z,behavior_monitor,15,729,545,815,868,491,565,333.88,238.77,443.51,system,NA,0.417,2.83,75.44,0.0,0.0,76.24,0.0
Negotiation_2,R2,2026-08-10T11:57:13.127088Z,behavior_monitor,15,757,627,800,884,530,603,260.55,228.05,389.88,system,NA,0.467,2.83,75.44,0.0,90.0,130.47,54.25
Negotiation_2,R2,2026-08-10T11:57:13.634958Z,behavior_monitor,15,750,710,786,879,569,657,172.78,188.6,310.39,system,NA,0.522,2.83,103.68,73.99,-148.78,130.47,54.25
Negotiation_2,R2,2026-08-10T11:57:14.144225Z,behavior_monitor,15,706,780,725,878,608,711,99.59,119.42,203.51,system,NA,0.545,2.83,138.65,129.41,180.0,130.47,54.25
Negotiation_2,R2,2026-08-10T11:57:14.461930Z,shot_miss,15,671,819,683,878,633,745,59.5,83.26,141.5,human,NA,0.583,2.83,138.72,129.41,180.0,130.47,54.25
Negotiation_2,R2,2026-08-10T11:57:14.648442Z,behavior_monitor,15,659,846,659,878,640,765,32.02,82.7,114.19,system,NA,0.721,2.83,83.53,129.41,180.0,105.88,90.0
Negotiation_2,R2,2026-08-10T11:57:14.665315Z,shot_miss,15,658,848,657,878,640,767,29.24,83.61,112.06,human,NA,0.741,2.83,83.53,129.41,180.0,105.88,90.0
Negotiation_2,R2,2026-08-10T11:57:14.801423Z,shot_hit,15,661,871,639,878,640,781,22.94,92.17,96.33,human,NA,0.801,2.83,83.53,129.41,180.0,105.88,90.0
Negotiation_2,R2,2026-08-10T11:57:14.802008Z,flight_spawn,16,944,-20,639,878,640,781,948.5,857.74,96.33,system,NA,0.475,2.83,135.0,129.41,180.0,105.88,90.0
Negotiation_2,R2,2026-08-10T11:57:17.097111Z,agent_signal,16,980,309,829,878,787,578,588.8,331.12,303.4,agent,i_can,0.36,2.83,54.94,129.41,0.0,130.47,-54.25
Negotiation_2,R2,2026-08-10T11:57:17.113811Z,behavior_monitor,16,980,309,829,878,788,576,588.8,328.57,305.25,system,NA,0.358,2.83,54.94,129.41,0.0,150.04,-54.25
Negotiation_2,R2,2026-08-10T11:57:17.352003Z,human_signal,16,1012,331,860,878,809,565,567.82,309.82,317.08,human,your_turn,0.353,2.83,20.06,129.41,0.0,87.67,0.0
Negotiation_2,R2,2026-08-10T11:57:17.352683Z,human_signal,16,1016,332,862,878,809,565,567.16,311.21,317.44,human,your_turn,0.354,2.83,20.06,129.41,0.0,87.67,0.0
Negotiation_2,R2,2026-08-10T11:57:17.619997Z,behavior_monitor,16,1051,351,895,878,833,565,549.7,305.81,319.19,system,NA,0.357,2.83,46.57,129.41,0.0,87.67,0.0
Negotiation_2,R2,2026-08-10T11:57:18.129245Z,behavior_monitor,16,1106,413,961,861,878,565,471.78,274.08,308.12,system,NA,0.367,2.83,46.57,141.84,-27.41,87.67,0.0
Negotiation_2,R2,2026-08-10T11:57:18.637354Z,behavior_monitor,16,1157,477,1025,827,923,565,373.93,249.96,281.69,system,NA,0.401,2.83,22.72,142.63,-28.35,87.67,0.0
Negotiation_2,R2,2026-08-10T11:57:19.141166Z,behavior_monitor,16,1235,499,1090,816,968,565,348.56,275.07,279.2,system,NA,0.441,2.83,2.65,129.41,0.0,87.67,0.0
Negotiation_2,R2,2026-08-10T11:57:19.646249Z,behavior_monitor,16,1310,529,1155,824,1012,565,333.18,300.18,296.33,system,NA,0.474,2.83,2.11,131.3,15.0,87.67,0.0
Negotiation_2,R2,2026-08-10T11:57:20.003655Z,human_signal,16,1373,532,1203,837,1043,565,349.48,331.18,315.02,human,i_can,0.487,2.83,2.11,131.16,15.02,66.02,5.41
Negotiation_2,R2,2026-08-10T11:57:20.156408Z,behavior_monitor,16,1393,532,1220,842,1055,565,354.23,339.15,321.97,system,NA,0.489,2.83,2.11,131.16,15.02,76.24,0.0
Negotiation_2,R2,2026-08-10T11:57:20.663318Z,behavior_monitor,16,1436,557,1286,848,1094,565,327.53,342.08,341.62,system,NA,0.511,1.79,156.84,129.41,0.0,76.24,0.0
Negotiation_2,R2,2026-08-10T11:57:20.765141Z,agent_signal,16,1424,562,1299,848,1101,565,312.25,323.01,345.17,agent,your_turn,0.508,1.79,156.84,129.41,0.0,76.24,0.0
Negotiation_2,R2,2026-08-10T11:57:21.168681Z,behavior_monitor,16,1385,581,1345,848,1133,575,269.85,252.1,345.57,system,NA,0.483,1.79,128.45,36.08,0.0,76.24,0.0
Negotiation_2,R2,2026-08-10T11:57:21.680413Z,behavior_monitor,16,1335,609,1328,837,1173,605,228.07,162.21,279.94,system,NA,0.416,1.79,155.22,73.19,0.0,138.63,54.25
Negotiation_2,R2,2026-08-10T11:57:22.188886Z,behavior_monitor,16,1287,627,1327,857,1212,621,234.15,75.88,263.1,system,NA,0.245,1.79,179.51,139.89,140.48,76.24,0.0
Negotiation_2,R2,2026-08-10T11:57:22.427865Z,shot_hit,16,1258,627,1294,871,1231,621,246.64,27.33,257.73,agent,NA,0.1,1.79,179.51,134.37,164.38,76.24,0.0
Negotiation_2,R2,2026-08-10T11:57:22.428491Z,flight_spawn,17,212,-20,1294,871,1231,621,1401.92,1203.92,257.73,system,NA,0.462,2.84,134.83,134.37,164.38,76.24,0.0
Negotiation_2,R2,2026-08-10T11:57:27.563537Z,agent_signal,17,23,490,629,875,901,565,717.99,880.95,411.8,agent,your_turn,0.551,2.17,130.49,129.41,180.0,76.24,180.0
Negotiation_2,R2,2026-08-10T11:57:27.579722Z,behavior_monitor,17,23,490,629,875,900,565,717.99,879.65,410.94,system,NA,0.551,2.17,130.49,129.41,180.0,76.24,180.0
Negotiation_2,R2,2026-08-10T11:57:28.088280Z,behavior_monitor,17,28,542,563,875,861,565,629.92,832.77,429.91,system,NA,0.569,1.85,62.83,137.5,180.0,81.0,180.0
Negotiation_2,R2,2026-08-10T11:57:28.596470Z,behavior_monitor,17,32,595,497,875,822,590,542.98,790.08,431.83,system,NA,0.593,1.85,115.4,137.5,180.0,138.63,125.75
Negotiation_2,R2,2026-08-10T11:57:28.969454Z,human_signal,17,25,633,447,875,794,626,486.18,768.85,427.21,human,i_can,0.613,1.74,47.08,129.41,180.0,76.24,180.0
Negotiation_2,R2,2026-08-10T11:57:29.102875Z,behavior_monitor,17,34,642,431,875,784,637,460.41,749.39,425.2,system,NA,0.619,1.74,47.08,137.5,180.0,138.63,125.75
Negotiation_2,R2,2026-08-10T11:57:29.612560Z,behavior_monitor,17,80,663,365,875,745,658,355.73,664.82,436.82,system,NA,0.651,1.74,25.06,129.41,180.0,130.47,125.75
Negotiation_2,R2,2026-08-10T11:57:30.118518Z,behavior_monitor,17,126,689,299,875,706,685,254.12,579.81,448.44,system,NA,0.695,1.74,45.65,129.41,180.0,130.47,125.75
Negotiation_2,R2,2026-08-10T11:57:30.627011Z,behavior_monitor,17,176,711,235,862,667,705,162.59,491.34,459.52,system,NA,0.751,1.74,15.95,137.95,-142.81,76.24,180.0
Negotiation_2,R2,2026-08-10T11:57:31.137705Z,behavior_monitor,17,225,720,223,801,628,715,81.82,403.37,414.72,system,NA,0.831,1.74,9.45,143.76,-62.4,76.24,180.0
Negotiation_2,R2,2026-08-10T11:57:31.290614Z,shot_miss,17,242,722,236,783,617,716,61.28,375.11,386.84,human,NA,0.86,1.74,9.45,146.24,-50.92,76.24,180.0
Negotiation_2,R2,2026-08-10T11:57:31.476889Z,shot_miss,17,262,728,254,763,602,724,35.94,339.99,350.54,human,NA,0.904,1.74,19.93,145.72,-46.57,76.24,180.0
Negotiation_2,R2,2026-08-10T11:57:31.627459Z,shot_hit,17,276,733,270,748,591,729,15.8,314.33,320.93,human,NA,0.952,1.74,19.93,153.62,-41.45,81.0,180.0
Negotiation_2,R2,2026-08-10T11:57:31.627933Z,flight_spawn,18,77,-20,270,748,591,729,792.46,908.45,320.93,system,NA,0.534,3.46,125.28,153.62,-41.45,81.0,180.0
Negotiation_2,R2,2026-08-10T11:57:34.314518Z,human_signal,18,194,375,306,861,406,565,498.56,284.81,312.26,human,your_turn,0.364,2.79,58.35,148.75,42.08,81.0,180.0
Negotiation_2,R2,2026-08-10T11:57:34.315077Z,behavior_monitor,18,194,375,306,861,406,565,498.56,284.81,312.26,system,NA,0.364,2.79,58.35,148.75,42.08,81.0,180.0
Negotiation_2,R2,2026-08-10T11:57:34.315481Z,human_signal,18,195,378,307,863,406,565,497.89,282.17,313.22,human,your_turn,0.362,2.79,58.35,148.75,42.08,81.0,180.0
Negotiation_2,R2,2026-08-10T11:57:34.330791Z,agent_signal,18,196,380,309,864,404,565,497.24,278.49,313.75,agent,i_can,0.359,2.79,58.35,140.28,42.31,87.67,180.0
Negotiation_2,R2,2026-08-10T11:57:34.823596Z,behavior_monitor,18,241,447,360,906,362,566,474.76,169.63,340.7,system,NA,0.263,2.79,81.17,136.89,26.28,87.67,180.0
Negotiation_2,R2,2026-08-10T11:57:35.328120Z,behavior_monitor,18,313,473,402,910,317,566,445.69,93.1,354.11,system,NA,0.173,2.79,8.55,0.0,0.0,87.67,180.0
Negotiation_2,R2,2026-08-10T11:57:35.836900Z,behavior_monitor,18,375,516,458,910,344,566,401.82,58.41,361.92,system,NA,0.127,2.79,58.54,129.41,0.0,87.67,0.0
Negotiation_2,R2,2026-08-10T11:57:36.024475Z,shot_miss,18,393,545,484,910,362,566,375.95,37.39,364.69,agent,NA,0.09,2.79,58.54,129.41,0.0,87.67,0.0
Negotiation_2,R2,2026-08-10T11:57:36.244253Z,shot_hit,18,401,580,513,910,378,572,348.05,24.38,363.2,agent,NA,0.065,2.79,80.06,129.41,0.0,121.76,90.0
Negotiation_2,R2,2026-08-10T11:57:36.244855Z,flight_spawn,19,700,-20,513,910,378,572,948.69,674.67,363.2,system,NA,0.416,2.83,45.0,129.41,0.0,121.76,90.0
Negotiation_2,R2,2026-08-10T11:57:38.379296Z,human_signal,19,768,294,790,910,511,565,615.87,373.85,443.81,human,i_can,0.378,2.83,94.14,129.41,0.0,76.24,0.0
Negotiation_2,R2,2026-08-10T11:57:38.396423Z,behavior_monitor,19,768,294,790,910,512,565,615.87,372.96,442.99,system,NA,0.377,2.83,94.14,129.41,0.0,76.24,0.0
Negotiation_2,R2,2026-08-10T11:57:38.599085Z,agent_signal,19,765,331,818,910,528,565,581.27,333.38,450.93,agent,i_can,0.364,2.83,94.14,121.83,0.0,76.24,0.0
Negotiation_2,R2,2026-08-10T11:57:38.903035Z,behavior_monitor,19,742,373,824,910,554,565,542.71,267.92,437.43,system,NA,0.331,2.83,119.1,48.95,180.0,87.67,0.0
Negotiation_2,R2,2026-08-10T11:57:39.414242Z,behavior_monitor,19,699,447,763,910,599,565,466.76,154.34,381.51,system,NA,0.248,2.83,119.1,129.41,180.0,94.4,7.75
Negotiation_2,R2,2026-08-10T11:57:39.924900Z,behavior_monitor,19,710,527,755,910,644,565,384.99,75.69,362.18,system,NA,0.164,2.83,73.4,37.75,180.0,82.8,0.0
Negotiation_2,R2,2026-08-10T11:57:40.245581Z,shot_miss,19,709,582,769,910,674,576,332.65,35.19,347.33,agent,NA,0.096,2.83,80.74,39.65,0.0,159.42,54.25
Negotiation_2,R2,2026-08-10T11:57:40.430080Z,behavior_monitor,19,713,610,771,910,689,596,304.67,28.13,323.89,system,NA,0.085,2.83,80.74,41.09,180.0,159.42,54.25
Negotiation_2,R2,2026-08-10T11:57:40.532448Z,shot_hit,19,712,630,761,910,692,611,284.15,27.52,306.58,agent,NA,0.088,2.83,109.83,108.28,180.0,121.76,90.0
Negotiation_2,R2,2026-08-10T11:57:40.533000Z,flight_spawn,20,791,-20,761,910,692,611,930.5,638.95,306.58,system,NA,0.407,3.58,123.99,108.28,180.0,121.76,90.0
Negotiation_2,R2,2026-08-10T11:57:42.182347Z,human_signal,20,641,280,672,910,655,566,630.65,286.87,343.78,human,your_turn,0.313,3.58,124.86,119.4,180.0,61.42,173.1
Negotiation_2,R2,2026-08-10T11:57:42.182946Z,behavior_monitor,20,641,280,672,910,655,566,630.65,286.87,343.78,system,NA,0.313,3.58,124.86,124.1,180.0,76.24,180.0
Negotiation_2,R2,2026-08-10T11:57:42.183394Z,human_signal,20,639,283,670,910,655,566,628.65,284.07,344.6,human,your_turn,0.311,3.58,124.86,124.1,180.0,76.24,180.0
Negotiation_2,R2,2026-08-10T11:57:42.384078Z,agent_signal,20,610,318,646,910,637,566,592.84,249.89,343.46,agent,i_can,0.297,3.58,124.86,115.8,180.0,87.67,180.0
Negotiation_2,R2,2026-08-10T11:57:42.689089Z,behavior_monitor,20,588,372,610,910,610,566,537.49,194.96,343.35,system,NA,0.266,3.58,116.25,128.43,180.0,87.67,180.0
Negotiation_2,R2,2026-08-10T11:57:43.198243Z,behavior_monitor,20,538,469,544,910,566,566,440.84,101.35,344.0,system,NA,0.187,3.58,116.25,129.41,180.0,87.67,180.0
Negotiation_2,R2,2026-08-10T11:57:43.706247Z,behavior_monitor,20,506,569,478,910,521,566,342.01,14.94,346.41,system,NA,0.042,3.58,91.89,129.41,180.0,87.67,180.0
Negotiation_2,R2,2026-08-10T11:57:43.772533Z,shot_hit,20,506,587,467,910,514,575,325.34,13.39,337.38,agent,NA,0.04,3.58,91.89,137.5,180.0,126.29,127.98
Negotiation_2,R3,2026-08-10T11:58:39.392975Z,flight_spawn,1,280,-20,467,910,514,575,948.6,639.87,337.38,system,NA,0.403,2.83,135.0,0.0,180.0,0.0,128.62
Negotiation_2,R3,2026-08-10T11:58:43.842819Z,human_signal,1,127,161,1008,761,286,641,1066.02,506.08,732.33,human,your_turn,0.322,2.83,113.64,143.88,162.88,138.63,-125.75
Negotiation_2,R3,2026-08-10T11:58:43.843563Z,behavior_monitor,1,127,161,1008,761,286,641,1066.02,506.08,732.33,system,NA,0.322,2.83,113.64,135.41,162.88,130.47,-125.75
Negotiation_2,R3,2026-08-10T11:58:43.844021Z,human_signal,1,127,163,1006,762,286,641,1063.8,503.88,730.28,human,your_turn,0.321,2.83,113.64,135.41,162.88,130.47,-125.75
Negotiation_2,R3,2026-08-10T11:58:44.351103Z,behavior_monitor,1,58,207,942,782,240,579,1054.31,414.07,730.39,system,NA,0.282,2.83,159.66,135.33,162.99,150.04,-125.75
Negotiation_2,R3,2026-08-10T11:58:44.859055Z,behavior_monitor,1,39,238,876,803,196,565,1010.04,362.78,720.66,system,NA,0.264,1.87,50.13,135.33,162.99,87.67,180.0
Negotiation_2,R3,2026-08-10T11:58:45.365375Z,behavior_monitor,1,82,261,810,818,151,564,916.04,310.78,705.62,system,NA,0.253,1.87,5.65,129.41,180.0,87.67,180.0
Negotiation_2,R3,2026-08-10T11:58:45.871534Z,behavior_monitor,1,137,267,744,818,113,564,820.0,298.43,680.26,system,NA,0.267,1.87,5.65,129.41,180.0,0.0,180.0
Negotiation_2,R3,2026-08-10T11:58:46.378739Z,behavior_monitor,1,192,275,742,818,157,565,772.16,291.74,636.85,system,NA,0.274,1.87,4.68,0.0,0.0,87.67,0.0
Negotiation_2,R3,2026-08-10T11:58:46.885399Z,behavior_monitor,1,246,286,742,818,202,565,726.99,282.1,595.72,system,NA,0.28,1.87,4.98,0.0,0.0,87.67,0.0
Negotiation_2,R3,2026-08-10T11:58:47.391928Z,behavior_monitor,1,300,291,742,812,247,565,683.04,279.11,552.65,system,NA,0.29,1.87,3.18,102.31,-90.0,93.15,0.0
Negotiation_2,R3,2026-08-10T11:58:47.898311Z,behavior_monitor,1,354,299,740,786,292,565,621.87,273.14,499.95,system,NA,0.305,1.87,46.85,68.09,135.91,87.67,0.0
Negotiation_2,R3,2026-08-10T11:58:48.405078Z,behavior_monitor,1,406,306,735,791,336,565,585.53,267.96,457.75,system,NA,0.314,1.87,30.7,0.0,136.48,87.67,0.0
Negotiation_2,R3,2026-08-10T11:58:49.202563Z,agent_signal,1,481,348,745,791,407,565,515.82,229.81,406.1,agent,i_can,0.308,1.87,26.27,0.0,180.0,87.67,0.0
Negotiation_2,R3,2026-08-10T11:58:49.219011Z,behavior_monitor,1,481,348,745,791,408,565,515.82,229.33,404.86,system,NA,0.308,1.87,26.27,0.0,180.0,87.67,0.0
Negotiation_2,R3,2026-08-10T11:58:49.724460Z,behavior_monitor,1,520,380,719,791,454,565,456.56,196.12,348.9,system,NA,0.3,1.87,54.58,52.47,180.0,87.67,0.0
Negotiation_2,R3,2026-08-10T11:58:50.234966Z,behavior_monitor,1,559,417,698,791,499,565,398.96,159.53,301.57,system,NA,0.286,1.87,49.29,32.93,180.0,87.67,0.0
Negotiation_2,R3,2026-08-10T11:58:50.742121Z,behavior_monitor,1,604,453,698,791,543,565,350.3,126.62,274.05,system,NA,0.265,1.87,27.68,0.0,180.0,87.67,0.0
Negotiation_2,R3,2026-08-10T11:58:51.249273Z,behavior_monitor,1,656,479,715,801,588,565,327.05,109.16,268.46,system,NA,0.25,1.87,56.5,92.77,38.89,87.67,0.0
Negotiation_2,R3,2026-08-10T11:58:51.756295Z,behavior_monitor,1,693,524,742,823,633,565,302.11,72.22,280.14,system,NA,0.193,1.87,31.63,0.0,90.0,87.67,0.0
Negotiation_2,R3,2026-08-10T11:58:52.262464Z,behavior_monitor,1,734,565,766,823,677,564,260.05,56.38,273.12,system,NA,0.178,1.87,28.38,129.41,0.0,87.67,0.0
Negotiation_2,R3,2026-08-10T11:58:52.295591Z,shot_miss,1,739,567,773,823,682,564,257.56,57.36,273.82,agent,NA,0.182,1.87,28.38,137.5,0.0,93.15,0.0
Negotiation_2,R3,2026-08-10T11:58:52.496543Z,shot_miss,1,759,578,786,825,699,572,248.39,59.83,267.11,agent,NA,0.194,1.87,28.38,0.0,90.0,159.42,54.25
Negotiation_2,R3,2026-08-10T11:58:52.767112Z,behavior_monitor,1,785,591,789,825,722,587,233.63,63.85,247.63,system,NA,0.215,1.87,28.38,95.36,0.0,150.04,54.25
Negotiation_2,R3,2026-08-10T11:58:53.275288Z,behavior_monitor,1,832,618,855,825,766,613,208.1,66.23,229.01,system,NA,0.241,1.87,28.38,137.5,0.0,159.42,54.25
Negotiation_2,R3,2026-08-10T11:58:53.784460Z,behavior_monitor,1,880,645,918,825,811,640,184.19,69.47,213.35,system,NA,0.274,1.87,28.38,81.61,0.0,150.04,54.25
Negotiation_2,R3,2026-08-10T11:58:54.307872Z,human_signal,1,912,691,944,825,857,684,137.32,55.35,165.53,human,i_can,0.287,1.87,56.92,39.49,0.0,87.67,0.0
Negotiation_2,R3,2026-08-10T11:58:54.323869Z,behavior_monitor,1,912,691,944,825,859,686,137.32,53.85,163.32,system,NA,0.282,1.87,56.92,39.49,0.0,130.47,54.25
Negotiation_2,R3,2026-08-10T11:58:54.324341Z,shot_miss,1,913,693,945,825,860,688,135.81,53.14,161.46,agent,NA,0.281,1.87,56.92,39.49,0.0,130.47,54.25
Negotiation_2,R3,2026-08-10T11:58:54.663065Z,shot_miss,1,942,718,969,831,886,713,116.73,55.75,144.36,agent,NA,0.323,1.87,27.65,136.23,27.64,76.24,0.0
Negotiation_2,R3,2026-08-10T11:58:54.832633Z,behavior_monitor,1,956,726,981,845,898,720,122.25,58.56,150.78,system,NA,0.324,1.87,27.65,128.27,60.55,71.03,-13.96
Negotiation_2,R3,2026-08-10T11:58:55.000258Z,agent_signal,1,973,730,989,862,911,725,132.95,62.77,157.1,agent,your_turn,0.321,1.87,1.75,90.25,66.89,130.47,54.25
Negotiation_2,R3,2026-08-10T11:58:55.337480Z,behavior_monitor,1,1006,741,1014,871,937,736,130.37,69.85,155.8,system,NA,0.349,1.87,25.02,129.41,0.0,130.47,54.25
Negotiation_2,R3,2026-08-10T11:58:55.844922Z,behavior_monitor,1,1058,765,1080,871,976,760,108.63,82.67,152.72,system,NA,0.432,1.87,25.02,129.41,0.0,76.24,0.0
Negotiation_2,R3,2026-08-10T11:58:56.355203Z,behavior_monitor,1,1110,790,1123,856,1015,784,66.85,95.21,129.21,system,NA,0.588,1.87,27.82,95.0,-90.0,76.24,0.0
Negotiation_2,R3,2026-08-10T11:58:56.558494Z,shot_hit,1,1127,805,1129,833,1031,801,28.57,97.03,104.02,human,NA,0.773,1.87,25.09,123.59,-62.78,130.47,54.25
Negotiation_2,R3,2026-08-10T11:58:56.559048Z,flight_spawn,2,847,-20,1129,833,1031,801,899.28,841.27,104.02,system,NA,0.483,2.83,45.0,123.59,-62.78,130.47,54.25
Negotiation_2,R3,2026-08-10T11:58:59.319875Z,agent_signal,2,1113,309,1141,844,1025,565,536.24,271.38,302.23,agent,i_can,0.336,2.83,41.65,129.41,0.0,76.24,0.0
Negotiation_2,R3,2026-08-10T11:58:59.337124Z,behavior_monitor,2,1113,309,1141,844,1027,565,536.24,270.9,301.66,system,NA,0.336,2.83,41.65,129.41,0.0,87.67,0.0
Negotiation_2,R3,2026-08-10T11:58:59.641637Z,human_signal,2,1153,343,1181,826,1053,565,484.67,243.82,290.5,human,your_turn,0.335,2.83,41.65,143.54,-27.23,87.67,0.0
Negotiation_2,R3,2026-08-10T11:58:59.642240Z,human_signal,2,1154,344,1183,825,1053,565,481.73,242.66,290.46,human,your_turn,0.335,2.83,41.65,143.64,-27.31,87.67,0.0
Negotiation_2,R3,2026-08-10T11:58:59.843658Z,behavior_monitor,2,1185,353,1207,814,1071,565,461.57,241.01,283.15,system,NA,0.343,2.83,13.4,140.17,-24.42,87.67,0.0
Negotiation_2,R3,2026-08-10T11:59:00.352048Z,behavior_monitor,2,1218,415,1272,784,1116,565,373.48,182.23,268.7,system,NA,0.328,2.83,117.01,140.55,-24.76,87.67,0.0
Negotiation_2,R3,2026-08-10T11:59:00.858376Z,behavior_monitor,2,1180,490,1285,797,1158,565,324.3,78.47,264.5,system,NA,0.195,2.83,117.01,136.95,135.41,0.0,0.0
Negotiation_2,R3,2026-08-10T11:59:01.147281Z,shot_miss,2,1156,534,1252,826,1141,565,306.91,34.09,283.17,agent,NA,0.1,2.83,138.83,142.25,142.01,87.67,180.0
Negotiation_2,R3,2026-08-10T11:59:01.363908Z,behavior_monitor,2,1131,557,1229,843,1123,565,303.21,11.19,297.7,system,NA,0.036,2.83,138.83,140.53,140.56,87.67,180.0
Negotiation_2,R3,2026-08-10T11:59:01.415918Z,shot_hit,2,1124,564,1222,850,1117,565,302.05,6.3,303.15,agent,NA,0.02,2.83,138.83,135.27,137.46,87.67,180.0
Negotiation_2,R3,2026-08-10T11:59:01.416856Z,flight_spawn,3,1140,-20,1222,850,1117,565,874.01,586.13,303.15,system,NA,0.401,2.83,135.0,135.27,137.46,87.67,180.0
Negotiation_2,R3,2026-08-10T11:59:06.101305Z,agent_signal,3,528,404,656,906,813,566,517.92,326.95,374.55,agent,i_can,0.387,2.83,84.75,129.41,180.0,76.24,180.0
Negotiation_2,R3,2026-08-10T11:59:06.117617Z,behavior_monitor,3,528,404,656,906,811,565,517.92,325.72,374.34,system,NA,0.386,2.83,84.75,137.5,180.0,79.87,-164.8
Negotiation_2,R3,2026-08-10T11:59:06.167957Z,human_signal,3,530,412,649,906,807,565,507.71,316.18,375.23,human,your_turn,0.384,2.83,84.75,129.41,180.0,87.67,180.0
Negotiation_2,R3,2026-08-10T11:59:06.168477Z,human_signal,3,531,415,647,906,807,565,504.26,314.06,376.16,human,your_turn,0.384,2.83,84.75,129.41,180.0,87.67,180.0
Negotiation_2,R3,2026-08-10T11:59:06.624219Z,behavior_monitor,3,548,484,590,906,767,566,423.64,232.97,383.51,system,NA,0.355,2.83,34.67,129.41,180.0,87.67,180.0
Negotiation_2,R3,2026-08-10T11:59:07.133482Z,behavior_monitor,3,631,511,589,892,722,566,383.49,105.9,352.65,system,NA,0.216,2.83,5.5,143.34,-32.38,87.67,180.0
Negotiation_2,R3,2026-08-10T11:59:07.625676Z,shot_hit,3,703,556,651,851,682,566,299.69,23.66,287.43,agent,NA,0.073,2.83,20.09,144.58,-34.03,0.0,180.0
Negotiation_2,R3,2026-08-10T11:59:07.626619Z,flight_spawn,4,1287,-20,651,851,682,566,1079.64,842.84,287.43,system,NA,0.438,2.83,135.0,144.58,-34.03,0.0,180.0
Negotiation_2,R3,2026-08-10T11:59:11.129822Z,human_signal,4,1397,377,1102,824,874,566,535.09,556.06,344.36,human,i_can,0.51,2.83,36.93,129.41,0.0,76.24,0.0
Negotiation_2,R3,2026-08-10T11:59:11.145826Z,behavior_monitor,4,1397,377,1102,824,875,566,535.09,554.84,343.5,system,NA,0.509,2.83,36.93,129.41,0.0,76.24,0.0
Negotiation_2,R3,2026-08-10T11:59:11.652757Z,behavior_monitor,4,1429,449,1168,824,914,566,456.28,528.37,362.54,system,NA,0.537,2.83,87.65,129.41,0.0,76.24,0.0
Negotiation_2,R3,2026-08-10T11:59:12.161043Z,behavior_monitor,4,1425,529,1234,824,953,565,350.69,473.81,382.48,system,NA,0.575,2.83,60.48,129.41,0.0,76.24,0.0
Negotiation_2,R3,2026-08-10T11:59:12.280383Z,agent_signal,4,1435,549,1252,824,962,565,330.04,473.32,388.73,agent,your_turn,0.589,2.83,60.48,129.41,0.0,76.24,0.0
Negotiation_2,R3,2026-08-10T11:59:12.668068Z,behavior_monitor,4,1443,610,1300,824,992,592,256.32,451.15,385.87,system,NA,0.638,2.83,85.91,137.5,0.0,138.63,54.25
Negotiation_2,R3,2026-08-10T11:59:13.178755Z,behavior_monitor,4,1420,668,1366,824,1030,645,164.91,390.5,380.42,system,NA,0.703,2.12,131.71,129.41,0.0,130.47,54.25
Negotiation_2,R3,2026-08-10T11:59:13.684273Z,behavior_monitor,4,1375,715,1383,781,1069,699,66.54,306.14,324.23,system,NA,0.821,2.12,131.71,145.42,-62.87,130.47,54.25
Negotiation_2,R3,2026-08-10T11:59:13.718437Z,shot_miss,4,1373,718,1385,777,1072,703,59.83,301.23,321.99,human,NA,0.834,2.12,131.71,145.42,-62.87,130.47,54.25
Negotiation_2,R3,2026-08-10T11:59:13.938093Z,shot_miss,4,1346,723,1382,762,1089,718,52.81,257.41,296.02,human,NA,0.83,2.12,176.49,81.85,180.0,76.24,0.0
Negotiation_2,R3,2026-08-10T11:59:14.107773Z,shot_miss,4,1325,724,1362,774,1102,718,62.5,222.4,265.68,human,NA,0.781,2.12,176.49,144.41,146.01,76.24,0.0
Negotiation_2,R3,2026-08-10T11:59:14.192297Z,behavior_monitor,4,1313,725,1351,780,1109,720,66.75,204.64,249.53,system,NA,0.754,2.12,176.49,142.62,155.15,76.24,0.0
Negotiation_2,R3,2026-08-10T11:59:14.311973Z,shot_miss,4,1297,725,1336,785,1118,720,71.24,179.42,227.45,human,NA,0.716,2.12,176.49,136.78,161.11,76.24,0.0
Negotiation_2,R3,2026-08-10T11:59:14.701529Z,behavior_monitor,4,1249,733,1285,800,1147,727,76.65,101.57,155.99,system,NA,0.57,2.12,177.23,133.11,163.84,76.24,0.0
Negotiation_2,R3,2026-08-10T11:59:15.206474Z,behavior_monitor,4,1187,738,1282,834,1173,733,135.09,15.01,148.87,system,NA,0.1,2.12,156.04,136.92,70.94,88.31,165.56
Negotiation_2,R3,2026-08-10T11:59:15.207182Z,shot_hit,4,1184,739,1283,836,1172,735,138.22,13.64,150.6,agent,NA,0.09,2.12,156.04,136.92,70.94,88.31,165.56
Negotiation_2,R3,2026-08-10T11:59:15.207487Z,flight_spawn,5,335,-20,1283,836,1172,735,1277.35,1126.75,150.6,system,NA,0.469,2.83,135.0,136.92,70.94,88.31,165.56
Negotiation_2,R3,2026-08-10T11:59:20.621258Z,human_signal,5,110,578,619,910,784,572,607.83,674.02,376.23,human,i_can,0.526,2.04,42.15,129.41,180.0,130.47,125.75
Negotiation_2,R3,2026-08-10T11:59:20.638220Z,behavior_monitor,5,110,578,619,910,782,574,607.46,672.71,373.44,system,NA,0.525,2.04,42.15,129.41,180.0,130.47,125.75
Negotiation_2,R3,2026-08-10T11:59:21.148056Z,behavior_monitor,5,156,618,553,910,743,612,492.8,587.43,353.0,system,NA,0.544,2.04,44.54,129.41,180.0,76.24,180.0
Negotiation_2,R3,2026-08-10T11:59:21.419804Z,agent_signal,5,180,641,515,910,722,636,429.21,541.73,342.69,agent,your_turn,0.558,2.04,20.88,129.41,180.0,130.47,125.75
Negotiation_2,R3,2026-08-10T11:59:21.656534Z,behavior_monitor,5,206,651,487,910,704,645,381.94,498.05,341.97,system,NA,0.566,2.04,20.88,137.5,180.0,81.0,180.0
Negotiation_2,R3,2026-08-10T11:59:22.165221Z,behavior_monitor,5,257,678,421,910,664,674,283.39,407.35,338.69,system,NA,0.59,2.04,40.53,129.41,180.0,130.47,125.75
Negotiation_2,R3,2026-08-10T11:59:22.676029Z,behavior_monitor,5,302,718,361,884,626,713,175.62,323.64,314.69,system,NA,0.648,2.04,40.53,137.64,-136.33,130.47,125.75
Negotiation_2,R3,2026-08-10T11:59:23.187371Z,behavior_monitor,5,326,773,382,848,595,753,92.95,269.92,233.24,system,NA,0.744,2.04,82.97,0.0,-27.34,0.0,125.75
Negotiation_2,R3,2026-08-10T11:59:23.391068Z,shot_miss,5,331,797,356,851,585,768,59.58,256.16,243.07,human,NA,0.811,2.04,54.14,133.88,165.16,130.47,125.75
Negotiation_2,R3,2026-08-10T11:59:23.576207Z,shot_miss,5,338,818,332,854,571,788,36.44,234.37,247.42,human,NA,0.865,2.04,80.16,129.41,180.0,130.47,125.75
Negotiation_2,R3,2026-08-10T11:59:23.693194Z,behavior_monitor,5,339,832,317,854,562,800,30.92,225.18,250.55,system,NA,0.879,2.04,101.74,129.41,180.0,130.47,125.75
Negotiation_2,R3,2026-08-10T11:59:23.726918Z,shot_miss,5,337,836,312,854,559,804,30.58,224.1,251.58,human,NA,0.88,2.04,101.74,129.41,180.0,130.47,125.75
Negotiation_2,R3,2026-08-10T11:59:23.844882Z,shot_hit,5,336,850,318,860,550,816,20.15,216.99,235.64,human,NA,0.915,2.04,101.74,144.6,33.6,130.47,125.75
Negotiation_2,R3,2026-08-10T11:59:23.845462Z,flight_spawn,6,709,-20,318,860,550,816,963.43,851.86,235.64,system,NA,0.469,3.45,54.59,144.6,33.6,130.47,125.75
Negotiation_2,R3,2026-08-10T11:59:26.153367Z,agent_signal,6,840,405,608,910,705,599,555.27,236.38,325.15,agent,i_can,0.299,3.45,99.71,129.41,0.0,130.47,-54.25
Negotiation_2,R3,2026-08-10T11:59:26.170699Z,behavior_monitor,6,840,405,608,910,707,597,555.27,233.83,327.57,system,NA,0.296,3.45,99.71,129.41,0.0,150.04,-54.25
Negotiation_2,R3,2026-08-10T11:59:26.288216Z,human_signal,6,837,429,623,910,717,583,525.99,195.01,340.0,human,your_turn,0.27,3.45,99.71,129.41,0.0,150.04,-54.25
Negotiation_2,R3,2026-08-10T11:59:26.288897Z,human_signal,6,837,432,625,910,717,583,522.02,192.38,339.4,human,your_turn,0.269,3.45,125.3,129.41,0.0,150.04,-54.25
Negotiation_2,R3,2026-08-10T11:59:26.674857Z,behavior_monitor,6,779,477,674,910,751,567,445.33,94.0,351.57,system,NA,0.174,3.45,148.97,129.41,0.0,87.67,0.0
Negotiation_2,R3,2026-08-10T11:59:27.181223Z,behavior_monitor,6,688,516,683,878,712,567,362.05,56.46,312.32,system,NA,0.135,3.45,158.47,146.97,-110.68,93.15,180.0
Negotiation_2,R3,2026-08-10T11:59:27.214943Z,shot_miss,6,678,519,681,871,707,567,351.64,55.84,305.57,agent,NA,0.137,3.45,158.47,138.5,-110.87,87.67,180.0
Negotiation_2,R3,2026-08-10T11:59:27.690868Z,behavior_monitor,6,599,567,637,832,668,567,267.59,68.2,267.05,system,NA,0.203,3.45,134.18,129.41,180.0,87.67,180.0
Negotiation_2,R3,2026-08-10T11:59:28.199209Z,behavior_monitor,6,514,621,571,832,623,616,218.47,108.89,222.2,system,NA,0.333,3.45,164.97,129.41,180.0,87.67,180.0
Negotiation_2,R3,2026-08-10T11:59:28.706532Z,behavior_monitor,6,418,647,505,832,578,643,203.82,159.66,202.49,system,NA,0.439,3.45,163.48,129.41,180.0,150.04,125.75
Negotiation_2,R3,2026-08-10T11:59:28.791685Z,human_signal,6,398,653,492,832,570,647,201.51,172.14,200.83,human,i_can,0.461,3.45,163.48,129.41,180.0,87.67,180.0
Negotiation_2,R3,2026-08-10T11:59:29.217538Z,behavior_monitor,6,326,702,439,832,538,690,171.56,212.3,173.15,system,NA,0.553,3.45,142.71,129.41,180.0,130.47,125.75
Negotiation_2,R3,2026-08-10T11:59:29.490073Z,agent_signal,6,280,735,404,832,518,719,157.16,238.34,160.43,agent,your_turn,0.603,3.45,168.18,129.41,180.0,130.47,125.75
Negotiation_2,R3,2026-08-10T11:59:29.724904Z,behavior_monitor,6,238,744,373,832,500,739,160.89,261.85,157.38,system,NA,0.619,3.45,168.18,129.41,180.0,76.24,180.0
Negotiation_2,R3,2026-08-10T11:59:30.233505Z,behavior_monitor,6,133,762,307,853,461,757,196.17,327.73,181.75,system,NA,0.626,3.45,170.65,137.23,160.07,76.24,180.0
Negotiation_2,R3,2026-08-10T11:59:30.740461Z,behavior_monitor,6,42,799,241,878,421,789,214.18,379.93,200.98,system,NA,0.639,3.45,139.49,137.5,159.76,130.47,125.75
Negotiation_2,R3,2026-08-10T11:59:31.249345Z,behavior_monitor,6,50,867,175,902,382,843,130.09,332.51,214.49,system,NA,0.719,2.74,59.59,137.55,159.7,136.39,133.94
Negotiation_2,R3,2026-08-10T11:59:31.552533Z,shot_miss,6,78,910,136,910,358,876,58.11,282.64,225.04,human,NA,0.829,2.74,59.59,129.01,180.0,130.47,125.75
Negotiation_2,R3,2026-08-10T11:59:31.702889Z,shot_miss,6,90,931,116,910,347,892,33.62,259.51,231.24,human,NA,0.885,2.74,87.98,129.01,180.0,130.47,125.75
Negotiation_2,R3,2026-08-10T11:59:31.753651Z,behavior_monitor,6,91,939,109,910,343,897,34.54,254.65,233.59,system,NA,0.881,2.74,87.98,137.08,180.0,138.63,125.75
Negotiation_2,R3,2026-08-10T11:59:31.820885Z,flight_missed,6,94,952,98,910,337,906,42.62,246.68,238.1,system,NA,0.853,2.74,64.4,129.01,180.0,100.23,124.94
Negotiation_2,R3,2026-08-10T11:59:31.821429Z,flight_spawn,7,566,-20,98,910,337,906,1040.89,954.47,238.1,system,NA,0.478,2.83,45.0,129.01,180.0,100.23,124.94
Negotiation_2,R3,2026-08-10T11:59:33.939283Z,human_signal,7,494,205,261,831,468,724,667.8,519.87,232.24,human,your_turn,0.438,2.83,176.59,137.13,19.32,130.47,-54.25
Negotiation_2,R3,2026-08-10T11:59:33.940205Z,behavior_monitor,7,494,205,261,831,468,724,667.8,519.87,232.24,system,NA,0.438,2.83,176.59,137.52,19.77,130.47,-54.25
Negotiation_2,R3,2026-08-10T11:59:33.940596Z,human_signal,7,491,205,263,832,468,724,666.56,519.55,230.66,human,your_turn,0.438,2.83,176.59,137.52,19.77,130.47,-54.25
Negotiation_2,R3,2026-08-10T11:59:34.447935Z,behavior_monitor,7,408,210,319,852,427,662,648.09,452.28,218.69,system,NA,0.411,2.83,176.59,65.94,40.44,150.04,-125.75
Negotiation_2,R3,2026-08-10T11:59:34.952762Z,behavior_monitor,7,332,230,284,826,383,600,597.84,373.74,246.15,system,NA,0.385,2.83,102.4,147.09,-143.0,159.42,-125.75
Negotiation_2,R3,2026-08-10T11:59:35.462201Z,behavior_monitor,7,286,291,299,831,338,565,540.03,279.32,268.2,system,NA,0.341,2.83,154.39,140.56,31.54,87.67,180.0
Negotiation_2,R3,2026-08-10T11:59:35.683485Z,agent_signal,7,253,308,328,848,319,566,545.51,265.82,282.87,agent,i_can,0.328,2.83,154.39,141.2,31.77,87.67,180.0
Negotiation_2,R3,2026-08-10T11:59:35.969145Z,behavior_monitor,7,215,328,360,869,293,566,560.42,250.76,310.36,system,NA,0.309,2.83,154.39,140.27,34.85,87.67,180.0
Negotiation_2,R3,2026-08-10T11:59:36.476589Z,behavior_monitor,7,154,383,331,910,249,566,555.07,205.49,353.53,system,NA,0.27,2.83,126.27,117.87,180.0,87.67,180.0
Negotiation_2,R3,2026-08-10T11:59:36.987647Z,behavior_monitor,7,120,458,266,910,204,566,474.7,136.46,349.45,system,NA,0.223,2.83,107.81,127.44,180.0,87.67,180.0
Negotiation_2,R3,2026-08-10T11:59:37.496103Z,behavior_monitor,7,121,541,201,910,159,566,377.23,45.64,346.33,system,NA,0.108,2.83,113.6,128.64,180.0,87.67,180.0
Negotiation_2,R3,2026-08-10T11:59:37.632147Z,shot_miss,7,111,564,181,910,146,565,352.35,34.85,345.92,agent,NA,0.09,2.83,113.6,128.64,180.0,76.81,-166.44
Negotiation_2,R3,2026-08-10T11:59:37.836871Z,shot_hit,7,98,595,170,910,128,586,322.38,31.74,326.1,agent,NA,0.09,2.83,113.6,97.3,180.0,150.04,125.75
Negotiation_2,R3,2026-08-10T11:59:37.837486Z,flight_spawn,8,581,-20,170,910,128,586,1016.92,757.12,326.1,system,NA,0.427,3.34,53.27,97.3,180.0,150.04,125.75
Negotiation_2,R3,2026-08-10T11:59:42.363095Z,human_signal,8,737,522,640,910,452,566,398.92,288.03,391.48,human,i_can,0.419,3.34,166.04,129.41,0.0,76.24,0.0
Negotiation_2,R3,2026-08-10T11:59:42.380638Z,behavior_monitor,8,737,522,640,910,453,566,398.92,286.75,390.86,system,NA,0.418,3.34,166.04,128.7,0.0,76.24,0.0
Negotiation_2,R3,2026-08-10T11:59:42.820287Z,agent_signal,8,654,552,633,910,486,566,358.03,168.64,373.62,agent,i_can,0.32,3.34,143.72,129.41,180.0,76.24,0.0
Negotiation_2,R3,2026-08-10T11:59:42.888458Z,behavior_monitor,8,647,558,627,910,492,566,352.05,154.66,368.86,system,NA,0.305,3.34,143.72,129.41,180.0,87.67,0.0
Negotiation_2,R3,2026-08-10T11:59:43.394372Z,behavior_monitor,8,552,592,571,910,534,587,318.54,18.36,324.85,system,NA,0.054,3.34,135.49,129.41,180.0,121.76,90.0
Negotiation_2,R3,2026-08-10T11:59:43.532948Z,shot_hit,8,531,613,551,910,521,605,297.53,12.84,305.64,agent,NA,0.041,3.34,135.49,129.41,180.0,150.04,125.75
Negotiation_2,R3,2026-08-10T11:59:43.533923Z,flight_spawn,9,536,-20,551,910,521,605,930.11,626.07,305.64,system,NA,0.402,2.83,135.0,129.41,180.0,150.04,125.75
Negotiation_2,R3,2026-08-10T11:59:47.276523Z,agent_signal,9,63,311,205,854,265,565,561.71,324.24,295.68,agent,i_can,0.366,2.83,122.26,129.41,180.0,76.24,180.0
Negotiation_2,R3,2026-08-10T11:59:47.292900Z,behavior_monitor,9,63,311,205,854,264,565,561.71,323.31,295.38,system,NA,0.365,2.83,122.26,129.41,180.0,87.67,180.0
Negotiation_2,R3,2026-08-10T11:59:47.796381Z,behavior_monitor,9,22,376,200,900,219,564,553.9,272.31,336.49,system,NA,0.33,2.1,47.6,142.14,58.8,87.67,180.0
Negotiation_2,R3,2026-08-10T11:59:48.301581Z,behavior_monitor,9,69,419,253,910,174,564,524.34,178.98,354.83,system,NA,0.254,2.1,18.81,0.0,0.0,87.67,180.0
Negotiation_2,R3,2026-08-10T11:59:48.810399Z,behavior_monitor,9,106,465,284,877,129,564,448.44,101.48,349.15,system,NA,0.185,2.1,40.07,74.87,-43.24,87.67,180.0
Negotiation_2,R3,2026-08-10T11:59:49.317477Z,behavior_monitor,9,149,508,288,875,125,564,391.99,60.8,350.95,system,NA,0.134,2.1,39.58,0.0,0.0,87.67,0.0
Negotiation_2,R3,2026-08-10T11:59:49.554104Z,shot_miss,9,162,535,297,875,140,564,365.96,37.28,348.41,agent,NA,0.092,2.1,69.2,38.91,0.0,87.67,0.0
Negotiation_2,R3,2026-08-10T11:59:49.758496Z,shot_hit,9,167,559,305,875,144,564,345.03,23.34,349.99,agent,NA,0.063,2.1,125.09,39.03,0.0,0.0,0.0
Negotiation_2,R3,2026-08-10T11:59:49.759006Z,flight_spawn,10,1123,-20,305,875,144,564,1212.98,1140.48,349.99,system,NA,0.485,3.08,130.43,39.03,0.0,0.0,0.0
Negotiation_2,R3,2026-08-10T11:59:53.987222Z,agent_signal,10,1366,321,815,875,441,565,780.99,956.57,486.38,agent,your_turn,0.551,1.88,144.04,129.41,0.0,76.24,0.0
Negotiation_2,R3,2026-08-10T11:59:54.004367Z,behavior_monitor,10,1366,321,815,875,442,565,780.99,955.31,485.38,system,NA,0.55,1.88,144.04,129.41,0.0,76.24,0.0
Negotiation_2,R3,2026-08-10T11:59:54.511528Z,behavior_monitor,10,1315,347,881,875,481,565,683.25,862.42,506.33,system,NA,0.558,1.88,115.82,129.41,0.0,76.24,0.0
Negotiation_2,R3,2026-08-10T11:59:54.968444Z,human_signal,10,1299,397,943,875,516,564,596.18,800.27,528.08,human,i_can,0.573,1.88,110.55,129.41,0.0,76.24,0.0
Negotiation_2,R3,2026-08-10T11:59:55.019953Z,behavior_monitor,10,1297,400,947,875,520,564,589.73,794.09,528.49,system,NA,0.574,1.88,110.55,122.22,0.0,72.0,0.0
Negotiation_2,R3,2026-08-10T11:59:55.530574Z,behavior_monitor,10,1282,453,1013,875,559,564,500.31,731.57,550.85,system,NA,0.594,1.88,110.55,129.41,0.0,76.24,0.0
Negotiation_2,R3,2026-08-10T11:59:56.040226Z,behavior_monitor,10,1264,505,1079,875,598,564,413.08,668.65,573.34,system,NA,0.618,1.88,131.38,129.41,0.0,76.24,0.0
Negotiation_2,R3,2026-08-10T11:59:56.547116Z,behavior_monitor,10,1255,558,1145,875,636,565,335.82,619.25,596.52,system,NA,0.648,1.88,76.5,129.41,0.0,76.24,0.0
Negotiation_2,R3,2026-08-10T11:59:57.055026Z,behavior_monitor,10,1264,613,1211,875,664,592,267.74,599.75,615.95,system,NA,0.691,1.88,71.54,129.41,0.0,0.0,54.25
Negotiation_2,R3,2026-08-10T11:59:57.563897Z,behavior_monitor,10,1258,666,1264,833,685,621,167.53,575.35,617.15,system,NA,0.774,1.88,112.37,145.59,-56.73,130.47,54.25
Negotiation_2,R3,2026-08-10T11:59:58.070478Z,behavior_monitor,10,1248,720,1255,794,724,675,73.67,526.53,544.85,system,NA,0.877,1.88,68.26,115.1,-158.16,130.47,54.25
Negotiation_2,R3,2026-08-10T11:59:58.155879Z,shot_miss,10,1253,729,1250,791,731,684,62.21,523.87,530.12,human,NA,0.894,1.88,68.26,68.64,-151.85,130.47,54.25
Negotiation_2,R3,2026-08-10T11:59:58.324569Z,shot_miss,10,1260,745,1250,791,744,702,47.51,518.09,514.01,human,NA,0.916,1.88,38.45,0.0,-151.85,130.47,54.25
Negotiation_2,R3,2026-08-10T11:59:58.459461Z,shot_miss,10,1270,754,1262,791,754,716,37.94,517.36,513.39,human,NA,0.932,1.88,38.45,129.41,0.0,130.47,54.25
Negotiation_2,R3,2026-08-10T11:59:58.576159Z,behavior_monitor,10,1279,762,1277,791,763,728,28.93,516.75,517.85,system,NA,0.947,1.88,38.45,129.41,0.0,130.47,54.25
Negotiation_2,R3,2026-08-10T11:59:58.609989Z,shot_hit,10,1283,765,1282,791,766,732,26.57,518.03,519.23,human,NA,0.951,1.88,38.45,129.41,0.0,130.47,54.25
Negotiation_2,R3,2026-08-10T11:59:58.610488Z,flight_spawn,11,368,-20,1282,791,766,732,1222.47,851.4,519.23,system,NA,0.411,3.14,129.52,129.41,0.0,130.47,54.25
Negotiation_2,R3,2026-08-10T12:00:00.052325Z,human_signal,11,244,207,1259,811,704,646,1180.96,635.25,579.34,human,your_turn,0.35,3.14,95.4,136.41,161.57,0.0,-125.75
Negotiation_2,R3,2026-08-10T12:00:00.052847Z,behavior_monitor,11,244,207,1259,811,704,646,1180.96,635.25,579.34,system,NA,0.35,3.14,95.4,136.41,161.57,0.0,-125.75
Negotiation_2,R3,2026-08-10T12:00:00.053097Z,human_signal,11,243,210,1256,812,704,646,1178.61,633.74,577.44,human,your_turn,0.35,3.14,95.4,136.41,161.57,0.0,-125.75
Negotiation_2,R3,2026-08-10T12:00:00.560387Z,behavior_monitor,11,212,292,1193,834,658,583,1120.26,533.0,590.04,system,NA,0.322,3.14,122.96,136.54,161.41,150.04,-125.75
Negotiation_2,R3,2026-08-10T12:00:01.067788Z,behavior_monitor,11,163,371,1127,856,614,565,1078.3,490.04,589.89,system,NA,0.312,3.14,102.0,136.54,161.41,87.67,180.0
Negotiation_2,R3,2026-08-10T12:00:01.152993Z,agent_signal,11,161,390,1113,860,607,564,1062.14,478.36,586.95,agent,i_can,0.311,3.14,102.0,136.59,161.34,87.67,180.0
Negotiation_2,R3,2026-08-10T12:00:01.574812Z,behavior_monitor,11,144,463,1061,878,569,564,1005.74,436.01,583.75,system,NA,0.302,3.14,129.9,136.73,161.17,87.67,180.0
Negotiation_2,R3,2026-08-10T12:00:02.085544Z,behavior_monitor,11,68,502,995,901,524,564,1008.9,460.1,579.2,system,NA,0.313,3.14,179.33,136.85,161.02,87.67,180.0
Negotiation_2,R3,2026-08-10T12:00:02.591074Z,behavior_monitor,11,33,543,929,910,479,564,967.78,446.51,566.91,system,NA,0.316,2.18,64.85,129.41,180.0,87.67,180.0
Negotiation_2,R3,2026-08-10T12:00:03.098904Z,behavior_monitor,11,62,602,863,910,434,597,857.71,372.33,530.1,system,NA,0.303,2.18,64.85,129.41,180.0,150.04,125.75
Negotiation_2,R3,2026-08-10T12:00:03.608915Z,behavior_monitor,11,52,665,797,910,389,657,783.43,336.96,479.14,system,NA,0.301,2.18,89.37,129.41,180.0,150.04,125.75
Negotiation_2,R3,2026-08-10T12:00:04.115769Z,behavior_monitor,11,51,730,750,910,344,719,721.32,293.7,447.63,system,NA,0.289,2.18,89.37,137.5,0.0,159.42,125.75
Negotiation_2,R3,2026-08-10T12:00:04.623988Z,behavior_monitor,11,33,791,810,910,300,781,785.63,266.52,526.26,system,NA,0.253,2.18,131.82,32.66,0.0,150.04,125.75
Negotiation_2,R3,2026-08-10T12:00:05.132414Z,behavior_monitor,11,23,841,811,910,255,837,790.16,231.65,560.32,system,NA,0.227,1.7,58.09,0.0,0.0,150.04,125.75
Negotiation_2,R3,2026-08-10T12:00:05.641452Z,behavior_monitor,11,46,887,811,910,211,882,764.73,164.53,600.53,system,NA,0.177,1.7,58.59,0.0,0.0,150.04,125.75
Negotiation_2,R3,2026-08-10T12:00:06.150930Z,behavior_monitor,11,58,935,811,910,166,910,753.03,111.19,644.34,system,NA,0.129,1.7,86.15,0.0,0.0,82.8,180.0
Negotiation_2,R3,2026-08-10T12:00:06.321183Z,flight_missed,11,53,952,811,910,150,910,758.83,105.69,660.73,system,NA,0.122,1.7,136.9,0.0,0.0,87.67,180.0
Negotiation_2,R3,2026-08-10T12:00:06.321741Z,flight_spawn,12,229,-20,811,910,150,910,1097.05,933.33,660.73,system,NA,0.46,3.3,52.65,0.0,0.0,87.67,180.0
Negotiation_2,R3,2026-08-10T12:00:09.389915Z,human_signal,12,760,199,1015,636,361,616,506.11,577.67,654.62,human,i_can,0.533,3.3,17.79,137.95,-41.85,138.63,-54.25
Negotiation_2,R3,2026-08-10T12:00:09.406191Z,behavior_monitor,12,760,199,1015,636,362,614,506.11,575.48,653.38,system,NA,0.532,3.3,17.79,129.66,-41.93,130.47,-54.25
Negotiation_2,R3,2026-08-10T12:00:09.913267Z,behavior_monitor,12,830,260,1029,619,402,566,410.16,526.69,629.88,system,NA,0.562,3.3,45.99,0.0,-90.0,76.24,0.0
Negotiation_2,R3,2026-08-10T12:00:10.419376Z,behavior_monitor,12,921,300,1017,590,441,565,305.57,548.2,576.55,system,NA,0.642,3.3,20.81,74.64,-90.0,76.24,0.0
Negotiation_2,R3,2026-08-10T12:00:10.927589Z,behavior_monitor,12,992,358,1041,548,480,566,195.37,552.51,561.54,system,NA,0.739,3.3,94.94,140.3,-41.95,76.24,0.0
Negotiation_2,R3,2026-08-10T12:00:11.115468Z,agent_signal,12,977,394,1064,538,495,566,167.44,512.44,569.78,agent,your_turn,0.754,3.3,124.53,86.24,0.0,76.24,0.0
Negotiation_2,R3,2026-08-10T12:00:11.436923Z,behavior_monitor,12,960,450,1037,544,519,566,121.22,456.43,519.19,system,NA,0.79,3.3,96.93,138.73,158.37,76.24,0.0
Negotiation_2,R3,2026-08-10T12:00:11.774818Z,shot_miss,12,980,514,994,563,544,565,51.52,438.35,450.04,human,NA,0.895,3.3,73.15,139.12,155.18,76.24,0.0
Negotiation_2,R3,2026-08-10T12:00:11.944219Z,shot_hit,12,991,545,1000,568,557,565,24.62,434.5,442.85,human,NA,0.946,3.3,73.15,129.41,0.0,76.24,0.0
Negotiation_2,R3,2026-08-10T12:00:11.945180Z,flight_spawn,13,1282,-20,1000,568,557,565,652.78,932.07,442.85,system,NA,0.588,2.96,132.46,129.41,0.0,76.24,0.0
Negotiation_2,R3,2026-08-10T12:00:12.131042Z,human_signal,13,1259,0,1024,568,557,565,614.6,901.19,466.82,human,i_can,0.595,2.96,157.51,123.87,0.0,0.0,0.0
Negotiation_2,R3,2026-08-10T12:00:12.131606Z,behavior_monitor,13,1259,0,1024,568,557,565,614.6,901.19,466.82,system,NA,0.595,2.96,157.51,123.87,0.0,0.0,0.0
Negotiation_2,R3,2026-08-10T12:00:12.132053Z,human_signal,13,1257,2,1025,568,557,565,611.94,898.36,468.34,human,i_can,0.595,2.96,157.51,123.87,0.0,0.0,0.0
Negotiation_2,R3,2026-08-10T12:00:12.637999Z,behavior_monitor,13,1196,58,1006,611,575,565,584.65,801.39,433.07,system,NA,0.578,2.96,129.32,63.87,90.0,76.24,0.0
Negotiation_2,R3,2026-08-10T12:00:13.146562Z,behavior_monitor,13,1149,132,1006,628,614,565,515.73,688.09,396.77,system,NA,0.572,2.96,124.86,97.67,90.0,76.24,0.0
Negotiation_2,R3,2026-08-10T12:00:13.652699Z,behavior_monitor,13,1097,199,1006,690,653,565,499.29,575.66,374.63,system,NA,0.536,2.96,148.18,123.5,90.0,76.24,0.0
Negotiation_2,R3,2026-08-10T12:00:14.163055Z,behavior_monitor,13,1080,274,1006,719,692,565,451.36,484.92,349.85,system,NA,0.518,2.96,72.01,53.35,90.0,76.24,0.0
Negotiation_2,R3,2026-08-10T12:00:14.670261Z,behavior_monitor,13,1080,361,1038,740,731,564,381.24,403.84,354.15,system,NA,0.514,2.96,139.01,129.41,0.0,76.24,0.0
Negotiation_2,R3,2026-08-10T12:00:15.172959Z,behavior_monitor,13,992,382,1066,708,770,564,334.09,286.96,329.39,system,NA,0.462,2.96,157.22,131.18,-129.91,76.24,0.0
Negotiation_2,R3,2026-08-10T12:00:15.680804Z,behavior_monitor,13,908,417,1046,725,809,563,337.65,176.96,286.79,system,NA,0.344,2.96,157.22,74.21,90.0,76.24,0.0
Negotiation_2,R3,2026-08-10T12:00:15.697115Z,human_signal,13,905,418,1046,726,810,563,338.93,173.71,286.43,human,your_turn,0.339,2.96,157.22,74.21,90.0,76.24,0.0
Negotiation_2,R3,2026-08-10T12:00:15.697524Z,human_signal,13,902,419,1046,727,810,563,340.33,171.07,287.15,human,your_turn,0.335,2.96,157.22,74.21,90.0,76.24,0.0
Negotiation_2,R3,2026-08-10T12:00:15.782738Z,agent_signal,13,886,425,1046,734,818,563,347.66,154.76,284.77,agent,i_can,0.308,2.96,157.22,73.8,90.0,87.67,0.0
Negotiation_2,R3,2026-08-10T12:00:16.187646Z,behavior_monitor,13,821,451,1014,760,816,564,364.19,112.61,278.35,system,NA,0.236,2.96,157.22,139.38,148.05,87.67,180.0
Negotiation_2,R3,2026-08-10T12:00:16.696053Z,behavior_monitor,13,729,453,953,797,772,564,411.03,119.12,295.64,system,NA,0.225,2.96,179.54,137.98,148.7,87.67,180.0
Negotiation_2,R3,2026-08-10T12:00:17.207066Z,behavior_monitor,13,643,470,893,834,727,563,441.46,125.11,317.79,system,NA,0.221,2.96,152.48,137.55,149.0,87.67,180.0
Negotiation_2,R3,2026-08-10T12:00:17.713728Z,behavior_monitor,13,587,533,833,869,682,563,416.55,99.69,341.26,system,NA,0.193,2.96,95.91,137.73,149.99,87.67,180.0
Negotiation_2,R3,2026-08-10T12:00:18.187445Z,shot_hit,13,632,591,774,903,639,586,342.67,8.9,344.72,agent,NA,0.025,2.96,50.45,146.49,150.43,159.42,125.75
Negotiation_2,R3,2026-08-10T12:00:18.188113Z,flight_spawn,14,1399,-20,774,903,639,586,1115.38,972.14,344.72,system,NA,0.466,2.83,135.0,146.49,150.43,159.42,125.75
Negotiation_2,R3,2026-08-10T12:00:21.687627Z,human_signal,14,1207,444,1082,759,843,567,339.06,384.18,306.26,human,i_can,0.531,2.83,80.44,137.85,-20.15,76.24,0.0
Negotiation_2,R3,2026-08-10T12:00:21.704331Z,behavior_monitor,14,1207,444,1082,759,844,567,339.06,382.95,305.25,system,NA,0.53,2.83,80.44,137.78,-20.08,76.24,0.0
Negotiation_2,R3,2026-08-10T12:00:22.215046Z,behavior_monitor,14,1203,527,1148,734,883,567,214.55,322.1,312.97,system,NA,0.6,2.83,76.14,139.85,-22.29,76.24,0.0
Negotiation_2,R3,2026-08-10T12:00:22.333556Z,agent_signal,14,1209,549,1160,726,892,567,184.38,317.66,311.27,agent,your_turn,0.633,2.83,76.14,76.73,-50.25,76.24,0.0
Negotiation_2,R3,2026-08-10T12:00:22.718255Z,behavior_monitor,14,1198,609,1175,683,923,592,77.64,275.81,268.32,system,NA,0.78,2.83,103.07,154.36,-59.0,138.63,54.25
Negotiation_2,R3,2026-08-10T12:00:22.919851Z,shot_hit,14,1193,643,1191,659,939,613,16.2,256.28,256.11,human,NA,0.941,2.83,96.43,154.78,-56.19,138.63,54.25
Negotiation_2,R3,2026-08-10T12:00:22.920310Z,flight_spawn,15,862,-20,1191,659,939,613,754.38,638.08,256.11,system,NA,0.458,2.83,135.0,154.78,-56.19,138.63,54.25
Negotiation_2,R3,2026-08-10T12:00:25.306425Z,agent_signal,15,723,311,1012,818,786,566,584.4,262.8,339.12,agent,i_can,0.31,2.83,71.94,138.61,156.59,76.24,180.0
Negotiation_2,R3,2026-08-10T12:00:25.323145Z,behavior_monitor,15,723,311,1012,818,784,566,584.4,262.45,340.12,system,NA,0.31,2.83,71.94,138.61,156.59,87.67,180.0
Negotiation_2,R3,2026-08-10T12:00:25.828507Z,behavior_monitor,15,747,391,948,846,739,566,497.5,174.9,349.54,system,NA,0.26,2.83,71.94,109.82,148.58,93.15,180.0
Negotiation_2,R3,2026-08-10T12:00:26.337583Z,behavior_monitor,15,712,467,981,868,696,567,482.41,100.98,414.69,system,NA,0.173,2.83,91.25,65.88,140.75,31.75,123.72
Negotiation_2,R3,2026-08-10T12:00:26.808466Z,shot_hit,15,744,542,922,896,720,565,396.61,33.09,388.11,agent,NA,0.077,2.83,65.61,140.38,149.35,0.0,13.71
Negotiation_2,R3,2026-08-10T12:00:26.809114Z,flight_spawn,16,831,-20,922,896,720,565,921.29,596.18,388.11,system,NA,0.393,3.25,127.99,140.38,149.35,0.0,13.71
Negotiation_2,R3,2026-08-10T12:00:28.851531Z,human_signal,16,537,221,793,910,641,565,734.57,359.21,376.71,human,your_turn,0.328,3.25,162.89,136.65,180.0,107.81,-173.4
Negotiation_2,R3,2026-08-10T12:00:28.853126Z,behavior_monitor,16,537,221,793,910,641,565,734.57,359.21,376.71,system,NA,0.328,3.25,162.89,128.61,180.0,76.24,180.0
Negotiation_2,R3,2026-08-10T12:00:28.853444Z,human_signal,16,533,222,791,910,641,565,735.12,359.43,376.68,human,your_turn,0.328,3.25,162.89,128.61,180.0,76.24,180.0
Negotiation_2,R3,2026-08-10T12:00:29.357378Z,behavior_monitor,16,453,263,728,910,596,565,702.93,334.62,368.81,system,NA,0.323,3.25,139.65,127.33,180.0,87.67,180.0
Negotiation_2,R3,2026-08-10T12:00:29.831481Z,agent_signal,16,414,349,665,910,554,565,614.42,257.79,361.81,agent,i_can,0.296,3.25,112.61,127.33,180.0,87.67,180.0
Negotiation_2,R3,2026-08-10T12:00:29.865403Z,behavior_monitor,16,412,352,663,910,552,565,611.61,254.66,362.28,system,NA,0.294,3.25,112.61,127.33,180.0,65.09,-159.84
Negotiation_2,R3,2026-08-10T12:00:30.372988Z,behavior_monitor,16,407,445,598,910,507,565,502.41,156.27,356.65,system,NA,0.237,3.25,93.15,120.26,180.0,59.38,171.06
Negotiation_2,R3,2026-08-10T12:00:30.882412Z,behavior_monitor,16,389,540,533,910,462,565,397.25,78.03,351.97,system,NA,0.164,3.25,117.38,127.33,180.0,87.67,180.0
Negotiation_2,R3,2026-08-10T12:00:31.393597Z,behavior_monitor,16,361,631,468,910,418,606,298.9,62.34,307.24,system,NA,0.173,3.25,95.3,127.33,180.0,150.04,125.75
Negotiation_2,R3,2026-08-10T12:00:31.816757Z,human_signal,16,376,710,412,910,381,658,203.77,51.58,253.86,human,i_can,0.202,3.25,41.66,127.33,180.0,150.04,125.75
Negotiation_2,R3,2026-08-10T12:00:31.850901Z,shot_miss,16,381,714,408,910,377,664,197.17,50.46,247.59,agent,NA,0.204,3.25,41.66,127.33,180.0,130.47,125.75
Negotiation_2,R3,2026-08-10T12:00:31.901523Z,behavior_monitor,16,386,718,404,910,374,668,191.87,52.27,243.72,system,NA,0.214,3.25,41.66,127.33,180.0,154.64,132.51
Negotiation_2,R3,2026-08-10T12:00:32.408891Z,behavior_monitor,16,427,807,400,910,404,721,106.01,89.38,188.87,system,NA,0.457,3.25,69.41,129.41,0.0,130.47,54.25
Negotiation_2,R3,2026-08-10T12:00:32.611442Z,agent_signal,16,441,847,427,910,417,742,64.49,107.43,168.04,agent,your_turn,0.625,3.25,69.41,129.41,0.0,142.85,53.23
Negotiation_2,R3,2026-08-10T12:00:32.732373Z,shot_miss,16,454,861,442,910,425,754,49.72,110.64,156.1,human,NA,0.69,3.25,45.4,129.41,0.0,130.47,54.25
Negotiation_2,R3,2026-08-10T12:00:32.917863Z,shot_hit,16,478,887,465,910,439,774,26.34,118.96,137.74,human,NA,0.819,3.25,45.4,115.46,0.0,130.47,54.25
Negotiation_2,R3,2026-08-10T12:00:32.918393Z,flight_spawn,17,195,-20,465,910,439,774,968.48,831.45,137.74,system,NA,0.462,2.88,133.98,115.46,0.0,130.47,54.25
Negotiation_2,R3,2026-08-10T12:00:35.865504Z,human_signal,17,76,212,785,779,269,566,907.81,403.5,558.41,human,your_turn,0.308,1.59,30.22,46.01,90.0,76.24,180.0
Negotiation_2,R3,2026-08-10T12:00:35.866621Z,behavior_monitor,17,76,212,785,779,269,566,907.81,403.5,558.41,system,NA,0.308,1.59,30.22,54.62,90.0,76.24,180.0
Negotiation_2,R3,2026-08-10T12:00:35.867037Z,human_signal,17,77,213,785,780,269,566,907.15,402.32,558.78,human,your_turn,0.307,1.59,30.22,54.62,90.0,76.24,180.0
Negotiation_2,R3,2026-08-10T12:00:36.375584Z,behavior_monitor,17,116,236,763,799,224,567,857.41,347.72,587.19,system,NA,0.289,1.59,30.22,129.41,180.0,87.67,180.0
Negotiation_2,R3,2026-08-10T12:00:36.883314Z,behavior_monitor,17,159,260,697,799,179,567,761.81,307.41,567.7,system,NA,0.288,1.59,30.22,129.41,180.0,87.67,180.0
Negotiation_2,R3,2026-08-10T12:00:37.389846Z,behavior_monitor,17,198,279,632,799,175,565,676.77,286.95,512.63,system,NA,0.298,1.59,8.93,116.77,180.0,87.67,0.0
Negotiation_2,R3,2026-08-10T12:00:37.898258Z,behavior_monitor,17,245,295,577,799,220,565,603.5,271.12,426.79,system,NA,0.31,1.59,19.89,104.25,180.0,87.67,0.0
Negotiation_2,R3,2026-08-10T12:00:38.405294Z,behavior_monitor,17,291,306,522,799,265,565,544.04,260.28,347.64,system,NA,0.324,1.59,18.97,107.47,180.0,87.67,0.0
Negotiation_2,R3,2026-08-10T12:00:38.609433Z,agent_signal,17,311,313,498,799,282,564,520.34,252.76,318.56,agent,i_can,0.327,1.59,48.69,105.16,180.0,87.67,0.0
Negotiation_2,R3,2026-08-10T12:00:38.916175Z,behavior_monitor,17,331,333,486,799,307,565,490.25,232.32,294.16,system,NA,0.322,1.59,48.69,0.0,180.0,87.67,0.0
Negotiation_2,R3,2026-08-10T12:00:39.424339Z,behavior_monitor,17,367,363,528,799,343,565,464.74,203.09,298.51,system,NA,0.304,1.59,61.84,106.57,0.0,93.15,0.0
Negotiation_2,R3,2026-08-10T12:00:39.934152Z,behavior_monitor,17,394,405,573,799,370,565,432.57,161.48,309.78,system,NA,0.272,1.59,61.84,75.03,0.0,0.0,0.0
Negotiation_2,R3,2026-08-10T12:00:40.442879Z,behavior_monitor,17,394,452,610,799,375,565,408.6,114.48,332.0,system,NA,0.219,1.59,116.64,63.92,0.0,0.0,1.23
Negotiation_2,R3,2026-08-10T12:00:40.952164Z,behavior_monitor,17,366,483,564,811,349,565,382.34,82.9,326.74,system,NA,0.178,1.59,114.63,137.22,160.58,87.67,180.0
Negotiation_2,R3,2026-08-10T12:00:41.373712Z,shot_miss,17,361,523,507,831,343,565,340.53,44.88,312.52,agent,NA,0.116,1.59,92.18,145.85,160.52,93.15,180.0
Negotiation_2,R3,2026-08-10T12:00:41.458693Z,behavior_monitor,17,360,530,498,834,343,565,334.26,38.74,310.7,system,NA,0.104,1.59,92.18,137.27,160.52,0.0,180.0
Negotiation_2,R3,2026-08-10T12:00:41.661024Z,shot_hit,17,358,550,469,844,340,565,314.15,23.16,307.94,agent,NA,0.069,1.59,67.09,144.96,160.4,0.0,180.0
Negotiation_2,R3,2026-08-10T12:00:41.661561Z,flight_spawn,18,254,-20,469,844,340,565,891.21,591.57,307.94,system,NA,0.399,3.46,125.27,144.96,160.4,0.0,180.0
Negotiation_2,R3,2026-08-10T12:00:42.712884Z,human_signal,18,162,162,469,864,280,564,766.08,418.95,354.5,human,your_turn,0.354,3.46,131.12,70.69,118.06,76.24,180.0
Negotiation_2,R3,2026-08-10T12:00:42.713603Z,behavior_monitor,18,162,162,469,864,280,564,766.08,418.95,354.5,system,NA,0.354,3.46,131.12,70.69,118.06,76.24,180.0
Negotiation_2,R3,2026-08-10T12:00:42.714077Z,human_signal,18,160,165,469,865,280,564,765.35,416.9,355.43,human,your_turn,0.353,3.46,131.12,70.69,118.06,76.24,180.0
Negotiation_2,R3,2026-08-10T12:00:43.219194Z,behavior_monitor,18,98,244,438,893,235,564,732.71,348.5,386.22,system,NA,0.322,3.46,102.11,136.9,160.96,87.67,180.0
Negotiation_2,R3,2026-08-10T12:00:43.726045Z,behavior_monitor,18,91,343,372,910,191,565,632.42,243.24,389.49,system,NA,0.278,3.46,105.68,129.41,180.0,87.67,180.0
Negotiation_2,R3,2026-08-10T12:00:44.170353Z,agent_signal,18,66,428,313,910,152,565,540.68,161.27,380.32,agent,i_can,0.23,3.46,119.07,129.41,180.0,87.67,180.0
Negotiation_2,R3,2026-08-10T12:00:44.238094Z,behavior_monitor,18,59,436,306,910,146,564,534.0,154.59,380.83,system,NA,0.225,3.46,139.65,129.41,180.0,88.08,-166.41
Negotiation_2,R3,2026-08-10T12:00:44.743421Z,behavior_monitor,18,49,476,240,910,101,564,473.66,102.13,372.52,system,NA,0.177,2.22,79.79,137.5,180.0,93.15,180.0
Negotiation_2,R3,2026-08-10T12:00:45.231860Z,shot_hit,18,61,541,203,910,57,563,394.25,22.28,375.74,agent,NA,0.053,2.22,79.79,0.0,180.0,93.15,180.0
Negotiation_2,R3,2026-08-10T12:00:45.232700Z,flight_spawn,19,838,-20,203,910,57,563,1126.13,974.96,375.74,system,NA,0.464,3.01,131.69,0.0,180.0,93.15,180.0
Negotiation_2,R3,2026-08-10T12:00:49.529939Z,human_signal,19,137,215,466,806,200,563,675.83,353.94,359.41,human,your_turn,0.344,3.01,141.58,49.3,180.0,76.24,180.0
Negotiation_2,R3,2026-08-10T12:00:49.531731Z,behavior_monitor,19,137,215,466,806,200,563,675.83,353.94,359.41,system,NA,0.344,3.01,141.58,49.3,180.0,76.24,180.0
Negotiation_2,R3,2026-08-10T12:00:49.532130Z,human_signal,19,135,217,466,806,200,563,675.49,352.59,359.41,human,your_turn,0.343,3.01,141.58,49.3,180.0,76.24,180.0
Negotiation_2,R3,2026-08-10T12:00:50.038777Z,behavior_monitor,19,57,247,466,806,155,562,692.31,330.32,394.67,system,NA,0.323,3.01,178.04,0.0,180.0,87.67,180.0
Negotiation_2,R3,2026-08-10T12:00:50.548451Z,behavior_monitor,19,49,265,466,758,111,562,645.99,303.51,405.93,system,NA,0.32,2.09,11.61,85.15,-64.77,87.67,180.0
Negotiation_2,R3,2026-08-10T12:00:51.057882Z,behavior_monitor,19,100,294,491,743,76,563,595.33,269.19,452.6,system,NA,0.311,2.09,36.52,81.47,0.0,87.67,0.0
Negotiation_2,R3,2026-08-10T12:00:51.361904Z,agent_signal,19,130,321,531,748,103,563,585.54,242.8,466.19,agent,i_can,0.293,2.09,63.88,136.27,22.02,87.67,0.0
Negotiation_2,R3,2026-08-10T12:00:51.565167Z,behavior_monitor,19,142,342,543,761,119,563,580.24,222.18,468.34,system,NA,0.277,2.09,43.17,56.04,90.0,87.67,0.0
Negotiation_2,R3,2026-08-10T12:00:52.074910Z,behavior_monitor,19,200,362,546,758,163,562,526.02,203.44,429.91,system,NA,0.279,2.09,16.26,68.0,-45.45,87.67,0.0
Negotiation_2,R3,2026-08-10T12:00:52.581476Z,behavior_monitor,19,248,403,581,727,208,562,465.25,164.27,408.19,system,NA,0.261,2.09,36.37,77.21,40.76,87.67,0.0
Negotiation_2,R3,2026-08-10T12:00:53.091006Z,behavior_monitor,19,298,436,607,777,253,562,460.44,134.24,414.46,system,NA,0.226,2.09,31.57,36.84,0.0,82.8,0.0
Negotiation_2,R3,2026-08-10T12:00:53.598654Z,behavior_monitor,19,340,472,649,777,298,562,433.45,99.4,411.62,system,NA,0.187,2.09,78.13,105.27,0.0,93.15,0.0
Negotiation_2,R3,2026-08-10T12:00:54.106841Z,behavior_monitor,19,353,532,681,783,329,563,412.68,39.04,414.79,system,NA,0.086,2.09,68.57,92.0,119.6,0.0,0.0
Negotiation_2,R3,2026-08-10T12:00:54.190336Z,shot_hit,19,361,542,673,792,337,563,400.28,31.6,407.19,agent,NA,0.073,2.09,48.33,134.04,131.09,93.15,0.0
Negotiation_2,R3,2026-08-10T12:00:54.190883Z,flight_spawn,20,192,-20,673,792,337,563,944.24,600.83,407.19,system,NA,0.389,3.29,127.39,134.04,131.09,93.15,0.0
Negotiation_2,R3,2026-08-10T12:00:58.568132Z,agent_signal,20,294,337,693,739,255,565,567.04,231.48,471.51,agent,i_can,0.29,2.06,91.04,126.73,0.0,76.24,0.0
Negotiation_2,R3,2026-08-10T12:00:58.585137Z,behavior_monitor,20,294,337,693,739,256,565,567.04,231.24,470.13,system,NA,0.29,2.06,91.04,126.52,0.0,87.67,0.0
Negotiation_2,R3,2026-08-10T12:00:59.092485Z,behavior_monitor,20,267,393,711,744,251,565,565.38,173.3,493.67,system,NA,0.235,2.06,115.41,136.33,161.67,81.77,161.17
Negotiation_2,R3,2026-08-10T12:00:59.604664Z,behavior_monitor,20,258,451,645,767,240,566,499.64,115.45,452.15,system,NA,0.188,2.06,117.57,137.51,160.23,87.67,180.0
Negotiation_2,R3,2026-08-10T12:01:00.110388Z,behavior_monitor,20,221,498,579,791,207,566,462.59,68.77,434.42,system,NA,0.129,2.06,147.89,137.34,160.44,87.67,180.0
Negotiation_2,R3,2026-08-10T12:01:00.397540Z,shot_miss,20,204,530,541,805,188,566,434.6,39.79,426.26,agent,NA,0.084,2.06,118.51,102.16,155.64,87.67,180.0
Negotiation_2,R3,2026-08-10T12:01:00.618794Z,behavior_monitor,20,194,552,539,806,177,566,428.28,22.38,434.22,system,NA,0.05,2.06,97.96,0.0,149.23,87.67,180.0
Negotiation_2,R3,2026-08-10T12:01:00.737736Z,shot_hit,20,188,567,539,803,171,566,422.63,16.97,436.96,agent,NA,0.039,2.06,118.31,47.75,-90.0,87.67,180.0
Negotiation_2,R4,2026-08-10T12:01:07.191827Z,flight_spawn,1,558,-20,539,803,171,566,823.56,702.9,436.96,system,NA,0.46,3.33,53.05,0.0,-90.0,0.0,180.0
Negotiation_2,R4,2026-08-10T12:01:14.485236Z,human_signal,1,1298,308,1151,535,672,565,270.15,676.68,480.44,human,i_can,0.715,3.33,23.25,129.41,0.0,76.24,0.0
Negotiation_2,R4,2026-08-10T12:01:14.501420Z,behavior_monitor,1,1298,308,1151,535,673,565,270.15,675.49,479.15,system,NA,0.714,3.33,23.25,129.41,0.0,76.24,0.0
Negotiation_2,R4,2026-08-10T12:01:14.501952Z,agent_signal,1,1300,309,1154,535,673,565,269.25,677.37,481.35,agent,your_turn,0.716,3.33,23.25,129.41,0.0,76.24,0.0
Negotiation_2,R4,2026-08-10T12:01:15.013873Z,behavior_monitor,1,1390,341,1217,535,711,565,259.38,714.26,506.89,system,NA,0.734,3.33,26.92,128.85,0.0,76.24,0.0
Negotiation_2,R4,2026-08-10T12:01:15.520331Z,behavior_monitor,1,1443,416,1283,535,750,565,199.12,708.63,533.5,system,NA,0.781,3.33,76.97,128.47,0.0,76.24,0.0
Negotiation_2,R4,2026-08-10T12:01:16.029055Z,behavior_monitor,1,1428,499,1348,535,789,565,86.88,641.84,560.09,system,NA,0.881,2.89,141.3,128.47,0.0,76.24,0.0
Negotiation_2,R4,2026-08-10T12:01:16.200639Z,shot_miss,1,1407,517,1370,535,802,565,40.41,606.13,568.76,human,NA,0.938,2.89,141.3,128.47,0.0,76.24,0.0
Negotiation_2,R4,2026-08-10T12:01:16.352366Z,shot_hit,1,1380,523,1390,535,814,565,15.3,567.72,576.74,human,NA,0.974,2.89,169.29,128.47,0.0,76.24,0.0
Negotiation_2,R4,2026-08-10T12:01:16.353021Z,flight_spawn,2,292,-20,1390,535,814,565,1230.65,784.81,576.74,system,NA,0.389,2.83,45.0,128.47,0.0,76.24,0.0
Negotiation_2,R4,2026-08-10T12:01:18.267507Z,human_signal,2,533,177,1265,547,709,565,820.18,426.01,556.16,human,your_turn,0.342,2.83,15.2,129.41,180.0,76.24,180.0
Negotiation_2,R4,2026-08-10T12:01:18.268111Z,behavior_monitor,2,533,177,1265,547,709,565,820.18,426.01,556.16,system,NA,0.342,2.83,15.2,129.41,180.0,76.24,180.0
Negotiation_2,R4,2026-08-10T12:01:18.268552Z,human_signal,2,536,178,1263,547,709,565,814.87,423.95,553.96,human,your_turn,0.342,2.83,15.2,129.41,180.0,76.24,180.0
Negotiation_2,R4,2026-08-10T12:01:18.773332Z,behavior_monitor,2,614,196,1199,547,664,565,681.91,371.81,534.81,system,NA,0.353,2.83,15.25,129.41,180.0,87.67,180.0
Negotiation_2,R4,2026-08-10T12:01:19.280111Z,behavior_monitor,2,692,211,1133,547,657,564,553.97,354.84,476.58,system,NA,0.39,2.83,9.33,129.41,180.0,87.67,0.0
Negotiation_2,R4,2026-08-10T12:01:19.789322Z,behavior_monitor,2,773,225,1076,579,702,564,465.81,346.53,374.4,system,NA,0.427,2.83,38.79,103.14,109.02,87.67,0.0
Negotiation_2,R4,2026-08-10T12:01:20.296161Z,behavior_monitor,2,796,294,1098,643,747,565,462.1,275.42,360.41,system,NA,0.373,2.83,116.31,135.0,73.45,87.67,0.0
Negotiation_2,R4,2026-08-10T12:01:20.415424Z,agent_signal,2,779,310,1099,661,757,565,474.74,256.03,354.74,agent,i_can,0.35,2.83,117.97,129.41,90.0,87.67,0.0
Negotiation_2,R4,2026-08-10T12:01:20.802720Z,behavior_monitor,2,761,367,1058,693,744,565,440.39,198.21,338.85,system,NA,0.31,2.83,92.59,137.6,148.58,0.0,180.0
Negotiation_2,R4,2026-08-10T12:01:21.309062Z,behavior_monitor,2,716,438,998,729,702,565,404.7,127.82,338.44,system,NA,0.24,2.83,116.01,137.11,149.09,87.67,180.0
Negotiation_2,R4,2026-08-10T12:01:21.816458Z,behavior_monitor,2,677,510,938,763,660,565,363.39,57.28,341.07,system,NA,0.136,2.83,108.42,135.95,150.98,87.67,180.0
Negotiation_2,R4,2026-08-10T12:01:22.136975Z,shot_hit,2,688,561,897,786,663,566,306.86,25.48,321.25,agent,NA,0.077,2.83,49.64,136.54,150.88,87.67,0.0
Negotiation_2,R4,2026-08-10T12:01:22.137544Z,flight_spawn,3,747,-20,897,786,663,566,820.1,592.19,321.25,system,NA,0.419,2.83,135.0,136.54,150.88,87.67,0.0
Negotiation_2,R4,2026-08-10T12:01:25.454972Z,human_signal,3,318,276,568,872,457,566,645.88,321.21,325.51,human,your_turn,0.332,2.83,132.66,129.41,180.0,76.24,180.0
Negotiation_2,R4,2026-08-10T12:01:25.455561Z,behavior_monitor,3,318,276,568,872,457,566,645.88,321.21,325.51,system,NA,0.332,2.83,132.66,137.5,180.0,81.0,180.0
Negotiation_2,R4,2026-08-10T12:01:25.455911Z,human_signal,3,316,278,566,872,457,566,643.96,320.29,324.77,human,your_turn,0.332,2.83,132.66,137.5,180.0,81.0,180.0
Negotiation_2,R4,2026-08-10T12:01:25.740335Z,agent_signal,3,285,314,529,872,432,567,608.94,292.39,320.28,agent,i_can,0.324,2.83,132.66,129.41,180.0,87.67,180.0
Negotiation_2,R4,2026-08-10T12:01:25.959078Z,behavior_monitor,3,270,343,502,872,413,567,577.11,264.8,318.05,system,NA,0.315,2.83,110.16,122.22,180.0,82.8,180.0
Negotiation_2,R4,2026-08-10T12:01:26.469176Z,behavior_monitor,3,270,428,436,872,368,565,473.88,168.79,314.03,system,NA,0.263,2.83,88.56,129.41,180.0,82.5,163.68
Negotiation_2,R4,2026-08-10T12:01:26.977190Z,behavior_monitor,3,254,509,370,872,324,565,380.56,89.23,310.13,system,NA,0.19,2.83,118.5,129.41,180.0,87.67,180.0
Negotiation_2,R4,2026-08-10T12:01:27.485866Z,behavior_monitor,3,248,585,304,872,279,577,292.23,31.65,295.75,system,NA,0.098,2.83,59.99,137.5,180.0,159.42,125.75
Negotiation_2,R4,2026-08-10T12:01:27.519303Z,shot_hit,3,251,592,298,872,275,584,283.34,25.07,289.05,agent,NA,0.081,2.83,59.99,129.41,180.0,161.22,120.65
Negotiation_2,R4,2026-08-10T12:01:27.519695Z,flight_spawn,4,856,-20,298,872,275,584,1052.44,838.17,289.05,system,NA,0.443,2.83,135.0,129.41,180.0,161.22,120.65
Negotiation_2,R4,2026-08-10T12:01:30.657929Z,human_signal,4,789,407,568,884,419,566,525.12,403.02,351.42,human,i_can,0.434,2.83,169.15,129.41,0.0,76.24,0.0
Negotiation_2,R4,2026-08-10T12:01:30.674121Z,behavior_monitor,4,789,407,568,884,420,566,525.12,401.83,350.87,system,NA,0.433,2.83,169.15,129.41,0.0,76.24,0.0
Negotiation_2,R4,2026-08-10T12:01:30.846534Z,agent_signal,4,760,413,592,884,433,566,499.48,360.98,355.77,agent,i_can,0.42,2.83,169.15,137.5,0.0,81.0,0.0
Negotiation_2,R4,2026-08-10T12:01:31.186536Z,behavior_monitor,4,713,440,629,867,462,565,435.61,280.36,344.48,system,NA,0.392,2.83,146.39,127.28,-55.23,85.54,-19.78
Negotiation_2,R4,2026-08-10T12:01:31.693499Z,human_signal,4,642,487,648,877,507,565,390.59,156.34,342.62,human,your_turn,0.286,2.83,146.39,136.19,58.39,87.67,0.0
Negotiation_2,R4,2026-08-10T12:01:31.694199Z,behavior_monitor,4,642,487,648,877,507,565,390.59,156.34,342.62,system,NA,0.286,2.83,146.39,138.1,58.12,87.67,0.0
Negotiation_2,R4,2026-08-10T12:01:31.694658Z,human_signal,4,640,488,649,879,507,565,391.09,153.51,344.96,human,your_turn,0.282,2.83,175.69,138.1,58.12,87.67,0.0
Negotiation_2,R4,2026-08-10T12:01:32.198282Z,behavior_monitor,4,562,520,644,910,545,565,397.79,48.14,358.23,system,NA,0.108,2.83,178.74,129.41,180.0,87.67,180.0
Negotiation_2,R4,2026-08-10T12:01:32.368185Z,shot_miss,4,534,527,619,905,528,565,387.05,38.65,351.49,agent,NA,0.091,2.83,160.04,136.93,-160.93,117.16,175.18
Negotiation_2,R4,2026-08-10T12:01:32.708760Z,behavior_monitor,4,482,546,578,887,499,565,354.34,26.28,330.77,system,NA,0.069,2.83,160.04,137.84,-157.39,87.67,180.0
Negotiation_2,R4,2026-08-10T12:01:32.725517Z,shot_hit,4,477,548,574,885,496,565,351.06,26.39,328.79,agent,NA,0.07,2.83,160.04,138.58,-159.05,87.67,180.0
Negotiation_2,R4,2026-08-10T12:01:32.725863Z,flight_spawn,5,712,-20,574,885,496,565,915.85,624.28,328.79,system,NA,0.405,2.88,45.96,138.58,-159.05,87.67,180.0
Negotiation_2,R4,2026-08-10T12:01:39.262679Z,human_signal,5,1245,309,1203,617,924,566,310.53,412.17,283.8,human,i_can,0.57,2.0,161.94,133.74,-32.1,76.24,0.0
Negotiation_2,R4,2026-08-10T12:01:39.279658Z,behavior_monitor,5,1245,309,1203,617,925,566,310.53,411.16,282.52,system,NA,0.57,2.0,161.94,125.52,-31.88,76.24,0.0
Negotiation_2,R4,2026-08-10T12:01:39.788361Z,behavior_monitor,5,1202,347,1204,568,964,566,220.97,323.8,239.77,system,NA,0.594,2.0,111.55,135.27,-106.93,76.24,0.0
Negotiation_2,R4,2026-08-10T12:01:39.940562Z,agent_signal,5,1190,362,1195,547,975,566,185.04,296.44,220.86,agent,your_turn,0.616,2.0,169.39,137.94,-114.07,76.24,0.0
Negotiation_2,R4,2026-08-10T12:01:40.295624Z,behavior_monitor,5,1150,370,1174,504,1002,566,136.19,245.81,182.89,system,NA,0.643,2.0,162.62,138.67,-116.81,76.24,0.0
Negotiation_2,R4,2026-08-10T12:01:40.801589Z,behavior_monitor,5,1096,395,1127,454,1041,566,66.82,179.49,141.25,system,NA,0.729,2.0,142.47,134.16,-164.7,76.24,0.0
Negotiation_2,R4,2026-08-10T12:01:41.055653Z,shot_miss,5,1073,413,1094,453,1056,566,44.63,153.85,119.75,human,NA,0.775,2.0,142.47,129.41,180.0,0.0,0.0
Negotiation_2,R4,2026-08-10T12:01:41.259951Z,shot_miss,5,1056,426,1068,453,1040,566,28.93,140.71,116.71,human,NA,0.829,2.0,167.64,129.41,180.0,76.24,180.0
Negotiation_2,R4,2026-08-10T12:01:41.310048Z,behavior_monitor,5,1050,428,1061,453,1036,566,27.5,139.21,116.09,system,NA,0.835,2.0,167.64,129.41,180.0,76.24,180.0
Negotiation_2,R4,2026-08-10T12:01:41.412171Z,shot_hit,5,1039,430,1048,453,1028,566,24.35,136.36,115.05,human,NA,0.848,2.0,167.64,129.41,180.0,76.24,180.0
Negotiation_2,R4,2026-08-10T12:01:41.412762Z,flight_spawn,6,809,-20,1048,453,1028,566,530.03,626.18,115.05,system,NA,0.542,2.83,45.0,129.41,180.0,76.24,180.0
Negotiation_2,R4,2026-08-10T12:01:42.953227Z,human_signal,6,635,117,1030,432,932,566,505.57,539.08,165.82,human,your_turn,0.516,2.83,111.11,134.06,-15.13,76.24,180.0
Negotiation_2,R4,2026-08-10T12:01:42.954277Z,behavior_monitor,6,635,117,1030,432,932,566,505.57,539.08,165.82,system,NA,0.516,2.83,111.11,134.06,-15.13,76.24,180.0
Negotiation_2,R4,2026-08-10T12:01:42.954693Z,human_signal,6,634,119,1032,432,932,566,506.74,537.64,167.13,human,your_turn,0.515,2.83,111.11,134.06,-15.13,76.24,180.0
Negotiation_2,R4,2026-08-10T12:01:43.461928Z,behavior_monitor,6,635,201,1093,446,888,566,519.65,444.79,237.4,system,NA,0.461,2.83,87.92,130.22,36.42,87.67,180.0
Negotiation_2,R4,2026-08-10T12:01:43.968241Z,behavior_monitor,6,692,260,1095,500,844,566,469.19,341.69,260.44,system,NA,0.421,2.83,16.09,144.51,132.98,87.67,180.0
Negotiation_2,R4,2026-08-10T12:01:44.475414Z,behavior_monitor,6,773,280,1047,553,799,566,386.17,286.77,248.25,system,NA,0.426,2.83,11.33,129.41,90.0,99.58,-164.55
Negotiation_2,R4,2026-08-10T12:01:44.980636Z,behavior_monitor,6,824,349,1067,618,800,566,362.41,218.68,271.87,system,NA,0.376,2.83,40.91,141.25,59.7,87.67,0.0
Negotiation_2,R4,2026-08-10T12:01:45.098595Z,agent_signal,6,841,364,1077,634,810,566,358.76,204.85,275.0,agent,i_can,0.363,2.83,40.91,139.48,57.36,87.67,0.0
Negotiation_2,R4,2026-08-10T12:01:45.489133Z,behavior_monitor,6,889,400,1107,676,844,566,351.42,172.0,284.66,system,NA,0.329,2.83,44.02,138.35,51.99,74.77,-14.48
Negotiation_2,R4,2026-08-10T12:01:45.999391Z,behavior_monitor,6,908,475,1157,724,885,566,352.52,93.55,315.47,system,NA,0.21,2.83,97.63,135.84,37.5,0.0,0.0
Negotiation_2,R4,2026-08-10T12:01:46.475265Z,shot_hit,6,901,556,1173,745,884,565,330.47,19.29,340.01,agent,NA,0.055,2.83,97.63,0.0,90.0,7.78,-164.54
Negotiation_2,R4,2026-08-10T12:01:46.475852Z,flight_spawn,7,595,-20,1173,745,884,565,958.6,653.04,340.01,system,NA,0.405,2.83,45.0,0.0,90.0,7.78,-164.54
Negotiation_2,R4,2026-08-10T12:01:50.498520Z,agent_signal,7,1129,317,1242,690,956,563,389.65,300.03,312.39,agent,i_can,0.435,2.83,80.33,41.36,-90.0,76.24,0.0
Negotiation_2,R4,2026-08-10T12:01:50.515593Z,behavior_monitor,7,1129,317,1242,690,958,563,389.65,299.18,311.02,system,NA,0.434,2.83,80.33,0.0,-90.0,87.67,0.0
Negotiation_2,R4,2026-08-10T12:01:51.026518Z,behavior_monitor,7,1142,401,1238,690,1002,563,305.04,213.7,268.23,system,NA,0.412,2.83,80.33,48.57,180.0,87.67,0.0
Negotiation_2,R4,2026-08-10T12:01:51.533116Z,behavior_monitor,7,1124,481,1199,742,1047,563,271.82,112.7,234.38,system,NA,0.293,2.83,117.97,142.26,137.25,87.67,0.0
Negotiation_2,R4,2026-08-10T12:01:52.024434Z,shot_hit,7,1086,556,1140,783,1070,563,232.6,17.9,230.58,agent,NA,0.071,2.83,93.54,137.5,151.35,87.67,180.0
Negotiation_2,R4,2026-08-10T12:01:52.024973Z,flight_spawn,8,263,-20,1140,783,1070,563,1189.23,995.57,230.58,system,NA,0.456,3.53,55.52,137.5,151.35,87.67,180.0
Negotiation_2,R4,2026-08-10T12:01:56.787285Z,human_signal,8,242,486,537,907,725,564,514.52,489.31,391.2,human,i_can,0.487,2.41,65.38,137.5,180.0,81.0,180.0
Negotiation_2,R4,2026-08-10T12:01:56.803605Z,behavior_monitor,8,242,486,537,907,723,564,514.52,488.03,390.58,system,NA,0.487,2.41,65.38,137.5,180.0,81.0,180.0
Negotiation_2,R4,2026-08-10T12:01:57.309241Z,behavior_monitor,8,270,552,471,907,684,564,407.95,413.92,404.14,system,NA,0.504,2.41,63.67,129.41,180.0,93.25,-177.99
Negotiation_2,R4,2026-08-10T12:01:57.816496Z,behavior_monitor,8,301,614,405,906,646,602,310.49,344.97,388.36,system,NA,0.526,2.41,21.45,133.76,-165.35,130.47,125.75
Negotiation_2,R4,2026-08-10T12:01:58.324545Z,behavior_monitor,8,368,631,354,869,607,626,238.43,239.12,350.31,system,NA,0.501,2.41,4.8,123.35,-90.0,76.24,180.0
Negotiation_2,R4,2026-08-10T12:01:58.833625Z,behavior_monitor,8,424,671,414,832,569,661,162.07,144.58,230.69,system,NA,0.471,2.41,62.73,129.41,0.0,130.47,125.75
Negotiation_2,R4,2026-08-10T12:01:59.343177Z,behavior_monitor,8,480,715,469,862,530,710,146.49,50.61,163.72,system,NA,0.257,2.41,13.31,128.86,61.07,76.24,180.0
Negotiation_2,R4,2026-08-10T12:01:59.461836Z,agent_signal,8,500,720,477,877,521,715,159.14,22.12,168.27,agent,i_can,0.122,2.41,13.31,132.02,63.52,130.47,125.75
Negotiation_2,R4,2026-08-10T12:01:59.563987Z,shot_hit,8,513,723,484,889,511,719,168.76,4.52,172.41,agent,NA,0.026,2.41,13.31,135.72,60.54,87.67,180.0
Negotiation_2,R4,2026-08-10T12:01:59.564833Z,flight_spawn,9,531,-20,484,889,511,719,911.19,739.95,172.41,system,NA,0.448,2.83,135.0,135.72,60.54,87.67,180.0
Negotiation_2,R4,2026-08-10T12:02:02.285179Z,agent_signal,9,238,311,395,823,410,578,535.89,318.02,245.4,agent,i_can,0.372,2.83,108.86,129.39,180.0,130.47,-125.75
Negotiation_2,R4,2026-08-10T12:02:02.301553Z,behavior_monitor,9,238,311,395,823,409,576,535.89,315.47,247.38,system,NA,0.371,2.83,108.86,129.39,180.0,150.04,-125.75
Negotiation_2,R4,2026-08-10T12:02:02.806145Z,behavior_monitor,9,223,393,329,823,364,566,442.97,222.99,259.7,system,NA,0.335,2.83,107.71,129.39,180.0,87.67,180.0
Negotiation_2,R4,2026-08-10T12:02:03.314655Z,behavior_monitor,9,199,474,346,838,319,566,392.54,151.63,273.39,system,NA,0.279,2.83,107.71,129.41,0.0,87.67,180.0
Negotiation_2,R4,2026-08-10T12:02:03.821431Z,behavior_monitor,9,188,556,358,838,275,565,328.82,87.61,285.16,system,NA,0.21,2.83,84.15,129.41,180.0,87.67,180.0
Negotiation_2,R4,2026-08-10T12:02:04.329516Z,behavior_monitor,9,178,639,292,838,231,617,229.04,57.03,229.39,system,NA,0.199,2.83,106.42,129.41,180.0,150.04,125.75
Negotiation_2,R4,2026-08-10T12:02:04.395718Z,shot_miss,9,175,652,281,838,223,627,213.69,55.08,218.47,agent,NA,0.205,2.83,106.42,129.41,180.0,150.04,125.75
Negotiation_2,R4,2026-08-10T12:02:04.837918Z,behavior_monitor,9,137,712,226,838,186,679,154.23,58.93,163.9,system,NA,0.276,2.83,106.09,129.41,180.0,150.04,125.75
Negotiation_2,R4,2026-08-10T12:02:05.006862Z,shot_miss,9,131,742,202,838,170,701,119.61,55.86,139.93,agent,NA,0.318,2.83,106.09,137.5,180.0,159.42,125.75
Negotiation_2,R4,2026-08-10T12:02:05.342628Z,behavior_monitor,9,94,781,160,838,141,741,86.72,61.84,98.58,system,NA,0.416,2.83,133.25,129.41,180.0,150.04,125.75
Negotiation_2,R4,2026-08-10T12:02:05.477900Z,conflict,9,77,800,140,838,128,760,74.03,64.96,79.11,system,NA,0.467,2.83,133.25,129.41,180.0,150.04,125.75
Negotiation_2,R4,2026-08-10T12:02:05.849256Z,behavior_monitor,9,20,818,140,838,128,760,122.33,123.12,79.11,system,NA,0.502,2.83,163.03,0.0,180.0,0.0,125.75
Negotiation_2,R4,2026-08-10T12:02:06.354289Z,behavior_monitor,9,68,844,142,838,69,805,74.03,38.94,80.0,system,NA,0.345,1.82,50.12,47.07,180.0,160.99,130.86
Negotiation_2,R4,2026-08-10T12:02:06.422816Z,shot_miss,9,76,851,138,838,61,815,62.94,38.59,79.79,agent,NA,0.38,1.82,50.12,55.59,180.0,155.55,128.48
Negotiation_2,R4,2026-08-10T12:02:06.491080Z,conflict,9,81,856,135,838,58,823,57.47,40.16,78.72,system,NA,0.411,1.82,50.12,19.3,180.0,129.95,110.45
Negotiation_2,R4,2026-08-10T12:02:06.862201Z,behavior_monitor,9,97,891,135,838,58,823,65.82,78.29,78.72,system,NA,0.543,1.82,98.22,0.0,180.0,0.0,90.0
Negotiation_2,R4,2026-08-10T12:02:07.437077Z,flight_missed,9,84,953,163,835,63,879,142.02,75.9,109.08,system,NA,0.348,1.82,66.52,73.88,-21.48,129.38,90.0
Negotiation_2,R4,2026-08-10T12:02:07.437723Z,flight_spawn,10,732,-20,163,835,63,879,1027.46,1121.25,109.08,system,NA,0.522,3.59,56.15,73.88,-21.48,129.38,90.0
Negotiation_2,R4,2026-08-10T12:02:09.258872Z,agent_signal,10,663,340,362,732,183,711,494.39,606.79,179.55,agent,your_turn,0.551,3.59,111.09,143.07,-27.54,130.47,-54.25
Negotiation_2,R4,2026-08-10T12:02:09.275655Z,behavior_monitor,10,663,340,362,732,184,710,494.39,604.66,178.48,system,NA,0.55,3.59,111.09,143.07,-27.54,130.47,-54.25
Negotiation_2,R4,2026-08-10T12:02:09.783172Z,behavior_monitor,10,618,436,420,699,223,656,328.47,451.11,201.14,system,NA,0.579,3.59,87.6,0.0,-55.52,130.47,-54.25
Negotiation_2,R4,2026-08-10T12:02:10.288907Z,behavior_monitor,10,615,543,453,699,262,602,224.44,357.29,214.18,system,NA,0.614,3.59,111.73,129.41,0.0,130.47,-54.25
Negotiation_2,R4,2026-08-10T12:02:10.793728Z,behavior_monitor,10,649,635,519,699,301,614,144.51,348.86,234.17,system,NA,0.707,3.59,36.71,129.41,0.0,130.47,54.25
Negotiation_2,R4,2026-08-10T12:02:11.303490Z,behavior_monitor,10,714,722,585,699,340,668,131.01,378.29,247.43,system,NA,0.743,3.59,57.23,129.41,0.0,130.47,54.25
Negotiation_2,R4,2026-08-10T12:02:11.811722Z,behavior_monitor,10,742,824,651,699,378,722,154.92,377.74,273.7,system,NA,0.709,3.59,60.13,129.41,0.0,130.47,54.25
Negotiation_2,R4,2026-08-10T12:02:12.317583Z,behavior_monitor,10,805,907,717,699,417,776,226.01,408.96,309.64,system,NA,0.644,3.59,8.72,129.41,0.0,130.47,54.25
Negotiation_2,R4,2026-08-10T12:02:12.810932Z,flight_missed,10,905,953,783,699,456,831,282.17,465.4,352.79,system,NA,0.623,3.59,36.08,129.41,0.0,130.47,54.25
Negotiation_2,R4,2026-08-10T12:02:12.811299Z,flight_spawn,11,952,-20,783,699,456,831,738.78,985.17,352.79,system,NA,0.571,3.02,131.48,129.41,0.0,130.47,54.25
Negotiation_2,R4,2026-08-10T12:02:14.957148Z,human_signal,11,714,249,913,706,595,639,498.95,408.32,325.77,human,your_turn,0.45,3.02,121.53,0.0,26.34,130.47,-54.25
Negotiation_2,R4,2026-08-10T12:02:14.958347Z,behavior_monitor,11,714,249,913,706,595,639,498.95,408.32,325.77,system,NA,0.45,3.02,121.53,0.0,26.34,130.47,-54.25
Negotiation_2,R4,2026-08-10T12:02:14.958772Z,human_signal,11,712,251,913,706,595,639,497.53,405.18,325.77,human,your_turn,0.449,3.02,121.53,0.0,26.34,130.47,-54.25
Negotiation_2,R4,2026-08-10T12:02:15.464713Z,behavior_monitor,11,664,326,887,713,638,578,446.6,252.92,283.04,system,NA,0.362,3.02,121.53,137.76,153.89,121.59,-60.67
Negotiation_2,R4,2026-08-10T12:02:15.515245Z,agent_signal,11,657,336,879,718,638,572,440.91,235.87,281.31,agent,i_can,0.349,3.02,121.53,138.72,150.0,121.76,-90.0
Negotiation_2,R4,2026-08-10T12:02:15.972408Z,behavior_monitor,11,657,411,827,753,634,565,381.12,155.67,269.31,system,NA,0.29,3.02,70.28,140.44,144.99,87.67,0.0
Negotiation_2,R4,2026-08-10T12:02:16.482805Z,behavior_monitor,11,707,484,800,792,669,565,321.87,89.92,261.48,system,NA,0.218,3.02,45.39,94.08,31.2,87.67,0.0
Negotiation_2,R4,2026-08-10T12:02:16.989222Z,behavior_monitor,11,765,548,865,795,714,565,265.93,53.52,274.58,system,NA,0.168,3.02,45.39,129.41,0.0,87.67,0.0
Negotiation_2,R4,2026-08-10T12:02:17.056955Z,shot_miss,11,776,559,876,795,722,565,255.79,55.21,276.54,agent,NA,0.178,3.02,45.39,137.5,0.0,93.15,0.0
Negotiation_2,R4,2026-08-10T12:02:17.498332Z,behavior_monitor,11,844,593,931,795,758,588,219.12,85.71,268.73,system,NA,0.281,3.02,24.61,129.41,0.0,150.04,54.25
Negotiation_2,R4,2026-08-10T12:02:18.005370Z,behavior_monitor,11,928,631,958,800,804,625,171.62,124.94,233.24,system,NA,0.421,3.02,24.61,101.92,0.0,87.67,0.0
Negotiation_2,R4,2026-08-10T12:02:18.514252Z,behavior_monitor,11,989,693,1019,763,849,679,75.79,140.24,188.95,system,NA,0.649,3.02,78.79,144.12,-35.68,147.96,46.38
Negotiation_2,R4,2026-08-10T12:02:18.700972Z,human_signal,11,1003,725,1042,746,865,702,44.52,139.84,182.57,human,i_can,0.759,3.02,52.97,143.95,-35.85,150.04,54.25
Negotiation_2,R4,2026-08-10T12:02:18.869557Z,human_signal,11,1021,747,1060,747,878,721,38.78,146.03,184.2,human,i_can,0.79,3.02,55.11,136.41,59.42,130.47,54.25
Negotiation_2,R4,2026-08-10T12:02:19.021110Z,behavior_monitor,11,1034,767,1061,764,889,737,26.44,148.12,173.42,system,NA,0.849,3.02,55.11,129.41,90.0,130.47,54.25
Negotiation_2,R4,2026-08-10T12:02:19.275227Z,human_signal,11,1069,799,1061,799,909,764,7.98,163.59,155.9,human,i_can,0.953,3.02,51.46,129.41,90.0,130.47,54.25
Negotiation_2,R4,2026-08-10T12:02:19.408989Z,agent_signal,11,1086,818,1061,815,919,778,25.45,171.33,146.06,agent,your_turn,0.871,3.02,51.46,137.5,90.0,138.63,54.25
Negotiation_2,R4,2026-08-10T12:02:19.425649Z,shot_hit,11,1086,818,1061,817,920,780,25.27,169.66,144.91,human,NA,0.87,3.02,51.46,137.5,90.0,138.63,54.25
Negotiation_2,R4,2026-08-10T12:02:19.426089Z,flight_spawn,12,48,-20,1061,817,920,780,1313.64,1183.83,144.91,system,NA,0.474,2.86,45.58,137.5,90.0,138.63,54.25
Negotiation_2,R4,2026-08-10T12:02:22.200159Z,agent_signal,12,179,393,787,910,738,565,797.66,584.53,347.55,agent,i_can,0.423,2.86,119.59,129.41,180.0,76.24,180.0
Negotiation_2,R4,2026-08-10T12:02:22.217165Z,behavior_monitor,12,179,393,787,910,736,565,797.66,583.11,347.76,system,NA,0.422,2.86,119.59,129.41,180.0,87.67,180.0
Negotiation_2,R4,2026-08-10T12:02:22.438395Z,human_signal,12,159,426,758,910,717,565,770.62,575.51,346.79,human,your_turn,0.428,2.86,95.19,129.41,180.0,87.67,180.0
Negotiation_2,R4,2026-08-10T12:02:22.439018Z,human_signal,12,159,428,756,910,717,565,767.39,574.7,347.1,human,your_turn,0.428,2.86,95.19,129.41,180.0,87.67,180.0
Negotiation_2,R4,2026-08-10T12:02:22.725468Z,behavior_monitor,12,152,473,721,910,691,565,717.38,547.19,346.06,system,NA,0.433,2.86,119.33,129.41,180.0,87.67,180.0
Negotiation_2,R4,2026-08-10T12:02:23.232458Z,behavior_monitor,12,98,540,655,910,647,564,668.3,549.67,345.31,system,NA,0.451,2.86,111.56,129.41,180.0,75.59,-161.84
Negotiation_2,R4,2026-08-10T12:02:23.739496Z,behavior_monitor,12,59,612,589,910,602,603,607.82,543.49,306.68,system,NA,0.472,2.86,127.94,129.41,180.0,150.04,125.75
Negotiation_2,R4,2026-08-10T12:02:24.247562Z,behavior_monitor,12,29,672,523,910,558,666,547.9,528.86,245.83,system,NA,0.491,2.46,63.84,137.5,180.0,159.42,125.75
Negotiation_2,R4,2026-08-10T12:02:24.756721Z,behavior_monitor,12,51,741,457,910,513,728,439.74,462.34,189.98,system,NA,0.513,2.46,90.67,129.41,180.0,150.04,125.75
Negotiation_2,R4,2026-08-10T12:02:25.263383Z,behavior_monitor,12,28,804,391,910,468,789,378.23,440.58,142.83,system,NA,0.538,2.46,145.04,129.41,180.0,150.04,125.75
Negotiation_2,R4,2026-08-10T12:02:25.770492Z,behavior_monitor,12,57,849,335,910,424,843,283.97,366.21,110.69,system,NA,0.563,2.25,48.25,116.86,180.0,150.04,125.75
Negotiation_2,R4,2026-08-10T12:02:26.277981Z,behavior_monitor,12,96,903,273,910,379,897,177.16,282.67,106.3,system,NA,0.615,2.25,68.94,121.18,180.0,150.04,125.75
Negotiation_2,R4,2026-08-10T12:02:26.667925Z,flight_missed,12,116,953,224,910,343,910,116.31,231.33,119.33,system,NA,0.665,2.25,68.94,121.57,180.0,87.67,180.0
Negotiation_2,R4,2026-08-10T12:02:26.668621Z,flight_spawn,13,822,-20,224,910,343,910,1105.43,1045.76,119.33,system,NA,0.486,2.83,135.0,121.57,180.0,87.67,180.0
Negotiation_2,R4,2026-08-10T12:02:28.612720Z,human_signal,13,585,180,284,889,459,745,769.91,578.38,227.02,human,your_turn,0.429,2.83,150.43,62.26,0.0,130.47,-54.25
Negotiation_2,R4,2026-08-10T12:02:28.615097Z,behavior_monitor,13,585,180,284,889,459,745,769.91,578.38,227.02,system,NA,0.429,2.83,150.43,58.52,0.0,141.93,-50.31
Negotiation_2,R4,2026-08-10T12:02:28.615522Z,human_signal,13,582,182,285,889,459,745,767.05,576.36,226.27,human,your_turn,0.429,2.83,150.43,58.52,0.0,141.93,-50.31
Negotiation_2,R4,2026-08-10T12:02:29.118057Z,behavior_monitor,13,509,222,324,859,495,683,663.3,461.17,245.91,system,NA,0.41,2.83,150.43,140.16,-50.93,150.04,-125.75
Negotiation_2,R4,2026-08-10T12:02:29.625521Z,behavior_monitor,13,434,264,359,820,450,621,561.15,357.06,219.21,system,NA,0.389,2.83,150.43,90.7,90.0,159.42,-125.75
Negotiation_2,R4,2026-08-10T12:02:30.134402Z,behavior_monitor,13,357,294,359,850,406,565,555.8,275.16,288.62,system,NA,0.331,2.83,171.31,0.0,90.0,87.67,180.0
Negotiation_2,R4,2026-08-10T12:02:30.454276Z,agent_signal,13,298,307,336,866,378,565,559.64,269.34,303.89,agent,i_can,0.325,2.83,159.91,139.86,144.01,87.67,180.0
Negotiation_2,R4,2026-08-10T12:02:30.642820Z,behavior_monitor,13,271,314,317,880,361,565,567.34,266.56,317.86,system,NA,0.32,2.83,179.46,140.74,144.08,87.67,180.0
Negotiation_2,R4,2026-08-10T12:02:31.148725Z,behavior_monitor,13,184,325,257,910,317,565,589.3,274.78,349.46,system,NA,0.318,2.83,149.63,119.41,180.0,87.67,180.0
Negotiation_2,R4,2026-08-10T12:02:31.656564Z,behavior_monitor,13,109,365,194,910,273,565,551.61,258.73,353.21,system,NA,0.319,2.83,172.49,124.19,180.0,87.67,180.0
Negotiation_2,R4,2026-08-10T12:02:32.166193Z,behavior_monitor,13,57,423,131,910,228,565,491.73,222.22,358.25,system,NA,0.311,2.83,105.75,124.42,180.0,87.67,180.0
Negotiation_2,R4,2026-08-10T12:02:32.675448Z,behavior_monitor,13,54,506,70,910,184,565,403.79,142.04,363.02,system,NA,0.26,2.83,80.13,122.71,180.0,87.67,180.0
Negotiation_2,R4,2026-08-10T12:02:33.184804Z,behavior_monitor,13,105,575,65,910,139,570,336.47,33.51,346.83,system,NA,0.091,2.83,52.39,129.41,0.0,150.04,125.75
Negotiation_2,R4,2026-08-10T12:02:33.319232Z,shot_hit,13,121,596,85,910,125,589,315.99,7.53,322.89,agent,NA,0.023,2.83,52.39,129.41,0.0,150.04,125.75
Negotiation_2,R4,2026-08-10T12:02:33.319924Z,flight_spawn,14,1000,-20,85,910,125,589,1304.3,1066.08,322.89,system,NA,0.45,2.83,135.0,129.41,0.0,150.04,125.75
Negotiation_2,R4,2026-08-10T12:02:36.261578Z,agent_signal,14,678,311,468,817,319,565,547.99,440.39,292.84,agent,i_can,0.446,2.83,98.45,129.41,0.0,76.24,0.0
Negotiation_2,R4,2026-08-10T12:02:36.278960Z,behavior_monitor,14,678,311,468,817,320,565,547.99,439.17,292.08,system,NA,0.445,2.83,98.45,129.41,0.0,87.67,0.0
Negotiation_2,R4,2026-08-10T12:02:36.782516Z,behavior_monitor,14,656,392,534,817,365,565,442.64,339.22,303.42,system,NA,0.434,2.83,98.91,129.41,0.0,87.67,0.0
Negotiation_2,R4,2026-08-10T12:02:37.289424Z,behavior_monitor,14,629,472,600,817,409,565,346.18,238.72,316.13,system,NA,0.408,2.83,120.98,129.41,0.0,87.67,0.0
Negotiation_2,R4,2026-08-10T12:02:37.799211Z,behavior_monitor,14,584,545,610,859,453,565,315.13,132.41,333.49,system,NA,0.296,2.83,120.98,141.77,133.45,87.67,0.0
Negotiation_2,R4,2026-08-10T12:02:38.304535Z,behavior_monitor,14,560,614,556,908,498,600,293.52,63.34,313.24,system,NA,0.177,2.83,72.57,144.24,139.2,150.04,54.25
Negotiation_2,R4,2026-08-10T12:02:38.710588Z,shot_miss,14,567,681,543,910,535,652,229.35,43.5,258.07,agent,NA,0.159,2.83,50.61,96.56,0.0,150.04,54.25
Negotiation_2,R4,2026-08-10T12:02:38.811135Z,behavior_monitor,14,576,692,553,910,543,662,218.47,45.46,247.66,system,NA,0.172,2.83,50.61,116.03,0.0,147.97,61.88
Negotiation_2,R4,2026-08-10T12:02:38.912539Z,shot_miss,14,588,708,567,910,553,677,202.97,46.86,233.39,agent,NA,0.188,2.83,78.86,118.59,0.0,150.04,54.25
Negotiation_2,R4,2026-08-10T12:02:39.147702Z,shot_miss,14,597,746,591,910,574,706,163.13,46.97,204.74,agent,NA,0.224,2.83,78.86,101.64,0.0,150.04,54.25
Negotiation_2,R4,2026-08-10T12:02:39.315419Z,behavior_monitor,14,595,771,609,910,574,724,138.69,51.97,188.64,system,NA,0.273,2.83,100.44,117.0,0.0,121.76,90.0
Negotiation_2,R4,2026-08-10T12:02:39.451641Z,human_signal,14,600,796,627,911,577,741,117.77,59.89,177.08,human,i_can,0.337,2.83,71.72,118.18,0.0,150.04,54.25
Negotiation_2,R4,2026-08-10T12:02:39.827666Z,behavior_monitor,14,629,845,639,910,599,781,65.02,71.14,134.76,system,NA,0.522,2.83,47.61,57.23,180.0,130.47,54.25
Negotiation_2,R4,2026-08-10T12:02:39.878534Z,shot_miss,14,636,851,636,910,603,786,58.06,72.87,127.64,human,NA,0.557,2.83,20.32,60.44,180.0,130.47,54.25
Negotiation_2,R4,2026-08-10T12:02:40.013426Z,agent_signal,14,660,858,628,910,614,800,60.97,74.38,110.72,agent,your_turn,0.55,2.83,3.93,54.52,180.0,138.63,54.25
Negotiation_2,R4,2026-08-10T12:02:40.046954Z,shot_miss,14,663,858,627,910,616,803,62.93,71.97,106.77,human,NA,0.534,2.83,3.93,54.52,180.0,138.63,54.25
Negotiation_2,R4,2026-08-10T12:02:40.201081Z,shot_miss,14,687,860,630,910,628,819,75.31,71.51,90.1,human,NA,0.487,2.83,3.93,56.28,0.0,130.47,54.25
Negotiation_2,R4,2026-08-10T12:02:40.285551Z,conflict,14,705,861,638,910,636,830,82.83,76.18,79.45,system,NA,0.479,2.83,3.93,81.4,0.0,130.47,54.25
Negotiation_2,R4,2026-08-10T12:02:40.336082Z,behavior_monitor,14,711,861,638,910,636,830,87.67,81.98,79.45,system,NA,0.483,2.83,3.93,0.0,0.0,0.0,54.25
Negotiation_2,R4,2026-08-10T12:02:40.841660Z,behavior_monitor,14,798,867,641,910,640,835,163.05,161.83,74.25,system,NA,0.498,2.83,3.93,55.43,0.0,136.84,55.3
Negotiation_2,R4,2026-08-10T12:02:41.351337Z,behavior_monitor,14,883,873,637,910,707,867,249.37,176.18,82.24,system,NA,0.414,2.83,3.93,64.28,0.0,81.0,0.0
Negotiation_2,R4,2026-08-10T12:02:41.825462Z,conflict,14,960,892,669,910,745,887,290.95,214.37,79.51,system,NA,0.424,2.83,33.05,119.66,0.0,130.47,54.25
Negotiation_2,R4,2026-08-10T12:02:41.859323Z,behavior_monitor,14,961,894,669,910,745,887,292.65,216.21,79.51,system,NA,0.425,2.83,33.05,0.0,0.0,0.0,54.25
Negotiation_2,R4,2026-08-10T12:02:42.366329Z,behavior_monitor,14,1040,919,671,910,749,890,368.86,292.46,80.0,system,NA,0.442,2.83,3.25,59.26,0.0,148.67,54.73
Negotiation_2,R4,2026-08-10T12:02:42.873355Z,behavior_monitor,14,1119,947,694,910,787,910,426.83,334.6,92.67,system,NA,0.439,2.83,40.57,49.61,180.0,76.24,0.0
Negotiation_2,R4,2026-08-10T12:02:42.907846Z,flight_missed,14,1126,952,692,910,791,910,436.1,337.49,99.22,system,NA,0.436,2.83,40.57,53.39,180.0,76.24,0.0
Negotiation_2,R4,2026-08-10T12:02:42.908457Z,flight_spawn,15,870,-20,692,910,791,910,946.99,933.38,99.22,system,NA,0.496,2.83,45.0,53.39,180.0,76.24,0.0
Negotiation_2,R4,2026-08-10T12:02:46.968491Z,agent_signal,15,1426,307,976,910,1070,565,751.71,439.58,356.91,agent,i_can,0.369,2.83,21.37,111.43,0.0,76.24,0.0
Negotiation_2,R4,2026-08-10T12:02:46.985088Z,behavior_monitor,15,1426,307,976,910,1072,565,751.71,438.15,357.48,system,NA,0.368,2.83,21.37,111.43,0.0,98.48,-4.7
Negotiation_2,R4,2026-08-10T12:02:47.494700Z,behavior_monitor,15,1417,343,1033,910,1116,565,685.12,374.42,354.43,system,NA,0.353,1.89,124.17,111.43,0.0,87.67,0.0
Negotiation_2,R4,2026-08-10T12:02:47.995501Z,behavior_monitor,15,1389,391,1017,896,1161,564,627.4,286.2,362.05,system,NA,0.313,1.89,88.09,137.36,-150.56,87.67,0.0
Negotiation_2,R4,2026-08-10T12:02:48.503635Z,behavior_monitor,15,1381,446,957,858,1205,565,590.36,211.53,384.0,system,NA,0.264,1.89,95.84,141.4,-143.83,87.67,0.0
Negotiation_2,R4,2026-08-10T12:02:49.008620Z,behavior_monitor,15,1368,500,978,841,1250,565,518.29,134.31,388.27,system,NA,0.206,1.89,146.87,129.41,0.0,87.67,0.0
Negotiation_2,R4,2026-08-10T12:02:49.519374Z,behavior_monitor,15,1317,530,1044,841,1294,565,414.7,42.25,372.95,system,NA,0.092,1.89,171.31,129.41,0.0,0.0,0.0
Negotiation_2,R4,2026-08-10T12:02:49.723974Z,shot_hit,15,1295,539,1065,847,1280,565,383.74,29.57,354.36,agent,NA,0.072,1.89,142.79,0.0,0.0,87.67,180.0
Negotiation_2,R4,2026-08-10T12:02:49.724931Z,flight_spawn,16,1211,-20,1065,847,1280,565,879.23,589.13,354.36,system,NA,0.401,2.83,135.0,0.0,0.0,87.67,180.0
Negotiation_2,R4,2026-08-10T12:02:52.364905Z,agent_signal,16,1344,363,1200,885,1316,564,541.99,203.36,341.3,agent,i_can,0.273,2.83,64.12,101.83,38.05,76.24,0.0
Negotiation_2,R4,2026-08-10T12:02:52.381377Z,behavior_monitor,16,1344,363,1200,885,1317,564,541.99,203.15,341.8,system,NA,0.273,2.83,64.12,75.75,48.26,87.67,0.0
Negotiation_2,R4,2026-08-10T12:02:52.886370Z,behavior_monitor,16,1396,421,1229,894,1362,565,501.29,147.19,355.19,system,NA,0.227,2.83,38.1,44.49,0.0,87.67,0.0
Negotiation_2,R4,2026-08-10T12:02:53.394331Z,behavior_monitor,16,1450,485,1230,894,1406,565,463.9,90.41,373.49,system,NA,0.163,2.63,107.08,0.0,0.0,63.29,11.19
Negotiation_2,R4,2026-08-10T12:02:53.714477Z,shot_miss,16,1438,536,1230,894,1420,565,413.91,33.97,379.99,agent,NA,0.076,2.63,101.19,0.0,0.0,0.0,0.0
Negotiation_2,R4,2026-08-10T12:02:53.900670Z,behavior_monitor,16,1449,559,1230,894,1425,564,400.71,24.98,383.16,system,NA,0.059,2.63,78.06,0.0,0.0,87.67,0.0
Negotiation_2,R4,2026-08-10T12:02:53.951678Z,shot_hit,16,1447,569,1230,894,1427,564,390.66,20.81,383.92,agent,NA,0.051,2.6,97.23,0.0,0.0,0.0,0.0
Negotiation_2,R4,2026-08-10T12:02:53.952628Z,flight_spawn,17,562,-20,1230,894,1427,564,1132.76,1044.01,383.92,system,NA,0.48,3.4,53.93,0.0,0.0,0.0,0.0
Negotiation_2,R4,2026-08-10T12:02:57.137901Z,human_signal,17,666,524,860,821,1206,564,354.63,541.71,430.85,human,i_can,0.604,3.4,127.7,129.41,180.0,76.24,180.0
Negotiation_2,R4,2026-08-10T12:02:57.154089Z,behavior_monitor,17,666,524,860,821,1205,564,354.63,540.42,429.81,system,NA,0.604,3.4,127.7,129.41,180.0,76.24,180.0
Negotiation_2,R4,2026-08-10T12:02:57.326868Z,agent_signal,17,646,554,836,821,1192,564,327.72,545.82,438.86,agent,your_turn,0.625,3.4,127.7,129.41,180.0,76.24,180.0
Negotiation_2,R4,2026-08-10T12:02:57.662851Z,behavior_monitor,17,630,615,794,830,1166,589,270.23,536.15,442.82,system,NA,0.665,3.4,98.39,134.32,164.46,130.47,125.75
Negotiation_2,R4,2026-08-10T12:02:58.170494Z,behavior_monitor,17,587,703,728,848,1127,643,202.75,543.55,448.57,system,NA,0.728,3.4,126.74,134.38,164.37,130.47,125.75
Negotiation_2,R4,2026-08-10T12:02:58.680539Z,behavior_monitor,17,524,777,662,867,1088,697,164.48,569.43,458.16,system,NA,0.776,3.4,122.4,134.38,164.37,130.47,125.75
Negotiation_2,R4,2026-08-10T12:02:59.188402Z,behavior_monitor,17,516,877,596,885,1049,751,80.54,547.56,472.22,system,NA,0.872,3.4,102.41,134.64,163.97,130.47,125.75
Negotiation_2,R4,2026-08-10T12:02:59.323539Z,shot_miss,17,518,904,578,890,1039,766,61.7,538.33,476.69,human,NA,0.897,3.4,79.69,135.34,162.98,130.47,125.75
Negotiation_2,R4,2026-08-10T12:02:59.476669Z,shot_miss,17,524,934,559,897,1027,782,50.88,525.41,482.05,human,NA,0.912,3.4,79.69,135.48,162.79,130.47,125.75
Negotiation_2,R4,2026-08-10T12:02:59.560999Z,flight_missed,17,525,954,545,901,1019,793,56.73,518.98,485.49,system,NA,0.901,3.4,79.69,135.61,162.61,130.47,125.75
Negotiation_2,R4,2026-08-10T12:02:59.561550Z,flight_spawn,18,1111,-20,545,901,1019,793,1080.99,818.9,485.49,system,NA,0.431,3.46,125.31,135.61,162.61,130.47,125.75
Negotiation_2,R4,2026-08-10T12:03:02.464522Z,agent_signal,18,726,338,642,800,898,566,470.15,286.05,347.27,agent,i_can,0.378,3.46,166.72,129.41,180.0,76.24,180.0
Negotiation_2,R4,2026-08-10T12:03:02.481647Z,behavior_monitor,18,726,338,642,800,897,566,470.15,285.15,346.17,system,NA,0.378,3.46,166.72,129.41,180.0,87.67,180.0
Negotiation_2,R4,2026-08-10T12:03:02.983530Z,behavior_monitor,18,643,396,576,800,851,566,409.76,268.06,361.73,system,NA,0.395,3.46,140.94,129.41,180.0,87.67,180.0
Negotiation_2,R4,2026-08-10T12:03:03.120130Z,human_signal,18,619,416,556,800,839,566,389.71,266.03,367.76,human,i_can,0.406,3.46,140.94,129.41,180.0,87.67,180.0
Negotiation_2,R4,2026-08-10T12:03:03.489898Z,behavior_monitor,18,565,462,510,800,811,566,343.13,267.27,381.54,system,NA,0.438,3.46,140.94,129.41,180.0,76.24,180.0
Negotiation_2,R4,2026-08-10T12:03:03.659233Z,agent_signal,18,537,486,488,800,798,566,318.54,273.0,388.71,agent,your_turn,0.462,3.46,140.94,129.41,180.0,76.24,180.0
Negotiation_2,R4,2026-08-10T12:03:04.000812Z,behavior_monitor,18,483,527,444,807,772,566,282.99,291.24,407.31,system,NA,0.507,3.46,140.94,133.88,165.15,76.24,180.0
Negotiation_2,R4,2026-08-10T12:03:04.507393Z,behavior_monitor,18,400,583,378,825,733,576,242.83,332.65,433.51,system,NA,0.578,3.46,166.45,133.95,165.04,130.47,125.75
Negotiation_2,R4,2026-08-10T12:03:05.014214Z,behavior_monitor,18,324,644,312,842,694,621,198.55,371.14,441.67,system,NA,0.651,3.46,146.18,133.95,165.04,110.47,121.8
Negotiation_2,R4,2026-08-10T12:03:05.521326Z,behavior_monitor,18,251,717,246,860,685,633,142.86,441.99,494.2,system,NA,0.756,3.46,175.46,133.95,165.04,0.0,125.04
Negotiation_2,R4,2026-08-10T12:03:06.027688Z,behavior_monitor,18,156,744,180,878,651,682,135.62,498.08,509.84,system,NA,0.786,3.46,148.17,142.32,165.04,138.63,125.75
Negotiation_2,R4,2026-08-10T12:03:06.535347Z,behavior_monitor,18,80,810,114,895,612,736,91.82,537.09,522.53,system,NA,0.854,3.46,124.53,133.95,165.04,130.47,125.75
Negotiation_2,R4,2026-08-10T12:03:06.702857Z,shot_miss,18,53,832,92,901,599,754,79.75,551.51,527.64,human,NA,0.874,3.46,144.78,142.32,165.04,138.63,125.75
Negotiation_2,R4,2026-08-10T12:03:07.042438Z,shot_miss,18,37,849,48,910,573,789,61.88,538.76,538.44,human,NA,0.897,2.13,39.07,129.41,180.0,130.47,125.75
Negotiation_2,R4,2026-08-10T12:03:07.043090Z,behavior_monitor,18,37,849,48,910,573,789,61.88,538.76,538.44,system,NA,0.897,2.13,39.07,129.41,180.0,130.47,125.75
Negotiation_2,R4,2026-08-10T12:03:07.178800Z,shot_miss,18,49,859,30,910,562,804,53.69,516.12,542.5,human,NA,0.906,2.13,39.07,129.41,180.0,130.47,125.75
Negotiation_2,R4,2026-08-10T12:03:07.346215Z,shot_miss,18,68,873,20,910,549,821,60.21,483.92,536.12,human,NA,0.889,2.13,39.07,0.0,180.0,130.47,125.75
Negotiation_2,R4,2026-08-10T12:03:07.499280Z,shot_miss,18,83,885,40,910,537,838,49.65,456.86,502.62,human,NA,0.902,2.13,39.07,129.41,0.0,130.47,125.75
Negotiation_2,R4,2026-08-10T12:03:07.549851Z,behavior_monitor,18,88,889,47,910,534,843,46.7,447.47,491.48,system,NA,0.905,2.13,39.07,129.41,0.0,130.47,125.75
Negotiation_2,R4,2026-08-10T12:03:07.650408Z,shot_miss,18,98,897,60,910,526,854,39.98,430.23,469.31,human,NA,0.915,2.13,39.07,129.41,0.0,130.47,125.75
Negotiation_2,R4,2026-08-10T12:03:07.804391Z,shot_miss,18,113,909,80,910,514,870,33.1,403.31,436.32,human,NA,0.924,2.13,39.07,129.41,0.0,130.47,125.75
Negotiation_2,R4,2026-08-10T12:03:07.956514Z,shot_miss,18,128,921,99,910,502,886,31.22,375.62,403.74,human,NA,0.923,2.13,39.07,129.41,0.0,130.47,125.75
Negotiation_2,R4,2026-08-10T12:03:08.058064Z,behavior_monitor,18,141,929,113,910,495,897,34.38,355.25,382.37,system,NA,0.912,2.13,39.07,129.41,0.0,130.47,125.75
Negotiation_2,R4,2026-08-10T12:03:08.125270Z,shot_miss,18,149,934,121,910,490,905,36.96,342.13,368.23,human,NA,0.903,2.13,39.07,129.41,0.0,130.47,125.75
Negotiation_2,R4,2026-08-10T12:03:08.313828Z,shot_miss,18,168,949,146,910,475,910,45.37,310.12,329.74,human,NA,0.872,2.13,63.2,122.22,0.0,72.0,180.0
Negotiation_2,R4,2026-08-10T12:03:08.330230Z,flight_missed,18,170,953,150,910,473,910,47.9,305.55,322.75,system,NA,0.864,2.13,35.34,129.41,0.0,76.24,180.0
Negotiation_2,R4,2026-08-10T12:03:08.330725Z,flight_spawn,19,849,-20,150,910,473,910,1163.58,1003.34,322.75,system,NA,0.463,3.16,50.77,129.41,0.0,76.24,180.0
Negotiation_2,R4,2026-08-10T12:03:10.704369Z,agent_signal,19,1037,363,412,773,628,693,747.72,525.49,230.59,agent,i_can,0.413,3.16,69.38,141.72,-29.35,130.47,-54.25
Negotiation_2,R4,2026-08-10T12:03:10.721991Z,behavior_monitor,19,1037,363,412,773,629,691,747.72,523.03,232.71,system,NA,0.412,3.16,69.38,141.51,-29.19,150.04,-54.25
Negotiation_2,R4,2026-08-10T12:03:11.230317Z,behavior_monitor,19,1029,449,475,740,674,629,625.41,397.98,227.55,system,NA,0.389,3.16,143.42,140.89,-23.3,150.04,-54.25
Negotiation_2,R4,2026-08-10T12:03:11.737659Z,behavior_monitor,19,981,528,541,733,718,567,485.11,265.47,242.34,system,NA,0.354,3.16,138.67,137.5,0.0,159.42,-54.25
Negotiation_2,R4,2026-08-10T12:03:12.243763Z,behavior_monitor,19,978,610,607,733,763,595,390.97,215.89,208.0,system,NA,0.356,3.16,39.19,129.41,0.0,150.04,54.25
Negotiation_2,R4,2026-08-10T12:03:12.751828Z,behavior_monitor,19,1022,689,624,738,808,657,400.86,216.34,200.85,system,NA,0.351,3.16,83.49,136.51,154.66,150.04,54.25
Negotiation_2,R4,2026-08-10T12:03:13.259974Z,behavior_monitor,19,1040,780,563,772,853,719,476.92,196.76,294.73,system,NA,0.292,3.16,60.55,138.75,147.58,150.04,54.25
Negotiation_2,R4,2026-08-10T12:03:13.769807Z,behavior_monitor,19,1060,872,506,814,898,782,557.76,186.05,393.53,system,NA,0.25,3.16,82.4,135.29,143.4,150.04,54.25
Negotiation_2,R4,2026-08-10T12:03:14.192628Z,flight_missed,19,1070,953,499,818,936,836,586.26,177.75,437.45,system,NA,0.233,3.16,82.4,0.0,151.93,150.04,54.25
Negotiation_2,R4,2026-08-10T12:03:14.193356Z,flight_spawn,20,825,-20,499,818,936,836,899.94,863.53,437.45,system,NA,0.49,2.83,135.0,0.0,151.93,150.04,54.25
Negotiation_2,R4,2026-08-10T12:03:17.552455Z,agent_signal,20,423,331,293,825,706,566,511.29,367.75,487.5,agent,i_can,0.418,2.83,153.11,128.47,-160.69,81.0,180.0
Negotiation_2,R4,2026-08-10T12:03:17.569154Z,behavior_monitor,20,423,331,293,825,705,566,511.29,366.6,486.24,system,NA,0.418,2.83,153.11,120.92,-160.69,87.67,180.0
Negotiation_2,R4,2026-08-10T12:03:18.078489Z,behavior_monitor,20,366,391,228,822,660,566,452.93,342.04,502.33,system,NA,0.43,2.83,123.59,129.41,180.0,87.67,180.0
Negotiation_2,R4,2026-08-10T12:03:18.584142Z,behavior_monitor,20,317,462,213,869,616,565,420.69,316.7,504.9,system,NA,0.429,2.83,123.59,138.66,65.96,87.67,180.0
Negotiation_2,R4,2026-08-10T12:03:18.737320Z,human_signal,20,301,485,226,889,602,566,410.8,311.99,495.96,human,i_can,0.432,2.83,123.59,139.12,52.06,87.67,180.0
Negotiation_2,R4,2026-08-10T12:03:19.092568Z,behavior_monitor,20,270,532,224,910,575,566,380.11,306.88,491.1,system,NA,0.447,2.83,123.59,129.41,180.0,76.24,180.0
Negotiation_2,R4,2026-08-10T12:03:19.310103Z,agent_signal,20,253,566,195,910,558,566,347.93,305.17,499.57,agent,your_turn,0.467,2.83,103.38,129.41,180.0,76.24,180.0
Negotiation_2,R4,2026-08-10T12:03:19.598522Z,behavior_monitor,20,251,611,171,910,536,592,309.25,285.83,484.24,system,NA,0.48,2.83,80.68,0.0,180.0,149.89,120.52
Negotiation_2,R4,2026-08-10T12:03:20.107313Z,behavior_monitor,20,288,686,206,894,497,646,224.38,212.63,382.55,system,NA,0.487,2.83,56.52,139.79,-24.8,130.47,125.75
Negotiation_2,R4,2026-08-10T12:03:20.613918Z,behavior_monitor,20,310,764,271,865,459,700,107.76,162.11,249.59,system,NA,0.601,2.83,87.63,139.33,-24.0,130.47,125.75
Negotiation_2,R4,2026-08-10T12:03:20.884214Z,shot_miss,20,340,799,306,850,438,728,61.48,120.7,179.43,human,NA,0.663,2.83,36.96,138.57,-20.95,130.47,125.75
Negotiation_2,R4,2026-08-10T12:03:21.070568Z,shot_miss,20,364,818,331,845,423,748,42.59,92.2,134.21,human,NA,0.684,2.83,62.26,129.41,0.0,130.47,125.75
Negotiation_2,R4,2026-08-10T12:03:21.120176Z,behavior_monitor,20,369,826,337,845,419,753,37.15,88.36,123.11,system,NA,0.704,2.83,62.26,129.41,0.0,130.47,125.75
Negotiation_2,R4,2026-08-10T12:03:21.206267Z,shot_hit,20,374,839,348,845,413,762,26.19,86.48,104.97,human,NA,0.768,2.83,87.5,129.41,0.0,130.47,125.75
Negotiation_2,R5,2026-08-10T12:04:09.556119Z,flight_spawn,1,415,-20,348,845,413,762,867.79,782.61,104.97,system,NA,0.474,3.26,127.89,0.0,0.0,0.0,125.75
Negotiation_2,R5,2026-08-10T12:04:14.683885Z,human_signal,1,218,294,929,754,290,567,846.66,281.75,666.2,human,your_turn,0.25,3.26,126.22,129.41,180.0,76.24,180.0
Negotiation_2,R5,2026-08-10T12:04:14.684487Z,behavior_monitor,1,218,294,929,754,290,567,846.66,281.75,666.2,system,NA,0.25,3.26,126.22,129.41,180.0,76.24,180.0
Negotiation_2,R5,2026-08-10T12:04:14.684898Z,human_signal,1,216,297,927,754,290,567,844.92,279.69,664.09,human,your_turn,0.249,3.26,126.22,129.41,180.0,76.24,180.0
Negotiation_2,R5,2026-08-10T12:04:14.767722Z,agent_signal,1,207,310,916,754,282,567,835.78,267.33,660.69,agent,i_can,0.242,3.26,126.22,129.41,180.0,87.67,180.0
Negotiation_2,R5,2026-08-10T12:04:15.193040Z,behavior_monitor,1,163,373,863,754,245,566,796.65,209.87,646.18,system,NA,0.209,3.26,126.22,129.41,180.0,87.67,180.0
Negotiation_2,R5,2026-08-10T12:04:15.695978Z,behavior_monitor,1,195,460,797,754,200,566,670.03,106.49,625.83,system,NA,0.137,3.26,46.94,137.5,180.0,93.15,180.0
Negotiation_2,R5,2026-08-10T12:04:16.201530Z,behavior_monitor,1,238,548,731,754,215,567,534.53,29.5,549.28,system,NA,0.052,3.26,69.37,129.41,180.0,87.67,0.0
Negotiation_2,R5,2026-08-10T12:04:16.304260Z,shot_hit,1,244,569,716,754,220,565,506.26,24.28,530.15,agent,NA,0.046,3.26,69.37,129.41,180.0,87.67,0.0
Negotiation_2,R5,2026-08-10T12:04:16.305342Z,flight_spawn,2,1067,-20,716,754,220,565,850.04,1029.47,530.15,system,NA,0.548,3.1,130.12,129.41,180.0,87.67,0.0
Negotiation_2,R5,2026-08-10T12:04:19.753746Z,agent_signal,2,591,366,656,813,458,565,451.24,239.35,316.88,agent,i_can,0.347,3.1,151.06,135.61,151.05,76.24,0.0
Negotiation_2,R5,2026-08-10T12:04:19.770622Z,behavior_monitor,2,591,366,656,813,460,565,451.24,238.52,315.95,system,NA,0.346,3.1,151.06,135.77,151.28,87.67,0.0
Negotiation_2,R5,2026-08-10T12:04:20.278348Z,behavior_monitor,2,533,432,595,844,505,565,416.94,136.26,293.16,system,NA,0.246,3.1,101.17,136.42,152.8,116.2,-5.47
Negotiation_2,R5,2026-08-10T12:04:20.785990Z,behavior_monitor,2,512,523,530,857,495,565,333.85,44.91,293.65,system,NA,0.119,3.1,101.17,129.41,180.0,87.67,180.0
Negotiation_2,R5,2026-08-10T12:04:20.887368Z,shot_hit,2,508,545,519,857,492,565,312.23,26.12,292.85,agent,NA,0.077,3.1,101.17,57.55,180.0,0.0,180.0
Negotiation_2,R5,2026-08-10T12:04:20.887962Z,flight_spawn,3,1242,-20,519,857,492,565,1136.68,951.33,292.85,system,NA,0.456,2.83,45.0,57.55,180.0,0.0,180.0
Negotiation_2,R5,2026-08-10T12:04:25.020168Z,human_signal,3,1241,351,992,857,729,565,563.68,554.91,392.14,human,i_can,0.496,2.19,131.89,129.41,0.0,76.24,0.0
Negotiation_2,R5,2026-08-10T12:04:25.036766Z,behavior_monitor,3,1241,351,992,857,730,565,563.68,553.72,391.27,system,NA,0.496,2.19,131.89,129.41,0.0,76.24,0.0
Negotiation_2,R5,2026-08-10T12:04:25.539377Z,behavior_monitor,3,1224,413,1058,857,770,566,473.52,479.06,409.23,system,NA,0.503,2.19,103.56,129.41,0.0,76.24,0.0
Negotiation_2,R5,2026-08-10T12:04:26.047183Z,behavior_monitor,3,1193,468,1123,848,803,566,385.75,401.56,426.03,system,NA,0.51,2.19,129.07,141.4,-34.47,0.0,0.0
Negotiation_2,R5,2026-08-10T12:04:26.555910Z,behavior_monitor,3,1151,519,1166,805,829,566,285.76,324.96,412.77,system,NA,0.532,2.19,129.07,34.07,-90.0,76.24,0.0
Negotiation_2,R5,2026-08-10T12:04:27.063039Z,behavior_monitor,3,1106,570,1128,805,868,566,235.29,237.93,352.92,system,NA,0.503,2.19,129.07,129.41,180.0,76.24,0.0
Negotiation_2,R5,2026-08-10T12:04:27.571490Z,behavior_monitor,3,1064,622,1067,805,907,617,183.81,157.24,247.32,system,NA,0.461,2.19,102.41,36.79,90.0,130.47,54.25
Negotiation_2,R5,2026-08-10T12:04:28.079142Z,behavior_monitor,3,1023,671,1074,864,946,667,199.41,77.59,235.17,system,NA,0.28,2.19,172.31,137.47,110.92,130.47,54.25
Negotiation_2,R5,2026-08-10T12:04:28.435020Z,agent_signal,3,987,699,1046,908,968,690,217.63,21.33,231.79,agent,i_can,0.089,2.19,113.7,140.72,128.86,105.88,90.0
Negotiation_2,R5,2026-08-10T12:04:28.502672Z,shot_hit,3,986,707,1040,910,968,701,209.64,19.01,220.91,agent,NA,0.083,2.19,113.7,93.3,180.0,121.76,90.0
Negotiation_2,R5,2026-08-10T12:04:28.503207Z,flight_spawn,4,928,-20,1040,910,968,701,936.7,722.27,220.91,system,NA,0.435,2.83,45.0,93.3,180.0,121.76,90.0
Negotiation_2,R5,2026-08-10T12:04:32.846161Z,agent_signal,4,1449,309,1183,903,1261,566,650.73,317.65,346.65,agent,i_can,0.328,1.82,108.9,129.41,180.0,76.24,0.0
Negotiation_2,R5,2026-08-10T12:04:32.862885Z,behavior_monitor,4,1449,309,1183,903,1263,566,650.73,316.77,346.99,system,NA,0.327,1.82,108.9,129.41,180.0,87.67,0.0
Negotiation_2,R5,2026-08-10T12:04:33.368893Z,behavior_monitor,4,1430,356,1117,903,1307,565,629.93,242.22,387.75,system,NA,0.278,1.82,133.05,129.41,180.0,87.67,0.0
Negotiation_2,R5,2026-08-10T12:04:33.877272Z,behavior_monitor,4,1396,401,1144,903,1352,565,562.01,169.98,396.75,system,NA,0.232,1.82,112.5,49.43,0.0,87.67,0.0
Negotiation_2,R5,2026-08-10T12:04:34.385885Z,behavior_monitor,4,1359,439,1129,877,1343,565,493.9,127.19,377.28,system,NA,0.205,1.82,140.08,47.16,-90.0,87.67,180.0
Negotiation_2,R5,2026-08-10T12:04:34.892714Z,behavior_monitor,4,1317,471,1148,842,1300,565,408.04,95.69,316.43,system,NA,0.19,1.82,140.27,105.16,-32.64,87.67,180.0
Negotiation_2,R5,2026-08-10T12:04:35.403049Z,behavior_monitor,4,1286,512,1213,836,1270,565,332.01,55.64,276.54,system,NA,0.144,1.82,140.25,129.41,0.0,87.67,180.0
Negotiation_2,R5,2026-08-10T12:04:35.657980Z,shot_miss,4,1264,531,1244,836,1248,566,305.92,38.18,270.62,agent,NA,0.111,1.82,140.25,99.05,0.0,87.67,180.0
Negotiation_2,R5,2026-08-10T12:04:35.844081Z,shot_hit,4,1250,544,1264,836,1234,566,292.77,27.37,272.34,agent,NA,0.086,1.82,140.25,137.5,0.0,93.15,180.0
Negotiation_2,R5,2026-08-10T12:04:35.844597Z,flight_spawn,5,859,-20,1264,836,1234,566,947.69,695.48,272.34,system,NA,0.423,2.83,135.0,137.5,0.0,93.15,180.0
Negotiation_2,R5,2026-08-10T12:04:42.350301Z,agent_signal,5,128,632,501,899,764,613,458.46,636.25,389.11,agent,your_turn,0.581,2.83,127.13,137.74,154.39,130.47,125.75
Negotiation_2,R5,2026-08-10T12:04:42.367857Z,behavior_monitor,5,128,632,501,899,763,615,458.46,635.0,386.71,system,NA,0.581,2.83,127.13,137.74,154.39,145.19,118.84
Negotiation_2,R5,2026-08-10T12:04:42.870452Z,behavior_monitor,5,78,699,437,910,724,670,416.07,646.79,373.92,system,NA,0.609,2.83,127.13,124.21,180.0,130.47,125.75
Negotiation_2,R5,2026-08-10T12:04:43.381139Z,behavior_monitor,5,28,739,374,910,685,724,385.27,657.46,362.7,system,NA,0.631,1.96,38.77,124.21,180.0,130.47,125.75
Negotiation_2,R5,2026-08-10T12:04:43.769933Z,human_signal,5,71,762,323,911,656,757,292.66,584.66,366.29,human,i_can,0.666,1.96,14.47,124.21,180.0,76.24,180.0
Negotiation_2,R5,2026-08-10T12:04:43.888690Z,behavior_monitor,5,84,765,311,910,647,760,268.75,562.64,367.66,system,NA,0.677,1.96,14.47,124.21,180.0,130.47,125.75
Negotiation_2,R5,2026-08-10T12:04:44.396902Z,behavior_monitor,5,139,789,245,910,608,783,161.02,469.47,384.14,system,NA,0.745,1.96,37.59,129.41,180.0,76.24,180.0
Negotiation_2,R5,2026-08-10T12:04:44.906680Z,behavior_monitor,5,180,831,206,873,570,826,49.39,389.59,366.18,system,NA,0.887,1.96,67.1,133.4,-75.95,130.47,125.75
Negotiation_2,R5,2026-08-10T12:04:45.025260Z,shot_miss,5,180,844,210,857,561,839,32.93,380.56,350.74,human,NA,0.92,1.96,87.38,133.5,-75.78,130.47,125.75
Negotiation_2,R5,2026-08-10T12:04:45.127006Z,human_signal,5,181,856,211,845,553,850,32.55,371.99,341.4,human,i_can,0.92,1.96,87.38,124.86,-90.0,130.47,125.75
Negotiation_2,R5,2026-08-10T12:04:45.128028Z,human_signal,5,181,858,211,844,553,850,32.86,371.92,342.12,human,i_can,0.919,1.96,87.38,87.33,-90.0,130.47,125.75
Negotiation_2,R5,2026-08-10T12:04:45.194917Z,shot_miss,5,181,864,206,845,548,857,31.06,366.35,342.07,human,NA,0.922,1.96,87.38,132.14,161.37,130.47,125.75
Negotiation_2,R5,2026-08-10T12:04:45.382745Z,shot_hit,5,190,883,184,861,534,877,23.04,343.63,349.85,human,NA,0.937,1.96,59.41,136.06,139.98,123.22,125.75
Negotiation_2,R5,2026-08-10T12:04:45.383296Z,flight_spawn,6,554,-20,184,861,534,877,955.99,897.6,349.85,system,NA,0.484,2.83,135.0,136.06,139.98,123.22,125.75
Negotiation_2,R5,2026-08-10T12:04:45.534374Z,human_signal,6,537,-2,168,876,534,877,952.52,879.39,365.78,human,i_can,0.48,2.83,135.0,140.73,136.66,0.0,111.51
Negotiation_2,R5,2026-08-10T12:04:45.534872Z,behavior_monitor,6,537,-2,168,876,534,877,952.52,879.39,365.78,system,NA,0.48,2.83,135.0,140.73,136.66,0.0,111.51
Negotiation_2,R5,2026-08-10T12:04:45.535113Z,human_signal,6,535,0,166,877,534,877,952.09,877.38,367.45,human,i_can,0.48,2.83,135.0,140.73,136.66,0.0,111.51
Negotiation_2,R5,2026-08-10T12:04:46.040381Z,behavior_monitor,6,494,69,146,910,512,846,909.83,777.28,371.81,system,NA,0.461,2.83,111.6,0.0,180.0,130.47,-125.75
Negotiation_2,R5,2026-08-10T12:04:46.548738Z,behavior_monitor,6,430,110,202,910,506,839,831.64,733.23,312.37,system,NA,0.469,2.83,152.43,112.58,0.0,0.0,-125.75
Negotiation_2,R5,2026-08-10T12:04:47.056635Z,behavior_monitor,6,379,169,220,910,477,798,757.04,635.98,279.56,system,NA,0.457,2.83,98.86,72.66,180.0,130.47,-125.75
Negotiation_2,R5,2026-08-10T12:04:47.563883Z,behavior_monitor,6,345,246,190,910,437,743,681.54,506.2,298.11,system,NA,0.426,2.83,125.38,48.15,180.0,138.63,-125.75
Negotiation_2,R5,2026-08-10T12:04:47.946226Z,agent_signal,6,329,312,182,910,423,724,615.66,422.55,304.15,agent,i_can,0.407,2.83,95.04,0.0,180.0,0.0,-125.75
Negotiation_2,R5,2026-08-10T12:04:48.064586Z,behavior_monitor,6,329,329,182,910,413,709,599.27,389.81,305.26,system,NA,0.394,2.83,70.89,0.0,180.0,137.57,-125.54
Negotiation_2,R5,2026-08-10T12:04:48.572900Z,behavior_monitor,6,350,409,212,910,368,647,518.54,238.63,305.03,system,NA,0.315,2.83,72.0,67.54,0.0,150.04,-125.75
Negotiation_2,R5,2026-08-10T12:04:49.078862Z,behavior_monitor,6,371,490,260,910,351,585,433.99,97.33,336.81,system,NA,0.183,2.83,98.15,118.61,0.0,121.76,-90.0
Negotiation_2,R5,2026-08-10T12:04:49.435739Z,shot_hit,6,389,549,307,910,366,566,369.27,28.94,348.13,agent,NA,0.073,2.83,73.0,136.5,0.0,8.35,-118.3
Negotiation_2,R5,2026-08-10T12:04:49.436484Z,flight_spawn,7,738,-20,307,910,366,566,1025.05,695.04,348.13,system,NA,0.404,3.07,130.65,136.5,0.0,8.35,-118.3
Negotiation_2,R5,2026-08-10T12:04:51.538742Z,human_signal,7,541,284,550,910,481,565,625.82,287.56,351.43,human,your_turn,0.315,3.07,144.46,75.9,0.0,0.0,0.0
Negotiation_2,R5,2026-08-10T12:04:51.539427Z,behavior_monitor,7,541,284,550,910,481,565,625.82,287.56,351.43,system,NA,0.315,3.07,144.46,76.33,0.0,0.0,0.0
Negotiation_2,R5,2026-08-10T12:04:51.539794Z,human_signal,7,538,286,551,911,481,565,626.01,285.35,353.56,human,your_turn,0.313,3.07,144.46,76.33,0.0,0.0,0.0
Negotiation_2,R5,2026-08-10T12:04:52.043960Z,behavior_monitor,7,465,331,550,910,465,565,585.06,233.82,355.21,system,NA,0.286,3.07,142.59,123.22,180.0,104.11,-164.95
Negotiation_2,R5,2026-08-10T12:04:52.144370Z,agent_signal,7,448,345,535,910,456,565,571.51,220.14,353.72,agent,i_can,0.278,3.07,121.15,129.41,180.0,87.67,180.0
Negotiation_2,R5,2026-08-10T12:04:52.550468Z,behavior_monitor,7,399,393,484,910,421,565,523.82,173.27,350.74,system,NA,0.249,3.07,141.8,129.41,180.0,87.67,180.0
Negotiation_2,R5,2026-08-10T12:04:53.057226Z,behavior_monitor,7,307,410,418,910,376,565,511.55,169.15,347.42,system,NA,0.248,3.07,169.9,129.41,180.0,87.67,180.0
Negotiation_2,R5,2026-08-10T12:04:53.567885Z,behavior_monitor,7,219,445,352,910,331,565,483.5,164.31,345.49,system,NA,0.254,3.07,146.62,129.41,180.0,87.67,180.0
Negotiation_2,R5,2026-08-10T12:04:54.075180Z,behavior_monitor,7,141,495,286,910,286,565,438.89,160.74,344.8,system,NA,0.268,3.07,146.62,129.41,180.0,87.67,180.0
Negotiation_2,R5,2026-08-10T12:04:54.584226Z,behavior_monitor,7,76,558,220,910,241,564,379.58,165.57,345.67,system,NA,0.304,3.07,145.59,129.41,180.0,87.67,180.0
Negotiation_2,R5,2026-08-10T12:04:54.871750Z,human_signal,7,31,587,181,910,216,581,355.81,184.85,330.76,human,i_can,0.342,3.07,165.99,129.41,180.0,87.67,180.0
Negotiation_2,R5,2026-08-10T12:04:55.091203Z,behavior_monitor,7,31,596,154,910,199,590,337.25,167.86,322.75,system,NA,0.332,1.94,22.59,129.41,180.0,76.24,180.0
Negotiation_2,R5,2026-08-10T12:04:55.449451Z,agent_signal,7,71,611,139,910,172,606,306.53,100.84,305.24,agent,your_turn,0.248,1.94,2.19,119.53,0.0,76.24,180.0
Negotiation_2,R5,2026-08-10T12:04:55.601679Z,behavior_monitor,7,87,613,158,910,160,608,304.59,72.91,301.9,system,NA,0.193,1.94,22.6,126.62,0.0,76.24,180.0
Negotiation_2,R5,2026-08-10T12:04:55.939401Z,shot_hit,7,123,629,203,910,133,624,291.91,10.89,294.23,agent,NA,0.036,1.94,22.6,127.43,0.0,130.47,125.75
Negotiation_2,R5,2026-08-10T12:04:55.940405Z,flight_spawn,8,147,-20,203,910,133,624,931.72,644.45,294.23,system,NA,0.409,3.23,128.22,127.43,0.0,130.47,125.75
Negotiation_2,R5,2026-08-10T12:05:01.350231Z,agent_signal,8,535,323,709,855,357,566,559.01,301.38,455.46,agent,i_can,0.35,2.17,35.97,0.0,180.0,76.24,0.0
Negotiation_2,R5,2026-08-10T12:05:01.366961Z,behavior_monitor,8,535,323,709,855,358,566,559.01,300.5,454.31,system,NA,0.35,2.17,35.97,0.0,180.0,87.67,0.0
Negotiation_2,R5,2026-08-10T12:05:01.875649Z,behavior_monitor,8,591,346,709,855,403,565,522.38,288.96,421.18,system,NA,0.356,2.17,39.05,0.0,180.0,87.67,0.0
Negotiation_2,R5,2026-08-10T12:05:02.380490Z,behavior_monitor,8,629,397,709,855,448,565,464.85,247.36,389.69,system,NA,0.347,2.17,42.05,0.0,180.0,87.67,0.0
Negotiation_2,R5,2026-08-10T12:05:02.888690Z,behavior_monitor,8,656,453,740,877,492,565,432.04,198.46,398.51,system,NA,0.315,2.17,70.88,136.72,24.92,87.67,0.0
Negotiation_2,R5,2026-08-10T12:05:03.394202Z,behavior_monitor,8,680,515,756,906,537,565,398.49,151.4,405.38,system,NA,0.275,2.17,70.88,55.76,90.0,87.67,0.0
Negotiation_2,R5,2026-08-10T12:05:03.647608Z,human_signal,8,689,548,756,910,559,565,368.73,130.8,397.42,human,i_can,0.262,2.17,99.5,0.0,90.0,87.67,0.0
Negotiation_2,R5,2026-08-10T12:05:03.902944Z,behavior_monitor,8,685,578,756,910,579,573,339.32,106.57,380.84,system,NA,0.239,2.17,99.5,0.0,90.0,130.47,54.25
Negotiation_2,R5,2026-08-10T12:05:04.376649Z,agent_signal,8,642,619,702,910,615,612,296.9,27.62,309.73,agent,your_turn,0.085,2.17,148.58,137.5,180.0,81.0,0.0
Negotiation_2,R5,2026-08-10T12:05:04.393270Z,shot_hit,8,640,620,699,910,617,614,295.35,23.7,306.33,agent,NA,0.074,2.17,148.58,123.4,180.0,130.47,54.25
Negotiation_2,R5,2026-08-10T12:05:04.393495Z,flight_spawn,9,763,-20,699,910,617,614,932.23,651.27,306.33,system,NA,0.411,3.41,125.92,123.4,180.0,130.47,54.25
Negotiation_2,R5,2026-08-10T12:05:07.712656Z,agent_signal,9,456,310,495,873,433,567,564.56,257.56,313.0,agent,i_can,0.313,3.41,110.9,135.59,24.68,0.0,0.0
Negotiation_2,R5,2026-08-10T12:05:07.730159Z,behavior_monitor,9,456,310,495,873,433,567,564.56,257.56,313.0,system,NA,0.313,3.41,110.9,134.96,22.89,0.0,0.0
Negotiation_2,R5,2026-08-10T12:05:08.237711Z,behavior_monitor,9,438,409,560,894,421,564,500.48,156.42,358.1,system,NA,0.238,3.41,87.66,134.84,16.32,0.0,180.0
Negotiation_2,R5,2026-08-10T12:05:08.749484Z,behavior_monitor,9,437,511,626,910,420,565,440.9,56.26,401.41,system,NA,0.113,3.41,87.66,129.41,0.0,0.0,15.03
Negotiation_2,R5,2026-08-10T12:05:08.884926Z,shot_hit,9,441,542,646,910,420,565,420.91,30.99,411.92,agent,NA,0.069,3.41,87.66,129.41,0.0,0.0,15.03
Negotiation_2,R5,2026-08-10T12:05:08.885527Z,flight_spawn,10,577,-20,646,910,420,565,932.52,606.13,411.92,system,NA,0.394,2.83,135.0,129.41,0.0,0.0,15.03
Negotiation_2,R5,2026-08-10T12:05:14.382246Z,agent_signal,10,137,308,468,861,120,566,644.62,258.69,455.72,agent,i_can,0.286,1.82,128.96,0.0,180.0,76.24,180.0
Negotiation_2,R5,2026-08-10T12:05:14.399250Z,behavior_monitor,10,137,308,468,861,120,566,644.62,258.81,455.75,system,NA,0.286,1.82,128.96,0.0,180.0,9.56,140.69
Negotiation_2,R5,2026-08-10T12:05:14.904496Z,behavior_monitor,10,96,341,468,861,80,566,639.62,226.03,487.34,system,NA,0.261,1.82,154.56,0.0,180.0,87.67,180.0
Negotiation_2,R5,2026-08-10T12:05:15.412194Z,behavior_monitor,10,47,368,468,861,35,567,647.63,198.53,523.22,system,NA,0.235,1.82,128.7,0.0,180.0,87.67,180.0
Negotiation_2,R5,2026-08-10T12:05:15.920555Z,behavior_monitor,10,21,411,459,861,20,566,627.76,155.23,528.99,system,NA,0.198,1.57,64.33,116.92,180.0,0.0,-90.0
Negotiation_2,R5,2026-08-10T12:05:16.430342Z,behavior_monitor,10,27,448,393,880,20,565,566.36,117.39,488.62,system,NA,0.172,1.27,56.43,136.23,161.8,0.0,90.0
Negotiation_2,R5,2026-08-10T12:05:16.940260Z,behavior_monitor,10,43,481,354,897,23,565,519.53,86.46,469.22,system,NA,0.143,1.27,105.84,0.0,90.0,0.0,0.0
Negotiation_2,R5,2026-08-10T12:05:17.447412Z,behavior_monitor,10,26,513,302,890,20,565,467.15,52.4,430.43,system,NA,0.101,1.27,127.12,129.41,180.0,0.0,180.0
Negotiation_2,R5,2026-08-10T12:05:17.633339Z,shot_miss,10,25,521,281,890,20,565,448.98,43.89,417.15,agent,NA,0.089,0.93,21.14,50.09,180.0,0.0,180.0
Negotiation_2,R5,2026-08-10T12:05:17.871988Z,shot_miss,10,38,526,263,890,20,564,427.96,42.9,406.5,agent,NA,0.091,0.93,27.5,129.41,180.0,0.0,-90.0
Negotiation_2,R5,2026-08-10T12:05:17.956358Z,behavior_monitor,10,40,527,255,890,20,565,420.85,42.54,400.66,system,NA,0.092,0.93,27.5,129.41,180.0,0.0,49.08
Negotiation_2,R5,2026-08-10T12:05:18.161344Z,shot_miss,10,51,533,243,890,28,565,404.85,39.92,389.24,agent,NA,0.09,0.93,27.5,0.0,180.0,87.67,0.0
Negotiation_2,R5,2026-08-10T12:05:18.462414Z,behavior_monitor,10,67,540,259,885,44,566,394.51,34.39,385.21,system,NA,0.08,0.93,27.5,102.66,-20.63,0.0,0.0
Negotiation_2,R5,2026-08-10T12:05:18.970120Z,behavior_monitor,10,91,553,313,868,67,566,385.38,26.47,389.14,system,NA,0.064,0.93,1.03,111.92,-17.2,87.67,0.0
Negotiation_2,R5,2026-08-10T12:05:19.918941Z,shot_hit,10,139,570,294,873,115,565,340.32,24.38,355.87,agent,NA,0.067,0.93,26.33,114.68,0.0,0.0,0.0
Negotiation_2,R5,2026-08-10T12:05:19.919550Z,flight_spawn,11,1006,-20,294,873,115,565,1142.16,1066.52,355.87,system,NA,0.483,3.38,53.72,114.68,0.0,0.0,0.0
Negotiation_2,R5,2026-08-10T12:05:22.766216Z,agent_signal,11,1075,492,613,910,312,564,622.98,766.94,457.88,agent,your_turn,0.552,3.38,103.19,129.41,0.0,92.0,2.09
Negotiation_2,R5,2026-08-10T12:05:22.782468Z,behavior_monitor,11,1075,492,613,910,313,564,622.98,765.65,457.02,system,NA,0.551,3.38,103.19,129.41,0.0,76.24,0.0
Negotiation_2,R5,2026-08-10T12:05:23.288253Z,behavior_monitor,11,1117,578,679,910,352,571,549.8,765.4,470.45,system,NA,0.582,3.38,28.38,129.41,0.0,130.47,54.25
Negotiation_2,R5,2026-08-10T12:05:23.797983Z,behavior_monitor,11,1180,652,745,910,391,625,505.96,789.96,454.04,system,NA,0.61,3.38,56.68,129.41,0.0,130.47,54.25
Negotiation_2,R5,2026-08-10T12:05:24.306386Z,behavior_monitor,11,1201,749,811,910,430,679,421.64,773.92,445.28,system,NA,0.647,3.38,109.54,129.41,0.0,130.47,54.25
Negotiation_2,R5,2026-08-10T12:05:24.815642Z,behavior_monitor,11,1192,844,877,910,469,732,321.76,731.98,445.01,system,NA,0.695,3.38,65.51,129.41,0.0,130.47,54.25
Negotiation_2,R5,2026-08-10T12:05:25.323338Z,behavior_monitor,11,1243,930,943,910,507,786,300.68,749.3,452.54,system,NA,0.714,3.38,47.28,129.41,0.0,130.47,54.25
Negotiation_2,R5,2026-08-10T12:05:25.459366Z,flight_missed,11,1261,954,963,910,519,803,301.84,757.45,456.31,system,NA,0.715,3.38,71.9,137.5,0.0,138.63,54.25
Negotiation_2,R5,2026-08-10T12:05:25.460536Z,flight_spawn,12,626,-20,963,910,519,803,988.88,830.07,456.31,system,NA,0.456,3.0,48.27,137.5,0.0,138.63,54.25
Negotiation_2,R5,2026-08-10T12:05:29.621168Z,human_signal,12,1196,381,1160,827,812,563,447.77,425.58,437.16,human,your_turn,0.487,3.0,31.89,38.65,0.0,76.24,0.0
Negotiation_2,R5,2026-08-10T12:05:29.622715Z,behavior_monitor,12,1196,381,1160,827,812,563,447.77,425.58,437.16,system,NA,0.487,3.0,31.89,41.06,0.0,81.0,0.0
Negotiation_2,R5,2026-08-10T12:05:29.623113Z,human_signal,12,1198,382,1161,827,812,563,446.28,426.51,437.69,human,your_turn,0.489,3.0,31.89,41.06,0.0,81.0,0.0
Negotiation_2,R5,2026-08-10T12:05:30.130935Z,behavior_monitor,12,1278,421,1212,827,856,563,411.12,445.09,443.04,system,NA,0.52,3.0,34.69,129.41,0.0,87.67,0.0
Negotiation_2,R5,2026-08-10T12:05:30.606541Z,agent_signal,12,1359,451,1276,827,898,564,385.29,474.97,461.03,agent,your_turn,0.552,3.0,12.32,129.41,0.0,87.67,0.0
Negotiation_2,R5,2026-08-10T12:05:30.640600Z,behavior_monitor,12,1362,451,1278,827,900,564,384.79,475.01,460.71,system,NA,0.552,3.0,12.32,129.41,0.0,76.24,0.0
Negotiation_2,R5,2026-08-10T12:05:30.844979Z,human_signal,12,1399,460,1307,827,916,564,378.58,493.94,471.48,human,i_can,0.566,3.0,12.32,129.41,0.0,76.24,0.0
Negotiation_2,R5,2026-08-10T12:05:31.148561Z,behavior_monitor,12,1442,487,1344,827,940,563,353.44,507.94,482.41,system,NA,0.59,3.0,37.89,117.41,0.0,76.24,0.0
Negotiation_2,R5,2026-08-10T12:05:31.654486Z,behavior_monitor,12,1399,521,1366,789,975,563,269.64,425.91,451.42,system,NA,0.612,2.33,133.35,94.4,-111.34,0.0,0.0
Negotiation_2,R5,2026-08-10T12:05:32.162105Z,behavior_monitor,12,1353,572,1319,740,989,567,171.65,363.26,372.89,system,NA,0.679,2.33,133.35,141.36,-137.46,130.47,54.25
Negotiation_2,R5,2026-08-10T12:05:32.668535Z,behavior_monitor,12,1307,622,1309,692,1028,617,69.84,278.63,290.57,system,NA,0.8,2.33,132.48,110.55,-56.12,130.47,54.25
Negotiation_2,R5,2026-08-10T12:05:32.770366Z,shot_miss,12,1301,634,1315,683,1036,628,50.19,265.61,284.32,human,NA,0.841,2.33,88.17,114.27,-56.77,130.47,54.25
Negotiation_2,R5,2026-08-10T12:05:32.957513Z,shot_hit,12,1301,659,1301,681,1050,647,21.31,252.14,253.7,human,NA,0.922,2.33,83.35,138.66,158.95,130.47,54.25
Negotiation_2,R5,2026-08-10T12:05:32.958038Z,flight_spawn,13,749,-20,1301,681,1050,647,892.69,732.11,253.7,system,NA,0.451,3.4,53.93,138.66,158.95,130.47,54.25
Negotiation_2,R5,2026-08-10T12:05:34.895680Z,agent_signal,13,955,311,1116,849,930,566,561.51,256.29,338.58,agent,i_can,0.313,3.4,34.46,140.79,153.37,0.0,-23.99
Negotiation_2,R5,2026-08-10T12:05:34.912492Z,behavior_monitor,13,955,311,1116,849,931,566,561.51,256.15,337.76,system,NA,0.313,3.4,34.46,140.73,153.42,87.67,0.0
Negotiation_2,R5,2026-08-10T12:05:35.417461Z,behavior_monitor,13,1039,363,1051,881,976,566,518.46,212.78,323.59,system,NA,0.291,3.4,12.97,140.52,153.04,87.67,0.0
Negotiation_2,R5,2026-08-10T12:05:35.921039Z,behavior_monitor,13,1136,386,1088,910,1021,566,526.19,214.18,349.78,system,NA,0.289,3.4,12.97,137.5,0.0,93.15,0.0
Negotiation_2,R5,2026-08-10T12:05:36.425993Z,behavior_monitor,13,1225,428,1154,910,1066,566,486.66,210.76,354.1,system,NA,0.302,3.4,35.87,129.41,0.0,87.67,0.0
Negotiation_2,R5,2026-08-10T12:05:36.934995Z,behavior_monitor,13,1304,488,1220,910,1111,566,430.01,208.02,360.4,system,NA,0.326,3.4,35.87,129.41,0.0,87.67,0.0
Negotiation_2,R5,2026-08-10T12:05:37.188299Z,human_signal,13,1348,517,1255,910,1134,566,403.14,219.7,364.02,human,i_can,0.353,3.4,16.32,137.5,0.0,93.15,0.0
Negotiation_2,R5,2026-08-10T12:05:37.442083Z,behavior_monitor,13,1392,523,1286,910,1153,566,400.35,242.31,367.96,system,NA,0.377,3.4,4.0,129.41,0.0,76.24,0.0
Negotiation_2,R5,2026-08-10T12:05:37.931137Z,agent_signal,13,1428,547,1350,910,1191,567,370.87,237.84,377.61,agent,your_turn,0.391,2.31,144.27,127.88,0.0,76.24,0.0
Negotiation_2,R5,2026-08-10T12:05:37.947735Z,behavior_monitor,13,1428,547,1352,910,1193,567,370.41,236.55,377.97,system,NA,0.39,2.31,144.27,126.65,0.0,76.24,0.0
Negotiation_2,R5,2026-08-10T12:05:38.454401Z,behavior_monitor,13,1373,587,1365,910,1232,583,322.11,141.07,352.94,system,NA,0.305,2.31,144.27,129.41,180.0,130.47,54.25
Negotiation_2,R5,2026-08-10T12:05:38.961951Z,behavior_monitor,13,1357,651,1322,910,1270,635,260.68,87.74,279.13,system,NA,0.252,2.31,53.0,0.0,180.0,130.47,54.25
Negotiation_2,R5,2026-08-10T12:05:39.466319Z,behavior_monitor,13,1414,689,1379,910,1310,684,223.09,104.15,236.28,system,NA,0.318,2.31,21.24,129.41,0.0,94.53,0.47
Negotiation_2,R5,2026-08-10T12:05:39.973547Z,behavior_monitor,13,1429,693,1445,910,1349,687,216.83,81.06,242.22,system,NA,0.272,1.38,153.98,122.06,0.0,76.24,0.0
Negotiation_2,R5,2026-08-10T12:05:40.396989Z,shot_hit,13,1405,718,1437,910,1382,712,193.99,24.04,204.77,agent,NA,0.11,1.38,156.07,129.41,180.0,130.47,54.25
Negotiation_2,R5,2026-08-10T12:05:40.397889Z,flight_spawn,14,418,-20,1437,910,1382,712,1378.95,1210.46,204.77,system,NA,0.467,2.83,135.0,129.41,180.0,130.47,54.25
Negotiation_2,R5,2026-08-10T12:05:45.326881Z,agent_signal,14,30,494,799,910,1098,566,874.26,1070.83,455.77,agent,your_turn,0.551,1.92,138.59,129.41,180.0,76.24,180.0
Negotiation_2,R5,2026-08-10T12:05:45.343393Z,behavior_monitor,14,30,494,799,910,1097,566,874.26,1069.53,454.92,system,NA,0.55,1.92,138.59,129.41,180.0,76.24,180.0
Negotiation_2,R5,2026-08-10T12:05:45.850828Z,behavior_monitor,14,40,531,733,910,1058,565,790.01,1019.14,473.45,system,NA,0.563,1.53,40.05,129.41,180.0,76.24,180.0
Negotiation_2,R5,2026-08-10T12:05:46.354915Z,behavior_monitor,14,76,561,667,910,1019,565,686.39,943.41,492.52,system,NA,0.579,1.53,40.05,129.41,180.0,76.24,180.0
Negotiation_2,R5,2026-08-10T12:05:46.860531Z,behavior_monitor,14,111,585,601,910,980,580,587.58,869.52,502.71,system,NA,0.597,1.53,62.3,129.41,180.0,76.24,180.0
Negotiation_2,R5,2026-08-10T12:05:47.363238Z,behavior_monitor,14,143,614,535,910,942,609,491.18,798.84,505.83,system,NA,0.619,1.53,36.98,129.41,180.0,76.24,180.0
Negotiation_2,R5,2026-08-10T12:05:47.749031Z,human_signal,14,167,639,482,910,912,632,415.33,744.94,511.51,human,i_can,0.642,1.53,38.03,137.5,180.0,81.0,180.0
Negotiation_2,R5,2026-08-10T12:05:47.864542Z,behavior_monitor,14,175,645,469,910,903,639,395.97,728.26,511.15,system,NA,0.648,1.53,38.03,129.41,180.0,130.47,125.75
Negotiation_2,R5,2026-08-10T12:05:48.375330Z,behavior_monitor,14,182,686,403,910,865,681,314.04,682.92,515.18,system,NA,0.685,1.53,111.89,129.41,180.0,130.47,125.75
Negotiation_2,R5,2026-08-10T12:05:48.885702Z,behavior_monitor,14,179,731,337,910,826,726,238.19,647.13,522.43,system,NA,0.731,1.53,85.55,129.41,180.0,130.47,125.75
Negotiation_2,R5,2026-08-10T12:05:49.393165Z,behavior_monitor,14,186,775,271,910,787,769,158.92,600.43,534.5,system,NA,0.791,1.53,91.26,129.41,180.0,130.47,125.75
Negotiation_2,R5,2026-08-10T12:05:49.902909Z,behavior_monitor,14,183,819,205,910,748,814,92.95,564.66,551.2,system,NA,0.859,1.53,69.33,129.41,180.0,130.47,125.75
Negotiation_2,R5,2026-08-10T12:05:50.124879Z,shot_miss,14,192,838,190,906,731,832,68.29,539.04,546.09,human,NA,0.888,1.53,69.33,109.52,-21.63,72.0,180.0
Negotiation_2,R5,2026-08-10T12:05:50.328886Z,shot_miss,14,193,855,216,896,716,850,47.48,523.03,501.24,human,NA,0.917,1.53,116.12,139.14,-21.56,130.47,125.75
Negotiation_2,R5,2026-08-10T12:05:50.412641Z,behavior_monitor,14,188,862,227,892,709,858,49.76,521.52,482.88,system,NA,0.913,1.53,116.12,138.79,-21.19,130.47,125.75
Negotiation_2,R5,2026-08-10T12:05:50.446338Z,shot_miss,14,186,865,232,891,706,859,52.77,520.36,475.66,human,NA,0.908,1.53,116.12,137.02,-19.18,84.9,-166.34
Negotiation_2,R5,2026-08-10T12:05:50.462609Z,human_signal,14,185,866,233,891,705,861,54.29,519.87,472.58,human,i_can,0.905,1.53,116.12,136.72,0.0,138.63,125.75
Negotiation_2,R5,2026-08-10T12:05:50.463147Z,human_signal,14,184,867,234,892,705,861,55.73,521.15,471.87,human,i_can,0.903,1.53,116.12,98.64,0.0,130.47,125.75
Negotiation_2,R5,2026-08-10T12:05:50.633516Z,shot_miss,14,179,880,220,902,692,876,46.91,513.67,472.98,human,NA,0.916,1.53,116.12,140.96,148.6,130.47,125.75
Negotiation_2,R5,2026-08-10T12:05:50.904180Z,shot_hit,14,176,904,188,910,672,899,13.02,495.47,483.94,human,NA,0.974,1.53,90.91,118.26,180.0,130.47,125.75
Negotiation_2,R5,2026-08-10T12:05:50.904811Z,flight_spawn,15,892,-20,188,910,672,899,1166.47,945.18,483.94,system,NA,0.448,2.86,134.31,118.26,180.0,130.47,125.75
Negotiation_2,R5,2026-08-10T12:05:54.622780Z,agent_signal,15,458,310,356,910,553,574,608.31,281.02,389.01,agent,i_can,0.316,2.86,105.95,108.23,180.0,130.47,-125.75
Negotiation_2,R5,2026-08-10T12:05:54.640471Z,behavior_monitor,15,458,310,356,910,552,572,608.31,278.98,390.0,system,NA,0.314,2.86,105.95,108.23,180.0,122.16,-121.2
Negotiation_2,R5,2026-08-10T12:05:55.147609Z,behavior_monitor,15,447,393,363,910,508,566,523.34,184.0,372.39,system,NA,0.26,2.86,87.04,69.9,0.0,67.55,156.74
Negotiation_2,R5,2026-08-10T12:05:55.655029Z,behavior_monitor,15,489,469,410,910,469,565,448.02,98.57,349.54,system,NA,0.18,2.86,60.66,109.3,0.0,0.0,180.0
Negotiation_2,R5,2026-08-10T12:05:56.164035Z,behavior_monitor,15,526,545,472,910,504,565,368.38,30.02,346.34,system,NA,0.075,2.86,87.11,122.37,0.0,87.67,0.0
Negotiation_2,R5,2026-08-10T12:05:56.249296Z,shot_hit,15,529,562,484,910,507,565,350.06,22.92,345.6,agent,NA,0.061,2.86,87.11,122.37,0.0,0.0,0.0
Negotiation_2,R5,2026-08-10T12:05:56.250365Z,flight_spawn,16,230,-20,484,910,507,565,964.25,647.39,345.6,system,NA,0.402,3.26,127.79,122.37,0.0,0.0,0.0
Negotiation_2,R5,2026-08-10T12:05:58.904609Z,agent_signal,16,45,319,287,910,355,565,638.28,395.85,351.51,agent,i_can,0.383,2.52,78.22,119.3,180.0,76.24,180.0
Negotiation_2,R5,2026-08-10T12:05:58.921364Z,behavior_monitor,16,45,319,287,910,354,565,638.28,394.69,351.23,system,NA,0.382,2.52,78.22,119.3,180.0,87.67,180.0
Negotiation_2,R5,2026-08-10T12:05:59.431343Z,behavior_monitor,16,22,384,229,910,309,565,565.45,339.59,353.75,system,NA,0.375,2.12,61.51,90.89,180.0,82.8,180.0
Negotiation_2,R5,2026-08-10T12:05:59.941210Z,behavior_monitor,16,25,444,191,910,265,565,494.03,268.34,352.2,system,NA,0.352,2.12,78.67,0.0,180.0,87.67,180.0
Negotiation_2,R5,2026-08-10T12:06:00.448036Z,behavior_monitor,16,37,506,195,910,220,565,433.53,192.7,345.08,system,NA,0.308,2.12,72.01,0.0,0.0,87.67,180.0
Negotiation_2,R5,2026-08-10T12:06:00.956243Z,behavior_monitor,16,65,559,148,910,175,566,360.43,110.2,344.73,system,NA,0.234,2.12,17.73,111.23,180.0,87.67,180.0
Negotiation_2,R5,2026-08-10T12:06:01.394250Z,shot_miss,16,99,604,127,910,135,599,307.16,36.06,310.8,agent,NA,0.105,2.12,63.26,101.16,0.0,159.42,125.75
Negotiation_2,R5,2026-08-10T12:06:01.461585Z,behavior_monitor,16,103,609,132,910,130,605,301.63,28.17,304.54,system,NA,0.085,2.12,63.26,99.84,0.0,150.04,125.75
Negotiation_2,R5,2026-08-10T12:06:01.614170Z,shot_hit,16,110,628,150,910,115,624,284.09,7.54,287.99,agent,NA,0.026,2.12,63.26,105.74,0.0,150.04,125.75
Negotiation_2,R5,2026-08-10T12:06:01.614843Z,flight_spawn,17,1283,-20,150,910,115,624,1465.61,1333.25,287.99,system,NA,0.476,3.01,131.7,105.74,0.0,150.04,125.75
Negotiation_2,R5,2026-08-10T12:06:05.171064Z,human_signal,17,1346,408,602,910,365,564,897.51,992.85,418.29,human,i_can,0.525,2.14,155.74,129.41,0.0,76.24,0.0
Negotiation_2,R5,2026-08-10T12:06:05.187600Z,behavior_monitor,17,1346,408,602,910,367,564,897.51,991.27,417.59,system,NA,0.525,2.14,155.74,129.41,0.0,93.34,-7.97
Negotiation_2,R5,2026-08-10T12:06:05.693708Z,behavior_monitor,17,1302,457,668,910,406,564,779.05,902.32,433.4,system,NA,0.537,2.14,129.04,129.41,0.0,76.24,0.0
Negotiation_2,R5,2026-08-10T12:06:06.203403Z,behavior_monitor,17,1259,507,734,910,431,564,661.52,829.63,459.08,system,NA,0.556,2.14,129.04,129.41,0.0,0.0,0.0
Negotiation_2,R5,2026-08-10T12:06:06.681819Z,agent_signal,17,1250,567,797,910,461,564,567.99,789.58,482.19,agent,your_turn,0.582,2.14,75.17,129.41,0.0,76.24,0.0
Negotiation_2,R5,2026-08-10T12:06:06.716023Z,behavior_monitor,17,1251,569,800,910,463,564,565.29,787.38,481.91,system,NA,0.582,2.14,75.17,129.41,0.0,76.24,0.0
Negotiation_2,R5,2026-08-10T12:06:07.224010Z,behavior_monitor,17,1287,621,866,910,502,615,510.93,785.06,467.96,system,NA,0.606,2.14,3.77,129.41,0.0,76.24,0.0
Negotiation_2,R5,2026-08-10T12:06:07.729035Z,behavior_monitor,17,1357,625,932,910,541,620,511.65,815.91,486.09,system,NA,0.615,2.14,3.77,129.41,0.0,76.24,0.0
Negotiation_2,R5,2026-08-10T12:06:08.238546Z,behavior_monitor,17,1415,645,998,910,580,640,494.52,835.08,496.98,system,NA,0.628,2.14,33.35,129.41,0.0,130.47,54.25
Negotiation_2,R5,2026-08-10T12:06:08.746332Z,behavior_monitor,17,1440,680,1064,910,619,676,440.61,820.48,502.06,system,NA,0.651,1.59,132.36,129.41,0.0,130.47,54.25
Negotiation_2,R5,2026-08-10T12:06:09.256826Z,behavior_monitor,17,1419,719,1130,910,658,714,346.11,760.66,510.39,system,NA,0.687,1.59,81.39,137.5,0.0,138.63,54.25
Negotiation_2,R5,2026-08-10T12:06:09.762202Z,behavior_monitor,17,1445,742,1196,910,697,736,300.68,748.07,528.04,system,NA,0.713,1.07,145.25,129.41,0.0,76.24,0.0
Negotiation_2,R5,2026-08-10T12:06:10.270698Z,behavior_monitor,17,1425,768,1262,910,736,763,216.53,689.25,545.85,system,NA,0.761,1.07,118.89,129.41,0.0,130.47,54.25
Negotiation_2,R5,2026-08-10T12:06:10.777816Z,behavior_monitor,17,1414,798,1328,910,774,793,140.97,639.87,565.63,system,NA,0.819,1.07,70.74,137.5,0.0,138.63,54.25
Negotiation_2,R5,2026-08-10T12:06:11.282822Z,behavior_monitor,17,1410,830,1386,908,813,823,81.56,597.88,579.86,system,NA,0.88,1.07,97.97,0.0,-35.9,61.87,-29.0
Negotiation_2,R5,2026-08-10T12:06:11.758467Z,shot_miss,17,1419,856,1395,908,849,851,56.62,570.45,549.2,human,NA,0.91,1.07,69.1,129.41,0.0,130.47,54.25
Negotiation_2,R5,2026-08-10T12:06:11.960800Z,shot_miss,17,1428,866,1421,908,864,861,42.0,563.75,558.84,human,NA,0.931,1.07,47.68,127.36,0.0,76.24,0.0
Negotiation_2,R5,2026-08-10T12:06:12.093846Z,shot_miss,17,1433,873,1437,910,874,867,37.13,559.54,565.03,human,NA,0.938,1.07,47.68,124.05,12.84,81.0,0.0
Negotiation_2,R5,2026-08-10T12:06:12.262954Z,shot_miss,17,1441,881,1449,910,874,867,30.1,567.44,577.0,human,NA,0.95,1.07,47.68,64.18,0.0,0.0,0.0
Negotiation_2,R5,2026-08-10T12:06:12.399397Z,shot_hit,17,1445,887,1450,910,874,867,23.01,571.91,577.35,human,NA,0.961,1.07,47.68,0.0,0.0,0.0,0.0
Negotiation_2,R5,2026-08-10T12:06:12.400470Z,flight_spawn,18,680,-20,1450,910,874,867,1207.38,908.1,577.35,system,NA,0.429,3.21,51.49,0.0,0.0,0.0,0.0
Negotiation_2,R5,2026-08-10T12:06:15.541789Z,agent_signal,18,1098,316,1294,860,988,572,577.82,278.7,419.96,agent,i_can,0.325,3.21,6.76,0.0,180.0,130.47,-54.25
Negotiation_2,R5,2026-08-10T12:06:15.558860Z,behavior_monitor,18,1098,316,1294,860,990,570,577.82,276.21,420.3,system,NA,0.323,3.21,6.76,0.0,180.0,150.04,-54.25
Negotiation_2,R5,2026-08-10T12:06:16.065293Z,behavior_monitor,18,1191,339,1294,860,1034,565,530.89,274.26,393.24,system,NA,0.341,3.21,15.58,0.0,180.0,82.8,0.0
Negotiation_2,R5,2026-08-10T12:06:16.573262Z,behavior_monitor,18,1275,380,1344,865,1079,565,490.19,269.32,399.94,system,NA,0.355,3.21,10.26,129.41,0.0,87.67,0.0
Negotiation_2,R5,2026-08-10T12:06:17.083517Z,behavior_monitor,18,1358,422,1362,871,1124,565,449.68,274.3,387.84,system,NA,0.379,3.21,42.01,81.83,45.15,87.67,0.0
Negotiation_2,R5,2026-08-10T12:06:17.593447Z,behavior_monitor,18,1384,508,1386,910,1169,566,401.79,222.45,406.79,system,NA,0.356,3.21,90.63,0.0,90.0,87.67,0.0
Negotiation_2,R5,2026-08-10T12:06:18.014976Z,human_signal,18,1390,590,1366,910,1206,578,320.94,184.32,368.3,human,i_can,0.365,3.21,70.32,42.49,180.0,150.04,54.25
Negotiation_2,R5,2026-08-10T12:06:18.097826Z,behavior_monitor,18,1396,602,1363,910,1213,587,309.08,183.26,355.57,system,NA,0.372,3.21,70.32,39.88,180.0,142.04,42.13
Negotiation_2,R5,2026-08-10T12:06:18.604685Z,behavior_monitor,18,1443,683,1398,910,1252,641,230.56,195.15,305.61,system,NA,0.458,3.21,48.91,120.07,0.0,130.47,54.25
Negotiation_2,R5,2026-08-10T12:06:18.792665Z,agent_signal,18,1445,714,1421,910,1266,661,196.6,186.73,292.31,agent,your_turn,0.487,2.73,94.45,121.41,0.0,130.47,54.25
Negotiation_2,R5,2026-08-10T12:06:19.114905Z,behavior_monitor,18,1442,764,1445,910,1290,695,146.02,166.19,264.48,system,NA,0.532,2.73,94.45,45.92,180.0,130.47,54.25
Negotiation_2,R5,2026-08-10T12:06:19.553931Z,shot_miss,18,1441,826,1441,910,1324,742,83.06,144.2,204.49,human,NA,0.635,2.24,121.64,32.63,0.0,130.47,54.25
Negotiation_2,R5,2026-08-10T12:06:19.621004Z,behavior_monitor,18,1436,834,1443,910,1329,749,75.78,136.62,196.99,system,NA,0.643,2.24,121.64,35.2,0.0,130.47,54.25
Negotiation_2,R5,2026-08-10T12:06:19.824935Z,shot_miss,18,1421,857,1450,910,1345,770,59.85,115.06,173.95,human,NA,0.658,2.24,121.64,0.0,0.0,130.47,54.25
Negotiation_2,R5,2026-08-10T12:06:19.994805Z,shot_miss,18,1409,876,1450,910,1358,788,52.85,101.19,151.78,human,NA,0.657,2.24,121.64,0.0,0.0,130.47,54.25
Negotiation_2,R5,2026-08-10T12:06:20.129168Z,shot_miss,18,1398,891,1444,910,1368,803,48.8,93.43,130.57,human,NA,0.657,2.24,121.64,73.56,180.0,130.47,54.25
Negotiation_2,R5,2026-08-10T12:06:20.129792Z,behavior_monitor,18,1398,891,1444,910,1368,803,48.8,93.43,130.57,system,NA,0.657,2.24,121.64,73.56,180.0,130.47,54.25
Negotiation_2,R5,2026-08-10T12:06:20.265218Z,shot_miss,18,1388,907,1432,910,1371,817,43.27,91.04,110.43,human,NA,0.678,2.24,121.64,93.53,180.0,105.88,90.0
Negotiation_2,R5,2026-08-10T12:06:20.384515Z,shot_miss,18,1381,918,1420,910,1365,830,39.46,90.26,96.95,human,NA,0.696,2.24,147.42,101.84,180.0,130.47,125.75
Negotiation_2,R5,2026-08-10T12:06:20.536169Z,shot_miss,18,1366,929,1404,910,1353,846,42.83,84.8,81.88,human,NA,0.664,2.24,119.62,106.39,180.0,130.47,125.75
Negotiation_2,R5,2026-08-10T12:06:20.552820Z,conflict,18,1364,933,1400,910,1350,849,42.91,85.27,78.43,system,NA,0.665,2.24,119.62,106.98,180.0,130.47,125.75
Negotiation_2,R5,2026-08-10T12:06:20.638008Z,behavior_monitor,18,1359,941,1400,910,1350,849,52.01,92.26,78.43,system,NA,0.64,2.24,119.62,0.0,180.0,0.0,125.75
Negotiation_2,R5,2026-08-10T12:06:21.063470Z,flight_missed,18,1309,964,1399,910,1349,851,105.0,119.77,77.29,system,NA,0.533,2.24,171.9,0.0,180.0,0.0,125.75
Negotiation_2,R5,2026-08-10T12:06:21.063967Z,flight_spawn,19,1168,-20,1399,910,1349,851,958.23,889.92,77.29,system,NA,0.482,3.19,128.8,0.0,180.0,0.0,125.75
Negotiation_2,R5,2026-08-10T12:06:27.196063Z,human_signal,19,501,533,710,910,906,566,430.75,405.89,395.23,human,i_can,0.485,3.19,31.51,129.41,180.0,76.24,180.0
Negotiation_2,R5,2026-08-10T12:06:27.213086Z,behavior_monitor,19,501,533,710,910,904,566,430.75,404.6,394.59,system,NA,0.484,3.19,31.51,129.41,180.0,76.24,180.0
Negotiation_2,R5,2026-08-10T12:06:27.720471Z,behavior_monitor,19,578,583,653,891,865,579,317.0,286.94,377.68,system,NA,0.475,3.19,31.51,70.93,-90.0,130.47,125.75
Negotiation_2,R5,2026-08-10T12:06:28.229524Z,behavior_monitor,19,659,633,678,837,826,628,204.64,166.55,256.15,system,NA,0.449,3.19,55.76,129.41,0.0,130.47,125.75
Negotiation_2,R5,2026-08-10T12:06:28.246866Z,agent_signal,19,663,638,682,837,825,630,199.46,161.72,251.42,agent,i_can,0.448,3.19,55.76,129.41,0.0,130.47,125.75
Negotiation_2,R5,2026-08-10T12:06:28.736068Z,behavior_monitor,19,723,700,735,868,781,690,167.92,58.75,184.13,system,NA,0.259,3.19,5.53,139.12,46.67,159.42,125.75
Negotiation_2,R5,2026-08-10T12:06:28.922286Z,shot_hit,19,760,704,752,888,763,700,184.21,4.85,188.38,agent,NA,0.026,3.19,5.53,129.16,51.45,87.67,180.0
Negotiation_2,R5,2026-08-10T12:06:28.922874Z,flight_spawn,20,77,-20,752,888,763,700,1131.6,994.75,188.38,system,NA,0.468,3.43,54.34,129.16,51.45,87.67,180.0
Negotiation_2,R5,2026-08-10T12:06:32.355228Z,agent_signal,20,572,345,876,893,584,566,625.62,220.58,438.31,agent,i_can,0.261,3.43,87.9,129.41,180.0,76.24,180.0
Negotiation_2,R5,2026-08-10T12:06:32.371565Z,behavior_monitor,20,572,345,876,893,582,566,625.62,220.51,439.3,system,NA,0.261,3.43,87.9,129.41,180.0,87.67,180.0
Negotiation_2,R5,2026-08-10T12:06:32.876696Z,behavior_monitor,20,577,448,837,888,558,566,511.01,118.96,426.37,system,NA,0.189,3.43,87.9,122.37,0.0,0.0,180.0
Negotiation_2,R5,2026-08-10T12:06:33.382685Z,behavior_monitor,20,617,540,876,888,591,565,434.03,36.41,430.72,system,NA,0.077,3.43,32.89,129.41,0.0,87.67,0.0
Negotiation_2,R5,2026-08-10T12:06:33.450401Z,shot_miss,20,633,545,887,888,598,565,427.36,39.89,433.08,agent,NA,0.085,3.43,12.77,137.5,0.0,93.15,0.0
Negotiation_2,R5,2026-08-10T12:06:33.894034Z,behavior_monitor,20,719,559,917,888,636,565,383.97,84.04,427.95,system,NA,0.18,3.43,7.96,129.41,0.0,87.67,0.0
Negotiation_2,R5,2026-08-10T12:06:34.400404Z,behavior_monitor,20,819,573,981,880,680,568,346.95,139.02,433.51,system,NA,0.286,3.43,7.96,124.85,-34.45,82.8,0.0
Negotiation_2,R5,2026-08-10T12:06:34.673559Z,human_signal,20,879,581,1011,857,703,576,305.61,175.94,416.88,human,i_can,0.365,3.43,7.96,139.36,-37.67,93.15,0.0
Negotiation_2,R5,2026-08-10T12:06:34.907671Z,behavior_monitor,20,924,587,1035,839,721,583,274.98,203.08,404.86,system,NA,0.425,3.43,7.96,138.51,-34.1,130.47,54.25
Negotiation_2,R5,2026-08-10T12:06:35.228553Z,agent_signal,20,992,597,1073,813,746,592,230.99,245.98,394.81,agent,your_turn,0.516,3.43,37.23,145.52,-36.41,130.47,54.25
Negotiation_2,R5,2026-08-10T12:06:35.414742Z,behavior_monitor,20,1023,617,1095,797,760,610,193.4,262.33,383.37,system,NA,0.576,3.43,37.23,145.75,-36.53,130.47,54.25
Negotiation_2,R5,2026-08-10T12:06:35.922867Z,behavior_monitor,20,1106,675,1159,782,799,663,119.37,307.03,379.27,system,NA,0.72,3.43,34.17,133.87,14.84,130.47,54.25
Negotiation_2,R5,2026-08-10T12:06:36.432304Z,behavior_monitor,20,1191,733,1205,789,838,717,58.1,353.31,374.21,system,NA,0.859,3.43,34.17,40.24,0.0,138.63,54.25
Negotiation_2,R5,2026-08-10T12:06:36.583975Z,shot_miss,20,1216,746,1206,789,850,734,44.52,366.14,360.48,human,NA,0.892,3.43,37.1,0.0,0.0,130.47,54.25
Negotiation_2,R5,2026-08-10T12:06:36.737326Z,shot_miss,20,1238,765,1207,789,861,750,39.76,376.99,347.88,human,NA,0.905,3.43,37.1,0.0,0.0,130.47,54.25
Negotiation_2,R5,2026-08-10T12:06:36.906995Z,shot_miss,20,1263,785,1229,796,874,768,36.09,389.41,355.71,human,NA,0.915,3.43,37.1,131.83,18.75,130.47,54.25
Negotiation_2,R5,2026-08-10T12:06:36.941169Z,behavior_monitor,20,1269,789,1233,798,877,772,36.73,392.45,357.17,system,NA,0.914,3.43,37.1,131.29,19.17,130.47,54.25
Negotiation_2,R5,2026-08-10T12:06:37.091257Z,shot_miss,20,1293,808,1251,805,888,788,41.33,404.79,363.47,human,NA,0.907,3.43,37.1,131.07,24.29,130.47,54.25
Negotiation_2,R5,2026-08-10T12:06:37.259634Z,shot_miss,20,1320,831,1271,815,901,806,50.92,418.95,370.05,human,NA,0.892,3.43,34.56,131.31,26.28,130.47,54.25
Negotiation_2,R5,2026-08-10T12:06:37.412937Z,shot_miss,20,1339,853,1289,824,913,822,58.0,427.35,376.1,human,NA,0.88,3.43,62.2,131.2,26.58,130.47,54.25
Negotiation_2,R5,2026-08-10T12:06:37.446990Z,behavior_monitor,20,1343,859,1293,826,916,826,59.45,428.1,377.49,system,NA,0.878,3.43,62.2,131.3,26.67,130.47,54.25
Negotiation_2,R5,2026-08-10T12:06:37.598834Z,shot_miss,20,1357,887,1311,835,927,842,68.58,431.34,383.8,human,NA,0.863,3.43,62.2,131.01,26.82,130.47,54.25
Negotiation_2,R5,2026-08-10T12:06:37.953801Z,behavior_monitor,20,1423,907,1353,856,954,880,86.27,469.31,399.47,system,NA,0.845,3.43,8.94,131.61,27.33,130.47,54.25
Negotiation_2,R5,2026-08-10T12:06:38.461740Z,behavior_monitor,20,1405,921,1414,889,993,910,33.3,412.31,421.13,system,NA,0.925,2.1,173.21,136.46,28.15,76.24,0.0
Negotiation_2,R5,2026-08-10T12:06:38.664566Z,shot_miss,20,1378,924,1438,902,1009,910,63.94,369.9,429.71,human,NA,0.853,2.1,173.21,136.79,28.4,76.24,0.0
Negotiation_2,R5,2026-08-10T12:06:38.971418Z,behavior_monitor,20,1340,935,1442,910,1032,910,105.89,308.75,410.6,system,NA,0.745,2.1,148.21,66.29,180.0,76.24,0.0
Negotiation_2,R5,2026-08-10T12:06:39.226325Z,flight_missed,20,1311,952,1420,910,1052,910,116.88,262.01,367.7,system,NA,0.692,2.1,171.59,89.72,180.0,76.24,0.0
Negotiation_2,R6,2026-08-10T12:06:44.912095Z,flight_spawn,1,253,-20,1420,910,1052,910,1492.41,1226.43,367.7,system,NA,0.451,2.83,135.0,0.0,180.0,0.0,0.0
Negotiation_2,R6,2026-08-10T12:06:50.746620Z,agent_signal,1,21,310,828,845,179,566,967.72,300.08,706.91,agent,i_can,0.237,2.43,49.49,137.37,160.4,76.24,180.0
Negotiation_2,R6,2026-08-10T12:06:50.763946Z,behavior_monitor,1,21,310,828,845,177,566,967.72,299.31,708.28,system,NA,0.236,2.43,49.49,137.37,160.4,87.67,180.0
Negotiation_2,R6,2026-08-10T12:06:51.274398Z,behavior_monitor,1,66,366,762,868,132,566,858.55,210.57,698.7,system,NA,0.197,2.43,51.54,137.42,160.35,87.67,180.0
Negotiation_2,R6,2026-08-10T12:06:51.780603Z,behavior_monitor,1,118,408,698,892,95,566,755.7,159.01,685.94,system,NA,0.174,2.43,26.51,65.99,134.15,87.67,0.0
Negotiation_2,R6,2026-08-10T12:06:52.287470Z,behavior_monitor,1,182,429,696,894,140,565,693.79,143.01,646.26,system,NA,0.171,2.43,52.31,0.0,129.98,87.67,0.0
Negotiation_2,R6,2026-08-10T12:06:52.793639Z,behavior_monitor,1,234,475,719,887,185,566,636.32,103.48,623.61,system,NA,0.14,2.43,46.83,0.0,-43.88,93.15,0.0
Negotiation_2,R6,2026-08-10T12:06:53.302987Z,behavior_monitor,1,244,545,762,863,220,565,608.09,31.01,618.24,system,NA,0.049,2.43,74.5,125.11,-18.29,87.67,0.0
Negotiation_2,R6,2026-08-10T12:06:53.353848Z,shot_hit,1,246,554,768,861,222,565,605.55,26.3,621.05,agent,NA,0.042,2.43,74.5,89.76,-22.26,0.0,0.0
Negotiation_2,R6,2026-08-10T12:06:53.354456Z,flight_spawn,2,1278,-20,768,861,222,565,1019.14,1207.96,621.05,system,NA,0.542,3.48,125.03,89.76,-22.26,0.0,0.0
Negotiation_2,R6,2026-08-10T12:06:55.235414Z,agent_signal,2,1248,342,934,823,344,565,574.23,931.99,644.62,agent,your_turn,0.619,3.48,91.04,129.41,0.0,76.24,0.0
Negotiation_2,R6,2026-08-10T12:06:55.252225Z,behavior_monitor,2,1248,342,934,823,345,565,574.23,930.73,643.43,system,NA,0.618,3.48,91.04,129.41,0.0,76.24,0.0
Negotiation_2,R6,2026-08-10T12:06:55.573698Z,human_signal,2,1246,412,978,823,370,566,490.7,889.82,660.63,human,i_can,0.645,3.48,91.04,129.41,0.0,76.24,0.0
Negotiation_2,R6,2026-08-10T12:06:55.760063Z,behavior_monitor,2,1231,441,1000,823,384,566,445.76,855.46,667.77,system,NA,0.657,3.48,134.53,129.41,0.0,76.24,0.0
Negotiation_2,R6,2026-08-10T12:06:56.267612Z,behavior_monitor,2,1131,471,1055,813,423,566,350.06,713.83,678.45,system,NA,0.671,3.48,169.25,93.99,-113.6,76.24,0.0
Negotiation_2,R6,2026-08-10T12:06:56.775491Z,behavior_monitor,2,1029,496,995,790,463,566,296.34,570.39,577.75,system,NA,0.658,3.48,162.73,129.41,180.0,76.24,0.0
Negotiation_2,R6,2026-08-10T12:06:57.267898Z,human_signal,2,948,561,935,818,500,566,257.62,447.4,502.55,human,your_turn,0.635,3.48,137.97,145.18,140.14,76.24,0.0
Negotiation_2,R6,2026-08-10T12:06:57.268932Z,human_signal,2,945,563,933,820,500,566,256.83,444.49,501.72,human,your_turn,0.634,3.48,137.97,144.98,139.96,76.24,0.0
Negotiation_2,R6,2026-08-10T12:06:57.284478Z,behavior_monitor,2,945,563,933,820,502,566,256.83,443.0,500.44,system,NA,0.633,3.48,137.97,145.17,139.87,87.67,0.0
Negotiation_2,R6,2026-08-10T12:06:57.794175Z,behavior_monitor,2,932,651,873,859,547,622,215.92,386.16,404.0,system,NA,0.641,3.48,69.06,139.01,152.79,150.04,54.25
Negotiation_2,R6,2026-08-10T12:06:58.114144Z,agent_signal,2,960,717,877,888,574,662,190.4,388.95,378.41,agent,i_can,0.671,3.48,69.06,145.18,40.97,159.42,54.25
Negotiation_2,R6,2026-08-10T12:06:58.299899Z,behavior_monitor,2,973,749,897,904,591,684,171.93,386.8,376.65,system,NA,0.692,3.48,69.06,131.94,35.88,145.76,42.06
Negotiation_2,R6,2026-08-10T12:06:58.334175Z,human_signal,2,976,759,903,908,594,688,165.68,387.98,378.54,human,i_can,0.701,3.48,69.06,131.77,35.7,150.04,54.25
Negotiation_2,R6,2026-08-10T12:06:58.807517Z,behavior_monitor,2,1036,824,953,910,616,719,118.8,432.58,387.08,system,NA,0.785,3.48,49.17,112.94,0.0,130.47,54.25
Negotiation_2,R6,2026-08-10T12:06:59.317583Z,shot_miss,2,1055,921,1012,910,655,772,44.17,426.97,383.02,human,NA,0.906,3.48,93.75,117.36,0.0,130.47,54.25
Negotiation_2,R6,2026-08-10T12:06:59.318209Z,behavior_monitor,2,1055,921,1012,910,655,772,44.17,426.97,383.02,system,NA,0.906,3.48,93.75,117.36,0.0,130.47,54.25
Negotiation_2,R6,2026-08-10T12:06:59.456343Z,flight_missed,2,1052,952,1030,910,666,789,47.74,418.63,383.5,system,NA,0.898,3.48,93.75,117.52,0.0,130.47,54.25
Negotiation_2,R6,2026-08-10T12:06:59.456650Z,flight_spawn,3,639,-20,1030,910,666,789,1009.19,809.49,383.5,system,NA,0.445,2.87,45.81,117.52,0.0,130.47,54.25
Negotiation_2,R6,2026-08-10T12:07:03.452114Z,agent_signal,3,1155,354,1150,909,931,566,555.48,308.67,407.2,agent,i_can,0.357,2.87,10.32,136.24,32.67,76.24,0.0
Negotiation_2,R6,2026-08-10T12:07:03.468071Z,behavior_monitor,3,1155,354,1150,909,933,566,555.48,307.59,406.4,system,NA,0.356,2.87,10.32,144.75,32.67,93.15,0.0
Negotiation_2,R6,2026-08-10T12:07:03.977119Z,behavior_monitor,3,1177,423,1216,910,977,566,488.56,245.47,418.08,system,NA,0.334,2.87,116.56,129.41,0.0,87.67,0.0
Negotiation_2,R6,2026-08-10T12:07:04.485643Z,behavior_monitor,3,1179,503,1223,904,1022,566,403.46,169.01,392.85,system,NA,0.295,2.87,44.79,136.59,-161.35,87.67,0.0
Negotiation_2,R6,2026-08-10T12:07:04.992386Z,behavior_monitor,3,1183,583,1212,900,1067,575,317.81,116.81,356.02,system,NA,0.269,2.87,98.91,126.02,14.11,141.71,54.25
Negotiation_2,R6,2026-08-10T12:07:05.500285Z,behavior_monitor,3,1155,661,1181,905,1111,637,245.91,49.22,277.14,system,NA,0.167,2.87,128.29,99.25,158.16,159.42,54.25
Negotiation_2,R6,2026-08-10T12:07:05.770012Z,shot_miss,3,1138,706,1159,910,1121,672,204.99,37.56,240.58,agent,NA,0.155,2.87,116.21,129.41,180.0,150.04,125.75
Negotiation_2,R6,2026-08-10T12:07:06.006728Z,behavior_monitor,3,1121,739,1132,910,1104,699,170.84,43.74,212.67,system,NA,0.204,2.87,116.21,91.81,180.0,150.04,125.75
Negotiation_2,R6,2026-08-10T12:07:06.040921Z,shot_miss,3,1118,747,1128,910,1101,705,163.01,45.28,206.32,agent,NA,0.217,2.87,116.21,85.53,180.0,150.04,125.75
Negotiation_2,R6,2026-08-10T12:07:06.378193Z,shot_miss,3,1095,798,1091,910,1079,746,111.3,54.62,163.87,agent,NA,0.329,2.87,116.21,125.75,180.0,150.04,125.75
Negotiation_2,R6,2026-08-10T12:07:06.512638Z,behavior_monitor,3,1084,814,1082,910,1069,761,95.78,55.16,149.47,system,NA,0.365,2.87,143.07,38.5,180.0,150.04,125.75
Negotiation_2,R6,2026-08-10T12:07:06.530290Z,human_signal,3,1079,817,1082,911,1068,763,93.36,55.61,148.48,human,i_can,0.373,2.87,143.07,38.5,180.0,150.04,125.75
Negotiation_2,R6,2026-08-10T12:07:06.817898Z,shot_miss,3,1040,845,1082,910,1046,793,76.98,51.85,121.62,human,NA,0.402,2.87,143.07,0.0,180.0,130.47,125.75
Negotiation_2,R6,2026-08-10T12:07:06.885197Z,human_signal,3,1032,852,1077,910,1041,800,73.3,52.14,114.85,human,i_can,0.416,2.87,143.07,83.32,180.0,130.47,125.75
Negotiation_2,R6,2026-08-10T12:07:06.885802Z,human_signal,3,1030,853,1076,911,1041,800,73.56,54.16,116.13,human,i_can,0.424,2.87,143.07,90.24,180.0,118.17,115.93
Negotiation_2,R6,2026-08-10T12:07:07.021418Z,behavior_monitor,3,1015,865,1065,910,1031,815,66.79,52.89,100.31,system,NA,0.442,2.87,143.07,94.6,180.0,130.47,125.75
Negotiation_2,R6,2026-08-10T12:07:07.037596Z,shot_miss,3,1012,867,1063,910,1030,817,66.21,53.16,98.5,human,NA,0.445,2.87,143.07,94.6,180.0,130.47,125.75
Negotiation_2,R6,2026-08-10T12:07:07.173561Z,agent_signal,3,989,873,1049,910,1019,831,71.17,51.2,83.92,agent,your_turn,0.418,2.87,143.17,105.08,180.0,130.47,125.75
Negotiation_2,R6,2026-08-10T12:07:07.190699Z,shot_miss,3,989,873,1048,910,1018,833,69.65,48.98,82.06,human,NA,0.413,2.87,143.17,105.08,180.0,130.47,125.75
Negotiation_2,R6,2026-08-10T12:07:07.207873Z,conflict,3,984,876,1044,910,1015,837,68.56,49.94,78.34,system,NA,0.421,2.87,143.17,106.47,180.0,130.47,125.75
Negotiation_2,R6,2026-08-10T12:07:07.527246Z,behavior_monitor,3,942,907,1044,910,1015,837,102.18,101.41,78.34,system,NA,0.498,2.87,143.17,0.0,180.0,0.0,125.75
Negotiation_2,R6,2026-08-10T12:07:08.032659Z,behavior_monitor,3,858,927,1043,910,973,871,185.75,127.71,79.94,system,NA,0.407,2.87,162.78,36.29,180.0,144.52,132.89
Negotiation_2,R6,2026-08-10T12:07:08.219175Z,conflict,3,823,936,1033,910,955,892,211.76,139.17,79.9,system,NA,0.397,2.87,174.29,54.07,180.0,133.39,127.46
Negotiation_2,R6,2026-08-10T12:07:08.540837Z,behavior_monitor,3,773,941,1033,910,955,892,262.08,188.62,79.9,system,NA,0.419,2.87,174.29,0.0,180.0,0.0,125.75
Negotiation_2,R6,2026-08-10T12:07:08.809028Z,flight_missed,3,723,952,1028,910,947,903,307.23,228.89,80.89,system,NA,0.427,2.87,172.82,49.33,180.0,130.47,125.75
Negotiation_2,R6,2026-08-10T12:07:08.810154Z,flight_spawn,4,913,-20,1028,910,947,903,937.01,924.19,80.89,system,NA,0.497,3.03,48.62,49.33,180.0,130.47,125.75
Negotiation_2,R6,2026-08-10T12:07:10.835469Z,agent_signal,4,917,309,964,867,919,719,559.89,410.05,154.47,agent,i_can,0.423,3.03,130.08,129.41,180.0,130.47,-125.75
Negotiation_2,R6,2026-08-10T12:07:10.851868Z,behavior_monitor,4,917,309,964,867,918,717,559.89,407.97,156.89,system,NA,0.422,3.03,130.08,137.5,180.0,159.42,-125.75
Negotiation_2,R6,2026-08-10T12:07:11.359421Z,behavior_monitor,4,849,373,898,867,873,656,496.15,283.58,212.64,system,NA,0.364,3.03,155.37,129.41,180.0,150.04,-125.75
Negotiation_2,R6,2026-08-10T12:07:11.868016Z,behavior_monitor,4,768,407,832,867,828,593,463.85,195.47,273.47,system,NA,0.296,3.03,178.38,129.41,180.0,150.04,-125.75
Negotiation_2,R6,2026-08-10T12:07:12.375963Z,behavior_monitor,4,675,410,766,880,783,566,478.52,190.2,313.93,system,NA,0.284,3.03,178.38,143.79,162.99,93.15,180.0
Negotiation_2,R6,2026-08-10T12:07:12.882520Z,behavior_monitor,4,596,444,700,901,739,566,467.91,187.53,336.6,system,NA,0.286,3.03,155.53,136.1,161.96,87.67,180.0
Negotiation_2,R6,2026-08-10T12:07:13.391981Z,behavior_monitor,4,518,488,634,910,694,566,437.1,192.78,348.54,system,NA,0.306,3.03,155.6,129.41,180.0,87.67,180.0
Negotiation_2,R6,2026-08-10T12:07:13.899545Z,behavior_monitor,4,486,568,568,910,650,566,350.98,163.74,353.37,system,NA,0.318,3.03,100.91,129.41,180.0,87.67,180.0
Negotiation_2,R6,2026-08-10T12:07:14.407038Z,behavior_monitor,4,481,657,502,910,605,626,253.49,127.25,301.49,system,NA,0.334,3.03,74.22,129.41,180.0,150.04,125.75
Negotiation_2,R6,2026-08-10T12:07:14.593811Z,human_signal,4,489,692,476,910,588,649,218.78,108.52,284.65,human,i_can,0.332,3.03,74.22,129.41,180.0,150.04,125.75
Negotiation_2,R6,2026-08-10T12:07:14.915052Z,behavior_monitor,4,492,745,463,910,563,683,167.06,94.2,247.48,system,NA,0.361,3.03,99.02,86.58,0.0,130.47,125.75
Negotiation_2,R6,2026-08-10T12:07:15.117698Z,agent_signal,4,486,784,484,910,547,704,125.68,100.42,214.48,agent,your_turn,0.444,3.03,99.02,117.83,0.0,130.47,125.75
Negotiation_2,R6,2026-08-10T12:07:15.423636Z,behavior_monitor,4,476,835,503,910,524,737,79.47,108.7,173.93,system,NA,0.578,3.03,72.99,0.0,0.0,130.47,125.75
Negotiation_2,R6,2026-08-10T12:07:15.456418Z,shot_miss,4,478,840,503,910,521,740,73.5,108.96,170.06,human,NA,0.597,3.03,72.99,0.0,0.0,138.63,125.75
Negotiation_2,R6,2026-08-10T12:07:15.642186Z,shot_miss,4,484,872,483,910,507,760,37.32,114.27,151.28,human,NA,0.754,3.03,72.99,118.67,180.0,138.63,125.75
Negotiation_2,R6,2026-08-10T12:07:15.795096Z,shot_miss,4,493,898,466,910,495,776,29.56,121.88,136.37,human,NA,0.805,3.03,72.99,110.21,180.0,130.47,125.75
Negotiation_2,R6,2026-08-10T12:07:15.929897Z,behavior_monitor,4,499,922,457,910,485,791,43.63,131.47,121.9,system,NA,0.751,3.03,97.78,0.0,180.0,130.47,125.75
Negotiation_2,R6,2026-08-10T12:07:15.946203Z,shot_miss,4,499,925,457,910,484,793,44.17,132.76,119.85,human,NA,0.75,3.03,97.78,0.0,180.0,130.47,125.75
Negotiation_2,R6,2026-08-10T12:07:16.097465Z,shot_miss,4,494,950,468,910,479,809,48.79,142.16,101.06,human,NA,0.744,3.03,126.12,78.74,0.0,130.47,125.75
Negotiation_2,R6,2026-08-10T12:07:16.098206Z,flight_missed,4,492,953,469,910,477,811,49.18,142.74,99.0,system,NA,0.744,3.03,126.12,82.69,0.0,137.58,118.97
Negotiation_2,R6,2026-08-10T12:07:16.098524Z,flight_spawn,5,383,-20,469,910,477,811,933.98,836.73,99.0,system,NA,0.473,3.09,130.37,82.69,0.0,137.58,118.97
Negotiation_2,R6,2026-08-10T12:07:18.465693Z,agent_signal,5,100,309,314,910,323,595,637.55,362.71,314.58,agent,i_can,0.363,3.09,130.37,128.95,180.0,138.63,-125.75
Negotiation_2,R6,2026-08-10T12:07:18.482558Z,behavior_monitor,5,100,309,314,910,321,593,637.55,360.16,316.61,system,NA,0.361,3.09,130.37,121.36,180.0,150.04,-125.75
Negotiation_2,R6,2026-08-10T12:07:18.991888Z,behavior_monitor,5,32,368,252,910,277,566,584.76,315.56,344.09,system,NA,0.35,3.09,128.42,121.76,180.0,87.67,180.0
Negotiation_2,R6,2026-08-10T12:07:19.501441Z,behavior_monitor,5,42,424,189,910,232,566,507.03,236.94,345.75,system,NA,0.318,2.08,58.25,122.14,180.0,87.67,180.0
Negotiation_2,R6,2026-08-10T12:07:20.008964Z,behavior_monitor,5,76,475,200,910,187,566,451.5,143.89,343.36,system,NA,0.242,2.08,32.13,99.36,0.0,87.67,180.0
Negotiation_2,R6,2026-08-10T12:07:20.514774Z,behavior_monitor,5,134,495,224,910,143,566,424.53,72.2,352.71,system,NA,0.145,2.08,9.19,129.41,0.0,87.67,180.0
Negotiation_2,R6,2026-08-10T12:07:21.019771Z,behavior_monitor,5,188,519,290,910,162,565,403.61,52.77,367.81,system,NA,0.116,2.08,91.85,129.41,0.0,87.67,0.0
Negotiation_2,R6,2026-08-10T12:07:21.121965Z,shot_miss,5,192,532,306,910,169,565,393.84,39.68,370.66,agent,NA,0.092,2.08,64.09,129.41,0.0,87.67,0.0
Negotiation_2,R6,2026-08-10T12:07:21.308897Z,shot_hit,5,204,552,330,910,180,565,379.4,27.1,375.89,agent,NA,0.067,2.08,43.78,129.41,0.0,99.55,-0.83
Negotiation_2,R6,2026-08-10T12:07:21.309495Z,flight_spawn,6,987,-20,330,910,180,565,1138.6,996.87,375.89,system,NA,0.467,3.6,56.22,129.41,0.0,99.55,-0.83
Negotiation_2,R6,2026-08-10T12:07:24.664186Z,human_signal,6,1172,491,719,910,380,565,616.52,795.73,483.81,human,i_can,0.563,3.6,178.62,129.41,0.0,76.24,0.0
Negotiation_2,R6,2026-08-10T12:07:24.681037Z,behavior_monitor,6,1172,491,719,910,382,564,616.52,794.32,482.95,system,NA,0.563,3.6,178.62,129.41,0.0,82.92,-6.83
Negotiation_2,R6,2026-08-10T12:07:24.748447Z,agent_signal,6,1154,495,730,910,387,564,592.9,770.54,487.37,agent,your_turn,0.565,3.6,154.89,129.41,0.0,76.24,0.0
Negotiation_2,R6,2026-08-10T12:07:25.188044Z,behavior_monitor,6,1072,532,785,910,420,564,473.52,652.0,502.62,system,NA,0.579,3.6,132.13,129.41,0.0,76.24,0.0
Negotiation_2,R6,2026-08-10T12:07:25.694002Z,behavior_monitor,6,1025,624,851,910,459,593,333.83,566.41,503.64,system,NA,0.629,3.6,53.95,129.41,0.0,130.47,54.25
Negotiation_2,R6,2026-08-10T12:07:26.201562Z,behavior_monitor,6,1069,720,917,910,496,644,242.45,578.08,498.28,system,NA,0.705,3.6,81.26,129.41,0.0,0.0,54.25
Negotiation_2,R6,2026-08-10T12:07:26.711309Z,behavior_monitor,6,1038,818,983,910,506,659,106.9,555.83,539.44,system,NA,0.839,3.6,134.66,129.41,0.0,130.47,54.25
Negotiation_2,R6,2026-08-10T12:07:26.912815Z,shot_miss,6,1003,837,1008,908,521,680,71.57,506.85,537.84,human,NA,0.876,3.6,159.01,126.69,0.0,130.47,54.25
Negotiation_2,R6,2026-08-10T12:07:27.015014Z,human_signal,6,985,845,1005,897,529,691,55.34,481.66,518.55,human,i_can,0.897,3.6,159.01,134.69,-107.78,130.47,54.25
Negotiation_2,R6,2026-08-10T12:07:27.016049Z,human_signal,6,982,846,1003,895,529,691,53.5,478.76,516.19,human,i_can,0.899,3.6,159.01,144.93,-122.34,130.47,54.25
Negotiation_2,R6,2026-08-10T12:07:27.116674Z,shot_miss,6,965,851,992,895,536,701,51.5,454.61,495.54,human,NA,0.898,3.6,179.48,134.82,163.72,130.47,54.25
Negotiation_2,R6,2026-08-10T12:07:27.218066Z,behavior_monitor,6,945,853,979,900,544,712,57.61,425.43,473.85,system,NA,0.881,3.6,151.69,138.29,159.36,130.47,54.25
Negotiation_2,R6,2026-08-10T12:07:27.268376Z,shot_miss,6,934,858,972,902,548,717,58.32,411.29,463.08,human,NA,0.876,3.6,151.69,138.63,158.99,130.47,54.25
Negotiation_2,R6,2026-08-10T12:07:27.436980Z,shot_miss,6,900,868,950,910,561,735,65.29,364.1,426.67,human,NA,0.848,3.6,172.2,129.41,180.0,130.47,54.25
Negotiation_2,R6,2026-08-10T12:07:27.574473Z,shot_miss,6,874,872,933,910,571,750,69.32,326.83,395.13,human,NA,0.825,3.6,172.2,129.41,180.0,130.47,54.25
Negotiation_2,R6,2026-08-10T12:07:27.724447Z,behavior_monitor,6,844,884,913,910,583,766,73.67,285.95,359.44,system,NA,0.795,3.6,144.99,128.99,180.0,146.01,44.46
Negotiation_2,R6,2026-08-10T12:07:27.740783Z,shot_miss,6,840,886,911,910,585,768,74.44,281.49,355.53,human,NA,0.791,3.6,144.99,128.99,180.0,146.01,44.46
Negotiation_2,R6,2026-08-10T12:07:27.926063Z,shot_miss,6,805,909,887,910,599,788,81.86,238.97,312.45,human,NA,0.745,3.6,144.99,137.06,180.0,138.63,54.25
Negotiation_2,R6,2026-08-10T12:07:28.234012Z,behavior_monitor,6,747,931,847,910,622,820,102.96,166.82,241.94,system,NA,0.618,3.6,166.46,128.99,180.0,130.47,54.25
Negotiation_2,R6,2026-08-10T12:07:28.470406Z,flight_missed,6,698,952,814,910,642,847,123.49,119.32,183.47,system,NA,0.491,3.6,142.31,137.06,180.0,138.63,54.25
Negotiation_2,R6,2026-08-10T12:07:28.471113Z,flight_spawn,7,1366,-20,814,910,642,847,1081.51,1130.26,183.47,system,NA,0.511,2.83,45.0,137.06,180.0,138.63,54.25
Negotiation_2,R6,2026-08-10T12:07:32.443942Z,human_signal,7,1301,390,1175,836,918,565,463.52,421.02,372.78,human,your_turn,0.476,1.84,165.61,0.0,0.0,76.24,0.0
Negotiation_2,R6,2026-08-10T12:07:32.444595Z,behavior_monitor,7,1301,390,1175,836,918,565,463.52,421.02,372.78,system,NA,0.476,1.84,165.61,0.0,0.0,76.24,0.0
Negotiation_2,R6,2026-08-10T12:07:32.445022Z,human_signal,7,1300,390,1175,836,918,565,462.79,419.89,372.78,human,your_turn,0.476,1.84,165.61,0.0,0.0,76.24,0.0
Negotiation_2,R6,2026-08-10T12:07:32.798946Z,agent_signal,7,1269,408,1175,836,949,565,437.36,356.01,352.61,agent,i_can,0.449,1.84,143.97,0.0,0.0,87.67,0.0
Negotiation_2,R6,2026-08-10T12:07:32.953477Z,behavior_monitor,7,1257,417,1175,836,963,565,426.48,329.67,344.17,system,NA,0.436,1.84,143.97,0.0,0.0,87.67,0.0
Negotiation_2,R6,2026-08-10T12:07:33.459951Z,behavior_monitor,7,1208,433,1175,836,1007,565,403.92,240.32,318.5,system,NA,0.373,1.84,170.89,0.0,0.0,87.67,0.0
Negotiation_2,R6,2026-08-10T12:07:33.967648Z,behavior_monitor,7,1159,458,1159,842,1052,565,384.41,151.11,297.59,system,NA,0.282,1.84,141.43,129.81,151.56,87.67,0.0
Negotiation_2,R6,2026-08-10T12:07:34.473384Z,behavior_monitor,7,1123,496,1111,878,1096,565,382.28,73.9,313.68,system,NA,0.162,1.84,114.65,148.07,143.04,93.15,0.0
Negotiation_2,R6,2026-08-10T12:07:34.879749Z,shot_miss,7,1093,530,1096,892,1076,565,362.64,38.72,328.54,agent,NA,0.096,1.84,140.26,0.0,128.37,87.67,180.0
Negotiation_2,R6,2026-08-10T12:07:34.982407Z,behavior_monitor,7,1087,536,1096,892,1070,565,356.86,33.47,328.97,system,NA,0.086,1.84,140.26,0.0,128.37,87.67,180.0
Negotiation_2,R6,2026-08-10T12:07:35.084274Z,shot_hit,7,1076,544,1096,892,1059,565,349.06,26.66,329.98,agent,NA,0.071,1.84,140.26,0.0,128.37,87.67,180.0
Negotiation_2,R6,2026-08-10T12:07:35.085025Z,flight_spawn,8,1187,-20,1096,892,1059,565,917.38,598.75,329.98,system,NA,0.395,3.15,129.34,0.0,128.37,87.67,180.0
Negotiation_2,R6,2026-08-10T12:07:37.821712Z,human_signal,8,846,258,805,910,931,566,652.77,319.67,365.94,human,your_turn,0.329,3.15,62.94,128.87,180.0,0.0,180.0
Negotiation_2,R6,2026-08-10T12:07:37.822342Z,behavior_monitor,8,846,258,805,910,931,566,652.77,319.67,365.94,system,NA,0.329,3.15,62.94,128.87,180.0,0.0,180.0
Negotiation_2,R6,2026-08-10T12:07:37.822781Z,human_signal,8,847,261,803,910,931,566,651.2,316.49,367.61,human,your_turn,0.327,3.15,62.94,128.87,180.0,0.0,180.0
Negotiation_2,R6,2026-08-10T12:07:38.328770Z,behavior_monitor,8,922,310,797,910,897,566,612.78,257.38,357.98,system,NA,0.296,3.15,20.28,129.41,0.0,87.67,0.0
Negotiation_2,R6,2026-08-10T12:07:38.616949Z,agent_signal,8,977,329,837,910,923,566,597.01,242.76,354.27,agent,i_can,0.289,3.15,20.28,129.41,0.0,87.67,0.0
Negotiation_2,R6,2026-08-10T12:07:38.837286Z,behavior_monitor,8,1013,342,863,910,942,565,586.54,234.05,353.01,system,NA,0.285,3.15,20.28,129.41,0.0,87.67,0.0
Negotiation_2,R6,2026-08-10T12:07:39.344306Z,behavior_monitor,8,1101,367,929,910,986,565,569.42,229.36,349.12,system,NA,0.287,3.15,1.44,129.41,0.0,87.67,0.0
Negotiation_2,R6,2026-08-10T12:07:39.851661Z,behavior_monitor,8,1196,372,995,910,1031,565,573.62,254.1,346.0,system,NA,0.307,3.15,30.65,129.41,0.0,87.67,0.0
Negotiation_2,R6,2026-08-10T12:07:40.354538Z,behavior_monitor,8,1220,456,1061,910,1075,565,480.68,181.14,344.95,system,NA,0.274,3.15,82.47,137.5,0.0,93.15,0.0
Negotiation_2,R6,2026-08-10T12:07:40.863094Z,behavior_monitor,8,1233,549,1127,910,1120,565,375.28,114.01,344.48,system,NA,0.233,3.15,82.47,137.5,0.0,93.15,0.0
Negotiation_2,R6,2026-08-10T12:07:41.371253Z,behavior_monitor,8,1227,642,1193,910,1165,615,269.31,67.68,295.96,system,NA,0.201,3.15,104.43,129.41,0.0,150.04,54.25
Negotiation_2,R6,2026-08-10T12:07:41.473535Z,human_signal,8,1221,664,1209,910,1174,628,246.18,59.67,284.03,human,i_can,0.195,3.15,104.43,129.41,0.0,150.04,54.25
Negotiation_2,R6,2026-08-10T12:07:41.877814Z,behavior_monitor,8,1198,731,1233,910,1184,671,181.65,61.97,243.59,system,NA,0.254,3.15,124.54,122.28,180.0,130.47,125.75
Negotiation_2,R6,2026-08-10T12:07:41.997082Z,agent_signal,8,1187,754,1218,910,1175,683,158.44,71.65,230.08,agent,your_turn,0.311,3.15,68.77,127.78,180.0,130.47,125.75
Negotiation_2,R6,2026-08-10T12:07:42.387594Z,behavior_monitor,8,1219,815,1171,910,1191,724,106.33,94.92,186.33,system,NA,0.472,3.15,39.19,32.39,180.0,129.64,58.91
Negotiation_2,R6,2026-08-10T12:07:42.895004Z,behavior_monitor,8,1286,880,1230,910,1230,778,63.01,116.58,131.72,system,NA,0.649,3.15,39.0,120.31,0.0,130.47,54.25
Negotiation_2,R6,2026-08-10T12:07:43.013480Z,shot_miss,8,1305,894,1245,910,1239,791,62.46,122.65,119.12,human,NA,0.663,3.15,15.62,120.31,0.0,130.47,54.25
Negotiation_2,R6,2026-08-10T12:07:43.199485Z,shot_miss,8,1339,902,1267,910,1253,810,71.81,125.22,100.17,human,NA,0.636,3.15,11.84,120.31,0.0,130.47,54.25
Negotiation_2,R6,2026-08-10T12:07:43.335165Z,shot_miss,8,1362,907,1284,910,1264,825,78.33,128.24,87.11,human,NA,0.621,3.15,11.84,120.45,0.0,130.47,54.25
Negotiation_2,R6,2026-08-10T12:07:43.403351Z,behavior_monitor,8,1374,911,1292,910,1269,832,81.8,131.16,80.93,system,NA,0.616,3.15,34.11,120.45,0.0,130.47,54.25
Negotiation_2,R6,2026-08-10T12:07:43.404629Z,conflict,8,1375,913,1294,910,1270,834,81.72,131.65,79.42,system,NA,0.617,3.15,34.11,120.45,0.0,130.47,54.25
Negotiation_2,R6,2026-08-10T12:07:43.911062Z,behavior_monitor,8,1448,964,1294,910,1270,834,163.11,220.14,79.42,system,NA,0.574,2.36,131.54,0.0,0.0,0.0,54.25
Negotiation_2,R6,2026-08-10T12:07:43.912430Z,flight_missed,8,1446,966,1295,910,1271,836,161.7,218.17,77.62,system,NA,0.574,2.36,131.54,0.0,0.0,0.0,54.25
Negotiation_2,R6,2026-08-10T12:07:43.912799Z,flight_spawn,9,1395,-20,1295,910,1271,836,935.38,864.9,77.62,system,NA,0.48,2.83,135.0,0.0,0.0,0.0,54.25
Negotiation_2,R6,2026-08-10T12:07:48.153992Z,agent_signal,9,930,372,889,910,1055,566,539.27,231.26,381.98,agent,i_can,0.3,2.83,75.09,0.0,90.0,76.24,180.0
Negotiation_2,R6,2026-08-10T12:07:48.170618Z,behavior_monitor,9,930,372,889,910,1054,566,539.27,230.45,381.33,system,NA,0.299,2.83,75.09,72.25,0.0,87.67,180.0
Negotiation_2,R6,2026-08-10T12:07:48.679374Z,behavior_monitor,9,901,449,947,910,1008,566,462.56,158.45,349.03,system,NA,0.255,2.83,117.06,54.26,0.0,87.67,180.0
Negotiation_2,R6,2026-08-10T12:07:49.188943Z,behavior_monitor,9,906,530,897,910,963,566,379.64,68.19,349.57,system,NA,0.152,2.83,68.6,129.41,180.0,87.67,180.0
Negotiation_2,R6,2026-08-10T12:07:49.529753Z,shot_hit,9,943,574,891,910,932,568,340.0,11.89,343.69,agent,NA,0.034,2.83,39.34,0.0,180.0,87.67,180.0
Negotiation_2,R6,2026-08-10T12:07:49.530622Z,flight_spawn,10,869,-20,891,910,932,568,930.25,592.22,343.69,system,NA,0.389,2.96,132.59,0.0,180.0,87.67,180.0
Negotiation_2,R6,2026-08-10T12:07:52.353805Z,agent_signal,10,986,334,894,896,897,566,569.55,248.69,329.77,agent,i_can,0.304,2.96,40.44,137.5,0.0,81.0,0.0
Negotiation_2,R6,2026-08-10T12:07:52.371396Z,behavior_monitor,10,986,334,894,896,899,566,569.55,248.16,329.79,system,NA,0.303,2.96,40.44,129.41,0.0,87.67,0.0
Negotiation_2,R6,2026-08-10T12:07:52.879249Z,behavior_monitor,10,1053,391,960,896,943,566,513.0,206.59,330.26,system,NA,0.287,2.96,40.44,129.41,0.0,87.67,0.0
Negotiation_2,R6,2026-08-10T12:07:53.384259Z,behavior_monitor,10,1122,449,1026,896,988,566,457.19,178.48,331.74,system,NA,0.281,2.96,40.44,129.41,0.0,87.67,0.0
Negotiation_2,R6,2026-08-10T12:07:53.890401Z,behavior_monitor,10,1185,506,1092,896,1032,566,400.4,163.8,335.3,system,NA,0.29,2.96,40.44,122.22,0.0,82.8,0.0
Negotiation_2,R6,2026-08-10T12:07:54.399041Z,behavior_monitor,10,1251,564,1158,896,1077,566,344.66,173.32,339.9,system,NA,0.335,2.96,40.44,129.41,0.0,87.67,0.0
Negotiation_2,R6,2026-08-10T12:07:54.906075Z,behavior_monitor,10,1298,637,1224,896,1122,620,268.92,177.03,294.49,system,NA,0.397,2.96,61.07,129.41,0.0,150.04,54.25
Negotiation_2,R6,2026-08-10T12:07:55.415307Z,behavior_monitor,10,1337,716,1290,896,1167,682,185.64,173.05,246.69,system,NA,0.482,2.96,63.44,129.41,0.0,150.04,54.25
Negotiation_2,R6,2026-08-10T12:07:55.920566Z,behavior_monitor,10,1333,803,1339,896,1213,744,92.72,133.94,197.8,system,NA,0.591,2.96,96.21,129.41,180.0,150.04,54.25
Negotiation_2,R6,2026-08-10T12:07:56.337806Z,shot_hit,10,1323,877,1336,896,1250,796,22.83,108.92,131.53,human,NA,0.827,2.96,96.21,129.41,0.0,150.04,54.25
Negotiation_2,R6,2026-08-10T12:07:56.338727Z,flight_spawn,11,696,-20,1336,896,1250,796,1117.26,986.5,131.53,system,NA,0.469,3.01,48.36,129.41,0.0,150.04,54.25
Negotiation_2,R6,2026-08-10T12:08:01.405260Z,agent_signal,11,1407,436,1337,910,1275,564,479.03,184.76,350.65,agent,i_can,0.278,3.01,57.08,114.1,0.0,76.24,0.0
Negotiation_2,R6,2026-08-10T12:08:01.422192Z,behavior_monitor,11,1407,436,1337,910,1276,564,479.03,183.7,350.38,system,NA,0.277,3.01,57.08,114.1,0.0,87.67,0.0
Negotiation_2,R6,2026-08-10T12:08:01.932564Z,behavior_monitor,11,1435,518,1395,910,1321,564,393.19,122.48,353.23,system,NA,0.238,3.01,104.59,114.52,0.0,87.67,0.0
Negotiation_2,R6,2026-08-10T12:08:02.437724Z,behavior_monitor,11,1439,574,1373,910,1366,570,341.57,72.51,339.26,system,NA,0.175,1.82,141.35,127.33,180.0,150.04,54.25
Negotiation_2,R6,2026-08-10T12:08:02.710112Z,shot_hit,11,1410,590,1363,910,1389,585,322.67,21.76,325.2,agent,NA,0.063,1.82,138.88,0.0,180.0,0.0,54.25
Negotiation_2,R6,2026-08-10T12:08:02.711006Z,flight_spawn,12,955,-20,1363,910,1389,585,1015.44,745.54,325.2,system,NA,0.423,2.97,132.33,0.0,180.0,0.0,54.25
Negotiation_2,R6,2026-08-10T12:08:05.096371Z,agent_signal,12,968,369,1113,910,1229,566,559.82,327.02,362.78,agent,i_can,0.369,2.97,115.34,127.86,180.0,76.24,180.0
Negotiation_2,R6,2026-08-10T12:08:05.113012Z,behavior_monitor,12,968,369,1113,910,1227,566,559.82,325.83,362.3,system,NA,0.368,2.97,115.34,127.86,180.0,87.67,180.0
Negotiation_2,R6,2026-08-10T12:08:05.536455Z,human_signal,12,932,439,1056,910,1190,566,487.91,288.28,369.45,human,i_can,0.371,2.97,115.34,127.86,180.0,87.67,180.0
Negotiation_2,R6,2026-08-10T12:08:05.620798Z,behavior_monitor,12,927,449,1047,910,1184,566,475.64,282.0,369.44,system,NA,0.372,2.97,115.34,127.86,180.0,76.24,180.0
Negotiation_2,R6,2026-08-10T12:08:06.129832Z,behavior_monitor,12,923,537,982,910,1145,566,377.06,223.39,380.14,system,NA,0.372,2.97,93.25,127.86,180.0,76.24,180.0
Negotiation_2,R6,2026-08-10T12:08:06.164027Z,agent_signal,12,922,546,978,910,1142,566,367.72,220.59,380.89,agent,your_turn,0.375,2.97,93.25,127.86,180.0,76.24,180.0
Negotiation_2,R6,2026-08-10T12:08:06.641554Z,behavior_monitor,12,888,617,917,910,1106,598,293.63,218.87,364.17,system,NA,0.427,2.97,117.73,127.64,180.0,130.47,125.75
Negotiation_2,R6,2026-08-10T12:08:07.146477Z,behavior_monitor,12,809,659,852,910,1067,652,254.15,257.97,335.37,system,NA,0.504,2.97,153.54,127.44,180.0,130.47,125.75
Negotiation_2,R6,2026-08-10T12:08:07.654165Z,behavior_monitor,12,720,670,787,910,1028,665,248.65,308.07,343.21,system,NA,0.553,2.97,177.45,127.44,180.0,76.24,180.0
Negotiation_2,R6,2026-08-10T12:08:08.162230Z,behavior_monitor,12,643,694,722,910,989,688,229.26,346.3,346.65,system,NA,0.602,2.97,161.45,127.44,180.0,76.24,180.0
Negotiation_2,R6,2026-08-10T12:08:08.670044Z,behavior_monitor,12,554,723,657,910,951,718,213.33,396.95,350.56,system,NA,0.65,2.97,161.45,127.44,180.0,130.47,125.75
Negotiation_2,R6,2026-08-10T12:08:09.176938Z,behavior_monitor,12,467,742,592,910,912,737,209.32,444.85,363.56,system,NA,0.68,2.97,175.84,135.4,180.0,81.0,180.0
Negotiation_2,R6,2026-08-10T12:08:09.684436Z,behavior_monitor,12,386,765,527,910,872,760,201.41,486.34,376.48,system,NA,0.707,2.97,152.38,127.44,180.0,130.47,125.75
Negotiation_2,R6,2026-08-10T12:08:10.188019Z,behavior_monitor,12,373,844,462,910,833,814,110.14,460.71,383.27,system,NA,0.807,2.97,71.46,127.44,180.0,130.47,125.75
Negotiation_2,R6,2026-08-10T12:08:10.425292Z,shot_miss,12,390,883,431,910,815,839,49.3,427.28,389.57,human,NA,0.897,2.97,71.46,127.44,180.0,130.47,125.75
Negotiation_2,R6,2026-08-10T12:08:10.610626Z,shot_hit,12,400,914,425,910,800,858,25.37,404.22,378.88,human,NA,0.941,2.97,71.46,85.48,0.0,130.47,125.75
Negotiation_2,R6,2026-08-10T12:08:10.611191Z,flight_spawn,13,611,-20,425,910,800,858,948.56,899.01,378.88,system,NA,0.487,3.44,54.44,85.48,0.0,130.47,125.75
Negotiation_2,R6,2026-08-10T12:08:12.304744Z,agent_signal,13,625,313,565,910,692,707,599.73,400.17,238.72,agent,i_can,0.4,3.44,75.82,122.22,0.0,123.22,-125.75
Negotiation_2,R6,2026-08-10T12:08:12.322010Z,behavior_monitor,13,625,313,565,910,691,705,599.73,398.15,239.72,system,NA,0.399,3.44,75.82,129.41,0.0,126.68,-120.43
Negotiation_2,R6,2026-08-10T12:08:12.830231Z,behavior_monitor,13,648,413,609,910,646,643,498.24,230.54,268.75,system,NA,0.316,3.44,75.82,0.0,0.0,159.42,-125.75
Negotiation_2,R6,2026-08-10T12:08:13.338793Z,behavior_monitor,13,710,490,663,910,665,581,422.67,102.34,328.11,system,NA,0.195,3.44,49.2,129.41,0.0,150.04,-54.25
Negotiation_2,R6,2026-08-10T12:08:13.846589Z,behavior_monitor,13,793,539,729,910,709,564,375.88,87.58,345.55,system,NA,0.189,3.44,6.29,129.41,0.0,87.67,0.0
Negotiation_2,R6,2026-08-10T12:08:14.355843Z,behavior_monitor,13,877,596,795,910,754,587,324.58,123.92,325.33,system,NA,0.276,3.44,24.45,129.41,0.0,150.04,54.25
Negotiation_2,R6,2026-08-10T12:08:14.863744Z,behavior_monitor,13,974,630,861,910,798,626,301.38,176.68,290.62,system,NA,0.37,3.44,0.78,129.41,0.0,150.04,54.25
Negotiation_2,R6,2026-08-10T12:08:15.372816Z,behavior_monitor,13,1075,644,927,910,843,638,304.25,232.09,283.88,system,NA,0.433,3.44,22.21,129.41,0.0,87.67,0.0
Negotiation_2,R6,2026-08-10T12:08:15.878618Z,behavior_monitor,13,1148,710,993,910,888,699,252.88,260.97,235.58,system,NA,0.508,3.44,42.29,129.41,0.0,162.18,68.45
Negotiation_2,R6,2026-08-10T12:08:16.318220Z,human_signal,13,1214,773,1052,910,926,753,212.37,288.73,201.56,human,i_can,0.576,3.44,42.29,129.41,0.0,150.04,54.25
Negotiation_2,R6,2026-08-10T12:08:16.385203Z,behavior_monitor,13,1221,780,1059,910,931,760,207.87,290.5,196.46,system,NA,0.583,3.44,42.29,129.41,0.0,130.47,54.25
Negotiation_2,R6,2026-08-10T12:08:16.891402Z,behavior_monitor,13,1298,849,1125,910,970,814,183.67,329.82,181.54,system,NA,0.642,3.44,42.29,129.41,0.0,130.47,54.25
Negotiation_2,R6,2026-08-10T12:08:16.956896Z,agent_signal,13,1316,856,1134,910,975,821,189.75,342.02,181.02,agent,your_turn,0.643,3.44,13.82,129.41,0.0,130.47,54.25
Negotiation_2,R6,2026-08-10T12:08:17.397883Z,behavior_monitor,13,1392,886,1191,910,1009,868,202.81,383.51,186.3,system,NA,0.654,3.44,38.83,129.41,0.0,130.47,54.25
Negotiation_2,R6,2026-08-10T12:08:17.890988Z,flight_missed,13,1437,953,1257,910,1048,910,185.66,391.75,208.8,system,NA,0.678,2.8,122.36,129.41,0.0,76.24,0.0
Negotiation_2,R6,2026-08-10T12:08:17.892929Z,flight_spawn,14,1007,-20,1257,910,1048,910,963.08,930.92,208.8,system,NA,0.492,3.21,51.52,129.41,0.0,76.24,0.0
Negotiation_2,R6,2026-08-10T12:08:21.403318Z,human_signal,14,1386,238,1283,910,1283,580,679.74,357.35,329.65,human,your_turn,0.345,2.18,117.07,120.95,180.0,130.47,-54.25
Negotiation_2,R6,2026-08-10T12:08:21.403916Z,behavior_monitor,14,1386,238,1283,910,1283,580,679.74,357.35,329.65,system,NA,0.345,2.18,117.07,120.95,180.0,130.47,-54.25
Negotiation_2,R6,2026-08-10T12:08:21.404303Z,human_signal,14,1386,240,1281,911,1283,580,679.18,355.25,330.85,human,your_turn,0.343,2.18,117.07,120.95,180.0,130.47,-54.25
Negotiation_2,R6,2026-08-10T12:08:21.920212Z,behavior_monitor,14,1366,302,1226,910,1329,565,623.23,265.78,359.29,system,NA,0.299,2.18,96.04,74.02,180.0,93.15,0.0
Negotiation_2,R6,2026-08-10T12:08:21.970422Z,agent_signal,14,1365,311,1221,910,1334,565,615.78,256.53,362.07,agent,i_can,0.294,2.18,96.04,70.31,180.0,87.67,0.0
Negotiation_2,R6,2026-08-10T12:08:22.435947Z,behavior_monitor,14,1363,366,1195,910,1347,566,569.13,200.43,376.11,system,NA,0.26,2.18,118.13,0.0,180.0,0.0,180.0
Negotiation_2,R6,2026-08-10T12:08:22.939043Z,behavior_monitor,14,1331,424,1226,910,1315,565,497.01,142.76,355.24,system,NA,0.223,2.18,93.72,58.28,180.0,0.0,180.0
Negotiation_2,R6,2026-08-10T12:08:23.445643Z,behavior_monitor,14,1311,485,1204,910,1294,566,437.93,82.71,355.3,system,NA,0.159,2.18,93.74,0.0,180.0,0.0,119.31
Negotiation_2,R6,2026-08-10T12:08:23.862371Z,shot_hit,14,1306,542,1204,910,1289,565,381.92,29.21,354.6,agent,NA,0.071,2.18,93.74,0.0,180.0,0.0,180.0
Negotiation_2,R6,2026-08-10T12:08:23.862873Z,flight_spawn,15,92,-20,1204,910,1289,565,1449.22,1332.36,354.6,system,NA,0.479,3.57,124.05,0.0,180.0,0.0,180.0
Negotiation_2,R6,2026-08-10T12:08:26.977073Z,human_signal,15,224,245,892,911,1069,564,942.94,902.73,389.22,human,i_can,0.489,2.14,114.23,115.97,180.0,76.24,180.0
Negotiation_2,R6,2026-08-10T12:08:26.993840Z,behavior_monitor,15,224,245,892,910,1067,564,941.97,901.52,387.41,system,NA,0.489,2.14,114.23,115.97,180.0,76.24,180.0
Negotiation_2,R6,2026-08-10T12:08:27.501802Z,behavior_monitor,15,198,303,832,910,1029,565,876.73,870.56,397.1,system,NA,0.498,2.14,114.23,117.31,180.0,76.24,180.0
Negotiation_2,R6,2026-08-10T12:08:28.009388Z,behavior_monitor,15,165,358,772,910,990,565,820.43,850.53,407.47,system,NA,0.509,2.14,120.93,124.64,180.0,81.0,180.0
Negotiation_2,R6,2026-08-10T12:08:28.516681Z,behavior_monitor,15,156,417,712,910,951,565,742.8,808.5,419.05,system,NA,0.521,2.14,64.8,117.31,180.0,76.24,180.0
Negotiation_2,R6,2026-08-10T12:08:29.023600Z,behavior_monitor,15,198,464,652,910,912,566,636.41,721.41,431.18,system,NA,0.531,2.14,37.46,117.31,180.0,76.24,180.0
Negotiation_2,R6,2026-08-10T12:08:29.530524Z,behavior_monitor,15,245,508,593,910,874,566,530.75,631.21,444.01,system,NA,0.543,2.14,63.61,117.31,180.0,76.24,180.0
Negotiation_2,R6,2026-08-10T12:08:30.020096Z,agent_signal,15,274,568,533,910,836,566,428.96,562.51,458.41,agent,your_turn,0.567,2.14,85.31,124.64,180.0,81.0,180.0
Negotiation_2,R6,2026-08-10T12:08:30.037156Z,behavior_monitor,15,274,568,533,910,835,566,428.96,561.21,457.56,system,NA,0.567,2.14,85.31,117.31,180.0,76.24,180.0
Negotiation_2,R6,2026-08-10T12:08:30.545194Z,behavior_monitor,15,233,616,473,910,796,611,379.4,563.38,439.93,system,NA,0.598,2.14,140.52,124.64,180.0,138.63,125.75
Negotiation_2,R6,2026-08-10T12:08:31.051214Z,behavior_monitor,15,181,659,413,910,757,653,341.94,576.43,429.45,system,NA,0.628,2.14,140.18,125.48,180.0,81.0,180.0
Negotiation_2,R6,2026-08-10T12:08:31.554181Z,behavior_monitor,15,118,678,353,910,718,672,329.56,600.34,435.79,system,NA,0.646,2.14,173.39,118.48,180.0,76.24,180.0
Negotiation_2,R6,2026-08-10T12:08:32.061850Z,behavior_monitor,15,54,689,292,910,679,685,324.78,625.31,447.39,system,NA,0.658,2.14,166.39,118.48,180.0,130.47,125.75
Negotiation_2,R6,2026-08-10T12:08:32.571334Z,behavior_monitor,15,37,701,232,910,640,695,285.06,602.95,460.99,system,NA,0.679,1.35,26.39,119.57,180.0,76.24,180.0
Negotiation_2,R6,2026-08-10T12:08:33.078926Z,behavior_monitor,15,71,719,176,910,601,713,217.58,529.84,467.57,system,NA,0.709,1.35,26.39,39.12,180.0,108.4,-166.77
Negotiation_2,R6,2026-08-10T12:08:33.587648Z,behavior_monitor,15,111,734,157,888,562,729,160.13,450.35,434.93,system,NA,0.738,1.35,1.93,107.51,-119.93,72.0,180.0
Negotiation_2,R6,2026-08-10T12:08:34.096320Z,behavior_monitor,15,151,747,186,849,523,742,107.84,372.62,353.1,system,NA,0.776,1.35,66.2,139.47,-25.81,130.47,125.75
Negotiation_2,R6,2026-08-10T12:08:34.551870Z,shot_miss,15,165,780,161,839,489,774,58.65,324.2,334.41,human,NA,0.847,1.35,66.2,137.28,159.26,130.47,125.75
Negotiation_2,R6,2026-08-10T12:08:34.603366Z,behavior_monitor,15,167,784,155,842,485,778,58.87,318.34,335.98,system,NA,0.844,1.35,66.2,105.79,145.17,76.24,180.0
Negotiation_2,R6,2026-08-10T12:08:34.738308Z,shot_miss,15,170,794,158,852,475,789,59.15,304.94,323.09,human,NA,0.838,1.35,66.2,113.84,47.31,76.24,180.0
Negotiation_2,R6,2026-08-10T12:08:34.888987Z,shot_miss,15,176,805,173,865,463,799,60.06,287.65,297.91,human,NA,0.827,1.35,40.32,143.1,39.17,138.63,125.75
Negotiation_2,R6,2026-08-10T12:08:35.060521Z,shot_miss,15,185,815,191,879,450,809,64.49,265.78,268.24,human,NA,0.805,1.35,69.76,137.58,36.39,130.47,125.75
Negotiation_2,R6,2026-08-10T12:08:35.228937Z,shot_miss,15,189,827,212,889,437,822,65.3,248.05,235.16,human,NA,0.792,1.35,69.76,129.41,0.0,130.47,125.75
Negotiation_2,R6,2026-08-10T12:08:35.280361Z,human_signal,15,190,831,219,889,434,825,64.25,243.7,224.08,human,i_can,0.791,1.35,69.76,129.41,0.0,130.47,125.75
Negotiation_2,R6,2026-08-10T12:08:35.280926Z,behavior_monitor,15,190,831,219,889,434,825,64.25,243.7,224.08,system,NA,0.791,1.35,69.76,129.41,0.0,76.24,180.0
Negotiation_2,R6,2026-08-10T12:08:35.281227Z,human_signal,15,190,832,221,889,434,825,63.87,243.23,222.05,human,i_can,0.792,1.35,69.76,129.41,0.0,76.24,180.0
Negotiation_2,R6,2026-08-10T12:08:35.547939Z,shot_hit,15,197,851,212,867,413,845,22.59,215.97,202.01,human,NA,0.905,1.35,41.02,135.75,-135.78,130.47,125.75
Negotiation_2,R6,2026-08-10T12:08:35.548968Z,flight_spawn,16,721,-20,212,867,413,845,1023.77,918.77,202.01,system,NA,0.473,3.41,125.93,135.75,-135.78,130.47,125.75
Negotiation_2,R6,2026-08-10T12:08:37.402440Z,agent_signal,16,755,310,346,882,532,677,703.94,430.1,277.01,agent,i_can,0.379,3.41,74.31,129.41,0.0,130.47,-54.25
Negotiation_2,R6,2026-08-10T12:08:37.418593Z,behavior_monitor,16,755,310,346,882,534,675,703.94,427.56,279.54,system,NA,0.378,3.41,74.31,129.41,0.0,150.04,-54.25
Negotiation_2,R6,2026-08-10T12:08:37.927387Z,behavior_monitor,16,723,372,412,882,578,613,597.79,281.4,316.41,system,NA,0.32,3.41,178.71,129.41,0.0,150.04,-54.25
Negotiation_2,R6,2026-08-10T12:08:38.437159Z,behavior_monitor,16,624,374,477,873,611,565,520.06,191.57,335.7,system,NA,0.269,3.41,178.71,146.7,-37.69,87.67,180.0
Negotiation_2,R6,2026-08-10T12:08:38.946939Z,behavior_monitor,16,530,391,513,816,567,565,425.57,178.11,256.67,system,NA,0.295,3.41,153.23,134.49,15.8,87.67,180.0
Negotiation_2,R6,2026-08-10T12:08:39.454433Z,behavior_monitor,16,460,465,505,874,522,565,411.63,118.01,309.38,system,NA,0.223,3.41,127.67,134.84,135.34,82.8,180.0
Negotiation_2,R6,2026-08-10T12:08:39.959642Z,behavior_monitor,16,422,556,448,910,477,565,354.74,56.16,345.73,system,NA,0.137,3.41,99.07,114.57,180.0,87.67,180.0
Negotiation_2,R6,2026-08-10T12:08:40.284005Z,shot_hit,16,447,620,408,910,447,598,291.91,21.99,313.8,agent,NA,0.07,3.41,70.4,112.16,180.0,150.04,125.75
Negotiation_2,R6,2026-08-10T12:08:40.285033Z,flight_spawn,17,884,-20,408,910,447,598,1044.56,757.22,313.8,system,NA,0.42,3.3,127.27,112.16,180.0,150.04,125.75
Negotiation_2,R6,2026-08-10T12:08:42.631674Z,agent_signal,17,621,310,613,910,590,565,599.43,257.14,344.96,agent,i_can,0.3,3.3,87.19,57.32,180.0,81.0,0.0
Negotiation_2,R6,2026-08-10T12:08:42.648442Z,behavior_monitor,17,621,310,613,910,591,565,599.43,256.96,344.87,system,NA,0.3,3.3,87.19,64.22,180.0,87.67,0.0
Negotiation_2,R6,2026-08-10T12:08:43.156181Z,behavior_monitor,17,624,409,601,904,602,565,495.71,157.43,339.25,system,NA,0.241,3.3,87.19,129.41,0.0,0.0,129.83
Negotiation_2,R6,2026-08-10T12:08:43.664634Z,behavior_monitor,17,631,508,650,900,608,565,392.31,61.81,337.12,system,NA,0.136,3.3,87.19,37.34,-90.0,0.0,132.43
Negotiation_2,R6,2026-08-10T12:08:43.934289Z,shot_hit,17,616,562,675,894,599,565,337.13,17.15,336.82,agent,NA,0.048,3.3,108.29,129.41,0.0,0.0,180.0
Negotiation_2,R6,2026-08-10T12:08:43.935370Z,flight_spawn,18,721,-20,675,894,599,565,915.23,598.37,336.82,system,NA,0.395,2.83,135.0,129.41,0.0,0.0,180.0
Negotiation_2,R6,2026-08-10T12:08:45.728508Z,human_signal,18,716,251,721,908,682,565,657.0,315.44,345.62,human,your_turn,0.324,2.83,34.46,125.39,38.71,76.24,0.0
Negotiation_2,R6,2026-08-10T12:08:45.728734Z,behavior_monitor,18,716,251,721,908,682,565,657.0,315.44,345.62,system,NA,0.324,2.83,34.46,125.39,38.71,76.24,0.0
Negotiation_2,R6,2026-08-10T12:08:45.728858Z,human_signal,18,718,253,722,910,682,565,656.77,314.03,347.18,human,your_turn,0.323,2.83,34.46,125.39,38.71,76.24,0.0
Negotiation_2,R6,2026-08-10T12:08:46.241023Z,behavior_monitor,18,770,317,780,908,726,565,590.16,251.21,346.88,system,NA,0.299,2.83,58.97,136.11,-18.06,87.67,0.0
Negotiation_2,R6,2026-08-10T12:08:46.745606Z,behavior_monitor,18,816,386,840,868,771,564,482.81,184.04,311.51,system,NA,0.276,2.83,57.92,144.67,-41.54,87.67,0.0
Negotiation_2,R6,2026-08-10T12:08:46.763364Z,agent_signal,18,818,391,844,865,773,564,474.91,179.52,308.89,agent,i_can,0.274,2.83,57.92,144.67,-41.54,87.67,0.0
Negotiation_2,R6,2026-08-10T12:08:47.252475Z,behavior_monitor,18,845,463,904,846,816,564,387.93,105.45,295.36,system,NA,0.214,2.83,87.05,129.41,0.0,87.67,0.0
Negotiation_2,R6,2026-08-10T12:08:47.704605Z,shot_miss,18,868,536,960,870,842,565,346.73,39.43,326.98,agent,NA,0.102,2.83,42.92,125.52,48.67,82.8,0.0
Negotiation_2,R6,2026-08-10T12:08:47.754068Z,behavior_monitor,18,872,539,962,874,845,565,346.21,37.04,330.2,system,NA,0.097,2.83,42.92,132.06,51.38,87.67,0.0
Negotiation_2,R6,2026-08-10T12:08:47.987511Z,shot_hit,18,896,575,969,903,867,569,336.14,29.27,348.94,agent,NA,0.08,2.83,64.3,124.16,111.87,150.04,54.25
Negotiation_2,R6,2026-08-10T12:08:47.988039Z,flight_spawn,19,531,-20,969,903,867,569,1021.97,678.65,348.94,system,NA,0.399,3.52,124.64,124.16,111.87,150.04,54.25
Negotiation_2,R6,2026-08-10T12:08:50.424424Z,agent_signal,19,231,321,655,910,707,565,724.82,534.22,347.96,agent,i_can,0.424,3.52,102.4,129.41,180.0,76.24,180.0
Negotiation_2,R6,2026-08-10T12:08:50.440673Z,behavior_monitor,19,231,321,655,910,705,565,724.82,532.9,347.74,system,NA,0.424,3.52,102.4,129.41,180.0,87.67,180.0
Negotiation_2,R6,2026-08-10T12:08:50.663187Z,human_signal,19,222,369,624,910,685,565,674.13,503.19,350.45,human,i_can,0.427,3.52,75.45,129.41,180.0,87.67,180.0
Negotiation_2,R6,2026-08-10T12:08:50.947834Z,behavior_monitor,19,239,422,589,910,663,565,599.96,447.64,352.15,system,NA,0.427,3.52,47.19,129.41,180.0,76.24,180.0
Negotiation_2,R6,2026-08-10T12:08:51.390149Z,agent_signal,19,294,496,532,910,629,566,476.55,342.21,357.43,agent,your_turn,0.418,3.52,48.58,129.41,180.0,76.24,180.0
Negotiation_2,R6,2026-08-10T12:08:51.459385Z,behavior_monitor,19,301,504,523,910,624,565,462.11,329.26,358.76,system,NA,0.416,3.52,20.6,129.41,180.0,76.24,180.0
Negotiation_2,R6,2026-08-10T12:08:51.968028Z,behavior_monitor,19,397,544,464,910,586,567,371.55,191.0,364.24,system,NA,0.34,3.52,29.63,0.0,180.0,76.24,180.0
Negotiation_2,R6,2026-08-10T12:08:52.476826Z,behavior_monitor,19,477,608,523,910,547,592,304.9,72.11,317.98,system,NA,0.191,3.52,53.28,129.41,0.0,130.47,125.75
Negotiation_2,R6,2026-08-10T12:08:52.797912Z,shot_miss,19,521,665,567,910,521,629,249.36,35.49,284.22,agent,NA,0.125,3.52,53.28,129.41,0.0,130.47,125.75
Negotiation_2,R6,2026-08-10T12:08:52.983875Z,behavior_monitor,19,543,693,589,910,519,647,221.61,52.26,272.17,system,NA,0.191,3.52,53.28,129.41,0.0,110.87,50.33
Negotiation_2,R6,2026-08-10T12:08:53.488538Z,behavior_monitor,19,626,753,655,910,557,701,159.51,85.89,230.61,system,NA,0.35,3.52,30.7,129.41,0.0,130.47,54.25
Negotiation_2,R6,2026-08-10T12:08:53.996214Z,behavior_monitor,19,719,808,721,895,596,754,86.76,134.5,188.46,system,NA,0.608,3.52,58.6,136.53,-18.59,130.47,54.25
Negotiation_2,R6,2026-08-10T12:08:54.301085Z,shot_hit,19,753,862,761,881,620,786,21.1,153.0,170.06,human,NA,0.879,3.52,63.01,136.53,-18.59,130.47,54.25
Negotiation_2,R6,2026-08-10T12:08:54.301761Z,flight_spawn,20,899,-20,761,881,620,786,912.24,853.77,170.06,system,NA,0.483,2.92,133.32,136.53,-18.59,130.47,54.25
Negotiation_2,R6,2026-08-10T12:08:58.783237Z,human_signal,20,241,323,645,910,445,567,712.01,317.8,396.81,human,your_turn,0.309,2.92,170.95,129.41,180.0,76.24,180.0
Negotiation_2,R6,2026-08-10T12:08:58.784479Z,behavior_monitor,20,241,323,645,910,445,567,712.01,317.8,396.81,system,NA,0.309,2.92,170.95,129.41,180.0,76.24,180.0
Negotiation_2,R6,2026-08-10T12:08:58.784844Z,human_signal,20,238,324,643,910,445,567,712.74,319.42,396.37,human,your_turn,0.309,2.92,170.95,129.41,180.0,76.24,180.0
Negotiation_2,R6,2026-08-10T12:08:59.205548Z,agent_signal,20,165,335,588,910,408,565,713.13,334.66,388.46,agent,i_can,0.319,2.92,170.95,137.5,180.0,93.15,180.0
Negotiation_2,R6,2026-08-10T12:08:59.290296Z,behavior_monitor,20,152,337,579,910,401,565,713.98,337.25,387.84,system,NA,0.321,2.92,170.95,137.5,180.0,93.15,180.0
Negotiation_2,R6,2026-08-10T12:08:59.800492Z,behavior_monitor,20,70,361,513,910,356,565,704.84,350.81,378.49,system,NA,0.332,2.92,159.39,129.41,180.0,105.21,168.95
Negotiation_2,R6,2026-08-10T12:09:00.302965Z,behavior_monitor,20,32,413,447,910,311,565,647.47,317.73,370.88,system,NA,0.329,2.34,56.11,129.41,180.0,87.67,180.0
Negotiation_2,R6,2026-08-10T12:09:00.810824Z,behavior_monitor,20,30,480,381,910,266,564,554.3,249.94,364.37,system,NA,0.311,2.34,104.07,129.41,180.0,83.15,-161.9
Negotiation_2,R6,2026-08-10T12:09:01.318593Z,behavior_monitor,20,28,547,315,910,222,563,462.51,194.81,358.36,system,NA,0.296,2.29,61.42,129.41,180.0,87.67,180.0
Negotiation_2,R6,2026-08-10T12:09:01.690748Z,human_signal,20,51,594,265,910,190,586,381.48,138.84,333.17,human,i_can,0.267,2.29,64.77,129.41,180.0,150.04,125.75
Negotiation_2,R6,2026-08-10T12:09:01.825727Z,behavior_monitor,20,61,609,249,910,179,600,355.03,118.9,317.3,system,NA,0.251,2.29,64.77,129.41,180.0,130.47,125.75
Negotiation_2,R6,2026-08-10T12:09:02.198551Z,agent_signal,20,83,652,201,910,150,640,282.82,68.21,274.61,agent,your_turn,0.194,2.29,41.58,129.41,180.0,130.47,125.75
Negotiation_2,R6,2026-08-10T12:09:02.332803Z,behavior_monitor,20,92,665,183,910,140,654,261.22,49.19,259.17,system,NA,0.158,2.29,36.4,137.5,180.0,138.63,125.75
Negotiation_2,R6,2026-08-10T12:09:02.487051Z,shot_hit,20,111,676,161,910,127,670,239.25,16.54,241.76,agent,NA,0.065,2.29,10.29,129.41,180.0,130.47,125.75
