user_id,round_id,timestamp,event_type,flight_id,flight_x,flight_y,human_x,human_y,agent_x,agent_y,dist_human_flight,dist_agent_flight,dist_human_agent,triggered_by,signal_type,dir_ratio,flight_speed,flight_angle,human_speed,human_direction,agent_speed,agent_direction
Negotiation_46,R1,2026-09-10T06:24:06.900583Z,flight_spawn,1,1033,-20,382,800,154,566,1047.21,1056.07,326.29,system,NA,0.502,2.87,134.18,0.0,-24.34,0.0,0.0
Negotiation_46,R1,2026-09-10T06:32:11.994698Z,human_signal,1,747,228,1095,730,512,566,610.74,411.3,605.85,human,your_turn,0.402,2.87,137.86,0.0,180.0,76.24,0.0
Negotiation_46,R1,2026-09-10T06:32:11.997551Z,behavior_monitor,1,747,228,1095,730,512,566,610.74,411.3,605.85,system,NA,0.402,2.87,137.86,0.0,180.0,81.0,0.0
Negotiation_46,R1,2026-09-10T06:32:11.997964Z,human_signal,1,745,230,1095,730,512,566,610.01,408.87,605.85,human,your_turn,0.401,2.87,137.86,0.0,180.0,81.0,0.0
Negotiation_46,R1,2026-09-10T06:32:12.506788Z,behavior_monitor,1,692,288,1095,730,563,565,597.95,306.24,557.34,system,NA,0.339,2.87,111.86,0.0,180.0,93.6,0.0
Negotiation_46,R1,2026-09-10T06:32:13.017472Z,behavior_monitor,1,677,370,1095,730,613,565,550.94,205.37,509.25,system,NA,0.272,2.87,58.49,0.0,180.0,99.11,0.0
Negotiation_46,R1,2026-09-10T06:32:13.221891Z,agent_signal,1,702,402,1095,730,633,565,511.74,177.04,490.16,agent,i_can,0.257,2.87,58.49,0.0,180.0,93.6,0.0
Negotiation_46,R1,2026-09-10T06:32:13.527941Z,behavior_monitor,1,730,444,1095,730,664,565,463.56,138.67,461.69,system,NA,0.23,2.87,58.49,0.0,180.0,99.11,0.0
Negotiation_46,R1,2026-09-10T06:32:14.039285Z,behavior_monitor,1,778,517,1127,730,715,566,409.09,79.75,444.08,system,NA,0.163,2.87,58.49,95.53,0.0,99.11,0.0
Negotiation_46,R1,2026-09-10T06:32:14.381079Z,shot_miss,1,788,575,1151,730,750,571,394.91,37.81,431.26,agent,NA,0.087,2.87,111.64,0.0,0.0,169.61,54.25
Negotiation_46,R1,2026-09-10T06:32:14.550042Z,behavior_monitor,1,779,599,1151,730,758,591,393.7,22.79,416.48,system,NA,0.055,2.87,87.97,0.0,0.0,137.65,90.0
Negotiation_46,R1,2026-09-10T06:32:14.584660Z,shot_hit,1,780,608,1151,730,758,598,390.09,24.21,414.2,agent,NA,0.058,2.87,87.97,0.0,0.0,137.65,90.0
Negotiation_46,R1,2026-09-10T06:32:14.585164Z,flight_spawn,2,612,-20,1151,730,758,598,923.37,635.62,414.2,system,NA,0.408,2.85,45.39,0.0,0.0,137.65,90.0
Negotiation_46,R1,2026-09-10T06:32:16.102262Z,human_signal,2,653,213,1112,730,669,566,691.3,353.49,472.15,human,your_turn,0.338,2.85,89.57,0.0,180.0,76.24,180.0
Negotiation_46,R1,2026-09-10T06:32:16.103305Z,behavior_monitor,2,653,213,1112,730,669,566,691.3,353.49,472.15,system,NA,0.338,2.85,89.57,0.0,180.0,76.24,180.0
Negotiation_46,R1,2026-09-10T06:32:16.103765Z,human_signal,2,653,216,1112,730,669,566,689.09,350.64,472.15,human,your_turn,0.337,2.85,89.57,0.0,180.0,76.24,180.0
Negotiation_46,R1,2026-09-10T06:32:16.612596Z,behavior_monitor,2,685,283,1112,730,658,565,617.83,283.28,483.4,system,NA,0.314,2.85,13.22,0.0,180.0,99.11,0.0
Negotiation_46,R1,2026-09-10T06:32:17.126471Z,behavior_monitor,2,758,323,1112,730,708,566,539.47,247.46,435.98,system,NA,0.314,2.85,40.39,0.0,180.0,99.11,0.0
Negotiation_46,R1,2026-09-10T06:32:17.330235Z,agent_signal,2,788,338,1112,730,729,566,508.48,235.77,416.76,agent,i_can,0.317,2.85,11.24,0.0,180.0,99.11,0.0
Negotiation_46,R1,2026-09-10T06:32:17.637157Z,behavior_monitor,2,836,348,1117,730,760,566,473.39,230.72,392.98,system,NA,0.328,2.85,36.27,58.75,0.0,99.11,0.0
Negotiation_46,R1,2026-09-10T06:32:18.145998Z,behavior_monitor,2,921,372,1150,730,810,566,424.25,223.23,377.32,system,NA,0.345,2.85,16.82,0.0,0.0,99.11,0.0
Negotiation_46,R1,2026-09-10T06:32:18.657757Z,behavior_monitor,2,994,420,1150,730,861,566,346.45,197.56,332.5,system,NA,0.363,2.85,38.94,0.0,0.0,99.11,0.0
Negotiation_46,R1,2026-09-10T06:32:19.169409Z,behavior_monitor,2,1036,495,1150,730,912,566,261.1,142.68,289.03,system,NA,0.353,2.85,67.36,0.0,0.0,99.11,0.0
Negotiation_46,R1,2026-09-10T06:32:19.679227Z,behavior_monitor,2,1086,562,1158,730,963,566,182.25,123.01,254.65,system,NA,0.403,2.85,62.3,100.53,0.0,99.11,0.0
Negotiation_46,R1,2026-09-10T06:32:20.188778Z,behavior_monitor,2,1118,639,1154,730,1013,629,97.2,105.47,172.93,system,NA,0.52,2.85,86.92,90.82,180.0,169.61,54.25
Negotiation_46,R1,2026-09-10T06:32:20.648751Z,shot_hit,2,1128,716,1140,730,1060,692,17.75,72.77,88.35,human,NA,0.804,2.85,86.92,0.0,180.0,169.61,54.25
Negotiation_46,R1,2026-09-10T06:32:20.649417Z,flight_spawn,3,331,-20,1140,730,1060,692,1103.36,1019.61,88.35,system,NA,0.48,3.23,128.32,0.0,180.0,169.61,54.25
Negotiation_46,R1,2026-09-10T06:32:22.609477Z,human_signal,3,407,298,1076,730,942,566,795.91,597.64,212.06,human,your_turn,0.429,3.23,33.06,0.0,180.0,0.0,180.0
Negotiation_46,R1,2026-09-10T06:32:22.610730Z,behavior_monitor,3,407,298,1076,730,942,566,795.91,597.64,212.06,system,NA,0.429,3.23,33.06,0.0,180.0,0.0,180.0
Negotiation_46,R1,2026-09-10T06:32:22.611190Z,human_signal,3,409,300,1076,730,942,566,792.97,594.73,212.06,human,your_turn,0.429,3.23,54.62,0.0,180.0,0.0,180.0
Negotiation_46,R1,2026-09-10T06:32:22.949374Z,agent_signal,3,404,354,1076,730,908,566,769.25,546.21,234.59,agent,i_can,0.415,3.23,141.29,0.0,180.0,99.11,180.0
Negotiation_46,R1,2026-09-10T06:32:23.119322Z,behavior_monitor,3,382,368,1076,730,891,566,782.48,546.08,247.07,system,NA,0.411,3.23,171.16,0.0,180.0,99.11,180.0
Negotiation_46,R1,2026-09-10T06:32:23.631329Z,behavior_monitor,3,292,402,1076,730,841,565,849.4,572.27,286.85,system,NA,0.403,3.23,146.83,0.0,180.0,99.11,180.0
Negotiation_46,R1,2026-09-10T06:32:24.141404Z,behavior_monitor,3,206,450,1076,730,791,566,913.6,595.7,329.12,system,NA,0.395,3.23,142.75,0.0,180.0,99.11,180.0
Negotiation_46,R1,2026-09-10T06:32:24.652856Z,behavior_monitor,3,131,508,1076,730,740,565,970.4,611.64,373.93,system,NA,0.387,3.23,142.75,0.0,180.0,105.3,180.0
Negotiation_46,R1,2026-09-10T06:32:25.161847Z,behavior_monitor,3,73,575,1076,730,690,570,1014.68,616.49,418.1,system,NA,0.378,3.23,90.76,0.0,180.0,169.61,125.75
Negotiation_46,R1,2026-09-10T06:32:25.671060Z,behavior_monitor,3,98,668,1076,730,639,640,979.53,541.36,446.0,system,NA,0.356,3.23,66.04,0.0,180.0,169.61,125.75
Negotiation_46,R1,2026-09-10T06:32:26.181928Z,behavior_monitor,3,169,724,1076,730,589,711,906.61,419.57,487.58,system,NA,0.316,3.23,43.17,0.0,180.0,169.61,125.75
Negotiation_46,R1,2026-09-10T06:32:26.692003Z,behavior_monitor,3,249,783,1076,730,537,779,828.63,288.34,540.88,system,NA,0.258,3.23,22.93,0.0,180.0,169.61,125.75
Negotiation_46,R1,2026-09-10T06:32:27.202079Z,behavior_monitor,3,335,821,1076,730,487,817,746.12,151.44,595.54,system,NA,0.169,3.23,22.93,0.0,180.0,169.61,125.75
Negotiation_46,R1,2026-09-10T06:32:27.712327Z,behavior_monitor,3,430,837,1076,730,436,831,654.68,8.04,648.01,system,NA,0.012,3.23,0.06,0.0,180.0,99.11,180.0
Negotiation_46,R1,2026-09-10T06:32:27.865025Z,shot_hit,3,463,837,1076,730,436,831,621.97,27.87,648.01,agent,NA,0.043,3.23,0.06,0.0,180.0,99.11,0.0
Negotiation_46,R1,2026-09-10T06:32:27.865453Z,flight_spawn,4,738,-20,1076,730,436,831,822.72,903.67,648.01,system,NA,0.523,3.47,54.76,0.0,180.0,99.11,0.0
Negotiation_46,R1,2026-09-10T06:32:29.293838Z,human_signal,4,909,209,1076,730,523,710,546.83,632.74,553.03,human,i_can,0.536,3.47,9.49,0.0,180.0,130.47,-54.25
Negotiation_46,R1,2026-09-10T06:32:29.310496Z,behavior_monitor,4,909,209,1076,730,524,709,546.83,631.08,552.11,system,NA,0.536,3.47,9.49,0.0,180.0,97.85,-54.25
Negotiation_46,R1,2026-09-10T06:32:29.821671Z,behavior_monitor,4,1013,229,1076,730,553,668,504.71,635.45,526.21,system,NA,0.557,3.47,11.77,0.0,180.0,97.85,-54.25
Negotiation_46,R1,2026-09-10T06:32:30.331459Z,behavior_monitor,4,1110,254,1076,672,567,650,419.58,671.98,509.07,system,NA,0.616,3.47,18.45,129.41,-90.0,0.0,44.55
Negotiation_46,R1,2026-09-10T06:32:30.841399Z,behavior_monitor,4,1217,277,1086,606,567,649,354.54,749.2,521.09,system,NA,0.679,3.47,15.38,139.24,-64.79,23.73,-145.61
Negotiation_46,R1,2026-09-10T06:32:31.351362Z,behavior_monitor,4,1319,304,1136,556,590,617,311.71,793.24,548.99,system,NA,0.718,3.47,15.38,139.5,-30.85,130.47,-54.25
Negotiation_46,R1,2026-09-10T06:32:31.804400Z,agent_signal,4,1395,354,1196,532,626,568,267.0,798.65,571.23,agent,your_turn,0.749,3.47,18.84,142.17,-14.73,138.63,-54.25
Negotiation_46,R1,2026-09-10T06:32:31.854300Z,behavior_monitor,4,1403,357,1200,532,629,566,267.87,802.15,572.63,system,NA,0.75,3.47,18.84,129.41,0.0,57.18,0.0
Negotiation_46,R1,2026-09-10T06:32:32.365279Z,behavior_monitor,4,1420,390,1266,541,658,566,215.75,782.28,608.15,system,NA,0.784,2.26,150.37,136.42,23.89,57.18,0.0
Negotiation_46,R1,2026-09-10T06:32:32.876994Z,behavior_monitor,4,1421,448,1328,572,669,566,155.19,761.29,659.3,system,NA,0.831,2.26,49.24,127.07,28.35,0.0,-58.38
Negotiation_46,R1,2026-09-10T06:32:33.386767Z,behavior_monitor,4,1433,481,1392,596,669,566,122.41,768.71,723.51,system,NA,0.863,1.54,118.77,135.31,18.4,0.0,63.4
Negotiation_46,R1,2026-09-10T06:32:33.896758Z,behavior_monitor,4,1406,505,1402,600,696,566,94.47,711.69,706.47,system,NA,0.883,1.54,170.2,0.0,22.37,76.24,0.0
Negotiation_46,R1,2026-09-10T06:32:34.408651Z,behavior_monitor,4,1363,515,1374,581,736,566,66.99,629.65,639.03,system,NA,0.904,1.54,140.66,136.63,-145.13,92.91,4.34
Negotiation_46,R1,2026-09-10T06:32:34.817304Z,shot_hit,4,1332,538,1332,552,766,566,13.92,565.72,566.1,human,NA,0.976,1.54,140.66,94.27,-134.5,76.24,0.0
Negotiation_46,R1,2026-09-10T06:32:34.817868Z,flight_spawn,5,1183,-20,1332,552,766,566,591.5,719.1,566.1,system,NA,0.549,2.83,135.0,94.27,-134.5,76.24,0.0
Negotiation_46,R1,2026-09-10T06:32:37.358094Z,human_signal,5,815,170,1309,578,834,566,639.67,395.68,474.74,human,your_turn,0.382,2.83,158.89,85.7,180.0,76.24,180.0
Negotiation_46,R1,2026-09-10T06:32:37.358842Z,behavior_monitor,5,815,170,1309,578,834,566,639.67,395.68,474.74,system,NA,0.382,2.83,158.89,83.63,180.0,76.24,180.0
Negotiation_46,R1,2026-09-10T06:32:37.359256Z,human_signal,5,813,171,1307,578,834,566,639.89,394.79,473.35,human,your_turn,0.382,2.83,158.89,83.63,180.0,76.24,180.0
Negotiation_46,R1,2026-09-10T06:32:37.866126Z,behavior_monitor,5,741,201,1268,578,783,566,647.76,367.45,484.83,system,NA,0.362,2.83,158.89,81.01,180.0,99.11,180.0
Negotiation_46,R1,2026-09-10T06:32:38.378889Z,behavior_monitor,5,662,231,1214,578,733,566,651.4,341.97,481.28,system,NA,0.344,2.83,153.94,129.41,180.0,99.11,180.0
Negotiation_46,R1,2026-09-10T06:32:38.889449Z,behavior_monitor,5,598,284,1148,578,682,565,623.09,293.35,465.62,system,NA,0.32,2.83,152.33,129.41,180.0,99.11,180.0
Negotiation_46,R1,2026-09-10T06:32:39.398282Z,behavior_monitor,5,525,320,1082,578,632,565,613.45,267.51,449.98,system,NA,0.304,2.83,176.31,129.41,180.0,99.11,180.0
Negotiation_46,R1,2026-09-10T06:32:39.466727Z,agent_signal,5,513,321,1071,578,625,565,613.97,268.82,445.72,agent,i_can,0.305,2.83,176.31,129.41,180.0,99.11,180.0
Negotiation_46,R1,2026-09-10T06:32:39.908181Z,behavior_monitor,5,440,327,1047,578,581,565,657.24,276.79,466.47,system,NA,0.296,2.83,154.51,0.0,180.0,99.11,180.0
Negotiation_46,R1,2026-09-10T06:32:40.418019Z,behavior_monitor,5,371,377,1075,590,531,565,735.04,246.56,544.56,system,NA,0.251,2.83,133.12,0.0,30.44,99.11,180.0
Negotiation_46,R1,2026-09-10T06:32:40.927727Z,behavior_monitor,5,322,445,1075,590,480,565,766.33,198.72,594.92,system,NA,0.206,2.83,112.78,0.0,30.44,99.11,180.0
Negotiation_46,R1,2026-09-10T06:32:41.436969Z,behavior_monitor,5,303,525,1075,590,430,565,774.14,132.67,645.44,system,NA,0.146,2.83,109.06,0.0,30.44,99.11,180.0
Negotiation_46,R1,2026-09-10T06:32:41.947818Z,behavior_monitor,5,288,608,1075,590,379,598,786.59,91.45,695.53,system,NA,0.104,2.83,86.18,0.0,30.44,169.61,125.75
Negotiation_46,R1,2026-09-10T06:32:42.456671Z,behavior_monitor,5,281,691,1075,590,329,668,799.82,52.73,750.07,system,NA,0.062,2.83,87.33,0.0,30.44,169.61,125.75
Negotiation_46,R1,2026-09-10T06:32:42.610214Z,shot_miss,5,282,719,1075,590,312,691,803.16,40.86,769.55,agent,NA,0.048,2.83,87.33,0.0,30.44,169.61,125.75
Negotiation_46,R1,2026-09-10T06:32:42.830188Z,shot_hit,5,291,754,1075,590,290,722,800.74,32.32,795.73,agent,NA,0.039,2.83,59.71,0.0,30.44,169.61,125.75
Negotiation_46,R1,2026-09-10T06:32:42.830638Z,flight_spawn,6,653,-20,1075,590,290,722,741.99,826.28,795.73,system,NA,0.527,2.92,46.84,0.0,30.44,169.61,125.75
Negotiation_46,R1,2026-09-10T06:32:44.270102Z,human_signal,6,821,139,1075,590,373,607,517.66,647.33,701.75,human,i_can,0.556,2.92,83.19,0.0,30.44,130.47,-54.25
Negotiation_46,R1,2026-09-10T06:32:44.286490Z,behavior_monitor,6,821,139,1075,590,374,605,517.66,645.68,700.75,system,NA,0.555,2.92,83.19,0.0,30.44,97.85,-54.25
Negotiation_46,R1,2026-09-10T06:32:44.797560Z,behavior_monitor,6,877,202,1058,580,404,566,418.65,596.57,654.31,system,NA,0.588,2.92,54.43,145.7,-136.98,57.18,0.0
Negotiation_46,R1,2026-09-10T06:32:45.307656Z,behavior_monitor,6,930,270,1012,523,418,566,266.26,591.67,596.21,system,NA,0.69,2.92,25.35,139.2,-124.09,0.0,-49.61
Negotiation_46,R1,2026-09-10T06:32:45.818687Z,behavior_monitor,6,1014,285,1002,488,434,566,203.76,644.41,573.36,system,NA,0.76,2.92,50.36,35.17,-90.0,63.6,14.34
Negotiation_46,R1,2026-09-10T06:32:45.989946Z,agent_signal,6,1036,308,1011,484,447,566,177.72,642.99,569.86,agent,your_turn,0.783,2.92,24.2,87.57,-26.24,76.24,0.0
Negotiation_46,R1,2026-09-10T06:32:46.329299Z,behavior_monitor,6,1091,317,1049,470,466,566,158.87,672.9,590.82,system,NA,0.809,2.92,20.16,133.5,-19.14,57.18,0.0
Negotiation_46,R1,2026-09-10T06:32:46.840894Z,behavior_monitor,6,1176,347,1115,463,491,566,131.02,719.5,632.88,system,NA,0.846,2.92,20.16,129.41,0.0,0.0,0.0
Negotiation_46,R1,2026-09-10T06:32:47.351215Z,behavior_monitor,6,1247,396,1179,488,491,565,114.64,774.97,692.38,system,NA,0.871,2.92,6.63,138.79,32.36,0.0,-97.73
Negotiation_46,R1,2026-09-10T06:32:47.861643Z,behavior_monitor,6,1327,412,1235,531,523,565,150.39,817.72,712.13,system,NA,0.845,2.92,55.63,138.06,39.33,76.24,0.0
Negotiation_46,R1,2026-09-10T06:32:48.369767Z,behavior_monitor,6,1383,483,1290,575,562,565,130.77,824.6,727.58,system,NA,0.863,2.92,51.09,146.36,37.21,81.0,0.0
Negotiation_46,R1,2026-09-10T06:32:48.880299Z,behavior_monitor,6,1435,550,1346,617,601,566,110.75,834.49,747.47,system,NA,0.883,2.92,72.25,138.93,32.95,76.24,0.0
Negotiation_46,R1,2026-09-10T06:32:49.391975Z,behavior_monitor,6,1434,628,1406,654,640,607,38.31,795.07,768.4,system,NA,0.954,2.84,154.37,138.7,31.64,130.47,54.25
Negotiation_46,R1,2026-09-10T06:32:49.563853Z,shot_miss,6,1409,633,1427,666,652,625,37.28,756.38,775.18,human,NA,0.953,2.84,176.64,138.7,31.64,130.47,54.25
Negotiation_46,R1,2026-09-10T06:32:49.902913Z,behavior_monitor,6,1357,651,1431,675,678,645,78.42,678.65,753.61,system,NA,0.896,2.84,149.98,90.07,180.0,76.24,0.0
Negotiation_46,R1,2026-09-10T06:32:50.413360Z,behavior_monitor,6,1278,663,1369,701,717,659,98.18,560.48,652.59,system,NA,0.851,2.84,176.37,143.89,143.05,130.47,54.25
Negotiation_46,R1,2026-09-10T06:32:50.923102Z,behavior_monitor,6,1190,669,1309,743,738,661,140.44,452.36,577.17,system,NA,0.763,2.84,176.37,141.25,149.89,0.0,0.0
Negotiation_46,R1,2026-09-10T06:32:51.502413Z,human_signal,6,1098,697,1235,774,768,692,157.22,330.55,474.57,human,your_turn,0.678,2.84,160.77,129.57,160.62,123.22,54.25
Negotiation_46,R1,2026-09-10T06:32:51.504377Z,behavior_monitor,6,1098,697,1235,774,768,692,157.22,330.55,474.57,system,NA,0.678,2.84,160.77,137.19,160.62,76.24,0.0
Negotiation_46,R1,2026-09-10T06:32:51.504806Z,human_signal,6,1096,698,1233,775,768,692,157.68,327.75,472.54,human,your_turn,0.675,2.84,160.77,137.19,160.62,76.24,0.0
Negotiation_46,R1,2026-09-10T06:32:52.005960Z,behavior_monitor,6,1021,737,1169,797,818,731,159.89,202.92,357.01,system,NA,0.559,2.84,161.42,137.1,160.72,99.11,0.0
Negotiation_46,R1,2026-09-10T06:32:52.412406Z,agent_signal,6,954,761,1116,816,858,755,171.68,95.73,265.28,agent,i_can,0.358,2.84,135.78,137.1,160.72,169.61,54.25
Negotiation_46,R1,2026-09-10T06:32:52.513948Z,behavior_monitor,6,941,769,1103,821,868,764,169.85,73.04,241.51,system,NA,0.301,2.84,165.44,137.1,160.72,99.11,0.0
Negotiation_46,R1,2026-09-10T06:32:52.752031Z,shot_hit,6,903,790,1071,832,887,785,172.94,17.3,190.18,agent,NA,0.091,2.84,141.62,128.21,159.95,137.65,90.0
Negotiation_46,R1,2026-09-10T06:32:52.752486Z,flight_spawn,7,824,-20,1071,832,887,785,887.29,807.77,190.18,system,NA,0.477,3.11,49.9,128.21,159.95,137.65,90.0
Negotiation_46,R1,2026-09-10T06:32:55.271614Z,agent_signal,7,1119,307,1037,695,1018,567,396.23,278.24,129.7,agent,i_can,0.413,3.11,10.92,129.41,0.0,76.24,0.0
Negotiation_46,R1,2026-09-10T06:32:55.288083Z,behavior_monitor,7,1119,307,1037,695,1020,567,396.23,277.64,129.46,system,NA,0.412,3.11,10.92,129.41,0.0,99.11,0.0
Negotiation_46,R1,2026-09-10T06:32:55.795641Z,behavior_monitor,7,1142,388,1103,695,1071,567,309.34,192.29,132.4,system,NA,0.383,3.11,68.07,137.5,0.0,105.3,0.0
Negotiation_46,R1,2026-09-10T06:32:56.303818Z,behavior_monitor,7,1191,463,1115,695,1121,565,244.34,123.69,130.34,system,NA,0.336,3.11,42.42,0.0,0.0,93.6,0.0
Negotiation_46,R1,2026-09-10T06:32:56.815757Z,behavior_monitor,7,1244,533,1153,695,1171,566,186.41,80.12,130.76,system,NA,0.301,3.11,95.4,114.34,0.0,99.11,0.0
Negotiation_46,R1,2026-09-10T06:32:57.325911Z,behavior_monitor,7,1278,619,1219,695,1222,605,95.82,57.64,89.7,system,NA,0.376,3.11,67.29,129.41,0.0,169.61,54.25
Negotiation_46,R1,2026-09-10T06:32:57.394483Z,conflict,7,1284,634,1230,695,1231,617,82.07,56.43,78.14,system,NA,0.407,3.11,67.29,129.41,0.0,173.67,46.76
Negotiation_46,R1,2026-09-10T06:32:57.829028Z,conflict,7,1283,711,1230,695,1231,617,56.05,107.99,78.14,human,NA,0.658,3.11,93.63,0.0,0.0,0.0,54.25
Negotiation_46,R1,2026-09-10T06:32:57.829327Z,shot_miss,7,1283,711,1230,695,1231,617,56.05,107.99,78.14,human,NA,0.658,3.11,93.63,0.0,0.0,0.0,54.25
Negotiation_46,R1,2026-09-10T06:32:57.829643Z,behavior_monitor,7,1283,711,1230,695,1231,617,56.05,107.99,78.14,system,NA,0.658,3.11,93.63,0.0,0.0,0.0,54.25
Negotiation_46,R1,2026-09-10T06:32:58.332802Z,behavior_monitor,7,1277,804,1231,696,1232,619,117.94,190.19,76.46,system,NA,0.617,3.11,93.63,66.49,34.77,171.19,53.52
Negotiation_46,R1,2026-09-10T06:32:58.843138Z,behavior_monitor,7,1305,890,1193,716,1282,690,206.92,201.32,92.87,system,NA,0.493,3.11,53.21,70.34,144.6,169.61,54.25
Negotiation_46,R1,2026-09-10T06:32:59.302229Z,flight_missed,7,1364,953,1140,748,1328,756,303.51,200.59,187.66,system,NA,0.398,3.11,50.44,138.71,154.83,169.61,54.25
Negotiation_46,R1,2026-09-10T06:32:59.303330Z,flight_spawn,8,700,-20,1140,748,1328,756,885.41,997.97,187.66,system,NA,0.53,3.16,50.73,138.71,154.83,169.61,54.25
Negotiation_46,R1,2026-09-10T06:33:02.825728Z,human_signal,8,1263,224,868,660,1194,566,588.53,348.75,339.61,human,your_turn,0.372,3.16,2.33,0.0,-136.78,76.24,0.0
Negotiation_46,R1,2026-09-10T06:33:02.826954Z,behavior_monitor,8,1263,224,868,660,1194,566,588.53,348.75,339.61,system,NA,0.372,3.16,2.33,0.0,-136.78,76.24,0.0
Negotiation_46,R1,2026-09-10T06:33:02.827142Z,human_signal,8,1266,224,868,660,1194,566,590.23,349.16,339.61,human,your_turn,0.372,3.16,2.33,0.0,-136.78,76.24,0.0
Negotiation_46,R1,2026-09-10T06:33:03.334622Z,behavior_monitor,8,1349,257,868,660,1244,566,627.22,325.39,388.43,system,NA,0.342,3.16,20.87,0.0,-136.78,99.11,0.0
Negotiation_46,R1,2026-09-10T06:33:03.845327Z,behavior_monitor,8,1441,280,837,660,1295,565,712.96,319.94,467.73,system,NA,0.31,3.16,0.88,129.41,180.0,99.11,0.0
Negotiation_46,R1,2026-09-10T06:33:04.346749Z,behavior_monitor,8,1400,282,773,660,1344,565,732.04,289.01,578.51,system,NA,0.283,1.9,178.53,129.41,180.0,99.11,0.0
Negotiation_46,R1,2026-09-10T06:33:04.856824Z,behavior_monitor,8,1346,298,753,660,1329,565,694.73,267.67,583.57,system,NA,0.278,1.9,160.19,0.0,180.0,99.11,180.0
Negotiation_46,R1,2026-09-10T06:33:05.367566Z,behavior_monitor,8,1295,320,753,660,1280,565,639.65,245.68,535.52,system,NA,0.277,1.9,166.37,0.0,180.0,99.11,180.0
Negotiation_46,R1,2026-09-10T06:33:05.520647Z,agent_signal,8,1274,324,753,660,1265,565,619.72,240.94,520.6,agent,i_can,0.28,1.9,166.37,0.0,180.0,99.11,180.0
Negotiation_46,R1,2026-09-10T06:33:05.874957Z,behavior_monitor,8,1234,333,753,660,1230,565,581.2,231.87,485.85,system,NA,0.285,1.9,166.37,0.0,180.0,99.11,180.0
Negotiation_46,R1,2026-09-10T06:33:06.385292Z,behavior_monitor,8,1177,346,753,660,1180,565,527.43,218.28,437.01,system,NA,0.293,1.9,169.04,0.0,180.0,99.11,180.0
Negotiation_46,R1,2026-09-10T06:33:06.894002Z,behavior_monitor,8,1123,361,742,660,1129,565,484.18,203.42,398.08,system,NA,0.296,1.9,142.03,103.86,180.0,99.11,180.0
Negotiation_46,R1,2026-09-10T06:33:07.403904Z,behavior_monitor,8,1079,402,678,660,1078,565,477.3,163.08,411.57,system,NA,0.255,1.9,119.44,129.41,180.0,99.11,180.0
Negotiation_46,R1,2026-09-10T06:33:07.914399Z,behavior_monitor,8,1065,456,612,660,1048,564,497.28,109.15,447.01,system,NA,0.18,1.9,93.81,129.41,180.0,0.0,-45.41
Negotiation_46,R1,2026-09-10T06:33:08.424285Z,behavior_monitor,8,1039,507,580,660,1023,564,484.21,58.98,453.27,system,NA,0.109,1.9,94.73,0.0,180.0,21.37,-178.13
Negotiation_46,R1,2026-09-10T06:33:08.662757Z,shot_miss,8,1040,535,580,660,1021,564,476.52,33.99,451.63,agent,NA,0.067,1.9,69.36,0.0,180.0,0.0,180.0
Negotiation_46,R1,2026-09-10T06:33:08.934681Z,behavior_monitor,8,1037,563,580,660,1021,564,467.8,16.82,451.19,system,NA,0.035,1.9,98.77,0.0,180.0,0.0,139.38
Negotiation_46,R1,2026-09-10T06:33:08.985555Z,shot_hit,8,1038,571,580,660,1021,566,466.54,17.55,450.7,agent,NA,0.036,1.9,98.77,0.0,180.0,0.0,139.38
Negotiation_46,R1,2026-09-10T06:33:08.986622Z,flight_spawn,9,861,-20,580,660,1021,566,736.16,608.3,450.7,system,NA,0.452,2.84,45.33,0.0,180.0,0.0,139.38
Negotiation_46,R1,2026-09-10T06:33:11.329650Z,human_signal,9,1230,77,580,660,1083,566,873.11,510.86,511.72,human,your_turn,0.369,2.84,18.68,0.0,180.0,76.24,0.0
Negotiation_46,R1,2026-09-10T06:33:11.331568Z,behavior_monitor,9,1230,77,580,660,1083,566,873.11,510.86,511.72,system,NA,0.369,2.84,18.68,0.0,180.0,76.24,0.0
Negotiation_46,R1,2026-09-10T06:33:11.331995Z,human_signal,9,1232,78,580,660,1083,566,874.19,510.65,511.72,human,your_turn,0.369,2.84,18.68,0.0,180.0,76.24,0.0
Negotiation_46,R1,2026-09-10T06:33:11.838962Z,behavior_monitor,9,1303,117,580,660,1133,566,903.85,480.06,561.49,system,NA,0.347,2.84,43.54,0.0,180.0,99.11,0.0
Negotiation_46,R1,2026-09-10T06:33:12.351804Z,behavior_monitor,9,1368,176,580,660,1184,566,925.02,431.73,611.39,system,NA,0.318,2.84,43.54,0.0,180.0,99.11,0.0
Negotiation_46,R1,2026-09-10T06:33:12.862645Z,behavior_monitor,9,1434,235,580,660,1235,567,953.87,386.75,661.74,system,NA,0.288,2.84,43.54,0.0,180.0,99.11,0.0
Negotiation_46,R1,2026-09-10T06:33:13.373051Z,behavior_monitor,9,1418,291,580,660,1286,565,915.91,303.72,712.54,system,NA,0.249,2.32,123.56,0.0,180.0,99.11,0.0
Negotiation_46,R1,2026-09-10T06:33:13.510682Z,agent_signal,9,1404,308,580,660,1299,565,895.92,277.0,725.9,agent,i_can,0.236,2.32,145.21,0.0,180.0,99.11,0.0
Negotiation_46,R1,2026-09-10T06:33:13.884116Z,behavior_monitor,9,1357,315,580,660,1335,564,850.08,250.32,760.96,system,NA,0.227,2.32,164.92,0.0,180.0,0.0,0.0
Negotiation_46,R1,2026-09-10T06:33:14.395628Z,behavior_monitor,9,1284,330,580,660,1287,565,778.18,235.01,713.78,system,NA,0.232,2.32,170.47,0.0,180.0,99.11,180.0
Negotiation_46,R1,2026-09-10T06:33:14.906410Z,behavior_monitor,9,1212,348,580,660,1236,564,705.56,218.14,663.26,system,NA,0.236,2.32,162.52,0.0,180.0,99.11,180.0
Negotiation_46,R1,2026-09-10T06:33:15.417406Z,behavior_monitor,9,1164,394,580,660,1186,564,642.07,171.58,613.36,system,NA,0.211,2.32,149.51,0.0,180.0,99.11,180.0
Negotiation_46,R1,2026-09-10T06:33:15.926059Z,behavior_monitor,9,1110,435,580,660,1135,564,576.05,131.76,563.48,system,NA,0.186,2.32,121.57,0.0,180.0,99.11,180.0
Negotiation_46,R1,2026-09-10T06:33:16.435964Z,behavior_monitor,9,1070,490,549,660,1085,565,548.38,75.56,544.65,system,NA,0.121,2.32,145.18,129.41,180.0,99.11,180.0
Negotiation_46,R1,2026-09-10T06:33:16.946550Z,behavior_monitor,9,1004,511,483,660,1034,564,542.08,61.7,559.63,system,NA,0.102,2.32,129.56,124.62,180.0,99.11,180.0
Negotiation_46,R1,2026-09-10T06:33:17.253025Z,shot_hit,9,978,545,452,660,1002,564,538.63,30.89,558.46,agent,NA,0.054,2.32,115.46,87.11,180.0,99.11,180.0
Negotiation_46,R1,2026-09-10T06:33:17.254125Z,flight_spawn,10,751,-20,452,660,1002,564,743.12,636.56,558.46,system,NA,0.461,2.83,45.0,87.11,180.0,99.11,180.0
Negotiation_46,R1,2026-09-10T06:33:18.921694Z,human_signal,10,1012,41,408,660,974,565,864.7,524.7,573.93,human,your_turn,0.378,2.83,23.18,0.0,180.0,76.24,0.0
Negotiation_46,R1,2026-09-10T06:33:18.922948Z,behavior_monitor,10,1012,41,408,660,974,565,864.7,524.7,573.93,system,NA,0.378,2.83,23.18,0.0,180.0,76.24,0.0
Negotiation_46,R1,2026-09-10T06:33:18.923658Z,human_signal,10,1015,43,408,660,974,565,865.86,523.8,573.93,human,your_turn,0.377,2.83,23.18,0.0,180.0,76.24,0.0
Negotiation_46,R1,2026-09-10T06:33:19.431142Z,behavior_monitor,10,1084,87,408,660,1024,565,886.43,481.4,623.99,system,NA,0.352,2.83,44.04,0.0,180.0,99.11,0.0
Negotiation_46,R1,2026-09-10T06:33:19.940468Z,behavior_monitor,10,1137,149,408,660,1075,564,890.26,419.83,673.61,system,NA,0.32,2.83,69.26,0.0,180.0,99.11,0.0
Negotiation_46,R1,2026-09-10T06:33:20.451308Z,behavior_monitor,10,1216,181,408,660,1125,564,939.41,393.3,723.7,system,NA,0.295,2.83,19.48,0.0,180.0,99.11,0.0
Negotiation_46,R1,2026-09-10T06:33:20.961213Z,behavior_monitor,10,1306,194,408,660,1176,564,1011.65,392.14,773.99,system,NA,0.279,2.83,4.06,0.0,180.0,99.11,0.0
Negotiation_46,R1,2026-09-10T06:33:21.473486Z,behavior_monitor,10,1386,208,408,660,1227,565,1077.41,390.65,824.42,system,NA,0.266,2.83,28.23,0.0,180.0,99.11,0.0
Negotiation_46,R1,2026-09-10T06:33:21.978758Z,behavior_monitor,10,1441,247,408,660,1277,565,1112.96,357.7,874.64,system,NA,0.243,2.01,137.87,0.0,180.0,105.3,0.0
Negotiation_46,R1,2026-09-10T06:33:22.484754Z,behavior_monitor,10,1401,289,408,660,1328,564,1060.7,285.29,925.07,system,NA,0.212,2.01,144.59,0.0,180.0,99.11,0.0
Negotiation_46,R1,2026-09-10T06:33:22.723283Z,agent_signal,10,1379,309,408,660,1351,564,1033.0,257.25,948.53,agent,i_can,0.199,2.01,124.51,0.0,180.0,99.11,0.0
Negotiation_46,R1,2026-09-10T06:33:22.995383Z,behavior_monitor,10,1366,335,408,660,1350,564,1011.85,229.7,946.85,system,NA,0.185,2.01,102.47,0.0,180.0,0.0,180.0
Negotiation_46,R1,2026-09-10T06:33:23.503694Z,behavior_monitor,10,1349,391,408,660,1332,564,978.9,174.04,929.66,system,NA,0.151,2.01,108.9,0.0,180.0,0.0,180.0
Negotiation_46,R1,2026-09-10T06:33:24.013269Z,behavior_monitor,10,1301,418,408,660,1285,565,925.41,147.73,882.62,system,NA,0.138,2.01,134.86,0.0,180.0,99.11,180.0
Negotiation_46,R1,2026-09-10T06:33:24.521865Z,behavior_monitor,10,1246,442,408,660,1237,565,865.76,122.58,834.56,system,NA,0.124,2.01,159.12,0.0,180.0,99.11,180.0
Negotiation_46,R1,2026-09-10T06:33:25.031527Z,behavior_monitor,10,1190,463,408,660,1186,564,806.29,101.6,784.23,system,NA,0.112,2.01,133.08,0.0,180.0,99.11,180.0
Negotiation_46,R1,2026-09-10T06:33:25.540297Z,behavior_monitor,10,1137,493,408,660,1136,564,747.77,71.55,734.09,system,NA,0.087,2.01,159.9,0.0,180.0,99.11,180.0
Negotiation_46,R1,2026-09-10T06:33:26.051295Z,behavior_monitor,10,1090,527,408,660,1085,564,695.19,38.09,683.76,system,NA,0.052,2.01,130.26,0.0,180.0,99.11,180.0
Negotiation_46,R1,2026-09-10T06:33:26.102622Z,shot_hit,10,1087,534,408,660,1078,564,690.63,31.54,677.09,agent,NA,0.044,2.01,101.42,0.0,180.0,99.11,180.0
Negotiation_46,R1,2026-09-10T06:33:26.103708Z,flight_spawn,11,1234,-20,408,660,1078,564,1070.12,605.33,677.09,system,NA,0.361,2.83,45.0,0.0,180.0,99.11,180.0
Negotiation_46,R1,2026-09-10T06:33:27.547924Z,human_signal,11,1392,125,408,660,1159,564,1120.63,498.03,757.08,human,your_turn,0.308,2.83,28.34,0.0,180.0,76.24,0.0
Negotiation_46,R1,2026-09-10T06:33:27.548599Z,behavior_monitor,11,1392,125,408,660,1159,564,1120.63,498.03,757.08,system,NA,0.308,2.83,28.34,0.0,180.0,76.24,0.0
Negotiation_46,R1,2026-09-10T06:33:27.549233Z,human_signal,11,1394,126,408,660,1159,564,1121.69,497.76,757.08,human,your_turn,0.307,2.83,28.34,0.0,180.0,76.24,0.0
Negotiation_46,R1,2026-09-10T06:33:28.058414Z,behavior_monitor,11,1437,149,408,660,1210,565,1148.53,473.46,807.42,system,NA,0.292,1.71,170.06,0.0,180.0,99.11,0.0
Negotiation_46,R1,2026-09-10T06:33:28.568233Z,behavior_monitor,11,1416,190,408,660,1260,565,1112.66,406.01,857.64,system,NA,0.267,1.71,91.3,0.0,180.0,99.11,0.0
Negotiation_46,R1,2026-09-10T06:33:29.079902Z,behavior_monitor,11,1419,241,408,660,1311,565,1094.06,341.23,908.1,system,NA,0.238,1.71,91.3,0.0,180.0,99.11,0.0
Negotiation_46,R1,2026-09-10T06:33:29.587527Z,behavior_monitor,11,1415,293,408,660,1361,566,1071.97,278.73,957.43,system,NA,0.206,1.71,69.81,0.0,180.0,99.11,0.0
Negotiation_46,R1,2026-09-10T06:33:29.741259Z,agent_signal,11,1421,309,408,660,1376,566,1072.54,261.29,972.53,agent,i_can,0.196,1.71,69.81,0.0,180.0,99.11,0.0
Negotiation_46,R1,2026-09-10T06:33:30.098310Z,behavior_monitor,11,1424,342,408,660,1402,566,1065.02,225.45,998.25,system,NA,0.175,1.71,97.99,0.0,180.0,0.0,14.38
Negotiation_46,R1,2026-09-10T06:33:30.608785Z,behavior_monitor,11,1408,386,408,660,1391,566,1036.72,180.76,987.37,system,NA,0.148,1.71,129.56,0.0,180.0,99.11,180.0
Negotiation_46,R1,2026-09-10T06:33:31.119068Z,behavior_monitor,11,1359,404,408,660,1343,566,985.35,162.96,940.42,system,NA,0.142,1.71,153.25,0.0,180.0,99.11,180.0
Negotiation_46,R1,2026-09-10T06:33:31.631589Z,behavior_monitor,11,1309,420,408,660,1293,566,932.39,147.4,890.14,system,NA,0.137,1.71,152.92,0.0,180.0,99.11,180.0
Negotiation_46,R1,2026-09-10T06:33:32.141595Z,behavior_monitor,11,1261,439,408,660,1244,566,881.53,128.06,841.49,system,NA,0.127,1.71,169.72,0.0,180.0,99.11,180.0
Negotiation_46,R1,2026-09-10T06:33:32.651836Z,behavior_monitor,11,1211,449,408,660,1195,566,830.43,117.7,792.95,system,NA,0.124,1.71,167.85,0.0,180.0,99.11,180.0
Negotiation_46,R1,2026-09-10T06:33:33.160481Z,behavior_monitor,11,1164,471,408,660,1148,566,779.76,96.03,746.13,system,NA,0.11,1.71,165.42,0.0,180.0,99.11,180.0
Negotiation_46,R1,2026-09-10T06:33:33.666470Z,behavior_monitor,11,1114,484,408,660,1099,566,727.7,82.9,697.97,system,NA,0.102,1.71,165.42,0.0,180.0,82.81,-177.14
Negotiation_46,R1,2026-09-10T06:33:34.176448Z,behavior_monitor,11,1063,496,408,660,1049,566,675.76,71.04,647.73,system,NA,0.095,1.71,168.68,0.0,180.0,99.11,180.0
Negotiation_46,R1,2026-09-10T06:33:34.568468Z,shot_miss,11,1025,513,408,660,1009,566,634.84,55.23,608.16,agent,NA,0.08,1.71,145.98,0.0,180.0,99.11,180.0
Negotiation_46,R1,2026-09-10T06:33:34.686839Z,behavior_monitor,11,1016,519,408,660,999,566,624.35,50.01,598.18,system,NA,0.074,1.71,145.98,0.0,180.0,99.11,180.0
Negotiation_46,R1,2026-09-10T06:33:34.789683Z,shot_miss,11,1008,524,408,660,992,566,615.42,44.73,591.52,agent,NA,0.068,1.71,173.48,0.0,180.0,99.11,180.0
Negotiation_46,R1,2026-09-10T06:33:35.094696Z,shot_miss,11,979,528,408,660,964,566,586.46,41.63,563.55,agent,NA,0.066,1.71,173.48,0.0,180.0,105.3,180.0
Negotiation_46,R1,2026-09-10T06:33:36.946237Z,shot_hit,11,805,555,408,660,790,564,411.23,18.2,393.8,agent,NA,0.042,1.71,177.61,0.0,180.0,99.11,180.0
Negotiation_46,R1,2026-09-10T06:33:36.947489Z,flight_spawn,12,834,-20,408,660,790,564,802.76,586.45,393.8,system,NA,0.422,2.85,134.55,0.0,180.0,99.11,180.0
Negotiation_46,R1,2026-09-10T06:33:38.459961Z,human_signal,12,858,200,408,660,825,564,644.12,366.17,428.09,human,your_turn,0.362,2.85,55.48,0.0,180.0,76.24,0.0
Negotiation_46,R1,2026-09-10T06:33:38.460698Z,behavior_monitor,12,858,200,408,660,825,564,644.12,366.17,428.09,system,NA,0.362,2.85,55.48,0.0,180.0,76.24,0.0
Negotiation_46,R1,2026-09-10T06:33:38.461196Z,human_signal,12,859,202,408,660,825,564,643.11,363.92,428.09,human,your_turn,0.361,2.85,55.48,0.0,180.0,76.24,0.0
Negotiation_46,R1,2026-09-10T06:33:38.971503Z,behavior_monitor,12,916,261,408,660,876,564,646.19,306.28,477.49,system,NA,0.322,2.85,56.76,0.0,180.0,99.11,0.0
Negotiation_46,R1,2026-09-10T06:33:39.481027Z,behavior_monitor,12,962,329,408,660,927,564,645.3,238.08,528.19,system,NA,0.27,2.85,31.55,0.0,180.0,99.11,0.0
Negotiation_46,R1,2026-09-10T06:33:39.993258Z,behavior_monitor,12,1012,397,408,660,977,564,659.25,170.41,577.79,system,NA,0.205,2.85,53.97,0.0,180.0,99.11,0.0
Negotiation_46,R1,2026-09-10T06:33:40.044635Z,agent_signal,12,1019,406,408,660,983,564,661.63,161.71,582.77,agent,i_can,0.196,2.85,53.97,0.0,180.0,99.11,0.0
Negotiation_46,R1,2026-09-10T06:33:40.503133Z,behavior_monitor,12,1084,444,408,660,1028,564,709.5,132.14,627.69,system,NA,0.157,2.85,24.73,0.0,180.0,99.11,0.0
Negotiation_46,R1,2026-09-10T06:33:41.012118Z,behavior_monitor,12,1133,512,408,660,1079,564,739.91,74.53,678.39,system,NA,0.092,2.85,78.82,0.0,180.0,99.11,0.0
Negotiation_46,R1,2026-09-10T06:33:41.267410Z,shot_miss,12,1145,557,408,660,1106,563,744.79,40.22,704.58,agent,NA,0.051,2.85,78.82,0.0,180.0,87.4,-13.43
Negotiation_46,R1,2026-09-10T06:33:41.520378Z,behavior_monitor,12,1153,596,408,660,1130,586,748.19,25.52,725.59,system,NA,0.033,2.85,78.82,0.0,180.0,169.61,54.25
Negotiation_46,R1,2026-09-10T06:33:41.637014Z,shot_hit,12,1167,613,408,660,1141,605,760.73,27.22,735.42,agent,NA,0.035,2.85,34.62,0.0,180.0,169.61,54.25
Negotiation_46,R1,2026-09-10T06:33:41.637591Z,flight_spawn,13,888,-20,408,660,1141,605,832.58,674.46,735.42,system,NA,0.448,2.83,45.0,0.0,180.0,169.61,54.25
Negotiation_46,R1,2026-09-10T06:33:42.855741Z,human_signal,13,978,148,408,660,1077,565,766.92,428.62,675.72,human,your_turn,0.359,2.83,103.77,0.0,180.0,54.86,-153.25
Negotiation_46,R1,2026-09-10T06:33:42.856602Z,behavior_monitor,13,978,148,408,660,1077,565,766.92,428.62,675.72,system,NA,0.359,2.83,103.77,0.0,180.0,76.24,180.0
Negotiation_46,R1,2026-09-10T06:33:42.857041Z,human_signal,13,978,150,408,660,1077,565,765.03,425.96,675.72,human,your_turn,0.358,2.83,103.77,0.0,180.0,76.24,180.0
Negotiation_46,R1,2026-09-10T06:33:43.368969Z,behavior_monitor,13,954,227,408,660,1026,565,697.02,346.22,625.84,system,NA,0.332,2.83,126.27,0.0,180.0,73.74,-169.0
Negotiation_46,R1,2026-09-10T06:33:43.880066Z,behavior_monitor,13,894,289,408,660,975,566,611.34,289.05,575.32,system,NA,0.321,2.83,153.4,0.0,180.0,99.11,180.0
Negotiation_46,R1,2026-09-10T06:33:44.116191Z,agent_signal,13,856,308,408,660,952,566,569.99,275.43,552.06,agent,i_can,0.326,2.83,153.4,0.0,180.0,99.11,180.0
Negotiation_46,R1,2026-09-10T06:33:44.388628Z,behavior_monitor,13,817,322,408,660,925,566,530.76,266.55,525.52,system,NA,0.334,2.83,177.79,0.0,180.0,99.11,180.0
Negotiation_46,R1,2026-09-10T06:33:44.900766Z,behavior_monitor,13,741,352,408,660,875,566,453.51,252.05,476.13,system,NA,0.357,2.83,152.51,0.0,180.0,99.11,180.0
Negotiation_46,R1,2026-09-10T06:33:45.412214Z,behavior_monitor,13,698,420,391,660,824,566,389.61,192.96,442.9,system,NA,0.331,2.83,102.82,55.07,180.0,99.11,180.0
Negotiation_46,R1,2026-09-10T06:33:45.921428Z,behavior_monitor,13,688,503,387,660,773,566,339.65,106.09,397.73,system,NA,0.238,2.83,81.65,0.0,180.0,99.11,180.0
Negotiation_46,R1,2026-09-10T06:33:46.362475Z,shot_hit,13,699,574,411,708,727,569,317.62,28.5,345.41,agent,NA,0.082,2.83,93.29,138.66,68.95,99.11,180.0
Negotiation_46,R1,2026-09-10T06:33:46.363051Z,flight_spawn,14,1076,-20,411,708,727,569,986.16,684.76,345.41,system,NA,0.41,3.09,49.69,138.66,68.95,99.11,180.0
Negotiation_46,R1,2026-09-10T06:33:48.297768Z,human_signal,14,1139,308,414,750,851,566,849.11,385.79,474.89,human,your_turn,0.312,3.09,101.85,0.0,90.0,76.24,0.0
Negotiation_46,R1,2026-09-10T06:33:48.298153Z,behavior_monitor,14,1139,308,414,750,851,566,849.11,385.79,474.89,system,NA,0.312,3.09,101.85,0.0,90.0,76.24,0.0
Negotiation_46,R1,2026-09-10T06:33:48.298304Z,human_signal,14,1139,311,414,750,851,566,847.43,383.68,474.89,human,your_turn,0.312,3.09,101.85,0.0,90.0,76.24,0.0
Negotiation_46,R1,2026-09-10T06:33:48.807716Z,behavior_monitor,14,1163,397,414,750,902,566,828.8,311.28,521.82,system,NA,0.273,3.09,72.36,0.0,90.0,99.11,0.0
Negotiation_46,R1,2026-09-10T06:33:48.927044Z,agent_signal,14,1164,421,414,750,913,566,819.3,289.82,532.12,agent,i_can,0.261,3.09,125.35,0.0,90.0,90.18,15.81
Negotiation_46,R1,2026-09-10T06:33:49.318720Z,behavior_monitor,14,1163,483,414,750,952,566,795.43,226.63,568.96,system,NA,0.222,3.09,73.13,0.0,90.0,99.11,0.0
Negotiation_46,R1,2026-09-10T06:33:49.827256Z,behavior_monitor,14,1159,570,414,750,1003,566,767.28,156.83,617.24,system,NA,0.17,3.09,118.39,0.0,90.0,99.11,0.0
Negotiation_46,R1,2026-09-10T06:33:50.337715Z,behavior_monitor,14,1123,653,414,750,1053,636,715.53,71.65,649.59,system,NA,0.091,3.09,96.85,0.0,90.0,169.61,54.25
Negotiation_46,R1,2026-09-10T06:33:50.727323Z,shot_miss,14,1114,727,414,750,1092,692,700.41,40.85,680.49,agent,NA,0.055,3.09,96.85,0.0,90.0,169.61,54.25
Negotiation_46,R1,2026-09-10T06:33:50.846395Z,behavior_monitor,14,1118,744,414,750,1095,706,704.31,44.49,682.43,system,NA,0.059,3.09,69.28,0.0,90.0,137.65,90.0
Negotiation_46,R1,2026-09-10T06:33:50.914831Z,shot_miss,14,1125,757,414,750,1101,718,711.31,45.67,688.14,agent,NA,0.06,3.09,41.99,0.0,90.0,169.61,54.25
Negotiation_46,R1,2026-09-10T06:33:51.118251Z,shot_miss,14,1152,782,414,750,1121,747,738.44,46.64,707.16,agent,NA,0.059,3.09,41.99,0.0,90.0,169.61,54.25
Negotiation_46,R1,2026-09-10T06:33:51.357202Z,behavior_monitor,14,1174,814,414,750,1143,777,762.82,48.46,729.55,system,NA,0.06,3.09,92.1,0.0,90.0,169.61,54.25
Negotiation_46,R1,2026-09-10T06:33:51.871978Z,behavior_monitor,14,1147,895,414,750,1134,847,747.69,49.66,727.09,system,NA,0.062,3.09,147.37,0.0,90.0,160.19,125.75
Negotiation_46,R1,2026-09-10T06:33:52.381422Z,behavior_monitor,14,1072,945,414,750,1084,910,685.99,37.4,688.73,system,NA,0.052,3.09,147.37,0.0,90.0,99.11,180.0
Negotiation_46,R1,2026-09-10T06:33:52.431349Z,flight_missed,14,1063,953,414,750,1077,910,680.2,46.0,682.18,system,NA,0.063,3.09,124.31,0.0,90.0,99.11,180.0
Negotiation_46,R1,2026-09-10T06:33:52.432299Z,flight_spawn,15,916,-20,414,750,1077,910,919.89,943.93,682.18,system,NA,0.506,3.15,50.59,0.0,90.0,99.11,180.0
Negotiation_46,R1,2026-09-10T06:33:54.046416Z,human_signal,15,1109,158,414,750,1088,781,913.37,623.29,675.1,human,your_turn,0.406,3.15,123.51,0.0,90.0,105.88,-90.0
Negotiation_46,R1,2026-09-10T06:33:54.047302Z,behavior_monitor,15,1109,158,414,750,1088,781,913.37,623.29,675.1,system,NA,0.406,3.15,123.51,0.0,90.0,105.88,-90.0
Negotiation_46,R1,2026-09-10T06:33:54.047723Z,human_signal,15,1107,161,414,750,1088,781,909.83,620.59,675.1,human,your_turn,0.406,3.15,123.51,0.0,90.0,105.88,-90.0
Negotiation_46,R1,2026-09-10T06:33:54.556542Z,behavior_monitor,15,1031,211,414,750,1041,711,819.37,499.62,628.48,system,NA,0.379,3.15,148.98,0.0,90.0,169.61,-125.75
Negotiation_46,R1,2026-09-10T06:33:55.066439Z,behavior_monitor,15,957,270,414,750,990,640,725.56,372.06,587.07,system,NA,0.339,3.15,117.91,0.0,90.0,169.61,-125.75
Negotiation_46,R1,2026-09-10T06:33:55.576423Z,behavior_monitor,15,903,342,414,750,940,570,637.46,230.81,556.13,system,NA,0.266,3.15,74.75,0.0,90.0,169.61,-125.75
Negotiation_46,R1,2026-09-10T06:33:55.627638Z,agent_signal,15,908,355,414,750,935,566,633.0,212.82,552.9,agent,i_can,0.252,3.15,74.75,0.0,90.0,99.11,180.0
Negotiation_46,R1,2026-09-10T06:33:56.086750Z,behavior_monitor,15,935,431,414,750,911,565,611.08,136.41,530.85,system,NA,0.182,3.15,80.75,0.0,90.0,0.0,0.0
Negotiation_46,R1,2026-09-10T06:33:56.592973Z,behavior_monitor,15,948,524,414,750,925,565,579.79,46.92,543.43,system,NA,0.075,3.15,80.75,0.0,90.0,0.0,0.0
Negotiation_46,R1,2026-09-10T06:33:56.712928Z,shot_hit,15,953,549,414,750,930,565,575.82,28.5,548.18,agent,NA,0.047,3.15,80.75,0.0,90.0,99.11,0.0
Negotiation_46,R1,2026-09-10T06:33:56.713959Z,flight_spawn,16,569,-20,414,750,930,565,786.45,687.85,548.18,system,NA,0.467,3.24,51.83,0.0,90.0,99.11,0.0
Negotiation_46,R1,2026-09-10T06:33:57.912126Z,human_signal,16,470,116,414,750,861,565,636.82,595.42,483.78,human,i_can,0.483,3.24,139.45,0.0,90.0,76.24,180.0
Negotiation_46,R1,2026-09-10T06:33:57.929913Z,behavior_monitor,16,470,116,414,750,859,565,636.82,594.19,482.69,system,NA,0.483,3.24,139.45,0.0,90.0,84.57,-162.28
Negotiation_46,R1,2026-09-10T06:33:58.437479Z,behavior_monitor,16,387,158,412,750,831,565,592.59,601.27,458.21,system,NA,0.504,3.24,144.28,46.76,180.0,57.18,180.0
Negotiation_46,R1,2026-09-10T06:33:58.947816Z,behavior_monitor,16,313,221,356,750,817,565,531.57,609.94,496.91,system,NA,0.534,3.24,123.93,129.41,180.0,0.0,180.0
Negotiation_46,R1,2026-09-10T06:33:59.456110Z,behavior_monitor,16,236,277,308,750,817,565,478.74,648.01,541.6,system,NA,0.575,3.24,145.61,81.22,180.0,0.0,180.0
Negotiation_46,R1,2026-09-10T06:33:59.966751Z,behavior_monitor,16,159,332,249,750,781,564,428.17,664.79,563.62,system,NA,0.608,3.24,145.61,89.04,180.0,76.24,180.0
Negotiation_46,R1,2026-09-10T06:34:00.408881Z,agent_signal,16,89,387,203,750,748,564,381.02,682.52,576.18,agent,your_turn,0.642,3.24,140.96,129.41,180.0,76.24,180.0
Negotiation_46,R1,2026-09-10T06:34:00.476860Z,behavior_monitor,16,83,394,198,750,744,564,374.22,682.39,576.56,system,NA,0.646,3.24,120.77,81.07,180.0,57.18,180.0
Negotiation_46,R1,2026-09-10T06:34:00.988216Z,behavior_monitor,16,44,482,180,733,715,564,285.2,676.14,561.8,system,NA,0.703,3.24,118.87,71.01,-90.0,57.18,180.0
Negotiation_46,R1,2026-09-10T06:34:01.499452Z,behavior_monitor,16,49,531,149,704,706,564,199.96,658.02,574.11,system,NA,0.767,2.03,45.88,129.41,180.0,0.0,-21.01
Negotiation_46,R1,2026-09-10T06:34:02.010290Z,behavior_monitor,16,94,574,134,704,707,564,135.36,612.64,588.9,system,NA,0.819,2.03,45.88,0.0,180.0,0.0,-129.54
Negotiation_46,R1,2026-09-10T06:34:02.523540Z,behavior_monitor,16,140,610,164,704,673,606,95.9,532.17,518.41,system,NA,0.847,2.03,22.0,137.5,0.0,138.63,125.75
Negotiation_46,R1,2026-09-10T06:34:03.032712Z,behavior_monitor,16,195,624,185,689,645,620,65.5,450.26,465.3,system,NA,0.873,2.03,30.59,108.47,-22.7,138.63,125.75
Negotiation_46,R1,2026-09-10T06:34:03.473818Z,shot_hit,16,243,646,240,667,612,641,21.2,368.22,372.33,human,NA,0.946,2.03,30.57,136.78,-23.02,76.24,180.0
Negotiation_46,R1,2026-09-10T06:34:03.475895Z,flight_spawn,17,752,-20,240,667,612,641,856.86,675.98,372.33,system,NA,0.441,3.32,127.09,136.78,-23.02,76.24,180.0
Negotiation_46,R1,2026-09-10T06:34:06.347116Z,human_signal,17,272,189,242,725,503,565,537.11,441.25,306.96,human,i_can,0.451,3.32,128.75,98.63,180.0,76.24,180.0
Negotiation_46,R1,2026-09-10T06:34:06.363646Z,behavior_monitor,17,272,189,242,725,502,565,537.11,440.74,306.13,system,NA,0.451,3.32,128.75,62.38,180.0,57.18,180.0
Negotiation_46,R1,2026-09-10T06:34:06.874089Z,behavior_monitor,17,240,282,236,719,473,565,437.52,367.08,282.9,system,NA,0.456,3.32,102.74,85.93,-127.92,57.18,180.0
Negotiation_46,R1,2026-09-10T06:34:07.383730Z,behavior_monitor,17,240,378,209,657,460,565,280.75,288.48,266.81,system,NA,0.507,3.32,140.41,136.68,-110.01,0.0,-45.74
Negotiation_46,R1,2026-09-10T06:34:07.707250Z,agent_signal,17,181,402,198,616,460,565,215.02,322.98,266.26,agent,your_turn,0.6,3.32,164.26,80.56,-90.0,0.0,-45.74
Negotiation_46,R1,2026-09-10T06:34:07.895443Z,behavior_monitor,17,151,411,198,612,449,565,206.28,335.56,255.0,system,NA,0.619,3.32,164.26,0.0,-90.0,57.18,180.0
Negotiation_46,R1,2026-09-10T06:34:08.398856Z,behavior_monitor,17,51,438,154,629,420,565,217.25,390.55,273.63,system,NA,0.643,3.32,164.26,136.16,161.88,57.18,180.0
Negotiation_46,R1,2026-09-10T06:34:08.908062Z,behavior_monitor,17,57,465,110,631,416,565,174.77,373.24,313.34,system,NA,0.681,2.12,25.16,0.0,180.0,0.0,49.91
Negotiation_46,R1,2026-09-10T06:34:09.420620Z,behavior_monitor,17,118,479,141,631,415,565,154.33,309.77,281.61,system,NA,0.667,2.12,28.87,128.01,0.0,76.24,180.0
Negotiation_46,R1,2026-09-10T06:34:09.928874Z,behavior_monitor,17,167,516,172,595,376,565,79.13,215.21,206.58,system,NA,0.731,2.12,50.72,42.93,-90.0,76.24,180.0
Negotiation_46,R1,2026-09-10T06:34:10.337536Z,shot_hit,17,177,565,179,573,346,565,8.56,168.92,166.44,human,NA,0.952,2.12,106.85,126.63,-59.26,76.24,180.0
Negotiation_46,R1,2026-09-10T06:34:10.338112Z,flight_spawn,18,818,-20,179,573,346,565,871.97,752.22,166.44,system,NA,0.463,3.38,53.7,126.63,-59.26,76.24,180.0
Negotiation_46,R1,2026-09-10T06:34:11.935804Z,human_signal,18,1110,80,176,702,442,565,1122.02,825.19,299.32,human,your_turn,0.424,3.38,18.61,0.0,40.05,76.24,0.0
Negotiation_46,R1,2026-09-10T06:34:11.936932Z,behavior_monitor,18,1110,80,176,702,442,565,1122.02,825.19,299.32,system,NA,0.424,3.38,18.61,0.0,40.05,76.24,0.0
Negotiation_46,R1,2026-09-10T06:34:11.937369Z,human_signal,18,1112,81,176,702,442,565,1123.46,826.54,299.32,human,your_turn,0.424,3.38,18.61,0.0,40.05,76.24,0.0
Negotiation_46,R1,2026-09-10T06:34:12.445421Z,behavior_monitor,18,1199,119,176,702,492,564,1177.59,835.42,344.93,system,NA,0.415,3.38,45.36,0.0,40.05,99.11,0.0
Negotiation_46,R1,2026-09-10T06:34:12.955752Z,behavior_monitor,18,1284,171,190,702,542,564,1216.52,839.09,379.1,system,NA,0.408,3.38,8.87,0.0,0.0,99.11,0.0
Negotiation_46,R1,2026-09-10T06:34:13.465029Z,behavior_monitor,18,1374,202,190,702,593,564,1285.67,860.42,426.75,system,NA,0.401,3.38,13.76,0.0,0.0,93.6,0.0
Negotiation_46,R1,2026-09-10T06:34:13.973192Z,behavior_monitor,18,1443,239,190,702,644,564,1336.4,862.8,474.81,system,NA,0.392,2.72,123.54,0.0,0.0,99.11,0.0
Negotiation_46,R1,2026-09-10T06:34:14.415992Z,agent_signal,18,1427,309,190,702,687,564,1298.74,782.56,516.72,agent,i_can,0.376,2.72,108.3,0.0,0.0,99.11,0.0
Negotiation_46,R1,2026-09-10T06:34:14.483523Z,behavior_monitor,18,1424,317,190,702,694,564,1293.58,770.86,523.21,system,NA,0.373,2.72,128.62,0.0,0.0,99.11,0.0
Negotiation_46,R1,2026-09-10T06:34:14.995438Z,behavior_monitor,18,1396,390,190,702,745,564,1245.85,673.47,572.43,system,NA,0.351,2.72,101.09,0.0,0.0,99.11,0.0
Negotiation_46,R1,2026-09-10T06:34:15.505084Z,behavior_monitor,18,1403,469,190,702,795,564,1235.39,614.56,621.58,system,NA,0.332,2.72,80.63,0.0,0.0,99.11,0.0
Negotiation_46,R1,2026-09-10T06:34:16.016527Z,behavior_monitor,18,1380,547,190,702,846,564,1200.87,534.51,671.03,system,NA,0.308,2.72,111.49,0.0,0.0,99.11,0.0
Negotiation_46,R1,2026-09-10T06:34:16.527615Z,behavior_monitor,18,1337,613,231,707,896,607,1110.48,441.23,672.81,system,NA,0.284,2.72,114.36,134.02,15.08,169.61,54.25
Negotiation_46,R1,2026-09-10T06:34:17.039920Z,behavior_monitor,18,1273,649,297,725,947,645,978.64,325.88,654.81,system,NA,0.25,2.72,163.1,134.21,15.37,99.11,0.0
Negotiation_46,R1,2026-09-10T06:34:17.551181Z,behavior_monitor,18,1190,673,363,731,997,668,829.37,193.19,637.29,system,NA,0.189,2.72,163.1,129.41,0.0,99.11,0.0
Negotiation_46,R1,2026-09-10T06:34:18.062116Z,behavior_monitor,18,1120,705,429,731,1048,701,691.47,72.36,619.47,system,NA,0.095,2.72,123.56,129.41,0.0,169.61,54.25
Negotiation_46,R1,2026-09-10T06:34:18.368558Z,shot_hit,18,1085,744,471,731,1069,739,614.14,16.23,598.78,agent,NA,0.026,2.72,153.21,129.41,0.0,169.61,125.75
Negotiation_46,R1,2026-09-10T06:34:18.369002Z,flight_spawn,19,1188,-20,471,731,1069,739,1038.72,768.16,598.78,system,NA,0.425,2.83,135.0,129.41,0.0,169.61,125.75
Negotiation_46,R1,2026-09-10T06:34:21.855652Z,human_signal,19,783,308,482,692,854,566,488.31,267.77,393.15,human,i_can,0.354,2.83,104.17,0.0,-90.0,92.64,165.58
Negotiation_46,R1,2026-09-10T06:34:21.872210Z,behavior_monitor,19,783,308,482,692,853,566,488.31,267.51,392.23,system,NA,0.354,2.83,104.17,0.0,-90.0,57.18,180.0
Negotiation_46,R1,2026-09-10T06:34:21.872632Z,agent_signal,19,782,310,482,692,853,566,485.84,265.01,392.23,agent,i_can,0.353,2.83,77.65,0.0,-90.0,57.18,180.0
Negotiation_46,R1,2026-09-10T06:34:22.374235Z,behavior_monitor,19,780,390,468,692,803,566,433.78,177.05,357.97,system,NA,0.29,2.83,96.79,59.24,180.0,99.11,180.0
Negotiation_46,R1,2026-09-10T06:34:22.885487Z,behavior_monitor,19,793,473,447,692,769,566,409.42,95.56,346.32,system,NA,0.189,2.83,76.14,34.84,180.0,0.0,180.0
Negotiation_46,R1,2026-09-10T06:34:22.936899Z,human_signal,19,793,481,447,692,769,566,405.05,87.59,346.32,human,your_turn,0.178,2.83,55.43,0.0,180.0,0.0,180.0
Negotiation_46,R1,2026-09-10T06:34:22.937556Z,human_signal,19,795,484,447,692,769,566,405.51,85.91,346.32,human,your_turn,0.175,2.83,55.43,0.0,180.0,0.0,180.0
Negotiation_46,R1,2026-09-10T06:34:23.360936Z,shot_hit,19,836,542,447,692,813,566,417.08,33.45,387.17,agent,NA,0.074,2.83,55.43,0.0,180.0,99.11,0.0
Negotiation_46,R1,2026-09-10T06:34:23.361389Z,flight_spawn,20,968,-20,447,692,813,566,882.73,606.86,387.17,system,NA,0.407,3.2,128.69,0.0,180.0,99.11,0.0
Negotiation_46,R1,2026-09-10T06:34:26.212251Z,human_signal,20,554,234,326,680,671,565,500.48,351.1,363.1,human,i_can,0.412,3.2,100.27,55.34,-139.11,76.24,180.0
Negotiation_46,R1,2026-09-10T06:34:26.229177Z,behavior_monitor,20,554,234,326,680,670,565,500.48,350.78,362.18,system,NA,0.412,3.2,100.27,52.6,-136.47,57.18,180.0
Negotiation_46,R1,2026-09-10T06:34:26.740474Z,behavior_monitor,20,517,318,324,666,641,565,398.3,276.05,332.89,system,NA,0.409,3.2,120.91,0.0,-90.0,57.18,180.0
Negotiation_46,R1,2026-09-10T06:34:26.774660Z,agent_signal,20,514,327,324,666,639,565,389.45,269.38,331.04,agent,i_can,0.409,3.2,120.91,0.0,-90.0,57.18,180.0
Negotiation_46,R1,2026-09-10T06:34:27.250180Z,behavior_monitor,20,472,386,312,666,593,565,322.39,215.33,298.84,system,NA,0.4,3.2,173.27,60.69,180.0,77.71,-159.65
Negotiation_46,R1,2026-09-10T06:34:27.437859Z,human_signal,20,435,391,312,666,574,565,302.21,222.57,281.48,human,your_turn,0.424,3.2,173.27,0.0,180.0,99.11,180.0
Negotiation_46,R1,2026-09-10T06:34:27.439030Z,human_signal,20,433,391,312,666,574,565,300.82,223.89,281.48,human,your_turn,0.427,3.2,173.27,0.0,180.0,99.11,180.0
Negotiation_46,R1,2026-09-10T06:34:27.761123Z,behavior_monitor,20,381,410,312,666,542,565,265.26,223.65,252.13,system,NA,0.457,3.2,149.34,0.0,180.0,99.11,180.0
Negotiation_46,R1,2026-09-10T06:34:28.273086Z,behavior_monitor,20,344,493,312,666,492,564,176.42,164.37,207.23,system,NA,0.482,3.2,100.16,0.0,180.0,99.11,180.0
Negotiation_46,R1,2026-09-10T06:34:28.375995Z,human_signal,20,341,515,306,666,482,564,155.17,149.64,202.84,human,i_can,0.491,3.2,100.16,65.41,180.0,99.11,180.0
Negotiation_46,R1,2026-09-10T06:34:28.783476Z,behavior_monitor,20,367,580,258,666,459,571,138.37,92.83,222.25,system,NA,0.402,3.2,23.78,97.28,180.0,97.85,125.75
Negotiation_46,R1,2026-09-10T06:34:28.970284Z,agent_signal,20,398,597,250,666,448,586,162.98,51.73,213.68,agent,your_turn,0.241,3.2,44.38,0.0,180.0,97.85,125.75
Negotiation_46,R1,2026-09-10T06:34:29.090248Z,shot_hit,20,414,612,250,666,440,597,172.44,30.73,202.54,agent,NA,0.151,3.2,44.38,0.0,180.0,97.85,125.75
Negotiation_46,R2,2026-09-10T06:34:35.138823Z,flight_spawn,1,697,-20,250,666,440,597,819.46,668.52,202.54,system,NA,0.449,3.03,131.35,0.0,180.0,0.0,125.75
Negotiation_46,R2,2026-09-10T06:34:40.222182Z,human_signal,1,402,149,1127,754,420,570,943.71,421.29,730.26,human,your_turn,0.309,3.03,116.53,0.0,0.0,130.47,-125.75
Negotiation_46,R2,2026-09-10T06:34:40.223152Z,behavior_monitor,1,402,149,1127,754,420,570,943.71,421.29,730.26,system,NA,0.309,3.03,116.53,0.0,0.0,130.47,-125.75
Negotiation_46,R2,2026-09-10T06:34:40.223556Z,human_signal,1,400,152,1127,754,420,570,943.46,418.67,730.26,human,your_turn,0.307,3.03,116.53,0.0,0.0,130.47,-125.75
Negotiation_46,R2,2026-09-10T06:34:40.733745Z,behavior_monitor,1,370,232,1127,754,370,567,918.6,334.29,779.71,system,NA,0.267,3.03,92.53,0.0,0.0,72.58,159.07
Negotiation_46,R2,2026-09-10T06:34:41.243174Z,behavior_monitor,1,294,267,1127,754,320,566,964.32,300.12,828.04,system,NA,0.237,3.03,170.96,0.0,0.0,99.11,180.0
Negotiation_46,R2,2026-09-10T06:34:41.753404Z,behavior_monitor,1,237,334,1127,754,269,566,983.53,234.43,877.34,system,NA,0.192,3.03,117.35,0.0,0.0,99.11,180.0
Negotiation_46,R2,2026-09-10T06:34:41.957595Z,agent_signal,1,220,369,1127,754,249,566,984.58,198.95,897.51,agent,i_can,0.168,3.03,117.35,0.0,0.0,99.11,180.0
Negotiation_46,R2,2026-09-10T06:34:42.262995Z,behavior_monitor,1,193,410,1127,754,217,566,994.35,158.04,928.37,system,NA,0.137,3.03,116.66,0.0,0.0,99.11,180.0
Negotiation_46,R2,2026-09-10T06:34:42.772048Z,behavior_monitor,1,162,494,1127,754,167,566,998.42,72.61,977.74,system,NA,0.068,3.03,121.75,0.0,0.0,93.6,180.0
Negotiation_46,R2,2026-09-10T06:34:43.078356Z,shot_hit,1,162,549,1127,754,141,567,985.44,27.37,1002.79,agent,NA,0.027,3.03,68.43,0.0,0.0,0.0,159.64
Negotiation_46,R2,2026-09-10T06:34:43.079462Z,flight_spawn,2,293,-20,1127,754,141,567,1137.34,606.53,1002.79,system,NA,0.348,2.95,47.37,0.0,0.0,0.0,159.64
Negotiation_46,R2,2026-09-10T06:34:45.032370Z,human_signal,2,427,278,1127,754,263,565,846.11,330.97,883.66,human,your_turn,0.281,2.95,72.75,0.0,0.0,76.24,0.0
Negotiation_46,R2,2026-09-10T06:34:45.033463Z,behavior_monitor,2,427,278,1127,754,263,565,846.11,330.97,883.66,system,NA,0.281,2.95,72.75,0.0,0.0,76.24,0.0
Negotiation_46,R2,2026-09-10T06:34:45.034037Z,human_signal,2,429,280,1127,754,263,565,843.22,329.31,883.66,human,your_turn,0.281,2.95,72.75,0.0,0.0,76.24,0.0
Negotiation_46,R2,2026-09-10T06:34:45.236866Z,agent_signal,2,437,314,1127,754,283,565,817.32,294.74,864.16,agent,i_can,0.265,2.95,72.75,0.0,0.0,99.11,0.0
Negotiation_46,R2,2026-09-10T06:34:45.542655Z,behavior_monitor,2,451,362,1127,754,313,566,780.33,245.92,834.58,system,NA,0.24,2.95,72.75,0.0,0.0,99.11,0.0
Negotiation_46,R2,2026-09-10T06:34:46.051744Z,behavior_monitor,2,456,446,1127,754,364,566,738.15,151.28,785.17,system,NA,0.17,2.95,117.66,0.0,0.0,99.11,0.0
Negotiation_46,R2,2026-09-10T06:34:46.561686Z,behavior_monitor,2,423,527,1127,754,407,566,738.95,41.91,743.66,system,NA,0.054,2.95,113.12,0.0,0.0,0.0,0.0
Negotiation_46,R2,2026-09-10T06:34:46.663868Z,shot_hit,2,414,546,1127,754,397,566,741.8,26.29,753.44,agent,NA,0.034,2.95,113.12,0.0,0.0,99.11,180.0
Negotiation_46,R2,2026-09-10T06:34:46.664767Z,flight_spawn,3,466,-20,1127,754,397,566,1017.73,590.32,753.44,system,NA,0.367,2.83,135.0,0.0,0.0,99.11,180.0
Negotiation_46,R2,2026-09-10T06:34:48.073897Z,human_signal,3,303,131,1127,754,325,566,1032.35,434.9,822.99,human,your_turn,0.296,2.83,100.34,0.0,0.0,76.24,180.0
Negotiation_46,R2,2026-09-10T06:34:48.075454Z,behavior_monitor,3,303,131,1127,754,325,566,1032.35,434.9,822.99,system,NA,0.296,2.83,100.34,0.0,0.0,76.24,180.0
Negotiation_46,R2,2026-09-10T06:34:48.076061Z,human_signal,3,302,134,1127,754,325,566,1031.07,432.14,822.99,human,your_turn,0.295,2.83,100.34,0.0,0.0,76.24,180.0
Negotiation_46,R2,2026-09-10T06:34:48.583110Z,behavior_monitor,3,322,207,1127,754,298,566,972.64,359.79,849.65,system,NA,0.27,2.83,29.3,0.0,0.0,99.11,0.0
Negotiation_46,R2,2026-09-10T06:34:49.096444Z,behavior_monitor,3,395,246,1127,754,348,566,890.61,323.02,801.01,system,NA,0.266,2.83,27.34,0.0,0.0,99.11,0.0
Negotiation_46,R2,2026-09-10T06:34:49.603628Z,behavior_monitor,3,470,285,1127,754,398,566,806.57,289.94,751.8,system,NA,0.264,2.83,27.34,0.0,0.0,105.3,0.0
Negotiation_46,R2,2026-09-10T06:34:50.027813Z,agent_signal,3,535,319,1127,754,441,566,734.39,264.37,711.06,agent,i_can,0.265,2.83,27.34,0.0,0.0,99.11,0.0
Negotiation_46,R2,2026-09-10T06:34:50.112320Z,behavior_monitor,3,545,324,1127,754,449,566,723.19,260.13,702.94,system,NA,0.265,2.83,27.34,0.0,0.0,99.11,0.0
Negotiation_46,R2,2026-09-10T06:34:50.622478Z,behavior_monitor,3,602,382,1127,754,500,566,642.64,210.9,654.37,system,NA,0.247,2.83,52.26,0.0,0.0,99.11,0.0
Negotiation_46,R2,2026-09-10T06:34:51.132197Z,behavior_monitor,3,652,450,1127,754,550,566,562.99,154.4,606.52,system,NA,0.215,2.83,77.29,0.0,0.0,73.72,2.69
Negotiation_46,R2,2026-09-10T06:34:51.643581Z,behavior_monitor,3,690,526,1127,754,600,565,492.61,97.44,558.84,system,NA,0.165,2.83,76.52,0.0,0.0,99.11,0.0
Negotiation_46,R2,2026-09-10T06:34:52.154059Z,behavior_monitor,3,679,604,1119,771,651,598,470.5,29.09,499.28,system,NA,0.058,2.83,129.61,114.47,122.91,169.61,54.25
Negotiation_46,R2,2026-09-10T06:34:52.238884Z,shot_hit,3,667,617,1112,782,651,612,474.85,16.52,491.36,agent,NA,0.034,2.83,129.61,134.8,123.98,137.65,90.0
Negotiation_46,R2,2026-09-10T06:34:52.239450Z,flight_spawn,4,480,-20,1112,782,651,612,1021.68,655.28,491.36,system,NA,0.391,2.89,133.81,134.8,123.98,137.65,90.0
Negotiation_46,R2,2026-09-10T06:34:54.365762Z,human_signal,4,160,98,983,827,521,565,1098.74,589.61,531.13,human,your_turn,0.349,2.89,152.48,0.0,180.0,76.24,180.0
Negotiation_46,R2,2026-09-10T06:34:54.366853Z,behavior_monitor,4,160,98,983,827,521,565,1098.74,589.61,531.13,system,NA,0.349,2.89,152.48,0.0,180.0,76.24,180.0
Negotiation_46,R2,2026-09-10T06:34:54.367294Z,human_signal,4,157,100,983,827,521,565,1100.36,590.61,531.13,human,your_turn,0.349,2.89,152.48,0.0,180.0,76.24,180.0
Negotiation_46,R2,2026-09-10T06:34:54.875390Z,behavior_monitor,4,80,125,983,827,470,566,1143.04,588.14,575.2,system,NA,0.34,2.89,149.56,0.0,180.0,99.11,180.0
Negotiation_46,R2,2026-09-10T06:34:55.386057Z,behavior_monitor,4,22,180,983,827,420,565,1158.16,553.7,620.72,system,NA,0.323,2.08,43.68,0.0,180.0,99.11,180.0
Negotiation_46,R2,2026-09-10T06:34:55.896296Z,behavior_monitor,4,76,210,983,827,369,565,1097.04,460.92,666.88,system,NA,0.296,2.08,48.92,0.0,180.0,99.11,180.0
Negotiation_46,R2,2026-09-10T06:34:56.406715Z,behavior_monitor,4,114,257,995,829,319,565,1051.08,370.37,725.91,system,NA,0.261,2.08,48.92,125.95,32.2,99.11,180.0
Negotiation_46,R2,2026-09-10T06:34:56.915237Z,behavior_monitor,4,153,304,1036,852,269,565,1039.06,285.54,819.21,system,NA,0.216,2.08,48.92,0.0,24.0,99.11,180.0
Negotiation_46,R2,2026-09-10T06:34:57.274339Z,agent_signal,4,184,338,1036,834,233,565,985.8,232.05,846.52,agent,i_can,0.191,2.08,48.92,81.64,-90.0,99.11,180.0
Negotiation_46,R2,2026-09-10T06:34:57.427556Z,behavior_monitor,4,194,351,1036,821,218,565,964.58,215.58,857.06,system,NA,0.183,2.08,48.92,98.71,-90.0,99.11,180.0
Negotiation_46,R2,2026-09-10T06:34:57.937771Z,behavior_monitor,4,243,380,1071,775,220,565,917.43,186.4,876.7,system,NA,0.169,2.08,41.49,120.91,-49.79,99.11,0.0
Negotiation_46,R2,2026-09-10T06:34:58.448672Z,behavior_monitor,4,295,416,1110,722,268,565,870.28,151.55,856.19,system,NA,0.148,2.08,20.4,128.41,-53.71,99.11,0.0
Negotiation_46,R2,2026-09-10T06:34:58.957305Z,behavior_monitor,4,355,436,1127,689,319,565,812.41,134.35,817.09,system,NA,0.142,2.08,0.22,0.0,-90.0,99.11,0.0
Negotiation_46,R2,2026-09-10T06:34:59.466877Z,behavior_monitor,4,417,446,1127,689,369,566,749.85,128.82,767.3,system,NA,0.147,2.08,23.67,0.0,-90.0,99.11,0.0
Negotiation_46,R2,2026-09-10T06:34:59.977723Z,behavior_monitor,4,450,495,1127,689,420,565,703.47,75.63,717.16,system,NA,0.097,2.08,59.32,0.0,-90.0,99.11,0.0
Negotiation_46,R2,2026-09-10T06:35:00.301643Z,shot_miss,4,452,533,1127,689,435,565,692.18,36.37,702.69,agent,NA,0.05,2.08,113.33,0.0,-90.0,0.0,141.39
Negotiation_46,R2,2026-09-10T06:35:00.487702Z,behavior_monitor,4,441,550,1127,689,425,565,699.38,22.18,712.65,system,NA,0.031,2.08,138.2,0.0,-90.0,99.11,180.0
Negotiation_46,R2,2026-09-10T06:35:00.606751Z,shot_hit,4,428,562,1127,689,411,565,709.77,17.54,725.93,agent,NA,0.024,2.08,138.2,0.0,-90.0,99.11,180.0
Negotiation_46,R2,2026-09-10T06:35:00.607358Z,flight_spawn,5,325,-20,1127,689,411,565,1070.34,592.32,725.93,system,NA,0.356,2.83,45.0,0.0,-90.0,99.11,180.0
Negotiation_46,R2,2026-09-10T06:35:02.342315Z,human_signal,5,475,184,1127,689,451,564,824.02,380.31,686.98,human,your_turn,0.316,2.83,91.76,0.0,-90.0,0.0,0.0
Negotiation_46,R2,2026-09-10T06:35:02.343025Z,behavior_monitor,5,475,184,1127,689,451,564,824.02,380.31,686.98,system,NA,0.316,2.83,91.76,0.0,-90.0,0.0,0.0
Negotiation_46,R2,2026-09-10T06:35:02.343506Z,human_signal,5,475,187,1127,689,451,564,821.87,377.52,686.98,human,your_turn,0.315,2.83,91.76,0.0,-90.0,0.0,0.0
Negotiation_46,R2,2026-09-10T06:35:02.853736Z,behavior_monitor,5,453,263,1127,689,436,564,796.87,301.66,701.72,system,NA,0.275,2.83,118.55,0.0,-90.0,99.11,180.0
Negotiation_46,R2,2026-09-10T06:35:03.363517Z,behavior_monitor,5,382,305,1127,689,387,564,837.68,258.63,749.96,system,NA,0.236,2.83,172.74,0.0,-90.0,99.11,180.0
Negotiation_46,R2,2026-09-10T06:35:03.873437Z,behavior_monitor,5,311,348,1127,689,337,564,883.73,218.19,799.72,system,NA,0.198,2.83,120.86,0.0,-90.0,99.11,180.0
Negotiation_46,R2,2026-09-10T06:35:04.010046Z,agent_signal,5,292,365,1127,689,323,564,894.89,201.95,813.04,agent,i_can,0.184,2.83,141.71,0.0,-90.0,99.11,180.0
Negotiation_46,R2,2026-09-10T06:35:04.381683Z,behavior_monitor,5,245,402,1127,689,286,565,927.38,168.42,849.31,system,NA,0.154,2.83,141.71,0.0,-90.0,99.11,180.0
Negotiation_46,R2,2026-09-10T06:35:04.892262Z,behavior_monitor,5,198,467,1127,689,236,564,954.56,103.87,899.62,system,NA,0.098,2.83,52.53,0.0,-90.0,99.11,180.0
Negotiation_46,R2,2026-09-10T06:35:05.402223Z,behavior_monitor,5,247,535,1127,689,224,564,892.92,37.32,911.64,system,NA,0.04,2.83,52.53,0.0,-90.0,99.11,0.0
Negotiation_46,R2,2026-09-10T06:35:05.418985Z,shot_hit,5,250,539,1127,689,227,564,889.41,33.55,908.31,agent,NA,0.036,2.83,31.41,0.0,-90.0,105.3,0.0
Negotiation_46,R2,2026-09-10T06:35:05.419610Z,flight_spawn,6,744,-20,1127,689,227,564,805.74,780.09,908.31,system,NA,0.492,3.06,49.27,0.0,-90.0,105.3,0.0
Negotiation_46,R2,2026-09-10T06:35:06.527182Z,human_signal,6,934,9,1127,689,227,564,706.81,898.94,908.31,human,i_can,0.56,3.06,22.08,0.0,-90.0,0.0,0.0
Negotiation_46,R2,2026-09-10T06:35:06.543868Z,behavior_monitor,6,934,9,1127,689,227,564,706.81,898.94,908.31,system,NA,0.56,3.06,22.08,0.0,-90.0,0.0,0.0
Negotiation_46,R2,2026-09-10T06:35:07.053631Z,behavior_monitor,6,1007,61,1127,688,243,564,638.32,914.78,892.65,system,NA,0.589,3.06,64.6,63.57,-43.36,57.18,0.0
Negotiation_46,R2,2026-09-10T06:35:07.562875Z,behavior_monitor,6,1042,143,1148,658,257,565,526.15,890.65,896.1,system,NA,0.629,3.06,72.11,82.18,180.0,0.0,141.89
Negotiation_46,R2,2026-09-10T06:35:08.073086Z,behavior_monitor,6,1057,232,1085,658,257,565,427.33,866.56,833.09,system,NA,0.67,3.06,98.11,117.61,180.0,0.0,141.89
Negotiation_46,R2,2026-09-10T06:35:08.582050Z,behavior_monitor,6,1041,323,1082,658,289,565,337.89,789.08,797.56,system,NA,0.7,3.06,98.11,0.0,180.0,76.24,0.0
Negotiation_46,R2,2026-09-10T06:35:09.092386Z,behavior_monitor,6,1001,405,1059,647,328,565,248.92,691.35,735.51,system,NA,0.735,3.06,127.58,97.34,-135.72,76.24,0.0
Negotiation_46,R2,2026-09-10T06:35:09.262180Z,agent_signal,6,982,432,1045,634,341,564,211.08,654.32,706.95,agent,your_turn,0.756,3.06,131.11,133.15,-149.39,76.24,0.0
Negotiation_46,R2,2026-09-10T06:35:09.602990Z,behavior_monitor,6,943,473,1004,618,361,564,157.65,589.17,645.4,system,NA,0.789,3.06,148.71,133.52,-165.75,57.18,0.0
Negotiation_46,R2,2026-09-10T06:35:10.115065Z,behavior_monitor,6,909,543,938,618,385,564,79.75,524.89,555.42,system,NA,0.868,3.06,68.84,137.5,180.0,0.0,0.0
Negotiation_46,R2,2026-09-10T06:35:10.505836Z,shot_hit,6,911,611,909,618,385,564,6.79,527.82,526.33,human,NA,0.987,3.06,85.5,0.0,180.0,0.0,0.0
Negotiation_46,R2,2026-09-10T06:35:10.506468Z,flight_spawn,7,740,-20,909,618,385,564,660.12,684.15,526.33,system,NA,0.509,2.97,47.67,0.0,180.0,0.0,0.0
Negotiation_46,R2,2026-09-10T06:35:12.253250Z,human_signal,7,649,231,909,618,461,563,465.68,381.58,451.26,human,your_turn,0.45,2.97,130.33,0.0,180.0,76.24,0.0
Negotiation_46,R2,2026-09-10T06:35:12.254245Z,behavior_monitor,7,649,231,909,618,461,563,465.68,381.58,451.26,system,NA,0.45,2.97,130.33,0.0,180.0,76.24,0.0
Negotiation_46,R2,2026-09-10T06:35:12.254702Z,human_signal,7,646,234,909,618,461,563,465.21,378.38,451.26,human,your_turn,0.449,2.97,130.33,0.0,180.0,76.24,0.0
Negotiation_46,R2,2026-09-10T06:35:12.761043Z,behavior_monitor,7,606,309,909,618,511,564,432.69,271.99,401.13,system,NA,0.386,2.97,162.9,0.0,180.0,99.11,0.0
Negotiation_46,R2,2026-09-10T06:35:13.270987Z,behavior_monitor,7,515,330,909,618,515,565,487.59,234.79,397.22,system,NA,0.325,2.97,176.84,0.0,180.0,93.6,180.0
Negotiation_46,R2,2026-09-10T06:35:13.271736Z,agent_signal,7,511,330,909,618,515,565,490.45,234.66,397.22,agent,i_can,0.324,2.97,176.84,0.0,180.0,93.6,180.0
Negotiation_46,R2,2026-09-10T06:35:13.782991Z,behavior_monitor,7,429,340,909,618,465,564,553.92,226.93,446.84,system,NA,0.291,2.97,128.91,0.0,180.0,86.33,176.27
Negotiation_46,R2,2026-09-10T06:35:14.293126Z,behavior_monitor,7,386,415,909,618,414,564,560.48,151.37,497.36,system,NA,0.213,2.97,105.86,0.0,180.0,93.6,180.0
Negotiation_46,R2,2026-09-10T06:35:14.803768Z,behavior_monitor,7,341,485,909,618,364,563,583.08,81.87,547.5,system,NA,0.123,2.97,152.85,0.0,180.0,99.11,180.0
Negotiation_46,R2,2026-09-10T06:35:15.316848Z,behavior_monitor,7,260,525,909,618,313,564,655.28,65.89,597.68,system,NA,0.091,2.97,152.85,0.0,180.0,99.11,180.0
Negotiation_46,R2,2026-09-10T06:35:15.821925Z,behavior_monitor,7,178,560,909,618,263,564,732.7,84.93,647.83,system,NA,0.104,2.97,126.84,0.0,180.0,99.11,180.0
Negotiation_46,R2,2026-09-10T06:35:16.332020Z,behavior_monitor,7,142,638,909,618,212,625,766.83,71.7,696.16,system,NA,0.086,2.97,110.7,0.0,180.0,169.61,125.75
Negotiation_46,R2,2026-09-10T06:35:16.840947Z,behavior_monitor,7,103,717,909,618,161,695,811.61,62.5,751.17,system,NA,0.071,2.97,155.78,0.0,180.0,169.61,125.75
Negotiation_46,R2,2026-09-10T06:35:17.351551Z,behavior_monitor,7,20,747,909,618,111,742,897.82,90.78,807.43,system,NA,0.092,2.97,160.86,0.0,180.0,99.11,180.0
Negotiation_46,R2,2026-09-10T06:35:17.842744Z,shot_hit,7,67,776,909,618,60,770,856.27,9.0,862.06,agent,NA,0.01,1.94,3.89,0.0,180.0,99.11,180.0
Negotiation_46,R2,2026-09-10T06:35:17.843760Z,flight_spawn,8,791,-20,909,618,60,770,649.05,1076.89,862.06,system,NA,0.624,3.15,129.45,0.0,180.0,99.11,180.0
Negotiation_46,R2,2026-09-10T06:35:18.811348Z,human_signal,8,761,148,909,618,111,700,492.66,852.89,801.94,human,i_can,0.634,3.15,102.52,0.0,180.0,130.47,-54.25
Negotiation_46,R2,2026-09-10T06:35:18.827962Z,behavior_monitor,8,761,148,909,618,112,699,492.66,851.27,800.84,system,NA,0.633,3.15,102.52,0.0,180.0,103.97,-54.25
Negotiation_46,R2,2026-09-10T06:35:19.337020Z,behavior_monitor,8,711,230,900,605,141,658,420.53,713.12,760.77,system,NA,0.629,3.15,122.97,142.07,-132.67,97.85,-54.25
Negotiation_46,R2,2026-09-10T06:35:19.795433Z,agent_signal,8,679,311,844,577,155,640,312.64,618.8,692.03,agent,your_turn,0.664,3.15,99.0,129.41,180.0,0.0,60.02
Negotiation_46,R2,2026-09-10T06:35:19.846658Z,behavior_monitor,8,678,317,839,577,158,636,305.51,610.15,684.38,system,NA,0.666,3.15,99.0,129.41,180.0,97.85,-54.25
Negotiation_46,R2,2026-09-10T06:35:20.358972Z,behavior_monitor,8,634,398,773,577,187,596,227.32,488.99,587.21,system,NA,0.683,3.15,127.35,129.41,180.0,97.85,-54.25
Negotiation_46,R2,2026-09-10T06:35:20.868195Z,behavior_monitor,8,575,473,707,577,197,581,168.46,393.0,510.23,system,NA,0.7,3.15,127.35,129.41,180.0,0.0,-54.25
Negotiation_46,R2,2026-09-10T06:35:21.377453Z,behavior_monitor,8,630,534,641,583,198,581,49.67,434.8,443.76,system,NA,0.897,3.15,31.1,134.03,164.91,0.0,-90.51
Negotiation_46,R2,2026-09-10T06:35:21.530510Z,shot_miss,8,649,555,625,587,208,567,40.27,441.17,416.96,human,NA,0.916,3.15,51.26,88.84,180.0,130.47,-54.25
Negotiation_46,R2,2026-09-10T06:35:21.887911Z,behavior_monitor,8,694,603,641,587,235,592,55.21,458.9,406.15,system,NA,0.893,3.15,58.82,84.25,0.0,130.47,54.25
Negotiation_46,R2,2026-09-10T06:35:22.021439Z,shot_miss,8,708,625,659,587,246,606,62.3,462.94,413.81,human,NA,0.881,3.15,58.82,129.41,0.0,130.47,54.25
Negotiation_46,R2,2026-09-10T06:35:22.391465Z,behavior_monitor,8,723,691,694,618,274,646,78.59,451.34,420.89,system,NA,0.852,3.15,84.56,129.64,55.07,130.47,54.25
Negotiation_46,R2,2026-09-10T06:35:22.901375Z,behavior_monitor,8,719,783,706,680,314,700,103.77,413.36,393.42,system,NA,0.799,3.15,80.81,128.76,90.0,130.47,54.25
Negotiation_46,R2,2026-09-10T06:35:23.410447Z,behavior_monitor,8,726,876,706,746,352,754,131.38,393.13,354.34,system,NA,0.75,3.15,106.19,129.41,90.0,130.47,54.25
Negotiation_46,R2,2026-09-10T06:35:23.903048Z,flight_missed,8,677,952,718,810,391,808,147.43,319.57,326.57,system,NA,0.684,3.15,154.84,98.13,59.44,130.47,54.25
Negotiation_46,R2,2026-09-10T06:35:23.904097Z,flight_spawn,9,601,-20,718,810,391,808,838.65,854.82,326.57,system,NA,0.505,3.43,54.36,98.13,59.44,130.47,54.25
Negotiation_46,R2,2026-09-10T06:35:26.111329Z,agent_signal,9,519,376,804,718,495,601,445.28,226.22,331.01,agent,i_can,0.337,3.43,82.65,0.0,-90.0,105.88,-90.0
Negotiation_46,R2,2026-09-10T06:35:26.128534Z,behavior_monitor,9,519,376,804,718,496,599,445.28,223.71,330.27,system,NA,0.334,3.43,82.65,0.0,-90.0,169.61,-54.25
Negotiation_46,R2,2026-09-10T06:35:26.637545Z,behavior_monitor,9,541,476,804,718,516,566,358.23,93.54,325.59,system,NA,0.207,3.43,65.53,0.0,-90.0,105.3,0.0
Negotiation_46,R2,2026-09-10T06:35:27.147441Z,behavior_monitor,9,631,515,804,718,567,566,267.41,81.6,281.84,system,NA,0.234,3.43,15.05,0.0,-90.0,99.11,0.0
Negotiation_46,R2,2026-09-10T06:35:27.657840Z,behavior_monitor,9,696,582,835,718,618,573,194.45,78.88,261.03,system,NA,0.289,3.43,91.48,75.1,0.0,169.61,54.25
Negotiation_46,R2,2026-09-10T06:35:28.167744Z,behavior_monitor,9,694,685,836,719,669,643,146.24,48.5,183.84,system,NA,0.249,3.43,91.48,48.26,90.0,169.61,54.25
Negotiation_46,R2,2026-09-10T06:35:28.219089Z,shot_miss,9,694,698,838,727,670,653,146.68,51.52,183.25,agent,NA,0.26,3.43,91.48,132.3,73.92,137.65,90.0
Negotiation_46,R2,2026-09-10T06:35:28.679333Z,behavior_monitor,9,690,787,845,784,672,714,155.86,75.23,186.68,system,NA,0.326,3.43,91.48,135.46,72.81,137.65,90.0
Negotiation_46,R2,2026-09-10T06:35:29.189523Z,behavior_monitor,9,693,890,862,846,672,784,174.95,108.26,199.77,system,NA,0.382,3.43,91.48,128.39,38.37,137.65,90.0
Negotiation_46,R2,2026-09-10T06:35:29.478120Z,flight_missed,9,690,952,901,850,672,826,234.21,127.22,230.07,system,NA,0.352,3.43,91.48,137.5,0.0,146.25,90.0
Negotiation_46,R2,2026-09-10T06:35:29.479122Z,flight_spawn,10,685,-20,901,850,672,826,896.77,846.88,230.07,system,NA,0.486,2.86,134.32,137.5,0.0,146.25,90.0
Negotiation_46,R2,2026-09-10T06:35:31.493827Z,agent_signal,10,689,311,917,850,658,730,585.08,419.86,285.26,agent,i_can,0.418,2.86,110.14,129.41,0.0,0.0,-90.0
Negotiation_46,R2,2026-09-10T06:35:31.510953Z,behavior_monitor,10,689,311,917,850,660,727,585.08,417.41,284.73,system,NA,0.416,2.86,110.14,129.41,0.0,169.61,-54.25
Negotiation_46,R2,2026-09-10T06:35:32.019539Z,behavior_monitor,10,657,391,983,850,640,657,562.7,265.77,393.52,system,NA,0.321,2.86,110.14,129.41,0.0,169.61,-125.75
Negotiation_46,R2,2026-09-10T06:35:32.528678Z,behavior_monitor,10,664,476,1031,850,642,586,523.66,112.05,470.47,system,NA,0.176,2.86,84.85,0.0,0.0,137.65,-90.0
Negotiation_46,R2,2026-09-10T06:35:33.022103Z,shot_hit,10,674,562,1031,850,652,565,458.94,22.6,474.74,agent,NA,0.047,2.86,84.85,0.0,0.0,99.11,0.0
Negotiation_46,R2,2026-09-10T06:35:33.023096Z,flight_spawn,11,670,-20,1031,850,652,565,942.39,585.64,474.74,system,NA,0.383,3.41,54.11,0.0,0.0,99.11,0.0
Negotiation_46,R2,2026-09-10T06:35:34.129138Z,human_signal,11,654,144,1031,850,668,565,800.06,420.55,462.2,human,your_turn,0.345,3.41,139.3,0.0,0.0,76.24,180.0
Negotiation_46,R2,2026-09-10T06:35:34.130321Z,behavior_monitor,11,654,144,1031,850,668,565,800.06,420.55,462.2,system,NA,0.345,3.41,139.3,0.0,0.0,76.24,180.0
Negotiation_46,R2,2026-09-10T06:35:34.130873Z,human_signal,11,652,146,1031,850,668,565,799.07,418.4,462.2,human,your_turn,0.344,3.41,139.3,0.0,0.0,76.24,180.0
Negotiation_46,R2,2026-09-10T06:35:34.638779Z,behavior_monitor,11,573,199,1031,850,617,565,795.92,367.89,502.94,system,NA,0.316,3.41,138.35,0.0,0.0,99.11,180.0
Negotiation_46,R2,2026-09-10T06:35:35.148089Z,behavior_monitor,11,501,267,1016,856,567,565,782.3,304.43,535.69,system,NA,0.28,3.41,138.35,125.48,150.62,99.11,180.0
Negotiation_46,R2,2026-09-10T06:35:35.606036Z,agent_signal,11,418,308,979,879,521,565,800.39,276.69,555.39,agent,i_can,0.257,3.41,160.96,0.0,180.0,99.11,180.0
Negotiation_46,R2,2026-09-10T06:35:35.656561Z,behavior_monitor,11,411,309,979,879,516,565,804.22,276.08,559.39,system,NA,0.256,3.41,170.66,0.0,180.0,99.11,180.0
Negotiation_46,R2,2026-09-10T06:35:36.166430Z,behavior_monitor,11,313,333,979,822,465,564,826.06,276.76,574.73,system,NA,0.251,3.41,144.43,89.41,-90.0,99.11,180.0
Negotiation_46,R2,2026-09-10T06:35:36.677269Z,behavior_monitor,11,234,398,979,814,414,564,852.75,244.98,617.34,system,NA,0.223,3.41,115.4,0.0,-90.0,99.11,180.0
Negotiation_46,R2,2026-09-10T06:35:37.187889Z,behavior_monitor,11,157,454,979,814,364,564,896.92,234.19,663.69,system,NA,0.207,3.41,165.96,0.0,-90.0,99.11,180.0
Negotiation_46,R2,2026-09-10T06:35:37.697829Z,behavior_monitor,11,85,513,979,814,313,564,942.62,233.28,711.02,system,NA,0.198,3.41,137.9,0.0,-90.0,99.11,180.0
Negotiation_46,R2,2026-09-10T06:35:38.208770Z,behavior_monitor,11,25,582,979,814,262,576,981.63,237.58,754.78,system,NA,0.195,2.75,56.41,0.0,-90.0,169.61,125.75
Negotiation_46,R2,2026-09-10T06:35:38.718890Z,behavior_monitor,11,77,639,979,814,212,634,918.25,134.89,787.48,system,NA,0.128,2.75,52.54,0.0,-90.0,169.61,125.75
Negotiation_46,R2,2026-09-10T06:35:39.228524Z,behavior_monitor,11,131,700,979,814,162,694,855.43,31.49,825.41,system,NA,0.036,2.75,31.59,0.0,-90.0,99.11,180.0
Negotiation_46,R2,2026-09-10T06:35:39.314466Z,shot_hit,11,144,708,979,814,152,704,841.48,9.19,834.13,agent,NA,0.011,2.75,31.59,0.0,-90.0,99.11,180.0
Negotiation_46,R2,2026-09-10T06:35:39.315619Z,flight_spawn,12,775,-20,979,814,152,704,858.61,955.32,834.13,system,NA,0.527,3.24,51.88,0.0,-90.0,99.11,180.0
Negotiation_46,R2,2026-09-10T06:35:40.080403Z,human_signal,12,902,33,979,814,183,661,784.18,954.49,810.47,human,i_can,0.549,3.24,1.42,0.0,-90.0,130.47,-54.25
Negotiation_46,R2,2026-09-10T06:35:40.096598Z,behavior_monitor,12,902,33,979,814,184,659,784.18,952.87,809.78,system,NA,0.549,3.24,1.42,0.0,-90.0,97.85,-54.25
Negotiation_46,R2,2026-09-10T06:35:40.609369Z,behavior_monitor,12,989,65,998,789,213,619,723.64,953.61,803.33,system,NA,0.569,3.24,48.11,138.95,-48.11,97.85,-54.25
Negotiation_46,R2,2026-09-10T06:35:41.119396Z,behavior_monitor,12,1078,93,1051,741,226,602,648.35,992.51,837.05,system,NA,0.605,3.24,6.46,142.16,-42.58,0.0,-54.25
Negotiation_46,R2,2026-09-10T06:35:41.627572Z,behavior_monitor,12,1143,158,1104,692,238,586,535.29,1001.02,872.78,system,NA,0.652,3.24,59.95,137.67,-41.06,130.47,-54.25
Negotiation_46,R2,2026-09-10T06:35:42.136590Z,behavior_monitor,12,1211,222,1113,682,277,566,470.19,995.02,844.07,system,NA,0.679,3.24,33.39,0.0,-90.0,76.24,0.0
Negotiation_46,R2,2026-09-10T06:35:42.646365Z,behavior_monitor,12,1289,270,1172,682,315,566,428.15,1017.85,864.2,system,NA,0.704,3.24,7.89,129.41,0.0,76.24,0.0
Negotiation_46,R2,2026-09-10T06:35:43.159077Z,behavior_monitor,12,1382,299,1238,682,354,566,409.61,1061.77,891.08,system,NA,0.722,3.24,20.26,129.41,0.0,76.24,0.0
Negotiation_46,R2,2026-09-10T06:35:43.532747Z,agent_signal,12,1450,329,1288,682,382,566,387.96,1093.61,913.8,agent,your_turn,0.738,2.68,120.49,129.41,0.0,76.24,0.0
Negotiation_46,R2,2026-09-10T06:35:43.668374Z,behavior_monitor,12,1443,346,1304,682,390,566,363.73,1076.15,921.36,system,NA,0.747,2.68,94.33,129.41,0.0,57.18,0.0
Negotiation_46,R2,2026-09-10T06:35:44.177926Z,behavior_monitor,12,1442,426,1340,682,418,566,275.84,1032.84,928.92,system,NA,0.789,2.68,73.24,0.0,0.0,57.18,0.0
Negotiation_46,R2,2026-09-10T06:35:44.688679Z,behavior_monitor,12,1422,494,1373,682,426,566,194.44,998.98,954.73,system,NA,0.837,2.61,128.37,129.41,0.0,0.0,0.27
Negotiation_46,R2,2026-09-10T06:35:45.198691Z,behavior_monitor,12,1351,521,1385,682,426,566,164.35,926.4,966.17,system,NA,0.849,2.61,178.49,88.0,180.0,0.0,0.27
Negotiation_46,R2,2026-09-10T06:35:45.708845Z,behavior_monitor,12,1275,539,1320,694,445,566,161.44,830.2,884.62,system,NA,0.837,2.61,179.06,137.26,160.53,0.0,0.0
Negotiation_46,R2,2026-09-10T06:35:46.220670Z,behavior_monitor,12,1201,555,1254,721,470,566,174.26,731.91,799.82,system,NA,0.808,2.61,159.9,140.25,157.32,76.24,0.0
Negotiation_46,R2,2026-09-10T06:35:46.730977Z,behavior_monitor,12,1134,585,1188,747,508,580,170.54,625.33,699.86,system,NA,0.786,2.61,131.22,138.38,159.26,130.47,54.25
Negotiation_46,R2,2026-09-10T06:35:47.240421Z,behavior_monitor,12,1099,653,1122,767,547,634,115.58,551.95,589.89,system,NA,0.827,2.61,98.42,133.79,165.31,130.47,54.25
Negotiation_46,R2,2026-09-10T06:35:47.750444Z,behavior_monitor,12,1053,710,1056,775,586,689,64.4,467.69,477.93,system,NA,0.879,2.61,140.44,129.41,180.0,130.47,54.25
Negotiation_46,R2,2026-09-10T06:35:48.261693Z,behavior_monitor,12,974,733,995,775,625,728,46.46,349.38,372.62,system,NA,0.883,2.61,166.44,129.41,180.0,130.47,54.25
Negotiation_46,R2,2026-09-10T06:35:49.264760Z,shot_miss,12,823,768,865,804,702,763,55.18,121.66,168.57,human,NA,0.688,2.61,170.79,129.41,180.0,76.24,0.0
Negotiation_46,R2,2026-09-10T06:35:49.757932Z,shot_hit,12,739,781,865,804,727,775,128.36,13.18,141.17,agent,NA,0.093,2.61,170.79,129.41,0.0,76.24,180.0
Negotiation_46,R2,2026-09-10T06:35:49.760575Z,flight_spawn,13,651,-20,865,804,727,775,852.3,799.53,141.17,system,NA,0.484,2.83,45.0,129.41,0.0,76.24,180.0
Negotiation_46,R2,2026-09-10T06:35:53.475798Z,human_signal,13,1138,326,1150,651,937,566,325.31,312.98,229.49,human,i_can,0.49,2.83,16.9,129.41,0.0,76.24,0.0
Negotiation_46,R2,2026-09-10T06:35:53.492983Z,behavior_monitor,13,1138,326,1150,651,938,566,325.31,312.35,228.59,system,NA,0.49,2.83,16.9,129.41,0.0,57.18,0.0
Negotiation_46,R2,2026-09-10T06:35:54.004014Z,behavior_monitor,13,1210,362,1216,651,967,566,289.23,316.77,262.94,system,NA,0.523,2.83,38.05,125.86,0.0,57.18,0.0
Negotiation_46,R2,2026-09-10T06:35:54.362151Z,agent_signal,13,1263,396,1229,651,981,566,257.06,328.81,262.53,agent,your_turn,0.561,2.83,8.08,0.0,0.0,0.0,0.0
Negotiation_46,R2,2026-09-10T06:35:54.515034Z,behavior_monitor,13,1283,403,1234,651,990,565,253.13,335.26,259.0,system,NA,0.57,2.83,32.14,124.88,0.0,57.18,0.0
Negotiation_46,R2,2026-09-10T06:35:55.025215Z,behavior_monitor,13,1360,437,1300,651,1019,565,222.42,364.36,293.77,system,NA,0.621,2.83,29.67,129.41,0.0,57.18,0.0
Negotiation_46,R2,2026-09-10T06:35:55.535375Z,behavior_monitor,13,1446,444,1347,650,1025,566,228.84,438.94,333.47,system,NA,0.657,2.83,24.21,67.65,-34.48,0.0,-1.08
Negotiation_46,R2,2026-09-10T06:35:56.045340Z,behavior_monitor,13,1401,462,1387,596,1024,566,134.58,391.25,364.47,system,NA,0.744,1.93,166.59,139.14,-68.45,0.0,-166.09
Negotiation_46,R2,2026-09-10T06:35:56.556658Z,behavior_monitor,13,1353,493,1376,533,1063,566,45.61,299.18,315.33,system,NA,0.868,1.93,142.5,138.09,-133.95,76.24,0.0
Negotiation_46,R2,2026-09-10T06:35:56.777143Z,shot_hit,13,1332,509,1351,520,1080,566,21.71,258.82,274.9,human,NA,0.923,1.93,142.5,134.19,-164.67,76.24,0.0
Negotiation_46,R2,2026-09-10T06:35:56.777745Z,flight_spawn,14,454,-20,1351,520,1080,566,1047.08,857.5,274.9,system,NA,0.45,3.08,49.45,134.19,-164.67,76.24,0.0
Negotiation_46,R2,2026-09-10T06:35:59.178270Z,human_signal,14,524,382,1190,673,921,565,726.6,437.54,289.28,human,your_turn,0.376,3.08,130.21,149.89,146.17,81.0,180.0
Negotiation_46,R2,2026-09-10T06:35:59.179388Z,behavior_monitor,14,524,382,1190,673,921,565,726.6,437.54,289.28,system,NA,0.376,3.08,130.21,133.24,146.17,72.0,180.0
Negotiation_46,R2,2026-09-10T06:35:59.179834Z,human_signal,14,521,385,1188,674,921,565,726.65,438.83,287.93,human,your_turn,0.377,3.08,130.21,133.24,146.17,72.0,180.0
Negotiation_46,R2,2026-09-10T06:35:59.229808Z,agent_signal,14,514,391,1182,678,917,565,727.02,438.85,288.18,agent,i_can,0.376,3.08,155.64,140.75,146.37,72.68,177.07
Negotiation_46,R2,2026-09-10T06:35:59.690138Z,behavior_monitor,14,438,414,1130,712,871,566,753.11,459.35,296.6,system,NA,0.379,3.08,158.86,139.13,148.47,99.11,180.0
Negotiation_46,R2,2026-09-10T06:36:00.201263Z,behavior_monitor,14,364,470,1070,741,821,565,755.68,466.17,304.73,system,NA,0.382,3.08,159.96,137.02,160.82,99.11,180.0
Negotiation_46,R2,2026-09-10T06:36:00.710981Z,behavior_monitor,14,271,505,1004,766,770,565,777.81,502.45,308.1,system,NA,0.392,3.08,139.32,140.06,157.51,99.11,180.0
Negotiation_46,R2,2026-09-10T06:36:01.220381Z,behavior_monitor,14,195,549,977,779,719,566,814.73,524.59,334.25,system,NA,0.392,3.08,144.5,0.0,141.01,99.11,180.0
Negotiation_46,R2,2026-09-10T06:36:01.730886Z,behavior_monitor,14,139,622,977,779,669,610,852.2,529.7,351.24,system,NA,0.383,3.08,114.89,0.0,141.01,169.61,125.75
Negotiation_46,R2,2026-09-10T06:36:02.240893Z,behavior_monitor,14,92,699,977,779,618,680,888.49,526.63,371.9,system,NA,0.372,3.08,142.96,0.0,141.01,169.61,125.75
Negotiation_46,R2,2026-09-10T06:36:02.751311Z,behavior_monitor,14,28,727,977,779,568,722,950.69,540.58,412.57,system,NA,0.362,1.98,26.48,0.0,141.01,169.61,125.75
Negotiation_46,R2,2026-09-10T06:36:03.260431Z,behavior_monitor,14,76,762,977,779,518,758,900.94,441.55,459.73,system,NA,0.329,1.98,23.08,0.0,141.01,169.61,125.75
Negotiation_46,R2,2026-09-10T06:36:03.769311Z,behavior_monitor,14,115,801,977,779,467,796,862.0,351.69,510.35,system,NA,0.29,1.98,43.12,0.0,141.01,99.11,180.0
Negotiation_46,R2,2026-09-10T06:36:05.267594Z,flight_missed,14,187,952,977,779,316,910,809.01,136.68,673.2,system,NA,0.145,1.98,70.34,0.0,141.01,99.11,180.0
Negotiation_46,R2,2026-09-10T06:36:05.268532Z,flight_spawn,15,633,-20,977,779,316,910,870.0,982.55,673.2,system,NA,0.53,3.51,55.29,0.0,141.01,99.11,180.0
Negotiation_46,R2,2026-09-10T06:36:06.339024Z,human_signal,15,809,100,977,779,373,829,699.22,849.8,605.75,human,i_can,0.549,3.51,22.56,0.0,141.01,130.47,-54.25
Negotiation_46,R2,2026-09-10T06:36:06.355275Z,behavior_monitor,15,809,100,977,779,374,828,699.22,848.14,604.67,system,NA,0.548,3.51,22.56,0.0,141.01,97.85,-54.25
Negotiation_46,R2,2026-09-10T06:36:06.866925Z,behavior_monitor,15,815,195,983,761,394,801,590.59,738.22,591.06,system,NA,0.556,3.51,124.29,95.25,-63.97,97.85,-54.25
Negotiation_46,R2,2026-09-10T06:36:07.376827Z,behavior_monitor,15,749,278,937,756,407,782,514.28,608.85,531.03,system,NA,0.542,3.51,154.03,129.41,180.0,0.0,-24.49
Negotiation_46,R2,2026-09-10T06:36:07.890290Z,behavior_monitor,15,647,293,896,756,418,767,525.8,526.23,478.29,system,NA,0.5,3.51,178.84,0.0,180.0,123.22,-54.25
Negotiation_46,R2,2026-09-10T06:36:08.113174Z,human_signal,15,602,303,896,756,434,744,540.52,472.04,461.79,human,your_turn,0.466,3.51,171.11,0.0,180.0,130.47,-54.25
Negotiation_46,R2,2026-09-10T06:36:08.114257Z,human_signal,15,598,303,896,756,434,744,542.38,470.04,461.79,human,your_turn,0.464,3.51,171.11,0.0,180.0,130.47,-54.25
Negotiation_46,R2,2026-09-10T06:36:08.403989Z,behavior_monitor,15,541,312,896,756,463,704,568.76,399.88,436.13,system,NA,0.413,3.51,171.11,0.0,180.0,169.61,-54.25
Negotiation_46,R2,2026-09-10T06:36:08.590209Z,agent_signal,15,501,318,896,756,481,678,589.61,360.45,421.74,agent,i_can,0.379,3.51,160.61,0.0,180.0,169.61,-54.25
Negotiation_46,R2,2026-09-10T06:36:08.914153Z,behavior_monitor,15,447,358,896,756,453,634,599.8,276.24,459.27,system,NA,0.315,3.51,138.41,0.0,180.0,169.61,-125.75
Negotiation_46,R2,2026-09-10T06:36:09.425695Z,behavior_monitor,15,352,393,896,756,403,566,653.82,180.14,528.5,system,NA,0.216,3.51,163.58,0.0,180.0,99.11,180.0
Negotiation_46,R2,2026-09-10T06:36:09.935393Z,behavior_monitor,15,251,423,896,756,352,566,726.05,175.38,575.94,system,NA,0.195,3.51,163.58,0.0,180.0,99.11,180.0
Negotiation_46,R2,2026-09-10T06:36:10.447567Z,behavior_monitor,15,146,446,896,756,302,566,811.67,197.18,623.48,system,NA,0.195,3.51,173.85,0.0,180.0,99.11,180.0
Negotiation_46,R2,2026-09-10T06:36:10.958863Z,behavior_monitor,15,50,485,896,756,251,566,888.12,216.96,671.9,system,NA,0.196,3.51,140.16,0.0,180.0,99.11,180.0
Negotiation_46,R2,2026-09-10T06:36:11.469177Z,behavior_monitor,15,58,539,896,756,201,565,865.73,145.83,720.33,system,NA,0.144,2.77,25.62,0.0,180.0,99.11,180.0
Negotiation_46,R2,2026-09-10T06:36:11.981242Z,behavior_monitor,15,134,570,896,756,151,566,783.88,16.8,768.99,system,NA,0.021,2.77,24.98,0.0,180.0,93.6,180.0
Negotiation_46,R2,2026-09-10T06:36:12.016178Z,shot_hit,15,143,573,896,756,146,568,775.16,5.99,773.31,agent,NA,0.008,2.77,24.98,0.0,180.0,169.61,125.75
Negotiation_46,R2,2026-09-10T06:36:12.017236Z,flight_spawn,16,386,-20,896,756,146,568,929.17,635.81,773.31,system,NA,0.406,2.83,45.0,0.0,180.0,169.61,125.75
Negotiation_46,R2,2026-09-10T06:36:14.399026Z,human_signal,16,734,142,931,756,277,566,645.63,623.92,681.48,human,i_can,0.491,2.83,33.53,0.0,0.0,76.24,0.0
Negotiation_46,R2,2026-09-10T06:36:14.415503Z,behavior_monitor,16,734,142,931,756,277,567,645.63,623.38,680.58,system,NA,0.491,2.83,33.53,0.0,0.0,53.27,9.99
Negotiation_46,R2,2026-09-10T06:36:14.927165Z,behavior_monitor,16,780,211,923,756,306,565,563.57,591.02,645.68,system,NA,0.512,2.83,83.65,90.92,180.0,57.18,0.0
Negotiation_46,R2,2026-09-10T06:36:15.439315Z,behavior_monitor,16,788,296,860,756,320,566,466.27,539.85,572.49,system,NA,0.537,2.83,83.65,129.41,180.0,0.0,63.1
Negotiation_46,R2,2026-09-10T06:36:15.847588Z,agent_signal,16,756,359,805,741,325,566,385.66,477.72,510.8,agent,your_turn,0.553,2.83,132.04,139.13,-158.46,76.24,0.0
Negotiation_46,R2,2026-09-10T06:36:15.950567Z,behavior_monitor,16,747,369,794,737,331,566,371.04,459.6,493.62,system,NA,0.553,2.83,132.04,136.98,-160.87,57.18,0.0
Negotiation_46,R2,2026-09-10T06:36:16.460266Z,behavior_monitor,16,676,417,728,716,360,566,303.73,348.85,397.27,system,NA,0.535,2.83,130.49,137.44,-159.0,57.18,0.0
Negotiation_46,R2,2026-09-10T06:36:16.971524Z,behavior_monitor,16,640,489,728,685,369,565,215.42,281.2,378.31,system,NA,0.566,2.83,80.71,61.44,-46.72,0.0,0.0
Negotiation_46,R2,2026-09-10T06:36:17.466252Z,human_signal,16,664,565,749,666,383,565,132.12,280.72,379.54,human,your_turn,0.68,2.83,80.12,49.28,0.0,72.0,0.0
Negotiation_46,R2,2026-09-10T06:36:17.467039Z,human_signal,16,664,568,750,666,383,565,130.65,280.76,380.5,human,your_turn,0.682,2.83,80.12,52.18,0.0,76.24,0.0
Negotiation_46,R2,2026-09-10T06:36:17.483195Z,behavior_monitor,16,664,568,750,666,385,565,130.65,279.07,378.87,system,NA,0.681,2.83,80.12,58.65,0.0,99.11,0.0
Negotiation_46,R2,2026-09-10T06:36:17.993791Z,behavior_monitor,16,647,645,744,667,436,633,99.71,211.34,310.16,system,NA,0.679,2.83,125.37,135.0,163.46,169.61,54.25
Negotiation_46,R2,2026-09-10T06:36:18.367261Z,agent_signal,16,625,705,701,684,472,685,79.47,153.74,229.08,agent,i_can,0.659,2.83,95.55,0.0,141.51,169.61,54.25
Negotiation_46,R2,2026-09-10T06:36:18.401997Z,human_signal,16,625,711,701,684,475,689,80.93,150.74,225.77,human,i_can,0.651,2.83,95.55,0.0,141.51,169.61,54.25
Negotiation_46,R2,2026-09-10T06:36:18.503895Z,behavior_monitor,16,623,725,701,684,481,698,88.37,143.96,220.28,system,NA,0.62,2.83,95.55,0.0,141.51,97.85,54.25
Negotiation_46,R2,2026-09-10T06:36:19.014654Z,behavior_monitor,16,628,807,714,720,511,737,123.5,136.22,204.26,system,NA,0.524,2.83,100.75,139.29,64.9,97.85,54.25
Negotiation_46,R2,2026-09-10T06:36:19.523899Z,behavior_monitor,16,613,891,746,783,520,749,171.09,169.21,228.44,system,NA,0.497,2.83,100.75,136.16,71.88,0.0,54.25
Negotiation_46,R2,2026-09-10T06:36:19.880027Z,flight_missed,16,600,952,711,804,535,771,184.62,192.3,179.03,system,NA,0.51,2.83,79.73,62.75,180.0,130.47,54.25
Negotiation_46,R2,2026-09-10T06:36:19.883427Z,flight_spawn,17,364,-20,711,804,535,771,894.86,809.79,179.03,system,NA,0.475,2.83,45.0,62.75,180.0,130.47,54.25
Negotiation_46,R2,2026-09-10T06:36:25.944370Z,human_signal,17,1156,485,1133,723,883,566,238.61,284.11,294.85,human,i_can,0.544,2.83,48.95,71.4,-90.0,76.24,0.0
Negotiation_46,R2,2026-09-10T06:36:25.959777Z,behavior_monitor,17,1156,485,1133,723,884,566,238.61,283.18,294.03,system,NA,0.543,2.83,48.95,74.57,-90.0,60.75,0.0
Negotiation_46,R2,2026-09-10T06:36:26.198492Z,agent_signal,17,1181,519,1133,706,898,566,192.98,286.96,273.43,agent,your_turn,0.598,2.83,69.31,63.62,-90.0,57.18,0.0
Negotiation_46,R2,2026-09-10T06:36:26.471217Z,behavior_monitor,17,1196,558,1147,691,913,566,141.34,282.19,265.37,system,NA,0.666,2.83,69.31,128.61,-24.37,57.18,0.0
Negotiation_46,R2,2026-09-10T06:36:26.979301Z,behavior_monitor,17,1246,626,1213,689,942,598,70.37,305.88,286.28,system,NA,0.813,2.83,66.08,129.41,0.0,0.0,54.25
Negotiation_46,R2,2026-09-10T06:36:27.336777Z,shot_hit,17,1262,682,1260,689,941,598,6.52,331.04,330.76,human,NA,0.981,2.83,90.05,129.41,0.0,0.0,-137.74
Negotiation_46,R2,2026-09-10T06:36:27.337660Z,flight_spawn,18,597,-20,1260,689,941,598,970.1,707.8,330.76,system,NA,0.422,3.38,53.67,129.41,0.0,0.0,-137.74
Negotiation_46,R2,2026-09-10T06:36:28.835944Z,human_signal,18,728,195,1302,689,846,566,757.12,388.74,472.78,human,your_turn,0.339,3.38,5.03,0.0,0.0,81.0,180.0
Negotiation_46,R2,2026-09-10T06:36:28.837021Z,behavior_monitor,18,728,195,1302,689,846,566,757.12,388.74,472.78,system,NA,0.339,3.38,5.03,0.0,0.0,76.24,180.0
Negotiation_46,R2,2026-09-10T06:36:28.837497Z,human_signal,18,732,196,1302,689,846,566,753.95,387.28,472.78,human,your_turn,0.339,3.38,5.03,0.0,0.0,76.24,180.0
Negotiation_46,R2,2026-09-10T06:36:29.341025Z,behavior_monitor,18,831,204,1302,689,806,565,676.09,362.1,511.86,system,NA,0.349,3.38,5.03,0.0,0.0,105.3,0.0
Negotiation_46,R2,2026-09-10T06:36:29.851613Z,behavior_monitor,18,905,260,1305,689,856,565,585.66,308.22,465.2,system,NA,0.345,3.38,27.09,62.86,0.0,120.51,-12.66
Negotiation_46,R2,2026-09-10T06:36:30.362916Z,behavior_monitor,18,991,315,1365,689,906,563,528.79,262.68,475.78,system,NA,0.332,3.38,30.07,129.41,0.0,99.11,0.0
Negotiation_46,R2,2026-09-10T06:36:30.840047Z,agent_signal,18,1004,401,1429,689,953,563,512.38,169.78,491.84,agent,i_can,0.249,3.38,99.39,129.41,0.0,99.11,0.0
Negotiation_46,R2,2026-09-10T06:36:30.874002Z,behavior_monitor,18,1003,405,1431,689,956,563,513.45,165.23,490.71,system,NA,0.243,3.38,99.39,129.41,0.0,99.11,0.0
Negotiation_46,R2,2026-09-10T06:36:31.384990Z,behavior_monitor,18,964,496,1450,689,950,563,522.21,68.92,515.2,system,NA,0.117,3.38,124.55,0.0,0.0,105.3,180.0
Negotiation_46,R2,2026-09-10T06:36:31.623142Z,shot_miss,18,926,527,1450,689,925,564,548.14,37.22,539.45,agent,NA,0.064,3.38,169.93,0.0,0.0,99.11,180.0
Negotiation_46,R2,2026-09-10T06:36:31.886976Z,behavior_monitor,18,879,541,1450,689,901,564,589.81,32.32,562.43,system,NA,0.052,3.38,160.68,0.0,0.0,99.11,180.0
Negotiation_46,R2,2026-09-10T06:36:31.954304Z,shot_miss,18,862,546,1446,689,893,564,600.88,35.33,567.02,agent,NA,0.056,3.38,160.68,50.07,180.0,99.11,180.0
Negotiation_46,R2,2026-09-10T06:36:32.294495Z,shot_miss,18,803,576,1405,689,859,571,612.2,56.49,558.04,agent,NA,0.084,3.38,137.52,129.41,180.0,169.61,125.75
Negotiation_46,R2,2026-09-10T06:36:32.396088Z,behavior_monitor,18,789,587,1394,689,851,582,613.85,61.99,553.89,system,NA,0.092,3.38,137.52,105.95,154.59,169.61,125.75
Negotiation_46,R2,2026-09-10T06:36:32.906616Z,behavior_monitor,18,744,674,1359,749,800,653,619.89,59.95,567.4,system,NA,0.088,3.38,112.51,145.55,123.31,169.61,125.75
Negotiation_46,R2,2026-09-10T06:36:33.418079Z,behavior_monitor,18,707,767,1318,811,750,723,612.98,61.66,575.44,system,NA,0.091,3.38,112.51,137.63,123.57,160.19,125.75
Negotiation_46,R2,2026-09-10T06:36:33.933003Z,behavior_monitor,18,671,861,1268,859,699,793,597.77,73.56,573.06,system,NA,0.11,3.38,112.51,129.41,180.0,169.61,125.75
Negotiation_46,R2,2026-09-10T06:36:34.409350Z,flight_missed,18,659,953,1205,859,651,861,553.24,92.63,554.15,system,NA,0.143,3.38,60.72,129.41,180.0,169.61,125.75
Negotiation_46,R2,2026-09-10T06:36:34.410481Z,flight_spawn,19,1265,-20,1205,859,651,861,881.27,1074.03,554.15,system,NA,0.549,2.85,134.59,129.41,180.0,169.61,125.75
Negotiation_46,R2,2026-09-10T06:36:35.952545Z,human_signal,19,1204,208,1116,760,738,740,559.09,707.32,379.07,human,i_can,0.559,2.85,88.54,140.16,-62.46,130.47,-54.25
Negotiation_46,R2,2026-09-10T06:36:35.969540Z,behavior_monitor,19,1204,208,1116,760,739,739,559.09,705.67,378.17,system,NA,0.558,2.85,88.54,140.3,-62.34,97.85,-54.25
Negotiation_46,R2,2026-09-10T06:36:36.480038Z,behavior_monitor,19,1207,293,1150,697,768,698,408.5,597.75,381.68,system,NA,0.594,2.85,60.51,140.33,-62.32,97.85,-54.25
Negotiation_46,R2,2026-09-10T06:36:36.582216Z,agent_signal,19,1216,310,1157,682,774,690,376.83,582.81,383.81,agent,your_turn,0.607,2.85,60.51,140.2,-62.29,97.85,-54.25
Negotiation_46,R2,2026-09-10T06:36:36.991032Z,behavior_monitor,19,1265,350,1183,634,797,657,295.35,559.51,386.77,system,NA,0.655,2.85,33.86,140.2,-59.0,97.85,-54.25
Negotiation_46,R2,2026-09-10T06:36:37.501880Z,behavior_monitor,19,1340,386,1237,588,817,629,226.89,577.25,421.77,system,NA,0.718,2.85,7.99,139.2,-29.65,0.0,-164.96
Negotiation_46,R2,2026-09-10T06:36:38.010582Z,behavior_monitor,19,1417,407,1300,556,820,626,190.47,636.46,484.7,system,NA,0.77,2.85,29.32,136.97,-23.89,130.47,-54.25
Negotiation_46,R2,2026-09-10T06:36:38.520108Z,behavior_monitor,19,1426,438,1320,552,859,572,156.29,583.14,461.55,system,NA,0.789,1.76,142.06,129.41,0.0,130.47,-54.25
Negotiation_46,R2,2026-09-10T06:36:39.031134Z,behavior_monitor,19,1392,470,1360,561,898,565,96.47,503.1,461.43,system,NA,0.839,1.76,123.67,0.0,0.0,81.0,0.0
Negotiation_46,R2,2026-09-10T06:36:39.541014Z,behavior_monitor,19,1367,516,1360,561,937,565,46.06,432.4,422.55,system,NA,0.904,1.76,96.01,0.0,0.0,76.24,0.0
Negotiation_46,R2,2026-09-10T06:36:39.930474Z,shot_hit,19,1370,555,1351,561,966,566,19.98,403.85,384.71,human,NA,0.953,1.76,75.62,0.0,180.0,76.24,0.0
Negotiation_46,R2,2026-09-10T06:36:39.931457Z,flight_spawn,20,523,-20,1351,561,966,566,1011.93,734.96,384.71,system,NA,0.421,2.83,45.0,0.0,180.0,76.24,0.0
Negotiation_46,R2,2026-09-10T06:36:41.394374Z,human_signal,20,749,53,1351,572,919,566,794.48,539.82,432.37,human,your_turn,0.405,2.83,3.57,0.0,90.0,72.0,180.0
Negotiation_46,R2,2026-09-10T06:36:41.395140Z,behavior_monitor,20,749,53,1351,572,919,566,794.48,539.82,432.37,system,NA,0.405,2.83,3.57,0.0,90.0,64.8,174.39
Negotiation_46,R2,2026-09-10T06:36:41.395504Z,human_signal,20,752,54,1351,572,919,566,792.34,538.82,432.37,human,your_turn,0.405,2.83,3.57,0.0,90.0,64.8,174.39
Negotiation_46,R2,2026-09-10T06:36:41.906042Z,behavior_monitor,20,833,69,1351,572,868,566,721.7,497.79,483.23,system,NA,0.408,2.83,17.39,0.0,90.0,99.11,180.0
Negotiation_46,R2,2026-09-10T06:36:42.416049Z,behavior_monitor,20,913,95,1351,572,875,566,647.89,472.35,476.08,system,NA,0.422,2.83,9.97,0.0,90.0,99.11,0.0
Negotiation_46,R2,2026-09-10T06:36:42.931900Z,behavior_monitor,20,996,109,1351,572,925,566,583.11,462.17,425.86,system,NA,0.442,2.83,9.97,0.0,90.0,99.11,0.0
Negotiation_46,R2,2026-09-10T06:36:43.443623Z,behavior_monitor,20,1080,123,1351,572,976,566,524.68,455.36,375.58,system,NA,0.465,2.83,3.98,0.0,90.0,99.11,0.0
Negotiation_46,R2,2026-09-10T06:36:43.629065Z,human_signal,20,1114,128,1351,572,994,566,503.17,454.05,357.05,human,i_can,0.474,2.83,24.81,0.0,90.0,99.11,0.0
Negotiation_46,R2,2026-09-10T06:36:43.951706Z,behavior_monitor,20,1158,154,1351,572,1013,566,460.51,437.23,338.59,system,NA,0.487,2.83,53.12,0.0,90.0,57.18,0.0
Negotiation_46,R2,2026-09-10T06:36:44.461317Z,behavior_monitor,20,1210,221,1351,572,1038,566,378.63,386.03,313.58,system,NA,0.505,2.83,23.21,0.0,90.0,0.0,0.0
Negotiation_46,R2,2026-09-10T06:36:44.975161Z,behavior_monitor,20,1289,254,1351,572,1039,566,324.07,399.67,312.29,system,NA,0.552,2.83,23.21,0.0,90.0,76.24,0.0
Negotiation_46,R2,2026-09-10T06:36:45.483338Z,behavior_monitor,20,1374,266,1351,558,1077,566,292.77,421.89,273.9,system,NA,0.59,2.83,1.68,137.5,-90.0,81.0,0.0
Negotiation_46,R2,2026-09-10T06:36:45.991438Z,behavior_monitor,20,1444,268,1356,492,1116,566,240.33,442.55,250.5,system,NA,0.648,1.7,177.2,136.86,-67.77,76.24,0.0
Negotiation_46,R2,2026-09-10T06:36:46.501825Z,behavior_monitor,20,1390,271,1376,429,1155,566,159.07,377.22,260.23,system,NA,0.703,1.7,177.2,96.81,-90.0,76.24,0.0
Negotiation_46,R2,2026-09-10T06:36:47.010697Z,behavior_monitor,20,1342,275,1375,424,1194,566,152.79,326.67,230.11,system,NA,0.681,1.7,178.76,42.9,180.0,90.93,4.41
Negotiation_46,R2,2026-09-10T06:36:47.520073Z,behavior_monitor,20,1289,282,1312,438,1232,566,157.25,289.55,151.2,system,NA,0.648,1.7,159.75,129.41,180.0,76.24,0.0
Negotiation_46,R2,2026-09-10T06:36:48.029926Z,behavior_monitor,20,1236,284,1254,406,1226,566,123.43,282.18,162.21,system,NA,0.696,1.7,178.36,138.63,-137.21,76.24,180.0
Negotiation_46,R2,2026-09-10T06:36:48.540232Z,behavior_monitor,20,1196,303,1190,395,1187,566,92.15,263.36,171.3,system,NA,0.741,1.7,132.65,122.22,180.0,70.78,-171.29
Negotiation_46,R2,2026-09-10T06:36:48.693374Z,agent_signal,20,1187,316,1178,395,1175,566,79.97,250.99,171.3,agent,your_turn,0.758,1.7,132.65,0.0,180.0,76.24,180.0
Negotiation_46,R2,2026-09-10T06:36:49.052252Z,behavior_monitor,20,1164,339,1178,395,1154,565,58.38,226.99,171.86,system,NA,0.795,1.7,161.65,0.0,180.0,54.0,180.0
Negotiation_46,R2,2026-09-10T06:36:49.562971Z,shot_hit,20,1143,380,1122,395,1133,565,25.38,185.87,170.45,human,NA,0.88,1.7,109.26,92.97,180.0,0.0,-4.2
Negotiation_46,R3,2026-09-10T06:37:54.438696Z,flight_spawn,1,1181,-20,1122,395,1133,565,419.81,587.83,170.45,system,NA,0.583,3.22,128.36,0.0,180.0,0.0,-4.2
Negotiation_46,R3,2026-09-10T06:38:00.204461Z,agent_signal,1,1001,423,1116,754,555,565,349.78,468.41,592.36,agent,your_turn,0.572,3.22,90.66,77.54,180.0,72.0,0.0
Negotiation_46,R3,2026-09-10T06:38:00.221607Z,behavior_monitor,1,1001,423,1116,754,556,565,349.78,467.48,591.44,system,NA,0.572,3.22,90.66,82.1,180.0,57.18,0.0
Negotiation_46,R3,2026-09-10T06:38:00.409305Z,human_signal,1,999,462,1101,754,567,565,308.81,444.9,566.46,human,i_can,0.59,3.22,90.66,75.76,180.0,57.18,0.0
Negotiation_46,R3,2026-09-10T06:38:00.732016Z,behavior_monitor,1,983,516,1101,754,585,566,265.22,401.04,548.87,system,NA,0.602,3.22,114.33,0.0,180.0,57.18,0.0
Negotiation_46,R3,2026-09-10T06:38:01.242641Z,behavior_monitor,1,899,556,1042,754,610,566,244.45,288.46,470.86,system,NA,0.541,3.22,136.79,129.41,180.0,0.0,0.0
Negotiation_46,R3,2026-09-10T06:38:01.754790Z,behavior_monitor,1,823,619,979,781,614,571,224.07,214.47,420.37,system,NA,0.489,3.22,162.1,140.41,147.86,130.47,54.25
Negotiation_46,R3,2026-09-10T06:38:02.262758Z,behavior_monitor,1,731,629,919,819,653,625,267.16,78.32,329.36,system,NA,0.227,3.22,175.57,139.61,147.71,130.47,54.25
Negotiation_46,R3,2026-09-10T06:38:02.554611Z,shot_hit,1,678,646,881,836,665,641,278.58,13.7,291.31,agent,NA,0.047,3.22,154.51,126.14,164.75,130.47,125.75
Negotiation_46,R3,2026-09-10T06:38:02.555729Z,flight_spawn,2,614,-20,881,836,665,641,897.18,663.66,291.31,system,NA,0.425,2.92,133.28,126.14,164.75,130.47,125.75
Negotiation_46,R3,2026-09-10T06:38:02.792517Z,human_signal,2,589,8,866,836,665,641,872.95,637.57,279.88,human,your_turn,0.422,2.92,113.03,64.91,180.0,0.0,125.75
Negotiation_46,R3,2026-09-10T06:38:02.793144Z,behavior_monitor,2,589,8,866,836,665,641,872.95,637.57,279.88,system,NA,0.422,2.92,113.03,64.91,180.0,0.0,125.75
Negotiation_46,R3,2026-09-10T06:38:02.793611Z,human_signal,2,587,11,865,836,665,641,870.63,635.12,279.15,human,your_turn,0.422,2.92,113.03,64.91,180.0,0.0,125.75
Negotiation_46,R3,2026-09-10T06:38:03.303282Z,behavior_monitor,2,542,79,860,836,627,587,820.81,515.18,340.9,system,NA,0.386,2.92,130.12,0.0,180.0,169.61,-125.75
Negotiation_46,R3,2026-09-10T06:38:03.811469Z,behavior_monitor,2,490,147,886,786,576,566,751.22,427.79,379.62,system,NA,0.363,2.92,108.13,136.6,-64.84,99.11,180.0
Negotiation_46,R3,2026-09-10T06:38:04.322382Z,behavior_monitor,2,453,223,861,755,526,564,670.12,348.97,385.65,system,NA,0.342,2.92,135.76,0.0,180.0,99.11,180.0
Negotiation_46,R3,2026-09-10T06:38:04.834491Z,behavior_monitor,2,393,284,861,755,474,564,663.57,291.22,431.31,system,NA,0.305,2.92,135.76,0.0,180.0,99.11,180.0
Negotiation_46,R3,2026-09-10T06:38:05.344780Z,behavior_monitor,2,317,309,861,755,424,564,703.2,276.29,477.16,system,NA,0.282,2.92,176.45,0.0,180.0,99.11,180.0
Negotiation_46,R3,2026-09-10T06:38:05.633966Z,agent_signal,2,268,326,871,755,395,564,739.65,269.5,512.47,agent,i_can,0.267,2.92,158.54,76.32,0.0,99.11,180.0
Negotiation_46,R3,2026-09-10T06:38:05.854781Z,behavior_monitor,2,239,339,883,755,373,564,766.64,261.65,544.72,system,NA,0.254,2.92,158.54,0.0,0.0,99.11,180.0
Negotiation_46,R3,2026-09-10T06:38:06.365746Z,behavior_monitor,2,169,386,877,755,323,564,798.6,235.03,586.64,system,NA,0.227,2.92,140.74,87.35,180.0,99.11,180.0
Negotiation_46,R3,2026-09-10T06:38:06.876374Z,behavior_monitor,2,97,431,817,779,272,564,800.51,220.25,586.22,system,NA,0.216,2.92,162.64,134.97,136.06,99.11,180.0
Negotiation_46,R3,2026-09-10T06:38:07.387039Z,behavior_monitor,2,22,460,773,836,221,564,839.23,224.88,614.39,system,NA,0.211,2.13,45.5,136.83,129.01,99.11,180.0
Negotiation_46,R3,2026-09-10T06:38:07.894859Z,behavior_monitor,2,80,485,717,841,171,564,729.86,120.25,612.6,system,NA,0.141,2.13,19.58,96.53,180.0,99.11,180.0
Negotiation_46,R3,2026-09-10T06:38:08.405483Z,behavior_monitor,2,138,512,701,854,122,564,658.22,54.32,647.55,system,NA,0.076,2.13,46.38,0.0,135.07,0.0,180.0
Negotiation_46,R3,2026-09-10T06:38:08.558736Z,shot_miss,2,152,528,701,854,129,564,638.69,43.11,641.53,agent,NA,0.063,2.13,46.38,0.0,135.07,99.11,0.0
Negotiation_46,R3,2026-09-10T06:38:08.746423Z,shot_hit,2,168,545,701,854,144,564,616.34,30.8,627.71,agent,NA,0.048,2.13,46.38,0.0,135.07,0.0,0.0
Negotiation_46,R3,2026-09-10T06:38:08.747491Z,flight_spawn,3,765,-20,701,854,144,564,876.38,853.06,627.71,system,NA,0.493,2.89,46.16,0.0,135.07,0.0,0.0
Negotiation_46,R3,2026-09-10T06:38:11.007244Z,human_signal,3,1103,135,946,854,285,563,735.24,923.08,721.67,human,i_can,0.557,2.89,27.09,129.41,0.0,76.24,0.0
Negotiation_46,R3,2026-09-10T06:38:11.024057Z,behavior_monitor,3,1103,135,946,854,286,563,735.24,922.22,720.78,system,NA,0.556,2.89,27.09,129.41,0.0,57.18,0.0
Negotiation_46,R3,2026-09-10T06:38:11.536192Z,behavior_monitor,3,1185,175,1001,854,310,563,703.27,957.67,749.92,system,NA,0.577,2.89,27.09,75.2,0.0,0.0,0.0
Negotiation_46,R3,2026-09-10T06:38:12.045339Z,behavior_monitor,3,1232,244,1035,830,316,563,618.07,969.31,766.47,system,NA,0.611,2.89,49.35,98.74,-53.56,0.0,-149.59
Negotiation_46,R3,2026-09-10T06:38:12.558344Z,behavior_monitor,3,1297,293,1073,792,325,563,547.23,1008.86,781.52,system,NA,0.648,2.89,49.69,127.03,-15.81,72.0,0.0
Negotiation_46,R3,2026-09-10T06:38:12.813997Z,agent_signal,3,1325,328,1108,792,345,563,511.65,1008.21,796.44,agent,your_turn,0.663,2.89,49.69,129.41,0.0,76.24,0.0
Negotiation_46,R3,2026-09-10T06:38:13.067796Z,behavior_monitor,3,1350,359,1139,792,359,563,481.14,1011.21,811.99,system,NA,0.678,2.89,49.69,129.41,0.0,57.18,0.0
Negotiation_46,R3,2026-09-10T06:38:13.579123Z,behavior_monitor,3,1403,427,1196,792,389,563,418.82,1022.99,839.14,system,NA,0.71,2.89,45.63,49.47,0.0,57.18,0.0
Negotiation_46,R3,2026-09-10T06:38:14.090370Z,behavior_monitor,3,1446,493,1222,771,389,563,357.19,1059.34,858.34,system,NA,0.748,2.77,77.57,126.47,-42.62,0.0,-58.25
Negotiation_46,R3,2026-09-10T06:38:14.599409Z,behavior_monitor,3,1415,558,1264,733,402,563,231.42,1013.19,878.56,system,NA,0.814,2.73,176.41,49.57,-47.49,76.24,0.0
Negotiation_46,R3,2026-09-10T06:38:15.110872Z,behavior_monitor,3,1341,585,1264,733,440,579,167.33,900.41,837.66,system,NA,0.843,2.73,158.32,0.0,-47.49,76.24,0.0
Negotiation_46,R3,2026-09-10T06:38:15.623099Z,behavior_monitor,3,1265,617,1210,733,480,611,128.47,785.45,740.52,system,NA,0.859,2.73,158.06,129.41,180.0,130.47,54.25
Negotiation_46,R3,2026-09-10T06:38:16.134448Z,behavior_monitor,3,1179,628,1144,733,519,623,111.2,660.51,635.15,system,NA,0.856,2.73,179.65,129.41,180.0,76.24,0.0
Negotiation_46,R3,2026-09-10T06:38:16.644907Z,behavior_monitor,3,1098,628,1078,733,557,623,106.93,540.6,532.17,system,NA,0.835,2.73,179.65,129.41,180.0,76.24,0.0
Negotiation_46,R3,2026-09-10T06:38:17.156691Z,behavior_monitor,3,1021,646,1021,713,596,641,66.71,425.0,430.29,system,NA,0.864,2.73,179.85,96.81,-146.42,76.24,0.0
Negotiation_46,R3,2026-09-10T06:38:17.666387Z,behavior_monitor,3,939,663,976,685,635,657,42.56,303.8,341.22,system,NA,0.877,2.73,157.75,126.79,-164.58,72.0,0.0
Negotiation_46,R3,2026-09-10T06:38:17.803696Z,human_signal,3,915,672,956,685,646,666,42.92,268.85,310.45,human,i_can,0.862,2.73,157.75,129.41,180.0,130.47,54.25
Negotiation_46,R3,2026-09-10T06:38:18.176747Z,behavior_monitor,3,864,687,910,685,667,683,45.2,197.22,242.34,system,NA,0.814,2.73,174.11,134.47,164.24,97.85,54.25
Negotiation_46,R3,2026-09-10T06:38:18.347177Z,human_signal,3,834,690,887,698,677,685,53.17,157.0,209.97,human,i_can,0.747,2.73,174.11,144.59,141.64,97.85,54.25
Negotiation_46,R3,2026-09-10T06:38:18.689174Z,behavior_monitor,3,786,696,898,726,697,690,115.59,89.81,204.3,system,NA,0.437,2.73,174.11,129.41,0.0,57.18,0.0
Negotiation_46,R3,2026-09-10T06:38:19.030304Z,shot_hit,3,730,704,944,726,714,699,214.65,17.05,231.36,agent,NA,0.074,2.73,159.66,129.41,0.0,79.41,90.0
Negotiation_46,R3,2026-09-10T06:38:19.031018Z,flight_spawn,4,206,-20,944,726,714,699,1049.59,880.78,231.36,system,NA,0.456,3.09,49.61,129.41,0.0,79.41,90.0
Negotiation_46,R3,2026-09-10T06:38:21.381466Z,human_signal,4,431,284,808,867,589,566,693.7,322.91,372.03,human,your_turn,0.318,3.09,87.26,86.83,140.91,59.46,-161.22
Negotiation_46,R3,2026-09-10T06:38:21.382620Z,behavior_monitor,4,431,284,808,867,589,566,693.7,322.91,372.03,system,NA,0.318,3.09,87.26,78.76,139.89,76.24,180.0
Negotiation_46,R3,2026-09-10T06:38:21.383068Z,human_signal,4,432,287,807,867,589,566,690.92,319.9,372.14,human,your_turn,0.316,3.09,87.26,78.76,139.89,76.24,180.0
Negotiation_46,R3,2026-09-10T06:38:21.671511Z,agent_signal,4,435,339,800,872,560,566,645.08,258.72,388.34,agent,i_can,0.286,3.09,87.26,0.0,180.0,99.11,180.0
Negotiation_46,R3,2026-09-10T06:38:21.891515Z,behavior_monitor,4,449,374,781,872,538,566,598.31,211.49,390.6,system,NA,0.261,3.09,79.32,137.5,180.0,105.3,180.0
Negotiation_46,R3,2026-09-10T06:38:22.400476Z,behavior_monitor,4,470,465,730,872,488,566,482.31,102.26,389.96,system,NA,0.175,3.09,79.32,64.96,180.0,99.11,180.0
Negotiation_46,R3,2026-09-10T06:38:22.808580Z,shot_hit,4,484,541,696,872,463,567,392.49,33.22,383.7,agent,NA,0.078,3.09,79.32,0.0,180.0,0.0,180.0
Negotiation_46,R3,2026-09-10T06:38:22.809501Z,flight_spawn,5,946,-20,696,872,463,567,926.26,759.98,383.7,system,NA,0.451,3.52,55.33,0.0,180.0,0.0,180.0
Negotiation_46,R3,2026-09-10T06:38:24.935885Z,human_signal,5,1094,375,880,779,606,565,456.96,523.02,347.63,human,i_can,0.534,3.52,87.73,135.49,-18.32,76.24,0.0
Negotiation_46,R3,2026-09-10T06:38:24.953086Z,behavior_monitor,5,1094,375,880,779,607,565,456.96,522.12,346.86,system,NA,0.533,3.52,87.73,135.48,-17.98,57.18,0.0
Negotiation_46,R3,2026-09-10T06:38:25.123606Z,agent_signal,5,1094,414,904,771,617,565,405.1,500.85,353.52,agent,your_turn,0.553,3.52,87.73,135.54,-17.29,57.18,0.0
Negotiation_46,R3,2026-09-10T06:38:25.465303Z,behavior_monitor,5,1095,480,946,765,636,565,321.42,467.19,368.99,system,NA,0.592,3.52,87.73,122.22,0.0,54.0,0.0
Negotiation_46,R3,2026-09-10T06:38:25.974756Z,behavior_monitor,5,1084,583,1012,765,660,564,195.31,423.58,404.69,system,NA,0.684,3.52,108.3,129.41,0.0,0.0,0.0
Negotiation_46,R3,2026-09-10T06:38:26.484708Z,behavior_monitor,5,1039,676,1029,758,660,564,83.17,394.14,416.28,system,NA,0.826,3.52,131.46,0.0,-90.0,0.0,0.0
Negotiation_46,R3,2026-09-10T06:38:26.810008Z,shot_miss,5,995,726,1009,758,661,564,35.15,371.67,398.5,human,NA,0.914,3.52,131.46,129.41,180.0,0.0,-35.92
Negotiation_46,R3,2026-09-10T06:38:26.996276Z,behavior_monitor,5,969,755,984,758,673,580,15.74,344.24,359.29,system,NA,0.956,3.52,131.46,129.41,180.0,130.47,54.25
Negotiation_46,R3,2026-09-10T06:38:27.216686Z,shot_miss,5,945,792,964,760,689,604,37.75,317.92,316.26,human,NA,0.894,3.52,131.85,135.03,163.41,125.5,66.82
Negotiation_46,R3,2026-09-10T06:38:27.505586Z,behavior_monitor,5,896,821,939,790,711,635,53.69,262.61,276.08,system,NA,0.83,3.52,154.61,141.38,113.74,130.47,54.25
Negotiation_46,R3,2026-09-10T06:38:27.523018Z,shot_miss,5,892,823,938,792,712,636,55.75,258.78,274.49,human,NA,0.823,3.52,154.61,141.38,113.74,130.47,54.25
Negotiation_46,R3,2026-09-10T06:38:27.727274Z,shot_miss,5,848,827,928,818,728,658,80.15,207.37,256.6,human,NA,0.721,3.52,176.3,138.95,111.36,130.47,54.25
Negotiation_46,R3,2026-09-10T06:38:28.015336Z,behavior_monitor,5,793,842,911,856,750,689,118.11,159.34,232.2,system,NA,0.574,3.52,133.51,143.71,115.78,130.47,54.25
Negotiation_46,R3,2026-09-10T06:38:28.528190Z,behavior_monitor,5,721,918,879,910,729,743,158.73,175.31,223.94,system,NA,0.525,3.52,133.51,58.62,180.0,130.47,125.75
Negotiation_46,R3,2026-09-10T06:38:28.697699Z,flight_missed,5,704,953,868,910,715,763,169.48,190.64,212.0,system,NA,0.529,3.52,108.84,59.13,180.0,130.47,125.75
Negotiation_46,R3,2026-09-10T06:38:28.698809Z,flight_spawn,6,359,-20,868,910,715,763,1060.08,860.36,212.0,system,NA,0.448,3.09,49.67,59.13,180.0,130.47,125.75
Negotiation_46,R3,2026-09-10T06:38:34.264550Z,human_signal,6,1303,284,935,817,944,566,647.22,456.92,250.51,human,your_turn,0.414,3.09,32.36,0.0,0.0,76.24,0.0
Negotiation_46,R3,2026-09-10T06:38:34.265583Z,behavior_monitor,6,1303,284,935,817,944,566,647.22,456.92,250.51,system,NA,0.414,3.09,32.36,0.0,0.0,76.24,0.0
Negotiation_46,R3,2026-09-10T06:38:34.265987Z,human_signal,6,1305,286,935,817,944,566,647.06,457.57,250.51,human,your_turn,0.414,3.09,32.36,0.0,0.0,76.24,0.0
Negotiation_46,R3,2026-09-10T06:38:34.741301Z,agent_signal,6,1370,339,937,817,991,565,644.48,440.84,257.44,agent,i_can,0.406,3.09,35.67,40.78,0.0,99.11,0.0
Negotiation_46,R3,2026-09-10T06:38:34.774721Z,behavior_monitor,6,1373,340,938,817,995,565,644.74,439.43,258.06,system,NA,0.405,3.09,35.67,44.93,0.0,118.49,0.29
Negotiation_46,R3,2026-09-10T06:38:35.285109Z,behavior_monitor,6,1446,395,970,817,1045,565,636.07,434.92,262.84,system,NA,0.406,3.09,35.67,54.11,0.0,99.11,0.0
Negotiation_46,R3,2026-09-10T06:38:35.793331Z,behavior_monitor,6,1437,458,917,817,1096,565,631.72,357.25,308.9,system,NA,0.361,2.35,78.95,137.5,180.0,105.3,0.0
Negotiation_46,R3,2026-09-10T06:38:36.303331Z,behavior_monitor,6,1443,522,851,817,1146,565,661.75,299.91,388.27,system,NA,0.312,2.05,94.63,129.41,180.0,99.11,0.0
Negotiation_46,R3,2026-09-10T06:38:36.811864Z,behavior_monitor,6,1432,581,785,817,1197,577,689.34,235.81,476.62,system,NA,0.255,2.05,116.2,129.41,180.0,169.61,54.25
Negotiation_46,R3,2026-09-10T06:38:37.322276Z,behavior_monitor,6,1395,627,719,817,1247,622,702.95,148.25,563.44,system,NA,0.174,2.05,93.15,129.41,180.0,169.61,54.25
Negotiation_46,R3,2026-09-10T06:38:37.833004Z,behavior_monitor,6,1405,686,653,824,1298,682,764.51,106.74,660.69,system,NA,0.123,2.05,69.96,135.71,162.47,169.61,54.25
Negotiation_46,R3,2026-09-10T06:38:38.344620Z,behavior_monitor,6,1426,744,590,857,1348,739,843.44,78.24,766.75,system,NA,0.085,2.05,69.96,141.87,140.18,169.61,54.25
Negotiation_46,R3,2026-09-10T06:38:38.854329Z,behavior_monitor,6,1428,804,538,907,1399,800,895.81,29.4,867.5,system,NA,0.032,2.05,97.2,142.82,135.3,169.61,54.25
Negotiation_46,R3,2026-09-10T06:38:38.889649Z,shot_hit,6,1427,810,533,910,1404,805,900.23,24.46,877.33,agent,NA,0.026,2.05,97.2,97.76,168.71,160.19,54.25
Negotiation_46,R3,2026-09-10T06:38:38.890516Z,flight_spawn,7,802,-20,533,910,1404,805,968.22,1021.16,877.33,system,NA,0.513,2.83,45.0,97.76,168.71,160.19,54.25
Negotiation_46,R3,2026-09-10T06:38:40.489910Z,human_signal,7,926,190,424,826,1312,678,809.89,621.94,900.19,human,your_turn,0.434,2.83,2.66,126.09,-136.7,130.47,-125.75
Negotiation_46,R3,2026-09-10T06:38:40.490323Z,behavior_monitor,7,926,190,424,826,1312,678,809.89,621.94,900.19,system,NA,0.434,2.83,2.66,119.78,-139.16,130.47,-125.75
Negotiation_46,R3,2026-09-10T06:38:40.490497Z,human_signal,7,929,190,423,824,1312,678,811.59,620.05,901.47,human,your_turn,0.433,2.83,2.66,119.78,-139.16,130.47,-125.75
Negotiation_46,R3,2026-09-10T06:38:40.999557Z,behavior_monitor,7,1011,194,405,816,1261,607,867.89,483.35,881.21,system,NA,0.358,2.83,2.66,0.0,180.0,169.61,-125.75
Negotiation_46,R3,2026-09-10T06:38:41.510613Z,behavior_monitor,7,1089,221,405,771,1211,565,877.82,364.92,831.55,system,NA,0.294,2.83,29.95,129.41,-90.0,99.11,180.0
Negotiation_46,R3,2026-09-10T06:38:42.024943Z,behavior_monitor,7,1161,264,405,722,1160,565,883.71,301.46,771.12,system,NA,0.254,2.83,31.8,55.02,-90.0,99.11,180.0
Negotiation_46,R3,2026-09-10T06:38:42.534171Z,behavior_monitor,7,1236,293,405,718,1193,566,932.71,276.51,802.27,system,NA,0.229,2.83,31.35,0.0,-90.0,99.11,0.0
Negotiation_46,R3,2026-09-10T06:38:42.908972Z,agent_signal,7,1297,307,405,718,1230,565,981.37,266.8,838.58,agent,i_can,0.214,2.83,11.19,0.0,-90.0,99.11,0.0
Negotiation_46,R3,2026-09-10T06:38:43.043589Z,behavior_monitor,7,1313,316,405,718,1243,565,992.72,258.57,851.84,system,NA,0.207,2.83,35.87,0.0,-90.0,99.11,0.0
Negotiation_46,R3,2026-09-10T06:38:43.556681Z,behavior_monitor,7,1355,377,405,718,1293,566,1008.49,198.2,900.96,system,NA,0.164,2.83,134.21,0.0,-90.0,99.11,0.0
Negotiation_46,R3,2026-09-10T06:38:44.069136Z,behavior_monitor,7,1305,441,405,718,1289,566,941.18,125.77,896.42,system,NA,0.118,2.83,105.93,0.0,-90.0,0.0,180.0
Negotiation_46,R3,2026-09-10T06:38:44.580107Z,behavior_monitor,7,1280,519,405,718,1265,566,897.05,49.34,873.07,system,NA,0.052,2.83,140.7,0.0,-90.0,99.11,180.0
Negotiation_46,R3,2026-09-10T06:38:44.647895Z,shot_miss,7,1270,528,405,718,1257,566,884.81,40.17,864.78,agent,NA,0.043,2.83,140.7,0.0,-90.0,99.11,180.0
Negotiation_46,R3,2026-09-10T06:38:45.005074Z,shot_hit,7,1220,556,405,718,1221,566,830.64,9.65,829.97,agent,NA,0.011,2.83,161.93,0.0,-90.0,99.11,180.0
Negotiation_46,R3,2026-09-10T06:38:45.005918Z,flight_spawn,8,795,-20,405,718,1221,566,834.69,724.71,829.97,system,NA,0.465,2.83,135.0,0.0,-90.0,99.11,180.0
Negotiation_46,R3,2026-09-10T06:38:47.031176Z,human_signal,8,519,151,375,718,1098,565,584.81,712.45,738.48,human,i_can,0.549,2.83,156.05,129.41,180.0,76.24,180.0
Negotiation_46,R3,2026-09-10T06:38:47.047959Z,behavior_monitor,8,519,151,375,718,1097,565,584.81,711.66,737.52,system,NA,0.549,2.83,156.05,129.41,180.0,57.18,180.0
Negotiation_46,R3,2026-09-10T06:38:47.558251Z,behavior_monitor,8,443,188,319,717,1069,565,543.79,730.99,765.12,system,NA,0.573,2.83,104.86,50.72,-136.21,57.18,180.0
Negotiation_46,R3,2026-09-10T06:38:48.069024Z,behavior_monitor,8,422,270,337,659,1056,565,398.09,699.19,724.29,system,NA,0.637,2.83,77.93,139.54,-63.74,0.0,-23.73
Negotiation_46,R3,2026-09-10T06:38:48.327981Z,agent_signal,8,432,314,357,626,1056,565,320.93,672.36,701.58,agent,your_turn,0.677,2.83,77.93,119.13,-58.16,0.0,-23.73
Negotiation_46,R3,2026-09-10T06:38:48.581342Z,behavior_monitor,8,445,350,362,608,1041,565,270.19,634.32,680.31,system,NA,0.701,2.83,54.93,50.66,-90.0,57.18,180.0
Negotiation_46,R3,2026-09-10T06:38:49.094286Z,behavior_monitor,8,498,420,420,605,1012,566,200.74,535.18,593.92,system,NA,0.727,2.83,54.93,129.41,0.0,57.18,180.0
Negotiation_46,R3,2026-09-10T06:38:49.603772Z,behavior_monitor,8,546,489,486,605,1013,565,130.13,473.26,528.24,system,NA,0.784,2.83,54.93,129.41,0.0,0.0,-55.36
Negotiation_46,R3,2026-09-10T06:38:50.113567Z,behavior_monitor,8,599,550,552,605,993,565,72.77,394.24,443.08,system,NA,0.844,2.83,55.97,129.41,0.0,76.24,180.0
Negotiation_46,R3,2026-09-10T06:38:50.488682Z,shot_hit,8,608,610,600,605,965,591,9.48,357.14,365.01,human,NA,0.974,2.83,109.41,129.41,0.0,130.47,125.75
Negotiation_46,R3,2026-09-10T06:38:50.489134Z,flight_spawn,9,101,-20,600,605,965,591,800.46,1058.75,365.01,system,NA,0.569,2.83,135.0,129.41,0.0,130.47,125.75
Negotiation_46,R3,2026-09-10T06:38:52.938690Z,human_signal,9,214,92,418,696,847,565,638.0,790.7,448.77,human,i_can,0.553,1.91,20.04,136.39,-108.41,76.24,180.0
Negotiation_46,R3,2026-09-10T06:38:52.955145Z,behavior_monitor,9,214,92,418,696,846,565,638.0,789.92,447.84,system,NA,0.553,1.91,20.04,135.96,-107.86,57.18,180.0
Negotiation_46,R3,2026-09-10T06:38:53.466182Z,behavior_monitor,9,270,105,397,631,817,566,541.27,715.08,424.73,system,NA,0.569,1.91,9.47,99.57,-66.11,57.18,180.0
Negotiation_46,R3,2026-09-10T06:38:53.977254Z,behavior_monitor,9,328,116,427,583,803,566,476.84,654.11,376.24,system,NA,0.578,1.91,33.96,138.55,-69.07,0.0,180.0
Negotiation_46,R3,2026-09-10T06:38:54.487195Z,behavior_monitor,9,365,160,460,521,794,566,373.8,590.84,336.68,system,NA,0.612,1.91,61.76,139.43,-40.98,76.24,180.0
Negotiation_46,R3,2026-09-10T06:38:54.999364Z,behavior_monitor,9,390,211,505,475,755,566,287.25,509.11,266.01,system,NA,0.639,1.91,88.64,56.87,-90.0,76.24,180.0
Negotiation_46,R3,2026-09-10T06:38:55.508572Z,behavior_monitor,9,410,265,471,461,715,565,205.23,427.85,265.47,system,NA,0.676,1.91,90.43,42.09,180.0,76.24,180.0
Negotiation_46,R3,2026-09-10T06:38:56.017014Z,behavior_monitor,9,426,318,443,461,676,565,143.93,351.83,255.31,system,NA,0.71,1.91,91.0,129.41,180.0,76.24,180.0
Negotiation_46,R3,2026-09-10T06:38:56.441586Z,agent_signal,9,434,363,426,461,644,565,97.5,291.17,241.28,agent,your_turn,0.749,1.91,111.59,0.0,180.0,76.24,180.0
Negotiation_46,R3,2026-09-10T06:38:56.527110Z,behavior_monitor,9,429,371,430,458,639,565,87.46,285.88,234.99,system,NA,0.766,1.91,111.59,104.27,-32.94,57.18,180.0
Negotiation_46,R3,2026-09-10T06:38:57.034014Z,shot_hit,9,414,424,417,430,609,565,6.63,240.58,234.9,human,NA,0.973,1.91,87.96,129.41,180.0,57.18,180.0
Negotiation_46,R3,2026-09-10T06:38:57.035043Z,flight_spawn,10,949,-20,417,430,609,565,697.04,676.88,234.9,system,NA,0.493,2.97,132.39,129.41,180.0,57.18,180.0
Negotiation_46,R3,2026-09-10T06:38:58.652274Z,human_signal,10,911,245,359,601,711,565,656.43,377.19,353.44,human,your_turn,0.365,2.97,72.06,134.8,106.26,76.24,0.0
Negotiation_46,R3,2026-09-10T06:38:58.654217Z,behavior_monitor,10,911,245,359,601,711,565,656.43,377.19,353.44,system,NA,0.365,2.97,72.06,134.8,106.26,76.24,0.0
Negotiation_46,R3,2026-09-10T06:38:58.654720Z,human_signal,10,912,248,359,603,711,565,657.5,375.35,354.31,human,your_turn,0.363,2.97,72.06,134.8,106.26,76.24,0.0
Negotiation_46,R3,2026-09-10T06:38:59.025773Z,agent_signal,10,931,310,351,651,748,566,672.91,314.78,406.19,agent,i_can,0.319,2.97,97.32,114.95,90.0,99.11,0.0
Negotiation_46,R3,2026-09-10T06:38:59.164292Z,behavior_monitor,10,929,330,351,663,761,566,666.85,289.22,421.95,system,NA,0.303,2.97,97.32,99.74,90.0,99.11,0.0
Negotiation_46,R3,2026-09-10T06:38:59.675455Z,behavior_monitor,10,914,418,351,693,812,565,626.73,178.93,478.58,system,NA,0.222,2.97,97.32,0.0,90.0,99.11,0.0
Negotiation_46,R3,2026-09-10T06:39:00.190697Z,behavior_monitor,10,914,503,351,693,862,565,594.78,80.84,527.2,system,NA,0.12,2.97,120.05,0.0,90.0,99.11,0.0
Negotiation_46,R3,2026-09-10T06:39:00.583252Z,shot_hit,10,860,548,351,693,852,564,529.39,18.37,517.3,agent,NA,0.034,2.97,143.85,0.0,90.0,99.11,180.0
Negotiation_46,R3,2026-09-10T06:39:00.583696Z,flight_spawn,11,912,-20,351,693,852,564,907.73,587.92,517.3,system,NA,0.393,3.21,128.58,0.0,90.0,99.11,180.0
Negotiation_46,R3,2026-09-10T06:39:03.035401Z,human_signal,11,761,346,351,693,739,563,537.92,218.98,409.08,human,your_turn,0.289,3.21,83.69,0.0,90.0,0.0,0.0
Negotiation_46,R3,2026-09-10T06:39:03.036385Z,behavior_monitor,11,761,346,351,693,739,563,537.92,218.98,409.08,system,NA,0.289,3.21,83.69,0.0,90.0,0.0,0.0
Negotiation_46,R3,2026-09-10T06:39:03.036792Z,human_signal,11,761,349,351,693,739,563,535.88,215.81,409.08,human,your_turn,0.287,3.21,83.69,0.0,90.0,0.0,0.0
Negotiation_46,R3,2026-09-10T06:39:03.205332Z,agent_signal,11,756,380,351,693,739,563,512.38,184.4,409.08,agent,i_can,0.265,3.21,105.94,0.0,90.0,0.0,0.0
Negotiation_46,R3,2026-09-10T06:39:03.545135Z,behavior_monitor,11,741,438,351,693,725,563,466.26,125.94,396.31,system,NA,0.213,3.21,105.94,0.0,90.0,0.0,180.0
Negotiation_46,R3,2026-09-10T06:39:04.052429Z,behavior_monitor,11,725,531,351,693,704,563,408.04,38.53,376.5,system,NA,0.086,3.21,76.67,0.0,90.0,0.0,180.0
Negotiation_46,R3,2026-09-10T06:39:04.238941Z,shot_hit,11,736,569,340,693,713,563,415.32,24.13,394.57,agent,NA,0.055,3.21,76.67,109.3,180.0,0.0,0.0
Negotiation_46,R3,2026-09-10T06:39:04.239765Z,flight_spawn,12,1289,-20,340,693,713,563,1187.02,820.17,394.57,system,NA,0.409,3.43,54.29,109.3,180.0,0.0,0.0
Negotiation_46,R3,2026-09-10T06:39:05.125710Z,human_signal,12,1381,126,304,693,758,563,1216.66,760.94,471.91,human,your_turn,0.385,3.43,78.57,0.0,180.0,76.24,0.0
Negotiation_46,R3,2026-09-10T06:39:05.126692Z,behavior_monitor,12,1381,126,304,693,758,563,1216.66,760.94,471.91,system,NA,0.385,3.43,78.57,0.0,180.0,76.24,0.0
Negotiation_46,R3,2026-09-10T06:39:05.127088Z,human_signal,12,1382,130,304,693,758,563,1215.85,759.72,471.91,human,your_turn,0.385,3.43,78.57,0.0,180.0,76.24,0.0
Negotiation_46,R3,2026-09-10T06:39:05.636166Z,behavior_monitor,12,1403,227,304,693,809,563,1193.9,683.22,520.87,system,NA,0.364,3.43,78.57,0.0,180.0,99.11,0.0
Negotiation_46,R3,2026-09-10T06:39:06.145821Z,behavior_monitor,12,1394,324,304,693,860,563,1151.02,585.51,570.8,system,NA,0.337,3.43,132.28,0.0,180.0,125.84,4.49
Negotiation_46,R3,2026-09-10T06:39:06.180032Z,agent_signal,12,1387,330,304,693,863,563,1141.97,573.06,574.08,agent,i_can,0.334,3.43,154.12,0.0,180.0,99.11,0.0
Negotiation_46,R3,2026-09-10T06:39:06.655887Z,behavior_monitor,12,1309,375,304,693,911,563,1053.66,440.13,620.44,system,NA,0.295,3.43,133.12,0.0,180.0,99.11,0.0
Negotiation_46,R3,2026-09-10T06:39:07.166381Z,behavior_monitor,12,1239,450,304,693,961,564,965.89,300.24,669.52,system,NA,0.237,3.43,133.12,0.0,180.0,99.11,0.0
Negotiation_46,R3,2026-09-10T06:39:07.674797Z,behavior_monitor,12,1149,497,304,693,1012,564,866.84,152.23,719.17,system,NA,0.149,3.43,161.08,0.0,180.0,99.11,0.0
Negotiation_46,R3,2026-09-10T06:39:08.186293Z,behavior_monitor,12,1053,531,304,693,1042,564,765.78,34.98,749.04,system,NA,0.044,3.43,161.08,0.0,180.0,99.11,180.0
Negotiation_46,R3,2026-09-10T06:39:08.288401Z,shot_hit,12,1031,538,304,693,1030,564,743.15,25.24,737.58,agent,NA,0.033,3.43,161.08,0.0,180.0,99.11,180.0
Negotiation_46,R3,2026-09-10T06:39:08.289516Z,flight_spawn,13,686,-20,304,693,1030,564,809.43,677.96,737.58,system,NA,0.456,2.83,45.0,0.0,180.0,99.11,180.0
Negotiation_46,R3,2026-09-10T06:39:10.648769Z,agent_signal,13,798,318,318,690,883,564,607.26,260.03,578.53,agent,i_can,0.3,2.83,48.5,67.89,-33.39,76.24,180.0
Negotiation_46,R3,2026-09-10T06:39:10.665440Z,behavior_monitor,13,798,318,318,690,881,564,607.26,259.49,576.89,system,NA,0.299,2.83,48.5,66.97,-34.06,99.11,180.0
Negotiation_46,R3,2026-09-10T06:39:11.176185Z,behavior_monitor,13,879,348,322,688,851,563,652.4,216.83,543.33,system,NA,0.249,2.83,6.03,0.0,-32.96,99.11,0.0
Negotiation_46,R3,2026-09-10T06:39:11.687134Z,behavior_monitor,13,963,365,322,688,901,563,718.04,207.49,592.65,system,NA,0.224,2.83,12.24,0.0,-32.96,99.11,0.0
Negotiation_46,R3,2026-09-10T06:39:12.198839Z,behavior_monitor,13,1032,399,322,688,951,563,766.84,183.02,641.97,system,NA,0.193,2.83,64.92,0.0,-32.96,99.11,0.0
Negotiation_46,R3,2026-09-10T06:39:12.709183Z,behavior_monitor,13,1066,476,322,688,1002,563,774.2,108.42,692.08,system,NA,0.123,2.83,94.04,0.0,-32.96,99.11,0.0
Negotiation_46,R3,2026-09-10T06:39:13.222779Z,behavior_monitor,13,1028,543,322,688,1015,564,720.77,24.31,704.31,system,NA,0.033,2.83,145.07,0.0,-32.96,99.11,180.0
Negotiation_46,R3,2026-09-10T06:39:13.274512Z,shot_hit,13,1019,550,322,688,1008,564,711.27,18.04,697.67,agent,NA,0.025,2.83,145.07,0.0,-32.96,99.11,180.0
Negotiation_46,R3,2026-09-10T06:39:13.275615Z,flight_spawn,14,868,-20,322,688,1008,564,894.61,601.04,697.67,system,NA,0.402,2.83,135.0,0.0,-32.96,99.11,180.0
Negotiation_46,R3,2026-09-10T06:39:15.639207Z,human_signal,14,717,328,322,688,856,563,534.55,272.86,548.28,human,your_turn,0.338,2.83,134.01,0.0,-32.96,76.24,180.0
Negotiation_46,R3,2026-09-10T06:39:15.639750Z,behavior_monitor,14,717,328,322,688,856,563,534.55,272.86,548.28,system,NA,0.338,2.83,134.01,0.0,-32.96,76.24,180.0
Negotiation_46,R3,2026-09-10T06:39:15.640178Z,human_signal,14,715,330,322,688,856,563,531.2,272.48,548.28,human,your_turn,0.339,2.83,134.01,0.0,-32.96,76.24,180.0
Negotiation_46,R3,2026-09-10T06:39:15.707486Z,agent_signal,14,706,338,322,688,849,563,519.79,266.24,541.72,agent,i_can,0.339,2.83,134.01,0.0,-32.96,99.11,180.0
Negotiation_46,R3,2026-09-10T06:39:16.147867Z,behavior_monitor,14,639,363,322,688,805,563,453.86,260.18,499.19,system,NA,0.364,2.83,172.2,0.0,-32.96,99.11,180.0
Negotiation_46,R3,2026-09-10T06:39:16.659318Z,behavior_monitor,14,559,383,273,691,755,563,420.59,266.52,499.46,system,NA,0.388,2.83,164.52,120.66,180.0,99.11,180.0
Negotiation_46,R3,2026-09-10T06:39:17.168895Z,behavior_monitor,14,476,405,252,691,704,563,363.01,277.16,469.53,system,NA,0.433,2.83,164.52,0.0,180.0,99.11,180.0
Negotiation_46,R3,2026-09-10T06:39:17.305686Z,human_signal,14,452,414,252,691,691,563,341.32,281.46,456.58,human,i_can,0.452,2.83,141.91,0.0,180.0,99.11,180.0
Negotiation_46,R3,2026-09-10T06:39:17.679922Z,behavior_monitor,14,417,458,252,691,669,563,285.05,272.54,435.94,system,NA,0.489,2.83,117.29,0.0,180.0,57.18,180.0
Negotiation_46,R3,2026-09-10T06:39:18.037844Z,agent_signal,14,391,514,253,691,648,563,225.13,261.51,415.97,agent,your_turn,0.537,2.83,117.29,129.41,0.0,57.18,180.0
Negotiation_46,R3,2026-09-10T06:39:18.191773Z,behavior_monitor,14,383,534,272,691,640,563,191.91,258.69,388.88,system,NA,0.574,2.83,117.29,129.41,0.0,57.18,180.0
Negotiation_46,R3,2026-09-10T06:39:18.701265Z,behavior_monitor,14,374,616,338,691,611,586,82.65,239.02,292.45,system,NA,0.743,2.83,89.55,137.5,0.0,118.47,113.05
Negotiation_46,R3,2026-09-10T06:39:18.990706Z,shot_hit,14,373,665,373,691,605,594,26.38,241.9,251.05,human,NA,0.902,2.83,89.55,55.35,0.0,0.0,122.5
Negotiation_46,R3,2026-09-10T06:39:18.991726Z,flight_spawn,15,1030,-20,373,691,605,594,968.02,747.27,251.05,system,NA,0.436,2.83,45.0,55.35,0.0,0.0,122.5
Negotiation_46,R3,2026-09-10T06:39:20.063841Z,human_signal,15,1177,69,358,711,657,565,1040.7,719.23,332.18,human,your_turn,0.409,2.83,8.85,75.33,133.36,76.24,0.0
Negotiation_46,R3,2026-09-10T06:39:20.064883Z,behavior_monitor,15,1177,69,358,711,657,565,1040.7,719.23,332.18,system,NA,0.409,2.83,8.85,74.63,133.87,76.24,0.0
Negotiation_46,R3,2026-09-10T06:39:20.065285Z,human_signal,15,1181,69,357,712,657,565,1044.25,721.3,333.36,human,your_turn,0.409,2.83,8.85,74.63,133.87,76.24,0.0
Negotiation_46,R3,2026-09-10T06:39:20.576279Z,behavior_monitor,15,1262,82,346,726,707,565,1120.07,735.58,395.74,system,NA,0.396,2.83,5.98,0.0,90.0,99.11,0.0
Negotiation_46,R3,2026-09-10T06:39:21.085366Z,behavior_monitor,15,1339,104,346,726,757,564,1171.72,741.81,441.9,system,NA,0.388,2.83,3.0,0.0,90.0,99.11,0.0
Negotiation_46,R3,2026-09-10T06:39:21.596160Z,behavior_monitor,15,1415,137,346,726,808,564,1220.14,742.08,489.28,system,NA,0.378,2.83,23.85,0.0,90.0,99.11,0.0
Negotiation_46,R3,2026-09-10T06:39:22.099230Z,behavior_monitor,15,1424,172,346,726,859,564,1212.37,688.49,537.57,system,NA,0.362,1.93,143.62,0.0,90.0,105.3,0.0
Negotiation_46,R3,2026-09-10T06:39:22.609261Z,behavior_monitor,15,1372,200,346,726,909,564,1153.26,589.27,585.72,system,NA,0.338,1.93,136.9,0.0,90.0,99.11,0.0
Negotiation_46,R3,2026-09-10T06:39:23.118150Z,behavior_monitor,15,1329,236,346,726,959,564,1098.27,494.22,634.35,system,NA,0.31,1.93,162.92,0.0,90.0,99.11,0.0
Negotiation_46,R3,2026-09-10T06:39:23.627941Z,behavior_monitor,15,1283,268,346,726,1010,564,1042.84,401.96,683.75,system,NA,0.278,1.93,139.33,0.0,90.0,99.11,0.0
Negotiation_46,R3,2026-09-10T06:39:24.138450Z,behavior_monitor,15,1248,316,346,726,1061,564,990.32,310.22,733.03,system,NA,0.239,1.93,145.54,0.0,90.0,99.11,0.0
Negotiation_46,R3,2026-09-10T06:39:24.651450Z,behavior_monitor,15,1195,341,346,726,1112,564,931.83,237.95,782.45,system,NA,0.203,1.93,115.51,0.0,90.0,99.11,0.0
Negotiation_46,R3,2026-09-10T06:39:24.752215Z,agent_signal,15,1190,353,346,726,1122,565,922.9,222.03,792.17,agent,i_can,0.194,1.93,115.51,0.0,90.0,105.3,0.0
Negotiation_46,R3,2026-09-10T06:39:25.159776Z,behavior_monitor,15,1200,396,346,726,1162,565,916.13,173.74,831.95,system,NA,0.159,1.93,90.73,0.0,90.0,99.11,0.0
Negotiation_46,R3,2026-09-10T06:39:25.668639Z,behavior_monitor,15,1235,436,346,726,1212,564,935.22,130.24,880.47,system,NA,0.122,1.93,0.68,0.0,90.0,99.11,0.0
Negotiation_46,R3,2026-09-10T06:39:26.180505Z,behavior_monitor,15,1290,440,346,726,1262,564,986.67,127.39,930.19,system,NA,0.114,1.93,8.72,0.0,90.0,93.6,0.0
Negotiation_46,R3,2026-09-10T06:39:26.691164Z,behavior_monitor,15,1345,450,346,726,1313,564,1036.37,118.54,980.06,system,NA,0.103,1.93,10.12,0.0,90.0,99.11,0.0
Negotiation_46,R3,2026-09-10T06:39:27.201256Z,behavior_monitor,15,1403,464,346,726,1364,565,1089.17,108.28,1030.28,system,NA,0.09,1.93,33.39,0.0,90.0,99.11,0.0
Negotiation_46,R3,2026-09-10T06:39:27.711728Z,behavior_monitor,15,1442,502,346,726,1415,565,1118.49,68.45,1080.6,system,NA,0.058,1.93,86.68,0.0,90.0,99.11,0.0
Negotiation_46,R3,2026-09-10T06:39:28.019151Z,shot_miss,15,1442,539,346,726,1420,565,1111.73,34.63,1085.6,agent,NA,0.03,1.93,85.46,0.0,90.0,0.0,0.0
Negotiation_46,R3,2026-09-10T06:39:28.224376Z,behavior_monitor,15,1441,559,346,726,1422,566,1107.52,20.21,1087.67,system,NA,0.018,1.93,111.47,0.0,90.0,0.0,38.66
Negotiation_46,R3,2026-09-10T06:39:28.241019Z,shot_hit,15,1439,562,346,726,1421,565,1104.72,17.47,1087.25,agent,NA,0.016,1.93,111.47,0.0,90.0,0.0,38.66
Negotiation_46,R3,2026-09-10T06:39:28.241783Z,flight_spawn,16,1267,-20,346,726,1421,565,1185.93,605.51,1087.25,system,NA,0.338,2.83,45.0,0.0,90.0,0.0,38.66
Negotiation_46,R3,2026-09-10T06:39:30.538750Z,human_signal,16,1365,133,346,726,1353,566,1179.19,433.18,1019.54,human,your_turn,0.269,1.71,116.15,0.0,90.0,76.24,180.0
Negotiation_46,R3,2026-09-10T06:39:30.539119Z,behavior_monitor,16,1365,133,346,726,1353,566,1179.19,433.18,1019.54,system,NA,0.269,1.71,116.15,0.0,90.0,76.24,180.0
Negotiation_46,R3,2026-09-10T06:39:30.539271Z,human_signal,16,1364,134,346,726,1353,566,1177.16,431.61,1019.54,human,your_turn,0.268,1.71,116.15,0.0,90.0,76.24,180.0
Negotiation_46,R3,2026-09-10T06:39:31.046058Z,behavior_monitor,16,1332,172,346,726,1315,565,1130.98,393.33,982.64,system,NA,0.258,1.71,148.07,0.0,90.0,99.11,180.0
Negotiation_46,R3,2026-09-10T06:39:31.554850Z,behavior_monitor,16,1286,191,346,726,1270,565,1081.91,374.84,937.88,system,NA,0.257,1.71,172.55,0.0,90.0,99.11,180.0
Negotiation_46,R3,2026-09-10T06:39:32.066114Z,behavior_monitor,16,1233,198,346,726,1221,565,1032.27,366.97,889.78,system,NA,0.262,1.71,172.49,0.0,90.0,99.11,180.0
Negotiation_46,R3,2026-09-10T06:39:32.577237Z,behavior_monitor,16,1189,225,346,726,1172,565,980.35,340.38,841.21,system,NA,0.258,1.71,143.99,0.0,90.0,99.11,180.0
Negotiation_46,R3,2026-09-10T06:39:33.086968Z,behavior_monitor,16,1142,247,346,726,1128,565,929.31,318.46,798.29,system,NA,0.255,1.71,172.04,0.0,90.0,99.11,180.0
Negotiation_46,R3,2026-09-10T06:39:33.599017Z,behavior_monitor,16,1096,258,346,726,1079,565,884.61,308.15,750.15,system,NA,0.258,1.71,166.58,0.0,90.0,99.11,180.0
Negotiation_46,R3,2026-09-10T06:39:34.108524Z,behavior_monitor,16,1047,276,346,726,1032,565,833.39,289.83,704.61,system,NA,0.258,1.71,151.32,0.0,90.0,99.11,180.0
Negotiation_46,R3,2026-09-10T06:39:34.620133Z,behavior_monitor,16,1002,296,346,726,987,565,784.41,269.79,660.41,system,NA,0.256,1.71,161.42,0.0,90.0,99.11,180.0
Negotiation_46,R3,2026-09-10T06:39:34.858206Z,agent_signal,16,983,312,346,726,967,565,760.18,253.78,641.82,agent,i_can,0.25,1.71,132.75,0.0,90.0,0.0,177.83
Negotiation_46,R3,2026-09-10T06:39:35.129576Z,behavior_monitor,16,965,331,346,726,949,565,734.66,234.49,624.23,system,NA,0.242,1.71,132.75,0.0,90.0,0.0,180.0
Negotiation_46,R3,2026-09-10T06:39:35.640027Z,behavior_monitor,16,919,352,346,726,902,564,684.17,213.34,578.89,system,NA,0.238,1.71,156.51,0.0,90.0,99.11,180.0
Negotiation_46,R3,2026-09-10T06:39:36.152314Z,behavior_monitor,16,871,369,346,726,855,564,634.64,195.76,533.76,system,NA,0.236,1.71,156.2,0.0,90.0,99.11,180.0
Negotiation_46,R3,2026-09-10T06:39:36.662539Z,behavior_monitor,16,818,375,346,726,805,565,588.31,190.47,486.04,system,NA,0.245,1.71,153.14,0.0,90.0,99.11,180.0
Negotiation_46,R3,2026-09-10T06:39:37.172509Z,behavior_monitor,16,766,384,346,742,754,565,552.27,181.69,444.8,system,NA,0.248,1.71,175.19,93.68,90.0,99.11,180.0
Negotiation_46,R3,2026-09-10T06:39:37.682623Z,behavior_monitor,16,713,388,345,786,703,565,542.51,177.98,420.48,system,NA,0.247,1.71,175.19,64.84,124.97,94.05,163.81
Negotiation_46,R3,2026-09-10T06:39:38.195694Z,behavior_monitor,16,664,403,320,828,653,566,546.13,162.62,423.56,system,NA,0.229,1.71,158.92,81.36,119.93,99.11,180.0
Negotiation_46,R3,2026-09-10T06:39:38.706090Z,behavior_monitor,16,623,432,319,834,607,565,503.92,134.17,393.67,system,NA,0.21,1.71,131.68,0.0,90.0,0.0,180.0
Negotiation_46,R3,2026-09-10T06:39:39.216568Z,behavior_monitor,16,578,449,315,834,561,565,466.39,118.04,364.2,system,NA,0.202,1.71,178.99,35.17,180.0,99.11,180.0
Negotiation_46,R3,2026-09-10T06:39:39.726074Z,behavior_monitor,16,529,449,297,834,514,565,449.1,116.82,345.32,system,NA,0.206,1.71,178.99,35.59,180.0,99.11,180.0
Negotiation_46,R3,2026-09-10T06:39:41.801700Z,shot_miss,16,334,518,206,850,317,565,355.83,50.49,305.35,agent,NA,0.124,1.71,156.51,0.0,180.0,93.6,180.0
Negotiation_46,R3,2026-09-10T06:39:42.076141Z,shot_miss,16,307,523,206,850,291,565,342.36,45.46,296.99,agent,NA,0.117,1.71,176.8,0.0,180.0,99.11,180.0
Negotiation_46,R3,2026-09-10T06:39:42.433812Z,shot_miss,16,269,526,206,850,255,565,329.26,41.23,288.46,agent,NA,0.111,1.71,132.59,0.0,180.0,126.05,-178.49
Negotiation_46,R3,2026-09-10T06:39:44.291601Z,shot_hit,16,225,656,230,893,203,652,237.69,22.76,243.09,agent,NA,0.087,1.71,33.16,129.41,0.0,99.11,0.0
Negotiation_46,R3,2026-09-10T06:39:44.292749Z,flight_spawn,17,935,-20,230,893,203,652,1154.07,993.78,243.09,system,NA,0.463,3.37,126.44,129.41,0.0,99.11,0.0
Negotiation_46,R3,2026-09-10T06:39:47.783089Z,agent_signal,17,896,632,679,791,446,598,268.9,451.34,302.32,agent,your_turn,0.627,3.37,85.57,129.41,0.0,130.47,54.25
Negotiation_46,R3,2026-09-10T06:39:47.799632Z,behavior_monitor,17,896,632,679,791,447,599,268.9,450.26,300.71,system,NA,0.626,3.37,85.57,129.41,0.0,97.85,54.25
Negotiation_46,R3,2026-09-10T06:39:48.308971Z,behavior_monitor,17,908,732,745,791,476,640,173.66,441.69,308.01,system,NA,0.718,3.37,61.45,129.41,0.0,97.85,54.25
Negotiation_46,R3,2026-09-10T06:39:48.818722Z,behavior_monitor,17,958,817,809,805,490,658,149.76,494.36,351.05,system,NA,0.768,3.37,65.85,134.69,25.8,0.0,54.25
Negotiation_46,R3,2026-09-10T06:39:49.329412Z,behavior_monitor,17,1012,904,870,837,506,682,157.08,552.52,395.55,system,NA,0.779,3.37,60.24,128.13,28.28,123.22,54.25
Negotiation_46,R3,2026-09-10T06:39:49.671633Z,flight_missed,17,1059,954,911,857,533,720,176.28,574.98,401.97,system,NA,0.765,3.37,59.73,125.61,18.59,130.47,54.25
Negotiation_46,R3,2026-09-10T06:39:49.672354Z,flight_spawn,18,563,-20,911,857,533,720,944.22,740.83,401.97,system,NA,0.44,3.13,129.7,125.61,18.59,130.47,54.25
Negotiation_46,R3,2026-09-10T06:39:52.360977Z,agent_signal,18,684,386,1106,669,612,566,507.95,193.76,504.51,agent,i_can,0.276,3.13,11.38,140.85,-34.34,76.24,0.0
Negotiation_46,R3,2026-09-10T06:39:52.378255Z,behavior_monitor,18,684,386,1106,669,614,566,507.95,193.15,502.86,system,NA,0.275,3.13,11.38,140.85,-34.34,99.11,0.0
Negotiation_46,R3,2026-09-10T06:39:52.887337Z,behavior_monitor,18,775,406,1167,633,664,566,453.31,194.61,507.75,system,NA,0.3,3.13,37.91,136.11,-20.36,99.11,0.0
Negotiation_46,R3,2026-09-10T06:39:53.398143Z,behavior_monitor,18,837,474,1206,627,715,566,400.19,153.02,495.21,system,NA,0.277,3.13,69.07,81.09,135.05,99.11,0.0
Negotiation_46,R3,2026-09-10T06:39:53.907840Z,behavior_monitor,18,883,551,1166,682,765,566,311.34,118.94,416.72,system,NA,0.276,3.13,66.29,141.97,126.19,99.11,0.0
Negotiation_46,R3,2026-09-10T06:39:54.419420Z,behavior_monitor,18,937,621,1122,740,816,615,220.99,120.19,330.54,system,NA,0.352,3.13,40.86,141.95,128.27,99.11,0.0
Negotiation_46,R3,2026-09-10T06:39:54.930101Z,behavior_monitor,18,1017,657,1073,793,867,652,146.97,150.26,249.71,system,NA,0.506,3.13,39.96,141.01,144.59,169.61,54.25
Negotiation_46,R3,2026-09-10T06:39:55.442166Z,behavior_monitor,18,1106,690,1072,759,918,684,76.81,188.89,171.1,system,NA,0.711,3.13,16.37,147.35,-59.43,99.11,0.0
Negotiation_46,R3,2026-09-10T06:39:55.952157Z,behavior_monitor,18,1195,717,1127,719,968,712,67.09,226.8,159.82,system,NA,0.772,3.13,16.37,129.41,0.0,99.11,0.0
Negotiation_46,R3,2026-09-10T06:39:56.460643Z,behavior_monitor,18,1286,743,1193,719,1018,738,95.95,267.94,176.17,system,NA,0.736,3.13,16.37,129.41,0.0,99.11,0.0
Negotiation_46,R3,2026-09-10T06:39:56.971804Z,behavior_monitor,18,1330,820,1256,735,1069,806,112.73,261.67,200.37,system,NA,0.699,3.13,74.5,136.61,42.71,169.61,54.25
Negotiation_46,R3,2026-09-10T06:39:57.805949Z,flight_missed,18,1415,952,1317,836,1153,910,152.45,265.45,179.4,system,NA,0.635,3.13,53.89,139.65,57.83,99.11,0.0
Negotiation_46,R3,2026-09-10T06:39:57.806736Z,flight_spawn,19,72,-20,1317,836,1153,910,1510.62,1426.01,179.4,system,NA,0.486,2.91,46.5,139.65,57.83,99.11,0.0
Negotiation_46,R3,2026-09-10T06:40:03.473133Z,agent_signal,19,738,426,821,866,751,565,447.12,139.28,308.64,agent,i_can,0.238,2.91,117.05,50.39,180.0,76.24,180.0
Negotiation_46,R3,2026-09-10T06:40:03.489804Z,behavior_monitor,19,738,426,821,866,749,565,447.12,139.13,309.03,system,NA,0.237,2.91,117.05,55.73,180.0,99.11,180.0
Negotiation_46,R3,2026-09-10T06:40:03.626366Z,human_signal,19,727,450,811,867,736,565,426.22,115.7,311.66,human,i_can,0.213,2.91,117.05,70.98,152.42,99.11,180.0
Negotiation_46,R3,2026-09-10T06:40:03.998873Z,behavior_monitor,19,699,504,789,880,715,565,386.8,62.99,323.83,system,NA,0.14,2.91,117.05,73.21,150.2,57.18,180.0
Negotiation_46,R3,2026-09-10T06:40:04.270579Z,agent_signal,19,672,548,771,883,699,564,349.71,31.84,327.01,agent,your_turn,0.083,2.91,117.05,63.53,180.0,62.28,-156.54
Negotiation_46,R3,2026-09-10T06:40:04.339012Z,shot_hit,19,664,556,766,883,694,564,342.56,31.8,326.89,agent,NA,0.085,2.91,138.64,63.53,180.0,57.18,180.0
Negotiation_46,R3,2026-09-10T06:40:04.340086Z,flight_spawn,20,759,-20,766,883,694,564,903.84,588.36,326.89,system,NA,0.394,2.83,135.0,63.53,180.0,57.18,180.0
Negotiation_46,R3,2026-09-10T06:40:07.033555Z,human_signal,20,427,252,559,890,532,563,651.2,328.38,327.75,human,your_turn,0.335,2.83,150.54,81.01,155.71,76.24,180.0
Negotiation_46,R3,2026-09-10T06:40:07.034204Z,behavior_monitor,20,427,252,559,890,532,563,651.2,328.38,327.75,system,NA,0.335,2.83,150.54,79.56,155.0,76.24,180.0
Negotiation_46,R3,2026-09-10T06:40:07.034623Z,human_signal,20,424,253,558,890,532,563,650.63,327.84,328.22,human,your_turn,0.335,2.83,150.54,79.56,155.0,76.24,180.0
Negotiation_46,R3,2026-09-10T06:40:07.542618Z,behavior_monitor,20,354,297,515,902,481,562,625.98,294.13,341.17,system,NA,0.32,2.83,148.31,137.5,180.0,105.3,180.0
Negotiation_46,R3,2026-09-10T06:40:07.661540Z,agent_signal,20,334,308,497,902,469,562,615.15,287.22,340.64,agent,i_can,0.318,2.83,148.31,129.41,180.0,99.11,180.0
Negotiation_46,R3,2026-09-10T06:40:08.052023Z,behavior_monitor,20,278,328,449,896,430,562,592.85,278.93,334.23,system,NA,0.32,2.83,168.56,135.13,-163.27,99.11,180.0
Negotiation_46,R3,2026-09-10T06:40:08.562073Z,behavior_monitor,20,206,351,384,870,379,562,548.91,273.28,307.58,system,NA,0.332,2.83,147.53,137.1,-156.93,99.11,180.0
Negotiation_46,R3,2026-09-10T06:40:09.071367Z,behavior_monitor,20,123,369,319,845,328,562,514.76,281.35,282.97,system,NA,0.353,2.83,161.22,137.68,-159.35,99.11,180.0
Negotiation_46,R3,2026-09-10T06:40:09.581630Z,behavior_monitor,20,56,422,267,838,277,562,465.88,261.55,276.21,system,NA,0.36,2.83,158.76,77.98,129.79,99.11,180.0
Negotiation_46,R3,2026-09-10T06:40:10.093525Z,behavior_monitor,20,45,437,246,859,227,562,468.06,220.63,298.04,system,NA,0.32,1.71,8.2,0.0,119.61,99.11,180.0
Negotiation_46,R3,2026-09-10T06:40:10.604038Z,behavior_monitor,20,88,457,301,859,176,563,455.23,137.17,322.29,system,NA,0.232,1.71,66.15,129.41,0.0,109.16,177.12
Negotiation_46,R3,2026-09-10T06:40:11.116079Z,behavior_monitor,20,97,507,367,859,125,562,444.01,61.88,383.34,system,NA,0.122,1.71,89.25,129.41,0.0,99.11,180.0
Negotiation_46,R3,2026-09-10T06:40:11.303310Z,shot_miss,20,95,527,394,859,105,562,446.81,36.36,414.34,agent,NA,0.075,1.71,118.81,129.41,0.0,99.11,180.0
Negotiation_46,R3,2026-09-10T06:40:11.575314Z,shot_hit,20,84,551,429,859,78,562,462.61,12.39,459.79,agent,NA,0.026,1.71,118.81,129.41,0.0,99.11,180.0
Negotiation_46,R4,2026-09-10T06:40:16.911039Z,flight_spawn,1,715,-20,429,859,78,562,925.22,862.92,459.79,system,NA,0.483,2.83,135.0,0.0,0.0,0.0,180.0
Negotiation_46,R4,2026-09-10T06:40:22.415902Z,human_signal,1,727,373,1083,781,532,566,541.01,273.62,590.63,human,your_turn,0.336,2.83,85.73,0.0,90.0,76.24,0.0
Negotiation_46,R4,2026-09-10T06:40:22.417118Z,behavior_monitor,1,727,373,1083,781,532,566,541.01,273.62,590.63,system,NA,0.336,2.83,85.73,0.0,90.0,76.24,0.0
Negotiation_46,R4,2026-09-10T06:40:22.417561Z,human_signal,1,727,376,1083,781,532,566,538.9,271.62,590.63,human,your_turn,0.335,2.83,85.73,0.0,90.0,76.24,0.0
Negotiation_46,R4,2026-09-10T06:40:22.417935Z,agent_signal,1,727,376,1083,781,532,566,538.9,271.62,590.63,agent,i_can,0.335,2.83,85.73,0.0,90.0,76.24,0.0
Negotiation_46,R4,2026-09-10T06:40:22.926634Z,behavior_monitor,1,750,453,1083,781,583,566,467.15,201.54,544.01,system,NA,0.301,2.83,64.34,0.0,90.0,99.11,0.0
Negotiation_46,R4,2026-09-10T06:40:23.439576Z,behavior_monitor,1,814,509,1125,824,633,566,443.25,189.53,556.03,system,NA,0.3,2.83,40.89,132.58,42.56,93.6,0.0
Negotiation_46,R4,2026-09-10T06:40:23.949808Z,behavior_monitor,1,853,582,1181,868,683,576,435.27,170.21,577.67,system,NA,0.281,2.83,94.69,139.48,37.17,169.61,54.25
Negotiation_46,R4,2026-09-10T06:40:24.461469Z,behavior_monitor,1,870,658,1145,910,734,646,372.98,136.79,488.86,system,NA,0.268,2.83,68.11,115.58,180.0,169.61,54.25
Negotiation_46,R4,2026-09-10T06:40:24.971584Z,behavior_monitor,1,844,735,1082,910,784,716,295.46,62.37,355.06,system,NA,0.174,2.83,124.44,129.41,180.0,169.61,54.25
Negotiation_46,R4,2026-09-10T06:40:25.277602Z,shot_hit,1,824,783,1040,910,803,760,250.29,30.62,279.72,agent,NA,0.109,2.83,96.81,129.41,180.0,137.65,90.0
Negotiation_46,R4,2026-09-10T06:40:25.278791Z,flight_spawn,2,811,-20,1040,910,803,760,957.72,781.02,279.72,system,NA,0.449,3.45,125.39,129.41,180.0,137.65,90.0
Negotiation_46,R4,2026-09-10T06:40:26.996200Z,human_signal,2,517,124,856,910,693,607,855.85,514.68,343.31,human,your_turn,0.376,3.45,162.84,129.41,180.0,130.47,-125.75
Negotiation_46,R4,2026-09-10T06:40:26.997294Z,behavior_monitor,2,517,124,856,910,693,607,855.85,514.68,343.31,system,NA,0.376,3.45,162.84,129.41,180.0,130.47,-125.75
Negotiation_46,R4,2026-09-10T06:40:26.997698Z,human_signal,2,514,125,854,910,693,607,855.27,514.79,342.27,human,your_turn,0.376,3.45,162.84,129.41,180.0,130.47,-125.75
Negotiation_46,R4,2026-09-10T06:40:27.506504Z,behavior_monitor,2,416,150,830,910,643,565,864.48,472.53,391.95,system,NA,0.353,3.45,164.9,0.0,180.0,99.11,180.0
Negotiation_46,R4,2026-09-10T06:40:28.017048Z,behavior_monitor,2,344,208,830,910,593,565,853.38,435.08,418.3,system,NA,0.338,3.45,117.91,0.0,180.0,99.11,180.0
Negotiation_46,R4,2026-09-10T06:40:28.527210Z,behavior_monitor,2,291,300,844,898,542,565,815.02,364.74,450.31,system,NA,0.309,3.45,117.91,125.77,-36.11,99.11,180.0
Negotiation_46,R4,2026-09-10T06:40:28.578839Z,agent_signal,2,284,312,852,893,537,565,812.13,357.32,454.85,agent,i_can,0.306,3.45,117.91,133.58,-36.07,99.11,180.0
Negotiation_46,R4,2026-09-10T06:40:29.038752Z,behavior_monitor,2,200,330,898,852,491,564,871.39,373.11,498.71,system,NA,0.3,3.45,170.76,141.11,-43.29,99.11,180.0
Negotiation_46,R4,2026-09-10T06:40:29.546891Z,behavior_monitor,2,106,358,931,823,441,564,947.37,393.44,554.45,system,NA,0.293,3.45,140.54,0.0,-43.01,99.11,180.0
Negotiation_46,R4,2026-09-10T06:40:30.058979Z,behavior_monitor,2,31,428,931,823,390,564,982.69,383.85,599.62,system,NA,0.281,3.45,113.87,0.0,-43.01,105.3,180.0
Negotiation_46,R4,2026-09-10T06:40:30.569174Z,behavior_monitor,2,37,522,931,823,339,564,943.33,305.2,645.93,system,NA,0.244,3.27,75.13,0.0,-43.01,99.11,180.0
Negotiation_46,R4,2026-09-10T06:40:31.078503Z,behavior_monitor,2,59,616,917,847,289,600,888.83,230.75,675.01,system,NA,0.206,3.27,68.42,119.2,131.86,175.25,113.79
Negotiation_46,R4,2026-09-10T06:40:31.587111Z,behavior_monitor,2,47,711,879,884,238,670,849.67,195.12,676.2,system,NA,0.187,3.27,89.05,93.63,141.55,175.41,127.34
Negotiation_46,R4,2026-09-10T06:40:32.096685Z,behavior_monitor,2,33,805,906,871,187,740,875.63,167.41,730.73,system,NA,0.16,3.27,135.18,137.69,-29.03,169.61,125.75
Negotiation_46,R4,2026-09-10T06:40:32.606883Z,behavior_monitor,2,69,831,946,833,136,810,876.32,70.22,809.71,system,NA,0.074,2.11,19.4,125.22,-54.16,169.61,125.75
Negotiation_46,R4,2026-09-10T06:40:32.845092Z,shot_hit,2,101,836,969,808,111,831,868.29,11.3,858.15,agent,NA,0.013,2.11,1.56,139.12,-41.22,99.11,180.0
Negotiation_46,R4,2026-09-10T06:40:32.846201Z,flight_spawn,3,835,-20,969,808,111,831,839.21,1117.32,858.15,system,NA,0.571,3.18,128.92,139.12,-41.22,99.11,180.0
Negotiation_46,R4,2026-09-10T06:40:35.023269Z,human_signal,3,698,311,898,744,248,642,476.83,558.31,658.37,human,i_can,0.539,3.18,153.7,129.41,180.0,130.47,-54.25
Negotiation_46,R4,2026-09-10T06:40:35.040625Z,behavior_monitor,3,698,311,898,744,249,641,476.83,556.73,657.62,system,NA,0.539,3.18,153.7,122.22,180.0,92.42,-54.25
Negotiation_46,R4,2026-09-10T06:40:35.551467Z,behavior_monitor,3,609,345,832,744,277,600,456.63,418.32,573.63,system,NA,0.478,3.18,158.17,137.5,180.0,103.97,-54.25
Negotiation_46,R4,2026-09-10T06:40:35.738553Z,agent_signal,3,573,358,806,744,288,585,451.12,364.04,541.98,agent,i_can,0.447,3.18,174.44,129.41,180.0,97.85,-54.25
Negotiation_46,R4,2026-09-10T06:40:35.959191Z,human_signal,3,534,362,780,744,310,566,454.32,303.24,502.44,human,your_turn,0.4,3.18,174.44,129.41,180.0,99.11,0.0
Negotiation_46,R4,2026-09-10T06:40:35.960323Z,human_signal,3,531,362,777,744,310,566,454.39,300.95,500.39,human,your_turn,0.398,3.18,174.44,129.41,180.0,99.11,0.0
Negotiation_46,R4,2026-09-10T06:40:36.061042Z,behavior_monitor,3,515,363,766,744,320,566,455.85,281.15,480.72,system,NA,0.381,3.18,174.44,129.41,180.0,99.11,0.0
Negotiation_46,R4,2026-09-10T06:40:36.570880Z,behavior_monitor,3,421,373,700,744,370,566,464.63,199.47,375.44,system,NA,0.3,3.18,174.44,129.41,180.0,99.11,0.0
Negotiation_46,R4,2026-09-10T06:40:37.083583Z,behavior_monitor,3,352,441,659,744,345,566,431.36,125.15,361.5,system,NA,0.225,3.18,129.38,129.41,0.0,99.11,180.0
Negotiation_46,R4,2026-09-10T06:40:37.595367Z,behavior_monitor,3,309,523,725,744,294,566,471.55,45.56,466.06,system,NA,0.088,3.18,123.05,129.41,0.0,79.0,-174.89
Negotiation_46,R4,2026-09-10T06:40:37.748597Z,shot_hit,3,291,550,747,744,278,566,496.3,21.07,502.19,agent,NA,0.041,3.18,123.05,129.41,0.0,99.11,180.0
Negotiation_46,R4,2026-09-10T06:40:37.749153Z,flight_spawn,4,614,-20,747,744,278,566,776.0,676.11,502.19,system,NA,0.466,2.83,135.0,129.41,0.0,99.11,180.0
Negotiation_46,R4,2026-09-10T06:40:38.921124Z,human_signal,4,484,118,875,744,336,566,737.98,471.45,568.27,human,your_turn,0.39,2.83,105.39,72.45,0.0,76.24,0.0
Negotiation_46,R4,2026-09-10T06:40:38.922219Z,behavior_monitor,4,484,118,875,744,336,566,737.98,471.45,568.27,system,NA,0.39,2.83,105.39,72.45,0.0,76.24,0.0
Negotiation_46,R4,2026-09-10T06:40:38.922659Z,human_signal,4,482,121,877,744,336,566,737.13,468.39,569.44,human,your_turn,0.389,2.83,105.39,72.45,0.0,76.24,0.0
Negotiation_46,R4,2026-09-10T06:40:39.430318Z,behavior_monitor,4,510,193,912,744,386,566,682.11,393.08,555.38,system,NA,0.366,2.83,33.56,72.45,0.0,99.11,0.0
Negotiation_46,R4,2026-09-10T06:40:39.939661Z,behavior_monitor,4,584,235,943,744,437,566,622.55,361.77,536.68,system,NA,0.368,2.83,9.45,129.41,180.0,99.11,0.0
Negotiation_46,R4,2026-09-10T06:40:40.449998Z,behavior_monitor,4,648,278,877,749,488,566,523.36,329.16,430.17,system,NA,0.386,2.83,60.28,146.38,147.18,99.11,0.0
Negotiation_46,R4,2026-09-10T06:40:40.960843Z,behavior_monitor,4,665,359,825,798,538,566,467.88,243.22,369.97,system,NA,0.342,2.83,55.89,140.72,144.05,99.11,0.0
Negotiation_46,R4,2026-09-10T06:40:41.046125Z,agent_signal,4,672,374,813,807,546,566,455.11,229.41,359.38,agent,i_can,0.335,2.83,76.23,140.31,146.32,99.11,0.0
Negotiation_46,R4,2026-09-10T06:40:41.469005Z,behavior_monitor,4,664,440,765,838,588,566,410.63,146.81,324.22,system,NA,0.263,2.83,103.95,140.23,147.11,99.11,0.0
Negotiation_46,R4,2026-09-10T06:40:41.979496Z,behavior_monitor,4,640,522,745,873,622,566,366.36,47.18,330.99,system,NA,0.114,2.83,103.95,0.0,90.0,0.0,0.0
Negotiation_46,R4,2026-09-10T06:40:42.183195Z,shot_hit,4,632,558,745,873,616,566,334.98,18.12,332.96,agent,NA,0.051,2.83,103.95,0.0,90.0,0.0,180.0
Negotiation_46,R4,2026-09-10T06:40:42.184120Z,flight_spawn,5,519,-20,745,873,616,566,921.88,594.75,332.96,system,NA,0.392,2.87,134.15,0.0,90.0,0.0,180.0
Negotiation_46,R4,2026-09-10T06:40:44.225463Z,human_signal,5,187,69,685,873,548,567,945.58,614.72,335.6,human,your_turn,0.394,2.87,118.45,0.0,180.0,76.24,180.0
Negotiation_46,R4,2026-09-10T06:40:44.226410Z,behavior_monitor,5,187,69,685,873,548,567,945.58,614.72,335.6,system,NA,0.394,2.87,118.45,0.0,180.0,76.24,180.0
Negotiation_46,R4,2026-09-10T06:40:44.226848Z,human_signal,5,186,72,685,873,548,567,944.04,613.35,335.6,human,your_turn,0.394,2.87,118.45,0.0,180.0,76.24,180.0
Negotiation_46,R4,2026-09-10T06:40:44.737182Z,behavior_monitor,5,153,147,685,873,498,567,900.12,543.08,359.15,system,NA,0.376,2.87,91.0,0.0,180.0,99.11,180.0
Negotiation_46,R4,2026-09-10T06:40:45.247935Z,behavior_monitor,5,145,230,702,875,448,566,852.7,452.97,399.93,system,NA,0.347,2.87,82.13,124.95,22.7,99.11,180.0
Negotiation_46,R4,2026-09-10T06:40:45.757949Z,behavior_monitor,5,186,305,692,910,398,567,787.83,336.09,451.83,system,NA,0.299,2.87,59.04,131.76,162.0,99.11,180.0
Negotiation_46,R4,2026-09-10T06:40:45.774683Z,agent_signal,5,189,310,687,910,396,567,779.18,329.18,450.06,agent,i_can,0.297,2.87,59.04,129.41,180.0,99.11,180.0
Negotiation_46,R4,2026-09-10T06:40:46.268486Z,behavior_monitor,5,232,379,626,910,347,565,660.73,218.69,443.13,system,NA,0.249,2.87,59.04,129.41,180.0,99.11,180.0
Negotiation_46,R4,2026-09-10T06:40:46.777174Z,behavior_monitor,5,295,433,560,910,297,565,545.24,131.27,434.01,system,NA,0.194,2.87,34.26,86.15,180.0,99.11,180.0
Negotiation_46,R4,2026-09-10T06:40:47.287656Z,behavior_monitor,5,377,457,581,891,329,564,479.6,117.44,413.13,system,NA,0.197,2.87,13.9,129.41,-90.0,99.11,0.0
Negotiation_46,R4,2026-09-10T06:40:47.799119Z,behavior_monitor,5,460,478,602,834,379,564,383.85,118.56,350.02,system,NA,0.236,2.87,13.9,135.86,-17.73,99.11,0.0
Negotiation_46,R4,2026-09-10T06:40:48.311000Z,behavior_monitor,5,545,498,664,833,430,564,355.66,132.37,357.26,system,NA,0.271,2.87,14.37,105.98,0.0,99.11,0.0
Negotiation_46,R4,2026-09-10T06:40:48.821053Z,behavior_monitor,5,623,534,670,833,480,564,303.36,146.55,329.79,system,NA,0.326,2.87,43.57,0.0,0.0,99.11,0.0
Negotiation_46,R4,2026-09-10T06:40:49.331842Z,behavior_monitor,5,681,593,702,821,531,588,229.08,149.91,289.56,system,NA,0.396,2.87,43.57,90.21,-90.0,169.61,54.25
Negotiation_46,R4,2026-09-10T06:40:49.842392Z,behavior_monitor,5,745,645,734,794,582,641,149.28,163.7,215.73,system,NA,0.523,2.87,46.6,147.19,33.14,169.61,54.25
Negotiation_46,R4,2026-09-10T06:40:50.352326Z,behavior_monitor,5,808,699,796,818,632,693,119.13,176.21,205.58,system,NA,0.597,2.87,69.51,129.41,0.0,195.04,56.22
Negotiation_46,R4,2026-09-10T06:40:51.185325Z,shot_hit,5,900,802,874,791,715,798,27.98,185.13,159.42,human,NA,0.869,2.87,40.38,137.01,-38.45,169.61,54.25
Negotiation_46,R4,2026-09-10T06:40:51.186275Z,flight_spawn,6,258,-20,874,791,715,798,1018.88,937.53,159.42,system,NA,0.479,2.99,131.9,137.01,-38.45,169.61,54.25
Negotiation_46,R4,2026-09-10T06:40:52.446614Z,human_signal,6,81,90,1010,729,653,712,1126.91,844.65,357.45,human,your_turn,0.428,2.99,155.69,91.82,0.0,130.47,-125.75
Negotiation_46,R4,2026-09-10T06:40:52.447699Z,behavior_monitor,6,81,90,1010,729,653,712,1126.91,844.65,357.45,system,NA,0.428,2.99,155.69,89.89,0.0,130.47,-125.75
Negotiation_46,R4,2026-09-10T06:40:52.448140Z,human_signal,6,79,91,1011,729,653,712,1129.67,845.58,358.94,human,your_turn,0.428,2.99,155.69,89.89,0.0,130.47,-125.75
Negotiation_46,R4,2026-09-10T06:40:52.958510Z,behavior_monitor,6,29,115,1023,729,602,643,1168.24,779.17,429.25,system,NA,0.4,1.8,5.13,0.0,0.0,169.61,-125.75
Negotiation_46,R4,2026-09-10T06:40:53.466811Z,behavior_monitor,6,80,127,1023,729,552,572,1118.2,648.64,496.28,system,NA,0.367,1.8,20.84,0.0,0.0,169.61,-125.75
Negotiation_46,R4,2026-09-10T06:40:53.977146Z,behavior_monitor,6,131,146,1023,729,501,565,1065.02,559.18,546.54,system,NA,0.344,1.8,20.84,0.0,0.0,99.11,180.0
Negotiation_46,R4,2026-09-10T06:40:54.487824Z,behavior_monitor,6,183,165,1020,729,451,565,1008.96,481.59,591.92,system,NA,0.323,1.8,20.84,39.42,180.0,99.11,180.0
Negotiation_46,R4,2026-09-10T06:40:54.998535Z,behavior_monitor,6,209,209,1014,729,400,565,958.24,404.08,635.75,system,NA,0.297,1.8,77.63,0.0,180.0,93.6,180.0
Negotiation_46,R4,2026-09-10T06:40:55.508521Z,behavior_monitor,6,213,262,1014,729,349,565,927.72,333.0,684.89,system,NA,0.264,1.8,76.52,0.0,180.0,114.66,171.84
Negotiation_46,R4,2026-09-10T06:40:55.949665Z,agent_signal,6,224,309,1014,729,305,566,894.73,269.6,727.3,agent,i_can,0.232,1.8,53.0,0.0,180.0,99.11,180.0
Negotiation_46,R4,2026-09-10T06:40:56.017452Z,behavior_monitor,6,229,313,1014,729,299,566,888.7,262.26,733.87,system,NA,0.228,1.8,53.0,0.0,180.0,99.11,180.0
Negotiation_46,R4,2026-09-10T06:40:56.527838Z,behavior_monitor,6,250,359,1014,729,248,566,848.57,206.74,783.23,system,NA,0.196,1.8,124.14,0.0,180.0,99.11,180.0
Negotiation_46,R4,2026-09-10T06:40:57.041505Z,behavior_monitor,6,216,400,1014,729,200,566,863.18,167.34,830.05,system,NA,0.162,1.8,144.97,0.0,180.0,99.11,180.0
Negotiation_46,R4,2026-09-10T06:40:57.551746Z,behavior_monitor,6,174,431,1014,729,158,566,891.22,136.52,871.39,system,NA,0.133,1.8,144.97,0.0,180.0,99.11,180.0
Negotiation_46,R4,2026-09-10T06:40:58.062096Z,behavior_monitor,6,125,462,1014,729,109,566,928.7,105.48,919.32,system,NA,0.102,1.8,144.97,0.0,180.0,90.62,-173.31
Negotiation_46,R4,2026-09-10T06:40:58.574302Z,behavior_monitor,6,106,507,1014,729,88,567,934.75,61.98,940.4,system,NA,0.062,1.8,89.69,0.0,180.0,0.0,180.0
Negotiation_46,R4,2026-09-10T06:40:58.795066Z,shot_miss,6,105,532,1014,729,86,567,930.7,38.61,942.06,agent,NA,0.04,1.8,89.69,0.0,180.0,0.0,180.0
Negotiation_46,R4,2026-09-10T06:40:58.999298Z,shot_hit,6,114,550,1014,729,91,567,917.51,28.41,937.08,agent,NA,0.03,1.8,38.22,0.0,180.0,99.11,0.0
Negotiation_46,R4,2026-09-10T06:40:59.000363Z,flight_spawn,7,391,-20,1014,729,91,567,974.65,659.0,937.08,system,NA,0.403,2.83,45.0,0.0,180.0,99.11,0.0
Negotiation_46,R4,2026-09-10T06:41:00.993287Z,human_signal,7,701,75,1014,690,160,566,689.87,730.77,863.35,human,i_can,0.514,2.83,43.26,129.41,-90.0,76.24,0.0
Negotiation_46,R4,2026-09-10T06:41:01.010180Z,behavior_monitor,7,701,75,1014,690,161,566,689.87,730.13,862.71,system,NA,0.514,2.83,43.26,129.41,-90.0,41.6,-15.62
Negotiation_46,R4,2026-09-10T06:41:01.520519Z,behavior_monitor,7,775,122,1014,624,190,566,555.94,734.4,826.13,system,NA,0.569,2.83,42.4,133.91,-104.9,57.18,0.0
Negotiation_46,R4,2026-09-10T06:41:02.031321Z,behavior_monitor,7,854,153,959,605,204,566,463.46,770.76,756.89,system,NA,0.624,2.83,37.87,0.0,-135.47,0.0,13.96
Negotiation_46,R4,2026-09-10T06:41:02.542411Z,behavior_monitor,7,881,226,959,605,226,566,386.26,737.87,734.54,system,NA,0.656,2.83,111.27,0.0,-135.47,76.24,0.0
Negotiation_46,R4,2026-09-10T06:41:03.052441Z,behavior_monitor,7,852,305,931,599,265,565,303.92,641.36,667.22,system,NA,0.678,2.83,111.27,135.58,-162.65,76.24,0.0
Negotiation_46,R4,2026-09-10T06:41:03.120089Z,agent_signal,7,847,319,920,595,270,565,286.24,627.38,650.89,agent,your_turn,0.687,2.83,111.27,134.95,-163.52,76.24,0.0
Negotiation_46,R4,2026-09-10T06:41:03.562685Z,behavior_monitor,7,819,383,865,591,296,564,213.63,553.64,570.35,system,NA,0.722,2.83,112.54,129.41,180.0,57.18,0.0
Negotiation_46,R4,2026-09-10T06:41:04.070001Z,behavior_monitor,7,789,461,799,591,315,564,130.74,485.77,485.52,system,NA,0.788,2.83,144.95,129.41,180.0,0.0,-36.91
Negotiation_46,R4,2026-09-10T06:41:04.583987Z,behavior_monitor,7,727,512,733,591,314,564,79.61,415.8,419.95,system,NA,0.839,2.83,123.18,129.41,180.0,0.0,142.29
Negotiation_46,R4,2026-09-10T06:41:04.924379Z,shot_miss,7,694,555,689,591,330,564,36.45,364.07,360.54,human,NA,0.909,2.83,147.24,129.41,180.0,76.24,0.0
Negotiation_46,R4,2026-09-10T06:41:05.093181Z,behavior_monitor,7,668,570,667,591,343,564,20.88,325.06,325.54,system,NA,0.94,2.83,147.24,129.41,180.0,76.24,0.0
Negotiation_46,R4,2026-09-10T06:41:05.314684Z,shot_hit,7,638,590,641,591,360,586,3.32,278.15,281.34,human,NA,0.988,2.83,147.24,87.05,180.0,130.47,54.25
Negotiation_46,R4,2026-09-10T06:41:05.315698Z,flight_spawn,8,911,-20,641,591,360,586,668.17,818.95,281.34,system,NA,0.551,2.99,131.98,87.05,180.0,130.47,54.25
Negotiation_46,R4,2026-09-10T06:41:08.238085Z,human_signal,8,817,326,888,612,535,565,294.0,370.17,355.45,human,i_can,0.557,2.99,10.21,0.0,35.33,76.24,0.0
Negotiation_46,R4,2026-09-10T06:41:08.255479Z,behavior_monitor,8,817,326,888,612,536,565,294.0,369.43,354.48,system,NA,0.557,2.99,10.21,0.0,35.33,57.18,0.0
Negotiation_46,R4,2026-09-10T06:41:08.765439Z,behavior_monitor,8,896,363,899,612,565,565,248.91,387.74,336.6,system,NA,0.609,2.99,37.63,129.41,0.0,57.18,0.0
Negotiation_46,R4,2026-09-10T06:41:08.885862Z,agent_signal,8,915,377,916,612,572,565,234.29,391.29,347.29,agent,your_turn,0.625,2.99,37.63,129.41,0.0,57.18,0.0
Negotiation_46,R4,2026-09-10T06:41:09.276172Z,behavior_monitor,8,976,401,965,612,594,565,211.15,415.31,373.12,system,NA,0.663,2.99,24.58,129.41,0.0,57.18,0.0
Negotiation_46,R4,2026-09-10T06:41:09.786990Z,behavior_monitor,8,1032,471,1031,612,614,566,140.58,428.29,419.17,system,NA,0.753,2.99,54.07,129.41,0.0,0.0,0.0
Negotiation_46,R4,2026-09-10T06:41:10.295719Z,behavior_monitor,8,1100,530,1097,612,626,565,81.91,475.02,472.78,system,NA,0.853,2.99,28.73,129.41,0.0,76.24,0.0
Negotiation_46,R4,2026-09-10T06:41:10.804806Z,behavior_monitor,8,1181,563,1163,612,664,565,52.12,516.42,500.52,system,NA,0.908,2.99,29.6,129.41,0.0,76.24,0.0
Negotiation_46,R4,2026-09-10T06:41:11.231220Z,shot_hit,8,1238,610,1218,612,696,602,20.5,541.77,521.41,human,NA,0.964,2.99,31.47,129.41,0.0,130.47,54.25
Negotiation_46,R4,2026-09-10T06:41:11.232274Z,flight_spawn,9,494,-20,1218,612,696,602,960.45,654.13,521.41,system,NA,0.405,3.4,126.04,129.41,0.0,130.47,54.25
Negotiation_46,R4,2026-09-10T06:41:12.780113Z,human_signal,9,466,267,1237,700,643,565,884.53,347.03,609.57,human,your_turn,0.282,3.4,50.79,81.79,119.92,76.24,180.0
Negotiation_46,R4,2026-09-10T06:41:12.780770Z,behavior_monitor,9,466,267,1237,700,643,565,884.53,347.03,609.57,system,NA,0.282,3.4,50.79,78.89,118.98,76.24,180.0
Negotiation_46,R4,2026-09-10T06:41:12.781195Z,human_signal,9,468,269,1237,701,643,565,881.41,343.68,609.21,human,your_turn,0.281,3.4,50.79,78.89,118.98,76.24,180.0
Negotiation_46,R4,2026-09-10T06:41:13.017959Z,agent_signal,9,488,312,1233,716,619,565,847.69,285.14,632.52,agent,i_can,0.252,3.4,105.03,56.92,90.0,99.11,180.0
Negotiation_46,R4,2026-09-10T06:41:13.291254Z,behavior_monitor,9,473,361,1233,729,592,565,844.71,236.16,661.99,system,NA,0.218,3.4,134.87,47.39,90.0,99.11,180.0
Negotiation_46,R4,2026-09-10T06:41:13.802637Z,behavior_monitor,9,394,421,1186,735,541,565,851.68,205.89,666.52,system,NA,0.195,3.4,171.78,129.41,180.0,99.11,180.0
Negotiation_46,R4,2026-09-10T06:41:14.313331Z,behavior_monitor,9,313,461,1168,735,491,565,898.04,205.99,698.48,system,NA,0.187,3.4,120.03,0.0,180.0,99.11,180.0
Negotiation_46,R4,2026-09-10T06:41:14.824560Z,behavior_monitor,9,227,499,1168,735,440,565,970.49,223.35,747.6,system,NA,0.187,3.4,176.69,0.0,180.0,99.11,180.0
Negotiation_46,R4,2026-09-10T06:41:15.335019Z,behavior_monitor,9,142,536,1168,735,390,565,1044.7,249.1,796.53,system,NA,0.193,3.4,133.62,0.0,180.0,99.11,180.0
Negotiation_46,R4,2026-09-10T06:41:15.845744Z,behavior_monitor,9,116,632,1168,735,339,610,1056.96,224.28,838.19,system,NA,0.175,3.4,107.25,0.0,180.0,169.61,125.75
Negotiation_46,R4,2026-09-10T06:41:16.357915Z,behavior_monitor,9,88,729,1168,735,288,680,1080.62,206.92,881.46,system,NA,0.161,3.4,107.25,0.0,180.0,171.29,125.69
Negotiation_46,R4,2026-09-10T06:41:16.865455Z,behavior_monitor,9,60,827,1168,735,238,750,1112.43,193.94,930.51,system,NA,0.148,3.4,107.25,0.0,180.0,169.61,125.75
Negotiation_46,R4,2026-09-10T06:41:17.376475Z,behavior_monitor,9,92,921,1168,735,187,820,1092.3,138.43,985.11,system,NA,0.112,3.4,34.97,0.0,180.0,169.61,125.75
Negotiation_46,R4,2026-09-10T06:41:17.597816Z,flight_missed,9,127,952,1168,735,163,853,1063.84,105.63,1011.77,system,NA,0.09,3.4,33.74,0.0,180.0,169.61,125.75
Negotiation_46,R4,2026-09-10T06:41:17.599097Z,flight_spawn,10,800,-20,1168,735,163,853,840.5,1080.3,1011.77,system,NA,0.562,3.27,52.23,0.0,180.0,169.61,125.75
Negotiation_46,R4,2026-09-10T06:41:19.552373Z,agent_signal,10,891,316,994,707,290,676,404.52,700.72,704.3,agent,your_turn,0.634,3.27,65.72,129.41,180.0,130.47,-54.25
Negotiation_46,R4,2026-09-10T06:41:19.568680Z,behavior_monitor,10,891,316,994,707,291,674,404.52,699.19,703.39,system,NA,0.633,3.27,65.72,129.41,180.0,97.85,-54.25
Negotiation_46,R4,2026-09-10T06:41:19.689790Z,human_signal,10,902,337,978,707,298,665,378.41,687.07,681.74,human,your_turn,0.645,3.27,65.72,129.41,180.0,97.85,-54.25
Negotiation_46,R4,2026-09-10T06:41:19.690836Z,human_signal,10,903,340,976,707,298,665,374.84,686.61,679.54,human,your_turn,0.647,3.27,65.72,122.22,180.0,92.42,-54.25
Negotiation_46,R4,2026-09-10T06:41:20.082436Z,behavior_monitor,10,905,410,940,696,336,611,288.81,603.06,609.64,system,NA,0.676,3.27,91.99,94.35,-90.0,169.61,-54.25
Negotiation_46,R4,2026-09-10T06:41:20.286602Z,human_signal,10,910,451,948,668,357,583,220.14,568.68,596.98,human,i_can,0.721,3.27,70.34,135.79,-72.36,169.61,-54.25
Negotiation_46,R4,2026-09-10T06:41:20.590862Z,behavior_monitor,10,946,494,952,631,374,567,137.03,576.68,581.86,system,NA,0.808,3.27,48.08,129.41,-90.0,57.18,0.0
Negotiation_46,R4,2026-09-10T06:41:20.658875Z,agent_signal,10,958,506,952,622,378,567,116.08,583.34,577.09,agent,i_can,0.834,3.27,48.08,129.41,-90.0,57.18,0.0
Negotiation_46,R4,2026-09-10T06:41:21.050163Z,shot_hit,10,980,572,979,578,417,567,5.59,563.36,562.05,human,NA,0.99,3.27,93.18,132.89,-36.32,93.6,0.0
Negotiation_46,R4,2026-09-10T06:41:21.050757Z,flight_spawn,11,1417,-20,979,578,417,567,741.51,1159.68,562.05,system,NA,0.61,2.94,47.2,132.89,-36.32,93.6,0.0
Negotiation_46,R4,2026-09-10T06:41:23.074859Z,human_signal,11,1350,177,1061,703,535,565,600.59,903.13,544.58,human,i_can,0.601,1.97,92.74,129.41,0.0,76.24,0.0
Negotiation_46,R4,2026-09-10T06:41:23.091587Z,behavior_monitor,11,1350,177,1061,703,535,565,600.59,903.13,544.58,system,NA,0.601,1.97,92.74,129.41,0.0,0.0,0.0
Negotiation_46,R4,2026-09-10T06:41:23.602755Z,behavior_monitor,11,1338,232,1127,703,547,565,515.85,858.17,596.94,system,NA,0.625,1.97,71.69,129.41,0.0,57.18,0.0
Negotiation_46,R4,2026-09-10T06:41:24.113345Z,behavior_monitor,11,1370,278,1193,703,561,565,461.14,859.0,647.65,system,NA,0.651,1.97,46.49,129.41,0.0,0.0,0.0
Negotiation_46,R4,2026-09-10T06:41:24.624226Z,behavior_monitor,11,1384,325,1259,703,576,565,397.85,842.7,697.22,system,NA,0.679,1.97,120.13,129.41,0.0,76.24,0.0
Negotiation_46,R4,2026-09-10T06:41:25.133966Z,behavior_monitor,11,1355,377,1281,683,615,565,315.57,763.98,676.77,system,NA,0.708,1.97,112.93,92.76,180.0,76.24,0.0
Negotiation_46,R4,2026-09-10T06:41:25.219023Z,agent_signal,11,1350,387,1273,683,621,565,305.73,750.22,662.56,agent,your_turn,0.71,1.97,112.93,50.05,180.0,76.24,0.0
Negotiation_46,R4,2026-09-10T06:41:25.644010Z,behavior_monitor,11,1329,428,1271,676,645,565,254.52,697.31,635.89,system,NA,0.733,1.97,108.34,38.87,-90.0,57.18,0.0
Negotiation_46,R4,2026-09-10T06:41:26.154259Z,behavior_monitor,11,1320,486,1271,624,665,564,146.54,660.39,609.9,system,NA,0.818,1.97,88.25,36.5,-90.0,0.0,159.71
Negotiation_46,R4,2026-09-10T06:41:26.663413Z,behavior_monitor,11,1290,533,1271,624,664,564,92.89,626.93,610.27,system,NA,0.871,1.97,139.63,0.0,-90.0,0.0,-152.97
Negotiation_46,R4,2026-09-10T06:41:27.171277Z,behavior_monitor,11,1246,571,1248,624,702,567,52.72,543.87,548.68,system,NA,0.912,1.97,139.63,129.41,180.0,135.45,44.05
Negotiation_46,R4,2026-09-10T06:41:27.595422Z,shot_hit,11,1220,614,1194,624,735,608,27.24,484.79,459.8,human,NA,0.947,1.97,111.74,122.11,180.0,130.47,54.25
Negotiation_46,R4,2026-09-10T06:41:27.595991Z,flight_spawn,12,150,-20,1194,624,735,608,1227.21,858.58,459.8,system,NA,0.412,3.55,124.28,122.11,180.0,130.47,54.25
Negotiation_46,R4,2026-09-10T06:41:28.591293Z,human_signal,12,63,165,1220,650,679,567,1254.94,735.38,547.79,human,your_turn,0.369,3.55,97.81,39.71,90.0,76.24,180.0
Negotiation_46,R4,2026-09-10T06:41:28.592073Z,behavior_monitor,12,63,165,1220,650,679,567,1254.94,735.38,547.79,system,NA,0.369,3.55,97.81,39.71,90.0,76.24,180.0
Negotiation_46,R4,2026-09-10T06:41:28.592542Z,human_signal,12,63,168,1220,651,679,567,1253.82,733.45,547.9,human,your_turn,0.369,3.55,97.81,39.71,90.0,76.24,180.0
Negotiation_46,R4,2026-09-10T06:41:29.098609Z,behavior_monitor,12,63,267,1220,664,628,565,1223.72,639.31,600.13,system,NA,0.343,3.55,126.7,0.0,90.0,99.11,180.0
Negotiation_46,R4,2026-09-10T06:41:29.301850Z,agent_signal,12,56,311,1202,664,608,565,1199.51,608.0,602.27,agent,i_can,0.336,3.55,77.24,116.58,180.0,99.11,180.0
Negotiation_46,R4,2026-09-10T06:41:29.607741Z,behavior_monitor,12,46,369,1166,671,578,565,1159.9,567.59,596.76,system,NA,0.329,3.55,106.41,134.07,164.85,99.11,180.0
Negotiation_46,R4,2026-09-10T06:41:30.118679Z,behavior_monitor,12,29,456,1117,686,528,565,1112.06,510.22,601.87,system,NA,0.315,2.97,88.02,0.0,180.0,99.11,180.0
Negotiation_46,R4,2026-09-10T06:41:30.629161Z,behavior_monitor,12,34,533,1117,686,477,566,1094.26,444.71,651.18,system,NA,0.289,2.46,30.31,0.0,180.0,99.11,180.0
Negotiation_46,R4,2026-09-10T06:41:31.141933Z,behavior_monitor,12,106,556,1117,686,427,566,1019.24,320.52,700.92,system,NA,0.239,2.46,21.69,0.0,180.0,99.11,180.0
Negotiation_46,R4,2026-09-10T06:41:31.652314Z,behavior_monitor,12,168,597,1117,686,376,592,953.3,207.8,747.4,system,NA,0.179,2.46,43.35,0.0,180.0,99.11,180.0
Negotiation_46,R4,2026-09-10T06:41:32.161755Z,behavior_monitor,12,218,653,1117,686,325,648,900.19,107.51,793.04,system,NA,0.107,2.46,39.97,0.0,180.0,169.61,125.75
Negotiation_46,R4,2026-09-10T06:41:32.676103Z,behavior_monitor,12,266,704,1117,686,275,700,851.17,9.27,842.66,system,NA,0.011,2.46,61.76,0.0,180.0,169.61,125.75
Negotiation_46,R4,2026-09-10T06:41:32.728190Z,shot_hit,12,270,712,1117,686,268,707,847.91,5.76,849.54,agent,NA,0.007,2.46,61.76,0.0,180.0,169.61,125.75
Negotiation_46,R4,2026-09-10T06:41:32.729185Z,flight_spawn,13,1167,-20,1117,686,268,707,707.86,1156.06,849.54,system,NA,0.62,3.25,127.97,0.0,180.0,169.61,125.75
Negotiation_46,R4,2026-09-10T06:41:33.919072Z,human_signal,13,1053,170,1061,719,337,612,548.57,840.75,732.06,human,i_can,0.605,3.25,135.58,136.46,161.5,130.47,-54.25
Negotiation_46,R4,2026-09-10T06:41:33.935921Z,behavior_monitor,13,1053,170,1061,719,338,610,548.57,839.21,731.3,system,NA,0.605,3.25,135.58,135.92,162.2,97.85,-54.25
Negotiation_46,R4,2026-09-10T06:41:34.449492Z,behavior_monitor,13,969,211,1032,722,367,570,514.53,700.58,682.35,system,NA,0.577,3.25,167.68,0.0,180.0,97.85,-54.25
Negotiation_46,R4,2026-09-10T06:41:34.652273Z,human_signal,13,930,219,1032,722,379,566,512.84,651.17,671.6,human,your_turn,0.559,3.25,170.78,0.0,180.0,60.75,0.0
Negotiation_46,R4,2026-09-10T06:41:34.653457Z,human_signal,13,928,220,1032,722,379,566,512.9,648.48,671.6,human,your_turn,0.558,3.25,145.95,0.0,180.0,57.18,0.0
Negotiation_46,R4,2026-09-10T06:41:34.958947Z,behavior_monitor,13,887,256,1032,722,409,566,488.75,569.33,642.15,system,NA,0.538,3.25,122.5,0.0,180.0,99.11,0.0
Negotiation_46,R4,2026-09-10T06:41:35.472346Z,behavior_monitor,13,836,339,1032,722,460,566,430.15,439.05,592.77,system,NA,0.505,3.25,102.4,0.0,180.0,99.11,0.0
Negotiation_46,R4,2026-09-10T06:41:35.982472Z,behavior_monitor,13,805,425,1058,731,512,566,396.78,325.7,570.2,system,NA,0.451,3.25,124.85,138.3,53.24,99.11,0.0
Negotiation_46,R4,2026-09-10T06:41:36.475800Z,agent_signal,13,759,508,1038,793,562,566,398.83,206.14,527.26,agent,i_can,0.341,3.25,93.37,145.16,129.1,99.11,0.0
Negotiation_46,R4,2026-09-10T06:41:36.491707Z,behavior_monitor,13,759,508,1038,793,563,566,398.83,204.52,525.74,system,NA,0.339,3.25,93.37,145.44,129.79,99.11,0.0
Negotiation_46,R4,2026-09-10T06:41:37.004956Z,behavior_monitor,13,750,605,988,849,614,592,340.79,136.57,453.35,system,NA,0.286,3.25,143.68,146.28,132.53,169.61,54.25
Negotiation_46,R4,2026-09-10T06:41:37.498926Z,shot_hit,13,670,662,940,905,655,658,362.91,15.84,377.31,agent,NA,0.042,3.25,143.68,144.21,127.48,137.65,90.0
Negotiation_46,R4,2026-09-10T06:41:37.500052Z,flight_spawn,14,1232,-20,940,905,655,658,970.52,890.61,377.31,system,NA,0.479,2.86,45.7,144.21,127.48,137.65,90.0
Negotiation_46,R4,2026-09-10T06:41:39.335539Z,human_signal,14,1386,235,1037,816,766,566,676.81,702.15,368.55,human,i_can,0.509,2.86,44.94,150.18,-34.61,81.0,0.0
Negotiation_46,R4,2026-09-10T06:41:39.352320Z,behavior_monitor,14,1386,235,1037,816,767,566,676.81,701.29,367.84,system,NA,0.509,2.86,44.94,141.35,-34.61,57.18,0.0
Negotiation_46,R4,2026-09-10T06:41:39.859721Z,behavior_monitor,14,1442,267,1097,775,796,567,613.91,711.64,365.31,system,NA,0.537,1.88,149.34,141.51,-34.71,57.18,0.0
Negotiation_46,R4,2026-09-10T06:41:40.370766Z,behavior_monitor,14,1385,277,1156,734,810,567,511.45,644.42,384.46,system,NA,0.558,1.88,172.91,141.58,-34.75,0.0,-158.12
Negotiation_46,R4,2026-09-10T06:41:40.880728Z,behavior_monitor,14,1330,284,1216,694,818,567,425.23,585.04,418.26,system,NA,0.579,1.88,152.26,140.56,-32.59,76.24,0.0
Negotiation_46,R4,2026-09-10T06:41:41.171846Z,agent_signal,14,1306,309,1229,671,840,567,370.47,532.73,403.12,agent,your_turn,0.59,1.88,131.36,87.96,-125.73,76.24,0.0
Negotiation_46,R4,2026-09-10T06:41:41.391823Z,behavior_monitor,14,1296,328,1228,670,852,567,349.14,503.98,389.94,system,NA,0.591,1.88,86.94,0.0,-145.9,57.18,0.0
Negotiation_46,R4,2026-09-10T06:41:41.901270Z,behavior_monitor,14,1300,384,1236,642,882,567,265.79,456.59,362.48,system,NA,0.632,1.88,86.94,138.39,-69.25,57.18,0.0
Negotiation_46,R4,2026-09-10T06:41:42.412273Z,behavior_monitor,14,1311,440,1264,577,884,567,144.89,445.54,380.27,system,NA,0.755,1.88,64.65,141.11,-58.34,0.0,0.0
Negotiation_46,R4,2026-09-10T06:41:42.920925Z,behavior_monitor,14,1351,474,1316,528,912,566,63.97,447.95,405.91,system,NA,0.875,1.88,17.53,141.56,-34.06,76.24,0.0
Negotiation_46,R4,2026-09-10T06:41:43.364534Z,shot_hit,14,1386,502,1369,496,946,566,18.41,445.32,429.18,human,NA,0.96,1.88,47.21,138.64,-27.19,76.24,0.0
Negotiation_46,R4,2026-09-10T06:41:43.365578Z,flight_spawn,15,512,-20,1369,496,946,566,1000.4,729.71,429.18,system,NA,0.422,2.83,135.0,138.64,-27.19,76.24,0.0
Negotiation_46,R4,2026-09-10T06:41:44.467456Z,human_signal,15,401,124,1399,595,885,565,1102.54,653.87,514.98,human,your_turn,0.372,2.83,132.78,144.52,126.71,76.24,180.0
Negotiation_46,R4,2026-09-10T06:41:44.468945Z,behavior_monitor,15,401,124,1399,595,885,565,1102.54,653.87,514.98,system,NA,0.372,2.83,132.78,144.62,126.77,76.24,180.0
Negotiation_46,R4,2026-09-10T06:41:44.469259Z,human_signal,15,399,126,1397,597,885,565,1103.16,654.11,513.63,human,your_turn,0.372,2.83,132.78,144.62,126.77,76.24,180.0
Negotiation_46,R4,2026-09-10T06:41:44.978626Z,behavior_monitor,15,343,187,1350,648,835,566,1107.3,620.3,521.9,system,NA,0.359,2.83,132.78,142.14,143.02,99.11,180.0
Negotiation_46,R4,2026-09-10T06:41:45.487929Z,behavior_monitor,15,323,264,1292,692,784,566,1058.51,550.97,522.63,system,NA,0.342,2.83,58.64,142.22,143.53,99.11,180.0
Negotiation_46,R4,2026-09-10T06:41:45.794127Z,agent_signal,15,352,310,1255,719,754,566,991.2,476.87,523.54,agent,i_can,0.325,2.83,58.64,142.22,143.53,99.11,180.0
Negotiation_46,R4,2026-09-10T06:41:45.998043Z,behavior_monitor,15,372,331,1233,735,734,566,950.98,431.18,527.27,system,NA,0.312,2.83,29.74,142.22,143.53,99.11,180.0
Negotiation_46,R4,2026-09-10T06:41:46.508149Z,behavior_monitor,15,424,392,1175,778,683,566,844.16,312.09,535.44,system,NA,0.27,2.83,23.82,151.11,143.53,105.3,180.0
Negotiation_46,R4,2026-09-10T06:41:47.018185Z,behavior_monitor,15,460,464,1110,803,633,567,733.13,201.17,532.37,system,NA,0.215,2.83,91.69,136.56,161.37,99.11,180.0
Negotiation_46,R4,2026-09-10T06:41:47.527795Z,behavior_monitor,15,512,527,1099,808,583,566,650.54,81.03,569.67,system,NA,0.111,2.83,19.08,0.0,141.45,99.11,180.0
Negotiation_46,R4,2026-09-10T06:41:47.800582Z,shot_hit,15,559,541,1099,808,555,566,602.57,25.77,595.72,agent,NA,0.041,2.83,11.5,0.0,141.45,99.11,180.0
Negotiation_46,R4,2026-09-10T06:41:47.801624Z,flight_spawn,16,519,-20,1099,808,555,566,1011.23,587.53,595.72,system,NA,0.367,3.5,55.13,0.0,141.45,99.11,180.0
Negotiation_46,R4,2026-09-10T06:41:49.152471Z,human_signal,16,623,225,1099,808,586,566,752.99,343.63,566.89,human,your_turn,0.313,3.5,56.14,0.0,141.45,76.24,0.0
Negotiation_46,R4,2026-09-10T06:41:49.153600Z,behavior_monitor,16,623,225,1099,808,586,566,752.99,343.63,566.89,system,NA,0.313,3.5,56.14,0.0,141.45,76.24,0.0
Negotiation_46,R4,2026-09-10T06:41:49.154017Z,human_signal,16,625,228,1099,808,586,566,749.3,341.0,566.89,human,your_turn,0.313,3.5,56.14,0.0,141.45,76.24,0.0
Negotiation_46,R4,2026-09-10T06:41:49.662908Z,behavior_monitor,16,666,319,1099,808,637,566,653.74,249.61,521.62,system,NA,0.276,3.5,80.96,0.0,141.45,99.11,0.0
Negotiation_46,R4,2026-09-10T06:41:50.004127Z,agent_signal,16,687,387,1133,808,665,566,613.4,180.48,527.28,agent,i_can,0.227,3.5,54.55,129.41,0.0,99.11,0.0
Negotiation_46,R4,2026-09-10T06:41:50.173791Z,behavior_monitor,16,706,412,1147,808,680,566,592.44,156.65,525.39,system,NA,0.209,3.5,32.28,56.75,0.0,99.11,0.0
Negotiation_46,R4,2026-09-10T06:41:50.684473Z,behavior_monitor,16,797,467,1178,808,731,567,511.54,119.4,507.91,system,NA,0.189,3.5,37.35,91.3,0.0,99.11,0.0
Negotiation_46,R4,2026-09-10T06:41:51.196257Z,behavior_monitor,16,889,515,1226,811,781,564,448.34,119.42,509.39,system,NA,0.21,3.5,17.07,129.41,180.0,99.11,0.0
Negotiation_46,R4,2026-09-10T06:41:51.704920Z,behavior_monitor,16,995,529,1160,826,831,565,340.44,167.7,420.81,system,NA,0.33,3.5,27.25,135.02,163.43,99.11,0.0
Negotiation_46,R4,2026-09-10T06:41:52.214694Z,behavior_monitor,16,1088,573,1131,834,881,569,263.9,207.33,364.41,system,NA,0.44,3.5,18.8,0.0,90.0,169.61,54.25
Negotiation_46,R4,2026-09-10T06:41:52.282439Z,human_signal,16,1103,579,1131,834,888,573,256.26,215.78,356.38,human,i_can,0.457,3.5,18.8,0.0,90.0,169.61,54.25
Negotiation_46,R4,2026-09-10T06:41:52.725314Z,behavior_monitor,16,1187,607,1156,834,913,602,228.78,274.7,335.82,system,NA,0.546,3.5,18.8,129.41,0.0,97.85,54.25
Negotiation_46,R4,2026-09-10T06:41:53.015609Z,agent_signal,16,1248,627,1193,834,929,621,213.46,318.83,339.05,agent,your_turn,0.599,3.5,18.8,129.41,0.0,97.85,54.25
Negotiation_46,R4,2026-09-10T06:41:53.236692Z,behavior_monitor,16,1286,641,1222,834,942,636,203.24,344.33,342.83,system,NA,0.629,3.5,18.8,129.41,0.0,97.85,54.25
Negotiation_46,R4,2026-09-10T06:41:53.745737Z,behavior_monitor,16,1387,663,1288,834,971,657,197.14,416.07,362.85,system,NA,0.679,3.5,35.3,129.41,0.0,97.85,54.25
Negotiation_46,R4,2026-09-10T06:41:54.254936Z,behavior_monitor,16,1439,752,1354,834,972,660,118.2,475.16,419.07,system,NA,0.801,3.5,60.39,129.41,0.0,0.0,139.98
Negotiation_46,R4,2026-09-10T06:41:54.665587Z,shot_hit,16,1433,825,1406,834,972,660,28.38,489.31,467.47,human,NA,0.945,3.21,108.83,129.41,0.0,0.0,139.98
Negotiation_46,R4,2026-09-10T06:41:54.666602Z,flight_spawn,17,1117,-20,1406,834,972,660,901.85,696.07,467.47,system,NA,0.436,3.49,124.97,129.41,0.0,0.0,139.98
Negotiation_46,R4,2026-09-10T06:41:55.701573Z,human_signal,17,951,88,1407,845,969,579,883.64,490.86,512.37,human,your_turn,0.357,3.49,145.09,127.66,180.0,130.47,-125.75
Negotiation_46,R4,2026-09-10T06:41:55.702089Z,behavior_monitor,17,951,88,1407,845,969,579,883.64,490.86,512.37,system,NA,0.357,3.49,145.09,127.66,180.0,130.47,-125.75
Negotiation_46,R4,2026-09-10T06:41:55.702460Z,human_signal,17,948,90,1404,845,969,579,882.26,488.97,510.58,human,your_turn,0.357,3.49,145.09,127.66,180.0,130.47,-125.75
Negotiation_46,R4,2026-09-10T06:41:56.211239Z,behavior_monitor,17,862,148,1343,855,918,564,854.34,419.62,514.17,system,NA,0.329,3.49,124.03,134.75,163.82,99.11,180.0
Negotiation_46,R4,2026-09-10T06:41:56.723400Z,behavior_monitor,17,790,212,1277,858,868,564,808.85,360.42,503.7,system,NA,0.308,3.49,177.65,129.41,180.0,99.11,180.0
Negotiation_46,R4,2026-09-10T06:41:57.231107Z,behavior_monitor,17,706,254,1211,858,817,564,787.08,329.15,491.24,system,NA,0.295,3.49,127.67,129.41,180.0,99.11,180.0
Negotiation_46,R4,2026-09-10T06:41:57.725508Z,agent_signal,17,645,338,1145,858,768,564,721.46,257.75,477.75,agent,i_can,0.263,3.49,103.84,129.41,180.0,99.11,180.0
Negotiation_46,R4,2026-09-10T06:41:57.741937Z,behavior_monitor,17,645,338,1145,858,766,564,721.46,256.95,479.08,system,NA,0.263,3.49,103.84,129.41,180.0,99.11,180.0
Negotiation_46,R4,2026-09-10T06:41:58.254384Z,behavior_monitor,17,599,427,1079,858,715,564,645.25,179.94,467.58,system,NA,0.218,3.49,155.6,129.41,180.0,99.11,180.0
Negotiation_46,R4,2026-09-10T06:41:58.763729Z,behavior_monitor,17,505,461,1013,858,665,564,644.74,189.7,456.18,system,NA,0.227,3.49,158.39,122.22,180.0,93.6,180.0
Negotiation_46,R4,2026-09-10T06:41:59.274292Z,behavior_monitor,17,407,499,947,871,614,563,655.23,216.11,453.52,system,NA,0.248,3.49,158.39,134.11,164.79,99.11,180.0
Negotiation_46,R4,2026-09-10T06:41:59.785500Z,behavior_monitor,17,343,576,932,877,563,570,662.11,220.12,480.67,system,NA,0.25,3.49,97.18,0.0,147.97,169.61,125.75
Negotiation_46,R4,2026-09-10T06:42:00.297327Z,behavior_monitor,17,316,673,932,877,512,640,649.01,198.36,482.87,system,NA,0.234,3.49,144.92,0.0,147.97,169.61,125.75
Negotiation_46,R4,2026-09-10T06:42:00.806638Z,behavior_monitor,17,269,757,932,877,461,709,674.17,197.66,500.39,system,NA,0.227,3.49,94.61,0.0,147.97,169.61,125.75
Negotiation_46,R4,2026-09-10T06:42:01.316531Z,behavior_monitor,17,262,861,932,877,410,779,670.21,169.14,531.14,system,NA,0.202,3.49,94.61,0.0,147.97,169.61,125.75
Negotiation_46,R4,2026-09-10T06:42:01.790616Z,flight_missed,17,234,953,932,877,362,847,702.76,165.8,571.54,system,NA,0.191,3.49,124.13,0.0,147.97,169.61,125.75
Negotiation_46,R4,2026-09-10T06:42:01.791787Z,flight_spawn,18,223,-20,932,877,362,847,1143.71,878.65,571.54,system,NA,0.434,2.83,135.0,0.0,147.97,169.61,125.75
Negotiation_46,R4,2026-09-10T06:42:03.783553Z,human_signal,18,127,263,937,823,250,692,984.58,445.93,699.05,human,your_turn,0.312,2.83,92.81,0.0,-90.0,130.47,-125.75
Negotiation_46,R4,2026-09-10T06:42:03.784254Z,behavior_monitor,18,127,263,937,823,250,692,984.58,445.93,699.05,system,NA,0.312,2.83,92.81,0.0,-90.0,130.47,-125.75
Negotiation_46,R4,2026-09-10T06:42:03.784768Z,human_signal,18,127,266,937,823,250,692,983.06,443.25,699.05,human,your_turn,0.311,2.83,118.75,0.0,-90.0,130.47,-125.75
Negotiation_46,R4,2026-09-10T06:42:04.073235Z,agent_signal,18,112,310,937,823,222,652,971.34,358.45,735.32,agent,i_can,0.27,2.83,93.27,0.0,-90.0,183.12,-115.56
Negotiation_46,R4,2026-09-10T06:42:04.296570Z,behavior_monitor,18,108,344,937,823,200,621,957.33,291.76,764.11,system,NA,0.234,2.83,122.5,0.0,-90.0,169.61,-125.75
Negotiation_46,R4,2026-09-10T06:42:04.806095Z,behavior_monitor,18,32,374,937,823,149,565,1009.86,223.99,828.7,system,NA,0.182,2.83,150.26,0.0,-90.0,99.11,180.0
Negotiation_46,R4,2026-09-10T06:42:05.315442Z,behavior_monitor,18,42,424,937,823,100,565,979.95,151.88,876.18,system,NA,0.134,2.03,91.51,0.0,-90.0,99.11,180.0
Negotiation_46,R4,2026-09-10T06:42:05.825811Z,behavior_monitor,18,42,485,937,823,49,565,956.28,79.67,924.6,system,NA,0.077,2.03,91.51,0.0,-90.0,99.11,180.0
Negotiation_46,R4,2026-09-10T06:42:06.235342Z,shot_miss,18,21,529,937,823,20,565,961.57,35.9,952.97,agent,NA,0.036,2.03,139.83,0.0,-90.0,0.0,180.0
Negotiation_46,R4,2026-09-10T06:42:06.338674Z,behavior_monitor,18,21,536,937,823,20,565,959.34,28.87,952.97,system,NA,0.029,1.61,74.74,0.0,-90.0,0.0,180.0
Negotiation_46,R4,2026-09-10T06:42:06.576557Z,shot_hit,18,33,556,937,823,20,565,942.59,16.24,952.97,agent,NA,0.017,1.61,51.06,0.0,-90.0,0.0,90.0
Negotiation_46,R4,2026-09-10T06:42:06.577752Z,flight_spawn,19,680,-20,937,823,20,565,881.61,883.06,952.97,system,NA,0.5,3.58,123.91,0.0,-90.0,0.0,90.0
Negotiation_46,R4,2026-09-10T06:42:07.836582Z,human_signal,19,487,134,937,823,95,565,822.4,582.93,880.71,human,your_turn,0.415,3.58,145.08,0.0,-90.0,76.24,0.0
Negotiation_46,R4,2026-09-10T06:42:07.837313Z,behavior_monitor,19,487,134,937,823,95,565,822.4,582.93,880.71,system,NA,0.415,3.58,145.08,0.0,-90.0,76.24,0.0
Negotiation_46,R4,2026-09-10T06:42:07.837964Z,human_signal,19,484,136,937,823,95,565,822.35,579.37,880.71,human,your_turn,0.413,3.58,145.08,0.0,-90.0,76.24,0.0
Negotiation_46,R4,2026-09-10T06:42:08.345683Z,behavior_monitor,19,432,222,937,823,145,565,785.36,447.04,832.61,system,NA,0.363,3.58,144.39,0.0,-90.0,99.11,0.0
Negotiation_46,R4,2026-09-10T06:42:08.856092Z,behavior_monitor,19,326,243,937,823,196,565,842.56,348.11,784.4,system,NA,0.292,3.58,172.39,0.0,-90.0,99.11,0.0
Negotiation_46,R4,2026-09-10T06:42:09.368556Z,behavior_monitor,19,232,284,937,823,223,565,887.38,281.51,758.99,system,NA,0.241,3.58,170.48,0.0,-90.0,99.11,180.0
Negotiation_46,R4,2026-09-10T06:42:09.879021Z,behavior_monitor,19,131,317,937,823,172,565,951.51,252.15,806.71,system,NA,0.209,3.58,136.9,0.0,-90.0,99.11,180.0
Negotiation_46,R4,2026-09-10T06:42:10.390929Z,behavior_monitor,19,96,408,937,823,121,566,937.18,159.24,855.08,system,NA,0.145,3.58,62.39,0.0,-90.0,99.11,180.0
Negotiation_46,R4,2026-09-10T06:42:10.578022Z,agent_signal,19,108,449,937,823,103,566,909.84,116.95,872.77,agent,i_can,0.114,3.58,88.05,0.0,-90.0,99.11,180.0
Negotiation_46,R4,2026-09-10T06:42:10.902576Z,behavior_monitor,19,122,510,937,823,98,565,872.82,59.73,877.48,system,NA,0.064,3.58,85.95,0.0,-90.0,0.0,0.0
Negotiation_46,R4,2026-09-10T06:42:11.072112Z,shot_hit,19,113,547,937,823,96,565,869.11,24.51,879.42,agent,NA,0.027,3.58,113.75,0.0,-90.0,0.0,180.0
Negotiation_46,R4,2026-09-10T06:42:11.073233Z,flight_spawn,20,510,-20,937,823,96,565,945.25,717.57,879.42,system,NA,0.432,2.83,135.0,0.0,-90.0,0.0,180.0
Negotiation_46,R4,2026-09-10T06:42:12.008034Z,human_signal,20,419,95,937,823,136,566,893.0,548.92,840.84,human,your_turn,0.381,2.83,86.31,0.0,-90.0,76.24,0.0
Negotiation_46,R4,2026-09-10T06:42:12.008744Z,behavior_monitor,20,419,95,937,823,136,566,893.0,548.92,840.84,system,NA,0.381,2.83,86.31,0.0,-90.0,76.24,0.0
Negotiation_46,R4,2026-09-10T06:42:12.009365Z,human_signal,20,419,98,937,823,136,566,890.71,546.5,840.84,human,your_turn,0.38,2.83,86.31,0.0,-90.0,76.24,0.0
Negotiation_46,R4,2026-09-10T06:42:12.518095Z,behavior_monitor,20,369,156,937,823,187,565,875.78,447.57,792.54,system,NA,0.338,2.83,150.83,0.0,-90.0,99.11,0.0
Negotiation_46,R4,2026-09-10T06:42:13.028702Z,behavior_monitor,20,301,188,937,823,238,566,898.8,382.77,745.12,system,NA,0.299,2.83,174.52,0.0,-90.0,99.11,0.0
Negotiation_46,R4,2026-09-10T06:42:13.539344Z,behavior_monitor,20,217,207,937,823,220,565,947.48,358.01,762.24,system,NA,0.274,2.83,147.98,0.0,-90.0,99.11,180.0
Negotiation_46,R4,2026-09-10T06:42:14.049661Z,behavior_monitor,20,192,284,937,823,174,566,919.61,282.53,805.2,system,NA,0.235,2.83,124.54,0.0,-90.0,0.0,180.0
Negotiation_46,R4,2026-09-10T06:42:14.560181Z,behavior_monitor,20,148,352,937,823,130,566,919.38,214.64,846.96,system,NA,0.189,2.83,95.83,0.0,-90.0,31.12,-145.94
Negotiation_46,R4,2026-09-10T06:42:14.851148Z,agent_signal,20,142,402,937,823,124,566,899.62,164.55,852.28,agent,i_can,0.155,2.83,95.83,0.0,-90.0,99.11,180.0
Negotiation_46,R4,2026-09-10T06:42:15.072751Z,behavior_monitor,20,127,430,937,823,114,565,900.46,135.85,862.09,system,NA,0.131,2.83,119.03,0.0,-90.0,93.6,180.0
Negotiation_46,R4,2026-09-10T06:42:15.583768Z,behavior_monitor,20,92,507,937,823,74,565,902.16,60.92,901.2,system,NA,0.063,2.83,85.09,0.0,-90.0,0.0,180.0
Negotiation_46,R4,2026-09-10T06:42:15.805749Z,shot_hit,20,98,546,937,823,75,565,883.23,29.57,899.59,agent,NA,0.032,2.83,85.09,0.0,-90.0,0.0,0.0
Negotiation_46,R5,2026-09-10T06:43:11.581032Z,flight_spawn,1,340,-20,937,823,75,565,1033.43,642.13,899.59,system,NA,0.383,3.52,55.4,0.0,-90.0,0.0,0.0
Negotiation_46,R5,2026-09-10T06:43:17.599527Z,human_signal,1,713,415,1085,765,564,565,510.9,211.61,558.15,human,your_turn,0.293,3.52,32.95,0.0,90.0,76.24,0.0
Negotiation_46,R5,2026-09-10T06:43:17.599998Z,behavior_monitor,1,713,415,1085,765,564,565,510.9,211.61,558.15,system,NA,0.293,3.52,32.95,0.0,90.0,76.24,0.0
Negotiation_46,R5,2026-09-10T06:43:17.600220Z,human_signal,1,716,417,1085,765,564,565,507.77,212.03,558.15,human,your_turn,0.295,3.52,5.6,0.0,90.0,76.24,0.0
Negotiation_46,R5,2026-09-10T06:43:17.718880Z,agent_signal,1,742,419,1086,765,577,565,487.75,220.33,547.48,agent,i_can,0.311,3.52,5.6,0.0,90.0,99.11,0.0
Negotiation_46,R5,2026-09-10T06:43:18.111431Z,behavior_monitor,1,820,427,1123,788,616,565,471.73,246.24,554.13,system,NA,0.343,3.52,27.55,139.01,32.42,99.11,0.0
Negotiation_46,R5,2026-09-10T06:43:18.620312Z,behavior_monitor,1,909,484,1183,826,666,564,438.22,255.81,579.71,system,NA,0.369,3.52,54.94,139.64,32.37,99.11,0.0
Negotiation_46,R5,2026-09-10T06:43:19.133224Z,behavior_monitor,1,965,566,1155,864,716,564,353.63,248.74,531.76,system,NA,0.413,3.52,25.35,137.25,156.3,89.52,9.44
Negotiation_46,R5,2026-09-10T06:43:19.219173Z,human_signal,1,985,575,1143,870,725,569,334.1,259.94,514.75,human,i_can,0.438,3.52,25.35,137.26,157.38,169.61,54.25
Negotiation_46,R5,2026-09-10T06:43:19.644746Z,behavior_monitor,1,1065,600,1090,888,749,592,288.95,316.33,451.64,system,NA,0.523,3.52,28.3,133.72,165.42,97.85,54.25
Negotiation_46,R5,2026-09-10T06:43:20.018716Z,agent_signal,1,1104,665,1104,885,769,619,219.43,339.0,427.92,agent,your_turn,0.607,3.52,71.0,145.83,-33.03,17.28,-83.35
Negotiation_46,R5,2026-09-10T06:43:20.153349Z,behavior_monitor,1,1112,688,1111,868,776,629,180.03,340.72,411.15,system,NA,0.654,3.52,93.1,129.41,-90.0,97.85,54.25
Negotiation_46,R5,2026-09-10T06:43:20.663906Z,behavior_monitor,1,1113,793,1112,802,806,670,9.22,330.9,333.61,system,NA,0.973,3.52,64.85,129.41,-90.0,97.85,54.25
Negotiation_46,R5,2026-09-10T06:43:20.715610Z,shot_hit,1,1118,803,1112,796,809,674,9.12,334.89,326.81,human,NA,0.973,3.52,64.85,129.41,-90.0,97.85,54.25
Negotiation_46,R5,2026-09-10T06:43:20.716114Z,flight_spawn,2,744,-20,1112,796,809,674,895.43,697.39,326.81,system,NA,0.438,2.83,45.0,129.41,-90.0,97.85,54.25
Negotiation_46,R5,2026-09-10T06:43:23.240182Z,human_signal,2,1002,256,1139,822,936,566,582.14,316.61,326.84,human,your_turn,0.352,2.83,103.22,72.1,90.0,76.24,0.0
Negotiation_46,R5,2026-09-10T06:43:23.240897Z,behavior_monitor,2,1002,256,1139,822,936,566,582.14,316.61,326.84,system,NA,0.352,2.83,103.22,41.39,90.0,76.24,0.0
Negotiation_46,R5,2026-09-10T06:43:23.241307Z,human_signal,2,1001,259,1139,822,936,566,580.13,313.89,327.35,human,your_turn,0.351,2.83,132.1,41.39,90.0,76.24,0.0
Negotiation_46,R5,2026-09-10T06:43:23.633917Z,agent_signal,2,964,311,1139,825,948,565,542.65,253.77,323.32,agent,i_can,0.319,2.83,107.88,0.0,90.0,99.11,180.0
Negotiation_46,R5,2026-09-10T06:43:23.752208Z,behavior_monitor,2,958,327,1139,825,941,565,530.06,238.25,327.37,system,NA,0.31,2.83,131.43,0.0,90.0,99.11,180.0
Negotiation_46,R5,2026-09-10T06:43:24.263710Z,behavior_monitor,2,913,396,1124,825,897,565,478.66,170.15,345.07,system,NA,0.262,2.83,132.28,0.0,180.0,99.11,180.0
Negotiation_46,R5,2026-09-10T06:43:24.773904Z,behavior_monitor,2,861,461,1124,825,850,565,449.34,105.25,377.9,system,NA,0.19,2.83,156.2,0.0,180.0,99.11,180.0
Negotiation_46,R5,2026-09-10T06:43:25.285248Z,behavior_monitor,2,802,513,1124,825,799,565,448.11,51.97,416.31,system,NA,0.104,2.83,104.99,0.0,180.0,99.11,180.0
Negotiation_46,R5,2026-09-10T06:43:25.508460Z,shot_hit,2,790,552,1124,825,775,565,431.58,20.22,434.99,agent,NA,0.045,2.83,104.99,0.0,180.0,99.11,180.0
Negotiation_46,R5,2026-09-10T06:43:25.509570Z,flight_spawn,3,847,-20,1124,825,775,565,889.58,590.04,434.99,system,NA,0.399,2.83,45.0,0.0,180.0,99.11,180.0
Negotiation_46,R5,2026-09-10T06:43:28.522333Z,human_signal,3,1116,278,1193,825,973,565,552.22,320.98,340.1,human,your_turn,0.368,2.83,53.85,0.0,0.0,76.24,0.0
Negotiation_46,R5,2026-09-10T06:43:28.523380Z,behavior_monitor,3,1116,278,1193,825,973,565,552.22,320.98,340.1,system,NA,0.368,2.83,53.85,0.0,0.0,76.24,0.0
Negotiation_46,R5,2026-09-10T06:43:28.523828Z,human_signal,3,1118,280,1193,825,973,565,549.65,319.94,340.1,human,your_turn,0.368,2.83,53.85,0.0,0.0,76.24,0.0
Negotiation_46,R5,2026-09-10T06:43:29.031189Z,behavior_monitor,3,1170,347,1193,825,1024,565,478.85,263.46,309.82,system,NA,0.355,2.83,53.85,0.0,0.0,99.11,0.0
Negotiation_46,R5,2026-09-10T06:43:29.099906Z,agent_signal,3,1178,358,1193,825,1030,565,467.12,254.8,306.19,agent,i_can,0.353,2.83,53.85,0.0,0.0,99.11,0.0
Negotiation_46,R5,2026-09-10T06:43:29.541259Z,behavior_monitor,3,1203,422,1193,825,1074,565,403.33,192.96,285.34,system,NA,0.324,2.83,55.67,0.0,0.0,99.11,0.0
Negotiation_46,R5,2026-09-10T06:43:30.051973Z,behavior_monitor,3,1255,492,1148,834,1125,565,359.07,150.16,269.73,system,NA,0.295,2.83,55.67,126.96,164.3,93.6,0.0
Negotiation_46,R5,2026-09-10T06:43:30.562545Z,behavior_monitor,3,1310,557,1082,837,1175,565,361.07,135.26,286.78,system,NA,0.273,2.83,29.29,129.41,180.0,99.11,0.0
Negotiation_46,R5,2026-09-10T06:43:31.073375Z,behavior_monitor,3,1384,590,1071,866,1226,586,417.16,158.31,319.69,system,NA,0.275,2.83,28.67,129.41,0.0,169.61,54.25
Negotiation_46,R5,2026-09-10T06:43:31.582145Z,behavior_monitor,3,1420,663,1137,854,1277,652,341.97,143.65,246.33,system,NA,0.296,2.83,85.32,134.8,-16.26,169.61,54.25
Negotiation_46,R5,2026-09-10T06:43:32.093273Z,behavior_monitor,3,1407,744,1127,854,1327,721,300.97,83.58,239.73,system,NA,0.217,2.83,112.49,129.41,180.0,169.61,54.25
Negotiation_46,R5,2026-09-10T06:43:32.502574Z,shot_hit,3,1370,804,1072,854,1355,781,301.98,27.99,292.46,agent,NA,0.085,2.83,165.81,129.41,180.0,169.61,125.75
Negotiation_46,R5,2026-09-10T06:43:32.503599Z,flight_spawn,4,1002,-20,1072,854,1355,781,877.01,875.5,292.46,system,NA,0.5,3.58,123.99,129.41,180.0,169.61,125.75
Negotiation_46,R5,2026-09-10T06:43:34.362506Z,human_signal,4,784,295,832,854,1237,616,560.75,555.12,469.09,human,i_can,0.497,3.58,105.21,129.41,180.0,130.47,-125.75
Negotiation_46,R5,2026-09-10T06:43:34.379649Z,behavior_monitor,4,784,295,832,854,1236,615,560.75,553.54,468.94,system,NA,0.497,3.58,105.21,129.41,180.0,97.85,-125.75
Negotiation_46,R5,2026-09-10T06:43:34.889043Z,behavior_monitor,4,741,390,766,854,1206,575,464.37,501.01,521.03,system,NA,0.519,3.58,123.6,129.41,180.0,97.85,-125.75
Negotiation_46,R5,2026-09-10T06:43:35.399261Z,behavior_monitor,4,671,470,700,854,1193,565,384.53,530.07,570.78,system,NA,0.58,3.58,146.73,129.41,180.0,0.0,-70.28
Negotiation_46,R5,2026-09-10T06:43:35.875076Z,agent_signal,4,586,524,637,854,1174,565,333.95,589.72,610.49,agent,your_turn,0.638,3.58,169.29,129.41,180.0,76.24,180.0
Negotiation_46,R5,2026-09-10T06:43:35.909216Z,behavior_monitor,4,583,524,634,854,1172,565,333.46,591.08,610.72,system,NA,0.639,3.58,169.29,129.41,180.0,57.18,180.0
Negotiation_46,R5,2026-09-10T06:43:36.418913Z,behavior_monitor,4,479,545,568,854,1143,564,321.7,664.21,643.4,system,NA,0.674,3.58,162.03,129.41,180.0,57.18,180.0
Negotiation_46,R5,2026-09-10T06:43:36.928486Z,behavior_monitor,4,369,566,502,854,1131,565,317.62,761.81,691.59,system,NA,0.706,3.58,172.11,129.41,180.0,0.0,180.0
Negotiation_46,R5,2026-09-10T06:43:37.438483Z,behavior_monitor,4,271,609,436,854,1131,564,295.8,861.07,752.14,system,NA,0.744,3.58,152.94,129.41,180.0,0.0,-87.36
Negotiation_46,R5,2026-09-10T06:43:37.950790Z,behavior_monitor,4,168,634,370,854,1100,608,299.08,932.29,769.68,system,NA,0.757,3.58,144.06,129.41,180.0,130.47,125.75
Negotiation_46,R5,2026-09-10T06:43:38.460829Z,behavior_monitor,4,69,674,304,858,1060,663,298.73,990.94,780.56,system,NA,0.768,3.58,149.05,136.43,161.55,130.47,125.75
Negotiation_46,R5,2026-09-10T06:43:38.970407Z,behavior_monitor,4,40,744,238,885,1021,716,243.02,981.55,800.7,system,NA,0.802,3.14,44.42,133.67,165.5,130.47,125.75
Negotiation_46,R5,2026-09-10T06:43:39.479257Z,behavior_monitor,4,124,780,172,885,1004,739,115.98,881.05,844.57,system,NA,0.884,3.14,27.96,129.41,180.0,0.0,125.75
Negotiation_46,R5,2026-09-10T06:43:39.990436Z,behavior_monitor,4,214,804,154,885,976,779,100.7,761.93,828.11,system,NA,0.883,3.14,6.31,138.94,-39.05,130.47,125.75
Negotiation_46,R5,2026-09-10T06:43:40.500212Z,behavior_monitor,4,309,822,215,848,936,817,98.29,626.61,721.86,system,NA,0.864,3.14,8.45,134.37,-15.62,76.24,180.0
Negotiation_46,R5,2026-09-10T06:43:41.879854Z,flight_missed,4,512,952,368,865,830,910,168.31,320.92,464.19,system,NA,0.656,3.14,100.78,0.0,0.0,76.24,180.0
Negotiation_46,R5,2026-09-10T06:43:41.880822Z,flight_spawn,5,857,-20,368,865,830,910,1011.21,930.37,464.19,system,NA,0.479,3.41,54.03,0.0,0.0,76.24,180.0
Negotiation_46,R5,2026-09-10T06:43:44.506179Z,agent_signal,5,1189,338,553,709,1010,662,735.54,370.09,458.66,agent,i_can,0.335,3.41,69.96,0.0,0.0,130.47,-54.25
Negotiation_46,R5,2026-09-10T06:43:44.522354Z,behavior_monitor,5,1189,338,553,709,1011,660,735.54,367.22,460.58,system,NA,0.333,3.41,69.96,0.0,0.0,169.61,-54.25
Negotiation_46,R5,2026-09-10T06:43:44.591369Z,human_signal,5,1194,351,553,709,1018,650,733.66,347.18,468.35,human,your_turn,0.321,3.41,69.96,0.0,0.0,169.61,-54.25
Negotiation_46,R5,2026-09-10T06:43:44.591880Z,human_signal,5,1195,354,553,709,1018,650,733.1,345.0,468.35,human,your_turn,0.32,3.41,69.96,0.0,0.0,169.61,-54.25
Negotiation_46,R5,2026-09-10T06:43:45.034399Z,behavior_monitor,5,1226,434,553,709,1062,589,726.8,226.22,522.28,system,NA,0.237,3.41,69.96,0.0,0.0,169.61,-54.25
Negotiation_46,R5,2026-09-10T06:43:45.545874Z,behavior_monitor,5,1210,530,553,709,1113,566,680.41,102.95,577.97,system,NA,0.131,3.41,126.16,0.0,0.0,99.11,0.0
Negotiation_46,R5,2026-09-10T06:43:45.990014Z,shot_hit,5,1167,611,553,709,1150,593,621.93,24.63,607.63,agent,NA,0.038,3.41,105.75,0.0,0.0,137.65,90.0
Negotiation_46,R5,2026-09-10T06:43:45.991165Z,flight_spawn,6,1004,-20,553,709,1150,593,857.16,630.98,607.63,system,NA,0.424,3.22,51.54,0.0,0.0,137.65,90.0
Negotiation_46,R5,2026-09-10T06:43:47.694975Z,human_signal,6,805,181,492,709,1041,566,613.1,452.0,567.6,human,i_can,0.424,3.22,156.56,0.0,180.0,76.24,180.0
Negotiation_46,R5,2026-09-10T06:43:47.712059Z,behavior_monitor,6,805,181,492,709,1040,566,613.1,451.23,566.31,system,NA,0.424,3.22,156.56,0.0,180.0,79.74,-176.53
Negotiation_46,R5,2026-09-10T06:43:48.226589Z,behavior_monitor,6,712,196,459,709,1011,565,571.89,475.39,569.88,system,NA,0.454,3.22,174.82,129.41,180.0,57.18,180.0
Negotiation_46,R5,2026-09-10T06:43:48.740955Z,behavior_monitor,6,615,210,393,702,998,565,540.08,522.71,620.09,system,NA,0.492,3.22,141.12,133.79,-165.3,0.0,141.11
Negotiation_46,R5,2026-09-10T06:43:49.251081Z,behavior_monitor,6,536,270,329,676,982,565,455.16,534.81,662.49,system,NA,0.54,3.22,141.12,130.96,-151.69,72.0,180.0
Negotiation_46,R5,2026-09-10T06:43:49.763672Z,behavior_monitor,6,466,331,298,650,943,566,360.11,532.17,650.33,system,NA,0.596,3.22,143.58,45.14,-90.0,87.97,165.48
Negotiation_46,R5,2026-09-10T06:43:50.240775Z,agent_signal,6,373,348,332,604,906,567,259.17,575.95,575.77,agent,your_turn,0.69,3.22,173.31,135.48,-72.78,76.24,180.0
Negotiation_46,R5,2026-09-10T06:43:50.276173Z,behavior_monitor,6,370,349,333,602,904,567,256.08,576.72,573.04,system,NA,0.693,3.22,173.31,134.96,-73.52,57.18,180.0
Negotiation_46,R5,2026-09-10T06:43:50.788356Z,behavior_monitor,6,283,385,311,545,875,566,162.71,618.81,563.9,system,NA,0.792,3.22,153.11,125.46,-154.22,54.0,180.0
Negotiation_46,R5,2026-09-10T06:43:51.298905Z,behavior_monitor,6,203,427,245,538,863,566,119.28,674.15,618.34,system,NA,0.85,3.22,147.32,129.41,180.0,0.0,-9.52
Negotiation_46,R5,2026-09-10T06:43:51.812428Z,behavior_monitor,6,120,466,183,558,863,565,111.8,750.35,680.65,system,NA,0.87,3.22,151.21,139.28,138.98,0.0,-30.62
Negotiation_46,R5,2026-09-10T06:43:52.315361Z,behavior_monitor,6,88,528,138,586,843,565,76.35,755.68,705.3,system,NA,0.908,3.22,106.31,135.73,155.33,76.24,180.0
Negotiation_46,R5,2026-09-10T06:43:52.704553Z,shot_hit,6,65,599,89,608,813,583,26.25,748.51,724.36,human,NA,0.966,3.22,110.59,135.87,155.44,130.47,125.75
Negotiation_46,R5,2026-09-10T06:43:52.704957Z,flight_spawn,7,403,-20,89,608,813,583,702.74,729.44,724.36,system,NA,0.509,3.45,54.61,135.87,155.44,130.47,125.75
Negotiation_46,R5,2026-09-10T06:43:54.020892Z,human_signal,7,637,103,83,634,743,566,767.05,475.4,663.54,human,your_turn,0.383,3.45,13.33,0.0,0.0,108.54,-166.95
Negotiation_46,R5,2026-09-10T06:43:54.021544Z,behavior_monitor,7,637,103,83,634,743,566,767.05,475.4,663.54,system,NA,0.383,3.45,13.33,0.0,0.0,76.24,180.0
Negotiation_46,R5,2026-09-10T06:43:54.021858Z,human_signal,7,640,104,83,634,743,566,769.13,473.82,663.54,human,your_turn,0.381,3.45,13.33,0.0,0.0,76.24,180.0
Negotiation_46,R5,2026-09-10T06:43:54.531553Z,behavior_monitor,7,727,154,83,634,703,566,802.69,412.91,623.33,system,NA,0.34,3.45,15.51,0.0,0.0,99.11,0.0
Negotiation_46,R5,2026-09-10T06:43:54.582836Z,human_signal,7,738,157,83,634,707,566,810.05,410.14,628.16,human,your_turn,0.336,3.45,15.51,0.0,0.0,99.11,0.0
Negotiation_46,R5,2026-09-10T06:43:54.583843Z,human_signal,7,741,158,83,634,707,566,812.16,409.47,628.16,human,your_turn,0.335,3.45,15.51,0.0,0.0,99.11,0.0
Negotiation_46,R5,2026-09-10T06:43:55.042429Z,behavior_monitor,7,807,210,83,634,752,565,839.18,359.33,672.76,system,NA,0.3,3.45,21.23,0.0,0.0,99.11,0.0
Negotiation_46,R5,2026-09-10T06:43:55.550888Z,behavior_monitor,7,896,257,106,634,803,564,874.81,321.52,699.7,system,NA,0.269,3.45,43.91,129.41,0.0,107.73,-10.89
Negotiation_46,R5,2026-09-10T06:43:56.061627Z,behavior_monitor,7,987,307,172,634,853,564,877.57,289.9,684.32,system,NA,0.248,3.45,62.39,129.41,0.0,99.11,0.0
Negotiation_46,R5,2026-09-10T06:43:56.180712Z,agent_signal,7,993,333,190,634,865,564,857.07,264.05,678.58,agent,i_can,0.236,3.45,92.3,129.41,0.0,99.11,0.0
Negotiation_46,R5,2026-09-10T06:43:56.571216Z,behavior_monitor,7,959,402,199,634,904,564,794.45,171.21,708.55,system,NA,0.177,3.45,117.03,0.0,0.0,99.11,0.0
Negotiation_46,R5,2026-09-10T06:43:57.082150Z,behavior_monitor,7,945,499,199,634,922,564,757.91,68.87,726.59,system,NA,0.083,3.45,70.07,0.0,0.0,99.11,0.0
Negotiation_46,R5,2026-09-10T06:43:57.285733Z,shot_hit,7,928,538,199,634,912,564,735.5,30.93,716.52,agent,NA,0.04,3.45,125.59,0.0,0.0,99.11,180.0
Negotiation_46,R5,2026-09-10T06:43:57.286641Z,flight_spawn,8,1423,-20,199,634,912,564,1387.66,776.49,716.52,system,NA,0.359,2.83,135.0,0.0,0.0,99.11,180.0
Negotiation_46,R5,2026-09-10T06:44:01.056241Z,agent_signal,8,959,325,349,650,997,564,690.96,241.71,653.77,agent,i_can,0.259,2.83,103.86,0.0,0.0,76.24,180.0
Negotiation_46,R5,2026-09-10T06:44:01.072912Z,behavior_monitor,8,959,325,349,650,996,564,690.96,241.45,652.1,system,NA,0.259,2.83,103.86,0.0,0.0,99.11,180.0
Negotiation_46,R5,2026-09-10T06:44:01.583508Z,behavior_monitor,8,960,408,349,650,945,563,657.03,156.05,602.07,system,NA,0.192,2.83,80.15,0.0,0.0,99.11,180.0
Negotiation_46,R5,2026-09-10T06:44:02.093993Z,behavior_monitor,8,1008,480,345,650,984,563,684.38,86.59,644.87,system,NA,0.112,2.83,57.06,0.0,180.0,99.11,0.0
Negotiation_46,R5,2026-09-10T06:44:02.588056Z,shot_hit,8,1037,557,345,650,1014,563,698.59,23.97,674.86,agent,NA,0.033,2.83,81.76,0.0,180.0,0.0,0.0
Negotiation_46,R5,2026-09-10T06:44:02.589199Z,flight_spawn,9,1397,-20,345,650,1014,563,1247.57,698.11,674.86,system,NA,0.359,2.83,45.0,0.0,180.0,0.0,0.0
Negotiation_46,R5,2026-09-10T06:44:04.372221Z,human_signal,9,1317,151,345,650,1112,564,1092.39,460.41,772.31,human,your_turn,0.297,2.41,139.99,0.0,180.0,76.24,0.0
Negotiation_46,R5,2026-09-10T06:44:04.373638Z,behavior_monitor,9,1317,151,345,650,1112,564,1092.39,460.41,772.31,system,NA,0.297,2.41,139.99,0.0,180.0,76.24,0.0
Negotiation_46,R5,2026-09-10T06:44:04.374079Z,human_signal,9,1314,153,345,650,1112,564,1089.53,457.95,772.31,human,your_turn,0.296,2.41,139.99,0.0,180.0,76.24,0.0
Negotiation_46,R5,2026-09-10T06:44:04.884475Z,behavior_monitor,9,1276,209,345,650,1163,564,1030.69,372.43,822.69,system,NA,0.265,2.41,132.78,0.0,180.0,99.11,0.0
Negotiation_46,R5,2026-09-10T06:44:05.393620Z,behavior_monitor,9,1233,268,334,650,1212,564,977.37,296.29,882.57,system,NA,0.233,2.41,127.41,73.11,180.0,0.0,0.0
Negotiation_46,R5,2026-09-10T06:44:05.768362Z,agent_signal,9,1219,320,289,650,1202,564,986.17,244.64,916.67,agent,i_can,0.199,2.41,100.83,129.41,180.0,0.0,180.0
Negotiation_46,R5,2026-09-10T06:44:05.903625Z,behavior_monitor,9,1218,337,274,650,1200,564,994.71,228.21,930.22,system,NA,0.187,2.41,78.5,123.68,180.0,0.0,180.0
Negotiation_46,R5,2026-09-10T06:44:06.414840Z,behavior_monitor,9,1237,406,252,650,1214,564,1015.25,159.17,965.74,system,NA,0.136,2.41,100.88,0.0,180.0,0.0,0.0
Negotiation_46,R5,2026-09-10T06:44:06.925618Z,behavior_monitor,9,1257,472,252,650,1234,564,1021.22,95.31,986.16,system,NA,0.085,2.41,48.6,0.0,180.0,99.11,0.0
Negotiation_46,R5,2026-09-10T06:44:07.434737Z,behavior_monitor,9,1304,526,253,650,1281,564,1058.41,44.61,1031.5,system,NA,0.04,2.41,25.25,38.53,0.0,99.11,0.0
Negotiation_46,R5,2026-09-10T06:44:07.519645Z,shot_miss,9,1317,532,258,650,1291,564,1065.66,41.05,1036.91,agent,NA,0.037,2.41,25.25,48.32,0.0,99.11,0.0
Negotiation_46,R5,2026-09-10T06:44:07.843054Z,shot_miss,9,1362,551,281,650,1323,564,1084.71,40.42,1045.32,agent,NA,0.036,2.41,25.25,80.53,0.0,99.11,0.0
Negotiation_46,R5,2026-09-10T06:44:07.943447Z,behavior_monitor,9,1372,557,288,650,1331,564,1087.87,41.21,1046.84,system,NA,0.036,2.41,25.25,81.13,0.0,99.11,0.0
Negotiation_46,R5,2026-09-10T06:44:08.130758Z,shot_miss,9,1400,569,305,650,1352,564,1098.11,48.57,1050.31,agent,NA,0.042,2.41,25.25,81.51,0.0,93.77,7.05
Negotiation_46,R5,2026-09-10T06:44:08.454015Z,behavior_monitor,9,1439,587,333,650,1382,582,1108.43,57.67,1051.36,system,NA,0.049,2.41,25.25,129.41,0.0,99.11,0.0
Negotiation_46,R5,2026-09-10T06:44:08.963991Z,behavior_monitor,9,1413,595,394,680,1396,590,1022.25,18.22,1005.36,system,NA,0.018,1.45,172.17,140.39,38.83,99.11,180.0
Negotiation_46,R5,2026-09-10T06:44:09.474787Z,behavior_monitor,9,1372,605,445,730,1355,601,935.72,17.37,919.41,system,NA,0.018,1.45,173.79,139.66,46.27,169.61,125.75
Negotiation_46,R5,2026-09-10T06:44:09.868519Z,shot_hit,9,1337,609,484,771,1320,604,867.83,17.82,851.91,agent,NA,0.02,1.45,173.79,139.79,46.32,0.0,180.0
Negotiation_46,R5,2026-09-10T06:44:09.870573Z,flight_spawn,10,304,-20,484,771,1320,604,812.22,1192.39,851.91,system,NA,0.595,3.29,52.51,139.79,46.32,0.0,180.0
Negotiation_46,R5,2026-09-10T06:44:13.014245Z,human_signal,10,706,389,512,705,1105,566,371.41,436.63,609.01,human,your_turn,0.54,3.29,84.73,0.0,180.0,76.24,180.0
Negotiation_46,R5,2026-09-10T06:44:13.014829Z,behavior_monitor,10,706,389,512,705,1105,566,371.41,436.63,609.01,system,NA,0.54,3.29,84.73,0.0,180.0,76.24,180.0
Negotiation_46,R5,2026-09-10T06:44:13.015166Z,human_signal,10,707,392,512,705,1105,566,369.15,434.4,609.01,human,your_turn,0.541,3.29,84.73,0.0,180.0,76.24,180.0
Negotiation_46,R5,2026-09-10T06:44:13.524806Z,behavior_monitor,10,716,487,489,705,1055,566,314.56,348.68,582.73,system,NA,0.526,3.29,84.73,129.41,180.0,99.11,180.0
Negotiation_46,R5,2026-09-10T06:44:14.036405Z,behavior_monitor,10,718,582,423,705,1005,575,319.33,286.93,595.64,system,NA,0.473,3.29,117.93,129.41,180.0,169.61,125.75
Negotiation_46,R5,2026-09-10T06:44:14.546849Z,behavior_monitor,10,730,675,461,723,954,645,273.34,226.1,499.29,system,NA,0.453,3.29,68.01,134.5,15.81,169.61,125.75
Negotiation_46,R5,2026-09-10T06:44:14.598786Z,agent_signal,10,735,687,470,726,949,652,268.48,216.44,484.91,agent,i_can,0.446,3.29,68.01,134.65,16.04,169.61,125.75
Negotiation_46,R5,2026-09-10T06:44:14.649644Z,human_signal,10,739,696,476,728,944,659,264.1,208.71,472.63,human,i_can,0.441,3.29,68.01,134.86,16.35,169.61,125.75
Negotiation_46,R5,2026-09-10T06:44:15.058637Z,behavior_monitor,10,728,765,514,752,921,692,213.87,206.5,411.13,system,NA,0.491,3.29,151.42,87.86,149.95,97.85,125.75
Negotiation_46,R5,2026-09-10T06:44:15.143526Z,human_signal,10,714,773,504,754,916,698,211.45,215.18,416.23,human,your_turn,0.504,3.29,151.42,129.41,180.0,97.85,125.75
Negotiation_46,R5,2026-09-10T06:44:15.144258Z,human_signal,10,711,774,501,754,916,698,210.7,218.63,418.41,human,your_turn,0.509,3.29,151.42,129.41,180.0,97.85,125.75
Negotiation_46,R5,2026-09-10T06:44:15.297146Z,agent_signal,10,690,795,484,754,901,720,210.5,223.55,418.35,agent,your_turn,0.515,3.29,129.73,129.41,180.0,169.61,125.75
Negotiation_46,R5,2026-09-10T06:44:15.569140Z,behavior_monitor,10,656,833,449,754,885,741,222.23,246.97,437.11,system,NA,0.526,3.29,129.73,129.41,180.0,97.85,125.75
Negotiation_46,R5,2026-09-10T06:44:16.079483Z,behavior_monitor,10,607,915,433,796,857,781,209.92,283.98,424.1,system,NA,0.575,3.29,134.45,139.67,63.61,0.0,125.75
Negotiation_46,R5,2026-09-10T06:44:16.080649Z,human_signal,10,604,917,434,798,857,781,207.07,287.34,423.11,human,i_can,0.581,3.29,134.45,139.67,63.61,0.0,125.75
Negotiation_46,R5,2026-09-10T06:44:16.334718Z,flight_missed,10,570,952,448,831,842,803,171.84,310.16,394.55,system,NA,0.643,3.29,157.09,137.24,70.55,97.85,125.75
Negotiation_46,R5,2026-09-10T06:44:16.335918Z,flight_spawn,11,1122,-20,448,831,842,803,1086.08,869.85,394.55,system,NA,0.445,3.29,127.5,137.24,70.55,97.85,125.75
Negotiation_46,R5,2026-09-10T06:44:17.728064Z,human_signal,11,1022,219,356,795,924,687,880.56,478.78,577.97,human,your_turn,0.352,3.29,119.25,0.0,-90.0,130.47,-54.25
Negotiation_46,R5,2026-09-10T06:44:17.728332Z,behavior_monitor,11,1022,219,356,795,924,687,880.56,478.78,577.97,system,NA,0.352,3.29,119.25,0.0,-90.0,130.47,-54.25
Negotiation_46,R5,2026-09-10T06:44:17.728476Z,human_signal,11,1020,222,356,795,924,687,877.62,475.69,577.97,human,your_turn,0.352,3.29,119.25,0.0,-90.0,130.47,-54.25
Negotiation_46,R5,2026-09-10T06:44:18.239468Z,behavior_monitor,11,989,309,356,793,966,617,796.56,309.0,634.88,system,NA,0.279,3.29,97.14,55.51,-90.0,137.65,-90.0
Negotiation_46,R5,2026-09-10T06:44:18.748932Z,behavior_monitor,11,982,406,356,736,963,566,707.37,160.78,630.08,system,NA,0.185,3.29,100.11,129.41,-90.0,0.0,-90.0
Negotiation_46,R5,2026-09-10T06:44:18.919933Z,agent_signal,11,972,441,356,712,958,566,672.39,125.48,619.05,agent,i_can,0.157,3.29,127.87,129.41,-90.0,0.0,180.0
Negotiation_46,R5,2026-09-10T06:44:19.260180Z,behavior_monitor,11,942,494,356,670,926,565,611.79,72.99,578.93,system,NA,0.107,3.29,97.98,129.41,-90.0,0.0,180.0
Negotiation_46,R5,2026-09-10T06:44:19.584201Z,shot_hit,11,917,554,356,626,900,565,564.87,19.57,547.47,agent,NA,0.033,3.29,120.16,129.41,-90.0,99.11,180.0
Negotiation_46,R5,2026-09-10T06:44:19.584836Z,flight_spawn,12,535,-20,356,626,900,565,671.07,690.43,547.47,system,NA,0.507,3.18,128.99,129.41,-90.0,99.11,180.0
Negotiation_46,R5,2026-09-10T06:44:20.912468Z,human_signal,12,361,146,395,578,836,565,433.23,633.52,440.42,human,i_can,0.594,3.18,121.6,136.9,-160.97,0.0,180.0
Negotiation_46,R5,2026-09-10T06:44:20.929795Z,behavior_monitor,12,361,146,395,578,836,565,433.23,633.52,440.42,system,NA,0.594,3.18,121.6,129.07,-161.26,0.0,180.0
Negotiation_46,R5,2026-09-10T06:44:21.442317Z,behavior_monitor,12,350,240,335,572,825,565,332.19,575.76,489.6,system,NA,0.634,3.18,95.2,45.71,180.0,57.18,180.0
Negotiation_46,R5,2026-09-10T06:44:21.952178Z,behavior_monitor,12,336,334,333,572,812,566,238.34,529.84,479.55,system,NA,0.69,3.18,89.04,0.0,180.0,0.0,114.4
Negotiation_46,R5,2026-09-10T06:44:22.239250Z,agent_signal,12,332,390,313,572,812,565,183.33,511.75,499.08,agent,your_turn,0.736,3.18,116.22,129.41,180.0,0.0,-82.81
Negotiation_46,R5,2026-09-10T06:44:22.460309Z,behavior_monitor,12,328,427,307,572,800,565,146.4,491.61,492.55,system,NA,0.771,3.18,91.15,0.0,180.0,54.0,180.0
Negotiation_46,R5,2026-09-10T06:44:22.972690Z,behavior_monitor,12,381,502,317,572,772,565,95.25,395.63,454.36,system,NA,0.806,3.18,93.58,129.41,0.0,57.18,180.0
Negotiation_46,R5,2026-09-10T06:44:23.295666Z,shot_hit,12,361,557,359,572,771,565,15.4,409.33,411.6,human,NA,0.964,3.18,97.58,129.41,0.0,0.0,180.0
Negotiation_46,R5,2026-09-10T06:44:23.296760Z,flight_spawn,13,949,-20,359,572,771,565,836.45,612.6,411.6,system,NA,0.423,2.83,45.0,129.41,0.0,0.0,180.0
Negotiation_46,R5,2026-09-10T06:44:24.860774Z,human_signal,13,1137,130,412,572,859,565,848.88,515.72,447.49,human,your_turn,0.378,2.83,0.49,0.0,0.0,66.18,-13.83
Negotiation_46,R5,2026-09-10T06:44:24.861363Z,behavior_monitor,13,1137,130,412,572,859,565,848.88,515.72,447.49,system,NA,0.378,2.83,0.49,0.0,0.0,76.24,0.0
Negotiation_46,R5,2026-09-10T06:44:24.861646Z,human_signal,13,1140,130,412,572,859,565,851.54,517.39,447.49,human,your_turn,0.378,2.83,0.49,0.0,0.0,76.24,0.0
Negotiation_46,R5,2026-09-10T06:44:25.370534Z,behavior_monitor,13,1221,131,412,572,910,565,921.7,534.47,497.88,system,NA,0.367,2.83,0.49,0.0,0.0,92.66,11.21
Negotiation_46,R5,2026-09-10T06:44:25.878213Z,behavior_monitor,13,1298,146,412,572,960,566,983.46,538.88,548.53,system,NA,0.354,2.83,0.32,0.0,0.0,105.3,0.0
Negotiation_46,R5,2026-09-10T06:44:26.390954Z,behavior_monitor,13,1376,178,412,572,1011,566,1041.33,532.24,599.17,system,NA,0.338,2.83,22.87,0.0,0.0,99.11,0.0
Negotiation_46,R5,2026-09-10T06:44:26.903383Z,behavior_monitor,13,1450,207,412,572,1061,566,1100.17,528.63,649.48,system,NA,0.325,1.86,149.52,0.0,0.0,99.11,0.0
Negotiation_46,R5,2026-09-10T06:44:27.413311Z,behavior_monitor,13,1398,220,412,572,1111,565,1047.5,448.82,699.77,system,NA,0.3,1.86,171.03,0.0,0.0,99.11,0.0
Negotiation_46,R5,2026-09-10T06:44:27.926793Z,behavior_monitor,13,1346,230,412,572,1161,566,994.55,383.05,749.65,system,NA,0.278,1.86,166.5,0.0,0.0,99.11,0.0
Negotiation_46,R5,2026-09-10T06:44:28.436700Z,behavior_monitor,13,1294,254,412,572,1211,565,938.22,321.69,799.7,system,NA,0.255,1.86,140.84,0.0,0.0,99.11,0.0
Negotiation_46,R5,2026-09-10T06:44:28.946792Z,behavior_monitor,13,1262,295,412,572,1245,565,893.97,269.71,833.49,system,NA,0.232,1.86,120.36,0.0,0.0,0.0,0.0
Negotiation_46,R5,2026-09-10T06:44:29.456891Z,behavior_monitor,13,1244,345,412,572,1223,565,863.06,221.03,811.7,system,NA,0.204,1.86,64.29,0.0,0.0,0.0,59.18
Negotiation_46,R5,2026-09-10T06:44:29.473858Z,agent_signal,13,1246,348,412,572,1223,565,863.66,217.85,811.7,agent,i_can,0.201,1.86,64.29,0.0,0.0,0.0,59.18
Negotiation_46,R5,2026-09-10T06:44:29.964433Z,behavior_monitor,13,1273,395,412,572,1250,564,879.39,170.99,837.8,system,NA,0.163,1.86,64.29,0.0,0.0,0.0,0.0
Negotiation_46,R5,2026-09-10T06:44:30.477297Z,behavior_monitor,13,1298,445,412,572,1274,564,895.5,121.29,862.71,system,NA,0.119,1.86,64.29,0.0,0.0,0.0,0.0
Negotiation_46,R5,2026-09-10T06:44:30.989097Z,behavior_monitor,13,1324,495,412,572,1302,564,915.94,71.96,890.07,system,NA,0.073,1.86,64.29,0.0,0.0,99.11,0.0
Negotiation_46,R5,2026-09-10T06:44:31.279190Z,shot_miss,13,1341,524,412,572,1317,564,930.35,46.33,905.23,agent,NA,0.047,1.86,44.21,0.0,0.0,99.11,0.0
Negotiation_46,R5,2026-09-10T06:44:31.499865Z,behavior_monitor,13,1356,539,412,572,1334,564,945.15,33.04,922.08,system,NA,0.034,1.86,44.21,0.0,0.0,99.11,0.0
Negotiation_46,R5,2026-09-10T06:44:31.618899Z,shot_hit,13,1369,550,412,572,1346,564,957.61,27.27,933.87,agent,NA,0.028,1.86,44.21,0.0,0.0,99.11,0.0
Negotiation_46,R5,2026-09-10T06:44:31.620100Z,flight_spawn,14,683,-20,412,572,1346,564,651.76,883.35,933.87,system,NA,0.575,2.83,45.0,0.0,0.0,99.11,0.0
Negotiation_46,R5,2026-09-10T06:44:33.132028Z,human_signal,14,922,75,412,572,1290,564,712.09,612.1,877.91,human,your_turn,0.462,2.83,21.8,0.0,0.0,76.24,180.0
Negotiation_46,R5,2026-09-10T06:44:33.133115Z,behavior_monitor,14,922,75,412,572,1290,564,712.09,612.1,877.91,system,NA,0.462,2.83,21.8,0.0,0.0,76.24,180.0
Negotiation_46,R5,2026-09-10T06:44:33.133519Z,human_signal,14,924,76,412,572,1290,564,712.93,609.94,877.91,human,your_turn,0.461,2.83,21.8,0.0,0.0,76.24,180.0
Negotiation_46,R5,2026-09-10T06:44:33.644052Z,behavior_monitor,14,957,140,412,572,1239,564,695.78,508.98,827.16,system,NA,0.422,2.83,76.24,0.0,0.0,99.11,180.0
Negotiation_46,R5,2026-09-10T06:44:34.154157Z,behavior_monitor,14,952,223,412,572,1189,565,643.01,415.07,776.82,system,NA,0.392,2.83,79.6,0.0,0.0,99.11,180.0
Negotiation_46,R5,2026-09-10T06:44:34.662787Z,behavior_monitor,14,953,307,413,583,1138,565,606.93,317.79,726.0,system,NA,0.344,2.83,78.13,137.7,70.01,99.11,180.0
Negotiation_46,R5,2026-09-10T06:44:34.663534Z,agent_signal,14,954,309,413,585,1138,565,606.6,315.12,725.26,agent,i_can,0.342,2.83,78.13,137.7,70.01,99.11,180.0
Negotiation_46,R5,2026-09-10T06:44:35.174208Z,behavior_monitor,14,978,384,432,649,1088,565,607.03,210.88,661.45,system,NA,0.258,2.83,52.82,133.87,75.16,99.11,180.0
Negotiation_46,R5,2026-09-10T06:44:35.683684Z,behavior_monitor,14,1014,456,434,715,1038,564,635.82,111.22,622.68,system,NA,0.149,2.83,98.97,137.5,90.0,105.3,180.0
Negotiation_46,R5,2026-09-10T06:44:36.194762Z,behavior_monitor,14,977,530,459,779,987,565,574.37,36.55,569.37,system,NA,0.06,2.83,122.8,148.47,62.08,105.3,180.0
Negotiation_46,R5,2026-09-10T06:44:36.330086Z,shot_hit,14,965,551,469,798,972,565,553.87,15.46,554.34,agent,NA,0.027,2.83,122.8,139.54,64.15,99.11,180.0
Negotiation_46,R5,2026-09-10T06:44:36.330732Z,flight_spawn,15,776,-20,469,798,972,565,874.27,617.16,554.34,system,NA,0.414,3.28,127.61,139.54,64.15,99.11,180.0
Negotiation_46,R5,2026-09-10T06:44:37.761995Z,human_signal,15,525,73,483,842,921,564,770.02,630.16,518.74,human,i_can,0.45,3.28,150.4,0.0,-137.93,105.51,-164.12
Negotiation_46,R5,2026-09-10T06:44:37.778137Z,behavior_monitor,15,525,73,483,842,920,564,770.02,629.55,517.92,system,NA,0.45,3.28,150.4,0.0,-137.93,57.18,180.0
Negotiation_46,R5,2026-09-10T06:44:38.288477Z,behavior_monitor,15,431,89,464,814,891,564,725.64,660.8,494.87,system,NA,0.477,3.28,156.81,137.71,-127.14,57.18,180.0
Negotiation_46,R5,2026-09-10T06:44:38.799432Z,behavior_monitor,15,349,137,409,770,877,564,635.6,679.62,511.24,system,NA,0.517,3.28,132.55,138.67,-143.72,0.0,180.0
Negotiation_46,R5,2026-09-10T06:44:39.312904Z,behavior_monitor,15,259,167,349,735,876,564,575.21,734.0,554.02,system,NA,0.561,3.28,155.52,135.91,-151.61,76.24,180.0
Negotiation_46,R5,2026-09-10T06:44:39.822405Z,behavior_monitor,15,161,179,288,702,837,564,538.57,777.82,565.76,system,NA,0.591,3.28,152.1,135.91,-151.61,76.24,180.0
Negotiation_46,R5,2026-09-10T06:44:40.333547Z,behavior_monitor,15,70,216,225,674,798,564,483.49,807.01,583.46,system,NA,0.625,3.28,172.7,136.29,-157.66,76.24,180.0
Negotiation_46,R5,2026-09-10T06:44:40.844449Z,behavior_monitor,15,48,231,199,659,759,564,453.71,784.95,567.88,system,NA,0.634,1.99,40.63,0.0,-90.0,76.24,180.0
Negotiation_46,R5,2026-09-10T06:44:41.355067Z,behavior_monitor,15,93,270,203,618,719,564,365.19,692.02,519.41,system,NA,0.655,1.99,40.63,133.84,-75.22,76.24,180.0
Negotiation_46,R5,2026-09-10T06:44:41.865483Z,behavior_monitor,15,141,309,221,552,680,564,255.96,596.68,460.12,system,NA,0.7,1.99,40.63,133.94,-75.06,76.24,180.0
Negotiation_46,R5,2026-09-10T06:44:41.899364Z,agent_signal,15,146,313,222,546,678,564,244.91,588.53,456.61,agent,your_turn,0.706,1.99,40.63,133.64,-75.54,76.24,180.0
Negotiation_46,R5,2026-09-10T06:44:42.375399Z,behavior_monitor,15,184,349,222,486,651,564,141.73,513.4,435.98,system,NA,0.784,1.99,67.93,129.41,-90.0,57.18,180.0
Negotiation_46,R5,2026-09-10T06:44:42.885410Z,behavior_monitor,15,172,407,202,432,634,564,39.6,488.16,451.53,system,NA,0.925,1.99,117.88,129.41,180.0,0.0,93.22
Negotiation_46,R5,2026-09-10T06:44:42.971054Z,shot_miss,15,167,415,191,432,634,564,29.18,489.82,462.06,human,NA,0.944,1.99,117.88,129.41,180.0,0.0,93.22
Negotiation_46,R5,2026-09-10T06:44:43.363403Z,shot_hit,15,129,440,141,432,634,564,14.28,520.31,510.76,human,NA,0.973,1.99,167.04,122.22,180.0,0.0,93.22
Negotiation_46,R5,2026-09-10T06:44:43.364530Z,flight_spawn,16,1224,-20,141,432,634,564,1173.94,830.41,510.76,system,NA,0.414,3.56,55.84,122.22,180.0,0.0,93.22
Negotiation_46,R5,2026-09-10T06:44:44.418330Z,human_signal,16,1392,84,121,547,695,564,1352.99,846.53,574.12,human,your_turn,0.385,3.56,2.27,138.79,44.24,76.24,0.0
Negotiation_46,R5,2026-09-10T06:44:44.419490Z,behavior_monitor,16,1392,84,121,547,695,564,1352.99,846.53,574.12,system,NA,0.385,3.56,2.27,138.79,44.24,76.24,0.0
Negotiation_46,R5,2026-09-10T06:44:44.419942Z,human_signal,16,1396,84,123,549,695,564,1354.93,849.1,572.38,human,your_turn,0.385,3.56,2.27,138.79,44.24,76.24,0.0
Negotiation_46,R5,2026-09-10T06:44:44.930290Z,behavior_monitor,16,1433,135,171,581,746,564,1338.99,810.67,575.02,system,NA,0.377,2.8,126.03,134.9,22.46,99.11,0.0
Negotiation_46,R5,2026-09-10T06:44:45.439701Z,behavior_monitor,16,1433,210,235,607,796,564,1261.8,728.35,562.53,system,NA,0.366,2.8,92.86,135.89,22.05,99.11,0.0
Negotiation_46,R5,2026-09-10T06:44:45.949748Z,behavior_monitor,16,1430,294,299,633,846,564,1180.68,643.06,551.42,system,NA,0.353,2.8,92.86,135.89,22.05,99.11,0.0
Negotiation_46,R5,2026-09-10T06:44:46.035529Z,agent_signal,16,1429,311,312,639,855,564,1163.81,627.29,547.72,agent,i_can,0.35,2.8,92.86,135.89,22.05,99.11,0.0
Negotiation_46,R5,2026-09-10T06:44:46.462857Z,behavior_monitor,16,1431,378,363,659,897,564,1103.69,565.27,541.83,system,NA,0.339,2.8,67.46,135.89,22.05,99.11,0.0
Negotiation_46,R5,2026-09-10T06:44:46.973426Z,behavior_monitor,16,1448,456,428,685,948,563,1045.9,511.72,534.24,system,NA,0.329,2.6,94.91,135.89,22.05,124.44,-11.79
Negotiation_46,R5,2026-09-10T06:44:47.483110Z,behavior_monitor,16,1436,528,492,711,998,563,962.04,439.42,527.64,system,NA,0.314,2.45,127.6,135.89,22.05,99.11,0.0
Negotiation_46,R5,2026-09-10T06:44:47.993890Z,behavior_monitor,16,1378,569,524,724,1049,563,868.06,329.14,549.18,system,NA,0.275,2.45,156.26,0.0,22.58,99.11,0.0
Negotiation_46,R5,2026-09-10T06:44:48.501823Z,behavior_monitor,16,1304,592,524,724,1099,586,791.69,205.33,591.62,system,NA,0.206,2.45,172.88,0.0,22.58,99.11,0.0
Negotiation_46,R5,2026-09-10T06:44:49.010085Z,behavior_monitor,16,1259,643,524,724,1150,638,739.47,109.28,631.76,system,NA,0.129,2.45,143.21,0.0,22.58,169.61,54.25
Negotiation_46,R5,2026-09-10T06:44:49.453812Z,shot_hit,16,1212,686,524,724,1192,682,688.9,20.39,669.23,agent,NA,0.029,2.45,119.8,0.0,22.58,137.65,90.0
Negotiation_46,R5,2026-09-10T06:44:49.454802Z,flight_spawn,17,1383,-20,524,724,1192,682,1137.16,728.07,669.23,system,NA,0.39,3.52,124.62,0.0,22.58,137.65,90.0
Negotiation_46,R5,2026-09-10T06:44:50.984744Z,human_signal,17,1228,242,524,724,1211,566,853.56,324.83,704.93,human,your_turn,0.276,3.52,102.86,0.0,22.58,76.24,180.0
Negotiation_46,R5,2026-09-10T06:44:50.985315Z,behavior_monitor,17,1228,242,524,724,1211,566,853.56,324.83,704.93,system,NA,0.276,3.52,102.86,0.0,22.58,76.24,180.0
Negotiation_46,R5,2026-09-10T06:44:50.985675Z,human_signal,17,1228,245,524,724,1211,566,851.6,321.4,704.93,human,your_turn,0.274,3.52,102.86,0.0,22.58,76.24,180.0
Negotiation_46,R5,2026-09-10T06:44:51.307842Z,agent_signal,17,1240,310,524,724,1215,566,827.65,257.88,709.39,agent,i_can,0.238,3.52,73.59,0.0,22.58,99.11,0.0
Negotiation_46,R5,2026-09-10T06:44:51.494496Z,behavior_monitor,17,1251,343,524,724,1227,567,820.84,224.32,721.07,system,NA,0.215,3.52,73.59,0.0,22.58,0.0,0.0
Negotiation_46,R5,2026-09-10T06:44:52.005779Z,behavior_monitor,17,1211,435,524,724,1199,564,745.29,129.92,693.45,system,NA,0.148,3.52,124.42,0.0,22.58,93.6,180.0
Negotiation_46,R5,2026-09-10T06:44:52.516314Z,behavior_monitor,17,1203,531,524,724,1178,564,706.17,41.93,673.44,system,NA,0.056,3.52,21.63,0.0,22.58,99.11,0.0
Negotiation_46,R5,2026-09-10T06:44:52.635759Z,shot_miss,17,1229,541,524,724,1191,564,728.35,43.97,686.54,agent,NA,0.057,3.52,21.63,0.0,22.58,99.11,0.0
Negotiation_46,R5,2026-09-10T06:44:53.027403Z,behavior_monitor,17,1299,568,524,724,1229,564,790.25,70.11,722.64,system,NA,0.081,3.52,1.66,0.0,22.58,99.11,0.0
Negotiation_46,R5,2026-09-10T06:44:53.538485Z,behavior_monitor,17,1394,608,524,724,1279,603,877.84,114.69,765.1,system,NA,0.116,3.52,29.92,0.0,22.58,169.61,54.25
Negotiation_46,R5,2026-09-10T06:44:54.050032Z,behavior_monitor,17,1447,694,524,724,1330,671,923.77,119.34,807.77,system,NA,0.114,3.18,110.69,0.0,22.58,169.61,54.25
Negotiation_46,R5,2026-09-10T06:44:54.562601Z,behavior_monitor,17,1449,784,524,724,1380,741,926.63,80.48,856.74,system,NA,0.08,3.18,58.28,0.0,22.58,169.61,54.25
Negotiation_46,R5,2026-09-10T06:44:55.020304Z,shot_miss,17,1434,861,524,724,1412,807,920.6,58.23,892.35,agent,NA,0.059,2.89,86.03,0.0,22.58,143.11,91.77
Negotiation_46,R5,2026-09-10T06:44:55.071482Z,behavior_monitor,17,1434,867,524,724,1412,812,921.7,59.32,892.79,system,NA,0.06,2.89,86.03,0.0,22.58,137.65,90.0
Negotiation_46,R5,2026-09-10T06:44:55.583280Z,behavior_monitor,17,1419,950,524,724,1401,883,922.77,69.45,891.32,system,NA,0.07,2.89,112.21,0.0,22.58,169.61,125.75
Negotiation_46,R5,2026-09-10T06:44:55.584610Z,flight_missed,17,1418,952,524,724,1401,885,922.94,69.65,891.74,system,NA,0.07,2.89,112.21,0.0,22.58,169.61,125.75
Negotiation_46,R5,2026-09-10T06:44:55.585100Z,flight_spawn,18,859,-20,524,724,1401,885,816.83,1055.23,891.74,system,NA,0.564,2.83,45.0,0.0,22.58,169.61,125.75
Negotiation_46,R5,2026-09-10T06:44:58.185245Z,agent_signal,18,820,355,635,675,1235,653,369.86,510.76,600.16,agent,your_turn,0.58,2.83,120.07,139.51,-38.26,130.47,-125.75
Negotiation_46,R5,2026-09-10T06:44:58.201634Z,behavior_monitor,18,820,355,635,675,1234,652,369.86,509.18,599.24,system,NA,0.579,2.83,120.07,139.51,-38.26,97.85,-125.75
Negotiation_46,R5,2026-09-10T06:44:58.541289Z,human_signal,18,786,403,673,642,1215,625,264.31,482.44,541.81,human,i_can,0.646,2.83,144.73,141.6,-42.54,97.85,-125.75
Negotiation_46,R5,2026-09-10T06:44:58.711781Z,behavior_monitor,18,763,414,689,627,1205,611,225.73,484.13,516.12,system,NA,0.682,2.83,113.95,141.78,-42.69,97.85,-125.75
Negotiation_46,R5,2026-09-10T06:44:59.224819Z,behavior_monitor,18,729,490,710,572,1176,571,83.3,454.72,466.16,system,NA,0.845,2.83,115.7,106.25,-71.71,97.85,-125.75
Negotiation_46,R5,2026-09-10T06:44:59.463497Z,shot_hit,18,710,526,718,548,1172,566,23.61,463.95,454.96,human,NA,0.952,2.83,115.7,102.43,-69.71,0.0,-81.41
Negotiation_46,R5,2026-09-10T06:44:59.464562Z,flight_spawn,19,680,-20,718,548,1172,566,570.23,766.05,454.96,system,NA,0.573,2.83,135.0,102.43,-69.71,0.0,-81.41
Negotiation_46,R5,2026-09-10T06:45:00.772294Z,human_signal,19,484,73,557,536,1119,567,469.0,804.36,562.58,human,i_can,0.632,2.83,172.01,129.41,180.0,76.24,180.0
Negotiation_46,R5,2026-09-10T06:45:00.789560Z,behavior_monitor,19,484,73,557,536,1118,567,469.0,803.6,561.61,system,NA,0.631,2.83,172.01,129.41,180.0,57.18,180.0
Negotiation_46,R5,2026-09-10T06:45:01.300813Z,behavior_monitor,19,397,84,491,536,1089,567,461.61,843.46,598.4,system,NA,0.646,2.83,162.78,129.41,180.0,57.18,180.0
Negotiation_46,R5,2026-09-10T06:45:01.811141Z,behavior_monitor,19,312,103,425,536,1075,567,447.34,893.15,651.22,system,NA,0.666,2.83,169.14,129.41,180.0,0.0,26.17
Negotiation_46,R5,2026-09-10T06:45:02.323872Z,behavior_monitor,19,227,119,359,536,1068,567,437.35,952.65,709.28,system,NA,0.685,2.83,167.6,129.41,180.0,76.24,180.0
Negotiation_46,R5,2026-09-10T06:45:02.835111Z,behavior_monitor,19,150,156,328,536,1028,567,419.28,969.2,700.87,system,NA,0.698,2.83,142.19,0.0,180.0,76.24,180.0
Negotiation_46,R5,2026-09-10T06:45:03.348127Z,behavior_monitor,19,78,195,300,536,990,567,406.98,984.6,690.5,system,NA,0.708,2.83,146.19,117.2,180.0,76.24,180.0
Negotiation_46,R5,2026-09-10T06:45:03.856881Z,behavior_monitor,19,20,250,234,536,951,566,357.9,983.96,717.5,system,NA,0.733,2.25,54.98,129.41,180.0,76.24,180.0
Negotiation_46,R5,2026-09-10T06:45:04.369363Z,behavior_monitor,19,54,306,173,536,912,566,259.06,896.8,739.52,system,NA,0.776,2.25,63.15,85.12,180.0,76.24,180.0
Negotiation_46,R5,2026-09-10T06:45:04.762088Z,agent_signal,19,73,355,158,521,882,566,187.02,836.72,725.85,agent,your_turn,0.817,2.25,86.61,82.62,-117.36,76.24,180.0
Negotiation_46,R5,2026-09-10T06:45:04.880194Z,behavior_monitor,19,79,366,153,513,875,566,164.89,821.63,724.26,system,NA,0.833,2.25,57.71,91.73,-122.22,57.18,180.0
Negotiation_46,R5,2026-09-10T06:45:05.391549Z,behavior_monitor,19,116,423,106,475,846,566,52.46,743.69,745.73,system,NA,0.934,2.25,57.71,68.52,-90.0,57.18,180.0
Negotiation_46,R5,2026-09-10T06:45:05.595890Z,shot_hit,19,133,443,123,462,838,566,21.8,715.71,722.52,human,NA,0.97,2.25,30.03,133.64,-25.42,0.0,180.0
Negotiation_46,R5,2026-09-10T06:45:05.596863Z,flight_spawn,20,302,-20,123,462,838,566,515.08,794.39,722.52,system,NA,0.607,3.28,52.4,133.64,-25.42,0.0,180.0
Negotiation_46,R5,2026-09-10T06:45:07.537848Z,human_signal,20,613,177,219,470,714,565,491.66,401.22,504.46,human,your_turn,0.449,3.28,29.29,0.0,90.0,76.24,180.0
Negotiation_46,R5,2026-09-10T06:45:07.538956Z,behavior_monitor,20,613,177,219,470,714,565,491.66,401.22,504.46,system,NA,0.449,3.28,29.29,0.0,90.0,76.24,180.0
Negotiation_46,R5,2026-09-10T06:45:07.539347Z,human_signal,20,616,178,219,470,714,565,493.03,398.95,504.46,human,your_turn,0.447,3.28,29.29,0.0,90.0,76.24,180.0
Negotiation_46,R5,2026-09-10T06:45:08.050253Z,behavior_monitor,20,698,220,227,470,674,565,533.08,345.22,456.46,system,NA,0.393,3.28,25.91,90.66,0.0,99.11,0.0
Negotiation_46,R5,2026-09-10T06:45:08.561181Z,behavior_monitor,20,779,271,229,470,724,565,585.22,299.06,503.92,system,NA,0.338,3.28,74.12,0.0,0.0,99.11,0.0
Negotiation_46,R5,2026-09-10T06:45:09.022758Z,agent_signal,20,795,360,229,470,769,565,576.15,206.05,548.66,agent,i_can,0.263,3.28,95.48,0.0,0.0,99.11,0.0
Negotiation_46,R5,2026-09-10T06:45:09.073774Z,behavior_monitor,20,793,367,229,470,771,565,572.98,199.14,550.32,system,NA,0.258,3.28,95.48,0.0,0.0,0.0,0.0
Negotiation_46,R5,2026-09-10T06:45:09.583002Z,behavior_monitor,20,813,463,229,470,790,565,584.05,104.7,568.76,system,NA,0.152,3.28,75.25,0.0,0.0,99.11,0.0
Negotiation_46,R5,2026-09-10T06:45:10.076510Z,shot_hit,20,848,556,229,470,822,565,624.98,27.37,600.69,agent,NA,0.042,3.28,53.18,0.0,0.0,99.11,0.0
Negotiation_46,R6,2026-09-10T06:45:14.946288Z,flight_spawn,1,586,-20,229,470,822,565,606.76,630.91,600.69,system,NA,0.51,2.83,45.0,0.0,0.0,0.0,0.0
Negotiation_46,R6,2026-09-10T06:45:19.339239Z,human_signal,1,775,94,1099,636,423,675,631.35,679.01,677.34,human,i_can,0.518,2.83,40.61,129.41,-90.0,0.0,-54.25
Negotiation_46,R6,2026-09-10T06:45:19.356122Z,behavior_monitor,1,775,94,1099,636,423,675,631.35,679.01,677.34,system,NA,0.518,2.83,40.61,129.41,-90.0,0.0,-54.25
Negotiation_46,R6,2026-09-10T06:45:19.865762Z,behavior_monitor,1,851,125,1066,584,439,653,507.07,669.82,630.37,system,NA,0.569,2.83,36.76,136.31,-161.69,91.11,-34.37
Negotiation_46,R6,2026-09-10T06:45:20.375532Z,behavior_monitor,1,937,148,1004,557,453,635,414.49,686.36,556.57,system,NA,0.623,2.83,41.81,125.01,-120.15,0.0,-54.25
Negotiation_46,R6,2026-09-10T06:45:20.886295Z,behavior_monitor,1,1006,197,1019,494,453,635,297.44,705.42,582.63,system,NA,0.703,2.83,9.62,141.48,-60.24,0.0,37.46
Negotiation_46,R6,2026-09-10T06:45:21.396752Z,behavior_monitor,1,1088,217,1055,438,492,581,223.59,698.04,580.25,system,NA,0.757,2.83,43.65,137.9,-29.41,130.47,-54.25
Negotiation_46,R6,2026-09-10T06:45:21.909751Z,behavior_monitor,1,1156,276,1121,429,531,565,157.42,688.47,605.3,system,NA,0.814,2.83,43.65,129.41,0.0,76.24,0.0
Negotiation_46,R6,2026-09-10T06:45:22.419765Z,behavior_monitor,1,1221,317,1187,429,570,564,117.8,697.01,631.29,system,NA,0.855,2.83,34.27,129.41,0.0,76.24,0.0
Negotiation_46,R6,2026-09-10T06:45:22.777106Z,agent_signal,1,1281,333,1235,429,597,564,106.46,721.71,651.57,agent,your_turn,0.871,2.83,10.49,129.41,0.0,76.24,0.0
Negotiation_46,R6,2026-09-10T06:45:22.929913Z,behavior_monitor,1,1304,338,1253,429,606,564,104.96,733.36,660.32,system,NA,0.875,2.83,10.49,129.41,0.0,57.18,0.0
Negotiation_46,R6,2026-09-10T06:45:23.442580Z,behavior_monitor,1,1386,353,1319,429,635,564,102.0,780.05,696.37,system,NA,0.884,2.83,10.49,122.22,0.0,54.0,0.0
Negotiation_46,R6,2026-09-10T06:45:23.954723Z,behavior_monitor,1,1448,391,1385,429,640,564,74.46,826.35,756.44,system,NA,0.917,2.63,107.45,129.41,0.0,0.0,0.0
Negotiation_46,R6,2026-09-10T06:45:24.277935Z,shot_hit,1,1433,438,1426,429,640,564,11.21,802.93,797.61,human,NA,0.986,2.63,107.45,129.41,0.0,0.0,0.0
Negotiation_46,R6,2026-09-10T06:45:24.278996Z,flight_spawn,2,305,-20,1426,429,640,564,1207.97,673.87,797.61,system,NA,0.358,2.83,45.0,129.41,0.0,0.0,0.0
Negotiation_46,R6,2026-09-10T06:45:25.387498Z,human_signal,2,445,96,1437,530,586,564,1082.73,488.48,851.75,human,your_turn,0.311,2.83,19.33,89.94,114.36,76.24,180.0
Negotiation_46,R6,2026-09-10T06:45:25.388223Z,behavior_monitor,2,445,96,1437,530,586,564,1082.73,488.48,851.75,system,NA,0.311,2.83,19.33,88.15,114.88,76.24,180.0
Negotiation_46,R6,2026-09-10T06:45:25.388568Z,human_signal,2,447,97,1437,531,586,564,1080.39,486.98,851.08,human,your_turn,0.311,2.83,19.33,88.15,114.88,76.24,180.0
Negotiation_46,R6,2026-09-10T06:45:25.897672Z,behavior_monitor,2,500,149,1418,552,536,564,1002.11,416.09,881.65,system,NA,0.293,2.83,47.35,129.41,180.0,99.11,180.0
Negotiation_46,R6,2026-09-10T06:45:26.407823Z,behavior_monitor,2,558,211,1352,552,533,564,863.78,354.19,818.71,system,NA,0.291,2.83,52.41,129.41,180.0,99.11,0.0
Negotiation_46,R6,2026-09-10T06:45:26.918448Z,behavior_monitor,2,602,281,1286,552,579,564,735.39,283.53,706.99,system,NA,0.278,2.83,61.22,129.41,180.0,99.11,0.0
Negotiation_46,R6,2026-09-10T06:45:27.427796Z,behavior_monitor,2,654,346,1234,552,625,564,615.99,219.97,609.62,system,NA,0.263,2.83,40.81,0.0,180.0,99.11,0.0
Negotiation_46,R6,2026-09-10T06:45:27.478960Z,agent_signal,2,663,353,1234,552,630,564,604.93,213.24,604.57,agent,i_can,0.261,2.83,40.81,0.0,180.0,99.11,0.0
Negotiation_46,R6,2026-09-10T06:45:27.940234Z,behavior_monitor,2,717,401,1270,544,675,564,570.54,167.93,594.8,system,NA,0.227,2.83,20.55,96.44,-29.23,99.11,0.0
Negotiation_46,R6,2026-09-10T06:45:28.449368Z,behavior_monitor,2,796,427,1292,536,726,564,507.51,153.7,566.82,system,NA,0.232,2.83,20.83,129.41,0.0,99.11,0.0
Negotiation_46,R6,2026-09-10T06:45:28.959799Z,behavior_monitor,2,878,445,1255,573,776,564,397.32,156.33,478.77,system,NA,0.282,2.83,5.7,142.11,135.44,99.11,0.0
Negotiation_46,R6,2026-09-10T06:45:29.472144Z,behavior_monitor,2,958,465,1203,623,827,564,291.82,164.37,381.22,system,NA,0.36,2.83,25.6,142.28,135.37,99.11,0.0
Negotiation_46,R6,2026-09-10T06:45:29.981790Z,behavior_monitor,2,1035,491,1148,672,877,565,213.39,175.43,292.11,system,NA,0.451,2.83,4.39,144.05,141.67,99.11,0.0
Negotiation_46,R6,2026-09-10T06:45:29.999308Z,human_signal,2,1041,491,1144,675,878,565,210.83,178.57,288.03,human,i_can,0.459,2.83,4.39,143.79,142.2,99.11,0.0
Negotiation_46,R6,2026-09-10T06:45:30.494987Z,behavior_monitor,2,1105,528,1150,670,906,565,149.18,202.48,266.05,system,NA,0.576,2.83,70.22,0.0,-90.0,57.18,0.0
Negotiation_46,R6,2026-09-10T06:45:30.546070Z,agent_signal,2,1110,538,1150,670,909,565,137.59,202.7,263.37,agent,your_turn,0.596,2.83,70.22,0.0,-90.0,57.18,0.0
Negotiation_46,R6,2026-09-10T06:45:30.972510Z,shot_hit,2,1134,602,1148,622,934,582,24.09,201.46,217.74,human,NA,0.893,2.83,70.22,129.41,-90.0,97.85,54.25
Negotiation_46,R6,2026-09-10T06:45:30.973623Z,flight_spawn,3,507,-20,1148,622,934,582,907.68,738.13,217.74,system,NA,0.448,3.55,55.72,129.41,-90.0,97.85,54.25
Negotiation_46,R6,2026-09-10T06:45:31.975658Z,human_signal,3,627,145,1123,562,878,565,647.69,489.66,244.68,human,your_turn,0.431,3.55,56.9,0.0,-140.03,76.24,180.0
Negotiation_46,R6,2026-09-10T06:45:31.976841Z,behavior_monitor,3,627,145,1123,562,878,565,647.69,489.66,244.68,system,NA,0.431,3.55,56.9,0.0,-140.03,76.24,180.0
Negotiation_46,R6,2026-09-10T06:45:31.977306Z,human_signal,3,629,148,1123,562,878,565,643.93,485.87,244.68,human,your_turn,0.43,3.55,56.9,0.0,-140.03,76.24,180.0
Negotiation_46,R6,2026-09-10T06:45:32.485433Z,behavior_monitor,3,717,203,1123,562,828,565,541.41,378.41,295.07,system,NA,0.411,3.55,29.17,0.0,-140.03,99.11,180.0
Negotiation_46,R6,2026-09-10T06:45:32.995639Z,behavior_monitor,3,808,255,1164,548,784,565,461.74,310.83,380.76,system,NA,0.402,3.55,29.17,47.46,0.0,99.11,0.0
Negotiation_46,R6,2026-09-10T06:45:33.012074Z,human_signal,3,814,259,1166,548,786,565,455.58,307.79,380.52,human,i_can,0.403,3.55,29.17,47.46,0.0,99.11,0.0
Negotiation_46,R6,2026-09-10T06:45:33.404237Z,agent_signal,3,874,309,1155,558,808,565,375.41,263.65,347.93,agent,i_can,0.413,3.55,52.79,124.88,137.62,57.18,0.0
Negotiation_46,R6,2026-09-10T06:45:33.506466Z,behavior_monitor,3,884,324,1146,565,818,565,356.64,249.94,328.66,system,NA,0.412,3.55,52.79,137.15,142.69,99.11,0.0
Negotiation_46,R6,2026-09-10T06:45:33.950726Z,human_signal,3,935,401,1123,575,862,565,256.64,179.05,262.09,human,your_turn,0.411,3.55,75.08,0.0,180.0,99.11,0.0
Negotiation_46,R6,2026-09-10T06:45:33.951497Z,human_signal,3,936,405,1123,575,862,565,253.47,176.41,262.09,human,your_turn,0.41,3.55,75.08,0.0,180.0,99.11,0.0
Negotiation_46,R6,2026-09-10T06:45:34.019062Z,behavior_monitor,3,941,414,1123,575,868,565,243.99,167.59,255.36,system,NA,0.407,3.55,23.18,0.0,180.0,99.11,0.0
Negotiation_46,R6,2026-09-10T06:45:34.529714Z,behavior_monitor,3,1037,451,1147,575,918,565,165.24,164.77,228.67,system,NA,0.499,3.55,3.18,129.41,0.0,99.11,0.0
Negotiation_46,R6,2026-09-10T06:45:35.039826Z,behavior_monitor,3,1144,467,1213,575,969,565,127.89,201.11,244.44,system,NA,0.611,3.55,27.0,129.41,0.0,99.11,0.0
Negotiation_46,R6,2026-09-10T06:45:35.074474Z,human_signal,3,1155,472,1219,575,972,565,121.06,205.32,247.64,human,i_can,0.629,3.55,50.43,129.41,0.0,99.11,0.0
Negotiation_46,R6,2026-09-10T06:45:35.550282Z,behavior_monitor,3,1237,505,1221,542,1000,565,40.95,244.89,222.48,system,NA,0.857,3.55,9.35,138.28,-148.31,86.25,3.65
Negotiation_46,R6,2026-09-10T06:45:35.617419Z,shot_miss,3,1252,507,1214,537,1004,565,48.57,254.53,211.81,human,NA,0.84,3.55,9.35,145.97,-148.21,60.75,0.0
Negotiation_46,R6,2026-09-10T06:45:35.804691Z,agent_signal,3,1286,530,1222,520,1014,565,64.95,273.8,212.3,agent,your_turn,0.808,3.55,35.8,145.94,-42.29,57.18,0.0
Negotiation_46,R6,2026-09-10T06:45:35.974646Z,shot_miss,3,1313,549,1243,511,1024,565,79.94,290.16,225.57,human,NA,0.784,3.55,35.8,134.68,-16.08,57.18,0.0
Negotiation_46,R6,2026-09-10T06:45:36.059613Z,behavior_monitor,3,1325,563,1254,511,1028,565,87.46,296.64,231.91,system,NA,0.772,3.55,60.82,129.41,0.0,46.35,30.01
Negotiation_46,R6,2026-09-10T06:45:36.567990Z,behavior_monitor,3,1378,656,1307,555,1038,576,122.99,349.63,269.74,system,NA,0.74,3.55,31.77,136.42,52.12,97.85,54.25
Negotiation_46,R6,2026-09-10T06:45:37.079603Z,behavior_monitor,3,1439,700,1345,615,1038,576,127.12,420.12,309.83,system,NA,0.768,2.14,173.19,139.81,58.44,0.0,76.86
Negotiation_46,R6,2026-09-10T06:45:37.588953Z,behavior_monitor,3,1394,739,1378,678,1056,601,63.59,365.42,331.28,system,NA,0.852,2.14,118.68,135.65,72.55,130.47,54.25
Negotiation_46,R6,2026-09-10T06:45:38.100569Z,behavior_monitor,3,1352,786,1379,744,1095,655,50.58,289.05,298.12,system,NA,0.851,2.14,143.84,129.41,90.0,130.47,54.25
Negotiation_46,R6,2026-09-10T06:45:38.610942Z,behavior_monitor,3,1336,842,1363,809,1134,709,42.84,241.73,250.03,system,NA,0.849,2.14,72.5,146.51,120.64,130.47,54.25
Negotiation_46,R6,2026-09-10T06:45:38.815360Z,shot_miss,3,1341,867,1347,835,1149,731,32.56,235.64,223.99,human,NA,0.879,2.14,95.87,147.31,121.44,130.47,54.25
Negotiation_46,R6,2026-09-10T06:45:39.112401Z,behavior_monitor,3,1360,897,1327,872,1171,762,41.13,232.52,191.41,system,NA,0.85,2.14,68.18,139.13,111.55,130.47,54.25
Negotiation_46,R6,2026-09-10T06:45:39.163393Z,shot_miss,3,1364,903,1325,878,1175,767,46.05,232.91,186.97,human,NA,0.835,2.14,68.18,137.6,109.87,130.47,54.25
Negotiation_46,R6,2026-09-10T06:45:39.622194Z,behavior_monitor,3,1410,933,1325,910,1209,816,88.13,232.79,149.23,system,NA,0.725,2.14,39.0,35.97,0.0,130.47,54.25
Negotiation_46,R6,2026-09-10T06:45:39.843274Z,flight_missed,3,1434,952,1338,910,1227,841,104.27,234.15,130.42,system,NA,0.692,2.14,39.0,90.55,0.0,130.47,54.25
Negotiation_46,R6,2026-09-10T06:45:39.844474Z,flight_spawn,4,697,-20,1338,910,1227,841,1129.9,1011.9,130.42,system,NA,0.472,2.83,135.0,90.55,0.0,130.47,54.25
Negotiation_46,R6,2026-09-10T06:45:40.063834Z,human_signal,4,671,6,1366,902,1227,841,1134.48,1003.88,151.76,human,your_turn,0.469,2.83,135.0,140.32,-27.15,0.0,54.25
Negotiation_46,R6,2026-09-10T06:45:40.131001Z,behavior_monitor,4,666,12,1372,897,1227,841,1132.21,1001.45,155.1,system,NA,0.469,2.83,135.0,145.22,-42.66,0.0,54.25
Negotiation_46,R6,2026-09-10T06:45:40.641370Z,behavior_monitor,4,619,79,1407,836,1189,787,1092.1,908.7,223.47,system,NA,0.454,2.83,134.9,137.62,-67.01,169.61,-125.75
Negotiation_46,R6,2026-09-10T06:45:41.152450Z,behavior_monitor,4,557,139,1434,771,1139,718,1080.5,820.07,300.04,system,NA,0.431,2.83,130.96,137.42,-67.64,169.61,-125.75
Negotiation_46,R6,2026-09-10T06:45:41.662303Z,behavior_monitor,4,486,182,1432,709,1088,647,1082.56,760.38,349.64,system,NA,0.413,2.83,129.04,135.19,-146.37,169.61,-125.75
Negotiation_46,R6,2026-09-10T06:45:42.137704Z,human_signal,4,463,257,1371,700,1041,582,1010.69,663.0,351.0,human,your_turn,0.396,2.83,106.18,129.41,180.0,169.61,-125.75
Negotiation_46,R6,2026-09-10T06:45:42.138849Z,human_signal,4,461,260,1369,700,1041,582,1008.62,662.74,348.93,human,your_turn,0.397,2.83,106.18,129.41,180.0,169.61,-125.75
Negotiation_46,R6,2026-09-10T06:45:42.171556Z,behavior_monitor,4,460,263,1367,700,1037,578,1006.52,657.39,351.56,system,NA,0.395,2.83,106.18,129.41,180.0,153.61,-132.07
Negotiation_46,R6,2026-09-10T06:45:42.681525Z,behavior_monitor,4,470,345,1301,700,987,566,903.24,562.02,341.22,system,NA,0.384,2.83,59.92,129.41,180.0,99.11,180.0
Negotiation_46,R6,2026-09-10T06:45:42.851050Z,agent_signal,4,479,374,1277,700,970,566,861.56,527.08,334.63,agent,i_can,0.38,2.83,82.42,129.41,180.0,99.11,180.0
Negotiation_46,R6,2026-09-10T06:45:43.190824Z,behavior_monitor,4,470,426,1235,700,936,566,812.37,486.81,327.21,system,NA,0.375,2.83,103.41,129.41,180.0,99.11,180.0
Negotiation_46,R6,2026-09-10T06:45:43.702477Z,behavior_monitor,4,481,508,1169,700,886,566,714.3,409.31,312.97,system,NA,0.364,2.83,96.53,129.41,180.0,99.11,180.0
Negotiation_46,R6,2026-09-10T06:45:44.214465Z,behavior_monitor,4,430,570,1103,708,835,566,687.39,405.36,303.08,system,NA,0.371,2.83,129.57,138.89,151.94,99.11,180.0
Negotiation_46,R6,2026-09-10T06:45:44.724812Z,behavior_monitor,4,373,634,1045,750,784,630,681.87,411.07,287.16,system,NA,0.376,2.83,128.98,142.28,143.18,169.61,125.75
Negotiation_46,R6,2026-09-10T06:45:45.234611Z,behavior_monitor,4,319,700,1071,752,733,695,753.31,413.7,342.64,system,NA,0.354,2.83,128.98,141.74,-33.28,169.61,125.75
Negotiation_46,R6,2026-09-10T06:45:45.744531Z,behavior_monitor,4,314,778,1116,698,683,765,805.34,368.54,438.21,system,NA,0.314,2.83,63.46,137.67,-66.59,169.61,125.75
Negotiation_46,R6,2026-09-10T06:45:46.254836Z,behavior_monitor,4,348,854,1143,633,632,836,825.0,284.82,549.42,system,NA,0.257,2.83,63.46,137.76,-67.38,169.61,125.75
Negotiation_46,R6,2026-09-10T06:45:46.765027Z,behavior_monitor,4,363,935,1162,577,581,906,874.7,219.78,666.87,system,NA,0.201,2.83,87.24,0.0,-90.0,169.61,125.75
Negotiation_46,R6,2026-09-10T06:45:46.851492Z,flight_missed,4,364,952,1162,577,571,910,881.35,211.54,677.58,system,NA,0.194,2.83,59.33,0.0,-90.0,99.11,180.0
Negotiation_46,R6,2026-09-10T06:45:46.852582Z,flight_spawn,5,425,-20,1162,577,571,910,948.94,941.41,677.58,system,NA,0.498,2.83,135.0,0.0,-90.0,99.11,180.0
Negotiation_46,R6,2026-09-10T06:45:48.776643Z,human_signal,5,242,209,1072,577,456,748,908.66,580.44,639.9,human,your_turn,0.39,2.83,93.98,0.0,180.0,130.47,-125.75
Negotiation_46,R6,2026-09-10T06:45:48.777337Z,behavior_monitor,5,242,209,1072,577,456,748,908.66,580.44,639.9,system,NA,0.39,2.83,93.98,0.0,180.0,130.47,-125.75
Negotiation_46,R6,2026-09-10T06:45:48.777745Z,human_signal,5,241,211,1072,577,456,748,908.3,578.13,639.9,human,your_turn,0.389,2.83,71.26,0.0,180.0,130.47,-125.75
Negotiation_46,R6,2026-09-10T06:45:49.287983Z,behavior_monitor,5,294,272,1072,577,405,678,836.14,420.61,674.59,system,NA,0.335,2.83,22.47,0.0,180.0,169.61,-125.75
Negotiation_46,R6,2026-09-10T06:45:49.798373Z,behavior_monitor,5,367,311,1101,567,354,608,777.96,297.5,748.57,system,NA,0.277,2.83,57.33,137.16,-23.74,169.61,-125.75
Negotiation_46,R6,2026-09-10T06:45:50.172488Z,agent_signal,5,384,372,1149,541,359,566,783.41,195.56,790.5,agent,i_can,0.2,2.83,54.58,139.16,-35.92,99.11,0.0
Negotiation_46,R6,2026-09-10T06:45:50.308295Z,behavior_monitor,5,395,388,1162,530,372,566,779.43,179.33,790.43,system,NA,0.187,2.83,54.58,140.41,-39.46,99.11,0.0
Negotiation_46,R6,2026-09-10T06:45:50.817871Z,behavior_monitor,5,443,457,1182,512,419,566,741.74,111.01,765.27,system,NA,0.13,2.83,54.58,0.0,-90.0,99.11,0.0
Negotiation_46,R6,2026-09-10T06:45:51.329649Z,behavior_monitor,5,488,526,1182,512,465,565,694.21,45.1,719.8,system,NA,0.061,2.83,54.58,0.0,-90.0,99.11,0.0
Negotiation_46,R6,2026-09-10T06:45:51.499508Z,shot_hit,5,506,552,1182,512,483,565,677.65,26.27,701.32,agent,NA,0.037,2.83,54.58,0.0,-90.0,99.11,0.0
Negotiation_46,R6,2026-09-10T06:45:51.500569Z,flight_spawn,6,1066,-20,1182,512,483,565,544.81,825.8,701.32,system,NA,0.603,2.83,135.0,0.0,-90.0,99.11,0.0
Negotiation_46,R6,2026-09-10T06:45:52.858992Z,human_signal,6,901,138,1139,512,556,565,443.47,549.55,586.1,human,your_turn,0.553,2.83,135.0,0.0,180.0,76.24,0.0
Negotiation_46,R6,2026-09-10T06:45:52.859390Z,behavior_monitor,6,901,138,1139,512,556,565,443.47,549.55,586.1,system,NA,0.553,2.83,135.0,0.0,180.0,76.24,0.0
Negotiation_46,R6,2026-09-10T06:45:52.859728Z,human_signal,6,899,140,1139,512,556,565,442.99,546.59,586.1,human,your_turn,0.552,2.83,135.0,0.0,180.0,76.24,0.0
Negotiation_46,R6,2026-09-10T06:45:53.370987Z,behavior_monitor,6,829,178,1139,512,606,565,455.56,445.87,535.61,system,NA,0.495,2.83,164.14,0.0,180.0,99.11,0.0
Negotiation_46,R6,2026-09-10T06:45:53.880663Z,behavior_monitor,6,750,208,1139,512,657,565,494.05,369.13,485.13,system,NA,0.428,2.83,142.97,0.0,180.0,99.11,0.0
Negotiation_46,R6,2026-09-10T06:45:54.390388Z,behavior_monitor,6,673,226,1139,512,664,565,546.79,339.81,478.43,system,NA,0.383,2.83,164.62,0.0,180.0,99.11,180.0
Negotiation_46,R6,2026-09-10T06:45:54.900547Z,behavior_monitor,6,609,276,1139,512,613,566,580.05,289.49,528.82,system,NA,0.333,2.83,116.5,0.0,180.0,99.11,180.0
Negotiation_46,R6,2026-09-10T06:45:55.411007Z,behavior_monitor,6,574,352,1139,512,563,566,587.44,214.44,579.23,system,NA,0.267,2.83,116.5,0.0,180.0,99.11,180.0
Negotiation_46,R6,2026-09-10T06:45:55.599294Z,agent_signal,6,558,383,1139,512,544,566,595.31,184.31,597.68,agent,i_can,0.236,2.83,116.5,0.0,180.0,99.11,180.0
Negotiation_46,R6,2026-09-10T06:45:55.922153Z,behavior_monitor,6,532,428,1139,512,516,566,613.03,139.19,626.21,system,NA,0.185,2.83,116.5,0.0,180.0,99.11,180.0
Negotiation_46,R6,2026-09-10T06:45:56.430008Z,behavior_monitor,6,476,486,1139,512,472,566,663.8,80.5,669.86,system,NA,0.108,2.83,172.51,0.0,180.0,99.11,180.0
Negotiation_46,R6,2026-09-10T06:45:56.941153Z,behavior_monitor,6,397,504,1139,512,421,566,742.64,67.18,720.08,system,NA,0.083,2.83,154.24,0.0,180.0,99.11,180.0
Negotiation_46,R6,2026-09-10T06:45:57.452387Z,behavior_monitor,6,320,517,1124,512,371,566,803.78,71.28,754.72,system,NA,0.081,2.83,157.79,85.29,180.0,99.11,180.0
Negotiation_46,R6,2026-09-10T06:45:57.962127Z,behavior_monitor,6,246,558,1066,512,320,566,820.81,74.51,747.48,system,NA,0.083,2.83,132.32,129.41,180.0,99.11,180.0
Negotiation_46,R6,2026-09-10T06:45:58.472844Z,behavior_monitor,6,167,583,1033,512,269,578,868.75,102.75,766.06,system,NA,0.106,2.83,172.2,0.0,180.0,99.11,180.0
Negotiation_46,R6,2026-09-10T06:45:58.982317Z,behavior_monitor,6,84,610,1033,512,218,606,953.78,134.02,820.18,system,NA,0.123,2.83,145.59,0.0,180.0,169.61,125.75
Negotiation_46,R6,2026-09-10T06:45:59.494629Z,behavior_monitor,6,30,671,1033,512,168,666,1014.87,137.32,878.76,system,NA,0.119,2.83,167.88,0.0,180.0,99.11,180.0
Negotiation_46,R6,2026-09-10T06:46:00.004478Z,behavior_monitor,6,62,688,1033,512,117,684,986.84,55.59,931.61,system,NA,0.053,1.76,23.09,0.0,180.0,169.61,125.75
Negotiation_46,R6,2026-09-10T06:46:00.243477Z,shot_hit,6,86,698,1033,512,91,693,965.08,7.81,958.61,agent,NA,0.008,1.76,23.09,0.0,180.0,99.11,180.0
Negotiation_46,R6,2026-09-10T06:46:00.244838Z,flight_spawn,7,1110,-20,1033,512,91,693,537.72,1243.36,958.61,system,NA,0.698,2.83,135.0,0.0,180.0,99.11,180.0
Negotiation_46,R6,2026-09-10T06:46:01.352136Z,human_signal,7,1095,148,1033,512,149,613,368.73,1054.19,889.77,human,i_can,0.741,2.83,76.56,0.0,180.0,130.47,-54.25
Negotiation_46,R6,2026-09-10T06:46:01.368685Z,behavior_monitor,7,1095,148,1033,512,150,612,368.73,1052.72,888.65,system,NA,0.741,2.83,76.56,0.0,180.0,97.85,-54.25
Negotiation_46,R6,2026-09-10T06:46:01.878668Z,behavior_monitor,7,1081,229,1060,496,179,572,268.34,964.78,883.98,system,NA,0.782,2.83,124.91,135.96,-33.84,97.85,-54.25
Negotiation_46,R6,2026-09-10T06:46:02.389936Z,behavior_monitor,7,1013,278,1063,440,193,566,169.9,869.24,879.24,system,NA,0.836,2.83,150.42,130.97,-125.54,0.0,-18.99
Negotiation_46,R6,2026-09-10T06:46:02.901373Z,behavior_monitor,7,934,305,1001,426,207,566,138.05,771.82,805.78,system,NA,0.848,2.83,172.68,134.77,163.78,76.24,0.0
Negotiation_46,R6,2026-09-10T06:46:03.310086Z,agent_signal,7,863,316,949,451,239,566,160.69,672.41,719.24,agent,your_turn,0.807,2.83,158.33,138.58,148.79,76.24,0.0
Negotiation_46,R6,2026-09-10T06:46:03.411757Z,behavior_monitor,7,849,319,939,457,244,566,164.84,652.95,702.58,system,NA,0.798,2.83,175.76,138.73,148.51,57.18,0.0
Negotiation_46,R6,2026-09-10T06:46:03.924918Z,behavior_monitor,7,767,342,878,494,274,566,188.56,542.4,608.87,system,NA,0.742,2.83,163.21,138.73,148.51,57.18,0.0
Negotiation_46,R6,2026-09-10T06:46:04.434684Z,behavior_monitor,7,683,361,818,531,281,566,217.51,450.54,537.83,system,NA,0.674,2.83,175.17,138.73,148.51,0.0,-51.65
Negotiation_46,R6,2026-09-10T06:46:04.946818Z,behavior_monitor,7,603,387,755,563,288,566,232.61,362.96,467.45,system,NA,0.609,2.83,176.83,136.91,160.95,76.24,0.0
Negotiation_46,R6,2026-09-10T06:46:05.387320Z,human_signal,7,531,391,698,582,322,566,253.82,273.36,376.87,human,your_turn,0.519,2.83,176.83,135.77,162.4,76.24,0.0
Negotiation_46,R6,2026-09-10T06:46:05.388170Z,human_signal,7,528,391,696,583,322,566,254.53,271.1,374.69,human,your_turn,0.516,2.83,176.83,134.58,164.06,76.24,0.0
Negotiation_46,R6,2026-09-10T06:46:05.455621Z,behavior_monitor,7,522,391,689,583,328,567,254.64,261.38,361.92,system,NA,0.507,2.83,176.83,127.55,180.0,99.11,0.0
Negotiation_46,R6,2026-09-10T06:46:05.965926Z,behavior_monitor,7,453,435,686,555,378,567,261.61,151.8,308.32,system,NA,0.367,2.83,125.11,129.41,-90.0,99.11,0.0
Negotiation_46,R6,2026-09-10T06:46:06.323649Z,agent_signal,7,427,491,684,509,406,566,257.89,78.39,283.72,agent,i_can,0.233,2.83,106.72,134.05,-105.12,0.0,3.2
Negotiation_46,R6,2026-09-10T06:46:06.476595Z,behavior_monitor,7,422,512,679,489,404,566,257.26,56.73,284.67,system,NA,0.181,2.83,86.01,127.47,-105.35,0.0,180.0
Negotiation_46,R6,2026-09-10T06:46:06.679967Z,shot_hit,7,424,548,678,469,404,566,265.7,27.17,290.52,agent,NA,0.093,2.83,91.02,78.02,-90.0,0.0,105.18
Negotiation_46,R6,2026-09-10T06:46:06.680985Z,flight_spawn,8,806,-20,678,469,404,566,505.59,711.11,290.52,system,NA,0.584,3.33,126.91,78.02,-90.0,0.0,105.18
Negotiation_46,R6,2026-09-10T06:46:08.873082Z,human_signal,8,504,249,774,461,506,565,343.73,316.01,287.73,human,your_turn,0.479,3.33,134.97,0.0,0.0,76.24,180.0
Negotiation_46,R6,2026-09-10T06:46:08.873757Z,behavior_monitor,8,504,249,774,461,506,565,343.73,316.01,287.73,system,NA,0.479,3.33,134.97,0.0,0.0,76.24,180.0
Negotiation_46,R6,2026-09-10T06:46:08.874213Z,human_signal,8,502,251,774,461,506,565,343.74,313.67,287.73,human,your_turn,0.477,3.33,134.97,0.0,0.0,76.24,180.0
Negotiation_46,R6,2026-09-10T06:46:09.383866Z,behavior_monitor,8,429,320,769,461,455,565,368.36,246.69,331.28,system,NA,0.401,3.33,134.97,45.48,180.0,99.11,180.0
Negotiation_46,R6,2026-09-10T06:46:09.895696Z,behavior_monitor,8,349,383,711,461,405,565,370.16,190.35,322.65,system,NA,0.34,3.33,136.72,129.41,180.0,99.11,180.0
Negotiation_46,R6,2026-09-10T06:46:09.963519Z,agent_signal,8,335,391,700,461,399,565,371.53,185.77,318.62,agent,i_can,0.333,3.33,164.51,129.41,180.0,99.11,180.0
Negotiation_46,R6,2026-09-10T06:46:10.405515Z,behavior_monitor,8,264,436,659,461,355,565,395.87,157.69,321.33,system,NA,0.285,3.33,138.39,0.0,180.0,100.74,175.0
Negotiation_46,R6,2026-09-10T06:46:10.916103Z,behavior_monitor,8,180,481,724,461,304,564,544.12,149.82,431.84,system,NA,0.216,3.33,168.39,122.22,0.0,93.6,180.0
Negotiation_46,R6,2026-09-10T06:46:11.426109Z,behavior_monitor,8,84,500,789,470,254,565,705.53,181.37,543.83,system,NA,0.205,3.33,169.19,138.35,27.44,99.11,180.0
Negotiation_46,R6,2026-09-10T06:46:11.936914Z,behavior_monitor,8,29,548,836,521,203,564,807.35,174.22,634.81,system,NA,0.177,2.47,47.19,138.12,65.64,99.11,180.0
Negotiation_46,R6,2026-09-10T06:46:12.446355Z,behavior_monitor,8,82,603,844,540,152,599,764.58,70.31,694.3,system,NA,0.084,2.47,47.19,0.0,68.71,169.61,125.75
Negotiation_46,R6,2026-09-10T06:46:12.669154Z,shot_hit,8,112,617,844,540,129,613,736.09,17.18,719.09,agent,NA,0.023,2.47,23.41,0.0,68.71,99.11,180.0
Negotiation_46,R6,2026-09-10T06:46:12.670248Z,flight_spawn,9,889,-20,844,540,129,613,562.33,989.46,719.09,system,NA,0.638,2.83,45.0,0.0,68.71,99.11,180.0
Negotiation_46,R6,2026-09-10T06:46:13.636042Z,human_signal,9,1007,84,844,540,172,566,484.34,964.13,672.77,human,i_can,0.666,2.83,21.35,0.0,68.71,76.24,0.0
Negotiation_46,R6,2026-09-10T06:46:13.652109Z,behavior_monitor,9,1007,84,844,540,173,566,484.34,963.29,671.79,system,NA,0.665,2.83,21.35,0.0,68.71,57.18,0.0
Negotiation_46,R6,2026-09-10T06:46:14.165446Z,behavior_monitor,9,1086,109,882,540,202,565,476.49,995.15,681.15,system,NA,0.676,2.83,22.05,129.41,0.0,57.18,0.0
Negotiation_46,R6,2026-09-10T06:46:14.676917Z,behavior_monitor,9,1129,180,948,540,214,565,403.0,993.1,734.68,system,NA,0.711,2.83,75.01,129.41,0.0,0.0,-52.08
Negotiation_46,R6,2026-09-10T06:46:15.186267Z,behavior_monitor,9,1135,263,1013,540,214,565,302.9,969.23,799.59,system,NA,0.762,2.83,68.0,98.5,0.0,0.0,-52.08
Negotiation_46,R6,2026-09-10T06:46:15.697658Z,behavior_monitor,9,1197,325,1047,522,249,565,247.97,977.72,798.64,system,NA,0.798,2.83,45.75,132.15,-29.8,76.24,0.0
Negotiation_46,R6,2026-09-10T06:46:15.902526Z,agent_signal,9,1221,350,1073,506,265,565,215.46,980.61,810.09,agent,your_turn,0.82,2.83,20.48,140.14,-32.33,76.24,0.0
Negotiation_46,R6,2026-09-10T06:46:16.207751Z,behavior_monitor,9,1261,371,1108,491,282,566,194.27,998.38,829.89,system,NA,0.837,2.83,25.08,129.41,0.0,57.18,0.0
Negotiation_46,R6,2026-09-10T06:46:16.718747Z,behavior_monitor,9,1340,407,1174,491,308,566,185.63,1044.22,869.81,system,NA,0.849,2.83,25.08,129.41,0.0,0.0,0.0
Negotiation_46,R6,2026-09-10T06:46:17.229517Z,behavior_monitor,9,1412,442,1240,495,308,566,180.02,1111.66,935.27,system,NA,0.861,2.83,2.54,135.45,19.6,0.0,0.0
Negotiation_46,R6,2026-09-10T06:46:17.739111Z,behavior_monitor,9,1423,454,1294,539,341,566,153.92,1087.66,953.79,system,NA,0.876,1.7,167.5,139.13,45.1,76.24,0.0
Negotiation_46,R6,2026-09-10T06:46:18.250366Z,behavior_monitor,9,1370,466,1329,536,379,566,80.97,995.52,949.84,system,NA,0.925,1.7,167.7,126.29,-60.23,76.24,0.0
Negotiation_46,R6,2026-09-10T06:46:18.709726Z,shot_hit,9,1327,486,1332,490,415,566,6.21,915.97,919.83,human,NA,0.993,1.7,136.12,134.41,-141.57,76.24,0.0
Negotiation_46,R6,2026-09-10T06:46:18.710830Z,flight_spawn,10,734,-20,1332,490,415,566,786.13,667.7,919.83,system,NA,0.459,2.83,135.0,134.41,-141.57,76.24,0.0
Negotiation_46,R6,2026-09-10T06:46:20.239467Z,human_signal,10,510,90,1254,554,490,566,876.77,476.98,764.46,human,your_turn,0.352,2.83,149.71,63.09,180.0,0.0,0.0
Negotiation_46,R6,2026-09-10T06:46:20.240461Z,behavior_monitor,10,510,90,1254,554,490,566,876.77,476.98,764.46,system,NA,0.352,2.83,149.71,63.09,180.0,0.0,0.0
Negotiation_46,R6,2026-09-10T06:46:20.240922Z,human_signal,10,507,91,1253,554,490,566,877.73,475.43,763.25,human,your_turn,0.351,2.83,149.71,63.09,180.0,0.0,0.0
Negotiation_46,R6,2026-09-10T06:46:20.749972Z,behavior_monitor,10,458,150,1208,554,441,564,852.14,414.56,766.78,system,NA,0.327,2.83,105.33,95.83,180.0,99.11,180.0
Negotiation_46,R6,2026-09-10T06:46:21.261132Z,behavior_monitor,10,437,232,1204,554,419,565,831.48,332.94,784.98,system,NA,0.286,2.83,84.33,0.0,180.0,0.0,180.0
Negotiation_46,R6,2026-09-10T06:46:21.755118Z,agent_signal,10,467,309,1204,554,443,564,776.8,256.02,761.74,agent,i_can,0.248,2.83,27.95,0.0,180.0,99.11,0.0
Negotiation_46,R6,2026-09-10T06:46:21.771232Z,behavior_monitor,10,467,309,1204,554,444,564,776.8,255.86,760.06,system,NA,0.248,2.83,27.95,0.0,180.0,99.11,0.0
Negotiation_46,R6,2026-09-10T06:46:22.282887Z,behavior_monitor,10,544,349,1204,554,495,564,691.34,220.31,709.81,system,NA,0.242,2.83,27.95,0.0,180.0,99.11,0.0
Negotiation_46,R6,2026-09-10T06:46:22.793249Z,behavior_monitor,10,610,400,1204,554,546,564,613.82,176.1,658.66,system,NA,0.223,2.83,49.61,0.0,180.0,99.11,0.0
Negotiation_46,R6,2026-09-10T06:46:23.298531Z,behavior_monitor,10,648,473,1176,604,596,564,544.19,104.52,581.38,system,NA,0.161,2.83,69.95,142.97,119.72,99.11,0.0
Negotiation_46,R6,2026-09-10T06:46:23.811225Z,behavior_monitor,10,673,553,1139,667,646,563,479.82,28.67,503.39,system,NA,0.056,2.83,69.95,143.55,120.92,99.11,0.0
Negotiation_46,R6,2026-09-10T06:46:23.829188Z,shot_hit,10,674,558,1136,671,650,563,476.53,24.44,498.53,agent,NA,0.049,2.83,69.95,143.55,120.92,99.11,0.0
Negotiation_46,R6,2026-09-10T06:46:23.829931Z,flight_spawn,11,729,-20,1136,671,650,563,803.21,589.02,498.53,system,NA,0.423,3.12,129.94,143.55,120.92,99.11,0.0
Negotiation_46,R6,2026-09-10T06:46:24.867864Z,human_signal,11,574,72,1074,712,626,563,812.1,493.43,472.64,human,your_turn,0.378,3.12,128.79,0.0,180.0,76.24,180.0
Negotiation_46,R6,2026-09-10T06:46:24.868532Z,behavior_monitor,11,574,72,1074,712,626,563,812.1,493.43,472.64,system,NA,0.378,3.12,128.79,0.0,180.0,76.24,180.0
Negotiation_46,R6,2026-09-10T06:46:24.868896Z,human_signal,11,573,75,1074,712,626,563,810.97,491.15,472.64,human,your_turn,0.377,3.12,128.79,0.0,180.0,76.24,180.0
Negotiation_46,R6,2026-09-10T06:46:25.377403Z,behavior_monitor,11,503,121,1074,712,575,563,821.92,448.2,520.85,system,NA,0.353,3.12,179.8,0.0,180.0,99.11,180.0
Negotiation_46,R6,2026-09-10T06:46:25.887702Z,behavior_monitor,11,416,133,1074,712,525,562,876.61,442.45,569.58,system,NA,0.335,3.12,174.12,0.0,180.0,99.11,180.0
Negotiation_46,R6,2026-09-10T06:46:26.400156Z,behavior_monitor,11,322,143,1074,712,474,562,943.37,446.34,618.4,system,NA,0.321,3.12,174.12,0.0,180.0,99.11,180.0
Negotiation_46,R6,2026-09-10T06:46:26.911815Z,behavior_monitor,11,226,161,1074,712,423,563,1011.25,447.5,667.6,system,NA,0.307,3.12,154.14,0.0,180.0,99.11,180.0
Negotiation_46,R6,2026-09-10T06:46:27.420402Z,behavior_monitor,11,141,183,1074,712,374,563,1072.4,445.79,715.98,system,NA,0.294,3.12,159.33,0.0,180.0,99.11,180.0
Negotiation_46,R6,2026-09-10T06:46:27.929839Z,behavior_monitor,11,55,206,1074,712,323,563,1137.77,446.34,765.82,system,NA,0.282,3.12,165.8,0.0,180.0,99.11,180.0
Negotiation_46,R6,2026-09-10T06:46:28.441064Z,behavior_monitor,11,44,236,1074,712,271,563,1134.4,397.93,816.53,system,NA,0.26,1.93,40.77,0.0,180.0,99.11,180.0
Negotiation_46,R6,2026-09-10T06:46:28.948325Z,behavior_monitor,11,88,267,1074,712,221,563,1081.98,324.41,866.27,system,NA,0.231,1.93,12.18,0.0,180.0,99.11,180.0
Negotiation_46,R6,2026-09-10T06:46:29.458371Z,behavior_monitor,11,143,278,1074,712,170,563,1026.89,286.42,916.13,system,NA,0.218,1.93,9.61,0.0,180.0,99.11,180.0
Negotiation_46,R6,2026-09-10T06:46:31.021579Z,agent_signal,11,312,322,942,744,275,562,759.03,242.85,691.77,agent,i_can,0.242,1.93,13.78,139.64,157.93,99.11,0.0
Negotiation_46,R6,2026-09-10T06:46:31.038705Z,behavior_monitor,11,312,322,942,744,276,562,759.03,242.22,690.62,system,NA,0.242,1.93,13.78,139.64,157.93,81.43,-18.47
Negotiation_46,R6,2026-09-10T06:46:31.548998Z,behavior_monitor,11,365,340,876,755,327,562,659.12,225.35,582.56,system,NA,0.255,1.93,14.53,129.41,180.0,99.11,0.0
Negotiation_46,R6,2026-09-10T06:46:32.060858Z,behavior_monitor,11,422,353,832,755,377,562,574.46,213.13,494.29,system,NA,0.271,1.93,5.72,43.41,180.0,101.5,1.16
Negotiation_46,R6,2026-09-10T06:46:32.571303Z,behavior_monitor,11,471,370,806,732,428,562,493.36,196.16,414.9,system,NA,0.284,1.93,46.2,36.09,-90.0,93.6,0.0
Negotiation_46,R6,2026-09-10T06:46:33.082933Z,behavior_monitor,11,512,412,825,729,478,564,445.62,155.0,384.65,system,NA,0.258,1.93,46.2,72.55,0.0,102.76,15.87
Negotiation_46,R6,2026-09-10T06:46:33.592580Z,behavior_monitor,11,561,440,889,729,529,563,436.75,127.86,396.23,system,NA,0.226,1.93,22.71,129.41,0.0,99.11,0.0
Negotiation_46,R6,2026-09-10T06:46:34.103486Z,behavior_monitor,11,616,461,955,729,579,563,431.53,108.47,410.85,system,NA,0.201,1.93,20.37,129.41,0.0,99.11,0.0
Negotiation_46,R6,2026-09-10T06:46:34.615246Z,behavior_monitor,11,664,489,1021,729,629,563,429.62,82.16,425.3,system,NA,0.161,1.93,46.15,122.22,0.0,93.6,0.0
Negotiation_46,R6,2026-09-10T06:46:35.125598Z,behavior_monitor,11,707,526,1087,729,679,563,430.86,46.5,439.93,system,NA,0.097,1.93,24.46,129.41,0.0,99.11,0.0
Negotiation_46,R6,2026-09-10T06:46:35.228402Z,shot_miss,11,719,531,1102,729,691,563,430.83,42.59,443.27,agent,NA,0.09,1.93,24.46,129.41,0.0,99.11,0.0
Negotiation_46,R6,2026-09-10T06:46:35.465498Z,shot_hit,11,741,545,1133,729,715,563,432.86,31.93,449.8,agent,NA,0.069,1.93,26.04,129.41,0.0,128.03,-9.46
Negotiation_46,R6,2026-09-10T06:46:35.466374Z,flight_spawn,12,300,-20,1133,729,715,563,1120.59,715.87,449.8,system,NA,0.39,3.54,124.4,129.41,0.0,128.03,-9.46
Negotiation_46,R6,2026-09-10T06:46:36.434482Z,human_signal,12,274,167,1186,729,661,562,1070.89,553.29,550.44,human,your_turn,0.341,3.54,92.92,0.0,180.0,76.24,180.0
Negotiation_46,R6,2026-09-10T06:46:36.435572Z,behavior_monitor,12,274,167,1186,729,661,562,1070.89,553.29,550.44,system,NA,0.341,3.54,92.92,0.0,180.0,76.24,180.0
Negotiation_46,R6,2026-09-10T06:46:36.436027Z,human_signal,12,275,171,1186,729,661,562,1068.7,550.49,550.44,human,your_turn,0.34,3.54,92.92,0.0,180.0,76.24,180.0
Negotiation_46,R6,2026-09-10T06:46:36.944350Z,behavior_monitor,12,306,267,1186,729,611,563,994.28,425.35,598.44,system,NA,0.3,3.54,67.17,0.0,180.0,99.11,180.0
Negotiation_46,R6,2026-09-10T06:46:37.166487Z,agent_signal,12,327,310,1167,729,589,563,937.71,363.57,600.94,agent,i_can,0.279,3.54,68.58,95.23,180.0,93.6,180.0
Negotiation_46,R6,2026-09-10T06:46:37.456406Z,behavior_monitor,12,353,359,1138,729,560,563,867.98,291.21,600.77,system,NA,0.251,3.54,45.13,106.84,180.0,99.11,180.0
Negotiation_46,R6,2026-09-10T06:46:37.965184Z,behavior_monitor,12,425,434,1081,729,510,563,719.54,155.01,594.22,system,NA,0.177,3.54,45.13,113.11,180.0,99.11,180.0
Negotiation_46,R6,2026-09-10T06:46:38.475168Z,behavior_monitor,12,499,509,1052,729,473,563,595.43,59.68,602.3,system,NA,0.091,3.54,45.13,0.0,180.0,99.11,0.0
Negotiation_46,R6,2026-09-10T06:46:38.678487Z,shot_hit,12,518,550,1070,729,495,563,579.81,26.44,597.9,agent,NA,0.044,3.54,69.92,129.41,0.0,99.11,0.0
Negotiation_46,R6,2026-09-10T06:46:38.679544Z,flight_spawn,13,757,-20,1070,729,495,563,811.84,639.77,597.9,system,NA,0.441,2.83,135.0,129.41,0.0,99.11,0.0
Negotiation_46,R6,2026-09-10T06:46:40.330121Z,human_signal,13,545,100,1144,729,526,563,867.86,463.06,639.14,human,your_turn,0.348,2.83,110.5,0.0,0.0,0.0,0.0
Negotiation_46,R6,2026-09-10T06:46:40.330992Z,behavior_monitor,13,545,100,1144,729,526,563,867.86,463.06,639.14,system,NA,0.348,2.83,110.5,0.0,0.0,0.0,0.0
Negotiation_46,R6,2026-09-10T06:46:40.331433Z,human_signal,13,543,103,1144,729,526,563,867.06,460.35,639.14,human,your_turn,0.347,2.83,110.5,0.0,0.0,0.0,0.0
Negotiation_46,R6,2026-09-10T06:46:40.840970Z,behavior_monitor,13,517,172,1144,729,503,563,838.39,391.6,661.95,system,NA,0.318,2.83,170.39,0.0,0.0,99.11,180.0
Negotiation_46,R6,2026-09-10T06:46:41.351872Z,behavior_monitor,13,433,195,1144,729,452,563,889.21,368.89,710.78,system,NA,0.293,2.83,161.81,0.0,0.0,99.11,180.0
Negotiation_46,R6,2026-09-10T06:46:41.862174Z,behavior_monitor,13,351,206,1144,729,402,563,948.97,360.23,760.02,system,NA,0.275,2.83,160.04,0.0,0.0,99.11,180.0
Negotiation_46,R6,2026-09-10T06:46:42.371915Z,behavior_monitor,13,273,235,1144,729,351,563,1001.03,336.5,810.0,system,NA,0.252,2.83,160.04,0.0,0.0,99.11,180.0
Negotiation_46,R6,2026-09-10T06:46:42.880824Z,behavior_monitor,13,196,276,1144,729,300,563,1049.71,304.43,859.53,system,NA,0.225,2.83,137.7,0.0,0.0,99.11,180.0
Negotiation_46,R6,2026-09-10T06:46:43.102805Z,agent_signal,13,182,312,1144,729,278,562,1047.86,268.33,881.51,agent,i_can,0.204,2.83,88.08,0.0,0.0,99.11,180.0
Negotiation_46,R6,2026-09-10T06:46:43.393556Z,behavior_monitor,13,169,355,1144,729,249,562,1043.43,221.63,909.75,system,NA,0.175,2.83,87.75,0.0,0.0,99.11,180.0
Negotiation_46,R6,2026-09-10T06:46:43.903837Z,behavior_monitor,13,197,433,1144,729,198,562,991.33,128.59,959.78,system,NA,0.115,2.83,64.37,0.0,0.0,99.11,180.0
Negotiation_46,R6,2026-09-10T06:46:44.413498Z,behavior_monitor,13,256,494,1171,729,225,562,944.46,73.95,960.07,system,NA,0.073,2.83,38.8,116.54,0.0,99.68,-10.31
Negotiation_46,R6,2026-09-10T06:46:44.788851Z,shot_miss,13,308,535,1218,729,264,562,930.29,51.73,968.53,agent,NA,0.053,2.83,38.8,129.41,0.0,99.11,0.0
Negotiation_46,R6,2026-09-10T06:46:44.926091Z,behavior_monitor,13,322,548,1233,729,276,562,929.0,48.75,972.09,system,NA,0.05,2.83,38.8,129.41,0.0,99.11,0.0
Negotiation_46,R6,2026-09-10T06:46:45.146107Z,shot_miss,13,353,572,1244,729,300,567,904.33,54.02,958.24,agent,NA,0.056,2.83,62.16,0.0,0.0,169.61,54.25
Negotiation_46,R6,2026-09-10T06:46:45.349905Z,shot_miss,13,367,602,1243,729,320,595,884.73,48.3,933.02,agent,NA,0.052,2.83,62.16,0.0,0.0,169.61,54.25
Negotiation_46,R6,2026-09-10T06:46:45.435184Z,behavior_monitor,13,374,612,1239,729,326,603,872.5,48.62,921.06,system,NA,0.053,2.83,62.16,72.32,180.0,138.35,52.61
Negotiation_46,R6,2026-09-10T06:46:45.945432Z,behavior_monitor,13,396,693,1175,747,373,674,781.35,29.35,805.09,system,NA,0.036,2.83,88.63,136.8,161.09,137.65,90.0
Negotiation_46,R6,2026-09-10T06:46:46.454992Z,behavior_monitor,13,408,775,1109,770,385,744,701.33,38.15,724.56,system,NA,0.052,2.83,66.57,136.84,161.03,169.61,54.25
Negotiation_46,R6,2026-09-10T06:46:46.965107Z,behavior_monitor,13,445,849,1043,793,422,814,600.41,41.48,621.38,system,NA,0.065,2.83,65.43,136.84,161.03,169.61,54.25
Negotiation_46,R6,2026-09-10T06:46:47.149528Z,shot_miss,13,456,879,1017,800,432,842,566.06,44.25,586.01,agent,NA,0.072,2.83,65.43,129.41,180.0,169.61,54.25
Negotiation_46,R6,2026-09-10T06:46:47.319894Z,shot_miss,13,457,907,996,788,435,866,552.41,46.53,566.31,agent,NA,0.078,2.83,91.36,143.57,-137.93,137.65,90.0
Negotiation_46,R6,2026-09-10T06:46:47.473050Z,behavior_monitor,13,455,930,984,774,435,884,551.41,49.11,559.28,system,NA,0.082,2.83,91.36,139.78,-130.38,137.65,90.0
Negotiation_46,R6,2026-09-10T06:46:47.609462Z,flight_missed,13,450,953,970,758,434,905,555.77,50.6,556.36,system,NA,0.083,2.83,115.41,139.63,-129.13,169.61,125.75
Negotiation_46,R6,2026-09-10T06:46:47.610578Z,flight_spawn,14,846,-20,970,758,434,905,788.14,1013.35,556.36,system,NA,0.563,3.43,125.65,139.63,-129.13,169.61,125.75
Negotiation_46,R6,2026-09-10T06:46:49.434365Z,human_signal,14,558,178,903,566,542,743,519.14,564.56,401.82,human,your_turn,0.521,3.43,156.25,0.0,-90.0,130.47,-125.75
Negotiation_46,R6,2026-09-10T06:46:49.435051Z,behavior_monitor,14,558,178,903,566,542,743,519.14,564.56,401.82,system,NA,0.521,3.43,156.25,0.0,-90.0,123.22,-125.75
Negotiation_46,R6,2026-09-10T06:46:49.435510Z,human_signal,14,554,180,903,566,542,743,520.67,563.08,401.82,human,your_turn,0.52,3.43,156.25,0.0,-90.0,123.22,-125.75
Negotiation_46,R6,2026-09-10T06:46:49.945465Z,behavior_monitor,14,466,220,903,566,492,672,557.66,452.31,424.65,system,NA,0.448,3.43,156.25,0.0,-90.0,169.61,-125.75
Negotiation_46,R6,2026-09-10T06:46:50.455251Z,behavior_monitor,14,372,261,903,566,441,601,612.54,346.9,463.3,system,NA,0.362,3.43,156.25,0.0,-90.0,169.61,-125.75
Negotiation_46,R6,2026-09-10T06:46:50.965590Z,behavior_monitor,14,288,317,903,566,391,566,663.45,269.15,512.59,system,NA,0.289,3.43,130.78,0.0,-90.0,99.11,180.0
Negotiation_46,R6,2026-09-10T06:46:51.473857Z,behavior_monitor,14,265,416,903,566,340,567,656.01,168.45,563.37,system,NA,0.204,3.43,147.01,0.0,-90.0,126.66,173.94
Negotiation_46,R6,2026-09-10T06:46:51.576381Z,agent_signal,14,244,429,903,566,330,567,673.12,162.05,573.48,agent,i_can,0.194,3.43,147.01,0.0,-90.0,99.11,180.0
Negotiation_46,R6,2026-09-10T06:46:51.982840Z,behavior_monitor,14,174,461,903,566,289,567,736.53,156.42,613.92,system,NA,0.175,3.43,172.44,0.0,-90.0,99.11,180.0
Negotiation_46,R6,2026-09-10T06:46:52.494219Z,behavior_monitor,14,75,479,891,580,239,566,822.22,185.88,652.1,system,NA,0.184,3.43,150.58,83.14,131.72,99.11,180.0
Negotiation_46,R6,2026-09-10T06:46:53.007115Z,behavior_monitor,14,36,530,854,627,188,566,823.99,156.47,668.73,system,NA,0.16,2.46,45.21,140.96,126.94,99.11,180.0
Negotiation_46,R6,2026-09-10T06:46:53.517005Z,behavior_monitor,14,96,563,811,685,137,566,724.83,40.87,684.13,system,NA,0.053,2.46,16.28,137.47,124.68,99.11,180.0
Negotiation_46,R6,2026-09-10T06:46:53.671566Z,shot_hit,14,121,570,799,704,120,566,691.3,3.6,692.24,agent,NA,0.005,2.46,16.28,133.09,121.85,99.11,180.0
Negotiation_46,R6,2026-09-10T06:46:53.672482Z,flight_spawn,15,784,-20,799,704,120,566,724.6,885.71,692.24,system,NA,0.55,3.16,129.24,133.09,121.85,99.11,180.0
Negotiation_46,R6,2026-09-10T06:46:54.706643Z,human_signal,15,771,157,795,676,174,566,519.94,722.98,629.86,human,i_can,0.582,3.16,98.49,113.75,-68.69,76.24,0.0
Negotiation_46,R6,2026-09-10T06:46:54.723077Z,behavior_monitor,15,771,157,795,676,175,566,519.94,722.18,628.9,system,NA,0.581,3.16,98.49,116.13,-68.93,57.18,0.0
Negotiation_46,R6,2026-09-10T06:46:55.233922Z,behavior_monitor,15,727,239,798,611,205,567,378.82,616.84,594.81,system,NA,0.62,3.16,124.14,135.84,-107.7,57.18,0.0
Negotiation_46,R6,2026-09-10T06:46:55.625388Z,agent_signal,15,712,312,767,565,218,567,258.81,555.97,548.95,agent,your_turn,0.682,3.16,98.2,139.02,-134.67,0.0,0.0
Negotiation_46,R6,2026-09-10T06:46:55.742507Z,behavior_monitor,15,710,331,756,555,225,565,229.34,538.62,531.56,system,NA,0.701,3.16,94.48,139.26,-139.62,57.18,0.0
Negotiation_46,R6,2026-09-10T06:46:56.253933Z,behavior_monitor,15,692,423,703,511,253,566,89.04,461.88,453.18,system,NA,0.838,3.16,120.02,116.02,-120.56,57.18,0.0
Negotiation_46,R6,2026-09-10T06:46:56.580244Z,shot_miss,15,661,475,692,479,261,566,31.55,410.3,440.02,human,NA,0.929,3.16,120.02,124.26,-146.67,0.0,0.0
Negotiation_46,R6,2026-09-10T06:46:56.766869Z,behavior_monitor,15,651,506,668,484,261,566,28.48,394.33,415.67,system,NA,0.933,3.16,93.97,143.66,146.04,0.0,0.0
Negotiation_46,R6,2026-09-10T06:46:56.988245Z,shot_miss,15,658,546,650,507,261,566,40.22,397.53,393.26,human,NA,0.908,3.16,71.6,136.64,108.73,0.0,0.0
Negotiation_46,R6,2026-09-10T06:46:57.280601Z,behavior_monitor,15,687,590,647,544,262,567,60.84,425.29,385.67,system,NA,0.875,3.16,45.11,129.41,90.0,130.47,54.25
Negotiation_46,R6,2026-09-10T06:46:57.790626Z,behavior_monitor,15,768,626,660,608,301,621,109.1,466.75,359.33,system,NA,0.811,3.16,16.38,136.4,53.97,130.47,54.25
Negotiation_46,R6,2026-09-10T06:46:58.301387Z,behavior_monitor,15,858,657,718,647,340,652,141.15,518.29,377.51,system,NA,0.786,3.16,45.89,137.36,25.94,130.47,54.25
Negotiation_46,R6,2026-09-10T06:46:58.812491Z,behavior_monitor,15,905,738,783,656,379,705,146.71,527.02,407.47,system,NA,0.782,3.16,72.38,129.41,0.0,130.47,54.25
Negotiation_46,R6,2026-09-10T06:46:59.326062Z,behavior_monitor,15,914,830,849,656,418,759,185.7,501.01,443.55,system,NA,0.73,3.16,99.04,129.41,0.0,130.47,54.25
Negotiation_46,R6,2026-09-10T06:46:59.836443Z,behavior_monitor,15,873,912,915,656,457,813,259.89,427.92,484.7,system,NA,0.622,3.16,150.57,129.41,0.0,130.47,54.25
Negotiation_46,R6,2026-09-10T06:47:00.246092Z,flight_missed,15,806,953,967,656,489,858,338.03,330.78,519.06,system,NA,0.495,3.16,128.17,90.91,0.0,130.47,54.25
Negotiation_46,R6,2026-09-10T06:47:00.247382Z,flight_spawn,16,599,-20,967,656,489,858,770.06,885.42,519.06,system,NA,0.535,2.83,135.0,90.91,0.0,130.47,54.25
Negotiation_46,R6,2026-09-10T06:47:03.557612Z,human_signal,16,316,338,960,569,338,648,684.23,311.42,627.07,human,your_turn,0.313,2.83,110.22,0.0,-90.0,130.47,-125.75
Negotiation_46,R6,2026-09-10T06:47:03.558259Z,behavior_monitor,16,316,338,960,569,338,648,684.23,311.42,627.07,system,NA,0.313,2.83,110.22,0.0,-90.0,130.47,-125.75
Negotiation_46,R6,2026-09-10T06:47:03.558714Z,human_signal,16,316,340,960,569,338,648,683.93,308.82,627.07,human,your_turn,0.311,2.83,110.22,0.0,-90.0,130.47,-125.75
Negotiation_46,R6,2026-09-10T06:47:04.068560Z,behavior_monitor,16,285,417,960,569,287,579,692.2,161.93,673.06,system,NA,0.19,2.83,135.11,0.0,-90.0,169.61,-125.75
Negotiation_46,R6,2026-09-10T06:47:04.086526Z,agent_signal,16,282,421,960,569,286,576,694.08,155.62,674.72,agent,i_can,0.183,2.83,135.11,0.0,-90.0,169.61,-125.75
Negotiation_46,R6,2026-09-10T06:47:04.580433Z,behavior_monitor,16,210,443,960,569,237,565,761.11,124.51,723.48,system,NA,0.141,2.83,177.69,0.0,-90.0,99.11,180.0
Negotiation_46,R6,2026-09-10T06:47:05.090088Z,behavior_monitor,16,127,456,960,569,186,565,841.14,123.88,774.02,system,NA,0.128,2.83,152.77,0.0,-90.0,99.11,180.0
Negotiation_46,R6,2026-09-10T06:47:05.599877Z,behavior_monitor,16,48,476,960,569,136,565,916.67,124.52,824.7,system,NA,0.12,2.83,175.39,0.0,-90.0,99.11,180.0
Negotiation_46,R6,2026-09-10T06:47:06.111319Z,behavior_monitor,16,46,493,960,569,85,564,917.32,81.5,875.78,system,NA,0.082,1.71,28.12,0.0,-90.0,99.11,180.0
Negotiation_46,R6,2026-09-10T06:47:06.622205Z,behavior_monitor,16,94,511,960,569,69,564,868.45,58.51,890.94,system,NA,0.063,1.71,28.32,0.0,-90.0,99.11,0.0
Negotiation_46,R6,2026-09-10T06:47:06.876706Z,shot_miss,16,115,527,960,569,91,564,846.22,44.04,869.04,agent,NA,0.049,1.71,78.76,0.0,-90.0,0.0,0.0
Negotiation_46,R6,2026-09-10T06:47:07.081232Z,shot_hit,16,127,543,960,569,103,564,833.76,32.03,857.24,agent,NA,0.037,1.71,32.69,0.0,-90.0,99.11,0.0
Negotiation_46,R6,2026-09-10T06:47:07.081681Z,flight_spawn,17,514,-20,960,569,103,564,739.31,714.87,857.24,system,NA,0.492,3.46,54.67,0.0,-90.0,99.11,0.0
Negotiation_46,R6,2026-09-10T06:47:09.205265Z,agent_signal,17,778,311,846,645,243,565,340.82,592.29,608.42,agent,your_turn,0.635,3.46,44.17,129.41,180.0,76.24,0.0
Negotiation_46,R6,2026-09-10T06:47:09.222504Z,behavior_monitor,17,778,311,846,645,244,565,340.82,591.41,607.46,system,NA,0.634,3.46,44.17,129.41,180.0,57.18,0.0
Negotiation_46,R6,2026-09-10T06:47:09.733754Z,behavior_monitor,17,866,345,798,636,273,565,298.71,632.85,529.59,system,NA,0.679,3.46,3.95,81.34,-61.47,54.0,0.0
Negotiation_46,R6,2026-09-10T06:47:10.244470Z,behavior_monitor,17,948,401,854,592,287,565,212.96,681.5,567.57,system,NA,0.762,3.46,49.56,141.34,-34.16,0.0,0.0
Negotiation_46,R6,2026-09-10T06:47:10.753607Z,behavior_monitor,17,1017,480,918,575,294,565,136.82,728.51,624.75,system,NA,0.842,3.46,49.56,129.41,0.0,76.24,0.0
Negotiation_46,R6,2026-09-10T06:47:11.265513Z,behavior_monitor,17,1066,561,984,575,333,564,82.59,732.6,651.24,system,NA,0.899,3.46,30.33,129.41,0.0,76.24,0.0
Negotiation_46,R6,2026-09-10T06:47:11.774862Z,behavior_monitor,17,1160,600,1050,580,372,595,111.81,788.3,678.39,system,NA,0.876,3.46,9.77,134.73,17.59,130.47,54.25
Negotiation_46,R6,2026-09-10T06:47:12.283867Z,behavior_monitor,17,1266,617,1114,607,411,613,152.91,855.51,702.98,system,NA,0.848,3.46,9.77,136.18,24.5,130.47,54.25
Negotiation_46,R6,2026-09-10T06:47:12.794005Z,behavior_monitor,17,1355,666,1177,637,450,654,181.27,905.69,726.98,system,NA,0.833,3.46,37.03,136.41,26.02,130.47,54.25
Negotiation_46,R6,2026-09-10T06:47:13.305027Z,behavior_monitor,17,1424,742,1238,670,489,708,199.12,935.53,749.9,system,NA,0.825,3.46,62.12,138.22,31.08,130.47,54.25
Negotiation_46,R6,2026-09-10T06:47:13.321830Z,human_signal,17,1427,748,1242,673,490,710,199.43,937.3,752.59,human,i_can,0.825,3.46,62.12,138.34,31.17,130.47,54.25
Negotiation_46,R6,2026-09-10T06:47:13.816253Z,behavior_monitor,17,1421,811,1297,709,518,749,160.59,904.85,780.0,system,NA,0.849,2.6,107.23,139.06,36.14,97.85,54.25
Negotiation_46,R6,2026-09-10T06:47:14.327242Z,behavior_monitor,17,1442,878,1319,767,532,769,165.78,915.92,786.32,system,NA,0.847,2.6,50.93,129.41,90.0,0.0,79.72
Negotiation_46,R6,2026-09-10T06:47:14.837219Z,behavior_monitor,17,1418,935,1324,807,544,783,159.72,887.72,780.2,system,NA,0.848,2.25,142.7,0.0,54.03,130.47,54.25
Negotiation_46,R6,2026-09-10T06:47:14.973932Z,flight_missed,17,1409,952,1324,807,555,800,168.83,867.34,768.22,system,NA,0.837,2.25,115.15,0.0,54.03,130.47,54.25
Negotiation_46,R6,2026-09-10T06:47:14.975061Z,flight_spawn,18,954,-20,1324,807,555,800,906.23,911.72,768.22,system,NA,0.502,2.83,45.0,0.0,54.03,130.47,54.25
Negotiation_46,R6,2026-09-10T06:47:19.126270Z,agent_signal,18,1434,382,1432,461,837,566,78.28,625.45,604.25,agent,your_turn,0.889,2.27,123.9,140.45,-27.05,0.0,0.0
Negotiation_46,R6,2026-09-10T06:47:19.142746Z,behavior_monitor,18,1434,382,1432,461,837,566,78.28,625.45,604.25,system,NA,0.889,2.27,123.9,140.83,-27.77,0.0,0.0
Negotiation_46,R6,2026-09-10T06:47:19.635888Z,shot_hit,18,1417,444,1445,439,850,566,28.26,580.04,608.3,human,NA,0.954,2.27,71.53,141.48,113.84,57.18,0.0
Negotiation_46,R6,2026-09-10T06:47:19.636999Z,flight_spawn,19,554,-20,1445,439,850,566,1002.11,656.46,608.3,system,NA,0.396,3.15,50.52,141.48,113.84,57.18,0.0
Negotiation_46,R6,2026-09-10T06:47:21.545084Z,agent_signal,19,613,312,1260,594,723,566,706.27,276.5,537.94,agent,i_can,0.281,3.15,98.12,129.22,153.79,76.24,180.0
Negotiation_46,R6,2026-09-10T06:47:21.562531Z,behavior_monitor,19,613,312,1260,594,721,566,706.27,275.83,539.62,system,NA,0.281,3.15,98.12,132.77,153.17,99.11,180.0
Negotiation_46,R6,2026-09-10T06:47:22.070134Z,behavior_monitor,19,606,404,1198,627,670,566,632.89,174.4,531.01,system,NA,0.216,3.15,117.13,148.1,152.69,105.3,180.0
Negotiation_46,R6,2026-09-10T06:47:22.577122Z,behavior_monitor,19,532,454,1132,652,620,565,631.32,141.56,519.25,system,NA,0.183,3.15,168.52,136.86,161.02,99.11,180.0
Negotiation_46,R6,2026-09-10T06:47:23.086085Z,behavior_monitor,19,454,501,1066,674,569,565,636.15,132.36,508.39,system,NA,0.172,3.15,170.78,136.86,161.02,99.11,180.0
Negotiation_46,R6,2026-09-10T06:47:23.596257Z,behavior_monitor,19,378,536,1000,697,519,565,642.23,143.48,499.0,system,NA,0.183,3.15,126.64,136.86,161.02,99.11,180.0
Negotiation_46,R6,2026-09-10T06:47:24.106841Z,behavior_monitor,19,375,627,934,720,468,609,566.67,94.94,478.95,system,NA,0.143,3.15,73.02,137.19,160.62,169.61,125.75
Negotiation_46,R6,2026-09-10T06:47:24.501635Z,shot_hit,19,411,692,881,739,428,665,472.59,31.96,459.26,agent,NA,0.063,3.15,51.2,137.79,159.91,169.61,125.75
Negotiation_46,R6,2026-09-10T06:47:24.502723Z,flight_spawn,20,315,-20,881,739,428,665,947.31,695.02,459.26,system,NA,0.423,3.49,54.98,137.79,159.91,169.61,125.75
Negotiation_46,R6,2026-09-10T06:47:27.084148Z,human_signal,20,745,236,973,587,522,565,418.55,397.06,451.08,human,i_can,0.487,3.49,2.66,123.82,0.0,76.24,0.0
Negotiation_46,R6,2026-09-10T06:47:27.100827Z,behavior_monitor,20,745,236,973,587,523,565,418.55,396.51,450.11,system,NA,0.486,3.49,2.66,119.09,0.0,57.18,0.0
Negotiation_46,R6,2026-09-10T06:47:27.614012Z,behavior_monitor,20,850,246,1012,587,553,565,378.18,436.05,459.8,system,NA,0.536,3.49,22.68,62.3,0.0,57.18,0.0
Negotiation_46,R6,2026-09-10T06:47:28.123954Z,behavior_monitor,20,937,299,1044,587,565,566,307.93,457.98,479.17,system,NA,0.598,3.49,98.79,62.17,0.0,0.0,-157.6
Negotiation_46,R6,2026-09-10T06:47:28.601007Z,agent_signal,20,929,398,1051,598,565,566,234.5,400.49,487.12,agent,your_turn,0.631,3.49,74.84,126.48,131.53,0.0,63.63
Negotiation_46,R6,2026-09-10T06:47:28.635377Z,behavior_monitor,20,930,402,1050,600,567,566,231.71,398.31,483.73,system,NA,0.632,3.49,74.84,137.19,132.46,57.18,0.0
Negotiation_46,R6,2026-09-10T06:47:29.147466Z,behavior_monitor,20,981,485,999,652,596,566,168.83,393.54,412.23,system,NA,0.7,3.49,27.41,143.05,133.99,57.18,0.0
Negotiation_46,R6,2026-09-10T06:47:29.657601Z,behavior_monitor,20,1074,533,1012,646,608,566,129.44,467.38,412.37,system,NA,0.783,3.49,27.41,135.4,-17.11,0.0,0.0
Negotiation_46,R6,2026-09-10T06:47:30.167786Z,behavior_monitor,20,1172,564,1078,642,609,565,122.04,563.47,476.02,system,NA,0.822,3.49,5.9,129.41,0.0,0.0,-34.08
Negotiation_46,R6,2026-09-10T06:47:30.679540Z,behavior_monitor,20,1275,584,1144,642,640,578,143.37,635.63,508.65,system,NA,0.816,3.49,8.82,129.41,0.0,76.24,0.0
Negotiation_46,R6,2026-09-10T06:47:31.190555Z,behavior_monitor,20,1366,626,1210,642,678,615,156.72,687.84,532.58,system,NA,0.814,3.49,38.02,129.41,0.0,101.86,59.72
Negotiation_46,R6,2026-09-10T06:47:31.702483Z,behavior_monitor,20,1394,720,1275,652,717,670,137.3,679.06,558.19,system,NA,0.832,3.49,115.59,138.69,39.04,130.47,54.25
Negotiation_46,R6,2026-09-10T06:47:32.214556Z,behavior_monitor,20,1324,796,1321,706,756,724,89.86,572.49,564.86,system,NA,0.864,3.49,114.26,144.49,63.59,130.47,54.25
Negotiation_46,R6,2026-09-10T06:47:32.724471Z,behavior_monitor,20,1318,891,1323,772,795,778,119.08,535.2,528.02,system,NA,0.818,3.49,56.46,129.41,90.0,130.47,54.25
Negotiation_46,R6,2026-09-10T06:47:33.031643Z,flight_missed,20,1317,955,1323,812,819,812,142.72,518.02,503.37,system,NA,0.784,3.49,102.31,97.51,90.0,130.47,54.25
