user_id,round_id,timestamp,event_type,flight_id,flight_x,flight_y,human_x,human_y,agent_x,agent_y,dist_human_flight,dist_agent_flight,dist_human_agent,triggered_by,signal_type,dir_ratio,flight_speed,flight_angle,human_speed,human_direction,agent_speed,agent_direction
Negotiation_8,R1,2026-08-21T08:02:52.629023Z,flight_spawn,1,1089,-20,682,836,772,613,948.09,708.06,240.67,system,NA,0.428,3.36,126.56,0.0,180.0,0.0,125.75
Negotiation_8,R1,2026-08-21T08:10:37.880640Z,agent_signal,1,463,308,786,478,516,565,365.1,262.37,284.11,agent,i_can,0.418,3.36,163.69,134.37,-164.39,76.24,180.0
Negotiation_8,R1,2026-08-21T08:10:37.897620Z,behavior_monitor,1,463,308,786,478,514,565,365.1,262.08,285.53,system,NA,0.418,3.36,163.69,133.47,-165.83,87.67,180.0
Negotiation_8,R1,2026-08-21T08:10:38.406306Z,behavior_monitor,1,372,348,720,477,469,565,371.65,238.33,265.53,system,NA,0.391,3.36,153.27,129.41,180.0,87.67,180.0
Negotiation_8,R1,2026-08-21T08:10:38.915497Z,behavior_monitor,1,309,414,721,477,425,564,416.09,189.17,308.58,system,NA,0.313,3.36,68.79,134.41,15.67,73.84,-157.44
Negotiation_8,R1,2026-08-21T08:10:39.421774Z,behavior_monitor,1,347,508,725,478,379,564,378.58,64.43,356.24,system,NA,0.145,3.36,68.79,0.0,15.85,78.58,179.89
Negotiation_8,R1,2026-08-21T08:10:39.762693Z,shot_hit,1,358,576,725,478,348,569,380.03,12.57,387.63,agent,NA,0.032,3.36,76.11,0.0,15.85,150.04,125.75
Negotiation_8,R1,2026-08-21T08:10:39.763634Z,flight_spawn,2,107,-20,725,478,348,569,794.03,636.35,387.63,system,NA,0.445,2.83,45.0,0.0,15.85,150.04,125.75
Negotiation_8,R1,2026-08-21T08:10:42.218592Z,human_signal,2,70,162,652,456,206,565,651.62,425.25,458.63,human,i_can,0.395,2.83,170.66,129.41,180.0,130.47,-125.75
Negotiation_8,R1,2026-08-21T08:10:42.234957Z,behavior_monitor,2,70,162,652,456,205,565,651.62,424.84,459.89,system,NA,0.395,2.83,170.66,137.5,180.0,81.0,180.0
Negotiation_8,R1,2026-08-21T08:10:42.740141Z,behavior_monitor,2,37,184,592,456,166,565,618.26,402.89,439.32,system,NA,0.395,1.8,24.69,84.46,180.0,76.24,180.0
Negotiation_8,R1,2026-08-21T08:10:43.246582Z,behavior_monitor,2,77,210,529,456,127,565,514.58,357.97,416.57,system,NA,0.41,1.8,16.49,129.41,180.0,76.24,180.0
Negotiation_8,R1,2026-08-21T08:10:43.751408Z,behavior_monitor,2,129,226,463,456,110,565,405.83,339.69,369.35,system,NA,0.456,1.8,16.49,129.01,180.0,0.0,180.0
Negotiation_8,R1,2026-08-21T08:10:44.260915Z,behavior_monitor,2,176,244,401,446,144,565,302.39,323.28,283.52,system,NA,0.517,1.8,20.21,126.41,-155.55,76.24,0.0
Negotiation_8,R1,2026-08-21T08:10:44.770616Z,behavior_monitor,2,231,261,346,406,183,566,184.92,308.67,228.38,system,NA,0.625,1.8,18.44,137.41,-137.84,76.24,0.0
Negotiation_8,R1,2026-08-21T08:10:45.279672Z,behavior_monitor,2,281,276,317,361,221,566,92.26,295.94,226.21,system,NA,0.762,1.8,27.91,72.82,-90.0,76.24,0.0
Negotiation_8,R1,2026-08-21T08:10:45.496194Z,shot_miss,2,303,287,317,346,238,565,60.84,286.01,233.46,human,NA,0.825,1.8,27.91,60.51,-90.0,81.0,0.0
Negotiation_8,R1,2026-08-21T08:10:45.783635Z,behavior_monitor,2,329,307,337,342,261,565,35.87,266.81,235.82,system,NA,0.881,1.8,49.72,68.21,0.0,76.24,0.0
Negotiation_8,R1,2026-08-21T08:10:45.953935Z,shot_hit,2,341,321,358,344,274,565,28.2,253.3,236.89,human,NA,0.9,1.8,49.72,134.5,17.45,76.24,0.0
Negotiation_8,R1,2026-08-21T08:10:45.954456Z,flight_spawn,3,1122,-20,358,344,274,565,846.57,1030.87,236.89,system,NA,0.549,3.29,52.52,134.5,17.45,76.24,0.0
Negotiation_8,R1,2026-08-21T08:10:48.784879Z,agent_signal,3,843,366,677,467,432,566,194.65,456.97,263.68,agent,your_turn,0.701,3.29,122.68,129.41,0.0,76.24,0.0
Negotiation_8,R1,2026-08-21T08:10:48.801817Z,behavior_monitor,3,843,366,677,467,434,566,194.65,455.8,262.48,system,NA,0.701,3.29,122.68,129.41,0.0,76.24,0.0
Negotiation_8,R1,2026-08-21T08:10:49.309807Z,behavior_monitor,3,795,450,743,467,472,566,54.7,343.22,288.57,system,NA,0.863,3.29,115.91,129.41,0.0,76.24,0.0
Negotiation_8,R1,2026-08-21T08:10:49.445034Z,shot_hit,3,782,474,760,467,482,567,23.3,314.62,295.84,human,NA,0.931,3.29,115.91,137.5,0.0,81.0,0.0
Negotiation_8,R1,2026-08-21T08:10:49.445531Z,flight_spawn,4,271,-20,760,467,482,567,690.56,623.86,295.84,system,NA,0.475,2.91,46.55,137.5,0.0,81.0,0.0
Negotiation_8,R1,2026-08-21T08:10:52.358616Z,agent_signal,4,149,369,529,449,325,565,388.0,263.65,234.92,agent,i_can,0.405,2.91,102.96,138.23,152.29,76.24,180.0
Negotiation_8,R1,2026-08-21T08:10:52.375966Z,behavior_monitor,4,149,369,529,449,323,565,388.0,262.66,236.22,system,NA,0.404,2.91,102.96,138.4,152.01,87.67,180.0
Negotiation_8,R1,2026-08-21T08:10:52.885192Z,behavior_monitor,4,106,443,468,477,279,565,363.36,211.81,208.45,system,NA,0.368,2.91,127.37,113.41,162.18,87.67,180.0
Negotiation_8,R1,2026-08-21T08:10:53.395067Z,behavior_monitor,4,41,496,497,516,235,565,456.98,205.7,267.37,system,NA,0.31,2.91,156.99,140.23,67.34,87.67,180.0
Negotiation_8,R1,2026-08-21T08:10:53.900480Z,behavior_monitor,4,47,533,491,582,190,565,446.63,145.48,302.39,system,NA,0.246,1.97,55.3,134.99,106.53,87.67,180.0
Negotiation_8,R1,2026-08-21T08:10:54.411201Z,behavior_monitor,4,94,561,483,648,145,565,398.81,50.63,348.75,system,NA,0.113,1.97,5.32,129.41,90.0,90.95,-173.86
Negotiation_8,R1,2026-08-21T08:10:54.529520Z,shot_hit,4,110,564,474,665,132,564,378.11,21.84,356.94,agent,NA,0.055,1.97,16.04,140.75,121.27,117.84,-166.24
Negotiation_8,R1,2026-08-21T08:10:54.530053Z,flight_spawn,5,837,-20,474,665,132,564,775.92,916.03,356.94,system,NA,0.541,3.21,51.42,140.75,121.27,117.84,-166.24
Negotiation_8,R1,2026-08-21T08:10:56.536248Z,agent_signal,5,1008,311,637,663,260,565,511.55,789.85,389.26,agent,your_turn,0.607,3.21,56.31,137.18,-19.38,76.24,0.0
Negotiation_8,R1,2026-08-21T08:10:56.552795Z,behavior_monitor,5,1008,311,637,663,261,565,511.55,788.62,388.0,system,NA,0.607,3.21,56.31,136.36,-18.38,76.24,0.0
Negotiation_8,R1,2026-08-21T08:10:56.857271Z,human_signal,5,1041,361,677,658,285,565,469.17,782.77,402.81,human,i_can,0.625,3.21,56.31,119.94,0.0,76.24,0.0
Negotiation_8,R1,2026-08-21T08:10:57.059390Z,behavior_monitor,5,1064,387,701,658,301,565,453.01,784.26,411.14,system,NA,0.634,3.21,31.11,129.41,0.0,76.24,0.0
Negotiation_8,R1,2026-08-21T08:10:57.567661Z,behavior_monitor,5,1141,436,767,658,340,566,434.12,811.6,437.54,system,NA,0.652,3.21,31.11,137.5,0.0,81.0,0.0
Negotiation_8,R1,2026-08-21T08:10:58.073806Z,behavior_monitor,5,1196,514,833,658,379,566,389.76,818.98,464.09,system,NA,0.678,3.21,57.64,129.41,0.0,76.24,0.0
Negotiation_8,R1,2026-08-21T08:10:58.578758Z,behavior_monitor,5,1271,569,899,662,418,566,383.63,853.54,490.92,system,NA,0.69,3.21,27.7,135.51,20.81,76.24,0.0
Negotiation_8,R1,2026-08-21T08:10:59.086958Z,behavior_monitor,5,1348,617,964,686,456,612,389.88,891.36,513.03,system,NA,0.696,3.21,35.23,135.29,18.39,130.47,54.25
Negotiation_8,R1,2026-08-21T08:10:59.593090Z,behavior_monitor,5,1399,692,1029,708,495,666,369.83,904.46,536.34,system,NA,0.71,3.21,83.92,136.68,20.72,130.47,54.25
Negotiation_8,R1,2026-08-21T08:11:00.101790Z,behavior_monitor,5,1410,787,1079,755,534,719,331.95,878.43,546.56,system,NA,0.726,3.21,78.99,145.14,57.97,138.63,54.25
Negotiation_8,R1,2026-08-21T08:11:00.609696Z,behavior_monitor,5,1427,881,1118,813,569,767,316.49,865.64,550.96,system,NA,0.732,3.21,104.79,135.99,53.62,0.0,54.25
Negotiation_8,R1,2026-08-21T08:11:00.998809Z,flight_missed,5,1401,952,1151,857,580,784,267.42,837.86,575.5,system,NA,0.758,3.21,128.62,136.38,52.82,130.47,54.25
Negotiation_8,R1,2026-08-21T08:11:00.999870Z,flight_spawn,6,441,-20,1151,857,580,784,1129.15,816.21,575.5,system,NA,0.42,3.27,52.27,136.38,52.82,130.47,54.25
Negotiation_8,R1,2026-08-21T08:11:03.183472Z,agent_signal,6,512,308,919,727,538,586,584.92,279.24,406.66,agent,i_can,0.323,3.27,157.93,135.21,-151.47,130.47,-125.75
Negotiation_8,R1,2026-08-21T08:11:03.200848Z,behavior_monitor,6,512,308,919,727,536,584,584.92,277.04,408.78,system,NA,0.321,3.27,157.93,135.21,-151.47,150.04,-125.75
Negotiation_8,R1,2026-08-21T08:11:03.708724Z,behavior_monitor,6,424,345,859,694,492,565,557.84,230.28,389.23,system,NA,0.292,3.27,157.93,142.99,-151.97,93.15,180.0
Negotiation_8,R1,2026-08-21T08:11:04.217269Z,behavior_monitor,6,387,429,795,670,447,565,473.47,148.65,363.1,system,NA,0.239,3.27,86.49,133.93,-161.54,87.67,180.0
Negotiation_8,R1,2026-08-21T08:11:04.727534Z,behavior_monitor,6,374,524,730,653,403,566,378.17,50.18,338.5,system,NA,0.117,3.27,89.35,129.41,180.0,87.67,180.0
Negotiation_8,R1,2026-08-21T08:11:04.877691Z,shot_hit,6,380,556,708,653,388,566,341.78,12.41,331.65,agent,NA,0.035,3.27,68.82,129.41,180.0,87.67,180.0
Negotiation_8,R1,2026-08-21T08:11:04.878220Z,flight_spawn,7,455,-20,708,653,388,566,719.38,589.96,331.65,system,NA,0.451,3.46,125.28,129.41,180.0,87.67,180.0
Negotiation_8,R1,2026-08-21T08:11:07.266345Z,agent_signal,7,162,320,458,508,277,564,351.42,269.74,190.37,agent,i_can,0.434,3.46,176.91,129.41,180.0,76.24,180.0
Negotiation_8,R1,2026-08-21T08:11:07.283175Z,behavior_monitor,7,162,320,458,508,275,564,351.42,269.11,191.8,system,NA,0.434,3.46,176.91,129.41,180.0,87.67,180.0
Negotiation_8,R1,2026-08-21T08:11:07.790135Z,behavior_monitor,7,65,353,392,508,231,564,362.39,268.38,171.18,system,NA,0.425,3.46,175.23,129.41,180.0,87.67,180.0
Negotiation_8,R1,2026-08-21T08:11:08.297785Z,behavior_monitor,7,55,363,369,522,186,564,351.64,239.74,187.39,system,NA,0.405,2.09,12.3,129.41,180.0,87.67,180.0
Negotiation_8,R1,2026-08-21T08:11:08.803511Z,behavior_monitor,7,104,398,305,504,142,564,226.73,170.47,173.76,system,NA,0.429,2.09,8.32,137.26,-150.7,64.62,161.94
Negotiation_8,R1,2026-08-21T08:11:09.307395Z,behavior_monitor,7,162,410,278,489,133,564,140.81,157.08,163.54,system,NA,0.527,2.09,35.67,0.0,-151.7,87.67,0.0
Negotiation_8,R1,2026-08-21T08:11:09.813928Z,behavior_monitor,7,209,444,252,477,178,564,54.43,124.8,114.93,system,NA,0.696,2.09,55.48,0.0,-145.37,87.67,0.0
Negotiation_8,R1,2026-08-21T08:11:10.269635Z,shot_miss,7,224,497,252,477,200,564,34.59,71.26,101.24,human,NA,0.673,2.09,83.35,0.0,-145.37,0.0,0.0
Negotiation_8,R1,2026-08-21T08:11:10.320875Z,behavior_monitor,7,224,503,252,477,200,564,38.04,65.62,101.24,system,NA,0.633,2.09,83.35,0.0,-145.37,0.0,0.0
Negotiation_8,R1,2026-08-21T08:11:10.659844Z,shot_hit,7,230,547,252,477,206,564,73.02,29.2,98.31,agent,NA,0.286,2.09,83.35,0.0,-145.37,0.0,0.0
Negotiation_8,R1,2026-08-21T08:11:10.660544Z,flight_spawn,8,132,-20,252,477,206,564,511.98,589.28,98.31,system,NA,0.535,2.83,45.0,0.0,-145.37,0.0,0.0
Negotiation_8,R1,2026-08-21T08:11:13.979785Z,agent_signal,8,56,319,171,383,174,564,131.63,271.92,181.06,agent,your_turn,0.674,2.83,144.05,129.41,180.0,0.0,168.63
Negotiation_8,R1,2026-08-21T08:11:13.996720Z,behavior_monitor,8,56,319,171,383,174,564,131.63,271.92,181.06,system,NA,0.674,2.83,144.05,129.41,180.0,0.0,168.63
Negotiation_8,R1,2026-08-21T08:11:14.503149Z,behavior_monitor,8,34,369,105,383,141,564,72.62,222.76,184.76,system,NA,0.754,2.16,50.4,129.41,180.0,76.24,180.0
Negotiation_8,R1,2026-08-21T08:11:15.007963Z,behavior_monitor,8,56,428,73,412,102,564,22.5,143.78,154.35,system,NA,0.865,2.16,44.16,137.47,128.4,76.24,180.0
Negotiation_8,R1,2026-08-21T08:11:15.143163Z,shot_hit,8,69,436,62,427,92,563,11.76,129.47,139.61,human,NA,0.917,2.16,20.86,134.92,124.7,76.24,180.0
Negotiation_8,R1,2026-08-21T08:11:15.144170Z,flight_spawn,9,1251,-20,62,427,92,563,1270.65,1297.56,139.61,system,NA,0.505,3.16,50.73,134.92,124.7,76.24,180.0
Negotiation_8,R1,2026-08-21T08:11:17.730843Z,conflict,9,1414,425,320,506,266,565,1096.39,1155.85,79.93,system,NA,0.513,3.16,103.08,137.31,25.13,76.24,0.0
Negotiation_8,R1,2026-08-21T08:11:20.852354Z,flight_missed,9,1413,952,596,603,462,813,888.13,961.81,249.11,system,NA,0.52,3.16,32.56,135.27,20.36,130.47,54.25
Negotiation_8,R1,2026-08-21T08:11:20.854035Z,flight_spawn,10,493,-20,596,603,462,813,632.22,833.87,249.11,system,NA,0.569,2.93,133.03,135.27,20.36,130.47,54.25
Negotiation_8,R1,2026-08-21T08:11:23.543670Z,agent_signal,10,367,401,602,526,405,611,266.45,213.71,214.51,agent,i_can,0.445,2.93,138.56,136.15,-152.26,130.47,-125.75
Negotiation_8,R1,2026-08-21T08:11:23.559988Z,behavior_monitor,10,367,401,602,526,403,609,266.45,211.41,215.07,system,NA,0.442,2.93,138.56,136.1,-152.74,150.04,-125.75
Negotiation_8,R1,2026-08-21T08:11:24.065005Z,behavior_monitor,10,306,461,556,507,359,567,253.86,117.66,205.45,system,NA,0.317,2.93,139.72,0.0,180.0,87.67,180.0
Negotiation_8,R1,2026-08-21T08:11:24.573822Z,behavior_monitor,10,274,537,597,549,315,567,323.42,50.49,283.0,system,NA,0.135,2.93,111.53,137.5,0.0,93.15,180.0
Negotiation_8,R1,2026-08-21T08:11:24.758718Z,shot_miss,10,261,569,623,549,297,566,362.88,35.89,327.02,agent,NA,0.09,2.93,111.53,129.41,0.0,87.67,180.0
Negotiation_8,R1,2026-08-21T08:11:25.047862Z,shot_miss,10,240,616,637,549,272,602,401.93,34.48,368.7,agent,NA,0.079,2.93,135.67,0.0,0.0,150.04,125.75
Negotiation_8,R1,2026-08-21T08:11:25.081229Z,behavior_monitor,10,239,618,637,549,270,604,403.73,34.45,370.47,system,NA,0.079,2.93,135.67,0.0,0.0,150.04,125.75
Negotiation_8,R1,2026-08-21T08:11:25.386372Z,shot_miss,10,211,666,654,557,242,644,456.16,38.88,420.24,agent,NA,0.079,2.93,111.52,132.96,26.94,150.04,125.75
Negotiation_8,R1,2026-08-21T08:11:25.589844Z,behavior_monitor,10,199,696,677,568,226,666,494.73,40.42,461.12,system,NA,0.076,2.93,111.52,137.33,26.02,150.04,125.75
Negotiation_8,R1,2026-08-21T08:11:26.098530Z,behavior_monitor,10,153,771,740,597,181,729,612.61,51.15,573.99,system,NA,0.077,2.93,137.07,129.64,15.94,150.04,125.75
Negotiation_8,R1,2026-08-21T08:11:26.605637Z,behavior_monitor,10,114,848,778,638,137,792,696.24,60.53,659.18,system,NA,0.08,2.93,114.17,133.99,74.97,150.04,125.75
Negotiation_8,R1,2026-08-21T08:11:27.113576Z,behavior_monitor,10,75,927,789,703,92,855,747.94,74.18,712.93,system,NA,0.09,2.93,119.88,139.39,59.57,150.04,125.75
Negotiation_8,R1,2026-08-21T08:11:27.297713Z,flight_missed,10,54,953,803,726,74,880,782.75,76.41,744.49,system,NA,0.089,2.93,144.82,103.73,51.17,159.42,125.75
Negotiation_8,R1,2026-08-21T08:11:27.298204Z,flight_spawn,11,844,-20,803,726,74,880,747.36,1184.25,744.49,system,NA,0.613,3.0,131.89,103.73,51.17,159.42,125.75
Negotiation_8,R1,2026-08-21T08:11:30.905144Z,agent_signal,11,352,308,392,458,303,565,155.59,261.65,139.31,agent,your_turn,0.627,3.0,161.65,139.96,-140.65,76.24,0.0
Negotiation_8,R1,2026-08-21T08:11:30.921452Z,behavior_monitor,11,352,308,392,458,304,565,155.59,261.41,138.49,system,NA,0.627,3.0,161.65,139.21,-141.02,76.24,0.0
Negotiation_8,R1,2026-08-21T08:11:31.426878Z,behavior_monitor,11,287,364,334,421,282,565,73.35,200.72,153.51,system,NA,0.732,3.0,110.44,134.26,-155.43,76.24,180.0
Negotiation_8,R1,2026-08-21T08:11:31.831452Z,shot_hit,11,257,432,282,422,251,565,26.35,133.5,146.13,human,NA,0.835,3.0,110.44,145.6,148.87,76.24,180.0
Negotiation_8,R1,2026-08-21T08:11:31.832054Z,flight_spawn,12,586,-20,282,422,251,565,537.53,674.91,146.13,system,NA,0.557,2.83,135.0,145.6,148.87,76.24,180.0
Negotiation_8,R1,2026-08-21T08:11:35.203494Z,agent_signal,12,167,310,196,352,248,566,51.34,268.93,219.95,agent,your_turn,0.84,2.83,139.71,137.5,180.0,81.0,180.0
Negotiation_8,R1,2026-08-21T08:11:35.220042Z,behavior_monitor,12,167,310,196,352,247,566,51.34,268.54,219.64,system,NA,0.839,2.83,139.71,129.41,180.0,76.24,180.0
Negotiation_8,R1,2026-08-21T08:11:35.558347Z,shot_miss,12,126,346,153,364,221,567,32.61,240.28,213.81,human,NA,0.881,2.83,143.61,136.27,145.68,76.24,180.0
Negotiation_8,R1,2026-08-21T08:11:35.725981Z,behavior_monitor,12,101,356,136,380,208,567,42.26,236.04,200.18,system,NA,0.848,2.83,144.78,135.83,131.55,76.24,180.0
Negotiation_8,R1,2026-08-21T08:11:36.081840Z,shot_hit,12,92,413,102,412,181,567,9.9,177.65,173.62,human,NA,0.947,2.83,95.65,136.65,150.78,76.24,180.0
Negotiation_8,R1,2026-08-21T08:11:36.082788Z,flight_spawn,13,737,-20,102,412,181,567,768.32,808.4,173.62,system,NA,0.513,3.57,124.08,136.65,150.78,76.24,180.0
Negotiation_8,R1,2026-08-21T08:11:38.888168Z,agent_signal,13,558,379,399,431,378,565,168.02,259.44,135.25,agent,your_turn,0.607,3.57,71.37,129.41,0.0,76.24,0.0
Negotiation_8,R1,2026-08-21T08:11:38.905338Z,behavior_monitor,13,558,379,399,431,379,565,168.02,258.54,135.05,system,NA,0.606,3.57,71.37,129.41,0.0,76.24,0.0
Negotiation_8,R1,2026-08-21T08:11:39.412588Z,behavior_monitor,13,580,481,463,439,418,565,123.72,182.2,133.77,system,NA,0.596,3.57,65.31,130.46,19.43,76.24,0.0
Negotiation_8,R1,2026-08-21T08:11:39.920427Z,behavior_monitor,13,592,584,518,476,457,573,131.04,134.56,113.84,system,NA,0.507,3.57,94.53,129.25,39.79,142.47,50.94
Negotiation_8,R1,2026-08-21T08:11:40.430559Z,behavior_monitor,13,559,685,568,518,496,626,166.92,85.39,129.99,system,NA,0.338,3.57,94.07,129.19,39.95,130.47,54.25
Negotiation_8,R1,2026-08-21T08:11:40.936302Z,behavior_monitor,13,564,790,617,564,535,681,232.21,112.69,143.01,system,NA,0.327,3.57,66.39,133.29,45.96,130.47,54.25
Negotiation_8,R1,2026-08-21T08:11:41.443691Z,behavior_monitor,13,564,895,662,614,544,735,297.48,161.87,167.95,system,NA,0.352,3.57,94.51,132.14,56.34,105.88,90.0
Negotiation_8,R1,2026-08-21T08:11:41.712822Z,flight_missed,13,547,952,678,649,534,764,330.24,188.73,184.21,system,NA,0.364,3.57,118.13,140.32,70.85,138.63,125.75
Negotiation_8,R1,2026-08-21T08:11:41.713398Z,flight_spawn,14,573,-20,678,649,534,764,677.83,785.64,184.21,system,NA,0.537,2.87,45.91,140.32,70.85,138.63,125.75
Negotiation_8,R1,2026-08-21T08:11:44.865927Z,agent_signal,14,945,311,933,443,744,566,132.32,324.57,225.9,agent,your_turn,0.71,2.87,61.97,129.41,0.0,76.24,0.0
Negotiation_8,R1,2026-08-21T08:11:44.881896Z,behavior_monitor,14,945,311,933,443,745,566,132.32,323.77,224.81,system,NA,0.71,2.87,61.97,129.41,0.0,76.24,0.0
Negotiation_8,R1,2026-08-21T08:11:45.393900Z,behavior_monitor,14,985,387,999,431,785,565,45.93,268.04,253.11,system,NA,0.854,2.87,61.97,132.29,-16.38,76.24,0.0
Negotiation_8,R1,2026-08-21T08:11:45.562993Z,shot_hit,14,1006,407,1014,422,798,565,17.06,261.8,259.26,human,NA,0.939,2.87,32.71,87.64,-90.0,76.24,0.0
Negotiation_8,R1,2026-08-21T08:11:45.563543Z,flight_spawn,15,278,-20,1014,422,798,565,858.42,782.86,259.26,system,NA,0.477,2.83,45.0,87.64,-90.0,76.24,0.0
Negotiation_8,R1,2026-08-21T08:11:48.913105Z,agent_signal,15,648,361,664,401,612,565,43.63,207.8,172.27,agent,your_turn,0.826,2.83,1.17,136.62,-160.03,76.24,0.0
Negotiation_8,R1,2026-08-21T08:11:48.929455Z,behavior_monitor,15,648,361,664,401,613,565,43.63,207.57,171.88,system,NA,0.826,2.83,1.17,145.16,-160.03,81.0,0.0
Negotiation_8,R1,2026-08-21T08:11:49.047143Z,shot_miss,15,667,363,652,394,622,565,33.97,206.59,173.92,human,NA,0.859,2.83,25.09,107.62,-139.83,76.24,0.0
Negotiation_8,R1,2026-08-21T08:11:49.384674Z,shot_hit,15,715,390,691,394,648,565,24.5,187.45,176.75,human,NA,0.884,2.83,0.27,129.41,0.0,76.24,0.0
Negotiation_8,R1,2026-08-21T08:11:49.385221Z,flight_spawn,16,1393,-20,691,394,648,565,814.52,947.18,176.75,system,NA,0.538,3.54,124.42,129.41,0.0,76.24,0.0
Negotiation_8,R1,2026-08-21T08:11:51.131793Z,agent_signal,16,1255,311,917,445,763,565,363.86,554.08,195.21,agent,your_turn,0.604,3.54,108.0,136.83,24.45,76.24,0.0
Negotiation_8,R1,2026-08-21T08:11:51.148137Z,behavior_monitor,16,1255,311,917,445,764,565,363.86,552.93,194.19,system,NA,0.603,3.54,108.0,136.83,24.45,76.24,0.0
Negotiation_8,R1,2026-08-21T08:11:51.654920Z,behavior_monitor,16,1221,409,981,476,803,565,249.04,445.89,198.96,system,NA,0.642,3.54,103.28,137.77,26.8,76.24,0.0
Negotiation_8,R1,2026-08-21T08:11:52.164401Z,behavior_monitor,16,1197,512,1041,512,830,566,156.2,370.52,217.24,system,NA,0.703,3.54,103.28,135.99,35.73,0.0,0.0
Negotiation_8,R1,2026-08-21T08:11:52.673345Z,behavior_monitor,16,1198,616,1091,559,845,585,121.8,354.93,247.54,system,NA,0.745,3.54,108.44,133.37,59.91,130.47,54.25
Negotiation_8,R1,2026-08-21T08:11:53.181865Z,behavior_monitor,16,1199,720,1122,620,884,639,125.84,325.47,238.8,system,NA,0.721,3.54,55.97,136.64,62.26,117.86,40.87
Negotiation_8,R1,2026-08-21T08:11:53.691026Z,behavior_monitor,16,1182,814,1154,682,922,693,134.98,286.59,232.17,system,NA,0.68,3.54,134.45,136.73,62.19,130.47,54.25
Negotiation_8,R1,2026-08-21T08:11:54.200353Z,behavior_monitor,16,1097,871,1187,744,961,747,155.2,183.96,225.32,system,NA,0.542,3.54,157.88,137.1,62.92,130.47,54.25
Negotiation_8,R1,2026-08-21T08:11:54.708815Z,behavior_monitor,16,993,886,1162,743,985,801,220.84,84.86,185.95,system,NA,0.278,3.54,179.83,134.86,-149.84,130.47,125.75
Negotiation_8,R1,2026-08-21T08:11:55.223263Z,behavior_monitor,16,896,922,1097,717,944,857,287.27,81.09,207.19,system,NA,0.22,3.54,128.59,129.41,180.0,130.47,125.75
Negotiation_8,R1,2026-08-21T08:11:55.490016Z,flight_missed,16,846,953,1060,717,922,888,318.4,100.33,219.24,system,NA,0.24,3.54,155.51,129.41,180.0,130.47,125.75
Negotiation_8,R1,2026-08-21T08:11:55.490778Z,flight_spawn,17,790,-20,1060,717,922,888,785.24,917.81,219.24,system,NA,0.539,2.83,135.0,129.41,180.0,130.47,125.75
Negotiation_8,R1,2026-08-21T08:11:59.335148Z,agent_signal,17,1046,391,1064,407,1030,609,23.98,219.22,204.84,agent,your_turn,0.901,2.83,112.3,132.07,-127.23,100.0,-90.0
Negotiation_8,R1,2026-08-21T08:11:59.352553Z,behavior_monitor,17,1046,391,1064,407,1029,608,23.98,217.53,203.28,system,NA,0.901,2.83,112.3,140.14,-128.1,130.47,-125.75
Negotiation_8,R1,2026-08-21T08:11:59.436816Z,shot_hit,17,1041,404,1056,398,1025,599,16.03,195.43,203.17,human,NA,0.924,2.83,112.3,141.81,-127.82,130.47,-125.75
Negotiation_8,R1,2026-08-21T08:11:59.437316Z,flight_spawn,18,412,-20,1056,398,1025,599,768.18,871.47,203.17,system,NA,0.531,3.43,125.66,141.81,-127.82,130.47,-125.75
Negotiation_8,R1,2026-08-21T08:12:05.497011Z,agent_signal,18,117,861,490,706,611,766,404.02,503.49,135.83,agent,your_turn,0.555,2.07,14.05,134.53,-107.64,130.47,125.75
Negotiation_8,R1,2026-08-21T08:12:05.514796Z,behavior_monitor,18,117,861,490,706,610,768,404.02,501.89,135.49,system,NA,0.554,2.07,14.05,134.57,-107.4,130.47,125.75
Negotiation_8,R1,2026-08-21T08:12:06.021257Z,behavior_monitor,18,173,876,534,658,571,822,421.72,401.67,168.31,system,NA,0.488,2.07,14.05,139.92,-31.17,130.47,125.75
Negotiation_8,R1,2026-08-21T08:12:06.528899Z,behavior_monitor,18,231,891,546,669,533,877,385.29,301.72,209.27,system,NA,0.439,2.07,14.05,139.4,132.69,130.47,125.75
Negotiation_8,R1,2026-08-21T08:12:07.037538Z,behavior_monitor,18,288,909,495,718,494,904,281.7,205.77,186.01,system,NA,0.422,2.07,13.87,139.31,135.85,76.24,180.0
Negotiation_8,R1,2026-08-21T08:12:07.544528Z,behavior_monitor,18,343,924,447,770,455,910,185.44,112.19,139.23,system,NA,0.377,2.07,13.87,138.63,131.58,82.34,180.0
Negotiation_8,R1,2026-08-21T08:12:07.982206Z,shot_miss,18,399,937,436,813,419,910,129.21,33.75,98.15,agent,NA,0.207,2.07,11.68,129.41,0.0,82.34,180.0
Negotiation_8,R1,2026-08-21T08:12:08.049946Z,behavior_monitor,18,405,938,443,813,415,910,130.78,30.38,100.49,system,NA,0.189,2.07,11.68,129.41,0.0,76.24,180.0
Negotiation_8,R1,2026-08-21T08:12:08.287568Z,shot_miss,18,436,944,476,813,410,910,137.33,43.04,116.82,agent,NA,0.239,2.07,11.68,137.5,0.0,81.0,0.0
Negotiation_8,R1,2026-08-21T08:12:08.457648Z,flight_missed,18,454,953,498,813,423,910,146.55,53.11,122.12,system,NA,0.266,2.07,38.3,129.41,0.0,76.24,0.0
Negotiation_8,R1,2026-08-21T08:12:08.458597Z,flight_spawn,19,946,-20,498,813,423,910,946.13,1066.8,122.12,system,NA,0.53,2.83,135.0,129.41,0.0,76.24,0.0
Negotiation_8,R1,2026-08-21T08:12:13.067990Z,agent_signal,19,1393,309,1055,630,751,566,466.61,691.55,310.71,agent,your_turn,0.597,1.74,122.99,138.23,-65.94,76.24,0.0
Negotiation_8,R1,2026-08-21T08:12:13.084079Z,behavior_monitor,19,1393,309,1055,630,753,566,466.61,690.35,309.44,system,NA,0.597,1.74,122.99,138.56,-64.7,76.24,0.0
Negotiation_8,R1,2026-08-21T08:12:13.593213Z,behavior_monitor,19,1365,353,1104,578,791,566,344.64,611.52,312.32,system,NA,0.64,1.74,119.7,141.4,-39.8,76.24,0.0
Negotiation_8,R1,2026-08-21T08:12:14.100607Z,behavior_monitor,19,1337,398,1162,536,831,566,222.29,533.0,332.66,system,NA,0.706,1.74,119.7,140.88,-32.84,76.24,0.0
Negotiation_8,R1,2026-08-21T08:12:14.606137Z,behavior_monitor,19,1307,443,1225,505,870,566,102.65,454.59,360.77,system,NA,0.816,1.74,123.95,137.46,-24.39,76.24,0.0
Negotiation_8,R1,2026-08-21T08:12:14.998081Z,shot_hit,19,1285,476,1274,482,900,565,12.2,395.1,383.43,human,NA,0.97,1.74,123.95,137.43,-24.35,76.24,0.0
Negotiation_8,R1,2026-08-21T08:12:14.999086Z,flight_spawn,20,550,-20,1274,482,900,565,881.9,682.34,383.43,system,NA,0.436,3.52,55.34,137.43,-24.35,76.24,0.0
Negotiation_8,R1,2026-08-21T08:12:17.092138Z,agent_signal,20,686,365,1116,648,760,565,515.17,213.73,365.35,agent,i_can,0.293,3.52,121.52,137.74,148.49,76.24,180.0
Negotiation_8,R1,2026-08-21T08:12:17.109840Z,behavior_monitor,20,686,365,1116,648,759,565,515.17,213.21,366.8,system,NA,0.293,3.52,121.52,137.74,148.49,87.67,180.0
Negotiation_8,R1,2026-08-21T08:12:17.614838Z,behavior_monitor,20,693,465,1056,684,714,565,423.52,102.45,361.53,system,NA,0.195,3.52,89.31,136.32,152.36,87.67,180.0
Negotiation_8,R1,2026-08-21T08:12:18.006174Z,shot_hit,20,673,545,1005,706,678,566,368.44,21.5,354.8,agent,NA,0.055,3.52,114.81,137.08,160.75,87.67,180.0
Negotiation_8,R2,2026-08-21T08:12:24.863918Z,flight_spawn,1,588,-20,1005,706,678,566,837.1,593.56,354.8,system,NA,0.415,3.53,124.47,0.0,160.75,0.0,180.0
Negotiation_8,R2,2026-08-21T08:12:32.817639Z,agent_signal,1,213,309,534,571,188,565,414.79,257.69,346.29,agent,i_can,0.383,2.12,59.12,145.35,-136.5,0.0,0.0
Negotiation_8,R2,2026-08-21T08:12:32.833941Z,behavior_monitor,1,213,309,534,571,190,565,414.79,257.55,344.8,system,NA,0.383,2.12,59.12,136.8,-136.5,87.67,0.0
Negotiation_8,R2,2026-08-21T08:12:33.341925Z,behavior_monitor,1,261,350,483,524,233,565,282.71,217.55,253.54,system,NA,0.435,2.12,34.78,136.24,-140.46,87.67,0.0
Negotiation_8,R2,2026-08-21T08:12:33.847843Z,behavior_monitor,1,297,403,426,486,273,566,153.21,163.78,172.1,system,NA,0.517,2.12,67.92,133.41,-153.95,0.0,0.0
Negotiation_8,R2,2026-08-21T08:12:34.355391Z,behavior_monitor,1,322,462,475,510,299,565,160.9,105.08,184.57,system,NA,0.395,2.12,67.92,138.52,26.97,87.67,0.0
Negotiation_8,R2,2026-08-21T08:12:34.862750Z,behavior_monitor,1,353,516,507,561,330,565,160.45,54.83,177.3,system,NA,0.255,2.12,73.65,129.41,90.0,87.67,0.0
Negotiation_8,R2,2026-08-21T08:12:35.048793Z,shot_miss,1,360,540,507,588,337,565,154.21,34.13,171.24,agent,NA,0.181,2.12,73.65,137.5,90.0,93.15,0.0
Negotiation_8,R2,2026-08-21T08:12:35.253624Z,shot_hit,1,367,565,507,614,343,565,148.46,23.83,170.89,agent,NA,0.138,2.12,73.65,129.41,90.0,0.0,0.0
Negotiation_8,R2,2026-08-21T08:12:35.254118Z,flight_spawn,2,172,-20,507,614,343,565,717.39,610.31,170.89,system,NA,0.46,2.94,132.84,129.41,90.0,0.0,0.0
Negotiation_8,R2,2026-08-21T08:12:38.559267Z,agent_signal,2,149,353,444,809,124,566,543.43,214.79,401.33,agent,i_can,0.283,2.47,49.99,135.71,23.92,0.0,180.0
Negotiation_8,R2,2026-08-21T08:12:38.575336Z,behavior_monitor,2,149,353,444,809,126,566,543.43,214.62,400.14,system,NA,0.283,2.47,49.99,135.16,23.19,87.67,0.0
Negotiation_8,R2,2026-08-21T08:12:39.082621Z,behavior_monitor,2,195,409,508,833,169,566,526.79,158.72,431.34,system,NA,0.232,2.47,49.99,134.91,18.27,87.67,0.0
Negotiation_8,R2,2026-08-21T08:12:39.592968Z,behavior_monitor,2,236,469,574,844,214,566,504.98,100.3,454.94,system,NA,0.166,2.47,79.5,129.41,0.0,87.67,0.0
Negotiation_8,R2,2026-08-21T08:12:40.070971Z,shot_miss,2,255,536,638,844,232,566,491.48,37.34,492.31,agent,NA,0.071,2.47,82.67,129.41,0.0,0.0,0.0
Negotiation_8,R2,2026-08-21T08:12:40.103658Z,behavior_monitor,2,255,539,640,844,232,566,491.5,35.59,494.13,system,NA,0.068,2.47,82.67,129.41,0.0,0.0,0.0
Negotiation_8,R2,2026-08-21T08:12:40.323496Z,shot_hit,2,242,572,671,844,224,566,508.51,18.22,526.17,agent,NA,0.035,2.47,110.37,129.41,0.0,87.67,180.0
Negotiation_8,R2,2026-08-21T08:12:40.324411Z,flight_spawn,3,1408,-20,671,844,224,566,1136.22,1320.75,526.17,system,NA,0.538,2.91,133.36,129.41,0.0,87.67,180.0
Negotiation_8,R2,2026-08-21T08:12:43.225657Z,agent_signal,3,1166,396,1001,682,387,566,330.99,797.66,624.73,agent,your_turn,0.707,2.91,129.51,137.54,-24.92,76.24,0.0
Negotiation_8,R2,2026-08-21T08:12:43.242443Z,behavior_monitor,3,1166,396,1001,682,388,566,330.99,796.39,623.46,system,NA,0.706,2.91,129.51,137.54,-24.92,76.24,0.0
Negotiation_8,R2,2026-08-21T08:12:43.750016Z,behavior_monitor,3,1112,463,1048,633,427,566,180.92,692.34,625.06,system,NA,0.793,2.91,129.51,135.79,-72.36,76.24,0.0
Negotiation_8,R2,2026-08-21T08:12:44.258040Z,behavior_monitor,3,1052,526,1058,568,465,566,42.3,588.42,592.76,system,NA,0.933,2.91,154.03,140.18,-115.19,76.24,0.0
Negotiation_8,R2,2026-08-21T08:12:44.376781Z,shot_hit,3,1034,535,1051,552,475,566,24.37,560.7,576.61,human,NA,0.958,2.91,154.03,142.6,-114.83,76.24,0.0
Negotiation_8,R2,2026-08-21T08:12:44.377431Z,flight_spawn,4,718,-20,1051,552,475,566,662.67,635.18,576.61,system,NA,0.489,2.83,135.0,142.6,-114.83,76.24,0.0
Negotiation_8,R2,2026-08-21T08:12:47.204665Z,agent_signal,4,632,428,800,594,611,565,235.56,138.05,190.94,agent,i_can,0.37,2.83,85.04,129.41,90.0,0.0,-70.42
Negotiation_8,R2,2026-08-21T08:12:47.221447Z,behavior_monitor,4,632,428,800,594,611,565,235.56,138.05,190.94,system,NA,0.37,2.83,85.04,129.41,90.0,0.0,-70.42
Negotiation_8,R2,2026-08-21T08:12:47.726367Z,behavior_monitor,4,650,509,800,660,627,565,211.87,60.1,196.69,system,NA,0.221,2.83,58.79,129.41,90.0,87.67,0.0
Negotiation_8,R2,2026-08-21T08:12:47.880434Z,shot_miss,4,665,534,800,682,642,565,199.97,38.91,196.02,agent,NA,0.163,2.83,58.79,129.41,90.0,87.67,0.0
Negotiation_8,R2,2026-08-21T08:12:48.152474Z,shot_hit,4,687,572,800,717,663,567,183.39,24.35,202.79,agent,NA,0.117,2.83,58.79,129.41,90.0,87.67,0.0
Negotiation_8,R2,2026-08-21T08:12:48.153490Z,flight_spawn,5,1109,-20,800,717,663,567,799.55,737.5,202.79,system,NA,0.48,3.43,125.63,129.41,90.0,87.67,0.0
Negotiation_8,R2,2026-08-21T08:12:51.013152Z,agent_signal,5,1385,403,1082,760,834,566,468.0,574.5,314.9,agent,your_turn,0.551,3.43,38.17,122.22,0.0,72.0,0.0
Negotiation_8,R2,2026-08-21T08:12:51.030071Z,behavior_monitor,5,1385,403,1082,760,835,566,468.0,573.26,313.88,system,NA,0.551,3.43,38.17,129.41,0.0,76.24,0.0
Negotiation_8,R2,2026-08-21T08:12:51.538947Z,behavior_monitor,5,1439,466,1148,760,874,566,412.96,573.18,335.37,system,NA,0.581,2.67,127.35,129.41,0.0,76.24,0.0
Negotiation_8,R2,2026-08-21T08:12:52.048004Z,behavior_monitor,5,1371,502,1209,751,913,566,296.29,462.84,349.47,system,NA,0.61,2.67,158.44,128.06,-62.28,76.24,0.0
Negotiation_8,R2,2026-08-21T08:12:52.554439Z,behavior_monitor,5,1292,521,1229,685,951,565,175.62,343.45,302.88,system,NA,0.662,2.67,154.65,129.41,-90.0,76.24,0.0
Negotiation_8,R2,2026-08-21T08:12:53.060405Z,behavior_monitor,5,1219,546,1224,619,990,564,73.05,229.0,239.79,system,NA,0.758,2.67,179.81,138.23,-110.58,76.24,0.0
Negotiation_8,R2,2026-08-21T08:12:53.568695Z,behavior_monitor,5,1138,548,1176,572,1029,564,44.99,110.02,146.82,system,NA,0.71,2.67,176.59,134.35,-164.42,76.24,0.0
Negotiation_8,R2,2026-08-21T08:12:53.768501Z,shot_miss,5,1105,554,1150,572,1045,565,47.82,61.26,105.09,human,NA,0.562,2.67,159.35,129.41,180.0,76.24,0.0
Negotiation_8,R2,2026-08-21T08:12:53.885515Z,conflict,5,1087,562,1132,572,1055,565,46.57,31.52,77.22,system,NA,0.404,2.67,159.35,129.41,180.0,76.24,0.0
Negotiation_8,R2,2026-08-21T08:12:54.071988Z,behavior_monitor,5,1061,571,1132,572,1055,565,70.65,9.15,77.22,system,NA,0.115,2.67,159.35,0.0,180.0,0.0,0.0
Negotiation_8,R2,2026-08-21T08:12:54.393240Z,shot_miss,5,1020,606,1131,573,1054,566,116.51,52.2,77.87,agent,NA,0.309,2.67,116.93,0.0,180.0,0.0,0.0
Negotiation_8,R2,2026-08-21T08:12:54.578161Z,behavior_monitor,5,1008,630,1127,583,1039,584,127.77,54.97,87.64,system,NA,0.301,2.67,116.93,72.68,120.02,138.63,125.75
Negotiation_8,R2,2026-08-21T08:12:55.093806Z,behavior_monitor,5,1007,707,1109,614,999,640,137.28,67.26,112.61,system,NA,0.329,2.67,72.04,69.12,118.42,130.47,125.75
Negotiation_8,R2,2026-08-21T08:12:55.598413Z,behavior_monitor,5,992,784,1103,660,976,695,165.95,90.68,131.73,system,NA,0.353,2.67,144.0,122.22,90.0,123.22,125.75
Negotiation_8,R2,2026-08-21T08:12:57.117522Z,flight_missed,5,859,953,986,790,858,859,206.55,94.13,145.38,system,NA,0.313,2.67,106.29,129.41,180.0,130.47,125.75
Negotiation_8,R2,2026-08-21T08:12:57.118732Z,flight_spawn,6,653,-20,986,790,858,859,876.44,903.1,145.38,system,NA,0.507,2.97,47.61,129.41,180.0,130.47,125.75
Negotiation_8,R2,2026-08-21T08:13:01.424530Z,agent_signal,6,1167,403,1182,423,993,567,25.35,239.21,237.79,agent,your_turn,0.904,2.97,114.46,141.44,-42.24,76.24,0.0
Negotiation_8,R2,2026-08-21T08:13:01.441481Z,behavior_monitor,6,1167,403,1182,423,994,567,25.35,238.27,236.76,system,NA,0.904,2.97,114.46,141.44,-42.24,76.24,0.0
Negotiation_8,R2,2026-08-21T08:13:01.475091Z,shot_hit,6,1164,408,1186,419,997,567,24.58,230.3,239.42,human,NA,0.904,2.97,114.46,140.5,-46.85,76.24,0.0
Negotiation_8,R2,2026-08-21T08:13:01.475646Z,flight_spawn,7,375,-20,1186,419,997,567,922.54,855.43,239.42,system,NA,0.481,3.43,125.63,140.5,-46.85,76.24,0.0
Negotiation_8,R2,2026-08-21T08:13:06.444825Z,agent_signal,7,434,545,588,500,652,566,160.0,218.37,92.21,agent,your_turn,0.577,3.43,34.74,136.54,149.23,76.24,180.0
Negotiation_8,R2,2026-08-21T08:13:06.461566Z,behavior_monitor,7,434,545,588,500,650,566,160.0,217.02,91.13,system,NA,0.576,3.43,34.74,136.54,149.23,79.62,-170.4
Negotiation_8,R2,2026-08-21T08:13:06.969781Z,behavior_monitor,7,520,596,532,541,611,591,56.06,91.58,93.83,system,NA,0.62,3.43,14.01,137.13,138.22,76.24,180.0
Negotiation_8,R2,2026-08-21T08:13:07.257857Z,shot_hit,7,570,626,503,572,588,616,86.65,20.34,96.18,agent,NA,0.19,3.43,39.68,134.83,127.12,130.47,125.75
Negotiation_8,R2,2026-08-21T08:13:07.258851Z,flight_spawn,8,788,-20,503,572,588,616,657.27,667.6,96.18,system,NA,0.504,3.46,54.64,134.83,127.12,130.47,125.75
Negotiation_8,R2,2026-08-21T08:13:09.339024Z,agent_signal,8,958,365,645,752,659,566,497.99,360.19,186.79,agent,i_can,0.42,3.46,71.7,136.48,27.73,76.24,0.0
Negotiation_8,R2,2026-08-21T08:13:09.355425Z,behavior_monitor,8,958,365,645,752,660,566,497.99,358.96,186.91,system,NA,0.419,3.46,71.7,136.48,27.73,87.67,0.0
Negotiation_8,R2,2026-08-21T08:13:09.864553Z,behavior_monitor,8,944,461,708,781,705,566,397.75,261.19,215.05,system,NA,0.396,3.46,94.04,134.57,20.81,87.67,0.0
Negotiation_8,R2,2026-08-21T08:13:10.372463Z,behavior_monitor,8,918,559,773,800,750,566,280.68,168.26,235.25,system,NA,0.375,3.46,120.48,129.41,0.0,87.67,0.0
Negotiation_8,R2,2026-08-21T08:13:10.879585Z,behavior_monitor,8,905,662,839,803,795,621,155.52,116.73,186.91,system,NA,0.429,3.46,96.91,147.4,32.73,150.04,54.25
Negotiation_8,R2,2026-08-21T08:13:11.386898Z,behavior_monitor,8,856,750,860,832,837,683,82.29,69.45,150.65,system,NA,0.458,3.46,146.03,129.41,180.0,121.76,90.0
Negotiation_8,R2,2026-08-21T08:13:11.860005Z,shot_hit,8,797,823,799,832,797,741,8.74,82.29,90.88,human,NA,0.904,3.46,119.18,129.41,180.0,150.04,125.75
Negotiation_8,R2,2026-08-21T08:13:11.860541Z,flight_spawn,9,1211,-20,799,832,797,741,946.98,867.09,90.88,system,NA,0.478,2.83,135.0,129.41,180.0,150.04,125.75
Negotiation_8,R2,2026-08-21T08:13:14.678175Z,agent_signal,9,1345,319,1081,833,985,566,578.22,437.2,283.48,agent,i_can,0.431,2.83,59.34,143.39,-16.49,81.0,0.0
Negotiation_8,R2,2026-08-21T08:13:14.695669Z,behavior_monitor,9,1345,319,1081,833,987,566,578.22,435.97,282.97,system,NA,0.43,2.83,59.34,134.41,-15.68,87.67,0.0
Negotiation_8,R2,2026-08-21T08:13:15.200790Z,behavior_monitor,9,1358,402,1147,828,1031,567,475.51,366.26,286.65,system,NA,0.435,2.83,81.77,129.41,0.0,87.67,0.0
Negotiation_8,R2,2026-08-21T08:13:15.711204Z,behavior_monitor,9,1373,485,1209,799,1075,565,354.01,308.12,269.85,system,NA,0.465,2.83,31.41,140.11,-42.57,87.67,0.0
Negotiation_8,R2,2026-08-21T08:13:16.220428Z,behavior_monitor,9,1443,533,1264,753,1120,565,283.67,325.15,237.0,system,NA,0.534,2.83,60.8,141.02,-35.64,87.67,0.0
Negotiation_8,R2,2026-08-21T08:13:16.728735Z,behavior_monitor,9,1393,566,1322,710,1164,565,160.26,228.84,214.01,system,NA,0.588,2.6,178.11,141.18,-43.63,87.67,0.0
Negotiation_8,R2,2026-08-21T08:13:17.235993Z,behavior_monitor,9,1319,587,1286,696,1210,582,113.65,109.66,137.62,system,NA,0.491,2.6,174.61,140.39,142.75,87.67,0.0
Negotiation_8,R2,2026-08-21T08:13:17.637067Z,shot_hit,9,1260,603,1236,727,1242,598,126.53,18.37,128.73,agent,NA,0.127,2.6,128.91,136.58,161.35,0.0,90.0
Negotiation_8,R2,2026-08-21T08:13:17.637657Z,flight_spawn,10,505,-20,1236,727,1242,598,1044.95,962.11,128.73,system,NA,0.479,2.83,45.0,136.58,161.35,0.0,90.0
Negotiation_8,R2,2026-08-21T08:13:22.446198Z,agent_signal,10,75,491,618,872,900,565,662.97,828.56,416.7,agent,your_turn,0.556,2.83,113.22,133.69,165.43,76.24,180.0
Negotiation_8,R2,2026-08-21T08:13:22.463383Z,behavior_monitor,10,75,491,618,872,899,565,662.97,827.27,415.83,system,NA,0.555,2.83,113.22,133.69,165.43,76.24,180.0
Negotiation_8,R2,2026-08-21T08:13:22.972921Z,behavior_monitor,10,38,569,552,881,860,565,600.93,821.63,441.09,system,NA,0.578,2.83,113.88,129.4,180.0,76.24,180.0
Negotiation_8,R2,2026-08-21T08:13:23.480832Z,behavior_monitor,10,35,632,486,881,821,619,514.74,785.68,424.84,system,NA,0.604,2.25,76.32,129.4,180.0,130.47,125.75
Negotiation_8,R2,2026-08-21T08:13:23.990217Z,behavior_monitor,10,60,696,420,881,782,673,404.83,722.86,417.49,system,NA,0.641,2.25,48.45,129.4,180.0,130.47,125.75
Negotiation_8,R2,2026-08-21T08:13:24.502086Z,behavior_monitor,10,98,749,354,881,743,728,288.15,645.88,418.31,system,NA,0.691,2.25,42.66,129.4,180.0,130.47,125.75
Negotiation_8,R2,2026-08-21T08:13:25.007036Z,behavior_monitor,10,157,786,288,881,705,781,161.85,548.02,428.21,system,NA,0.772,2.25,36.99,129.4,180.0,126.64,121.98
Negotiation_8,R2,2026-08-21T08:13:25.513508Z,behavior_monitor,10,201,833,229,848,666,826,31.97,465.19,437.66,system,NA,0.936,2.25,42.6,137.73,-142.86,130.47,125.75
Negotiation_8,R2,2026-08-21T08:13:25.582642Z,shot_hit,10,207,839,221,842,661,833,14.79,453.77,439.48,human,NA,0.968,2.25,64.02,138.24,-142.7,130.47,125.75
Negotiation_8,R2,2026-08-21T08:13:25.583204Z,flight_spawn,11,1381,-20,221,842,661,833,1445.64,1116.82,439.48,system,NA,0.436,3.02,48.46,138.24,-142.7,130.47,125.75
Negotiation_8,R2,2026-08-21T08:13:28.596840Z,agent_signal,11,1242,309,550,831,858,566,866.95,461.91,406.61,agent,i_can,0.348,2.44,98.4,137.5,0.0,81.0,0.0
Negotiation_8,R2,2026-08-21T08:13:28.613722Z,behavior_monitor,11,1242,309,550,831,860,566,866.95,460.67,407.74,system,NA,0.347,2.44,98.4,129.41,0.0,87.67,0.0
Negotiation_8,R2,2026-08-21T08:13:29.119186Z,behavior_monitor,11,1291,358,616,831,906,566,824.55,438.21,392.58,system,NA,0.347,2.44,25.12,129.41,0.0,87.67,0.0
Negotiation_8,R2,2026-08-21T08:13:29.629791Z,behavior_monitor,11,1364,373,682,831,950,566,822.06,456.96,377.15,system,NA,0.357,2.44,22.13,129.41,0.0,87.67,0.0
Negotiation_8,R2,2026-08-21T08:13:30.137541Z,behavior_monitor,11,1430,400,748,831,995,566,807.14,465.99,362.26,system,NA,0.366,2.44,22.13,129.41,0.0,87.67,0.0
Negotiation_8,R2,2026-08-21T08:13:30.643207Z,behavior_monitor,11,1413,416,814,831,1040,566,728.74,402.34,348.0,system,NA,0.356,1.64,173.06,129.41,0.0,87.67,0.0
Negotiation_8,R2,2026-08-21T08:13:31.149337Z,behavior_monitor,11,1366,430,873,801,1085,566,616.56,311.47,316.95,system,NA,0.336,1.64,158.52,138.52,-28.26,87.67,0.0
Negotiation_8,R2,2026-08-21T08:13:31.655269Z,behavior_monitor,11,1320,452,939,779,1129,566,502.37,222.77,285.49,system,NA,0.307,1.64,135.01,134.84,-16.31,87.67,0.0
Negotiation_8,R2,2026-08-21T08:13:32.164792Z,behavior_monitor,11,1291,487,1005,769,1173,565,401.93,141.9,264.08,system,NA,0.261,1.64,135.01,129.41,0.0,87.67,0.0
Negotiation_8,R2,2026-08-21T08:13:32.674699Z,behavior_monitor,11,1256,521,1070,769,1218,566,309.97,58.77,251.37,system,NA,0.159,1.64,150.27,114.86,0.0,87.67,0.0
Negotiation_8,R2,2026-08-21T08:13:32.875355Z,shot_miss,11,1242,534,1090,759,1225,566,271.35,35.56,236.07,agent,NA,0.116,1.64,128.02,80.25,-51.22,0.0,0.0
Negotiation_8,R2,2026-08-21T08:13:33.180466Z,behavior_monitor,11,1223,556,1073,727,1207,566,227.81,19.06,209.82,system,NA,0.077,1.64,128.02,141.18,-135.42,0.0,180.0
Negotiation_8,R2,2026-08-21T08:13:33.247805Z,shot_hit,11,1218,562,1063,720,1201,566,221.34,17.82,206.73,agent,NA,0.075,1.64,154.67,147.68,-144.12,93.15,180.0
Negotiation_8,R2,2026-08-21T08:13:33.248804Z,flight_spawn,12,893,-20,1063,720,1201,566,759.8,661.81,206.73,system,NA,0.466,2.83,45.0,147.68,-144.12,93.15,180.0
Negotiation_8,R2,2026-08-21T08:13:37.036383Z,agent_signal,12,1295,399,1228,825,1248,565,431.29,172.69,260.78,agent,i_can,0.286,2.83,101.61,0.0,-148.53,76.24,0.0
Negotiation_8,R2,2026-08-21T08:13:37.053548Z,behavior_monitor,12,1295,399,1228,825,1249,565,431.29,172.28,260.9,system,NA,0.285,2.83,101.61,0.0,-148.53,87.67,0.0
Negotiation_8,R2,2026-08-21T08:13:37.562908Z,behavior_monitor,12,1233,447,1233,808,1236,565,361.29,118.59,242.74,system,NA,0.247,2.83,159.77,128.76,-145.65,82.8,180.0
Negotiation_8,R2,2026-08-21T08:13:38.070712Z,behavior_monitor,12,1157,477,1169,789,1191,565,313.15,95.06,225.4,system,NA,0.233,2.83,127.36,129.41,180.0,87.67,180.0
Negotiation_8,R2,2026-08-21T08:13:38.492826Z,shot_hit,12,1145,544,1112,789,1153,565,247.75,22.29,228.35,agent,NA,0.083,2.83,77.84,137.5,180.0,93.15,180.0
Negotiation_8,R2,2026-08-21T08:13:38.493357Z,flight_spawn,13,817,-20,1112,789,1153,565,861.91,674.76,228.35,system,NA,0.439,2.87,134.26,137.5,180.0,93.15,180.0
Negotiation_8,R2,2026-08-21T08:13:42.959957Z,agent_signal,13,203,382,531,782,873,565,517.9,694.44,404.99,agent,your_turn,0.573,2.87,113.51,129.41,180.0,0.0,180.0
Negotiation_8,R2,2026-08-21T08:13:42.976087Z,behavior_monitor,13,203,382,531,782,873,565,517.9,694.44,404.99,system,NA,0.573,2.87,113.51,129.41,180.0,0.0,180.0
Negotiation_8,R2,2026-08-21T08:13:43.483698Z,behavior_monitor,13,148,448,465,782,843,565,460.81,704.69,435.96,system,NA,0.605,2.87,136.68,129.41,180.0,76.24,180.0
Negotiation_8,R2,2026-08-21T08:13:43.991407Z,behavior_monitor,13,120,527,399,782,804,565,378.46,684.88,459.66,system,NA,0.644,2.87,81.99,137.5,180.0,81.0,180.0
Negotiation_8,R2,2026-08-21T08:13:44.495614Z,behavior_monitor,13,126,611,333,782,765,592,268.48,639.24,472.2,system,NA,0.704,2.87,106.73,129.41,180.0,130.47,125.75
Negotiation_8,R2,2026-08-21T08:13:45.000219Z,behavior_monitor,13,57,653,267,782,727,646,246.73,669.41,479.13,system,NA,0.731,2.87,148.98,129.41,180.0,130.47,125.75
Negotiation_8,R2,2026-08-21T08:13:45.507745Z,behavior_monitor,13,39,700,201,782,687,693,182.23,648.58,494.27,system,NA,0.781,2.09,77.19,129.41,180.0,130.47,125.75
Negotiation_8,R2,2026-08-21T08:13:46.014526Z,behavior_monitor,13,34,761,135,782,649,747,103.57,615.04,514.75,system,NA,0.856,2.09,83.77,129.41,180.0,130.47,125.75
Negotiation_8,R2,2026-08-21T08:13:46.521119Z,behavior_monitor,13,41,823,73,808,610,801,34.88,568.78,537.01,system,NA,0.942,2.09,83.77,137.61,146.16,130.47,125.75
Negotiation_8,R2,2026-08-21T08:13:46.538241Z,shot_miss,13,42,825,71,809,608,802,32.75,566.64,537.65,human,NA,0.945,2.09,83.77,137.61,146.16,130.47,125.75
Negotiation_8,R2,2026-08-21T08:13:46.827033Z,shot_hit,13,43,860,45,838,586,833,21.29,544.54,541.07,human,NA,0.962,2.09,112.97,134.54,120.0,130.47,125.75
Negotiation_8,R2,2026-08-21T08:13:46.827616Z,flight_spawn,14,706,-20,45,838,586,833,1083.34,861.72,541.07,system,NA,0.443,2.83,135.0,134.54,120.0,130.47,125.75
Negotiation_8,R2,2026-08-21T08:13:50.517250Z,agent_signal,14,255,379,238,779,377,565,400.32,222.24,255.09,agent,i_can,0.357,2.83,114.05,134.51,15.83,76.24,180.0
Negotiation_8,R2,2026-08-21T08:13:50.534246Z,behavior_monitor,14,255,379,238,779,376,565,400.32,221.42,254.29,system,NA,0.356,2.83,114.05,133.37,16.44,87.67,180.0
Negotiation_8,R2,2026-08-21T08:13:51.042210Z,behavior_monitor,14,228,458,198,761,331,565,304.37,148.2,237.51,system,NA,0.327,2.83,109.87,0.0,180.0,87.67,180.0
Negotiation_8,R2,2026-08-21T08:13:51.550098Z,behavior_monitor,14,199,538,206,779,287,565,240.99,91.65,228.56,system,NA,0.276,2.83,109.87,129.41,180.0,67.23,155.76
Negotiation_8,R2,2026-08-21T08:13:52.059725Z,behavior_monitor,14,167,616,143,792,243,602,177.25,76.7,214.03,system,NA,0.302,2.83,114.47,63.94,145.29,159.42,125.75
Negotiation_8,R2,2026-08-21T08:13:52.570746Z,behavior_monitor,14,161,698,130,796,199,664,102.29,50.95,148.52,system,NA,0.332,2.83,88.02,100.77,119.77,150.04,125.75
Negotiation_8,R2,2026-08-21T08:13:52.654755Z,shot_miss,14,162,715,132,808,190,677,97.29,47.54,143.4,agent,NA,0.328,2.83,88.02,146.44,69.87,159.42,125.75
Negotiation_8,R2,2026-08-21T08:13:52.959740Z,shot_miss,14,156,764,147,847,163,714,82.94,50.81,133.74,agent,NA,0.38,2.83,108.88,136.29,71.71,150.04,125.75
Negotiation_8,R2,2026-08-21T08:13:53.077340Z,behavior_monitor,14,149,781,147,860,154,727,79.15,54.16,133.28,system,NA,0.406,2.83,108.88,123.33,90.0,150.04,125.75
Negotiation_8,R2,2026-08-21T08:13:53.586660Z,behavior_monitor,14,142,863,117,880,121,788,30.34,77.48,91.82,system,NA,0.719,2.83,82.22,0.0,180.0,121.76,90.0
Negotiation_8,R2,2026-08-21T08:13:53.620790Z,shot_hit,14,143,868,117,880,121,792,28.7,79.22,87.68,human,NA,0.734,2.83,109.96,0.0,180.0,121.76,90.0
Negotiation_8,R2,2026-08-21T08:13:53.621401Z,flight_spawn,15,872,-20,117,880,121,792,1175.19,1106.58,87.68,system,NA,0.485,2.83,45.0,0.0,180.0,121.76,90.0
Negotiation_8,R2,2026-08-21T08:13:58.807545Z,agent_signal,15,1423,502,762,881,490,565,762.07,935.68,416.76,agent,your_turn,0.551,1.81,129.3,137.5,0.0,81.0,0.0
Negotiation_8,R2,2026-08-21T08:13:58.824201Z,behavior_monitor,15,1423,502,762,881,491,565,762.07,934.39,415.91,system,NA,0.551,1.81,129.3,129.41,0.0,76.24,0.0
Negotiation_8,R2,2026-08-21T08:13:59.332856Z,behavior_monitor,15,1384,539,828,877,529,565,651.31,855.55,431.22,system,NA,0.568,1.81,156.34,133.85,-14.81,76.24,0.0
Negotiation_8,R2,2026-08-21T08:13:59.837675Z,behavior_monitor,15,1343,574,892,846,568,569,527.08,774.59,425.96,system,NA,0.595,1.81,99.52,143.13,-31.34,130.47,54.25
Negotiation_8,R2,2026-08-21T08:14:00.344122Z,behavior_monitor,15,1345,627,950,803,607,621,433.01,738.06,387.39,system,NA,0.63,1.81,77.83,142.6,-41.57,130.47,54.25
Negotiation_8,R2,2026-08-21T08:14:00.856178Z,behavior_monitor,15,1354,680,1014,787,646,675,356.82,707.9,384.02,system,NA,0.665,1.81,77.83,129.41,0.0,130.47,54.25
Negotiation_8,R2,2026-08-21T08:14:01.362053Z,behavior_monitor,15,1363,733,1079,800,685,728,291.82,677.66,400.31,system,NA,0.699,1.81,77.83,136.04,26.15,130.47,54.25
Negotiation_8,R2,2026-08-21T08:14:01.871286Z,behavior_monitor,15,1361,786,1139,835,725,782,227.02,636.38,418.14,system,NA,0.737,1.81,98.53,135.95,29.95,130.47,54.25
Negotiation_8,R2,2026-08-21T08:14:02.379666Z,behavior_monitor,15,1339,833,1200,869,764,829,143.38,575.14,438.01,system,NA,0.8,1.81,127.62,143.96,28.47,157.12,58.74
Negotiation_8,R2,2026-08-21T08:14:02.889340Z,behavior_monitor,15,1310,876,1261,901,803,870,54.6,506.58,458.89,system,NA,0.903,1.81,127.62,134.94,26.77,76.24,0.0
Negotiation_8,R2,2026-08-21T08:14:03.110223Z,shot_hit,15,1298,896,1286,909,820,892,17.18,477.88,466.04,human,NA,0.965,1.81,107.28,78.45,0.0,133.39,45.11
Negotiation_8,R2,2026-08-21T08:14:03.110804Z,flight_spawn,16,423,-20,1286,909,820,892,1268.34,995.12,466.04,system,NA,0.44,3.08,130.51,78.45,0.0,133.39,45.11
Negotiation_8,R2,2026-08-21T08:14:05.686870Z,agent_signal,16,156,312,1003,885,645,649,1022.48,593.8,428.73,agent,i_can,0.367,3.08,100.32,129.41,180.0,130.47,-125.75
Negotiation_8,R2,2026-08-21T08:14:05.703530Z,behavior_monitor,16,156,312,1003,885,644,647,1022.48,591.4,431.12,system,NA,0.366,3.08,100.32,129.41,180.0,150.04,-125.75
Negotiation_8,R2,2026-08-21T08:14:06.209156Z,behavior_monitor,16,159,402,937,885,599,585,915.92,476.59,452.16,system,NA,0.342,3.08,76.31,129.41,180.0,150.04,-125.75
Negotiation_8,R2,2026-08-21T08:14:06.715900Z,behavior_monitor,16,184,490,871,885,554,566,792.68,378.28,449.31,system,NA,0.323,3.08,75.04,129.41,180.0,87.67,180.0
Negotiation_8,R2,2026-08-21T08:14:07.224722Z,behavior_monitor,16,184,581,805,885,510,572,691.11,325.34,430.04,system,NA,0.32,3.08,96.93,129.41,180.0,150.04,125.75
Negotiation_8,R2,2026-08-21T08:14:07.731471Z,behavior_monitor,16,202,669,739,885,465,635,578.97,265.14,371.36,system,NA,0.314,3.08,70.0,129.41,180.0,150.04,125.75
Negotiation_8,R2,2026-08-21T08:14:08.236700Z,behavior_monitor,16,253,740,673,896,420,697,447.85,171.78,322.22,system,NA,0.277,3.08,22.57,136.37,156.86,150.04,125.75
Negotiation_8,R2,2026-08-21T08:14:08.746653Z,behavior_monitor,16,296,817,611,910,375,759,328.0,97.55,279.78,system,NA,0.229,3.08,75.89,129.41,180.0,150.04,125.75
Negotiation_8,R2,2026-08-21T08:14:09.256476Z,behavior_monitor,16,305,907,545,910,330,821,240.03,89.45,232.56,system,NA,0.271,3.08,102.13,127.34,180.0,150.04,125.75
Negotiation_8,R2,2026-08-21T08:14:09.491452Z,flight_missed,16,295,952,513,910,308,852,221.81,100.79,212.9,system,NA,0.312,3.08,102.13,126.96,180.0,150.04,125.75
Negotiation_8,R2,2026-08-21T08:14:09.492084Z,flight_spawn,17,577,-20,513,910,308,852,932.19,912.95,212.9,system,NA,0.495,2.83,45.0,126.96,180.0,150.04,125.75
Negotiation_8,R2,2026-08-21T08:14:12.052685Z,agent_signal,17,661,339,672,759,473,622,420.41,340.53,241.13,agent,i_can,0.448,2.83,107.94,138.18,-142.74,138.63,-54.25
Negotiation_8,R2,2026-08-21T08:14:12.069100Z,behavior_monitor,17,661,339,672,759,474,620,420.41,337.99,241.09,system,NA,0.446,2.83,107.94,137.41,-160.36,150.04,-54.25
Negotiation_8,R2,2026-08-21T08:14:12.579299Z,behavior_monitor,17,670,418,606,758,519,566,346.38,211.41,210.28,system,NA,0.379,2.83,57.89,129.41,180.0,87.67,0.0
Negotiation_8,R2,2026-08-21T08:14:13.085223Z,behavior_monitor,17,666,500,612,757,563,566,262.16,121.37,197.15,system,NA,0.316,2.83,101.65,35.79,0.0,87.67,0.0
Negotiation_8,R2,2026-08-21T08:14:13.593963Z,behavior_monitor,17,646,583,624,757,608,576,174.91,38.36,181.4,system,NA,0.18,2.83,101.65,129.41,0.0,150.04,54.25
Negotiation_8,R2,2026-08-21T08:14:13.611235Z,shot_hit,17,643,589,629,757,611,580,168.68,33.4,177.41,agent,NA,0.165,2.83,101.65,129.41,0.0,150.04,54.25
Negotiation_8,R2,2026-08-21T08:14:13.611588Z,flight_spawn,18,618,-20,629,757,611,580,777.56,600.99,177.41,system,NA,0.436,2.83,45.0,129.41,0.0,150.04,54.25
Negotiation_8,R2,2026-08-21T08:14:15.855277Z,agent_signal,18,659,309,757,804,645,565,504.75,255.48,264.83,agent,i_can,0.336,2.83,94.1,133.77,-165.33,76.24,180.0
Negotiation_8,R2,2026-08-21T08:14:15.872107Z,behavior_monitor,18,659,309,757,804,644,565,504.75,255.56,265.46,system,NA,0.336,2.83,94.1,133.77,-165.33,87.67,180.0
Negotiation_8,R2,2026-08-21T08:14:16.375290Z,behavior_monitor,18,667,392,691,803,645,564,411.81,173.72,243.4,system,NA,0.297,2.83,47.47,129.41,180.0,87.67,0.0
Negotiation_8,R2,2026-08-21T08:14:16.885907Z,behavior_monitor,18,661,461,671,803,650,564,342.27,104.02,239.54,system,NA,0.233,2.83,159.25,68.5,0.0,82.8,180.0
Negotiation_8,R2,2026-08-21T08:14:17.392103Z,behavior_monitor,18,582,491,676,799,605,564,322.54,76.38,246.16,system,NA,0.191,2.83,159.25,143.42,-163.48,93.15,180.0
Negotiation_8,R2,2026-08-21T08:14:17.899157Z,behavior_monitor,18,504,521,610,797,560,563,296.02,70.49,239.12,system,NA,0.192,2.83,159.25,129.41,180.0,87.67,180.0
Negotiation_8,R2,2026-08-21T08:14:18.403535Z,behavior_monitor,18,428,551,544,797,515,563,271.99,87.99,235.47,system,NA,0.244,2.83,159.25,129.41,180.0,87.67,180.0
Negotiation_8,R2,2026-08-21T08:14:18.911306Z,behavior_monitor,18,351,581,478,797,470,576,250.72,118.98,221.29,system,NA,0.322,2.83,144.0,129.41,180.0,150.04,125.75
Negotiation_8,R2,2026-08-21T08:14:19.416251Z,behavior_monitor,18,271,607,412,798,426,602,237.38,154.66,196.64,system,NA,0.395,2.83,167.61,134.31,164.48,87.67,180.0
Negotiation_8,R2,2026-08-21T08:14:19.922547Z,behavior_monitor,18,195,631,346,820,381,626,242.78,186.13,197.05,system,NA,0.434,2.83,148.51,144.92,161.06,171.2,128.83
Negotiation_8,R2,2026-08-21T08:14:20.430538Z,behavior_monitor,18,120,660,280,843,336,655,243.21,216.55,195.75,system,NA,0.471,2.83,142.71,144.72,161.3,93.15,180.0
Negotiation_8,R2,2026-08-21T08:14:22.396479Z,shot_hit,18,157,750,157,852,162,745,101.68,6.98,106.91,agent,NA,0.064,1.75,44.57,137.5,0.0,84.51,-173.19
Negotiation_8,R2,2026-08-21T08:14:22.396712Z,flight_spawn,19,557,-20,157,852,162,745,959.48,861.26,106.91,system,NA,0.473,3.04,48.93,137.5,0.0,84.51,-173.19
Negotiation_8,R2,2026-08-21T08:14:25.226237Z,agent_signal,19,303,388,524,852,308,566,513.2,177.12,358.79,agent,i_can,0.257,3.04,141.49,129.41,0.0,76.24,180.0
Negotiation_8,R2,2026-08-21T08:14:25.242971Z,behavior_monitor,19,303,388,524,852,306,566,513.2,177.09,359.69,system,NA,0.257,3.04,141.49,129.41,0.0,87.67,180.0
Negotiation_8,R2,2026-08-21T08:14:25.751365Z,behavior_monitor,19,259,463,477,834,261,566,430.62,102.4,344.79,system,NA,0.192,3.04,142.81,127.89,-163.45,87.67,180.0
Negotiation_8,R2,2026-08-21T08:14:26.258209Z,behavior_monitor,19,189,518,412,827,217,565,381.23,55.07,326.37,system,NA,0.126,3.04,142.81,129.41,180.0,87.67,180.0
Negotiation_8,R2,2026-08-21T08:14:26.767092Z,behavior_monitor,19,108,557,346,841,173,566,370.91,65.66,325.48,system,NA,0.15,3.04,126.27,134.84,163.69,87.67,180.0
Negotiation_8,R2,2026-08-21T08:14:27.273788Z,behavior_monitor,19,58,631,280,865,128,618,322.67,71.61,290.07,system,NA,0.182,3.04,126.27,129.41,180.0,150.04,125.75
Negotiation_8,R2,2026-08-21T08:14:27.780128Z,behavior_monitor,19,37,679,214,865,84,673,256.38,46.68,231.47,system,NA,0.154,1.86,39.25,129.41,180.0,87.67,180.0
Negotiation_8,R2,2026-08-21T08:14:27.967004Z,shot_hit,19,57,687,188,865,66,682,220.75,10.04,219.85,agent,NA,0.043,1.86,16.84,129.41,180.0,150.04,125.75
Negotiation_8,R2,2026-08-21T08:14:27.967987Z,flight_spawn,20,977,-20,188,865,66,682,1186.08,1150.37,219.85,system,NA,0.492,3.14,50.37,129.41,180.0,150.04,125.75
Negotiation_8,R2,2026-08-21T08:14:31.606339Z,agent_signal,20,1046,430,611,873,286,566,621.03,771.91,447.57,agent,your_turn,0.554,3.14,87.96,129.41,0.0,76.24,0.0
Negotiation_8,R2,2026-08-21T08:14:31.623107Z,behavior_monitor,20,1046,430,611,873,287,566,621.03,770.63,446.63,system,NA,0.554,3.14,87.96,129.41,0.0,76.24,0.0
Negotiation_8,R2,2026-08-21T08:14:32.133358Z,behavior_monitor,20,1034,521,677,873,326,566,501.66,709.94,466.67,system,NA,0.586,3.14,88.33,129.41,0.0,76.24,0.0
Negotiation_8,R2,2026-08-21T08:14:32.640036Z,behavior_monitor,20,1035,615,743,873,365,591,389.51,670.51,471.9,system,NA,0.633,3.14,88.33,137.5,0.0,138.63,54.25
Negotiation_8,R2,2026-08-21T08:14:33.144308Z,behavior_monitor,20,1043,706,809,873,404,644,287.97,642.73,465.39,system,NA,0.691,3.14,60.72,129.41,0.0,130.47,54.25
Negotiation_8,R2,2026-08-21T08:14:33.650503Z,behavior_monitor,20,1111,768,875,873,442,699,258.4,672.1,466.26,system,NA,0.722,3.14,31.17,129.41,0.0,130.47,54.25
Negotiation_8,R2,2026-08-21T08:14:34.156842Z,behavior_monitor,20,1172,829,941,873,481,753,235.68,695.78,475.4,system,NA,0.747,3.14,84.3,129.41,0.0,130.47,54.25
Negotiation_8,R2,2026-08-21T08:14:34.661446Z,behavior_monitor,20,1152,916,1007,873,519,808,151.13,642.07,492.34,system,NA,0.809,3.14,129.37,137.5,0.0,138.63,54.25
Negotiation_8,R2,2026-08-21T08:14:34.895576Z,flight_missed,20,1122,953,1040,873,538,834,114.16,595.86,503.51,system,NA,0.839,3.14,129.37,129.41,0.0,130.47,54.25
Negotiation_8,R3,2026-08-21T08:15:24.930910Z,flight_spawn,1,552,-20,1040,873,538,834,1018.1,855.11,503.51,system,NA,0.456,2.83,135.0,0.0,0.0,0.0,54.25
Negotiation_8,R3,2026-08-21T08:15:31.125951Z,agent_signal,1,470,411,718,719,441,566,395.71,157.88,316.74,agent,i_can,0.285,2.83,79.58,129.41,180.0,76.24,0.0
Negotiation_8,R3,2026-08-21T08:15:31.142985Z,behavior_monitor,1,470,411,718,719,442,566,395.71,157.61,315.43,system,NA,0.285,2.83,79.58,129.41,180.0,87.67,0.0
Negotiation_8,R3,2026-08-21T08:15:31.651714Z,behavior_monitor,1,484,493,652,719,460,566,281.86,76.21,245.81,system,NA,0.213,2.83,83.96,129.41,180.0,0.0,0.0
Negotiation_8,R3,2026-08-21T08:15:31.972513Z,shot_hit,1,497,549,608,719,474,566,203.49,29.11,203.59,agent,NA,0.125,2.83,81.89,129.41,180.0,87.67,0.0
Negotiation_8,R3,2026-08-21T08:15:31.972818Z,flight_spawn,2,940,-20,608,719,474,566,810.8,748.98,203.59,system,NA,0.48,3.13,50.34,129.41,180.0,87.67,0.0
Negotiation_8,R3,2026-08-21T08:15:36.892709Z,agent_signal,2,1296,387,1092,688,823,566,363.9,505.9,295.12,agent,your_turn,0.582,2.16,142.2,137.5,-90.0,81.0,0.0
Negotiation_8,R3,2026-08-21T08:15:36.909518Z,behavior_monitor,2,1296,387,1092,688,824,566,363.9,504.69,293.94,system,NA,0.581,2.16,142.2,129.41,-90.0,76.24,0.0
Negotiation_8,R3,2026-08-21T08:15:37.416917Z,behavior_monitor,2,1253,437,1123,636,863,565,237.33,410.08,269.72,system,NA,0.633,2.16,117.15,129.41,-90.0,76.24,0.0
Negotiation_8,R3,2026-08-21T08:15:37.925176Z,behavior_monitor,2,1215,489,1158,575,903,565,102.33,320.94,255.97,system,NA,0.758,2.16,137.27,144.01,-53.53,76.24,0.0
Negotiation_8,R3,2026-08-21T08:15:38.331241Z,shot_hit,2,1174,524,1173,524,934,564,0.75,242.84,242.12,human,NA,0.997,2.16,137.27,128.28,-46.15,76.24,0.0
Negotiation_8,R3,2026-08-21T08:15:38.331854Z,flight_spawn,3,1040,-20,1173,524,934,564,560.52,594.49,242.12,system,NA,0.515,3.35,126.69,128.28,-46.15,76.24,0.0
Negotiation_8,R3,2026-08-21T08:15:41.411639Z,agent_signal,3,1305,336,926,771,1104,565,576.79,304.15,272.64,agent,i_can,0.345,3.35,1.02,134.49,164.2,76.24,0.0
Negotiation_8,R3,2026-08-21T08:15:41.428280Z,behavior_monitor,3,1305,336,926,771,1105,565,576.79,303.17,273.62,system,NA,0.345,3.35,1.02,134.41,164.32,87.67,0.0
Negotiation_8,R3,2026-08-21T08:15:41.935762Z,behavior_monitor,3,1403,338,860,789,1150,564,706.66,339.8,367.27,system,NA,0.325,3.35,26.5,142.03,165.5,93.15,0.0
Negotiation_8,R3,2026-08-21T08:15:42.443963Z,behavior_monitor,3,1420,357,795,791,1195,564,760.71,306.2,459.2,system,NA,0.287,2.04,170.96,86.83,180.0,87.67,0.0
Negotiation_8,R3,2026-08-21T08:15:42.945538Z,behavior_monitor,3,1358,371,819,812,1239,564,696.26,226.43,487.95,system,NA,0.245,2.04,164.08,0.0,0.0,87.67,0.0
Negotiation_8,R3,2026-08-21T08:15:43.451690Z,behavior_monitor,3,1310,401,807,804,1284,564,645.17,165.28,534.35,system,NA,0.204,2.04,134.22,0.0,0.0,87.67,0.0
Negotiation_8,R3,2026-08-21T08:15:43.961393Z,behavior_monitor,3,1271,445,803,797,1254,564,585.27,120.2,507.34,system,NA,0.17,2.04,105.49,0.0,-90.0,87.67,180.0
Negotiation_8,R3,2026-08-21T08:15:44.468296Z,behavior_monitor,3,1255,503,784,791,1238,564,552.24,62.99,507.62,system,NA,0.102,2.04,74.78,136.14,-161.91,0.0,180.0
Negotiation_8,R3,2026-08-21T08:15:44.688071Z,shot_miss,3,1271,527,753,781,1248,564,576.83,42.87,540.82,agent,NA,0.069,2.04,72.61,144.3,-162.34,0.0,0.0
Negotiation_8,R3,2026-08-21T08:15:44.974943Z,behavior_monitor,3,1268,559,718,771,1250,564,589.58,18.99,570.76,system,NA,0.031,2.04,99.2,134.45,-164.27,0.0,0.0
Negotiation_8,R3,2026-08-21T08:15:44.991926Z,shot_hit,3,1267,563,713,769,1250,564,591.13,17.73,574.42,agent,NA,0.029,2.04,99.2,134.45,-164.27,0.0,0.0
Negotiation_8,R3,2026-08-21T08:15:44.992341Z,flight_spawn,4,1392,-20,713,769,1250,564,1041.39,601.19,574.42,system,NA,0.366,2.83,135.0,134.45,-164.27,0.0,0.0
Negotiation_8,R3,2026-08-21T08:15:50.398965Z,agent_signal,4,881,544,668,583,994,564,216.14,114.01,325.6,agent,i_can,0.345,2.83,73.45,122.22,90.0,72.0,180.0
Negotiation_8,R3,2026-08-21T08:15:50.416583Z,behavior_monitor,4,881,544,668,583,992,564,216.14,112.54,324.11,system,NA,0.342,2.83,73.45,129.41,90.0,87.67,180.0
Negotiation_8,R3,2026-08-21T08:15:50.924148Z,behavior_monitor,4,891,628,685,648,948,608,207.03,60.48,266.24,system,NA,0.226,2.83,94.09,134.5,68.24,150.04,125.75
Negotiation_8,R3,2026-08-21T08:15:51.278553Z,shot_miss,4,883,689,704,694,915,654,179.34,47.07,215.03,agent,NA,0.208,2.83,119.33,134.16,67.67,150.04,125.75
Negotiation_8,R3,2026-08-21T08:15:51.428866Z,behavior_monitor,4,873,708,711,711,903,671,161.95,48.46,196.59,system,NA,0.23,2.83,119.33,133.81,67.61,150.04,125.75
Negotiation_8,R3,2026-08-21T08:15:51.463003Z,shot_miss,4,869,716,713,717,899,677,156.02,48.73,189.56,agent,NA,0.238,2.83,119.33,133.81,67.61,150.04,125.75
Negotiation_8,R3,2026-08-21T08:15:51.800936Z,shot_miss,4,837,765,731,759,869,718,106.06,57.31,144.32,agent,NA,0.351,2.83,119.33,133.81,67.61,150.04,125.75
Negotiation_8,R3,2026-08-21T08:15:51.936246Z,behavior_monitor,4,828,782,737,774,858,732,91.14,58.9,128.69,system,NA,0.393,2.83,119.33,133.81,67.61,150.04,125.75
Negotiation_8,R3,2026-08-21T08:15:52.310484Z,conflict,4,794,839,757,822,824,780,41.1,66.22,79.58,system,NA,0.617,2.83,143.64,133.81,67.61,150.04,125.75
Negotiation_8,R3,2026-08-21T08:15:52.429412Z,conflict,4,781,849,757,822,824,780,35.84,81.65,79.58,human,NA,0.695,2.83,143.64,0.0,67.61,0.0,125.75
Negotiation_8,R3,2026-08-21T08:15:52.429895Z,shot_miss,4,781,849,757,822,824,780,35.84,81.65,79.58,human,NA,0.695,2.83,143.64,0.0,67.61,0.0,125.75
Negotiation_8,R3,2026-08-21T08:15:52.446604Z,behavior_monitor,4,778,851,757,822,824,780,35.34,84.58,79.58,system,NA,0.705,2.83,143.64,0.0,67.61,0.0,125.75
Negotiation_8,R3,2026-08-21T08:15:52.955823Z,behavior_monitor,4,719,911,755,825,823,784,93.14,163.97,79.74,system,NA,0.638,2.83,139.18,90.19,134.16,124.27,101.53
Negotiation_8,R3,2026-08-21T08:15:53.414950Z,conflict,4,644,934,728,855,806,842,114.89,185.81,79.02,system,NA,0.618,2.83,166.35,90.14,135.27,133.07,113.79
Negotiation_8,R3,2026-08-21T08:15:53.463790Z,behavior_monitor,4,639,936,728,855,806,842,119.55,190.93,79.02,system,NA,0.615,2.83,166.35,0.0,115.35,0.0,125.75
Negotiation_8,R3,2026-08-21T08:15:53.922237Z,flight_missed,4,603,1000,727,855,804,844,190.33,254.49,78.3,system,NA,0.572,2.83,91.85,0.0,115.35,0.0,125.75
Negotiation_8,R3,2026-08-21T08:15:53.923337Z,flight_spawn,5,957,-20,727,855,804,844,905.71,878.31,78.3,system,NA,0.492,3.56,55.86,0.0,115.35,0.0,125.75
Negotiation_8,R3,2026-08-21T08:15:56.681783Z,agent_signal,5,1008,353,785,757,993,580,462.02,228.13,273.2,agent,i_can,0.331,3.56,179.16,148.8,-123.2,112.5,-90.0
Negotiation_8,R3,2026-08-21T08:15:56.697984Z,behavior_monitor,5,1008,353,785,757,991,578,462.02,226.17,273.42,system,NA,0.329,3.56,179.16,139.74,-123.4,150.04,-125.75
Negotiation_8,R3,2026-08-21T08:15:57.207739Z,behavior_monitor,5,906,361,766,699,946,566,365.67,209.07,223.8,system,NA,0.364,3.56,176.42,119.56,-90.0,87.67,180.0
Negotiation_8,R3,2026-08-21T08:15:57.716639Z,behavior_monitor,5,803,368,731,653,902,566,294.32,221.63,191.42,system,NA,0.43,3.56,176.42,129.41,180.0,87.67,180.0
Negotiation_8,R3,2026-08-21T08:15:58.221588Z,behavior_monitor,5,710,415,665,653,857,565,242.18,210.69,211.33,system,NA,0.465,3.56,127.18,137.5,180.0,93.15,180.0
Negotiation_8,R3,2026-08-21T08:15:58.729631Z,behavior_monitor,5,633,479,599,653,813,565,177.01,199.07,230.85,system,NA,0.529,3.56,154.57,129.41,180.0,87.67,180.0
Negotiation_8,R3,2026-08-21T08:15:59.235304Z,behavior_monitor,5,578,567,533,653,768,565,96.86,190.28,251.01,system,NA,0.663,3.56,94.39,137.5,180.0,93.15,180.0
Negotiation_8,R3,2026-08-21T08:15:59.741976Z,behavior_monitor,5,490,606,523,666,724,600,68.15,233.57,211.24,system,NA,0.774,3.56,170.53,144.89,-161.62,93.15,180.0
Negotiation_8,R3,2026-08-21T08:16:00.250515Z,behavior_monitor,5,387,627,457,660,679,623,77.31,292.06,225.13,system,NA,0.791,3.56,179.57,129.41,180.0,87.67,180.0
Negotiation_8,R3,2026-08-21T08:16:00.301130Z,shot_miss,5,375,629,450,660,674,625,80.94,298.9,226.9,human,NA,0.787,3.56,152.2,129.41,180.0,87.67,180.0
Negotiation_8,R3,2026-08-21T08:16:00.755207Z,behavior_monitor,5,324,706,396,689,634,678,74.44,311.37,238.02,system,NA,0.807,3.56,101.73,134.63,132.82,150.04,125.75
Negotiation_8,R3,2026-08-21T08:16:01.261672Z,behavior_monitor,5,287,804,370,751,589,740,98.23,308.6,219.81,system,NA,0.759,3.56,126.66,131.83,105.21,150.04,125.75
Negotiation_8,R3,2026-08-21T08:16:02.020687Z,flight_missed,5,235,955,325,814,520,835,167.47,309.94,196.57,system,NA,0.649,3.56,97.57,141.53,-114.4,159.42,125.75
Negotiation_8,R3,2026-08-21T08:16:02.021346Z,flight_spawn,6,682,-20,325,814,520,835,907.83,870.77,196.57,system,NA,0.49,2.98,132.15,141.53,-114.4,159.42,125.75
Negotiation_8,R3,2026-08-21T08:16:06.665917Z,agent_signal,6,1093,417,717,707,828,565,474.6,303.66,179.84,agent,i_can,0.39,2.98,59.57,137.26,28.8,76.24,0.0
Negotiation_8,R3,2026-08-21T08:16:06.683693Z,behavior_monitor,6,1093,417,717,707,829,565,474.6,302.36,180.76,system,NA,0.389,2.98,59.57,129.6,28.13,82.8,0.0
Negotiation_8,R3,2026-08-21T08:16:07.190530Z,behavior_monitor,6,1101,504,782,730,874,565,390.87,235.48,188.29,system,NA,0.376,2.98,88.88,134.57,15.93,87.67,0.0
Negotiation_8,R3,2026-08-21T08:16:07.698431Z,behavior_monitor,6,1097,593,848,734,919,582,286.07,178.94,167.78,system,NA,0.385,2.98,88.88,129.41,0.0,150.04,54.25
Negotiation_8,R3,2026-08-21T08:16:08.205091Z,behavior_monitor,6,1098,683,913,743,963,645,194.19,139.74,110.37,system,NA,0.418,2.98,88.88,136.3,34.98,150.04,54.25
Negotiation_8,R3,2026-08-21T08:16:08.714528Z,behavior_monitor,6,1080,767,964,791,1008,707,118.28,94.22,94.41,system,NA,0.443,2.98,66.23,137.44,44.0,150.04,54.25
Negotiation_8,R3,2026-08-21T08:16:09.224778Z,behavior_monitor,6,1098,853,1008,844,1052,769,90.57,95.46,87.37,system,NA,0.513,2.98,62.9,133.47,57.66,150.04,54.25
Negotiation_8,R3,2026-08-21T08:16:09.733168Z,behavior_monitor,6,1132,931,1043,903,1097,831,93.8,106.62,89.89,system,NA,0.532,2.98,59.34,143.24,59.59,159.42,54.25
Negotiation_8,R3,2026-08-21T08:16:09.852553Z,flight_missed,6,1144,952,1052,910,1109,848,100.68,109.79,83.94,system,NA,0.522,2.98,59.34,68.24,0.0,177.55,55.68
Negotiation_8,R3,2026-08-21T08:16:09.853152Z,flight_spawn,7,795,-20,1052,910,1109,848,964.97,923.26,83.94,system,NA,0.489,2.83,135.0,68.24,0.0,177.55,55.68
Negotiation_8,R3,2026-08-21T08:16:13.862212Z,agent_signal,7,720,583,727,676,835,573,93.15,115.47,149.3,agent,your_turn,0.554,2.83,81.25,0.0,26.23,130.47,125.75
Negotiation_8,R3,2026-08-21T08:16:13.879369Z,behavior_monitor,7,720,583,727,676,834,575,93.15,114.03,147.13,system,NA,0.55,2.83,81.25,0.0,26.23,130.47,125.75
Negotiation_8,R3,2026-08-21T08:16:14.304557Z,shot_miss,7,740,651,728,678,801,620,30.18,68.47,93.81,human,NA,0.694,2.83,47.31,0.0,90.0,130.47,125.75
Negotiation_8,R3,2026-08-21T08:16:14.388645Z,behavior_monitor,7,750,661,728,678,795,629,28.3,55.25,83.55,system,NA,0.661,2.83,47.31,0.0,90.0,138.4,111.51
Negotiation_8,R3,2026-08-21T08:16:14.405018Z,conflict,7,754,665,728,678,792,633,29.68,50.27,79.34,system,NA,0.629,2.83,47.31,0.0,90.0,130.47,125.75
Negotiation_8,R3,2026-08-21T08:16:14.891160Z,behavior_monitor,7,754,731,728,678,792,633,58.8,105.76,79.34,system,NA,0.643,2.83,147.98,0.0,90.0,0.0,125.75
Negotiation_8,R3,2026-08-21T08:16:15.399892Z,behavior_monitor,7,671,752,701,710,777,685,52.13,126.03,80.07,system,NA,0.707,2.83,168.33,87.64,134.12,115.6,113.66
Negotiation_8,R3,2026-08-21T08:16:15.416948Z,conflict,7,667,753,700,712,775,688,52.94,126.55,79.22,system,NA,0.705,2.83,168.33,87.65,135.82,116.42,114.57
Negotiation_8,R3,2026-08-21T08:16:15.907908Z,behavior_monitor,7,602,801,700,712,775,688,132.07,206.49,79.22,system,NA,0.61,2.83,139.36,0.0,122.81,0.0,125.75
Negotiation_8,R3,2026-08-21T08:16:16.416700Z,behavior_monitor,7,566,878,669,720,748,741,188.83,227.68,80.92,system,NA,0.547,2.83,141.21,64.71,180.0,130.47,125.75
Negotiation_8,R3,2026-08-21T08:16:16.927746Z,behavior_monitor,7,486,910,637,716,709,795,245.2,250.22,106.58,system,NA,0.505,2.83,171.54,70.29,-143.96,130.47,125.75
Negotiation_8,R3,2026-08-21T08:16:17.435092Z,behavior_monitor,7,408,938,642,654,670,849,367.83,275.95,196.86,system,NA,0.429,2.83,138.18,135.64,-71.46,130.47,125.75
Negotiation_8,R3,2026-08-21T08:16:17.537152Z,flight_missed,7,396,953,648,639,661,862,402.72,280.05,223.13,system,NA,0.41,2.83,113.99,135.42,-70.89,130.47,125.75
Negotiation_8,R3,2026-08-21T08:16:17.538099Z,flight_spawn,8,881,-20,648,639,661,862,699.84,909.66,223.13,system,NA,0.565,2.83,45.0,135.42,-70.89,130.47,125.75
Negotiation_8,R3,2026-08-21T08:16:20.336588Z,agent_signal,8,1177,308,957,571,831,628,342.81,471.28,138.43,agent,your_turn,0.579,2.83,34.63,137.5,0.0,138.63,-54.25
Negotiation_8,R3,2026-08-21T08:16:20.353288Z,behavior_monitor,8,1177,308,957,571,832,626,342.81,469.11,136.51,system,NA,0.578,2.83,34.63,129.41,0.0,130.47,-54.25
Negotiation_8,R3,2026-08-21T08:16:20.859629Z,behavior_monitor,8,1239,362,1023,571,871,572,300.37,423.61,152.09,system,NA,0.585,2.83,10.72,129.41,0.0,130.47,-54.25
Negotiation_8,R3,2026-08-21T08:16:21.371724Z,behavior_monitor,8,1316,378,1089,571,909,565,298.38,447.94,179.59,system,NA,0.6,2.83,10.45,129.41,0.0,76.24,0.0
Negotiation_8,R3,2026-08-21T08:16:21.875772Z,behavior_monitor,8,1404,394,1155,571,949,566,305.62,486.31,206.12,system,NA,0.614,2.83,10.45,129.41,0.0,76.24,0.0
Negotiation_8,R3,2026-08-21T08:16:22.384476Z,behavior_monitor,8,1428,409,1221,565,987,566,259.83,468.06,233.15,system,NA,0.643,1.75,162.91,141.01,-27.75,76.24,0.0
Negotiation_8,R3,2026-08-21T08:16:22.891092Z,behavior_monitor,8,1380,421,1277,522,1026,566,144.83,382.4,254.59,system,NA,0.725,1.75,171.01,136.0,-56.08,76.24,0.0
Negotiation_8,R3,2026-08-21T08:16:23.395567Z,behavior_monitor,8,1329,429,1306,459,1065,565,37.87,297.14,263.46,system,NA,0.887,1.75,173.31,129.41,-90.0,76.24,0.0
Negotiation_8,R3,2026-08-21T08:16:23.532658Z,shot_hit,8,1314,431,1306,442,1075,565,13.28,273.7,261.81,human,NA,0.954,1.75,173.31,129.41,-90.0,76.24,0.0
Negotiation_8,R3,2026-08-21T08:16:23.533198Z,flight_spawn,9,507,-20,1306,442,1075,565,923.65,816.3,261.81,system,NA,0.469,3.57,55.93,129.41,-90.0,76.24,0.0
Negotiation_8,R3,2026-08-21T08:16:27.598837Z,agent_signal,9,1183,436,1206,602,1017,564,167.48,209.82,192.58,agent,your_turn,0.556,3.57,9.47,135.49,-17.23,76.24,0.0
Negotiation_8,R3,2026-08-21T08:16:27.615334Z,behavior_monitor,9,1183,436,1206,602,1018,564,167.48,208.8,191.31,system,NA,0.555,3.57,9.47,135.49,-17.23,76.24,0.0
Negotiation_8,R3,2026-08-21T08:16:28.125087Z,behavior_monitor,9,1279,479,1268,574,1057,565,95.56,238.32,210.99,system,NA,0.714,3.57,36.14,133.96,-42.3,76.24,0.0
Negotiation_8,R3,2026-08-21T08:16:28.596924Z,shot_hit,9,1349,547,1323,542,1093,565,27.11,256.45,230.43,human,NA,0.904,3.57,66.74,129.41,0.0,76.24,0.0
Negotiation_8,R3,2026-08-21T08:16:28.597397Z,flight_spawn,10,836,-20,1323,542,1093,565,743.75,639.68,230.43,system,NA,0.462,2.83,135.0,129.41,0.0,76.24,0.0
Negotiation_8,R3,2026-08-21T08:16:31.017703Z,agent_signal,10,607,309,1130,695,938,567,650.03,418.94,231.5,agent,i_can,0.392,2.83,89.98,129.41,180.0,76.24,180.0
Negotiation_8,R3,2026-08-21T08:16:31.035631Z,behavior_monitor,10,607,309,1130,695,936,567,650.03,417.76,232.75,system,NA,0.391,2.83,89.98,122.22,180.0,82.8,180.0
Negotiation_8,R3,2026-08-21T08:16:31.544927Z,behavior_monitor,10,633,389,1064,699,891,565,531.36,312.3,219.28,system,NA,0.37,2.83,36.34,135.41,162.89,87.67,180.0
Negotiation_8,R3,2026-08-21T08:16:32.048812Z,behavior_monitor,10,709,424,1004,732,847,565,426.49,196.62,229.89,system,NA,0.316,2.83,16.02,135.51,151.68,87.67,180.0
Negotiation_8,R3,2026-08-21T08:16:32.560336Z,behavior_monitor,10,781,474,941,762,802,566,330.1,94.59,240.59,system,NA,0.223,2.83,36.84,135.53,158.53,87.67,180.0
Negotiation_8,R3,2026-08-21T08:16:33.018544Z,shot_miss,10,839,525,887,774,808,566,253.03,51.3,221.96,agent,NA,0.169,2.83,11.55,0.0,180.0,87.67,0.0
Negotiation_8,R3,2026-08-21T08:16:33.069491Z,behavior_monitor,10,844,526,886,774,811,566,250.87,51.43,220.25,system,NA,0.17,2.83,11.55,62.56,180.0,87.67,0.0
Negotiation_8,R3,2026-08-21T08:16:33.290164Z,shot_miss,10,878,542,859,760,832,566,219.47,52.38,196.06,agent,NA,0.193,2.83,32.52,99.51,-153.43,87.67,0.0
Negotiation_8,R3,2026-08-21T08:16:33.579660Z,behavior_monitor,10,916,563,860,760,856,566,204.69,59.71,194.24,system,NA,0.226,2.83,39.57,51.48,0.0,87.67,0.0
Negotiation_8,R3,2026-08-21T08:16:34.087270Z,behavior_monitor,10,926,627,926,760,901,618,133.82,26.8,144.58,system,NA,0.167,2.83,137.84,129.41,0.0,150.04,54.25
Negotiation_8,R3,2026-08-21T08:16:34.189524Z,shot_hit,10,911,640,942,760,896,632,124.25,16.63,135.59,agent,NA,0.118,2.83,137.84,129.41,0.0,150.04,125.75
Negotiation_8,R3,2026-08-21T08:16:34.190372Z,flight_spawn,11,955,-20,942,760,896,632,781.0,655.65,135.59,system,NA,0.456,2.83,135.0,129.41,0.0,150.04,125.75
Negotiation_8,R3,2026-08-21T08:16:37.596139Z,agent_signal,11,695,358,703,780,814,564,422.99,237.75,243.14,agent,i_can,0.36,2.83,157.37,146.94,-157.96,81.0,180.0
Negotiation_8,R3,2026-08-21T08:16:37.612746Z,behavior_monitor,11,695,358,703,780,812,564,422.99,237.01,242.46,system,NA,0.359,2.83,157.37,138.3,-157.96,87.67,180.0
Negotiation_8,R3,2026-08-21T08:16:38.124021Z,behavior_monitor,11,629,408,638,757,768,564,348.88,208.25,232.94,system,NA,0.374,2.83,152.33,134.94,-163.54,87.67,180.0
Negotiation_8,R3,2026-08-21T08:16:38.630268Z,behavior_monitor,11,560,455,572,749,723,564,293.75,196.3,239.2,system,NA,0.401,2.83,142.8,129.41,180.0,87.67,180.0
Negotiation_8,R3,2026-08-21T08:16:39.135339Z,behavior_monitor,11,481,486,506,749,679,564,263.6,212.1,253.58,system,NA,0.446,2.83,167.8,137.5,180.0,93.15,180.0
Negotiation_8,R3,2026-08-21T08:16:39.639865Z,behavior_monitor,11,405,511,440,742,634,564,233.58,235.46,264.03,system,NA,0.502,2.83,137.45,135.66,-157.94,87.67,180.0
Negotiation_8,R3,2026-08-21T08:16:40.145251Z,behavior_monitor,11,359,580,377,718,590,573,139.26,231.43,257.58,system,NA,0.624,2.83,115.44,129.41,180.0,150.04,125.75
Negotiation_8,R3,2026-08-21T08:16:40.654280Z,behavior_monitor,11,322,657,311,718,545,635,62.4,223.5,247.96,system,NA,0.782,2.83,115.44,128.18,180.0,150.04,125.75
Negotiation_8,R3,2026-08-21T08:16:40.958758Z,shot_hit,11,318,707,311,718,518,673,12.78,203.75,212.21,human,NA,0.941,2.83,91.04,0.0,180.0,150.04,125.75
Negotiation_8,R3,2026-08-21T08:16:40.959317Z,flight_spawn,12,585,-20,311,718,518,673,788.03,696.41,212.21,system,NA,0.469,3.49,124.93,0.0,180.0,150.04,125.75
Negotiation_8,R3,2026-08-21T08:16:45.098622Z,agent_signal,12,99,327,159,804,273,567,480.04,295.36,263.0,agent,i_can,0.381,2.15,5.91,137.5,0.0,81.0,180.0
Negotiation_8,R3,2026-08-21T08:16:45.114789Z,behavior_monitor,12,99,327,159,804,271,567,480.04,294.48,262.36,system,NA,0.38,2.15,5.91,129.41,0.0,87.67,180.0
Negotiation_8,R3,2026-08-21T08:16:45.621219Z,behavior_monitor,12,161,334,225,804,227,567,473.97,241.41,237.21,system,NA,0.337,2.15,5.91,129.41,0.0,87.67,180.0
Negotiation_8,R3,2026-08-21T08:16:46.129704Z,behavior_monitor,12,213,366,291,799,190,565,440.06,199.93,255.46,system,NA,0.312,2.15,56.62,136.69,-21.76,0.0,-87.4
Negotiation_8,R3,2026-08-21T08:16:46.638880Z,behavior_monitor,12,243,420,350,758,219,565,354.06,146.63,232.8,system,NA,0.293,2.15,56.62,150.7,-37.27,0.0,0.0
Negotiation_8,R3,2026-08-21T08:16:47.144215Z,behavior_monitor,12,287,466,375,739,260,565,286.7,102.5,208.62,system,NA,0.263,2.15,6.42,0.0,-36.49,87.67,0.0
Negotiation_8,R3,2026-08-21T08:16:47.654120Z,behavior_monitor,12,349,476,402,739,305,566,268.22,99.55,199.06,system,NA,0.271,2.15,22.79,129.41,0.0,108.73,-3.95
Negotiation_8,R3,2026-08-21T08:16:48.159743Z,behavior_monitor,12,396,520,427,743,349,565,224.73,65.04,193.86,system,NA,0.224,2.15,22.63,135.33,19.11,87.67,0.0
Negotiation_8,R3,2026-08-21T08:16:48.666999Z,behavior_monitor,12,452,545,469,759,394,565,214.54,62.09,208.1,system,NA,0.224,2.15,22.63,0.0,90.0,87.67,0.0
Negotiation_8,R3,2026-08-21T08:16:49.178711Z,behavior_monitor,12,514,567,512,764,438,565,196.86,75.23,211.76,system,NA,0.276,2.15,1.88,129.41,0.0,87.67,0.0
Negotiation_8,R3,2026-08-21T08:16:49.687343Z,behavior_monitor,12,580,580,578,764,483,575,183.6,97.23,210.96,system,NA,0.346,2.15,20.91,129.41,0.0,87.67,0.0
Negotiation_8,R3,2026-08-21T08:16:53.144283Z,shot_miss,12,1001,728,987,764,787,723,38.63,213.76,203.96,human,NA,0.847,2.15,16.55,129.41,0.0,150.04,54.25
Negotiation_8,R3,2026-08-21T08:16:53.450204Z,shot_hit,12,1033,739,1026,764,814,733,25.91,218.97,214.39,human,NA,0.894,2.15,16.55,129.41,0.0,87.67,0.0
Negotiation_8,R3,2026-08-21T08:16:53.451186Z,flight_spawn,13,624,-20,1026,764,814,733,881.42,777.36,214.39,system,NA,0.469,2.83,135.0,129.41,0.0,87.67,0.0
Negotiation_8,R3,2026-08-21T08:16:56.257893Z,agent_signal,13,388,347,794,782,647,566,594.76,338.66,261.4,agent,i_can,0.363,2.83,113.95,129.41,180.0,76.24,180.0
Negotiation_8,R3,2026-08-21T08:16:56.274919Z,behavior_monitor,13,388,347,794,782,645,566,594.76,337.52,262.24,system,NA,0.362,2.83,113.95,129.41,180.0,87.67,180.0
Negotiation_8,R3,2026-08-21T08:16:56.782879Z,behavior_monitor,13,403,424,728,782,600,566,483.92,243.26,250.94,system,NA,0.335,2.83,48.51,129.41,180.0,87.67,180.0
Negotiation_8,R3,2026-08-21T08:16:57.289986Z,behavior_monitor,13,441,495,662,782,556,565,362.57,134.74,241.64,system,NA,0.271,2.83,44.75,129.41,180.0,87.67,180.0
Negotiation_8,R3,2026-08-21T08:16:57.764674Z,shot_hit,13,494,555,598,782,513,565,250.12,21.4,233.32,agent,NA,0.079,2.83,65.18,129.41,180.0,87.67,180.0
Negotiation_8,R3,2026-08-21T08:16:57.765122Z,flight_spawn,14,640,-20,598,782,513,565,803.77,599.08,233.32,system,NA,0.427,3.04,131.12,129.41,180.0,87.67,180.0
Negotiation_8,R3,2026-08-21T08:17:00.216641Z,agent_signal,14,519,387,500,876,512,566,490.08,179.13,310.95,agent,i_can,0.268,3.04,121.12,125.76,148.01,76.24,180.0
Negotiation_8,R3,2026-08-21T08:17:00.232926Z,behavior_monitor,14,519,387,500,876,511,566,490.08,179.19,310.9,system,NA,0.268,3.04,121.12,142.51,155.25,87.67,180.0
Negotiation_8,R3,2026-08-21T08:17:00.742477Z,behavior_monitor,14,494,473,444,882,476,566,412.61,94.35,318.5,system,NA,0.186,3.04,94.85,0.0,180.0,0.0,180.0
Negotiation_8,R3,2026-08-21T08:17:01.182790Z,shot_hit,14,483,555,456,882,466,565,329.01,20.31,317.38,agent,NA,0.058,3.04,94.85,84.21,0.0,0.0,180.0
Negotiation_8,R3,2026-08-21T08:17:01.183315Z,flight_spawn,15,574,-20,456,882,466,565,910.65,595.58,317.38,system,NA,0.395,2.83,135.0,84.21,0.0,0.0,180.0
Negotiation_8,R3,2026-08-21T08:17:03.943260Z,agent_signal,15,518,361,536,812,539,564,450.88,204.07,247.55,agent,i_can,0.312,2.83,162.78,147.56,-148.01,81.0,180.0
Negotiation_8,R3,2026-08-21T08:17:03.959755Z,behavior_monitor,15,518,361,536,812,537,564,450.88,203.92,247.53,system,NA,0.311,2.83,162.78,138.92,-148.22,87.67,180.0
Negotiation_8,R3,2026-08-21T08:17:04.465267Z,behavior_monitor,15,439,391,473,789,492,564,399.66,181.37,225.83,system,NA,0.312,2.83,136.33,129.41,180.0,87.67,180.0
Negotiation_8,R3,2026-08-21T08:17:04.972821Z,behavior_monitor,15,393,458,407,789,448,564,331.69,119.63,228.77,system,NA,0.265,2.83,107.37,129.41,180.0,87.67,180.0
Negotiation_8,R3,2026-08-21T08:17:05.479939Z,behavior_monitor,15,387,541,341,789,403,564,252.61,27.91,233.48,system,NA,0.099,2.83,84.82,129.41,180.0,87.67,180.0
Negotiation_8,R3,2026-08-21T08:17:05.546924Z,shot_hit,15,387,555,336,789,395,564,239.6,12.38,232.67,agent,NA,0.049,2.83,84.82,0.0,180.0,87.67,180.0
Negotiation_8,R3,2026-08-21T08:17:05.547480Z,flight_spawn,16,860,-20,336,789,395,564,964.28,746.87,232.67,system,NA,0.436,2.83,45.0,0.0,180.0,87.67,180.0
Negotiation_8,R3,2026-08-21T08:17:10.850333Z,agent_signal,16,1374,579,1000,811,734,573,440.49,639.72,357.09,agent,your_turn,0.592,2.83,10.4,129.41,0.0,76.24,0.0
Negotiation_8,R3,2026-08-21T08:17:10.867044Z,behavior_monitor,16,1374,579,1000,811,736,574,440.49,638.41,354.92,system,NA,0.592,2.83,10.4,129.41,0.0,130.47,54.25
Negotiation_8,R3,2026-08-21T08:17:11.376576Z,behavior_monitor,16,1444,594,1066,811,775,589,436.38,669.62,366.47,system,NA,0.605,1.75,163.0,129.41,0.0,76.24,0.0
Negotiation_8,R3,2026-08-21T08:17:11.885040Z,behavior_monitor,16,1402,623,1132,808,814,618,327.72,588.34,370.75,system,NA,0.642,1.75,135.4,143.33,-27.0,130.47,54.25
Negotiation_8,R3,2026-08-21T08:17:12.391530Z,behavior_monitor,16,1358,656,1189,763,853,650,199.97,505.12,354.56,system,NA,0.716,1.75,131.41,139.53,-28.19,130.47,54.25
Negotiation_8,R3,2026-08-21T08:17:12.901559Z,behavior_monitor,16,1323,692,1251,727,877,680,79.55,445.63,377.03,system,NA,0.849,1.75,155.59,131.11,-26.71,123.22,54.25
Negotiation_8,R3,2026-08-21T08:17:13.203722Z,shot_hit,16,1293,704,1291,713,901,699,9.58,391.88,389.95,human,NA,0.976,1.75,154.25,135.12,-16.72,76.24,0.0
Negotiation_8,R3,2026-08-21T08:17:13.204305Z,flight_spawn,17,1135,-20,1291,713,901,699,749.85,756.93,389.95,system,NA,0.502,3.54,55.59,135.12,-16.72,76.24,0.0
Negotiation_8,R3,2026-08-21T08:17:15.342246Z,agent_signal,17,1360,355,1269,848,1043,566,500.98,380.83,361.37,agent,i_can,0.432,3.54,86.48,146.88,124.57,76.24,0.0
Negotiation_8,R3,2026-08-21T08:17:15.359497Z,behavior_monitor,17,1360,355,1269,848,1045,566,500.98,379.59,360.44,system,NA,0.431,3.54,86.48,146.88,124.57,87.67,0.0
Negotiation_8,R3,2026-08-21T08:17:15.865811Z,behavior_monitor,17,1375,460,1212,874,1089,565,445.47,304.97,332.72,system,NA,0.406,3.54,85.4,129.41,180.0,87.67,0.0
Negotiation_8,R3,2026-08-21T08:17:16.372268Z,behavior_monitor,17,1383,566,1175,886,1134,565,381.49,248.56,323.27,system,NA,0.395,3.54,85.4,78.89,44.77,87.67,0.0
Negotiation_8,R3,2026-08-21T08:17:16.882125Z,behavior_monitor,17,1360,668,1240,893,1179,626,255.32,185.98,274.39,system,NA,0.421,3.54,88.86,129.41,0.0,150.04,54.25
Negotiation_8,R3,2026-08-21T08:17:17.392854Z,behavior_monitor,17,1331,768,1262,893,1223,688,143.44,134.6,209.29,system,NA,0.484,3.54,63.24,50.37,0.0,150.04,54.25
Negotiation_8,R3,2026-08-21T08:17:17.901265Z,behavior_monitor,17,1419,819,1291,893,1267,750,148.13,166.55,145.29,system,NA,0.529,3.54,67.97,129.41,0.0,150.04,54.25
Negotiation_8,R3,2026-08-21T08:17:18.375479Z,shot_miss,17,1419,915,1338,893,1309,809,83.32,152.81,89.49,human,NA,0.647,3.54,97.34,129.41,0.0,150.04,54.25
Negotiation_8,R3,2026-08-21T08:17:18.408816Z,behavior_monitor,17,1417,922,1343,893,1312,813,80.04,151.8,86.08,system,NA,0.655,3.54,97.34,129.41,0.0,150.04,54.25
Negotiation_8,R3,2026-08-21T08:17:18.460727Z,conflict,17,1415,936,1351,894,1318,822,76.22,150.42,79.92,system,NA,0.664,3.54,73.04,129.01,0.0,156.87,67.56
Negotiation_8,R3,2026-08-21T08:17:18.914022Z,behavior_monitor,17,1448,1021,1351,894,1318,822,159.35,238.07,79.92,system,NA,0.599,3.54,73.0,0.0,15.35,0.0,54.25
Negotiation_8,R3,2026-08-21T08:17:18.964820Z,flight_missed,17,1447,1034,1350,894,1319,824,170.57,246.62,76.96,system,NA,0.591,3.44,100.4,0.0,15.35,0.0,54.25
Negotiation_8,R3,2026-08-21T08:17:18.965329Z,flight_spawn,18,549,-20,1350,894,1319,824,1215.77,1142.47,76.96,system,NA,0.484,3.53,124.5,0.0,15.35,0.0,54.25
Negotiation_8,R3,2026-08-21T08:17:23.350204Z,agent_signal,18,439,817,854,894,995,703,422.2,567.6,236.91,agent,your_turn,0.573,3.53,88.71,129.41,180.0,130.47,125.75
Negotiation_8,R3,2026-08-21T08:17:23.366974Z,behavior_monitor,18,439,817,854,894,993,705,422.2,565.97,234.69,system,NA,0.573,3.53,88.71,129.41,180.0,130.47,125.75
Negotiation_8,R3,2026-08-21T08:17:23.871984Z,behavior_monitor,18,414,912,788,894,954,759,374.08,561.17,213.98,system,NA,0.6,3.53,112.31,129.41,180.0,130.47,125.75
Negotiation_8,R3,2026-08-21T08:17:24.092832Z,flight_missed,18,391,954,757,894,936,785,370.89,571.18,210.13,system,NA,0.606,3.53,135.91,129.41,180.0,130.47,125.75
Negotiation_8,R3,2026-08-21T08:17:24.093545Z,flight_spawn,19,790,-20,757,894,936,785,914.95,818.42,210.13,system,NA,0.472,3.05,131.0,129.41,180.0,130.47,125.75
Negotiation_8,R3,2026-08-21T08:17:28.329460Z,agent_signal,19,165,314,315,673,682,565,388.51,574.49,382.29,agent,your_turn,0.597,3.05,177.43,135.54,-162.71,63.39,159.89
Negotiation_8,R3,2026-08-21T08:17:28.346026Z,behavior_monitor,19,165,314,315,673,681,565,388.51,573.32,381.05,system,NA,0.596,3.05,177.43,135.54,-162.71,76.24,180.0
Negotiation_8,R3,2026-08-21T08:17:28.851908Z,behavior_monitor,19,77,331,249,653,642,565,365.52,611.87,402.4,system,NA,0.626,3.05,153.21,134.68,-163.92,76.24,180.0
Negotiation_8,R3,2026-08-21T08:17:29.361237Z,behavior_monitor,19,20,399,188,623,603,565,280.08,606.45,419.25,system,NA,0.684,3.05,126.29,137.09,-136.04,76.24,180.0
Negotiation_8,R3,2026-08-21T08:17:29.870018Z,behavior_monitor,19,81,447,138,574,563,566,139.31,497.15,425.77,system,NA,0.781,2.95,1.52,136.39,-138.34,76.24,180.0
Negotiation_8,R3,2026-08-21T08:17:30.381102Z,behavior_monitor,19,166,465,173,524,525,566,59.33,372.92,354.4,system,NA,0.863,2.95,1.4,138.72,-54.52,76.18,174.08
Negotiation_8,R3,2026-08-21T08:17:30.769562Z,shot_hit,19,225,490,209,485,494,566,16.66,279.74,296.37,human,NA,0.944,2.95,50.72,138.55,-32.55,76.24,180.0
Negotiation_8,R3,2026-08-21T08:17:30.770148Z,flight_spawn,20,841,-20,209,485,494,566,809.05,681.44,296.37,system,NA,0.457,2.83,135.0,138.55,-32.55,76.24,180.0
Negotiation_8,R3,2026-08-21T08:17:34.937509Z,agent_signal,20,1341,308,616,756,789,566,851.94,608.63,257.25,agent,i_can,0.417,2.83,41.59,129.41,0.0,76.24,0.0
Negotiation_8,R3,2026-08-21T08:17:34.953596Z,behavior_monitor,20,1341,308,616,756,791,566,851.94,607.56,257.99,system,NA,0.416,2.83,41.59,129.41,0.0,73.08,6.01
Negotiation_8,R3,2026-08-21T08:17:35.465702Z,behavior_monitor,20,1413,344,682,756,835,566,838.93,618.76,243.95,system,NA,0.424,2.83,16.25,129.41,0.0,87.67,0.0
Negotiation_8,R3,2026-08-21T08:17:35.975082Z,behavior_monitor,20,1421,364,748,764,881,565,782.89,575.82,239.92,system,NA,0.424,1.81,179.84,135.37,17.07,87.67,0.0
Negotiation_8,R3,2026-08-21T08:17:36.481519Z,behavior_monitor,20,1370,369,814,785,925,565,694.48,485.84,246.49,system,NA,0.412,1.81,157.47,144.33,17.7,93.15,0.0
Negotiation_8,R3,2026-08-21T08:17:36.988005Z,behavior_monitor,20,1330,398,880,791,971,564,597.43,395.9,244.3,system,NA,0.399,1.81,80.86,129.41,0.0,87.67,0.0
Negotiation_8,R3,2026-08-21T08:17:37.498555Z,behavior_monitor,20,1317,449,946,791,1016,565,504.96,323.25,236.33,system,NA,0.39,1.81,99.29,129.41,0.0,87.67,0.0
Negotiation_8,R3,2026-08-21T08:17:38.007921Z,behavior_monitor,20,1313,502,1012,791,1060,565,417.08,260.15,231.33,system,NA,0.384,1.81,76.98,129.41,0.0,87.67,0.0
Negotiation_8,R3,2026-08-21T08:17:38.518397Z,behavior_monitor,20,1337,549,1078,791,1105,565,354.22,231.92,227.39,system,NA,0.396,1.81,72.63,129.41,0.0,87.67,0.0
Negotiation_8,R3,2026-08-21T08:17:39.022943Z,behavior_monitor,20,1374,590,1144,791,1151,584,306.09,223.98,207.22,system,NA,0.423,1.81,47.79,137.5,0.0,93.15,0.0
Negotiation_8,R3,2026-08-21T08:17:39.530415Z,behavior_monitor,20,1417,623,1210,791,1195,617,266.57,221.49,174.79,system,NA,0.454,1.81,21.98,129.41,0.0,87.67,0.0
Negotiation_8,R3,2026-08-21T08:17:41.191793Z,shot_hit,20,1367,662,1363,791,1342,656,129.52,26.2,136.62,agent,NA,0.168,1.09,138.44,0.0,0.0,87.67,0.0
Negotiation_8,R4,2026-08-21T08:17:53.136467Z,flight_spawn,1,1297,-20,1363,791,1342,656,814.38,678.2,136.62,system,NA,0.454,3.4,53.93,0.0,0.0,0.0,0.0
Negotiation_8,R4,2026-08-21T08:17:58.350203Z,human_signal,1,1338,135,1023,608,425,672,568.7,1059.72,601.82,human,i_can,0.651,2.06,97.65,101.92,-90.0,130.47,-54.25
Negotiation_8,R4,2026-08-21T08:17:58.366976Z,behavior_monitor,1,1338,135,1023,608,426,671,568.7,1057.7,600.34,system,NA,0.65,2.06,97.65,107.25,-90.0,130.47,-54.25
Negotiation_8,R4,2026-08-21T08:17:58.876495Z,behavior_monitor,1,1338,196,1036,549,465,617,465.44,969.36,574.85,system,NA,0.676,2.06,71.2,140.11,-39.31,130.47,-54.25
Negotiation_8,R4,2026-08-21T08:17:59.382461Z,behavior_monitor,1,1343,255,1099,520,504,566,360.32,894.66,596.6,system,NA,0.713,2.06,99.85,129.41,0.0,76.24,0.0
Negotiation_8,R4,2026-08-21T08:17:59.451283Z,human_signal,1,1341,263,1108,520,509,566,347.48,885.72,600.21,human,your_turn,0.718,2.06,99.85,129.41,0.0,76.24,0.0
Negotiation_8,R4,2026-08-21T08:17:59.451943Z,human_signal,1,1342,265,1110,520,509,566,344.7,885.32,602.4,human,your_turn,0.72,2.06,99.85,129.41,0.0,76.24,0.0
Negotiation_8,R4,2026-08-21T08:17:59.823988Z,agent_signal,1,1329,308,1158,520,543,566,272.54,827.67,617.16,agent,your_turn,0.752,2.06,124.31,129.41,0.0,103.5,-5.01
Negotiation_8,R4,2026-08-21T08:17:59.892307Z,behavior_monitor,1,1325,313,1165,520,548,566,262.14,817.63,618.57,system,NA,0.757,2.06,124.31,129.41,0.0,76.24,0.0
Negotiation_8,R4,2026-08-21T08:18:00.398998Z,behavior_monitor,1,1299,367,1231,511,587,566,160.21,740.15,646.61,system,NA,0.822,2.06,98.32,147.05,-21.6,81.0,0.0
Negotiation_8,R4,2026-08-21T08:18:00.907797Z,behavior_monitor,1,1307,426,1277,460,626,566,44.87,695.69,660.44,system,NA,0.939,2.06,131.15,142.76,-37.65,76.24,0.0
Negotiation_8,R4,2026-08-21T08:18:01.060410Z,shot_hit,1,1297,442,1295,447,637,566,5.56,671.57,668.38,human,NA,0.992,2.06,110.04,134.98,-36.91,72.0,0.0
Negotiation_8,R4,2026-08-21T08:18:01.061332Z,flight_spawn,2,582,-20,1295,447,637,566,852.92,588.77,668.38,system,NA,0.408,3.31,127.18,134.98,-36.91,72.0,0.0
Negotiation_8,R4,2026-08-21T08:18:03.179292Z,agent_signal,2,362,312,1143,616,496,565,838.32,286.28,649.09,agent,i_can,0.255,3.31,76.0,138.07,148.09,76.24,180.0
Negotiation_8,R4,2026-08-21T08:18:03.196132Z,behavior_monitor,2,362,312,1143,616,495,565,838.32,285.58,650.58,system,NA,0.254,3.31,76.0,138.07,148.09,87.67,180.0
Negotiation_8,R4,2026-08-21T08:18:03.706729Z,behavior_monitor,2,376,408,1082,650,450,565,746.67,173.48,638.24,system,NA,0.189,3.31,123.41,136.23,151.36,87.67,180.0
Negotiation_8,R4,2026-08-21T08:18:04.213545Z,behavior_monitor,2,352,504,1021,684,405,565,693.22,80.94,627.54,system,NA,0.105,3.31,100.43,136.04,151.51,87.67,180.0
Negotiation_8,R4,2026-08-21T08:18:04.601518Z,shot_hit,2,367,581,973,712,370,573,619.74,8.41,619.01,agent,NA,0.013,3.31,74.21,146.47,147.13,159.42,125.75
Negotiation_8,R4,2026-08-21T08:18:04.601944Z,flight_spawn,3,791,-20,973,712,370,573,754.5,727.88,619.01,system,NA,0.491,2.84,134.67,146.47,147.13,159.42,125.75
Negotiation_8,R4,2026-08-21T08:18:07.465118Z,human_signal,3,587,388,618,789,556,566,401.9,180.07,231.7,human,your_turn,0.309,2.84,111.5,135.03,163.41,76.24,0.0
Negotiation_8,R4,2026-08-21T08:18:07.466057Z,behavior_monitor,3,587,388,618,789,556,566,401.9,180.07,231.7,system,NA,0.309,2.84,111.5,134.85,163.68,76.24,0.0
Negotiation_8,R4,2026-08-21T08:18:07.466456Z,human_signal,3,586,391,616,790,556,566,399.79,177.32,231.74,human,your_turn,0.307,2.84,111.5,134.85,163.68,76.24,0.0
Negotiation_8,R4,2026-08-21T08:18:07.685033Z,agent_signal,3,572,424,588,794,554,566,370.28,142.25,231.1,agent,i_can,0.278,2.84,109.13,129.41,180.0,87.67,180.0
Negotiation_8,R4,2026-08-21T08:18:07.967835Z,behavior_monitor,3,578,469,552,794,554,566,326.4,99.43,228.73,system,NA,0.233,2.84,80.28,137.5,180.0,93.15,0.0
Negotiation_8,R4,2026-08-21T08:18:08.474900Z,behavior_monitor,3,611,546,545,789,584,565,251.82,33.36,226.75,system,NA,0.117,2.84,57.72,143.87,-32.89,87.67,0.0
Negotiation_8,R4,2026-08-21T08:18:08.559696Z,shot_hit,3,621,560,557,780,593,566,229.23,28.45,217.66,agent,NA,0.11,2.84,57.72,142.18,-36.66,93.51,8.2
Negotiation_8,R4,2026-08-21T08:18:08.560298Z,flight_spawn,4,490,-20,557,780,593,566,803.48,595.15,217.66,system,NA,0.426,3.42,54.24,142.18,-36.66,93.51,8.2
Negotiation_8,R4,2026-08-21T08:18:10.744635Z,agent_signal,4,329,312,428,726,448,566,426.42,280.7,161.68,agent,i_can,0.397,3.42,124.69,129.41,180.0,76.24,180.0
Negotiation_8,R4,2026-08-21T08:18:10.762106Z,behavior_monitor,4,329,312,428,726,447,566,426.42,280.07,161.5,system,NA,0.396,3.42,124.69,129.41,180.0,87.67,180.0
Negotiation_8,R4,2026-08-21T08:18:11.270397Z,behavior_monitor,4,296,405,362,726,401,566,328.67,193.3,164.82,system,NA,0.37,3.42,98.62,129.41,180.0,87.67,180.0
Negotiation_8,R4,2026-08-21T08:18:11.779004Z,behavior_monitor,4,260,494,296,726,357,567,234.83,120.82,170.99,system,NA,0.34,3.42,166.51,129.41,180.0,87.67,180.0
Negotiation_8,R4,2026-08-21T08:18:12.284051Z,behavior_monitor,4,159,518,230,726,312,564,220.54,159.85,181.68,system,NA,0.42,3.42,168.93,129.41,180.0,87.67,180.0
Negotiation_8,R4,2026-08-21T08:18:12.335587Z,human_signal,4,148,520,221,726,308,564,218.97,165.95,183.68,human,i_can,0.431,3.42,168.93,129.41,180.0,87.67,180.0
Negotiation_8,R4,2026-08-21T08:18:12.793331Z,behavior_monitor,4,57,540,164,726,273,564,215.26,217.63,195.12,system,NA,0.503,3.42,165.06,129.41,180.0,76.24,180.0
Negotiation_8,R4,2026-08-21T08:18:12.860107Z,agent_signal,4,44,550,155,726,268,564,209.02,224.47,197.16,agent,your_turn,0.518,3.42,139.47,137.5,180.0,81.0,180.0
Negotiation_8,R4,2026-08-21T08:18:13.299571Z,behavior_monitor,4,42,605,131,726,234,594,149.84,192.17,168.45,system,NA,0.562,2.72,54.94,0.0,180.0,130.47,125.75
Negotiation_8,R4,2026-08-21T08:18:13.806905Z,behavior_monitor,4,107,649,145,766,196,644,122.88,88.52,131.88,system,NA,0.419,2.72,25.38,137.5,90.0,138.63,125.75
Negotiation_8,R4,2026-08-21T08:18:14.265319Z,shot_hit,4,135,717,162,815,159,694,100.76,33.47,121.03,agent,NA,0.249,2.72,82.32,128.92,147.15,130.47,125.75
Negotiation_8,R4,2026-08-21T08:18:14.265698Z,flight_spawn,5,431,-20,162,815,159,694,877.44,764.33,121.03,system,NA,0.466,3.18,129.04,128.92,147.15,130.47,125.75
Negotiation_8,R4,2026-08-21T08:18:15.432231Z,human_signal,5,320,162,248,844,222,605,685.76,453.63,240.5,human,i_can,0.398,3.18,74.94,84.84,-90.0,130.47,-54.25
Negotiation_8,R4,2026-08-21T08:18:15.447983Z,behavior_monitor,5,320,162,248,844,223,603,685.76,451.59,242.15,system,NA,0.397,3.18,74.94,93.91,-90.0,138.63,-54.25
Negotiation_8,R4,2026-08-21T08:18:15.956298Z,behavior_monitor,5,397,207,278,806,263,565,610.77,382.53,241.24,system,NA,0.385,3.18,17.65,137.92,-20.23,96.49,-9.59
Negotiation_8,R4,2026-08-21T08:18:16.464640Z,behavior_monitor,5,489,228,344,785,301,565,576.27,386.51,223.93,system,NA,0.401,3.18,9.02,135.27,-16.94,76.24,0.0
Negotiation_8,R4,2026-08-21T08:18:16.972663Z,behavior_monitor,5,567,273,410,762,341,565,513.04,368.64,208.92,system,NA,0.418,3.18,57.02,138.56,-20.94,76.24,0.0
Negotiation_8,R4,2026-08-21T08:18:17.478927Z,behavior_monitor,5,619,353,476,739,379,565,411.18,319.3,198.87,system,NA,0.437,3.18,57.02,135.83,-17.69,76.24,0.0
Negotiation_8,R4,2026-08-21T08:18:17.987652Z,behavior_monitor,5,681,423,542,718,418,565,326.22,298.97,196.68,system,NA,0.478,3.18,59.49,135.8,-17.65,76.24,0.0
Negotiation_8,R4,2026-08-21T08:18:18.499549Z,behavior_monitor,5,736,496,608,701,458,566,242.86,287.07,202.25,system,NA,0.542,3.18,34.38,129.41,0.0,76.24,0.0
Negotiation_8,R4,2026-08-21T08:18:18.567283Z,agent_signal,5,750,504,619,701,463,566,236.92,293.69,206.33,agent,your_turn,0.554,3.18,14.19,129.41,0.0,76.24,0.0
Negotiation_8,R4,2026-08-21T08:18:19.006595Z,behavior_monitor,5,831,524,674,701,496,566,237.08,337.12,223.03,system,NA,0.587,3.18,14.19,129.41,0.0,76.24,0.0
Negotiation_8,R4,2026-08-21T08:18:19.514329Z,behavior_monitor,5,924,546,740,701,535,566,241.48,390.15,245.68,system,NA,0.618,3.18,9.85,129.41,0.0,76.24,0.0
Negotiation_8,R4,2026-08-21T08:18:20.020434Z,behavior_monitor,5,1018,562,806,701,574,566,253.96,443.99,268.21,system,NA,0.636,3.18,10.52,129.41,0.0,76.24,0.0
Negotiation_8,R4,2026-08-21T08:18:20.527662Z,behavior_monitor,5,1114,585,872,701,613,579,268.7,500.37,286.08,system,NA,0.651,3.18,8.4,129.41,0.0,76.24,0.0
Negotiation_8,R4,2026-08-21T08:18:21.034823Z,behavior_monitor,5,1209,598,938,702,652,593,290.4,556.92,305.85,system,NA,0.657,3.18,33.15,133.59,14.38,76.24,0.0
Negotiation_8,R4,2026-08-21T08:18:21.442088Z,human_signal,5,1268,646,990,718,683,636,286.74,584.89,318.02,human,your_turn,0.671,3.18,38.25,135.89,18.6,130.47,54.25
Negotiation_8,R4,2026-08-21T08:18:21.442761Z,human_signal,5,1270,648,993,719,683,636,286.78,587.45,320.32,human,your_turn,0.672,3.18,38.25,135.81,18.87,130.47,54.25
Negotiation_8,R4,2026-08-21T08:18:21.543121Z,behavior_monitor,5,1284,658,1003,722,692,648,288.07,592.15,320.1,system,NA,0.673,3.18,38.25,135.67,19.51,150.04,54.25
Negotiation_8,R4,2026-08-21T08:18:22.050968Z,behavior_monitor,5,1359,717,1068,747,736,710,292.83,623.14,333.87,system,NA,0.68,3.18,38.25,144.57,23.48,183.53,53.93
Negotiation_8,R4,2026-08-21T08:18:22.302794Z,agent_signal,5,1389,756,1098,765,758,742,291.58,631.27,340.46,agent,i_can,0.684,3.18,59.13,136.39,37.91,150.04,54.25
Negotiation_8,R4,2026-08-21T08:18:22.558533Z,behavior_monitor,5,1411,794,1123,789,781,773,288.59,631.16,342.64,system,NA,0.686,3.18,59.13,127.66,46.67,141.71,54.25
Negotiation_8,R4,2026-08-21T08:18:23.068434Z,behavior_monitor,5,1445,882,1171,838,825,835,276.86,621.35,346.3,system,NA,0.692,3.18,80.79,135.67,39.06,150.04,54.25
Negotiation_8,R4,2026-08-21T08:18:23.441121Z,flight_missed,5,1440,953,1213,870,859,882,241.66,585.07,353.95,system,NA,0.708,3.18,109.89,135.69,37.87,150.04,54.25
Negotiation_8,R4,2026-08-21T08:18:23.442157Z,flight_spawn,6,811,-20,1213,870,859,882,977.57,904.04,353.95,system,NA,0.48,3.32,52.97,135.69,37.87,150.04,54.25
Negotiation_8,R4,2026-08-21T08:18:25.448877Z,agent_signal,6,974,329,1116,770,950,701,463.57,372.4,179.72,agent,i_can,0.445,3.32,75.71,137.5,55.79,105.88,-90.0
Negotiation_8,R4,2026-08-21T08:18:25.466329Z,behavior_monitor,6,974,329,1116,770,950,699,463.57,370.33,180.53,system,NA,0.444,3.32,75.71,137.5,55.79,121.76,-90.0
Negotiation_8,R4,2026-08-21T08:18:25.973883Z,behavior_monitor,6,998,425,1083,797,975,636,381.25,211.93,194.04,system,NA,0.357,3.32,75.71,106.85,180.0,121.76,-90.0
Negotiation_8,R4,2026-08-21T08:18:26.484350Z,behavior_monitor,6,1018,522,1098,802,996,574,290.85,56.77,249.51,system,NA,0.163,3.32,97.32,0.0,19.51,150.04,-54.25
Negotiation_8,R4,2026-08-21T08:18:26.723292Z,shot_hit,6,1011,571,1091,802,994,567,243.69,17.85,253.61,agent,NA,0.068,3.32,97.32,0.0,180.0,0.0,-100.84
Negotiation_8,R4,2026-08-21T08:18:26.724285Z,flight_spawn,7,1064,-20,1091,802,994,567,822.67,592.06,253.61,system,NA,0.418,3.24,128.14,0.0,180.0,0.0,-100.84
Negotiation_8,R4,2026-08-21T08:18:28.775568Z,human_signal,7,1257,261,1124,781,1128,566,537.11,331.28,215.4,human,i_can,0.381,3.24,50.8,91.02,0.0,76.24,0.0
Negotiation_8,R4,2026-08-21T08:18:28.791480Z,behavior_monitor,7,1257,261,1124,781,1129,566,537.11,330.72,215.38,system,NA,0.381,3.24,50.8,91.64,0.0,92.91,2.04
Negotiation_8,R4,2026-08-21T08:18:29.300886Z,behavior_monitor,7,1263,352,1171,760,1168,566,418.41,233.71,194.56,system,NA,0.358,3.24,97.4,102.86,-28.97,76.24,0.0
Negotiation_8,R4,2026-08-21T08:18:29.522417Z,agent_signal,7,1256,397,1198,756,1185,566,364.08,183.35,190.89,agent,i_can,0.335,3.24,97.4,129.41,0.0,76.24,0.0
Negotiation_8,R4,2026-08-21T08:18:29.808643Z,behavior_monitor,7,1255,447,1206,756,1210,566,312.7,126.45,190.55,system,NA,0.288,3.24,123.14,70.26,180.0,70.07,-1.52
Negotiation_8,R4,2026-08-21T08:18:30.315559Z,behavior_monitor,7,1177,504,1178,755,1186,566,250.86,62.48,189.27,system,NA,0.199,3.24,147.98,99.51,-153.73,87.67,180.0
Negotiation_8,R4,2026-08-21T08:18:30.568024Z,shot_miss,7,1133,531,1143,745,1162,566,213.69,45.16,180.16,agent,NA,0.174,3.24,147.98,129.41,180.0,87.67,180.0
Negotiation_8,R4,2026-08-21T08:18:30.771436Z,shot_miss,7,1101,552,1117,745,1144,565,193.51,45.29,181.5,agent,NA,0.19,3.24,147.98,129.41,180.0,87.67,180.0
Negotiation_8,R4,2026-08-21T08:18:30.820716Z,behavior_monitor,7,1096,555,1112,745,1141,565,190.11,46.09,181.71,system,NA,0.195,3.24,147.98,129.41,180.0,87.67,180.0
Negotiation_8,R4,2026-08-21T08:18:31.329495Z,behavior_monitor,7,1024,615,1046,745,1096,602,132.19,73.01,150.81,system,NA,0.356,3.24,118.0,129.41,180.0,150.04,125.75
Negotiation_8,R4,2026-08-21T08:18:31.836560Z,behavior_monitor,7,974,696,980,745,1052,665,48.81,83.44,107.14,system,NA,0.631,3.24,117.13,129.41,180.0,150.04,125.75
Negotiation_8,R4,2026-08-21T08:18:31.990390Z,shot_hit,7,960,722,961,745,1038,684,22.53,87.65,99.02,human,NA,0.796,3.24,117.13,129.41,180.0,150.04,125.75
Negotiation_8,R4,2026-08-21T08:18:31.990895Z,flight_spawn,8,902,-20,961,745,1038,684,767.58,717.19,99.02,system,NA,0.483,2.83,135.0,129.41,180.0,150.04,125.75
Negotiation_8,R4,2026-08-21T08:18:33.566670Z,human_signal,8,774,203,754,720,943,567,516.77,400.29,243.11,human,i_can,0.436,2.83,86.21,139.27,-158.31,76.24,180.0
Negotiation_8,R4,2026-08-21T08:18:33.582297Z,behavior_monitor,8,774,203,754,720,941,567,516.77,399.75,242.11,system,NA,0.436,2.83,86.21,148.09,-157.53,81.0,180.0
Negotiation_8,R4,2026-08-21T08:18:34.091075Z,behavior_monitor,8,794,283,711,691,903,566,415.9,302.28,229.25,system,NA,0.421,2.83,45.12,93.02,0.0,81.0,180.0
Negotiation_8,R4,2026-08-21T08:18:34.277567Z,agent_signal,8,814,310,736,691,888,566,389.27,267.01,197.24,agent,i_can,0.407,2.83,70.64,129.41,0.0,76.24,180.0
Negotiation_8,R4,2026-08-21T08:18:34.598179Z,behavior_monitor,8,819,359,772,711,860,566,354.99,210.67,169.86,system,NA,0.372,2.83,96.07,147.45,35.76,93.15,180.0
Negotiation_8,R4,2026-08-21T08:18:35.106154Z,behavior_monitor,8,819,440,822,759,815,566,318.34,125.85,192.65,system,NA,0.283,2.83,65.07,129.41,90.0,87.67,180.0
Negotiation_8,R4,2026-08-21T08:18:35.613308Z,behavior_monitor,8,853,517,809,788,830,565,273.93,53.33,223.34,system,NA,0.163,2.83,65.07,134.15,22.16,93.15,0.0
Negotiation_8,R4,2026-08-21T08:18:35.817164Z,shot_hit,8,870,551,837,798,846,565,249.19,27.73,232.83,agent,NA,0.1,2.83,65.07,134.67,18.2,87.67,0.0
Negotiation_8,R4,2026-08-21T08:18:35.818175Z,flight_spawn,9,1390,-20,837,798,846,565,987.43,798.63,232.83,system,NA,0.447,2.83,45.0,134.67,18.2,87.67,0.0
Negotiation_8,R4,2026-08-21T08:18:37.412196Z,human_signal,9,1444,183,1010,802,938,566,756.5,634.57,247.68,human,i_can,0.456,2.17,106.96,129.41,0.0,76.24,0.0
Negotiation_8,R4,2026-08-21T08:18:37.429291Z,behavior_monitor,9,1444,183,1010,802,939,566,756.5,633.54,247.3,system,NA,0.456,2.17,106.96,129.41,0.0,76.24,0.0
Negotiation_8,R4,2026-08-21T08:18:37.936291Z,behavior_monitor,9,1422,245,1076,802,978,565,656.09,547.78,256.79,system,NA,0.455,2.17,106.96,129.41,0.0,76.24,0.0
Negotiation_8,R4,2026-08-21T08:18:38.445261Z,behavior_monitor,9,1436,305,1142,798,1017,565,574.51,493.49,263.94,system,NA,0.462,2.17,76.93,134.96,-16.49,76.24,0.0
Negotiation_8,R4,2026-08-21T08:18:38.954919Z,behavior_monitor,9,1449,368,1208,780,1056,565,477.01,439.77,262.54,system,NA,0.48,2.12,91.72,133.77,-14.67,76.24,0.0
Negotiation_8,R4,2026-08-21T08:18:39.461823Z,behavior_monitor,9,1419,415,1274,767,1094,564,380.8,357.39,271.25,system,NA,0.484,1.95,131.77,129.41,0.0,76.24,0.0
Negotiation_8,R4,2026-08-21T08:18:39.972062Z,behavior_monitor,9,1379,449,1340,767,1133,564,321.12,271.53,289.92,system,NA,0.458,1.95,98.91,129.41,0.0,76.24,0.0
Negotiation_8,R4,2026-08-21T08:18:40.484404Z,behavior_monitor,9,1415,488,1326,750,1172,563,276.38,254.64,241.63,system,NA,0.48,1.95,22.58,130.65,18.11,76.24,0.0
Negotiation_8,R4,2026-08-21T08:18:40.990707Z,behavior_monitor,9,1438,501,1338,755,1211,564,272.91,235.71,229.86,system,NA,0.463,1.18,171.4,92.88,-154.78,76.24,0.0
Negotiation_8,R4,2026-08-21T08:18:41.499600Z,behavior_monitor,9,1409,517,1350,754,1249,564,243.93,166.5,215.11,system,NA,0.406,1.18,148.09,133.08,-154.46,76.24,0.0
Negotiation_8,R4,2026-08-21T08:18:41.720016Z,agent_signal,9,1395,528,1344,749,1265,564,226.88,135.28,201.04,agent,i_can,0.374,1.18,120.76,91.1,0.0,58.08,28.12
Negotiation_8,R4,2026-08-21T08:18:42.006821Z,behavior_monitor,9,1391,547,1372,758,1290,564,212.4,102.51,210.45,system,NA,0.326,1.18,92.21,0.0,20.02,87.67,0.0
Negotiation_8,R4,2026-08-21T08:18:42.511082Z,behavior_monitor,9,1369,574,1343,751,1335,568,179.78,34.48,183.24,system,NA,0.161,1.18,141.25,0.0,180.0,87.67,0.0
Negotiation_8,R4,2026-08-21T08:18:42.613048Z,shot_hit,9,1363,579,1343,751,1342,575,173.96,21.5,176.74,agent,NA,0.11,1.18,141.25,0.0,180.0,11.7,35.68
Negotiation_8,R4,2026-08-21T08:18:42.613957Z,flight_spawn,10,787,-20,1343,751,1342,575,951.12,813.93,176.74,system,NA,0.461,2.83,45.0,0.0,180.0,11.7,35.68
Negotiation_8,R4,2026-08-21T08:18:43.665897Z,human_signal,10,875,103,1256,748,1307,566,749.46,633.1,189.48,human,i_can,0.458,2.83,97.4,129.41,180.0,76.24,180.0
Negotiation_8,R4,2026-08-21T08:18:43.682918Z,behavior_monitor,10,875,103,1256,748,1306,566,749.46,632.22,189.14,system,NA,0.458,2.83,97.4,129.41,180.0,76.24,180.0
Negotiation_8,R4,2026-08-21T08:18:44.189034Z,behavior_monitor,10,870,186,1190,748,1267,566,646.72,549.34,198.2,system,NA,0.459,2.83,73.5,129.41,180.0,76.24,180.0
Negotiation_8,R4,2026-08-21T08:18:44.695971Z,behavior_monitor,10,910,259,1124,748,1229,566,534.21,442.45,210.25,system,NA,0.453,2.83,48.58,137.5,180.0,81.0,180.0
Negotiation_8,R4,2026-08-21T08:18:45.206167Z,behavior_monitor,10,983,292,1058,748,1190,566,462.31,343.06,225.09,system,NA,0.426,2.83,17.6,129.41,180.0,76.24,180.0
Negotiation_8,R4,2026-08-21T08:18:45.713380Z,behavior_monitor,10,1061,321,1063,748,1151,566,427.24,260.69,202.31,system,NA,0.379,2.83,43.79,122.22,0.0,72.0,180.0
Negotiation_8,R4,2026-08-21T08:18:46.037027Z,agent_signal,10,1085,368,1107,748,1126,566,380.67,201.61,183.51,agent,i_can,0.346,2.83,71.99,129.41,0.0,76.24,180.0
Negotiation_8,R4,2026-08-21T08:18:46.222470Z,behavior_monitor,10,1094,395,1129,748,1110,566,354.86,171.23,183.65,system,NA,0.325,2.83,71.99,129.41,0.0,87.67,180.0
Negotiation_8,R4,2026-08-21T08:18:46.731151Z,behavior_monitor,10,1123,476,1151,748,1099,565,273.9,92.33,190.3,system,NA,0.252,2.83,71.99,72.32,0.0,0.0,0.0
Negotiation_8,R4,2026-08-21T08:18:47.138100Z,shot_miss,10,1156,533,1192,748,1128,565,218.41,42.62,193.83,agent,NA,0.163,2.83,42.46,0.0,0.0,103.29,3.77
Negotiation_8,R4,2026-08-21T08:18:47.238151Z,behavior_monitor,10,1167,542,1192,748,1135,565,207.29,39.17,191.49,system,NA,0.159,2.83,42.46,0.0,0.0,87.67,0.0
Negotiation_8,R4,2026-08-21T08:18:47.507958Z,shot_miss,10,1199,578,1200,748,1161,574,170.42,38.15,178.96,agent,NA,0.183,2.83,42.8,129.41,0.0,150.04,54.25
Negotiation_8,R4,2026-08-21T08:18:47.743240Z,behavior_monitor,10,1211,610,1228,748,1180,599,139.15,32.71,157.19,system,NA,0.19,2.83,96.55,136.47,0.0,159.42,54.25
Negotiation_8,R4,2026-08-21T08:18:47.861567Z,shot_hit,10,1213,632,1231,748,1191,615,117.61,28.01,138.73,agent,NA,0.192,2.83,67.55,0.0,0.0,150.04,54.25
Negotiation_8,R4,2026-08-21T08:18:47.862117Z,flight_spawn,11,731,-20,1231,748,1191,615,916.92,784.76,138.73,system,NA,0.461,2.99,132.02,0.0,0.0,150.04,54.25
Negotiation_8,R4,2026-08-21T08:18:49.324917Z,human_signal,11,501,80,1114,748,1114,566,906.73,782.26,182.11,human,i_can,0.463,2.99,161.61,129.41,180.0,76.24,180.0
Negotiation_8,R4,2026-08-21T08:18:49.341589Z,behavior_monitor,11,501,80,1114,748,1113,566,906.73,781.25,182.11,system,NA,0.463,2.99,161.61,129.41,180.0,76.24,180.0
Negotiation_8,R4,2026-08-21T08:18:49.851655Z,behavior_monitor,11,416,109,1048,748,1074,567,899.55,801.87,183.48,system,NA,0.471,2.99,161.61,129.41,180.0,76.24,180.0
Negotiation_8,R4,2026-08-21T08:18:50.361631Z,behavior_monitor,11,333,132,982,748,1035,566,894.69,824.98,189.61,system,NA,0.48,2.99,172.54,129.41,180.0,76.24,180.0
Negotiation_8,R4,2026-08-21T08:18:50.869147Z,behavior_monitor,11,260,174,916,748,996,567,871.94,834.67,198.7,system,NA,0.489,2.99,136.36,129.41,180.0,76.24,180.0
Negotiation_8,R4,2026-08-21T08:18:51.374859Z,behavior_monitor,11,185,217,850,752,958,567,853.7,847.92,214.62,system,NA,0.498,2.99,147.72,136.42,160.8,76.24,180.0
Negotiation_8,R4,2026-08-21T08:18:51.884403Z,behavior_monitor,11,111,265,785,777,919,567,846.69,862.18,249.71,system,NA,0.505,2.99,127.67,136.03,160.48,76.24,180.0
Negotiation_8,R4,2026-08-21T08:18:52.391701Z,behavior_monitor,11,58,336,719,792,880,567,803.11,853.45,277.09,system,NA,0.515,2.99,127.67,129.41,180.0,76.24,180.0
Negotiation_8,R4,2026-08-21T08:18:52.899649Z,behavior_monitor,11,29,406,653,792,841,565,734.04,827.04,294.96,system,NA,0.53,2.61,41.93,129.41,180.0,76.24,180.0
Negotiation_8,R4,2026-08-21T08:18:53.409832Z,behavior_monitor,11,100,430,587,792,802,565,606.77,714.22,312.91,system,NA,0.541,2.61,58.97,129.41,180.0,76.24,180.0
Negotiation_8,R4,2026-08-21T08:18:53.629703Z,agent_signal,11,122,461,556,792,785,564,545.69,670.62,323.06,agent,your_turn,0.551,2.61,58.97,129.41,180.0,76.24,180.0
Negotiation_8,R4,2026-08-21T08:18:53.917987Z,behavior_monitor,11,127,501,521,792,763,564,490.32,639.66,332.51,system,NA,0.566,2.61,109.97,129.41,180.0,76.24,180.0
Negotiation_8,R4,2026-08-21T08:18:54.426189Z,behavior_monitor,11,108,576,455,792,724,570,409.1,616.54,349.18,system,NA,0.601,2.61,85.56,129.41,180.0,130.47,125.75
Negotiation_8,R4,2026-08-21T08:18:54.931621Z,behavior_monitor,11,82,644,390,816,685,624,352.29,603.2,352.62,system,NA,0.631,2.61,117.06,138.19,157.17,130.47,125.75
Negotiation_8,R4,2026-08-21T08:18:55.442502Z,behavior_monitor,11,47,714,325,844,647,677,306.61,600.74,362.74,system,NA,0.662,2.61,117.06,138.05,156.97,102.91,129.62
Negotiation_8,R4,2026-08-21T08:18:55.952281Z,behavior_monitor,11,52,733,261,873,607,727,251.33,554.81,375.65,system,NA,0.688,1.6,15.6,136.97,152.63,76.24,180.0
Negotiation_8,R4,2026-08-21T08:18:56.459999Z,behavior_monitor,11,98,749,209,900,568,744,187.54,470.51,391.25,system,NA,0.715,1.6,11.69,0.0,156.08,76.24,180.0
Negotiation_8,R4,2026-08-21T08:18:56.967323Z,behavior_monitor,11,146,762,200,879,529,757,129.16,383.25,350.77,system,NA,0.748,1.6,16.59,128.01,-90.0,76.24,180.0
Negotiation_8,R4,2026-08-21T08:18:57.035111Z,human_signal,11,154,764,200,874,524,758,119.7,369.96,343.75,human,i_can,0.756,1.6,6.77,0.0,-90.0,76.24,180.0
Negotiation_8,R4,2026-08-21T08:18:57.153719Z,human_signal,11,164,765,200,874,515,760,115.21,351.57,335.01,human,your_turn,0.753,1.6,6.77,0.0,-90.0,52.13,-176.36
Negotiation_8,R4,2026-08-21T08:18:57.154303Z,human_signal,11,166,765,200,874,515,760,114.42,349.62,335.01,human,your_turn,0.753,1.6,6.77,0.0,-90.0,76.24,180.0
Negotiation_8,R4,2026-08-21T08:18:57.475571Z,behavior_monitor,11,197,769,208,874,487,764,106.28,290.23,299.6,system,NA,0.732,1.6,6.77,129.41,0.0,87.67,180.0
Negotiation_8,R4,2026-08-21T08:18:57.982172Z,behavior_monitor,11,240,781,255,874,443,776,94.96,202.74,212.06,system,NA,0.681,1.6,8.58,0.0,0.0,150.04,125.75
Negotiation_8,R4,2026-08-21T08:18:58.099942Z,agent_signal,11,252,783,255,874,432,777,91.96,180.29,202.48,agent,i_can,0.662,1.6,8.58,0.0,0.0,87.67,180.0
Negotiation_8,R4,2026-08-21T08:18:58.490474Z,behavior_monitor,11,286,788,301,874,398,783,87.95,111.79,133.1,system,NA,0.56,1.6,8.58,129.41,0.0,87.67,180.0
Negotiation_8,R4,2026-08-21T08:18:58.947293Z,conflict,11,311,817,327,885,356,812,69.76,44.59,78.11,system,NA,0.39,1.6,84.4,35.26,90.0,150.04,125.75
Negotiation_8,R4,2026-08-21T08:18:58.998400Z,behavior_monitor,11,312,820,327,885,356,812,66.41,43.98,78.11,system,NA,0.398,1.6,84.4,0.0,90.0,0.0,125.75
Negotiation_8,R4,2026-08-21T08:18:59.387503Z,conflict,11,313,857,327,885,356,812,31.86,61.42,78.11,human,NA,0.658,1.6,89.39,0.0,90.0,0.0,125.75
Negotiation_8,R4,2026-08-21T08:18:59.388072Z,shot_miss,11,313,857,327,885,356,812,31.86,61.42,78.11,human,NA,0.658,1.6,89.39,0.0,90.0,0.0,125.75
Negotiation_8,R4,2026-08-21T08:18:59.506418Z,behavior_monitor,11,313,868,327,885,356,812,22.55,70.08,78.11,system,NA,0.757,1.6,89.39,0.0,90.0,0.0,125.75
Negotiation_8,R4,2026-08-21T08:19:00.015565Z,behavior_monitor,11,290,908,310,885,361,829,29.94,106.26,76.32,system,NA,0.78,1.6,140.16,164.86,180.0,144.17,57.63
Negotiation_8,R4,2026-08-21T08:19:00.372953Z,conflict,11,271,936,280,905,352,875,32.29,102.22,78.55,system,NA,0.76,1.6,110.57,93.99,136.5,128.78,109.0
Negotiation_8,R4,2026-08-21T08:19:00.525065Z,behavior_monitor,11,265,948,280,905,352,875,44.87,114.09,78.55,system,NA,0.718,1.6,137.48,0.0,106.27,0.0,125.75
Negotiation_8,R4,2026-08-21T08:19:00.878704Z,flight_missed,11,243,974,280,905,351,877,78.18,145.6,76.38,system,NA,0.651,1.6,107.65,0.0,106.27,0.0,125.75
Negotiation_8,R4,2026-08-21T08:19:00.879702Z,flight_spawn,12,433,-20,280,905,351,877,938.42,900.93,76.38,system,NA,0.49,2.83,45.0,0.0,106.27,0.0,125.75
Negotiation_8,R4,2026-08-21T08:19:06.952644Z,agent_signal,12,1130,611,963,706,789,591,191.96,341.18,208.05,agent,your_turn,0.64,2.83,69.17,129.41,0.0,130.47,54.25
Negotiation_8,R4,2026-08-21T08:19:06.969350Z,behavior_monitor,12,1130,611,963,706,791,593,191.96,339.79,205.97,system,NA,0.639,2.83,69.17,129.41,0.0,130.47,54.25
Negotiation_8,R4,2026-08-21T08:19:07.475820Z,behavior_monitor,12,1125,695,1026,725,830,647,103.04,299.18,211.88,system,NA,0.744,2.83,122.39,133.67,27.14,130.47,54.25
Negotiation_8,R4,2026-08-21T08:19:07.815451Z,shot_hit,12,1094,743,1067,746,856,683,27.81,246.25,220.56,human,NA,0.899,2.83,101.85,133.96,27.73,130.47,54.25
Negotiation_8,R4,2026-08-21T08:19:07.816033Z,flight_spawn,13,541,-20,1067,746,856,683,930.08,770.77,220.56,system,NA,0.453,2.88,46.08,133.96,27.73,130.47,54.25
Negotiation_8,R4,2026-08-21T08:19:10.250516Z,human_signal,13,885,154,949,782,853,567,630.96,413.81,235.78,human,i_can,0.396,2.88,70.9,145.28,-155.34,81.0,0.0
Negotiation_8,R4,2026-08-21T08:19:10.268257Z,behavior_monitor,13,885,154,949,782,854,567,630.96,413.71,235.26,system,NA,0.396,2.88,70.9,136.84,-155.55,76.24,0.0
Negotiation_8,R4,2026-08-21T08:19:10.776273Z,behavior_monitor,13,911,236,946,771,887,565,536.28,330.07,214.08,system,NA,0.381,2.88,70.9,143.09,16.08,0.0,0.0
Negotiation_8,R4,2026-08-21T08:19:11.283176Z,behavior_monitor,13,976,296,941,763,926,565,468.52,273.82,198.47,system,NA,0.369,2.88,22.32,115.87,-154.21,76.24,0.0
Negotiation_8,R4,2026-08-21T08:19:11.453290Z,agent_signal,13,1003,308,942,763,939,565,459.51,265.01,198.3,agent,i_can,0.366,2.88,22.32,130.87,21.6,76.24,0.0
Negotiation_8,R4,2026-08-21T08:19:11.791459Z,behavior_monitor,13,1059,313,983,780,968,565,472.78,267.49,215.34,system,NA,0.361,2.88,0.13,135.42,21.85,87.67,0.0
Negotiation_8,R4,2026-08-21T08:19:12.295168Z,behavior_monitor,13,1138,338,1048,786,1013,565,456.4,259.27,223.22,system,NA,0.362,2.88,24.16,129.41,0.0,87.67,0.0
Negotiation_8,R4,2026-08-21T08:19:12.802745Z,behavior_monitor,13,1222,352,1114,786,1058,565,446.96,269.0,227.99,system,NA,0.376,2.88,26.85,129.41,0.0,87.67,0.0
Negotiation_8,R4,2026-08-21T08:19:13.307424Z,behavior_monitor,13,1287,405,1165,780,1102,564,394.6,243.99,224.85,system,NA,0.382,2.88,49.24,47.34,-90.0,82.8,0.0
Negotiation_8,R4,2026-08-21T08:19:13.817222Z,behavior_monitor,13,1356,454,1183,760,1147,564,351.87,236.61,198.61,system,NA,0.402,2.88,26.85,129.41,0.0,87.67,0.0
Negotiation_8,R4,2026-08-21T08:19:14.324895Z,behavior_monitor,13,1424,500,1203,749,1192,564,332.77,240.6,185.39,system,NA,0.42,2.88,29.37,129.41,0.0,87.67,0.0
Negotiation_8,R4,2026-08-21T08:19:14.834711Z,behavior_monitor,13,1411,528,1247,749,1237,564,275.38,178.38,185.34,system,NA,0.393,2.07,162.24,129.41,0.0,87.67,0.0
Negotiation_8,R4,2026-08-21T08:19:15.342876Z,behavior_monitor,13,1366,565,1282,749,1281,564,202.46,85.1,185.08,system,NA,0.296,2.07,163.77,0.0,0.0,87.67,0.0
Negotiation_8,R4,2026-08-21T08:19:15.782143Z,shot_hit,13,1330,599,1268,733,1310,593,147.76,21.04,145.81,agent,NA,0.125,2.07,89.16,86.88,0.0,121.76,90.0
Negotiation_8,R4,2026-08-21T08:19:15.782699Z,flight_spawn,14,580,-20,1268,733,1310,593,1019.83,953.37,145.81,system,NA,0.483,3.38,126.33,86.88,0.0,121.76,90.0
Negotiation_8,R4,2026-08-21T08:19:17.288173Z,human_signal,14,712,193,1078,723,1215,565,644.14,625.01,208.58,human,i_can,0.492,3.38,10.12,137.5,180.0,81.0,180.0
Negotiation_8,R4,2026-08-21T08:19:17.304541Z,behavior_monitor,14,712,193,1078,723,1213,565,644.14,623.97,207.73,system,NA,0.492,3.38,10.12,129.41,180.0,76.24,180.0
Negotiation_8,R4,2026-08-21T08:19:17.811133Z,behavior_monitor,14,812,211,1012,723,1174,565,549.91,506.54,226.28,system,NA,0.479,3.38,10.12,129.41,180.0,76.24,180.0
Negotiation_8,R4,2026-08-21T08:19:18.318513Z,behavior_monitor,14,913,232,1001,730,1135,565,505.43,399.96,213.06,system,NA,0.442,3.38,14.41,134.32,21.41,76.24,180.0
Negotiation_8,R4,2026-08-21T08:19:18.824220Z,behavior_monitor,14,1009,269,1062,757,1096,565,490.73,308.54,194.92,system,NA,0.386,3.38,18.53,139.14,24.39,81.0,180.0
Negotiation_8,R4,2026-08-21T08:19:19.332393Z,behavior_monitor,14,1104,293,1126,778,1073,565,486.18,274.2,219.8,system,NA,0.361,3.38,14.13,129.41,0.0,76.24,0.0
Negotiation_8,R4,2026-08-21T08:19:19.568424Z,agent_signal,14,1152,308,1159,778,1092,565,470.51,264.1,223.71,agent,i_can,0.36,3.38,10.77,129.41,0.0,76.24,0.0
Negotiation_8,R4,2026-08-21T08:19:19.840167Z,behavior_monitor,14,1201,317,1192,778,1116,565,461.07,262.21,226.11,system,NA,0.363,3.38,10.77,129.41,0.0,87.67,0.0
Negotiation_8,R4,2026-08-21T08:19:20.348493Z,behavior_monitor,14,1303,336,1157,765,1161,566,452.75,270.07,199.08,system,NA,0.374,3.38,10.77,129.41,180.0,87.67,0.0
Negotiation_8,R4,2026-08-21T08:19:20.855809Z,behavior_monitor,14,1407,355,1103,751,1206,566,499.39,291.73,211.77,system,NA,0.369,3.38,10.77,133.61,-133.23,108.41,10.01
Negotiation_8,R4,2026-08-21T08:19:21.362788Z,behavior_monitor,14,1417,378,1138,711,1250,565,434.16,250.37,184.07,system,NA,0.366,2.09,138.86,83.44,-40.03,87.67,0.0
Negotiation_8,R4,2026-08-21T08:19:21.868497Z,behavior_monitor,14,1367,420,1119,686,1295,565,364.35,162.65,213.58,system,NA,0.309,2.09,138.86,129.41,0.0,87.67,0.0
Negotiation_8,R4,2026-08-21T08:19:22.378694Z,behavior_monitor,14,1320,463,1136,706,1305,566,304.98,104.0,219.72,system,NA,0.254,2.09,138.9,126.03,180.0,87.67,180.0
Negotiation_8,R4,2026-08-21T08:19:22.890184Z,behavior_monitor,14,1261,474,1116,701,1260,566,269.07,91.66,197.84,system,NA,0.254,2.09,175.17,0.0,-141.17,87.67,180.0
Negotiation_8,R4,2026-08-21T08:19:23.396551Z,behavior_monitor,14,1205,497,1085,699,1216,565,234.59,68.65,187.25,system,NA,0.226,2.09,165.95,129.41,180.0,82.12,-167.98
Negotiation_8,R4,2026-08-21T08:19:23.909027Z,behavior_monitor,14,1148,524,1066,699,1172,566,193.29,48.16,169.75,system,NA,0.199,2.09,116.23,0.0,180.0,87.67,180.0
Negotiation_8,R4,2026-08-21T08:19:24.026470Z,shot_miss,14,1139,538,1066,699,1160,566,176.41,34.33,162.61,agent,NA,0.163,2.09,138.92,0.0,180.0,87.67,180.0
Negotiation_8,R4,2026-08-21T08:19:24.226432Z,shot_hit,14,1125,558,1066,699,1141,566,152.32,18.16,153.01,agent,NA,0.107,2.09,109.81,0.0,180.0,87.67,180.0
Negotiation_8,R4,2026-08-21T08:19:24.226717Z,flight_spawn,15,873,-20,1066,699,1141,566,744.58,644.4,153.01,system,NA,0.464,2.86,134.41,0.0,180.0,87.67,180.0
Negotiation_8,R4,2026-08-21T08:19:25.309851Z,human_signal,15,728,75,929,699,1090,566,655.3,609.97,209.15,human,i_can,0.482,2.86,137.36,129.41,180.0,76.24,180.0
Negotiation_8,R4,2026-08-21T08:19:25.327218Z,behavior_monitor,15,728,75,929,699,1089,566,655.3,609.2,208.16,system,NA,0.482,2.86,137.36,129.41,180.0,76.24,180.0
Negotiation_8,R4,2026-08-21T08:19:25.833353Z,behavior_monitor,15,667,128,863,699,1050,566,603.4,581.54,229.67,system,NA,0.491,2.86,166.97,129.41,180.0,76.24,180.0
Negotiation_8,R4,2026-08-21T08:19:26.341704Z,behavior_monitor,15,586,146,797,699,1011,566,591.7,597.54,252.18,system,NA,0.502,2.86,168.59,129.41,180.0,76.24,180.0
Negotiation_8,R4,2026-08-21T08:19:26.851622Z,behavior_monitor,15,507,179,731,699,972,566,565.53,604.46,275.03,system,NA,0.517,2.86,144.54,129.41,180.0,76.24,180.0
Negotiation_8,R4,2026-08-21T08:19:27.357723Z,behavior_monitor,15,429,205,665,699,933,566,547.26,619.92,299.23,system,NA,0.531,2.86,162.84,129.41,180.0,76.24,180.0
Negotiation_8,R4,2026-08-21T08:19:27.867682Z,behavior_monitor,15,349,230,599,699,894,567,531.04,640.36,322.97,system,NA,0.547,2.86,162.84,129.41,180.0,76.24,180.0
Negotiation_8,R4,2026-08-21T08:19:28.371760Z,behavior_monitor,15,268,251,533,699,854,565,520.45,665.39,348.03,system,NA,0.561,2.86,164.66,129.41,180.0,76.24,180.0
Negotiation_8,R4,2026-08-21T08:19:28.880207Z,behavior_monitor,15,179,264,467,699,815,566,521.57,703.9,372.71,system,NA,0.574,2.86,174.36,129.41,180.0,76.24,180.0
Negotiation_8,R4,2026-08-21T08:19:29.389655Z,behavior_monitor,15,102,291,401,699,775,566,505.96,727.86,397.27,system,NA,0.59,2.86,152.46,129.41,180.0,76.24,180.0
Negotiation_8,R4,2026-08-21T08:19:29.880817Z,agent_signal,15,27,308,335,699,738,565,497.59,756.18,424.56,agent,your_turn,0.603,2.86,152.41,129.41,180.0,76.24,180.0
Negotiation_8,R4,2026-08-21T08:19:29.897910Z,behavior_monitor,15,27,308,335,699,736,565,497.59,754.97,423.33,system,NA,0.603,2.86,152.41,129.41,180.0,76.24,180.0
Negotiation_8,R4,2026-08-21T08:19:30.405244Z,behavior_monitor,15,67,337,269,699,698,565,413.64,670.23,449.12,system,NA,0.618,2.02,11.26,129.41,180.0,76.24,180.0
Negotiation_8,R4,2026-08-21T08:19:30.915075Z,behavior_monitor,15,127,349,261,680,659,565,356.62,573.61,414.18,system,NA,0.617,2.02,11.26,133.64,-75.55,76.24,180.0
Negotiation_8,R4,2026-08-21T08:19:31.033980Z,human_signal,15,140,352,263,665,650,565,336.01,552.64,399.11,human,your_turn,0.622,2.02,11.26,129.41,-90.0,76.24,180.0
Negotiation_8,R4,2026-08-21T08:19:31.034629Z,human_signal,15,142,352,263,662,650,565,332.78,550.43,398.57,human,your_turn,0.623,2.02,11.26,129.41,-90.0,76.24,180.0
Negotiation_8,R4,2026-08-21T08:19:31.424464Z,behavior_monitor,15,178,369,277,615,615,565,265.25,479.06,341.64,system,NA,0.644,2.02,39.84,138.57,-62.13,87.67,180.0
Negotiation_8,R4,2026-08-21T08:19:31.864679Z,agent_signal,15,226,393,286,559,577,565,176.04,390.6,290.73,agent,i_can,0.689,2.02,18.99,129.41,-90.0,87.67,180.0
Negotiation_8,R4,2026-08-21T08:19:31.931846Z,behavior_monitor,15,231,395,286,550,571,565,164.25,380.03,285.06,system,NA,0.698,2.02,18.99,137.5,-90.0,93.15,180.0
Negotiation_8,R4,2026-08-21T08:19:32.435972Z,behavior_monitor,15,281,424,286,484,526,565,59.84,282.04,253.0,system,NA,0.825,2.02,48.54,129.41,-90.0,87.67,180.0
Negotiation_8,R4,2026-08-21T08:19:32.691078Z,shot_hit,15,304,443,286,451,503,566,19.36,234.53,245.8,human,NA,0.924,2.02,27.34,122.22,-90.0,82.8,180.0
Negotiation_8,R4,2026-08-21T08:19:32.691958Z,flight_spawn,16,103,-20,286,451,503,566,505.76,709.95,245.8,system,NA,0.584,3.46,125.26,122.22,-90.0,82.8,180.0
Negotiation_8,R4,2026-08-21T08:19:34.196762Z,human_signal,16,88,210,254,458,409,566,298.25,479.27,188.92,human,your_turn,0.616,2.97,63.34,0.0,180.0,76.24,180.0
Negotiation_8,R4,2026-08-21T08:19:34.197176Z,behavior_monitor,16,88,210,254,458,409,566,298.25,479.27,188.92,system,NA,0.616,2.97,63.34,0.0,180.0,47.14,-174.89
Negotiation_8,R4,2026-08-21T08:19:34.197356Z,human_signal,16,90,213,254,458,409,566,294.9,475.92,188.92,human,your_turn,0.617,2.97,63.34,0.0,180.0,47.14,-174.89
Negotiation_8,R4,2026-08-21T08:19:34.706944Z,behavior_monitor,16,152,267,217,456,365,566,199.95,367.36,184.25,system,NA,0.648,2.97,43.43,0.0,180.0,87.67,180.0
Negotiation_8,R4,2026-08-21T08:19:35.046251Z,agent_signal,16,194,308,210,446,335,565,138.44,293.17,172.6,agent,your_turn,0.679,2.97,14.67,86.42,-131.38,93.15,180.0
Negotiation_8,R4,2026-08-21T08:19:35.213353Z,behavior_monitor,16,219,315,218,439,322,565,124.14,270.33,163.31,system,NA,0.685,2.97,14.67,129.41,0.0,90.32,-177.32
Negotiation_8,R4,2026-08-21T08:19:35.723290Z,behavior_monitor,16,305,337,284,427,284,565,92.41,229.65,138.72,system,NA,0.713,2.97,6.94,133.44,-14.12,0.0,180.0
Negotiation_8,R4,2026-08-21T08:19:36.231065Z,behavior_monitor,16,390,367,350,411,323,565,59.57,209.01,156.28,system,NA,0.778,2.97,4.43,129.41,0.0,76.24,0.0
Negotiation_8,R4,2026-08-21T08:19:36.736192Z,behavior_monitor,16,472,396,416,411,362,566,58.5,202.55,163.48,system,NA,0.776,2.97,45.98,137.5,0.0,81.0,0.0
Negotiation_8,R4,2026-08-21T08:19:36.786534Z,shot_miss,16,477,402,422,411,366,566,55.66,198.35,164.89,human,NA,0.781,2.97,45.98,129.41,0.0,74.36,22.34
Negotiation_8,R4,2026-08-21T08:19:37.072205Z,shot_miss,16,514,438,460,411,388,566,60.9,179.73,170.77,human,NA,0.747,2.97,45.98,129.41,0.0,76.24,0.0
Negotiation_8,R4,2026-08-21T08:19:37.242182Z,behavior_monitor,16,532,462,482,411,401,566,71.23,167.88,174.77,system,NA,0.702,2.97,67.32,129.41,0.0,76.24,0.0
Negotiation_8,R4,2026-08-21T08:19:37.258948Z,shot_miss,16,534,464,484,411,402,566,72.79,166.44,175.19,human,NA,0.696,2.97,67.32,129.41,0.0,76.24,0.0
Negotiation_8,R4,2026-08-21T08:19:37.750630Z,behavior_monitor,16,564,544,534,446,439,566,102.88,126.56,152.78,system,NA,0.552,2.97,66.16,127.98,50.53,76.24,0.0
Negotiation_8,R4,2026-08-21T08:19:37.919729Z,human_signal,16,579,574,549,465,452,566,113.6,127.39,140.1,human,i_can,0.529,2.97,66.16,127.49,54.43,62.07,17.99
Negotiation_8,R4,2026-08-21T08:19:38.259549Z,behavior_monitor,16,619,613,571,499,479,602,123.71,140.76,138.1,system,NA,0.532,2.97,36.22,126.92,57.69,130.47,54.25
Negotiation_8,R4,2026-08-21T08:19:38.768074Z,behavior_monitor,16,688,666,606,554,518,655,138.87,170.48,134.3,system,NA,0.551,2.97,36.22,126.99,57.84,130.47,54.25
Negotiation_8,R4,2026-08-21T08:19:39.276327Z,behavior_monitor,16,762,717,640,609,556,709,163.21,206.37,131.22,system,NA,0.558,2.97,33.2,128.21,56.99,130.47,54.25
Negotiation_8,R4,2026-08-21T08:19:39.786336Z,behavior_monitor,16,836,751,676,664,595,744,181.77,241.15,114.21,system,NA,0.57,2.97,71.38,129.23,56.29,130.47,54.25
Negotiation_8,R4,2026-08-21T08:19:40.293268Z,behavior_monitor,16,889,816,724,712,633,798,195.23,256.77,125.16,system,NA,0.568,2.97,41.58,135.46,38.95,130.47,54.25
Negotiation_8,R4,2026-08-21T08:19:40.799161Z,behavior_monitor,16,935,890,778,755,671,852,207.23,266.22,144.02,system,NA,0.562,2.97,55.0,135.51,38.82,130.47,54.25
Negotiation_8,R4,2026-08-21T08:19:41.190807Z,flight_missed,16,963,954,821,790,703,896,216.75,266.6,158.8,system,NA,0.552,2.97,85.31,135.51,38.82,130.47,54.25
Negotiation_8,R4,2026-08-21T08:19:41.191474Z,flight_spawn,17,538,-20,821,790,703,896,858.26,930.81,158.8,system,NA,0.52,2.83,135.0,135.51,38.82,130.47,54.25
Negotiation_8,R4,2026-08-21T08:19:42.457896Z,human_signal,17,396,114,804,815,633,798,810.36,723.72,171.34,human,i_can,0.472,2.83,172.7,129.41,180.0,130.47,-125.75
Negotiation_8,R4,2026-08-21T08:19:42.474951Z,behavior_monitor,17,396,114,804,815,632,796,810.36,721.59,172.81,system,NA,0.471,2.83,172.7,129.41,180.0,130.47,-125.75
Negotiation_8,R4,2026-08-21T08:19:42.985931Z,behavior_monitor,17,334,160,738,834,593,742,785.29,637.48,170.7,system,NA,0.448,2.83,142.32,136.67,161.24,130.47,-125.75
Negotiation_8,R4,2026-08-21T08:19:43.495533Z,behavior_monitor,17,281,224,672,841,554,688,729.87,538.7,192.26,system,NA,0.425,2.83,115.93,129.41,180.0,130.47,-125.75
Negotiation_8,R4,2026-08-21T08:19:44.004473Z,behavior_monitor,17,240,301,606,841,515,635,652.16,432.46,225.31,system,NA,0.399,2.83,115.93,129.41,180.0,130.47,-125.75
Negotiation_8,R4,2026-08-21T08:19:44.055671Z,agent_signal,17,235,311,597,841,511,629,641.61,421.28,228.39,agent,i_can,0.396,2.83,115.93,129.41,180.0,130.47,-125.75
Negotiation_8,R4,2026-08-21T08:19:44.510002Z,behavior_monitor,17,183,361,540,841,471,573,598.5,358.42,276.31,system,NA,0.375,2.83,143.42,137.5,180.0,159.42,-125.75
Negotiation_8,R4,2026-08-21T08:19:45.017246Z,behavior_monitor,17,114,408,474,841,426,565,562.85,349.6,279.98,system,NA,0.383,2.83,140.36,137.5,180.0,93.15,180.0
Negotiation_8,R4,2026-08-21T08:19:45.524528Z,behavior_monitor,17,47,462,408,841,381,565,523.37,350.19,277.05,system,NA,0.401,2.83,140.36,129.41,180.0,87.67,180.0
Negotiation_8,R4,2026-08-21T08:19:46.031815Z,behavior_monitor,17,49,487,342,841,337,565,459.47,298.72,275.66,system,NA,0.394,1.74,32.83,137.5,180.0,93.15,180.0
Negotiation_8,R4,2026-08-21T08:19:46.541453Z,behavior_monitor,17,95,501,277,818,293,564,364.89,207.28,253.79,system,NA,0.362,1.74,6.14,130.82,-152.08,82.8,180.0
Negotiation_8,R4,2026-08-21T08:19:47.046148Z,behavior_monitor,17,149,506,266,778,249,564,295.61,115.42,214.17,system,NA,0.281,1.74,0.82,135.09,-26.52,87.67,180.0
Negotiation_8,R4,2026-08-21T08:19:47.552782Z,behavior_monitor,17,197,520,331,755,204,565,270.44,45.6,228.39,system,NA,0.144,1.74,15.65,135.76,-17.59,87.67,180.0
Negotiation_8,R4,2026-08-21T08:19:47.636302Z,shot_miss,17,206,523,344,751,195,565,266.45,43.63,238.07,agent,NA,0.141,1.74,15.65,135.95,-17.84,87.67,180.0
Negotiation_8,R4,2026-08-21T08:19:47.907376Z,shot_miss,17,234,527,372,741,210,565,254.51,45.25,238.84,agent,NA,0.151,1.74,6.9,36.37,-90.0,87.67,0.0
Negotiation_8,R4,2026-08-21T08:19:48.058123Z,behavior_monitor,17,247,530,372,741,222,565,245.12,43.34,230.92,system,NA,0.15,1.74,39.15,0.0,-90.0,87.67,0.0
Negotiation_8,R4,2026-08-21T08:19:48.243538Z,shot_hit,17,259,546,374,741,236,565,225.68,29.5,223.5,agent,NA,0.116,1.74,83.02,40.87,0.0,0.0,-10.35
Negotiation_8,R4,2026-08-21T08:19:48.244538Z,flight_spawn,18,700,-20,374,741,236,565,827.92,746.75,223.5,system,NA,0.474,3.18,128.93,40.87,0.0,0.0,-10.35
Negotiation_8,R4,2026-08-21T08:19:49.143866Z,human_signal,18,558,57,454,748,272,565,698.24,582.51,257.92,human,i_can,0.455,3.18,177.88,123.65,40.34,76.24,0.0
Negotiation_8,R4,2026-08-21T08:19:49.160910Z,behavior_monitor,18,558,57,454,748,273,565,698.24,581.88,257.01,system,NA,0.455,3.18,177.88,101.1,60.0,76.24,0.0
Negotiation_8,R4,2026-08-21T08:19:49.664057Z,behavior_monitor,18,460,69,425,781,312,565,712.71,517.34,243.68,system,NA,0.421,3.18,177.79,129.41,180.0,76.24,0.0
Negotiation_8,R4,2026-08-21T08:19:50.171839Z,behavior_monitor,18,370,76,359,781,330,565,705.17,490.6,217.96,system,NA,0.41,3.18,148.48,129.41,180.0,76.24,0.0
Negotiation_8,R4,2026-08-21T08:19:50.678526Z,behavior_monitor,18,306,141,293,781,306,565,639.49,423.34,216.39,system,NA,0.398,3.18,121.35,129.41,180.0,76.24,180.0
Negotiation_8,R4,2026-08-21T08:19:51.188197Z,behavior_monitor,18,282,232,298,781,269,565,548.61,332.83,217.68,system,NA,0.378,3.18,128.8,137.5,0.0,81.0,180.0
Negotiation_8,R4,2026-08-21T08:19:51.663284Z,agent_signal,18,231,309,308,761,233,565,458.56,255.98,210.15,agent,i_can,0.358,3.18,130.42,138.95,-141.23,76.24,180.0
Negotiation_8,R4,2026-08-21T08:19:51.696261Z,behavior_monitor,18,230,311,306,759,230,565,454.67,253.56,209.21,system,NA,0.358,3.18,130.42,139.15,-142.47,87.67,180.0
Negotiation_8,R4,2026-08-21T08:19:52.204856Z,behavior_monitor,18,178,385,246,727,185,564,348.53,179.18,174.03,system,NA,0.34,3.18,78.39,129.41,180.0,87.67,180.0
Negotiation_8,R4,2026-08-21T08:19:52.709196Z,behavior_monitor,18,187,478,223,727,163,565,251.39,89.84,172.95,system,NA,0.263,3.18,50.79,129.41,0.0,87.67,0.0
Negotiation_8,R4,2026-08-21T08:19:53.081123Z,shot_miss,18,221,542,274,727,195,565,192.47,34.98,180.42,agent,NA,0.154,3.18,49.63,129.41,0.0,87.67,0.0
Negotiation_8,R4,2026-08-21T08:19:53.214433Z,behavior_monitor,18,237,559,289,727,205,565,176.07,32.36,182.65,system,NA,0.155,3.18,49.63,129.41,0.0,87.67,0.0
Negotiation_8,R4,2026-08-21T08:19:53.332543Z,shot_miss,18,253,578,307,727,217,573,158.33,35.83,178.12,agent,NA,0.185,3.18,49.63,129.41,0.0,150.04,54.25
Negotiation_8,R4,2026-08-21T08:19:53.536468Z,shot_miss,18,271,611,325,727,235,598,127.85,38.6,157.59,agent,NA,0.232,3.18,74.53,0.0,0.0,150.04,54.25
Negotiation_8,R4,2026-08-21T08:19:53.721927Z,behavior_monitor,18,281,641,325,727,250,619,96.68,38.33,132.08,system,NA,0.284,3.18,48.51,0.0,0.0,150.04,54.25
Negotiation_8,R4,2026-08-21T08:19:54.177589Z,conflict,18,328,714,330,744,292,676,30.66,51.69,77.8,system,NA,0.628,3.18,92.97,0.0,41.54,150.04,54.25
Negotiation_8,R4,2026-08-21T08:19:54.228036Z,behavior_monitor,18,327,720,330,744,292,676,24.37,56.15,77.8,system,NA,0.697,3.18,92.97,0.0,41.54,0.0,54.25
Negotiation_8,R4,2026-08-21T08:19:54.295433Z,conflict,18,327,733,330,744,292,676,11.96,66.52,77.8,human,NA,0.848,3.18,68.64,0.0,41.54,0.0,54.25
Negotiation_8,R4,2026-08-21T08:19:54.295716Z,shot_hit,18,327,733,330,744,292,676,11.96,66.52,77.8,human,NA,0.848,3.18,68.64,0.0,41.54,0.0,54.25
Negotiation_8,R4,2026-08-21T08:19:54.296044Z,flight_spawn,19,563,-20,330,744,292,676,799.7,747.68,77.8,system,NA,0.483,2.83,135.0,0.0,41.54,0.0,54.25
Negotiation_8,R4,2026-08-21T08:19:56.287144Z,human_signal,19,318,144,352,748,334,565,605.01,421.42,183.81,human,i_can,0.411,2.83,176.51,144.64,-148.6,81.0,180.0
Negotiation_8,R4,2026-08-21T08:19:56.303695Z,behavior_monitor,19,318,144,352,748,333,565,605.01,421.37,183.94,system,NA,0.411,2.83,176.51,135.62,-150.4,76.24,180.0
Negotiation_8,R4,2026-08-21T08:19:56.813257Z,behavior_monitor,19,238,168,305,739,294,565,574.39,400.99,173.76,system,NA,0.411,2.83,173.61,98.63,180.0,76.24,180.0
Negotiation_8,R4,2026-08-21T08:19:57.320878Z,behavior_monitor,19,151,179,249,760,255,565,589.55,400.55,194.63,system,NA,0.405,2.83,164.66,99.2,122.9,76.24,180.0
Negotiation_8,R4,2026-08-21T08:19:57.827506Z,behavior_monitor,19,70,199,217,796,217,565,614.7,394.33,230.98,system,NA,0.391,2.83,174.09,77.22,180.0,72.0,180.0
Negotiation_8,R4,2026-08-21T08:19:58.335874Z,behavior_monitor,19,29,242,191,791,178,565,572.62,356.1,225.92,system,NA,0.383,2.47,65.36,128.02,18.97,76.24,180.0
Negotiation_8,R4,2026-08-21T08:19:58.843473Z,behavior_monitor,19,45,314,250,816,139,565,542.23,268.33,274.11,system,NA,0.331,2.47,86.57,131.63,21.42,76.24,180.0
Negotiation_8,R4,2026-08-21T08:19:59.184608Z,agent_signal,19,38,364,270,824,113,564,515.18,214.18,303.11,agent,i_can,0.294,2.47,108.67,0.0,26.94,76.24,180.0
Negotiation_8,R4,2026-08-21T08:19:59.354898Z,behavior_monitor,19,33,385,270,824,98,564,498.84,191.0,311.08,system,NA,0.277,2.47,108.67,0.0,26.94,93.15,180.0
Negotiation_8,R4,2026-08-21T08:19:59.862392Z,behavior_monitor,19,42,435,229,814,54,564,422.87,129.72,305.54,system,NA,0.235,2.05,4.83,134.85,-163.67,87.67,180.0
Negotiation_8,R4,2026-08-21T08:20:00.369341Z,behavior_monitor,19,101,449,235,810,71,564,384.72,118.81,295.02,system,NA,0.236,2.05,22.03,129.41,0.0,87.67,0.0
Negotiation_8,R4,2026-08-21T08:20:00.879857Z,behavior_monitor,19,156,476,300,810,116,564,364.14,97.21,307.26,system,NA,0.211,2.05,43.41,129.41,0.0,87.67,0.0
Negotiation_8,R4,2026-08-21T08:20:01.387765Z,behavior_monitor,19,196,523,366,810,160,564,333.74,54.69,320.37,system,NA,0.141,2.05,66.26,129.41,0.0,87.67,0.0
Negotiation_8,R4,2026-08-21T08:20:01.573082Z,shot_hit,19,205,545,393,810,178,564,324.41,33.25,326.33,agent,NA,0.093,2.05,68.28,129.41,0.0,87.67,0.0
Negotiation_8,R4,2026-08-21T08:20:01.573578Z,flight_spawn,20,1000,-20,393,810,178,564,1028.54,1008.53,326.33,system,NA,0.495,3.1,49.9,129.41,0.0,87.67,0.0
Negotiation_8,R4,2026-08-21T08:20:02.334987Z,human_signal,20,1095,77,471,810,211,564,962.47,1009.24,357.83,human,i_can,0.512,3.1,26.09,137.5,0.0,81.0,0.0
Negotiation_8,R4,2026-08-21T08:20:02.351528Z,behavior_monitor,20,1095,77,471,810,212,564,962.47,1008.1,356.89,system,NA,0.512,3.1,26.09,129.41,0.0,76.24,0.0
Negotiation_8,R4,2026-08-21T08:20:02.860859Z,behavior_monitor,20,1185,91,537,810,251,564,967.63,1046.61,376.79,system,NA,0.52,3.1,1.82,129.41,0.0,76.24,0.0
Negotiation_8,R4,2026-08-21T08:20:03.368551Z,behavior_monitor,20,1192,172,603,810,290,564,868.3,983.65,397.63,system,NA,0.531,3.1,100.01,129.41,0.0,76.24,0.0
Negotiation_8,R4,2026-08-21T08:20:03.878170Z,behavior_monitor,20,1177,264,669,810,329,564,746.16,899.71,419.25,system,NA,0.547,3.1,100.01,129.41,0.0,76.24,0.0
Negotiation_8,R4,2026-08-21T08:20:04.234055Z,agent_signal,20,1167,331,717,810,357,564,657.35,843.49,436.16,agent,your_turn,0.562,3.1,104.46,129.41,0.0,76.24,0.0
Negotiation_8,R4,2026-08-21T08:20:04.384606Z,behavior_monitor,20,1155,350,735,810,368,564,622.84,814.93,441.07,system,NA,0.567,3.1,155.24,129.41,0.0,76.24,0.0
Negotiation_8,R4,2026-08-21T08:20:04.896594Z,behavior_monitor,20,1067,378,801,810,408,564,507.4,685.14,463.68,system,NA,0.575,3.1,178.26,129.41,0.0,76.24,0.0
Negotiation_8,R4,2026-08-21T08:20:05.403614Z,behavior_monitor,20,994,431,867,818,446,564,407.18,563.59,491.03,system,NA,0.581,3.1,147.21,133.7,14.57,76.24,0.0
Negotiation_8,R4,2026-08-21T08:20:05.741595Z,human_signal,20,939,464,911,831,472,564,367.14,476.83,512.68,human,your_turn,0.565,3.1,147.21,136.16,19.65,59.89,-6.33
Negotiation_8,R4,2026-08-21T08:20:05.742413Z,human_signal,20,937,466,913,831,472,564,366.08,474.44,514.97,human,your_turn,0.564,3.1,176.44,136.49,21.88,76.24,0.0
Negotiation_8,R4,2026-08-21T08:20:05.908221Z,behavior_monitor,20,917,483,917,834,487,564,351.21,437.71,507.16,system,NA,0.555,3.1,126.31,125.53,-155.35,87.67,0.0
Negotiation_8,R4,2026-08-21T08:20:06.417863Z,behavior_monitor,20,841,535,853,816,532,564,281.73,310.79,407.98,system,NA,0.525,3.1,151.69,129.41,180.0,87.67,0.0
Negotiation_8,R4,2026-08-21T08:20:06.622754Z,agent_signal,20,812,561,827,816,550,564,255.84,261.94,374.11,agent,i_can,0.506,3.1,105.08,129.41,180.0,87.67,0.0
Negotiation_8,R4,2026-08-21T08:20:06.928993Z,behavior_monitor,20,790,607,787,816,577,593,209.28,213.23,306.34,system,NA,0.505,3.1,107.21,129.41,180.0,150.04,54.25
Negotiation_8,R4,2026-08-21T08:20:07.435021Z,behavior_monitor,20,721,673,746,816,621,656,145.27,101.52,203.36,system,NA,0.411,3.1,136.14,0.0,180.0,150.04,54.25
Negotiation_8,R4,2026-08-21T08:20:07.892388Z,shot_hit,20,639,697,689,837,634,693,148.33,5.85,153.55,agent,NA,0.038,3.1,177.76,139.65,143.38,87.67,180.0
Negotiation_8,R5,2026-08-21T08:20:53.507046Z,flight_spawn,1,666,-20,689,837,634,693,857.84,714.61,153.55,system,NA,0.454,2.83,45.0,0.0,143.38,0.0,125.75
Negotiation_8,R5,2026-08-21T08:20:58.123164Z,human_signal,1,919,51,1054,723,427,669,685.96,790.16,628.39,human,i_can,0.535,2.83,9.49,0.0,180.0,130.47,-54.25
Negotiation_8,R5,2026-08-21T08:20:58.139790Z,behavior_monitor,1,919,51,1054,723,429,667,685.96,787.94,627.26,system,NA,0.535,2.83,9.49,0.0,180.0,130.47,-54.25
Negotiation_8,R5,2026-08-21T08:20:58.645733Z,behavior_monitor,1,993,83,1062,723,467,613,643.69,746.23,604.79,system,NA,0.537,2.83,62.22,129.41,0.0,130.47,-54.25
Negotiation_8,R5,2026-08-21T08:20:59.154991Z,behavior_monitor,1,1040,152,1128,720,506,566,575.04,675.82,640.44,system,NA,0.54,2.83,69.06,129.41,0.0,76.24,0.0
Negotiation_8,R5,2026-08-21T08:20:59.659863Z,behavior_monitor,1,1113,185,1178,718,545,566,537.01,683.36,651.48,system,NA,0.56,2.83,28.35,67.49,-135.02,81.0,0.0
Negotiation_8,R5,2026-08-21T08:21:00.168413Z,behavior_monitor,1,1188,218,1210,707,584,565,489.79,697.22,642.11,system,NA,0.587,2.83,17.78,43.08,-90.0,76.24,0.0
Negotiation_8,R5,2026-08-21T08:21:00.679588Z,behavior_monitor,1,1263,261,1241,700,622,565,439.68,708.89,633.21,system,NA,0.617,2.83,26.01,0.0,-90.0,76.24,0.0
Negotiation_8,R5,2026-08-21T08:21:01.185206Z,behavior_monitor,1,1335,294,1205,677,661,564,404.4,725.87,555.8,system,NA,0.642,2.83,42.27,136.51,-147.36,76.24,0.0
Negotiation_8,R5,2026-08-21T08:21:01.306229Z,agent_signal,1,1351,310,1203,676,670,564,394.83,726.88,544.28,agent,your_turn,0.648,2.83,42.27,0.0,-137.16,76.24,0.0
Negotiation_8,R5,2026-08-21T08:21:01.695030Z,behavior_monitor,1,1398,351,1233,676,700,564,363.69,729.4,543.9,system,NA,0.667,2.83,42.27,0.0,0.0,106.68,14.75
Negotiation_8,R5,2026-08-21T08:21:02.199339Z,behavior_monitor,1,1439,424,1281,676,739,565,296.97,714.1,553.39,system,NA,0.706,2.83,66.18,52.54,0.0,81.0,0.0
Negotiation_8,R5,2026-08-21T08:21:02.707012Z,behavior_monitor,1,1419,481,1282,676,777,565,238.26,647.32,516.32,system,NA,0.731,2.22,149.93,0.0,0.0,76.24,0.0
Negotiation_8,R5,2026-08-21T08:21:03.214714Z,behavior_monitor,1,1357,514,1278,676,816,565,179.67,543.58,475.01,system,NA,0.752,2.22,149.93,124.2,180.0,76.24,0.0
Negotiation_8,R5,2026-08-21T08:21:03.724162Z,behavior_monitor,1,1298,548,1227,676,855,565,145.7,443.71,388.48,system,NA,0.753,2.22,147.65,0.0,180.0,76.24,0.0
Negotiation_8,R5,2026-08-21T08:21:04.235634Z,behavior_monitor,1,1257,600,1191,676,894,594,100.21,362.93,308.17,system,NA,0.784,2.22,123.15,0.0,180.0,130.47,54.25
Negotiation_8,R5,2026-08-21T08:21:04.743067Z,behavior_monitor,1,1203,639,1214,676,933,634,38.48,269.57,284.38,system,NA,0.875,2.22,147.71,0.0,0.0,130.47,54.25
Negotiation_8,R5,2026-08-21T08:21:04.980845Z,shot_hit,1,1177,656,1198,676,952,651,28.12,226.01,247.54,human,NA,0.889,2.22,122.29,129.41,180.0,130.47,54.25
Negotiation_8,R5,2026-08-21T08:21:04.981920Z,flight_spawn,2,1380,-20,1198,676,952,651,719.46,796.99,247.54,system,NA,0.526,2.83,45.0,129.41,180.0,130.47,54.25
Negotiation_8,R5,2026-08-21T08:21:06.183543Z,human_signal,2,1375,22,1103,747,952,651,773.99,758.34,178.96,human,i_can,0.495,1.71,124.98,137.41,156.54,0.0,54.25
Negotiation_8,R5,2026-08-21T08:21:06.200298Z,behavior_monitor,2,1375,22,1103,747,952,651,773.99,758.34,178.96,system,NA,0.495,1.71,124.98,137.41,156.54,0.0,54.25
Negotiation_8,R5,2026-08-21T08:21:06.708515Z,behavior_monitor,2,1336,54,1037,772,986,603,777.74,650.67,176.81,system,NA,0.456,1.71,146.5,138.06,159.11,130.47,-54.25
Negotiation_8,R5,2026-08-21T08:21:07.214116Z,behavior_monitor,2,1300,82,971,795,1014,565,785.55,561.93,233.87,system,NA,0.417,1.71,124.69,134.67,163.94,0.0,-54.25
Negotiation_8,R5,2026-08-21T08:21:07.721051Z,behavior_monitor,2,1285,130,991,797,1033,565,729.12,502.98,235.64,system,NA,0.408,1.71,98.12,129.41,0.0,76.24,0.0
Negotiation_8,R5,2026-08-21T08:21:08.230888Z,behavior_monitor,2,1276,181,1057,797,1071,565,654.11,435.71,232.5,system,NA,0.4,1.71,71.27,129.41,0.0,76.24,0.0
Negotiation_8,R5,2026-08-21T08:21:08.738478Z,behavior_monitor,2,1314,210,1123,797,1109,565,617.21,409.53,232.78,system,NA,0.399,1.71,21.72,129.41,0.0,76.24,0.0
Negotiation_8,R5,2026-08-21T08:21:09.246253Z,behavior_monitor,2,1364,230,1189,797,1148,565,593.69,398.69,236.15,system,NA,0.402,1.71,43.7,129.41,0.0,76.24,0.0
Negotiation_8,R5,2026-08-21T08:21:09.753255Z,behavior_monitor,2,1385,273,1255,797,1187,565,540.06,352.96,242.38,system,NA,0.395,1.71,47.56,129.41,0.0,76.24,0.0
Negotiation_8,R5,2026-08-21T08:21:10.262314Z,behavior_monitor,2,1428,298,1286,787,1225,565,509.2,335.3,230.17,system,NA,0.397,1.71,17.63,50.33,-90.0,76.24,0.0
Negotiation_8,R5,2026-08-21T08:21:10.552084Z,agent_signal,2,1443,306,1257,769,1247,564,499.08,323.69,205.72,agent,i_can,0.393,1.11,179.74,134.96,-163.52,76.24,0.0
Negotiation_8,R5,2026-08-21T08:21:10.772114Z,behavior_monitor,2,1431,310,1231,768,1267,564,500.71,303.04,207.51,system,NA,0.377,1.11,156.28,129.41,180.0,87.67,0.0
Negotiation_8,R5,2026-08-21T08:21:11.281318Z,behavior_monitor,2,1415,335,1165,768,1311,564,500.58,251.81,251.26,system,NA,0.335,1.11,127.01,129.41,180.0,87.67,0.0
Negotiation_8,R5,2026-08-21T08:21:11.788825Z,behavior_monitor,2,1396,363,1194,777,1357,564,460.54,204.7,267.97,system,NA,0.308,1.11,75.09,134.92,16.43,87.67,0.0
Negotiation_8,R5,2026-08-21T08:21:12.295449Z,behavior_monitor,2,1404,396,1213,785,1381,564,434.01,170.22,277.6,system,NA,0.282,1.11,75.09,0.0,180.0,0.0,0.0
Negotiation_8,R5,2026-08-21T08:21:12.802014Z,behavior_monitor,2,1424,423,1237,785,1402,565,408.25,143.54,275.67,system,NA,0.26,1.11,52.53,113.95,0.0,87.67,0.0
Negotiation_8,R5,2026-08-21T08:21:13.311513Z,behavior_monitor,2,1436,453,1301,785,1412,564,358.68,114.01,247.35,system,NA,0.241,1.11,79.07,129.41,0.0,0.0,0.0
Negotiation_8,R5,2026-08-21T08:21:13.818072Z,behavior_monitor,2,1439,485,1359,744,1417,564,270.92,82.71,188.24,system,NA,0.234,1.11,99.19,140.34,-37.35,0.0,0.0
Negotiation_8,R5,2026-08-21T08:21:14.312719Z,shot_miss,2,1437,518,1325,715,1417,564,227.17,51.01,176.52,agent,NA,0.183,1.11,93.22,129.41,180.0,0.0,-178.57
Negotiation_8,R5,2026-08-21T08:21:14.330071Z,behavior_monitor,2,1437,518,1325,715,1417,564,227.17,51.01,176.52,system,NA,0.183,1.11,93.22,129.41,180.0,0.0,-178.57
Negotiation_8,R5,2026-08-21T08:21:14.565884Z,shot_miss,2,1439,534,1341,721,1417,564,211.11,37.83,173.79,agent,NA,0.152,1.11,64.83,135.1,16.68,0.0,-178.57
Negotiation_8,R5,2026-08-21T08:21:14.786214Z,shot_hit,2,1447,546,1352,725,1424,564,202.05,28.95,175.81,agent,NA,0.125,1.11,22.26,33.75,180.0,87.67,0.0
Negotiation_8,R5,2026-08-21T08:21:14.786769Z,flight_spawn,3,70,-20,1352,725,1424,564,1483.21,1475.13,175.81,system,NA,0.499,3.46,54.67,33.75,180.0,87.67,0.0
Negotiation_8,R5,2026-08-21T08:21:18.636088Z,agent_signal,3,689,355,964,663,1151,564,413.07,507.23,212.04,agent,your_turn,0.551,3.46,65.9,137.5,180.0,81.0,180.0
Negotiation_8,R5,2026-08-21T08:21:18.652336Z,behavior_monitor,3,689,355,964,663,1150,564,413.07,506.06,210.9,system,NA,0.551,3.46,65.9,129.41,180.0,76.24,180.0
Negotiation_8,R5,2026-08-21T08:21:19.158639Z,behavior_monitor,3,722,451,898,663,1111,564,276.17,405.68,235.19,system,NA,0.595,3.46,71.23,129.41,180.0,76.24,180.0
Negotiation_8,R5,2026-08-21T08:21:19.662829Z,behavior_monitor,3,776,535,832,663,1072,565,139.66,296.95,259.38,system,NA,0.68,3.46,64.37,129.41,180.0,76.24,180.0
Negotiation_8,R5,2026-08-21T08:21:20.169713Z,behavior_monitor,3,844,608,849,663,1033,599,55.33,188.93,194.94,system,NA,0.773,3.46,35.52,0.0,0.0,130.47,125.75
Negotiation_8,R5,2026-08-21T08:21:20.508068Z,shot_hit,3,897,649,876,663,1007,635,26.04,110.92,134.45,human,NA,0.81,3.46,35.52,137.5,0.0,138.63,125.75
Negotiation_8,R5,2026-08-21T08:21:20.508659Z,flight_spawn,4,1348,-20,876,663,1007,635,830.95,738.91,134.45,system,NA,0.471,2.83,135.0,137.5,0.0,138.63,125.75
Negotiation_8,R5,2026-08-21T08:21:21.740356Z,human_signal,4,1180,103,889,716,1070,567,679.16,476.71,235.02,human,i_can,0.412,2.83,175.95,138.0,45.42,76.24,0.0
Negotiation_8,R5,2026-08-21T08:21:21.757629Z,behavior_monitor,4,1180,103,889,716,1072,567,679.16,476.41,236.02,system,NA,0.412,2.83,175.95,138.0,45.42,76.24,0.0
Negotiation_8,R5,2026-08-21T08:21:22.265609Z,behavior_monitor,4,1108,141,895,722,1096,566,618.21,424.96,254.13,system,NA,0.407,2.83,151.91,0.0,47.65,76.24,180.0
Negotiation_8,R5,2026-08-21T08:21:22.773016Z,behavior_monitor,4,1029,175,932,722,1056,565,555.6,391.56,200.08,system,NA,0.413,2.83,120.06,0.0,0.0,76.24,180.0
Negotiation_8,R5,2026-08-21T08:21:23.280471Z,behavior_monitor,4,1004,253,897,722,1017,565,481.07,312.76,197.37,system,NA,0.394,2.83,92.94,0.0,180.0,76.24,180.0
Negotiation_8,R5,2026-08-21T08:21:23.788454Z,behavior_monitor,4,998,337,849,719,981,566,409.88,229.22,202.23,system,NA,0.359,2.83,92.94,87.94,-153.75,0.0,171.02
Negotiation_8,R5,2026-08-21T08:21:24.108799Z,agent_signal,4,975,389,808,717,964,566,368.68,177.63,217.39,agent,i_can,0.325,2.83,119.86,93.69,180.0,76.24,180.0
Negotiation_8,R5,2026-08-21T08:21:24.295008Z,behavior_monitor,4,962,413,808,717,948,566,340.77,153.41,205.93,system,NA,0.31,2.83,149.63,0.0,180.0,87.67,180.0
Negotiation_8,R5,2026-08-21T08:21:24.800210Z,behavior_monitor,4,889,456,816,752,903,566,304.33,110.7,204.86,system,NA,0.267,2.83,149.63,129.41,180.0,87.67,180.0
Negotiation_8,R5,2026-08-21T08:21:25.306322Z,behavior_monitor,4,812,478,750,752,858,566,280.65,99.25,215.23,system,NA,0.261,2.83,171.5,129.41,180.0,87.67,180.0
Negotiation_8,R5,2026-08-21T08:21:25.816088Z,behavior_monitor,4,734,490,684,752,814,566,266.59,110.15,226.67,system,NA,0.292,2.83,174.09,129.41,180.0,87.67,180.0
Negotiation_8,R5,2026-08-21T08:21:26.322488Z,behavior_monitor,4,650,503,618,752,769,566,250.38,134.02,239.47,system,NA,0.349,2.83,176.55,129.41,180.0,87.67,180.0
Negotiation_8,R5,2026-08-21T08:21:26.829187Z,behavior_monitor,4,572,529,552,752,724,566,223.4,156.19,253.03,system,NA,0.411,2.83,177.82,129.41,180.0,87.67,180.0
Negotiation_8,R5,2026-08-21T08:21:27.339445Z,behavior_monitor,4,497,567,486,752,679,566,185.12,182.81,268.05,system,NA,0.497,2.83,131.33,129.41,180.0,71.37,156.54
Negotiation_8,R5,2026-08-21T08:21:27.407454Z,human_signal,4,489,575,477,752,673,570,176.73,184.29,267.27,human,your_turn,0.51,2.83,131.33,129.41,180.0,150.04,125.75
Negotiation_8,R5,2026-08-21T08:21:27.407943Z,human_signal,4,487,577,475,752,673,570,174.63,186.22,268.89,human,your_turn,0.516,2.83,131.33,129.41,180.0,150.04,125.75
Negotiation_8,R5,2026-08-21T08:21:27.846241Z,behavior_monitor,4,432,617,420,752,635,611,135.17,202.66,256.29,system,NA,0.6,2.83,157.49,122.22,180.0,82.8,180.0
Negotiation_8,R5,2026-08-21T08:21:28.351541Z,behavior_monitor,4,350,642,354,752,590,636,110.11,239.91,262.65,system,NA,0.685,2.83,174.02,137.5,180.0,93.15,180.0
Negotiation_8,R5,2026-08-21T08:21:28.858600Z,behavior_monitor,4,271,673,288,752,545,668,80.17,274.03,270.6,system,NA,0.774,2.83,157.53,129.41,180.0,87.67,180.0
Negotiation_8,R5,2026-08-21T08:21:29.367357Z,behavior_monitor,4,191,708,222,755,500,703,56.37,309.03,282.91,system,NA,0.846,2.83,126.07,129.41,180.0,150.04,125.75
Negotiation_8,R5,2026-08-21T08:21:29.755391Z,shot_hit,4,167,767,173,769,466,750,7.27,299.93,293.21,human,NA,0.976,2.83,95.26,136.95,145.88,150.04,125.75
Negotiation_8,R5,2026-08-21T08:21:29.755971Z,flight_spawn,5,1205,-20,173,769,466,750,1299.02,1067.84,293.21,system,NA,0.451,2.83,135.0,136.95,145.88,150.04,125.75
Negotiation_8,R5,2026-08-21T08:21:31.300082Z,human_signal,5,961,53,296,809,509,689,1006.54,779.99,244.74,human,your_turn,0.437,2.83,175.68,129.41,0.0,130.47,-54.25
Negotiation_8,R5,2026-08-21T08:21:31.301066Z,behavior_monitor,5,961,53,296,809,509,689,1006.54,779.99,244.74,system,NA,0.437,2.83,175.68,129.41,0.0,130.47,-54.25
Negotiation_8,R5,2026-08-21T08:21:31.301487Z,human_signal,5,958,54,298,809,509,689,1003.04,778.17,242.82,human,your_turn,0.437,2.83,175.68,129.41,0.0,130.47,-54.25
Negotiation_8,R5,2026-08-21T08:21:31.805424Z,behavior_monitor,5,878,68,362,814,554,627,906.99,645.9,268.1,system,NA,0.416,2.83,155.46,129.41,0.0,150.04,-54.25
Negotiation_8,R5,2026-08-21T08:21:32.306210Z,behavior_monitor,5,807,109,428,814,598,565,801.07,501.73,302.11,system,NA,0.385,2.83,157.71,129.41,0.0,150.04,-54.25
Negotiation_8,R5,2026-08-21T08:21:32.811708Z,behavior_monitor,5,747,167,464,787,643,565,681.29,410.72,285.34,system,NA,0.376,2.83,129.69,137.54,-47.1,87.67,0.0
Negotiation_8,R5,2026-08-21T08:21:33.318403Z,behavior_monitor,5,708,240,498,744,686,564,545.98,325.58,259.47,system,NA,0.374,2.83,107.93,125.36,-119.44,0.0,0.0
Negotiation_8,R5,2026-08-21T08:21:33.812012Z,agent_signal,5,670,311,533,721,655,565,432.33,254.0,198.18,agent,i_can,0.37,2.83,108.95,129.41,0.0,0.0,180.0
Negotiation_8,R5,2026-08-21T08:21:33.828330Z,behavior_monitor,5,670,311,533,721,653,565,432.33,254.09,197.27,system,NA,0.37,2.83,108.95,129.41,0.0,87.67,180.0
Negotiation_8,R5,2026-08-21T08:21:34.335461Z,behavior_monitor,5,697,386,573,732,671,565,367.92,180.98,193.85,system,NA,0.33,2.83,56.29,0.0,42.07,87.67,0.0
Negotiation_8,R5,2026-08-21T08:21:34.842152Z,behavior_monitor,5,762,437,631,737,716,565,326.45,135.33,191.63,system,NA,0.293,2.83,29.26,129.41,0.0,87.67,0.0
Negotiation_8,R5,2026-08-21T08:21:35.349764Z,behavior_monitor,5,844,458,697,737,761,564,314.56,134.36,184.16,system,NA,0.299,2.83,0.44,129.41,0.0,87.67,0.0
Negotiation_8,R5,2026-08-21T08:21:35.857417Z,behavior_monitor,5,921,477,763,737,806,564,303.75,144.51,177.66,system,NA,0.322,2.83,1.82,129.41,0.0,87.67,0.0
Negotiation_8,R5,2026-08-21T08:21:36.364815Z,behavior_monitor,5,956,543,829,737,850,564,231.32,107.85,173.79,system,NA,0.318,2.83,71.44,129.41,0.0,87.67,0.0
Negotiation_8,R5,2026-08-21T08:21:36.876481Z,behavior_monitor,5,904,590,895,737,888,584,146.62,17.33,152.8,system,NA,0.106,2.83,168.74,129.41,0.0,76.94,-159.24
Negotiation_8,R5,2026-08-21T08:21:36.993919Z,shot_hit,5,881,595,910,737,876,590,144.94,6.5,150.36,agent,NA,0.043,2.83,168.74,133.04,0.0,159.42,125.75
Negotiation_8,R5,2026-08-21T08:21:36.994420Z,flight_spawn,6,68,-20,910,737,876,590,1132.92,1013.33,150.36,system,NA,0.472,3.18,128.98,133.04,0.0,159.42,125.75
Negotiation_8,R5,2026-08-21T08:21:37.840805Z,human_signal,6,26,117,827,737,837,565,1013.17,926.33,171.72,human,your_turn,0.478,2.85,68.31,129.41,180.0,76.24,180.0
Negotiation_8,R5,2026-08-21T08:21:37.842162Z,behavior_monitor,6,26,117,827,737,837,565,1013.17,926.33,171.72,system,NA,0.478,2.85,68.31,129.41,180.0,76.24,180.0
Negotiation_8,R5,2026-08-21T08:21:37.842701Z,human_signal,6,27,120,825,737,837,565,1008.44,923.54,171.85,human,your_turn,0.478,2.85,68.31,129.41,180.0,76.24,180.0
Negotiation_8,R5,2026-08-21T08:21:38.347462Z,behavior_monitor,6,57,197,761,740,792,565,889.93,822.14,178.02,system,NA,0.48,2.85,68.31,137.5,180.0,93.15,180.0
Negotiation_8,R5,2026-08-21T08:21:38.857418Z,behavior_monitor,6,118,251,695,750,747,565,763.29,703.42,192.58,system,NA,0.48,2.85,9.61,135.56,162.68,87.67,180.0
Negotiation_8,R5,2026-08-21T08:21:39.362557Z,behavior_monitor,6,201,266,629,771,703,565,662.42,584.08,219.24,system,NA,0.469,2.85,16.0,144.53,162.06,93.15,180.0
Negotiation_8,R5,2026-08-21T08:21:39.869875Z,behavior_monitor,6,278,297,563,793,659,565,571.45,464.78,247.06,system,NA,0.449,2.85,24.73,135.66,162.54,87.67,180.0
Negotiation_8,R5,2026-08-21T08:21:39.971215Z,agent_signal,6,294,310,548,797,650,565,549.32,437.36,253.83,agent,i_can,0.443,2.85,47.29,134.84,163.68,87.67,180.0
Negotiation_8,R5,2026-08-21T08:21:40.377725Z,behavior_monitor,6,338,358,498,793,614,565,462.51,344.63,255.76,system,NA,0.427,2.85,47.29,137.37,-154.02,87.67,180.0
Negotiation_8,R5,2026-08-21T08:21:40.883200Z,behavior_monitor,6,414,391,533,778,569,565,405.28,233.11,216.76,system,NA,0.365,2.85,24.77,129.41,0.0,87.67,180.0
Negotiation_8,R5,2026-08-21T08:21:41.389242Z,behavior_monitor,6,480,438,599,778,525,565,359.71,134.38,225.33,system,NA,0.272,2.85,70.6,130.46,-18.93,87.67,180.0
Negotiation_8,R5,2026-08-21T08:21:41.898795Z,behavior_monitor,6,470,523,598,748,481,565,259.47,43.5,217.83,system,NA,0.144,2.85,98.93,129.41,180.0,87.67,180.0
Negotiation_8,R5,2026-08-21T08:21:42.134223Z,shot_hit,6,462,565,566,760,458,565,221.46,3.43,223.18,agent,NA,0.015,2.85,98.93,137.76,156.36,87.67,180.0
Negotiation_8,R5,2026-08-21T08:21:42.135448Z,flight_spawn,7,118,-20,566,760,458,565,900.09,676.96,223.18,system,NA,0.429,3.07,130.7,137.76,156.36,87.67,180.0
Negotiation_8,R5,2026-08-21T08:21:42.876404Z,human_signal,7,31,72,571,765,431,564,878.67,634.87,244.28,human,your_turn,0.419,3.07,107.05,129.41,180.0,76.24,180.0
Negotiation_8,R5,2026-08-21T08:21:42.876945Z,behavior_monitor,7,31,72,571,765,431,564,878.67,634.87,244.28,system,NA,0.419,3.07,107.05,137.5,180.0,102.96,176.35
Negotiation_8,R5,2026-08-21T08:21:42.877386Z,human_signal,7,30,75,569,765,431,564,875.65,633.26,243.03,human,your_turn,0.42,3.07,107.05,137.5,180.0,102.96,176.35
Negotiation_8,R5,2026-08-21T08:21:43.386743Z,behavior_monitor,7,21,159,505,765,387,564,775.08,545.58,232.76,system,NA,0.413,2.98,107.93,129.41,180.0,87.67,180.0
Negotiation_8,R5,2026-08-21T08:21:43.892319Z,behavior_monitor,7,62,213,439,765,341,564,668.14,448.75,222.95,system,NA,0.402,2.45,36.41,129.41,180.0,87.67,180.0
Negotiation_8,R5,2026-08-21T08:21:44.401206Z,behavior_monitor,7,116,259,373,765,297,565,567.94,355.63,214.28,system,NA,0.385,2.45,65.72,129.41,180.0,87.67,180.0
Negotiation_8,R5,2026-08-21T08:21:44.808470Z,agent_signal,7,137,308,318,765,260,565,491.49,285.16,208.03,agent,i_can,0.367,2.45,21.94,129.41,180.0,87.67,180.0
Negotiation_8,R5,2026-08-21T08:21:44.909742Z,behavior_monitor,7,148,313,307,765,252,565,479.37,272.98,207.23,system,NA,0.363,2.45,21.94,129.41,180.0,81.2,164.7
Negotiation_8,R5,2026-08-21T08:21:45.419181Z,behavior_monitor,7,219,335,256,765,207,565,431.48,230.61,205.49,system,NA,0.348,2.45,1.04,0.0,180.0,87.67,180.0
Negotiation_8,R5,2026-08-21T08:21:45.928170Z,behavior_monitor,7,297,348,319,765,244,565,417.45,223.24,213.41,system,NA,0.348,2.45,43.52,129.41,0.0,87.67,0.0
Negotiation_8,R5,2026-08-21T08:21:46.436038Z,behavior_monitor,7,355,395,385,765,289,565,371.52,182.81,222.0,system,NA,0.33,2.45,40.25,129.41,0.0,87.67,0.0
Negotiation_8,R5,2026-08-21T08:21:46.941293Z,behavior_monitor,7,413,438,451,765,333,565,329.24,149.92,232.19,system,NA,0.313,2.45,12.71,129.41,0.0,87.67,0.0
Negotiation_8,R5,2026-08-21T08:21:47.450245Z,behavior_monitor,7,477,466,517,765,378,564,301.82,138.88,244.01,system,NA,0.315,2.45,36.08,129.41,0.0,87.67,0.0
Negotiation_8,R5,2026-08-21T08:21:47.961577Z,behavior_monitor,7,520,522,583,765,423,564,250.62,105.1,256.7,system,NA,0.295,2.45,58.56,129.41,0.0,87.67,0.0
Negotiation_8,R5,2026-08-21T08:21:48.469508Z,behavior_monitor,7,537,592,553,765,468,584,173.49,69.75,200.03,system,NA,0.287,2.45,85.66,130.06,180.0,159.42,54.25
Negotiation_8,R5,2026-08-21T08:21:48.724547Z,shot_miss,7,536,631,523,765,491,618,134.23,46.6,150.46,agent,NA,0.258,2.45,85.66,129.41,180.0,158.63,64.87
Negotiation_8,R5,2026-08-21T08:21:48.979242Z,behavior_monitor,7,540,665,520,765,512,647,101.59,33.92,118.05,system,NA,0.25,2.45,85.66,0.0,180.0,146.4,57.88
Negotiation_8,R5,2026-08-21T08:21:49.030663Z,shot_hit,7,540,675,521,766,516,655,92.96,30.85,111.02,agent,NA,0.249,2.45,85.66,0.0,180.0,150.04,54.25
Negotiation_8,R5,2026-08-21T08:21:49.031081Z,flight_spawn,8,1052,-20,521,766,516,655,948.87,862.23,111.02,system,NA,0.476,3.37,126.42,0.0,180.0,150.04,54.25
Negotiation_8,R5,2026-08-21T08:21:50.163405Z,human_signal,8,925,133,595,820,549,610,761.98,607.39,215.4,human,your_turn,0.444,3.37,103.17,0.0,0.0,130.47,-54.25
Negotiation_8,R5,2026-08-21T08:21:50.164018Z,behavior_monitor,8,925,133,595,820,549,610,761.98,607.39,215.4,system,NA,0.444,3.37,103.17,0.0,0.0,130.47,-54.25
Negotiation_8,R5,2026-08-21T08:21:50.164489Z,human_signal,8,925,136,595,820,549,610,758.88,604.62,215.4,human,your_turn,0.443,3.37,103.17,0.0,0.0,130.47,-54.25
Negotiation_8,R5,2026-08-21T08:21:50.672772Z,behavior_monitor,8,891,226,615,836,593,566,669.56,452.03,270.91,system,NA,0.403,3.37,132.03,0.0,90.0,87.67,0.0
Negotiation_8,R5,2026-08-21T08:21:51.160367Z,agent_signal,8,887,323,679,836,637,566,553.79,348.77,273.25,agent,i_can,0.386,3.37,80.98,129.41,0.0,87.67,0.0
Negotiation_8,R5,2026-08-21T08:21:51.177408Z,behavior_monitor,8,887,323,679,836,638,566,553.79,347.7,273.03,system,NA,0.386,3.37,80.98,129.41,0.0,87.67,0.0
Negotiation_8,R5,2026-08-21T08:21:51.682471Z,behavior_monitor,8,860,419,731,836,683,566,437.16,230.51,274.77,system,NA,0.345,3.37,110.44,62.07,0.0,93.15,0.0
Negotiation_8,R5,2026-08-21T08:21:52.193183Z,behavior_monitor,8,837,514,735,825,727,566,327.88,121.78,259.61,system,NA,0.271,3.37,57.45,123.99,-143.5,82.8,0.0
Negotiation_8,R5,2026-08-21T08:21:52.701882Z,behavior_monitor,8,934,534,754,823,772,566,340.63,164.98,257.78,system,NA,0.326,3.37,9.41,133.95,14.97,87.67,0.0
Negotiation_8,R5,2026-08-21T08:21:53.207117Z,behavior_monitor,8,1024,559,820,825,816,566,336.19,208.19,259.47,system,NA,0.382,3.37,61.47,129.41,0.0,87.67,0.0
Negotiation_8,R5,2026-08-21T08:21:53.717305Z,behavior_monitor,8,1067,650,886,825,862,619,252.03,206.87,207.48,system,NA,0.451,3.37,85.47,129.41,0.0,150.04,54.25
Negotiation_8,R5,2026-08-21T08:21:54.227259Z,behavior_monitor,8,1110,738,952,825,908,681,181.12,209.88,150.53,system,NA,0.537,3.37,54.44,129.41,0.0,150.04,54.25
Negotiation_8,R5,2026-08-21T08:21:54.733607Z,behavior_monitor,8,1202,775,1017,836,953,743,194.46,250.75,112.87,system,NA,0.563,3.37,7.72,141.85,19.53,159.42,54.25
Negotiation_8,R5,2026-08-21T08:21:55.237704Z,behavior_monitor,8,1269,829,1081,861,998,805,190.62,272.0,99.83,system,NA,0.588,3.37,67.79,133.59,21.7,150.04,54.25
Negotiation_8,R5,2026-08-21T08:21:55.740107Z,behavior_monitor,8,1323,912,1144,887,1043,868,181.08,283.75,102.72,system,NA,0.61,3.37,42.01,133.79,24.17,150.04,54.25
Negotiation_8,R5,2026-08-21T08:21:55.940078Z,flight_missed,8,1342,952,1171,899,1062,895,179.24,285.32,108.46,system,NA,0.614,3.37,68.67,141.34,24.89,159.42,54.25
Negotiation_8,R5,2026-08-21T08:21:55.941113Z,flight_spawn,9,691,-20,1171,899,1062,895,1037.02,987.95,108.46,system,NA,0.488,2.83,135.0,141.34,24.89,159.42,54.25
Negotiation_8,R5,2026-08-21T08:21:59.015025Z,agent_signal,9,438,324,913,874,874,633,726.75,534.51,244.09,agent,i_can,0.424,2.83,100.38,129.41,180.0,130.47,-125.75
Negotiation_8,R5,2026-08-21T08:21:59.031739Z,behavior_monitor,9,438,324,913,874,872,631,726.75,532.09,246.38,system,NA,0.423,2.83,100.38,129.41,180.0,150.04,-125.75
Negotiation_8,R5,2026-08-21T08:21:59.538888Z,behavior_monitor,9,399,397,847,874,828,569,654.4,462.07,306.21,system,NA,0.414,2.83,126.87,129.41,180.0,150.04,-125.75
Negotiation_8,R5,2026-08-21T08:22:00.032130Z,human_signal,9,341,456,783,874,784,565,608.57,456.32,309.27,human,your_turn,0.429,2.83,122.11,129.41,180.0,87.67,180.0
Negotiation_8,R5,2026-08-21T08:22:00.032980Z,human_signal,9,340,458,781,874,784,565,606.03,456.68,309.29,human,your_turn,0.43,2.83,122.11,129.41,180.0,87.67,180.0
Negotiation_8,R5,2026-08-21T08:22:00.049555Z,behavior_monitor,9,340,458,781,874,783,565,606.03,455.23,309.28,system,NA,0.429,2.83,122.11,129.41,180.0,87.67,180.0
Negotiation_8,R5,2026-08-21T08:22:00.560585Z,behavior_monitor,9,271,497,715,874,737,565,581.78,470.9,310.5,system,NA,0.447,2.83,149.78,129.41,180.0,87.67,180.0
Negotiation_8,R5,2026-08-21T08:22:01.069722Z,behavior_monitor,9,226,562,649,874,692,564,525.03,466.14,313.37,system,NA,0.47,2.83,127.35,129.41,180.0,87.67,180.0
Negotiation_8,R5,2026-08-21T08:22:01.582088Z,behavior_monitor,9,176,630,583,874,648,620,474.03,471.61,262.68,system,NA,0.499,2.83,127.35,122.22,180.0,141.71,125.75
Negotiation_8,R5,2026-08-21T08:22:02.091038Z,behavior_monitor,9,105,671,517,883,603,665,463.29,498.54,234.25,system,NA,0.518,2.83,176.36,127.69,163.18,82.8,180.0
Negotiation_8,R5,2026-08-21T08:22:02.598114Z,behavior_monitor,9,20,678,451,903,559,673,486.29,539.51,254.24,system,NA,0.526,2.23,54.21,135.52,162.73,150.04,125.75
Negotiation_8,R5,2026-08-21T08:22:03.105431Z,behavior_monitor,9,54,733,385,910,514,729,374.59,459.94,222.31,system,NA,0.551,2.23,49.39,129.41,180.0,150.04,125.75
Negotiation_8,R5,2026-08-21T08:22:03.612644Z,behavior_monitor,9,97,782,319,910,470,777,255.5,372.46,201.13,system,NA,0.593,2.23,46.54,137.5,180.0,93.15,180.0
Negotiation_8,R5,2026-08-21T08:22:04.118847Z,behavior_monitor,9,148,827,253,910,425,822,133.2,277.2,193.29,system,NA,0.675,2.23,47.23,129.41,180.0,87.67,180.0
Negotiation_8,R5,2026-08-21T08:22:04.623487Z,behavior_monitor,9,208,858,208,888,380,852,30.34,172.58,176.34,system,NA,0.85,2.23,46.04,136.27,-49.7,150.04,125.75
Negotiation_8,R5,2026-08-21T08:22:04.708923Z,shot_hit,9,215,866,216,880,373,861,13.78,157.5,158.51,human,NA,0.92,2.23,46.04,136.3,-46.06,87.67,180.0
Negotiation_8,R5,2026-08-21T08:22:04.709291Z,flight_spawn,10,277,-20,216,880,373,861,902.24,886.42,158.51,system,NA,0.496,3.04,48.8,136.3,-46.06,87.67,180.0
Negotiation_8,R5,2026-08-21T08:22:06.148603Z,human_signal,10,433,177,231,880,380,737,730.88,561.85,206.18,human,your_turn,0.435,3.04,46.4,134.13,15.25,130.47,-54.25
Negotiation_8,R5,2026-08-21T08:22:06.150042Z,behavior_monitor,10,433,177,231,880,380,737,730.88,561.85,206.18,system,NA,0.435,3.04,46.4,134.13,15.25,130.47,-54.25
Negotiation_8,R5,2026-08-21T08:22:06.150451Z,human_signal,10,436,180,234,880,380,737,729.48,559.94,204.99,human,your_turn,0.434,3.04,46.4,134.13,15.25,130.47,-54.25
Negotiation_8,R5,2026-08-21T08:22:06.654204Z,behavior_monitor,10,502,227,279,861,424,675,671.53,454.52,235.86,system,NA,0.404,3.04,18.13,129.16,-66.11,150.04,-54.25
Negotiation_8,R5,2026-08-21T08:22:07.160290Z,behavior_monitor,10,574,278,341,843,469,613,611.26,351.22,263.31,system,NA,0.365,3.04,16.1,129.41,0.0,150.04,-54.25
Negotiation_8,R5,2026-08-21T08:22:07.600685Z,agent_signal,10,645,310,400,843,508,565,586.4,289.45,297.99,agent,i_can,0.33,3.04,39.14,137.5,0.0,93.15,0.0
Negotiation_8,R5,2026-08-21T08:22:07.669089Z,behavior_monitor,10,651,317,407,843,514,565,579.16,282.67,297.76,system,NA,0.328,3.04,66.78,129.41,0.0,87.67,0.0
Negotiation_8,R5,2026-08-21T08:22:08.178722Z,behavior_monitor,10,714,374,473,843,559,565,527.21,246.05,290.61,system,NA,0.318,3.04,54.58,129.41,0.0,87.67,0.0
Negotiation_8,R5,2026-08-21T08:22:08.687794Z,behavior_monitor,10,774,437,539,843,604,565,468.7,212.85,284.98,system,NA,0.312,3.04,25.07,129.41,0.0,87.67,0.0
Negotiation_8,R5,2026-08-21T08:22:09.194791Z,behavior_monitor,10,859,462,605,843,649,565,457.67,234.38,280.75,system,NA,0.339,3.04,27.39,129.41,0.0,87.67,0.0
Negotiation_8,R5,2026-08-21T08:22:09.699246Z,behavior_monitor,10,934,514,671,843,693,566,420.61,246.43,277.75,system,NA,0.369,3.04,47.48,129.41,0.0,87.67,0.0
Negotiation_8,R5,2026-08-21T08:22:10.206221Z,behavior_monitor,10,1015,560,737,843,738,566,396.25,276.97,276.7,system,NA,0.411,3.04,25.63,129.41,0.0,87.67,0.0
Negotiation_8,R5,2026-08-21T08:22:10.711216Z,behavior_monitor,10,1103,586,802,843,783,581,395.14,319.86,262.18,system,NA,0.447,3.04,0.64,129.41,0.0,87.67,0.0
Negotiation_8,R5,2026-08-21T08:22:11.218137Z,behavior_monitor,10,1193,602,868,843,827,598,403.64,365.39,248.19,system,NA,0.475,3.04,24.75,129.41,0.0,87.67,0.0
Negotiation_8,R5,2026-08-21T08:22:11.725417Z,behavior_monitor,10,1281,626,934,843,872,621,408.7,409.18,230.37,system,NA,0.5,3.04,3.44,129.41,0.0,87.67,0.0
Negotiation_8,R5,2026-08-21T08:22:12.231457Z,behavior_monitor,10,1369,637,1000,843,916,631,422.31,452.99,227.45,system,NA,0.518,3.04,28.83,137.5,0.0,159.42,54.25
Negotiation_8,R5,2026-08-21T08:22:15.231485Z,conflict,10,1219,837,1197,910,1183,832,76.12,36.45,78.39,system,NA,0.324,2.0,127.76,0.0,180.0,150.04,54.25
Negotiation_8,R5,2026-08-21T08:22:15.741763Z,shot_miss,10,1184,884,1196,910,1181,834,28.3,49.67,76.47,agent,NA,0.637,2.0,127.76,0.0,180.0,0.0,54.25
Negotiation_8,R5,2026-08-21T08:22:15.759077Z,conflict,10,1184,884,1196,910,1181,834,28.48,49.69,76.63,human,NA,0.636,2.0,127.76,0.0,180.0,0.0,54.25
Negotiation_8,R5,2026-08-21T08:22:15.759572Z,shot_hit,10,1184,884,1196,910,1181,834,28.48,49.69,76.63,human,NA,0.636,2.0,127.76,0.0,180.0,0.0,54.25
Negotiation_8,R5,2026-08-21T08:22:15.759807Z,flight_spawn,11,155,-20,1196,910,1181,834,1396.0,1335.22,76.63,system,NA,0.489,2.83,45.0,0.0,180.0,0.0,54.25
Negotiation_8,R5,2026-08-21T08:22:17.184639Z,human_signal,11,313,145,1115,910,1109,736,1107.52,990.91,173.69,human,your_turn,0.472,2.83,37.7,127.01,180.0,130.47,-125.75
Negotiation_8,R5,2026-08-21T08:22:17.185623Z,behavior_monitor,11,313,145,1115,910,1109,736,1107.52,990.91,173.69,system,NA,0.472,2.83,37.7,126.56,180.0,130.47,-125.75
Negotiation_8,R5,2026-08-21T08:22:17.186040Z,human_signal,11,315,147,1113,911,1109,736,1104.2,988.43,174.69,human,your_turn,0.472,2.83,37.7,126.56,180.0,130.47,-125.75
Negotiation_8,R5,2026-08-21T08:22:17.690573Z,behavior_monitor,11,375,198,1049,910,1064,674,979.71,836.91,236.31,system,NA,0.461,2.83,33.81,129.41,180.0,150.04,-125.75
Negotiation_8,R5,2026-08-21T08:22:18.199924Z,behavior_monitor,11,436,259,983,910,1019,611,849.91,680.97,300.38,system,NA,0.445,2.83,58.01,129.41,180.0,150.04,-125.75
Negotiation_8,R5,2026-08-21T08:22:18.505388Z,agent_signal,11,453,309,941,910,993,574,773.58,600.79,339.29,agent,i_can,0.437,2.83,81.88,129.41,180.0,150.04,-125.75
Negotiation_8,R5,2026-08-21T08:22:18.709041Z,behavior_monitor,11,459,340,917,910,975,566,730.91,563.04,348.47,system,NA,0.435,2.83,81.88,129.41,180.0,87.67,180.0
Negotiation_8,R5,2026-08-21T08:22:19.218869Z,behavior_monitor,11,429,418,851,908,930,566,646.68,522.63,350.84,system,NA,0.447,2.83,158.11,129.41,180.0,87.67,180.0
Negotiation_8,R5,2026-08-21T08:22:19.725429Z,behavior_monitor,11,380,480,785,908,885,566,589.2,512.65,356.23,system,NA,0.465,2.83,106.31,129.41,180.0,87.67,180.0
Negotiation_8,R5,2026-08-21T08:22:20.235503Z,behavior_monitor,11,365,562,719,908,841,566,495.35,475.93,362.79,system,NA,0.49,2.83,100.82,129.41,180.0,87.67,180.0
Negotiation_8,R5,2026-08-21T08:22:20.743302Z,behavior_monitor,11,365,645,653,908,796,622,390.11,431.08,319.33,system,NA,0.525,2.83,74.41,129.41,180.0,150.04,125.75
Negotiation_8,R5,2026-08-21T08:22:21.250379Z,behavior_monitor,11,368,728,587,908,752,685,283.93,386.39,277.38,system,NA,0.576,2.83,98.39,137.5,180.0,152.24,114.61
Negotiation_8,R5,2026-08-21T08:22:21.758195Z,behavior_monitor,11,346,808,521,908,707,747,201.85,366.53,245.88,system,NA,0.645,2.83,124.51,129.41,180.0,150.04,125.75
Negotiation_8,R5,2026-08-21T08:22:22.264398Z,behavior_monitor,11,323,888,457,910,662,809,136.12,348.72,228.77,system,NA,0.719,2.83,97.85,121.6,180.0,150.55,119.4
Negotiation_8,R5,2026-08-21T08:22:22.771756Z,behavior_monitor,11,274,950,398,910,618,871,130.31,353.02,223.53,system,NA,0.73,2.83,131.31,122.02,180.0,159.42,125.75
Negotiation_8,R5,2026-08-21T08:22:22.772424Z,flight_missed,11,271,952,396,910,616,873,131.16,353.67,223.64,system,NA,0.729,2.83,131.31,122.02,180.0,159.42,125.75
Negotiation_8,R5,2026-08-21T08:22:22.772747Z,flight_spawn,12,818,-20,396,910,616,873,1021.5,916.5,223.64,system,NA,0.473,2.83,45.0,122.02,180.0,159.42,125.75
Negotiation_8,R5,2026-08-21T08:22:26.374140Z,agent_signal,12,1219,382,768,836,849,565,639.97,413.03,282.95,agent,i_can,0.392,2.83,32.01,135.7,-17.52,76.24,0.0
Negotiation_8,R5,2026-08-21T08:22:26.391154Z,behavior_monitor,12,1219,382,768,836,850,565,639.97,411.69,283.38,system,NA,0.391,2.83,32.01,135.7,-17.52,87.67,0.0
Negotiation_8,R5,2026-08-21T08:22:26.899173Z,behavior_monitor,12,1295,427,834,816,895,565,602.82,423.01,257.89,system,NA,0.412,2.83,32.01,135.31,-16.99,87.67,0.0
Negotiation_8,R5,2026-08-21T08:22:27.288890Z,human_signal,12,1322,483,885,805,930,565,543.03,400.68,244.67,human,your_turn,0.425,2.83,75.21,129.41,0.0,87.67,0.0
Negotiation_8,R5,2026-08-21T08:22:27.289936Z,human_signal,12,1323,485,887,805,930,565,540.56,401.25,244.28,human,your_turn,0.426,2.83,75.21,129.41,0.0,111.36,-7.94
Negotiation_8,R5,2026-08-21T08:22:27.406288Z,behavior_monitor,12,1328,501,900,805,940,565,524.64,393.1,243.81,system,NA,0.428,2.83,52.01,129.41,0.0,87.67,0.0
Negotiation_8,R5,2026-08-21T08:22:27.913138Z,behavior_monitor,12,1384,560,966,805,985,565,484.17,399.03,241.26,system,NA,0.452,2.83,45.08,129.41,0.0,87.67,0.0
Negotiation_8,R5,2026-08-21T08:22:28.424207Z,behavior_monitor,12,1405,635,1032,805,1029,617,409.75,376.23,188.76,system,NA,0.479,2.83,101.12,129.41,0.0,150.04,54.25
Negotiation_8,R5,2026-08-21T08:22:28.931259Z,behavior_monitor,12,1378,713,1098,805,1073,679,294.76,306.78,128.71,system,NA,0.51,2.83,101.77,129.41,0.0,150.04,54.25
Negotiation_8,R5,2026-08-21T08:22:29.438495Z,behavior_monitor,12,1332,782,1160,836,1118,741,179.83,217.7,103.38,system,NA,0.548,2.83,130.84,135.5,30.49,150.04,54.25
Negotiation_8,R5,2026-08-21T08:22:29.947042Z,behavior_monitor,12,1279,843,1216,874,1163,803,70.15,122.58,88.02,system,NA,0.636,2.83,155.34,131.54,35.96,150.04,54.25
Negotiation_8,R5,2026-08-21T08:22:29.997934Z,shot_miss,12,1272,846,1222,878,1167,810,59.19,110.54,86.82,human,NA,0.651,2.83,155.34,139.6,36.11,159.42,54.25
Negotiation_8,R5,2026-08-21T08:22:30.166711Z,shot_hit,12,1246,864,1240,891,1182,830,27.58,71.78,83.44,human,NA,0.722,2.83,129.81,132.0,36.53,150.04,54.25
Negotiation_8,R5,2026-08-21T08:22:30.167657Z,flight_spawn,13,568,-20,1240,891,1182,830,1131.97,1049.22,83.44,system,NA,0.481,2.83,45.0,132.0,36.53,150.04,54.25
Negotiation_8,R5,2026-08-21T08:22:31.250898Z,human_signal,13,702,91,1191,910,1136,767,953.25,802.86,153.11,human,your_turn,0.457,2.83,40.04,137.5,180.0,138.63,-125.75
Negotiation_8,R5,2026-08-21T08:22:31.251539Z,behavior_monitor,13,702,91,1191,910,1136,767,953.25,802.86,153.11,system,NA,0.457,2.83,40.04,129.41,180.0,130.47,-125.75
Negotiation_8,R5,2026-08-21T08:22:31.252102Z,human_signal,13,705,93,1189,910,1136,767,949.1,799.79,152.34,human,your_turn,0.457,2.83,40.04,129.41,180.0,130.47,-125.75
Negotiation_8,R5,2026-08-21T08:22:31.760755Z,behavior_monitor,13,770,146,1125,904,1092,704,836.92,644.4,202.24,system,NA,0.435,2.83,40.04,133.72,-165.42,150.04,-125.75
Negotiation_8,R5,2026-08-21T08:22:32.269192Z,behavior_monitor,13,830,204,1072,861,1046,642,700.37,488.87,220.24,system,NA,0.411,2.83,66.39,138.58,-121.75,150.04,-125.75
Negotiation_8,R5,2026-08-21T08:22:32.777139Z,behavior_monitor,13,861,282,1038,800,1001,580,546.97,329.64,222.46,system,NA,0.376,2.83,95.8,138.25,-126.6,150.04,-125.75
Negotiation_8,R5,2026-08-21T08:22:33.285931Z,behavior_monitor,13,843,365,985,756,957,565,415.8,230.8,192.33,system,NA,0.357,2.83,123.53,137.03,-160.81,87.67,180.0
Negotiation_8,R5,2026-08-21T08:22:33.676062Z,agent_signal,13,808,424,932,754,923,566,352.71,182.63,188.82,agent,i_can,0.341,2.83,117.04,129.41,180.0,87.67,180.0
Negotiation_8,R5,2026-08-21T08:22:33.794308Z,behavior_monitor,13,794,436,919,754,913,566,341.58,176.18,188.22,system,NA,0.34,2.83,146.96,129.41,180.0,87.67,180.0
Negotiation_8,R5,2026-08-21T08:22:34.302337Z,behavior_monitor,13,793,514,853,754,868,566,247.26,91.3,188.84,system,NA,0.27,2.83,74.22,129.41,180.0,87.67,180.0
Negotiation_8,R5,2026-08-21T08:22:34.725855Z,shot_miss,13,787,587,795,754,829,579,167.1,42.88,178.65,agent,NA,0.204,2.83,96.36,129.41,180.0,169.39,122.32
Negotiation_8,R5,2026-08-21T08:22:34.810727Z,behavior_monitor,13,784,599,787,754,823,587,155.65,40.89,171.34,system,NA,0.208,2.83,96.36,129.41,180.0,150.04,125.75
Negotiation_8,R5,2026-08-21T08:22:34.913870Z,shot_hit,13,788,617,771,754,813,601,138.04,29.32,158.44,agent,NA,0.175,2.83,48.57,129.41,180.0,150.04,125.75
Negotiation_8,R5,2026-08-21T08:22:34.914858Z,flight_spawn,14,65,-20,771,754,813,601,1048.37,972.58,158.44,system,NA,0.481,2.83,135.0,129.41,180.0,150.04,125.75
Negotiation_8,R5,2026-08-21T08:22:36.215998Z,human_signal,14,79,85,712,803,761,565,956.34,833.45,242.9,human,your_turn,0.466,1.93,62.38,137.5,180.0,81.0,180.0
Negotiation_8,R5,2026-08-21T08:22:36.216788Z,behavior_monitor,14,79,85,712,803,761,565,956.34,833.45,242.9,system,NA,0.466,1.93,62.38,122.22,180.0,72.0,180.0
Negotiation_8,R5,2026-08-21T08:22:36.217191Z,human_signal,14,80,87,709,803,761,565,953.23,832.01,243.36,human,your_turn,0.466,1.93,62.38,122.22,180.0,72.0,180.0
Negotiation_8,R5,2026-08-21T08:22:36.724582Z,behavior_monitor,14,113,129,646,803,716,565,859.02,744.43,248.11,system,NA,0.464,1.93,33.97,129.41,180.0,87.67,180.0
Negotiation_8,R5,2026-08-21T08:22:37.232906Z,behavior_monitor,14,163,157,580,803,672,565,769.0,652.42,255.3,system,NA,0.459,1.93,57.81,129.41,180.0,87.67,180.0
Negotiation_8,R5,2026-08-21T08:22:37.740887Z,behavior_monitor,14,213,178,514,792,627,565,683.24,566.26,253.94,system,NA,0.453,1.93,6.72,136.59,-161.34,97.5,-165.85
Negotiation_8,R5,2026-08-21T08:22:38.251774Z,behavior_monitor,14,266,201,482,777,583,565,614.65,482.19,234.81,system,NA,0.44,1.93,37.17,129.41,0.0,87.67,180.0
Negotiation_8,R5,2026-08-21T08:22:38.759856Z,behavior_monitor,14,279,256,530,777,538,565,578.2,403.17,212.48,system,NA,0.411,1.93,85.7,0.0,0.0,87.67,180.0
Negotiation_8,R5,2026-08-21T08:22:39.266428Z,behavior_monitor,14,282,314,470,777,494,564,499.46,327.66,214.04,system,NA,0.396,1.93,85.7,129.41,180.0,87.67,180.0
Negotiation_8,R5,2026-08-21T08:22:39.707911Z,agent_signal,14,291,366,411,777,455,564,428.07,257.34,217.37,agent,i_can,0.375,1.93,85.7,129.41,180.0,87.67,180.0
Negotiation_8,R5,2026-08-21T08:22:39.775174Z,behavior_monitor,14,292,372,404,777,449,564,420.24,248.01,217.5,system,NA,0.371,1.93,109.71,129.41,180.0,87.67,180.0
Negotiation_8,R5,2026-08-21T08:22:40.283537Z,behavior_monitor,14,275,426,378,777,404,564,365.41,188.62,213.99,system,NA,0.34,1.93,109.71,0.0,180.0,87.67,180.0
Negotiation_8,R5,2026-08-21T08:22:40.792418Z,behavior_monitor,14,246,478,329,777,359,564,310.23,141.93,214.81,system,NA,0.314,1.93,114.85,129.41,180.0,87.67,180.0
Negotiation_8,R5,2026-08-21T08:22:41.301518Z,behavior_monitor,14,209,518,263,777,314,563,264.14,114.62,219.63,system,NA,0.303,1.93,136.79,129.41,180.0,87.67,180.0
Negotiation_8,R5,2026-08-21T08:22:41.805414Z,behavior_monitor,14,171,558,197,777,269,563,220.44,98.59,225.56,system,NA,0.309,1.93,136.79,129.41,180.0,87.67,180.0
Negotiation_8,R5,2026-08-21T08:22:42.313531Z,behavior_monitor,14,141,603,131,777,225,598,173.83,84.34,201.8,system,NA,0.327,1.93,86.43,129.41,180.0,150.04,125.75
Negotiation_8,R5,2026-08-21T08:22:42.821499Z,behavior_monitor,14,110,649,103,777,180,644,128.17,70.24,153.71,system,NA,0.354,1.93,135.64,0.0,180.0,150.04,125.75
Negotiation_8,R5,2026-08-21T08:22:43.328409Z,behavior_monitor,14,60,673,100,819,136,669,151.82,76.19,154.43,system,NA,0.334,1.93,160.65,139.87,113.98,150.04,125.75
Negotiation_8,R5,2026-08-21T08:22:43.833834Z,behavior_monitor,14,29,700,82,867,91,694,175.28,62.19,173.12,system,NA,0.262,1.52,27.98,0.0,90.0,87.67,180.0
Negotiation_8,R5,2026-08-21T08:22:43.999954Z,shot_hit,14,43,708,82,867,75,702,163.85,31.69,164.8,agent,NA,0.162,1.52,27.98,0.0,90.0,87.67,180.0
Negotiation_8,R5,2026-08-21T08:22:44.000434Z,flight_spawn,15,633,-20,82,867,75,702,1044.35,913.3,164.8,system,NA,0.467,3.45,54.61,0.0,90.0,87.67,180.0
Negotiation_8,R5,2026-08-21T08:22:46.371545Z,human_signal,15,956,298,329,867,233,565,846.06,770.05,317.05,human,your_turn,0.476,3.45,56.89,129.41,0.0,76.24,0.0
Negotiation_8,R5,2026-08-21T08:22:46.372068Z,behavior_monitor,15,956,298,329,867,233,565,846.06,770.05,317.05,system,NA,0.476,3.45,56.89,129.41,0.0,76.24,0.0
Negotiation_8,R5,2026-08-21T08:22:46.372334Z,human_signal,15,958,301,332,867,233,565,844.05,771.03,317.73,human,your_turn,0.477,3.45,56.89,129.41,0.0,76.24,0.0
Negotiation_8,R5,2026-08-21T08:22:46.878760Z,behavior_monitor,15,1007,387,395,867,278,565,777.36,750.91,323.86,system,NA,0.491,3.45,77.86,129.41,0.0,87.67,0.0
Negotiation_8,R5,2026-08-21T08:22:47.384163Z,behavior_monitor,15,1029,488,461,867,322,565,682.32,710.68,332.18,system,NA,0.51,3.45,78.39,129.41,0.0,87.67,0.0
Negotiation_8,R5,2026-08-21T08:22:47.889187Z,behavior_monitor,15,1046,590,527,867,367,579,588.41,679.67,329.83,system,NA,0.536,3.45,101.46,129.41,0.0,150.04,54.25
Negotiation_8,R5,2026-08-21T08:22:48.396608Z,behavior_monitor,15,1039,691,593,867,412,641,478.75,629.27,289.97,system,NA,0.568,3.45,97.59,129.41,0.0,150.04,54.25
Negotiation_8,R5,2026-08-21T08:22:48.754069Z,agent_signal,15,1034,766,642,867,443,684,404.68,596.57,270.11,agent,your_turn,0.596,3.45,69.99,129.41,0.0,150.04,54.25
Negotiation_8,R5,2026-08-21T08:22:48.907203Z,behavior_monitor,15,1046,792,659,867,454,700,393.57,598.37,264.0,system,NA,0.603,3.45,69.99,129.41,0.0,130.47,54.25
Negotiation_8,R5,2026-08-21T08:22:49.414892Z,behavior_monitor,15,1080,890,725,867,478,732,355.68,622.39,281.48,system,NA,0.636,3.45,69.99,129.41,0.0,0.0,54.25
Negotiation_8,R5,2026-08-21T08:22:49.735099Z,flight_missed,15,1102,954,769,867,502,764,343.69,629.33,286.55,system,NA,0.647,3.45,69.99,129.41,0.0,126.97,41.15
Negotiation_8,R5,2026-08-21T08:22:49.735553Z,flight_spawn,16,532,-20,769,867,502,764,918.6,785.37,286.55,system,NA,0.461,3.27,127.76,129.41,0.0,126.97,41.15
Negotiation_8,R5,2026-08-21T08:22:50.849393Z,human_signal,16,343,72,766,831,454,699,868.91,637.01,338.29,human,your_turn,0.423,3.27,151.5,129.41,180.0,130.47,-125.75
Negotiation_8,R5,2026-08-21T08:22:50.850422Z,behavior_monitor,16,343,72,766,831,454,699,868.91,637.01,338.29,system,NA,0.423,3.27,151.5,129.41,180.0,130.47,-125.75
Negotiation_8,R5,2026-08-21T08:22:50.850750Z,human_signal,16,340,73,764,831,454,699,867.82,635.97,336.27,human,your_turn,0.423,3.27,151.5,129.41,180.0,130.47,-125.75
Negotiation_8,R5,2026-08-21T08:22:51.355769Z,behavior_monitor,16,295,149,700,831,410,637,792.72,501.05,349.05,system,NA,0.387,3.27,80.44,129.41,180.0,150.04,-125.75
Negotiation_8,R5,2026-08-21T08:22:51.860399Z,behavior_monitor,16,327,242,646,831,365,575,669.71,334.9,380.35,system,NA,0.333,3.27,60.0,0.0,180.0,150.04,-125.75
Negotiation_8,R5,2026-08-21T08:22:52.367078Z,behavior_monitor,16,423,258,615,805,372,566,579.53,312.26,340.81,system,NA,0.35,3.27,6.01,139.01,-140.77,87.67,0.0
Negotiation_8,R5,2026-08-21T08:22:52.874143Z,behavior_monitor,16,522,269,646,765,416,566,511.69,315.65,304.04,system,NA,0.382,3.27,6.01,138.6,-28.51,87.67,0.0
Negotiation_8,R5,2026-08-21T08:22:53.381813Z,behavior_monitor,16,620,279,710,736,461,566,465.9,328.09,301.05,system,NA,0.413,3.27,6.01,136.3,-21.87,87.67,0.0
Negotiation_8,R5,2026-08-21T08:22:53.890333Z,behavior_monitor,16,710,311,774,711,506,565,404.58,325.52,305.0,system,NA,0.446,3.27,35.8,136.13,-21.61,87.67,0.0
Negotiation_8,R5,2026-08-21T08:22:54.399252Z,behavior_monitor,16,743,397,839,685,551,566,302.87,255.73,311.3,system,NA,0.458,3.27,87.32,132.56,-25.05,87.67,0.0
Negotiation_8,R5,2026-08-21T08:22:54.668655Z,agent_signal,16,743,453,853,676,575,566,248.68,202.98,299.55,agent,i_can,0.449,3.27,87.32,0.0,-51.04,87.67,0.0
Negotiation_8,R5,2026-08-21T08:22:54.904400Z,behavior_monitor,16,744,495,843,685,596,566,214.63,164.01,274.97,system,NA,0.433,3.27,87.32,147.11,141.06,93.15,0.0
Negotiation_8,R5,2026-08-21T08:22:55.410217Z,behavior_monitor,16,758,591,834,748,640,578,174.46,118.74,258.07,system,NA,0.405,3.27,86.76,129.41,90.0,150.04,54.25
Negotiation_8,R5,2026-08-21T08:22:55.918586Z,behavior_monitor,16,765,687,816,814,685,640,136.26,93.19,217.7,system,NA,0.406,3.27,63.69,136.62,108.7,150.04,54.25
Negotiation_8,R5,2026-08-21T08:22:56.426917Z,behavior_monitor,16,789,778,797,852,730,702,74.02,96.72,164.35,system,NA,0.566,3.27,106.77,0.0,119.97,150.04,54.25
Negotiation_8,R5,2026-08-21T08:22:56.812556Z,shot_miss,16,765,850,803,858,749,750,38.69,102.09,120.8,human,NA,0.725,3.27,106.77,129.41,180.0,150.04,125.75
Negotiation_8,R5,2026-08-21T08:22:56.931106Z,behavior_monitor,16,758,872,788,861,741,764,31.82,109.2,107.41,system,NA,0.774,3.27,106.77,135.41,158.68,121.76,90.0
Negotiation_8,R5,2026-08-21T08:22:56.999052Z,shot_miss,16,754,885,780,865,737,773,32.62,113.4,101.39,human,NA,0.777,3.27,106.77,135.82,157.38,121.76,90.0
Negotiation_8,R5,2026-08-21T08:22:57.340493Z,flight_missed,16,759,952,783,907,737,816,50.88,137.77,102.32,system,NA,0.73,3.27,100.57,133.84,69.72,121.76,90.0
Negotiation_8,R5,2026-08-21T08:22:57.341123Z,flight_spawn,17,301,-20,783,907,737,816,1045.48,943.16,102.32,system,NA,0.474,3.08,130.56,133.84,69.72,121.76,90.0
Negotiation_8,R5,2026-08-21T08:22:58.506602Z,human_signal,17,197,129,742,906,687,746,949.22,787.83,169.58,human,your_turn,0.454,3.08,76.04,129.41,180.0,130.47,-125.75
Negotiation_8,R5,2026-08-21T08:22:58.507291Z,behavior_monitor,17,197,129,742,906,687,746,949.22,787.83,169.58,system,NA,0.454,3.08,76.04,129.41,180.0,130.47,-125.75
Negotiation_8,R5,2026-08-21T08:22:58.507755Z,human_signal,17,198,132,739,906,687,746,945.09,785.04,168.88,human,your_turn,0.454,3.08,76.04,129.41,180.0,130.47,-125.75
Negotiation_8,R5,2026-08-21T08:22:59.014522Z,behavior_monitor,17,243,204,676,906,642,683,824.41,623.42,225.33,system,NA,0.431,3.08,48.85,129.41,180.0,150.04,-125.75
Negotiation_8,R5,2026-08-21T08:22:59.521565Z,behavior_monitor,17,277,282,614,885,597,621,689.85,466.07,263.85,system,NA,0.403,3.08,103.89,138.56,-133.96,150.04,-125.75
Negotiation_8,R5,2026-08-21T08:23:00.027343Z,behavior_monitor,17,258,372,562,842,553,565,560.11,352.77,277.68,system,NA,0.386,3.08,103.89,133.94,-160.59,87.67,180.0
Negotiation_8,R5,2026-08-21T08:23:00.214913Z,agent_signal,17,244,406,536,834,537,564,517.48,333.1,269.43,agent,i_can,0.392,3.08,130.0,134.94,-162.07,63.69,-163.07
Negotiation_8,R5,2026-08-21T08:23:00.535974Z,behavior_monitor,17,229,459,497,820,509,564,449.68,299.23,255.79,system,NA,0.4,3.08,102.58,137.21,-159.81,87.67,180.0
Negotiation_8,R5,2026-08-21T08:23:01.046121Z,behavior_monitor,17,208,545,431,816,464,564,350.48,256.52,254.29,system,NA,0.423,3.08,133.32,137.5,180.0,93.15,180.0
Negotiation_8,R5,2026-08-21T08:23:01.552420Z,behavior_monitor,17,170,628,365,816,419,606,270.28,249.73,217.71,system,NA,0.48,3.08,105.41,137.5,180.0,159.42,125.75
Negotiation_8,R5,2026-08-21T08:23:02.057385Z,behavior_monitor,17,178,718,301,840,374,667,172.67,202.61,187.74,system,NA,0.54,3.08,77.77,137.49,149.56,150.04,125.75
Negotiation_8,R5,2026-08-21T08:23:02.564838Z,behavior_monitor,17,167,809,240,875,330,729,98.67,180.7,171.14,system,NA,0.647,3.08,100.61,136.07,154.97,150.04,125.75
Negotiation_8,R5,2026-08-21T08:23:03.022401Z,shot_miss,17,135,883,182,899,289,785,50.3,182.7,155.55,human,NA,0.784,3.08,124.17,136.28,158.64,150.04,125.75
Negotiation_8,R5,2026-08-21T08:23:03.073354Z,behavior_monitor,17,130,891,176,901,284,792,47.47,183.53,153.98,system,NA,0.794,3.08,124.17,136.28,158.64,166.87,130.74
Negotiation_8,R5,2026-08-21T08:23:03.242298Z,shot_miss,17,105,909,155,910,269,812,49.47,190.16,150.2,human,NA,0.794,3.08,148.24,136.79,152.29,150.04,125.75
Negotiation_8,R5,2026-08-21T08:23:03.499116Z,shot_miss,17,66,933,126,910,247,844,64.41,201.18,137.13,human,NA,0.757,3.08,148.24,110.43,180.0,150.04,125.75
Negotiation_8,R5,2026-08-21T08:23:03.584882Z,behavior_monitor,17,54,941,117,910,239,854,70.71,204.91,134.23,system,NA,0.743,3.08,148.24,110.2,180.0,150.04,125.75
Negotiation_8,R5,2026-08-21T08:23:03.686222Z,shot_miss,17,35,951,106,910,230,867,82.07,212.9,131.77,human,NA,0.722,3.08,148.24,110.2,180.0,150.04,125.75
Negotiation_8,R5,2026-08-21T08:23:03.686858Z,flight_missed,17,31,952,104,910,229,869,84.21,214.48,131.47,system,NA,0.718,3.08,148.24,110.2,180.0,150.04,125.75
Negotiation_8,R5,2026-08-21T08:23:03.687185Z,flight_spawn,18,177,-20,104,910,229,869,932.91,890.6,131.47,system,NA,0.488,2.83,45.0,110.2,180.0,150.04,125.75
Negotiation_8,R5,2026-08-21T08:23:07.659703Z,human_signal,18,699,270,483,892,478,566,657.97,368.91,326.21,human,your_turn,0.359,2.83,37.14,129.41,0.0,76.31,14.71
Negotiation_8,R5,2026-08-21T08:23:07.660410Z,behavior_monitor,18,699,270,483,892,478,566,657.97,368.91,326.21,system,NA,0.359,2.83,37.14,129.41,0.0,76.24,0.0
Negotiation_8,R5,2026-08-21T08:23:07.660857Z,human_signal,18,701,272,486,892,478,566,656.13,368.45,326.25,human,your_turn,0.36,2.83,37.14,129.41,0.0,76.24,0.0
Negotiation_8,R5,2026-08-21T08:23:08.118487Z,agent_signal,18,765,318,545,892,518,565,614.34,349.22,327.32,agent,i_can,0.362,2.83,37.14,129.41,0.0,87.67,0.0
Negotiation_8,R5,2026-08-21T08:23:08.169446Z,behavior_monitor,18,769,321,549,892,523,565,610.97,346.41,327.31,system,NA,0.362,2.83,37.14,129.41,0.0,87.67,0.0
Negotiation_8,R5,2026-08-21T08:23:08.678927Z,behavior_monitor,18,845,351,615,892,567,566,587.47,351.15,329.34,system,NA,0.374,2.83,8.88,129.41,0.0,87.67,0.0
Negotiation_8,R5,2026-08-21T08:23:09.185430Z,behavior_monitor,18,926,371,681,892,611,566,575.58,370.3,333.27,system,NA,0.391,2.83,11.86,129.41,0.0,87.67,0.0
Negotiation_8,R5,2026-08-21T08:23:09.694161Z,behavior_monitor,18,1010,388,747,892,656,566,568.09,396.6,338.25,system,NA,0.411,2.83,11.86,129.41,0.0,87.67,0.0
Negotiation_8,R5,2026-08-21T08:23:09.745797Z,human_signal,18,1021,390,756,892,660,566,567.14,401.88,339.61,human,i_can,0.415,2.83,11.86,129.41,0.0,67.25,-3.66
Negotiation_8,R5,2026-08-21T08:23:10.206586Z,behavior_monitor,18,1081,431,813,892,695,567,532.86,409.49,346.14,system,NA,0.435,2.83,60.13,129.41,0.0,76.24,0.0
Negotiation_8,R5,2026-08-21T08:23:10.527392Z,agent_signal,18,1104,481,855,892,719,567,480.29,393.9,352.39,agent,your_turn,0.451,2.83,59.65,129.41,0.0,76.24,0.0
Negotiation_8,R5,2026-08-21T08:23:10.714367Z,behavior_monitor,18,1119,505,879,892,734,567,454.82,390.34,356.34,system,NA,0.462,2.83,59.65,129.41,0.0,76.24,0.0
Negotiation_8,R5,2026-08-21T08:23:11.219659Z,behavior_monitor,18,1162,578,945,892,760,566,380.87,402.68,374.82,system,NA,0.514,2.83,59.65,129.41,0.0,0.0,0.0
Negotiation_8,R5,2026-08-21T08:23:11.729656Z,behavior_monitor,18,1201,652,1011,892,760,566,305.85,449.59,411.55,system,NA,0.595,2.83,59.65,129.41,0.0,0.0,0.0
Negotiation_8,R5,2026-08-21T08:23:12.233011Z,behavior_monitor,18,1247,720,1077,892,760,566,241.39,510.94,454.94,system,NA,0.679,2.83,34.26,129.41,0.0,0.0,0.0
Negotiation_8,R5,2026-08-21T08:23:12.740617Z,behavior_monitor,18,1302,782,1143,892,798,620,192.66,528.8,439.16,system,NA,0.733,2.83,54.42,129.41,0.0,130.47,54.25
Negotiation_8,R5,2026-08-21T08:23:13.250604Z,behavior_monitor,18,1356,847,1209,892,837,675,152.87,546.49,431.05,system,NA,0.781,2.83,49.14,129.41,0.0,130.47,54.25
Negotiation_8,R5,2026-08-21T08:23:13.758593Z,behavior_monitor,18,1399,918,1274,905,872,723,125.41,562.03,441.66,system,NA,0.818,2.83,54.51,133.07,23.88,0.0,54.25
Negotiation_8,R5,2026-08-21T08:23:13.977498Z,flight_missed,18,1420,952,1303,910,872,723,124.86,594.32,469.63,system,NA,0.826,2.83,54.81,128.37,0.0,0.0,54.25
Negotiation_8,R5,2026-08-21T08:23:13.978121Z,flight_spawn,19,262,-20,1303,910,872,723,1395.72,961.66,469.63,system,NA,0.408,2.83,135.0,128.37,0.0,0.0,54.25
Negotiation_8,R5,2026-08-21T08:23:16.156708Z,human_signal,19,89,269,1159,876,733,566,1229.81,708.42,527.33,human,i_can,0.365,2.83,107.02,129.41,180.0,76.24,180.0
Negotiation_8,R5,2026-08-21T08:23:16.173062Z,behavior_monitor,19,89,269,1159,876,731,566,1229.81,707.24,528.38,system,NA,0.365,2.83,107.02,129.41,180.0,76.24,180.0
Negotiation_8,R5,2026-08-21T08:23:16.546873Z,agent_signal,19,58,324,1108,876,703,565,1186.67,688.47,511.02,agent,i_can,0.367,2.83,128.53,129.41,180.0,76.24,180.0
Negotiation_8,R5,2026-08-21T08:23:16.682586Z,behavior_monitor,19,47,341,1093,876,690,566,1175.02,681.36,508.56,system,NA,0.367,2.83,108.38,129.41,180.0,87.67,180.0
Negotiation_8,R5,2026-08-21T08:23:17.191854Z,behavior_monitor,19,21,420,1027,876,645,566,1104.33,640.96,491.74,system,NA,0.367,2.83,110.99,129.41,180.0,87.67,180.0
Negotiation_8,R5,2026-08-21T08:23:17.697200Z,behavior_monitor,19,58,489,961,876,600,566,982.68,547.66,475.91,system,NA,0.358,2.71,50.01,129.41,180.0,87.67,180.0
Negotiation_8,R5,2026-08-21T08:23:18.205719Z,behavior_monitor,19,108,551,895,876,555,566,851.3,447.16,460.35,system,NA,0.344,2.71,50.01,129.41,180.0,87.67,180.0
Negotiation_8,R5,2026-08-21T08:23:18.714037Z,behavior_monitor,19,176,593,829,876,510,586,711.38,334.09,430.58,system,NA,0.32,2.71,53.78,129.41,180.0,150.04,125.75
Negotiation_8,R5,2026-08-21T08:23:19.224664Z,behavior_monitor,19,186,672,763,883,466,649,613.83,280.35,378.31,system,NA,0.314,2.71,80.89,136.18,157.43,150.04,125.75
Negotiation_8,R5,2026-08-21T08:23:19.731218Z,behavior_monitor,19,167,743,701,910,421,711,559.34,255.98,343.21,system,NA,0.314,2.71,130.21,120.34,180.0,150.04,125.75
Negotiation_8,R5,2026-08-21T08:23:20.238632Z,behavior_monitor,19,122,810,640,910,376,773,527.78,257.55,296.65,system,NA,0.328,2.71,132.65,119.95,180.0,150.04,125.75
Negotiation_8,R5,2026-08-21T08:23:20.745500Z,behavior_monitor,19,75,874,579,910,332,835,504.49,259.33,257.67,system,NA,0.34,2.71,81.38,119.95,180.0,150.04,125.75
Negotiation_8,R5,2026-08-21T08:23:21.220245Z,flight_missed,19,85,952,520,910,288,895,436.12,210.47,231.7,system,NA,0.326,2.71,81.38,119.95,180.0,150.04,125.75
Negotiation_8,R5,2026-08-21T08:23:21.221273Z,flight_spawn,20,403,-20,520,910,288,895,937.26,923.07,231.7,system,NA,0.496,2.83,135.0,119.95,180.0,150.04,125.75
Negotiation_8,R5,2026-08-21T08:23:24.446495Z,agent_signal,20,26,309,175,810,113,593,523.25,297.1,226.17,agent,i_can,0.362,2.51,67.19,136.92,-147.54,130.47,-125.75
Negotiation_8,R5,2026-08-21T08:23:24.463592Z,behavior_monitor,20,26,309,175,810,112,591,523.25,294.69,228.57,system,NA,0.36,2.51,67.19,136.64,-148.45,150.04,-125.75
Negotiation_8,R5,2026-08-21T08:23:24.970742Z,behavior_monitor,20,60,377,135,782,67,566,411.85,188.76,226.76,system,NA,0.314,2.51,74.19,53.93,0.0,87.67,180.0
Negotiation_8,R5,2026-08-21T08:23:25.477836Z,behavior_monitor,20,78,450,189,778,54,566,346.09,118.46,250.97,system,NA,0.255,2.51,71.27,119.19,-128.08,0.0,0.0
Negotiation_8,R5,2026-08-21T08:23:25.986249Z,behavior_monitor,20,82,524,184,747,60,566,244.89,47.37,218.94,system,NA,0.162,2.51,94.74,129.41,0.0,0.0,0.0
Negotiation_8,R5,2026-08-21T08:23:26.172782Z,shot_hit,20,75,554,191,745,59,566,223.35,20.43,222.62,agent,NA,0.084,2.51,94.74,94.15,-146.71,87.67,180.0
Negotiation_8,R6,2026-08-21T08:23:32.332052Z,flight_spawn,1,1386,-20,191,745,59,566,1418.88,1450.74,222.62,system,NA,0.506,3.15,129.39,0.0,-146.71,0.0,180.0
Negotiation_8,R6,2026-08-21T08:23:37.896088Z,agent_signal,1,1095,350,961,685,539,566,360.89,596.6,438.68,agent,your_turn,0.623,3.15,133.59,93.36,-90.0,76.24,0.0
Negotiation_8,R6,2026-08-21T08:23:37.912936Z,behavior_monitor,1,1095,350,961,685,540,566,360.89,595.39,437.44,system,NA,0.623,3.15,133.59,93.36,-90.0,76.24,0.0
Negotiation_8,R6,2026-08-21T08:23:38.424206Z,behavior_monitor,1,1046,429,963,660,579,566,245.61,486.56,394.61,system,NA,0.665,3.15,103.98,136.63,68.37,76.24,0.0
Negotiation_8,R6,2026-08-21T08:23:38.625914Z,human_signal,1,1046,466,973,686,595,566,231.66,462.17,396.67,human,your_turn,0.666,3.15,81.55,144.89,68.08,81.0,0.0
Negotiation_8,R6,2026-08-21T08:23:38.626266Z,human_signal,1,1046,469,974,688,595,566,230.38,461.23,398.16,human,your_turn,0.667,3.15,81.55,136.37,68.08,76.24,0.0
Negotiation_8,R6,2026-08-21T08:23:38.930106Z,behavior_monitor,1,1056,522,990,722,622,566,210.12,435.92,399.69,system,NA,0.675,3.15,81.55,136.92,19.06,87.67,0.0
Negotiation_8,R6,2026-08-21T08:23:39.439257Z,behavior_monitor,1,1068,615,1056,723,667,596,107.93,401.4,409.92,system,NA,0.788,3.15,81.55,129.41,0.0,150.04,54.25
Negotiation_8,R6,2026-08-21T08:23:39.506854Z,agent_signal,1,1068,631,1065,723,672,604,91.79,396.37,410.54,agent,i_can,0.812,3.15,81.55,129.41,0.0,150.04,54.25
Negotiation_8,R6,2026-08-21T08:23:39.945303Z,shot_hit,1,1087,706,1082,702,710,658,7.02,380.18,374.2,human,NA,0.982,3.15,82.58,129.41,0.0,150.04,54.25
Negotiation_8,R6,2026-08-21T08:23:39.946366Z,flight_spawn,2,664,-20,1082,702,710,658,834.88,680.09,374.2,system,NA,0.449,2.98,132.08,129.41,0.0,150.04,54.25
Negotiation_8,R6,2026-08-21T08:23:41.012766Z,human_signal,2,504,68,1042,723,663,591,847.44,547.13,400.92,human,your_turn,0.392,2.98,175.81,129.41,180.0,130.47,-125.75
Negotiation_8,R6,2026-08-21T08:23:41.013450Z,behavior_monitor,2,504,68,1042,723,663,591,847.44,547.13,400.92,system,NA,0.392,2.98,175.81,137.5,180.0,138.63,-125.75
Negotiation_8,R6,2026-08-21T08:23:41.013890Z,human_signal,2,502,68,1040,723,663,591,847.47,547.66,398.84,human,your_turn,0.393,2.98,175.81,137.5,180.0,138.63,-125.75
Negotiation_8,R6,2026-08-21T08:23:41.518077Z,behavior_monitor,2,413,74,976,723,618,566,858.41,532.38,390.87,system,NA,0.383,2.98,175.81,129.41,180.0,87.67,180.0
Negotiation_8,R6,2026-08-21T08:23:42.028163Z,behavior_monitor,2,329,91,911,740,573,566,871.53,533.66,379.95,system,NA,0.38,2.98,155.46,138.33,155.46,87.67,180.0
Negotiation_8,R6,2026-08-21T08:23:42.536802Z,behavior_monitor,2,245,129,847,770,529,565,879.28,521.26,377.42,system,NA,0.372,2.98,155.46,138.24,155.34,87.67,180.0
Negotiation_8,R6,2026-08-21T08:23:43.043470Z,behavior_monitor,2,162,169,782,799,484,565,884.21,510.86,378.79,system,NA,0.366,2.98,124.03,138.24,155.34,87.67,180.0
Negotiation_8,R6,2026-08-21T08:23:43.551564Z,behavior_monitor,2,75,184,718,826,439,565,908.34,527.26,381.43,system,NA,0.367,2.98,172.63,136.97,160.41,87.67,180.0
Negotiation_8,R6,2026-08-21T08:23:44.057653Z,behavior_monitor,2,39,204,652,841,395,565,883.65,507.33,376.39,system,NA,0.365,2.0,6.41,129.41,180.0,87.67,180.0
Negotiation_8,R6,2026-08-21T08:23:44.567286Z,behavior_monitor,2,96,222,586,841,350,565,788.95,427.24,362.2,system,NA,0.351,2.0,22.9,129.41,180.0,87.67,180.0
Negotiation_8,R6,2026-08-21T08:23:45.074917Z,behavior_monitor,2,131,269,520,841,306,565,691.53,344.26,348.73,system,NA,0.332,2.0,80.38,129.41,180.0,87.67,180.0
Negotiation_8,R6,2026-08-21T08:23:45.586719Z,behavior_monitor,2,145,326,457,820,261,566,584.41,266.01,321.48,system,NA,0.313,2.0,86.79,138.18,-143.14,68.81,157.88
Negotiation_8,R6,2026-08-21T08:23:46.077057Z,agent_signal,2,144,386,400,782,217,565,471.29,194.05,283.0,agent,i_can,0.292,2.0,77.25,134.88,-148.88,104.26,-169.4
Negotiation_8,R6,2026-08-21T08:23:46.094434Z,behavior_monitor,2,144,386,400,782,216,565,471.29,193.49,283.96,system,NA,0.291,2.0,77.25,134.87,-149.29,87.67,180.0
Negotiation_8,R6,2026-08-21T08:23:46.602589Z,behavior_monitor,2,142,444,335,774,170,565,381.79,124.24,265.54,system,NA,0.246,2.0,127.99,129.41,180.0,87.67,180.0
Negotiation_8,R6,2026-08-21T08:23:47.108943Z,behavior_monitor,2,124,499,269,774,126,565,310.93,66.9,252.29,system,NA,0.177,2.0,62.16,137.5,180.0,93.15,180.0
Negotiation_8,R6,2026-08-21T08:23:47.448485Z,shot_hit,2,128,539,249,770,110,566,260.96,32.32,247.2,agent,NA,0.11,2.0,90.89,129.41,0.0,25.69,94.61
Negotiation_8,R6,2026-08-21T08:23:47.449470Z,flight_spawn,3,995,-20,249,770,110,566,1086.58,1061.74,247.2,system,NA,0.494,3.19,51.18,129.41,0.0,25.69,94.61
Negotiation_8,R6,2026-08-21T08:23:49.260719Z,human_signal,3,1239,193,483,770,224,566,951.52,1081.73,329.5,human,your_turn,0.532,3.19,13.62,129.41,0.0,76.24,0.0
Negotiation_8,R6,2026-08-21T08:23:49.262309Z,behavior_monitor,3,1239,193,483,770,224,566,951.52,1081.73,329.5,system,NA,0.532,3.19,13.62,129.41,0.0,76.24,0.0
Negotiation_8,R6,2026-08-21T08:23:49.262678Z,human_signal,3,1241,193,485,770,224,566,951.31,1083.82,331.23,human,your_turn,0.533,3.19,9.05,129.41,0.0,76.24,0.0
Negotiation_8,R6,2026-08-21T08:23:49.766161Z,behavior_monitor,3,1336,208,549,776,268,566,970.66,1125.91,350.91,system,NA,0.537,3.19,13.02,133.78,14.69,87.67,0.0
Negotiation_8,R6,2026-08-21T08:23:50.273952Z,behavior_monitor,3,1429,230,615,794,313,565,990.65,1165.27,378.71,system,NA,0.54,3.19,38.44,133.84,14.79,87.67,0.0
Negotiation_8,R6,2026-08-21T08:23:50.781128Z,behavior_monitor,3,1427,306,681,811,358,565,901.45,1100.11,405.84,system,NA,0.55,2.95,104.3,133.84,14.79,87.67,0.0
Negotiation_8,R6,2026-08-21T08:23:50.797770Z,agent_signal,3,1426,311,685,812,359,565,894.23,1096.13,408.86,agent,your_turn,0.551,2.95,104.3,142.21,14.79,93.15,0.0
Negotiation_8,R6,2026-08-21T08:23:51.292354Z,behavior_monitor,3,1439,389,747,828,398,564,819.84,1055.82,437.81,system,NA,0.563,2.95,37.1,133.84,14.79,76.24,0.0
Negotiation_8,R6,2026-08-21T08:23:51.803766Z,behavior_monitor,3,1415,442,813,831,437,564,716.94,985.74,461.21,system,NA,0.579,2.27,128.43,129.41,0.0,76.24,0.0
Negotiation_8,R6,2026-08-21T08:23:52.312270Z,behavior_monitor,3,1358,477,879,831,476,563,596.07,886.08,483.56,system,NA,0.598,2.27,155.81,129.41,0.0,76.24,0.0
Negotiation_8,R6,2026-08-21T08:23:52.823191Z,behavior_monitor,3,1302,505,945,831,502,563,484.01,802.18,517.39,system,NA,0.624,2.27,155.81,129.41,0.0,0.0,0.0
Negotiation_8,R6,2026-08-21T08:23:53.330754Z,behavior_monitor,3,1241,533,1009,806,527,563,357.84,714.73,540.4,system,NA,0.666,2.27,155.81,151.03,-33.55,81.0,0.0
Negotiation_8,R6,2026-08-21T08:23:53.839275Z,behavior_monitor,3,1172,541,1062,757,566,563,242.23,606.63,533.29,system,NA,0.715,2.27,177.26,141.05,-48.57,76.24,0.0
Negotiation_8,R6,2026-08-21T08:23:54.344980Z,behavior_monitor,3,1107,563,1071,693,605,563,134.72,502.49,484.32,system,NA,0.789,2.27,156.06,129.41,-90.0,76.24,0.0
Negotiation_8,R6,2026-08-21T08:23:54.850046Z,behavior_monitor,3,1044,576,1066,628,644,570,56.63,400.8,426.01,system,NA,0.876,2.27,155.96,135.08,-137.86,76.24,0.0
Negotiation_8,R6,2026-08-21T08:23:55.354957Z,behavior_monitor,3,978,598,1001,622,683,594,32.92,295.16,319.44,system,NA,0.9,2.27,160.2,129.41,180.0,130.47,54.25
Negotiation_8,R6,2026-08-21T08:23:55.641305Z,shot_hit,3,943,610,964,622,705,604,23.57,238.23,259.31,human,NA,0.91,2.27,174.77,129.41,180.0,76.24,0.0
Negotiation_8,R6,2026-08-21T08:23:55.642290Z,flight_spawn,4,529,-20,964,622,705,604,775.56,648.83,259.31,system,NA,0.456,3.3,127.32,129.41,180.0,76.24,0.0
Negotiation_8,R6,2026-08-21T08:23:56.570035Z,human_signal,4,448,134,897,680,680,570,706.82,493.37,243.51,human,your_turn,0.411,3.3,109.64,127.84,124.51,130.47,-125.75
Negotiation_8,R6,2026-08-21T08:23:56.570646Z,behavior_monitor,4,448,134,897,680,680,570,706.82,493.37,243.51,system,NA,0.411,3.3,109.64,131.44,122.19,130.47,-125.75
Negotiation_8,R6,2026-08-21T08:23:56.570979Z,human_signal,4,448,137,896,682,680,570,705.53,490.88,243.39,human,your_turn,0.41,3.3,130.28,131.44,122.19,130.47,-125.75
Negotiation_8,R6,2026-08-21T08:23:57.079568Z,behavior_monitor,4,371,185,848,725,636,566,720.38,463.81,265.2,system,NA,0.392,3.3,154.12,145.27,161.17,93.15,180.0
Negotiation_8,R6,2026-08-21T08:23:57.587820Z,behavior_monitor,4,277,208,782,746,591,565,737.6,475.37,262.9,system,NA,0.392,3.3,175.95,136.16,161.88,86.56,177.96
Negotiation_8,R6,2026-08-21T08:23:58.095493Z,behavior_monitor,4,179,236,716,768,546,565,755.53,493.21,264.09,system,NA,0.395,3.3,160.14,136.16,161.88,87.67,180.0
Negotiation_8,R6,2026-08-21T08:23:58.606799Z,behavior_monitor,4,84,269,650,790,502,565,768.53,511.9,268.72,system,NA,0.4,3.3,177.23,136.16,161.88,87.67,180.0
Negotiation_8,R6,2026-08-21T08:23:59.112744Z,behavior_monitor,4,36,288,584,811,457,565,757.74,504.44,276.59,system,NA,0.4,1.99,5.76,144.54,162.04,93.15,180.0
Negotiation_8,R6,2026-08-21T08:23:59.618280Z,behavior_monitor,4,98,294,518,821,412,565,673.86,415.15,276.78,system,NA,0.381,1.99,5.76,137.5,180.0,93.15,180.0
Negotiation_8,R6,2026-08-21T08:24:00.124262Z,behavior_monitor,4,157,310,456,801,368,565,575.71,331.44,252.13,system,NA,0.365,1.99,19.93,133.69,-127.31,87.67,180.0
Negotiation_8,R6,2026-08-21T08:24:00.598443Z,agent_signal,4,205,336,459,742,326,565,478.76,259.3,220.97,agent,i_can,0.351,1.99,42.26,139.58,-49.83,82.78,-174.96
Negotiation_8,R6,2026-08-21T08:24:00.632092Z,behavior_monitor,4,207,337,461,740,323,565,476.13,255.86,222.52,system,NA,0.35,1.99,42.26,138.09,-44.36,87.67,180.0
Negotiation_8,R6,2026-08-21T08:24:01.137954Z,behavior_monitor,4,253,377,482,764,278,565,449.17,189.45,284.43,system,NA,0.297,1.99,42.26,129.41,180.0,87.67,180.0
Negotiation_8,R6,2026-08-21T08:24:01.645155Z,behavior_monitor,4,296,418,476,730,273,565,359.92,149.59,261.01,system,NA,0.294,1.99,20.11,129.41,0.0,87.67,0.0
Negotiation_8,R6,2026-08-21T08:24:02.155067Z,behavior_monitor,4,351,442,469,747,318,565,327.25,127.61,236.55,system,NA,0.281,1.99,15.73,86.87,-123.4,87.67,0.0
Negotiation_8,R6,2026-08-21T08:24:02.663579Z,behavior_monitor,4,412,458,505,765,363,565,320.99,117.88,245.68,system,NA,0.269,1.99,15.73,135.41,107.12,87.67,0.0
Negotiation_8,R6,2026-08-21T08:24:03.174710Z,behavior_monitor,4,467,474,539,780,407,565,313.72,108.2,251.84,system,NA,0.256,1.99,15.73,129.41,0.0,87.67,0.0
Negotiation_8,R6,2026-08-21T08:24:03.684436Z,behavior_monitor,4,524,490,605,780,452,565,300.25,103.51,263.59,system,NA,0.256,1.99,15.73,129.41,0.0,63.61,-6.77
Negotiation_8,R6,2026-08-21T08:24:04.193697Z,behavior_monitor,4,579,506,667,774,497,565,282.78,101.37,270.1,system,NA,0.264,1.99,12.75,107.29,-39.32,87.67,0.0
Negotiation_8,R6,2026-08-21T08:24:04.704442Z,behavior_monitor,4,636,529,727,742,542,564,231.45,100.48,256.27,system,NA,0.303,1.99,42.84,137.69,-23.15,87.67,0.0
Negotiation_8,R6,2026-08-21T08:24:05.212795Z,behavior_monitor,4,690,557,789,709,586,565,181.62,103.53,249.0,system,NA,0.363,1.99,49.64,133.11,-24.58,87.67,0.0
Negotiation_8,R6,2026-08-21T08:24:06.485338Z,shot_miss,4,734,692,815,791,700,686,127.98,34.52,155.61,agent,NA,0.212,1.99,76.0,138.51,110.88,150.04,54.25
Negotiation_8,R6,2026-08-21T08:24:06.821286Z,shot_hit,4,744,730,820,828,720,726,123.53,24.48,143.02,agent,NA,0.165,1.99,76.0,131.67,26.03,121.76,90.0
Negotiation_8,R6,2026-08-21T08:24:06.822227Z,flight_spawn,5,773,-20,820,828,720,726,849.83,747.95,143.02,system,NA,0.468,2.93,46.9,131.67,26.03,121.76,90.0
Negotiation_8,R6,2026-08-21T08:24:09.262123Z,agent_signal,5,933,344,858,732,880,565,394.69,226.69,168.5,agent,i_can,0.365,2.93,65.39,0.0,180.0,76.24,0.0
Negotiation_8,R6,2026-08-21T08:24:09.278934Z,behavior_monitor,5,933,344,858,732,882,565,394.69,226.35,168.71,system,NA,0.364,2.93,65.39,0.0,180.0,87.67,0.0
Negotiation_8,R6,2026-08-21T08:24:09.790507Z,behavior_monitor,5,974,424,914,732,927,566,313.35,149.15,166.58,system,NA,0.322,2.93,65.39,129.41,0.0,87.67,0.0
Negotiation_8,R6,2026-08-21T08:24:10.297261Z,behavior_monitor,5,1043,481,980,732,971,566,258.72,111.75,165.58,system,NA,0.302,2.93,38.06,129.41,0.0,87.67,0.0
Negotiation_8,R6,2026-08-21T08:24:10.806026Z,behavior_monitor,5,1125,508,1046,732,1017,566,237.56,123.2,168.5,system,NA,0.342,2.93,11.08,129.41,0.0,87.67,0.0
Negotiation_8,R6,2026-08-21T08:24:11.312162Z,behavior_monitor,5,1208,525,1112,732,1061,566,228.31,153.1,173.77,system,NA,0.401,2.93,7.13,129.41,0.0,87.67,0.0
Negotiation_8,R6,2026-08-21T08:24:11.815737Z,behavior_monitor,5,1275,574,1178,732,1106,568,184.52,168.54,178.69,system,NA,0.477,2.93,60.74,137.5,0.0,159.42,54.25
Negotiation_8,R6,2026-08-21T08:24:12.321509Z,behavior_monitor,5,1326,645,1244,732,1152,630,119.35,175.51,137.7,system,NA,0.595,2.93,33.19,129.41,0.0,150.04,54.25
Negotiation_8,R6,2026-08-21T08:24:12.829135Z,behavior_monitor,5,1375,716,1310,732,1196,692,67.0,181.4,121.41,system,NA,0.73,2.93,61.1,129.41,0.0,150.04,54.25
Negotiation_8,R6,2026-08-21T08:24:13.050534Z,shot_miss,5,1394,749,1339,736,1214,719,56.41,181.78,125.58,human,NA,0.763,2.93,61.1,134.6,15.96,150.04,54.25
Negotiation_8,R6,2026-08-21T08:24:13.254250Z,shot_miss,5,1413,776,1364,747,1232,744,56.97,183.31,131.47,human,NA,0.763,2.93,39.33,132.04,27.2,150.04,54.25
Negotiation_8,R6,2026-08-21T08:24:13.338218Z,behavior_monitor,5,1427,785,1373,753,1240,754,62.65,189.55,133.26,system,NA,0.752,2.93,39.33,129.55,36.88,150.04,54.25
Negotiation_8,R6,2026-08-21T08:24:13.405384Z,shot_miss,5,1435,792,1380,759,1246,763,64.87,191.68,134.0,human,NA,0.747,2.93,39.33,129.62,42.18,150.04,54.25
Negotiation_8,R6,2026-08-21T08:24:13.590004Z,shot_miss,5,1446,813,1396,776,1262,785,61.52,185.67,134.37,human,NA,0.751,2.3,126.22,129.75,48.61,150.04,54.25
Negotiation_8,R6,2026-08-21T08:24:13.742310Z,shot_miss,5,1433,829,1409,791,1276,804,44.88,159.46,134.25,human,NA,0.78,2.3,126.22,130.06,49.22,150.04,54.25
Negotiation_8,R6,2026-08-21T08:24:13.843070Z,behavior_monitor,5,1425,841,1418,801,1284,817,39.75,142.28,134.33,system,NA,0.782,2.3,126.22,130.22,49.28,183.49,54.73
Negotiation_8,R6,2026-08-21T08:24:13.894019Z,shot_miss,5,1419,846,1422,806,1289,823,39.8,132.16,134.34,human,NA,0.769,2.3,126.22,130.22,49.28,150.04,54.25
Negotiation_8,R6,2026-08-21T08:24:14.566028Z,shot_hit,5,1333,872,1447,874,1320,867,114.19,13.09,126.54,agent,NA,0.103,2.3,175.95,43.33,180.0,87.67,180.0
Negotiation_8,R6,2026-08-21T08:24:14.566669Z,flight_spawn,6,450,-20,1447,874,1320,867,1339.01,1243.34,126.54,system,NA,0.481,2.97,47.74,43.33,180.0,87.67,180.0
Negotiation_8,R6,2026-08-21T08:24:17.631528Z,agent_signal,6,839,309,1252,768,1146,623,617.36,439.26,179.43,agent,i_can,0.416,2.97,77.87,129.41,180.0,130.47,-125.75
Negotiation_8,R6,2026-08-21T08:24:17.647852Z,behavior_monitor,6,839,309,1252,768,1145,621,617.36,436.74,181.98,system,NA,0.414,2.97,77.87,129.41,180.0,150.04,-125.75
Negotiation_8,R6,2026-08-21T08:24:18.157306Z,behavior_monitor,6,878,387,1186,768,1101,565,489.91,284.7,220.55,system,NA,0.368,2.97,57.35,129.41,180.0,87.67,180.0
Negotiation_8,R6,2026-08-21T08:24:18.665355Z,behavior_monitor,6,907,469,1120,768,1056,565,367.15,176.72,213.18,system,NA,0.325,2.97,86.56,137.5,180.0,93.15,180.0
Negotiation_8,R6,2026-08-21T08:24:19.175650Z,behavior_monitor,6,915,558,1054,768,1011,565,251.89,95.79,207.93,system,NA,0.276,2.97,86.56,129.41,180.0,87.67,180.0
Negotiation_8,R6,2026-08-21T08:24:19.679827Z,behavior_monitor,6,949,636,988,768,967,620,137.77,23.6,149.79,system,NA,0.146,2.97,68.92,129.41,180.0,150.04,125.75
Negotiation_8,R6,2026-08-21T08:24:19.696801Z,shot_hit,6,951,641,984,768,964,624,130.82,21.61,145.49,agent,NA,0.142,2.97,98.56,129.41,180.0,150.04,125.75
Negotiation_8,R6,2026-08-21T08:24:19.697008Z,flight_spawn,7,1147,-20,984,768,964,624,805.25,669.98,145.49,system,NA,0.454,2.83,135.0,129.41,180.0,150.04,125.75
Negotiation_8,R6,2026-08-21T08:24:22.383937Z,agent_signal,7,1015,310,709,774,992,565,555.79,256.16,351.53,agent,i_can,0.315,2.83,85.63,0.0,-128.75,0.0,0.0
Negotiation_8,R6,2026-08-21T08:24:22.400730Z,behavior_monitor,7,1015,310,709,774,992,565,555.79,256.16,351.53,system,NA,0.315,2.83,85.63,0.0,-128.75,0.0,0.0
Negotiation_8,R6,2026-08-21T08:24:22.905881Z,behavior_monitor,7,991,388,766,774,978,566,446.29,177.9,297.39,system,NA,0.285,2.83,129.62,129.41,0.0,87.67,180.0
Negotiation_8,R6,2026-08-21T08:24:23.413767Z,behavior_monitor,7,916,419,832,774,934,565,364.98,147.49,232.06,system,NA,0.288,2.83,155.52,129.41,0.0,87.67,180.0
Negotiation_8,R6,2026-08-21T08:24:23.919598Z,behavior_monitor,7,847,464,826,768,889,565,304.79,109.88,212.3,system,NA,0.265,2.83,129.58,137.5,180.0,93.15,180.0
Negotiation_8,R6,2026-08-21T08:24:24.427615Z,behavior_monitor,7,781,518,760,768,845,565,250.6,79.51,219.59,system,NA,0.241,2.83,151.54,129.41,180.0,87.67,180.0
Negotiation_8,R6,2026-08-21T08:24:24.932422Z,behavior_monitor,7,698,541,694,768,800,565,226.78,104.72,228.68,system,NA,0.316,2.83,160.92,129.41,180.0,87.67,180.0
Negotiation_8,R6,2026-08-21T08:24:25.439550Z,behavior_monitor,7,622,571,628,768,756,565,196.75,133.98,239.33,system,NA,0.405,2.83,147.49,129.41,180.0,87.67,180.0
Negotiation_8,R6,2026-08-21T08:24:25.943796Z,behavior_monitor,7,547,607,562,768,711,601,162.03,163.92,223.97,system,NA,0.503,2.83,137.82,129.41,180.0,87.67,180.0
Negotiation_8,R6,2026-08-21T08:24:26.453633Z,behavior_monitor,7,509,680,496,768,666,663,89.3,157.7,199.52,system,NA,0.638,2.83,100.49,129.41,180.0,150.04,125.75
Negotiation_8,R6,2026-08-21T08:24:26.909269Z,shot_miss,7,500,754,485,786,625,719,34.54,130.37,155.09,human,NA,0.791,2.83,71.77,136.43,34.83,167.92,128.68
Negotiation_8,R6,2026-08-21T08:24:26.960984Z,behavior_monitor,7,502,762,491,790,621,725,29.3,124.65,144.92,system,NA,0.81,2.83,71.77,136.22,35.13,150.04,125.75
Negotiation_8,R6,2026-08-21T08:24:27.063202Z,shot_hit,7,506,778,490,795,611,738,22.43,113.46,133.98,human,NA,0.835,2.83,71.77,86.03,180.0,150.04,125.75
Negotiation_8,R6,2026-08-21T08:24:27.063692Z,flight_spawn,8,643,-20,490,795,611,738,829.53,758.79,133.98,system,NA,0.478,3.26,127.89,86.03,180.0,150.04,125.75
Negotiation_8,R6,2026-08-21T08:24:30.429377Z,agent_signal,8,202,405,202,812,382,565,407.1,240.4,305.7,agent,i_can,0.371,3.26,140.83,136.31,-153.4,76.24,180.0
Negotiation_8,R6,2026-08-21T08:24:30.445955Z,behavior_monitor,8,202,405,202,812,380,565,407.1,239.29,304.83,system,NA,0.37,3.26,140.83,136.31,-153.4,87.67,180.0
Negotiation_8,R6,2026-08-21T08:24:30.952779Z,behavior_monitor,8,155,489,136,805,336,564,316.66,195.56,313.09,system,NA,0.382,3.26,113.25,129.41,180.0,66.31,-159.11
Negotiation_8,R6,2026-08-21T08:24:31.461988Z,behavior_monitor,8,98,567,106,805,291,564,238.4,192.55,303.78,system,NA,0.447,3.26,135.32,0.0,180.0,87.67,180.0
Negotiation_8,R6,2026-08-21T08:24:31.969020Z,behavior_monitor,8,35,640,106,805,246,624,180.02,211.23,229.1,system,NA,0.54,3.26,106.48,0.0,180.0,150.04,125.75
Negotiation_8,R6,2026-08-21T08:24:32.477053Z,behavior_monitor,8,55,691,117,805,201,686,130.79,146.6,146.11,system,NA,0.529,2.23,15.47,0.0,0.0,150.04,125.75
Negotiation_8,R6,2026-08-21T08:24:32.983380Z,behavior_monitor,8,122,704,138,855,156,698,151.57,34.79,157.81,system,NA,0.187,2.23,10.99,132.78,25.49,87.67,180.0
Negotiation_8,R6,2026-08-21T08:24:33.085845Z,shot_hit,8,137,707,152,861,146,703,154.53,10.34,158.59,agent,NA,0.063,2.23,10.99,134.14,20.68,150.04,125.75
Negotiation_8,R6,2026-08-21T08:24:33.086444Z,flight_spawn,9,1003,-20,152,861,146,703,1225.13,1121.32,158.59,system,NA,0.478,2.83,45.0,134.14,20.68,150.04,125.75
Negotiation_8,R6,2026-08-21T08:24:38.600414Z,agent_signal,9,1400,511,833,864,533,564,667.95,868.29,424.23,agent,your_turn,0.565,2.83,10.53,129.41,0.0,0.0,0.0
Negotiation_8,R6,2026-08-21T08:24:38.616905Z,behavior_monitor,9,1400,511,833,864,533,564,667.95,868.29,424.23,system,NA,0.565,2.83,10.53,129.41,0.0,0.0,0.0
Negotiation_8,R6,2026-08-21T08:24:39.122197Z,behavior_monitor,9,1444,560,899,864,543,563,624.3,900.64,465.83,system,NA,0.591,2.58,80.96,129.41,0.0,49.71,-17.09
Negotiation_8,R6,2026-08-21T08:24:39.627336Z,behavior_monitor,9,1439,631,965,864,582,612,527.71,856.55,458.41,system,NA,0.619,2.35,89.89,137.5,0.0,138.63,54.25
Negotiation_8,R6,2026-08-21T08:24:39.829293Z,human_signal,9,1427,657,991,864,598,634,482.75,829.91,455.93,human,your_turn,0.632,2.35,114.95,129.41,0.0,130.47,54.25
Negotiation_8,R6,2026-08-21T08:24:39.829942Z,human_signal,9,1427,659,994,864,598,634,479.48,829.56,457.83,human,your_turn,0.634,2.35,114.95,129.41,0.0,130.47,54.25
Negotiation_8,R6,2026-08-21T08:24:40.131419Z,behavior_monitor,9,1415,696,1031,864,625,671,419.9,791.14,449.79,system,NA,0.653,2.35,114.95,129.41,0.0,150.04,54.25
Negotiation_8,R6,2026-08-21T08:24:40.638362Z,behavior_monitor,9,1362,740,1097,864,669,733,292.74,693.2,448.04,system,NA,0.703,2.35,144.5,129.41,0.0,150.04,54.25
Negotiation_8,R6,2026-08-21T08:24:40.654785Z,agent_signal,9,1359,742,1099,864,670,735,286.86,688.7,448.11,agent,i_can,0.706,2.35,144.5,129.41,0.0,150.04,54.25
Negotiation_8,R6,2026-08-21T08:24:41.145368Z,behavior_monitor,9,1303,772,1163,864,713,768,167.45,589.91,460.12,system,NA,0.779,2.35,143.72,129.41,0.0,150.04,54.25
Negotiation_8,R6,2026-08-21T08:24:41.654760Z,behavior_monitor,9,1233,790,1218,833,757,785,45.75,475.76,463.12,system,NA,0.912,2.35,170.33,122.22,-90.0,82.8,0.0
Negotiation_8,R6,2026-08-21T08:24:41.891915Z,shot_hit,9,1200,797,1201,806,779,791,9.6,421.37,423.0,human,NA,0.978,2.35,146.23,146.34,-138.75,159.42,54.25
Negotiation_8,R6,2026-08-21T08:24:41.892513Z,flight_spawn,10,1124,-20,1201,806,779,791,830.16,882.02,423.0,system,NA,0.515,3.06,130.78,146.34,-138.75,159.42,54.25
Negotiation_8,R6,2026-08-21T08:24:42.873200Z,human_signal,10,951,19,1103,837,779,791,831.81,790.76,327.64,human,your_turn,0.487,3.06,133.39,102.1,149.27,0.0,0.0
Negotiation_8,R6,2026-08-21T08:24:42.873845Z,behavior_monitor,10,951,19,1103,837,779,791,831.81,790.76,327.64,system,NA,0.487,3.06,133.39,102.1,149.27,0.0,0.0
Negotiation_8,R6,2026-08-21T08:24:42.874328Z,human_signal,10,948,22,1101,838,779,791,830.74,787.98,326.33,human,your_turn,0.487,3.06,133.39,102.1,149.27,0.0,0.0
Negotiation_8,R6,2026-08-21T08:24:43.381968Z,behavior_monitor,10,938,102,1044,853,819,735,758.14,644.55,253.59,system,NA,0.46,3.06,39.75,135.93,162.19,150.04,-54.25
Negotiation_8,R6,2026-08-21T08:24:43.887775Z,behavior_monitor,10,1021,139,978,874,863,673,737.09,557.59,231.19,system,NA,0.431,3.06,13.8,144.56,162.02,159.42,-54.25
Negotiation_8,R6,2026-08-21T08:24:44.395633Z,behavior_monitor,10,1099,189,912,894,908,612,729.22,464.22,281.75,system,NA,0.389,3.06,35.57,134.4,164.34,150.04,-54.25
Negotiation_8,R6,2026-08-21T08:24:44.905559Z,behavior_monitor,10,1176,234,885,899,952,566,725.49,400.11,339.59,system,NA,0.355,3.06,39.92,129.41,0.0,87.67,0.0
Negotiation_8,R6,2026-08-21T08:24:45.413727Z,behavior_monitor,10,1245,293,951,899,996,567,673.34,369.61,335.58,system,NA,0.354,3.06,39.92,129.41,0.0,87.67,0.0
Negotiation_8,R6,2026-08-21T08:24:45.922410Z,behavior_monitor,10,1330,321,1017,899,1041,565,656.99,377.6,335.23,system,NA,0.365,3.06,17.87,129.41,0.0,87.67,0.0
Negotiation_8,R6,2026-08-21T08:24:46.161562Z,agent_signal,10,1367,347,1050,899,1062,565,636.91,374.84,334.57,agent,i_can,0.37,3.06,45.28,128.73,0.0,87.67,0.0
Negotiation_8,R6,2026-08-21T08:24:46.432513Z,behavior_monitor,10,1390,385,1076,882,1086,565,588.24,353.61,317.65,system,NA,0.375,3.06,39.41,134.0,-26.69,87.67,0.0
Negotiation_8,R6,2026-08-21T08:24:46.940194Z,behavior_monitor,10,1433,411,1140,855,1130,565,531.85,339.75,290.28,system,NA,0.39,1.92,158.4,136.91,-22.35,87.67,0.0
Negotiation_8,R6,2026-08-21T08:24:47.450154Z,behavior_monitor,10,1383,438,1154,822,1175,564,447.29,243.21,259.07,system,NA,0.352,1.92,102.19,138.31,-143.32,87.67,0.0
Negotiation_8,R6,2026-08-21T08:24:47.957994Z,behavior_monitor,10,1341,465,1090,807,1220,563,423.5,155.91,275.56,system,NA,0.269,1.92,179.1,129.41,180.0,87.67,0.0
Negotiation_8,R6,2026-08-21T08:24:48.465891Z,behavior_monitor,10,1296,487,1024,807,1265,563,418.99,82.13,341.86,system,NA,0.164,1.92,123.16,129.41,180.0,87.67,0.0
Negotiation_8,R6,2026-08-21T08:24:48.856763Z,shot_miss,10,1282,528,971,807,1263,564,417.47,40.11,379.97,agent,NA,0.088,1.92,75.43,129.41,180.0,0.0,180.0
Negotiation_8,R6,2026-08-21T08:24:48.975425Z,behavior_monitor,10,1284,539,958,807,1264,564,421.66,32.18,390.06,system,NA,0.071,1.92,75.43,129.41,180.0,0.0,68.31
Negotiation_8,R6,2026-08-21T08:24:49.146804Z,shot_hit,10,1280,559,934,807,1264,564,425.58,17.21,409.28,agent,NA,0.039,1.92,129.56,122.22,180.0,0.0,68.31
Negotiation_8,R6,2026-08-21T08:24:49.147392Z,flight_spawn,11,508,-20,934,807,1264,564,930.58,955.46,409.28,system,NA,0.507,2.83,45.0,122.22,180.0,0.0,68.31
Negotiation_8,R6,2026-08-21T08:24:50.855466Z,human_signal,11,767,96,752,779,1217,564,682.34,649.23,512.24,human,your_turn,0.488,2.83,41.85,0.0,180.0,81.0,180.0
Negotiation_8,R6,2026-08-21T08:24:50.856175Z,behavior_monitor,11,767,96,752,779,1217,564,682.34,649.23,512.24,system,NA,0.488,2.83,41.85,0.0,180.0,76.24,180.0
Negotiation_8,R6,2026-08-21T08:24:50.856638Z,human_signal,11,768,98,752,779,1217,564,680.49,646.8,512.24,human,your_turn,0.487,2.83,41.85,0.0,180.0,76.24,180.0
Negotiation_8,R6,2026-08-21T08:24:51.358236Z,behavior_monitor,11,831,141,757,779,1173,564,642.0,543.89,468.22,system,NA,0.459,2.83,13.74,91.63,0.0,87.67,180.0
Negotiation_8,R6,2026-08-21T08:24:51.864522Z,behavior_monitor,11,894,193,817,779,1128,564,590.41,438.06,377.75,system,NA,0.426,2.83,36.0,0.0,0.0,93.15,180.0
Negotiation_8,R6,2026-08-21T08:24:52.370686Z,behavior_monitor,11,960,237,754,779,1083,564,579.77,349.75,392.81,system,NA,0.376,2.83,62.04,129.41,180.0,87.67,180.0
Negotiation_8,R6,2026-08-21T08:24:52.861193Z,agent_signal,11,946,309,688,779,1040,564,536.11,272.36,412.05,agent,i_can,0.337,2.83,137.8,129.41,180.0,87.67,180.0
Negotiation_8,R6,2026-08-21T08:24:52.878123Z,behavior_monitor,11,946,309,688,779,1038,564,536.11,271.85,410.78,system,NA,0.336,2.83,137.8,129.41,180.0,87.67,180.0
Negotiation_8,R6,2026-08-21T08:24:53.385219Z,behavior_monitor,11,879,353,622,779,993,564,497.21,240.71,428.74,system,NA,0.326,2.83,142.67,129.41,180.0,77.3,169.52
Negotiation_8,R6,2026-08-21T08:24:53.894099Z,behavior_monitor,11,795,376,556,779,949,565,467.85,243.4,447.42,system,NA,0.342,2.83,172.02,129.41,180.0,87.67,180.0
Negotiation_8,R6,2026-08-21T08:24:54.399024Z,behavior_monitor,11,715,401,490,779,904,565,439.83,250.87,465.76,system,NA,0.363,2.83,144.87,129.41,180.0,87.67,180.0
Negotiation_8,R6,2026-08-21T08:24:54.903324Z,behavior_monitor,11,638,432,444,779,859,566,397.65,258.33,466.81,system,NA,0.394,2.83,170.07,84.05,180.0,87.67,180.0
Negotiation_8,R6,2026-08-21T08:24:55.411080Z,behavior_monitor,11,563,466,379,779,815,566,363.31,270.43,484.95,system,NA,0.427,2.83,118.96,129.41,180.0,87.67,180.0
Negotiation_8,R6,2026-08-21T08:24:55.914651Z,behavior_monitor,11,494,505,356,783,770,566,310.79,282.59,467.61,system,NA,0.476,2.83,174.7,69.11,36.02,87.67,180.0
Negotiation_8,R6,2026-08-21T08:24:56.420849Z,behavior_monitor,11,403,512,323,773,725,566,272.81,325.71,452.22,system,NA,0.544,2.83,174.7,135.85,-162.29,87.67,180.0
Negotiation_8,R6,2026-08-21T08:24:56.930217Z,behavior_monitor,11,320,533,257,758,680,566,233.58,361.38,465.18,system,NA,0.607,2.83,148.88,135.18,-163.2,87.67,180.0
Negotiation_8,R6,2026-08-21T08:24:57.437233Z,behavior_monitor,11,262,595,194,734,636,587,155.04,374.29,466.25,system,NA,0.707,2.83,152.46,104.71,-143.35,150.04,125.75
Negotiation_8,R6,2026-08-21T08:24:59.424515Z,shot_hit,11,58,701,57,712,462,695,11.59,403.83,405.69,human,NA,0.972,2.07,45.97,131.19,20.06,150.04,125.75
Negotiation_8,R6,2026-08-21T08:24:59.426327Z,flight_spawn,12,1371,-20,57,712,462,695,1504.81,1156.75,405.69,system,NA,0.435,2.96,132.57,131.19,20.06,150.04,125.75
Negotiation_8,R6,2026-08-21T08:25:02.496388Z,agent_signal,12,1034,347,415,910,658,565,836.21,434.93,421.08,agent,i_can,0.342,2.96,124.61,120.96,0.0,76.24,0.0
Negotiation_8,R6,2026-08-21T08:25:02.512726Z,behavior_monitor,12,1034,347,415,910,659,565,836.21,433.64,421.94,system,NA,0.341,2.96,124.61,120.96,0.0,87.67,0.0
Negotiation_8,R6,2026-08-21T08:25:03.022301Z,behavior_monitor,12,1001,429,477,910,704,565,710.98,326.87,412.63,system,NA,0.315,2.96,104.58,124.77,0.0,87.67,0.0
Negotiation_8,R6,2026-08-21T08:25:03.533973Z,behavior_monitor,12,962,508,543,910,749,564,580.13,219.51,402.21,system,NA,0.275,2.96,109.87,129.41,0.0,71.01,-0.84
Negotiation_8,R6,2026-08-21T08:25:03.568227Z,human_signal,12,959,514,547,910,752,564,571.54,213.15,401.48,human,your_turn,0.272,2.96,109.87,129.41,0.0,87.67,0.0
Negotiation_8,R6,2026-08-21T08:25:03.568758Z,human_signal,12,958,516,549,910,752,564,567.06,211.2,400.36,human,your_turn,0.271,2.96,109.87,129.41,0.0,87.67,0.0
Negotiation_8,R6,2026-08-21T08:25:04.043187Z,behavior_monitor,12,911,579,609,910,794,575,447.29,116.88,382.53,system,NA,0.207,2.96,134.24,129.41,0.0,150.04,54.25
Negotiation_8,R6,2026-08-21T08:25:04.552513Z,behavior_monitor,12,838,625,652,868,824,620,306.42,14.82,301.64,system,NA,0.046,2.96,159.43,142.34,-53.96,150.04,125.75
Negotiation_8,R6,2026-08-21T08:25:04.553155Z,shot_hit,12,835,626,654,867,822,620,301.39,13.8,298.39,agent,NA,0.044,2.96,159.43,142.34,-53.96,150.04,125.75
Negotiation_8,R6,2026-08-21T08:25:04.553485Z,flight_spawn,13,1016,-20,654,867,822,620,958.29,669.53,298.39,system,NA,0.411,2.83,45.0,142.34,-53.96,150.04,125.75
Negotiation_8,R6,2026-08-21T08:25:05.705925Z,human_signal,13,1133,114,725,852,881,566,843.35,517.36,326.0,human,your_turn,0.38,2.83,72.52,129.41,0.0,76.24,0.0
Negotiation_8,R6,2026-08-21T08:25:05.706480Z,behavior_monitor,13,1133,114,725,852,881,566,843.35,517.36,326.0,system,NA,0.38,2.83,72.52,129.41,0.0,75.26,-7.39
Negotiation_8,R6,2026-08-21T08:25:05.706737Z,human_signal,13,1134,117,727,852,881,566,840.4,515.49,324.95,human,your_turn,0.38,2.83,72.52,129.41,0.0,75.26,-7.39
Negotiation_8,R6,2026-08-21T08:25:06.214333Z,behavior_monitor,13,1158,195,791,852,926,566,752.76,437.4,316.67,system,NA,0.368,2.83,72.52,129.41,0.0,87.67,0.0
Negotiation_8,R6,2026-08-21T08:25:06.725708Z,behavior_monitor,13,1183,276,857,852,971,565,661.85,358.77,308.47,system,NA,0.352,2.83,72.52,129.41,0.0,87.67,0.0
Negotiation_8,R6,2026-08-21T08:25:06.946354Z,agent_signal,13,1168,310,888,852,990,565,610.18,311.14,304.44,agent,i_can,0.338,2.83,152.03,129.41,0.0,87.67,0.0
Negotiation_8,R6,2026-08-21T08:25:07.236040Z,behavior_monitor,13,1128,329,923,852,1016,566,561.58,261.51,301.24,system,NA,0.318,2.83,156.22,129.41,0.0,117.18,5.39
Negotiation_8,R6,2026-08-21T08:25:07.745872Z,behavior_monitor,13,1059,361,917,842,1046,566,501.18,205.26,304.27,system,NA,0.291,2.83,175.24,122.22,180.0,82.8,180.0
Negotiation_8,R6,2026-08-21T08:25:08.253952Z,behavior_monitor,13,984,398,851,842,1001,566,462.66,168.03,313.84,system,NA,0.266,2.83,159.5,129.41,180.0,87.67,180.0
Negotiation_8,R6,2026-08-21T08:25:08.761088Z,behavior_monitor,13,906,424,785,842,956,566,434.92,150.52,324.0,system,NA,0.257,2.83,175.15,129.41,180.0,87.67,180.0
Negotiation_8,R6,2026-08-21T08:25:09.266081Z,behavior_monitor,13,826,431,719,842,911,566,424.16,159.2,335.68,system,NA,0.273,2.83,175.15,129.41,180.0,87.67,180.0
Negotiation_8,R6,2026-08-21T08:25:09.772570Z,behavior_monitor,13,744,440,653,842,866,566,411.99,175.44,348.25,system,NA,0.299,2.83,174.48,129.41,180.0,87.67,180.0
Negotiation_8,R6,2026-08-21T08:25:10.281663Z,behavior_monitor,13,676,490,587,842,821,565,362.35,163.98,361.95,system,NA,0.312,2.83,134.48,129.41,180.0,87.67,180.0
Negotiation_8,R6,2026-08-21T08:25:10.794421Z,behavior_monitor,13,597,514,541,842,777,565,331.89,187.43,363.31,system,NA,0.361,2.83,151.85,79.11,0.0,87.67,180.0
Negotiation_8,R6,2026-08-21T08:25:11.303161Z,behavior_monitor,13,533,561,520,837,732,565,276.48,199.33,344.99,system,NA,0.419,2.83,94.8,129.41,180.0,87.67,180.0
Negotiation_8,R6,2026-08-21T08:25:11.812041Z,behavior_monitor,13,504,638,488,842,687,621,204.65,184.32,298.0,system,NA,0.474,2.83,90.06,0.0,24.93,150.04,125.75
Negotiation_8,R6,2026-08-21T08:25:12.745168Z,shot_hit,13,600,764,543,877,604,737,126.68,27.61,153.04,agent,NA,0.179,2.83,66.71,135.89,24.89,150.04,125.75
Negotiation_8,R6,2026-08-21T08:25:12.746006Z,flight_spawn,14,305,-20,543,877,604,737,928.73,813.99,153.04,system,NA,0.467,3.4,53.98,135.89,24.89,150.04,125.75
Negotiation_8,R6,2026-08-21T08:25:15.658260Z,agent_signal,14,688,398,692,876,578,565,477.65,200.03,330.37,agent,i_can,0.295,3.4,7.11,129.41,0.0,76.24,0.0
Negotiation_8,R6,2026-08-21T08:25:15.674960Z,behavior_monitor,14,688,398,692,876,580,565,477.65,199.22,329.86,system,NA,0.294,3.4,7.11,129.41,0.0,87.67,0.0
Negotiation_8,R6,2026-08-21T08:25:16.184669Z,behavior_monitor,14,785,411,749,855,625,565,445.94,222.61,315.71,system,NA,0.333,3.4,7.11,136.42,-20.95,87.67,0.0
Negotiation_8,R6,2026-08-21T08:25:16.691986Z,behavior_monitor,14,843,481,815,833,670,565,353.54,193.05,305.11,system,NA,0.353,3.4,72.56,135.06,-16.63,87.67,0.0
Negotiation_8,R6,2026-08-21T08:25:17.203690Z,behavior_monitor,14,852,579,881,817,715,571,240.02,138.02,296.84,system,NA,0.365,3.4,93.07,129.41,0.0,160.01,57.31
Negotiation_8,R6,2026-08-21T08:25:17.711818Z,behavior_monitor,14,851,680,853,818,759,633,137.71,103.23,207.11,system,NA,0.428,3.4,68.77,61.28,90.0,150.04,54.25
Negotiation_8,R6,2026-08-21T08:25:18.219494Z,behavior_monitor,14,891,775,876,830,804,695,56.51,118.39,152.58,system,NA,0.677,3.4,68.77,129.41,0.0,150.04,54.25
Negotiation_8,R6,2026-08-21T08:25:18.522959Z,shot_hit,14,916,830,916,830,831,733,0.82,129.87,129.05,human,NA,0.994,3.4,39.71,129.41,0.0,150.04,54.25
Negotiation_8,R6,2026-08-21T08:25:18.523630Z,flight_spawn,15,844,-20,916,830,831,733,853.37,753.3,129.05,system,NA,0.469,3.05,130.98,129.41,0.0,150.04,54.25
Negotiation_8,R6,2026-08-21T08:25:20.014616Z,human_signal,15,622,116,820,837,777,660,746.94,565.29,181.79,human,your_turn,0.431,3.05,133.56,129.41,180.0,130.47,-125.75
Negotiation_8,R6,2026-08-21T08:25:20.015301Z,behavior_monitor,15,622,116,820,837,777,660,746.94,565.29,181.79,system,NA,0.431,3.05,133.56,129.41,180.0,106.37,-133.67
Negotiation_8,R6,2026-08-21T08:25:20.015865Z,human_signal,15,620,118,817,837,777,660,744.82,563.78,181.29,human,your_turn,0.431,3.05,133.56,129.41,180.0,106.37,-133.67
Negotiation_8,R6,2026-08-21T08:25:20.521825Z,behavior_monitor,15,548,162,754,837,733,597,704.81,472.77,240.0,system,NA,0.401,3.05,160.42,129.41,180.0,150.04,-125.75
Negotiation_8,R6,2026-08-21T08:25:21.030102Z,behavior_monitor,15,459,196,688,837,688,566,679.74,435.28,270.13,system,NA,0.39,3.05,150.34,137.5,180.0,93.15,180.0
Negotiation_8,R6,2026-08-21T08:25:21.537855Z,behavior_monitor,15,430,275,622,837,643,566,593.5,361.31,271.01,system,NA,0.378,3.05,98.91,129.41,180.0,87.67,180.0
Negotiation_8,R6,2026-08-21T08:25:22.045580Z,behavior_monitor,15,369,342,556,837,598,567,528.71,321.18,273.26,system,NA,0.378,3.05,139.67,129.41,180.0,87.67,180.0
Negotiation_8,R6,2026-08-21T08:25:22.300456Z,agent_signal,15,332,374,520,837,576,565,499.79,309.97,277.36,agent,i_can,0.383,3.05,139.67,129.41,180.0,87.67,180.0
Negotiation_8,R6,2026-08-21T08:25:22.552778Z,behavior_monitor,15,298,401,490,837,554,565,475.55,303.15,279.37,system,NA,0.389,3.05,139.67,129.41,180.0,87.67,180.0
Negotiation_8,R6,2026-08-21T08:25:23.056362Z,behavior_monitor,15,234,461,424,837,509,565,420.72,293.85,284.67,system,NA,0.411,3.05,116.37,137.5,180.0,93.15,180.0
Negotiation_8,R6,2026-08-21T08:25:23.562273Z,behavior_monitor,15,246,548,358,837,464,565,309.23,219.22,291.42,system,NA,0.415,3.05,64.17,129.41,180.0,87.67,180.0
Negotiation_8,R6,2026-08-21T08:25:24.068467Z,behavior_monitor,15,289,627,292,837,419,611,209.9,131.84,259.39,system,NA,0.386,3.05,42.93,129.41,180.0,150.04,125.75
Negotiation_8,R6,2026-08-21T08:25:24.524277Z,shot_hit,15,368,652,316,832,377,648,187.46,10.24,194.3,agent,NA,0.052,3.05,36.11,129.41,0.0,167.38,122.62
Negotiation_8,R6,2026-08-21T08:25:24.525269Z,flight_spawn,16,692,-20,316,832,377,648,932.01,738.78,194.3,system,NA,0.442,3.03,131.25,129.41,0.0,167.38,122.62
Negotiation_8,R6,2026-08-21T08:25:26.888011Z,agent_signal,16,669,372,624,832,533,565,462.1,235.33,282.49,agent,i_can,0.337,3.03,87.63,129.41,0.0,76.24,0.0
Negotiation_8,R6,2026-08-21T08:25:26.905059Z,behavior_monitor,16,669,372,624,832,535,565,462.1,234.48,282.01,system,NA,0.337,3.03,87.63,129.41,0.0,87.67,0.0
Negotiation_8,R6,2026-08-21T08:25:27.415830Z,behavior_monitor,16,622,441,690,832,580,565,396.74,130.45,289.58,system,NA,0.247,3.03,131.99,129.41,0.0,87.67,0.0
Negotiation_8,R6,2026-08-21T08:25:27.923203Z,behavior_monitor,16,548,490,673,832,556,565,364.01,74.63,292.21,system,NA,0.17,3.03,158.97,129.41,180.0,87.67,180.0
Negotiation_8,R6,2026-08-21T08:25:28.363918Z,shot_hit,16,495,551,613,832,515,565,304.99,24.12,285.17,agent,NA,0.073,3.03,77.64,129.41,180.0,87.67,180.0
Negotiation_8,R6,2026-08-21T08:25:28.364782Z,flight_spawn,17,64,-20,613,832,515,565,1014.59,739.03,285.17,system,NA,0.421,3.17,50.83,129.41,180.0,87.67,180.0
Negotiation_8,R6,2026-08-21T08:25:30.904936Z,human_signal,17,457,183,713,815,401,564,681.61,385.35,400.09,human,your_turn,0.361,3.17,11.37,129.41,0.0,76.24,0.0
Negotiation_8,R6,2026-08-21T08:25:30.906062Z,behavior_monitor,17,457,183,713,815,401,564,681.61,385.35,400.09,system,NA,0.361,3.17,11.37,129.41,0.0,76.24,0.0
Negotiation_8,R6,2026-08-21T08:25:30.906517Z,human_signal,17,461,184,715,815,401,564,680.55,385.26,401.81,human,your_turn,0.361,3.17,11.37,129.41,0.0,76.24,0.0
Negotiation_8,R6,2026-08-21T08:25:31.415730Z,behavior_monitor,17,541,218,779,815,446,565,642.75,360.08,415.65,system,NA,0.359,3.17,17.45,129.41,0.0,87.67,0.0
Negotiation_8,R6,2026-08-21T08:25:31.921767Z,behavior_monitor,17,627,253,823,790,491,565,571.78,340.08,400.86,system,NA,0.373,3.17,29.51,137.72,-23.11,87.67,0.0
Negotiation_8,R6,2026-08-21T08:25:32.412693Z,agent_signal,17,692,316,889,782,535,565,505.54,294.9,415.24,agent,i_can,0.368,3.17,76.93,129.41,0.0,87.67,0.0
Negotiation_8,R6,2026-08-21T08:25:32.429013Z,behavior_monitor,17,692,316,889,782,536,565,505.54,294.11,413.97,system,NA,0.368,3.17,76.93,129.41,0.0,87.67,0.0
Negotiation_8,R6,2026-08-21T08:25:32.936910Z,behavior_monitor,17,716,408,955,782,581,565,443.24,206.91,431.67,system,NA,0.318,3.17,76.93,129.41,0.0,87.67,0.0
Negotiation_8,R6,2026-08-21T08:25:33.445701Z,behavior_monitor,17,734,498,929,784,626,565,346.15,127.36,373.67,system,NA,0.269,3.17,52.92,134.42,164.31,87.67,0.0
Negotiation_8,R6,2026-08-21T08:25:33.949457Z,behavior_monitor,17,816,531,873,820,671,565,294.81,149.64,325.21,system,NA,0.337,3.17,0.89,104.19,133.24,87.67,0.0
Negotiation_8,R6,2026-08-21T08:25:34.458463Z,behavior_monitor,17,905,550,923,821,715,566,272.25,190.61,329.64,system,NA,0.412,3.17,28.44,129.41,0.0,87.67,0.0
Negotiation_8,R6,2026-08-21T08:25:34.966398Z,behavior_monitor,17,1004,563,989,821,759,566,259.11,244.44,343.7,system,NA,0.485,3.17,15.25,137.5,0.0,93.15,0.0
Negotiation_8,R6,2026-08-21T08:25:35.475427Z,behavior_monitor,17,1095,588,1055,821,804,582,237.06,290.81,346.67,system,NA,0.551,3.17,15.25,129.41,0.0,87.67,0.0
Negotiation_8,R6,2026-08-21T08:25:35.983300Z,behavior_monitor,17,1142,664,1121,821,849,640,158.32,293.22,326.65,system,NA,0.649,3.17,59.69,129.41,0.0,150.04,54.25
Negotiation_8,R6,2026-08-21T08:25:36.490715Z,behavior_monitor,17,1213,725,1167,821,894,702,106.07,319.03,297.74,system,NA,0.75,3.17,56.0,114.55,0.0,150.04,54.25
Negotiation_8,R6,2026-08-21T08:25:36.999898Z,behavior_monitor,17,1271,805,1233,811,939,765,37.8,334.1,297.96,system,NA,0.898,3.17,84.76,129.41,0.0,150.04,54.25
Negotiation_8,R6,2026-08-21T08:25:37.049314Z,shot_miss,17,1270,815,1240,811,944,771,30.68,329.84,299.17,human,NA,0.915,3.17,84.76,129.41,0.0,150.04,54.25
Negotiation_8,R6,2026-08-21T08:25:37.216715Z,shot_miss,17,1275,846,1262,811,958,791,37.46,321.58,304.16,human,NA,0.896,3.17,84.76,129.41,0.0,150.04,54.25
Negotiation_8,R6,2026-08-21T08:25:37.386438Z,shot_miss,17,1277,878,1284,811,973,812,66.84,310.99,310.63,human,NA,0.823,3.17,84.76,129.41,0.0,150.04,54.25
Negotiation_8,R6,2026-08-21T08:25:37.792112Z,flight_missed,17,1262,953,1339,811,1010,864,161.94,266.68,332.89,system,NA,0.622,3.17,110.07,128.28,0.0,150.04,54.25
Negotiation_8,R6,2026-08-21T08:25:37.792753Z,flight_spawn,18,568,-20,1339,811,1010,864,1134.1,989.22,332.89,system,NA,0.466,3.32,127.03,128.28,0.0,150.04,54.25
Negotiation_8,R6,2026-08-21T08:25:40.677538Z,agent_signal,18,497,421,987,789,824,604,612.45,374.61,246.06,agent,i_can,0.38,3.32,69.88,129.41,180.0,130.47,-125.75
Negotiation_8,R6,2026-08-21T08:25:40.693527Z,behavior_monitor,18,497,421,987,789,822,602,612.45,372.3,248.6,system,NA,0.378,3.32,69.88,137.5,180.0,159.42,-125.75
Negotiation_8,R6,2026-08-21T08:25:41.201862Z,behavior_monitor,18,458,494,921,789,778,565,548.61,327.29,265.55,system,NA,0.374,3.32,150.63,129.41,180.0,87.67,180.0
Negotiation_8,R6,2026-08-21T08:25:41.707890Z,behavior_monitor,18,369,535,857,812,733,565,561.12,364.92,276.29,system,NA,0.394,3.32,160.41,136.78,150.84,87.67,180.0
Negotiation_8,R6,2026-08-21T08:25:42.214625Z,behavior_monitor,18,272,563,797,847,688,565,596.97,415.93,302.84,system,NA,0.411,3.32,170.77,135.71,153.49,87.67,180.0
Negotiation_8,R6,2026-08-21T08:25:42.568694Z,human_signal,18,206,581,753,868,657,577,617.7,450.58,306.64,human,your_turn,0.422,3.32,146.01,135.73,154.64,150.04,125.75
Negotiation_8,R6,2026-08-21T08:25:42.569391Z,human_signal,18,204,583,751,869,657,577,617.92,453.39,306.93,human,your_turn,0.423,3.32,146.01,135.73,154.64,150.04,125.75
Negotiation_8,R6,2026-08-21T08:25:42.721518Z,behavior_monitor,18,182,600,735,877,643,594,618.62,461.88,297.69,system,NA,0.427,3.32,125.22,135.73,154.64,150.04,125.75
Negotiation_8,R6,2026-08-21T08:25:43.232203Z,behavior_monitor,18,156,687,671,905,599,656,559.5,444.18,259.42,system,NA,0.443,3.32,72.16,136.49,157.45,150.04,125.75
Negotiation_8,R6,2026-08-21T08:25:43.742726Z,behavior_monitor,18,180,783,607,910,554,718,445.25,379.52,198.91,system,NA,0.46,3.32,92.97,126.06,180.0,150.04,125.75
Negotiation_8,R6,2026-08-21T08:25:44.250985Z,behavior_monitor,18,176,882,542,910,509,780,367.51,348.56,133.86,system,NA,0.487,3.32,92.97,133.94,180.0,159.42,125.75
Negotiation_8,R6,2026-08-21T08:25:44.605905Z,flight_missed,18,187,952,495,910,476,825,311.5,316.18,86.72,system,NA,0.504,3.32,66.34,126.06,180.0,150.04,125.75
Negotiation_8,R6,2026-08-21T08:25:44.607010Z,flight_spawn,19,934,-20,495,910,476,825,1028.14,961.24,86.72,system,NA,0.483,2.83,45.0,126.06,180.0,150.04,125.75
Negotiation_8,R6,2026-08-21T08:25:51.664212Z,agent_signal,19,1158,349,1030,751,976,564,422.18,282.25,194.03,agent,i_can,0.401,1.7,178.69,144.14,162.54,81.0,0.0
Negotiation_8,R6,2026-08-21T08:25:51.680791Z,behavior_monitor,19,1158,349,1030,751,978,564,422.18,281.29,193.63,system,NA,0.4,1.7,178.69,135.67,162.54,87.67,0.0
Negotiation_8,R6,2026-08-21T08:25:52.191029Z,behavior_monitor,19,1111,359,964,753,1022,564,421.22,224.0,197.83,system,NA,0.347,1.7,134.81,129.41,180.0,87.67,0.0
Negotiation_8,R6,2026-08-21T08:25:52.614953Z,human_signal,19,1080,389,927,753,1058,565,395.24,177.26,229.37,human,your_turn,0.31,1.7,134.81,0.0,180.0,87.67,0.0
Negotiation_8,R6,2026-08-21T08:25:52.615554Z,human_signal,19,1080,390,927,753,1058,565,393.86,175.98,229.37,human,your_turn,0.309,1.7,134.81,0.0,180.0,0.0,0.0
Negotiation_8,R6,2026-08-21T08:25:52.700396Z,behavior_monitor,19,1073,395,927,753,1056,565,386.98,170.65,228.53,system,NA,0.306,1.7,134.81,0.0,180.0,87.67,180.0
Negotiation_8,R6,2026-08-21T08:25:53.210235Z,behavior_monitor,19,1026,413,954,741,1013,564,335.31,151.41,186.44,system,NA,0.311,1.7,161.11,137.27,-28.43,87.67,180.0
Negotiation_8,R6,2026-08-21T08:25:53.718548Z,behavior_monitor,19,976,423,930,715,969,564,294.67,140.82,155.38,system,NA,0.323,1.7,146.48,129.41,180.0,87.67,180.0
Negotiation_8,R6,2026-08-21T08:25:54.227088Z,behavior_monitor,19,931,452,864,715,924,564,271.44,112.75,161.98,system,NA,0.293,1.7,146.48,129.41,180.0,87.67,180.0
Negotiation_8,R6,2026-08-21T08:25:54.735413Z,behavior_monitor,19,884,466,799,708,880,563,255.99,97.14,165.5,system,NA,0.275,1.7,168.69,129.41,180.0,87.67,180.0
Negotiation_8,R6,2026-08-21T08:25:55.236973Z,behavior_monitor,19,833,476,812,719,835,563,243.86,87.0,157.56,system,NA,0.263,1.7,168.69,136.87,35.0,87.67,180.0
Negotiation_8,R6,2026-08-21T08:25:55.743609Z,behavior_monitor,19,784,489,774,727,789,563,238.84,74.81,164.71,system,NA,0.239,1.7,174.61,55.42,135.0,87.67,180.0
Negotiation_8,R6,2026-08-21T08:25:56.248361Z,behavior_monitor,19,738,506,709,728,745,563,224.22,58.2,168.39,system,NA,0.206,1.7,122.5,129.41,180.0,87.67,180.0
Negotiation_8,R6,2026-08-21T08:25:56.502296Z,shot_miss,19,718,523,674,728,721,563,209.98,40.69,171.13,agent,NA,0.162,1.7,129.72,129.41,180.0,87.67,180.0
Negotiation_8,R6,2026-08-21T08:25:56.754645Z,behavior_monitor,19,699,541,656,728,700,563,191.99,22.33,170.41,system,NA,0.104,1.7,129.72,0.0,180.0,87.67,180.0
Negotiation_8,R6,2026-08-21T08:25:56.822883Z,shot_hit,19,694,548,656,728,692,563,184.43,15.88,168.64,agent,NA,0.079,1.7,129.72,0.0,180.0,87.67,180.0
Negotiation_8,R6,2026-08-21T08:25:56.823289Z,flight_spawn,20,1166,-20,656,728,692,563,905.54,751.5,168.64,system,NA,0.454,2.83,135.0,0.0,180.0,87.67,180.0
Negotiation_8,R6,2026-08-21T08:26:01.176311Z,agent_signal,20,548,308,541,708,691,563,400.92,292.61,208.63,agent,i_can,0.422,2.83,158.98,129.41,180.0,76.24,180.0
Negotiation_8,R6,2026-08-21T08:26:01.193484Z,behavior_monitor,20,548,308,541,708,689,563,400.92,291.89,207.56,system,NA,0.421,2.83,158.98,129.41,180.0,87.67,180.0
Negotiation_8,R6,2026-08-21T08:26:01.702510Z,behavior_monitor,20,475,338,475,722,644,563,383.95,281.5,232.11,system,NA,0.423,2.83,156.1,136.2,161.83,87.67,180.0
Negotiation_8,R6,2026-08-21T08:26:02.209180Z,behavior_monitor,20,450,413,409,737,599,563,326.7,211.79,257.46,system,NA,0.393,2.83,100.48,129.41,180.0,87.67,180.0
Negotiation_8,R6,2026-08-21T08:26:02.715904Z,behavior_monitor,20,441,496,351,737,554,563,257.57,131.69,267.47,system,NA,0.338,2.83,73.2,0.0,180.0,87.67,180.0
Negotiation_8,R6,2026-08-21T08:26:03.155686Z,human_signal,20,453,566,399,737,516,563,178.87,63.13,209.61,human,your_turn,0.261,2.83,66.5,129.41,0.0,87.67,180.0
Negotiation_8,R6,2026-08-21T08:26:03.156267Z,human_signal,20,453,569,401,737,516,563,175.9,62.76,208.39,human,your_turn,0.263,2.83,66.5,129.41,0.0,87.67,180.0
Negotiation_8,R6,2026-08-21T08:26:03.224476Z,behavior_monitor,20,458,577,408,737,510,571,168.01,51.85,194.72,system,NA,0.236,2.83,66.5,129.41,0.0,150.04,125.75
Negotiation_8,R6,2026-08-21T08:26:03.480312Z,shot_hit,20,472,620,443,741,486,604,124.46,21.0,143.1,agent,NA,0.144,2.83,90.24,135.16,16.77,150.04,125.75
