user_id,round_id,timestamp,event_type,flight_id,flight_x,flight_y,human_x,human_y,agent_x,agent_y,dist_human_flight,dist_agent_flight,dist_human_agent,triggered_by,signal_type,dir_ratio,flight_speed,flight_angle,human_speed,human_direction,agent_speed,agent_direction
Negotiation_30,R1,2026-09-03T06:16:14.850175Z,flight_spawn,1,223,-20,1249,861,1111,910,1352.44,1285.67,146.26,system,NA,0.487,2.83,135.0,0.0,-44.94,0.0,0.0
Negotiation_30,R1,2026-09-03T06:27:04.105101Z,agent_signal,1,203,309,975,621,171,566,832.72,259.02,805.8,agent,i_can,0.237,2.43,38.05,136.08,20.06,76.24,0.0
Negotiation_30,R1,2026-09-03T06:27:04.121999Z,behavior_monitor,1,203,309,975,621,173,566,832.72,258.81,804.12,system,NA,0.237,2.43,38.05,136.45,21.14,99.11,0.0
Negotiation_30,R1,2026-09-03T06:27:04.630536Z,behavior_monitor,1,254,355,1030,651,223,565,830.6,212.71,811.04,system,NA,0.204,2.43,58.16,137.5,0.0,105.3,0.0
Negotiation_30,R1,2026-09-03T06:27:05.106658Z,human_signal,1,274,419,1091,665,252,565,853.24,147.94,845.34,human,your_turn,0.148,2.43,81.86,135.84,17.7,0.0,0.0
Negotiation_30,R1,2026-09-03T06:27:05.107696Z,human_signal,1,275,421,1094,666,252,565,853.99,145.71,847.6,human,your_turn,0.146,2.43,81.86,135.9,17.79,99.11,0.0
Negotiation_30,R1,2026-09-03T06:27:05.138547Z,behavior_monitor,1,276,424,1096,666,254,565,854.6,143.45,848.25,system,NA,0.144,2.43,81.86,135.9,17.79,99.11,0.0
Negotiation_30,R1,2026-09-03T06:27:05.647985Z,behavior_monitor,1,234,482,1152,692,217,565,941.98,84.8,943.58,system,NA,0.083,2.43,107.58,94.52,125.74,0.0,180.0
Negotiation_30,R1,2026-09-03T06:27:06.155554Z,behavior_monitor,1,217,552,1115,737,200,566,916.77,21.81,930.59,system,NA,0.023,2.43,81.53,144.6,71.33,0.0,180.0
Negotiation_30,R1,2026-09-03T06:27:06.172453Z,shot_hit,1,218,556,1117,741,200,566,916.92,20.63,933.17,agent,NA,0.022,2.43,32.94,135.39,70.0,14.32,-139.99
Negotiation_30,R1,2026-09-03T06:27:06.173002Z,flight_spawn,2,280,-20,1117,741,200,566,1131.28,591.7,933.17,system,NA,0.343,2.83,135.0,135.39,70.0,14.32,-139.99
Negotiation_30,R1,2026-09-03T06:27:10.023227Z,agent_signal,2,114,352,1111,802,86,566,1093.63,215.67,1051.24,agent,i_can,0.165,1.71,62.61,141.44,-156.2,76.24,0.0
Negotiation_30,R1,2026-09-03T06:27:10.039609Z,behavior_monitor,2,114,352,1111,802,88,566,1093.63,215.46,1049.59,system,NA,0.165,1.71,62.61,141.5,-156.14,99.11,0.0
Negotiation_30,R1,2026-09-03T06:27:10.551771Z,behavior_monitor,2,134,398,1049,772,110,566,988.71,170.01,961.48,system,NA,0.147,1.71,64.91,75.46,-122.18,0.0,0.0
Negotiation_30,R1,2026-09-03T06:27:10.840777Z,human_signal,2,144,424,1079,771,120,566,997.06,143.57,980.2,human,your_turn,0.126,1.71,64.91,129.41,0.0,0.0,0.0
Negotiation_30,R1,2026-09-03T06:27:10.841532Z,human_signal,2,145,426,1081,771,120,566,997.39,142.27,982.35,human,your_turn,0.125,1.71,40.05,129.41,0.0,0.0,0.0
Negotiation_30,R1,2026-09-03T06:27:11.062645Z,behavior_monitor,2,155,443,1107,777,131,566,1009.08,125.01,998.45,system,NA,0.11,1.71,63.44,134.5,15.82,0.0,0.0
Negotiation_30,R1,2026-09-03T06:27:11.573120Z,behavior_monitor,2,180,486,1144,780,157,566,1007.15,83.18,1009.98,system,NA,0.076,1.71,37.67,74.85,180.0,0.0,0.0
Negotiation_30,R1,2026-09-03T06:27:12.084464Z,behavior_monitor,2,218,517,1166,809,195,565,991.95,53.37,1001.09,system,NA,0.051,1.71,37.67,135.27,16.93,99.11,0.0
Negotiation_30,R1,2026-09-03T06:27:12.220189Z,shot_miss,2,232,526,1186,815,209,565,996.61,44.83,1008.62,agent,NA,0.043,1.71,37.67,134.76,16.21,99.11,0.0
Negotiation_30,R1,2026-09-03T06:27:12.441850Z,shot_miss,2,251,540,1215,823,227,565,1004.51,34.11,1020.4,agent,NA,0.033,1.71,37.67,127.05,15.86,93.6,0.0
Negotiation_30,R1,2026-09-03T06:27:12.594163Z,behavior_monitor,2,262,548,1232,828,240,565,1009.62,27.78,1026.9,system,NA,0.027,1.71,37.67,134.53,15.86,99.11,0.0
Negotiation_30,R1,2026-09-03T06:27:12.764206Z,shot_hit,2,270,564,1256,835,248,565,1022.57,22.34,1043.91,agent,NA,0.021,1.71,61.8,134.53,15.86,0.0,0.0
Negotiation_30,R1,2026-09-03T06:27:12.765042Z,flight_spawn,3,165,-20,1256,835,248,565,1386.26,591.01,1043.91,system,NA,0.299,3.21,128.51,134.53,15.86,0.0,0.0
Negotiation_30,R1,2026-09-03T06:27:15.182151Z,human_signal,3,195,385,1177,769,175,562,1054.76,178.84,1023.09,human,your_turn,0.145,3.21,144.17,129.41,0.0,0.0,0.0
Negotiation_30,R1,2026-09-03T06:27:15.184139Z,behavior_monitor,3,195,385,1177,769,175,562,1054.76,178.84,1023.09,system,NA,0.145,3.21,144.17,129.41,0.0,0.0,0.0
Negotiation_30,R1,2026-09-03T06:27:15.184587Z,human_signal,3,192,387,1179,769,175,562,1058.37,176.72,1025.24,human,your_turn,0.143,3.21,144.17,129.41,0.0,0.0,0.0
Negotiation_30,R1,2026-09-03T06:27:15.184833Z,agent_signal,3,192,387,1179,769,175,562,1058.37,176.72,1025.24,agent,i_can,0.143,3.21,144.17,129.41,0.0,0.0,0.0
Negotiation_30,R1,2026-09-03T06:27:15.692561Z,behavior_monitor,3,112,424,1193,750,126,562,1128.8,139.13,1082.99,system,NA,0.11,3.21,165.34,57.52,-90.0,99.11,180.0
Negotiation_30,R1,2026-09-03T06:27:16.204614Z,behavior_monitor,3,34,476,1152,703,75,562,1140.56,95.6,1085.74,system,NA,0.077,3.21,164.58,132.77,-135.22,93.6,180.0
Negotiation_30,R1,2026-09-03T06:27:16.222522Z,human_signal,3,30,477,1150,701,74,562,1141.98,96.0,1084.99,human,your_turn,0.078,3.21,164.58,132.77,-135.22,93.6,180.0
Negotiation_30,R1,2026-09-03T06:27:16.222971Z,human_signal,3,27,478,1148,700,74,562,1143.28,96.93,1083.05,human,your_turn,0.078,3.21,164.58,140.61,-136.16,69.9,176.82
Negotiation_30,R1,2026-09-03T06:27:16.648464Z,human_signal,3,43,513,1102,666,32,562,1070.54,50.13,1075.28,human,your_turn,0.045,2.05,75.39,138.51,-148.51,99.11,180.0
Negotiation_30,R1,2026-09-03T06:27:16.649490Z,human_signal,3,43,515,1100,665,32,562,1067.41,48.38,1073.26,human,your_turn,0.043,2.05,75.39,138.04,-149.06,99.11,180.0
Negotiation_30,R1,2026-09-03T06:27:16.715940Z,behavior_monitor,3,44,521,1098,664,27,562,1063.04,44.59,1075.6,system,NA,0.04,2.05,75.39,0.0,180.0,0.0,180.0
Negotiation_30,R1,2026-09-03T06:27:16.852706Z,shot_hit,3,50,539,1115,664,27,562,1072.02,33.08,1092.98,agent,NA,0.03,2.05,75.39,129.41,0.0,0.0,180.0
Negotiation_30,R1,2026-09-03T06:27:16.853750Z,flight_spawn,4,1287,-20,1115,664,27,562,705.39,1387.93,1092.98,system,NA,0.663,3.19,128.86,129.41,0.0,0.0,180.0
Negotiation_30,R1,2026-09-03T06:27:16.886237Z,human_signal,4,1284,-17,1117,664,27,562,701.89,1384.77,1095.17,human,your_turn,0.664,3.19,128.86,129.41,0.0,0.0,180.0
Negotiation_30,R1,2026-09-03T06:27:16.886815Z,human_signal,4,1282,-15,1120,664,27,562,698.42,1381.64,1097.36,human,your_turn,0.664,3.19,128.86,129.41,0.0,0.0,180.0
Negotiation_30,R1,2026-09-03T06:27:17.226157Z,behavior_monitor,4,1243,30,1161,673,32,562,647.81,1322.22,1134.84,system,NA,0.671,3.19,154.98,133.5,14.22,99.11,0.0
Negotiation_30,R1,2026-09-03T06:27:17.736537Z,behavior_monitor,4,1162,74,1204,681,83,562,608.25,1184.12,1127.72,system,NA,0.661,3.19,158.28,121.78,-138.88,99.11,0.0
Negotiation_30,R1,2026-09-03T06:27:18.247307Z,behavior_monitor,4,1083,129,1183,621,133,562,501.74,1044.12,1051.29,system,NA,0.675,3.19,137.7,137.91,-122.09,99.11,0.0
Negotiation_30,R1,2026-09-03T06:27:18.486307Z,human_signal,4,1049,161,1159,595,157,562,447.7,978.15,1002.49,human,i_can,0.686,3.19,137.7,138.41,-140.39,99.11,0.0
Negotiation_30,R1,2026-09-03T06:27:18.757705Z,behavior_monitor,4,1013,188,1130,576,173,562,405.26,919.69,957.25,system,NA,0.694,3.19,159.92,136.53,-149.21,57.18,0.0
Negotiation_30,R1,2026-09-03T06:27:19.268330Z,behavior_monitor,4,970,272,1068,546,200,561,291.09,822.4,868.06,system,NA,0.739,3.19,107.74,133.87,-161.78,13.15,-12.97
Negotiation_30,R1,2026-09-03T06:27:19.472732Z,agent_signal,4,960,312,1040,537,200,561,239.26,799.94,840.0,agent,your_turn,0.77,3.19,87.28,134.06,-162.9,0.0,-12.97
Negotiation_30,R1,2026-09-03T06:27:19.777829Z,behavior_monitor,4,964,366,1003,526,218,561,165.09,771.62,785.79,system,NA,0.824,3.19,87.28,134.19,-164.66,57.18,0.0
Negotiation_30,R1,2026-09-03T06:27:20.286676Z,behavior_monitor,4,958,460,1000,505,244,562,61.97,721.52,758.74,system,NA,0.921,3.19,109.64,136.42,-138.84,0.0,0.0
Negotiation_30,R1,2026-09-03T06:27:20.525334Z,shot_miss,4,946,502,973,488,243,562,30.91,705.1,733.67,human,NA,0.958,3.19,110.02,134.3,-151.68,0.0,0.0
Negotiation_30,R1,2026-09-03T06:27:20.798574Z,behavior_monitor,4,929,550,938,483,243,562,68.06,685.85,699.37,system,NA,0.91,3.19,110.02,128.32,180.0,0.0,-177.45
Negotiation_30,R1,2026-09-03T06:27:21.308631Z,behavior_monitor,4,859,612,917,546,271,599,87.23,588.71,648.69,system,NA,0.871,3.19,162.4,136.16,112.6,129.83,52.4
Negotiation_30,R1,2026-09-03T06:27:21.819221Z,behavior_monitor,4,773,642,882,607,310,637,114.94,462.47,572.66,system,NA,0.801,3.19,132.47,138.88,135.46,167.13,53.84
Negotiation_30,R1,2026-09-03T06:27:22.329901Z,behavior_monitor,4,705,712,827,651,349,692,136.53,356.47,479.5,system,NA,0.723,3.19,132.47,139.35,143.62,130.47,54.25
Negotiation_30,R1,2026-09-03T06:27:22.602012Z,human_signal,4,696,760,796,674,370,720,131.87,328.5,429.09,human,your_turn,0.714,3.19,77.79,139.23,140.4,130.47,54.25
Negotiation_30,R1,2026-09-03T06:27:22.603046Z,human_signal,4,696,763,795,676,370,720,131.42,329.06,427.16,human,your_turn,0.715,3.19,77.79,139.06,139.43,130.47,54.25
Negotiation_30,R1,2026-09-03T06:27:22.839863Z,behavior_monitor,4,718,798,773,697,393,753,115.29,327.69,383.8,system,NA,0.74,3.19,57.33,137.79,129.69,169.61,54.25
Negotiation_30,R1,2026-09-03T06:27:23.350004Z,behavior_monitor,4,756,883,755,761,444,823,122.03,318.11,317.56,system,NA,0.723,3.19,106.61,129.41,90.0,169.61,54.25
Negotiation_30,R1,2026-09-03T06:27:23.519844Z,agent_signal,4,747,917,755,783,461,846,133.9,294.76,301.34,agent,i_can,0.688,3.19,106.61,129.41,90.0,169.61,54.25
Negotiation_30,R1,2026-09-03T06:27:23.724693Z,flight_missed,4,735,953,755,812,483,877,143.14,263.38,280.11,system,NA,0.648,3.19,106.61,129.41,90.0,169.61,54.25
Negotiation_30,R1,2026-09-03T06:27:23.724980Z,flight_spawn,5,347,-20,755,812,483,877,926.86,907.76,280.11,system,NA,0.495,2.83,135.0,129.41,90.0,169.61,54.25
Negotiation_30,R1,2026-09-03T06:27:26.769645Z,agent_signal,5,290,360,865,910,320,597,795.69,238.8,628.29,agent,i_can,0.231,2.83,81.73,38.01,0.0,130.47,-125.75
Negotiation_30,R1,2026-09-03T06:27:26.785808Z,behavior_monitor,5,290,360,865,910,319,594,795.69,236.27,630.92,system,NA,0.229,2.83,81.73,38.01,0.0,169.61,-125.75
Negotiation_30,R1,2026-09-03T06:27:27.298535Z,behavior_monitor,5,284,442,884,910,268,566,760.97,124.78,705.32,system,NA,0.141,2.83,85.36,38.01,0.0,99.11,180.0
Negotiation_30,R1,2026-09-03T06:27:27.806760Z,behavior_monitor,5,264,524,904,910,248,566,747.07,45.42,740.49,system,NA,0.057,2.83,109.03,38.01,0.0,0.0,180.0
Negotiation_30,R1,2026-09-03T06:27:27.943690Z,shot_hit,5,255,548,910,910,238,566,747.75,25.36,754.64,agent,NA,0.033,2.83,109.03,38.01,0.0,99.11,180.0
Negotiation_30,R1,2026-09-03T06:27:27.944909Z,flight_spawn,6,604,-20,910,910,238,566,978.78,692.0,754.64,system,NA,0.414,2.83,135.0,38.01,0.0,99.11,180.0
Negotiation_30,R1,2026-09-03T06:27:30.341940Z,human_signal,6,267,147,967,910,280,566,1035.12,419.31,767.94,human,your_turn,0.288,2.83,92.81,0.0,0.0,76.24,180.0
Negotiation_30,R1,2026-09-03T06:27:30.342137Z,human_signal,6,267,147,967,910,280,566,1035.12,419.31,767.94,human,i_can,0.288,2.83,92.81,0.0,0.0,76.24,180.0
Negotiation_30,R1,2026-09-03T06:27:30.343882Z,behavior_monitor,6,267,147,967,910,279,566,1035.12,419.28,768.81,system,NA,0.288,2.83,92.81,0.0,0.0,60.75,180.0
Negotiation_30,R1,2026-09-03T06:27:30.853706Z,behavior_monitor,6,249,228,967,910,250,566,989.1,337.74,794.51,system,NA,0.255,2.83,89.6,32.53,180.0,57.18,180.0
Negotiation_30,R1,2026-09-03T06:27:31.345976Z,agent_signal,6,262,310,950,879,236,566,892.64,257.35,779.16,agent,i_can,0.224,2.83,64.1,139.35,-115.16,0.0,24.65
Negotiation_30,R1,2026-09-03T06:27:31.363693Z,behavior_monitor,6,262,310,950,879,238,566,892.64,257.19,777.62,system,NA,0.224,2.83,64.1,131.61,-115.16,93.6,0.0
Negotiation_30,R1,2026-09-03T06:27:31.873409Z,behavior_monitor,6,279,393,910,824,255,566,764.34,175.24,703.18,system,NA,0.187,2.83,87.01,133.59,-150.74,0.0,0.0
Negotiation_30,R1,2026-09-03T06:27:32.383565Z,behavior_monitor,6,269,475,844,816,251,566,668.88,92.55,643.47,system,NA,0.122,2.83,113.59,129.41,180.0,0.0,-167.68
Negotiation_30,R1,2026-09-03T06:27:32.894850Z,behavior_monitor,6,215,537,778,816,204,566,628.23,31.2,626.21,system,NA,0.047,2.83,137.7,122.22,180.0,93.6,180.0
Negotiation_30,R1,2026-09-03T06:27:32.912159Z,shot_hit,6,212,541,774,816,200,566,625.93,27.95,625.59,agent,NA,0.043,2.83,137.7,129.41,180.0,126.67,173.8
Negotiation_30,R1,2026-09-03T06:27:32.912733Z,flight_spawn,7,225,-20,774,816,200,566,1000.2,587.2,625.59,system,NA,0.37,2.98,47.79,129.41,180.0,126.67,173.8
Negotiation_30,R1,2026-09-03T06:27:33.014227Z,human_signal,7,239,-6,761,816,200,566,974.31,574.77,613.51,human,i_can,0.371,2.98,23.2,129.41,180.0,0.0,180.0
Negotiation_30,R1,2026-09-03T06:27:33.405352Z,behavior_monitor,7,302,17,712,816,200,566,898.5,558.87,569.64,system,NA,0.383,2.98,4.16,129.41,180.0,0.0,180.0
Negotiation_30,R1,2026-09-03T06:27:33.916299Z,behavior_monitor,7,392,23,756,816,200,566,872.43,576.04,609.61,system,NA,0.398,2.98,4.16,129.41,0.0,0.0,180.0
Negotiation_30,R1,2026-09-03T06:27:34.426239Z,behavior_monitor,7,484,38,721,771,200,566,771.06,599.83,559.74,system,NA,0.438,2.98,8.48,136.54,-139.62,21.47,-171.52
Negotiation_30,R1,2026-09-03T06:27:34.935780Z,behavior_monitor,7,568,66,672,725,214,566,667.74,612.87,484.43,system,NA,0.479,2.98,1.93,106.65,-90.0,76.24,0.0
Negotiation_30,R1,2026-09-03T06:27:35.447100Z,behavior_monitor,7,656,69,711,672,253,566,605.59,639.83,470.41,system,NA,0.514,2.98,1.93,140.46,-41.12,76.24,0.0
Negotiation_30,R1,2026-09-03T06:27:35.959173Z,behavior_monitor,7,745,72,766,626,292,566,555.04,670.48,478.04,system,NA,0.547,2.98,1.93,131.61,-42.34,76.24,0.0
Negotiation_30,R1,2026-09-03T06:27:36.299055Z,human_signal,7,790,117,784,592,318,566,475.82,651.87,466.64,human,i_can,0.578,2.98,56.06,147.95,-36.95,76.24,0.0
Negotiation_30,R1,2026-09-03T06:27:36.469866Z,behavior_monitor,7,801,141,802,580,328,566,439.39,636.67,474.52,system,NA,0.592,2.98,77.68,135.53,-34.05,54.0,0.0
Negotiation_30,R1,2026-09-03T06:27:36.726358Z,human_signal,7,812,186,825,555,342,566,368.72,604.36,482.66,human,i_can,0.621,2.98,82.79,120.5,-59.71,57.18,0.0
Negotiation_30,R1,2026-09-03T06:27:36.928957Z,human_signal,7,811,221,844,533,354,566,314.13,572.46,490.79,human,i_can,0.646,2.98,63.28,140.86,-48.87,57.18,0.0
Negotiation_30,R1,2026-09-03T06:27:36.980462Z,behavior_monitor,7,813,226,847,529,357,566,305.33,568.93,491.28,system,NA,0.651,2.98,63.28,140.93,-48.84,57.18,0.0
Negotiation_30,R1,2026-09-03T06:27:37.490042Z,behavior_monitor,7,841,307,841,478,386,565,170.89,523.34,463.51,system,NA,0.754,2.98,36.81,143.75,-53.42,57.18,0.0
Negotiation_30,R1,2026-09-03T06:27:37.592061Z,agent_signal,7,861,317,852,465,392,565,148.7,531.23,470.69,agent,your_turn,0.781,2.98,8.07,141.56,-48.14,57.18,0.0
Negotiation_30,R1,2026-09-03T06:27:38.000281Z,behavior_monitor,7,924,336,889,435,415,566,105.05,557.83,491.48,system,NA,0.842,2.98,32.42,147.22,-26.61,60.75,0.0
Negotiation_30,R1,2026-09-03T06:27:38.305878Z,human_signal,7,969,372,929,416,433,566,59.32,570.05,518.56,human,i_can,0.906,2.98,54.59,137.35,-22.56,57.18,0.0
Negotiation_30,R1,2026-09-03T06:27:38.474996Z,human_signal,7,993,389,951,409,442,566,46.33,578.2,532.39,human,i_can,0.926,2.98,12.75,134.23,-15.4,57.18,0.0
Negotiation_30,R1,2026-09-03T06:27:38.509803Z,behavior_monitor,7,995,390,953,409,442,566,45.98,580.28,534.66,system,NA,0.927,2.98,12.75,133.61,-14.41,0.0,0.0
Negotiation_30,R1,2026-09-03T06:27:38.729093Z,shot_miss,7,1032,398,982,409,446,566,51.18,609.35,558.33,human,NA,0.923,2.98,10.32,137.5,0.0,60.75,0.0
Negotiation_30,R1,2026-09-03T06:27:39.018208Z,behavior_monitor,7,1080,407,1019,409,463,565,60.5,637.09,578.36,system,NA,0.913,2.98,10.32,129.41,0.0,57.18,0.0
Negotiation_30,R1,2026-09-03T06:27:39.341060Z,shot_miss,7,1130,418,1061,409,475,566,69.56,671.69,606.88,human,NA,0.906,2.98,12.48,129.41,0.0,0.0,0.0
Negotiation_30,R1,2026-09-03T06:27:39.530561Z,shot_miss,7,1160,432,1085,409,475,566,78.34,697.88,630.29,human,NA,0.899,2.98,40.34,129.41,0.0,0.0,0.0
Negotiation_30,R1,2026-09-03T06:27:39.531526Z,behavior_monitor,7,1160,432,1085,409,475,566,78.34,697.88,630.29,system,NA,0.899,2.98,40.34,129.41,0.0,0.0,0.0
Negotiation_30,R1,2026-09-03T06:27:40.039341Z,behavior_monitor,7,1176,513,1145,431,475,566,87.16,702.48,683.0,system,NA,0.89,2.98,103.72,130.19,47.23,0.0,0.0
Negotiation_30,R1,2026-09-03T06:27:40.549600Z,behavior_monitor,7,1158,600,1174,490,508,584,111.42,649.48,672.47,system,NA,0.854,2.98,103.72,128.51,73.58,130.47,54.25
Negotiation_30,R1,2026-09-03T06:27:41.060739Z,behavior_monitor,7,1125,680,1175,555,547,638,135.41,579.78,634.0,system,NA,0.811,2.98,124.4,122.22,90.0,123.22,54.25
Negotiation_30,R1,2026-09-03T06:27:41.249192Z,human_signal,7,1108,710,1175,581,561,658,145.33,549.28,618.85,human,i_can,0.791,2.98,124.4,129.41,90.0,130.47,54.25
Negotiation_30,R1,2026-09-03T06:27:41.573364Z,behavior_monitor,7,1076,754,1175,621,580,683,166.58,500.61,598.6,system,NA,0.75,2.98,124.4,129.41,90.0,97.85,54.25
Negotiation_30,R1,2026-09-03T06:27:42.082298Z,behavior_monitor,7,1003,807,1175,687,605,718,209.85,407.89,570.93,system,NA,0.66,2.98,131.44,129.41,90.0,0.0,54.25
Negotiation_30,R1,2026-09-03T06:27:42.593791Z,behavior_monitor,7,989,886,1175,753,605,718,229.23,418.76,571.07,system,NA,0.646,2.98,91.22,129.41,90.0,0.0,54.25
Negotiation_30,R1,2026-09-03T06:27:42.968804Z,flight_missed,7,1006,952,1159,801,620,740,214.6,439.53,541.79,system,NA,0.672,2.98,65.45,148.51,135.43,130.47,54.25
Negotiation_30,R1,2026-09-03T06:27:42.969855Z,flight_spawn,8,917,-20,1159,801,620,740,856.46,816.6,541.79,system,NA,0.488,3.49,124.93,148.51,135.43,130.47,54.25
Negotiation_30,R1,2026-09-03T06:27:45.075554Z,human_signal,8,567,187,900,786,607,571,685.8,385.98,363.47,human,your_turn,0.36,3.49,129.98,135.03,-163.41,130.47,-125.75
Negotiation_30,R1,2026-09-03T06:27:45.076646Z,behavior_monitor,8,567,187,900,786,607,571,685.8,385.98,363.47,system,NA,0.36,3.49,129.98,135.03,-163.41,130.47,-125.75
Negotiation_30,R1,2026-09-03T06:27:45.077062Z,human_signal,8,564,189,897,786,607,571,682.98,383.57,361.32,human,your_turn,0.36,3.49,129.98,135.03,-163.41,130.47,-125.75
Negotiation_30,R1,2026-09-03T06:27:45.296836Z,human_signal,8,536,222,871,778,585,566,649.96,347.92,356.11,human,your_turn,0.349,3.49,129.98,134.22,-164.62,99.11,180.0
Negotiation_30,R1,2026-09-03T06:27:45.298021Z,human_signal,8,533,224,869,778,585,566,647.37,345.65,353.99,human,your_turn,0.348,3.49,129.98,134.22,-164.62,99.11,180.0
Negotiation_30,R1,2026-09-03T06:27:45.500148Z,human_signal,8,499,243,845,771,565,566,630.65,329.3,346.95,human,your_turn,0.343,3.49,153.7,133.47,-165.84,99.11,180.0
Negotiation_30,R1,2026-09-03T06:27:45.500834Z,human_signal,8,496,245,842,771,565,566,630.1,328.51,345.17,human,your_turn,0.343,3.49,153.7,133.47,-165.84,99.11,180.0
Negotiation_30,R1,2026-09-03T06:27:45.585461Z,behavior_monitor,8,485,251,834,771,556,566,626.35,323.09,344.87,system,NA,0.34,3.49,153.7,129.41,180.0,99.11,180.0
Negotiation_30,R1,2026-09-03T06:27:46.095516Z,behavior_monitor,8,384,274,768,771,506,566,627.7,316.34,332.37,system,NA,0.335,3.49,153.11,129.41,180.0,99.11,180.0
Negotiation_30,R1,2026-09-03T06:27:46.605083Z,behavior_monitor,8,304,333,702,771,455,566,591.52,277.84,320.34,system,NA,0.32,3.49,124.7,129.41,180.0,99.11,180.0
Negotiation_30,R1,2026-09-03T06:27:47.113967Z,behavior_monitor,8,237,408,636,771,405,566,539.37,230.53,308.9,system,NA,0.299,3.49,150.44,129.41,180.0,99.11,180.0
Negotiation_30,R1,2026-09-03T06:27:47.115031Z,agent_signal,8,234,410,633,771,405,566,538.65,231.41,307.26,agent,i_can,0.301,3.49,150.44,129.41,180.0,99.11,180.0
Negotiation_30,R1,2026-09-03T06:27:47.624954Z,behavior_monitor,8,179,489,570,771,353,564,482.29,190.27,299.28,system,NA,0.283,3.49,121.54,129.41,180.0,99.11,180.0
Negotiation_30,R1,2026-09-03T06:27:48.135138Z,behavior_monitor,8,128,579,504,771,303,571,421.54,174.9,283.43,system,NA,0.293,3.49,116.31,129.41,180.0,169.61,125.75
Negotiation_30,R1,2026-09-03T06:27:48.644831Z,behavior_monitor,8,71,664,438,771,252,640,382.07,182.86,227.3,system,NA,0.324,3.49,136.88,129.41,180.0,169.61,125.75
Negotiation_30,R1,2026-09-03T06:27:49.156184Z,behavior_monitor,8,20,752,372,771,202,711,352.69,186.87,180.51,system,NA,0.346,3.49,121.62,129.41,180.0,169.61,125.75
Negotiation_30,R1,2026-09-03T06:27:49.665808Z,behavior_monitor,8,59,835,306,771,151,781,254.7,107.22,154.56,system,NA,0.296,3.17,66.13,122.22,180.0,160.19,125.75
Negotiation_30,R1,2026-09-03T06:27:50.176554Z,behavior_monitor,8,94,924,240,771,102,850,211.13,74.02,159.16,system,NA,0.26,3.17,52.91,129.41,180.0,169.61,125.75
Negotiation_30,R1,2026-09-03T06:27:50.397236Z,flight_missed,8,126,952,229,755,102,883,221.66,73.12,180.54,system,NA,0.248,3.17,56.13,129.41,-90.0,169.61,54.25
Negotiation_30,R1,2026-09-03T06:27:50.397963Z,flight_spawn,9,1090,-20,229,755,102,883,1158.86,1339.19,180.54,system,NA,0.536,3.45,125.45,129.41,-90.0,169.61,54.25
Negotiation_30,R1,2026-09-03T06:27:53.026676Z,agent_signal,9,916,395,556,709,275,643,477.05,687.59,289.18,agent,your_turn,0.59,3.45,47.63,129.41,0.0,130.47,-54.25
Negotiation_30,R1,2026-09-03T06:27:53.043865Z,behavior_monitor,9,916,395,556,709,276,642,477.05,685.99,288.61,system,NA,0.59,3.45,47.63,129.41,0.0,122.75,-60.86
Negotiation_30,R1,2026-09-03T06:27:53.263430Z,human_signal,9,954,424,587,709,288,624,464.97,695.7,310.62,human,i_can,0.599,3.45,19.15,129.41,0.0,97.85,-54.25
Negotiation_30,R1,2026-09-03T06:27:53.554612Z,behavior_monitor,9,1009,434,622,709,305,601,474.73,723.76,335.15,system,NA,0.604,3.45,9.94,129.41,0.0,97.85,-54.25
Negotiation_30,R1,2026-09-03T06:27:54.063524Z,behavior_monitor,9,1097,481,688,709,333,566,467.51,768.6,383.17,system,NA,0.622,3.45,33.24,129.41,0.0,0.0,0.0
Negotiation_30,R1,2026-09-03T06:27:54.572961Z,behavior_monitor,9,1184,534,754,709,333,566,463.55,851.67,445.08,system,NA,0.648,3.45,41.0,129.41,0.0,12.89,100.41
Negotiation_30,R1,2026-09-03T06:27:55.085075Z,behavior_monitor,9,1265,602,820,709,360,590,457.21,905.11,475.6,system,NA,0.664,3.45,41.0,129.41,0.0,130.47,54.25
Negotiation_30,R1,2026-09-03T06:27:55.594978Z,behavior_monitor,9,1343,670,886,709,399,644,457.99,944.3,491.92,system,NA,0.673,3.45,41.0,129.41,0.0,130.47,54.25
Negotiation_30,R1,2026-09-03T06:27:56.110307Z,behavior_monitor,9,1411,751,955,709,439,700,458.27,973.6,516.04,system,NA,0.68,3.45,66.84,129.41,0.0,130.47,54.25
Negotiation_30,R1,2026-09-03T06:27:56.621922Z,behavior_monitor,9,1404,844,1021,709,477,754,406.84,931.02,544.97,system,NA,0.696,3.45,122.85,129.41,0.0,130.47,54.25
Negotiation_30,R1,2026-09-03T06:27:57.129819Z,behavior_monitor,9,1320,906,1087,709,516,808,305.46,809.48,578.7,system,NA,0.726,3.45,147.84,129.41,0.0,130.47,54.25
Negotiation_30,R1,2026-09-03T06:27:57.538109Z,flight_missed,9,1246,952,1142,709,549,853,264.49,704.11,610.0,system,NA,0.727,3.45,147.84,129.41,0.0,130.47,54.25
Negotiation_30,R1,2026-09-03T06:27:57.538648Z,flight_spawn,10,818,-20,1142,709,549,853,797.51,913.7,610.0,system,NA,0.534,3.53,124.53,129.41,0.0,130.47,54.25
Negotiation_30,R1,2026-09-03T06:27:59.445643Z,human_signal,10,777,309,1275,631,672,680,592.45,385.53,604.52,human,your_turn,0.394,3.53,47.73,135.73,17.56,130.47,-54.25
Negotiation_30,R1,2026-09-03T06:27:59.446632Z,behavior_monitor,10,777,309,1275,631,672,680,592.45,385.53,604.52,system,NA,0.394,3.53,47.73,135.73,17.56,130.47,-54.25
Negotiation_30,R1,2026-09-03T06:27:59.446954Z,human_signal,10,780,312,1277,632,672,680,591.03,383.76,606.66,human,your_turn,0.394,3.53,47.73,135.73,17.56,130.47,-54.25
Negotiation_30,R1,2026-09-03T06:27:59.955646Z,behavior_monitor,10,846,388,1340,654,723,610,561.45,254.26,618.78,system,NA,0.312,3.53,47.73,136.39,19.58,169.61,-54.25
Negotiation_30,R1,2026-09-03T06:27:59.956828Z,agent_signal,10,848,390,1342,655,723,610,560.24,253.24,621.02,agent,i_can,0.311,3.53,47.73,136.39,19.58,169.61,-54.25
Negotiation_30,R1,2026-09-03T06:28:00.464425Z,behavior_monitor,10,946,405,1406,678,773,566,534.43,235.84,642.56,system,NA,0.306,3.53,2.25,137.09,20.38,99.11,0.0
Negotiation_30,R1,2026-09-03T06:28:00.974039Z,behavior_monitor,10,1050,426,1423,727,824,566,479.43,265.59,620.98,system,NA,0.356,3.53,23.66,141.13,133.79,99.11,0.0
Negotiation_30,R1,2026-09-03T06:28:01.450036Z,human_signal,10,1137,477,1363,758,871,566,360.68,279.84,528.18,human,i_can,0.437,3.53,71.5,139.77,157.16,99.11,0.0
Negotiation_30,R1,2026-09-03T06:28:01.484845Z,behavior_monitor,10,1137,480,1361,759,873,566,357.05,277.51,524.67,system,NA,0.437,3.53,101.25,139.87,157.06,57.18,0.0
Negotiation_30,R1,2026-09-03T06:28:01.637110Z,human_signal,10,1128,515,1339,767,882,566,328.46,251.29,499.31,human,i_can,0.433,3.53,101.25,137.12,160.7,57.18,0.0
Negotiation_30,R1,2026-09-03T06:28:01.995283Z,behavior_monitor,10,1115,584,1295,767,901,571,256.95,213.88,439.97,system,NA,0.454,3.53,101.25,129.41,180.0,97.85,54.25
Negotiation_30,R1,2026-09-03T06:28:02.080157Z,agent_signal,10,1111,605,1284,768,906,578,238.34,206.22,423.26,agent,your_turn,0.464,3.53,101.25,133.41,165.94,97.85,54.25
Negotiation_30,R1,2026-09-03T06:28:02.506328Z,behavior_monitor,10,1125,681,1229,790,931,611,151.23,205.65,347.66,system,NA,0.576,3.53,24.16,138.32,156.02,97.85,54.25
Negotiation_30,R1,2026-09-03T06:28:03.016351Z,behavior_monitor,10,1204,746,1200,782,952,638,35.77,274.89,286.37,system,NA,0.885,3.53,49.92,147.09,-52.0,0.0,35.01
Negotiation_30,R1,2026-09-03T06:28:03.050412Z,shot_hit,10,1208,752,1203,778,952,638,26.68,280.52,287.07,human,NA,0.913,3.53,49.92,147.09,-52.0,0.0,35.01
Negotiation_30,R1,2026-09-03T06:28:03.051428Z,flight_spawn,11,788,-20,1203,778,952,638,899.84,678.98,287.07,system,NA,0.43,3.43,125.62,147.09,-52.0,0.0,35.01
Negotiation_30,R1,2026-09-03T06:28:05.304777Z,human_signal,11,501,241,1014,871,853,566,813.07,479.64,344.94,human,your_turn,0.371,3.43,68.24,139.81,147.39,76.24,180.0
Negotiation_30,R1,2026-09-03T06:28:05.305705Z,behavior_monitor,11,501,241,1014,871,853,566,813.07,479.64,344.94,system,NA,0.371,3.43,68.24,139.81,147.39,76.24,180.0
Negotiation_30,R1,2026-09-03T06:28:05.306145Z,human_signal,11,502,244,1012,873,853,566,810.01,477.11,345.15,human,your_turn,0.371,3.43,68.24,139.81,147.39,76.24,180.0
Negotiation_30,R1,2026-09-03T06:28:05.818106Z,behavior_monitor,11,527,338,954,910,803,566,713.91,358.39,375.33,system,NA,0.334,3.43,92.0,128.68,156.23,99.11,180.0
Negotiation_30,R1,2026-09-03T06:28:06.276372Z,agent_signal,11,567,424,897,910,757,566,586.85,236.75,371.46,agent,i_can,0.287,3.43,39.42,121.88,180.0,99.11,180.0
Negotiation_30,R1,2026-09-03T06:28:06.328003Z,behavior_monitor,11,572,429,893,910,752,566,578.02,225.97,371.79,system,NA,0.281,3.43,39.42,122.9,180.0,99.11,180.0
Negotiation_30,R1,2026-09-03T06:28:06.837642Z,behavior_monitor,11,603,521,840,889,701,565,437.92,107.57,352.85,system,NA,0.197,3.43,85.64,138.0,-69.69,99.11,180.0
Negotiation_30,R1,2026-09-03T06:28:07.349710Z,behavior_monitor,11,609,624,892,840,650,603,356.09,46.65,338.58,system,NA,0.116,3.43,85.64,141.89,-36.86,169.61,125.75
Negotiation_30,R1,2026-09-03T06:28:07.451233Z,shot_miss,11,610,648,905,830,638,619,346.52,39.84,340.55,agent,NA,0.103,3.43,88.93,142.12,-36.79,169.61,125.75
Negotiation_30,R1,2026-09-03T06:28:07.638344Z,shot_miss,11,616,684,924,813,619,645,333.7,39.98,348.4,agent,NA,0.107,3.43,84.97,129.65,-42.34,169.61,125.75
Negotiation_30,R1,2026-09-03T06:28:07.858849Z,behavior_monitor,11,621,725,943,793,604,673,329.3,55.04,359.76,system,NA,0.143,3.43,84.97,141.2,-49.62,137.65,90.0
Negotiation_30,R1,2026-09-03T06:28:08.369708Z,behavior_monitor,11,560,804,992,741,563,743,436.93,60.49,429.57,system,NA,0.122,3.43,138.54,123.82,-56.73,169.61,125.75
Negotiation_30,R1,2026-09-03T06:28:08.878920Z,behavior_monitor,11,560,887,1022,682,537,814,505.59,76.5,502.53,system,NA,0.131,3.43,29.43,97.58,-90.0,169.61,54.25
Negotiation_30,R1,2026-09-03T06:28:09.388849Z,behavior_monitor,11,647,940,1054,696,587,884,474.24,81.09,502.81,system,NA,0.146,3.43,34.63,137.64,27.43,169.61,54.25
Negotiation_30,R1,2026-09-03T06:28:09.490680Z,flight_missed,11,668,953,1068,703,599,901,472.02,86.51,508.94,system,NA,0.155,3.43,34.63,137.1,25.49,169.61,54.25
Negotiation_30,R1,2026-09-03T06:28:09.491328Z,flight_spawn,12,251,-20,1068,703,599,901,1092.0,984.92,508.94,system,NA,0.474,2.83,45.0,137.1,25.49,169.61,54.25
Negotiation_30,R1,2026-09-03T06:28:11.965294Z,human_signal,12,474,294,1053,612,454,698,660.2,404.29,605.32,human,your_turn,0.38,2.83,25.26,129.41,0.0,130.47,-125.75
Negotiation_30,R1,2026-09-03T06:28:11.965983Z,behavior_monitor,12,474,294,1053,612,454,698,660.2,404.29,605.32,system,NA,0.38,2.83,25.26,129.41,0.0,105.88,-90.0
Negotiation_30,R1,2026-09-03T06:28:11.966966Z,human_signal,12,476,296,1055,612,454,698,659.57,403.21,607.49,human,your_turn,0.379,2.83,25.26,129.41,0.0,105.88,-90.0
Negotiation_30,R1,2026-09-03T06:28:12.478217Z,behavior_monitor,12,549,331,1119,612,503,628,635.38,300.98,616.46,system,NA,0.321,2.83,25.26,129.41,0.0,169.61,-54.25
Negotiation_30,R1,2026-09-03T06:28:12.767530Z,agent_signal,12,594,352,1158,612,531,587,621.02,243.35,627.95,agent,i_can,0.282,2.83,25.26,129.41,0.0,169.61,-54.25
Negotiation_30,R1,2026-09-03T06:28:12.988839Z,behavior_monitor,12,625,367,1185,612,552,567,611.48,212.43,634.07,system,NA,0.258,2.83,4.14,122.22,0.0,93.6,0.0
Negotiation_30,R1,2026-09-03T06:28:13.498001Z,behavior_monitor,12,710,373,1251,612,603,567,590.92,221.45,649.08,system,NA,0.273,2.83,4.14,129.41,0.0,126.55,6.27
Negotiation_30,R1,2026-09-03T06:28:14.008994Z,behavior_monitor,12,797,379,1274,612,654,564,530.39,234.29,621.65,system,NA,0.306,2.83,4.14,129.41,0.0,99.11,0.0
Negotiation_30,R1,2026-09-03T06:28:14.367849Z,human_signal,12,855,399,1263,603,690,565,455.85,234.92,574.55,human,i_can,0.34,2.83,31.17,74.35,180.0,99.11,0.0
Negotiation_30,R1,2026-09-03T06:28:14.519723Z,behavior_monitor,12,873,411,1254,601,698,565,425.39,232.84,556.41,system,NA,0.354,2.83,52.96,137.22,-159.61,57.18,0.0
Negotiation_30,R1,2026-09-03T06:28:15.028819Z,behavior_monitor,12,934,466,1188,595,728,565,284.66,228.24,461.09,system,NA,0.445,2.83,23.29,129.41,180.0,57.18,0.0
Negotiation_30,R1,2026-09-03T06:28:15.097151Z,agent_signal,12,946,472,1179,595,731,565,262.75,234.2,448.43,agent,your_turn,0.471,2.83,23.29,129.41,180.0,57.18,0.0
Negotiation_30,R1,2026-09-03T06:28:15.538061Z,behavior_monitor,12,1012,487,1122,595,756,564,153.48,267.35,366.51,system,NA,0.635,2.83,2.37,129.41,180.0,57.18,0.0
Negotiation_30,R1,2026-09-03T06:28:16.047679Z,behavior_monitor,12,1089,506,1091,544,775,564,38.11,319.54,316.17,system,NA,0.893,2.83,43.87,129.41,-90.0,0.0,0.0
Negotiation_30,R1,2026-09-03T06:28:16.150212Z,shot_hit,12,1104,513,1091,531,775,564,22.98,333.52,317.78,human,NA,0.936,2.83,19.32,129.41,-90.0,0.0,133.96
Negotiation_30,R1,2026-09-03T06:28:16.151245Z,flight_spawn,13,458,-20,1091,531,775,564,839.35,665.07,317.78,system,NA,0.442,3.25,51.97,129.41,-90.0,0.0,133.96
Negotiation_30,R1,2026-09-03T06:28:17.562266Z,human_signal,13,424,190,1101,595,694,564,788.77,461.89,407.9,human,your_turn,0.369,3.25,134.5,139.73,144.18,76.24,180.0
Negotiation_30,R1,2026-09-03T06:28:17.563183Z,behavior_monitor,13,424,190,1101,595,694,564,788.77,461.89,407.9,system,NA,0.369,3.25,134.5,139.97,144.34,76.24,180.0
Negotiation_30,R1,2026-09-03T06:28:17.563635Z,human_signal,13,422,192,1099,596,694,564,788.69,461.43,406.07,human,your_turn,0.369,3.25,134.5,139.97,144.34,76.24,180.0
Negotiation_30,R1,2026-09-03T06:28:18.073868Z,behavior_monitor,13,335,227,1041,632,643,565,814.32,457.8,403.41,system,NA,0.36,3.25,162.87,136.17,153.09,99.11,180.0
Negotiation_30,R1,2026-09-03T06:28:18.583520Z,behavior_monitor,13,241,255,979,662,593,565,842.59,468.43,398.42,system,NA,0.357,3.25,162.87,136.22,153.79,99.11,180.0
Negotiation_30,R1,2026-09-03T06:28:19.094376Z,behavior_monitor,13,149,288,917,693,542,565,868.17,481.16,395.78,system,NA,0.357,3.25,145.0,136.27,153.99,99.11,180.0
Negotiation_30,R1,2026-09-03T06:28:19.604366Z,behavior_monitor,13,67,341,853,721,491,565,873.18,480.07,393.76,system,NA,0.355,3.25,174.66,138.14,157.61,99.11,180.0
Negotiation_30,R1,2026-09-03T06:28:19.963115Z,agent_signal,13,32,358,815,741,456,565,872.21,472.23,399.99,agent,i_can,0.351,2.11,49.25,50.74,90.0,99.11,180.0
Negotiation_30,R1,2026-09-03T06:28:20.116695Z,behavior_monitor,13,43,370,815,747,441,564,859.65,443.31,416.34,system,NA,0.34,2.11,49.25,34.56,90.0,99.11,180.0
Negotiation_30,R1,2026-09-03T06:28:20.626066Z,behavior_monitor,13,54,429,779,749,390,564,792.75,362.72,430.38,system,NA,0.314,2.11,94.6,56.79,136.54,99.11,180.0
Negotiation_30,R1,2026-09-03T06:28:21.136014Z,behavior_monitor,13,67,489,809,757,340,564,788.84,283.07,507.1,system,NA,0.264,2.11,72.21,129.41,0.0,99.11,180.0
Negotiation_30,R1,2026-09-03T06:28:21.648496Z,behavior_monitor,13,73,551,850,757,289,564,804.46,216.7,593.43,system,NA,0.212,2.11,72.23,0.0,0.0,99.11,180.0
Negotiation_30,R1,2026-09-03T06:28:22.158310Z,behavior_monitor,13,98,606,848,767,239,602,766.88,140.37,631.45,system,NA,0.155,2.11,52.22,102.15,119.68,169.61,125.75
Negotiation_30,R1,2026-09-03T06:28:22.666002Z,behavior_monitor,13,100,668,829,790,188,662,739.04,88.11,653.45,system,NA,0.107,2.11,103.61,0.0,-90.0,169.61,125.75
Negotiation_30,R1,2026-09-03T06:28:23.091863Z,shot_hit,13,127,710,804,814,143,705,685.16,17.21,669.87,agent,NA,0.025,2.11,57.99,112.9,123.86,99.11,180.0
Negotiation_30,R1,2026-09-03T06:28:23.092823Z,flight_spawn,14,1229,-20,804,814,143,705,936.89,1305.86,669.87,system,NA,0.582,3.29,127.47,112.9,123.86,99.11,180.0
Negotiation_30,R1,2026-09-03T06:28:24.520420Z,human_signal,14,1029,160,861,746,221,597,609.92,918.75,657.65,human,i_can,0.601,3.29,129.39,0.0,0.0,130.47,-54.25
Negotiation_30,R1,2026-09-03T06:28:24.537718Z,behavior_monitor,14,1029,160,861,746,222,595,609.92,917.25,657.01,system,NA,0.601,3.29,129.39,0.0,0.0,97.85,-54.25
Negotiation_30,R1,2026-09-03T06:28:25.048659Z,behavior_monitor,14,937,187,867,714,250,566,531.34,784.22,634.23,system,NA,0.596,3.29,153.9,133.58,-75.65,57.18,0.0
Negotiation_30,R1,2026-09-03T06:28:25.556796Z,behavior_monitor,14,847,230,867,648,264,566,417.9,672.74,609.09,system,NA,0.617,3.29,153.9,129.41,-90.0,0.0,0.0
Negotiation_30,R1,2026-09-03T06:28:26.067334Z,behavior_monitor,14,757,274,824,599,286,566,331.59,554.91,539.16,system,NA,0.626,3.29,153.9,135.55,-157.99,76.24,0.0
Negotiation_30,R1,2026-09-03T06:28:26.575900Z,behavior_monitor,14,663,297,759,576,325,567,294.42,432.32,434.1,system,NA,0.595,3.29,179.58,135.54,-161.03,76.24,0.0
Negotiation_30,R1,2026-09-03T06:28:26.797133Z,agent_signal,14,619,309,728,565,342,567,278.12,378.47,386.66,agent,your_turn,0.576,3.29,130.89,135.54,-161.03,76.24,0.0
Negotiation_30,R1,2026-09-03T06:28:27.086212Z,behavior_monitor,14,593,354,693,553,358,567,222.59,316.66,335.53,system,NA,0.587,3.29,128.32,135.54,-161.03,57.18,0.0
Negotiation_30,R1,2026-09-03T06:28:27.596983Z,behavior_monitor,14,534,432,629,529,385,567,135.57,200.79,246.28,system,NA,0.597,3.29,128.32,127.48,-158.6,0.0,0.0
Negotiation_30,R1,2026-09-03T06:28:28.108694Z,behavior_monitor,14,469,509,563,521,385,567,94.55,101.72,183.33,system,NA,0.518,3.29,128.32,129.41,180.0,0.0,79.86
Negotiation_30,R1,2026-09-03T06:28:28.518306Z,shot_hit,14,409,568,508,527,388,567,107.61,20.7,126.57,agent,NA,0.161,3.29,131.8,134.11,164.79,76.24,0.0
Negotiation_30,R1,2026-09-03T06:28:28.519328Z,flight_spawn,15,714,-20,508,527,388,567,584.61,671.7,126.57,system,NA,0.535,3.48,125.05,134.11,164.79,76.24,0.0
Negotiation_30,R1,2026-09-03T06:28:28.875047Z,conflict,15,655,20,462,540,388,567,554.77,608.8,78.64,system,NA,0.523,3.48,153.29,134.57,164.09,0.0,0.0
Negotiation_30,R1,2026-09-03T06:28:29.876030Z,conflict,15,471,112,495,552,416,565,440.55,456.17,79.7,system,NA,0.509,3.48,153.29,77.87,24.09,65.6,0.0
Negotiation_30,R1,2026-09-03T06:28:32.360759Z,human_signal,15,29,249,679,627,266,565,751.82,395.41,417.0,human,your_turn,0.345,2.97,62.63,134.91,21.65,76.24,180.0
Negotiation_30,R1,2026-09-03T06:28:32.361454Z,behavior_monitor,15,29,249,679,627,266,565,751.82,395.41,417.0,system,NA,0.345,2.97,62.63,134.91,21.65,76.24,180.0
Negotiation_30,R1,2026-09-03T06:28:32.362043Z,human_signal,15,31,252,681,628,266,565,751.25,392.24,419.24,human,your_turn,0.343,2.97,62.63,134.91,21.65,76.24,180.0
Negotiation_30,R1,2026-09-03T06:28:32.870597Z,behavior_monitor,15,95,302,729,649,216,565,723.38,289.93,520.42,system,NA,0.286,2.97,42.84,0.0,32.55,99.11,180.0
Negotiation_30,R1,2026-09-03T06:28:32.988975Z,agent_signal,15,107,320,729,649,204,566,703.55,263.51,531.98,agent,i_can,0.272,2.97,71.26,0.0,32.55,99.11,180.0
Negotiation_30,R1,2026-09-03T06:28:33.379856Z,behavior_monitor,15,113,384,769,660,165,566,711.81,188.74,611.62,system,NA,0.21,2.97,76.8,135.3,16.97,99.11,180.0
Negotiation_30,R1,2026-09-03T06:28:33.889393Z,behavior_monitor,15,138,469,809,672,120,566,701.36,98.94,697.53,system,NA,0.124,2.97,97.87,0.0,16.78,0.0,180.0
Negotiation_30,R1,2026-09-03T06:28:34.280662Z,shot_hit,15,128,539,837,672,111,565,721.09,30.87,733.3,agent,NA,0.041,2.97,97.87,0.0,0.0,95.2,-171.44
Negotiation_30,R1,2026-09-03T06:28:34.281251Z,flight_spawn,16,753,-20,837,672,111,565,697.73,868.68,733.3,system,NA,0.555,2.83,135.0,0.0,0.0,95.2,-171.44
Negotiation_30,R1,2026-09-03T06:28:37.411818Z,human_signal,16,376,256,890,697,302,565,676.89,317.44,602.35,human,your_turn,0.319,2.83,122.61,0.0,22.17,76.24,0.0
Negotiation_30,R1,2026-09-03T06:28:37.413454Z,behavior_monitor,16,376,256,890,697,302,565,676.89,317.44,602.35,system,NA,0.319,2.83,122.61,0.0,22.17,76.24,0.0
Negotiation_30,R1,2026-09-03T06:28:37.413860Z,human_signal,16,375,259,890,697,302,565,676.62,314.74,602.35,human,your_turn,0.317,2.83,122.61,0.0,22.17,76.24,0.0
Negotiation_30,R1,2026-09-03T06:28:37.788594Z,agent_signal,16,344,311,890,697,329,565,668.79,254.31,576.08,agent,i_can,0.275,2.83,122.61,0.0,22.17,0.0,0.0
Negotiation_30,R1,2026-09-03T06:28:37.924370Z,behavior_monitor,16,332,328,890,697,316,565,669.06,237.77,589.2,system,NA,0.262,2.83,122.61,0.0,22.17,99.11,180.0
Negotiation_30,R1,2026-09-03T06:28:38.434060Z,behavior_monitor,16,331,407,890,697,307,565,629.53,159.25,597.42,system,NA,0.202,2.83,74.85,0.0,22.17,0.0,0.0
Negotiation_30,R1,2026-09-03T06:28:38.946451Z,behavior_monitor,16,396,451,890,697,351,565,551.55,122.44,555.06,system,NA,0.182,2.83,17.89,0.0,22.17,99.11,0.0
Negotiation_30,R1,2026-09-03T06:28:39.455189Z,behavior_monitor,16,479,472,901,697,401,566,477.93,121.6,517.04,system,NA,0.203,2.83,9.75,72.7,0.0,99.11,0.0
Negotiation_30,R1,2026-09-03T06:28:39.966169Z,behavior_monitor,16,562,487,963,697,452,566,452.83,135.77,527.91,system,NA,0.231,2.83,9.75,129.41,0.0,99.11,0.0
Negotiation_30,R1,2026-09-03T06:28:40.476012Z,behavior_monitor,16,640,517,1001,699,503,567,403.71,146.39,515.34,system,NA,0.266,2.83,43.0,127.14,16.0,93.6,0.0
Negotiation_30,R1,2026-09-03T06:28:40.986853Z,behavior_monitor,16,717,554,1025,707,553,567,344.3,163.92,492.47,system,NA,0.323,2.83,19.7,0.0,23.6,99.11,0.0
Negotiation_30,R1,2026-09-03T06:28:41.275287Z,human_signal,16,763,572,1017,707,582,566,287.52,181.78,457.45,human,i_can,0.387,2.83,19.7,0.0,180.0,99.11,0.0
Negotiation_30,R1,2026-09-03T06:28:41.496593Z,behavior_monitor,16,791,589,1017,707,594,580,254.71,196.92,441.18,system,NA,0.436,2.83,44.44,0.0,180.0,97.85,54.25
Negotiation_30,R1,2026-09-03T06:28:41.987087Z,agent_signal,16,867,629,965,707,623,619,125.38,244.95,353.89,agent,your_turn,0.661,2.83,2.03,129.41,180.0,97.85,54.25
Negotiation_30,R1,2026-09-03T06:28:42.004466Z,behavior_monitor,16,867,629,963,707,624,621,123.67,243.92,350.48,system,NA,0.664,2.83,2.03,129.41,180.0,97.85,54.25
Negotiation_30,R1,2026-09-03T06:28:42.460587Z,shot_hit,16,937,649,934,666,650,642,17.07,287.29,285.35,human,NA,0.944,2.83,33.15,129.41,-90.0,97.85,54.25
Negotiation_30,R1,2026-09-03T06:28:42.461114Z,flight_spawn,17,327,-20,934,666,650,642,916.78,737.27,285.35,system,NA,0.446,2.95,47.25,129.41,-90.0,97.85,54.25
Negotiation_30,R1,2026-09-03T06:28:43.881898Z,human_signal,17,395,210,978,702,565,565,763.0,393.92,434.98,human,your_turn,0.34,2.95,99.5,87.79,65.51,76.24,180.0
Negotiation_30,R1,2026-09-03T06:28:43.882486Z,behavior_monitor,17,395,210,978,702,565,565,763.0,393.92,434.98,system,NA,0.34,2.95,99.5,87.79,65.51,76.24,180.0
Negotiation_30,R1,2026-09-03T06:28:43.882772Z,human_signal,17,394,213,978,704,565,565,763.21,391.73,435.98,human,your_turn,0.339,2.95,120.9,87.79,65.51,76.24,180.0
Negotiation_30,R1,2026-09-03T06:28:44.385813Z,behavior_monitor,17,374,288,950,735,514,566,729.01,310.81,467.41,system,NA,0.299,2.95,67.19,75.3,125.32,105.3,180.0
Negotiation_30,R1,2026-09-03T06:28:44.758910Z,agent_signal,17,400,349,941,738,477,566,665.88,229.7,494.27,agent,i_can,0.256,2.95,41.13,129.41,180.0,99.11,180.0
Negotiation_30,R1,2026-09-03T06:28:44.893368Z,behavior_monitor,17,415,362,925,738,464,566,633.72,209.45,492.49,system,NA,0.248,2.95,17.92,128.31,180.0,99.11,180.0
Negotiation_30,R1,2026-09-03T06:28:45.403186Z,behavior_monitor,17,493,398,921,738,458,565,546.42,170.13,494.6,system,NA,0.237,2.95,21.09,0.0,180.0,99.11,0.0
Negotiation_30,R1,2026-09-03T06:28:45.878660Z,human_signal,17,569,428,938,738,504,565,482.34,151.07,467.2,human,your_turn,0.239,2.95,21.09,129.41,0.0,99.11,0.0
Negotiation_30,R1,2026-09-03T06:28:45.879337Z,human_signal,17,571,429,940,738,504,565,481.25,151.3,469.25,human,your_turn,0.239,2.95,21.09,129.41,0.0,99.11,0.0
Negotiation_30,R1,2026-09-03T06:28:45.912593Z,behavior_monitor,17,574,430,943,738,508,565,480.45,150.12,468.38,system,NA,0.238,2.95,21.09,133.89,14.86,99.11,0.0
Negotiation_30,R1,2026-09-03T06:28:46.424603Z,behavior_monitor,17,654,462,1009,757,559,565,461.44,140.05,489.0,system,NA,0.233,2.95,21.09,134.31,15.52,99.11,0.0
Negotiation_30,R1,2026-09-03T06:28:46.934231Z,behavior_monitor,17,735,499,1053,768,609,566,416.2,142.45,487.33,system,NA,0.255,2.95,6.43,0.0,0.0,99.11,0.0
Negotiation_30,R1,2026-09-03T06:28:47.087916Z,human_signal,17,761,502,1053,768,625,566,395.56,150.46,474.24,human,your_turn,0.276,2.95,6.43,0.0,0.0,99.11,0.0
Negotiation_30,R1,2026-09-03T06:28:47.088664Z,human_signal,17,764,502,1055,768,625,566,393.86,153.48,475.56,human,your_turn,0.28,2.95,6.43,39.95,0.0,93.6,0.0
Negotiation_30,R1,2026-09-03T06:28:47.446719Z,behavior_monitor,17,823,509,1097,782,660,566,387.54,172.37,488.11,system,NA,0.308,2.95,6.43,135.52,17.27,99.11,0.0
Negotiation_30,R1,2026-09-03T06:28:47.618339Z,human_signal,17,852,519,1119,789,676,566,380.03,181.81,496.03,human,your_turn,0.324,2.95,34.6,135.37,17.07,99.11,0.0
Negotiation_30,R1,2026-09-03T06:28:47.619414Z,human_signal,17,854,520,1122,790,676,566,379.27,183.58,498.3,human,your_turn,0.326,2.95,34.6,135.37,17.07,99.11,0.0
Negotiation_30,R1,2026-09-03T06:28:47.771535Z,human_signal,17,876,530,1139,795,692,566,373.42,188.4,503.02,human,your_turn,0.335,2.95,38.16,135.37,17.07,99.11,0.0
Negotiation_30,R1,2026-09-03T06:28:47.772192Z,human_signal,17,879,531,1141,796,692,566,372.5,190.37,505.28,human,your_turn,0.338,2.95,38.16,135.37,17.07,99.11,0.0
Negotiation_30,R1,2026-09-03T06:28:47.957221Z,behavior_monitor,17,902,550,1163,802,710,566,363.76,192.46,511.47,system,NA,0.346,2.95,61.98,135.29,16.96,99.11,0.0
Negotiation_30,R1,2026-09-03T06:28:48.468335Z,behavior_monitor,17,925,633,1146,789,760,617,271.02,164.82,421.97,system,NA,0.378,2.95,83.74,135.3,-163.03,169.61,54.25
Negotiation_30,R1,2026-09-03T06:28:48.722697Z,human_signal,17,933,678,1111,787,786,652,208.22,149.69,351.83,human,i_can,0.418,2.95,61.93,137.5,180.0,180.21,54.25
Negotiation_30,R1,2026-09-03T06:28:48.977339Z,behavior_monitor,17,954,715,1080,790,800,672,146.85,158.96,303.11,system,NA,0.52,2.95,61.93,135.19,163.18,97.85,54.25
Negotiation_30,R1,2026-09-03T06:28:49.317066Z,agent_signal,17,956,775,1036,794,819,699,82.21,156.23,236.45,agent,your_turn,0.655,2.95,64.52,129.41,180.0,97.85,54.25
Negotiation_30,R1,2026-09-03T06:28:49.487678Z,behavior_monitor,17,960,801,1014,796,829,713,54.38,157.38,202.43,system,NA,0.743,2.95,92.28,133.58,165.65,97.85,54.25
Negotiation_30,R1,2026-09-03T06:28:49.537964Z,shot_miss,17,960,809,1007,798,832,717,48.27,158.35,192.99,human,NA,0.766,2.95,92.28,134.88,163.64,97.85,54.25
Negotiation_30,R1,2026-09-03T06:28:49.997521Z,behavior_monitor,17,953,889,1018,844,858,754,79.04,164.76,183.56,system,NA,0.676,2.95,92.28,139.02,45.87,97.85,54.25
Negotiation_30,R1,2026-09-03T06:28:50.405149Z,flight_missed,17,980,953,1045,891,863,761,89.32,224.81,222.73,system,NA,0.716,2.95,46.85,129.41,90.0,0.0,6.5
Negotiation_30,R1,2026-09-03T06:28:50.406103Z,flight_spawn,18,609,-20,1045,891,863,761,1009.81,821.85,222.73,system,NA,0.449,2.83,135.0,129.41,90.0,0.0,6.5
Negotiation_30,R1,2026-09-03T06:28:51.817591Z,human_signal,18,412,85,969,836,792,661,935.14,690.15,248.95,human,your_turn,0.425,2.83,176.81,0.0,180.0,123.22,-125.75
Negotiation_30,R1,2026-09-03T06:28:51.818292Z,behavior_monitor,18,412,85,969,836,792,661,935.14,690.15,248.95,system,NA,0.425,2.83,176.81,0.0,180.0,130.47,-125.75
Negotiation_30,R1,2026-09-03T06:28:51.818854Z,human_signal,18,409,85,969,836,792,661,936.8,691.68,248.95,human,your_turn,0.425,2.83,176.81,0.0,180.0,130.47,-125.75
Negotiation_30,R1,2026-09-03T06:28:52.327624Z,behavior_monitor,18,331,90,941,836,742,591,964.11,648.32,315.79,system,NA,0.402,2.83,176.81,129.41,180.0,169.61,-125.75
Negotiation_30,R1,2026-09-03T06:28:52.838319Z,behavior_monitor,18,239,94,875,836,691,565,977.19,653.09,327.26,system,NA,0.401,2.83,176.81,129.41,180.0,99.11,180.0
Negotiation_30,R1,2026-09-03T06:28:53.349912Z,behavior_monitor,18,163,128,850,836,641,565,986.74,647.72,342.29,system,NA,0.396,2.83,131.76,87.51,0.0,99.11,180.0
Negotiation_30,R1,2026-09-03T06:28:53.861364Z,behavior_monitor,18,100,179,907,836,591,565,1040.12,623.89,416.44,system,NA,0.375,2.83,156.35,33.21,0.0,99.11,180.0
Negotiation_30,R1,2026-09-03T06:28:54.372024Z,behavior_monitor,18,38,227,907,836,540,566,1060.93,605.6,455.56,system,NA,0.363,2.83,130.73,0.0,0.0,99.11,180.0
Negotiation_30,R1,2026-09-03T06:28:54.883945Z,behavior_monitor,18,53,269,899,812,490,567,1004.99,529.0,476.39,system,NA,0.345,1.96,31.45,135.79,-107.63,112.66,-179.69
Negotiation_30,R1,2026-09-03T06:28:55.394503Z,behavior_monitor,18,97,308,927,770,440,567,950.02,429.56,527.94,system,NA,0.311,1.96,28.21,101.35,-26.79,99.11,180.0
Negotiation_30,R1,2026-09-03T06:28:55.564135Z,agent_signal,18,116,318,929,766,423,567,927.48,394.73,543.44,agent,i_can,0.299,1.96,28.21,0.0,-90.0,93.6,180.0
Negotiation_30,R1,2026-09-03T06:28:55.903174Z,behavior_monitor,18,144,343,929,766,389,567,891.0,331.56,575.34,system,NA,0.271,1.96,25.3,0.0,-90.0,105.3,180.0
Negotiation_30,R1,2026-09-03T06:28:56.004168Z,human_signal,18,158,348,929,766,379,565,876.89,310.01,585.13,human,your_turn,0.261,1.96,25.3,0.0,-90.0,105.3,180.0
Negotiation_30,R1,2026-09-03T06:28:56.004875Z,human_signal,18,160,348,929,766,379,565,874.59,307.88,585.13,human,your_turn,0.26,1.96,25.3,0.0,-90.0,99.11,180.0
Negotiation_30,R1,2026-09-03T06:28:56.222691Z,human_signal,18,180,358,929,766,358,564,852.18,271.95,605.44,human,your_turn,0.242,1.96,25.3,0.0,-90.0,99.11,180.0
Negotiation_30,R1,2026-09-03T06:28:56.223346Z,human_signal,18,181,359,929,766,358,564,850.84,270.61,605.44,human,your_turn,0.241,1.96,25.3,0.0,-90.0,99.11,180.0
Negotiation_30,R1,2026-09-03T06:28:56.410927Z,behavior_monitor,18,199,368,929,766,339,564,831.32,241.33,623.21,system,NA,0.225,1.96,25.3,0.0,-90.0,99.11,180.0
Negotiation_30,R1,2026-09-03T06:28:56.444710Z,human_signal,18,203,369,929,766,335,564,826.72,235.56,626.4,human,your_turn,0.222,1.96,25.3,0.0,-90.0,99.11,180.0
Negotiation_30,R1,2026-09-03T06:28:56.445689Z,human_signal,18,204,370,929,766,335,564,825.17,234.14,626.4,human,your_turn,0.221,1.96,25.3,0.0,-90.0,99.11,180.0
Negotiation_30,R1,2026-09-03T06:28:56.921807Z,behavior_monitor,18,251,393,929,766,288,564,773.51,175.51,671.04,system,NA,0.185,1.96,25.3,0.0,-90.0,99.11,180.0
Negotiation_30,R1,2026-09-03T06:28:56.938030Z,human_signal,18,253,394,929,766,287,564,771.14,173.89,672.65,human,your_turn,0.184,1.96,25.3,0.0,-90.0,99.11,180.0
Negotiation_30,R1,2026-09-03T06:28:56.938549Z,human_signal,18,255,394,929,766,287,564,769.03,172.7,672.65,human,your_turn,0.183,1.96,25.3,0.0,-90.0,99.11,180.0
Negotiation_30,R1,2026-09-03T06:28:57.431480Z,behavior_monitor,18,306,418,944,766,282,564,726.73,147.79,692.29,system,NA,0.169,1.96,25.3,69.42,0.0,99.11,0.0
Negotiation_30,R1,2026-09-03T06:28:57.499371Z,human_signal,18,313,421,949,766,288,564,722.72,144.66,690.65,human,your_turn,0.167,1.96,25.3,73.02,0.0,99.11,0.0
Negotiation_30,R1,2026-09-03T06:28:57.500492Z,human_signal,18,314,422,950,766,288,564,722.7,144.01,692.0,human,your_turn,0.166,1.96,0.19,78.76,0.0,99.11,0.0
Negotiation_30,R1,2026-09-03T06:28:57.942262Z,behavior_monitor,18,366,422,963,766,332,563,688.78,145.05,662.42,system,NA,0.174,1.96,0.19,0.0,0.0,99.11,0.0
Negotiation_30,R1,2026-09-03T06:28:58.061461Z,human_signal,18,380,422,963,766,344,563,676.45,145.7,651.53,human,your_turn,0.177,1.96,0.19,0.0,0.0,99.11,0.0
Negotiation_30,R1,2026-09-03T06:28:58.062634Z,human_signal,18,382,422,963,766,344,563,674.78,146.19,651.53,human,your_turn,0.178,1.96,0.19,0.0,0.0,99.11,0.0
Negotiation_30,R1,2026-09-03T06:28:58.265701Z,human_signal,18,403,422,963,766,364,563,656.73,146.33,632.34,human,your_turn,0.182,1.96,0.19,0.0,0.0,99.11,0.0
Negotiation_30,R1,2026-09-03T06:28:58.266461Z,human_signal,18,405,422,963,766,364,563,654.63,147.0,632.34,human,your_turn,0.183,1.96,0.19,0.0,0.0,99.11,0.0
Negotiation_30,R1,2026-09-03T06:28:58.451541Z,behavior_monitor,18,425,430,966,766,382,563,636.91,139.71,618.07,system,NA,0.18,1.96,49.77,34.68,0.0,99.11,0.0
Negotiation_30,R1,2026-09-03T06:28:58.960772Z,behavior_monitor,18,471,462,1003,760,433,564,609.61,108.68,603.21,system,NA,0.151,1.96,22.99,64.55,-37.59,99.11,0.0
Negotiation_30,R1,2026-09-03T06:28:59.470651Z,behavior_monitor,18,532,473,1056,754,483,563,595.52,102.45,604.0,system,NA,0.147,1.96,1.31,129.41,0.0,99.11,0.0
Negotiation_30,R1,2026-09-03T06:28:59.623448Z,human_signal,18,547,476,1076,754,499,563,598.16,100.08,608.4,human,your_turn,0.143,1.96,25.35,129.41,0.0,99.11,0.0
Negotiation_30,R1,2026-09-03T06:28:59.624026Z,human_signal,18,549,476,1078,754,499,563,597.96,100.32,610.49,human,your_turn,0.144,1.96,25.35,129.41,0.0,99.11,0.0
Negotiation_30,R1,2026-09-03T06:28:59.980084Z,behavior_monitor,18,586,483,1122,754,534,563,600.73,95.44,618.68,system,NA,0.137,1.96,3.94,129.41,0.0,99.11,0.0
Negotiation_30,R1,2026-09-03T06:29:00.495433Z,behavior_monitor,18,646,487,1136,754,584,563,558.22,97.4,584.07,system,NA,0.149,1.96,3.94,0.0,0.0,99.11,0.0
Negotiation_30,R1,2026-09-03T06:29:01.006893Z,behavior_monitor,18,701,495,1136,754,635,563,505.88,95.01,536.51,system,NA,0.158,1.96,23.54,0.0,0.0,99.11,0.0
Negotiation_30,R1,2026-09-03T06:29:01.517016Z,behavior_monitor,18,752,520,1136,754,685,563,449.96,79.19,489.62,system,NA,0.15,1.96,38.46,0.0,0.0,99.11,0.0
Negotiation_30,R1,2026-09-03T06:29:01.517680Z,human_signal,18,753,521,1136,754,685,563,448.5,79.36,489.62,human,i_can,0.15,1.96,38.46,0.0,0.0,99.11,0.0
Negotiation_30,R1,2026-09-03T06:29:02.027698Z,behavior_monitor,18,799,556,1105,737,714,563,355.78,85.32,428.15,system,NA,0.193,1.96,37.82,139.43,-158.15,57.18,0.0
Negotiation_30,R1,2026-09-03T06:29:02.146925Z,agent_signal,18,810,565,1089,732,721,563,325.15,89.45,405.76,agent,your_turn,0.216,1.96,37.82,135.81,-162.34,57.18,0.0
Negotiation_30,R1,2026-09-03T06:29:02.538179Z,behavior_monitor,18,846,587,1073,727,743,581,266.35,103.26,360.37,system,NA,0.279,1.96,38.02,0.0,180.0,97.85,54.25
Negotiation_30,R1,2026-09-03T06:29:03.049575Z,behavior_monitor,18,883,628,1073,727,764,608,214.25,120.24,330.77,system,NA,0.359,1.96,62.62,0.0,180.0,0.0,54.25
Negotiation_30,R1,2026-09-03T06:29:03.561209Z,behavior_monitor,18,911,680,1044,738,764,608,144.86,163.88,308.64,system,NA,0.531,1.96,62.62,139.36,144.3,0.0,54.25
Negotiation_30,R1,2026-09-03T06:29:04.073899Z,behavior_monitor,18,932,734,989,781,781,631,73.58,183.64,257.0,system,NA,0.714,1.96,82.86,133.43,165.9,130.47,54.25
Negotiation_30,R1,2026-09-03T06:29:04.377519Z,shot_hit,18,939,769,950,794,804,664,27.35,171.45,196.13,human,NA,0.862,1.96,82.86,137.19,156.39,130.47,54.25
Negotiation_30,R1,2026-09-03T06:29:04.378191Z,flight_spawn,19,836,-20,950,794,804,664,822.84,684.89,196.13,system,NA,0.454,3.58,56.05,137.19,156.39,130.47,54.25
Negotiation_30,R1,2026-09-03T06:29:05.888999Z,human_signal,19,687,170,926,819,773,566,691.07,404.95,295.51,human,your_turn,0.369,3.58,172.63,129.41,180.0,76.24,180.0
Negotiation_30,R1,2026-09-03T06:29:05.889640Z,behavior_monitor,19,687,170,926,819,773,566,691.07,404.95,295.51,system,NA,0.369,3.58,172.63,137.5,180.0,81.0,180.0
Negotiation_30,R1,2026-09-03T06:29:05.889978Z,human_signal,19,684,171,924,819,773,566,691.04,405.23,294.38,human,your_turn,0.37,3.58,159.66,137.5,180.0,81.0,180.0
Negotiation_30,R1,2026-09-03T06:29:06.398881Z,behavior_monitor,19,589,207,861,819,722,566,669.29,382.32,288.74,system,NA,0.364,3.58,147.52,124.57,180.0,99.11,180.0
Negotiation_30,R1,2026-09-03T06:29:06.905525Z,behavior_monitor,19,497,252,838,819,672,566,661.48,359.47,302.43,system,NA,0.352,3.58,171.05,117.62,180.0,99.11,180.0
Negotiation_30,R1,2026-09-03T06:29:07.410868Z,behavior_monitor,19,401,303,772,819,622,565,635.33,342.5,295.01,system,NA,0.35,3.58,148.26,129.41,180.0,99.11,180.0
Negotiation_30,R1,2026-09-03T06:29:07.850469Z,agent_signal,19,314,343,735,819,578,565,634.97,344.18,298.82,agent,i_can,0.352,3.58,147.46,129.41,180.0,99.11,180.0
Negotiation_30,R1,2026-09-03T06:29:07.918312Z,behavior_monitor,19,304,345,728,819,571,565,635.93,346.04,298.51,system,NA,0.352,3.58,175.85,129.41,180.0,99.11,180.0
Negotiation_30,R1,2026-09-03T06:29:08.428608Z,behavior_monitor,19,196,353,662,819,520,566,659.04,387.4,290.5,system,NA,0.37,3.58,175.85,129.41,180.0,99.11,180.0
Negotiation_30,R1,2026-09-03T06:29:08.939495Z,behavior_monitor,19,91,366,631,819,469,566,704.47,427.36,300.27,system,NA,0.378,3.58,159.27,68.54,180.0,99.11,180.0
Negotiation_30,R1,2026-09-03T06:29:09.449536Z,behavior_monitor,19,31,415,572,819,419,566,675.04,416.22,295.3,system,NA,0.381,3.0,60.71,0.0,180.0,99.11,180.0
Negotiation_30,R1,2026-09-03T06:29:09.959083Z,behavior_monitor,19,68,496,577,819,368,566,603.07,308.47,327.66,system,NA,0.338,3.0,84.57,0.0,0.0,99.11,180.0
Negotiation_30,R1,2026-09-03T06:29:10.316574Z,human_signal,19,91,552,577,820,333,567,555.53,242.33,352.27,human,your_turn,0.304,3.0,55.99,41.73,90.0,99.11,180.0
Negotiation_30,R1,2026-09-03T06:29:10.317289Z,human_signal,19,92,554,577,821,333,567,553.35,240.57,352.92,human,your_turn,0.303,3.0,85.97,41.73,90.0,127.33,178.96
Negotiation_30,R1,2026-09-03T06:29:10.470092Z,behavior_monitor,19,92,578,577,830,318,571,546.73,225.98,366.32,system,NA,0.292,3.0,59.05,68.96,90.0,165.73,122.93
Negotiation_30,R1,2026-09-03T06:29:10.539771Z,human_signal,19,99,589,577,835,311,581,537.79,212.09,367.9,human,your_turn,0.283,3.0,59.05,69.41,90.0,169.61,125.75
Negotiation_30,R1,2026-09-03T06:29:10.540782Z,human_signal,19,101,591,577,836,311,581,535.27,210.09,368.72,human,your_turn,0.282,3.0,59.05,69.61,90.0,169.61,125.75
Negotiation_30,R1,2026-09-03T06:29:10.726529Z,human_signal,19,118,617,577,848,292,607,514.05,174.76,373.31,human,your_turn,0.254,3.0,59.05,71.39,90.0,169.61,125.75
Negotiation_30,R1,2026-09-03T06:29:10.727126Z,human_signal,19,119,620,577,849,292,607,512.34,173.7,374.11,human,your_turn,0.253,3.0,59.05,72.08,90.0,169.61,125.75
Negotiation_30,R1,2026-09-03T06:29:10.981505Z,behavior_monitor,19,142,656,577,868,267,642,484.72,126.37,383.91,system,NA,0.207,3.0,59.05,82.41,90.0,169.61,125.75
Negotiation_30,R1,2026-09-03T06:29:11.493996Z,behavior_monitor,19,193,733,570,884,216,712,406.35,31.51,393.61,system,NA,0.072,3.0,31.09,0.0,90.0,160.19,125.75
Negotiation_30,R1,2026-09-03T06:29:11.562800Z,shot_hit,19,206,740,572,890,208,723,395.79,17.37,400.51,agent,NA,0.042,3.0,31.09,133.12,71.92,169.61,125.75
Negotiation_30,R1,2026-09-03T06:29:11.563384Z,flight_spawn,20,1079,-20,572,890,208,723,1042.08,1145.17,400.51,system,NA,0.524,2.83,45.0,133.12,71.92,169.61,125.75
Negotiation_30,R1,2026-09-03T06:29:13.213723Z,human_signal,20,1100,226,706,807,304,589,701.84,874.32,457.43,human,i_can,0.555,2.83,109.63,135.76,-17.59,130.47,-54.25
Negotiation_30,R1,2026-09-03T06:29:13.230626Z,behavior_monitor,20,1100,226,706,807,305,588,701.84,872.87,457.22,system,NA,0.554,2.83,109.63,136.65,-18.74,97.85,-54.25
Negotiation_30,R1,2026-09-03T06:29:13.740127Z,behavior_monitor,20,1038,278,771,777,334,566,566.57,760.87,485.5,system,NA,0.573,2.83,158.51,141.49,-28.46,57.18,0.0
Negotiation_30,R1,2026-09-03T06:29:14.249529Z,behavior_monitor,20,954,295,809,725,349,567,453.33,663.61,486.32,system,NA,0.594,2.83,155.26,129.41,-90.0,0.0,45.57
Negotiation_30,R1,2026-09-03T06:29:14.556283Z,agent_signal,20,905,308,805,683,349,567,388.5,614.05,471.17,agent,your_turn,0.612,2.83,150.95,133.42,-104.09,0.0,45.57
Negotiation_30,R1,2026-09-03T06:29:14.762499Z,behavior_monitor,20,876,319,796,659,360,567,349.63,572.51,445.88,system,NA,0.621,2.83,156.22,136.71,-118.67,57.18,0.0
Negotiation_30,R1,2026-09-03T06:29:15.272917Z,behavior_monitor,20,796,353,759,600,389,567,249.68,459.1,370.91,system,NA,0.648,2.83,134.86,138.29,-122.83,57.18,0.0
Negotiation_30,R1,2026-09-03T06:29:15.788152Z,behavior_monitor,20,748,424,746,547,391,567,123.88,385.17,355.73,system,NA,0.757,2.83,112.97,131.88,-126.08,0.0,151.71
Negotiation_30,R1,2026-09-03T06:29:16.180576Z,shot_hit,20,738,487,723,502,395,565,21.9,352.32,334.02,human,NA,0.941,2.83,90.36,140.27,-114.35,76.24,0.0
Negotiation_30,R2,2026-09-03T06:29:25.458052Z,flight_spawn,1,534,-20,723,502,395,565,555.83,601.81,334.02,system,NA,0.52,3.25,52.03,0.0,-114.72,0.0,0.0
Negotiation_30,R2,2026-09-03T06:29:31.005973Z,human_signal,1,875,332,1059,718,538,566,427.44,410.68,542.48,human,i_can,0.49,3.25,44.46,137.23,-119.99,76.24,0.0
Negotiation_30,R2,2026-09-03T06:29:31.022644Z,behavior_monitor,1,875,332,1059,718,539,566,427.44,410.29,541.8,system,NA,0.49,3.25,44.46,138.24,-120.31,40.05,20.2
Negotiation_30,R2,2026-09-03T06:29:31.534932Z,behavior_monitor,1,960,380,1032,654,568,565,283.15,432.98,472.68,system,NA,0.605,3.25,19.09,129.41,-90.0,57.18,0.0
Negotiation_30,R2,2026-09-03T06:29:32.044108Z,behavior_monitor,1,1031,446,1034,588,581,565,142.32,465.79,454.2,system,NA,0.766,3.25,43.04,129.41,-90.0,0.0,-122.57
Negotiation_30,R2,2026-09-03T06:29:32.095798Z,agent_signal,1,1040,455,1034,579,581,565,124.73,472.21,453.84,agent,your_turn,0.791,3.25,43.04,129.41,-90.0,0.0,-122.57
Negotiation_30,R2,2026-09-03T06:29:32.438376Z,shot_miss,1,1037,510,1056,541,600,566,36.81,440.23,456.39,human,NA,0.923,3.25,121.74,142.72,-43.45,57.18,0.0
Negotiation_30,R2,2026-09-03T06:29:32.558298Z,behavior_monitor,1,1031,531,1065,530,606,565,33.53,426.13,459.63,system,NA,0.927,3.25,98.61,92.7,-90.0,57.18,0.0
Negotiation_30,R2,2026-09-03T06:29:32.898259Z,shot_miss,1,1002,583,1027,535,623,571,53.73,379.75,405.78,human,NA,0.876,3.25,164.92,135.6,107.38,0.0,54.25
Negotiation_30,R2,2026-09-03T06:29:33.067317Z,behavior_monitor,1,973,592,1027,557,623,570,64.14,350.12,403.95,system,NA,0.845,3.25,164.92,129.41,90.0,0.0,-45.73
Negotiation_30,R2,2026-09-03T06:29:33.577416Z,behavior_monitor,1,878,628,1004,621,635,586,125.94,246.11,369.98,system,NA,0.661,3.25,142.7,140.18,125.58,130.47,54.25
Negotiation_30,R2,2026-09-03T06:29:34.090336Z,behavior_monitor,1,805,693,963,680,675,641,158.89,140.08,290.89,system,NA,0.469,3.25,118.66,139.22,121.55,130.47,54.25
Negotiation_30,R2,2026-09-03T06:29:34.328427Z,human_signal,1,785,736,944,710,693,666,161.45,115.66,255.36,human,i_can,0.417,3.25,118.66,139.28,121.53,130.47,54.25
Negotiation_30,R2,2026-09-03T06:29:34.602010Z,behavior_monitor,1,761,779,926,740,709,688,169.16,105.03,223.43,system,NA,0.383,3.25,118.66,131.48,121.49,92.42,54.25
Negotiation_30,R2,2026-09-03T06:29:34.636635Z,human_signal,1,753,786,922,746,711,691,173.42,104.31,218.77,human,i_can,0.376,3.25,141.37,139.21,121.49,97.85,54.25
Negotiation_30,R2,2026-09-03T06:29:34.874129Z,human_signal,1,713,806,905,775,711,710,195.1,96.49,205.34,human,i_can,0.331,3.25,162.03,138.89,120.04,97.85,125.75
Negotiation_30,R2,2026-09-03T06:29:34.958401Z,human_signal,1,701,810,901,783,706,716,201.71,93.86,205.94,human,your_turn,0.318,3.25,162.03,138.93,119.89,97.85,125.75
Negotiation_30,R2,2026-09-03T06:29:34.959459Z,human_signal,1,697,811,899,785,706,716,203.82,95.11,205.5,human,your_turn,0.318,3.25,162.03,138.93,119.89,97.85,125.75
Negotiation_30,R2,2026-09-03T06:29:35.112024Z,human_signal,1,672,819,890,801,691,737,218.66,83.88,209.41,human,your_turn,0.277,3.25,162.03,139.04,119.82,169.61,125.75
Negotiation_30,R2,2026-09-03T06:29:35.112721Z,behavior_monitor,1,672,819,890,801,691,737,218.66,83.88,209.41,system,NA,0.277,3.25,162.03,139.04,119.82,169.61,125.75
Negotiation_30,R2,2026-09-03T06:29:35.113059Z,human_signal,1,668,820,889,804,691,737,221.04,85.73,208.94,human,your_turn,0.279,3.25,162.03,139.04,119.82,169.61,125.75
Negotiation_30,R2,2026-09-03T06:29:35.366858Z,human_signal,1,634,851,872,832,665,772,239.42,85.05,215.68,human,your_turn,0.262,3.25,132.06,139.04,119.82,169.61,125.75
Negotiation_30,R2,2026-09-03T06:29:35.367603Z,human_signal,1,631,854,871,834,665,772,240.55,88.15,215.14,human,your_turn,0.268,3.25,132.06,139.04,119.82,169.61,125.75
Negotiation_30,R2,2026-09-03T06:29:35.502238Z,human_signal,1,618,870,863,849,652,791,246.18,86.6,218.83,human,your_turn,0.26,3.25,132.06,139.92,120.45,169.61,125.75
Negotiation_30,R2,2026-09-03T06:29:35.504992Z,human_signal,1,615,873,862,851,652,791,247.16,89.68,218.21,human,your_turn,0.266,3.25,132.06,140.27,120.69,169.61,125.75
Negotiation_30,R2,2026-09-03T06:29:35.622044Z,behavior_monitor,1,604,887,854,863,640,807,251.64,87.89,221.4,system,NA,0.259,3.25,132.06,140.7,120.98,169.61,125.75
Negotiation_30,R2,2026-09-03T06:29:35.672075Z,human_signal,1,597,895,850,869,635,814,255.16,88.97,222.5,human,your_turn,0.259,3.25,132.06,140.7,120.98,169.61,125.75
Negotiation_30,R2,2026-09-03T06:29:35.672660Z,human_signal,1,595,897,849,871,635,814,255.7,91.9,221.82,human,your_turn,0.264,3.25,132.06,140.7,120.98,169.61,125.75
Negotiation_30,R2,2026-09-03T06:29:35.774410Z,agent_signal,1,587,914,843,881,625,828,257.89,93.15,224.71,agent,i_can,0.265,3.25,107.26,140.81,121.06,169.61,125.75
Negotiation_30,R2,2026-09-03T06:29:35.825337Z,human_signal,1,587,920,839,888,620,835,254.65,90.74,225.82,human,your_turn,0.263,3.25,85.31,140.81,121.06,169.61,125.75
Negotiation_30,R2,2026-09-03T06:29:35.825844Z,human_signal,1,588,923,838,890,620,835,252.61,93.43,225.1,human,your_turn,0.27,3.25,85.31,140.81,121.06,169.61,125.75
Negotiation_30,R2,2026-09-03T06:29:35.978553Z,flight_missed,1,594,952,827,908,603,859,237.09,93.28,229.51,system,NA,0.282,3.25,62.62,141.25,121.35,169.61,125.75
Negotiation_30,R2,2026-09-03T06:29:35.979469Z,flight_spawn,2,533,-20,827,908,603,859,973.97,881.95,229.51,system,NA,0.475,3.15,50.63,141.25,121.35,169.61,125.75
Negotiation_30,R2,2026-09-03T06:29:37.860707Z,agent_signal,2,578,311,797,743,550,689,484.23,378.53,253.29,agent,i_can,0.439,3.15,24.16,140.25,-39.47,130.47,-54.25
Negotiation_30,R2,2026-09-03T06:29:37.877969Z,behavior_monitor,2,578,311,797,743,551,686,484.23,376.07,252.16,system,NA,0.437,3.15,24.16,139.06,-35.46,169.61,-54.25
Negotiation_30,R2,2026-09-03T06:29:38.386578Z,behavior_monitor,2,659,351,862,734,602,616,433.21,270.54,285.6,system,NA,0.384,3.15,43.98,129.41,0.0,169.61,-54.25
Negotiation_30,R2,2026-09-03T06:29:38.523766Z,human_signal,2,678,369,880,734,616,597,416.86,237.04,296.94,human,your_turn,0.363,3.15,43.98,129.41,0.0,169.61,-54.25
Negotiation_30,R2,2026-09-03T06:29:38.524881Z,human_signal,2,680,371,882,734,616,597,415.16,235.41,298.9,human,your_turn,0.362,3.15,43.98,129.41,0.0,168.96,-43.09
Negotiation_30,R2,2026-09-03T06:29:38.899971Z,behavior_monitor,2,730,409,928,734,653,565,379.94,173.05,322.52,system,NA,0.313,3.15,30.34,129.41,0.0,99.11,0.0
Negotiation_30,R2,2026-09-03T06:29:39.052604Z,human_signal,2,754,420,948,734,668,565,368.75,168.93,326.7,human,your_turn,0.314,3.15,4.22,129.41,0.0,99.11,0.0
Negotiation_30,R2,2026-09-03T06:29:39.053758Z,human_signal,2,757,420,950,734,668,565,368.19,170.22,328.58,human,your_turn,0.316,3.15,4.22,129.41,0.0,99.11,0.0
Negotiation_30,R2,2026-09-03T06:29:39.409662Z,behavior_monitor,2,815,449,994,734,704,565,336.5,161.15,335.97,system,NA,0.324,3.15,28.5,129.41,0.0,99.11,0.0
Negotiation_30,R2,2026-09-03T06:29:39.920271Z,behavior_monitor,2,898,494,1060,734,754,565,289.65,160.08,349.59,system,NA,0.356,3.15,28.5,129.41,0.0,99.11,0.0
Negotiation_30,R2,2026-09-03T06:29:40.211091Z,human_signal,2,949,513,1100,734,783,564,266.6,174.0,359.31,human,i_can,0.395,3.15,2.79,129.41,0.0,99.11,0.0
Negotiation_30,R2,2026-09-03T06:29:40.432073Z,behavior_monitor,2,989,515,1126,734,796,564,258.05,198.89,371.64,system,NA,0.435,3.15,2.79,129.41,0.0,57.18,0.0
Negotiation_30,R2,2026-09-03T06:29:40.941601Z,behavior_monitor,2,1067,559,1143,689,825,563,150.73,242.39,342.19,system,NA,0.617,3.15,5.76,136.67,-161.25,57.18,0.0
Negotiation_30,R2,2026-09-03T06:29:40.976124Z,agent_signal,2,1077,559,1139,688,827,563,142.57,250.19,336.02,agent,your_turn,0.637,3.15,5.76,129.41,180.0,57.18,0.0
Negotiation_30,R2,2026-09-03T06:29:41.452731Z,behavior_monitor,2,1127,625,1119,647,854,592,23.66,274.75,270.46,system,NA,0.921,3.15,58.04,139.91,-67.66,97.85,54.25
Negotiation_30,R2,2026-09-03T06:29:41.469318Z,shot_hit,2,1128,628,1120,645,855,593,19.3,275.21,269.69,human,NA,0.934,3.15,58.04,139.91,-67.66,97.85,54.25
Negotiation_30,R2,2026-09-03T06:29:41.470354Z,flight_spawn,3,622,-20,1120,645,855,593,830.87,656.35,269.69,system,NA,0.441,3.24,128.1,139.91,-67.66,97.85,54.25
Negotiation_30,R2,2026-09-03T06:29:42.459830Z,human_signal,3,526,135,1176,673,803,566,843.66,512.13,387.8,human,your_turn,0.378,3.24,101.17,135.04,106.6,76.24,180.0
Negotiation_30,R2,2026-09-03T06:29:42.460721Z,behavior_monitor,3,526,135,1176,673,803,566,843.66,512.13,387.8,system,NA,0.378,3.24,101.17,135.04,106.6,76.24,180.0
Negotiation_30,R2,2026-09-03T06:29:42.461150Z,human_signal,3,526,138,1175,675,803,566,842.55,509.51,387.72,human,your_turn,0.377,3.24,101.17,135.04,106.6,76.24,180.0
Negotiation_30,R2,2026-09-03T06:29:42.970337Z,behavior_monitor,3,540,230,1140,729,752,566,779.58,396.74,420.54,system,NA,0.337,3.24,78.67,137.88,147.92,99.11,180.0
Negotiation_30,R2,2026-09-03T06:29:43.481198Z,behavior_monitor,3,573,315,1097,781,701,565,700.45,281.1,450.18,system,NA,0.286,3.24,35.18,142.09,121.93,99.11,180.0
Negotiation_30,R2,2026-09-03T06:29:43.991813Z,behavior_monitor,3,660,355,1047,781,651,566,575.53,211.24,450.84,system,NA,0.268,3.24,10.18,138.04,-119.42,99.11,180.0
Negotiation_30,R2,2026-09-03T06:29:44.196102Z,agent_signal,3,701,363,1031,755,662,566,512.58,206.78,414.03,agent,i_can,0.287,3.24,14.53,139.69,-125.91,99.11,0.0
Negotiation_30,R2,2026-09-03T06:29:44.501437Z,behavior_monitor,3,747,394,1056,735,693,566,460.25,180.18,400.98,system,NA,0.281,3.24,36.19,137.25,-23.86,99.11,0.0
Negotiation_30,R2,2026-09-03T06:29:44.758039Z,human_signal,3,780,426,1088,721,718,566,427.59,153.54,401.72,human,your_turn,0.264,3.24,58.1,137.43,-22.65,99.11,0.0
Negotiation_30,R2,2026-09-03T06:29:44.758609Z,human_signal,3,781,428,1090,721,718,566,425.69,151.59,403.39,human,your_turn,0.263,3.24,58.1,137.3,-22.33,99.11,0.0
Negotiation_30,R2,2026-09-03T06:29:44.996746Z,human_signal,3,810,458,1119,711,741,566,399.67,128.33,404.55,human,your_turn,0.243,3.24,19.44,143.48,-16.61,105.3,0.0
Negotiation_30,R2,2026-09-03T06:29:44.997849Z,human_signal,3,812,459,1121,711,741,566,398.44,128.74,406.39,human,your_turn,0.244,3.24,19.44,135.04,-16.61,99.11,0.0
Negotiation_30,R2,2026-09-03T06:29:45.013363Z,behavior_monitor,3,812,459,1121,711,743,566,398.44,127.82,404.82,system,NA,0.243,3.24,19.44,134.28,-15.49,99.11,0.0
Negotiation_30,R2,2026-09-03T06:29:45.183276Z,human_signal,3,842,468,1143,709,760,566,385.63,127.34,409.03,human,your_turn,0.248,3.24,9.79,129.41,0.0,99.11,0.0
Negotiation_30,R2,2026-09-03T06:29:45.183819Z,human_signal,3,844,469,1145,709,760,566,385.08,128.52,411.09,human,your_turn,0.25,3.24,9.79,129.41,0.0,99.11,0.0
Negotiation_30,R2,2026-09-03T06:29:45.370712Z,human_signal,3,874,477,1167,709,778,566,374.56,130.61,414.35,human,your_turn,0.259,3.24,15.13,129.41,0.0,99.11,0.0
Negotiation_30,R2,2026-09-03T06:29:45.371654Z,human_signal,3,876,477,1170,709,778,566,373.51,132.14,416.41,human,your_turn,0.261,3.24,15.13,129.41,0.0,99.11,0.0
Negotiation_30,R2,2026-09-03T06:29:45.524966Z,behavior_monitor,3,902,484,1187,709,794,566,362.81,136.12,418.7,system,NA,0.273,3.24,15.13,129.41,0.0,99.11,0.0
Negotiation_30,R2,2026-09-03T06:29:45.541812Z,human_signal,3,905,485,1189,709,795,566,361.76,136.56,419.18,human,your_turn,0.274,3.24,15.13,129.41,0.0,99.11,0.0
Negotiation_30,R2,2026-09-03T06:29:45.542309Z,human_signal,3,908,486,1192,709,795,566,360.99,138.1,421.25,human,your_turn,0.277,3.24,15.13,129.41,0.0,99.11,0.0
Negotiation_30,R2,2026-09-03T06:29:45.748113Z,human_signal,3,942,495,1216,709,816,566,346.96,144.86,424.82,human,your_turn,0.295,3.24,15.13,129.41,0.0,99.11,0.0
Negotiation_30,R2,2026-09-03T06:29:45.749252Z,human_signal,3,946,496,1218,709,816,566,345.68,147.23,426.89,human,your_turn,0.299,3.24,15.13,129.41,0.0,99.11,0.0
Negotiation_30,R2,2026-09-03T06:29:45.917458Z,human_signal,3,972,504,1238,709,833,566,335.5,152.81,429.67,human,your_turn,0.313,3.24,15.13,129.41,0.0,99.11,0.0
Negotiation_30,R2,2026-09-03T06:29:45.918126Z,human_signal,3,976,505,1240,709,833,566,333.63,156.06,431.75,human,your_turn,0.319,3.24,15.13,129.41,0.0,99.11,0.0
Negotiation_30,R2,2026-09-03T06:29:46.037121Z,behavior_monitor,3,994,510,1253,709,844,565,327.28,159.31,433.22,system,NA,0.327,3.24,15.13,129.41,0.0,94.34,-6.87
Negotiation_30,R2,2026-09-03T06:29:46.087270Z,human_signal,3,1004,512,1260,709,850,566,322.38,163.58,434.14,human,your_turn,0.337,3.24,15.13,129.41,0.0,99.11,0.0
Negotiation_30,R2,2026-09-03T06:29:46.088338Z,human_signal,3,1008,513,1262,709,850,566,321.09,166.32,436.21,human,your_turn,0.341,3.24,15.13,129.41,0.0,99.11,0.0
Negotiation_30,R2,2026-09-03T06:29:46.257349Z,human_signal,3,1036,521,1282,709,867,566,309.97,174.74,438.81,human,your_turn,0.361,3.24,15.13,129.41,0.0,99.11,0.0
Negotiation_30,R2,2026-09-03T06:29:46.258049Z,human_signal,3,1038,521,1284,709,867,566,309.3,176.85,440.89,human,your_turn,0.364,3.24,15.13,129.41,0.0,99.11,0.0
Negotiation_30,R2,2026-09-03T06:29:46.547454Z,behavior_monitor,3,1085,535,1308,709,895,566,283.19,192.16,437.06,system,NA,0.404,3.24,15.13,0.0,0.0,99.11,0.0
Negotiation_30,R2,2026-09-03T06:29:47.057678Z,behavior_monitor,3,1169,580,1276,698,946,575,159.23,222.8,352.04,system,NA,0.583,3.24,38.57,75.89,-51.55,169.61,54.25
Negotiation_30,R2,2026-09-03T06:29:47.108517Z,human_signal,3,1178,589,1280,694,951,583,146.18,227.27,347.49,human,i_can,0.609,3.24,62.29,81.43,-48.45,169.61,54.25
Negotiation_30,R2,2026-09-03T06:29:47.570896Z,behavior_monitor,3,1184,670,1252,681,977,619,68.9,212.65,281.36,system,NA,0.755,3.24,85.08,138.99,153.69,97.85,54.25
Negotiation_30,R2,2026-09-03T06:29:47.741171Z,shot_miss,3,1179,702,1232,695,987,632,54.06,203.94,253.35,human,NA,0.79,3.24,94.5,140.68,138.17,97.85,54.25
Negotiation_30,R2,2026-09-03T06:29:47.825686Z,agent_signal,3,1178,721,1224,703,992,639,49.5,203.0,240.74,agent,your_turn,0.804,3.24,94.5,141.4,134.94,97.85,54.25
Negotiation_30,R2,2026-09-03T06:29:48.080576Z,behavior_monitor,3,1183,765,1199,729,1006,659,38.97,205.85,204.95,system,NA,0.841,3.24,52.35,141.14,132.47,97.85,54.25
Negotiation_30,R2,2026-09-03T06:29:48.148269Z,shot_miss,3,1190,775,1193,737,1010,665,38.74,210.99,196.08,human,NA,0.845,3.24,52.35,140.43,130.99,97.85,54.25
Negotiation_30,R2,2026-09-03T06:29:48.336073Z,shot_miss,3,1210,805,1177,757,1021,680,57.96,227.08,174.34,human,NA,0.797,3.24,79.25,140.08,122.94,97.85,54.25
Negotiation_30,R2,2026-09-03T06:29:48.506715Z,shot_miss,3,1218,837,1172,779,1031,693,73.27,235.54,165.54,human,NA,0.763,3.24,79.25,129.41,90.0,97.85,54.25
Negotiation_30,R2,2026-09-03T06:29:48.592689Z,behavior_monitor,3,1221,853,1173,790,1036,700,79.14,240.42,164.18,system,NA,0.752,3.24,79.25,133.63,75.56,97.85,54.25
Negotiation_30,R2,2026-09-03T06:29:48.661192Z,shot_miss,3,1223,865,1175,799,1036,700,81.86,250.13,171.32,human,NA,0.753,3.24,79.25,136.04,72.03,0.0,54.25
Negotiation_30,R2,2026-09-03T06:29:49.102769Z,behavior_monitor,3,1253,942,1196,856,1035,700,102.99,325.62,224.33,system,NA,0.76,3.24,51.15,137.73,69.98,0.0,-157.97
Negotiation_30,R2,2026-09-03T06:29:49.154648Z,flight_missed,3,1259,953,1199,865,1035,700,106.25,337.75,232.8,system,NA,0.761,3.24,76.47,137.71,70.01,0.0,-157.97
Negotiation_30,R2,2026-09-03T06:29:49.155348Z,flight_spawn,4,668,-20,1199,865,1035,700,1032.54,808.49,232.8,system,NA,0.439,3.44,125.52,137.71,70.01,0.0,-157.97
Negotiation_30,R2,2026-09-03T06:29:51.146565Z,agent_signal,4,488,313,1002,910,904,565,787.82,487.35,357.62,agent,i_can,0.382,3.44,103.34,119.95,180.0,76.24,180.0
Negotiation_30,R2,2026-09-03T06:29:51.163899Z,behavior_monitor,4,488,313,1002,910,903,565,787.82,485.91,358.08,system,NA,0.381,3.44,103.34,119.95,180.0,99.11,180.0
Negotiation_30,R2,2026-09-03T06:29:51.674616Z,behavior_monitor,4,451,407,938,910,852,565,699.69,431.39,354.59,system,NA,0.381,3.44,126.64,129.41,180.0,99.11,180.0
Negotiation_30,R2,2026-09-03T06:29:52.185077Z,behavior_monitor,4,424,500,872,910,802,566,606.98,383.33,350.72,system,NA,0.387,3.44,81.76,129.41,180.0,99.11,180.0
Negotiation_30,R2,2026-09-03T06:29:52.679530Z,human_signal,4,464,585,808,910,753,580,472.83,288.31,333.95,human,your_turn,0.379,3.44,52.81,129.41,180.0,169.61,125.75
Negotiation_30,R2,2026-09-03T06:29:52.680610Z,human_signal,4,466,588,807,910,753,580,469.32,287.01,334.37,human,your_turn,0.379,3.44,52.81,125.94,180.0,169.61,125.75
Negotiation_30,R2,2026-09-03T06:29:52.697196Z,behavior_monitor,4,466,588,807,910,751,583,468.86,285.27,331.67,system,NA,0.378,3.44,52.81,83.92,180.0,160.19,125.75
Negotiation_30,R2,2026-09-03T06:29:53.206621Z,behavior_monitor,4,539,653,767,910,700,648,343.66,160.95,270.31,system,NA,0.319,3.44,24.12,0.0,180.0,169.61,125.75
Negotiation_30,R2,2026-09-03T06:29:53.715770Z,behavior_monitor,4,583,741,788,910,649,716,265.68,71.07,238.3,system,NA,0.211,3.44,74.79,0.0,0.0,169.61,125.75
Negotiation_30,R2,2026-09-03T06:29:54.159876Z,shot_miss,4,611,828,838,910,604,779,241.05,49.79,268.34,agent,NA,0.171,3.44,76.04,129.41,0.0,169.61,125.75
Negotiation_30,R2,2026-09-03T06:29:54.227295Z,behavior_monitor,4,613,838,845,910,599,786,242.96,54.03,275.37,system,NA,0.182,3.44,76.04,129.41,0.0,169.61,125.75
Negotiation_30,R2,2026-09-03T06:29:54.737234Z,behavior_monitor,4,641,939,909,891,617,856,272.08,85.51,293.44,system,NA,0.239,3.44,76.04,141.33,-33.98,137.65,90.0
Negotiation_30,R2,2026-09-03T06:29:54.788718Z,flight_missed,4,644,952,917,886,621,866,280.91,89.24,296.65,system,NA,0.241,3.44,76.04,141.64,-34.16,169.61,54.25
Negotiation_30,R2,2026-09-03T06:29:54.789694Z,flight_spawn,5,881,-20,917,886,621,866,907.0,923.91,296.65,system,NA,0.505,2.95,132.76,141.64,-34.16,169.61,54.25
Negotiation_30,R2,2026-09-03T06:29:59.078449Z,agent_signal,5,622,308,1049,732,544,566,601.24,269.63,531.32,agent,i_can,0.31,2.95,43.67,73.31,0.0,76.24,0.0
Negotiation_30,R2,2026-09-03T06:29:59.094258Z,behavior_monitor,5,622,308,1049,732,546,566,601.24,269.14,529.72,system,NA,0.309,2.95,43.67,74.05,0.0,99.11,0.0
Negotiation_30,R2,2026-09-03T06:29:59.607085Z,behavior_monitor,5,689,369,1078,732,596,566,531.23,217.97,509.23,system,NA,0.291,2.95,43.67,129.41,0.0,99.11,0.0
Negotiation_30,R2,2026-09-03T06:30:00.116501Z,behavior_monitor,5,754,430,1144,738,647,566,496.58,173.46,526.05,system,NA,0.259,2.95,43.67,133.73,14.61,99.11,0.0
Negotiation_30,R2,2026-09-03T06:30:00.201534Z,human_signal,5,764,440,1155,741,655,566,493.14,166.45,529.44,human,your_turn,0.252,2.95,43.67,134.0,15.05,99.11,0.0
Negotiation_30,R2,2026-09-03T06:30:00.202765Z,human_signal,5,766,442,1157,742,655,566,492.62,166.07,531.72,human,your_turn,0.252,2.95,43.67,134.0,15.05,99.11,0.0
Negotiation_30,R2,2026-09-03T06:30:00.627980Z,behavior_monitor,5,825,483,1210,758,697,566,472.69,152.56,547.22,system,NA,0.244,2.95,48.58,135.45,17.18,99.11,0.0
Negotiation_30,R2,2026-09-03T06:30:01.136004Z,behavior_monitor,5,908,499,1276,778,749,566,461.9,172.51,568.07,system,NA,0.272,2.95,4.72,127.55,17.0,99.11,0.0
Negotiation_30,R2,2026-09-03T06:30:01.645326Z,behavior_monitor,5,996,507,1330,778,800,566,430.91,204.77,571.3,system,NA,0.322,2.95,15.3,93.77,0.0,99.11,0.0
Negotiation_30,R2,2026-09-03T06:30:02.155181Z,behavior_monitor,5,1078,536,1326,778,850,566,346.53,229.65,520.71,system,NA,0.399,2.95,14.54,38.12,180.0,99.11,0.0
Negotiation_30,R2,2026-09-03T06:30:02.446778Z,human_signal,5,1125,552,1326,778,880,566,302.67,245.74,494.27,human,i_can,0.448,2.95,41.67,0.0,180.0,99.11,0.0
Negotiation_30,R2,2026-09-03T06:30:02.667388Z,behavior_monitor,5,1151,575,1315,767,892,569,252.34,258.45,467.03,system,NA,0.506,2.95,41.67,136.73,-136.7,97.85,54.25
Negotiation_30,R2,2026-09-03T06:30:03.093002Z,agent_signal,5,1222,599,1269,731,917,593,139.97,305.77,378.65,agent,your_turn,0.686,2.95,9.82,130.29,-121.35,57.18,0.0
Negotiation_30,R2,2026-09-03T06:30:03.178069Z,behavior_monitor,5,1234,601,1267,720,921,596,123.77,312.1,367.26,system,NA,0.716,2.95,9.82,129.41,-90.0,57.18,0.0
Negotiation_30,R2,2026-09-03T06:30:03.690817Z,behavior_monitor,5,1322,622,1282,656,951,615,52.01,371.24,334.24,system,NA,0.877,2.95,10.88,143.99,-54.6,97.85,54.25
Negotiation_30,R2,2026-09-03T06:30:03.860991Z,shot_miss,5,1349,627,1299,639,959,621,51.11,389.32,339.89,human,NA,0.884,2.95,10.88,128.91,-30.65,57.18,0.0
Negotiation_30,R2,2026-09-03T06:30:04.200835Z,behavior_monitor,5,1401,651,1342,635,959,621,61.0,442.82,383.27,system,NA,0.879,2.95,33.52,133.91,14.9,0.0,0.0
Negotiation_30,R2,2026-09-03T06:30:04.217310Z,shot_miss,5,1404,653,1345,635,959,621,61.87,445.75,385.49,human,NA,0.878,2.95,33.52,133.91,14.9,0.0,0.0
Negotiation_30,R2,2026-09-03T06:30:04.404588Z,shot_miss,5,1434,671,1369,643,960,621,71.1,477.03,409.57,human,NA,0.87,2.95,33.52,128.26,17.65,0.0,0.0
Negotiation_30,R2,2026-09-03T06:30:04.711042Z,behavior_monitor,5,1435,700,1402,667,970,636,46.93,469.65,432.64,system,NA,0.909,2.2,111.15,135.46,46.29,130.47,54.25
Negotiation_30,R2,2026-09-03T06:30:04.810543Z,shot_miss,5,1435,713,1411,677,978,646,42.6,461.57,433.93,human,NA,0.916,2.2,81.9,135.73,46.78,130.47,54.25
Negotiation_30,R2,2026-09-03T06:30:04.980816Z,shot_miss,5,1431,734,1424,695,991,664,39.19,445.43,434.46,human,NA,0.919,2.2,129.85,125.66,66.84,130.47,54.25
Negotiation_30,R2,2026-09-03T06:30:05.184807Z,shot_miss,5,1419,756,1431,721,1006,686,35.99,418.71,425.68,human,NA,0.921,2.2,102.89,129.41,90.0,130.47,54.25
Negotiation_30,R2,2026-09-03T06:30:05.218935Z,behavior_monitor,5,1418,760,1431,726,1009,689,36.23,415.21,423.17,system,NA,0.92,2.2,102.89,129.41,90.0,130.47,54.25
Negotiation_30,R2,2026-09-03T06:30:05.371694Z,shot_miss,5,1412,779,1431,746,1021,706,38.34,398.13,411.88,human,NA,0.912,2.2,102.89,129.41,90.0,130.47,54.25
Negotiation_30,R2,2026-09-03T06:30:05.642844Z,shot_miss,5,1401,813,1431,781,1041,734,43.58,368.74,391.96,human,NA,0.894,2.2,76.43,129.41,90.0,130.47,54.25
Negotiation_30,R2,2026-09-03T06:30:05.727513Z,behavior_monitor,5,1402,824,1431,792,1048,743,42.75,363.64,385.77,system,NA,0.895,2.2,76.43,129.41,90.0,130.47,54.25
Negotiation_30,R2,2026-09-03T06:30:05.847306Z,shot_miss,5,1404,839,1431,807,1057,757,41.23,357.1,377.21,human,NA,0.896,2.2,76.43,129.41,90.0,130.47,54.25
Negotiation_30,R2,2026-09-03T06:30:06.000954Z,shot_miss,5,1410,858,1431,827,1068,773,37.33,352.05,366.18,human,NA,0.904,2.2,101.06,129.41,90.0,130.47,54.25
Negotiation_30,R2,2026-09-03T06:30:06.186684Z,shot_miss,5,1403,882,1431,851,1083,793,40.94,332.91,352.79,human,NA,0.89,2.2,101.06,129.41,90.0,130.47,54.25
Negotiation_30,R2,2026-09-03T06:30:06.237441Z,behavior_monitor,5,1404,888,1431,858,1087,798,40.63,329.76,349.16,system,NA,0.89,2.2,72.54,129.41,90.0,130.47,54.25
Negotiation_30,R2,2026-09-03T06:30:06.747792Z,behavior_monitor,5,1446,924,1431,910,1126,852,21.14,328.43,310.2,system,NA,0.94,1.73,125.72,0.0,90.0,130.47,54.25
Negotiation_30,R2,2026-09-03T06:30:06.781849Z,shot_hit,5,1444,926,1431,910,1128,856,21.65,323.53,307.0,human,NA,0.937,1.73,125.72,0.0,90.0,130.47,54.25
Negotiation_30,R2,2026-09-03T06:30:06.783154Z,flight_spawn,6,1378,-20,1431,910,1128,856,931.5,910.99,307.0,system,NA,0.494,2.83,45.0,0.0,90.0,130.47,54.25
Negotiation_30,R2,2026-09-03T06:30:11.276134Z,agent_signal,6,1028,340,1039,840,1081,565,499.97,231.1,277.98,agent,i_can,0.316,2.33,106.19,129.41,180.0,76.24,180.0
Negotiation_30,R2,2026-09-03T06:30:11.292642Z,behavior_monitor,6,1028,340,1039,840,1079,565,499.97,230.72,277.73,system,NA,0.316,2.33,106.19,129.41,180.0,99.11,180.0
Negotiation_30,R2,2026-09-03T06:30:11.802023Z,behavior_monitor,6,986,400,973,840,1028,565,440.84,170.95,280.33,system,NA,0.279,2.33,130.57,129.41,180.0,99.11,180.0
Negotiation_30,R2,2026-09-03T06:30:12.310206Z,behavior_monitor,6,936,446,910,840,977,565,394.63,125.95,283.02,system,NA,0.242,2.33,150.65,93.22,180.0,99.11,180.0
Negotiation_30,R2,2026-09-03T06:30:12.430134Z,human_signal,6,923,456,900,840,966,565,384.98,117.53,282.62,human,your_turn,0.234,2.33,126.43,84.81,180.0,99.11,180.0
Negotiation_30,R2,2026-09-03T06:30:12.430840Z,human_signal,6,921,458,898,840,966,565,383.11,116.35,282.97,human,your_turn,0.233,2.33,126.43,84.81,180.0,99.11,180.0
Negotiation_30,R2,2026-09-03T06:30:12.821212Z,behavior_monitor,6,904,504,851,853,927,565,352.31,65.53,297.01,system,NA,0.157,2.33,106.16,142.67,164.53,105.3,180.0
Negotiation_30,R2,2026-09-03T06:30:13.058093Z,shot_miss,6,888,533,833,857,902,565,328.66,34.9,300.06,agent,NA,0.096,2.33,123.52,0.0,180.0,105.3,180.0
Negotiation_30,R2,2026-09-03T06:30:13.329708Z,behavior_monitor,6,867,561,814,857,876,565,301.31,10.52,298.56,system,NA,0.034,2.33,123.03,129.41,180.0,99.11,180.0
Negotiation_30,R2,2026-09-03T06:30:13.433414Z,shot_hit,6,856,574,802,857,865,570,288.15,9.21,293.72,agent,NA,0.031,2.33,99.53,38.84,180.0,169.61,125.75
Negotiation_30,R2,2026-09-03T06:30:13.433972Z,flight_spawn,7,861,-20,802,857,865,570,879.81,590.92,293.72,system,NA,0.402,2.83,135.0,38.84,180.0,169.61,125.75
Negotiation_30,R2,2026-09-03T06:30:18.013734Z,agent_signal,7,254,357,455,863,570,564,544.52,378.11,320.34,agent,i_can,0.41,2.83,155.69,129.41,180.0,76.24,180.0
Negotiation_30,R2,2026-09-03T06:30:18.030663Z,behavior_monitor,7,254,357,455,863,569,564,544.52,376.7,319.74,system,NA,0.409,2.83,155.69,129.41,180.0,99.11,180.0
Negotiation_30,R2,2026-09-03T06:30:18.540614Z,behavior_monitor,7,170,388,389,863,518,564,523.31,389.93,325.37,system,NA,0.427,2.83,154.01,129.41,180.0,99.11,180.0
Negotiation_30,R2,2026-09-03T06:30:18.712176Z,human_signal,7,144,400,367,863,501,564,513.86,392.9,327.44,human,your_turn,0.433,2.83,154.01,129.41,180.0,99.11,180.0
Negotiation_30,R2,2026-09-03T06:30:18.713236Z,human_signal,7,141,401,365,863,501,564,513.13,395.18,328.34,human,your_turn,0.435,2.83,154.01,129.41,180.0,99.11,180.0
Negotiation_30,R2,2026-09-03T06:30:19.053030Z,behavior_monitor,7,93,425,330,866,467,564,500.58,399.09,332.4,system,NA,0.444,2.83,154.01,0.0,180.0,99.11,180.0
Negotiation_30,R2,2026-09-03T06:30:19.564478Z,behavior_monitor,7,26,476,356,866,416,564,511.66,399.92,308.34,system,NA,0.439,2.83,155.18,54.36,180.0,99.11,180.0
Negotiation_30,R2,2026-09-03T06:30:20.074918Z,behavior_monitor,7,62,527,339,877,366,564,446.18,306.12,314.07,system,NA,0.407,2.45,64.93,77.2,43.04,99.11,180.0
Negotiation_30,R2,2026-09-03T06:30:20.176431Z,human_signal,7,66,541,348,883,356,564,443.8,290.65,318.78,human,your_turn,0.396,2.45,64.93,125.15,29.56,99.11,180.0
Negotiation_30,R2,2026-09-03T06:30:20.177579Z,human_signal,7,67,543,350,884,356,564,443.27,289.09,319.84,human,your_turn,0.395,2.45,64.93,125.15,29.56,99.11,180.0
Negotiation_30,R2,2026-09-03T06:30:20.588852Z,behavior_monitor,7,105,583,397,909,315,578,437.41,210.55,340.85,system,NA,0.325,2.45,42.74,134.23,24.85,99.11,180.0
Negotiation_30,R2,2026-09-03T06:30:21.098533Z,behavior_monitor,7,146,645,462,910,265,641,412.59,118.89,333.43,system,NA,0.224,2.45,60.15,129.18,0.0,169.61,125.75
Negotiation_30,R2,2026-09-03T06:30:21.608811Z,behavior_monitor,7,181,709,528,910,214,705,400.42,32.9,375.2,system,NA,0.076,2.45,62.36,129.18,0.0,169.61,125.75
Negotiation_30,R2,2026-09-03T06:30:21.727960Z,shot_hit,7,189,727,544,910,201,721,399.9,13.34,391.72,agent,NA,0.032,2.45,62.36,127.84,0.0,76.79,166.64
Negotiation_30,R2,2026-09-03T06:30:21.728867Z,flight_spawn,8,1224,-20,544,910,201,721,1151.84,1263.66,391.72,system,NA,0.523,3.36,53.48,127.84,0.0,76.79,166.64
Negotiation_30,R2,2026-09-03T06:30:23.716507Z,agent_signal,8,1148,311,718,842,329,566,682.89,857.91,476.61,agent,your_turn,0.557,3.36,126.22,129.41,0.0,76.24,0.0
Negotiation_30,R2,2026-09-03T06:30:23.734134Z,behavior_monitor,8,1148,311,718,842,330,566,682.89,856.98,475.82,system,NA,0.557,3.36,126.22,129.41,0.0,57.18,0.0
Negotiation_30,R2,2026-09-03T06:30:24.241498Z,behavior_monitor,8,1084,392,784,842,359,566,540.42,745.77,506.26,system,NA,0.58,3.36,126.22,129.41,0.0,57.18,0.0
Negotiation_30,R2,2026-09-03T06:30:24.751993Z,behavior_monitor,8,1002,445,843,833,373,566,419.35,641.49,540.54,system,NA,0.605,3.36,145.46,112.92,-38.53,0.0,0.0
Negotiation_30,R2,2026-09-03T06:30:25.193330Z,human_signal,8,928,496,840,775,373,566,291.94,559.58,511.45,human,i_can,0.657,3.36,145.46,129.41,-90.0,0.0,0.0
Negotiation_30,R2,2026-09-03T06:30:25.260470Z,behavior_monitor,8,920,502,840,768,376,566,277.9,547.41,505.23,system,NA,0.663,3.36,145.46,129.41,-90.0,57.18,0.0
Negotiation_30,R2,2026-09-03T06:30:25.769663Z,behavior_monitor,8,830,530,837,702,406,565,172.55,425.36,451.94,system,NA,0.711,3.36,175.45,139.13,-114.32,57.18,0.0
Negotiation_30,R2,2026-09-03T06:30:26.281831Z,behavior_monitor,8,730,543,788,658,417,566,129.25,314.6,382.71,system,NA,0.709,3.36,163.2,132.87,-158.88,0.0,93.58
Negotiation_30,R2,2026-09-03T06:30:26.792371Z,behavior_monitor,8,630,566,722,652,417,567,126.54,212.68,317.07,system,NA,0.627,3.36,169.31,122.22,180.0,18.81,62.92
Negotiation_30,R2,2026-09-03T06:30:27.302328Z,behavior_monitor,8,534,597,656,672,444,592,143.91,89.67,226.88,system,NA,0.384,3.36,177.0,137.66,158.33,130.47,54.25
Negotiation_30,R2,2026-09-03T06:30:27.709841Z,human_signal,8,448,616,602,693,452,610,171.83,7.24,171.97,human,i_can,0.04,3.36,160.37,137.61,158.38,76.24,180.0
Negotiation_30,R2,2026-09-03T06:30:27.760569Z,shot_hit,8,440,620,595,696,449,614,173.24,10.3,167.86,agent,NA,0.056,3.36,160.37,137.25,158.76,57.18,180.0
Negotiation_30,R2,2026-09-03T06:30:27.761077Z,flight_spawn,9,482,-20,595,696,449,614,725.37,635.67,167.86,system,NA,0.467,2.89,46.21,137.25,158.76,57.18,180.0
Negotiation_30,R2,2026-09-03T06:30:27.963402Z,human_signal,9,501,2,572,705,449,614,706.13,614.11,152.68,human,your_turn,0.465,2.89,46.21,137.22,158.8,0.0,108.19
Negotiation_30,R2,2026-09-03T06:30:27.964348Z,behavior_monitor,9,501,2,572,705,449,614,706.13,614.11,152.68,system,NA,0.465,2.89,46.21,137.4,158.61,0.0,108.19
Negotiation_30,R2,2026-09-03T06:30:27.964719Z,human_signal,9,503,5,569,706,449,614,704.55,612.16,151.45,human,your_turn,0.465,2.89,46.21,137.4,158.61,0.0,108.19
Negotiation_30,R2,2026-09-03T06:30:28.473752Z,behavior_monitor,9,557,65,506,731,483,567,667.65,507.64,165.27,system,NA,0.432,2.89,29.18,137.71,158.28,169.61,-54.25
Negotiation_30,R2,2026-09-03T06:30:28.986276Z,behavior_monitor,9,634,106,543,772,533,565,671.39,469.08,207.21,system,NA,0.411,2.89,7.09,139.1,39.46,99.11,0.0
Negotiation_30,R2,2026-09-03T06:30:29.494721Z,behavior_monitor,9,721,131,602,805,584,564,684.38,453.72,241.82,system,NA,0.399,2.89,10.27,129.41,0.0,99.11,0.0
Negotiation_30,R2,2026-09-03T06:30:30.004232Z,behavior_monitor,9,791,175,668,805,634,564,642.29,419.51,243.71,system,NA,0.395,2.89,29.46,129.41,0.0,99.11,0.0
Negotiation_30,R2,2026-09-03T06:30:30.512975Z,behavior_monitor,9,870,198,734,805,684,564,622.44,410.39,246.51,system,NA,0.397,2.89,6.6,129.41,0.0,99.11,0.0
Negotiation_30,R2,2026-09-03T06:30:31.022471Z,behavior_monitor,9,959,213,800,805,735,564,613.62,415.94,250.08,system,NA,0.404,2.89,22.35,129.41,0.0,99.11,0.0
Negotiation_30,R2,2026-09-03T06:30:31.532431Z,behavior_monitor,9,1037,241,866,805,786,563,590.07,408.56,255.12,system,NA,0.409,2.89,7.34,129.41,0.0,99.11,0.0
Negotiation_30,R2,2026-09-03T06:30:32.041655Z,behavior_monitor,9,1123,252,932,805,836,563,585.95,423.73,260.35,system,NA,0.42,2.89,7.34,129.41,0.0,99.11,0.0
Negotiation_30,R2,2026-09-03T06:30:32.552283Z,behavior_monitor,9,1201,290,998,805,887,563,554.55,416.74,266.61,system,NA,0.429,2.89,37.59,122.22,0.0,93.6,0.0
Negotiation_30,R2,2026-09-03T06:30:33.251128Z,agent_signal,9,1308,340,1090,805,956,562,514.24,416.42,277.47,agent,i_can,0.447,2.89,16.16,129.41,0.0,99.11,0.0
Negotiation_30,R2,2026-09-03T06:30:33.267550Z,behavior_monitor,9,1308,340,1090,805,958,562,514.24,415.0,276.66,system,NA,0.447,2.89,16.16,129.41,0.0,99.11,0.0
Negotiation_30,R2,2026-09-03T06:30:33.776670Z,behavior_monitor,9,1392,362,1156,805,1008,562,502.16,432.87,284.37,system,NA,0.463,2.89,12.66,129.41,0.0,99.11,0.0
Negotiation_30,R2,2026-09-03T06:30:34.287496Z,behavior_monitor,9,1440,401,1222,805,1059,562,459.16,413.91,292.62,system,NA,0.474,2.3,124.62,129.41,0.0,99.11,0.0
Negotiation_30,R2,2026-09-03T06:30:34.797418Z,behavior_monitor,9,1413,462,1281,818,1109,563,380.16,320.91,308.26,system,NA,0.458,2.3,67.06,137.73,26.95,99.11,0.0
Negotiation_30,R2,2026-09-03T06:30:35.307737Z,behavior_monitor,9,1446,520,1326,870,1159,563,370.25,290.34,349.21,system,NA,0.44,2.3,45.55,134.53,26.25,99.11,0.0
Negotiation_30,R2,2026-09-03T06:30:35.410129Z,human_signal,9,1446,531,1341,876,1169,563,360.01,278.02,356.65,human,i_can,0.436,1.91,120.48,135.68,17.48,99.11,0.0
Negotiation_30,R2,2026-09-03T06:30:35.529146Z,human_signal,9,1442,541,1354,876,1176,563,346.35,266.25,360.25,human,your_turn,0.435,1.91,120.48,129.41,0.0,57.18,0.0
Negotiation_30,R2,2026-09-03T06:30:35.530166Z,human_signal,9,1440,543,1356,876,1176,563,343.8,264.47,361.34,human,your_turn,0.435,1.91,120.48,129.41,0.0,57.18,0.0
Negotiation_30,R2,2026-09-03T06:30:35.820163Z,behavior_monitor,9,1416,561,1391,886,1205,562,326.01,211.9,374.09,system,NA,0.394,1.91,148.06,136.47,18.52,91.23,-18.22
Negotiation_30,R2,2026-09-03T06:30:36.125685Z,human_signal,9,1386,580,1417,896,1235,575,317.73,150.95,369.0,human,your_turn,0.322,1.91,148.06,37.87,180.0,169.61,54.25
Negotiation_30,R2,2026-09-03T06:30:36.126901Z,human_signal,9,1385,581,1414,896,1235,575,316.63,149.88,367.93,human,your_turn,0.321,1.91,148.06,118.33,180.0,99.11,0.0
Negotiation_30,R2,2026-09-03T06:30:36.177340Z,agent_signal,9,1381,584,1410,896,1240,577,313.58,140.78,361.35,agent,your_turn,0.31,1.91,148.06,129.41,180.0,99.11,0.0
Negotiation_30,R2,2026-09-03T06:30:36.328802Z,behavior_monitor,9,1369,592,1390,896,1249,586,304.85,120.62,340.22,system,NA,0.284,1.91,123.2,129.41,180.0,97.85,54.25
Negotiation_30,R2,2026-09-03T06:30:36.841960Z,behavior_monitor,9,1347,642,1324,896,1278,627,254.54,71.54,273.31,system,NA,0.219,1.91,78.98,129.41,180.0,97.85,54.25
Negotiation_30,R2,2026-09-03T06:30:37.079611Z,human_signal,9,1354,669,1293,896,1284,635,235.16,78.08,261.42,human,your_turn,0.249,1.91,78.98,129.41,180.0,0.0,54.25
Negotiation_30,R2,2026-09-03T06:30:37.080808Z,human_signal,9,1354,670,1291,896,1284,635,233.93,78.95,261.34,human,your_turn,0.252,1.91,78.98,129.41,180.0,0.0,54.25
Negotiation_30,R2,2026-09-03T06:30:37.268299Z,human_signal,9,1357,689,1269,896,1302,660,224.36,62.05,238.17,human,your_turn,0.217,1.91,78.98,129.41,180.0,169.61,54.25
Negotiation_30,R2,2026-09-03T06:30:37.269510Z,human_signal,9,1357,691,1267,896,1302,660,223.77,63.54,238.49,human,your_turn,0.221,1.91,78.98,129.41,180.0,169.61,54.25
Negotiation_30,R2,2026-09-03T06:30:37.352231Z,behavior_monitor,9,1359,699,1260,896,1310,672,220.65,55.34,229.84,system,NA,0.2,1.91,78.98,69.99,180.0,169.61,54.25
Negotiation_30,R2,2026-09-03T06:30:37.641116Z,shot_hit,9,1359,732,1290,896,1335,714,177.4,30.11,187.46,agent,NA,0.145,1.91,100.14,129.41,0.0,137.65,90.0
Negotiation_30,R2,2026-09-03T06:30:37.641774Z,flight_spawn,10,891,-20,1290,896,1335,714,999.44,858.19,187.46,system,NA,0.462,2.83,135.0,129.41,0.0,137.65,90.0
Negotiation_30,R2,2026-09-03T06:30:42.589073Z,agent_signal,10,766,308,794,855,993,565,547.66,343.38,351.08,agent,i_can,0.385,2.83,26.82,118.84,-18.51,76.24,180.0
Negotiation_30,R2,2026-09-03T06:30:42.605899Z,behavior_monitor,10,766,308,794,855,991,565,547.66,342.27,350.12,system,NA,0.385,2.83,26.82,118.84,-18.51,99.11,180.0
Negotiation_30,R2,2026-09-03T06:30:43.115956Z,behavior_monitor,10,841,346,782,860,940,565,517.88,240.86,335.31,system,NA,0.317,2.83,26.82,130.61,151.23,121.37,170.81
Negotiation_30,R2,2026-09-03T06:30:43.371316Z,human_signal,10,877,365,752,881,915,565,530.62,203.6,355.12,human,your_turn,0.277,2.83,26.82,141.69,143.94,99.11,180.0
Negotiation_30,R2,2026-09-03T06:30:43.372030Z,human_signal,10,880,366,750,882,915,565,531.8,201.9,357.28,human,your_turn,0.275,2.83,26.82,141.69,143.94,99.11,180.0
Negotiation_30,R2,2026-09-03T06:30:43.626710Z,behavior_monitor,10,915,384,721,893,893,565,544.68,181.74,371.05,system,NA,0.25,2.83,26.82,127.68,180.0,0.0,180.0
Negotiation_30,R2,2026-09-03T06:30:44.137834Z,behavior_monitor,10,983,432,755,879,944,565,501.34,137.74,366.96,system,NA,0.216,2.83,92.79,129.41,0.0,99.11,0.0
Negotiation_30,R2,2026-09-03T06:30:44.647816Z,behavior_monitor,10,973,515,821,879,956,565,394.41,52.1,342.46,system,NA,0.117,2.83,122.42,90.78,0.0,99.11,180.0
Negotiation_30,R2,2026-09-03T06:30:44.802449Z,shot_hit,10,958,539,829,879,941,564,363.85,30.43,334.3,agent,NA,0.077,2.83,122.42,34.95,0.0,99.11,180.0
Negotiation_30,R2,2026-09-03T06:30:44.803332Z,flight_spawn,11,671,-20,829,879,941,564,913.5,644.5,334.3,system,NA,0.414,3.57,124.05,34.95,0.0,99.11,180.0
Negotiation_30,R2,2026-09-03T06:30:49.654693Z,agent_signal,11,178,331,420,896,593,563,614.3,475.8,375.43,agent,i_can,0.436,2.29,0.89,129.41,180.0,76.24,180.0
Negotiation_30,R2,2026-09-03T06:30:49.671549Z,behavior_monitor,11,178,331,420,896,591,563,614.3,474.02,374.24,system,NA,0.436,2.29,0.89,129.41,180.0,128.1,174.37
Negotiation_30,R2,2026-09-03T06:30:50.181774Z,behavior_monitor,11,243,343,403,908,541,563,587.1,370.53,371.56,system,NA,0.387,2.29,50.75,134.34,28.81,99.11,180.0
Negotiation_30,R2,2026-09-03T06:30:50.232972Z,human_signal,11,247,348,409,910,536,563,584.27,359.82,369.33,human,your_turn,0.381,2.29,50.75,127.44,20.9,99.11,180.0
Negotiation_30,R2,2026-09-03T06:30:50.234094Z,human_signal,11,249,350,411,911,536,563,583.73,357.4,369.67,human,your_turn,0.38,2.29,50.75,120.19,0.0,99.11,180.0
Negotiation_30,R2,2026-09-03T06:30:50.693083Z,behavior_monitor,11,294,391,451,910,491,563,542.27,261.7,348.61,system,NA,0.326,2.29,26.09,41.33,0.0,99.11,180.0
Negotiation_30,R2,2026-09-03T06:30:51.201588Z,behavior_monitor,11,344,441,501,907,440,563,491.99,155.46,349.49,system,NA,0.24,2.29,72.9,68.01,-90.0,99.11,180.0
Negotiation_30,R2,2026-09-03T06:30:51.713347Z,behavior_monitor,11,367,507,501,874,390,563,391.42,60.89,330.56,system,NA,0.135,2.29,72.9,0.0,-90.0,99.11,180.0
Negotiation_30,R2,2026-09-03T06:30:52.069940Z,shot_hit,11,382,555,539,874,361,563,356.07,22.0,358.73,agent,NA,0.058,2.29,72.9,129.41,0.0,0.0,180.0
Negotiation_30,R2,2026-09-03T06:30:52.070591Z,flight_spawn,12,737,-20,539,874,361,563,916.5,693.77,358.73,system,NA,0.431,2.84,134.68,129.41,0.0,0.0,180.0
Negotiation_30,R2,2026-09-03T06:30:54.302118Z,agent_signal,12,825,309,800,874,507,563,566.06,407.48,427.27,agent,i_can,0.419,2.84,47.22,129.41,0.0,76.24,0.0
Negotiation_30,R2,2026-09-03T06:30:54.318829Z,behavior_monitor,12,825,309,800,874,508,563,566.06,406.17,426.12,system,NA,0.418,2.84,47.22,129.41,0.0,99.11,0.0
Negotiation_30,R2,2026-09-03T06:30:54.828195Z,behavior_monitor,12,886,362,866,874,559,564,512.62,384.25,435.96,system,NA,0.428,2.84,11.95,129.41,0.0,99.11,0.0
Negotiation_30,R2,2026-09-03T06:30:55.342467Z,behavior_monitor,12,965,382,894,874,610,565,497.62,399.58,420.31,system,NA,0.445,2.84,17.22,0.0,0.0,99.11,0.0
Negotiation_30,R2,2026-09-03T06:30:55.854929Z,behavior_monitor,12,1041,407,894,874,661,565,489.34,411.27,387.09,system,NA,0.457,2.84,50.73,0.0,0.0,99.11,0.0
Negotiation_30,R2,2026-09-03T06:30:56.361287Z,behavior_monitor,12,1114,443,894,874,711,565,483.83,420.65,359.26,system,NA,0.465,2.84,0.03,0.0,0.0,99.11,0.0
Negotiation_30,R2,2026-09-03T06:30:56.873440Z,behavior_monitor,12,1197,448,894,874,762,565,522.93,450.37,336.36,system,NA,0.463,2.84,4.09,0.0,0.0,99.11,0.0
Negotiation_30,R2,2026-09-03T06:30:57.384108Z,behavior_monitor,12,1277,471,894,874,813,566,555.99,473.87,319.06,system,NA,0.46,2.84,28.49,0.0,0.0,99.11,0.0
Negotiation_30,R2,2026-09-03T06:30:57.896100Z,behavior_monitor,12,1353,506,894,874,863,566,588.32,493.6,309.96,system,NA,0.456,2.84,23.19,0.0,0.0,99.11,0.0
Negotiation_30,R2,2026-09-03T06:30:58.406191Z,behavior_monitor,12,1423,547,894,874,914,566,622.19,509.95,309.11,system,NA,0.45,2.84,34.68,0.0,0.0,99.11,0.0
Negotiation_30,R2,2026-09-03T06:30:58.913520Z,behavior_monitor,12,1427,595,894,874,964,589,601.12,462.57,293.53,system,NA,0.435,2.14,130.93,0.0,0.0,99.11,0.0
Negotiation_30,R2,2026-09-03T06:31:01.051782Z,shot_hit,12,1179,668,894,874,1164,664,351.11,14.89,342.5,agent,NA,0.041,2.14,178.67,0.0,0.0,99.11,180.0
Negotiation_30,R2,2026-09-03T06:31:01.053923Z,flight_spawn,13,1151,-20,894,874,1164,664,931.03,684.3,342.5,system,NA,0.424,2.9,46.37,0.0,0.0,99.11,180.0
Negotiation_30,R2,2026-09-03T06:31:01.235235Z,human_signal,13,1172,0,894,874,1164,664,916.9,663.24,342.5,human,your_turn,0.42,2.9,46.37,0.0,0.0,0.0,180.0
Negotiation_30,R2,2026-09-03T06:31:01.235445Z,human_signal,13,1172,0,894,874,1164,664,916.9,663.24,342.5,human,i_can,0.42,2.9,46.37,0.0,0.0,0.0,180.0
Negotiation_30,R2,2026-09-03T06:31:01.237583Z,behavior_monitor,13,1172,0,894,874,1164,664,916.9,663.24,342.5,system,NA,0.42,2.9,46.37,0.0,0.0,0.0,180.0
Negotiation_30,R2,2026-09-03T06:31:01.743318Z,behavior_monitor,13,1233,52,873,866,1178,644,890.49,595.21,377.36,system,NA,0.401,2.9,76.81,0.0,-143.24,97.85,-54.25
Negotiation_30,R2,2026-09-03T06:31:02.253334Z,behavior_monitor,13,1233,137,846,824,1193,624,788.86,488.78,400.45,system,NA,0.383,2.9,98.93,0.0,-120.2,0.0,-54.25
Negotiation_30,R2,2026-09-03T06:31:02.764333Z,behavior_monitor,13,1223,223,820,847,1198,617,742.96,394.88,442.33,system,NA,0.347,2.9,76.49,139.3,144.59,130.47,-54.25
Negotiation_30,R2,2026-09-03T06:31:03.273414Z,behavior_monitor,13,1242,304,870,846,1220,566,657.18,262.74,448.45,system,NA,0.286,2.9,105.46,139.83,-31.01,0.0,0.0
Negotiation_30,R2,2026-09-03T06:31:03.784067Z,behavior_monitor,13,1194,370,924,798,1191,566,506.68,196.05,353.99,system,NA,0.279,2.9,147.88,139.5,-33.86,76.24,180.0
Negotiation_30,R2,2026-09-03T06:31:03.784659Z,agent_signal,13,1191,371,926,797,1191,566,501.87,194.48,351.64,agent,i_can,0.279,2.9,147.88,139.5,-33.86,76.24,180.0
Negotiation_30,R2,2026-09-03T06:31:04.295901Z,behavior_monitor,13,1112,398,964,793,1140,566,421.7,169.74,287.66,system,NA,0.287,2.9,173.18,106.7,180.0,99.11,180.0
Negotiation_30,R2,2026-09-03T06:31:04.382248Z,human_signal,13,1098,402,954,793,1132,566,417.24,166.9,289.0,human,your_turn,0.286,2.9,151.68,129.41,180.0,99.11,180.0
Negotiation_30,R2,2026-09-03T06:31:04.382909Z,human_signal,13,1096,403,952,793,1132,566,415.76,166.13,290.36,human,your_turn,0.285,2.9,151.68,129.41,180.0,99.11,180.0
Negotiation_30,R2,2026-09-03T06:31:04.654061Z,human_signal,13,1055,420,919,793,1105,566,397.58,154.09,294.15,human,your_turn,0.279,2.9,136.07,129.41,180.0,99.11,180.0
Negotiation_30,R2,2026-09-03T06:31:04.654762Z,human_signal,13,1053,422,916,793,1105,566,395.92,152.69,295.54,human,your_turn,0.278,2.9,136.07,129.41,180.0,99.11,180.0
Negotiation_30,R2,2026-09-03T06:31:04.807225Z,behavior_monitor,13,1039,438,899,793,1089,566,381.99,137.42,297.1,system,NA,0.265,2.9,136.07,129.41,180.0,99.11,180.0
Negotiation_30,R2,2026-09-03T06:31:05.314631Z,behavior_monitor,13,968,490,833,793,1039,566,332.18,103.21,307.08,system,NA,0.237,2.9,178.76,129.41,180.0,99.11,180.0
Negotiation_30,R2,2026-09-03T06:31:05.825092Z,behavior_monitor,13,888,516,767,793,988,566,303.05,111.74,317.08,system,NA,0.269,2.9,154.6,129.41,180.0,99.11,180.0
Negotiation_30,R2,2026-09-03T06:31:06.334520Z,behavior_monitor,13,840,578,701,797,937,573,260.03,96.87,325.85,system,NA,0.271,2.9,76.92,133.43,165.89,169.61,125.75
Negotiation_30,R2,2026-09-03T06:31:06.844983Z,behavior_monitor,13,877,654,715,817,887,643,229.62,14.58,244.17,system,NA,0.06,2.9,50.93,135.11,16.71,169.61,125.75
Negotiation_30,R2,2026-09-03T06:31:06.946742Z,shot_hit,13,886,673,731,822,875,660,215.04,17.15,216.89,agent,NA,0.074,2.9,77.07,135.32,17.0,169.61,125.75
Negotiation_30,R2,2026-09-03T06:31:06.947521Z,flight_spawn,14,150,-20,731,822,875,660,1022.85,993.62,216.89,system,NA,0.493,2.83,45.0,135.32,17.0,169.61,125.75
Negotiation_30,R2,2026-09-03T06:31:10.451842Z,agent_signal,14,351,465,393,839,638,565,375.67,303.88,366.99,agent,i_can,0.447,2.83,40.33,129.41,180.0,76.24,180.0
Negotiation_30,R2,2026-09-03T06:31:10.469231Z,behavior_monitor,14,351,465,393,839,636,565,375.67,302.29,365.87,system,NA,0.446,2.83,40.33,129.41,180.0,99.11,180.0
Negotiation_30,R2,2026-09-03T06:31:10.741289Z,human_signal,14,386,495,365,842,609,565,347.59,234.43,368.63,human,your_turn,0.403,2.83,40.33,84.07,56.06,99.11,180.0
Negotiation_30,R2,2026-09-03T06:31:10.742401Z,human_signal,14,389,496,367,843,609,565,347.07,231.29,368.35,human,your_turn,0.4,2.83,40.33,84.07,56.06,99.11,180.0
Negotiation_30,R2,2026-09-03T06:31:10.979639Z,behavior_monitor,14,420,520,395,848,586,565,328.94,172.26,341.31,system,NA,0.344,2.83,40.33,129.41,0.0,99.11,180.0
Negotiation_30,R2,2026-09-03T06:31:11.491084Z,behavior_monitor,14,488,575,461,848,535,570,274.44,47.73,288.36,system,NA,0.148,2.83,40.33,129.41,0.0,169.61,125.75
Negotiation_30,R2,2026-09-03T06:31:11.593999Z,shot_hit,14,502,588,476,848,523,584,261.58,21.34,268.69,agent,NA,0.075,2.83,40.33,129.41,0.0,169.61,125.75
Negotiation_30,R2,2026-09-03T06:31:11.594571Z,flight_spawn,15,1204,-20,476,848,523,584,1133.12,910.13,268.69,system,NA,0.445,2.83,135.0,129.41,0.0,169.61,125.75
Negotiation_30,R2,2026-09-03T06:31:14.842841Z,agent_signal,15,1081,387,881,851,740,564,505.5,384.44,319.32,agent,i_can,0.432,2.83,130.04,129.41,0.0,76.24,0.0
Negotiation_30,R2,2026-09-03T06:31:14.860164Z,behavior_monitor,15,1081,387,881,851,742,564,505.5,382.95,318.58,system,NA,0.431,2.83,130.04,129.41,0.0,99.11,0.0
Negotiation_30,R2,2026-09-03T06:31:15.370589Z,behavior_monitor,15,1027,452,935,827,793,565,385.93,259.66,298.87,system,NA,0.402,2.83,130.04,129.41,0.0,99.11,0.0
Negotiation_30,R2,2026-09-03T06:31:15.881840Z,behavior_monitor,15,1027,530,1001,827,843,565,297.97,187.24,306.23,system,NA,0.386,2.83,57.15,129.41,0.0,118.27,2.25
Negotiation_30,R2,2026-09-03T06:31:16.391721Z,behavior_monitor,15,1080,598,1067,843,894,593,245.37,185.77,304.31,system,NA,0.431,2.83,63.47,133.74,14.62,169.61,54.25
Negotiation_30,R2,2026-09-03T06:31:16.903320Z,behavior_monitor,15,1127,667,1133,860,945,661,193.09,182.78,274.32,system,NA,0.486,2.83,58.31,133.74,14.62,169.61,54.25
Negotiation_30,R2,2026-09-03T06:31:17.411497Z,behavior_monitor,15,1097,738,1195,874,995,731,167.8,102.25,245.67,system,NA,0.379,2.83,137.24,0.0,0.0,169.61,54.25
Negotiation_30,R2,2026-09-03T06:31:17.615240Z,human_signal,15,1068,749,1207,881,1016,743,191.83,52.9,235.97,human,your_turn,0.216,2.83,161.12,134.88,31.17,99.11,0.0
Negotiation_30,R2,2026-09-03T06:31:17.616233Z,human_signal,15,1065,750,1209,882,1016,743,195.67,50.03,238.29,human,your_turn,0.204,2.83,161.12,136.41,31.76,99.11,0.0
Negotiation_30,R2,2026-09-03T06:31:17.887600Z,shot_hit,15,1022,764,1241,902,1012,760,258.86,10.53,269.26,agent,NA,0.039,2.83,161.12,137.87,30.89,99.11,180.0
Negotiation_30,R2,2026-09-03T06:31:17.888361Z,flight_spawn,16,640,-20,1241,902,1012,760,1100.87,864.75,269.26,system,NA,0.44,3.47,125.16,137.87,30.89,99.11,180.0
Negotiation_30,R2,2026-09-03T06:31:23.250395Z,agent_signal,16,209,489,578,875,639,565,534.85,437.21,316.34,agent,i_can,0.45,2.98,25.93,129.41,180.0,76.24,180.0
Negotiation_30,R2,2026-09-03T06:31:23.266712Z,behavior_monitor,16,209,489,578,875,638,565,534.85,435.55,316.02,system,NA,0.449,2.98,25.93,129.41,180.0,99.11,180.0
Negotiation_30,R2,2026-09-03T06:31:23.761164Z,human_signal,16,293,516,515,875,589,565,422.32,300.64,319.09,human,your_turn,0.416,2.98,4.55,129.41,180.0,99.11,180.0
Negotiation_30,R2,2026-09-03T06:31:23.762831Z,human_signal,16,296,516,512,875,589,565,419.49,297.8,319.61,human,your_turn,0.415,2.98,4.55,129.41,180.0,99.11,180.0
Negotiation_30,R2,2026-09-03T06:31:23.777927Z,behavior_monitor,16,296,516,512,875,588,565,419.49,296.14,319.21,system,NA,0.414,2.98,4.55,129.41,180.0,99.11,180.0
Negotiation_30,R2,2026-09-03T06:31:24.290244Z,behavior_monitor,16,337,587,481,875,537,579,322.15,200.75,301.48,system,NA,0.384,2.98,77.25,118.87,0.0,169.61,125.75
Negotiation_30,R2,2026-09-03T06:31:24.800310Z,behavior_monitor,16,332,676,547,875,487,650,293.4,156.79,233.45,system,NA,0.348,2.98,97.76,129.41,0.0,169.61,125.75
Negotiation_30,R2,2026-09-03T06:31:25.310583Z,behavior_monitor,16,376,751,576,886,436,720,241.05,67.01,217.06,system,NA,0.218,2.98,73.14,64.36,90.0,160.19,125.75
Negotiation_30,R2,2026-09-03T06:31:25.614322Z,shot_miss,16,390,805,613,888,404,765,237.69,43.28,242.79,agent,NA,0.154,2.98,73.14,129.41,0.0,169.61,125.75
Negotiation_30,R2,2026-09-03T06:31:25.817739Z,behavior_monitor,16,398,837,637,888,385,790,244.61,48.28,270.05,system,NA,0.165,2.98,73.14,129.41,0.0,169.61,125.75
Negotiation_30,R2,2026-09-03T06:31:25.988394Z,shot_miss,16,406,868,661,888,383,816,255.83,56.63,286.86,agent,NA,0.181,2.98,73.14,129.41,0.0,137.65,90.0
Negotiation_30,R2,2026-09-03T06:31:26.328334Z,behavior_monitor,16,394,921,703,896,377,861,310.06,61.68,327.55,system,NA,0.166,2.98,125.15,137.13,26.67,169.61,125.75
Negotiation_30,R2,2026-09-03T06:31:26.566557Z,flight_missed,16,368,954,731,910,352,896,366.06,59.79,379.79,system,NA,0.14,2.98,122.75,106.45,0.0,169.61,125.75
Negotiation_30,R2,2026-09-03T06:31:26.567143Z,flight_spawn,17,182,-20,731,910,352,896,1080.25,932.5,379.79,system,NA,0.463,3.53,55.48,106.45,0.0,169.61,125.75
Negotiation_30,R2,2026-09-03T06:31:29.985576Z,agent_signal,17,566,414,1059,836,511,578,649.15,172.66,605.41,agent,i_can,0.21,3.53,121.87,129.41,0.0,130.47,-54.25
Negotiation_30,R2,2026-09-03T06:31:30.003106Z,human_signal,17,566,414,1059,836,513,576,649.15,169.91,604.88,human,your_turn,0.207,3.53,121.87,129.41,0.0,130.47,-54.25
Negotiation_30,R2,2026-09-03T06:31:30.003468Z,behavior_monitor,17,566,414,1059,836,513,576,649.15,169.91,604.88,system,NA,0.207,3.53,121.87,129.41,0.0,169.61,-54.25
Negotiation_30,R2,2026-09-03T06:31:30.003722Z,human_signal,17,563,417,1062,835,513,576,650.16,166.4,606.62,human,your_turn,0.204,3.53,121.87,129.41,0.0,169.61,-54.25
Negotiation_30,R2,2026-09-03T06:31:30.514117Z,behavior_monitor,17,501,495,1039,827,496,565,631.84,69.68,602.59,system,NA,0.099,3.53,120.48,129.41,180.0,99.11,180.0
Negotiation_30,R2,2026-09-03T06:31:30.548151Z,human_signal,17,498,501,1034,827,493,565,627.5,63.64,601.67,human,your_turn,0.092,3.53,120.48,129.41,180.0,99.11,180.0
Negotiation_30,R2,2026-09-03T06:31:30.549114Z,human_signal,17,496,504,1032,827,493,565,625.92,60.46,599.69,human,your_turn,0.088,3.53,120.48,129.41,180.0,99.11,180.0
Negotiation_30,R2,2026-09-03T06:31:30.871384Z,human_signal,17,464,559,992,827,460,564,592.35,6.47,593.44,human,your_turn,0.011,3.53,120.48,129.41,180.0,99.11,180.0
Negotiation_30,R2,2026-09-03T06:31:30.872119Z,human_signal,17,463,562,990,827,460,564,590.03,3.46,591.47,human,your_turn,0.006,3.53,120.48,129.41,180.0,99.11,180.0
Negotiation_30,R2,2026-09-03T06:31:30.872452Z,shot_hit,17,463,562,990,827,458,564,590.03,4.89,592.98,agent,NA,0.008,3.53,120.48,129.41,180.0,99.11,180.0
Negotiation_30,R2,2026-09-03T06:31:30.872690Z,flight_spawn,18,630,-20,990,827,458,564,920.7,609.56,592.98,system,NA,0.398,2.83,135.0,129.41,180.0,99.11,180.0
Negotiation_30,R2,2026-09-03T06:31:34.053847Z,agent_signal,18,308,314,837,796,405,566,716.15,269.91,489.83,agent,i_can,0.274,2.83,152.67,0.0,-158.45,76.24,180.0
Negotiation_30,R2,2026-09-03T06:31:34.071433Z,behavior_monitor,18,308,314,837,796,404,566,716.15,269.31,491.32,system,NA,0.273,2.83,152.67,0.0,-158.45,93.6,180.0
Negotiation_30,R2,2026-09-03T06:31:34.580610Z,behavior_monitor,18,246,365,858,796,353,566,749.24,228.23,555.08,system,NA,0.233,2.83,154.92,129.41,180.0,99.11,180.0
Negotiation_30,R2,2026-09-03T06:31:34.717525Z,human_signal,18,227,374,841,796,340,566,744.68,222.42,551.34,human,your_turn,0.23,2.83,154.92,129.41,180.0,99.11,180.0
Negotiation_30,R2,2026-09-03T06:31:34.718508Z,human_signal,18,225,375,839,796,340,566,744.35,222.73,549.34,human,your_turn,0.23,2.83,154.92,129.41,180.0,99.11,180.0
Negotiation_30,R2,2026-09-03T06:31:35.093584Z,behavior_monitor,18,170,401,792,796,303,566,737.39,212.04,541.06,system,NA,0.223,2.83,154.92,129.41,180.0,99.11,180.0
Negotiation_30,R2,2026-09-03T06:31:35.605120Z,behavior_monitor,18,96,433,726,796,252,566,727.42,205.01,527.12,system,NA,0.22,2.83,157.62,129.41,180.0,99.11,180.0
Negotiation_30,R2,2026-09-03T06:31:36.115369Z,behavior_monitor,18,21,461,660,796,202,566,722.29,209.35,513.22,system,NA,0.225,2.0,41.58,129.41,180.0,99.11,180.0
Negotiation_30,R2,2026-09-03T06:31:36.625688Z,behavior_monitor,18,73,486,679,799,150,567,682.11,111.52,577.58,system,NA,0.141,2.0,15.06,35.87,90.0,99.11,180.0
Negotiation_30,R2,2026-09-03T06:31:37.137495Z,behavior_monitor,18,125,518,700,774,105,567,629.61,52.06,630.13,system,NA,0.076,2.0,43.78,140.26,-40.06,0.0,180.0
Negotiation_30,R2,2026-09-03T06:31:37.221821Z,human_signal,18,132,525,710,767,108,567,626.28,47.53,633.83,human,your_turn,0.071,2.0,43.78,140.14,-35.37,0.0,0.0
Negotiation_30,R2,2026-09-03T06:31:37.223030Z,human_signal,18,133,527,712,766,108,567,625.66,47.14,635.33,human,your_turn,0.07,2.0,73.11,139.72,-33.55,99.11,0.0
Negotiation_30,R2,2026-09-03T06:31:37.223431Z,shot_miss,18,133,527,712,766,110,567,625.66,46.27,633.73,agent,NA,0.069,2.0,73.11,139.72,-33.55,99.11,0.0
Negotiation_30,R2,2026-09-03T06:31:37.408894Z,shot_hit,18,141,548,734,754,118,566,627.88,29.9,644.33,agent,NA,0.045,2.0,73.11,137.33,-25.39,0.0,0.0
Negotiation_30,R2,2026-09-03T06:31:37.409321Z,flight_spawn,19,391,-20,734,754,118,566,847.01,647.3,644.33,system,NA,0.433,2.94,132.82,137.33,-25.39,0.0,0.0
Negotiation_30,R2,2026-09-03T06:31:40.508098Z,agent_signal,19,555,433,925,771,327,564,500.65,263.22,632.6,agent,i_can,0.345,2.94,87.12,141.6,136.04,76.24,0.0
Negotiation_30,R2,2026-09-03T06:31:40.524829Z,behavior_monitor,19,555,433,925,771,329,564,500.65,261.76,631.0,system,NA,0.343,2.94,87.12,141.6,136.04,99.11,0.0
Negotiation_30,R2,2026-09-03T06:31:41.034800Z,behavior_monitor,19,532,513,871,818,380,564,456.9,160.67,553.64,system,NA,0.26,2.94,64.41,140.22,144.25,99.11,0.0
Negotiation_30,R2,2026-09-03T06:31:41.205315Z,human_signal,19,546,538,852,832,396,564,424.74,151.7,528.97,human,your_turn,0.263,2.94,71.25,140.35,144.73,99.11,0.0
Negotiation_30,R2,2026-09-03T06:31:41.206132Z,human_signal,19,546,541,850,834,396,564,422.23,151.44,527.99,human,your_turn,0.264,2.94,71.25,140.35,144.73,99.11,0.0
Negotiation_30,R2,2026-09-03T06:31:41.409727Z,human_signal,19,557,571,829,849,416,566,388.29,140.63,499.83,human,your_turn,0.266,2.94,71.25,140.71,144.52,99.11,0.0
Negotiation_30,R2,2026-09-03T06:31:41.410801Z,human_signal,19,558,574,827,850,416,566,384.91,142.23,499.02,human,your_turn,0.27,2.94,71.25,140.71,144.52,169.61,54.25
Negotiation_30,R2,2026-09-03T06:31:41.546349Z,behavior_monitor,19,563,594,813,860,430,585,365.2,133.69,471.8,system,NA,0.268,2.94,71.25,141.52,143.68,169.61,54.25
Negotiation_30,R2,2026-09-03T06:31:42.055969Z,behavior_monitor,19,573,679,753,898,480,655,284.06,95.27,365.17,system,NA,0.251,2.94,54.12,137.34,150.93,169.61,54.25
Negotiation_30,R2,2026-09-03T06:31:42.567603Z,behavior_monitor,19,629,748,691,910,531,726,173.39,100.61,243.96,system,NA,0.367,2.94,31.7,121.2,180.0,169.61,54.25
Negotiation_30,R2,2026-09-03T06:31:43.078367Z,behavior_monitor,19,692,805,733,910,582,796,111.85,110.91,189.43,system,NA,0.498,2.94,49.0,129.41,0.0,169.61,54.25
Negotiation_30,R2,2026-09-03T06:31:43.588054Z,behavior_monitor,19,765,847,799,910,632,843,70.81,133.03,179.78,system,NA,0.653,2.94,1.03,123.86,0.0,99.11,0.0
Negotiation_30,R2,2026-09-03T06:31:44.099553Z,behavior_monitor,19,837,895,860,904,683,889,24.4,154.25,177.52,system,NA,0.863,2.94,48.26,134.78,-16.24,99.11,0.0
Negotiation_30,R2,2026-09-03T06:31:44.100652Z,human_signal,19,839,898,862,903,683,889,24.03,156.03,179.66,human,i_can,0.867,2.94,48.26,134.78,-16.24,99.11,0.0
Negotiation_30,R2,2026-09-03T06:31:44.421716Z,shot_miss,19,876,937,901,897,701,910,47.51,177.02,200.67,human,NA,0.788,2.94,48.26,129.41,0.0,57.18,0.0
Negotiation_30,R2,2026-09-03T06:31:44.522879Z,flight_missed,19,886,954,916,902,708,910,59.64,183.81,208.56,system,NA,0.755,2.94,74.0,138.63,26.77,57.18,0.0
Negotiation_30,R2,2026-09-03T06:31:44.523905Z,flight_spawn,20,652,-20,916,902,708,910,959.75,931.69,208.56,system,NA,0.493,3.03,48.64,138.63,26.77,57.18,0.0
Negotiation_30,R2,2026-09-03T06:31:48.298528Z,agent_signal,20,1203,338,1225,796,945,566,458.46,344.24,362.97,agent,i_can,0.429,3.03,9.92,133.8,14.73,76.24,0.0
Negotiation_30,R2,2026-09-03T06:31:48.315374Z,behavior_monitor,20,1203,338,1225,796,946,566,458.46,342.98,361.67,system,NA,0.428,3.03,9.92,129.41,0.0,99.11,0.0
Negotiation_30,R2,2026-09-03T06:31:48.824016Z,behavior_monitor,20,1292,361,1288,772,997,566,410.55,358.74,356.45,system,NA,0.466,3.03,18.85,140.1,-29.58,99.11,0.0
Negotiation_30,R2,2026-09-03T06:31:49.334337Z,behavior_monitor,20,1376,394,1353,774,1048,566,380.85,370.9,369.15,system,NA,0.493,3.03,18.73,136.66,24.06,99.11,0.0
Negotiation_30,R2,2026-09-03T06:31:49.844066Z,behavior_monitor,20,1446,437,1404,769,1097,565,333.89,371.3,367.74,system,NA,0.527,2.39,125.45,133.15,36.97,99.11,0.0
Negotiation_30,R2,2026-09-03T06:31:50.303941Z,human_signal,20,1417,496,1450,804,1143,565,309.55,283.4,388.75,human,your_turn,0.478,2.39,103.22,96.2,90.0,99.11,0.0
Negotiation_30,R2,2026-09-03T06:31:50.305042Z,human_signal,20,1417,498,1451,805,1143,565,309.18,282.15,391.06,human,your_turn,0.477,2.39,103.22,96.2,90.0,99.11,0.0
Negotiation_30,R2,2026-09-03T06:31:50.354916Z,behavior_monitor,20,1416,503,1450,809,1148,565,307.91,275.55,388.02,system,NA,0.472,2.39,103.22,104.99,90.0,99.11,0.0
Negotiation_30,R2,2026-09-03T06:31:50.865197Z,behavior_monitor,20,1368,556,1447,872,1198,565,325.88,169.89,395.63,system,NA,0.343,2.39,154.4,136.55,109.27,99.11,0.0
Negotiation_30,R2,2026-09-03T06:31:51.375167Z,behavior_monitor,20,1308,583,1394,910,1248,579,337.86,60.1,361.4,system,NA,0.151,2.39,128.2,122.8,180.0,169.61,54.25
Negotiation_30,R2,2026-09-03T06:31:51.630592Z,shot_hit,20,1287,613,1360,910,1269,609,305.5,18.22,313.97,agent,NA,0.056,2.39,128.2,129.41,180.0,137.65,90.0
Negotiation_30,R3,2026-09-03T06:33:14.303918Z,flight_spawn,1,541,-20,1360,910,1269,609,1239.2,962.44,313.97,system,NA,0.437,2.83,45.0,0.0,180.0,0.0,90.0
Negotiation_30,R3,2026-09-03T06:33:20.476876Z,agent_signal,1,793,385,1288,809,578,565,651.76,280.73,750.74,agent,i_can,0.301,2.83,102.2,137.59,27.82,76.24,0.0
Negotiation_30,R3,2026-09-03T06:33:20.494058Z,behavior_monitor,1,793,385,1288,809,580,565,651.76,279.44,749.15,system,NA,0.3,2.83,102.2,137.59,27.82,99.11,0.0
Negotiation_30,R3,2026-09-03T06:33:21.002668Z,behavior_monitor,1,733,435,1350,842,631,566,739.88,165.36,771.01,system,NA,0.183,2.83,151.06,139.17,31.57,91.79,-0.99
Negotiation_30,R3,2026-09-03T06:33:21.257907Z,human_signal,1,693,453,1372,866,656,566,794.98,118.82,776.9,human,your_turn,0.13,2.83,172.37,126.42,64.65,99.11,0.0
Negotiation_30,R3,2026-09-03T06:33:21.259102Z,human_signal,1,691,453,1373,869,656,566,798.47,117.81,778.55,human,your_turn,0.129,2.83,172.37,126.42,64.65,99.11,0.0
Negotiation_30,R3,2026-09-03T06:33:21.511852Z,behavior_monitor,1,652,462,1361,884,644,565,824.74,103.53,784.5,system,NA,0.112,2.83,163.3,129.41,180.0,99.11,180.0
Negotiation_30,R3,2026-09-03T06:33:22.022708Z,behavior_monitor,1,570,486,1295,884,594,564,827.38,81.63,770.63,system,NA,0.09,2.83,165.8,129.41,180.0,99.11,180.0
Negotiation_30,R3,2026-09-03T06:33:22.532621Z,behavior_monitor,1,484,507,1229,884,543,564,834.46,81.75,756.95,system,NA,0.089,2.83,163.59,129.41,180.0,99.11,180.0
Negotiation_30,R3,2026-09-03T06:33:23.044140Z,behavior_monitor,1,410,534,1163,873,492,564,826.0,87.48,738.78,system,NA,0.096,2.83,140.62,136.46,-155.85,99.11,180.0
Negotiation_30,R3,2026-09-03T06:33:23.554946Z,behavior_monitor,1,341,588,1098,865,441,583,806.02,100.43,714.74,system,NA,0.111,2.83,140.62,129.41,180.0,169.61,125.75
Negotiation_30,R3,2026-09-03T06:33:23.913017Z,human_signal,1,303,630,1052,865,406,625,784.82,103.27,689.03,human,your_turn,0.116,2.83,140.98,129.41,180.0,169.61,125.75
Negotiation_30,R3,2026-09-03T06:33:23.913728Z,human_signal,1,300,632,1050,865,406,625,784.45,105.74,686.97,human,your_turn,0.119,2.83,140.98,129.41,180.0,99.11,180.0
Negotiation_30,R3,2026-09-03T06:33:24.065915Z,behavior_monitor,1,282,646,1032,865,391,641,780.94,108.66,679.12,system,NA,0.122,2.83,140.98,129.41,180.0,169.61,125.75
Negotiation_30,R3,2026-09-03T06:33:24.168642Z,human_signal,1,268,657,1019,865,381,652,778.59,112.5,672.37,human,your_turn,0.126,2.83,140.98,129.41,180.0,169.61,125.75
Negotiation_30,R3,2026-09-03T06:33:24.169750Z,human_signal,1,266,659,1017,865,381,652,778.27,114.95,670.28,human,your_turn,0.129,2.83,140.98,129.41,180.0,169.61,125.75
Negotiation_30,R3,2026-09-03T06:33:24.339007Z,human_signal,1,245,675,997,865,364,671,774.94,118.56,661.77,human,your_turn,0.133,2.83,140.98,129.41,180.0,169.61,125.75
Negotiation_30,R3,2026-09-03T06:33:24.339707Z,human_signal,1,243,677,995,865,364,671,774.36,120.67,659.66,human,your_turn,0.135,2.83,140.98,129.41,180.0,169.61,125.75
Negotiation_30,R3,2026-09-03T06:33:24.508885Z,human_signal,1,221,689,975,865,347,685,773.66,125.86,652.84,human,your_turn,0.14,2.83,161.59,129.41,180.0,99.11,180.0
Negotiation_30,R3,2026-09-03T06:33:24.509573Z,human_signal,1,218,690,973,865,347,685,774.15,128.8,650.73,human,your_turn,0.143,2.83,161.59,129.41,180.0,169.61,125.75
Negotiation_30,R3,2026-09-03T06:33:24.578754Z,behavior_monitor,1,211,693,966,865,340,687,774.4,129.54,650.22,system,NA,0.143,2.83,161.59,122.22,180.0,93.6,180.0
Negotiation_30,R3,2026-09-03T06:33:24.680828Z,human_signal,1,194,694,953,865,330,690,777.85,136.55,646.61,human,your_turn,0.149,2.83,176.41,129.41,180.0,99.11,180.0
Negotiation_30,R3,2026-09-03T06:33:24.681340Z,human_signal,1,191,695,951,865,330,690,777.94,138.88,644.49,human,your_turn,0.151,2.83,176.41,129.41,180.0,99.11,180.0
Negotiation_30,R3,2026-09-03T06:33:24.851033Z,human_signal,1,164,696,931,865,313,692,784.94,149.34,641.02,human,your_turn,0.16,2.83,176.41,129.41,180.0,99.11,180.0
Negotiation_30,R3,2026-09-03T06:33:24.851562Z,human_signal,1,161,696,929,865,313,692,785.49,152.14,638.9,human,your_turn,0.162,2.83,176.41,129.41,180.0,99.11,180.0
Negotiation_30,R3,2026-09-03T06:33:25.088935Z,behavior_monitor,1,128,703,900,865,290,699,788.21,161.45,632.2,system,NA,0.17,2.83,162.42,129.41,180.0,169.61,125.75
Negotiation_30,R3,2026-09-03T06:33:25.600536Z,behavior_monitor,1,47,732,834,865,239,728,797.6,191.83,610.37,system,NA,0.194,2.83,134.72,129.41,180.0,169.61,125.75
Negotiation_30,R3,2026-09-03T06:33:26.114679Z,behavior_monitor,1,47,786,768,865,188,782,725.26,141.32,585.62,system,NA,0.163,2.34,5.52,129.41,180.0,169.61,125.75
Negotiation_30,R3,2026-09-03T06:33:26.624555Z,behavior_monitor,1,114,803,702,865,137,798,590.69,23.63,568.38,system,NA,0.038,2.34,9.62,129.41,180.0,99.11,180.0
Negotiation_30,R3,2026-09-03T06:33:26.726920Z,shot_hit,1,129,808,702,865,126,803,575.65,6.15,579.46,agent,NA,0.011,2.34,4.92,92.34,0.0,169.61,125.75
Negotiation_30,R3,2026-09-03T06:33:26.727716Z,flight_spawn,2,284,-20,702,865,126,803,978.94,838.28,579.46,system,NA,0.461,3.55,124.28,92.34,0.0,169.61,125.75
Negotiation_30,R3,2026-09-03T06:33:28.568824Z,agent_signal,2,295,329,788,823,244,639,698.07,313.99,574.89,agent,i_can,0.31,3.55,60.14,129.41,0.0,130.47,-54.25
Negotiation_30,R3,2026-09-03T06:33:28.585174Z,behavior_monitor,2,295,329,788,823,245,637,698.07,311.41,574.05,system,NA,0.308,3.55,60.14,129.41,0.0,169.61,-54.25
Negotiation_30,R3,2026-09-03T06:33:28.959325Z,human_signal,2,330,399,837,823,282,585,660.56,191.16,603.44,human,your_turn,0.224,3.55,66.12,129.41,0.0,169.61,-54.25
Negotiation_30,R3,2026-09-03T06:33:28.960444Z,human_signal,2,331,403,839,823,282,585,659.48,188.25,605.46,human,your_turn,0.222,3.55,66.12,129.41,0.0,169.61,-54.25
Negotiation_30,R3,2026-09-03T06:33:29.095699Z,behavior_monitor,2,342,425,854,823,296,566,648.52,148.16,615.14,system,NA,0.186,3.55,66.12,129.41,0.0,146.86,-60.05
Negotiation_30,R3,2026-09-03T06:33:29.606895Z,behavior_monitor,2,377,521,920,823,346,564,621.94,53.78,630.22,system,NA,0.08,3.55,121.91,129.41,0.0,99.11,0.0
Negotiation_30,R3,2026-09-03T06:33:29.778698Z,shot_hit,2,356,554,945,823,341,564,647.37,18.06,656.83,agent,NA,0.027,3.55,121.91,129.41,0.0,99.11,180.0
Negotiation_30,R3,2026-09-03T06:33:29.779264Z,flight_spawn,3,1286,-20,945,823,341,564,910.12,1111.23,656.83,system,NA,0.55,3.35,126.62,129.41,0.0,99.11,180.0
Negotiation_30,R3,2026-09-03T06:33:31.376830Z,human_signal,3,1104,231,966,702,439,564,490.78,743.87,544.44,human,i_can,0.602,3.35,176.45,129.41,-90.0,76.24,0.0
Negotiation_30,R3,2026-09-03T06:33:31.393682Z,behavior_monitor,3,1104,231,966,702,440,564,490.78,743.0,543.5,system,NA,0.602,3.35,176.45,129.41,-90.0,57.18,0.0
Negotiation_30,R3,2026-09-03T06:33:31.904102Z,behavior_monitor,3,1001,237,964,636,470,564,400.4,623.88,499.4,system,NA,0.609,3.35,176.45,134.74,-106.16,59.85,-24.72
Negotiation_30,R3,2026-09-03T06:33:32.414643Z,behavior_monitor,3,901,258,1012,650,483,564,407.48,518.4,535.25,system,NA,0.56,3.35,151.87,145.74,56.25,0.0,0.0
Negotiation_30,R3,2026-09-03T06:33:32.923853Z,behavior_monitor,3,817,310,999,711,484,564,441.17,419.28,536.38,system,NA,0.487,3.35,149.85,132.82,129.26,0.0,53.97
Negotiation_30,R3,2026-09-03T06:33:33.180811Z,agent_signal,3,776,337,973,739,496,564,448.38,360.21,508.06,agent,i_can,0.445,3.35,149.85,132.78,139.11,72.0,0.0
Negotiation_30,R3,2026-09-03T06:33:33.436776Z,behavior_monitor,3,732,355,947,760,522,564,457.84,296.4,467.86,system,NA,0.393,3.35,173.15,140.39,143.71,99.11,0.0
Negotiation_30,R3,2026-09-03T06:33:33.487685Z,human_signal,3,722,356,941,764,527,564,462.47,285.0,459.83,human,your_turn,0.381,3.35,173.15,140.09,144.01,99.11,0.0
Negotiation_30,R3,2026-09-03T06:33:33.488265Z,human_signal,3,719,357,939,765,527,564,463.85,282.6,458.67,human,your_turn,0.379,3.35,173.15,139.61,144.68,99.11,0.0
Negotiation_30,R3,2026-09-03T06:33:33.947241Z,behavior_monitor,3,631,369,883,771,572,564,474.31,203.38,373.7,system,NA,0.3,3.35,175.62,136.14,-152.66,99.11,0.0
Negotiation_30,R3,2026-09-03T06:33:34.458403Z,behavior_monitor,3,533,382,901,757,547,564,525.16,182.84,402.71,system,NA,0.258,3.35,162.8,135.87,23.57,99.11,180.0
Negotiation_30,R3,2026-09-03T06:33:34.968617Z,behavior_monitor,3,433,399,871,752,496,564,562.32,176.5,419.19,system,NA,0.239,3.35,171.73,0.0,180.0,99.11,180.0
Negotiation_30,R3,2026-09-03T06:33:35.478885Z,behavior_monitor,3,346,444,871,752,445,564,608.8,155.79,465.27,system,NA,0.204,3.35,121.53,0.0,180.0,99.11,180.0
Negotiation_30,R3,2026-09-03T06:33:35.991941Z,behavior_monitor,3,322,540,871,752,395,564,588.58,77.2,511.56,system,NA,0.116,3.35,100.45,0.0,180.0,99.11,180.0
Negotiation_30,R3,2026-09-03T06:33:36.418377Z,shot_miss,3,305,626,871,752,351,606,579.24,50.4,539.57,agent,NA,0.08,3.35,100.45,0.0,180.0,169.61,125.75
Negotiation_30,R3,2026-09-03T06:33:36.503295Z,behavior_monitor,3,301,638,871,752,345,615,580.84,49.46,543.61,system,NA,0.078,3.35,121.37,0.0,180.0,169.61,125.75
Negotiation_30,R3,2026-09-03T06:33:36.623771Z,shot_miss,3,292,663,871,752,331,634,585.66,49.18,552.05,agent,NA,0.077,3.35,97.56,0.0,180.0,169.61,125.75
Negotiation_30,R3,2026-09-03T06:33:36.828024Z,shot_miss,3,287,703,871,752,311,662,585.54,47.48,566.67,agent,NA,0.075,3.35,97.56,0.0,180.0,169.61,125.75
Negotiation_30,R3,2026-09-03T06:33:37.016238Z,behavior_monitor,3,298,735,871,752,294,685,572.76,50.28,580.42,system,NA,0.081,3.35,72.65,0.0,180.0,169.61,125.75
Negotiation_30,R3,2026-09-03T06:33:37.526614Z,behavior_monitor,3,368,807,871,752,330,755,505.47,64.26,540.21,system,NA,0.113,3.35,44.55,0.0,180.0,180.21,54.25
Negotiation_30,R3,2026-09-03T06:33:38.037220Z,behavior_monitor,3,462,843,871,752,381,826,418.28,83.3,495.11,system,NA,0.166,3.35,18.58,0.0,180.0,169.61,54.25
Negotiation_30,R3,2026-09-03T06:33:39.720537Z,flight_missed,3,769,952,837,905,548,910,82.4,224.88,289.02,system,NA,0.732,3.35,15.18,0.0,90.0,99.11,0.0
Negotiation_30,R3,2026-09-03T06:33:39.721762Z,flight_spawn,4,537,-20,837,905,548,910,973.23,930.07,289.02,system,NA,0.489,3.31,52.8,0.0,90.0,99.11,0.0
Negotiation_30,R3,2026-09-03T06:33:43.698176Z,agent_signal,4,1068,488,1179,653,826,566,198.71,255.39,364.02,agent,your_turn,0.562,3.31,27.37,137.63,-160.1,76.24,0.0
Negotiation_30,R3,2026-09-03T06:33:43.715058Z,behavior_monitor,4,1068,488,1179,653,826,566,198.71,254.47,363.07,system,NA,0.562,3.31,27.37,137.27,-160.52,57.18,0.0
Negotiation_30,R3,2026-09-03T06:33:43.766734Z,human_signal,4,1079,494,1170,650,829,566,180.41,260.41,350.95,human,i_can,0.591,3.31,27.37,137.22,-160.57,57.18,0.0
Negotiation_30,R3,2026-09-03T06:33:44.225261Z,behavior_monitor,4,1156,533,1166,604,855,566,71.04,302.87,312.95,system,NA,0.81,3.31,27.37,136.66,-71.26,57.18,0.0
Negotiation_30,R3,2026-09-03T06:33:44.499625Z,shot_miss,4,1211,536,1183,570,871,566,43.15,341.24,312.54,human,NA,0.888,3.31,1.77,142.9,-55.46,57.18,0.0
Negotiation_30,R3,2026-09-03T06:33:44.721676Z,shot_miss,4,1251,538,1206,548,873,567,46.33,379.47,333.73,human,NA,0.891,3.31,1.77,143.07,-39.72,0.0,61.05
Negotiation_30,R3,2026-09-03T06:33:44.738792Z,behavior_monitor,4,1255,538,1208,547,873,567,47.92,383.31,335.71,system,NA,0.889,3.31,1.77,142.9,-38.8,0.0,61.05
Negotiation_30,R3,2026-09-03T06:33:45.248999Z,behavior_monitor,4,1357,541,1270,519,881,565,89.57,476.67,392.09,system,NA,0.842,3.31,1.77,138.2,26.61,76.24,0.0
Negotiation_30,R3,2026-09-03T06:33:45.762445Z,behavior_monitor,4,1449,563,1314,567,920,565,135.4,528.76,393.44,system,NA,0.796,3.31,26.21,129.85,54.18,76.24,0.0
Negotiation_30,R3,2026-09-03T06:33:46.272256Z,behavior_monitor,4,1419,624,1351,622,959,611,68.1,460.4,392.31,system,NA,0.871,2.3,111.67,128.44,62.0,130.47,54.25
Negotiation_30,R3,2026-09-03T06:33:46.408216Z,shot_miss,4,1412,642,1358,638,969,625,53.87,443.01,389.17,human,NA,0.892,2.3,111.67,129.32,66.42,130.47,54.25
Negotiation_30,R3,2026-09-03T06:33:46.732023Z,shot_hit,4,1397,682,1372,677,994,660,24.67,402.79,378.4,human,NA,0.942,2.3,111.67,129.33,71.4,130.47,54.25
Negotiation_30,R3,2026-09-03T06:33:46.732503Z,flight_spawn,5,828,-20,1372,677,994,660,884.88,700.36,378.4,system,NA,0.442,2.83,135.0,129.33,71.4,130.47,54.25
Negotiation_30,R3,2026-09-03T06:33:51.236904Z,agent_signal,5,218,311,932,878,703,565,911.36,547.21,387.39,agent,i_can,0.375,2.83,119.08,129.41,180.0,76.24,180.0
Negotiation_30,R3,2026-09-03T06:33:51.253109Z,behavior_monitor,5,218,311,932,878,701,565,911.36,545.72,388.39,system,NA,0.375,2.83,119.08,129.41,180.0,99.11,180.0
Negotiation_30,R3,2026-09-03T06:33:51.765537Z,behavior_monitor,5,199,389,866,878,651,565,827.15,485.37,379.53,system,NA,0.37,2.83,72.85,129.41,180.0,99.11,180.0
Negotiation_30,R3,2026-09-03T06:33:51.901169Z,human_signal,5,215,403,849,878,637,565,791.64,452.4,377.27,human,your_turn,0.364,2.83,21.22,129.41,180.0,99.11,180.0
Negotiation_30,R3,2026-09-03T06:33:51.902380Z,human_signal,5,217,404,846,878,637,565,787.59,450.08,376.04,human,your_turn,0.364,2.83,21.22,129.41,180.0,99.11,180.0
Negotiation_30,R3,2026-09-03T06:33:52.275710Z,behavior_monitor,5,269,422,805,887,601,565,709.55,360.86,381.66,system,NA,0.337,2.83,21.57,0.0,146.43,99.11,180.0
Negotiation_30,R3,2026-09-03T06:33:52.784796Z,behavior_monitor,5,343,452,810,886,550,565,637.04,235.44,412.82,system,NA,0.27,2.83,0.26,0.0,-35.96,93.6,180.0
Negotiation_30,R3,2026-09-03T06:33:53.297293Z,behavior_monitor,5,424,460,810,886,498,566,574.21,128.96,446.52,system,NA,0.183,2.83,2.97,0.0,-35.96,99.11,180.0
Negotiation_30,R3,2026-09-03T06:33:53.808562Z,behavior_monitor,5,511,465,814,873,480,566,508.68,106.02,453.64,system,NA,0.172,2.83,2.97,136.37,-64.46,99.11,0.0
Negotiation_30,R3,2026-09-03T06:33:54.320294Z,behavior_monitor,5,591,497,859,819,531,566,418.87,91.54,413.89,system,NA,0.179,2.83,23.7,134.33,-38.32,99.11,0.0
Negotiation_30,R3,2026-09-03T06:33:54.832080Z,behavior_monitor,5,663,541,883,819,581,566,354.27,85.67,393.67,system,NA,0.195,2.83,24.13,129.41,0.0,79.12,18.35
Negotiation_30,R3,2026-09-03T06:33:55.344300Z,behavior_monitor,5,740,578,949,819,632,573,319.05,108.48,401.32,system,NA,0.254,2.83,5.8,129.41,0.0,99.11,0.0
Negotiation_30,R3,2026-09-03T06:33:55.852209Z,behavior_monitor,5,817,597,975,819,682,592,272.08,135.33,370.61,system,NA,0.332,2.83,19.89,106.24,0.0,105.3,0.0
Negotiation_30,R3,2026-09-03T06:33:56.357794Z,behavior_monitor,5,855,670,1014,819,734,658,218.07,121.3,323.42,system,NA,0.357,2.83,96.06,89.74,180.0,169.61,54.25
Negotiation_30,R3,2026-09-03T06:33:56.870676Z,behavior_monitor,5,833,750,983,836,784,728,172.93,53.09,225.89,system,NA,0.235,2.83,96.63,71.07,126.29,169.61,54.25
Negotiation_30,R3,2026-09-03T06:33:57.108569Z,shot_miss,5,829,792,984,837,806,762,161.58,37.36,192.67,agent,NA,0.188,2.83,96.63,0.0,121.45,137.65,90.0
Negotiation_30,R3,2026-09-03T06:33:57.480197Z,shot_miss,5,819,854,1029,861,803,814,209.7,42.62,230.41,agent,NA,0.169,2.83,118.45,138.29,30.25,137.65,90.0
Negotiation_30,R3,2026-09-03T06:33:57.718896Z,shot_miss,5,801,888,1057,877,785,847,256.85,44.44,274.35,agent,NA,0.147,2.83,118.45,138.58,30.3,169.61,125.75
Negotiation_30,R3,2026-09-03T06:33:58.144287Z,flight_missed,5,789,953,1070,892,765,906,287.58,52.53,304.98,system,NA,0.154,2.83,65.59,0.0,90.0,121.75,81.75
Negotiation_30,R3,2026-09-03T06:33:58.145388Z,flight_spawn,6,53,-20,1070,892,765,906,1365.41,1168.05,304.98,system,NA,0.461,2.83,135.0,0.0,90.0,121.75,81.75
Negotiation_30,R3,2026-09-03T06:34:01.648237Z,agent_signal,6,241,331,797,770,530,579,708.65,380.19,329.15,agent,i_can,0.349,2.33,59.19,129.41,180.0,130.47,-125.75
Negotiation_30,R3,2026-09-03T06:34:01.665522Z,behavior_monitor,6,241,331,797,770,528,576,708.65,377.38,331.89,system,NA,0.347,2.33,59.19,129.41,180.0,169.61,-125.75
Negotiation_30,R3,2026-09-03T06:34:02.175144Z,behavior_monitor,6,269,393,741,770,478,565,603.97,269.87,334.15,system,NA,0.309,2.33,84.14,0.0,180.0,99.11,180.0
Negotiation_30,R3,2026-09-03T06:34:02.687442Z,behavior_monitor,6,254,461,702,783,428,565,552.18,203.5,349.77,system,NA,0.269,2.33,108.51,90.04,123.54,99.11,180.0
Negotiation_30,R3,2026-09-03T06:34:02.806672Z,human_signal,6,250,476,696,792,416,565,546.44,188.68,359.98,human,your_turn,0.257,2.33,108.51,92.81,121.45,99.11,180.0
Negotiation_30,R3,2026-09-03T06:34:02.807349Z,human_signal,6,249,478,694,794,416,565,544.79,188.26,359.19,human,your_turn,0.257,2.33,108.51,118.69,139.52,99.11,180.0
Negotiation_30,R3,2026-09-03T06:34:03.198292Z,behavior_monitor,6,241,528,647,815,377,565,497.5,141.93,367.23,system,NA,0.222,2.33,114.0,102.36,152.57,99.11,180.0
Negotiation_30,R3,2026-09-03T06:34:03.708375Z,behavior_monitor,6,216,593,624,839,327,587,475.94,110.77,389.27,system,NA,0.189,2.33,124.9,139.57,134.28,99.11,180.0
Negotiation_30,R3,2026-09-03T06:34:04.218319Z,behavior_monitor,6,158,625,573,890,277,620,493.09,118.83,401.61,system,NA,0.194,2.33,137.55,141.62,134.2,169.61,125.75
Negotiation_30,R3,2026-09-03T06:34:04.727087Z,behavior_monitor,6,106,663,516,910,226,659,478.45,120.34,383.16,system,NA,0.201,2.33,130.74,126.26,180.0,169.61,125.75
Negotiation_30,R3,2026-09-03T06:34:05.237184Z,behavior_monitor,6,40,691,451,910,175,687,464.68,135.01,353.96,system,NA,0.225,2.33,158.74,127.93,180.0,169.61,125.75
Negotiation_30,R3,2026-09-03T06:34:05.747818Z,behavior_monitor,6,47,717,441,910,125,713,438.2,77.97,372.13,system,NA,0.151,1.55,60.26,129.41,0.0,169.61,125.75
Negotiation_30,R3,2026-09-03T06:34:06.174900Z,shot_hit,6,53,755,468,910,81,750,442.04,28.2,418.08,agent,NA,0.06,1.55,61.17,0.0,0.0,169.61,125.75
Negotiation_30,R3,2026-09-03T06:34:06.175465Z,flight_spawn,7,927,-20,468,910,81,750,1037.52,1144.87,418.08,system,NA,0.525,2.83,135.0,0.0,0.0,169.61,125.75
Negotiation_30,R3,2026-09-03T06:34:10.765449Z,agent_signal,7,275,310,748,795,284,565,676.79,255.45,517.56,agent,i_can,0.274,2.83,113.83,0.0,0.0,76.24,180.0
Negotiation_30,R3,2026-09-03T06:34:10.782409Z,behavior_monitor,7,275,310,748,795,282,565,676.79,255.4,519.07,system,NA,0.274,2.83,113.83,0.0,0.0,99.11,180.0
Negotiation_30,R3,2026-09-03T06:34:11.275232Z,human_signal,7,230,371,748,795,233,565,668.93,194.12,563.42,human,your_turn,0.225,2.83,164.83,0.0,0.0,99.11,180.0
Negotiation_30,R3,2026-09-03T06:34:11.275892Z,human_signal,7,227,372,748,795,233,565,670.82,193.46,563.42,human,your_turn,0.224,2.83,164.83,0.0,0.0,99.11,180.0
Negotiation_30,R3,2026-09-03T06:34:11.292385Z,behavior_monitor,7,227,372,748,795,231,565,670.82,193.41,564.96,system,NA,0.224,2.83,164.83,0.0,0.0,99.11,180.0
Negotiation_30,R3,2026-09-03T06:34:11.803133Z,behavior_monitor,7,158,417,748,795,181,565,700.38,149.88,611.83,system,NA,0.176,2.83,138.17,0.0,0.0,99.11,180.0
Negotiation_30,R3,2026-09-03T06:34:12.313067Z,behavior_monitor,7,86,457,748,795,130,565,742.88,116.66,658.59,system,NA,0.136,2.83,163.94,0.0,0.0,99.11,180.0
Negotiation_30,R3,2026-09-03T06:34:12.821796Z,behavior_monitor,7,24,491,748,795,80,566,784.92,93.45,706.17,system,NA,0.106,1.81,26.2,0.0,0.0,99.11,180.0
Negotiation_30,R3,2026-09-03T06:34:13.331689Z,behavior_monitor,7,76,501,748,795,52,566,733.42,68.76,732.9,system,NA,0.086,1.81,25.3,0.0,0.0,99.11,0.0
Negotiation_30,R3,2026-09-03T06:34:13.707213Z,shot_miss,7,111,519,748,795,88,566,693.95,52.06,698.1,agent,NA,0.07,1.81,2.56,0.0,0.0,99.11,0.0
Negotiation_30,R3,2026-09-03T06:34:13.844878Z,behavior_monitor,7,126,520,748,795,100,566,680.18,52.94,686.97,system,NA,0.072,1.81,2.56,0.0,0.0,93.6,0.0
Negotiation_30,R3,2026-09-03T06:34:13.964360Z,shot_miss,7,140,520,748,795,113,566,667.11,52.65,674.28,agent,NA,0.073,1.81,2.56,0.0,0.0,99.11,0.0
Negotiation_30,R3,2026-09-03T06:34:14.308697Z,shot_miss,7,175,529,748,795,147,566,631.52,46.74,642.41,agent,NA,0.069,1.81,27.07,0.0,0.0,93.6,0.0
Negotiation_30,R3,2026-09-03T06:34:14.357617Z,behavior_monitor,7,178,530,748,795,151,566,627.77,45.43,639.26,system,NA,0.067,1.81,27.07,0.0,0.0,99.11,0.0
Negotiation_30,R3,2026-09-03T06:34:14.866460Z,behavior_monitor,7,215,564,748,795,191,566,580.58,23.6,601.75,system,NA,0.039,1.81,49.8,0.0,0.0,0.0,0.0
Negotiation_30,R3,2026-09-03T06:34:15.376937Z,behavior_monitor,7,258,600,748,795,232,596,527.05,26.6,552.92,system,NA,0.048,1.81,25.35,0.0,0.0,169.61,54.25
Negotiation_30,R3,2026-09-03T06:34:15.887360Z,behavior_monitor,7,309,621,748,795,282,615,472.17,27.36,499.2,system,NA,0.055,1.81,4.93,0.0,0.0,99.11,0.0
Negotiation_30,R3,2026-09-03T06:34:16.127203Z,shot_hit,7,334,623,748,795,307,617,448.27,26.93,474.83,agent,NA,0.057,1.81,4.93,0.0,0.0,93.6,0.0
Negotiation_30,R3,2026-09-03T06:34:16.128540Z,flight_spawn,8,209,-20,748,795,307,617,977.41,645.23,474.83,system,NA,0.398,2.92,46.79,0.0,0.0,93.6,0.0
Negotiation_30,R3,2026-09-03T06:34:18.327525Z,agent_signal,8,282,308,727,795,277,565,660.18,256.53,506.4,agent,i_can,0.28,2.92,148.52,71.58,180.0,76.24,180.0
Negotiation_30,R3,2026-09-03T06:34:18.344889Z,behavior_monitor,8,282,308,727,795,275,565,660.18,256.57,507.9,system,NA,0.28,2.92,148.52,71.58,180.0,99.11,180.0
Negotiation_30,R3,2026-09-03T06:34:18.856295Z,behavior_monitor,8,235,381,671,795,225,565,601.62,184.97,502.36,system,NA,0.235,2.92,94.71,129.41,180.0,99.11,180.0
Negotiation_30,R3,2026-09-03T06:34:19.366679Z,behavior_monitor,8,245,466,620,795,222,565,498.66,102.14,459.92,system,NA,0.17,2.92,73.88,0.0,180.0,0.0,0.0
Negotiation_30,R3,2026-09-03T06:34:19.861946Z,shot_hit,8,266,550,678,807,244,565,485.15,27.37,497.11,agent,NA,0.053,2.92,73.88,134.52,15.85,99.11,0.0
Negotiation_30,R3,2026-09-03T06:34:19.862649Z,flight_spawn,9,387,-20,678,807,244,565,876.98,603.0,497.11,system,NA,0.407,2.83,45.0,134.52,15.85,99.11,0.0
Negotiation_30,R3,2026-09-03T06:34:24.096162Z,agent_signal,9,954,342,977,719,534,565,377.97,474.97,468.57,agent,your_turn,0.557,2.83,50.67,134.46,15.76,76.24,0.0
Negotiation_30,R3,2026-09-03T06:34:24.112032Z,behavior_monitor,9,954,342,977,719,535,565,377.97,474.12,467.65,system,NA,0.556,2.83,50.67,134.52,15.85,57.18,0.0
Negotiation_30,R3,2026-09-03T06:34:24.572388Z,human_signal,9,1016,378,1012,723,562,565,345.0,491.4,477.11,human,i_can,0.588,2.83,2.0,129.41,0.0,57.18,0.0
Negotiation_30,R3,2026-09-03T06:34:24.623440Z,behavior_monitor,9,1021,379,1016,723,564,565,344.81,493.49,478.51,system,NA,0.589,2.83,26.73,129.41,0.0,57.18,0.0
Negotiation_30,R3,2026-09-03T06:34:25.134367Z,behavior_monitor,9,1062,448,1082,712,593,565,264.5,482.86,510.26,system,NA,0.646,2.83,78.58,136.88,-19.02,57.18,0.0
Negotiation_30,R3,2026-09-03T06:34:25.643674Z,behavior_monitor,9,1053,530,1072,694,605,566,164.58,449.49,483.78,system,NA,0.732,2.83,107.76,129.41,0.0,0.0,0.0
Negotiation_30,R3,2026-09-03T06:34:26.154574Z,behavior_monitor,9,1008,598,1034,694,617,582,98.87,392.16,431.76,system,NA,0.799,2.83,131.0,129.41,180.0,0.0,54.25
Negotiation_30,R3,2026-09-03T06:34:26.664726Z,behavior_monitor,9,953,662,968,694,644,620,34.6,312.47,332.11,system,NA,0.9,2.83,131.0,129.41,180.0,130.47,54.25
Negotiation_30,R3,2026-09-03T06:34:26.783270Z,shot_hit,9,941,677,952,694,653,632,20.06,291.51,305.52,human,NA,0.936,2.83,131.0,122.22,180.0,123.22,54.25
Negotiation_30,R3,2026-09-03T06:34:26.784101Z,flight_spawn,10,1284,-20,952,694,653,632,787.27,907.71,305.52,system,NA,0.536,3.48,54.94,122.22,180.0,123.22,54.25
Negotiation_30,R3,2026-09-03T06:34:29.694902Z,agent_signal,10,1010,358,1036,748,856,566,390.55,258.08,256.09,agent,i_can,0.398,3.48,112.84,135.23,163.13,65.12,-8.63
Negotiation_30,R3,2026-09-03T06:34:29.711855Z,behavior_monitor,10,1010,358,1036,748,858,566,390.55,257.08,254.91,system,NA,0.397,3.48,112.84,136.7,161.21,99.11,0.0
Negotiation_30,R3,2026-09-03T06:34:30.223109Z,behavior_monitor,10,969,455,971,776,909,565,320.87,126.02,219.26,system,NA,0.282,3.48,112.84,139.39,156.6,99.11,0.0
Negotiation_30,R3,2026-09-03T06:34:30.732372Z,behavior_monitor,10,970,557,908,802,946,565,252.6,25.09,240.12,system,NA,0.09,3.48,84.57,78.26,125.39,0.0,0.0
Negotiation_30,R3,2026-09-03T06:34:30.748622Z,shot_hit,10,969,564,907,805,946,565,248.17,23.45,242.43,agent,NA,0.086,3.48,84.57,78.26,125.39,0.0,0.0
Negotiation_30,R3,2026-09-03T06:34:30.749153Z,flight_spawn,11,678,-20,907,805,946,565,856.28,644.13,242.43,system,NA,0.429,3.51,55.29,78.26,125.39,0.0,0.0
Negotiation_30,R3,2026-09-03T06:34:30.951866Z,human_signal,11,705,10,915,818,946,565,834.96,605.35,254.75,human,i_can,0.42,3.51,32.09,123.83,37.22,0.0,0.0
Negotiation_30,R3,2026-09-03T06:34:31.240095Z,behavior_monitor,11,743,49,943,841,936,565,817.48,550.92,276.51,system,NA,0.403,3.51,33.05,138.19,37.98,57.18,180.0
Negotiation_30,R3,2026-09-03T06:34:31.750072Z,behavior_monitor,11,833,104,945,848,909,565,752.31,467.32,285.09,system,NA,0.383,3.51,11.26,129.41,0.0,0.0,180.0
Negotiation_30,R3,2026-09-03T06:34:32.259835Z,behavior_monitor,11,940,124,1000,848,908,565,725.58,441.41,297.3,system,NA,0.378,3.51,15.09,0.0,0.0,0.0,-158.29
Negotiation_30,R3,2026-09-03T06:34:32.768542Z,behavior_monitor,11,1045,148,1043,848,930,565,699.2,431.78,304.6,system,NA,0.382,3.51,10.16,127.63,0.0,76.24,0.0
Negotiation_30,R3,2026-09-03T06:34:33.282724Z,behavior_monitor,11,1143,173,1083,848,969,565,677.39,428.97,304.82,system,NA,0.388,3.51,30.83,129.41,0.0,76.24,0.0
Negotiation_30,R3,2026-09-03T06:34:33.792518Z,behavior_monitor,11,1237,202,1108,848,1008,565,657.89,428.85,299.98,system,NA,0.395,3.51,0.84,0.0,0.0,76.24,0.0
Negotiation_30,R3,2026-09-03T06:34:34.303361Z,behavior_monitor,11,1333,231,1142,848,1047,564,645.57,439.43,299.18,system,NA,0.405,3.51,52.01,90.93,0.0,76.24,0.0
Negotiation_30,R3,2026-09-03T06:34:34.729006Z,agent_signal,11,1367,310,1150,838,1080,564,570.36,383.21,282.72,agent,i_can,0.402,3.51,96.74,96.04,-54.03,76.24,0.0
Negotiation_30,R3,2026-09-03T06:34:34.813942Z,behavior_monitor,11,1366,324,1155,832,1088,564,549.59,367.16,275.95,system,NA,0.401,3.51,96.74,122.41,-49.66,99.11,0.0
Negotiation_30,R3,2026-09-03T06:34:35.325170Z,behavior_monitor,11,1371,426,1182,820,1139,564,436.74,270.63,259.28,system,NA,0.383,3.51,67.11,122.22,0.0,93.6,0.0
Negotiation_30,R3,2026-09-03T06:34:35.529758Z,human_signal,11,1388,465,1201,827,1159,564,407.28,249.5,265.87,human,your_turn,0.38,3.51,67.11,52.48,90.0,99.11,0.0
Negotiation_30,R3,2026-09-03T06:34:35.530426Z,human_signal,11,1389,468,1201,827,1159,564,405.79,249.4,266.75,human,your_turn,0.381,3.51,67.11,52.48,90.0,99.11,0.0
Negotiation_30,R3,2026-09-03T06:34:35.837616Z,behavior_monitor,11,1421,516,1201,837,1189,564,389.03,236.81,272.85,system,NA,0.378,3.51,41.53,0.0,90.0,99.11,0.0
Negotiation_30,R3,2026-09-03T06:34:36.346672Z,behavior_monitor,11,1419,584,1161,832,1239,578,357.45,179.71,264.98,system,NA,0.335,2.81,148.91,131.24,-156.24,99.11,0.0
Negotiation_30,R3,2026-09-03T06:34:36.857714Z,behavior_monitor,11,1342,613,1096,824,1289,608,324.32,53.11,289.41,system,NA,0.141,2.81,171.86,129.41,180.0,99.11,0.0
Negotiation_30,R3,2026-09-03T06:34:37.095918Z,shot_hit,11,1300,619,1063,824,1290,613,313.94,11.2,310.43,agent,NA,0.034,2.81,171.86,129.41,180.0,99.11,180.0
Negotiation_30,R3,2026-09-03T06:34:37.096989Z,flight_spawn,12,872,-20,1063,824,1290,613,865.55,759.37,310.43,system,NA,0.467,3.26,127.82,129.41,180.0,99.11,180.0
Negotiation_30,R3,2026-09-03T06:34:40.578728Z,human_signal,12,623,504,736,824,1078,566,339.56,460.15,429.2,human,i_can,0.575,3.26,118.5,129.41,180.0,76.24,180.0
Negotiation_30,R3,2026-09-03T06:34:40.595412Z,behavior_monitor,12,623,504,736,824,1078,566,339.56,459.18,428.42,system,NA,0.575,3.26,118.5,129.41,180.0,57.18,180.0
Negotiation_30,R3,2026-09-03T06:34:41.073508Z,agent_signal,12,563,573,672,824,1050,566,272.91,486.92,458.06,agent,your_turn,0.641,3.26,123.17,129.41,180.0,57.18,180.0
Negotiation_30,R3,2026-09-03T06:34:41.107641Z,behavior_monitor,12,562,576,670,824,1048,568,270.2,486.66,456.76,system,NA,0.643,3.26,123.17,129.41,180.0,97.85,125.75
Negotiation_30,R3,2026-09-03T06:34:41.617610Z,behavior_monitor,12,523,664,604,824,1019,608,179.03,498.84,468.03,system,NA,0.736,3.26,100.22,129.41,180.0,97.85,125.75
Negotiation_30,R3,2026-09-03T06:34:42.126664Z,behavior_monitor,12,507,760,538,824,1007,625,70.64,517.38,509.4,system,NA,0.88,3.26,100.22,129.41,180.0,0.0,-117.11
Negotiation_30,R3,2026-09-03T06:34:42.346160Z,shot_hit,12,498,802,509,824,1007,625,24.87,538.95,535.86,human,NA,0.956,3.26,100.22,129.41,180.0,0.0,-117.11
Negotiation_30,R3,2026-09-03T06:34:42.346741Z,flight_spawn,13,1043,-20,509,824,1007,625,999.17,646.87,535.86,system,NA,0.393,3.46,125.29,129.41,180.0,0.0,-117.11
Negotiation_30,R3,2026-09-03T06:34:44.322039Z,agent_signal,13,1045,326,572,824,991,566,686.55,246.53,491.57,agent,i_can,0.264,3.46,49.03,0.0,0.0,76.24,0.0
Negotiation_30,R3,2026-09-03T06:34:44.338214Z,behavior_monitor,13,1045,326,572,824,993,566,686.55,246.17,493.01,system,NA,0.264,3.46,49.03,0.0,0.0,99.11,0.0
Negotiation_30,R3,2026-09-03T06:34:44.848967Z,behavior_monitor,13,1116,398,578,824,1042,566,685.82,183.59,530.79,system,NA,0.211,3.46,28.03,129.41,0.0,99.11,0.0
Negotiation_30,R3,2026-09-03T06:34:45.360668Z,behavior_monitor,13,1210,447,644,833,1093,566,685.35,166.68,522.78,system,NA,0.196,3.46,28.03,134.55,15.89,99.11,0.0
Negotiation_30,R3,2026-09-03T06:34:45.479322Z,human_signal,13,1231,458,660,838,1105,566,686.22,165.78,521.97,human,your_turn,0.195,3.46,28.03,134.62,15.99,99.11,0.0
Negotiation_30,R3,2026-09-03T06:34:45.479816Z,human_signal,13,1235,460,662,839,1105,566,686.81,167.48,520.43,human,your_turn,0.196,3.46,28.03,134.62,15.99,99.11,0.0
Negotiation_30,R3,2026-09-03T06:34:45.870582Z,behavior_monitor,13,1289,511,710,853,1143,565,671.68,154.87,519.87,system,NA,0.187,3.46,57.34,134.85,16.33,99.11,0.0
Negotiation_30,R3,2026-09-03T06:34:46.382275Z,behavior_monitor,13,1346,599,762,863,1194,589,641.04,152.24,511.65,system,NA,0.192,3.46,82.31,129.41,0.0,169.61,54.25
Negotiation_30,R3,2026-09-03T06:34:46.892478Z,behavior_monitor,13,1336,699,828,878,1245,661,538.97,98.71,470.88,system,NA,0.155,3.46,105.18,134.33,15.56,193.04,50.64
Negotiation_30,R3,2026-09-03T06:34:47.406042Z,behavior_monitor,13,1322,797,873,892,1296,730,458.49,71.63,452.49,system,NA,0.135,3.46,76.78,0.0,32.07,169.61,54.25
Negotiation_30,R3,2026-09-03T06:34:47.917037Z,behavior_monitor,13,1405,835,904,910,1343,801,507.04,71.07,452.41,system,NA,0.123,3.46,2.02,105.55,0.0,169.61,54.25
Negotiation_30,R3,2026-09-03T06:34:48.426514Z,behavior_monitor,13,1419,861,922,910,1393,855,500.12,26.57,475.01,system,NA,0.05,2.28,149.05,0.0,0.0,99.11,0.0
Negotiation_30,R3,2026-09-03T06:34:48.443585Z,shot_hit,13,1416,863,922,910,1395,857,496.38,21.52,476.42,agent,NA,0.042,2.28,149.05,0.0,0.0,169.61,54.25
Negotiation_30,R3,2026-09-03T06:34:48.444071Z,flight_spawn,14,699,-20,922,910,1395,857,956.37,1120.28,476.42,system,NA,0.539,3.39,126.2,0.0,0.0,169.61,54.25
Negotiation_30,R3,2026-09-03T06:34:50.257011Z,agent_signal,14,578,310,755,855,1279,694,572.69,799.0,547.47,agent,your_turn,0.582,3.39,99.62,136.23,-151.15,130.47,-125.75
Negotiation_30,R3,2026-09-03T06:34:50.273434Z,behavior_monitor,14,578,310,755,855,1278,693,572.69,797.5,546.94,system,NA,0.582,3.39,99.62,136.05,-151.91,97.85,-125.75
Negotiation_30,R3,2026-09-03T06:34:50.782146Z,behavior_monitor,14,588,408,692,826,1248,652,430.3,703.89,582.66,system,NA,0.621,3.39,71.73,136.32,-158.57,97.85,-125.75
Negotiation_30,R3,2026-09-03T06:34:51.241671Z,human_signal,14,586,499,701,823,1235,633,343.38,661.93,565.98,human,i_can,0.658,3.39,122.06,0.0,0.0,0.0,-134.97
Negotiation_30,R3,2026-09-03T06:34:51.293193Z,behavior_monitor,14,583,505,698,823,1232,629,337.88,660.26,567.85,system,NA,0.661,3.39,122.06,129.41,180.0,97.85,-125.75
Negotiation_30,R3,2026-09-03T06:34:51.804855Z,behavior_monitor,14,532,591,632,821,1203,591,251.42,671.14,615.73,system,NA,0.727,3.39,122.06,129.41,180.0,57.18,180.0
Negotiation_30,R3,2026-09-03T06:34:52.314955Z,behavior_monitor,14,450,645,566,821,1191,604,211.17,741.65,661.83,system,NA,0.778,3.39,163.07,129.41,180.0,0.0,-132.32
Negotiation_30,R3,2026-09-03T06:34:52.826299Z,behavior_monitor,14,357,679,500,821,1175,626,201.83,819.18,702.53,system,NA,0.802,3.39,141.17,129.41,180.0,130.47,125.75
Negotiation_30,R3,2026-09-03T06:34:53.331010Z,behavior_monitor,14,274,733,434,821,1136,679,183.21,863.57,715.96,system,NA,0.825,3.39,164.02,129.41,180.0,130.47,125.75
Negotiation_30,R3,2026-09-03T06:34:53.839616Z,behavior_monitor,14,178,764,368,821,1097,733,198.38,919.14,734.14,system,NA,0.822,3.39,161.09,129.41,180.0,130.47,125.75
Negotiation_30,R3,2026-09-03T06:34:54.349553Z,behavior_monitor,14,89,804,302,821,1058,787,213.9,969.04,756.5,system,NA,0.819,3.39,122.87,129.41,180.0,130.47,125.75
Negotiation_30,R3,2026-09-03T06:34:54.860926Z,behavior_monitor,14,30,889,237,845,1018,842,211.58,989.06,781.01,system,NA,0.824,3.39,117.96,135.27,153.99,130.47,125.75
Negotiation_30,R3,2026-09-03T06:34:55.251792Z,flight_missed,14,48,953,201,867,987,885,175.53,941.69,786.03,system,NA,0.843,3.14,42.68,57.15,43.29,130.47,125.75
Negotiation_30,R3,2026-09-03T06:34:55.252939Z,flight_spawn,15,757,-20,201,867,987,885,1047.28,933.83,786.03,system,NA,0.471,2.83,135.0,57.15,43.29,130.47,125.75
Negotiation_30,R3,2026-09-03T06:34:59.103739Z,agent_signal,15,319,391,331,774,757,567,383.05,471.84,473.77,agent,your_turn,0.552,2.83,136.79,0.0,0.0,76.24,180.0
Negotiation_30,R3,2026-09-03T06:34:59.120120Z,behavior_monitor,15,319,391,331,774,756,567,383.05,470.94,472.9,system,NA,0.551,2.83,136.79,0.0,0.0,57.18,180.0
Negotiation_30,R3,2026-09-03T06:34:59.632158Z,behavior_monitor,15,249,437,288,774,727,567,339.87,495.76,486.05,system,NA,0.593,2.83,166.73,129.41,180.0,57.18,180.0
Negotiation_30,R3,2026-09-03T06:34:59.666034Z,human_signal,15,242,439,282,774,726,567,337.96,499.77,490.02,human,i_can,0.597,2.83,166.73,125.51,180.0,57.18,180.0
Negotiation_30,R3,2026-09-03T06:35:00.139699Z,behavior_monitor,15,189,483,223,774,698,565,292.69,515.81,519.26,system,NA,0.638,2.83,92.22,129.41,180.0,57.18,180.0
Negotiation_30,R3,2026-09-03T06:35:00.650825Z,behavior_monitor,15,188,568,185,774,682,565,206.39,493.43,539.23,system,NA,0.705,2.83,92.64,125.62,0.0,0.0,-60.47
Negotiation_30,R3,2026-09-03T06:35:01.162803Z,behavior_monitor,15,184,653,186,774,681,566,121.61,503.99,536.7,system,NA,0.806,2.83,92.64,129.41,180.0,130.47,125.75
Negotiation_30,R3,2026-09-03T06:35:01.672819Z,behavior_monitor,15,202,733,158,774,641,620,60.86,453.16,507.57,system,NA,0.882,2.83,66.29,0.0,180.0,136.85,130.7
Negotiation_30,R3,2026-09-03T06:35:01.944499Z,shot_miss,15,238,751,191,784,621,649,56.42,396.31,449.78,human,NA,0.875,2.83,9.87,135.55,18.07,130.47,125.75
Negotiation_30,R3,2026-09-03T06:35:02.181948Z,behavior_monitor,15,277,758,222,794,602,674,65.37,335.9,398.45,system,NA,0.837,2.83,9.87,135.71,18.28,130.47,125.75
Negotiation_30,R3,2026-09-03T06:35:02.690337Z,behavior_monitor,15,358,777,288,815,563,728,80.02,210.73,288.66,system,NA,0.725,2.83,11.02,135.71,18.28,130.47,125.75
Negotiation_30,R3,2026-09-03T06:35:03.167461Z,human_signal,15,437,794,324,849,527,778,125.2,91.32,214.41,human,your_turn,0.422,2.83,6.69,129.41,90.0,130.47,125.75
Negotiation_30,R3,2026-09-03T06:35:03.168289Z,human_signal,15,440,794,324,851,527,778,128.91,88.22,215.15,human,your_turn,0.406,2.83,6.69,129.41,90.0,130.47,125.75
Negotiation_30,R3,2026-09-03T06:35:03.202029Z,behavior_monitor,15,443,794,324,853,523,783,132.14,81.55,211.14,system,NA,0.382,2.83,6.69,129.41,90.0,169.61,125.75
Negotiation_30,R3,2026-09-03T06:35:03.559159Z,shot_hit,15,499,820,328,901,486,815,189.39,13.66,179.92,agent,NA,0.067,2.83,33.89,124.67,90.0,169.61,125.75
Negotiation_30,R3,2026-09-03T06:35:03.560174Z,flight_spawn,16,1408,-20,328,901,486,815,1420.16,1244.71,179.92,system,NA,0.467,3.12,129.92,124.67,90.0,169.61,125.75
Negotiation_30,R3,2026-09-03T06:35:03.711325Z,human_signal,16,1396,1,332,910,486,815,1398.55,1220.91,180.19,human,your_turn,0.466,3.12,109.63,96.37,0.0,0.0,125.75
Negotiation_30,R3,2026-09-03T06:35:03.711811Z,behavior_monitor,16,1396,1,332,910,486,815,1398.55,1220.91,180.19,system,NA,0.466,3.12,109.63,96.37,0.0,0.0,125.75
Negotiation_30,R3,2026-09-03T06:35:03.712138Z,human_signal,16,1395,4,334,911,486,815,1395.35,1218.05,179.49,human,your_turn,0.466,3.12,109.63,96.37,0.0,0.0,125.75
Negotiation_30,R3,2026-09-03T06:35:04.221447Z,behavior_monitor,16,1391,92,394,910,523,764,1288.88,1097.29,194.43,system,NA,0.46,3.12,103.71,129.41,0.0,169.61,-54.25
Negotiation_30,R3,2026-09-03T06:35:04.731474Z,behavior_monitor,16,1329,159,460,901,573,694,1143.3,926.27,236.22,system,NA,0.448,3.12,151.63,138.39,-20.76,169.61,-54.25
Negotiation_30,R3,2026-09-03T06:35:05.241630Z,behavior_monitor,16,1260,219,526,873,624,624,983.26,753.91,267.64,system,NA,0.434,3.12,176.67,141.04,-23.43,169.61,-54.25
Negotiation_30,R3,2026-09-03T06:35:05.753512Z,behavior_monitor,16,1163,231,564,835,674,566,850.5,591.74,291.26,system,NA,0.41,3.12,154.49,129.41,-90.0,99.11,0.0
Negotiation_30,R3,2026-09-03T06:35:06.264887Z,behavior_monitor,16,1072,267,564,789,725,566,728.61,457.96,275.41,system,NA,0.386,3.12,177.88,0.0,-90.0,99.11,0.0
Negotiation_30,R3,2026-09-03T06:35:06.774775Z,behavior_monitor,16,992,305,521,805,775,565,686.39,338.89,348.71,system,NA,0.331,3.12,134.95,0.0,180.0,99.11,0.0
Negotiation_30,R3,2026-09-03T06:35:06.792100Z,agent_signal,16,989,310,521,805,776,565,680.84,332.24,349.94,agent,i_can,0.328,3.12,161.03,0.0,180.0,99.11,0.0
Negotiation_30,R3,2026-09-03T06:35:07.284364Z,behavior_monitor,16,909,339,502,805,825,565,619.04,241.81,402.02,system,NA,0.281,3.12,165.24,0.0,180.0,99.11,0.0
Negotiation_30,R3,2026-09-03T06:35:07.556118Z,human_signal,16,862,352,493,805,849,566,583.82,213.69,428.69,human,i_can,0.268,3.12,165.24,129.41,180.0,0.0,0.0
Negotiation_30,R3,2026-09-03T06:35:07.793269Z,behavior_monitor,16,825,362,464,805,835,566,570.92,203.92,441.22,system,NA,0.263,3.12,171.88,129.41,180.0,57.18,180.0
Negotiation_30,R3,2026-09-03T06:35:08.234864Z,agent_signal,16,738,374,460,805,810,566,513.01,204.82,423.81,agent,your_turn,0.285,3.12,171.88,133.7,14.55,57.18,180.0
Negotiation_30,R3,2026-09-03T06:35:08.302589Z,behavior_monitor,16,727,375,469,808,806,566,503.8,205.99,414.81,system,NA,0.29,3.12,171.88,134.61,15.99,57.18,180.0
Negotiation_30,R3,2026-09-03T06:35:08.320052Z,human_signal,16,724,376,471,808,805,566,500.99,206.63,412.62,human,your_turn,0.292,3.12,171.88,134.61,15.99,57.18,180.0
Negotiation_30,R3,2026-09-03T06:35:08.320492Z,human_signal,16,721,376,473,809,805,566,498.65,207.36,411.23,human,your_turn,0.294,3.12,171.88,134.86,16.35,57.18,180.0
Negotiation_30,R3,2026-09-03T06:35:08.813229Z,behavior_monitor,16,656,426,451,813,756,566,438.43,172.12,392.89,system,NA,0.282,3.12,119.02,129.41,180.0,99.11,180.0
Negotiation_30,R3,2026-09-03T06:35:09.324518Z,behavior_monitor,16,584,482,385,813,705,566,385.84,147.6,405.02,system,NA,0.277,3.12,144.72,129.41,180.0,99.11,180.0
Negotiation_30,R3,2026-09-03T06:35:09.837574Z,behavior_monitor,16,566,549,319,813,655,566,361.96,90.61,417.01,system,NA,0.2,3.12,18.29,129.41,180.0,99.11,180.0
Negotiation_30,R3,2026-09-03T06:35:09.941132Z,human_signal,16,584,555,305,813,645,566,379.92,61.94,419.5,human,your_turn,0.14,3.12,18.29,129.41,180.0,99.11,180.0
Negotiation_30,R3,2026-09-03T06:35:09.942252Z,human_signal,16,587,556,303,813,645,566,382.81,59.18,421.29,human,your_turn,0.134,3.12,18.29,129.41,180.0,99.11,180.0
Negotiation_30,R3,2026-09-03T06:35:10.195727Z,shot_hit,16,631,570,280,815,617,566,427.89,14.6,418.83,agent,NA,0.033,3.12,18.29,33.17,90.0,99.11,180.0
Negotiation_30,R3,2026-09-03T06:35:10.196705Z,flight_spawn,17,893,-20,280,815,617,566,1036.02,648.29,418.83,system,NA,0.385,2.83,45.0,33.17,90.0,99.11,180.0
Negotiation_30,R3,2026-09-03T06:35:17.626576Z,agent_signal,17,1171,572,1050,829,1045,567,284.39,126.1,262.26,agent,i_can,0.307,2.28,171.74,130.3,29.43,76.24,0.0
Negotiation_30,R3,2026-09-03T06:35:17.644091Z,behavior_monitor,17,1171,572,1050,829,1047,567,284.39,124.42,262.24,system,NA,0.304,2.28,171.74,130.3,29.43,99.11,0.0
Negotiation_30,R3,2026-09-03T06:35:17.796738Z,human_signal,17,1152,575,1064,840,1062,570,278.45,89.91,269.68,human,your_turn,0.244,2.28,171.74,76.99,48.41,103.11,10.56
Negotiation_30,R3,2026-09-03T06:35:17.797441Z,human_signal,17,1150,576,1065,840,1062,570,278.11,88.07,270.55,human,your_turn,0.241,2.28,171.74,76.99,48.41,99.11,0.0
Negotiation_30,R3,2026-09-03T06:35:18.153501Z,behavior_monitor,17,1104,582,1049,843,1088,577,266.94,16.82,269.24,system,NA,0.059,2.28,171.74,129.41,180.0,99.11,180.0
Negotiation_30,R3,2026-09-03T06:35:18.255297Z,shot_hit,17,1086,585,1034,843,1076,579,263.84,11.94,267.47,agent,NA,0.043,2.28,158.99,129.41,180.0,99.11,180.0
Negotiation_30,R3,2026-09-03T06:35:18.256324Z,flight_spawn,18,415,-20,1034,843,1076,579,1062.29,892.11,267.47,system,NA,0.456,2.83,45.0,129.41,180.0,99.11,180.0
Negotiation_30,R3,2026-09-03T06:35:22.241436Z,human_signal,18,269,409,519,843,796,566,501.6,550.51,392.28,human,i_can,0.523,2.83,71.69,129.41,180.0,76.24,180.0
Negotiation_30,R3,2026-09-03T06:35:22.257335Z,behavior_monitor,18,269,409,519,843,795,566,501.6,549.58,391.59,system,NA,0.523,2.83,71.69,129.41,180.0,57.18,180.0
Negotiation_30,R3,2026-09-03T06:35:22.768088Z,behavior_monitor,18,295,489,453,843,766,566,387.91,478.05,418.47,system,NA,0.552,2.83,71.69,129.41,180.0,57.18,180.0
Negotiation_30,R3,2026-09-03T06:35:23.142500Z,agent_signal,18,293,553,409,833,753,566,303.5,459.91,435.71,agent,your_turn,0.602,2.83,69.62,98.03,-135.93,0.0,180.0
Negotiation_30,R3,2026-09-03T06:35:23.279010Z,behavior_monitor,18,301,569,402,822,745,566,272.79,444.48,428.19,system,NA,0.62,2.83,49.0,114.72,-118.12,57.18,180.0
Negotiation_30,R3,2026-09-03T06:35:23.788351Z,behavior_monitor,18,345,641,375,790,725,593,152.26,383.4,402.17,system,NA,0.716,2.83,77.61,134.64,-40.98,0.0,125.75
Negotiation_30,R3,2026-09-03T06:35:24.299625Z,behavior_monitor,18,342,719,369,733,725,593,30.16,403.05,382.87,system,NA,0.93,2.83,132.07,138.09,-121.36,0.0,125.75
Negotiation_30,R3,2026-09-03T06:35:24.350378Z,shot_miss,18,337,725,366,727,725,593,29.49,410.12,383.05,human,NA,0.933,2.83,132.07,124.06,-107.71,0.0,125.75
Negotiation_30,R3,2026-09-03T06:35:24.810890Z,behavior_monitor,18,280,773,319,719,725,593,67.23,480.16,424.71,system,NA,0.877,2.83,155.96,136.95,157.57,0.0,125.75
Negotiation_30,R3,2026-09-03T06:35:25.320943Z,behavior_monitor,18,217,832,266,766,687,645,82.21,506.06,438.06,system,NA,0.86,2.83,129.82,139.2,135.04,130.47,125.75
Negotiation_30,R3,2026-09-03T06:35:25.831191Z,behavior_monitor,18,163,897,216,816,648,699,97.07,524.4,447.74,system,NA,0.844,2.83,129.82,138.58,135.29,130.47,125.75
Negotiation_30,R3,2026-09-03T06:35:26.291710Z,flight_missed,18,108,952,169,862,612,750,108.85,543.4,457.18,system,NA,0.833,2.83,126.79,139.24,136.67,130.47,125.75
Negotiation_30,R3,2026-09-03T06:35:26.292660Z,flight_spawn,19,876,-20,169,862,612,750,1131.25,814.77,457.18,system,NA,0.419,3.4,125.98,139.24,136.67,130.47,125.75
Negotiation_30,R3,2026-09-03T06:35:28.042459Z,agent_signal,19,877,310,277,876,700,628,825.29,364.58,490.36,agent,i_can,0.306,3.4,73.58,138.15,-20.5,130.47,-54.25
Negotiation_30,R3,2026-09-03T06:35:28.059983Z,behavior_monitor,19,877,310,277,876,702,626,825.29,361.71,493.0,system,NA,0.305,3.4,73.58,138.26,-20.61,169.61,-54.25
Negotiation_30,R3,2026-09-03T06:35:28.569481Z,behavior_monitor,19,873,411,343,853,752,565,690.68,196.18,500.38,system,NA,0.221,3.4,95.29,135.64,-17.43,99.11,0.0
Negotiation_30,R3,2026-09-03T06:35:29.064488Z,human_signal,19,836,503,409,847,801,564,548.04,70.65,482.73,human,i_can,0.114,3.4,117.79,129.41,0.0,99.11,0.0
Negotiation_30,R3,2026-09-03T06:35:29.080259Z,behavior_monitor,19,836,503,409,847,802,564,548.04,70.17,483.52,system,NA,0.114,3.4,117.79,129.41,0.0,57.18,0.0
Negotiation_30,R3,2026-09-03T06:35:29.319422Z,shot_hit,19,813,548,442,847,801,564,475.61,19.87,456.37,agent,NA,0.04,3.4,117.79,129.41,0.0,57.18,180.0
Negotiation_30,R3,2026-09-03T06:35:29.320009Z,flight_spawn,20,179,-20,442,847,801,564,906.18,853.69,456.37,system,NA,0.485,3.39,126.22,129.41,0.0,57.18,180.0
Negotiation_30,R3,2026-09-03T06:35:32.886413Z,agent_signal,20,302,514,460,885,568,564,403.07,270.73,338.3,agent,i_can,0.402,3.39,71.26,129.41,180.0,76.24,180.0
Negotiation_30,R3,2026-09-03T06:35:32.903155Z,behavior_monitor,20,302,514,460,885,567,564,403.07,269.07,337.77,system,NA,0.4,3.39,71.26,129.41,180.0,99.11,180.0
Negotiation_30,R3,2026-09-03T06:35:33.414113Z,behavior_monitor,20,332,610,394,902,515,595,298.9,183.65,329.71,system,NA,0.381,3.39,69.99,129.41,180.0,169.61,125.75
Negotiation_30,R3,2026-09-03T06:35:33.925127Z,behavior_monitor,20,342,709,408,903,465,666,204.38,130.32,243.83,system,NA,0.389,3.39,92.04,129.41,180.0,169.61,125.75
Negotiation_30,R3,2026-09-03T06:35:34.435876Z,behavior_monitor,20,361,805,351,910,414,736,104.9,86.63,184.1,system,NA,0.452,3.39,62.46,0.0,180.0,169.61,125.75
Negotiation_30,R3,2026-09-03T06:35:34.945554Z,behavior_monitor,20,430,878,410,910,402,807,37.53,75.91,102.57,system,NA,0.669,3.39,57.22,122.12,0.0,169.61,54.25
Negotiation_30,R3,2026-09-03T06:35:35.101408Z,conflict,20,457,897,430,910,419,831,29.31,75.96,79.58,system,NA,0.722,3.39,54.48,121.3,0.0,169.61,54.25
Negotiation_30,R3,2026-09-03T06:35:35.457445Z,behavior_monitor,20,512,934,430,910,419,831,84.85,138.92,79.58,system,NA,0.621,3.39,60.06,0.0,0.0,0.0,54.25
Negotiation_30,R3,2026-09-03T06:35:35.611152Z,flight_missed,20,528,964,431,910,421,833,111.44,169.22,77.1,system,NA,0.603,3.39,60.06,0.0,0.0,0.0,54.25
Negotiation_30,R4,2026-09-03T06:35:41.710809Z,flight_spawn,1,1274,-20,431,910,421,833,1255.42,1207.16,77.1,system,NA,0.49,2.96,132.5,0.0,0.0,0.0,54.25
Negotiation_30,R4,2026-09-03T06:35:47.030921Z,agent_signal,1,1092,311,1158,759,518,565,452.26,627.61,669.1,agent,your_turn,0.581,2.96,110.4,0.0,180.0,76.24,0.0
Negotiation_30,R4,2026-09-03T06:35:47.047506Z,behavior_monitor,1,1092,311,1158,759,519,565,452.26,626.72,668.17,system,NA,0.581,2.96,110.4,88.17,180.0,57.18,0.0
Negotiation_30,R4,2026-09-03T06:35:47.558155Z,behavior_monitor,1,1081,396,1107,759,548,565,363.99,558.99,591.93,system,NA,0.606,2.96,57.09,129.41,180.0,57.18,0.0
Negotiation_30,R4,2026-09-03T06:35:48.070127Z,behavior_monitor,1,1156,443,1136,776,560,565,332.87,608.59,612.73,system,NA,0.646,2.96,49.32,135.96,23.65,0.0,138.73
Negotiation_30,R4,2026-09-03T06:35:48.411443Z,human_signal,1,1192,493,1177,787,560,566,294.43,635.83,655.35,human,i_can,0.683,2.96,70.18,100.31,-34.23,0.0,70.43
Negotiation_30,R4,2026-09-03T06:35:48.581378Z,behavior_monitor,1,1202,518,1196,777,569,566,259.5,634.21,660.9,system,NA,0.71,2.96,95.2,131.55,-27.09,54.0,0.0
Negotiation_30,R4,2026-09-03T06:35:49.091621Z,behavior_monitor,1,1167,599,1204,733,599,581,139.45,568.95,624.22,system,NA,0.803,2.96,120.04,137.74,-146.59,97.85,54.25
Negotiation_30,R4,2026-09-03T06:35:49.600252Z,behavior_monitor,1,1135,681,1140,712,604,587,31.18,539.11,550.71,system,NA,0.945,2.96,97.3,122.22,180.0,0.0,54.25
Negotiation_30,R4,2026-09-03T06:35:49.703118Z,shot_hit,1,1131,699,1127,712,604,587,13.65,538.75,537.75,human,NA,0.975,2.96,97.3,129.41,180.0,6.74,-6.04
Negotiation_30,R4,2026-09-03T06:35:49.703813Z,flight_spawn,2,838,-20,1127,712,604,587,787.27,651.32,537.75,system,NA,0.453,2.98,132.22,129.41,180.0,6.74,-6.04
Negotiation_30,R4,2026-09-03T06:35:54.125738Z,human_signal,2,1279,485,1314,790,913,566,306.83,374.68,459.5,human,i_can,0.55,2.98,52.33,0.0,28.01,76.24,0.0
Negotiation_30,R4,2026-09-03T06:35:54.142286Z,behavior_monitor,2,1279,485,1314,790,914,566,306.83,373.73,458.66,system,NA,0.549,2.98,52.33,0.0,28.01,57.18,0.0
Negotiation_30,R4,2026-09-03T06:35:54.159441Z,agent_signal,2,1281,490,1314,790,915,566,301.87,374.18,457.81,agent,your_turn,0.553,2.98,52.33,0.0,28.01,57.18,0.0
Negotiation_30,R4,2026-09-03T06:35:54.653215Z,behavior_monitor,2,1312,564,1325,790,943,566,225.68,369.42,442.92,system,NA,0.621,2.98,97.16,122.22,0.0,54.0,0.0
Negotiation_30,R4,2026-09-03T06:35:55.166134Z,behavior_monitor,2,1296,652,1313,787,957,583,136.04,345.74,409.97,system,NA,0.718,2.98,120.25,0.0,180.0,0.0,54.25
Negotiation_30,R4,2026-09-03T06:35:55.675252Z,behavior_monitor,2,1230,710,1268,779,969,600,79.01,283.45,348.94,system,NA,0.782,2.98,142.3,129.41,180.0,130.47,54.25
Negotiation_30,R4,2026-09-03T06:35:56.182354Z,behavior_monitor,2,1151,746,1202,779,1008,654,60.93,170.24,231.16,system,NA,0.736,2.98,147.93,137.5,180.0,138.63,54.25
Negotiation_30,R4,2026-09-03T06:35:56.689401Z,behavior_monitor,2,1122,828,1232,813,1047,707,111.08,142.06,212.5,system,NA,0.561,2.98,75.4,125.59,58.17,130.47,54.25
Negotiation_30,R4,2026-09-03T06:35:57.199645Z,behavior_monitor,2,1130,915,1211,876,1086,761,90.09,160.15,169.67,system,NA,0.64,2.98,101.91,138.71,121.38,130.47,54.25
Negotiation_30,R4,2026-09-03T06:35:57.319976Z,shot_miss,2,1134,935,1203,890,1096,774,82.53,165.74,157.43,human,NA,0.668,2.98,78.47,139.01,121.93,130.47,54.25
Negotiation_30,R4,2026-09-03T06:35:57.405046Z,flight_missed,2,1137,953,1195,902,1104,785,77.16,171.36,148.44,system,NA,0.69,2.98,78.47,139.23,122.07,130.47,54.25
Negotiation_30,R4,2026-09-03T06:35:57.406113Z,flight_spawn,3,170,-20,1195,902,1104,785,1379.12,1233.2,148.44,system,NA,0.472,3.52,55.33,139.23,122.07,130.47,54.25
Negotiation_30,R4,2026-09-03T06:35:59.328477Z,agent_signal,3,345,315,1051,895,978,610,912.99,697.96,294.05,agent,i_can,0.433,3.52,51.39,138.12,-149.74,130.47,-125.75
Negotiation_30,R4,2026-09-03T06:35:59.344263Z,behavior_monitor,3,345,315,1051,895,976,608,912.99,695.45,296.73,system,NA,0.432,3.52,51.39,138.78,-147.17,169.61,-125.75
Negotiation_30,R4,2026-09-03T06:35:59.855531Z,behavior_monitor,3,390,410,993,860,926,565,752.92,558.41,302.57,system,NA,0.426,3.52,75.91,129.41,180.0,99.11,180.0
Negotiation_30,R4,2026-09-03T06:36:00.366486Z,behavior_monitor,3,427,509,927,860,876,565,611.28,452.69,299.5,system,NA,0.425,3.52,52.26,129.41,180.0,99.11,180.0
Negotiation_30,R4,2026-09-03T06:36:00.707174Z,human_signal,3,469,564,883,860,842,565,508.45,372.51,298.42,human,your_turn,0.423,3.52,52.26,129.41,180.0,99.11,180.0
Negotiation_30,R4,2026-09-03T06:36:00.707800Z,human_signal,3,472,567,880,860,842,565,503.09,370.12,298.13,human,your_turn,0.424,3.52,25.28,129.41,180.0,99.11,180.0
Negotiation_30,R4,2026-09-03T06:36:00.876818Z,behavior_monitor,3,494,589,861,864,825,581,458.19,330.47,285.6,system,NA,0.419,3.52,75.16,134.17,164.69,169.61,125.75
Negotiation_30,R4,2026-09-03T06:36:01.385606Z,behavior_monitor,3,536,682,795,872,774,651,320.78,239.93,221.92,system,NA,0.428,3.52,53.92,129.41,180.0,169.61,125.75
Negotiation_30,R4,2026-09-03T06:36:01.896406Z,behavior_monitor,3,574,777,798,899,724,722,254.92,159.57,192.39,system,NA,0.385,3.52,78.97,138.21,37.51,169.61,125.75
Negotiation_30,R4,2026-09-03T06:36:02.407257Z,behavior_monitor,3,584,880,779,910,673,792,197.7,125.95,158.44,system,NA,0.389,3.52,104.33,94.55,180.0,160.19,125.75
Negotiation_30,R4,2026-09-03T06:36:02.781308Z,flight_missed,3,555,953,792,910,634,846,240.83,134.01,169.74,system,NA,0.358,3.52,101.43,123.25,0.0,169.61,125.75
Negotiation_30,R4,2026-09-03T06:36:02.782437Z,flight_spawn,4,287,-20,792,910,634,846,1058.14,933.14,169.74,system,NA,0.469,3.51,124.74,123.25,0.0,169.61,125.75
Negotiation_30,R4,2026-09-03T06:36:07.330514Z,agent_signal,4,231,358,724,763,319,565,637.43,224.72,450.3,agent,i_can,0.261,2.16,176.09,102.64,18.44,76.24,180.0
Negotiation_30,R4,2026-09-03T06:36:07.346252Z,behavior_monitor,4,231,358,724,763,318,565,637.43,224.07,451.81,system,NA,0.26,2.16,176.09,0.0,18.44,105.3,180.0
Negotiation_30,R4,2026-09-03T06:36:07.739226Z,human_signal,4,181,362,678,763,279,565,639.3,226.33,445.36,human,your_turn,0.261,2.16,176.09,129.41,180.0,99.11,180.0
Negotiation_30,R4,2026-09-03T06:36:07.739706Z,human_signal,4,179,362,676,763,279,565,639.01,227.05,443.39,human,your_turn,0.262,2.16,176.09,129.41,180.0,99.11,180.0
Negotiation_30,R4,2026-09-03T06:36:07.858185Z,behavior_monitor,4,166,363,663,763,267,565,637.75,226.49,442.13,system,NA,0.262,2.16,176.09,129.41,180.0,99.11,180.0
Negotiation_30,R4,2026-09-03T06:36:08.369295Z,behavior_monitor,4,106,374,689,763,217,565,701.33,221.72,511.89,system,NA,0.24,2.16,153.93,129.41,0.0,99.11,180.0
Negotiation_30,R4,2026-09-03T06:36:08.877727Z,behavior_monitor,4,42,383,682,758,166,566,742.19,221.49,550.31,system,NA,0.23,2.16,150.92,0.0,-163.42,99.11,180.0
Negotiation_30,R4,2026-09-03T06:36:09.388117Z,behavior_monitor,4,41,410,682,758,115,566,729.35,172.66,598.18,system,NA,0.191,1.54,20.37,0.0,-163.42,99.11,180.0
Negotiation_30,R4,2026-09-03T06:36:09.898793Z,behavior_monitor,4,84,427,739,758,66,566,734.51,140.6,700.15,system,NA,0.161,1.54,20.37,129.41,0.0,0.0,-176.1
Negotiation_30,R4,2026-09-03T06:36:10.408875Z,behavior_monitor,4,114,456,772,758,91,566,724.05,111.92,707.8,system,NA,0.134,1.54,89.95,0.0,0.0,0.0,0.0
Negotiation_30,R4,2026-09-03T06:36:10.919292Z,behavior_monitor,4,124,501,772,758,101,566,697.54,68.92,698.08,system,NA,0.09,1.54,69.61,0.0,0.0,99.11,0.0
Negotiation_30,R4,2026-09-03T06:36:11.292366Z,shot_miss,4,140,529,772,758,116,566,672.95,43.73,683.57,agent,NA,0.061,1.54,3.53,0.0,0.0,99.11,0.0
Negotiation_30,R4,2026-09-03T06:36:11.426944Z,behavior_monitor,4,150,531,772,758,126,566,662.72,42.08,673.87,system,NA,0.06,1.54,41.85,0.0,0.0,99.11,0.0
Negotiation_30,R4,2026-09-03T06:36:11.629467Z,shot_hit,4,162,544,772,758,138,566,646.82,32.04,662.58,agent,NA,0.047,1.54,41.85,0.0,0.0,0.0,0.0
Negotiation_30,R4,2026-09-03T06:36:11.630052Z,flight_spawn,5,299,-20,772,758,138,566,911.1,607.91,662.58,system,NA,0.4,3.26,52.13,0.0,0.0,0.0,0.0
Negotiation_30,R4,2026-09-03T06:36:14.649620Z,human_signal,5,715,346,846,758,345,565,432.04,430.12,536.32,human,i_can,0.499,3.26,17.3,0.0,0.0,104.33,-5.0
Negotiation_30,R4,2026-09-03T06:36:14.666426Z,behavior_monitor,5,715,346,846,758,346,565,432.04,429.28,535.41,system,NA,0.498,3.26,17.3,0.0,0.0,57.18,0.0
Negotiation_30,R4,2026-09-03T06:36:15.178374Z,behavior_monitor,5,811,365,889,758,375,565,400.66,480.03,548.55,system,NA,0.545,3.26,5.8,129.41,0.0,57.18,0.0
Negotiation_30,R4,2026-09-03T06:36:15.688855Z,behavior_monitor,5,908,386,955,758,389,565,375.2,549.34,597.7,system,NA,0.594,3.26,51.26,129.41,0.0,0.0,167.23
Negotiation_30,R4,2026-09-03T06:36:15.791395Z,agent_signal,5,921,403,970,758,389,565,357.92,555.94,612.29,agent,your_turn,0.608,3.26,51.26,129.41,0.0,0.0,167.23
Negotiation_30,R4,2026-09-03T06:36:16.198196Z,behavior_monitor,5,969,462,1015,758,412,565,299.62,566.17,632.87,system,NA,0.654,3.26,51.26,54.92,0.0,57.18,0.0
Negotiation_30,R4,2026-09-03T06:36:16.710179Z,behavior_monitor,5,1029,538,1063,758,433,564,222.47,596.62,659.13,system,NA,0.728,3.26,51.26,0.0,0.0,0.0,-71.74
Negotiation_30,R4,2026-09-03T06:36:17.216293Z,behavior_monitor,5,1053,629,1100,769,439,573,147.41,616.65,689.61,system,NA,0.807,3.26,71.64,114.32,180.0,130.47,54.25
Negotiation_30,R4,2026-09-03T06:36:17.723961Z,behavior_monitor,5,1085,722,1089,774,478,627,52.29,614.67,628.7,system,NA,0.922,3.26,71.64,129.41,0.0,130.47,54.25
Negotiation_30,R4,2026-09-03T06:36:17.927523Z,shot_hit,5,1087,760,1096,774,493,648,16.56,604.05,615.59,human,NA,0.973,3.26,96.98,39.49,180.0,130.47,54.25
Negotiation_30,R4,2026-09-03T06:36:17.927930Z,flight_spawn,6,260,-20,1096,774,493,648,1153.3,708.34,615.59,system,NA,0.38,3.03,48.75,39.49,180.0,130.47,54.25
Negotiation_30,R4,2026-09-03T06:36:19.963908Z,agent_signal,6,365,324,925,774,359,567,718.52,242.44,603.17,agent,i_can,0.252,3.03,108.33,0.0,180.0,76.24,180.0
Negotiation_30,R4,2026-09-03T06:36:19.979718Z,behavior_monitor,6,365,324,925,774,357,567,718.52,242.48,604.75,system,NA,0.252,3.03,108.33,0.0,180.0,99.11,180.0
Negotiation_30,R4,2026-09-03T06:36:20.489223Z,behavior_monitor,6,332,411,925,774,315,565,695.49,155.05,644.81,system,NA,0.182,3.03,108.33,0.0,180.0,169.61,-125.75
Negotiation_30,R4,2026-09-03T06:36:20.997106Z,behavior_monitor,6,361,489,925,774,334,565,632.65,80.67,627.31,system,NA,0.113,3.03,31.97,0.0,180.0,99.11,0.0
Negotiation_30,R4,2026-09-03T06:36:21.503352Z,behavior_monitor,6,422,552,925,774,384,565,549.49,40.55,580.09,system,NA,0.069,3.03,55.79,0.0,180.0,99.11,0.0
Negotiation_30,R4,2026-09-03T06:36:21.520094Z,shot_miss,6,427,557,925,774,387,565,543.66,40.02,576.95,agent,NA,0.069,3.03,55.79,0.0,180.0,99.11,0.0
Negotiation_30,R4,2026-09-03T06:36:21.844295Z,shot_miss,6,457,605,925,774,419,598,497.96,38.2,535.72,agent,NA,0.071,3.03,55.79,0.0,180.0,169.61,54.25
Negotiation_30,R4,2026-09-03T06:36:22.013684Z,behavior_monitor,6,472,627,925,774,434,619,476.33,38.46,514.67,system,NA,0.075,3.03,55.79,0.0,180.0,169.61,54.25
Negotiation_30,R4,2026-09-03T06:36:22.167173Z,shot_miss,6,488,652,925,774,451,642,453.71,38.1,491.81,agent,NA,0.077,3.03,55.79,0.0,180.0,174.99,55.53
Negotiation_30,R4,2026-09-03T06:36:22.526163Z,behavior_monitor,6,538,669,925,774,482,666,400.99,56.5,456.54,system,NA,0.123,3.03,19.45,0.0,180.0,169.61,54.25
Negotiation_30,R4,2026-09-03T06:36:23.035547Z,behavior_monitor,6,627,696,925,774,533,691,308.06,94.37,400.82,system,NA,0.234,3.03,4.29,0.0,180.0,99.11,0.0
Negotiation_30,R4,2026-09-03T06:36:23.542643Z,behavior_monitor,6,722,708,925,774,583,703,213.32,138.95,348.95,system,NA,0.394,3.03,2.22,0.0,180.0,105.3,0.0
Negotiation_30,R4,2026-09-03T06:36:24.046845Z,behavior_monitor,6,799,758,925,774,634,752,127.16,164.7,291.56,system,NA,0.564,3.03,34.66,0.0,180.0,99.11,0.0
Negotiation_30,R4,2026-09-03T06:36:24.553484Z,behavior_monitor,6,873,812,925,774,685,806,64.23,187.89,242.07,system,NA,0.745,3.03,60.33,0.0,180.0,180.21,54.25
Negotiation_30,R4,2026-09-03T06:36:25.503485Z,flight_missed,6,964,953,925,774,780,910,183.41,188.63,198.15,system,NA,0.507,3.03,69.06,0.0,180.0,99.11,0.0
Negotiation_30,R4,2026-09-03T06:36:25.503868Z,flight_spawn,7,1184,-20,925,774,780,910,835.69,1013.67,198.15,system,NA,0.548,2.87,45.73,0.0,180.0,99.11,0.0
Negotiation_30,R4,2026-09-03T06:36:26.784494Z,conflict,7,1052,88,925,774,854,806,698.31,745.85,78.38,system,NA,0.516,2.87,168.86,0.0,180.0,138.63,-54.25
Negotiation_30,R4,2026-09-03T06:36:30.180123Z,agent_signal,7,637,334,946,774,717,566,538.2,245.45,310.06,agent,i_can,0.313,2.87,124.75,0.0,0.0,76.24,180.0
Negotiation_30,R4,2026-09-03T06:36:30.196268Z,behavior_monitor,7,637,334,946,774,715,566,538.2,244.9,311.32,system,NA,0.313,2.87,124.75,0.0,0.0,99.11,180.0
Negotiation_30,R4,2026-09-03T06:37:08.859574Z,flight_spawn,1,748,-20,946,774,666,566,819.17,592.32,349.19,system,NA,0.42,2.83,135.0,0.0,0.0,99.11,180.0
Negotiation_30,R4,2026-09-03T06:37:16.034311Z,agent_signal,1,1141,362,1108,754,649,566,392.93,533.11,496.64,agent,your_turn,0.576,2.83,45.03,0.0,0.0,76.24,0.0
Negotiation_30,R4,2026-09-03T06:37:16.051841Z,behavior_monitor,1,1141,362,1108,754,650,566,392.93,532.22,495.74,system,NA,0.575,2.83,45.03,0.0,0.0,57.18,0.0
Negotiation_30,R4,2026-09-03T06:37:16.561965Z,behavior_monitor,1,1216,395,1167,754,679,565,361.5,563.94,523.23,system,NA,0.609,2.83,2.18,129.41,0.0,57.18,0.0
Negotiation_30,R4,2026-09-03T06:37:17.074741Z,behavior_monitor,1,1296,403,1199,754,691,565,363.83,626.35,542.11,system,NA,0.633,2.83,23.76,90.32,0.0,0.0,0.0
Negotiation_30,R4,2026-09-03T06:37:17.586486Z,behavior_monitor,1,1378,421,1237,745,690,564,353.42,702.11,576.03,system,NA,0.665,2.83,21.42,82.87,-90.0,0.0,-98.63
Negotiation_30,R4,2026-09-03T06:37:18.096713Z,behavior_monitor,1,1450,451,1273,720,720,564,321.19,738.06,574.81,system,NA,0.697,1.86,149.23,111.65,62.38,76.24,0.0
Negotiation_30,R4,2026-09-03T06:37:18.606560Z,behavior_monitor,1,1439,496,1285,757,759,564,302.78,683.86,560.18,system,NA,0.693,1.86,64.84,56.56,-44.55,76.24,0.0
Negotiation_30,R4,2026-09-03T06:37:19.119357Z,behavior_monitor,1,1446,549,1323,791,798,564,271.43,648.88,572.36,system,NA,0.705,1.81,99.77,140.49,35.6,76.24,0.0
Negotiation_30,R4,2026-09-03T06:37:19.630082Z,behavior_monitor,1,1444,596,1347,809,812,580,234.55,632.44,581.97,system,NA,0.729,1.27,116.32,125.7,22.54,130.47,54.25
Negotiation_30,R4,2026-09-03T06:37:19.784424Z,human_signal,1,1439,607,1369,814,824,597,218.32,615.22,587.15,human,i_can,0.738,1.27,116.32,129.41,0.0,130.47,54.25
Negotiation_30,R4,2026-09-03T06:37:20.141430Z,behavior_monitor,1,1434,631,1368,814,844,625,194.46,589.69,557.19,system,NA,0.752,1.27,116.41,0.0,180.0,97.85,54.25
Negotiation_30,R4,2026-09-03T06:37:20.653486Z,behavior_monitor,1,1411,659,1384,765,867,649,109.7,543.86,529.79,system,NA,0.832,1.27,133.36,139.58,-119.29,0.0,54.25
Negotiation_30,R4,2026-09-03T06:37:21.165852Z,behavior_monitor,1,1390,687,1378,702,867,648,19.41,524.78,513.92,system,NA,0.964,1.27,133.36,146.45,-123.74,0.0,-133.8
Negotiation_30,R4,2026-09-03T06:37:21.217196Z,shot_hit,1,1389,690,1374,696,867,648,16.59,523.96,509.16,human,NA,0.969,1.27,133.36,143.84,-124.84,0.0,-133.8
Negotiation_30,R4,2026-09-03T06:37:21.217993Z,flight_spawn,2,733,-20,1374,696,867,648,960.79,681.67,509.16,system,NA,0.415,3.34,126.78,143.84,-124.84,0.0,-133.8
Negotiation_30,R4,2026-09-03T06:37:24.791654Z,agent_signal,2,134,323,1155,858,616,566,1153.11,539.81,613.41,agent,i_can,0.319,3.34,154.41,136.63,161.29,76.24,180.0
Negotiation_30,R4,2026-09-03T06:37:24.808899Z,behavior_monitor,2,134,323,1155,858,614,566,1153.11,538.31,614.89,system,NA,0.318,3.34,154.41,136.63,161.29,99.11,180.0
Negotiation_30,R4,2026-09-03T06:37:25.319615Z,behavior_monitor,2,61,387,1090,884,563,566,1142.4,533.4,614.64,system,NA,0.318,3.34,127.18,140.3,156.84,99.11,180.0
Negotiation_30,R4,2026-09-03T06:37:25.693189Z,human_signal,2,22,445,1043,906,526,566,1120.07,518.38,618.53,human,your_turn,0.316,3.34,127.18,138.64,152.42,99.11,180.0
Negotiation_30,R4,2026-09-03T06:37:25.693739Z,human_signal,2,20,448,1040,907,526,566,1119.53,519.91,617.39,human,your_turn,0.317,2.92,65.53,138.64,152.42,99.11,180.0
Negotiation_30,R4,2026-09-03T06:37:25.830871Z,behavior_monitor,2,33,464,1026,910,512,566,1088.06,489.59,618.11,system,NA,0.31,2.92,37.76,121.26,180.0,99.11,180.0
Negotiation_30,R4,2026-09-03T06:37:26.341861Z,behavior_monitor,2,86,532,964,910,462,566,956.01,377.73,608.49,system,NA,0.283,2.92,59.48,126.38,180.0,99.11,180.0
Negotiation_30,R4,2026-09-03T06:37:26.853099Z,behavior_monitor,2,133,609,898,910,411,601,821.86,278.34,576.28,system,NA,0.253,2.92,32.22,128.73,180.0,169.61,125.75
Negotiation_30,R4,2026-09-03T06:37:27.363521Z,behavior_monitor,2,207,656,838,910,361,650,680.52,153.99,543.46,system,NA,0.185,2.92,32.22,114.98,180.0,99.11,180.0
Negotiation_30,R4,2026-09-03T06:37:27.875310Z,behavior_monitor,2,258,723,780,910,311,717,553.88,53.36,506.59,system,NA,0.088,2.92,39.17,114.9,180.0,169.61,125.75
Negotiation_30,R4,2026-09-03T06:37:28.028182Z,shot_hit,2,286,733,760,910,294,729,505.41,8.46,499.63,agent,NA,0.016,2.92,11.02,114.9,180.0,99.11,180.0
Negotiation_30,R4,2026-09-03T06:37:28.028702Z,flight_spawn,3,209,-20,760,910,294,729,1081.07,754.54,499.63,system,NA,0.411,3.08,49.57,114.9,180.0,99.11,180.0
Negotiation_30,R4,2026-09-03T06:37:30.903717Z,agent_signal,3,235,354,785,711,175,565,655.39,219.1,626.73,agent,i_can,0.251,3.08,44.01,129.41,0.0,76.24,0.0
Negotiation_30,R4,2026-09-03T06:37:30.920413Z,behavior_monitor,3,235,354,785,711,177,565,655.39,218.65,625.1,system,NA,0.25,3.08,44.01,129.41,0.0,99.11,0.0
Negotiation_30,R4,2026-09-03T06:37:31.259274Z,human_signal,3,286,389,829,711,211,566,631.65,192.39,634.21,human,your_turn,0.233,3.08,37.3,129.41,0.0,99.11,0.0
Negotiation_30,R4,2026-09-03T06:37:31.260277Z,human_signal,3,288,390,831,711,211,566,630.41,191.67,636.35,human,your_turn,0.233,3.08,37.3,129.41,0.0,99.11,0.0
Negotiation_30,R4,2026-09-03T06:37:31.430154Z,behavior_monitor,3,312,407,851,711,228,566,618.74,179.42,639.23,system,NA,0.225,3.08,37.3,122.22,0.0,93.6,0.0
Negotiation_30,R4,2026-09-03T06:37:31.942577Z,behavior_monitor,3,357,487,917,711,280,566,602.65,110.51,653.43,system,NA,0.155,3.08,89.01,129.41,0.0,126.47,-1.25
Negotiation_30,R4,2026-09-03T06:37:32.401969Z,shot_hit,3,345,572,949,711,324,568,620.51,21.19,641.68,agent,NA,0.033,3.08,111.25,0.0,0.0,0.0,0.0
Negotiation_30,R4,2026-09-03T06:37:32.402603Z,flight_spawn,4,277,-20,949,711,324,568,993.46,590.22,641.68,system,NA,0.373,2.83,45.0,0.0,0.0,0.0,0.0
Negotiation_30,R4,2026-09-03T06:37:34.447790Z,human_signal,4,195,278,848,711,227,567,783.2,290.33,637.43,human,your_turn,0.27,2.83,114.13,0.0,180.0,76.24,180.0
Negotiation_30,R4,2026-09-03T06:37:34.448510Z,behavior_monitor,4,195,278,848,711,227,567,783.2,290.33,637.43,system,NA,0.27,2.83,114.13,0.0,180.0,76.24,180.0
Negotiation_30,R4,2026-09-03T06:37:34.449082Z,human_signal,4,194,281,848,711,227,567,783.13,287.95,637.43,human,your_turn,0.269,2.83,114.13,0.0,180.0,76.24,180.0
Negotiation_30,R4,2026-09-03T06:37:34.635000Z,agent_signal,4,193,311,848,711,208,564,767.44,253.43,656.5,agent,i_can,0.248,2.83,89.02,0.0,180.0,99.11,180.0
Negotiation_30,R4,2026-09-03T06:37:34.958234Z,behavior_monitor,4,191,362,847,711,176,565,743.18,202.87,686.82,system,NA,0.214,2.83,89.02,50.48,180.0,99.11,180.0
Negotiation_30,R4,2026-09-03T06:37:35.469688Z,behavior_monitor,4,201,446,848,711,178,565,699.28,121.38,686.09,system,NA,0.148,2.83,90.97,0.0,0.0,0.0,81.15
Negotiation_30,R4,2026-09-03T06:37:35.981124Z,behavior_monitor,4,217,527,848,711,195,565,657.26,44.08,669.64,system,NA,0.063,2.83,67.63,0.0,0.0,99.11,0.0
Negotiation_30,R4,2026-09-03T06:37:36.100315Z,shot_hit,4,225,548,848,711,201,565,644.23,29.0,663.07,agent,NA,0.043,2.83,67.63,0.0,0.0,0.0,0.0
Negotiation_30,R4,2026-09-03T06:37:36.101421Z,flight_spawn,5,1309,-20,848,711,201,565,865.07,1253.11,663.07,system,NA,0.592,2.83,135.0,0.0,0.0,0.0,0.0
Negotiation_30,R4,2026-09-03T06:37:39.571937Z,agent_signal,5,901,344,944,711,403,564,370.23,544.13,560.37,agent,your_turn,0.595,2.83,123.41,129.41,180.0,76.24,0.0
Negotiation_30,R4,2026-09-03T06:37:39.588448Z,behavior_monitor,5,901,344,944,711,404,564,370.23,543.25,559.43,system,NA,0.595,2.83,123.41,129.41,180.0,57.18,0.0
Negotiation_30,R4,2026-09-03T06:37:40.098780Z,behavior_monitor,5,846,406,893,711,433,564,308.67,441.73,482.62,system,NA,0.589,2.83,175.41,0.0,180.0,57.18,0.0
Negotiation_30,R4,2026-09-03T06:37:40.608713Z,behavior_monitor,5,767,437,866,711,447,564,291.86,344.0,444.34,system,NA,0.541,2.83,156.88,129.41,180.0,0.0,0.0
Negotiation_30,R4,2026-09-03T06:37:41.118675Z,behavior_monitor,5,700,488,800,711,446,563,244.83,264.86,383.4,system,NA,0.52,2.83,132.6,129.41,180.0,0.0,-129.81
Negotiation_30,R4,2026-09-03T06:37:41.340690Z,human_signal,5,674,517,769,711,449,563,216.57,229.59,352.85,human,i_can,0.515,2.83,132.6,129.41,180.0,76.24,0.0
Negotiation_30,R4,2026-09-03T06:37:41.630548Z,behavior_monitor,5,640,548,734,711,465,562,188.86,175.62,307.72,system,NA,0.482,2.83,153.42,129.41,180.0,57.18,0.0
Negotiation_30,R4,2026-09-03T06:37:42.124857Z,human_signal,5,566,578,694,730,492,572,199.01,74.21,256.48,human,your_turn,0.272,2.83,175.62,139.4,67.01,86.14,-8.21
Negotiation_30,R4,2026-09-03T06:37:42.126123Z,human_signal,5,563,578,695,732,492,572,202.84,71.54,258.53,human,your_turn,0.261,2.83,151.09,138.85,67.35,0.0,-8.21
Negotiation_30,R4,2026-09-03T06:37:42.141762Z,behavior_monitor,5,563,578,695,732,494,572,202.84,69.86,257.21,system,NA,0.256,2.83,151.09,139.53,68.04,99.11,0.0
Negotiation_30,R4,2026-09-03T06:37:42.379677Z,shot_hit,5,524,591,707,765,508,586,252.95,16.86,267.79,agent,NA,0.062,2.83,176.79,136.96,70.89,99.11,180.0
Negotiation_30,R4,2026-09-03T06:37:42.380767Z,flight_spawn,6,935,-20,707,765,508,586,818.39,742.6,267.79,system,NA,0.476,2.83,45.0,136.96,70.89,99.11,180.0
Negotiation_30,R4,2026-09-03T06:37:46.331425Z,human_signal,6,1442,336,1105,741,769,566,527.24,711.56,379.08,human,i_can,0.574,2.83,16.83,129.41,0.0,76.24,0.0
Negotiation_30,R4,2026-09-03T06:37:46.348574Z,behavior_monitor,6,1442,336,1105,741,770,566,527.24,710.64,378.21,system,NA,0.574,2.83,16.83,129.41,0.0,57.18,0.0
Negotiation_30,R4,2026-09-03T06:37:46.739089Z,agent_signal,6,1413,343,1151,734,792,566,470.33,659.06,396.31,agent,your_turn,0.584,1.82,178.84,129.41,-90.0,57.18,0.0
Negotiation_30,R4,2026-09-03T06:37:46.858041Z,behavior_monitor,6,1401,343,1151,721,799,566,452.88,641.94,384.65,system,NA,0.586,1.82,152.8,129.41,-90.0,57.18,0.0
Negotiation_30,R4,2026-09-03T06:37:47.368243Z,behavior_monitor,6,1367,384,1158,655,829,566,342.58,568.68,340.83,system,NA,0.624,1.82,121.66,138.79,-68.82,57.18,0.0
Negotiation_30,R4,2026-09-03T06:37:47.879843Z,behavior_monitor,6,1348,432,1184,590,836,566,227.39,528.55,348.18,system,NA,0.699,1.82,94.4,140.15,-55.19,0.0,0.0
Negotiation_30,R4,2026-09-03T06:37:48.390893Z,behavior_monitor,6,1329,483,1243,570,847,566,122.86,490.07,396.85,system,NA,0.8,1.82,115.97,50.36,0.0,76.24,0.0
Negotiation_30,R4,2026-09-03T06:37:48.900929Z,behavior_monitor,6,1337,536,1298,570,885,566,52.57,452.91,412.42,system,NA,0.896,1.82,95.14,129.41,0.0,76.24,0.0
Negotiation_30,R4,2026-09-03T06:37:49.002578Z,shot_miss,6,1336,547,1311,570,893,566,34.76,443.56,417.84,human,NA,0.927,1.82,95.14,129.41,0.0,76.24,0.0
Negotiation_30,R4,2026-09-03T06:37:49.411795Z,shot_hit,6,1335,590,1340,577,924,586,14.45,410.76,416.59,human,NA,0.966,1.82,95.14,65.74,180.0,130.47,54.25
Negotiation_30,R4,2026-09-03T06:37:49.413000Z,flight_spawn,7,1283,-20,1340,577,924,586,600.04,705.03,416.59,system,NA,0.54,3.05,130.91,65.74,180.0,130.47,54.25
Negotiation_30,R4,2026-09-03T06:37:51.487239Z,human_signal,7,1025,241,1169,802,1019,565,579.41,324.08,280.44,human,your_turn,0.359,3.05,133.36,141.18,140.71,76.24,180.0
Negotiation_30,R4,2026-09-03T06:37:51.487960Z,behavior_monitor,7,1025,241,1169,802,1019,565,579.41,324.08,280.44,system,NA,0.359,3.05,133.36,140.79,142.14,76.24,180.0
Negotiation_30,R4,2026-09-03T06:37:51.488415Z,human_signal,7,1023,243,1167,804,1019,565,578.79,321.83,280.66,human,your_turn,0.357,3.05,133.36,140.79,142.14,76.24,180.0
Negotiation_30,R4,2026-09-03T06:37:51.998241Z,behavior_monitor,7,983,321,1108,838,969,565,532.57,244.49,306.87,system,NA,0.315,3.05,109.11,138.45,151.69,99.11,180.0
Negotiation_30,R4,2026-09-03T06:37:52.202093Z,agent_signal,7,969,358,1081,852,954,565,506.39,207.18,314.24,agent,i_can,0.29,3.05,81.87,137.95,154.28,0.0,180.0
Negotiation_30,R4,2026-09-03T06:37:52.507913Z,behavior_monitor,7,980,410,1045,869,957,565,463.56,157.1,316.21,system,NA,0.253,3.05,81.87,137.96,157.12,0.0,0.0
Negotiation_30,R4,2026-09-03T06:37:53.017115Z,behavior_monitor,7,1011,494,1045,865,987,565,372.85,75.03,305.62,system,NA,0.168,3.05,57.84,84.9,-38.36,99.11,0.0
Negotiation_30,R4,2026-09-03T06:37:53.463450Z,shot_hit,7,1027,573,1087,853,1005,567,286.29,22.67,296.78,agent,NA,0.073,3.05,111.35,129.41,0.0,0.0,0.0
Negotiation_30,R4,2026-09-03T06:37:53.464104Z,flight_spawn,8,123,-20,1087,853,1005,567,1301.19,1060.75,296.78,system,NA,0.449,2.95,132.62,129.41,0.0,0.0,0.0
Negotiation_30,R4,2026-09-03T06:37:55.878331Z,agent_signal,8,294,309,838,906,864,566,807.58,625.46,340.93,agent,i_can,0.436,2.95,36.19,142.1,165.38,81.0,180.0
Negotiation_30,R4,2026-09-03T06:37:55.894642Z,behavior_monitor,8,294,309,838,906,862,566,807.58,623.92,340.81,system,NA,0.436,2.95,36.19,142.1,165.38,105.3,180.0
Negotiation_30,R4,2026-09-03T06:37:56.395595Z,behavior_monitor,8,367,362,772,910,812,565,681.57,489.54,346.62,system,NA,0.418,2.95,36.19,129.41,180.0,92.99,-164.1
Negotiation_30,R4,2026-09-03T06:37:56.735590Z,human_signal,8,398,410,728,910,778,565,599.01,410.54,347.75,human,your_turn,0.407,2.95,65.07,129.41,180.0,99.11,180.0
Negotiation_30,R4,2026-09-03T06:37:56.737136Z,human_signal,8,399,412,726,910,778,565,595.67,408.82,348.71,human,your_turn,0.407,2.95,65.07,129.41,180.0,99.11,180.0
Negotiation_30,R4,2026-09-03T06:37:56.904288Z,behavior_monitor,8,411,436,706,910,761,565,557.92,373.36,348.78,system,NA,0.401,2.95,65.07,128.99,180.0,110.99,-171.28
Negotiation_30,R4,2026-09-03T06:37:56.955885Z,human_signal,8,414,444,700,910,756,565,545.95,362.48,349.12,human,your_turn,0.399,2.95,65.07,128.99,180.0,121.42,-175.47
Negotiation_30,R4,2026-09-03T06:37:56.956850Z,human_signal,8,414,447,697,910,756,565,542.91,360.98,350.32,human,your_turn,0.399,2.95,65.07,128.99,180.0,99.11,180.0
Negotiation_30,R4,2026-09-03T06:37:57.415557Z,behavior_monitor,8,411,523,640,910,710,565,449.11,302.14,351.36,system,NA,0.402,2.95,93.04,128.99,180.0,99.11,180.0
Negotiation_30,R4,2026-09-03T06:37:57.927098Z,behavior_monitor,8,386,605,574,910,659,596,357.91,273.43,325.0,system,NA,0.433,2.95,117.19,129.41,180.0,169.61,125.75
Negotiation_30,R4,2026-09-03T06:37:58.437484Z,behavior_monitor,8,317,659,508,910,609,654,315.82,292.3,274.24,system,NA,0.481,2.95,136.76,129.41,180.0,169.61,125.75
Negotiation_30,R4,2026-09-03T06:37:58.693180Z,human_signal,8,272,674,473,910,584,668,310.26,312.56,266.13,human,i_can,0.502,2.95,171.26,129.41,180.0,99.11,180.0
Negotiation_30,R4,2026-09-03T06:37:58.896305Z,human_signal,8,240,682,447,910,573,675,307.5,332.31,266.63,human,i_can,0.519,2.95,142.94,129.41,180.0,97.85,125.75
Negotiation_30,R4,2026-09-03T06:37:58.947425Z,behavior_monitor,8,236,686,442,910,570,679,304.7,334.25,263.2,system,NA,0.523,2.95,142.94,129.41,180.0,97.85,125.75
Negotiation_30,R4,2026-09-03T06:37:59.321902Z,agent_signal,8,182,728,394,910,549,709,279.1,367.22,253.22,agent,your_turn,0.568,2.95,157.96,129.41,180.0,97.85,125.75
Negotiation_30,R4,2026-09-03T06:37:59.457389Z,behavior_monitor,8,164,736,376,910,541,720,274.8,378.2,251.19,system,NA,0.579,2.95,157.96,129.41,180.0,97.85,125.75
Negotiation_30,R4,2026-09-03T06:37:59.967721Z,behavior_monitor,8,84,769,310,910,513,760,266.51,428.87,251.58,system,NA,0.617,2.95,157.96,129.41,180.0,97.85,125.75
Negotiation_30,R4,2026-09-03T06:38:00.477193Z,behavior_monitor,8,32,802,244,910,507,769,237.95,475.89,297.45,system,NA,0.667,1.98,34.01,129.41,180.0,0.0,-4.15
Negotiation_30,R4,2026-09-03T06:38:00.989385Z,behavior_monitor,8,56,852,178,910,495,785,135.51,444.48,340.02,system,NA,0.766,1.98,37.61,129.41,180.0,130.47,125.75
Negotiation_30,R4,2026-09-03T06:38:01.500422Z,behavior_monitor,8,78,895,112,910,456,839,37.22,381.8,350.78,system,NA,0.911,1.98,119.41,129.41,180.0,130.47,125.75
Negotiation_30,R4,2026-09-03T06:38:01.603806Z,shot_hit,8,72,904,99,910,448,850,27.96,380.48,354.13,human,NA,0.932,1.98,144.0,129.41,180.0,130.47,125.75
Negotiation_30,R4,2026-09-03T06:38:01.604892Z,flight_spawn,9,874,-20,99,910,448,850,1210.49,969.19,354.13,system,NA,0.445,2.85,134.61,129.41,180.0,130.47,125.75
Negotiation_30,R4,2026-09-03T06:38:04.258074Z,agent_signal,9,1069,315,317,910,628,601,958.48,525.85,437.66,agent,i_can,0.354,2.85,42.45,129.41,0.0,145.29,-67.08
Negotiation_30,R4,2026-09-03T06:38:04.274545Z,behavior_monitor,9,1069,315,317,910,630,599,958.48,523.16,440.5,system,NA,0.353,2.85,42.45,129.41,0.0,169.61,-54.25
Negotiation_30,R4,2026-09-03T06:38:04.783666Z,behavior_monitor,9,1133,373,382,901,680,567,917.81,492.73,447.62,system,NA,0.349,2.85,42.45,144.93,-36.46,99.11,0.0
Negotiation_30,R4,2026-09-03T06:38:05.023113Z,human_signal,9,1166,397,408,878,703,567,897.57,492.8,429.17,human,your_turn,0.354,2.85,14.26,143.64,-41.98,99.11,0.0
Negotiation_30,R4,2026-09-03T06:38:05.023484Z,human_signal,9,1169,398,410,877,703,567,897.37,495.43,426.74,human,your_turn,0.356,2.85,14.26,143.64,-41.98,99.11,0.0
Negotiation_30,R4,2026-09-03T06:38:05.194114Z,human_signal,9,1194,404,427,863,720,567,893.56,501.23,416.35,human,your_turn,0.359,2.85,6.86,142.19,-35.24,99.11,0.0
Negotiation_30,R4,2026-09-03T06:38:05.195342Z,human_signal,9,1197,404,429,862,720,567,893.72,504.13,414.03,human,your_turn,0.361,2.85,6.86,141.46,-32.86,73.13,10.47
Negotiation_30,R4,2026-09-03T06:38:05.295695Z,behavior_monitor,9,1210,406,440,857,730,565,892.29,505.6,411.62,system,NA,0.362,2.85,6.86,138.58,-25.16,99.11,0.0
Negotiation_30,R4,2026-09-03T06:38:05.805539Z,behavior_monitor,9,1287,427,506,843,780,564,885.12,525.68,390.98,system,NA,0.373,2.85,8.56,129.41,0.0,99.11,0.0
Negotiation_30,R4,2026-09-03T06:38:06.231420Z,human_signal,9,1359,438,561,843,822,563,895.25,551.97,382.34,human,your_turn,0.381,2.85,8.56,129.41,0.0,99.11,0.0
Negotiation_30,R4,2026-09-03T06:38:06.232570Z,human_signal,9,1362,438,563,843,822,563,895.17,554.14,380.84,human,your_turn,0.382,2.85,8.56,129.41,0.0,99.11,0.0
Negotiation_30,R4,2026-09-03T06:38:06.317034Z,behavior_monitor,9,1373,440,572,843,830,563,896.79,556.73,380.59,system,NA,0.383,2.85,8.56,129.41,0.0,99.11,0.0
Negotiation_30,R4,2026-09-03T06:38:06.486447Z,human_signal,9,1400,444,594,843,847,563,899.37,565.72,377.11,human,your_turn,0.386,2.85,8.56,129.41,0.0,99.11,0.0
Negotiation_30,R4,2026-09-03T06:38:06.487510Z,human_signal,9,1403,445,596,843,847,563,899.85,568.51,375.64,human,your_turn,0.387,2.85,8.56,129.41,0.0,99.11,0.0
Negotiation_30,R4,2026-09-03T06:38:06.691456Z,human_signal,9,1434,449,620,843,867,563,904.08,578.3,372.99,human,your_turn,0.39,2.85,8.56,129.41,0.0,99.11,0.0
Negotiation_30,R4,2026-09-03T06:38:06.692153Z,human_signal,9,1436,450,621,843,867,563,905.1,580.52,372.32,human,your_turn,0.391,2.85,8.56,129.41,0.0,99.11,0.0
Negotiation_30,R4,2026-09-03T06:38:06.827716Z,behavior_monitor,9,1446,453,622,843,881,563,911.66,576.25,380.67,system,NA,0.387,1.74,165.91,0.0,0.0,99.11,0.0
Negotiation_30,R4,2026-09-03T06:38:07.338771Z,behavior_monitor,9,1398,466,656,843,931,563,832.23,476.63,392.29,system,NA,0.364,1.74,165.91,129.41,0.0,99.11,0.0
Negotiation_30,R4,2026-09-03T06:38:07.848954Z,behavior_monitor,9,1357,498,657,843,981,564,780.45,381.49,428.04,system,NA,0.328,1.74,140.45,0.0,0.0,99.11,0.0
Negotiation_30,R4,2026-09-03T06:38:08.360053Z,behavior_monitor,9,1309,512,657,843,1032,563,731.6,282.54,467.5,system,NA,0.279,1.74,166.62,0.0,0.0,99.11,0.0
Negotiation_30,R4,2026-09-03T06:38:08.869006Z,behavior_monitor,9,1257,519,657,843,1082,563,681.54,180.14,508.9,system,NA,0.209,1.74,171.87,0.0,0.0,99.11,0.0
Negotiation_30,R4,2026-09-03T06:38:09.378397Z,behavior_monitor,9,1209,543,657,843,1132,563,628.35,79.54,551.55,system,NA,0.112,1.74,135.83,0.0,0.0,99.11,0.0
Negotiation_30,R4,2026-09-03T06:38:09.838731Z,shot_hit,9,1174,572,657,843,1157,568,583.55,17.62,570.86,agent,NA,0.029,1.74,159.89,0.0,0.0,169.61,125.75
Negotiation_30,R4,2026-09-03T06:38:09.839273Z,flight_spawn,10,703,-20,657,843,1157,568,864.71,743.11,570.86,system,NA,0.462,3.05,48.97,0.0,0.0,169.61,125.75
Negotiation_30,R4,2026-09-03T06:38:12.173143Z,agent_signal,10,937,312,657,843,1004,566,600.61,263.54,443.67,agent,i_can,0.305,3.05,90.63,0.0,0.0,76.24,180.0
Negotiation_30,R4,2026-09-03T06:38:12.189874Z,behavior_monitor,10,937,312,657,843,1002,566,600.61,263.12,442.35,system,NA,0.305,3.05,90.63,0.0,0.0,99.11,180.0
Negotiation_30,R4,2026-09-03T06:38:12.512981Z,human_signal,10,937,369,657,843,970,567,550.04,199.9,417.56,human,your_turn,0.267,3.05,90.63,0.0,0.0,99.11,180.0
Negotiation_30,R4,2026-09-03T06:38:12.514577Z,human_signal,10,937,372,657,843,970,567,547.56,196.84,417.56,human,your_turn,0.264,3.05,90.63,0.0,0.0,99.11,180.0
Negotiation_30,R4,2026-09-03T06:38:12.699668Z,behavior_monitor,10,938,403,657,843,952,565,522.07,162.23,405.21,system,NA,0.237,3.05,90.63,0.0,0.0,99.11,180.0
Negotiation_30,R4,2026-09-03T06:38:13.210205Z,behavior_monitor,10,994,466,657,843,958,565,505.74,105.13,410.25,system,NA,0.172,3.05,19.63,0.0,0.0,93.6,0.0
Negotiation_30,R4,2026-09-03T06:38:13.723047Z,behavior_monitor,10,1084,496,657,843,1009,565,549.62,101.21,448.63,system,NA,0.156,3.05,19.63,0.0,0.0,99.11,0.0
Negotiation_30,R4,2026-09-03T06:38:14.232564Z,behavior_monitor,10,1175,518,657,843,1060,565,611.32,124.42,489.35,system,NA,0.169,3.05,12.65,0.0,0.0,99.11,0.0
Negotiation_30,R4,2026-09-03T06:38:14.743315Z,behavior_monitor,10,1255,554,657,843,1110,565,664.53,146.04,531.45,system,NA,0.18,3.05,5.48,0.0,0.0,99.11,0.0
Negotiation_30,R4,2026-09-03T06:38:15.253228Z,behavior_monitor,10,1327,605,657,843,1160,597,710.94,166.88,559.86,system,NA,0.19,3.05,54.01,0.0,0.0,169.61,54.25
Negotiation_30,R4,2026-09-03T06:38:15.764324Z,behavior_monitor,10,1371,683,657,843,1210,668,731.77,161.24,580.48,system,NA,0.181,3.05,23.24,0.0,0.0,169.61,54.25
Negotiation_30,R4,2026-09-03T06:38:16.278911Z,behavior_monitor,10,1449,714,657,843,1261,710,802.23,187.45,618.82,system,NA,0.189,3.05,20.48,0.0,0.0,169.61,54.25
Negotiation_30,R4,2026-09-03T06:38:16.787892Z,behavior_monitor,10,1390,727,657,843,1312,722,741.63,77.67,666.04,system,NA,0.095,2.02,150.53,0.0,0.0,105.3,0.0
Negotiation_30,R4,2026-09-03T06:38:17.163730Z,shot_hit,10,1348,740,657,843,1332,735,698.45,16.14,683.84,agent,NA,0.023,2.02,176.22,0.0,0.0,99.11,180.0
Negotiation_30,R4,2026-09-03T06:38:17.164956Z,flight_spawn,11,1281,-20,657,843,1332,735,1065.1,757.69,683.84,system,NA,0.416,3.18,51.06,0.0,0.0,99.11,180.0
Negotiation_30,R4,2026-09-03T06:38:19.069484Z,human_signal,11,1185,278,657,843,1210,566,773.09,289.53,618.67,human,your_turn,0.272,3.18,67.96,0.0,0.0,130.47,-125.75
Negotiation_30,R4,2026-09-03T06:38:19.071041Z,behavior_monitor,11,1185,278,657,843,1210,566,773.09,289.53,618.67,system,NA,0.272,3.18,67.96,0.0,0.0,130.47,-125.75
Negotiation_30,R4,2026-09-03T06:38:19.071346Z,human_signal,11,1186,281,657,843,1210,566,771.62,286.51,618.67,human,your_turn,0.271,3.18,67.96,0.0,0.0,130.47,-125.75
Negotiation_30,R4,2026-09-03T06:38:19.239190Z,agent_signal,11,1200,310,657,843,1194,566,760.49,256.01,603.65,agent,i_can,0.252,3.18,67.96,0.0,0.0,99.11,180.0
Negotiation_30,R4,2026-09-03T06:38:19.291092Z,human_signal,11,1202,316,657,843,1188,566,757.76,250.39,599.16,human,your_turn,0.248,3.18,97.1,0.0,0.0,99.11,180.0
Negotiation_30,R4,2026-09-03T06:38:19.291550Z,human_signal,11,1201,319,657,843,1188,566,755.07,247.2,599.16,human,your_turn,0.247,3.18,97.1,0.0,0.0,99.11,180.0
Negotiation_30,R4,2026-09-03T06:38:19.578802Z,behavior_monitor,11,1199,370,657,843,1182,566,719.67,197.14,593.19,system,NA,0.215,3.18,97.1,0.0,0.0,99.11,180.0
Negotiation_30,R4,2026-09-03T06:38:20.090833Z,behavior_monitor,11,1190,465,657,843,1173,566,653.42,102.94,585.75,system,NA,0.136,3.18,97.1,0.0,0.0,0.0,180.0
Negotiation_30,R4,2026-09-03T06:38:20.600539Z,behavior_monitor,11,1192,558,657,843,1169,566,606.41,25.18,581.45,system,NA,0.04,3.18,52.51,0.0,0.0,99.11,0.0
Negotiation_30,R4,2026-09-03T06:38:20.635044Z,shot_hit,11,1199,565,657,843,1174,566,608.58,24.97,585.9,agent,NA,0.039,3.18,52.51,0.0,0.0,99.11,0.0
Negotiation_30,R4,2026-09-03T06:38:20.635986Z,flight_spawn,12,723,-20,657,843,1174,566,866.03,739.8,585.9,system,NA,0.461,3.12,129.8,0.0,0.0,99.11,0.0
Negotiation_30,R4,2026-09-03T06:38:22.688795Z,human_signal,12,414,151,556,843,1065,566,706.74,772.18,579.27,human,i_can,0.522,3.12,102.42,129.41,180.0,76.24,180.0
Negotiation_30,R4,2026-09-03T06:38:22.706142Z,behavior_monitor,12,414,151,556,843,1064,566,706.74,771.36,578.42,system,NA,0.522,3.12,102.42,129.41,180.0,57.18,180.0
Negotiation_30,R4,2026-09-03T06:38:23.215596Z,behavior_monitor,12,396,242,491,836,1035,566,601.44,715.93,607.85,system,NA,0.543,3.12,102.42,137.32,-155.91,57.18,180.0
Negotiation_30,R4,2026-09-03T06:38:23.726229Z,behavior_monitor,12,376,334,430,799,1022,566,468.39,686.03,636.74,system,NA,0.594,3.12,102.42,139.94,-147.65,0.0,180.0
Negotiation_30,R4,2026-09-03T06:38:24.238319Z,behavior_monitor,12,371,425,369,761,1022,566,335.87,665.34,680.75,system,NA,0.665,3.12,73.83,139.94,-147.65,0.0,168.75
Negotiation_30,R4,2026-09-03T06:38:24.306406Z,agent_signal,12,375,440,359,755,1022,566,314.91,658.27,688.61,agent,your_turn,0.676,3.12,73.83,139.94,-147.65,0.0,168.75
Negotiation_30,R4,2026-09-03T06:38:24.750998Z,behavior_monitor,12,399,512,389,733,996,566,221.21,599.6,630.19,system,NA,0.73,3.12,72.08,129.41,0.0,57.18,180.0
Negotiation_30,R4,2026-09-03T06:38:25.260307Z,behavior_monitor,12,389,603,422,713,979,566,114.98,590.9,576.16,system,NA,0.837,3.12,119.44,142.53,-155.23,0.0,180.0
Negotiation_30,R4,2026-09-03T06:38:25.705090Z,shot_miss,12,393,682,368,710,978,566,37.06,596.72,626.54,human,NA,0.942,3.12,92.75,75.48,180.0,27.6,-166.52
Negotiation_30,R4,2026-09-03T06:38:25.772449Z,behavior_monitor,12,393,694,376,710,978,566,22.76,598.9,618.7,system,NA,0.963,3.12,92.75,129.41,0.0,0.0,-166.52
Negotiation_30,R4,2026-09-03T06:38:25.891628Z,shot_hit,12,392,716,392,710,978,565,6.5,606.01,604.08,human,NA,0.989,3.12,92.75,129.41,0.0,0.0,-54.48
Negotiation_30,R4,2026-09-03T06:38:25.892649Z,flight_spawn,13,969,-20,392,710,978,565,930.74,585.99,604.08,system,NA,0.386,2.83,135.0,129.41,0.0,0.0,-54.48
Negotiation_30,R4,2026-09-03T06:38:29.690425Z,human_signal,13,649,380,366,799,742,565,505.51,207.52,442.18,human,i_can,0.291,2.83,102.97,0.0,0.0,76.24,180.0
Negotiation_30,R4,2026-09-03T06:38:29.706177Z,behavior_monitor,13,649,380,366,799,741,565,505.51,207.08,441.36,system,NA,0.291,2.83,102.97,0.0,0.0,57.18,180.0
Negotiation_30,R4,2026-09-03T06:38:29.875771Z,agent_signal,13,639,410,366,799,731,565,475.1,179.66,433.32,agent,i_can,0.274,2.83,102.97,0.0,0.0,56.33,-156.08
Negotiation_30,R4,2026-09-03T06:38:30.217179Z,behavior_monitor,13,632,463,395,799,697,565,411.09,121.25,382.14,system,NA,0.228,2.83,81.57,129.41,0.0,99.11,180.0
Negotiation_30,R4,2026-09-03T06:38:30.318911Z,human_signal,13,636,480,408,799,687,565,392.1,99.41,364.04,human,your_turn,0.202,2.83,81.57,129.41,0.0,102.04,-176.92
Negotiation_30,R4,2026-09-03T06:38:30.319628Z,human_signal,13,636,482,411,800,687,565,389.38,96.73,362.76,human,your_turn,0.199,2.83,81.57,129.41,0.0,99.11,180.0
Negotiation_30,R4,2026-09-03T06:38:30.471776Z,human_signal,13,638,505,428,807,672,565,368.21,68.7,343.79,human,your_turn,0.157,2.83,81.57,137.02,24.24,99.11,180.0
Negotiation_30,R4,2026-09-03T06:38:30.472250Z,human_signal,13,638,508,430,808,672,565,365.55,66.29,343.05,human,your_turn,0.154,2.83,81.57,137.14,25.16,99.11,180.0
Negotiation_30,R4,2026-09-03T06:38:30.726635Z,behavior_monitor,13,646,547,452,821,646,564,336.0,17.1,322.4,system,NA,0.048,2.83,81.57,109.82,27.07,99.11,180.0
Negotiation_30,R4,2026-09-03T06:38:30.743345Z,human_signal,13,647,549,454,822,645,564,334.12,14.52,321.07,human,your_turn,0.042,2.83,81.57,109.82,27.07,99.11,180.0
Negotiation_30,R4,2026-09-03T06:38:30.743824Z,human_signal,13,648,552,455,823,645,564,332.2,12.08,320.72,human,your_turn,0.035,2.83,109.42,109.82,27.07,99.11,180.0
Negotiation_30,R4,2026-09-03T06:38:30.812192Z,shot_hit,13,643,563,463,826,636,564,318.99,7.1,314.36,agent,NA,0.022,2.83,109.42,124.32,23.95,99.11,180.0
Negotiation_30,R4,2026-09-03T06:38:30.813343Z,flight_spawn,14,765,-20,463,826,636,564,898.78,598.29,314.36,system,NA,0.4,2.83,45.0,124.32,23.95,99.11,180.0
Negotiation_30,R4,2026-09-03T06:38:32.902790Z,human_signal,14,864,305,685,870,769,563,592.69,275.36,317.83,human,your_turn,0.317,2.83,79.31,0.0,0.0,76.24,0.0
Negotiation_30,R4,2026-09-03T06:38:32.903427Z,behavior_monitor,14,864,305,685,870,769,563,592.69,275.36,317.83,system,NA,0.317,2.83,79.31,0.0,0.0,76.24,0.0
Negotiation_30,R4,2026-09-03T06:38:32.903919Z,human_signal,14,864,308,685,870,769,563,590.11,272.84,317.83,human,your_turn,0.316,2.83,79.31,0.0,0.0,76.24,0.0
Negotiation_30,R4,2026-09-03T06:38:32.919521Z,agent_signal,14,865,311,685,870,771,563,587.56,269.75,318.29,agent,i_can,0.315,2.83,79.31,0.0,0.0,99.11,0.0
Negotiation_30,R4,2026-09-03T06:38:33.107649Z,human_signal,14,871,338,691,870,789,563,561.25,239.39,321.96,human,your_turn,0.299,2.83,79.31,79.39,0.0,93.6,0.0
Negotiation_30,R4,2026-09-03T06:38:33.108264Z,human_signal,14,872,341,693,870,789,563,558.23,237.13,321.3,human,your_turn,0.298,2.83,79.31,122.17,0.0,93.81,-16.8
Negotiation_30,R4,2026-09-03T06:38:33.414415Z,behavior_monitor,14,883,388,729,872,820,563,506.88,185.61,321.51,system,NA,0.268,2.83,79.31,49.58,0.0,99.11,0.0
Negotiation_30,R4,2026-09-03T06:38:33.924678Z,behavior_monitor,14,912,464,746,872,870,562,439.98,107.04,332.97,system,NA,0.196,2.83,50.75,129.41,0.0,99.11,0.0
Negotiation_30,R4,2026-09-03T06:38:34.435034Z,behavior_monitor,14,983,509,763,875,920,562,426.01,82.0,349.36,system,NA,0.161,2.83,30.42,134.89,16.39,99.11,0.0
Negotiation_30,R4,2026-09-03T06:38:34.944125Z,behavior_monitor,14,1058,554,829,895,970,562,410.53,88.24,361.28,system,NA,0.177,2.83,53.86,128.03,17.32,93.6,0.0
Negotiation_30,R4,2026-09-03T06:38:35.454987Z,behavior_monitor,14,1139,578,895,910,1022,574,410.92,117.29,358.45,system,NA,0.222,2.83,12.87,129.41,0.0,99.11,0.0
Negotiation_30,R4,2026-09-03T06:38:35.965547Z,behavior_monitor,14,1224,597,961,910,1073,592,408.06,151.12,336.26,system,NA,0.27,2.83,11.06,129.41,0.0,99.11,0.0
Negotiation_30,R4,2026-09-03T06:38:36.476260Z,behavior_monitor,14,1308,613,989,910,1123,609,435.81,184.85,329.25,system,NA,0.298,2.83,10.74,0.0,0.0,160.19,54.25
Negotiation_30,R4,2026-09-03T06:38:36.986583Z,behavior_monitor,14,1382,648,1010,910,1173,644,454.75,208.68,312.24,system,NA,0.315,2.83,58.96,129.41,0.0,169.61,54.25
Negotiation_30,R4,2026-09-03T06:38:37.498515Z,behavior_monitor,14,1423,721,1024,910,1224,714,440.96,198.84,279.86,system,NA,0.311,2.83,58.96,0.0,0.0,169.61,54.25
Negotiation_30,R4,2026-09-03T06:38:38.009453Z,behavior_monitor,14,1436,794,1024,910,1274,784,428.12,162.39,279.65,system,NA,0.275,2.58,109.85,0.0,0.0,169.61,54.25
Negotiation_30,R4,2026-09-03T06:38:38.927961Z,shot_miss,14,1404,930,1024,910,1366,910,380.39,42.74,342.28,agent,NA,0.101,2.58,88.64,0.0,0.0,126.83,38.61
Negotiation_30,R4,2026-09-03T06:38:39.080729Z,flight_missed,14,1411,952,1024,910,1382,910,389.09,51.56,357.45,system,NA,0.117,2.58,84.24,0.0,0.0,99.11,0.0
Negotiation_30,R4,2026-09-03T06:38:39.081510Z,flight_spawn,15,936,-20,1024,910,1382,910,934.18,1031.28,357.45,system,NA,0.525,2.85,134.53,0.0,0.0,99.11,0.0
Negotiation_30,R4,2026-09-03T06:38:42.484160Z,agent_signal,15,647,375,706,799,1175,620,428.06,581.95,501.28,agent,your_turn,0.576,2.85,81.67,109.58,-137.38,130.47,-125.75
Negotiation_30,R4,2026-09-03T06:38:42.500379Z,behavior_monitor,15,647,375,706,799,1174,619,428.06,580.5,500.85,system,NA,0.576,2.85,81.67,109.58,-137.38,97.85,-125.75
Negotiation_30,R4,2026-09-03T06:38:43.010732Z,behavior_monitor,15,669,457,703,796,1144,578,341.13,490.61,492.21,system,NA,0.59,2.85,74.22,0.0,-136.96,97.85,-125.75
Negotiation_30,R4,2026-09-03T06:38:43.112418Z,human_signal,15,674,476,703,796,1138,570,321.5,473.66,490.67,human,i_can,0.596,2.85,74.22,0.0,-136.96,97.85,-125.75
Negotiation_30,R4,2026-09-03T06:38:43.521265Z,behavior_monitor,15,668,540,703,796,1115,566,257.92,447.37,472.05,system,NA,0.634,2.85,98.25,0.0,-136.96,57.18,180.0
Negotiation_30,R4,2026-09-03T06:38:44.028625Z,behavior_monitor,15,660,625,679,793,1095,580,169.39,437.64,467.23,system,NA,0.721,2.85,98.49,44.7,0.0,10.51,-147.25
Negotiation_30,R4,2026-09-03T06:38:44.538054Z,behavior_monitor,15,622,700,657,793,1095,580,98.99,488.22,487.11,system,NA,0.831,2.85,148.99,89.1,180.0,0.0,104.09
Negotiation_30,R4,2026-09-03T06:38:45.047246Z,behavior_monitor,15,558,754,592,793,1063,624,51.79,521.19,500.27,system,NA,0.91,2.85,126.01,129.41,180.0,118.86,130.83
Negotiation_30,R4,2026-09-03T06:38:45.368446Z,shot_hit,15,528,797,550,793,1038,658,22.63,528.86,506.32,human,NA,0.959,2.85,129.39,137.5,180.0,138.63,125.75
Negotiation_30,R4,2026-09-03T06:38:45.368898Z,flight_spawn,16,628,-20,550,793,1038,658,817.09,793.1,506.32,system,NA,0.493,2.9,46.43,137.5,180.0,138.63,125.75
Negotiation_30,R4,2026-09-03T06:38:50.329000Z,agent_signal,16,1364,310,802,816,1089,564,756.26,374.56,381.75,agent,i_can,0.331,2.9,47.39,129.41,0.0,76.24,0.0
Negotiation_30,R4,2026-09-03T06:38:50.345829Z,behavior_monitor,16,1364,310,802,816,1090,564,756.26,373.32,383.01,system,NA,0.33,2.9,47.39,129.41,0.0,99.11,0.0
Negotiation_30,R4,2026-09-03T06:38:50.702258Z,human_signal,16,1405,355,848,826,1126,564,729.21,349.17,381.25,human,your_turn,0.324,2.9,47.39,134.02,15.07,99.11,0.0
Negotiation_30,R4,2026-09-03T06:38:50.702877Z,human_signal,16,1407,357,851,826,1126,564,727.98,349.42,380.07,human,your_turn,0.324,2.9,47.39,142.39,15.07,105.3,0.0
Negotiation_30,R4,2026-09-03T06:38:50.854630Z,behavior_monitor,16,1426,369,868,831,1141,564,724.75,345.81,381.75,system,NA,0.323,2.9,21.27,134.58,15.94,99.11,0.0
Negotiation_30,R4,2026-09-03T06:38:51.364402Z,behavior_monitor,16,1414,403,900,836,1192,564,672.05,274.46,398.84,system,NA,0.29,1.93,154.92,0.0,0.0,99.11,0.0
Negotiation_30,R4,2026-09-03T06:38:51.875231Z,behavior_monitor,16,1362,422,900,836,1242,564,620.52,186.41,436.68,system,NA,0.231,1.93,158.43,0.0,0.0,99.11,0.0
Negotiation_30,R4,2026-09-03T06:38:52.387453Z,behavior_monitor,16,1306,432,898,815,1287,564,559.38,133.4,463.0,system,NA,0.193,1.93,175.16,136.36,-108.36,0.0,-0.13
Negotiation_30,R4,2026-09-03T06:38:52.900410Z,behavior_monitor,16,1250,445,886,798,1238,564,506.73,120.18,422.23,system,NA,0.192,1.93,159.39,51.56,180.0,99.11,180.0
Negotiation_30,R4,2026-09-03T06:38:53.409952Z,behavior_monitor,16,1209,486,872,798,1193,565,459.77,80.61,396.8,system,NA,0.149,1.93,108.16,0.0,180.0,0.0,180.0
Negotiation_30,R4,2026-09-03T06:38:53.818505Z,shot_miss,16,1186,527,872,798,1170,565,415.32,41.97,378.22,agent,NA,0.092,1.93,131.01,0.0,180.0,99.11,180.0
Negotiation_30,R4,2026-09-03T06:38:53.919493Z,behavior_monitor,16,1181,534,872,798,1163,565,406.31,35.89,372.92,system,NA,0.081,1.93,131.01,0.0,180.0,99.11,180.0
Negotiation_30,R4,2026-09-03T06:38:54.088455Z,shot_hit,16,1169,550,872,798,1153,565,387.18,22.16,365.07,agent,NA,0.054,1.93,131.01,0.0,180.0,99.11,180.0
Negotiation_30,R4,2026-09-03T06:38:54.089069Z,flight_spawn,17,1250,-20,872,798,1153,565,901.51,593.88,365.07,system,NA,0.397,2.83,45.0,0.0,180.0,99.11,180.0
Negotiation_30,R4,2026-09-03T06:38:58.776425Z,agent_signal,17,1166,340,872,798,1148,566,544.54,226.35,361.16,agent,i_can,0.294,2.22,77.45,0.0,180.0,0.0,180.0
Negotiation_30,R4,2026-09-03T06:38:58.793068Z,behavior_monitor,17,1166,340,872,798,1148,566,544.54,226.35,361.16,system,NA,0.294,2.22,77.45,0.0,180.0,0.0,180.0
Negotiation_30,R4,2026-09-03T06:38:59.166460Z,human_signal,17,1179,388,872,798,1157,566,512.74,179.31,367.65,human,your_turn,0.259,2.22,77.45,0.0,180.0,0.0,0.0
Negotiation_30,R4,2026-09-03T06:38:59.167669Z,human_signal,17,1180,390,872,798,1157,566,511.23,177.21,367.65,human,your_turn,0.257,2.22,77.45,0.0,180.0,99.11,0.0
Negotiation_30,R4,2026-09-03T06:38:59.301309Z,behavior_monitor,17,1186,404,872,798,1163,566,503.5,162.79,372.9,system,NA,0.244,2.22,54.11,0.0,180.0,99.11,0.0
Negotiation_30,R4,2026-09-03T06:38:59.810145Z,behavior_monitor,17,1220,461,872,798,1196,565,484.68,107.31,399.5,system,NA,0.181,2.22,78.87,0.0,180.0,0.0,-7.22
Negotiation_30,R4,2026-09-03T06:39:00.322188Z,behavior_monitor,17,1225,526,872,798,1205,565,445.67,43.52,406.89,system,NA,0.089,2.22,99.71,0.0,180.0,0.0,0.0
Negotiation_30,R4,2026-09-03T06:39:00.424064Z,shot_hit,17,1219,541,872,798,1202,565,431.69,29.13,404.13,agent,NA,0.063,2.22,120.46,0.0,180.0,99.11,180.0
Negotiation_30,R4,2026-09-03T06:39:00.425121Z,flight_spawn,18,568,-20,872,798,1202,565,872.8,862.95,404.13,system,NA,0.497,3.06,49.13,0.0,180.0,99.11,180.0
Negotiation_30,R4,2026-09-03T06:39:03.213798Z,human_signal,18,359,228,672,798,1071,565,650.42,787.18,461.49,human,i_can,0.548,3.06,150.35,129.41,180.0,0.0,167.0
Negotiation_30,R4,2026-09-03T06:39:03.231204Z,behavior_monitor,18,359,228,672,798,1071,565,650.42,787.18,461.49,system,NA,0.548,3.06,150.35,129.41,180.0,0.0,167.0
Negotiation_30,R4,2026-09-03T06:39:03.737093Z,behavior_monitor,18,274,248,606,798,1050,565,642.15,838.16,501.36,system,NA,0.566,3.06,179.16,129.41,180.0,57.18,180.0
Negotiation_30,R4,2026-09-03T06:39:04.246092Z,behavior_monitor,18,186,275,540,798,1037,565,631.59,898.38,548.28,system,NA,0.587,3.06,145.52,129.41,180.0,0.0,180.0
Negotiation_30,R4,2026-09-03T06:39:04.757319Z,behavior_monitor,18,146,356,474,798,1031,565,550.58,909.62,603.75,system,NA,0.623,3.06,99.77,129.41,180.0,76.24,180.0
Negotiation_30,R4,2026-09-03T06:39:04.893051Z,agent_signal,18,134,381,455,798,1021,565,526.14,905.75,612.46,agent,your_turn,0.633,3.06,124.61,129.41,180.0,76.24,180.0
Negotiation_30,R4,2026-09-03T06:39:05.267092Z,behavior_monitor,18,99,433,408,798,999,564,477.87,909.25,635.06,system,NA,0.655,3.06,124.61,129.41,180.0,57.18,180.0
Negotiation_30,R4,2026-09-03T06:39:05.777813Z,behavior_monitor,18,47,509,342,798,977,565,412.85,931.2,676.08,system,NA,0.693,3.06,124.61,129.41,180.0,0.0,180.0
Negotiation_30,R4,2026-09-03T06:39:06.288849Z,behavior_monitor,18,31,585,276,798,971,571,324.72,940.19,731.09,system,NA,0.743,2.72,90.22,129.41,180.0,130.47,125.75
Negotiation_30,R4,2026-09-03T06:39:06.799993Z,behavior_monitor,18,41,647,210,798,932,625,226.83,891.67,742.52,system,NA,0.797,2.15,54.18,129.41,180.0,130.47,125.75
Negotiation_30,R4,2026-09-03T06:39:07.302150Z,behavior_monitor,18,72,699,144,798,893,679,122.27,821.3,758.38,system,NA,0.87,2.15,54.18,137.5,180.0,138.63,125.75
Negotiation_30,R4,2026-09-03T06:39:07.811671Z,behavior_monitor,18,108,751,103,768,854,733,17.56,746.14,751.94,system,NA,0.977,2.15,54.18,129.41,-90.0,130.47,125.75
Negotiation_30,R4,2026-09-03T06:39:07.880466Z,shot_hit,18,113,758,104,759,849,740,9.63,735.77,745.37,human,NA,0.987,2.15,54.18,129.41,-90.0,130.47,125.75
Negotiation_30,R4,2026-09-03T06:39:07.881511Z,flight_spawn,19,694,-20,104,759,849,740,978.05,776.03,745.37,system,NA,0.442,2.89,133.74,129.41,-90.0,130.47,125.75
Negotiation_30,R4,2026-09-03T06:39:13.219941Z,human_signal,19,32,352,269,867,504,566,567.53,518.84,381.88,human,your_turn,0.478,2.03,111.68,138.48,61.62,76.24,180.0
Negotiation_30,R4,2026-09-03T06:39:13.221681Z,behavior_monitor,19,32,352,269,867,504,566,567.53,518.84,381.88,system,NA,0.478,2.03,111.68,138.48,61.62,76.24,180.0
Negotiation_30,R4,2026-09-03T06:39:13.222153Z,human_signal,19,31,354,270,869,504,566,568.33,518.41,382.83,human,your_turn,0.477,2.03,111.68,138.48,61.62,76.24,180.0
Negotiation_30,R4,2026-09-03T06:39:13.730221Z,behavior_monitor,19,43,390,297,910,453,567,577.77,446.83,377.07,system,NA,0.436,1.63,32.01,0.0,0.0,99.11,180.0
Negotiation_30,R4,2026-09-03T06:39:13.832350Z,agent_signal,19,51,399,295,910,443,567,565.77,426.93,373.65,agent,i_can,0.43,1.63,59.03,33.02,180.0,99.11,180.0
Negotiation_30,R4,2026-09-03T06:39:14.240552Z,behavior_monitor,19,55,434,316,910,403,567,542.79,372.68,353.66,system,NA,0.407,1.63,104.75,85.38,0.0,99.11,180.0
Negotiation_30,R4,2026-09-03T06:39:14.752030Z,behavior_monitor,19,25,474,340,910,352,567,537.81,340.69,343.09,system,NA,0.388,1.63,130.87,100.5,180.0,99.11,180.0
Negotiation_30,R4,2026-09-03T06:39:15.266738Z,behavior_monitor,19,29,513,309,910,302,565,485.7,278.08,344.79,system,NA,0.364,1.39,109.0,0.0,180.0,99.11,180.0
Negotiation_30,R4,2026-09-03T06:39:15.778886Z,behavior_monitor,19,22,552,309,910,252,565,457.98,229.73,349.45,system,NA,0.334,1.39,112.38,0.0,180.0,99.11,180.0
Negotiation_30,R4,2026-09-03T06:39:16.289873Z,behavior_monitor,19,23,591,309,910,201,586,428.16,177.93,340.75,system,NA,0.294,1.33,69.49,0.0,180.0,169.61,125.75
Negotiation_30,R4,2026-09-03T06:39:16.800638Z,behavior_monitor,19,50,614,309,910,150,610,393.0,100.16,339.43,system,NA,0.203,1.33,55.83,0.0,180.0,169.61,125.75
Negotiation_30,R4,2026-09-03T06:39:17.311019Z,behavior_monitor,19,70,645,309,910,99,640,356.48,30.18,341.36,system,NA,0.078,1.33,57.54,0.0,180.0,99.11,180.0
Negotiation_30,R4,2026-09-03T06:39:17.362466Z,shot_hit,19,72,650,309,910,92,645,351.47,20.64,342.27,agent,NA,0.055,1.33,57.54,0.0,180.0,169.61,125.75
Negotiation_30,R4,2026-09-03T06:39:17.363525Z,flight_spawn,20,722,-20,309,910,92,645,1017.84,916.24,342.27,system,NA,0.474,3.41,54.11,0.0,180.0,169.61,125.75
Negotiation_30,R4,2026-09-03T06:39:19.829648Z,human_signal,20,654,396,554,796,261,565,412.48,427.66,372.86,human,i_can,0.509,3.41,71.7,139.82,-30.72,76.24,0.0
Negotiation_30,R4,2026-09-03T06:39:19.847137Z,behavior_monitor,20,654,396,554,796,262,565,412.48,426.77,372.1,system,NA,0.509,3.41,71.7,139.71,-30.64,57.18,0.0
Negotiation_30,R4,2026-09-03T06:39:20.137132Z,agent_signal,20,673,454,590,775,279,565,330.67,409.79,375.73,agent,your_turn,0.553,3.41,67.18,140.15,-30.81,57.18,0.0
Negotiation_30,R4,2026-09-03T06:39:20.358251Z,behavior_monitor,20,674,495,615,760,291,565,270.89,388.76,377.73,system,NA,0.589,3.41,91.73,141.37,-31.63,57.18,0.0
Negotiation_30,R4,2026-09-03T06:39:20.868561Z,behavior_monitor,20,617,570,634,715,320,565,146.81,296.52,348.59,system,NA,0.669,3.41,166.56,133.45,-104.14,57.18,0.0
Negotiation_30,R4,2026-09-03T06:39:21.377794Z,behavior_monitor,20,555,645,582,679,322,566,43.56,246.11,283.68,system,NA,0.85,3.41,114.04,129.41,180.0,0.0,-150.74
Negotiation_30,R4,2026-09-03T06:39:21.481319Z,shot_hit,20,546,664,568,679,322,566,27.59,244.45,271.63,human,NA,0.899,3.41,114.04,129.41,180.0,0.0,-150.74
Negotiation_30,R5,2026-09-03T06:40:47.562546Z,flight_spawn,1,1305,-20,568,679,322,566,1016.26,1145.39,271.63,system,NA,0.53,3.33,126.88,0.0,180.0,0.0,-150.74
Negotiation_30,R5,2026-09-03T06:40:53.616562Z,agent_signal,1,870,377,1056,768,576,566,432.95,349.0,521.06,agent,i_can,0.446,3.33,156.96,46.23,0.0,76.24,0.0
Negotiation_30,R5,2026-09-03T06:40:53.632647Z,behavior_monitor,1,870,377,1056,768,578,566,432.95,347.58,519.51,system,NA,0.445,3.33,156.96,46.23,0.0,99.11,0.0
Negotiation_30,R5,2026-09-03T06:40:54.144884Z,behavior_monitor,1,774,386,1116,793,629,566,531.91,231.09,537.69,system,NA,0.303,3.33,177.13,59.43,36.18,99.11,0.0
Negotiation_30,R5,2026-09-03T06:40:54.418969Z,human_signal,1,718,388,1117,794,656,566,568.51,187.78,514.39,human,your_turn,0.248,3.33,156.74,0.0,36.18,99.11,0.0
Negotiation_30,R5,2026-09-03T06:40:54.419985Z,human_signal,1,715,390,1117,794,656,566,569.56,185.62,514.39,human,your_turn,0.246,3.33,156.74,0.0,36.18,99.11,0.0
Negotiation_30,R5,2026-09-03T06:40:54.656965Z,behavior_monitor,1,677,407,1095,794,664,566,569.4,159.19,487.0,system,NA,0.218,3.33,156.74,129.41,180.0,99.11,180.0
Negotiation_30,R5,2026-09-03T06:40:55.166830Z,behavior_monitor,1,580,426,1029,794,614,566,580.37,143.94,473.45,system,NA,0.199,3.33,177.25,129.41,180.0,99.11,180.0
Negotiation_30,R5,2026-09-03T06:40:55.675065Z,behavior_monitor,1,483,459,963,794,563,565,585.23,133.2,460.28,system,NA,0.185,3.33,157.73,129.41,180.0,99.11,180.0
Negotiation_30,R5,2026-09-03T06:40:56.180389Z,behavior_monitor,1,384,472,897,794,513,565,605.13,158.69,446.94,system,NA,0.208,3.33,173.16,129.41,180.0,99.11,180.0
Negotiation_30,R5,2026-09-03T06:40:56.688634Z,behavior_monitor,1,288,484,831,794,461,565,624.65,191.33,434.2,system,NA,0.234,3.33,173.16,127.01,180.0,99.11,180.0
Negotiation_30,R5,2026-09-03T06:40:57.198646Z,behavior_monitor,1,189,496,830,794,411,565,706.38,232.4,476.97,system,NA,0.248,3.33,173.16,0.0,180.0,99.11,180.0
Negotiation_30,R5,2026-09-03T06:40:57.709403Z,behavior_monitor,1,92,508,830,794,360,565,790.96,274.31,521.89,system,NA,0.258,3.33,173.16,0.0,180.0,99.11,180.0
Negotiation_30,R5,2026-09-03T06:40:58.220588Z,behavior_monitor,1,29,540,830,794,310,565,839.51,281.57,567.76,system,NA,0.251,2.34,40.55,0.0,180.0,99.11,180.0
Negotiation_30,R5,2026-09-03T06:40:58.730625Z,behavior_monitor,1,84,585,830,794,258,581,773.75,173.69,609.89,system,NA,0.183,2.34,40.55,0.0,180.0,169.61,125.75
Negotiation_30,R5,2026-09-03T06:40:59.240804Z,behavior_monitor,1,136,632,830,794,207,627,712.51,71.87,644.29,system,NA,0.092,2.34,68.88,0.0,180.0,169.61,125.75
Negotiation_30,R5,2026-09-03T06:40:59.648230Z,shot_hit,1,138,690,830,794,165,685,698.82,27.09,673.21,agent,NA,0.037,2.34,90.53,0.0,180.0,169.61,125.75
Negotiation_30,R5,2026-09-03T06:40:59.648968Z,flight_spawn,2,306,-20,830,794,165,685,968.13,719.91,673.21,system,NA,0.426,2.83,45.0,0.0,180.0,169.61,125.75
Negotiation_30,R5,2026-09-03T06:41:03.711129Z,human_signal,2,797,337,830,794,443,566,458.07,421.95,449.07,human,i_can,0.479,2.83,58.2,0.0,180.0,76.24,0.0
Negotiation_30,R5,2026-09-03T06:41:03.728506Z,behavior_monitor,2,797,337,830,794,444,565,458.07,420.69,448.26,system,NA,0.479,2.83,58.2,0.0,180.0,75.71,-20.49
Negotiation_30,R5,2026-09-03T06:41:04.238236Z,behavior_monitor,2,775,417,830,794,473,565,380.91,336.09,423.53,system,NA,0.469,2.83,110.12,0.0,180.0,57.18,0.0
Negotiation_30,R5,2026-09-03T06:41:04.645342Z,agent_signal,2,740,474,830,794,487,565,331.68,269.09,412.15,agent,i_can,0.448,2.83,137.33,0.0,180.0,0.0,0.0
Negotiation_30,R5,2026-09-03T06:41:04.747970Z,behavior_monitor,2,732,484,830,794,497,565,324.94,248.29,403.79,system,NA,0.433,2.83,137.33,0.0,180.0,99.11,0.0
Negotiation_30,R5,2026-09-03T06:41:05.258941Z,behavior_monitor,2,653,515,827,794,547,565,328.6,117.35,361.93,system,NA,0.263,2.83,160.64,111.89,180.0,99.11,0.0
Negotiation_30,R5,2026-09-03T06:41:05.463722Z,human_signal,2,621,524,816,794,567,564,332.38,67.27,338.49,human,your_turn,0.168,2.83,174.53,0.0,180.0,105.3,0.0
Negotiation_30,R5,2026-09-03T06:41:05.464067Z,human_signal,2,618,525,816,794,567,564,334.08,64.51,338.49,human,your_turn,0.162,2.83,174.53,0.0,180.0,99.11,0.0
Negotiation_30,R5,2026-09-03T06:41:05.769936Z,behavior_monitor,2,567,529,816,794,562,564,362.92,35.44,342.22,system,NA,0.089,2.83,174.53,0.0,180.0,99.11,180.0
Negotiation_30,R5,2026-09-03T06:41:05.804356Z,shot_miss,2,559,530,816,794,557,564,368.33,34.26,345.98,agent,NA,0.085,2.83,174.53,0.0,180.0,99.11,180.0
Negotiation_30,R5,2026-09-03T06:41:05.991031Z,shot_hit,2,533,541,816,794,538,564,379.65,24.19,360.05,agent,NA,0.06,2.83,150.99,0.0,180.0,99.11,180.0
Negotiation_30,R5,2026-09-03T06:41:05.992018Z,flight_spawn,3,635,-20,816,794,538,564,834.12,592.58,360.05,system,NA,0.415,2.83,45.0,0.0,180.0,99.11,180.0
Negotiation_30,R5,2026-09-03T06:41:08.476894Z,agent_signal,3,513,310,719,794,534,564,525.34,254.77,294.8,agent,i_can,0.327,2.83,118.55,129.41,180.0,76.24,180.0
Negotiation_30,R5,2026-09-03T06:41:08.492947Z,behavior_monitor,3,513,310,719,794,532,564,525.34,254.64,295.86,system,NA,0.326,2.83,118.55,129.41,180.0,99.11,180.0
Negotiation_30,R5,2026-09-03T06:41:08.935104Z,human_signal,3,474,375,677,794,488,565,465.28,190.28,296.51,human,your_turn,0.29,2.83,118.55,129.41,180.0,99.11,180.0
Negotiation_30,R5,2026-09-03T06:41:08.936119Z,human_signal,3,473,378,675,794,488,565,462.42,187.86,295.11,human,your_turn,0.289,2.83,118.55,129.41,180.0,97.72,167.58
Negotiation_30,R5,2026-09-03T06:41:09.002265Z,behavior_monitor,3,469,385,668,794,482,564,454.55,179.85,295.44,system,NA,0.283,2.83,118.55,137.5,180.0,103.18,-167.06
Negotiation_30,R5,2026-09-03T06:41:09.513615Z,behavior_monitor,3,455,467,603,794,438,564,358.73,98.74,282.71,system,NA,0.216,2.83,117.84,92.91,180.0,99.11,180.0
Negotiation_30,R5,2026-09-03T06:41:10.005273Z,shot_hit,3,409,536,603,794,395,564,323.23,31.54,309.48,agent,NA,0.089,2.83,134.5,0.0,180.0,99.11,180.0
Negotiation_30,R5,2026-09-03T06:41:10.005852Z,flight_spawn,4,1323,-20,603,794,395,564,1086.9,1096.63,309.48,system,NA,0.502,2.83,135.0,0.0,180.0,99.11,180.0
Negotiation_30,R5,2026-09-03T06:41:14.149081Z,agent_signal,4,815,311,922,794,610,565,494.31,326.19,387.0,agent,i_can,0.398,2.83,114.39,0.0,0.0,76.24,0.0
Negotiation_30,R5,2026-09-03T06:41:14.166438Z,behavior_monitor,4,815,311,922,794,612,565,494.31,325.13,385.64,system,NA,0.397,2.83,114.39,0.0,0.0,99.11,0.0
Negotiation_30,R5,2026-09-03T06:41:14.678237Z,behavior_monitor,4,864,371,922,794,662,565,427.18,279.92,346.3,system,NA,0.396,2.83,18.51,0.0,0.0,99.11,0.0
Negotiation_30,R5,2026-09-03T06:41:14.967381Z,human_signal,4,909,386,938,799,691,565,413.72,282.05,339.78,human,your_turn,0.405,2.83,18.51,134.79,20.86,99.11,0.0
Negotiation_30,R5,2026-09-03T06:41:14.968555Z,human_signal,4,911,387,940,799,691,565,413.62,283.44,341.91,human,your_turn,0.407,2.83,18.51,135.11,21.01,99.11,0.0
Negotiation_30,R5,2026-09-03T06:41:15.188941Z,behavior_monitor,4,942,398,966,810,713,565,412.63,283.55,351.72,system,NA,0.407,2.83,18.51,136.98,22.21,99.11,0.0
Negotiation_30,R5,2026-09-03T06:41:15.698910Z,behavior_monitor,4,1024,416,1030,837,764,565,421.69,300.06,381.18,system,NA,0.416,2.83,5.11,138.02,23.24,99.11,0.0
Negotiation_30,R5,2026-09-03T06:41:16.207556Z,behavior_monitor,4,1099,453,1095,865,813,565,412.29,306.5,411.67,system,NA,0.426,2.83,32.92,138.02,23.24,99.11,0.0
Negotiation_30,R5,2026-09-03T06:41:16.717221Z,behavior_monitor,4,1175,480,1159,890,864,565,410.62,322.19,439.09,system,NA,0.44,2.83,11.04,84.62,0.0,99.11,0.0
Negotiation_30,R5,2026-09-03T06:41:17.228343Z,behavior_monitor,4,1245,521,1203,845,914,565,326.19,333.81,402.01,system,NA,0.506,2.83,31.59,137.27,-19.49,99.11,0.0
Negotiation_30,R5,2026-09-03T06:41:17.742142Z,behavior_monitor,4,1323,549,1261,850,965,566,306.85,358.2,410.27,system,NA,0.539,2.83,50.17,0.0,0.0,99.11,0.0
Negotiation_30,R5,2026-09-03T06:41:18.252160Z,behavior_monitor,4,1392,591,1318,855,1015,585,274.38,377.32,405.87,system,NA,0.579,2.83,31.21,136.86,18.99,99.11,0.0
Negotiation_30,R5,2026-09-03T06:41:18.354020Z,human_signal,4,1410,601,1334,860,1025,594,270.24,384.76,407.2,human,i_can,0.587,2.83,31.21,137.06,19.24,169.61,54.25
Negotiation_30,R5,2026-09-03T06:41:18.763089Z,behavior_monitor,4,1441,635,1381,867,1048,627,239.64,392.22,410.11,system,NA,0.621,2.06,134.72,65.03,0.0,97.85,54.25
Negotiation_30,R5,2026-09-03T06:41:18.968018Z,agent_signal,4,1424,654,1382,867,1060,643,217.06,363.6,392.13,agent,your_turn,0.626,2.06,134.72,0.0,0.0,97.85,54.25
Negotiation_30,R5,2026-09-03T06:41:19.273816Z,behavior_monitor,4,1393,663,1382,867,1078,658,203.65,315.64,369.29,system,NA,0.608,2.06,178.08,0.0,0.0,57.18,0.0
Negotiation_30,R5,2026-09-03T06:41:19.786020Z,behavior_monitor,4,1331,665,1360,843,1104,660,179.39,227.18,314.53,system,NA,0.559,2.06,178.08,135.63,-140.42,0.0,0.0
Negotiation_30,R5,2026-09-03T06:41:20.297162Z,behavior_monitor,4,1278,688,1303,877,1107,663,190.35,172.91,290.32,system,NA,0.476,2.06,162.82,141.11,135.74,130.47,54.25
Negotiation_30,R5,2026-09-03T06:41:20.467131Z,human_signal,4,1259,695,1286,893,1120,681,200.17,140.08,269.52,human,your_turn,0.412,2.06,141.0,141.41,136.89,130.47,54.25
Negotiation_30,R5,2026-09-03T06:41:20.468212Z,human_signal,4,1258,696,1284,895,1120,681,200.47,138.79,269.74,human,your_turn,0.409,2.06,141.0,141.41,136.89,130.47,54.25
Negotiation_30,R5,2026-09-03T06:41:20.807259Z,behavior_monitor,4,1229,721,1249,910,1154,716,189.6,75.2,215.8,system,NA,0.284,2.06,141.0,110.49,180.0,99.11,0.0
Negotiation_30,R5,2026-09-03T06:41:20.892143Z,human_signal,4,1221,727,1240,910,1162,723,182.99,59.39,201.88,human,your_turn,0.245,2.06,141.0,111.11,180.0,99.11,0.0
Negotiation_30,R5,2026-09-03T06:41:20.892749Z,human_signal,4,1220,729,1238,911,1162,723,183.1,58.11,202.52,human,your_turn,0.241,2.06,141.0,111.11,180.0,169.61,54.25
Negotiation_30,R5,2026-09-03T06:41:21.112783Z,human_signal,4,1207,749,1215,910,1184,744,160.67,23.19,168.1,human,your_turn,0.126,2.06,113.9,115.21,180.0,169.61,54.25
Negotiation_30,R5,2026-09-03T06:41:21.113465Z,human_signal,4,1205,751,1213,911,1184,744,160.09,22.16,169.06,human,your_turn,0.122,2.06,113.9,115.64,180.0,169.61,54.25
Negotiation_30,R5,2026-09-03T06:41:21.130215Z,shot_hit,4,1204,753,1211,910,1184,749,156.84,20.46,162.81,agent,NA,0.115,2.06,113.9,115.92,180.0,137.65,90.0
Negotiation_30,R5,2026-09-03T06:41:21.130530Z,flight_spawn,5,716,-20,1211,910,1184,749,1053.2,900.43,162.81,system,NA,0.461,3.07,130.62,115.92,180.0,137.65,90.0
Negotiation_30,R5,2026-09-03T06:41:21.300227Z,human_signal,5,713,6,1193,910,1184,749,1022.66,879.3,160.88,human,your_turn,0.462,3.07,89.99,116.33,180.0,0.0,90.0
Negotiation_30,R5,2026-09-03T06:41:21.300904Z,human_signal,5,714,9,1191,911,1184,749,1020.03,876.54,162.09,human,your_turn,0.462,3.07,89.99,116.33,180.0,0.0,90.0
Negotiation_30,R5,2026-09-03T06:41:21.317536Z,behavior_monitor,5,714,9,1191,910,1184,749,1018.87,876.54,160.79,system,NA,0.462,3.07,89.99,116.33,180.0,0.0,90.0
Negotiation_30,R5,2026-09-03T06:41:21.826227Z,behavior_monitor,5,677,90,1131,910,1142,690,937.17,759.25,219.67,system,NA,0.448,3.07,157.55,120.07,180.0,169.61,-125.75
Negotiation_30,R5,2026-09-03T06:41:22.338237Z,behavior_monitor,5,602,132,1066,910,1091,620,905.39,690.62,290.42,system,NA,0.433,3.07,135.61,129.41,180.0,169.61,-125.75
Negotiation_30,R5,2026-09-03T06:41:22.848377Z,behavior_monitor,5,595,217,1003,893,1040,566,789.16,565.54,329.08,system,NA,0.417,3.07,82.73,137.36,-141.26,99.11,180.0
Negotiation_30,R5,2026-09-03T06:41:23.357141Z,behavior_monitor,5,635,299,941,874,990,566,651.05,444.18,311.3,system,NA,0.406,3.07,62.5,129.41,180.0,99.11,180.0
Negotiation_30,R5,2026-09-03T06:41:23.870498Z,behavior_monitor,5,685,375,875,869,939,566,529.19,318.05,309.11,system,NA,0.375,3.07,66.84,134.71,-159.34,99.11,180.0
Negotiation_30,R5,2026-09-03T06:41:24.159390Z,agent_signal,5,707,426,839,849,911,566,443.41,247.03,291.8,agent,i_can,0.358,3.07,66.84,127.29,-150.86,99.11,180.0
Negotiation_30,R5,2026-09-03T06:41:24.295435Z,human_signal,5,709,447,823,848,897,566,417.25,222.66,291.53,human,your_turn,0.348,3.07,90.64,129.41,180.0,99.11,180.0
Negotiation_30,R5,2026-09-03T06:41:24.296481Z,human_signal,5,708,450,821,848,897,566,413.81,221.4,292.09,human,your_turn,0.349,3.07,90.64,129.41,180.0,99.11,180.0
Negotiation_30,R5,2026-09-03T06:41:24.380586Z,behavior_monitor,5,707,462,812,848,888,566,400.01,209.18,292.19,system,NA,0.343,3.07,90.64,129.41,180.0,99.11,180.0
Negotiation_30,R5,2026-09-03T06:41:24.805305Z,human_signal,5,667,521,757,848,846,566,339.07,184.31,295.93,human,your_turn,0.352,3.07,142.23,129.41,180.0,99.11,180.0
Negotiation_30,R5,2026-09-03T06:41:24.806293Z,human_signal,5,665,523,755,848,846,566,337.25,185.98,296.6,human,your_turn,0.355,3.07,142.23,129.41,180.0,99.11,180.0
Negotiation_30,R5,2026-09-03T06:41:24.890123Z,behavior_monitor,5,655,531,746,848,838,566,330.45,186.38,296.72,system,NA,0.361,3.07,142.23,129.41,180.0,99.11,180.0
Negotiation_30,R5,2026-09-03T06:41:24.993019Z,human_signal,5,642,542,733,848,828,566,319.56,187.35,297.65,human,your_turn,0.37,3.07,142.23,129.41,180.0,99.11,180.0
Negotiation_30,R5,2026-09-03T06:41:24.993671Z,human_signal,5,639,544,731,848,828,566,317.82,189.53,298.36,human,your_turn,0.374,3.07,142.23,129.41,180.0,104.81,-179.94
Negotiation_30,R5,2026-09-03T06:41:25.180179Z,human_signal,5,615,563,709,848,809,566,300.56,193.55,298.88,human,your_turn,0.392,3.07,142.23,129.41,180.0,99.11,180.0
Negotiation_30,R5,2026-09-03T06:41:25.180804Z,human_signal,5,612,565,707,848,809,566,299.02,196.51,299.62,human,your_turn,0.397,3.07,142.23,129.41,180.0,99.11,180.0
Negotiation_30,R5,2026-09-03T06:41:25.400883Z,behavior_monitor,5,598,595,680,848,786,585,265.78,188.66,283.56,system,NA,0.415,3.07,88.55,129.41,180.0,182.71,128.55
Negotiation_30,R5,2026-09-03T06:41:25.910536Z,behavior_monitor,5,601,688,614,848,735,655,161.17,138.75,227.9,system,NA,0.463,3.07,88.55,137.5,180.0,180.21,125.75
Negotiation_30,R5,2026-09-03T06:41:26.421261Z,behavior_monitor,5,613,777,548,848,685,725,96.17,88.41,183.67,system,NA,0.479,3.07,66.53,129.41,180.0,169.61,125.75
Negotiation_30,R5,2026-09-03T06:41:26.933324Z,behavior_monitor,5,652,862,511,884,635,795,142.94,68.57,152.52,system,NA,0.324,3.07,66.53,129.41,90.0,169.61,125.75
Negotiation_30,R5,2026-09-03T06:41:27.442601Z,behavior_monitor,5,654,951,489,910,635,866,170.15,87.44,152.37,system,NA,0.339,3.07,73.21,111.68,180.0,137.65,90.0
Negotiation_30,R5,2026-09-03T06:41:27.443127Z,flight_missed,5,655,954,487,910,635,868,173.97,88.3,153.59,system,NA,0.337,3.07,73.21,111.68,180.0,137.65,90.0
Negotiation_30,R5,2026-09-03T06:41:27.443392Z,flight_spawn,6,1118,-20,487,910,635,868,1123.53,1011.05,153.59,system,NA,0.474,3.34,53.22,111.68,180.0,137.65,90.0
Negotiation_30,R5,2026-09-03T06:41:31.649414Z,agent_signal,6,1211,307,723,791,933,565,686.75,378.12,309.12,agent,i_can,0.355,2.2,148.62,0.0,0.0,76.24,0.0
Negotiation_30,R5,2026-09-03T06:41:31.665729Z,behavior_monitor,6,1211,307,723,791,935,565,686.75,376.88,310.26,system,NA,0.354,2.2,148.62,0.0,0.0,99.11,0.0
Negotiation_30,R5,2026-09-03T06:41:32.173994Z,behavior_monitor,6,1153,327,723,791,986,565,632.73,290.66,346.74,system,NA,0.315,2.2,142.83,0.0,0.0,99.11,0.0
Negotiation_30,R5,2026-09-03T06:41:32.429568Z,human_signal,6,1126,347,719,791,1010,565,602.53,246.44,369.15,human,your_turn,0.29,2.2,142.83,52.22,180.0,99.11,0.0
Negotiation_30,R5,2026-09-03T06:41:32.430763Z,human_signal,6,1125,348,718,791,1010,565,601.37,244.74,369.82,human,your_turn,0.289,2.2,142.83,52.22,180.0,99.11,0.0
Negotiation_30,R5,2026-09-03T06:41:32.684525Z,behavior_monitor,6,1101,367,717,791,1035,565,571.77,208.56,390.37,system,NA,0.267,2.2,163.62,0.0,180.0,99.11,0.0
Negotiation_30,R5,2026-09-03T06:41:33.194700Z,behavior_monitor,6,1056,403,661,791,1039,565,553.38,162.91,440.26,system,NA,0.227,2.2,133.68,129.41,180.0,99.11,180.0
Negotiation_30,R5,2026-09-03T06:41:33.708607Z,behavior_monitor,6,1029,463,615,791,1011,566,527.48,104.14,455.57,system,NA,0.165,2.2,104.24,129.41,180.0,99.11,180.0
Negotiation_30,R5,2026-09-03T06:41:34.218698Z,behavior_monitor,6,1045,523,612,791,1023,565,509.28,47.6,468.79,system,NA,0.085,2.2,81.18,0.0,180.0,0.0,0.0
Negotiation_30,R5,2026-09-03T06:41:34.303218Z,shot_miss,6,1047,536,612,791,1023,565,503.8,37.5,468.79,agent,NA,0.069,2.2,52.93,0.0,180.0,0.0,0.0
Negotiation_30,R5,2026-09-03T06:41:34.592313Z,shot_hit,6,1069,566,612,791,1044,565,509.04,24.26,487.88,agent,NA,0.045,2.2,52.93,0.0,180.0,99.11,0.0
Negotiation_30,R5,2026-09-03T06:41:34.593732Z,flight_spawn,7,601,-20,612,791,1044,565,811.9,734.45,487.88,system,NA,0.475,3.5,124.89,0.0,180.0,99.11,0.0
Negotiation_30,R5,2026-09-03T06:41:37.039894Z,agent_signal,7,251,310,383,776,879,565,484.31,678.32,539.68,agent,your_turn,0.583,3.5,134.19,129.41,180.0,67.4,-171.94
Negotiation_30,R5,2026-09-03T06:41:37.057697Z,behavior_monitor,7,251,310,383,776,878,565,484.31,677.42,538.78,system,NA,0.583,3.5,134.19,129.41,180.0,57.18,180.0
Negotiation_30,R5,2026-09-03T06:41:37.565543Z,behavior_monitor,7,176,386,319,758,850,565,398.84,696.91,565.33,system,NA,0.636,3.5,134.19,137.31,-149.14,57.18,180.0
Negotiation_30,R5,2026-09-03T06:41:38.072857Z,behavior_monitor,7,89,440,279,755,835,565,368.32,756.41,587.68,system,NA,0.673,3.5,132.83,129.41,180.0,0.0,129.86
Negotiation_30,R5,2026-09-03T06:41:38.447526Z,human_signal,7,36,498,229,755,835,565,322.06,802.43,635.76,human,i_can,0.714,3.5,152.5,129.41,180.0,0.0,129.86
Negotiation_30,R5,2026-09-03T06:41:38.584733Z,behavior_monitor,7,21,509,213,755,827,565,312.34,807.94,643.04,system,NA,0.721,2.46,40.95,129.41,180.0,57.18,180.0
Negotiation_30,R5,2026-09-03T06:41:39.093677Z,behavior_monitor,7,82,551,165,727,811,565,194.01,729.55,665.91,system,NA,0.79,2.46,58.85,129.41,-90.0,0.0,180.0
Negotiation_30,R5,2026-09-03T06:41:39.605335Z,behavior_monitor,7,142,596,153,669,804,565,73.03,662.6,659.53,system,NA,0.901,2.46,35.41,130.66,-59.73,0.0,-168.31
Negotiation_30,R5,2026-09-03T06:41:39.860674Z,shot_hit,7,167,620,173,640,798,574,21.15,632.75,628.4,human,NA,0.968,2.46,58.41,140.64,-49.18,130.47,125.75
Negotiation_30,R5,2026-09-03T06:41:39.861237Z,flight_spawn,8,1107,-20,173,640,798,574,1143.87,669.61,628.4,system,NA,0.369,3.11,129.98,140.64,-49.18,130.47,125.75
Negotiation_30,R5,2026-09-03T06:41:42.748664Z,agent_signal,8,711,307,378,782,793,564,579.54,269.62,468.24,agent,i_can,0.318,3.11,163.09,123.57,127.53,52.93,169.88
Negotiation_30,R5,2026-09-03T06:41:42.765224Z,behavior_monitor,8,711,307,378,782,791,564,579.54,269.12,466.75,system,NA,0.317,3.11,163.09,123.57,127.53,99.11,180.0
Negotiation_30,R5,2026-09-03T06:41:43.276371Z,behavior_monitor,8,643,366,332,829,740,564,557.13,220.97,486.32,system,NA,0.284,3.11,131.95,138.58,138.84,99.11,180.0
Negotiation_30,R5,2026-09-03T06:41:43.412993Z,human_signal,8,627,385,319,842,727,564,551.43,205.39,493.34,human,your_turn,0.271,3.11,131.95,135.38,133.75,99.11,180.0
Negotiation_30,R5,2026-09-03T06:41:43.413269Z,human_signal,8,625,387,317,844,727,564,550.65,204.43,495.61,human,your_turn,0.271,3.11,131.95,129.56,131.97,93.6,180.0
Negotiation_30,R5,2026-09-03T06:41:43.787342Z,behavior_monitor,8,578,436,289,881,689,565,531.33,170.47,510.73,system,NA,0.243,3.11,131.95,89.01,90.0,99.11,180.0
Negotiation_30,R5,2026-09-03T06:41:44.296064Z,behavior_monitor,8,517,505,340,904,639,564,436.38,135.2,452.46,system,NA,0.237,3.11,131.95,0.0,90.0,99.11,180.0
Negotiation_30,R5,2026-09-03T06:41:44.806160Z,behavior_monitor,8,433,551,317,904,588,564,371.47,155.25,434.45,system,NA,0.295,3.11,161.75,129.41,180.0,99.11,180.0
Negotiation_30,R5,2026-09-03T06:41:45.318110Z,behavior_monitor,8,342,584,284,907,538,578,328.55,196.55,415.67,system,NA,0.374,3.11,151.23,123.04,180.0,99.11,180.0
Negotiation_30,R5,2026-09-03T06:41:45.709979Z,human_signal,8,300,642,236,888,500,630,253.78,200.81,369.74,human,i_can,0.442,3.11,99.27,131.66,-153.7,169.61,125.75
Negotiation_30,R5,2026-09-03T06:41:45.828728Z,behavior_monitor,8,303,660,225,881,493,639,233.98,191.87,360.97,system,NA,0.451,3.11,53.95,102.49,-130.61,97.85,125.75
Negotiation_30,R5,2026-09-03T06:41:46.340221Z,behavior_monitor,8,360,735,258,853,464,679,155.76,117.98,269.36,system,NA,0.431,3.11,53.95,134.42,15.7,96.52,143.52
Negotiation_30,R5,2026-09-03T06:41:46.459830Z,agent_signal,8,373,755,270,861,457,689,148.17,107.16,254.87,agent,your_turn,0.42,3.11,53.95,106.86,48.17,97.85,125.75
Negotiation_30,R5,2026-09-03T06:41:46.851782Z,behavior_monitor,8,394,820,310,895,435,720,112.78,107.82,215.03,system,NA,0.489,3.11,80.08,139.26,36.5,97.85,125.75
Negotiation_30,R5,2026-09-03T06:41:47.362360Z,behavior_monitor,8,405,912,369,910,415,750,35.53,162.28,165.95,system,NA,0.82,3.11,105.8,122.39,0.0,0.0,-43.62
Negotiation_30,R5,2026-09-03T06:41:47.379106Z,shot_miss,8,404,915,371,910,415,750,33.03,165.32,165.4,human,NA,0.833,3.11,105.8,122.39,0.0,0.0,-43.62
Negotiation_30,R5,2026-09-03T06:41:47.567057Z,shot_miss,8,402,948,394,910,415,750,39.22,198.42,160.8,human,NA,0.835,3.11,77.04,123.06,0.0,0.0,26.11
Negotiation_30,R5,2026-09-03T06:41:47.584015Z,flight_missed,8,403,954,399,910,415,750,44.82,204.39,160.31,system,NA,0.82,3.11,54.57,123.06,0.0,0.0,26.11
Negotiation_30,R5,2026-09-03T06:41:47.584378Z,flight_spawn,9,759,-20,399,910,415,750,997.46,843.9,160.31,system,NA,0.458,3.29,127.47,123.06,0.0,0.0,26.11
Negotiation_30,R5,2026-09-03T06:41:50.053679Z,agent_signal,9,483,308,516,899,511,567,591.89,259.89,332.58,agent,i_can,0.305,3.29,160.56,84.17,-125.85,76.24,180.0
Negotiation_30,R5,2026-09-03T06:41:50.069910Z,behavior_monitor,9,483,308,516,899,509,567,591.89,259.72,332.61,system,NA,0.305,3.29,160.56,41.73,180.0,99.11,180.0
Negotiation_30,R5,2026-09-03T06:41:50.376003Z,human_signal,9,437,339,515,899,479,566,565.46,231.0,334.85,human,your_turn,0.29,3.29,134.53,0.0,180.0,99.11,180.0
Negotiation_30,R5,2026-09-03T06:41:50.376884Z,human_signal,9,435,341,515,899,479,566,563.39,229.03,334.85,human,your_turn,0.289,3.29,134.53,0.0,180.0,99.11,180.0
Negotiation_30,R5,2026-09-03T06:41:50.579946Z,behavior_monitor,9,402,359,514,899,459,567,551.12,215.0,336.85,system,NA,0.281,3.29,155.48,0.0,180.0,99.11,180.0
Negotiation_30,R5,2026-09-03T06:41:51.091079Z,behavior_monitor,9,310,381,461,893,408,566,533.79,209.66,330.96,system,NA,0.282,3.29,175.72,134.44,-164.28,99.11,180.0
Negotiation_30,R5,2026-09-03T06:41:51.601177Z,behavior_monitor,9,212,389,466,837,358,567,515.03,230.53,290.66,system,NA,0.309,3.29,175.72,130.77,-32.46,99.11,180.0
Negotiation_30,R5,2026-09-03T06:41:52.111890Z,behavior_monitor,9,115,407,515,833,307,564,584.77,248.5,339.96,system,NA,0.298,3.29,161.48,0.0,0.0,99.11,180.0
Negotiation_30,R5,2026-09-03T06:41:52.620069Z,behavior_monitor,9,33,451,515,833,257,564,615.41,250.48,373.55,system,NA,0.289,3.29,166.86,0.0,0.0,99.11,180.0
Negotiation_30,R5,2026-09-03T06:41:53.129802Z,behavior_monitor,9,68,477,515,833,205,564,572.0,162.77,410.56,system,NA,0.222,2.06,42.04,0.0,0.0,99.11,180.0
Negotiation_30,R5,2026-09-03T06:41:53.638730Z,behavior_monitor,9,104,525,515,833,155,564,513.9,64.08,449.82,system,NA,0.111,2.06,61.14,0.0,0.0,99.11,180.0
Negotiation_30,R5,2026-09-03T06:41:53.945177Z,shot_hit,9,136,547,515,833,124,564,475.16,20.37,475.31,agent,NA,0.041,2.06,15.39,0.0,0.0,99.11,180.0
Negotiation_30,R5,2026-09-03T06:41:53.946270Z,flight_spawn,10,943,-20,515,833,124,564,955.01,1006.14,475.31,system,NA,0.513,2.83,45.0,0.0,0.0,99.11,180.0
Negotiation_30,R5,2026-09-03T06:41:57.003529Z,agent_signal,10,672,310,636,833,333,565,524.49,423.85,404.55,agent,i_can,0.447,2.83,175.37,129.41,0.0,76.24,0.0
Negotiation_30,R5,2026-09-03T06:41:57.019951Z,behavior_monitor,10,672,310,636,833,335,565,524.49,422.51,403.29,system,NA,0.446,2.83,175.37,129.41,0.0,99.11,0.0
Negotiation_30,R5,2026-09-03T06:41:57.530315Z,behavior_monitor,10,589,324,702,833,385,565,521.24,315.34,414.95,system,NA,0.377,2.83,162.58,129.41,0.0,99.11,0.0
Negotiation_30,R5,2026-09-03T06:41:57.903100Z,human_signal,10,538,358,726,833,422,565,510.69,237.1,405.1,human,your_turn,0.317,2.83,136.8,129.41,0.0,99.11,0.0
Negotiation_30,R5,2026-09-03T06:41:57.904479Z,human_signal,10,537,360,728,833,422,565,510.32,234.61,406.75,human,your_turn,0.315,2.83,136.8,129.41,0.0,76.22,5.4
Negotiation_30,R5,2026-09-03T06:41:58.039843Z,behavior_monitor,10,536,379,733,833,436,565,495.54,211.68,400.68,system,NA,0.299,2.83,79.53,0.0,0.0,99.11,0.0
Negotiation_30,R5,2026-09-03T06:41:58.549225Z,behavior_monitor,10,576,451,762,825,487,565,417.9,145.2,378.62,system,NA,0.258,2.83,51.8,129.41,0.0,99.11,0.0
Negotiation_30,R5,2026-09-03T06:41:59.058892Z,behavior_monitor,10,598,529,813,825,538,566,366.8,70.46,378.81,system,NA,0.161,2.83,94.67,0.0,0.0,99.11,0.0
Negotiation_30,R5,2026-09-03T06:41:59.451211Z,shot_miss,10,618,591,845,825,578,584,326.02,40.29,359.63,agent,NA,0.11,2.83,65.44,93.93,0.0,169.61,54.25
Negotiation_30,R5,2026-09-03T06:41:59.568743Z,behavior_monitor,10,626,607,853,825,588,598,315.47,38.44,349.07,system,NA,0.109,2.83,65.44,79.02,0.0,169.61,54.25
Negotiation_30,R5,2026-09-03T06:41:59.770682Z,shot_hit,10,642,637,881,831,610,629,307.88,33.0,338.33,agent,NA,0.097,2.83,43.73,135.9,17.79,169.61,54.25
Negotiation_30,R5,2026-09-03T06:41:59.772124Z,flight_spawn,11,972,-20,881,831,610,629,856.81,743.19,338.33,system,NA,0.464,3.1,130.18,135.9,17.79,169.61,54.25
Negotiation_30,R5,2026-09-03T06:42:01.798253Z,human_signal,11,730,229,897,850,717,565,642.68,336.33,336.92,human,your_turn,0.344,3.1,150.47,0.0,0.0,76.24,180.0
Negotiation_30,R5,2026-09-03T06:42:01.799245Z,behavior_monitor,11,730,229,897,850,717,565,642.68,336.33,336.92,system,NA,0.344,3.1,150.47,0.0,0.0,76.24,180.0
Negotiation_30,R5,2026-09-03T06:42:01.799707Z,human_signal,11,727,231,897,850,717,565,641.9,334.71,336.92,human,your_turn,0.343,3.1,150.47,0.0,0.0,76.24,180.0
Negotiation_30,R5,2026-09-03T06:42:02.306266Z,behavior_monitor,11,641,259,897,850,666,565,643.87,307.03,366.75,system,NA,0.323,3.1,153.05,0.0,0.0,99.11,180.0
Negotiation_30,R5,2026-09-03T06:42:02.781312Z,agent_signal,11,570,310,897,850,619,565,631.29,259.88,398.19,agent,i_can,0.292,3.1,102.55,0.0,0.0,99.11,180.0
Negotiation_30,R5,2026-09-03T06:42:02.815601Z,behavior_monitor,11,569,313,897,850,616,564,629.24,256.15,400.84,system,NA,0.289,3.1,102.55,0.0,0.0,99.11,180.0
Negotiation_30,R5,2026-09-03T06:42:03.327138Z,behavior_monitor,11,550,403,897,850,566,564,565.4,161.87,437.49,system,NA,0.223,3.1,80.25,0.0,0.0,99.11,180.0
Negotiation_30,R5,2026-09-03T06:42:03.837600Z,behavior_monitor,11,567,495,897,850,544,565,484.31,73.54,454.35,system,NA,0.132,3.1,80.25,0.0,0.0,0.0,0.0
Negotiation_30,R5,2026-09-03T06:42:04.075004Z,shot_hit,11,577,541,897,850,553,564,445.07,32.97,446.97,agent,NA,0.069,3.1,80.25,0.0,0.0,99.11,0.0
Negotiation_30,R5,2026-09-03T06:42:04.076160Z,flight_spawn,12,623,-20,897,850,553,564,912.32,588.72,446.97,system,NA,0.392,2.83,135.0,0.0,0.0,99.11,0.0
Negotiation_30,R5,2026-09-03T06:42:06.910301Z,agent_signal,12,596,333,754,850,524,564,539.47,241.55,366.35,agent,i_can,0.309,2.83,27.85,129.41,0.0,76.24,0.0
Negotiation_30,R5,2026-09-03T06:42:06.927830Z,behavior_monitor,12,596,333,754,850,526,564,539.47,241.05,365.3,system,NA,0.309,2.83,27.85,129.41,0.0,99.11,0.0
Negotiation_30,R5,2026-09-03T06:42:07.434005Z,behavior_monitor,12,673,374,820,850,576,564,497.61,213.18,375.13,system,NA,0.3,2.83,43.65,129.41,0.0,99.11,0.0
Negotiation_30,R5,2026-09-03T06:42:07.651002Z,human_signal,12,700,399,848,850,598,564,474.06,193.34,379.8,human,your_turn,0.29,2.83,43.65,129.41,0.0,99.11,0.0
Negotiation_30,R5,2026-09-03T06:42:07.651694Z,human_signal,12,702,401,850,850,598,564,472.19,192.89,381.25,human,your_turn,0.29,2.83,43.65,129.41,0.0,99.11,0.0
Negotiation_30,R5,2026-09-03T06:42:07.937095Z,behavior_monitor,12,736,433,886,850,627,564,442.98,170.94,385.62,system,NA,0.278,2.83,43.65,129.41,0.0,99.11,0.0
Negotiation_30,R5,2026-09-03T06:42:08.448693Z,behavior_monitor,12,779,500,914,850,677,563,374.57,120.84,371.63,system,NA,0.244,2.83,47.04,0.0,0.0,99.11,0.0
Negotiation_30,R5,2026-09-03T06:42:08.957359Z,behavior_monitor,12,803,578,914,850,728,572,292.94,75.36,333.86,system,NA,0.205,2.83,73.03,0.0,0.0,169.61,54.25
Negotiation_30,R5,2026-09-03T06:42:09.467544Z,behavior_monitor,12,804,660,955,852,779,642,243.72,30.63,273.46,system,NA,0.112,2.83,101.15,133.52,14.25,169.61,54.25
Negotiation_30,R5,2026-09-03T06:42:09.553153Z,shot_hit,12,793,674,968,855,777,656,251.46,24.01,275.43,agent,NA,0.087,2.83,149.3,133.61,14.42,137.65,90.0
Negotiation_30,R5,2026-09-03T06:42:09.553957Z,flight_spawn,13,440,-20,968,855,777,656,1022.42,756.01,275.43,system,NA,0.425,3.33,53.14,133.61,14.42,137.65,90.0
Negotiation_30,R5,2026-09-03T06:42:13.706419Z,human_signal,13,1139,315,1150,692,885,566,376.86,357.08,293.4,human,i_can,0.487,3.33,40.34,136.11,-18.39,76.24,0.0
Negotiation_30,R5,2026-09-03T06:42:13.723222Z,behavior_monitor,13,1139,315,1150,692,886,566,376.86,356.39,292.52,system,NA,0.486,3.33,40.34,136.11,-18.39,57.18,0.0
Negotiation_30,R5,2026-09-03T06:42:14.233930Z,behavior_monitor,13,1181,404,1200,656,915,565,252.73,310.14,299.05,system,NA,0.551,3.33,66.87,130.61,-36.39,57.18,0.0
Negotiation_30,R5,2026-09-03T06:42:14.438370Z,agent_signal,13,1198,444,1213,634,927,565,190.74,297.36,294.39,agent,your_turn,0.609,3.33,66.87,135.71,-60.02,57.18,0.0
Negotiation_30,R5,2026-09-03T06:42:14.745310Z,behavior_monitor,13,1224,495,1236,601,944,565,106.94,288.75,294.05,system,NA,0.73,3.33,45.06,141.03,-54.13,57.18,0.0
Negotiation_30,R5,2026-09-03T06:42:14.915161Z,shot_miss,13,1256,504,1250,582,954,565,78.42,308.59,296.96,human,NA,0.797,3.33,0.94,141.66,-53.07,57.18,0.0
Negotiation_30,R5,2026-09-03T06:42:15.154939Z,shot_miss,13,1303,511,1269,556,968,565,56.71,339.9,301.24,human,NA,0.857,3.33,8.52,141.01,-44.04,57.18,0.0
Negotiation_30,R5,2026-09-03T06:42:15.259847Z,behavior_monitor,13,1322,516,1280,547,970,565,51.97,355.87,311.15,system,NA,0.873,3.33,32.57,141.58,-35.55,0.0,0.0
Negotiation_30,R5,2026-09-03T06:42:15.770053Z,behavior_monitor,13,1406,570,1338,541,970,565,74.39,436.63,368.94,system,NA,0.854,3.33,32.57,129.1,59.35,0.0,0.0
Negotiation_30,R5,2026-09-03T06:42:16.279392Z,behavior_monitor,13,1432,636,1365,605,992,598,73.39,441.46,373.19,system,NA,0.857,2.96,135.22,138.78,63.41,130.47,54.25
Negotiation_30,R5,2026-09-03T06:42:16.688192Z,shot_hit,13,1373,670,1387,657,1023,641,19.41,350.74,363.94,human,NA,0.948,2.96,163.21,134.35,74.41,130.47,54.25
Negotiation_30,R5,2026-09-03T06:42:16.688820Z,flight_spawn,14,759,-20,1387,657,1023,641,923.57,712.46,363.94,system,NA,0.435,2.83,45.0,134.35,74.41,130.47,54.25
Negotiation_30,R5,2026-09-03T06:42:19.731383Z,agent_signal,14,937,311,1156,763,915,565,502.18,254.34,312.79,agent,i_can,0.336,2.83,84.4,0.0,180.0,76.24,0.0
Negotiation_30,R5,2026-09-03T06:42:19.748516Z,behavior_monitor,14,937,311,1156,763,915,565,502.18,254.34,312.79,system,NA,0.336,2.83,84.4,0.0,180.0,0.0,0.0
Negotiation_30,R5,2026-09-03T06:42:20.259739Z,behavior_monitor,14,913,392,1146,774,896,565,447.87,173.97,326.11,system,NA,0.28,2.83,113.41,0.0,122.63,99.11,180.0
Negotiation_30,R5,2026-09-03T06:42:20.768151Z,behavior_monitor,14,850,442,1146,774,847,565,445.53,123.5,364.64,system,NA,0.217,2.83,137.87,0.0,122.63,99.11,180.0
Negotiation_30,R5,2026-09-03T06:42:20.990475Z,human_signal,14,832,473,1122,781,825,565,423.17,92.3,366.77,human,your_turn,0.179,2.83,110.74,137.66,155.36,99.11,180.0
Negotiation_30,R5,2026-09-03T06:42:20.991215Z,human_signal,14,831,476,1120,782,825,565,421.52,89.59,365.79,human,your_turn,0.175,2.83,110.74,137.66,155.36,99.11,180.0
Negotiation_30,R5,2026-09-03T06:42:21.279493Z,behavior_monitor,14,814,518,1089,804,797,565,397.14,50.28,378.09,system,NA,0.112,2.83,110.74,109.63,133.44,99.11,180.0
Negotiation_30,R5,2026-09-03T06:42:21.448188Z,shot_hit,14,804,547,1088,805,786,565,384.43,24.89,385.84,agent,NA,0.061,2.83,110.74,0.0,132.94,0.0,180.0
Negotiation_30,R5,2026-09-03T06:42:21.449024Z,flight_spawn,15,62,-20,1088,805,786,565,1317.35,931.52,385.84,system,NA,0.414,3.22,128.43,0.0,132.94,0.0,180.0
Negotiation_30,R5,2026-09-03T06:42:24.886773Z,agent_signal,15,90,363,698,874,566,566,794.48,517.75,335.25,agent,i_can,0.395,2.21,123.11,134.72,163.87,76.24,180.0
Negotiation_30,R5,2026-09-03T06:42:24.903351Z,behavior_monitor,15,90,363,698,874,565,566,794.48,516.2,335.91,system,NA,0.394,2.21,123.11,134.72,163.87,99.11,180.0
Negotiation_30,R5,2026-09-03T06:42:25.413710Z,behavior_monitor,15,40,410,632,893,514,565,764.22,498.69,348.21,system,NA,0.395,2.21,129.08,143.12,163.89,105.3,180.0
Negotiation_30,R5,2026-09-03T06:42:25.923281Z,behavior_monitor,15,23,463,566,910,464,565,702.87,451.91,359.17,system,NA,0.391,1.91,93.9,129.41,180.0,99.11,180.0
Negotiation_30,R5,2026-09-03T06:42:26.434687Z,behavior_monitor,15,20,515,500,910,413,565,621.71,396.19,355.37,system,NA,0.389,1.66,76.0,129.41,180.0,99.11,180.0
Negotiation_30,R5,2026-09-03T06:42:26.943139Z,behavior_monitor,15,37,561,434,910,363,565,529.08,326.0,351.84,system,NA,0.381,1.66,27.34,129.41,180.0,99.11,180.0
Negotiation_30,R5,2026-09-03T06:42:27.452077Z,behavior_monitor,15,77,592,372,910,311,587,432.62,234.12,328.46,system,NA,0.351,1.66,43.37,62.99,180.0,93.6,180.0
Negotiation_30,R5,2026-09-03T06:42:27.809789Z,human_signal,15,100,618,334,910,276,613,374.29,175.67,302.38,human,your_turn,0.319,1.66,71.13,124.98,180.0,99.11,180.0
Negotiation_30,R5,2026-09-03T06:42:27.810948Z,human_signal,15,100,619,332,910,276,613,372.36,175.51,302.93,human,your_turn,0.32,1.66,71.13,124.98,180.0,169.61,125.75
Negotiation_30,R5,2026-09-03T06:42:27.961991Z,behavior_monitor,15,104,632,315,910,261,627,349.31,157.04,287.86,system,NA,0.31,1.66,71.13,122.98,180.0,169.61,125.75
Negotiation_30,R5,2026-09-03T06:42:28.472863Z,behavior_monitor,15,119,675,253,910,210,672,269.57,90.37,241.73,system,NA,0.251,1.66,46.2,115.0,180.0,169.61,125.75
Negotiation_30,R5,2026-09-03T06:42:28.966904Z,shot_hit,15,168,692,246,910,159,688,230.94,9.48,237.69,agent,NA,0.039,1.66,9.37,0.0,180.0,169.61,125.75
Negotiation_30,R5,2026-09-03T06:42:28.967953Z,flight_spawn,16,789,-20,246,910,159,688,1077.06,948.01,237.69,system,NA,0.468,2.83,135.0,0.0,180.0,169.61,125.75
Negotiation_30,R5,2026-09-03T06:42:33.309324Z,agent_signal,16,1070,488,753,892,441,564,512.97,633.67,452.59,agent,your_turn,0.553,2.83,159.44,129.41,0.0,76.24,0.0
Negotiation_30,R5,2026-09-03T06:42:33.326127Z,behavior_monitor,16,1070,488,753,892,442,565,512.97,632.32,451.28,system,NA,0.552,2.83,159.44,129.41,0.0,87.92,18.03
Negotiation_30,R5,2026-09-03T06:42:33.836567Z,behavior_monitor,16,999,534,812,864,471,565,379.45,528.89,453.54,system,NA,0.582,2.83,134.37,141.33,-41.8,57.18,0.0
Negotiation_30,R5,2026-09-03T06:42:34.348711Z,behavior_monitor,16,969,605,862,824,485,565,243.91,485.49,457.56,system,NA,0.666,2.83,81.55,84.95,-59.82,0.0,-145.51
Negotiation_30,R5,2026-09-03T06:42:34.450480Z,human_signal,16,973,624,874,820,484,565,219.57,492.73,465.73,human,i_can,0.692,2.83,81.55,129.41,0.0,0.0,175.44
Negotiation_30,R5,2026-09-03T06:42:34.859223Z,behavior_monitor,16,981,689,925,820,508,597,143.14,482.15,472.66,system,NA,0.771,2.83,109.13,129.41,0.0,97.85,54.25
Negotiation_30,R5,2026-09-03T06:42:35.369118Z,behavior_monitor,16,915,735,943,818,529,626,87.34,401.27,456.49,system,NA,0.821,2.83,119.52,129.41,180.0,0.0,17.05
Negotiation_30,R5,2026-09-03T06:42:35.881459Z,behavior_monitor,16,847,778,877,832,529,626,61.48,353.03,404.72,system,NA,0.852,2.83,166.85,135.95,162.16,0.0,17.05
Negotiation_30,R5,2026-09-03T06:42:36.392971Z,behavior_monitor,16,768,808,811,857,561,669,65.5,249.6,313.41,system,NA,0.792,2.83,173.83,131.07,158.82,123.22,54.25
Negotiation_30,R5,2026-09-03T06:42:36.902955Z,behavior_monitor,16,715,861,745,883,599,723,37.22,180.39,216.59,system,NA,0.829,2.83,122.63,138.78,158.82,130.47,54.25
Negotiation_30,R5,2026-09-03T06:42:37.173375Z,shot_hit,16,690,899,710,897,619,751,20.09,163.96,170.94,human,NA,0.891,2.83,122.63,138.78,158.82,130.47,54.25
Negotiation_30,R5,2026-09-03T06:42:37.174580Z,flight_spawn,17,728,-20,710,897,619,751,917.21,779.55,170.94,system,NA,0.459,2.83,45.0,138.78,158.82,130.47,54.25
Negotiation_30,R5,2026-09-03T06:42:44.460642Z,agent_signal,17,1261,485,1335,790,1134,566,314.39,151.15,301.61,agent,i_can,0.325,1.81,160.79,67.97,52.24,84.29,17.27
Negotiation_30,R5,2026-09-03T06:42:44.477620Z,behavior_monitor,17,1261,485,1335,790,1135,566,314.39,149.73,300.49,system,NA,0.323,1.81,160.79,75.37,53.98,99.11,0.0
Negotiation_30,R5,2026-09-03T06:42:44.579493Z,human_signal,17,1251,488,1341,800,1145,566,324.6,131.45,304.88,human,your_turn,0.288,1.81,160.79,125.16,63.27,99.11,0.0
Negotiation_30,R5,2026-09-03T06:42:44.580151Z,human_signal,17,1249,489,1341,802,1145,566,326.76,129.3,306.57,human,your_turn,0.284,1.81,160.79,125.16,63.27,83.04,18.01
Negotiation_30,R5,2026-09-03T06:42:44.987332Z,behavior_monitor,17,1209,502,1308,840,1186,566,351.46,67.94,299.54,system,NA,0.162,1.81,160.79,141.27,156.36,99.11,0.0
Negotiation_30,R5,2026-09-03T06:42:45.411917Z,shot_miss,17,1163,516,1250,857,1149,566,352.25,52.35,308.1,agent,NA,0.129,1.81,177.7,133.56,165.69,99.11,180.0
Negotiation_30,R5,2026-09-03T06:42:45.497101Z,behavior_monitor,17,1155,516,1242,859,1142,566,353.79,51.89,309.54,system,NA,0.128,1.81,177.7,133.5,165.79,99.11,180.0
Negotiation_30,R5,2026-09-03T06:42:45.717689Z,shot_miss,17,1132,517,1211,861,1118,566,352.76,50.88,308.88,agent,NA,0.126,1.81,177.7,129.41,180.0,99.11,180.0
Negotiation_30,R5,2026-09-03T06:42:46.005093Z,behavior_monitor,17,1104,525,1176,861,1091,566,343.41,43.21,306.51,system,NA,0.112,1.81,162.28,122.22,180.0,93.6,180.0
Negotiation_30,R5,2026-09-03T06:42:46.056356Z,shot_miss,17,1099,527,1167,861,1085,566,340.56,41.56,305.95,agent,NA,0.109,1.81,162.28,129.41,180.0,99.11,180.0
Negotiation_30,R5,2026-09-03T06:42:46.514264Z,behavior_monitor,17,1054,537,1110,861,1040,566,328.83,32.75,302.6,system,NA,0.091,1.81,174.04,129.41,180.0,99.11,180.0
Negotiation_30,R5,2026-09-03T06:42:47.024349Z,behavior_monitor,17,1010,558,1044,861,993,566,304.74,18.7,298.85,system,NA,0.058,1.81,147.44,129.41,180.0,99.11,180.0
Negotiation_30,R5,2026-09-03T06:42:47.533844Z,behavior_monitor,17,955,575,1020,861,944,571,293.1,11.26,299.64,system,NA,0.037,1.81,167.33,0.0,180.0,99.11,180.0
Negotiation_30,R5,2026-09-03T06:42:47.772834Z,shot_hit,17,930,581,1020,861,918,576,293.82,13.59,303.13,agent,NA,0.044,1.81,167.78,0.0,180.0,99.11,180.0
Negotiation_30,R5,2026-09-03T06:42:47.773423Z,flight_spawn,18,137,-20,1020,861,918,576,1247.96,982.73,303.13,system,NA,0.441,2.83,135.0,0.0,180.0,99.11,180.0
Negotiation_30,R5,2026-09-03T06:42:54.033508Z,agent_signal,18,101,424,347,881,498,566,519.26,421.95,349.58,agent,i_can,0.448,1.43,45.82,0.0,180.0,76.24,180.0
Negotiation_30,R5,2026-09-03T06:42:54.049344Z,behavior_monitor,18,101,424,347,881,497,566,519.26,420.36,348.85,system,NA,0.447,1.43,45.82,0.0,180.0,105.3,180.0
Negotiation_30,R5,2026-09-03T06:42:54.561744Z,behavior_monitor,18,106,464,347,881,446,566,481.88,355.26,330.28,system,NA,0.424,1.43,99.95,0.0,180.0,99.11,180.0
Negotiation_30,R5,2026-09-03T06:42:54.799342Z,human_signal,18,110,483,347,881,423,566,462.97,323.25,323.95,human,your_turn,0.411,1.43,76.5,0.0,180.0,99.11,180.0
Negotiation_30,R5,2026-09-03T06:42:54.799963Z,human_signal,18,110,485,347,881,423,566,461.73,322.83,323.95,human,your_turn,0.411,1.43,76.5,0.0,180.0,105.3,180.0
Negotiation_30,R5,2026-09-03T06:42:55.072374Z,behavior_monitor,18,122,503,347,881,396,566,440.28,280.85,318.71,system,NA,0.389,1.43,51.85,0.0,180.0,99.11,180.0
Negotiation_30,R5,2026-09-03T06:42:55.576857Z,behavior_monitor,18,161,516,347,881,345,565,409.84,190.03,316.0,system,NA,0.317,1.43,28.88,0.0,180.0,99.11,180.0
Negotiation_30,R5,2026-09-03T06:42:56.093211Z,behavior_monitor,18,199,533,347,881,292,564,378.7,98.84,321.67,system,NA,0.207,1.43,4.84,0.0,180.0,99.11,180.0
Negotiation_30,R5,2026-09-03T06:42:56.467665Z,shot_hit,18,234,540,347,881,254,564,359.77,31.45,330.42,agent,NA,0.08,1.43,36.67,0.0,180.0,99.11,180.0
Negotiation_30,R5,2026-09-03T06:42:56.468852Z,flight_spawn,19,627,-20,347,881,254,564,944.34,693.7,330.42,system,NA,0.423,3.01,48.38,0.0,180.0,99.11,180.0
Negotiation_30,R5,2026-09-03T06:42:58.570654Z,agent_signal,19,760,312,539,881,376,564,611.17,459.49,357.13,agent,i_can,0.429,3.01,75.45,129.41,0.0,0.0,0.0
Negotiation_30,R5,2026-09-03T06:42:58.587391Z,behavior_monitor,19,760,312,539,881,377,564,611.17,458.08,356.37,system,NA,0.428,3.01,75.45,129.41,0.0,99.11,0.0
Negotiation_30,R5,2026-09-03T06:42:59.093591Z,behavior_monitor,19,819,374,605,881,428,564,550.2,434.14,363.62,system,NA,0.441,3.01,26.19,129.41,0.0,99.11,0.0
Negotiation_30,R5,2026-09-03T06:42:59.600680Z,behavior_monitor,19,905,393,671,881,479,563,541.84,459.13,371.23,system,NA,0.459,3.01,27.22,137.5,0.0,105.3,0.0
Negotiation_30,R5,2026-09-03T06:43:00.111827Z,behavior_monitor,19,984,431,737,881,529,564,514.18,474.72,379.24,system,NA,0.48,3.01,4.79,129.41,0.0,99.11,0.0
Negotiation_30,R5,2026-09-03T06:43:00.622783Z,behavior_monitor,19,1068,463,803,881,579,564,495.2,499.51,387.74,system,NA,0.502,3.01,25.69,129.41,0.0,99.11,0.0
Negotiation_30,R5,2026-09-03T06:43:00.995400Z,human_signal,19,1134,479,853,881,616,565,490.41,525.31,395.83,human,i_can,0.517,3.01,25.22,129.41,0.0,99.11,0.0
Negotiation_30,R5,2026-09-03T06:43:01.132019Z,behavior_monitor,19,1155,488,869,881,623,565,486.06,536.51,400.45,system,NA,0.525,3.01,25.22,129.41,0.0,57.18,0.0
Negotiation_30,R5,2026-09-03T06:43:01.640523Z,behavior_monitor,19,1235,527,935,881,652,564,464.73,584.07,424.88,system,NA,0.557,3.01,25.22,129.41,0.0,57.18,0.0
Negotiation_30,R5,2026-09-03T06:43:01.759032Z,agent_signal,19,1259,529,950,881,659,564,468.78,600.75,430.68,agent,your_turn,0.562,3.01,1.39,137.5,0.0,60.75,0.0
Negotiation_30,R5,2026-09-03T06:43:02.151640Z,behavior_monitor,19,1318,552,1001,881,681,564,457.5,636.83,450.25,system,NA,0.582,3.01,28.42,129.41,0.0,57.18,0.0
Negotiation_30,R5,2026-09-03T06:43:02.660244Z,behavior_monitor,19,1369,625,1067,881,692,569,396.39,679.26,487.24,system,NA,0.631,3.01,56.9,129.41,0.0,0.0,54.25
Negotiation_30,R5,2026-09-03T06:43:03.170620Z,behavior_monitor,19,1425,692,1133,881,691,569,348.27,743.73,540.35,system,NA,0.681,3.01,31.75,129.41,0.0,0.0,-134.66
Negotiation_30,R5,2026-09-03T06:43:03.679383Z,behavior_monitor,19,1418,740,1199,881,717,603,261.54,714.67,556.31,system,NA,0.732,2.21,134.11,129.41,0.0,130.47,54.25
Negotiation_30,R5,2026-09-03T06:43:04.188867Z,behavior_monitor,19,1364,781,1260,881,756,657,145.37,620.82,551.37,system,NA,0.81,2.21,157.61,52.9,0.0,130.47,54.25
Negotiation_30,R5,2026-09-03T06:43:04.698144Z,behavior_monitor,19,1313,824,1282,870,766,671,55.73,567.9,552.23,system,NA,0.911,2.21,128.84,125.53,-141.79,130.47,54.25
Negotiation_30,R5,2026-09-03T06:43:04.989050Z,shot_hit,19,1289,853,1305,866,789,701,20.48,522.71,541.93,human,NA,0.962,2.21,128.84,127.49,0.0,130.47,54.25
Negotiation_30,R5,2026-09-03T06:43:04.990138Z,flight_spawn,20,865,-20,1305,866,789,701,989.46,726.0,541.93,system,NA,0.423,2.83,45.0,127.49,0.0,130.47,54.25
Negotiation_30,R5,2026-09-03T06:43:07.684449Z,agent_signal,20,1151,308,1105,866,967,566,559.82,316.67,329.94,agent,i_can,0.361,2.83,45.11,0.0,0.0,76.24,0.0
Negotiation_30,R5,2026-09-03T06:43:07.702001Z,behavior_monitor,20,1151,308,1105,866,969,566,559.82,315.69,329.24,system,NA,0.361,2.83,45.11,0.0,0.0,99.11,0.0
Negotiation_30,R5,2026-09-03T06:43:08.159935Z,human_signal,20,1208,357,1105,866,1015,566,518.97,284.44,313.17,human,your_turn,0.354,2.83,43.62,0.0,0.0,99.11,0.0
Negotiation_30,R5,2026-09-03T06:43:08.160726Z,human_signal,20,1210,359,1105,866,1015,566,517.51,284.54,313.17,human,your_turn,0.355,2.83,43.62,0.0,0.0,99.11,0.0
Negotiation_30,R5,2026-09-03T06:43:08.210614Z,behavior_monitor,20,1215,363,1105,866,1020,566,514.6,281.24,311.75,system,NA,0.353,2.83,43.62,0.0,0.0,99.11,0.0
Negotiation_30,R5,2026-09-03T06:43:08.720748Z,behavior_monitor,20,1267,424,1105,866,1071,566,470.46,242.1,301.87,system,NA,0.34,2.83,41.57,0.0,0.0,99.11,0.0
Negotiation_30,R5,2026-09-03T06:43:09.230030Z,behavior_monitor,20,1346,446,1105,866,1121,566,484.31,255.28,300.29,system,NA,0.345,2.83,8.58,0.0,0.0,99.11,0.0
Negotiation_30,R5,2026-09-03T06:43:09.743747Z,behavior_monitor,20,1428,459,1105,866,1172,566,519.81,277.72,307.49,system,NA,0.348,2.83,8.58,0.0,0.0,99.11,0.0
Negotiation_30,R5,2026-09-03T06:43:10.252753Z,behavior_monitor,20,1417,482,1105,866,1224,565,494.46,210.63,322.94,system,NA,0.299,1.73,140.59,0.0,0.0,128.82,5.13
Negotiation_30,R5,2026-09-03T06:43:10.762631Z,behavior_monitor,20,1381,515,1105,866,1274,566,446.2,118.27,344.26,system,NA,0.21,1.73,140.59,0.0,0.0,99.11,0.0
Negotiation_30,R5,2026-09-03T06:43:11.271835Z,behavior_monitor,20,1341,548,1105,866,1320,566,395.66,28.11,368.23,system,NA,0.066,1.73,140.59,0.0,0.0,0.0,82.37
Negotiation_30,R5,2026-09-03T06:43:11.306228Z,shot_hit,20,1338,551,1105,866,1320,566,391.41,23.92,368.23,agent,NA,0.058,1.73,140.59,0.0,0.0,0.0,82.37
Negotiation_30,R6,2026-09-03T06:43:17.605869Z,flight_spawn,1,1139,-20,1105,866,1320,566,887.06,613.96,368.23,system,NA,0.409,2.85,45.47,0.0,0.0,0.0,82.37
Negotiation_30,R6,2026-09-03T06:43:22.799040Z,agent_signal,1,1195,309,1179,768,476,602,459.17,776.4,721.83,agent,your_turn,0.628,2.85,122.39,0.0,21.84,130.47,-54.25
Negotiation_30,R6,2026-09-03T06:43:22.815570Z,behavior_monitor,1,1195,309,1179,768,477,601,459.17,774.99,721.19,system,NA,0.628,2.85,122.39,0.0,21.84,97.85,-54.25
Negotiation_30,R6,2026-09-03T06:43:23.324144Z,behavior_monitor,1,1178,391,1150,756,506,566,366.86,694.61,671.12,system,NA,0.654,2.85,69.94,135.48,-154.39,57.18,0.0
Negotiation_30,R6,2026-09-03T06:43:23.461000Z,human_signal,1,1188,415,1134,747,514,566,336.67,691.08,646.52,human,i_can,0.672,2.85,69.94,100.83,-142.37,57.18,0.0
Negotiation_30,R6,2026-09-03T06:43:23.834341Z,behavior_monitor,1,1207,471,1134,708,536,566,248.05,677.82,615.01,system,NA,0.732,2.85,69.94,144.06,-47.25,57.18,0.0
Negotiation_30,R6,2026-09-03T06:43:24.345240Z,behavior_monitor,1,1203,555,1192,666,558,566,111.84,645.68,641.89,system,NA,0.852,2.85,98.07,140.51,-32.65,0.0,0.0
Negotiation_30,R6,2026-09-03T06:43:24.821934Z,shot_hit,1,1174,623,1175,614,558,566,9.25,618.62,619.22,human,NA,0.985,2.85,98.54,137.95,-143.39,0.0,0.0
Negotiation_30,R6,2026-09-03T06:43:24.822970Z,flight_spawn,2,512,-20,1175,614,558,566,917.62,588.34,619.22,system,NA,0.391,2.83,135.0,137.95,-143.39,0.0,0.0
Negotiation_30,R6,2026-09-03T06:43:26.181518Z,human_signal,2,452,174,1056,625,484,566,753.83,393.03,575.17,human,your_turn,0.343,2.83,87.3,0.0,90.0,76.24,180.0
Negotiation_30,R6,2026-09-03T06:43:26.182591Z,behavior_monitor,2,452,174,1056,625,484,566,753.83,393.03,575.17,system,NA,0.343,2.83,87.3,0.0,90.0,76.24,180.0
Negotiation_30,R6,2026-09-03T06:43:26.182830Z,human_signal,2,452,177,1056,625,484,566,751.85,390.18,575.17,human,your_turn,0.342,2.83,87.3,0.0,90.0,76.24,180.0
Negotiation_30,R6,2026-09-03T06:43:26.694879Z,behavior_monitor,2,438,257,1056,625,433,566,719.44,309.04,625.83,system,NA,0.3,2.83,102.09,0.0,90.0,99.11,180.0
Negotiation_30,R6,2026-09-03T06:43:27.101331Z,agent_signal,2,406,317,1056,625,393,566,719.55,249.0,666.1,agent,i_can,0.257,2.83,156.5,0.0,90.0,99.11,180.0
Negotiation_30,R6,2026-09-03T06:43:27.203533Z,behavior_monitor,2,392,323,1056,625,383,566,729.68,243.2,676.17,system,NA,0.25,2.83,156.5,0.0,90.0,99.11,180.0
Negotiation_30,R6,2026-09-03T06:43:27.714797Z,behavior_monitor,2,330,380,1056,625,333,565,766.24,185.79,725.91,system,NA,0.195,2.83,152.33,0.0,90.0,99.11,180.0
Negotiation_30,R6,2026-09-03T06:43:28.227353Z,behavior_monitor,2,252,419,1056,625,282,565,830.21,149.24,776.26,system,NA,0.152,2.83,152.33,0.0,90.0,99.11,180.0
Negotiation_30,R6,2026-09-03T06:43:28.737784Z,behavior_monitor,2,252,499,1056,625,235,565,813.91,68.86,823.72,system,NA,0.078,2.83,90.19,0.0,90.0,0.0,180.0
Negotiation_30,R6,2026-09-03T06:43:29.061878Z,shot_hit,2,249,555,1056,625,233,565,809.89,19.18,825.4,agent,NA,0.023,2.83,90.19,0.0,90.0,0.0,180.0
Negotiation_30,R6,2026-09-03T06:43:29.062908Z,flight_spawn,3,849,-20,1056,625,233,565,677.71,849.8,825.4,system,NA,0.556,2.83,135.0,0.0,90.0,0.0,180.0
Negotiation_30,R6,2026-09-03T06:43:33.038882Z,agent_signal,3,427,403,1056,493,415,565,636.13,163.06,645.2,agent,i_can,0.204,2.83,124.29,43.21,90.0,76.24,180.0
Negotiation_30,R6,2026-09-03T06:43:33.055854Z,behavior_monitor,3,427,403,1056,493,414,565,636.13,163.18,646.87,system,NA,0.204,2.83,124.29,85.6,90.0,99.11,180.0
Negotiation_30,R6,2026-09-03T06:43:33.558932Z,behavior_monitor,3,395,479,1054,512,378,566,659.74,87.94,678.06,system,NA,0.118,2.83,122.77,0.0,119.24,105.3,180.0
Negotiation_30,R6,2026-09-03T06:43:33.625684Z,human_signal,3,387,491,1054,512,373,566,667.43,75.67,683.1,human,i_can,0.102,2.83,122.77,0.0,119.24,0.0,180.0
Negotiation_30,R6,2026-09-03T06:43:33.913657Z,human_signal,3,367,532,1054,512,357,566,687.04,35.76,699.22,human,your_turn,0.049,2.83,123.84,0.0,119.24,57.18,180.0
Negotiation_30,R6,2026-09-03T06:43:33.914814Z,human_signal,3,365,534,1054,512,357,566,689.27,32.91,699.22,human,your_turn,0.046,2.83,123.84,0.0,119.24,57.18,180.0
Negotiation_30,R6,2026-09-03T06:43:33.915239Z,shot_hit,3,365,534,1054,512,355,566,689.27,33.37,700.9,agent,NA,0.046,2.83,123.84,0.0,119.24,57.18,180.0
Negotiation_30,R6,2026-09-03T06:43:33.915474Z,flight_spawn,4,728,-20,1054,512,355,566,624.6,694.6,700.9,system,NA,0.527,3.17,50.91,0.0,119.24,57.18,180.0
Negotiation_30,R6,2026-09-03T06:43:35.786772Z,agent_signal,4,793,312,1053,513,473,567,328.62,408.81,582.78,agent,your_turn,0.554,3.17,78.54,0.0,119.24,76.24,0.0
Negotiation_30,R6,2026-09-03T06:43:35.803475Z,behavior_monitor,4,793,312,1053,513,474,567,328.62,408.05,581.81,system,NA,0.554,3.17,78.54,63.71,137.43,57.18,0.0
Negotiation_30,R6,2026-09-03T06:43:36.314105Z,behavior_monitor,4,848,383,1002,556,503,566,231.77,390.4,499.1,system,NA,0.627,3.17,27.36,138.96,136.41,57.18,0.0
Negotiation_30,R6,2026-09-03T06:43:36.825785Z,behavior_monitor,4,934,427,964,561,517,566,137.12,440.08,447.2,system,NA,0.762,3.17,27.36,72.32,180.0,0.0,-97.58
Negotiation_30,R6,2026-09-03T06:43:36.945229Z,human_signal,4,956,439,964,558,516,566,119.04,457.54,447.52,human,i_can,0.794,3.17,50.96,33.67,-90.0,16.66,-177.38
Negotiation_30,R6,2026-09-03T06:43:37.336606Z,behavior_monitor,4,983,500,991,521,539,566,22.8,448.78,454.69,system,NA,0.952,3.17,103.43,140.27,-46.01,57.18,0.0
Negotiation_30,R6,2026-09-03T06:43:37.354003Z,shot_hit,4,982,503,993,520,540,566,19.68,446.6,455.54,human,NA,0.958,3.17,103.43,140.27,-46.01,57.18,0.0
Negotiation_30,R6,2026-09-03T06:43:37.354451Z,flight_spawn,5,736,-20,993,520,540,566,598.21,618.65,455.54,system,NA,0.508,2.83,135.0,140.27,-46.01,57.18,0.0
Negotiation_30,R6,2026-09-03T06:43:40.194193Z,human_signal,5,447,303,1012,520,511,565,605.35,270.02,503.54,human,your_turn,0.308,2.83,155.78,0.0,45.85,76.24,180.0
Negotiation_30,R6,2026-09-03T06:43:40.195226Z,behavior_monitor,5,447,303,1012,520,511,565,605.35,270.02,503.54,system,NA,0.308,2.83,155.78,0.0,45.85,76.24,180.0
Negotiation_30,R6,2026-09-03T06:43:40.195657Z,human_signal,5,444,304,1012,520,511,565,607.44,269.54,503.54,human,your_turn,0.307,2.83,155.78,0.0,45.85,76.24,180.0
Negotiation_30,R6,2026-09-03T06:43:40.245258Z,agent_signal,5,437,307,1012,520,506,565,612.99,266.72,508.57,agent,i_can,0.303,2.83,155.78,0.0,45.85,93.6,180.0
Negotiation_30,R6,2026-09-03T06:43:40.704942Z,behavior_monitor,5,370,338,1012,520,460,566,667.65,245.09,554.4,system,NA,0.269,2.83,155.78,0.0,45.85,120.17,173.08
Negotiation_30,R6,2026-09-03T06:43:41.180580Z,human_signal,5,296,364,1008,520,413,566,728.67,233.31,596.62,human,your_turn,0.243,2.83,174.55,52.36,180.0,99.11,180.0
Negotiation_30,R6,2026-09-03T06:43:41.181203Z,human_signal,5,293,364,1006,520,413,566,730.15,234.61,595.18,human,your_turn,0.243,2.83,174.55,82.39,180.0,99.11,180.0
Negotiation_30,R6,2026-09-03T06:43:41.214756Z,behavior_monitor,5,289,364,1004,520,409,566,731.66,234.45,596.9,system,NA,0.243,2.83,174.55,112.31,180.0,114.24,175.35
Negotiation_30,R6,2026-09-03T06:43:41.726965Z,behavior_monitor,5,201,373,972,520,359,565,785.13,248.81,615.53,system,NA,0.241,2.83,174.55,0.0,180.0,99.11,180.0
Negotiation_30,R6,2026-09-03T06:43:42.238586Z,behavior_monitor,5,115,385,914,520,308,565,810.29,263.83,607.39,system,NA,0.246,2.83,162.08,129.41,180.0,99.11,180.0
Negotiation_30,R6,2026-09-03T06:43:42.747578Z,behavior_monitor,5,25,395,848,520,257,565,831.93,287.57,592.31,system,NA,0.257,2.83,162.51,127.28,180.0,99.11,180.0
Negotiation_30,R6,2026-09-03T06:43:43.260068Z,behavior_monitor,5,60,430,843,520,207,565,788.62,199.7,638.23,system,NA,0.202,1.83,22.93,0.0,180.0,99.11,180.0
Negotiation_30,R6,2026-09-03T06:43:43.769756Z,behavior_monitor,5,114,444,876,502,154,565,764.34,128.1,724.05,system,NA,0.144,1.83,20.19,137.74,-26.47,99.11,180.0
Negotiation_30,R6,2026-09-03T06:43:44.279194Z,behavior_monitor,5,169,456,928,477,145,565,759.65,111.37,787.74,system,NA,0.128,1.83,28.33,0.0,-21.8,99.11,0.0
Negotiation_30,R6,2026-09-03T06:43:44.787865Z,behavior_monitor,5,197,502,928,477,174,565,731.96,67.08,759.32,system,NA,0.084,1.83,79.47,0.0,-21.8,0.0,0.0
Negotiation_30,R6,2026-09-03T06:43:45.009348Z,shot_miss,5,188,524,928,477,172,565,741.32,44.04,761.26,agent,NA,0.056,1.83,129.85,0.0,-21.8,0.0,146.27
Negotiation_30,R6,2026-09-03T06:43:45.281078Z,shot_hit,5,171,546,928,477,155,565,760.24,24.44,778.34,agent,NA,0.031,1.83,129.85,0.0,-21.8,99.11,180.0
Negotiation_30,R6,2026-09-03T06:43:45.282254Z,flight_spawn,6,1028,-20,928,477,155,565,507.65,1051.43,778.34,system,NA,0.674,3.25,127.95,0.0,-21.8,99.11,180.0
Negotiation_30,R6,2026-09-03T06:43:47.166224Z,human_signal,6,1117,263,1024,426,275,565,187.16,894.73,762.01,human,i_can,0.827,3.25,26.95,136.5,20.63,76.24,0.0
Negotiation_30,R6,2026-09-03T06:43:47.182374Z,behavior_monitor,6,1117,263,1024,426,276,565,187.16,893.81,761.06,system,NA,0.827,3.25,26.95,136.73,21.11,57.18,0.0
Negotiation_30,R6,2026-09-03T06:43:47.693734Z,behavior_monitor,6,1212,295,1088,452,304,565,199.36,947.02,792.52,system,NA,0.826,3.25,24.19,136.72,22.03,0.0,0.0
Negotiation_30,R6,2026-09-03T06:43:47.864351Z,agent_signal,6,1244,308,1112,461,304,565,201.74,974.08,814.7,agent,your_turn,0.828,3.25,27.62,136.72,22.03,0.0,0.0
Negotiation_30,R6,2026-09-03T06:43:48.203237Z,behavior_monitor,6,1301,319,1153,478,304,565,217.02,1026.74,853.47,system,NA,0.826,3.25,2.08,136.72,22.03,0.0,0.0
Negotiation_30,R6,2026-09-03T06:43:48.509719Z,human_signal,6,1361,325,1194,494,309,565,237.75,1078.98,887.89,human,i_can,0.819,3.25,19.58,136.72,22.03,57.18,0.0
Negotiation_30,R6,2026-09-03T06:43:48.713688Z,behavior_monitor,6,1386,349,1218,503,321,565,228.28,1087.43,899.28,system,NA,0.826,3.25,49.2,135.14,19.0,57.18,0.0
Negotiation_30,R6,2026-09-03T06:43:49.222449Z,behavior_monitor,6,1443,402,1284,509,350,565,191.88,1105.26,935.62,system,NA,0.852,2.26,120.1,129.41,0.0,57.18,0.0
Negotiation_30,R6,2026-09-03T06:43:49.732718Z,behavior_monitor,6,1405,456,1343,517,353,565,87.52,1058.27,991.48,system,NA,0.924,2.26,120.16,0.0,14.99,0.0,0.0
Negotiation_30,R6,2026-09-03T06:43:50.105307Z,shot_hit,6,1400,502,1379,506,368,565,20.7,1033.29,1012.72,human,NA,0.98,2.26,78.12,76.41,-40.35,76.24,0.0
Negotiation_30,R6,2026-09-03T06:43:50.105949Z,flight_spawn,7,931,-20,1379,506,368,565,691.57,811.84,1012.72,system,NA,0.54,3.23,51.77,76.41,-40.35,76.24,0.0
Negotiation_30,R6,2026-09-03T06:43:53.589381Z,human_signal,7,1441,286,1306,433,611,563,199.7,874.75,706.62,human,i_can,0.814,3.23,71.32,0.0,-90.0,76.24,0.0
Negotiation_30,R6,2026-09-03T06:43:53.606484Z,behavior_monitor,7,1441,286,1306,433,612,563,199.7,873.83,705.66,system,NA,0.814,3.23,71.32,43.85,0.0,57.18,0.0
Negotiation_30,R6,2026-09-03T06:43:54.116488Z,behavior_monitor,7,1417,371,1361,433,641,563,83.85,799.15,731.39,system,NA,0.905,3.12,124.7,120.45,0.0,57.18,0.0
Negotiation_30,R6,2026-09-03T06:43:54.269791Z,agent_signal,7,1396,396,1373,429,650,563,40.64,765.24,735.3,agent,your_turn,0.95,3.12,144.79,60.06,-42.08,57.18,0.0
Negotiation_30,R6,2026-09-03T06:43:54.422725Z,shot_hit,7,1377,411,1378,424,658,563,12.7,734.67,732.88,human,NA,0.983,3.12,144.79,58.4,-47.55,57.18,0.0
Negotiation_30,R6,2026-09-03T06:43:54.423674Z,flight_spawn,8,606,-20,1378,424,658,563,890.12,585.93,732.88,system,NA,0.397,3.29,52.59,58.4,-47.55,57.18,0.0
Negotiation_30,R6,2026-09-03T06:43:57.288360Z,human_signal,8,1049,218,1337,439,792,563,363.13,430.15,559.44,human,i_can,0.542,3.29,4.65,0.0,136.41,76.24,0.0
Negotiation_30,R6,2026-09-03T06:43:57.303516Z,behavior_monitor,8,1049,218,1337,439,793,563,363.13,429.57,558.49,system,NA,0.542,3.29,4.65,0.0,136.41,60.75,0.0
Negotiation_30,R6,2026-09-03T06:43:57.813545Z,behavior_monitor,8,1147,236,1337,439,822,563,278.17,461.35,529.94,system,NA,0.624,3.29,26.68,0.0,136.41,57.18,0.0
Negotiation_30,R6,2026-09-03T06:43:58.324696Z,behavior_monitor,8,1238,280,1337,439,836,563,187.48,491.8,516.72,system,NA,0.724,3.29,27.58,0.0,136.41,0.0,0.0
Negotiation_30,R6,2026-09-03T06:43:58.835319Z,behavior_monitor,8,1330,305,1337,411,836,563,106.46,557.03,524.07,system,NA,0.84,3.29,3.95,129.41,-90.0,0.0,-102.8
Negotiation_30,R6,2026-09-03T06:43:58.904855Z,agent_signal,8,1346,306,1337,400,836,563,94.4,570.85,527.35,agent,your_turn,0.858,3.29,3.95,122.22,-90.0,0.0,-102.8
Negotiation_30,R6,2026-09-03T06:43:59.348260Z,behavior_monitor,8,1411,347,1354,385,861,563,69.06,591.08,523.88,system,NA,0.895,3.29,53.6,0.0,-24.02,57.18,0.0
Negotiation_30,R6,2026-09-03T06:43:59.857926Z,behavior_monitor,8,1439,429,1407,404,878,563,40.85,576.28,551.78,system,NA,0.934,2.89,114.21,138.13,28.0,0.0,-60.35
Negotiation_30,R6,2026-09-03T06:44:00.367678Z,behavior_monitor,8,1443,514,1428,460,890,563,55.91,555.54,547.96,system,NA,0.909,2.89,84.46,129.41,90.0,76.24,0.0
Negotiation_30,R6,2026-09-03T06:44:00.877604Z,behavior_monitor,8,1424,597,1428,526,928,582,70.81,495.87,502.9,system,NA,0.875,2.89,108.83,129.41,90.0,130.47,54.25
Negotiation_30,R6,2026-09-03T06:44:00.996985Z,shot_miss,8,1417,616,1428,542,937,595,75.24,480.42,493.82,human,NA,0.865,2.89,108.83,129.41,90.0,130.47,54.25
Negotiation_30,R6,2026-09-03T06:44:01.388413Z,behavior_monitor,8,1400,679,1428,592,967,636,91.16,435.17,463.24,system,NA,0.827,2.89,108.83,129.41,90.0,130.47,54.25
Negotiation_30,R6,2026-09-03T06:44:01.846194Z,human_signal,8,1373,753,1428,652,1002,685,115.31,377.01,427.45,human,your_turn,0.766,2.89,108.83,129.41,90.0,130.47,54.25
Negotiation_30,R6,2026-09-03T06:44:01.847034Z,human_signal,8,1371,756,1428,654,1002,685,116.47,376.1,427.29,human,your_turn,0.764,2.89,135.82,129.41,90.0,130.47,54.25
Negotiation_30,R6,2026-09-03T06:44:01.897269Z,behavior_monitor,8,1366,760,1428,658,1007,692,118.77,365.48,422.44,system,NA,0.755,2.89,135.82,122.22,90.0,160.19,54.25
Negotiation_30,R6,2026-09-03T06:44:02.406874Z,behavior_monitor,8,1308,812,1428,724,1057,761,148.82,255.3,372.75,system,NA,0.632,2.89,108.08,129.41,90.0,169.61,54.25
Negotiation_30,R6,2026-09-03T06:44:02.714910Z,agent_signal,8,1291,864,1428,764,1088,804,169.8,211.45,342.51,agent,i_can,0.555,2.89,108.08,122.22,90.0,160.19,54.25
Negotiation_30,R6,2026-09-03T06:44:02.917521Z,behavior_monitor,8,1281,894,1428,790,1108,832,180.13,183.99,323.08,system,NA,0.505,2.89,108.08,129.41,90.0,169.61,54.25
Negotiation_30,R6,2026-09-03T06:44:03.255911Z,flight_missed,8,1268,952,1428,837,1143,881,197.84,143.45,288.45,system,NA,0.42,2.89,81.13,129.41,90.0,169.61,54.25
Negotiation_30,R6,2026-09-03T06:44:03.257116Z,flight_spawn,9,621,-20,1428,837,1143,881,1177.33,1041.5,288.45,system,NA,0.469,3.29,127.4,129.41,90.0,169.61,54.25
Negotiation_30,R6,2026-09-03T06:44:07.389419Z,agent_signal,9,68,322,943,910,851,566,1054.08,820.9,355.84,agent,i_can,0.438,2.0,13.91,129.41,180.0,76.24,180.0
Negotiation_30,R6,2026-09-03T06:44:07.406138Z,behavior_monitor,9,68,322,943,910,850,566,1054.08,819.29,356.28,system,NA,0.437,2.0,13.91,129.41,180.0,99.11,180.0
Negotiation_30,R6,2026-09-03T06:44:07.916120Z,behavior_monitor,9,107,363,877,910,800,566,944.16,721.82,352.51,system,NA,0.433,2.0,32.13,129.41,180.0,99.11,180.0
Negotiation_30,R6,2026-09-03T06:44:08.429173Z,behavior_monitor,9,154,399,811,910,749,566,832.13,618.06,349.33,system,NA,0.426,2.0,60.92,129.41,180.0,99.11,180.0
Negotiation_30,R6,2026-09-03T06:44:08.820052Z,human_signal,9,177,439,760,910,711,566,749.05,548.28,347.39,human,your_turn,0.423,2.0,35.35,129.41,180.0,99.11,180.0
Negotiation_30,R6,2026-09-03T06:44:08.820555Z,human_signal,9,178,440,758,910,711,566,745.92,546.62,347.74,human,your_turn,0.423,2.0,35.35,129.41,180.0,99.11,180.0
Negotiation_30,R6,2026-09-03T06:44:08.938450Z,behavior_monitor,9,186,447,745,910,699,566,724.95,526.17,346.78,system,NA,0.421,2.0,35.35,129.41,180.0,99.11,180.0
Negotiation_30,R6,2026-09-03T06:44:09.448419Z,behavior_monitor,9,218,496,679,910,648,566,619.53,436.2,345.07,system,NA,0.413,2.0,65.45,129.41,180.0,99.11,180.0
Negotiation_30,R6,2026-09-03T06:44:09.958517Z,behavior_monitor,9,234,550,613,910,598,565,522.53,364.83,344.37,system,NA,0.411,2.0,105.28,129.41,180.0,99.11,180.0
Negotiation_30,R6,2026-09-03T06:44:10.469940Z,behavior_monitor,9,193,597,547,910,548,591,472.1,354.39,318.39,system,NA,0.429,2.0,129.46,129.41,180.0,99.11,180.0
Negotiation_30,R6,2026-09-03T06:44:10.980664Z,behavior_monitor,9,179,653,481,910,497,647,396.33,318.03,262.51,system,NA,0.445,2.0,100.95,129.41,180.0,169.61,125.75
Negotiation_30,R6,2026-09-03T06:44:11.489775Z,behavior_monitor,9,160,706,499,910,446,701,394.69,286.14,214.63,system,NA,0.42,2.0,99.81,45.09,0.0,169.61,125.75
Negotiation_30,R6,2026-09-03T06:44:12.001513Z,behavior_monitor,9,150,765,535,910,396,760,411.71,246.26,204.58,system,NA,0.374,2.0,99.81,112.94,0.0,169.61,125.75
Negotiation_30,R6,2026-09-03T06:44:12.513556Z,behavior_monitor,9,140,824,593,910,345,820,460.36,204.38,263.58,system,NA,0.307,2.0,99.81,104.95,0.0,169.61,125.75
Negotiation_30,R6,2026-09-03T06:44:13.023856Z,behavior_monitor,9,113,877,594,910,294,872,482.23,181.36,302.14,system,NA,0.273,2.0,127.58,0.0,0.0,169.61,125.75
Negotiation_30,R6,2026-09-03T06:44:13.534706Z,behavior_monitor,9,76,925,594,910,244,910,518.66,168.58,350.55,system,NA,0.245,2.0,104.82,0.0,0.0,99.11,180.0
Negotiation_30,R6,2026-09-03T06:44:13.823758Z,flight_missed,9,52,952,594,910,213,910,543.67,166.68,380.88,system,NA,0.235,2.0,132.86,0.0,0.0,99.11,180.0
Negotiation_30,R6,2026-09-03T06:44:13.824256Z,flight_spawn,10,527,-20,594,910,213,910,932.39,981.65,380.88,system,NA,0.513,3.01,131.69,0.0,0.0,99.11,180.0
Negotiation_30,R6,2026-09-03T06:44:18.159840Z,agent_signal,10,76,336,616,652,97,565,625.65,229.43,525.51,agent,i_can,0.268,1.95,56.47,0.0,-90.0,76.24,180.0
Negotiation_30,R6,2026-09-03T06:44:18.177105Z,behavior_monitor,10,76,336,616,652,96,565,625.65,229.28,527.18,system,NA,0.268,1.95,56.47,0.0,-90.0,99.11,180.0
Negotiation_30,R6,2026-09-03T06:44:18.689912Z,behavior_monitor,10,112,380,616,618,89,565,556.8,186.14,529.59,system,NA,0.251,1.95,28.66,0.0,-90.0,99.11,0.0
Negotiation_30,R6,2026-09-03T06:44:18.791576Z,human_signal,10,124,386,616,618,99,565,544.18,180.73,519.54,human,your_turn,0.249,1.95,28.66,0.0,-90.0,99.11,0.0
Negotiation_30,R6,2026-09-03T06:44:18.792022Z,human_signal,10,125,387,616,618,99,565,542.76,179.97,519.54,human,your_turn,0.249,1.95,28.66,0.0,-90.0,99.11,0.0
Negotiation_30,R6,2026-09-03T06:44:19.199850Z,behavior_monitor,10,151,416,616,618,128,565,506.3,150.63,490.83,system,NA,0.229,1.95,52.57,0.0,-90.0,11.72,-174.57
Negotiation_30,R6,2026-09-03T06:44:19.711363Z,behavior_monitor,10,190,462,616,618,166,565,453.62,105.48,452.33,system,NA,0.189,1.95,19.33,0.0,-90.0,99.11,0.0
Negotiation_30,R6,2026-09-03T06:44:20.221255Z,behavior_monitor,10,249,476,616,618,217,565,393.09,94.4,402.21,system,NA,0.194,1.95,7.26,0.0,-90.0,99.11,0.0
Negotiation_30,R6,2026-09-03T06:44:20.734613Z,behavior_monitor,10,305,493,660,618,268,565,376.59,80.83,395.65,system,NA,0.177,1.95,17.27,115.79,0.0,88.67,0.0
Negotiation_30,R6,2026-09-03T06:44:21.246175Z,behavior_monitor,10,362,502,726,618,319,564,382.4,76.33,410.97,system,NA,0.166,1.95,20.31,129.41,0.0,99.11,0.0
Negotiation_30,R6,2026-09-03T06:44:21.756261Z,behavior_monitor,10,404,539,792,618,370,565,396.34,43.26,425.57,system,NA,0.098,1.95,44.76,129.41,0.0,99.11,0.0
Negotiation_30,R6,2026-09-03T06:44:21.840871Z,shot_miss,10,414,547,801,618,380,565,393.21,38.91,424.22,agent,NA,0.09,1.95,44.76,0.0,0.0,99.11,0.0
Negotiation_30,R6,2026-09-03T06:44:22.063283Z,shot_hit,10,433,565,801,618,402,565,371.8,31.09,402.5,agent,NA,0.077,1.95,44.76,0.0,0.0,99.11,0.0
Negotiation_30,R6,2026-09-03T06:44:22.063819Z,flight_spawn,11,365,-20,801,618,402,565,773.13,586.98,402.5,system,NA,0.432,3.22,128.35,0.0,0.0,99.11,0.0
Negotiation_30,R6,2026-09-03T06:44:24.751482Z,agent_signal,11,30,308,628,585,263,565,658.82,346.94,365.52,agent,i_can,0.345,1.94,26.81,129.41,-90.0,76.24,180.0
Negotiation_30,R6,2026-09-03T06:44:24.767964Z,behavior_monitor,11,30,308,628,585,261,565,658.82,345.81,367.21,system,NA,0.344,1.94,26.81,129.41,-90.0,99.11,180.0
Negotiation_30,R6,2026-09-03T06:44:25.279027Z,behavior_monitor,11,84,321,650,529,210,564,602.66,274.24,441.08,system,NA,0.313,1.94,1.66,137.56,-28.41,99.11,180.0
Negotiation_30,R6,2026-09-03T06:44:25.789533Z,behavior_monitor,11,137,325,639,485,160,565,527.47,240.92,486.1,system,NA,0.314,1.94,26.54,138.02,-141.49,99.11,180.0
Negotiation_30,R6,2026-09-03T06:44:26.300200Z,behavior_monitor,11,190,343,592,461,165,565,419.07,223.6,439.65,system,NA,0.348,1.94,2.63,51.02,0.0,99.11,0.0
Negotiation_30,R6,2026-09-03T06:44:26.812128Z,behavior_monitor,11,246,363,626,461,215,566,392.11,204.63,423.8,system,NA,0.343,1.94,41.79,0.0,0.0,99.11,0.0
Negotiation_30,R6,2026-09-03T06:44:27.321790Z,behavior_monitor,11,282,406,619,450,259,565,339.84,161.17,378.01,system,NA,0.322,1.94,47.07,65.94,0.0,99.11,0.0
Negotiation_30,R6,2026-09-03T06:44:27.691469Z,human_signal,11,300,443,666,450,279,565,366.61,123.91,403.91,human,your_turn,0.253,1.94,93.01,137.5,0.0,0.0,0.0
Negotiation_30,R6,2026-09-03T06:44:27.692747Z,human_signal,11,300,445,668,450,279,565,368.5,122.05,406.02,human,your_turn,0.249,1.94,119.33,129.41,0.0,0.0,0.0
Negotiation_30,R6,2026-09-03T06:44:27.827666Z,behavior_monitor,11,292,457,684,450,276,565,391.59,109.69,424.05,system,NA,0.219,1.94,119.33,129.41,0.0,99.11,180.0
Negotiation_30,R6,2026-09-03T06:44:28.336961Z,behavior_monitor,11,277,510,705,450,257,565,432.18,57.96,462.19,system,NA,0.118,1.94,90.06,0.0,0.0,0.0,134.34
Negotiation_30,R6,2026-09-03T06:44:28.592115Z,shot_hit,11,276,541,705,450,257,565,438.55,30.24,462.08,agent,NA,0.065,1.94,90.06,0.0,0.0,0.0,60.18
Negotiation_30,R6,2026-09-03T06:44:28.593154Z,flight_spawn,12,565,-20,705,450,257,565,491.03,661.72,462.08,system,NA,0.574,2.83,45.0,0.0,0.0,0.0,60.18
Negotiation_30,R6,2026-09-03T06:44:31.958758Z,shot_hit,12,862,401,864,403,480,565,2.46,415.85,416.14,human,NA,0.994,2.83,53.29,135.24,19.27,76.24,0.0
Negotiation_30,R6,2026-09-03T06:44:31.959549Z,flight_spawn,13,999,-20,864,403,480,565,444.54,782.3,416.14,system,NA,0.638,2.83,45.0,135.24,19.27,76.24,0.0
Negotiation_30,R6,2026-09-03T06:44:34.067877Z,human_signal,13,1262,169,1079,452,598,565,337.52,772.99,493.93,human,i_can,0.696,2.83,72.08,129.41,0.0,76.24,0.0
Negotiation_30,R6,2026-09-03T06:44:34.084815Z,behavior_monitor,13,1262,169,1079,452,599,565,337.52,772.16,492.99,system,NA,0.696,2.83,72.08,129.41,0.0,57.18,0.0
Negotiation_30,R6,2026-09-03T06:44:34.593627Z,behavior_monitor,13,1236,243,1145,452,628,565,227.78,687.89,529.62,system,NA,0.751,2.83,124.16,129.41,0.0,57.18,0.0
Negotiation_30,R6,2026-09-03T06:44:35.104320Z,behavior_monitor,13,1238,326,1176,452,642,565,140.62,642.71,546.24,system,NA,0.82,2.83,80.83,137.5,0.0,0.0,-73.64
Negotiation_30,R6,2026-09-03T06:44:35.205516Z,agent_signal,13,1240,346,1191,452,642,565,117.34,637.85,561.31,agent,your_turn,0.845,2.83,80.83,129.41,0.0,0.0,-73.64
Negotiation_30,R6,2026-09-03T06:44:35.608416Z,behavior_monitor,13,1253,409,1237,452,665,565,46.38,608.61,582.69,system,NA,0.929,2.83,75.8,0.0,0.0,57.18,0.0
Negotiation_30,R6,2026-09-03T06:44:35.761489Z,shot_hit,13,1259,434,1252,452,674,565,19.7,599.34,589.26,human,NA,0.968,2.83,75.8,129.41,0.0,57.18,0.0
Negotiation_30,R6,2026-09-03T06:44:35.762109Z,flight_spawn,14,939,-20,1252,452,674,565,567.11,642.52,589.26,system,NA,0.531,3.31,127.16,129.41,0.0,57.18,0.0
Negotiation_30,R6,2026-09-03T06:44:39.035505Z,human_signal,14,530,397,996,452,579,566,469.12,175.41,432.11,human,your_turn,0.272,3.31,97.36,122.22,180.0,72.0,180.0
Negotiation_30,R6,2026-09-03T06:44:39.036547Z,behavior_monitor,14,530,397,996,452,579,566,469.12,175.41,432.11,system,NA,0.272,3.31,97.36,129.41,180.0,76.24,180.0
Negotiation_30,R6,2026-09-03T06:44:39.036958Z,human_signal,14,529,400,994,452,579,566,467.33,172.48,429.99,human,your_turn,0.27,3.31,97.36,129.41,180.0,76.24,180.0
Negotiation_30,R6,2026-09-03T06:44:39.138308Z,agent_signal,14,527,420,981,452,569,566,454.63,151.53,426.63,agent,i_can,0.25,3.31,97.36,129.41,180.0,99.11,180.0
Negotiation_30,R6,2026-09-03T06:44:39.549042Z,behavior_monitor,14,517,496,958,452,529,566,443.11,71.02,443.76,system,NA,0.138,3.31,97.36,129.41,180.0,99.11,180.0
Negotiation_30,R6,2026-09-03T06:44:39.855296Z,shot_hit,14,509,558,940,452,497,566,443.9,14.25,457.46,agent,NA,0.031,3.31,97.36,0.0,180.0,99.11,180.0
Negotiation_30,R6,2026-09-03T06:44:39.856359Z,flight_spawn,15,670,-20,940,452,497,566,544.52,611.12,457.46,system,NA,0.529,3.0,131.83,0.0,180.0,99.11,180.0
Negotiation_30,R6,2026-09-03T06:44:43.551573Z,agent_signal,15,147,308,852,415,366,565,712.9,338.22,508.74,agent,i_can,0.322,3.0,153.39,134.64,-163.98,76.24,180.0
Negotiation_30,R6,2026-09-03T06:44:43.567947Z,behavior_monitor,15,147,308,852,415,364,565,712.9,337.13,510.35,system,NA,0.321,3.0,153.39,129.41,180.0,99.11,180.0
Negotiation_30,R6,2026-09-03T06:44:44.078337Z,behavior_monitor,15,76,359,786,415,313,566,712.17,314.98,496.09,system,NA,0.307,3.0,125.78,129.41,180.0,99.11,180.0
Negotiation_30,R6,2026-09-03T06:44:44.592491Z,behavior_monitor,15,45,441,720,415,263,566,676.11,251.4,481.77,system,NA,0.271,3.0,101.95,122.22,180.0,93.6,180.0
Negotiation_30,R6,2026-09-03T06:44:45.103595Z,behavior_monitor,15,26,520,654,415,212,566,637.31,191.99,467.12,system,NA,0.232,2.72,69.52,129.41,180.0,99.11,180.0
Negotiation_30,R6,2026-09-03T06:44:45.306597Z,human_signal,15,46,546,628,415,192,566,596.76,147.57,461.27,human,your_turn,0.198,2.72,41.06,129.41,180.0,99.11,180.0
Negotiation_30,R6,2026-09-03T06:44:45.307334Z,human_signal,15,47,548,626,415,192,566,593.48,145.79,459.19,human,your_turn,0.197,2.72,41.06,129.41,180.0,99.11,180.0
Negotiation_30,R6,2026-09-03T06:44:45.615415Z,behavior_monitor,15,78,580,600,415,163,575,547.82,85.0,465.7,system,NA,0.134,2.72,63.12,0.0,180.0,169.61,125.75
Negotiation_30,R6,2026-09-03T06:44:46.076284Z,shot_hit,15,140,616,600,444,118,612,491.2,21.71,509.9,agent,NA,0.042,2.72,32.76,89.39,90.0,137.65,90.0
Negotiation_30,R6,2026-09-03T06:44:46.077208Z,flight_spawn,16,922,-20,600,444,118,612,565.36,1022.52,509.9,system,NA,0.644,3.11,49.91,89.39,90.0,137.65,90.0
Negotiation_30,R6,2026-09-03T06:44:47.508073Z,human_signal,16,1080,154,747,444,183,566,441.91,987.3,577.33,human,i_can,0.691,3.11,139.13,129.41,0.0,76.24,0.0
Negotiation_30,R6,2026-09-03T06:44:47.524436Z,behavior_monitor,16,1080,154,747,444,184,566,441.91,986.42,576.38,system,NA,0.691,3.11,139.13,129.41,0.0,57.18,0.0
Negotiation_30,R6,2026-09-03T06:44:48.034980Z,behavior_monitor,16,1028,226,813,444,213,566,306.82,883.57,612.45,system,NA,0.742,3.11,111.43,129.41,0.0,57.18,0.0
Negotiation_30,R6,2026-09-03T06:44:48.510233Z,agent_signal,16,1002,309,877,444,226,566,184.25,817.01,661.72,agent,your_turn,0.816,3.11,116.38,129.41,0.0,0.0,0.0
Negotiation_30,R6,2026-09-03T06:44:48.543847Z,behavior_monitor,16,1000,312,879,444,228,566,179.63,812.77,661.97,system,NA,0.819,3.11,116.38,129.41,0.0,57.18,0.0
Negotiation_30,R6,2026-09-03T06:44:49.054041Z,behavior_monitor,16,929,372,918,435,257,565,64.56,699.21,673.35,system,NA,0.915,3.11,134.94,140.58,-142.41,57.18,0.0
Negotiation_30,R6,2026-09-03T06:44:49.360912Z,shot_hit,16,903,421,884,409,270,565,22.01,649.02,633.32,human,NA,0.967,3.11,105.71,138.12,-145.37,0.0,0.0
Negotiation_30,R6,2026-09-03T06:44:49.361953Z,flight_spawn,17,909,-20,884,409,270,565,430.49,866.46,633.32,system,NA,0.668,3.06,49.24,138.12,-145.37,0.0,0.0
Negotiation_30,R6,2026-09-03T06:44:51.383713Z,agent_signal,17,1017,310,996,442,371,565,134.16,694.46,637.08,agent,your_turn,0.838,3.06,73.63,115.83,0.0,0.0,0.0
Negotiation_30,R6,2026-09-03T06:44:51.400713Z,behavior_monitor,17,1017,310,996,442,371,565,134.16,694.46,637.08,system,NA,0.838,3.06,73.63,115.83,0.0,0.0,0.0
Negotiation_30,R6,2026-09-03T06:44:51.911678Z,behavior_monitor,17,1068,384,1056,442,393,565,59.26,698.22,674.47,system,NA,0.922,3.06,71.45,129.41,0.0,57.18,0.0
Negotiation_30,R6,2026-09-03T06:44:52.081838Z,shot_miss,17,1075,413,1078,442,403,565,29.4,688.9,686.75,human,NA,0.959,3.06,71.45,129.41,0.0,57.18,0.0
Negotiation_30,R6,2026-09-03T06:44:52.423424Z,behavior_monitor,17,1092,471,1095,442,407,565,29.09,691.24,698.86,system,NA,0.96,3.06,71.45,129.41,180.0,0.0,-38.9
Negotiation_30,R6,2026-09-03T06:44:52.507512Z,shot_miss,17,1096,486,1084,442,407,565,45.02,693.39,688.03,human,NA,0.939,3.06,71.45,129.41,180.0,0.0,-38.9
Negotiation_30,R6,2026-09-03T06:44:52.931986Z,behavior_monitor,17,1129,551,1092,489,407,565,72.61,721.96,689.0,system,NA,0.909,3.06,56.13,137.77,66.78,0.0,-38.9
Negotiation_30,R6,2026-09-03T06:44:53.440788Z,behavior_monitor,17,1190,618,1117,554,431,598,96.57,759.42,687.99,system,NA,0.887,3.06,77.41,144.36,70.0,145.67,54.68
Negotiation_30,R6,2026-09-03T06:44:53.898752Z,human_signal,17,1209,698,1141,612,466,647,110.43,744.87,675.55,human,your_turn,0.871,3.06,77.41,135.66,66.12,130.47,54.25
Negotiation_30,R6,2026-09-03T06:44:53.899301Z,human_signal,17,1210,701,1141,614,466,647,111.17,746.09,676.38,human,your_turn,0.87,3.06,77.41,135.66,66.12,130.47,54.25
Negotiation_30,R6,2026-09-03T06:44:53.949563Z,behavior_monitor,17,1212,707,1143,618,471,654,112.79,743.23,673.35,system,NA,0.868,3.06,77.41,135.81,65.97,169.61,54.25
Negotiation_30,R6,2026-09-03T06:44:54.459748Z,behavior_monitor,17,1240,793,1172,681,521,723,131.04,722.99,652.15,system,NA,0.847,3.06,79.88,135.81,65.97,169.61,54.25
Negotiation_30,R6,2026-09-03T06:44:54.613330Z,human_signal,17,1250,823,1181,702,536,744,138.94,718.29,646.29,human,i_can,0.838,3.06,79.88,135.7,65.95,169.61,54.25
Negotiation_30,R6,2026-09-03T06:44:54.765469Z,agent_signal,17,1263,847,1189,719,545,756,147.76,723.78,644.7,agent,i_can,0.83,3.06,56.58,135.84,65.82,86.37,45.12
Negotiation_30,R6,2026-09-03T06:44:54.970877Z,behavior_monitor,17,1287,870,1200,744,565,784,152.9,726.91,636.2,system,NA,0.826,3.06,27.12,136.79,64.95,169.61,54.25
Negotiation_30,R6,2026-09-03T06:44:55.482807Z,behavior_monitor,17,1378,895,1232,807,616,854,170.99,763.84,618.19,system,NA,0.817,3.06,3.69,138.55,59.44,169.61,54.25
Negotiation_30,R6,2026-09-03T06:44:55.996437Z,behavior_monitor,17,1441,929,1286,854,668,910,172.06,773.0,620.57,system,NA,0.818,2.2,136.5,144.54,25.51,105.3,0.0
Negotiation_30,R6,2026-09-03T06:44:56.233118Z,flight_missed,17,1418,952,1314,872,693,910,131.55,726.2,621.65,system,NA,0.847,2.2,136.5,139.01,51.65,105.3,0.0
Negotiation_30,R6,2026-09-03T06:44:56.233752Z,flight_spawn,18,903,-20,1314,872,693,910,982.26,953.42,621.65,system,NA,0.493,2.83,45.0,139.01,51.65,105.3,0.0
Negotiation_30,R6,2026-09-03T06:44:58.445432Z,human_signal,18,1109,251,1116,688,817,739,437.64,569.22,303.54,human,i_can,0.565,2.83,5.04,137.71,-70.01,130.47,-54.25
Negotiation_30,R6,2026-09-03T06:44:58.461888Z,behavior_monitor,18,1109,251,1116,688,818,738,437.64,567.56,302.36,system,NA,0.565,2.83,5.04,137.9,-68.2,97.85,-54.25
Negotiation_30,R6,2026-09-03T06:44:58.972130Z,behavior_monitor,18,1194,263,1146,624,847,697,364.57,556.09,307.46,system,NA,0.604,2.83,0.06,139.79,-63.82,97.85,-54.25
Negotiation_30,R6,2026-09-03T06:44:59.482749Z,behavior_monitor,18,1271,289,1184,563,861,678,288.01,565.31,342.55,system,NA,0.662,2.83,57.07,140.71,-49.33,0.0,-54.25
Negotiation_30,R6,2026-09-03T06:44:59.618720Z,agent_signal,18,1286,310,1199,547,861,678,252.91,562.16,361.62,agent,your_turn,0.69,2.83,57.07,140.62,-47.2,0.0,-54.25
Negotiation_30,R6,2026-09-03T06:44:59.992540Z,behavior_monitor,18,1309,364,1239,517,882,649,169.18,513.16,379.65,system,NA,0.752,2.83,81.02,138.75,-28.95,97.85,-54.25
Negotiation_30,R6,2026-09-03T06:45:00.502839Z,behavior_monitor,18,1329,444,1301,492,904,618,55.73,459.1,415.82,system,NA,0.892,2.83,79.17,137.27,-21.62,0.0,133.06
Negotiation_30,R6,2026-09-03T06:45:00.740242Z,shot_hit,18,1337,483,1331,481,904,618,5.89,452.87,448.49,human,NA,0.987,2.83,79.17,137.29,-19.53,0.0,133.06
Negotiation_30,R6,2026-09-03T06:45:00.740793Z,flight_spawn,19,925,-20,1331,481,904,618,645.14,638.81,448.49,system,NA,0.498,2.83,135.0,137.29,-19.53,0.0,133.06
Negotiation_30,R6,2026-09-03T06:45:02.358771Z,human_signal,19,1052,142,1313,504,960,566,446.15,433.51,358.2,human,i_can,0.493,2.83,42.2,0.0,180.0,76.24,0.0
Negotiation_30,R6,2026-09-03T06:45:02.375791Z,behavior_monitor,19,1052,142,1313,504,961,566,446.15,433.31,357.24,system,NA,0.493,2.83,42.2,0.0,180.0,57.18,0.0
Negotiation_30,R6,2026-09-03T06:45:02.886432Z,behavior_monitor,19,1132,168,1313,493,991,566,371.73,422.33,330.89,system,NA,0.532,2.83,0.66,0.0,-90.0,57.18,0.0
Negotiation_30,R6,2026-09-03T06:45:03.398018Z,behavior_monitor,19,1221,169,1313,464,1004,566,308.65,452.32,325.57,system,NA,0.594,2.83,0.66,0.0,-90.0,0.0,0.0
Negotiation_30,R6,2026-09-03T06:45:03.907868Z,behavior_monitor,19,1291,214,1298,438,1004,567,223.7,454.54,320.44,system,NA,0.67,2.83,49.51,0.0,-90.0,0.0,57.75
Negotiation_30,R6,2026-09-03T06:45:04.417213Z,behavior_monitor,19,1366,242,1325,438,1032,565,199.59,463.91,319.34,system,NA,0.699,2.83,4.69,123.24,0.0,76.24,0.0
Negotiation_30,R6,2026-09-03T06:45:04.929196Z,behavior_monitor,19,1423,290,1329,438,1071,565,174.82,446.37,287.65,system,NA,0.719,2.83,77.92,0.0,0.0,76.24,0.0
Negotiation_30,R6,2026-09-03T06:45:05.251728Z,agent_signal,19,1445,331,1334,438,1096,565,154.05,420.56,270.08,agent,your_turn,0.732,1.94,142.43,66.27,0.0,76.24,0.0
Negotiation_30,R6,2026-09-03T06:45:05.438806Z,behavior_monitor,19,1427,343,1356,438,1106,565,117.97,389.53,280.11,system,NA,0.768,1.94,142.43,129.41,0.0,57.18,0.0
Negotiation_30,R6,2026-09-03T06:45:05.943830Z,behavior_monitor,19,1373,360,1361,410,1136,565,52.01,313.64,273.1,system,NA,0.858,1.94,161.79,93.71,-90.0,57.18,0.0
Negotiation_30,R6,2026-09-03T06:45:06.249207Z,shot_miss,19,1339,365,1346,394,1139,565,30.24,282.59,267.54,human,NA,0.903,1.94,174.88,129.41,180.0,0.0,0.0
Negotiation_30,R6,2026-09-03T06:45:06.452918Z,behavior_monitor,19,1315,367,1319,394,1139,565,27.7,264.87,247.77,system,NA,0.905,1.94,174.88,129.41,180.0,0.0,0.0
Negotiation_30,R6,2026-09-03T06:45:06.965390Z,behavior_monitor,19,1260,376,1253,394,1159,566,19.54,214.82,195.4,system,NA,0.917,1.94,149.2,129.41,180.0,76.24,0.0
Negotiation_30,R6,2026-09-03T06:45:07.272233Z,shot_hit,19,1231,394,1219,372,1183,566,25.47,178.38,197.58,human,NA,0.875,1.94,149.2,122.88,-149.51,76.24,0.0
Negotiation_30,R6,2026-09-03T06:45:07.273305Z,flight_spawn,20,518,-20,1219,372,1183,566,803.77,886.52,197.58,system,NA,0.524,3.39,126.19,122.88,-149.51,76.24,0.0
Negotiation_30,R6,2026-09-03T06:45:08.613166Z,human_signal,20,450,233,1214,414,1100,566,785.22,730.18,190.27,human,your_turn,0.482,3.39,104.81,129.41,0.0,76.24,180.0
Negotiation_30,R6,2026-09-03T06:45:08.614099Z,behavior_monitor,20,450,233,1214,414,1100,566,785.22,730.18,190.27,system,NA,0.482,3.39,104.81,129.41,0.0,76.24,180.0
Negotiation_30,R6,2026-09-03T06:45:08.614568Z,human_signal,20,450,236,1217,414,1100,566,786.74,728.8,191.6,human,your_turn,0.481,3.39,104.81,129.41,0.0,76.24,180.0
Negotiation_30,R6,2026-09-03T06:45:08.986358Z,agent_signal,20,445,310,1265,414,1063,566,826.23,668.77,252.81,agent,i_can,0.447,3.39,96.65,129.41,0.0,99.11,180.0
Negotiation_30,R6,2026-09-03T06:45:09.126513Z,behavior_monitor,20,442,333,1271,414,1050,566,832.59,650.35,268.62,system,NA,0.439,3.39,96.65,0.0,0.0,99.11,180.0
Negotiation_30,R6,2026-09-03T06:45:09.637014Z,behavior_monitor,20,463,430,1271,414,999,566,808.6,553.46,311.58,system,NA,0.406,3.39,67.83,0.0,0.0,99.11,180.0
Negotiation_30,R6,2026-09-03T06:45:10.147040Z,behavior_monitor,20,507,519,1271,414,948,566,771.16,443.66,356.96,system,NA,0.365,3.39,40.5,0.0,0.0,99.11,180.0
Negotiation_30,R6,2026-09-03T06:45:10.656184Z,behavior_monitor,20,562,605,1271,414,898,592,734.66,336.3,413.65,system,NA,0.314,3.39,67.92,0.0,0.0,169.61,125.75
Negotiation_30,R6,2026-09-03T06:45:11.166230Z,behavior_monitor,20,646,655,1271,414,847,650,669.99,200.99,485.7,system,NA,0.231,3.39,20.74,0.0,0.0,169.61,125.75
Negotiation_30,R6,2026-09-03T06:45:11.674948Z,behavior_monitor,20,739,695,1271,414,796,690,601.89,57.22,549.53,system,NA,0.087,3.39,73.01,0.0,0.0,169.61,125.75
Negotiation_30,R6,2026-09-03T06:45:11.963481Z,shot_miss,20,725,752,1271,414,766,731,642.38,45.91,596.68,agent,NA,0.067,3.39,120.45,0.0,0.0,169.61,125.75
Negotiation_30,R6,2026-09-03T06:45:12.183263Z,behavior_monitor,20,695,782,1271,414,746,760,683.27,55.14,628.88,system,NA,0.075,3.39,143.47,0.0,0.0,169.61,125.75
Negotiation_30,R6,2026-09-03T06:45:12.184504Z,shot_miss,20,692,784,1271,414,744,762,686.86,56.19,631.58,agent,NA,0.076,3.39,143.47,0.0,0.0,169.61,125.75
Negotiation_30,R6,2026-09-03T06:45:12.692167Z,behavior_monitor,20,600,801,1271,414,696,797,775.28,96.09,691.69,system,NA,0.11,3.39,176.48,0.0,0.0,169.61,125.75
Negotiation_30,R6,2026-09-03T06:45:13.201214Z,behavior_monitor,20,507,824,1271,414,646,820,867.49,139.01,745.89,system,NA,0.138,3.39,155.6,0.0,0.0,169.61,125.75
Negotiation_30,R6,2026-09-03T06:45:13.714320Z,behavior_monitor,20,424,876,1271,414,595,872,965.32,171.45,816.48,system,NA,0.151,3.39,176.98,0.0,0.0,99.11,180.0
Negotiation_30,R6,2026-09-03T06:45:15.548144Z,flight_missed,20,79,952,1271,414,412,910,1308.24,335.53,992.31,system,NA,0.204,3.39,150.65,0.0,0.0,99.11,180.0
