user_id,round_id,timestamp,event_type,flight_id,flight_x,flight_y,human_x,human_y,agent_x,agent_y,dist_human_flight,dist_agent_flight,dist_human_agent,triggered_by,signal_type,dir_ratio,flight_speed,flight_angle,human_speed,human_direction,agent_speed,agent_direction
Human Dominant_18,R1,2026-08-25T06:31:43.070755Z,flight_spawn,1,1298,-20,476,786,635,752,1151.92,1017.75,162.82,system,NA,0.469,3.57,55.92,0.0,162.02,0.0,125.75
Human Dominant_18,R1,2026-08-25T06:39:31.106214Z,human_signal,1,1299,-17,1127,754,367,754,790.16,1210.18,760.0,human,your_turn,0.605,3.57,55.92,0.0,0.0,0.0,0.0
Human Dominant_18,R1,2026-08-25T06:39:31.123228Z,behavior_monitor,1,1299,-17,1127,754,367,754,790.16,1210.18,760.0,system,NA,0.605,3.57,55.92,0.0,0.0,0.0,0.0
Human Dominant_18,R1,2026-08-25T06:39:31.629942Z,behavior_monitor,1,1360,71,1127,754,393,716,721.08,1161.64,734.0,system,NA,0.617,3.57,55.92,0.0,0.0,169.61,-54.25
Human Dominant_18,R1,2026-08-25T06:39:32.138620Z,behavior_monitor,1,1402,167,1121,739,444,646,636.91,1071.08,683.76,system,NA,0.627,3.57,56.4,65.02,-90.0,169.61,-54.25
Human Dominant_18,R1,2026-08-25T06:39:32.646468Z,behavior_monitor,1,1437,239,1161,721,494,576,555.74,1000.69,682.2,system,NA,0.643,2.72,125.9,133.78,-14.68,169.61,-54.25
Human Dominant_18,R1,2026-08-25T06:39:33.156702Z,behavior_monitor,1,1372,290,1188,662,544,566,414.6,872.43,651.28,system,NA,0.678,2.72,148.53,128.34,-62.95,93.6,0.0
Human Dominant_18,R1,2026-08-25T06:39:33.663890Z,behavior_monitor,1,1300,325,1211,608,595,566,296.85,745.17,617.54,system,NA,0.715,2.72,170.76,129.41,-90.0,99.11,0.0
Human Dominant_18,R1,2026-08-25T06:39:34.172806Z,behavior_monitor,1,1218,338,1187,546,645,565,210.81,616.36,542.1,system,NA,0.745,2.72,170.76,144.47,-141.48,99.11,0.0
Human Dominant_18,R1,2026-08-25T06:39:34.678647Z,behavior_monitor,1,1141,360,1125,518,696,566,158.92,491.08,432.02,system,NA,0.756,2.72,135.61,129.41,180.0,99.11,0.0
Human Dominant_18,R1,2026-08-25T06:39:35.187572Z,behavior_monitor,1,1084,415,1068,516,745,566,102.4,371.07,326.34,system,NA,0.784,2.72,133.87,131.59,-160.01,105.3,0.0
Human Dominant_18,R1,2026-08-25T06:39:35.696709Z,behavior_monitor,1,1045,475,1007,487,796,566,40.7,265.69,225.07,system,NA,0.867,2.72,93.5,127.58,-149.45,99.11,0.0
Human Dominant_18,R1,2026-08-25T06:39:35.713200Z,shot_miss,1,1045,478,1007,487,798,566,39.98,263.15,223.5,human,NA,0.868,2.72,93.5,127.58,-149.45,99.11,0.0
Human Dominant_18,R1,2026-08-25T06:39:36.389379Z,shot_miss,1,1063,579,1050,552,865,574,29.77,198.17,186.62,human,NA,0.869,2.72,43.05,126.8,72.41,99.11,0.0
Human Dominant_18,R1,2026-08-25T06:39:37.795826Z,shot_miss,1,1202,724,1163,687,1004,711,52.7,198.3,161.45,human,NA,0.79,2.72,92.14,130.42,34.68,169.61,54.25
Human Dominant_18,R1,2026-08-25T06:39:38.542405Z,human_signal,1,1241,833,1243,745,1078,813,88.43,164.42,177.95,human,your_turn,0.65,2.72,62.25,132.13,36.89,169.61,54.25
Human Dominant_18,R1,2026-08-25T06:39:38.542924Z,behavior_monitor,1,1241,833,1243,745,1078,813,88.43,164.42,177.95,system,NA,0.65,2.72,62.25,140.39,36.89,180.21,54.25
Human Dominant_18,R1,2026-08-25T06:39:38.543181Z,human_signal,1,1243,836,1244,746,1078,813,89.49,166.62,179.11,human,your_turn,0.651,2.72,62.25,140.39,36.89,180.21,54.25
Human Dominant_18,R1,2026-08-25T06:39:39.049059Z,behavior_monitor,1,1274,906,1296,786,1129,883,122.19,146.63,194.19,system,NA,0.545,2.72,62.25,133.53,36.34,169.61,54.25
Human Dominant_18,R1,2026-08-25T06:39:39.356681Z,flight_missed,1,1286,954,1294,775,1161,910,179.64,132.9,189.52,system,NA,0.425,2.72,86.14,136.11,-145.62,99.11,0.0
Human Dominant_18,R1,2026-08-25T06:39:39.357291Z,flight_spawn,2,832,-20,1294,775,1161,910,919.41,986.26,189.52,system,NA,0.518,3.35,53.32,136.11,-145.62,99.11,0.0
Human Dominant_18,R1,2026-08-25T06:39:42.791749Z,human_signal,2,1392,299,1298,686,1196,575,398.66,339.18,150.73,human,your_turn,0.46,3.35,15.68,134.2,74.64,130.47,-54.25
Human Dominant_18,R1,2026-08-25T06:39:42.792359Z,behavior_monitor,2,1392,299,1298,686,1196,575,398.66,339.18,150.73,system,NA,0.46,3.35,15.68,134.45,74.26,130.47,-54.25
Human Dominant_18,R1,2026-08-25T06:39:42.792832Z,human_signal,2,1395,300,1299,688,1196,575,400.37,339.92,152.78,human,your_turn,0.459,3.35,15.68,134.45,74.26,130.47,-54.25
Human Dominant_18,R1,2026-08-25T06:39:43.301841Z,behavior_monitor,2,1444,381,1263,720,1246,565,384.0,270.21,155.58,system,NA,0.413,3.35,60.79,131.19,134.25,102.29,-14.93
Human Dominant_18,R1,2026-08-25T06:39:43.809434Z,behavior_monitor,2,1400,455,1279,768,1297,565,336.06,151.13,203.8,system,NA,0.31,3.08,134.36,0.0,0.0,99.11,0.0
Human Dominant_18,R1,2026-08-25T06:39:44.315752Z,behavior_monitor,2,1324,494,1284,768,1317,565,276.51,71.69,204.94,system,NA,0.206,3.08,179.49,135.44,-162.84,99.11,180.0
Human Dominant_18,R1,2026-08-25T06:39:44.823766Z,behavior_monitor,2,1230,504,1218,761,1266,565,257.45,71.02,201.96,system,NA,0.216,3.08,176.39,129.41,180.0,99.11,180.0
Human Dominant_18,R1,2026-08-25T06:39:45.328382Z,behavior_monitor,2,1140,519,1152,761,1216,565,242.65,89.04,206.18,system,NA,0.268,3.08,154.58,137.5,180.0,105.3,180.0
Human Dominant_18,R1,2026-08-25T06:39:45.836883Z,behavior_monitor,2,1059,558,1086,759,1166,565,202.78,106.7,209.63,system,NA,0.345,3.08,154.58,129.41,180.0,99.11,180.0
Human Dominant_18,R1,2026-08-25T06:39:46.345230Z,behavior_monitor,2,986,604,1020,759,1115,598,159.02,129.69,186.86,system,NA,0.449,3.08,124.66,129.41,180.0,169.61,125.75
Human Dominant_18,R1,2026-08-25T06:39:46.853439Z,behavior_monitor,2,932,680,954,759,1065,669,82.14,132.91,142.84,system,NA,0.618,3.08,124.66,129.41,180.0,169.61,125.75
Human Dominant_18,R1,2026-08-25T06:39:47.226596Z,shot_hit,2,894,736,906,759,1028,720,26.31,134.82,127.84,human,NA,0.837,3.08,124.66,129.41,180.0,169.61,125.75
Human Dominant_18,R1,2026-08-25T06:39:47.227233Z,flight_spawn,3,559,-20,906,759,1028,720,853.63,876.8,127.84,system,NA,0.507,2.83,135.0,129.41,180.0,169.61,125.75
Human Dominant_18,R1,2026-08-25T06:39:52.334042Z,shot_hit,3,699,561,627,759,697,565,211.44,5.2,206.24,agent,NA,0.024,2.83,13.35,135.92,34.04,76.24,180.0
Human Dominant_18,R1,2026-08-25T06:39:52.336301Z,flight_spawn,4,568,-20,627,759,697,565,781.91,599.95,206.24,system,NA,0.434,2.83,135.0,135.92,34.04,76.24,180.0
Human Dominant_18,R1,2026-08-25T06:39:52.538212Z,human_signal,4,542,2,647,774,697,565,780.01,584.67,215.02,human,your_turn,0.428,2.83,135.0,129.35,39.58,0.0,180.0
Human Dominant_18,R1,2026-08-25T06:39:52.539209Z,behavior_monitor,4,542,2,647,774,697,565,780.01,584.67,215.02,system,NA,0.428,2.83,135.0,136.96,39.58,0.0,180.0
Human Dominant_18,R1,2026-08-25T06:39:52.539639Z,human_signal,4,540,4,649,776,697,565,780.11,583.28,216.18,human,your_turn,0.428,2.83,135.0,136.96,39.58,0.0,180.0
Human Dominant_18,R1,2026-08-25T06:39:53.047655Z,behavior_monitor,4,516,81,674,813,662,566,749.27,506.26,247.91,system,NA,0.403,2.83,105.21,134.86,-163.65,99.11,180.0
Human Dominant_18,R1,2026-08-25T06:39:53.554851Z,behavior_monitor,4,513,165,608,793,611,566,635.53,412.85,227.41,system,NA,0.394,2.83,85.19,134.82,-163.71,99.11,180.0
Human Dominant_18,R1,2026-08-25T06:39:54.063566Z,behavior_monitor,4,551,239,542,776,561,566,537.21,327.16,210.91,system,NA,0.378,2.83,57.49,133.9,-165.13,99.11,180.0
Human Dominant_18,R1,2026-08-25T06:39:54.572779Z,behavior_monitor,4,611,298,536,764,574,566,472.76,270.83,202.09,system,NA,0.364,2.83,31.5,138.32,-148.09,99.11,0.0
Human Dominant_18,R1,2026-08-25T06:39:55.082028Z,behavior_monitor,4,685,342,569,756,624,565,430.2,231.36,198.86,system,NA,0.35,2.83,31.5,129.41,0.0,99.11,0.0
Human Dominant_18,R1,2026-08-25T06:39:55.590279Z,behavior_monitor,4,764,370,635,756,675,565,407.0,214.41,195.15,system,NA,0.345,2.83,54.83,137.5,0.0,105.3,0.0
Human Dominant_18,R1,2026-08-25T06:39:56.098883Z,behavior_monitor,4,815,439,701,756,725,565,336.42,154.29,192.45,system,NA,0.314,2.83,54.83,129.41,0.0,99.11,0.0
Human Dominant_18,R1,2026-08-25T06:39:56.603896Z,behavior_monitor,4,863,509,767,756,776,565,265.24,103.76,191.15,system,NA,0.281,2.83,54.83,129.41,0.0,99.11,0.0
Human Dominant_18,R1,2026-08-25T06:39:57.110130Z,behavior_monitor,4,932,551,833,756,826,565,227.05,105.94,191.67,system,NA,0.318,2.83,4.72,129.41,0.0,99.11,0.0
Human Dominant_18,R1,2026-08-25T06:39:58.584350Z,human_signal,4,1169,589,1025,757,973,584,221.56,196.06,180.91,human,your_turn,0.469,2.83,2.32,131.07,14.66,169.61,54.25
Human Dominant_18,R1,2026-08-25T06:39:58.585243Z,behavior_monitor,4,1169,589,1025,757,973,584,221.56,196.06,180.91,system,NA,0.469,2.83,2.32,131.07,14.66,99.11,0.0
Human Dominant_18,R1,2026-08-25T06:39:58.585616Z,human_signal,4,1172,590,1027,758,973,584,222.23,198.61,182.15,human,your_turn,0.472,2.83,2.32,131.07,14.66,99.11,0.0
Human Dominant_18,R1,2026-08-25T06:39:59.092975Z,behavior_monitor,4,1254,593,1088,780,1024,589,249.68,230.22,200.76,system,NA,0.48,2.83,2.32,129.41,0.0,95.97,11.38
Human Dominant_18,R1,2026-08-25T06:39:59.602114Z,behavior_monitor,4,1340,601,1154,780,1074,596,257.54,265.55,199.78,system,NA,0.508,2.83,0.54,129.41,0.0,99.11,0.0
Human Dominant_18,R1,2026-08-25T06:40:00.111973Z,behavior_monitor,4,1410,643,1220,780,1125,639,233.89,284.98,169.74,system,NA,0.549,2.83,51.45,129.41,0.0,169.61,54.25
Human Dominant_18,R1,2026-08-25T06:40:00.618855Z,behavior_monitor,4,1430,684,1286,787,1175,679,176.79,254.28,154.67,system,NA,0.59,1.99,168.9,133.13,17.03,99.11,0.0
Human Dominant_18,R1,2026-08-25T06:40:01.122639Z,behavior_monitor,4,1370,696,1351,806,1226,692,111.36,143.84,168.48,system,NA,0.564,1.99,164.42,129.41,0.0,169.61,54.25
Human Dominant_18,R1,2026-08-25T06:40:01.632201Z,behavior_monitor,4,1309,708,1349,820,1277,703,118.74,32.91,136.98,system,NA,0.217,1.99,170.51,129.41,90.0,99.11,0.0
Human Dominant_18,R1,2026-08-25T06:40:01.699874Z,shot_hit,4,1299,710,1349,831,1280,706,131.27,19.05,142.74,agent,NA,0.127,1.99,170.51,122.22,90.0,0.0,0.0
Human Dominant_18,R1,2026-08-25T06:40:01.700685Z,flight_spawn,5,854,-20,1349,831,1280,706,984.69,841.99,142.74,system,NA,0.461,2.83,135.0,122.22,90.0,0.0,0.0
Human Dominant_18,R1,2026-08-25T06:40:07.421557Z,human_signal,5,474,738,643,885,891,706,223.44,418.44,306.3,human,your_turn,0.652,2.83,137.34,129.41,180.0,130.47,125.75
Human Dominant_18,R1,2026-08-25T06:40:07.422573Z,behavior_monitor,5,474,738,643,885,891,706,223.44,418.44,306.3,system,NA,0.652,2.83,137.34,129.41,180.0,130.47,125.75
Human Dominant_18,R1,2026-08-25T06:40:07.422876Z,human_signal,5,472,740,641,885,891,706,221.9,420.41,308.08,human,your_turn,0.655,2.83,137.34,129.41,180.0,130.47,125.75
Human Dominant_18,R1,2026-08-25T06:40:07.521793Z,human_signal,5,461,752,627,885,881,720,213.17,421.35,302.79,human,i_can,0.664,2.83,137.34,129.41,180.0,169.61,125.75
Human Dominant_18,R1,2026-08-25T06:40:07.928523Z,behavior_monitor,5,416,799,577,885,859,752,182.08,445.06,311.76,system,NA,0.71,2.83,130.23,129.41,180.0,97.85,125.75
Human Dominant_18,R1,2026-08-25T06:40:08.435823Z,behavior_monitor,5,354,849,511,896,838,780,163.65,488.51,346.92,system,NA,0.749,2.83,154.38,138.68,158.93,0.0,125.75
Human Dominant_18,R1,2026-08-25T06:40:08.942464Z,behavior_monitor,5,276,866,445,910,838,780,174.69,568.8,413.98,system,NA,0.765,2.83,176.67,129.41,180.0,0.0,-33.84
Human Dominant_18,R1,2026-08-25T06:40:09.453063Z,behavior_monitor,5,207,905,379,910,803,831,171.5,599.99,431.12,system,NA,0.778,2.83,134.61,129.41,180.0,130.47,125.75
Human Dominant_18,R1,2026-08-25T06:40:09.961527Z,behavior_monitor,5,135,942,329,906,764,885,197.26,631.47,435.53,system,NA,0.762,2.83,169.01,135.19,-39.46,138.63,125.75
Human Dominant_18,R1,2026-08-25T06:40:10.149858Z,flight_missed,5,103,954,350,888,748,906,255.5,646.68,398.56,system,NA,0.717,2.83,118.3,140.28,-41.27,130.47,125.75
Human Dominant_18,R1,2026-08-25T06:40:10.150870Z,flight_spawn,6,1221,-20,350,888,748,906,1258.45,1040.38,398.56,system,NA,0.453,2.88,133.93,140.28,-41.27,130.47,125.75
Human Dominant_18,R1,2026-08-25T06:40:14.552780Z,human_signal,6,797,307,664,476,774,566,214.61,260.01,142.58,human,your_turn,0.548,2.88,100.6,58.77,130.93,0.0,0.0
Human Dominant_18,R1,2026-08-25T06:40:14.554538Z,behavior_monitor,6,797,307,664,476,774,566,214.61,260.01,142.58,system,NA,0.548,2.88,100.6,55.5,130.93,0.0,0.0
Human Dominant_18,R1,2026-08-25T06:40:14.554952Z,human_signal,6,796,310,664,478,774,566,213.69,257.13,141.19,human,your_turn,0.546,2.88,100.6,55.5,130.93,0.0,0.0
Human Dominant_18,R1,2026-08-25T06:40:15.061523Z,behavior_monitor,6,790,391,669,541,767,566,193.21,177.4,100.89,system,NA,0.479,2.88,65.03,148.45,112.61,0.0,180.0
Human Dominant_18,R1,2026-08-25T06:40:15.569812Z,behavior_monitor,6,859,438,645,605,817,566,271.16,134.51,176.16,system,NA,0.332,2.88,23.91,129.41,90.0,99.11,0.0
Human Dominant_18,R1,2026-08-25T06:40:16.075853Z,behavior_monitor,6,937,475,687,658,868,566,309.93,114.95,202.74,system,NA,0.271,2.88,49.96,133.97,42.64,99.11,0.0
Human Dominant_18,R1,2026-08-25T06:40:16.581108Z,behavior_monitor,6,995,531,744,693,919,564,298.03,82.34,217.18,system,NA,0.216,2.88,28.08,132.52,25.0,99.11,0.0
Human Dominant_18,R1,2026-08-25T06:40:17.091548Z,behavior_monitor,6,1050,592,806,721,970,588,276.65,80.66,211.7,system,NA,0.226,2.88,53.42,132.78,24.85,169.61,54.25
Human Dominant_18,R1,2026-08-25T06:40:17.598980Z,behavior_monitor,6,1104,656,867,750,1020,651,255.19,84.23,182.39,system,NA,0.248,2.88,82.07,132.46,24.55,169.61,54.25
Human Dominant_18,R1,2026-08-25T06:40:18.107438Z,behavior_monitor,6,1106,740,928,778,1071,721,181.73,40.31,153.45,system,NA,0.182,2.88,111.37,132.46,24.55,169.61,54.25
Human Dominant_18,R1,2026-08-25T06:40:18.158060Z,shot_hit,6,1101,751,937,781,1078,730,167.53,31.53,150.1,agent,NA,0.158,2.88,111.37,132.46,24.55,169.61,54.25
Human Dominant_18,R1,2026-08-25T06:40:18.159141Z,flight_spawn,7,823,-20,937,781,1078,730,809.98,792.88,150.1,system,NA,0.495,3.04,48.84,132.46,24.55,169.61,54.25
Human Dominant_18,R1,2026-08-25T06:40:19.743910Z,human_signal,7,1073,77,946,855,1034,622,788.88,546.73,249.25,human,your_turn,0.409,3.04,9.05,137.36,43.43,130.47,-54.25
Human Dominant_18,R1,2026-08-25T06:40:19.744653Z,behavior_monitor,7,1073,77,946,855,1034,622,788.88,546.73,249.25,system,NA,0.409,3.04,9.05,137.36,43.43,130.47,-54.25
Human Dominant_18,R1,2026-08-25T06:40:19.745170Z,human_signal,7,1076,77,947,857,1034,622,790.07,546.46,250.07,human,your_turn,0.409,3.04,9.05,137.36,43.43,130.47,-54.25
Human Dominant_18,R1,2026-08-25T06:40:20.252058Z,behavior_monitor,7,1161,93,1003,896,1084,566,818.78,479.61,339.83,system,NA,0.369,3.04,32.11,138.14,20.48,99.11,0.0
Human Dominant_18,R1,2026-08-25T06:40:20.761719Z,behavior_monitor,7,1218,158,1039,866,1135,566,730.77,416.49,315.34,system,NA,0.363,3.04,58.37,134.17,-74.69,99.11,0.0
Human Dominant_18,R1,2026-08-25T06:40:21.269694Z,behavior_monitor,7,1256,237,1096,840,1185,566,623.12,336.04,287.92,system,NA,0.35,3.04,79.4,130.24,-34.19,99.11,0.0
Human Dominant_18,R1,2026-08-25T06:40:21.778563Z,behavior_monitor,7,1251,327,1161,836,1229,566,517.17,240.12,278.64,system,NA,0.317,3.04,130.31,129.41,0.0,0.0,0.0
Human Dominant_18,R1,2026-08-25T06:40:22.286372Z,behavior_monitor,7,1190,396,1188,814,1183,565,417.26,169.04,248.45,system,NA,0.288,3.04,130.31,57.36,-90.0,99.11,180.0
Human Dominant_18,R1,2026-08-25T06:40:22.794269Z,behavior_monitor,7,1137,468,1140,779,1132,565,311.06,97.02,214.31,system,NA,0.238,3.04,105.39,140.1,-157.47,99.11,180.0
Human Dominant_18,R1,2026-08-25T06:40:23.252367Z,shot_hit,7,1114,550,1091,762,1097,565,212.51,22.98,196.49,agent,NA,0.098,3.04,105.39,86.34,180.0,0.0,180.0
Human Dominant_18,R1,2026-08-25T06:40:23.253400Z,flight_spawn,8,410,-20,1091,762,1097,565,1037.08,902.37,196.49,system,NA,0.465,2.83,45.0,86.34,180.0,0.0,180.0
Human Dominant_18,R1,2026-08-25T06:40:26.334796Z,human_signal,8,828,203,730,775,958,565,579.94,384.45,310.02,human,your_turn,0.399,2.83,0.12,138.38,36.04,76.24,180.0
Human Dominant_18,R1,2026-08-25T06:40:26.336935Z,behavior_monitor,8,828,203,730,775,958,565,579.94,384.45,310.02,system,NA,0.399,2.83,0.12,137.39,32.79,76.24,180.0
Human Dominant_18,R1,2026-08-25T06:40:26.337309Z,human_signal,8,830,203,732,776,958,565,581.19,383.59,309.35,human,your_turn,0.398,2.83,0.12,137.39,32.79,76.24,180.0
Human Dominant_18,R1,2026-08-25T06:40:26.843261Z,behavior_monitor,8,908,220,794,795,908,565,586.1,344.69,256.88,system,NA,0.37,2.83,3.77,129.41,0.0,90.75,-162.69
Human Dominant_18,R1,2026-08-25T06:40:27.352590Z,behavior_monitor,8,983,253,859,803,943,565,563.63,314.62,252.25,system,NA,0.358,2.83,24.05,121.96,20.56,99.11,0.0
Human Dominant_18,R1,2026-08-25T06:40:27.859730Z,behavior_monitor,8,1058,284,923,804,993,565,536.81,287.54,249.52,system,NA,0.349,2.83,4.4,129.41,0.0,99.11,0.0
Human Dominant_18,R1,2026-08-25T06:40:28.363654Z,behavior_monitor,8,1135,306,989,804,1044,564,519.35,274.15,246.05,system,NA,0.345,2.83,23.29,129.41,0.0,99.11,0.0
Human Dominant_18,R1,2026-08-25T06:40:28.872424Z,behavior_monitor,8,1219,328,1055,804,1094,564,503.43,266.51,243.6,system,NA,0.346,2.83,16.95,129.41,0.0,99.11,0.0
Human Dominant_18,R1,2026-08-25T06:40:29.378857Z,behavior_monitor,8,1296,350,1121,804,1145,563,486.98,261.54,242.16,system,NA,0.349,2.83,11.62,129.41,0.0,99.11,0.0
Human Dominant_18,R1,2026-08-25T06:40:29.886757Z,behavior_monitor,8,1379,366,1187,804,1195,563,477.85,269.05,241.0,system,NA,0.36,2.83,13.63,129.41,0.0,99.11,0.0
Human Dominant_18,R1,2026-08-25T06:40:30.394215Z,behavior_monitor,8,1447,395,1253,804,1245,563,452.71,262.62,241.06,system,NA,0.367,2.3,144.77,129.41,0.0,99.11,0.0
Human Dominant_18,R1,2026-08-25T06:40:30.898354Z,behavior_monitor,8,1392,432,1266,780,1296,563,370.71,162.56,219.51,system,NA,0.305,2.3,144.99,58.63,180.0,105.3,0.0
Human Dominant_18,R1,2026-08-25T06:40:32.254458Z,shot_miss,8,1248,528,1127,810,1232,563,307.35,38.79,268.58,agent,NA,0.112,2.3,119.12,129.41,180.0,99.11,180.0
Human Dominant_18,R1,2026-08-25T06:40:32.591755Z,shot_hit,8,1214,557,1124,826,1200,563,283.51,14.97,273.96,agent,NA,0.05,2.3,170.18,62.99,143.83,99.11,180.0
Human Dominant_18,R1,2026-08-25T06:40:32.592400Z,flight_spawn,9,1218,-20,1124,826,1200,563,851.58,583.51,273.96,system,NA,0.407,2.83,45.0,62.99,143.83,99.11,180.0
Human Dominant_18,R1,2026-08-25T06:40:34.133158Z,human_signal,9,1294,168,1024,853,1275,563,736.78,395.51,383.77,human,your_turn,0.349,2.83,128.54,137.02,29.2,0.0,0.0
Human Dominant_18,R1,2026-08-25T06:40:34.133575Z,behavior_monitor,9,1294,168,1024,853,1275,563,736.78,395.51,383.77,system,NA,0.349,2.83,128.54,137.02,29.2,0.0,0.0
Human Dominant_18,R1,2026-08-25T06:40:34.133794Z,human_signal,9,1292,170,1026,854,1275,563,734.25,393.2,383.31,human,your_turn,0.349,2.83,128.54,137.02,29.2,0.0,0.0
Human Dominant_18,R1,2026-08-25T06:40:34.640867Z,behavior_monitor,9,1248,240,1085,887,1231,563,667.64,323.27,355.88,system,NA,0.326,2.83,103.96,137.48,29.36,0.0,180.0
Human Dominant_18,R1,2026-08-25T06:40:35.149708Z,behavior_monitor,9,1226,322,1121,907,1209,563,594.27,241.56,354.98,system,NA,0.289,2.83,103.96,0.0,35.32,0.0,180.0
Human Dominant_18,R1,2026-08-25T06:40:35.661494Z,behavior_monitor,9,1207,404,1076,856,1190,563,470.96,159.99,314.67,system,NA,0.254,2.83,100.98,140.15,-114.69,0.0,180.0
Human Dominant_18,R1,2026-08-25T06:40:36.167608Z,behavior_monitor,9,1163,468,1055,810,1150,563,358.53,96.06,264.28,system,NA,0.211,2.83,111.27,83.62,-130.03,99.11,180.0
Human Dominant_18,R1,2026-08-25T06:40:36.674699Z,behavior_monitor,9,1134,548,1022,790,1116,563,266.65,23.8,245.33,system,NA,0.082,2.83,88.53,135.61,-162.6,0.0,180.0
Human Dominant_18,R1,2026-08-25T06:40:36.692518Z,shot_hit,9,1134,553,1017,788,1116,563,262.31,20.96,245.74,agent,NA,0.074,2.83,61.67,136.12,-161.94,0.0,180.0
Human Dominant_18,R1,2026-08-25T06:40:36.692926Z,flight_spawn,10,436,-20,1017,788,1116,563,996.19,896.06,245.74,system,NA,0.474,3.06,130.86,136.12,-161.94,0.0,180.0
Human Dominant_18,R1,2026-08-25T06:40:38.639354Z,human_signal,10,404,292,845,812,990,564,681.31,645.34,287.0,human,your_turn,0.486,3.06,134.01,129.41,180.0,76.24,180.0
Human Dominant_18,R1,2026-08-25T06:40:38.639964Z,behavior_monitor,10,404,292,845,812,990,564,681.31,645.34,287.0,system,NA,0.486,3.06,134.01,129.41,180.0,76.24,180.0
Human Dominant_18,R1,2026-08-25T06:40:38.640471Z,human_signal,10,403,294,843,812,990,564,679.22,645.83,288.12,human,your_turn,0.487,3.06,134.01,129.41,180.0,76.24,180.0
Human Dominant_18,R1,2026-08-25T06:40:39.148907Z,behavior_monitor,10,347,357,779,812,939,564,626.97,627.35,294.68,system,NA,0.5,3.06,135.31,129.41,180.0,99.11,180.0
Human Dominant_18,R1,2026-08-25T06:40:39.661745Z,behavior_monitor,10,268,382,713,812,889,564,617.91,646.48,303.76,system,NA,0.511,3.06,179.84,129.41,180.0,99.11,180.0
Human Dominant_18,R1,2026-08-25T06:40:40.170354Z,behavior_monitor,10,213,436,647,812,838,565,573.55,637.31,312.15,system,NA,0.526,3.06,104.06,129.41,180.0,99.11,180.0
Human Dominant_18,R1,2026-08-25T06:40:40.679315Z,behavior_monitor,10,187,525,581,812,787,565,486.77,600.93,321.83,system,NA,0.552,3.06,104.06,129.41,180.0,99.11,180.0
Human Dominant_18,R1,2026-08-25T06:40:41.187371Z,behavior_monitor,10,144,605,517,832,736,599,436.44,592.25,319.32,system,NA,0.576,3.06,126.48,147.27,147.47,180.21,125.75
Human Dominant_18,R1,2026-08-25T06:40:41.695718Z,behavior_monitor,10,87,679,458,870,685,670,416.95,597.77,302.71,system,NA,0.589,3.06,100.86,138.81,147.04,205.58,128.04
Human Dominant_18,R1,2026-08-25T06:40:42.201864Z,behavior_monitor,10,146,739,397,906,635,733,302.0,489.08,294.19,system,NA,0.618,3.06,20.89,137.09,153.59,99.11,180.0
Human Dominant_18,R1,2026-08-25T06:40:42.709344Z,behavior_monitor,10,231,780,333,910,585,776,165.08,353.81,284.67,system,NA,0.682,3.06,23.04,126.23,180.0,169.61,125.75
Human Dominant_18,R1,2026-08-25T06:40:43.098748Z,human_signal,10,295,807,286,901,547,802,94.25,251.35,279.23,human,i_can,0.727,3.06,23.04,136.66,-143.94,169.61,125.75
Human Dominant_18,R1,2026-08-25T06:40:43.099436Z,human_signal,10,298,809,286,899,547,802,91.47,248.98,278.56,human,i_can,0.731,3.06,23.04,125.45,-117.03,99.11,180.0
Human Dominant_18,R1,2026-08-25T06:40:43.217985Z,behavior_monitor,10,315,816,297,889,540,811,75.73,224.73,255.13,system,NA,0.748,3.06,23.04,144.9,-38.98,97.85,125.75
Human Dominant_18,R1,2026-08-25T06:40:43.422397Z,human_signal,10,347,834,305,868,528,826,53.95,181.16,227.36,human,i_can,0.771,3.06,47.3,137.41,-113.94,97.85,125.75
Human Dominant_18,R1,2026-08-25T06:40:43.423545Z,human_signal,10,349,837,306,866,528,826,52.2,179.46,225.77,human,i_can,0.775,3.06,47.3,124.47,-90.0,97.85,125.75
Human Dominant_18,R1,2026-08-25T06:40:43.523637Z,shot_miss,10,363,844,317,864,522,834,49.79,159.86,207.47,human,NA,0.763,3.06,20.08,133.7,-14.56,97.85,125.75
Human Dominant_18,R1,2026-08-25T06:40:43.727531Z,shot_miss,10,397,851,343,868,510,845,56.92,113.62,169.33,human,NA,0.666,3.06,33.03,140.46,32.67,97.85,125.75
Human Dominant_18,R1,2026-08-25T06:40:43.728183Z,behavior_monitor,10,397,851,343,868,510,845,56.92,113.62,169.33,system,NA,0.666,3.06,33.03,140.46,32.67,97.85,125.75
Human Dominant_18,R1,2026-08-25T06:40:44.182074Z,shot_hit,10,480,868,368,903,484,862,117.76,7.14,123.33,agent,NA,0.057,3.06,8.76,129.41,180.0,97.85,125.75
Human Dominant_18,R1,2026-08-25T06:40:44.182329Z,flight_spawn,11,1283,-20,368,903,484,862,1300.26,1190.22,123.33,system,NA,0.478,2.83,45.0,129.41,180.0,97.85,125.75
Human Dominant_18,R1,2026-08-25T06:40:45.567268Z,human_signal,11,1448,108,368,895,538,788,1336.8,1136.64,200.69,human,your_turn,0.46,2.83,20.3,133.18,28.3,130.47,-54.25
Human Dominant_18,R1,2026-08-25T06:40:45.568033Z,behavior_monitor,11,1448,108,368,895,538,788,1336.8,1136.64,200.69,system,NA,0.46,2.83,20.3,133.18,28.3,130.47,-54.25
Human Dominant_18,R1,2026-08-25T06:40:45.568428Z,human_signal,11,1450,109,370,896,538,788,1336.07,1136.98,199.48,human,your_turn,0.46,1.87,148.34,133.18,28.3,130.47,-54.25
Human Dominant_18,R1,2026-08-25T06:40:45.635649Z,human_signal,11,1443,113,378,899,544,778,1323.58,1118.23,205.36,human,i_can,0.458,1.87,148.34,131.29,21.78,169.61,-54.25
Human Dominant_18,R1,2026-08-25T06:40:46.075695Z,behavior_monitor,11,1400,137,433,900,569,743,1232.02,1028.42,208.02,system,NA,0.455,1.87,148.34,129.41,0.0,97.85,-54.25
Human Dominant_18,R1,2026-08-25T06:40:46.586357Z,behavior_monitor,11,1350,154,499,900,588,717,1131.69,947.76,203.39,system,NA,0.456,1.87,155.98,129.41,0.0,0.0,-54.25
Human Dominant_18,R1,2026-08-25T06:40:47.096648Z,behavior_monitor,11,1308,191,565,898,588,718,1025.58,891.94,181.64,system,NA,0.465,1.87,85.98,134.37,-15.62,0.0,58.09
Human Dominant_18,R1,2026-08-25T06:40:47.604450Z,behavior_monitor,11,1295,244,631,878,617,678,917.65,804.75,199.98,system,NA,0.467,1.87,109.43,144.07,-17.37,138.63,-54.25
Human Dominant_18,R1,2026-08-25T06:40:48.111117Z,behavior_monitor,11,1270,291,697,857,656,625,805.02,698.18,236.15,system,NA,0.464,1.87,133.29,144.19,-17.52,138.63,-54.25
Human Dominant_18,R1,2026-08-25T06:40:48.616787Z,behavior_monitor,11,1248,342,763,836,695,571,692.52,598.27,274.31,system,NA,0.463,1.87,103.46,135.71,-17.52,130.47,-54.25
Human Dominant_18,R1,2026-08-25T06:40:49.119725Z,behavior_monitor,11,1221,389,829,815,734,565,579.11,517.78,267.65,system,NA,0.472,1.87,132.6,144.79,-18.27,81.0,0.0
Human Dominant_18,R1,2026-08-25T06:40:49.623169Z,behavior_monitor,11,1180,430,895,793,773,565,461.43,428.84,258.71,system,NA,0.482,1.87,132.6,136.58,-18.65,76.24,0.0
Human Dominant_18,R1,2026-08-25T06:40:50.132361Z,behavior_monitor,11,1129,443,961,771,812,565,367.73,339.35,254.23,system,NA,0.48,1.87,174.55,136.58,-18.65,76.24,0.0
Human Dominant_18,R1,2026-08-25T06:40:53.079819Z,shot_miss,11,824,527,768,843,839,565,320.46,40.74,286.73,agent,NA,0.113,1.87,128.43,129.41,180.0,76.24,180.0
Human Dominant_18,R1,2026-08-25T06:40:53.450838Z,shot_hit,11,795,559,720,839,811,566,289.08,16.62,287.57,agent,NA,0.054,1.87,128.43,134.94,-163.54,76.24,180.0
Human Dominant_18,R1,2026-08-25T06:40:53.451405Z,flight_spawn,12,638,-20,720,839,811,566,862.88,611.01,287.57,system,NA,0.415,2.91,46.67,134.94,-163.54,76.24,180.0
Human Dominant_18,R1,2026-08-25T06:40:55.279594Z,human_signal,12,926,100,824,784,842,566,691.68,473.58,218.83,human,your_turn,0.406,2.91,26.09,136.5,-18.55,76.24,0.0
Human Dominant_18,R1,2026-08-25T06:40:55.280223Z,behavior_monitor,12,926,100,824,784,842,566,691.68,473.58,218.83,system,NA,0.406,2.91,26.09,128.92,-18.55,72.0,0.0
Human Dominant_18,R1,2026-08-25T06:40:55.280707Z,human_signal,12,929,101,827,783,842,566,689.87,472.93,217.95,human,your_turn,0.407,2.91,26.09,128.92,-18.55,72.0,0.0
Human Dominant_18,R1,2026-08-25T06:40:55.785648Z,behavior_monitor,12,1009,111,890,764,892,566,663.18,469.94,197.43,system,NA,0.415,2.91,3.38,134.88,-16.37,99.11,0.0
Human Dominant_18,R1,2026-08-25T06:40:56.295343Z,behavior_monitor,12,1096,126,956,745,942,566,634.3,466.57,178.9,system,NA,0.424,2.91,24.04,134.83,-16.3,99.11,0.0
Human Dominant_18,R1,2026-08-25T06:40:56.802051Z,behavior_monitor,12,1171,166,1022,737,993,565,590.33,436.6,174.91,system,NA,0.425,2.91,50.54,129.41,0.0,99.11,0.0
Human Dominant_18,R1,2026-08-25T06:40:57.309027Z,behavior_monitor,12,1233,223,1088,737,1044,565,533.93,390.51,178.14,system,NA,0.422,2.91,29.18,129.41,0.0,99.11,0.0
Human Dominant_18,R1,2026-08-25T06:40:57.815426Z,behavior_monitor,12,1319,234,1154,737,1095,565,529.25,399.47,182.61,system,NA,0.43,2.91,49.29,129.41,0.0,99.11,0.0
Human Dominant_18,R1,2026-08-25T06:40:58.324122Z,behavior_monitor,12,1384,285,1220,743,1146,564,486.33,367.24,192.99,system,NA,0.43,2.91,27.34,138.42,29.4,99.11,0.0
Human Dominant_18,R1,2026-08-25T06:40:58.833723Z,behavior_monitor,12,1448,338,1277,784,1197,565,477.64,338.39,233.67,system,NA,0.415,2.91,28.61,130.61,39.39,117.05,11.69
Human Dominant_18,R1,2026-08-25T06:40:59.342459Z,behavior_monitor,12,1400,363,1299,777,1247,565,426.04,252.53,218.82,system,NA,0.372,2.07,158.34,141.41,-146.18,99.11,0.0
Human Dominant_18,R1,2026-08-25T06:40:59.849407Z,behavior_monitor,12,1344,395,1235,764,1298,564,384.9,175.64,209.34,system,NA,0.313,2.07,156.08,119.52,159.5,99.11,0.0
Human Dominant_18,R1,2026-08-25T06:41:01.989349Z,shot_miss,12,1145,534,1038,767,1127,564,256.25,35.18,221.21,agent,NA,0.121,2.07,111.63,0.0,0.0,99.11,180.0
Human Dominant_18,R1,2026-08-25T06:41:02.173952Z,shot_hit,12,1136,555,1024,755,1119,564,228.86,19.29,212.62,agent,NA,0.078,2.07,111.63,134.72,-145.15,0.0,180.0
Human Dominant_18,R1,2026-08-25T06:41:02.174920Z,flight_spawn,13,757,-20,1024,755,1119,564,820.08,688.16,212.62,system,NA,0.456,3.18,51.03,134.72,-145.15,0.0,180.0
Human Dominant_18,R1,2026-08-25T06:41:03.340226Z,human_signal,13,836,174,945,779,1050,565,614.16,445.78,238.49,human,your_turn,0.421,3.18,55.67,129.41,180.0,76.24,180.0
Human Dominant_18,R1,2026-08-25T06:41:03.340853Z,behavior_monitor,13,836,174,945,779,1050,565,614.16,445.78,238.49,system,NA,0.421,3.18,55.67,137.5,180.0,81.0,180.0
Human Dominant_18,R1,2026-08-25T06:41:03.341574Z,human_signal,13,838,177,942,779,1050,565,610.76,442.29,239.47,human,your_turn,0.42,3.18,26.62,137.5,180.0,81.0,180.0
Human Dominant_18,R1,2026-08-25T06:41:03.847304Z,behavior_monitor,13,929,186,887,779,1001,565,594.32,386.15,241.83,system,NA,0.394,3.18,1.44,0.0,180.0,99.11,180.0
Human Dominant_18,R1,2026-08-25T06:41:04.353563Z,behavior_monitor,13,1007,228,950,789,982,565,563.98,338.12,226.16,system,NA,0.375,3.18,48.11,134.73,-16.16,99.11,0.0
Human Dominant_18,R1,2026-08-25T06:41:04.861222Z,behavior_monitor,13,1033,318,1016,764,1010,566,446.29,249.0,198.17,system,NA,0.358,3.18,71.75,140.4,-26.71,74.71,21.09
Human Dominant_18,R1,2026-08-25T06:41:05.370529Z,behavior_monitor,13,1051,409,1075,730,1028,565,321.93,157.48,171.84,system,NA,0.328,3.18,70.46,89.97,0.0,0.0,0.0
Human Dominant_18,R1,2026-08-25T06:41:05.880322Z,behavior_monitor,13,1060,501,1047,731,1044,565,229.82,65.69,165.86,system,NA,0.222,3.18,97.51,82.74,151.05,0.0,146.98
Human Dominant_18,R1,2026-08-25T06:41:06.099730Z,shot_hit,13,1035,536,1035,738,1022,565,201.93,31.91,173.31,agent,NA,0.136,3.18,119.91,117.3,180.0,105.3,180.0
Human Dominant_18,R1,2026-08-25T06:41:06.100338Z,flight_spawn,14,935,-20,1035,738,1022,565,764.69,591.74,173.31,system,NA,0.436,2.83,45.0,117.3,180.0,105.3,180.0
Human Dominant_18,R1,2026-08-25T06:41:07.705933Z,human_signal,14,1155,108,1059,781,1062,564,680.23,466.2,216.46,human,your_turn,0.407,2.83,31.18,129.41,0.0,76.24,0.0
Human Dominant_18,R1,2026-08-25T06:41:07.707127Z,behavior_monitor,14,1155,108,1059,781,1062,564,680.23,466.2,216.46,system,NA,0.407,2.83,31.18,129.41,0.0,76.24,0.0
Human Dominant_18,R1,2026-08-25T06:41:07.707565Z,human_signal,14,1158,109,1061,781,1062,564,678.91,465.39,216.44,human,your_turn,0.407,2.83,31.18,129.41,0.0,76.24,0.0
Human Dominant_18,R1,2026-08-25T06:41:08.216107Z,behavior_monitor,14,1223,153,1124,780,1113,564,635.27,425.84,216.43,system,NA,0.401,2.83,33.91,96.07,-24.27,99.11,0.0
Human Dominant_18,R1,2026-08-25T06:41:08.724138Z,behavior_monitor,14,1298,196,1171,739,1163,564,557.42,391.87,175.01,system,NA,0.413,2.83,35.4,129.41,0.0,99.11,0.0
Human Dominant_18,R1,2026-08-25T06:41:09.231132Z,behavior_monitor,14,1359,251,1237,739,1213,564,502.51,344.74,176.71,system,NA,0.407,2.83,58.63,129.41,0.0,99.11,0.0
Human Dominant_18,R1,2026-08-25T06:41:09.739325Z,behavior_monitor,14,1386,331,1303,739,1263,564,416.58,263.45,179.39,system,NA,0.387,2.83,63.57,129.41,0.0,99.11,0.0
Human Dominant_18,R1,2026-08-25T06:41:10.244106Z,behavior_monitor,14,1412,409,1359,765,1314,564,359.91,183.73,205.87,system,NA,0.338,2.83,86.88,131.97,40.84,99.11,0.0
Human Dominant_18,R1,2026-08-25T06:41:10.753697Z,behavior_monitor,14,1415,493,1376,773,1364,564,282.51,87.23,208.91,system,NA,0.236,2.83,83.69,79.91,0.0,99.11,0.0
Human Dominant_18,R1,2026-08-25T06:41:11.110492Z,shot_hit,14,1425,552,1367,761,1401,564,216.68,26.56,199.93,agent,NA,0.109,2.83,89.39,105.73,18.52,99.11,0.0
Human Dominant_18,R1,2026-08-25T06:41:11.111119Z,flight_spawn,15,762,-20,1367,761,1401,564,989.06,866.62,199.93,system,NA,0.467,3.05,49.05,105.73,18.52,99.11,0.0
Human Dominant_18,R1,2026-08-25T06:41:12.332279Z,human_signal,15,783,147,1261,786,1337,564,797.81,692.73,235.39,human,your_turn,0.465,3.05,124.68,129.41,180.0,76.24,180.0
Human Dominant_18,R1,2026-08-25T06:41:12.333298Z,behavior_monitor,15,783,147,1261,786,1337,564,797.81,692.73,235.39,system,NA,0.465,3.05,124.68,129.41,180.0,76.24,180.0
Human Dominant_18,R1,2026-08-25T06:41:12.333728Z,human_signal,15,781,150,1259,786,1337,564,795.92,693.14,236.11,human,your_turn,0.465,3.05,124.68,129.41,180.0,76.24,180.0
Human Dominant_18,R1,2026-08-25T06:41:12.840568Z,behavior_monitor,15,731,223,1195,786,1287,564,730.4,652.3,240.93,system,NA,0.472,3.05,124.68,129.41,180.0,99.11,180.0
Human Dominant_18,R1,2026-08-25T06:41:13.347978Z,behavior_monitor,15,697,306,1129,786,1236,564,645.75,597.13,247.27,system,NA,0.48,3.05,103.17,129.41,180.0,99.11,180.0
Human Dominant_18,R1,2026-08-25T06:41:13.854934Z,behavior_monitor,15,656,382,1063,786,1186,564,573.86,560.24,254.2,system,NA,0.494,3.05,137.62,129.41,180.0,99.11,180.0
Human Dominant_18,R1,2026-08-25T06:41:14.363803Z,behavior_monitor,15,602,450,997,786,1136,564,519.0,546.43,262.05,system,NA,0.513,3.05,101.46,129.41,180.0,99.11,180.0
Human Dominant_18,R1,2026-08-25T06:41:14.870167Z,behavior_monitor,15,564,531,931,798,1085,564,453.64,522.1,279.9,system,NA,0.535,3.05,128.62,138.37,156.94,99.11,180.0
Human Dominant_18,R1,2026-08-25T06:41:15.377749Z,behavior_monitor,15,503,598,870,834,1035,592,435.79,531.18,292.55,system,NA,0.549,3.05,127.26,139.76,147.76,169.61,125.75
Human Dominant_18,R1,2026-08-25T06:41:15.885457Z,behavior_monitor,15,468,681,810,871,984,662,391.1,516.35,272.21,system,NA,0.569,3.05,103.5,130.97,148.91,160.19,125.75
Human Dominant_18,R1,2026-08-25T06:41:16.394476Z,behavior_monitor,15,463,770,749,907,933,732,317.08,471.9,254.41,system,NA,0.598,3.05,76.98,147.31,149.7,180.21,125.75
Human Dominant_18,R1,2026-08-25T06:41:16.896514Z,behavior_monitor,15,491,857,686,910,883,802,202.79,395.63,223.45,system,NA,0.661,3.05,56.78,123.45,180.0,169.61,125.75
Human Dominant_18,R1,2026-08-25T06:41:17.454715Z,shot_miss,15,541,939,617,910,827,880,82.08,292.39,211.85,human,NA,0.781,3.05,77.49,123.45,180.0,169.61,125.75
Human Dominant_18,R1,2026-08-25T06:41:17.521850Z,flight_missed,15,545,954,607,910,819,891,76.24,280.62,212.45,system,NA,0.786,3.05,77.49,121.65,180.0,169.61,125.75
Human Dominant_18,R1,2026-08-25T06:41:17.522431Z,flight_spawn,16,473,-20,607,910,819,891,939.62,975.11,212.45,system,NA,0.509,3.58,123.99,121.65,180.0,169.61,125.75
Human Dominant_18,R1,2026-08-25T06:41:19.403734Z,human_signal,16,555,322,581,796,709,740,475.25,445.25,139.65,human,your_turn,0.484,3.58,76.26,129.41,0.0,130.47,-125.75
Human Dominant_18,R1,2026-08-25T06:41:19.405230Z,behavior_monitor,16,555,322,581,796,709,740,475.25,445.25,139.65,system,NA,0.484,3.58,76.26,135.45,19.49,130.47,-125.75
Human Dominant_18,R1,2026-08-25T06:41:19.405511Z,human_signal,16,555,325,583,797,709,740,472.78,441.87,138.11,human,your_turn,0.483,3.58,76.26,135.45,19.49,130.47,-125.75
Human Dominant_18,R1,2026-08-25T06:41:19.910381Z,behavior_monitor,16,555,427,578,806,658,669,379.75,263.06,158.42,system,NA,0.409,3.58,100.58,136.12,-161.94,169.61,-125.75
Human Dominant_18,R1,2026-08-25T06:41:20.417119Z,behavior_monitor,16,539,532,512,797,607,599,267.23,95.17,219.75,system,NA,0.263,3.58,102.78,137.5,180.0,180.21,-125.75
Human Dominant_18,R1,2026-08-25T06:41:20.773771Z,shot_miss,16,526,608,502,830,569,594,222.56,45.25,244.74,agent,NA,0.169,3.58,80.75,135.1,146.96,169.61,125.75
Human Dominant_18,R1,2026-08-25T06:41:20.924787Z,behavior_monitor,16,536,634,485,837,556,613,208.82,29.1,234.74,system,NA,0.122,3.58,78.21,135.65,162.56,169.61,125.75
Human Dominant_18,R1,2026-08-25T06:41:21.111970Z,shot_miss,16,534,676,478,853,536,641,185.21,35.17,219.35,agent,NA,0.16,3.58,78.56,97.12,90.0,169.61,125.75
Human Dominant_18,R1,2026-08-25T06:41:21.384406Z,shot_miss,16,561,724,497,885,534,679,173.44,52.66,209.72,agent,NA,0.233,3.58,49.56,136.98,58.16,169.61,54.25
Human Dominant_18,R1,2026-08-25T06:41:21.434337Z,behavior_monitor,16,566,729,499,889,537,683,173.2,53.97,209.42,system,NA,0.238,3.58,49.56,143.92,63.74,180.21,54.25
Human Dominant_18,R1,2026-08-25T06:41:21.940320Z,behavior_monitor,16,603,827,549,910,580,754,98.5,77.24,158.92,system,NA,0.44,3.58,70.91,129.41,0.0,169.61,54.25
Human Dominant_18,R1,2026-08-25T06:41:22.243514Z,shot_miss,16,626,886,588,910,602,796,44.07,93.43,114.37,human,NA,0.68,3.58,49.51,137.5,0.0,180.21,54.25
Human Dominant_18,R1,2026-08-25T06:41:22.444631Z,behavior_monitor,16,656,919,615,910,621,824,42.58,101.04,85.82,system,NA,0.704,3.58,49.51,127.11,0.0,169.61,54.25
Human Dominant_18,R1,2026-08-25T06:41:22.461859Z,shot_miss,16,659,922,617,910,623,826,43.77,101.75,83.45,human,NA,0.699,3.58,49.51,127.11,0.0,169.61,54.25
Human Dominant_18,R1,2026-08-25T06:41:22.478961Z,conflict,16,664,927,621,910,627,831,46.58,103.19,78.71,system,NA,0.689,3.58,49.51,126.53,0.0,169.61,54.25
Human Dominant_18,R1,2026-08-25T06:41:22.949549Z,behavior_monitor,16,741,981,621,910,627,831,139.84,189.01,78.71,system,NA,0.575,3.58,26.4,0.0,0.0,0.0,54.25
Human Dominant_18,R1,2026-08-25T06:41:22.984484Z,flight_missed,16,751,986,622,910,628,833,149.47,195.7,76.43,system,NA,0.567,3.58,26.4,0.0,0.0,0.0,54.25
Human Dominant_18,R1,2026-08-25T06:41:22.984961Z,flight_spawn,17,1068,-20,622,910,628,833,1031.27,960.36,76.43,system,NA,0.482,3.09,49.61,0.0,0.0,0.0,54.25
Human Dominant_18,R1,2026-08-25T06:41:24.910754Z,human_signal,17,1335,164,790,910,749,664,923.69,770.46,248.39,human,your_turn,0.455,3.09,20.63,129.41,0.0,130.47,-54.25
Human Dominant_18,R1,2026-08-25T06:41:24.911090Z,behavior_monitor,17,1335,164,790,910,749,664,923.69,770.46,248.39,system,NA,0.455,3.09,20.63,129.41,0.0,130.43,-66.64
Human Dominant_18,R1,2026-08-25T06:41:24.911274Z,human_signal,17,1338,165,792,910,749,664,923.08,771.77,248.76,human,your_turn,0.455,3.09,20.63,129.41,0.0,130.43,-66.64
Human Dominant_18,R1,2026-08-25T06:41:25.415356Z,behavior_monitor,17,1419,191,856,910,801,594,913.24,738.32,320.38,system,NA,0.447,3.09,0.02,129.41,0.0,169.61,-54.25
Human Dominant_18,R1,2026-08-25T06:41:25.923231Z,behavior_monitor,17,1418,198,922,897,851,566,856.46,675.36,338.5,system,NA,0.441,1.85,122.12,135.74,-17.57,99.11,0.0
Human Dominant_18,R1,2026-08-25T06:41:26.431520Z,behavior_monitor,17,1409,252,988,871,901,565,748.64,596.57,318.59,system,NA,0.443,1.85,67.83,148.07,-21.79,105.3,0.0
Human Dominant_18,R1,2026-08-25T06:41:26.935444Z,behavior_monitor,17,1432,300,1054,845,951,565,663.41,549.26,297.68,system,NA,0.453,1.85,66.66,139.46,-21.88,99.11,0.0
Human Dominant_18,R1,2026-08-25T06:41:27.440657Z,behavior_monitor,17,1428,355,1120,820,1003,565,557.52,474.09,280.33,system,NA,0.46,1.85,92.5,134.59,-15.95,99.11,0.0
Human Dominant_18,R1,2026-08-25T06:41:27.944460Z,behavior_monitor,17,1442,408,1186,815,1053,565,480.94,419.14,283.02,system,NA,0.466,1.85,67.64,129.41,0.0,99.11,0.0
Human Dominant_18,R1,2026-08-25T06:41:28.452831Z,behavior_monitor,17,1447,460,1252,815,1104,565,405.82,358.89,290.87,system,NA,0.469,1.73,98.42,129.41,0.0,99.11,0.0
Human Dominant_18,R1,2026-08-25T06:41:28.961101Z,behavior_monitor,17,1427,505,1318,799,1155,565,312.8,278.58,285.15,system,NA,0.471,1.73,125.76,135.83,-17.69,99.11,0.0
Human Dominant_18,R1,2026-08-25T06:41:29.466541Z,behavior_monitor,17,1394,548,1379,777,1205,565,229.49,189.94,273.49,system,NA,0.453,1.73,125.76,61.04,-90.0,99.11,0.0
Human Dominant_18,R1,2026-08-25T06:41:30.426349Z,shot_hit,17,1297,563,1365,894,1281,566,337.99,16.67,339.26,agent,NA,0.047,1.73,174.68,142.07,136.14,99.11,180.0
Human Dominant_18,R1,2026-08-25T06:41:30.426963Z,flight_spawn,18,587,-20,1365,894,1281,566,1201.15,908.38,339.26,system,NA,0.431,2.83,135.0,142.07,136.14,99.11,180.0
Human Dominant_18,R1,2026-08-25T06:41:31.597582Z,human_signal,18,523,151,1221,910,1215,566,1031.37,806.97,343.97,human,your_turn,0.439,2.83,86.66,126.7,180.0,76.24,180.0
Human Dominant_18,R1,2026-08-25T06:41:31.598593Z,behavior_monitor,18,523,151,1221,910,1215,566,1031.37,806.97,343.97,system,NA,0.439,2.83,86.66,126.7,180.0,76.24,180.0
Human Dominant_18,R1,2026-08-25T06:41:31.599092Z,human_signal,18,523,153,1219,910,1215,566,1028.78,805.83,344.9,human,your_turn,0.439,2.83,86.66,126.7,180.0,76.24,180.0
Human Dominant_18,R1,2026-08-25T06:41:32.102910Z,behavior_monitor,18,527,235,1157,910,1164,566,922.6,717.69,343.62,system,NA,0.438,2.83,87.98,126.7,180.0,99.11,180.0
Human Dominant_18,R1,2026-08-25T06:41:32.609410Z,behavior_monitor,18,541,317,1092,910,1114,566,809.12,624.55,343.75,system,NA,0.436,2.83,83.21,134.92,180.0,105.3,180.0
Human Dominant_18,R1,2026-08-25T06:41:33.117625Z,behavior_monitor,18,552,401,1027,910,1063,564,695.64,536.09,347.41,system,NA,0.435,2.83,83.21,128.78,180.0,99.11,180.0
Human Dominant_18,R1,2026-08-25T06:41:33.627210Z,behavior_monitor,18,564,485,961,910,1013,565,581.06,455.78,348.48,system,NA,0.44,2.83,83.21,129.03,180.0,99.11,180.0
Human Dominant_18,R1,2026-08-25T06:41:34.138954Z,behavior_monitor,18,597,562,895,910,963,565,457.45,365.54,351.57,system,NA,0.444,2.83,59.42,129.41,180.0,69.88,-178.55
Human Dominant_18,R1,2026-08-25T06:41:34.645861Z,behavior_monitor,18,642,635,829,910,912,628,332.26,270.92,293.83,system,NA,0.449,2.83,35.34,129.41,180.0,169.61,125.75
Human Dominant_18,R1,2026-08-25T06:41:35.154329Z,behavior_monitor,18,715,672,763,910,862,668,242.17,147.02,261.12,system,NA,0.378,2.83,14.14,129.41,180.0,169.61,125.75
Human Dominant_18,R1,2026-08-25T06:41:35.661611Z,behavior_monitor,18,795,690,697,910,812,685,239.77,17.84,252.09,system,NA,0.069,2.83,5.93,129.41,180.0,99.11,180.0
Human Dominant_18,R1,2026-08-25T06:41:35.764162Z,shot_hit,18,814,693,682,910,800,687,253.84,14.58,251.68,agent,NA,0.054,2.83,23.08,129.41,180.0,99.11,180.0
Human Dominant_18,R1,2026-08-25T06:41:35.764700Z,flight_spawn,19,193,-20,682,910,800,687,1050.43,932.11,251.68,system,NA,0.47,3.28,127.6,129.41,180.0,99.11,180.0
Human Dominant_18,R1,2026-08-25T06:41:38.791953Z,human_signal,19,185,237,368,836,652,566,625.9,570.69,391.04,human,i_can,0.477,2.2,57.58,133.76,-153.04,76.24,180.0
Human Dominant_18,R1,2026-08-25T06:41:38.808611Z,behavior_monitor,19,185,237,368,836,651,566,625.9,569.9,390.34,system,NA,0.477,2.2,57.58,133.76,-153.04,57.18,180.0
Human Dominant_18,R1,2026-08-25T06:41:39.309460Z,behavior_monitor,19,219,293,307,805,621,565,519.47,485.45,394.79,system,NA,0.483,2.2,57.58,133.42,-153.32,57.18,180.0
Human Dominant_18,R1,2026-08-25T06:41:39.820264Z,behavior_monitor,19,243,354,247,771,607,565,416.59,421.39,414.4,system,NA,0.503,2.2,83.71,137.35,-140.11,0.0,143.65
Human Dominant_18,R1,2026-08-25T06:41:40.328584Z,behavior_monitor,19,234,419,212,741,598,565,322.84,392.58,423.7,system,NA,0.549,2.2,89.28,132.78,-150.54,76.24,180.0
Human Dominant_18,R1,2026-08-25T06:41:40.839031Z,behavior_monitor,19,208,472,203,719,560,565,246.78,364.05,388.72,system,NA,0.596,2.2,138.35,123.99,-128.38,76.24,180.0
Human Dominant_18,R1,2026-08-25T06:41:41.349252Z,behavior_monitor,19,161,516,158,669,521,565,153.04,363.48,377.5,system,NA,0.704,2.2,138.35,136.27,-138.55,76.24,180.0
Human Dominant_18,R1,2026-08-25T06:41:41.854594Z,behavior_monitor,19,106,543,106,623,482,566,79.55,376.23,380.43,system,NA,0.825,2.2,172.6,138.39,-136.62,76.24,180.0
Human Dominant_18,R1,2026-08-25T06:41:42.277949Z,shot_miss,19,53,550,64,581,449,566,32.98,397.16,385.5,human,NA,0.923,2.2,172.6,137.68,-133.54,76.24,180.0
Human Dominant_18,R1,2026-08-25T06:41:42.361759Z,behavior_monitor,19,42,552,56,573,443,566,25.53,401.6,386.79,system,NA,0.94,2.2,172.6,137.46,-133.26,76.24,180.0
Human Dominant_18,R1,2026-08-25T06:41:42.749291Z,shot_hit,19,31,576,58,574,414,571,27.96,383.03,355.14,human,NA,0.932,1.65,48.34,125.6,65.1,51.47,166.09
Human Dominant_18,R1,2026-08-25T06:41:42.749936Z,flight_spawn,20,565,-20,58,574,414,571,780.86,610.75,355.14,system,NA,0.439,2.88,46.11,125.6,65.1,51.47,166.09
Human Dominant_18,R1,2026-08-25T06:41:44.000822Z,human_signal,20,707,143,136,708,483,566,803.9,478.94,375.19,human,your_turn,0.373,2.88,45.37,128.11,41.62,72.0,0.0
Human Dominant_18,R1,2026-08-25T06:41:44.001458Z,behavior_monitor,20,707,143,136,708,483,566,803.9,478.94,375.19,system,NA,0.373,2.88,45.37,135.64,41.62,76.24,0.0
Human Dominant_18,R1,2026-08-25T06:41:44.001987Z,human_signal,20,709,145,138,710,483,566,803.67,478.03,374.18,human,your_turn,0.373,2.88,45.37,135.64,41.62,76.24,0.0
Human Dominant_18,R1,2026-08-25T06:41:44.504603Z,behavior_monitor,20,771,202,190,751,533,566,799.43,434.94,389.87,system,NA,0.352,2.88,19.3,135.68,34.12,99.11,0.0
Human Dominant_18,R1,2026-08-25T06:41:45.015498Z,behavior_monitor,20,856,222,249,789,583,565,830.26,437.85,402.36,system,NA,0.345,2.88,8.93,135.89,29.6,99.11,0.0
Human Dominant_18,R1,2026-08-25T06:41:45.526525Z,behavior_monitor,20,935,245,312,808,633,565,839.89,439.92,402.89,system,NA,0.344,2.88,8.48,129.41,0.0,96.9,4.84
Human Dominant_18,R1,2026-08-25T06:41:46.027957Z,behavior_monitor,20,1023,254,373,798,684,565,847.43,460.13,388.33,system,NA,0.352,2.88,4.85,81.01,0.0,99.11,0.0
Human Dominant_18,R1,2026-08-25T06:41:46.533613Z,behavior_monitor,20,1101,287,374,798,734,565,887.83,459.55,428.87,system,NA,0.341,2.88,33.67,0.0,0.0,99.11,0.0
Human Dominant_18,R1,2026-08-25T06:41:47.041507Z,behavior_monitor,20,1148,361,437,805,785,564,838.0,415.99,422.96,system,NA,0.332,2.88,60.27,129.41,0.0,99.11,0.0
Human Dominant_18,R1,2026-08-25T06:41:47.547148Z,behavior_monitor,20,1192,436,503,805,836,564,781.11,378.55,410.36,system,NA,0.326,2.88,36.29,129.41,0.0,99.11,0.0
Human Dominant_18,R1,2026-08-25T06:41:48.056607Z,behavior_monitor,20,1228,508,569,805,886,564,722.54,346.47,397.9,system,NA,0.324,2.88,89.66,129.41,0.0,99.11,0.0
Human Dominant_18,R1,2026-08-25T06:41:48.566310Z,behavior_monitor,20,1223,592,635,805,937,584,625.5,286.41,373.72,system,NA,0.314,2.88,70.5,129.41,0.0,169.61,54.25
Human Dominant_18,R1,2026-08-25T06:41:49.669166Z,human_signal,20,1385,655,781,805,1049,650,623.05,336.62,309.72,human,your_turn,0.351,2.88,1.07,129.41,0.0,99.11,0.0
Human Dominant_18,R1,2026-08-25T06:41:49.671036Z,behavior_monitor,20,1385,655,781,805,1049,650,623.05,336.62,309.72,system,NA,0.351,2.88,1.07,137.5,0.0,105.3,0.0
Human Dominant_18,R1,2026-08-25T06:41:49.671402Z,human_signal,20,1388,655,783,805,1049,650,624.07,339.89,307.82,human,your_turn,0.353,2.88,1.07,137.5,0.0,105.3,0.0
Human Dominant_18,R1,2026-08-25T06:41:50.174993Z,behavior_monitor,20,1450,706,847,805,1099,701,611.02,350.82,272.59,system,NA,0.365,2.42,119.11,129.41,0.0,169.61,54.25
Human Dominant_18,R1,2026-08-25T06:41:50.683959Z,behavior_monitor,20,1414,770,913,805,1150,764,502.28,263.95,240.57,system,NA,0.344,2.42,119.11,129.41,0.0,169.61,54.25
Human Dominant_18,R1,2026-08-25T06:41:51.194307Z,behavior_monitor,20,1414,839,979,805,1201,835,436.72,213.36,224.09,system,NA,0.328,2.42,68.36,129.41,0.0,169.61,54.25
Human Dominant_18,R1,2026-08-25T06:41:51.695122Z,behavior_monitor,20,1425,910,1008,797,1251,905,431.34,173.59,265.89,system,NA,0.287,2.42,67.7,137.44,-160.32,169.61,54.25
Human Dominant_18,R1,2026-08-25T06:41:51.999383Z,flight_missed,20,1439,953,972,789,1283,910,494.89,162.31,333.14,system,NA,0.247,2.42,58.87,62.06,-90.0,99.11,0.0
Human Dominant_18,R2,2026-08-25T06:41:58.652530Z,flight_spawn,1,344,-20,972,789,1283,910,1024.48,1321.1,333.14,system,NA,0.563,3.37,53.6,0.0,-90.0,0.0,0.0
Human Dominant_18,R2,2026-08-25T06:42:03.402516Z,human_signal,1,587,219,982,804,470,602,705.53,400.49,550.16,human,your_turn,0.362,3.37,23.96,140.09,157.48,130.47,-54.25
Human Dominant_18,R2,2026-08-25T06:42:03.403532Z,behavior_monitor,1,587,219,982,804,470,602,705.53,400.49,550.16,system,NA,0.362,3.37,23.96,140.09,157.48,130.47,-54.25
Human Dominant_18,R2,2026-08-25T06:42:03.403998Z,human_signal,1,590,221,980,805,470,602,702.58,399.89,548.45,human,your_turn,0.363,3.37,23.96,140.09,157.48,130.47,-54.25
Human Dominant_18,R2,2026-08-25T06:42:03.906680Z,behavior_monitor,1,656,291,916,830,521,564,598.53,305.18,475.78,system,NA,0.338,3.37,48.12,136.09,161.98,99.11,0.0
Human Dominant_18,R2,2026-08-25T06:42:04.415857Z,behavior_monitor,1,735,349,850,824,573,564,488.13,269.53,380.0,system,NA,0.356,3.37,47.67,129.41,180.0,99.11,0.0
Human Dominant_18,R2,2026-08-25T06:42:04.921696Z,behavior_monitor,1,804,427,826,837,623,564,411.05,227.24,339.9,system,NA,0.356,3.37,68.38,139.42,48.63,99.11,0.0
Human Dominant_18,R2,2026-08-25T06:42:05.430100Z,behavior_monitor,1,813,525,862,885,674,564,362.67,144.65,371.68,system,NA,0.285,3.37,76.37,129.41,180.0,99.11,0.0
Human Dominant_18,R2,2026-08-25T06:42:05.934584Z,behavior_monitor,1,836,624,835,895,724,605,271.71,113.62,311.05,system,NA,0.295,3.37,76.37,0.0,90.0,169.61,54.25
Human Dominant_18,R2,2026-08-25T06:42:06.441028Z,behavior_monitor,1,838,723,841,894,775,675,170.92,79.18,228.11,system,NA,0.317,3.37,74.94,0.0,-90.0,169.61,54.25
Human Dominant_18,R2,2026-08-25T06:42:06.948092Z,behavior_monitor,1,848,821,841,910,824,746,88.8,78.41,164.32,system,NA,0.469,3.37,84.14,72.95,0.0,137.65,90.0
Human Dominant_18,R2,2026-08-25T06:42:07.270045Z,shot_miss,1,867,880,841,910,843,791,38.87,92.72,118.97,human,NA,0.705,3.37,55.72,0.0,0.0,169.61,54.25
Human Dominant_18,R2,2026-08-25T06:42:07.456430Z,behavior_monitor,1,887,911,860,910,861,816,27.06,97.96,93.22,system,NA,0.784,3.37,55.72,103.24,0.0,169.61,54.25
Human Dominant_18,R2,2026-08-25T06:42:07.538549Z,conflict,1,898,927,870,910,871,830,33.07,100.66,79.19,system,NA,0.753,3.37,55.72,92.94,0.0,169.61,54.25
Human Dominant_18,R2,2026-08-25T06:42:07.965304Z,behavior_monitor,1,933,999,870,910,871,830,109.57,179.66,79.19,system,NA,0.621,3.37,49.77,0.0,0.0,0.0,54.25
Human Dominant_18,R2,2026-08-25T06:42:08.047919Z,flight_missed,1,947,1014,871,910,873,833,129.66,196.21,76.87,system,NA,0.602,3.37,49.77,0.0,0.0,0.0,54.25
Human Dominant_18,R2,2026-08-25T06:42:08.048343Z,flight_spawn,2,884,-20,871,910,873,833,930.1,853.24,76.87,system,NA,0.478,2.93,133.06,0.0,0.0,0.0,54.25
Human Dominant_18,R2,2026-08-25T06:42:10.979714Z,human_signal,2,729,419,710,850,734,565,431.37,146.07,285.99,human,your_turn,0.253,2.93,111.02,148.8,-141.26,81.0,180.0
Human Dominant_18,R2,2026-08-25T06:42:10.980754Z,behavior_monitor,2,729,419,710,850,734,565,431.37,146.07,285.99,system,NA,0.253,2.93,111.02,137.63,-146.55,76.24,180.0
Human Dominant_18,R2,2026-08-25T06:42:10.981160Z,human_signal,2,728,422,708,849,734,565,427.44,143.39,284.94,human,your_turn,0.251,2.93,111.02,137.63,-146.55,76.24,180.0
Human Dominant_18,R2,2026-08-25T06:42:11.489522Z,behavior_monitor,2,654,470,648,845,684,565,375.11,99.81,282.07,system,NA,0.21,2.93,115.69,129.41,180.0,99.11,180.0
Human Dominant_18,R2,2026-08-25T06:42:11.959406Z,shot_hit,2,611,544,585,845,635,565,301.99,31.58,284.38,agent,NA,0.095,2.93,140.31,129.41,180.0,99.11,180.0
Human Dominant_18,R2,2026-08-25T06:42:11.959646Z,flight_spawn,3,918,-20,585,845,635,565,927.61,650.59,284.38,system,NA,0.412,3.35,126.69,129.41,180.0,99.11,180.0
Human Dominant_18,R2,2026-08-25T06:42:13.109406Z,human_signal,3,768,123,632,851,691,565,739.97,448.8,291.24,human,your_turn,0.378,3.35,101.99,129.41,0.0,76.24,0.0
Human Dominant_18,R2,2026-08-25T06:42:13.110095Z,behavior_monitor,3,768,123,632,851,691,565,739.97,448.8,291.24,system,NA,0.378,3.35,101.99,122.22,0.0,72.0,0.0
Human Dominant_18,R2,2026-08-25T06:42:13.110440Z,human_signal,3,766,126,634,851,691,565,736.12,445.36,290.81,human,your_turn,0.377,3.35,122.89,122.22,0.0,72.0,0.0
Human Dominant_18,R2,2026-08-25T06:42:13.617832Z,behavior_monitor,3,692,186,632,834,690,567,650.08,380.37,273.21,system,NA,0.369,3.35,128.42,135.84,-157.59,73.91,178.14
Human Dominant_18,R2,2026-08-25T06:42:14.125024Z,behavior_monitor,3,699,284,567,812,675,566,544.47,283.18,268.85,system,NA,0.342,3.35,60.9,142.68,-164.51,0.0,0.0
Human Dominant_18,R2,2026-08-25T06:42:14.630050Z,behavior_monitor,3,749,371,595,825,723,565,478.98,195.08,290.2,system,NA,0.289,3.35,60.9,137.06,25.92,99.11,0.0
Human Dominant_18,R2,2026-08-25T06:42:15.138168Z,behavior_monitor,3,777,465,659,849,754,565,401.9,103.26,298.96,system,NA,0.204,3.35,87.08,133.76,16.5,0.0,0.0
Human Dominant_18,R2,2026-08-25T06:42:15.562228Z,shot_hit,3,771,547,716,862,747,565,320.17,30.34,298.35,agent,NA,0.087,3.35,64.93,129.41,0.0,0.0,180.0
Human Dominant_18,R2,2026-08-25T06:42:15.562805Z,flight_spawn,4,1260,-20,716,862,747,565,1036.51,778.39,298.35,system,NA,0.429,2.83,135.0,129.41,0.0,0.0,180.0
Human Dominant_18,R2,2026-08-25T06:42:16.440680Z,human_signal,4,1260,120,791,890,791,565,901.38,646.71,324.99,human,your_turn,0.418,2.83,64.38,134.16,20.53,76.24,0.0
Human Dominant_18,R2,2026-08-25T06:42:16.441255Z,behavior_monitor,4,1260,120,791,890,791,565,901.38,646.71,324.99,system,NA,0.418,2.83,64.38,134.0,20.34,76.24,0.0
Human Dominant_18,R2,2026-08-25T06:42:16.441760Z,human_signal,4,1261,123,794,891,791,565,899.0,645.28,325.79,human,your_turn,0.418,2.83,64.38,134.0,20.34,76.24,0.0
Human Dominant_18,R2,2026-08-25T06:42:16.953723Z,behavior_monitor,4,1307,191,857,903,841,565,842.75,597.11,338.84,system,NA,0.415,2.83,57.67,129.41,0.0,99.11,0.0
Human Dominant_18,R2,2026-08-25T06:42:17.462036Z,behavior_monitor,4,1370,239,923,885,893,564,786.35,577.79,322.4,system,NA,0.424,2.83,7.21,136.3,-18.3,99.11,0.0
Human Dominant_18,R2,2026-08-25T06:42:17.969567Z,behavior_monitor,4,1432,286,989,874,943,565,736.28,562.11,312.75,system,NA,0.433,2.83,50.64,129.41,0.0,99.11,0.0
Human Dominant_18,R2,2026-08-25T06:42:18.473024Z,behavior_monitor,4,1430,352,1055,874,994,564,643.1,484.98,315.68,system,NA,0.43,2.44,116.21,129.41,0.0,99.11,0.0
Human Dominant_18,R2,2026-08-25T06:42:18.982729Z,behavior_monitor,4,1395,414,1121,874,1045,564,535.32,380.8,319.22,system,NA,0.416,2.44,115.16,129.41,0.0,99.11,0.0
Human Dominant_18,R2,2026-08-25T06:42:19.486783Z,behavior_monitor,4,1401,480,1187,874,1095,564,448.28,316.69,323.24,system,NA,0.414,2.44,57.5,129.41,0.0,99.11,0.0
Human Dominant_18,R2,2026-08-25T06:42:19.997435Z,behavior_monitor,4,1437,514,1253,874,1145,564,404.38,296.26,328.45,system,NA,0.423,1.77,159.3,129.41,0.0,99.11,0.0
Human Dominant_18,R2,2026-08-25T06:42:20.508464Z,behavior_monitor,4,1383,516,1319,874,1196,564,364.32,193.13,333.79,system,NA,0.346,1.77,179.41,129.41,0.0,99.11,0.0
Human Dominant_18,R2,2026-08-25T06:42:21.015993Z,behavior_monitor,4,1334,527,1304,849,1247,564,323.49,93.82,290.96,system,NA,0.225,1.77,179.91,140.81,-156.79,99.11,0.0
Human Dominant_18,R2,2026-08-25T06:42:21.371447Z,shot_miss,4,1295,529,1310,860,1278,564,330.58,38.35,297.22,agent,NA,0.104,1.77,176.36,126.58,58.8,0.0,0.0
Human Dominant_18,R2,2026-08-25T06:42:21.709741Z,shot_hit,4,1264,535,1291,892,1248,564,358.46,33.17,331.09,agent,NA,0.085,1.77,160.7,139.96,157.61,99.11,180.0
Human Dominant_18,R2,2026-08-25T06:42:21.710325Z,flight_spawn,5,632,-20,1291,892,1248,564,1125.47,848.86,331.09,system,NA,0.43,3.54,124.43,139.96,157.61,99.11,180.0
Human Dominant_18,R2,2026-08-25T06:42:23.281800Z,human_signal,5,460,240,1088,910,1149,565,917.88,761.1,349.96,human,your_turn,0.453,3.54,138.69,129.41,180.0,76.24,180.0
Human Dominant_18,R2,2026-08-25T06:42:23.282738Z,behavior_monitor,5,460,240,1088,910,1149,565,917.88,761.1,349.96,system,NA,0.453,3.54,138.69,129.41,180.0,76.24,180.0
Human Dominant_18,R2,2026-08-25T06:42:23.283222Z,human_signal,5,458,243,1086,910,1149,565,916.7,762.02,351.13,human,your_turn,0.454,3.54,138.69,129.41,180.0,76.24,180.0
Human Dominant_18,R2,2026-08-25T06:42:23.790018Z,behavior_monitor,5,381,310,1022,910,1098,564,877.61,760.81,353.28,system,NA,0.464,3.54,159.16,129.41,180.0,99.11,180.0
Human Dominant_18,R2,2026-08-25T06:42:24.300289Z,behavior_monitor,5,283,348,956,910,1048,563,876.77,794.57,358.06,system,NA,0.475,3.54,159.16,129.41,180.0,99.11,180.0
Human Dominant_18,R2,2026-08-25T06:42:24.808452Z,behavior_monitor,5,180,371,890,910,997,563,891.5,839.44,362.42,system,NA,0.485,3.54,152.52,129.41,180.0,99.11,180.0
Human Dominant_18,R2,2026-08-25T06:42:25.313511Z,behavior_monitor,5,153,451,824,910,946,563,813.3,801.22,367.23,system,NA,0.496,3.54,74.7,137.5,180.0,105.3,180.0
Human Dominant_18,R2,2026-08-25T06:42:25.820501Z,behavior_monitor,5,186,544,758,910,895,563,678.62,708.95,372.03,system,NA,0.511,3.54,36.07,129.41,180.0,99.11,180.0
Human Dominant_18,R2,2026-08-25T06:42:26.331148Z,behavior_monitor,5,202,640,692,910,845,613,558.99,642.84,333.57,system,NA,0.535,3.54,87.82,129.41,180.0,169.61,125.75
Human Dominant_18,R2,2026-08-25T06:42:26.839965Z,behavior_monitor,5,232,740,626,910,794,684,429.65,565.14,281.28,system,NA,0.568,3.54,39.77,129.41,180.0,169.61,125.75
Human Dominant_18,R2,2026-08-25T06:42:27.347956Z,behavior_monitor,5,316,800,560,910,743,754,267.78,429.66,240.29,system,NA,0.616,3.54,17.97,129.41,180.0,169.61,125.75
Human Dominant_18,R2,2026-08-25T06:42:27.855532Z,behavior_monitor,5,413,836,494,910,693,823,109.56,280.13,216.24,system,NA,0.719,3.54,29.11,129.41,180.0,169.61,125.75
Human Dominant_18,R2,2026-08-25T06:42:28.161773Z,shot_miss,5,472,853,469,901,662,849,47.63,190.0,199.99,human,NA,0.8,3.54,2.67,132.62,16.99,99.11,180.0
Human Dominant_18,R2,2026-08-25T06:42:28.347338Z,shot_miss,5,507,869,492,910,644,864,43.02,137.02,158.24,human,NA,0.761,3.54,32.18,119.01,0.94,99.11,180.0
Human Dominant_18,R2,2026-08-25T06:42:28.515011Z,shot_miss,5,535,888,495,900,627,882,41.88,91.63,132.75,human,NA,0.686,3.54,32.18,116.06,-113.24,99.11,180.0
Human Dominant_18,R2,2026-08-25T06:42:28.666418Z,shot_miss,5,562,905,510,901,611,901,51.99,49.23,100.97,human,NA,0.486,3.54,32.18,69.71,41.48,169.61,125.75
Human Dominant_18,R2,2026-08-25T06:42:28.818805Z,shot_hit,5,594,924,501,910,594,910,94.05,14.12,92.88,agent,NA,0.131,3.54,32.18,112.98,180.0,99.11,180.0
Human Dominant_18,R2,2026-08-25T06:42:28.819362Z,flight_spawn,6,544,-20,501,910,594,910,930.97,931.37,92.88,system,NA,0.5,2.85,45.42,112.98,180.0,99.11,180.0
Human Dominant_18,R2,2026-08-25T06:42:31.049757Z,human_signal,6,882,94,500,861,655,825,856.28,764.94,159.18,human,your_turn,0.472,2.85,52.43,131.32,16.7,130.47,-54.25
Human Dominant_18,R2,2026-08-25T06:42:31.050960Z,behavior_monitor,6,882,94,500,861,655,825,856.28,764.94,159.18,system,NA,0.472,2.85,52.43,131.5,17.19,130.47,-54.25
Human Dominant_18,R2,2026-08-25T06:42:31.051549Z,human_signal,6,884,96,502,861,655,825,855.0,763.51,157.26,human,your_turn,0.472,2.85,52.43,131.5,17.19,130.47,-54.25
Human Dominant_18,R2,2026-08-25T06:42:31.558103Z,behavior_monitor,6,892,175,565,869,706,755,767.07,609.15,180.93,system,NA,0.443,2.85,99.06,129.41,0.0,169.61,-54.25
Human Dominant_18,R2,2026-08-25T06:42:32.067114Z,behavior_monitor,6,877,259,631,872,756,684,660.35,442.14,225.61,system,NA,0.401,2.85,99.06,144.99,-34.28,169.61,-54.25
Human Dominant_18,R2,2026-08-25T06:42:32.573043Z,behavior_monitor,6,868,343,690,830,807,614,518.41,277.76,245.63,system,NA,0.349,2.85,47.07,140.72,-28.83,169.61,-54.25
Human Dominant_18,R2,2026-08-25T06:42:33.083021Z,behavior_monitor,6,944,378,755,812,858,565,473.62,206.05,267.64,system,NA,0.303,2.85,43.68,129.41,0.0,99.11,0.0
Human Dominant_18,R2,2026-08-25T06:42:33.586895Z,behavior_monitor,6,978,453,821,801,909,566,382.53,132.64,251.59,system,NA,0.257,2.85,99.73,137.87,-20.82,99.11,0.0
Human Dominant_18,R2,2026-08-25T06:42:34.095295Z,behavior_monitor,6,967,537,886,774,945,565,250.51,35.42,217.17,system,NA,0.124,2.85,99.73,137.96,-23.04,0.0,0.0
Human Dominant_18,R2,2026-08-25T06:42:34.196523Z,shot_hit,6,962,557,901,768,945,565,219.79,19.17,207.23,agent,NA,0.08,2.85,99.73,137.96,-23.04,0.0,0.0
Human Dominant_18,R2,2026-08-25T06:42:34.197061Z,flight_spawn,7,662,-20,901,768,945,565,823.57,650.67,207.23,system,NA,0.441,2.87,45.92,137.96,-23.04,0.0,0.0
Human Dominant_18,R2,2026-08-25T06:42:35.093868Z,human_signal,7,708,112,870,746,905,565,655.01,494.57,184.38,human,your_turn,0.43,2.87,97.72,129.41,180.0,76.24,180.0
Human Dominant_18,R2,2026-08-25T06:42:35.094900Z,behavior_monitor,7,708,112,870,746,905,565,655.01,494.57,184.38,system,NA,0.43,2.87,97.72,129.41,180.0,76.24,180.0
Human Dominant_18,R2,2026-08-25T06:42:35.095345Z,human_signal,7,707,115,868,746,905,565,651.93,492.32,184.81,human,your_turn,0.43,2.87,97.72,129.41,180.0,76.24,180.0
Human Dominant_18,R2,2026-08-25T06:42:35.602081Z,behavior_monitor,7,688,193,804,746,854,565,565.57,407.93,187.93,system,NA,0.419,2.87,124.16,129.41,180.0,99.11,180.0
Human Dominant_18,R2,2026-08-25T06:42:36.105496Z,behavior_monitor,7,635,259,742,739,804,566,491.67,349.64,183.88,system,NA,0.416,2.87,99.92,129.41,180.0,99.11,180.0
Human Dominant_18,R2,2026-08-25T06:42:36.614640Z,behavior_monitor,7,680,329,676,747,753,566,417.57,247.72,196.54,system,NA,0.372,2.87,52.54,129.41,180.0,99.11,180.0
Human Dominant_18,R2,2026-08-25T06:42:37.119838Z,behavior_monitor,7,726,400,644,753,706,566,362.51,167.02,197.35,system,NA,0.315,2.87,53.4,138.17,28.92,0.0,180.0
Human Dominant_18,R2,2026-08-25T06:42:37.626019Z,behavior_monitor,7,801,432,710,760,753,566,341.15,142.76,198.97,system,NA,0.295,2.87,2.63,129.41,0.0,99.11,0.0
Human Dominant_18,R2,2026-08-25T06:42:38.135275Z,behavior_monitor,7,871,475,776,760,804,566,301.02,113.11,196.47,system,NA,0.273,2.87,34.23,129.41,0.0,99.11,0.0
Human Dominant_18,R2,2026-08-25T06:42:38.641429Z,behavior_monitor,7,947,523,842,760,854,566,259.35,102.2,194.71,system,NA,0.283,2.87,34.23,129.41,0.0,99.11,0.0
Human Dominant_18,R2,2026-08-25T06:42:39.149919Z,behavior_monitor,7,973,601,908,760,905,592,172.38,68.47,168.89,system,NA,0.284,2.87,84.88,129.41,0.0,169.61,54.25
Human Dominant_18,R2,2026-08-25T06:42:39.540370Z,shot_hit,7,967,668,958,777,944,648,109.42,30.82,130.27,agent,NA,0.22,2.87,81.77,132.92,33.31,169.61,54.25
Human Dominant_18,R2,2026-08-25T06:42:39.541270Z,flight_spawn,8,536,-20,958,777,944,648,901.91,782.44,130.27,system,NA,0.465,3.5,55.16,132.92,33.31,169.61,54.25
Human Dominant_18,R2,2026-08-25T06:42:40.356206Z,human_signal,8,635,113,944,841,904,591,790.45,548.49,252.68,human,your_turn,0.41,3.5,76.96,134.72,163.86,130.47,-125.75
Human Dominant_18,R2,2026-08-25T06:42:40.356901Z,behavior_monitor,8,635,113,944,841,904,591,790.45,548.49,252.68,system,NA,0.41,3.5,76.96,134.72,163.86,130.47,-125.75
Human Dominant_18,R2,2026-08-25T06:42:40.357436Z,human_signal,8,635,116,941,842,904,591,787.03,545.51,252.97,human,your_turn,0.409,3.5,76.96,134.72,163.86,130.47,-125.75
Human Dominant_18,R2,2026-08-25T06:42:40.863798Z,behavior_monitor,8,688,198,878,850,853,566,679.12,403.06,285.45,system,NA,0.372,3.5,51.85,129.41,180.0,99.11,180.0
Human Dominant_18,R2,2026-08-25T06:42:41.370372Z,behavior_monitor,8,757,280,812,841,802,565,563.17,288.19,276.02,system,NA,0.339,3.5,51.85,129.86,-154.46,93.6,180.0
Human Dominant_18,R2,2026-08-25T06:42:41.880820Z,behavior_monitor,8,811,366,827,826,789,565,460.45,199.95,264.23,system,NA,0.303,3.5,75.12,129.41,0.0,0.0,0.0
Human Dominant_18,R2,2026-08-25T06:42:42.389129Z,behavior_monitor,8,842,459,872,809,824,565,351.78,107.73,248.85,system,NA,0.234,3.5,97.73,135.46,-17.19,0.0,180.0
Human Dominant_18,R2,2026-08-25T06:42:42.809269Z,shot_hit,8,812,539,896,800,801,565,274.22,28.34,253.65,agent,NA,0.094,3.5,145.84,143.12,-163.89,85.21,-166.81
Human Dominant_18,R2,2026-08-25T06:42:42.809974Z,flight_spawn,9,1171,-20,896,800,801,565,865.73,693.02,253.65,system,NA,0.445,3.53,55.52,143.12,-163.89,85.21,-166.81
Human Dominant_18,R2,2026-08-25T06:42:43.708623Z,human_signal,9,1264,127,881,844,847,566,813.5,605.73,280.38,human,your_turn,0.427,3.53,31.11,129.41,0.0,76.24,0.0
Human Dominant_18,R2,2026-08-25T06:42:43.709266Z,behavior_monitor,9,1264,127,881,844,847,566,813.5,605.73,280.38,system,NA,0.427,3.53,31.11,129.41,0.0,76.24,0.0
Human Dominant_18,R2,2026-08-25T06:42:43.709764Z,human_signal,9,1267,128,883,844,847,566,812.22,606.41,280.65,human,your_turn,0.427,3.53,31.11,129.41,0.0,76.24,0.0
Human Dominant_18,R2,2026-08-25T06:42:44.215833Z,behavior_monitor,9,1359,167,947,844,898,566,792.41,610.0,282.51,system,NA,0.435,3.53,52.12,129.41,0.0,99.11,0.0
Human Dominant_18,R2,2026-08-25T06:42:44.724724Z,behavior_monitor,9,1412,258,1013,844,949,565,709.23,555.94,287.09,system,NA,0.439,3.53,74.83,129.41,0.0,99.11,0.0
Human Dominant_18,R2,2026-08-25T06:42:45.233567Z,behavior_monitor,9,1441,344,1079,844,998,564,617.01,493.89,291.75,system,NA,0.445,2.96,119.42,129.41,0.0,99.11,0.0
Human Dominant_18,R2,2026-08-25T06:42:45.741067Z,behavior_monitor,9,1377,401,1145,844,1049,564,500.34,366.2,296.6,system,NA,0.423,2.96,151.99,129.41,0.0,99.11,0.0
Human Dominant_18,R2,2026-08-25T06:42:46.248617Z,behavior_monitor,9,1316,462,1211,844,1100,564,396.46,238.82,301.62,system,NA,0.376,2.96,78.76,129.41,0.0,99.11,0.0
Human Dominant_18,R2,2026-08-25T06:42:46.758031Z,behavior_monitor,9,1334,548,1255,835,1150,564,298.01,184.82,291.02,system,NA,0.383,2.96,54.37,129.41,0.0,99.11,0.0
Human Dominant_18,R2,2026-08-25T06:42:47.267018Z,behavior_monitor,9,1386,620,1321,835,1201,613,224.69,185.17,253.22,system,NA,0.452,2.96,54.37,129.41,0.0,169.61,54.25
Human Dominant_18,R2,2026-08-25T06:42:47.776361Z,behavior_monitor,9,1439,690,1387,835,1251,683,154.32,188.11,204.31,system,NA,0.549,2.96,54.6,129.41,0.0,169.61,54.25
Human Dominant_18,R2,2026-08-25T06:42:48.284584Z,behavior_monitor,9,1428,763,1448,832,1302,753,72.89,125.88,166.42,system,NA,0.633,2.62,113.09,87.36,-90.0,169.61,54.25
Human Dominant_18,R2,2026-08-25T06:42:48.486737Z,shot_miss,9,1418,791,1450,825,1322,781,46.65,95.67,134.64,human,NA,0.672,2.62,113.09,66.71,90.0,169.61,54.25
Human Dominant_18,R2,2026-08-25T06:42:48.991649Z,conflict,9,1415,871,1450,877,1375,854,34.88,43.87,78.31,system,NA,0.557,2.62,110.76,95.68,90.0,169.61,54.25
Human Dominant_18,R2,2026-08-25T06:42:49.543401Z,flight_missed,9,1381,952,1450,880,1368,863,99.08,89.26,83.56,system,NA,0.474,2.62,110.76,42.1,90.0,169.61,125.75
Human Dominant_18,R2,2026-08-25T06:42:49.544291Z,flight_spawn,10,593,-20,1450,880,1368,863,1242.79,1175.38,83.56,system,NA,0.486,2.83,45.0,42.1,90.0,169.61,125.75
Human Dominant_18,R2,2026-08-25T06:42:49.997784Z,conflict,10,656,13,1439,889,1364,863,1174.46,1106.31,79.03,system,NA,0.485,2.83,32.64,32.34,180.0,32.37,180.0
Human Dominant_18,R2,2026-08-25T06:42:52.501985Z,human_signal,10,994,214,1244,910,1212,652,739.42,488.86,259.98,human,your_turn,0.398,2.83,34.88,129.41,180.0,130.47,-125.75
Human Dominant_18,R2,2026-08-25T06:42:52.502638Z,behavior_monitor,10,994,214,1244,910,1212,652,739.42,488.86,259.98,system,NA,0.398,2.83,34.88,129.41,180.0,0.0,-125.75
Human Dominant_18,R2,2026-08-25T06:42:52.503055Z,human_signal,10,997,215,1242,910,1212,652,736.96,486.42,260.3,human,your_turn,0.398,2.83,34.88,129.41,180.0,0.0,-125.75
Human Dominant_18,R2,2026-08-25T06:42:53.007545Z,behavior_monitor,10,1048,272,1178,910,1161,581,650.47,328.59,329.11,system,NA,0.336,2.83,82.4,129.41,180.0,169.61,-125.75
Human Dominant_18,R2,2026-08-25T06:42:53.512127Z,behavior_monitor,10,1062,356,1115,892,1110,564,538.59,213.72,327.88,system,NA,0.284,2.83,82.4,147.39,-143.03,105.3,180.0
Human Dominant_18,R2,2026-08-25T06:42:54.022648Z,behavior_monitor,10,1073,440,1071,840,1061,565,399.75,124.78,275.71,system,NA,0.238,2.83,82.4,129.41,-90.0,99.11,180.0
Human Dominant_18,R2,2026-08-25T06:42:54.535559Z,behavior_monitor,10,1086,525,1092,847,1063,565,322.86,46.81,283.75,system,NA,0.127,2.83,82.4,59.6,36.83,0.0,18.18
Human Dominant_18,R2,2026-08-25T06:42:54.652758Z,shot_hit,10,1088,547,1108,852,1065,565,305.51,29.68,289.62,agent,NA,0.089,2.83,103.47,130.35,17.85,0.0,112.38
Human Dominant_18,R2,2026-08-25T06:42:54.653255Z,flight_spawn,11,571,-20,1108,852,1065,565,1024.47,766.4,289.62,system,NA,0.428,3.2,51.27,130.35,17.85,0.0,112.38
Human Dominant_18,R2,2026-08-25T06:42:56.285575Z,human_signal,11,701,220,961,852,960,565,683.48,431.91,286.38,human,your_turn,0.387,3.2,54.87,129.41,180.0,76.24,180.0
Human Dominant_18,R2,2026-08-25T06:42:56.287414Z,behavior_monitor,11,701,220,961,852,960,565,683.48,431.91,286.38,system,NA,0.387,3.2,54.87,129.41,180.0,76.24,180.0
Human Dominant_18,R2,2026-08-25T06:42:56.287932Z,human_signal,11,702,222,959,852,960,565,679.77,429.09,286.38,human,your_turn,0.387,3.2,54.87,129.41,180.0,76.24,180.0
Human Dominant_18,R2,2026-08-25T06:42:56.802175Z,behavior_monitor,11,770,286,893,852,907,565,579.11,311.62,286.76,system,NA,0.35,3.2,28.99,137.5,180.0,105.3,180.0
Human Dominant_18,R2,2026-08-25T06:42:57.311369Z,behavior_monitor,11,861,305,827,852,857,565,547.71,260.22,288.03,system,NA,0.322,3.2,5.58,89.93,180.0,99.11,180.0
Human Dominant_18,R2,2026-08-25T06:42:57.820266Z,behavior_monitor,11,955,322,882,845,896,565,528.45,250.52,280.29,system,NA,0.322,3.2,20.62,138.0,-20.32,99.11,0.0
Human Dominant_18,R2,2026-08-25T06:42:58.326813Z,behavior_monitor,11,1048,356,948,818,947,565,472.8,232.68,252.54,system,NA,0.33,3.2,20.62,136.38,-18.4,99.11,0.0
Human Dominant_18,R2,2026-08-25T06:42:58.835440Z,behavior_monitor,11,1135,388,1014,817,998,565,444.93,223.31,252.49,system,NA,0.334,3.2,19.3,122.22,0.0,93.6,0.0
Human Dominant_18,R2,2026-08-25T06:42:59.341769Z,behavior_monitor,11,1212,441,1080,817,1048,565,398.24,205.45,253.97,system,NA,0.34,3.2,21.64,129.41,0.0,99.11,0.0
Human Dominant_18,R2,2026-08-25T06:42:59.845547Z,behavior_monitor,11,1294,491,1146,817,1098,565,357.33,209.05,256.47,system,NA,0.369,3.2,17.28,129.41,0.0,99.11,0.0
Human Dominant_18,R2,2026-08-25T06:43:00.355822Z,behavior_monitor,11,1321,579,1212,823,1149,571,266.9,172.21,258.98,system,NA,0.392,3.2,97.58,133.4,17.74,169.61,54.25
Human Dominant_18,R2,2026-08-25T06:43:00.863010Z,behavior_monitor,11,1318,673,1276,845,1200,642,176.84,122.45,217.36,system,NA,0.409,3.2,75.28,141.46,19.66,180.21,54.25
Human Dominant_18,R2,2026-08-25T06:43:02.078910Z,shot_miss,11,1293,892,1358,910,1277,810,66.54,83.71,128.14,human,NA,0.557,3.2,117.41,117.73,180.0,146.25,90.0
Human Dominant_18,R2,2026-08-25T06:43:02.503228Z,flight_missed,11,1241,952,1346,910,1237,872,112.54,80.3,115.34,system,NA,0.416,3.2,145.15,124.73,0.0,180.21,125.75
Human Dominant_18,R2,2026-08-25T06:43:02.503885Z,flight_spawn,12,935,-20,1346,910,1237,872,1016.81,941.82,115.34,system,NA,0.481,2.83,135.0,124.73,0.0,180.21,125.75
Human Dominant_18,R2,2026-08-25T06:43:03.615393Z,human_signal,12,795,94,1306,910,1186,799,962.28,806.21,162.89,human,your_turn,0.456,2.83,136.64,117.17,180.0,130.47,-125.75
Human Dominant_18,R2,2026-08-25T06:43:03.616479Z,behavior_monitor,12,795,94,1306,910,1186,799,962.28,806.21,162.89,system,NA,0.456,2.83,136.64,117.17,180.0,130.47,-125.75
Human Dominant_18,R2,2026-08-25T06:43:03.616973Z,human_signal,12,792,96,1304,911,1186,799,962.13,805.86,162.32,human,your_turn,0.456,2.83,136.64,117.17,180.0,130.47,-125.75
Human Dominant_18,R2,2026-08-25T06:43:04.124110Z,behavior_monitor,12,767,173,1243,910,1136,728,877.0,666.65,210.56,system,NA,0.432,2.83,107.89,126.81,180.0,169.61,-125.75
Human Dominant_18,R2,2026-08-25T06:43:04.630730Z,behavior_monitor,12,718,242,1177,910,1086,658,810.23,555.11,267.67,system,NA,0.407,2.83,130.04,137.5,180.0,180.21,-125.75
Human Dominant_18,R2,2026-08-25T06:43:05.135438Z,behavior_monitor,12,651,290,1111,910,1035,588,771.85,485.77,330.62,system,NA,0.386,2.83,110.28,129.41,180.0,169.61,-125.75
Human Dominant_18,R2,2026-08-25T06:43:05.644472Z,behavior_monitor,12,624,370,1045,910,984,566,685.0,410.61,348.46,system,NA,0.375,2.83,110.28,129.41,180.0,99.11,180.0
Human Dominant_18,R2,2026-08-25T06:43:06.154122Z,behavior_monitor,12,551,406,979,910,934,567,661.12,415.22,345.9,system,NA,0.386,2.83,153.79,129.41,180.0,99.11,180.0
Human Dominant_18,R2,2026-08-25T06:43:06.661833Z,behavior_monitor,12,470,434,913,910,884,564,650.37,434.56,346.29,system,NA,0.401,2.83,178.21,129.41,180.0,99.11,180.0
Human Dominant_18,R2,2026-08-25T06:43:07.170810Z,behavior_monitor,12,388,439,847,910,834,564,657.3,462.68,345.34,system,NA,0.413,2.83,152.13,129.41,180.0,99.11,180.0
Human Dominant_18,R2,2026-08-25T06:43:07.681190Z,behavior_monitor,12,321,491,781,910,783,565,622.53,468.5,344.67,system,NA,0.429,2.83,130.58,129.41,180.0,99.11,180.0
Human Dominant_18,R2,2026-08-25T06:43:08.189601Z,behavior_monitor,12,270,555,715,910,732,565,569.83,462.76,344.96,system,NA,0.448,2.83,156.1,129.41,180.0,99.11,180.0
Human Dominant_18,R2,2026-08-25T06:43:11.104622Z,flight_missed,12,55,952,345,910,441,910,293.19,388.35,95.94,system,NA,0.57,2.83,131.61,114.32,180.0,99.11,180.0
Human Dominant_18,R2,2026-08-25T06:43:11.105284Z,flight_spawn,13,927,-20,345,910,441,910,1096.94,1049.22,95.94,system,NA,0.489,3.2,128.74,114.32,180.0,99.11,180.0
Human Dominant_18,R2,2026-08-25T06:43:12.310705Z,human_signal,13,890,188,394,910,511,812,875.81,730.5,151.95,human,your_turn,0.455,3.2,52.28,137.5,0.0,138.63,-54.25
Human Dominant_18,R2,2026-08-25T06:43:12.311449Z,behavior_monitor,13,890,188,394,910,511,812,875.81,730.5,151.95,system,NA,0.455,3.2,52.28,129.41,0.0,130.47,-54.25
Human Dominant_18,R2,2026-08-25T06:43:12.311896Z,human_signal,13,891,190,396,910,511,812,873.71,729.03,150.65,human,your_turn,0.455,3.2,52.28,129.41,0.0,130.47,-54.25
Human Dominant_18,R2,2026-08-25T06:43:12.343901Z,human_signal,13,895,195,401,910,514,807,869.02,721.13,152.74,human,i_can,0.453,3.2,52.28,129.41,0.0,151.68,-48.64
Human Dominant_18,R2,2026-08-25T06:43:12.818391Z,behavior_monitor,13,966,238,460,910,542,770,840.76,680.13,162.03,system,NA,0.447,3.2,24.3,122.22,0.0,116.17,-59.94
Human Dominant_18,R2,2026-08-25T06:43:13.330037Z,behavior_monitor,13,1055,269,516,910,558,746,837.5,689.65,168.39,system,NA,0.452,3.2,2.63,114.42,0.0,0.0,-62.81
Human Dominant_18,R2,2026-08-25T06:43:13.834650Z,behavior_monitor,13,1148,274,581,910,567,734,852.13,741.93,176.3,system,NA,0.465,3.2,2.63,129.41,0.0,130.47,-54.25
Human Dominant_18,R2,2026-08-25T06:43:14.346013Z,behavior_monitor,13,1234,309,647,910,605,680,839.65,730.12,233.06,system,NA,0.465,3.2,23.83,129.41,0.0,130.47,-54.25
Human Dominant_18,R2,2026-08-25T06:43:14.853304Z,behavior_monitor,13,1320,354,713,910,644,626,822.57,728.68,291.65,system,NA,0.47,3.2,47.16,129.41,0.0,130.47,-54.25
Human Dominant_18,R2,2026-08-25T06:43:15.362691Z,behavior_monitor,13,1364,435,779,910,682,572,753.31,695.72,350.99,system,NA,0.48,3.2,73.25,129.41,0.0,130.47,-54.25
Human Dominant_18,R2,2026-08-25T06:43:15.868496Z,behavior_monitor,13,1403,521,845,910,721,565,679.64,682.91,366.0,system,NA,0.501,3.2,73.02,129.41,0.0,76.24,0.0
Human Dominant_18,R2,2026-08-25T06:43:16.377458Z,behavior_monitor,13,1444,602,911,910,760,590,614.69,683.42,352.97,system,NA,0.526,3.2,43.71,129.41,0.0,130.47,54.25
Human Dominant_18,R2,2026-08-25T06:43:16.881138Z,behavior_monitor,13,1408,647,977,910,800,641,504.18,608.23,322.05,system,NA,0.547,2.17,121.66,129.41,0.0,130.47,54.25
Human Dominant_18,R2,2026-08-25T06:43:19.057105Z,shot_miss,13,1271,875,1261,910,968,868,35.67,303.17,296.14,human,NA,0.895,2.17,128.82,122.22,0.0,123.22,54.25
Human Dominant_18,R2,2026-08-25T06:43:19.243917Z,shot_hit,13,1259,895,1265,899,982,888,8.13,276.82,283.67,human,NA,0.971,2.17,126.51,159.26,-128.0,138.63,54.25
Human Dominant_18,R2,2026-08-25T06:43:19.244501Z,flight_spawn,14,652,-20,1265,899,982,888,1105.74,966.81,283.67,system,NA,0.466,2.83,45.0,159.26,-128.0,138.63,54.25
Human Dominant_18,R2,2026-08-25T06:43:20.735867Z,human_signal,14,838,138,1184,870,898,771,809.54,636.01,302.92,human,your_turn,0.44,2.83,38.06,129.41,180.0,130.47,-125.75
Human Dominant_18,R2,2026-08-25T06:43:20.736920Z,behavior_monitor,14,838,138,1184,870,898,771,809.54,636.01,302.92,system,NA,0.44,2.83,38.06,129.41,180.0,130.47,-125.75
Human Dominant_18,R2,2026-08-25T06:43:20.737392Z,human_signal,14,840,140,1182,870,898,771,806.18,634.09,300.84,human,your_turn,0.44,2.83,14.69,129.41,180.0,130.47,-125.75
Human Dominant_18,R2,2026-08-25T06:43:21.245717Z,behavior_monitor,14,923,161,1118,870,886,701,735.71,541.88,287.09,system,NA,0.424,2.83,10.23,129.41,180.0,169.61,-54.25
Human Dominant_18,R2,2026-08-25T06:43:21.751022Z,behavior_monitor,14,1007,176,1067,857,937,632,683.4,460.94,260.39,system,NA,0.403,2.83,7.07,66.58,-127.66,180.21,-54.25
Human Dominant_18,R2,2026-08-25T06:43:22.259707Z,behavior_monitor,14,1093,194,1091,821,987,567,626.57,387.13,274.64,system,NA,0.382,2.83,17.37,140.05,-26.38,99.11,0.0
Human Dominant_18,R2,2026-08-25T06:43:22.768937Z,behavior_monitor,14,1175,214,1154,800,1038,566,586.56,377.58,261.61,system,NA,0.392,2.83,5.54,110.98,33.28,99.11,0.0
Human Dominant_18,R2,2026-08-25T06:43:23.277882Z,behavior_monitor,14,1249,249,1156,798,1089,566,557.33,355.66,241.46,system,NA,0.39,2.83,18.97,129.41,0.0,99.11,0.0
Human Dominant_18,R2,2026-08-25T06:43:23.782902Z,behavior_monitor,14,1329,265,1155,779,1138,566,542.62,355.98,214.18,system,NA,0.396,2.83,10.02,129.41,180.0,99.11,0.0
Human Dominant_18,R2,2026-08-25T06:43:24.292910Z,behavior_monitor,14,1410,280,1089,787,1188,565,599.75,360.44,243.58,system,NA,0.375,2.83,10.02,125.0,180.0,169.61,-54.25
Human Dominant_18,R2,2026-08-25T06:43:24.683001Z,human_signal,14,1444,321,1066,796,1227,565,606.78,325.97,281.92,human,your_turn,0.349,2.63,107.47,32.89,90.0,93.6,0.0
Human Dominant_18,R2,2026-08-25T06:43:24.683754Z,human_signal,14,1444,324,1066,796,1227,565,605.24,324.0,282.39,human,your_turn,0.349,2.63,107.47,34.83,90.0,99.11,0.0
Human Dominant_18,R2,2026-08-25T06:43:24.801644Z,behavior_monitor,14,1438,339,1053,796,1239,565,598.15,301.36,296.96,system,NA,0.335,2.63,107.47,129.41,180.0,99.11,0.0
Human Dominant_18,R2,2026-08-25T06:43:25.311160Z,behavior_monitor,14,1417,414,1049,814,1290,564,543.84,197.29,346.81,system,NA,0.266,2.63,108.7,132.01,20.99,99.11,0.0
Human Dominant_18,R2,2026-08-25T06:43:25.817059Z,behavior_monitor,14,1421,492,1114,833,1340,564,459.25,108.66,351.38,system,NA,0.191,2.63,83.84,129.41,0.0,99.11,0.0
Human Dominant_18,R2,2026-08-25T06:43:26.322901Z,behavior_monitor,14,1439,554,1180,833,1391,564,380.42,48.2,342.33,system,NA,0.112,2.35,139.15,129.41,0.0,99.11,0.0
Human Dominant_18,R2,2026-08-25T06:43:26.593483Z,shot_hit,14,1414,582,1218,833,1396,578,318.71,18.03,311.78,agent,NA,0.054,2.35,109.36,129.41,0.0,137.65,90.0
Human Dominant_18,R2,2026-08-25T06:43:26.594179Z,flight_spawn,15,765,-20,1218,833,1396,578,966.31,869.93,311.78,system,NA,0.474,2.94,132.79,129.41,0.0,137.65,90.0
Human Dominant_18,R2,2026-08-25T06:43:32.318540Z,human_signal,15,109,349,521,910,987,566,695.97,905.18,578.79,human,i_can,0.565,2.3,53.99,129.41,180.0,76.24,180.0
Human Dominant_18,R2,2026-08-25T06:43:32.335478Z,behavior_monitor,15,109,349,521,910,987,566,695.97,904.23,578.01,system,NA,0.565,2.3,53.99,129.41,180.0,57.18,180.0
Human Dominant_18,R2,2026-08-25T06:43:32.843565Z,behavior_monitor,15,140,407,455,908,958,566,591.45,832.67,607.54,system,NA,0.585,2.3,69.95,134.22,-163.95,57.18,180.0
Human Dominant_18,R2,2026-08-25T06:43:33.349913Z,behavior_monitor,15,152,475,393,881,944,566,471.55,797.33,634.84,system,NA,0.628,2.3,86.71,134.49,-155.83,0.0,180.0
Human Dominant_18,R2,2026-08-25T06:43:33.857764Z,behavior_monitor,15,171,541,332,849,937,565,347.61,766.0,668.57,system,NA,0.688,2.3,66.05,134.72,-149.44,68.12,-154.85
Human Dominant_18,R2,2026-08-25T06:43:34.367085Z,behavior_monitor,15,224,586,273,813,898,581,232.72,674.12,666.05,system,NA,0.743,2.3,18.17,134.3,-137.3,130.47,125.75
Human Dominant_18,R2,2026-08-25T06:43:34.875933Z,behavior_monitor,15,294,603,274,756,878,592,153.67,584.63,626.01,system,NA,0.792,2.3,15.82,137.12,-48.58,0.0,125.75
Human Dominant_18,R2,2026-08-25T06:43:35.381739Z,behavior_monitor,15,359,625,330,718,850,619,97.86,490.93,528.8,system,NA,0.834,2.3,41.52,128.13,0.0,131.25,135.03
Human Dominant_18,R2,2026-08-25T06:43:35.891133Z,behavior_monitor,15,388,687,396,718,811,672,32.33,423.4,417.42,system,NA,0.929,2.3,69.81,129.19,0.0,130.47,125.75
Human Dominant_18,R2,2026-08-25T06:43:35.957340Z,shot_hit,15,392,696,405,718,805,679,25.94,413.92,402.76,human,NA,0.941,2.3,69.81,137.5,0.0,138.63,125.75
Human Dominant_18,R2,2026-08-25T06:43:35.957864Z,flight_spawn,16,1222,-20,405,718,805,679,1101.9,814.12,402.76,system,NA,0.425,3.59,56.12,137.5,0.0,138.63,125.75
Human Dominant_18,R2,2026-08-25T06:43:36.177772Z,human_signal,16,1247,19,424,734,805,679,1089.91,793.65,385.69,human,i_can,0.421,3.59,77.49,129.41,90.0,0.0,125.75
Human Dominant_18,R2,2026-08-25T06:43:36.178523Z,human_signal,16,1248,23,423,736,805,679,1090.36,791.31,386.7,human,i_can,0.421,3.59,77.49,134.57,105.92,0.0,125.75
Human Dominant_18,R2,2026-08-25T06:43:36.395776Z,behavior_monitor,16,1255,65,423,761,816,664,1085.0,743.09,404.61,system,NA,0.406,3.59,103.97,132.8,42.56,103.97,-54.25
Human Dominant_18,R2,2026-08-25T06:43:36.903499Z,behavior_monitor,16,1230,169,489,763,846,623,949.59,594.79,383.26,system,NA,0.385,3.59,103.97,129.41,0.0,97.85,-54.25
Human Dominant_18,R2,2026-08-25T06:43:37.039924Z,human_signal,16,1227,197,506,763,848,620,915.59,568.03,369.75,human,your_turn,0.383,3.59,103.97,129.41,0.0,0.0,-54.25
Human Dominant_18,R2,2026-08-25T06:43:37.041089Z,human_signal,16,1226,201,509,763,848,620,911.66,565.4,367.72,human,your_turn,0.383,3.59,103.97,129.41,0.0,0.0,-54.25
Human Dominant_18,R2,2026-08-25T06:43:37.410473Z,behavior_monitor,16,1208,274,555,763,885,569,815.53,437.52,382.63,system,NA,0.349,3.59,103.97,137.5,0.0,180.21,-54.25
Human Dominant_18,R2,2026-08-25T06:43:37.917049Z,behavior_monitor,16,1149,362,620,763,936,564,664.2,294.02,373.47,system,NA,0.307,3.59,127.97,92.87,0.0,99.11,0.0
Human Dominant_18,R2,2026-08-25T06:43:38.426387Z,behavior_monitor,16,1117,458,557,750,986,564,631.41,168.77,467.16,system,NA,0.211,3.59,76.01,129.41,180.0,99.11,0.0
Human Dominant_18,R2,2026-08-25T06:43:38.933237Z,behavior_monitor,16,1145,562,582,768,1037,564,599.54,108.58,498.13,system,NA,0.153,3.59,73.67,134.17,25.54,99.11,0.0
Human Dominant_18,R2,2026-08-25T06:43:39.442921Z,behavior_monitor,16,1207,650,643,798,1087,629,583.08,121.78,474.98,system,NA,0.173,3.59,52.49,133.87,27.09,169.61,54.25
Human Dominant_18,R2,2026-08-25T06:43:39.952466Z,behavior_monitor,16,1239,751,704,828,1138,700,540.48,113.34,452.28,system,NA,0.173,3.59,80.09,133.16,26.49,169.61,54.25
Human Dominant_18,R2,2026-08-25T06:43:40.463157Z,behavior_monitor,16,1270,852,765,859,1188,770,504.74,115.65,432.55,system,NA,0.186,3.59,59.22,133.35,26.65,169.61,54.25
Human Dominant_18,R2,2026-08-25T06:43:40.947489Z,flight_missed,16,1277,953,758,834,1239,840,532.03,119.01,480.84,system,NA,0.183,3.59,103.83,110.48,-127.03,169.61,54.25
Human Dominant_18,R2,2026-08-25T06:43:40.948210Z,flight_spawn,17,547,-20,758,834,1239,840,880.38,1104.42,480.84,system,NA,0.556,3.58,56.07,110.48,-127.03,169.61,54.25
Human Dominant_18,R2,2026-08-25T06:43:43.324999Z,human_signal,17,674,427,625,749,1078,617,326.01,445.72,471.95,human,i_can,0.578,3.58,73.84,129.41,180.0,130.47,-125.75
Human Dominant_18,R2,2026-08-25T06:43:43.341264Z,behavior_monitor,17,674,427,625,749,1077,615,326.01,444.27,471.4,system,NA,0.577,3.58,73.84,129.41,180.0,97.85,-125.75
Human Dominant_18,R2,2026-08-25T06:43:43.847157Z,behavior_monitor,17,752,481,660,775,1048,575,307.6,310.82,435.86,system,NA,0.503,3.58,2.54,144.31,22.96,109.03,-137.97
Human Dominant_18,R2,2026-08-25T06:43:44.355089Z,behavior_monitor,17,823,545,725,799,1034,566,272.39,212.01,387.29,system,NA,0.438,3.58,72.25,142.69,17.37,0.0,180.0
Human Dominant_18,R2,2026-08-25T06:43:44.859329Z,behavior_monitor,17,862,642,791,817,1034,566,189.62,188.39,350.23,system,NA,0.498,3.58,49.5,133.87,14.84,0.0,21.74
Human Dominant_18,R2,2026-08-25T06:43:45.367695Z,behavior_monitor,17,854,742,857,835,1003,609,92.99,199.88,269.21,system,NA,0.682,3.58,121.04,134.01,16.35,130.47,125.75
Human Dominant_18,R2,2026-08-25T06:43:45.824572Z,shot_hit,17,814,828,815,840,968,658,11.67,229.59,238.01,human,NA,0.952,3.58,98.66,138.79,143.74,130.47,125.75
Human Dominant_18,R2,2026-08-25T06:43:45.825149Z,flight_spawn,18,835,-20,815,840,968,658,860.38,691.17,238.01,system,NA,0.445,2.83,45.0,138.79,143.74,130.47,125.75
Human Dominant_18,R2,2026-08-25T06:43:47.010334Z,human_signal,18,1004,76,863,877,958,589,812.5,514.96,302.58,human,your_turn,0.388,2.83,4.15,129.41,0.0,130.47,-54.25
Human Dominant_18,R2,2026-08-25T06:43:47.011332Z,behavior_monitor,18,1004,76,863,877,958,589,812.5,514.96,302.58,system,NA,0.388,2.83,4.15,122.22,0.0,123.22,-54.25
Human Dominant_18,R2,2026-08-25T06:43:47.011817Z,human_signal,18,1006,76,865,877,958,589,812.41,515.01,301.9,human,your_turn,0.388,2.83,16.21,122.22,0.0,123.22,-54.25
Human Dominant_18,R2,2026-08-25T06:43:47.518161Z,behavior_monitor,18,1086,94,929,877,1008,566,798.33,478.84,320.18,system,NA,0.375,2.83,4.86,129.41,0.0,99.11,0.0
Human Dominant_18,R2,2026-08-25T06:43:48.026637Z,behavior_monitor,18,1148,143,995,877,1059,565,749.85,431.61,318.25,system,NA,0.365,2.83,38.5,129.41,0.0,99.11,0.0
Human Dominant_18,R2,2026-08-25T06:43:48.535169Z,behavior_monitor,18,1225,178,1006,858,1109,565,715.04,403.75,311.49,system,NA,0.361,2.83,17.25,135.65,17.45,99.11,0.0
Human Dominant_18,R2,2026-08-25T06:43:49.039701Z,behavior_monitor,18,1306,206,1051,857,1160,565,699.29,387.19,312.19,system,NA,0.356,2.83,19.56,141.66,-155.23,105.3,0.0
Human Dominant_18,R2,2026-08-25T06:43:49.545078Z,behavior_monitor,18,1379,235,985,852,1210,564,732.09,369.96,365.33,system,NA,0.336,2.83,31.22,137.5,180.0,105.3,0.0
Human Dominant_18,R2,2026-08-25T06:43:50.050625Z,behavior_monitor,18,1450,279,1010,886,1260,564,749.05,342.02,407.55,system,NA,0.313,2.06,134.71,138.17,20.51,99.11,0.0
Human Dominant_18,R2,2026-08-25T06:43:50.560125Z,behavior_monitor,18,1408,327,1042,879,1312,564,661.86,255.11,414.9,system,NA,0.278,2.06,111.96,0.0,0.0,105.3,0.0
Human Dominant_18,R2,2026-08-25T06:43:51.068462Z,behavior_monitor,18,1380,383,1042,879,1359,563,599.75,181.53,447.17,system,NA,0.232,2.06,112.0,0.0,0.0,0.0,-5.0
Human Dominant_18,R2,2026-08-25T06:43:51.578061Z,behavior_monitor,18,1397,438,1013,868,1374,563,576.72,126.81,472.84,system,NA,0.18,2.06,38.74,0.0,-153.57,99.11,0.0
Human Dominant_18,R2,2026-08-25T06:43:52.376349Z,shot_miss,18,1415,526,1057,855,1399,563,486.63,40.9,449.32,agent,NA,0.078,2.06,113.9,62.98,-34.4,0.0,180.0
Human Dominant_18,R2,2026-08-25T06:43:52.663803Z,shot_hit,18,1405,558,1061,852,1388,563,452.67,17.23,436.76,agent,NA,0.037,2.06,119.74,0.0,0.0,99.11,180.0
Human Dominant_18,R2,2026-08-25T06:43:52.664061Z,flight_spawn,19,724,-20,1061,852,1388,563,935.64,884.18,436.76,system,NA,0.486,3.01,48.34,0.0,0.0,99.11,180.0
Human Dominant_18,R2,2026-08-25T06:43:55.256777Z,human_signal,19,698,365,769,810,1217,564,450.53,556.27,511.16,human,your_turn,0.553,3.01,74.03,129.41,180.0,76.24,180.0
Human Dominant_18,R2,2026-08-25T06:43:55.257655Z,behavior_monitor,19,698,365,769,810,1217,564,450.53,556.27,511.16,system,NA,0.553,3.01,74.03,129.41,180.0,59.7,178.19
Human Dominant_18,R2,2026-08-25T06:43:55.257952Z,human_signal,19,699,368,767,810,1217,564,447.16,554.26,513.09,human,your_turn,0.553,3.01,74.03,129.41,180.0,59.7,178.19
Human Dominant_18,R2,2026-08-25T06:43:55.763799Z,behavior_monitor,19,737,446,709,809,1167,564,364.61,445.99,519.29,system,NA,0.55,3.01,75.99,92.25,0.0,99.11,180.0
Human Dominant_18,R2,2026-08-25T06:43:56.271667Z,behavior_monitor,19,782,522,773,830,1116,564,308.18,337.58,433.96,system,NA,0.523,3.01,48.4,138.02,29.39,99.11,180.0
Human Dominant_18,R2,2026-08-25T06:43:56.781863Z,behavior_monitor,19,854,570,837,859,1066,566,289.19,212.78,372.18,system,NA,0.424,3.01,43.17,136.02,22.85,169.61,125.75
Human Dominant_18,R2,2026-08-25T06:43:57.290814Z,behavior_monitor,19,922,632,901,883,1016,627,252.26,93.81,281.07,system,NA,0.271,3.01,43.17,134.62,19.34,169.61,125.75
Human Dominant_18,R2,2026-08-25T06:43:57.713038Z,shot_hit,19,981,686,890,910,972,681,241.6,10.42,242.98,agent,NA,0.041,3.01,43.17,89.78,180.0,169.61,125.75
Human Dominant_18,R2,2026-08-25T06:43:57.713722Z,flight_spawn,20,270,-20,890,910,972,681,1117.95,992.07,242.98,system,NA,0.47,2.83,135.0,89.78,180.0,169.61,125.75
Human Dominant_18,R2,2026-08-25T06:44:01.302728Z,human_signal,20,101,418,490,910,745,567,626.51,661.1,427.48,human,i_can,0.513,2.7,53.57,129.41,180.0,76.24,180.0
Human Dominant_18,R2,2026-08-25T06:44:01.319658Z,behavior_monitor,20,101,418,490,910,744,567,626.51,660.15,426.9,system,NA,0.513,2.7,53.57,129.41,180.0,57.18,180.0
Human Dominant_18,R2,2026-08-25T06:44:01.830401Z,behavior_monitor,20,160,475,424,910,715,565,507.82,562.24,451.48,system,NA,0.525,2.7,33.27,129.41,180.0,57.18,180.0
Human Dominant_18,R2,2026-08-25T06:44:02.336474Z,behavior_monitor,20,226,517,358,891,702,565,396.36,477.65,473.86,system,NA,0.547,2.7,28.98,135.52,-157.86,0.0,180.0
Human Dominant_18,R2,2026-08-25T06:44:02.843735Z,behavior_monitor,20,301,546,321,845,695,565,299.48,394.84,467.86,system,NA,0.569,2.7,27.8,123.81,-90.0,76.24,180.0
Human Dominant_18,R2,2026-08-25T06:44:03.352148Z,behavior_monitor,20,372,584,353,793,656,579,210.28,284.54,371.49,system,NA,0.575,2.7,27.8,133.91,-14.91,130.47,125.75
Human Dominant_18,R2,2026-08-25T06:44:03.860342Z,behavior_monitor,20,445,622,415,812,618,616,192.98,173.21,282.66,system,NA,0.473,2.7,27.8,131.28,31.26,109.62,124.76
Human Dominant_18,R2,2026-08-25T06:44:04.371458Z,behavior_monitor,20,518,659,470,850,579,654,196.78,61.72,224.84,system,NA,0.239,2.7,27.8,132.89,38.26,76.24,180.0
Human Dominant_18,R2,2026-08-25T06:44:04.576914Z,shot_hit,20,549,673,493,869,562,668,203.55,14.46,212.27,agent,NA,0.066,2.7,23.0,131.89,39.6,76.24,180.0
Human Dominant_18,R3,2026-08-25T06:45:26.666688Z,flight_spawn,1,1041,-20,493,869,562,668,1044.42,838.43,212.27,system,NA,0.445,3.29,127.49,0.0,39.93,0.0,125.75
Human Dominant_18,R3,2026-08-25T06:45:31.768298Z,human_signal,1,829,202,1004,823,486,586,645.02,514.71,569.64,human,your_turn,0.444,3.29,63.77,140.62,153.57,130.47,-54.25
Human Dominant_18,R3,2026-08-25T06:45:31.768973Z,behavior_monitor,1,829,202,1004,823,486,586,645.02,514.71,569.64,system,NA,0.444,3.29,63.77,149.41,153.57,138.63,-54.25
Human Dominant_18,R3,2026-08-25T06:45:31.769456Z,human_signal,1,831,205,1002,824,486,586,642.15,513.69,568.13,human,your_turn,0.444,3.29,63.77,149.41,153.57,138.63,-54.25
Human Dominant_18,R3,2026-08-25T06:45:32.277394Z,behavior_monitor,1,859,294,962,840,536,565,556.29,421.51,506.84,system,NA,0.431,3.29,70.4,129.41,180.0,99.11,0.0
Human Dominant_18,R3,2026-08-25T06:45:32.787096Z,behavior_monitor,1,895,387,913,856,587,565,470.18,356.55,437.35,system,NA,0.431,3.29,100.12,133.86,75.18,99.11,0.0
Human Dominant_18,R3,2026-08-25T06:45:33.295696Z,behavior_monitor,1,863,478,931,910,638,566,436.87,241.93,451.2,system,NA,0.356,3.29,123.29,77.58,0.0,128.14,3.54
Human Dominant_18,R3,2026-08-25T06:45:33.802525Z,behavior_monitor,1,809,560,918,910,689,566,365.94,120.43,413.15,system,NA,0.248,3.29,123.29,116.37,180.0,99.11,0.0
Human Dominant_18,R3,2026-08-25T06:45:34.312271Z,behavior_monitor,1,788,654,858,910,739,627,265.03,55.88,306.58,system,NA,0.174,3.29,94.05,118.86,180.0,169.61,54.25
Human Dominant_18,R3,2026-08-25T06:45:34.516955Z,shot_miss,1,787,696,832,910,761,657,217.64,47.12,261.93,agent,NA,0.178,3.29,94.05,112.26,180.0,160.19,54.25
Human Dominant_18,R3,2026-08-25T06:45:34.823300Z,behavior_monitor,1,764,743,798,910,750,697,170.21,48.05,218.12,system,NA,0.22,3.29,143.95,113.98,180.0,169.61,125.75
Human Dominant_18,R3,2026-08-25T06:45:34.839793Z,shot_miss,1,760,748,794,910,747,701,165.48,48.04,213.46,agent,NA,0.225,3.29,115.7,118.96,180.0,180.21,125.75
Human Dominant_18,R3,2026-08-25T06:45:35.059301Z,shot_miss,1,740,786,769,910,724,732,126.97,56.46,183.4,agent,NA,0.308,3.29,115.7,116.16,180.0,169.61,125.75
Human Dominant_18,R3,2026-08-25T06:45:35.328487Z,behavior_monitor,1,719,831,740,910,701,767,81.8,65.66,147.45,system,NA,0.445,3.29,115.7,112.24,180.0,169.61,125.75
Human Dominant_18,R3,2026-08-25T06:45:35.582594Z,shot_miss,1,711,879,711,910,694,802,30.8,78.1,108.47,human,NA,0.717,3.29,109.62,107.34,180.0,130.0,90.0
Human Dominant_18,R3,2026-08-25T06:45:35.837564Z,behavior_monitor,1,680,914,729,910,671,837,48.4,77.32,92.42,system,NA,0.615,3.29,162.58,94.17,0.0,169.61,125.75
Human Dominant_18,R3,2026-08-25T06:45:36.257336Z,flight_missed,1,608,952,728,910,627,898,127.57,56.96,101.95,system,NA,0.309,3.29,137.75,0.0,180.0,169.61,125.75
Human Dominant_18,R3,2026-08-25T06:45:36.257966Z,flight_spawn,2,764,-20,728,910,627,898,930.68,928.91,101.95,system,NA,0.5,2.83,135.0,0.0,180.0,169.61,125.75
Human Dominant_18,R3,2026-08-25T06:45:41.554079Z,human_signal,2,56,267,283,910,285,565,681.75,376.23,344.14,human,your_turn,0.356,1.85,29.59,129.41,180.0,58.96,-173.77
Human Dominant_18,R3,2026-08-25T06:45:41.554819Z,behavior_monitor,2,56,267,283,910,285,565,681.75,376.23,344.14,system,NA,0.356,1.85,29.59,129.41,180.0,76.24,180.0
Human Dominant_18,R3,2026-08-25T06:45:41.555365Z,human_signal,2,58,267,281,910,285,565,679.4,374.1,344.16,human,your_turn,0.355,1.85,29.59,129.41,180.0,76.24,180.0
Human Dominant_18,R3,2026-08-25T06:45:42.062253Z,behavior_monitor,2,108,286,230,899,233,565,625.49,306.22,334.13,system,NA,0.329,1.85,32.36,90.07,-133.41,99.11,180.0
Human Dominant_18,R3,2026-08-25T06:45:42.572849Z,behavior_monitor,2,160,296,267,884,183,566,597.75,270.61,329.39,system,NA,0.312,1.85,2.43,95.84,0.0,93.6,180.0
Human Dominant_18,R3,2026-08-25T06:45:43.081034Z,behavior_monitor,2,216,308,313,862,193,566,562.56,258.94,319.41,system,NA,0.315,1.85,18.9,0.0,0.0,99.11,0.0
Human Dominant_18,R3,2026-08-25T06:45:43.588209Z,behavior_monitor,2,263,327,313,862,240,566,537.16,239.96,304.79,system,NA,0.309,1.85,43.93,0.0,0.0,99.11,0.0
Human Dominant_18,R3,2026-08-25T06:45:44.093674Z,behavior_monitor,2,295,370,313,862,272,566,492.51,197.2,299.02,system,NA,0.286,1.85,71.14,0.0,0.0,99.11,0.0
Human Dominant_18,R3,2026-08-25T06:45:44.600550Z,behavior_monitor,2,317,421,338,861,295,566,440.26,146.47,298.24,system,NA,0.25,1.85,75.47,0.0,0.0,99.11,0.0
Human Dominant_18,R3,2026-08-25T06:45:45.110101Z,behavior_monitor,2,335,475,338,861,313,566,386.14,94.21,295.67,system,NA,0.196,1.85,75.47,0.0,0.0,99.11,0.0
Human Dominant_18,R3,2026-08-25T06:45:45.613810Z,behavior_monitor,2,336,529,364,867,316,566,338.65,42.01,304.51,system,NA,0.11,1.85,96.27,129.41,0.0,0.0,0.0
Human Dominant_18,R3,2026-08-25T06:45:45.614925Z,shot_miss,2,336,531,366,867,316,566,337.03,40.29,304.86,agent,NA,0.107,1.85,96.27,129.41,0.0,0.0,0.0
Human Dominant_18,R3,2026-08-25T06:45:45.833092Z,shot_hit,2,341,554,395,867,317,566,317.21,26.08,310.95,agent,NA,0.076,1.85,71.96,129.41,0.0,0.0,0.0
Human Dominant_18,R3,2026-08-25T06:45:45.833718Z,flight_spawn,3,892,-20,395,867,317,566,1017.31,820.93,310.95,system,NA,0.447,3.03,48.75,129.41,0.0,0.0,0.0
Human Dominant_18,R3,2026-08-25T06:45:51.396286Z,human_signal,3,1444,697,1118,874,694,641,371.27,751.99,483.62,human,i_can,0.669,2.96,99.52,129.41,0.0,130.47,54.25
Human Dominant_18,R3,2026-08-25T06:45:51.412183Z,behavior_monitor,3,1444,697,1118,874,695,643,371.27,750.92,482.12,system,NA,0.669,2.96,99.52,129.41,0.0,97.85,54.25
Human Dominant_18,R3,2026-08-25T06:45:51.921721Z,behavior_monitor,3,1446,779,1184,874,725,684,278.75,727.58,497.24,system,NA,0.723,2.64,112.61,129.41,0.0,97.85,54.25
Human Dominant_18,R3,2026-08-25T06:45:52.429715Z,behavior_monitor,3,1423,852,1249,889,739,703,178.5,701.04,543.53,system,NA,0.797,2.64,112.61,132.37,18.23,0.0,54.25
Human Dominant_18,R3,2026-08-25T06:45:52.938436Z,behavior_monitor,3,1360,890,1309,910,752,722,54.12,630.29,587.76,system,NA,0.921,2.64,169.06,113.86,0.0,130.47,54.25
Human Dominant_18,R3,2026-08-25T06:45:53.056226Z,shot_hit,3,1340,893,1323,910,761,735,23.66,600.32,588.16,human,NA,0.962,2.64,169.06,114.46,0.0,130.47,54.25
Human Dominant_18,R3,2026-08-25T06:45:53.056950Z,flight_spawn,4,551,-20,1323,910,761,735,1208.59,783.99,588.16,system,NA,0.393,3.26,52.12,114.46,0.0,130.47,54.25
Human Dominant_18,R3,2026-08-25T06:45:54.220206Z,human_signal,4,736,83,1240,857,708,646,923.59,562.82,572.27,human,your_turn,0.379,3.26,22.62,137.88,-146.59,130.47,-54.25
Human Dominant_18,R3,2026-08-25T06:45:54.220783Z,behavior_monitor,4,736,83,1240,857,708,646,923.59,562.82,572.27,system,NA,0.379,3.26,22.62,137.83,-146.43,130.47,-54.25
Human Dominant_18,R3,2026-08-25T06:45:54.221225Z,human_signal,4,738,85,1238,856,708,646,918.96,561.7,569.99,human,your_turn,0.379,3.26,22.62,137.83,-146.43,130.47,-54.25
Human Dominant_18,R3,2026-08-25T06:45:54.728656Z,behavior_monitor,4,830,109,1242,875,759,576,869.84,472.45,567.98,system,NA,0.352,3.26,2.36,144.07,125.22,169.61,-54.25
Human Dominant_18,R3,2026-08-25T06:45:55.235927Z,behavior_monitor,4,917,148,1185,905,810,565,803.32,430.01,506.6,system,NA,0.349,3.26,54.7,129.41,180.0,99.11,0.0
Human Dominant_18,R3,2026-08-25T06:45:55.744815Z,behavior_monitor,4,947,238,1130,879,861,564,666.07,337.31,414.0,system,NA,0.336,3.26,79.94,129.41,180.0,99.11,0.0
Human Dominant_18,R3,2026-08-25T06:45:56.251631Z,behavior_monitor,4,966,334,1078,879,912,564,555.66,236.12,355.61,system,NA,0.298,3.26,79.94,0.0,180.0,99.11,0.0
Human Dominant_18,R3,2026-08-25T06:45:56.757900Z,behavior_monitor,4,982,431,1023,884,958,565,455.8,136.2,326.42,system,NA,0.23,3.26,79.94,134.72,163.87,0.0,0.0
Human Dominant_18,R3,2026-08-25T06:45:57.267426Z,behavior_monitor,4,996,527,957,887,973,565,362.2,44.81,322.17,system,NA,0.11,3.26,79.94,129.41,180.0,0.0,0.0
Human Dominant_18,R3,2026-08-25T06:45:57.471093Z,shot_hit,4,991,567,928,887,974,565,325.64,16.62,325.03,agent,NA,0.049,3.26,109.26,129.41,180.0,0.0,0.0
Human Dominant_18,R3,2026-08-25T06:45:57.471842Z,flight_spawn,5,780,-20,928,887,974,565,919.37,616.85,325.03,system,NA,0.402,3.47,54.76,129.41,180.0,0.0,0.0
Human Dominant_18,R3,2026-08-25T06:45:58.568732Z,human_signal,5,824,166,788,887,936,565,721.46,414.14,354.14,human,your_turn,0.365,3.47,110.74,129.41,180.0,76.24,180.0
Human Dominant_18,R3,2026-08-25T06:45:58.569747Z,behavior_monitor,5,824,166,788,887,936,565,721.46,414.14,354.14,system,NA,0.365,3.47,110.74,129.41,180.0,76.24,180.0
Human Dominant_18,R3,2026-08-25T06:45:58.570137Z,human_signal,5,823,170,785,887,936,565,718.29,411.24,355.07,human,your_turn,0.364,3.47,110.74,129.41,180.0,76.24,180.0
Human Dominant_18,R3,2026-08-25T06:45:59.073135Z,behavior_monitor,5,786,264,722,887,885,565,626.63,317.27,360.87,system,NA,0.336,3.47,110.74,129.41,180.0,99.11,180.0
Human Dominant_18,R3,2026-08-25T06:45:59.581373Z,behavior_monitor,5,749,357,656,887,834,565,537.96,224.51,367.76,system,NA,0.294,3.47,128.58,129.41,180.0,99.11,180.0
Human Dominant_18,R3,2026-08-25T06:46:00.091437Z,behavior_monitor,5,666,413,590,887,783,565,480.38,192.77,375.03,system,NA,0.286,3.47,152.8,129.41,180.0,117.83,169.72
Human Dominant_18,R3,2026-08-25T06:46:00.598184Z,behavior_monitor,5,571,447,524,887,732,566,442.62,200.21,382.85,system,NA,0.311,3.47,162.32,129.41,180.0,99.11,180.0
Human Dominant_18,R3,2026-08-25T06:46:01.103888Z,behavior_monitor,5,478,497,458,887,681,565,390.57,214.66,391.82,system,NA,0.355,3.47,136.83,129.41,180.0,99.11,180.0
Human Dominant_18,R3,2026-08-25T06:46:01.613319Z,behavior_monitor,5,389,546,392,887,632,566,340.45,243.21,400.85,system,NA,0.417,3.47,135.83,129.41,180.0,99.11,180.0
Human Dominant_18,R3,2026-08-25T06:46:02.122863Z,behavior_monitor,5,304,598,326,887,581,594,289.54,276.98,388.71,system,NA,0.489,3.47,172.86,122.22,180.0,93.6,180.0
Human Dominant_18,R3,2026-08-25T06:46:02.632386Z,behavior_monitor,5,241,653,260,887,530,636,234.99,290.41,369.29,system,NA,0.553,3.47,82.94,129.41,180.0,169.61,125.75
Human Dominant_18,R3,2026-08-25T06:46:03.137951Z,behavior_monitor,5,232,753,215,887,479,706,135.11,251.43,320.7,system,NA,0.65,3.47,87.82,0.0,0.0,169.61,125.75
Human Dominant_18,R3,2026-08-25T06:46:03.662220Z,shot_miss,5,206,855,210,887,427,778,31.6,233.71,242.36,human,NA,0.881,3.47,83.64,0.0,180.0,169.61,125.75
Human Dominant_18,R3,2026-08-25T06:46:04.051993Z,shot_miss,5,218,935,210,887,388,832,48.53,198.93,186.43,human,NA,0.804,3.47,83.64,0.0,180.0,169.61,125.75
Human Dominant_18,R3,2026-08-25T06:46:04.119484Z,flight_missed,5,220,952,210,887,380,843,65.9,192.95,175.13,system,NA,0.745,3.47,83.64,0.0,180.0,180.21,125.75
Human Dominant_18,R3,2026-08-25T06:46:04.120063Z,flight_spawn,6,1321,-20,210,887,380,843,1434.65,1277.79,175.13,system,NA,0.471,2.85,45.39,0.0,180.0,180.21,125.75
Human Dominant_18,R3,2026-08-25T06:46:06.726184Z,human_signal,6,1326,187,444,891,553,604,1128.01,878.34,306.54,human,your_turn,0.438,1.87,177.06,129.41,0.0,130.47,-54.25
Human Dominant_18,R3,2026-08-25T06:46:06.726939Z,behavior_monitor,6,1326,187,444,891,553,604,1128.01,878.34,306.54,system,NA,0.438,1.87,177.06,129.41,0.0,130.47,-54.25
Human Dominant_18,R3,2026-08-25T06:46:06.727298Z,human_signal,6,1323,187,447,891,553,604,1124.36,876.19,305.77,human,your_turn,0.438,1.87,177.06,129.41,0.0,130.47,-54.25
Human Dominant_18,R3,2026-08-25T06:46:07.233163Z,behavior_monitor,6,1271,204,510,891,604,564,1024.13,757.77,339.31,system,NA,0.425,1.87,156.74,129.41,0.0,99.11,0.0
Human Dominant_18,R3,2026-08-25T06:46:07.741438Z,behavior_monitor,6,1224,232,576,891,654,564,924.25,660.12,335.38,system,NA,0.417,1.87,141.48,137.5,0.0,105.3,0.0
Human Dominant_18,R3,2026-08-25T06:46:08.248732Z,behavior_monitor,6,1189,274,642,891,705,565,824.15,564.91,331.81,system,NA,0.407,1.87,121.04,129.41,0.0,99.11,0.0
Human Dominant_18,R3,2026-08-25T06:46:08.753686Z,behavior_monitor,6,1157,317,708,891,756,565,727.71,470.85,329.51,system,NA,0.393,1.87,119.06,129.41,0.0,99.11,0.0
Human Dominant_18,R3,2026-08-25T06:46:09.259916Z,behavior_monitor,6,1135,368,774,891,807,564,634.84,382.11,328.12,system,NA,0.376,1.87,99.03,129.41,0.0,99.11,0.0
Human Dominant_18,R3,2026-08-25T06:46:09.766599Z,behavior_monitor,6,1114,419,840,891,857,564,545.39,295.24,326.93,system,NA,0.351,1.87,120.07,129.41,0.0,99.11,0.0
Human Dominant_18,R3,2026-08-25T06:46:10.277502Z,behavior_monitor,6,1073,457,906,891,908,564,464.67,197.1,326.5,system,NA,0.298,1.87,143.54,129.41,0.0,99.11,0.0
Human Dominant_18,R3,2026-08-25T06:46:10.784471Z,behavior_monitor,6,1040,495,972,885,959,564,396.05,106.81,321.39,system,NA,0.212,1.87,96.56,138.74,-23.52,99.11,0.0
Human Dominant_18,R3,2026-08-25T06:46:11.290324Z,behavior_monitor,6,1028,549,1011,854,1004,564,305.4,27.95,290.29,system,NA,0.084,1.87,79.23,0.0,-42.64,0.0,0.0
Human Dominant_18,R3,2026-08-25T06:46:11.424355Z,shot_hit,6,1040,562,1011,854,1017,564,293.23,22.92,290.28,agent,NA,0.072,1.87,49.34,0.0,-42.64,105.3,0.0
Human Dominant_18,R3,2026-08-25T06:46:11.424907Z,flight_spawn,7,1052,-20,1011,854,1017,564,875.59,585.44,290.28,system,NA,0.401,3.36,126.57,0.0,-42.64,105.3,0.0
Human Dominant_18,R3,2026-08-25T06:46:12.591154Z,human_signal,7,834,41,908,854,994,564,816.42,546.7,302.71,human,your_turn,0.401,3.36,163.28,129.41,180.0,76.24,180.0
Human Dominant_18,R3,2026-08-25T06:46:12.592075Z,behavior_monitor,7,834,41,908,854,994,564,816.42,546.7,302.71,system,NA,0.401,3.36,163.28,129.41,180.0,76.24,180.0
Human Dominant_18,R3,2026-08-25T06:46:12.592445Z,human_signal,7,830,42,906,854,994,564,815.62,546.97,303.34,human,your_turn,0.401,3.36,142.08,129.41,180.0,76.24,180.0
Human Dominant_18,R3,2026-08-25T06:46:13.098983Z,behavior_monitor,7,765,114,842,854,943,564,744.47,484.03,307.37,system,NA,0.394,3.36,121.95,137.5,180.0,105.3,180.0
Human Dominant_18,R3,2026-08-25T06:46:13.605420Z,behavior_monitor,7,693,180,776,854,892,564,679.25,432.58,312.2,system,NA,0.389,3.36,171.59,129.41,180.0,99.11,180.0
Human Dominant_18,R3,2026-08-25T06:46:14.115806Z,behavior_monitor,7,600,209,710,854,841,564,654.88,430.01,318.12,system,NA,0.396,3.36,170.16,129.41,180.0,99.11,180.0
Human Dominant_18,R3,2026-08-25T06:46:14.623907Z,behavior_monitor,7,499,226,644,854,791,564,644.91,446.81,325.38,system,NA,0.409,3.36,170.16,129.41,180.0,99.11,180.0
Human Dominant_18,R3,2026-08-25T06:46:15.134659Z,behavior_monitor,7,428,291,605,854,740,564,590.2,414.48,320.38,system,NA,0.413,3.36,93.58,129.41,180.0,99.11,180.0
Human Dominant_18,R3,2026-08-25T06:46:15.642138Z,behavior_monitor,7,487,352,539,854,690,564,504.89,293.11,327.32,system,NA,0.367,3.36,17.12,129.41,180.0,99.11,180.0
Human Dominant_18,R3,2026-08-25T06:46:16.149472Z,behavior_monitor,7,538,425,560,863,639,564,439.12,171.52,309.94,system,NA,0.281,3.36,58.36,136.15,19.25,99.11,180.0
Human Dominant_18,R3,2026-08-25T06:46:16.660608Z,behavior_monitor,7,588,511,580,869,589,564,358.72,53.32,305.47,system,NA,0.129,3.36,58.36,0.0,0.0,99.11,180.0
Human Dominant_18,R3,2026-08-25T06:46:16.778200Z,shot_hit,7,595,536,580,869,577,564,333.96,33.56,305.36,agent,NA,0.091,3.36,64.57,0.0,0.0,99.11,180.0
Human Dominant_18,R3,2026-08-25T06:46:16.778744Z,flight_spawn,8,105,-20,580,869,577,564,1008.89,751.58,305.36,system,NA,0.427,2.83,135.0,0.0,0.0,99.11,180.0
Human Dominant_18,R3,2026-08-25T06:46:18.047039Z,human_signal,8,80,63,517,869,512,564,917.19,661.71,305.38,human,your_turn,0.419,1.81,8.58,129.41,180.0,76.24,180.0
Human Dominant_18,R3,2026-08-25T06:46:18.047603Z,behavior_monitor,8,80,63,517,869,512,564,917.19,661.71,305.38,system,NA,0.419,1.81,8.58,129.41,180.0,76.24,180.0
Human Dominant_18,R3,2026-08-25T06:46:18.047966Z,human_signal,8,82,63,515,869,512,564,915.09,660.38,305.36,human,your_turn,0.419,1.81,8.58,129.41,180.0,76.24,180.0
Human Dominant_18,R3,2026-08-25T06:46:18.555043Z,behavior_monitor,8,131,78,451,869,462,564,853.15,587.3,305.52,system,NA,0.408,1.81,70.27,129.41,180.0,99.11,180.0
Human Dominant_18,R3,2026-08-25T06:46:19.063910Z,behavior_monitor,8,140,130,385,869,411,564,778.7,511.22,306.37,system,NA,0.396,1.81,99.98,137.5,180.0,105.3,180.0
Human Dominant_18,R3,2026-08-25T06:46:19.573913Z,behavior_monitor,8,115,175,397,869,360,564,749.13,459.68,307.51,system,NA,0.38,1.81,142.49,122.22,0.0,93.6,180.0
Human Dominant_18,R3,2026-08-25T06:46:20.080302Z,behavior_monitor,8,84,216,452,858,309,564,740.17,414.86,326.73,system,NA,0.359,1.81,134.29,129.41,0.0,99.11,180.0
Human Dominant_18,R3,2026-08-25T06:46:20.587445Z,behavior_monitor,8,35,236,473,857,258,564,760.23,397.09,363.25,system,NA,0.343,1.81,166.14,0.0,-21.51,99.11,180.0
Human Dominant_18,R3,2026-08-25T06:46:21.094908Z,behavior_monitor,8,36,264,476,857,208,565,738.75,346.44,396.89,system,NA,0.319,1.35,48.27,0.0,0.0,99.11,180.0
Human Dominant_18,R3,2026-08-25T06:46:21.602121Z,behavior_monitor,8,65,294,522,857,158,565,724.67,285.74,466.99,system,NA,0.283,1.35,48.27,129.41,0.0,99.11,180.0
Human Dominant_18,R3,2026-08-25T06:46:22.110555Z,behavior_monitor,8,87,328,583,857,107,565,725.67,237.99,558.75,system,NA,0.247,1.35,75.25,129.41,0.0,99.11,180.0
Human Dominant_18,R3,2026-08-25T06:46:22.619085Z,behavior_monitor,8,88,365,605,857,72,564,713.26,199.87,608.09,system,NA,0.219,1.35,130.8,0.0,0.0,99.11,180.0
Human Dominant_18,R3,2026-08-25T06:46:25.189371Z,shot_miss,8,101,520,743,857,78,563,725.44,49.18,727.09,agent,NA,0.063,1.35,41.88,0.0,0.0,0.0,0.0
Human Dominant_18,R3,2026-08-25T06:46:25.559559Z,shot_miss,8,120,536,743,857,97,564,700.66,36.4,709.38,agent,NA,0.049,1.35,14.03,0.0,0.0,128.33,2.13
Human Dominant_18,R3,2026-08-25T06:46:25.793975Z,shot_hit,8,140,540,743,857,116,564,681.52,33.48,692.55,agent,NA,0.047,1.35,43.05,0.0,0.0,99.11,0.0
Human Dominant_18,R3,2026-08-25T06:46:25.795058Z,flight_spawn,9,565,-20,743,857,116,564,895.49,737.18,692.55,system,NA,0.452,3.43,125.69,0.0,0.0,99.11,0.0
Human Dominant_18,R3,2026-08-25T06:46:26.811165Z,human_signal,9,518,172,743,857,175,563,721.53,520.47,639.34,human,your_turn,0.419,3.43,96.79,0.0,0.0,72.0,0.0
Human Dominant_18,R3,2026-08-25T06:46:26.812205Z,behavior_monitor,9,518,172,743,857,175,563,721.53,520.47,639.34,system,NA,0.419,3.43,96.79,0.0,0.0,76.24,0.0
Human Dominant_18,R3,2026-08-25T06:46:26.812684Z,human_signal,9,518,175,743,857,175,563,718.39,517.72,639.34,human,your_turn,0.419,3.43,96.79,0.0,0.0,76.24,0.0
Human Dominant_18,R3,2026-08-25T06:46:27.320184Z,behavior_monitor,9,466,252,743,857,225,563,665.21,392.95,595.07,system,NA,0.371,3.43,147.43,0.0,0.0,99.11,0.0
Human Dominant_18,R3,2026-08-25T06:46:27.829478Z,behavior_monitor,9,378,296,743,857,276,563,669.82,286.57,551.46,system,NA,0.3,3.43,155.81,0.0,0.0,99.11,0.0
Human Dominant_18,R3,2026-08-25T06:46:28.337832Z,behavior_monitor,9,286,336,743,857,284,563,693.41,227.89,544.53,system,NA,0.247,3.43,157.08,0.0,0.0,93.6,180.0
Human Dominant_18,R3,2026-08-25T06:46:28.846924Z,behavior_monitor,9,188,370,743,857,234,564,738.46,199.42,587.1,system,NA,0.213,3.43,161.64,0.0,0.0,99.11,180.0
Human Dominant_18,R3,2026-08-25T06:46:29.355840Z,behavior_monitor,9,88,394,743,857,184,564,802.05,195.03,631.56,system,NA,0.196,3.43,173.44,0.0,0.0,100.95,178.07
Human Dominant_18,R3,2026-08-25T06:46:29.864512Z,behavior_monitor,9,39,406,740,857,133,564,833.55,184.62,673.5,system,NA,0.181,2.08,9.58,0.0,180.0,99.11,180.0
Human Dominant_18,R3,2026-08-25T06:46:30.370786Z,behavior_monitor,9,99,416,740,857,83,563,778.44,148.11,719.26,system,NA,0.16,2.08,9.58,0.0,180.0,99.11,180.0
Human Dominant_18,R3,2026-08-25T06:46:30.879775Z,behavior_monitor,9,158,442,740,857,128,564,715.28,126.04,678.95,system,NA,0.15,2.08,38.9,0.0,180.0,99.11,0.0
Human Dominant_18,R3,2026-08-25T06:46:31.389030Z,behavior_monitor,9,216,463,740,857,179,565,655.84,108.07,632.93,system,NA,0.141,2.08,12.85,0.0,180.0,99.11,0.0
Human Dominant_18,R3,2026-08-25T06:46:33.271203Z,shot_miss,9,401,558,764,857,367,564,470.75,34.31,493.74,agent,NA,0.068,2.08,85.0,76.32,0.0,105.3,0.0
Human Dominant_18,R3,2026-08-25T06:46:33.474955Z,shot_hit,9,394,581,754,869,375,576,461.07,19.34,479.11,agent,NA,0.04,2.08,93.48,134.55,128.42,0.0,90.0
Human Dominant_18,R3,2026-08-25T06:46:33.475627Z,flight_spawn,10,247,-20,754,869,375,576,1023.88,609.74,479.11,system,NA,0.373,2.83,135.0,134.55,128.42,0.0,90.0
Human Dominant_18,R3,2026-08-25T06:46:34.489314Z,human_signal,10,188,132,708,877,325,565,908.49,454.52,493.54,human,your_turn,0.333,2.83,128.99,0.0,-90.0,76.24,180.0
Human Dominant_18,R3,2026-08-25T06:46:34.490042Z,behavior_monitor,10,188,132,708,877,325,565,908.49,454.52,493.54,system,NA,0.333,2.83,128.99,0.0,-90.0,76.24,180.0
Human Dominant_18,R3,2026-08-25T06:46:34.490502Z,human_signal,10,185,134,708,877,325,565,908.07,453.16,493.54,human,your_turn,0.333,2.83,128.99,0.0,-90.0,76.24,180.0
Human Dominant_18,R3,2026-08-25T06:46:34.995435Z,behavior_monitor,10,146,205,708,877,275,565,875.02,381.79,533.29,system,NA,0.304,2.83,88.25,0.0,-90.0,99.11,180.0
Human Dominant_18,R3,2026-08-25T06:46:35.499775Z,behavior_monitor,10,144,290,680,828,224,565,759.22,285.7,526.49,system,NA,0.273,2.83,88.25,114.9,-136.64,99.11,180.0
Human Dominant_18,R3,2026-08-25T06:46:36.007537Z,behavior_monitor,10,113,368,699,835,174,564,749.14,205.75,590.46,system,NA,0.215,2.83,116.84,137.53,27.32,99.11,180.0
Human Dominant_18,R3,2026-08-25T06:46:36.515502Z,behavior_monitor,10,99,446,708,840,123,564,725.56,121.09,646.25,system,NA,0.143,2.83,141.84,0.0,0.0,99.11,180.0
Human Dominant_18,R3,2026-08-25T06:46:37.021862Z,behavior_monitor,10,20,479,708,840,73,564,776.94,99.96,692.43,system,NA,0.114,2.83,144.48,0.0,0.0,99.11,180.0
Human Dominant_18,R3,2026-08-25T06:46:37.530951Z,behavior_monitor,10,69,507,708,840,44,564,720.8,61.54,718.75,system,NA,0.079,2.15,3.39,0.0,0.0,99.11,0.0
Human Dominant_18,R3,2026-08-25T06:46:38.037250Z,behavior_monitor,10,133,518,708,840,95,564,659.19,59.81,672.44,system,NA,0.083,2.15,32.43,0.0,0.0,99.11,0.0
Human Dominant_18,R3,2026-08-25T06:46:38.104302Z,shot_miss,10,142,523,708,840,103,564,648.22,56.14,664.77,agent,NA,0.08,2.15,32.43,0.0,0.0,99.11,0.0
Human Dominant_18,R3,2026-08-25T06:46:38.341222Z,shot_miss,10,169,543,708,840,127,564,615.36,47.3,643.39,agent,NA,0.071,2.15,55.85,0.0,0.0,99.11,0.0
Human Dominant_18,R3,2026-08-25T06:46:38.528003Z,shot_miss,10,186,558,708,840,145,564,592.76,41.25,626.7,agent,NA,0.065,2.15,28.63,0.0,0.0,99.11,0.0
Human Dominant_18,R3,2026-08-25T06:46:38.544150Z,behavior_monitor,10,186,558,708,840,145,564,592.76,41.25,626.7,system,NA,0.065,2.15,28.63,0.0,0.0,105.3,0.0
Human Dominant_18,R3,2026-08-25T06:46:39.049360Z,behavior_monitor,10,247,582,708,840,196,578,528.66,50.4,575.0,system,NA,0.087,2.15,21.68,0.0,0.0,180.21,54.25
Human Dominant_18,R3,2026-08-25T06:46:41.094132Z,shot_miss,10,437,718,645,904,402,713,279.82,34.61,309.09,agent,NA,0.11,2.15,53.62,135.7,21.78,169.61,54.25
Human Dominant_18,R3,2026-08-25T06:46:41.414456Z,shot_hit,10,450,757,678,910,426,753,275.21,23.88,297.05,agent,NA,0.08,2.15,82.17,121.3,0.0,137.65,90.0
Human Dominant_18,R3,2026-08-25T06:46:41.415488Z,flight_spawn,11,905,-20,678,910,426,753,957.14,909.61,297.05,system,NA,0.487,2.83,45.0,121.3,0.0,137.65,90.0
Human Dominant_18,R3,2026-08-25T06:46:43.887302Z,human_signal,11,1100,305,934,814,590,565,535.21,571.95,425.21,human,i_can,0.517,2.83,137.24,138.35,-20.71,76.24,0.0
Human Dominant_18,R3,2026-08-25T06:46:43.903229Z,behavior_monitor,11,1100,305,934,814,591,565,535.21,571.09,424.42,system,NA,0.516,2.83,137.24,146.79,-20.5,60.75,0.0
Human Dominant_18,R3,2026-08-25T06:46:44.412664Z,behavior_monitor,11,1072,381,996,783,620,565,408.26,487.5,433.97,system,NA,0.544,2.83,125.48,141.73,-30.49,57.18,0.0
Human Dominant_18,R3,2026-08-25T06:46:44.916977Z,behavior_monitor,11,1038,456,1057,786,634,565,330.54,418.06,476.81,system,NA,0.558,2.83,83.47,37.38,0.0,0.0,0.0
Human Dominant_18,R3,2026-08-25T06:46:45.424780Z,behavior_monitor,11,1053,539,1057,786,655,565,246.94,399.0,458.79,system,NA,0.618,2.83,33.78,0.0,0.0,76.24,0.0
Human Dominant_18,R3,2026-08-25T06:46:45.931893Z,behavior_monitor,11,1129,585,1081,792,693,579,212.4,435.98,442.04,system,NA,0.672,2.83,10.03,129.41,0.0,76.24,0.0
Human Dominant_18,R3,2026-08-25T06:46:46.439070Z,behavior_monitor,11,1208,603,1147,792,732,597,198.49,476.15,458.08,system,NA,0.706,2.83,7.76,129.41,0.0,76.24,0.0
Human Dominant_18,R3,2026-08-25T06:46:46.948038Z,behavior_monitor,11,1208,677,1206,792,771,647,114.44,437.77,457.91,system,NA,0.793,2.83,108.18,0.0,0.0,130.47,54.25
Human Dominant_18,R3,2026-08-25T06:46:47.455426Z,behavior_monitor,11,1191,758,1194,801,810,702,43.29,384.43,396.17,system,NA,0.899,2.83,111.58,0.0,142.24,130.47,54.25
Human Dominant_18,R3,2026-08-25T06:46:47.608345Z,shot_hit,11,1180,782,1194,801,822,718,24.18,363.17,381.03,human,NA,0.938,2.83,86.09,0.0,142.24,130.47,54.25
Human Dominant_18,R3,2026-08-25T06:46:47.608922Z,flight_spawn,12,540,-20,1194,801,822,718,1050.43,790.97,381.03,system,NA,0.43,2.83,135.0,0.0,142.24,130.47,54.25
Human Dominant_18,R3,2026-08-25T06:46:48.741602Z,human_signal,12,361,36,1130,836,813,706,1109.18,807.99,342.17,human,your_turn,0.421,2.83,145.61,137.58,155.4,130.47,-125.75
Human Dominant_18,R3,2026-08-25T06:46:48.742641Z,behavior_monitor,12,361,36,1130,836,813,706,1109.18,807.99,342.17,system,NA,0.421,2.83,145.61,137.58,155.4,130.47,-125.75
Human Dominant_18,R3,2026-08-25T06:46:48.743010Z,human_signal,12,358,38,1127,837,813,706,1109.03,808.1,340.57,human,your_turn,0.422,2.83,145.61,137.58,155.4,130.47,-125.75
Human Dominant_18,R3,2026-08-25T06:46:49.242833Z,behavior_monitor,12,279,69,1065,862,763,636,1115.54,744.78,376.82,system,NA,0.4,2.83,143.53,136.86,161.01,169.61,-125.75
Human Dominant_18,R3,2026-08-25T06:46:49.750389Z,behavior_monitor,12,198,96,999,876,711,565,1117.18,695.06,423.03,system,NA,0.384,2.83,165.72,129.41,180.0,169.61,-125.75
Human Dominant_18,R3,2026-08-25T06:46:50.259359Z,behavior_monitor,12,118,119,933,876,661,565,1111.85,702.66,412.69,system,NA,0.387,2.83,140.57,129.41,180.0,99.11,180.0
Human Dominant_18,R3,2026-08-25T06:46:50.767699Z,behavior_monitor,12,53,173,867,876,610,565,1074.83,681.13,402.57,system,NA,0.388,2.83,135.14,122.22,180.0,93.6,180.0
Human Dominant_18,R3,2026-08-25T06:46:51.273483Z,behavior_monitor,12,34,233,801,876,560,566,1000.62,622.33,392.63,system,NA,0.383,2.33,58.92,137.5,180.0,105.3,180.0
Human Dominant_18,R3,2026-08-25T06:46:51.781398Z,behavior_monitor,12,67,292,735,876,509,566,886.68,519.98,383.34,system,NA,0.37,2.33,58.92,129.41,180.0,99.11,180.0
Human Dominant_18,R3,2026-08-25T06:46:52.288204Z,behavior_monitor,12,108,348,669,876,459,565,769.87,412.87,374.73,system,NA,0.349,2.33,82.35,129.41,180.0,99.11,180.0
Human Dominant_18,R3,2026-08-25T06:46:52.797699Z,behavior_monitor,12,116,417,603,876,409,564,668.66,328.0,366.58,system,NA,0.329,2.33,106.61,129.41,180.0,88.81,-161.04
Human Dominant_18,R3,2026-08-25T06:46:53.305517Z,behavior_monitor,12,146,469,537,876,358,565,563.9,232.45,358.52,system,NA,0.292,2.33,28.54,137.5,180.0,105.3,180.0
Human Dominant_18,R3,2026-08-25T06:46:54.407422Z,shot_miss,12,273,535,519,877,252,564,420.57,36.3,411.03,agent,NA,0.079,2.33,8.33,129.41,0.0,0.0,180.0
Human Dominant_18,R3,2026-08-25T06:46:54.765085Z,shot_miss,12,319,553,565,877,285,564,406.47,35.58,419.26,agent,NA,0.08,2.33,24.79,129.41,0.0,99.11,0.0
Human Dominant_18,R3,2026-08-25T06:46:54.950243Z,shot_miss,12,340,564,589,877,304,564,399.8,36.8,423.48,agent,NA,0.084,2.33,24.79,129.41,0.0,99.11,0.0
Human Dominant_18,R3,2026-08-25T06:46:56.722844Z,shot_hit,12,479,748,646,887,458,744,217.03,21.59,236.53,agent,NA,0.09,2.33,95.74,0.0,0.0,137.65,90.0
Human Dominant_18,R3,2026-08-25T06:46:56.723659Z,flight_spawn,13,863,-20,646,887,458,744,933.35,864.58,236.53,system,NA,0.481,2.83,45.0,0.0,0.0,137.65,90.0
Human Dominant_18,R3,2026-08-25T06:46:59.075129Z,human_signal,13,809,223,784,807,607,566,584.52,397.8,298.98,human,your_turn,0.405,2.83,165.82,0.0,-90.0,76.24,0.0
Human Dominant_18,R3,2026-08-25T06:46:59.076170Z,behavior_monitor,13,809,223,784,807,607,566,584.52,397.8,298.98,system,NA,0.405,2.83,165.82,0.0,-90.0,76.24,0.0
Human Dominant_18,R3,2026-08-25T06:46:59.076590Z,human_signal,13,805,223,784,807,607,566,583.7,395.46,298.98,human,your_turn,0.404,2.83,165.82,0.0,-90.0,76.24,0.0
Human Dominant_18,R3,2026-08-25T06:46:59.583715Z,behavior_monitor,13,724,242,778,807,658,566,567.01,330.27,269.42,system,NA,0.368,2.83,142.27,118.24,180.0,99.11,0.0
Human Dominant_18,R3,2026-08-25T06:47:00.091514Z,behavior_monitor,13,648,273,712,807,645,565,537.32,292.32,250.3,system,NA,0.352,2.83,172.88,129.41,180.0,99.11,180.0
Human Dominant_18,R3,2026-08-25T06:47:00.597846Z,behavior_monitor,13,565,284,655,826,594,565,550.16,282.76,268.47,system,NA,0.339,2.83,172.88,137.61,118.95,99.11,180.0
Human Dominant_18,R3,2026-08-25T06:47:01.105399Z,behavior_monitor,13,485,316,651,839,544,564,548.62,255.0,295.0,system,NA,0.317,2.83,149.11,129.41,0.0,99.11,180.0
Human Dominant_18,R3,2026-08-25T06:47:01.611307Z,behavior_monitor,13,412,360,678,839,493,565,548.04,220.49,330.62,system,NA,0.287,2.83,149.11,0.0,0.0,99.11,180.0
Human Dominant_18,R3,2026-08-25T06:47:02.119726Z,behavior_monitor,13,340,403,665,839,442,565,543.55,191.23,353.17,system,NA,0.26,2.83,149.11,73.95,180.0,99.11,180.0
Human Dominant_18,R3,2026-08-25T06:47:02.625792Z,behavior_monitor,13,264,447,625,839,392,565,532.84,174.09,359.56,system,NA,0.246,2.83,149.11,129.41,180.0,99.11,180.0
Human Dominant_18,R3,2026-08-25T06:47:03.133889Z,behavior_monitor,13,210,507,559,851,341,565,490.03,143.42,359.3,system,NA,0.226,2.83,99.89,133.99,164.98,109.21,-168.48
Human Dominant_18,R3,2026-08-25T06:47:03.644842Z,behavior_monitor,13,236,587,543,882,290,582,425.58,54.12,392.75,system,NA,0.113,2.83,43.12,130.69,36.98,169.61,125.75
Human Dominant_18,R3,2026-08-25T06:47:03.900794Z,shot_hit,13,258,627,575,895,263,619,416.07,9.46,416.71,agent,NA,0.022,2.83,69.37,129.41,0.0,169.61,125.75
Human Dominant_18,R3,2026-08-25T06:47:03.901466Z,flight_spawn,14,1353,-20,575,895,263,619,1201.44,1263.59,416.71,system,NA,0.513,2.89,133.73,129.41,0.0,169.61,125.75
Human Dominant_18,R3,2026-08-25T06:47:06.904332Z,human_signal,14,1059,377,965,815,463,566,447.4,625.1,559.41,human,i_can,0.583,2.89,116.33,129.41,0.0,76.24,0.0
Human Dominant_18,R3,2026-08-25T06:47:06.920925Z,behavior_monitor,14,1059,377,965,815,464,566,447.4,624.17,558.53,system,NA,0.582,2.89,116.33,129.41,0.0,57.18,0.0
Human Dominant_18,R3,2026-08-25T06:47:07.429791Z,behavior_monitor,14,1039,460,1000,809,493,567,351.47,555.89,561.44,system,NA,0.613,2.89,120.18,0.0,-48.83,57.18,0.0
Human Dominant_18,R3,2026-08-25T06:47:07.936586Z,behavior_monitor,14,998,532,1000,809,507,567,276.89,492.5,549.2,system,NA,0.64,2.89,112.13,0.0,-48.83,0.0,0.0
Human Dominant_18,R3,2026-08-25T06:47:08.445104Z,behavior_monitor,14,934,580,996,835,507,567,262.49,426.95,557.93,system,NA,0.619,2.89,159.92,144.96,119.07,0.0,39.89
Human Dominant_18,R3,2026-08-25T06:47:08.953452Z,behavior_monitor,14,871,631,933,829,543,618,208.21,328.34,443.3,system,NA,0.612,2.89,139.87,134.4,-164.34,130.47,54.25
Human Dominant_18,R3,2026-08-25T06:47:09.460542Z,behavior_monitor,14,802,686,867,829,583,672,156.98,219.82,324.8,system,NA,0.583,2.89,139.87,129.41,180.0,130.47,54.25
Human Dominant_18,R3,2026-08-25T06:47:09.971567Z,behavior_monitor,14,725,720,806,864,622,714,165.76,103.22,238.41,system,NA,0.384,2.89,161.92,141.46,137.95,130.47,54.25
Human Dominant_18,R3,2026-08-25T06:47:10.410797Z,shot_hit,14,661,765,806,907,646,759,202.71,16.49,217.95,agent,NA,0.075,2.89,141.39,134.52,34.24,130.47,125.75
Human Dominant_18,R3,2026-08-25T06:47:10.411450Z,flight_spawn,15,573,-20,806,907,646,759,955.98,782.53,217.95,system,NA,0.45,2.83,45.0,134.52,34.24,130.47,125.75
Human Dominant_18,R3,2026-08-25T06:47:11.748050Z,human_signal,15,780,36,846,910,675,719,876.43,692.01,256.12,human,your_turn,0.441,2.83,8.44,123.24,0.0,131.16,-41.74
Human Dominant_18,R3,2026-08-25T06:47:11.749108Z,behavior_monitor,15,780,36,846,910,675,719,876.43,692.01,256.12,system,NA,0.441,2.83,8.44,123.24,0.0,130.47,-54.25
Human Dominant_18,R3,2026-08-25T06:47:11.749524Z,human_signal,15,784,36,848,910,675,719,875.92,692.1,257.46,human,your_turn,0.441,2.83,8.44,123.24,0.0,130.47,-54.25
Human Dominant_18,R3,2026-08-25T06:47:12.258009Z,behavior_monitor,15,852,80,849,904,725,649,823.81,583.59,282.41,system,NA,0.415,2.83,57.89,132.81,20.84,169.61,-54.25
Human Dominant_18,R3,2026-08-25T06:47:12.767536Z,behavior_monitor,15,869,161,898,899,776,580,739.12,429.24,341.98,system,NA,0.367,2.83,58.94,59.77,-90.0,169.61,-54.25
Human Dominant_18,R3,2026-08-25T06:47:13.276155Z,behavior_monitor,15,915,234,898,893,827,566,659.57,343.94,334.57,system,NA,0.343,2.83,58.94,0.0,-90.0,99.11,0.0
Human Dominant_18,R3,2026-08-25T06:47:13.783842Z,behavior_monitor,15,950,309,921,890,878,564,582.24,265.65,328.6,system,NA,0.313,2.83,56.65,129.41,0.0,99.11,0.0
Human Dominant_18,R3,2026-08-25T06:47:14.291910Z,behavior_monitor,15,1009,369,986,890,928,565,522.05,212.0,330.92,system,NA,0.289,2.83,36.42,129.41,0.0,99.11,0.0
Human Dominant_18,R3,2026-08-25T06:47:14.797737Z,behavior_monitor,15,1033,446,1051,876,978,565,429.92,130.59,319.46,system,NA,0.233,2.83,84.8,142.7,-34.18,99.11,0.0
Human Dominant_18,R3,2026-08-25T06:47:15.305038Z,behavior_monitor,15,1037,531,1077,854,1015,564,325.75,39.96,296.19,system,NA,0.109,2.83,84.8,0.0,-47.96,0.0,0.0
Human Dominant_18,R3,2026-08-25T06:47:15.339091Z,shot_miss,15,1039,539,1077,854,1015,564,317.11,34.5,296.19,agent,NA,0.098,2.83,84.8,0.0,-47.96,0.0,0.0
Human Dominant_18,R3,2026-08-25T06:47:15.661602Z,shot_hit,15,1034,591,1072,855,1016,585,266.53,18.5,275.38,agent,NA,0.065,2.83,114.29,50.11,180.0,137.65,90.0
Human Dominant_18,R3,2026-08-25T06:47:15.662658Z,flight_spawn,16,821,-20,1072,855,1016,585,910.29,636.07,275.38,system,NA,0.411,3.54,55.65,50.11,180.0,137.65,90.0
Human Dominant_18,R3,2026-08-25T06:47:16.675605Z,human_signal,16,917,160,985,869,961,566,711.64,407.78,303.92,human,your_turn,0.364,3.54,55.86,129.41,180.0,76.24,180.0
Human Dominant_18,R3,2026-08-25T06:47:16.676622Z,behavior_monitor,16,917,160,985,869,961,566,711.64,407.78,303.92,system,NA,0.364,3.54,55.86,129.41,180.0,76.24,180.0
Human Dominant_18,R3,2026-08-25T06:47:16.677050Z,human_signal,16,919,163,983,869,961,566,708.3,404.63,303.75,human,your_turn,0.364,3.54,55.86,129.41,180.0,76.24,180.0
Human Dominant_18,R3,2026-08-25T06:47:17.181432Z,behavior_monitor,16,991,239,920,869,957,566,633.99,328.74,305.29,system,NA,0.341,3.54,7.5,125.85,180.0,99.11,0.0
Human Dominant_18,R3,2026-08-25T06:47:17.691737Z,behavior_monitor,16,1022,322,974,869,1003,566,549.54,244.96,304.6,system,NA,0.308,3.54,125.14,129.41,0.0,0.0,0.0
Human Dominant_18,R3,2026-08-25T06:47:18.202626Z,behavior_monitor,16,1000,424,1011,869,983,566,445.62,143.16,304.73,system,NA,0.243,3.54,67.21,0.0,0.0,0.0,180.0
Human Dominant_18,R3,2026-08-25T06:47:18.708767Z,behavior_monitor,16,1022,525,1011,869,1000,565,343.76,45.66,303.92,system,NA,0.117,3.54,70.43,0.0,0.0,0.0,136.54
Human Dominant_18,R3,2026-08-25T06:47:18.827218Z,shot_hit,16,1024,553,1011,869,1003,565,316.2,24.9,303.99,agent,NA,0.073,3.54,121.5,0.0,0.0,0.0,0.0
Human Dominant_18,R3,2026-08-25T06:47:18.827787Z,flight_spawn,17,994,-20,1011,869,1003,565,889.75,585.78,303.99,system,NA,0.397,3.1,49.84,0.0,0.0,0.0,0.0
Human Dominant_18,R3,2026-08-25T06:47:19.807182Z,human_signal,17,1122,93,1011,869,1039,565,784.38,480.15,304.92,human,your_turn,0.38,3.1,52.46,0.0,0.0,81.0,0.0
Human Dominant_18,R3,2026-08-25T06:47:19.808616Z,behavior_monitor,17,1122,93,1011,869,1039,565,784.38,480.15,304.92,system,NA,0.38,3.1,52.46,0.0,0.0,76.24,0.0
Human Dominant_18,R3,2026-08-25T06:47:19.808959Z,human_signal,17,1124,95,1011,869,1039,565,782.24,478.08,304.92,human,your_turn,0.379,3.1,52.46,0.0,0.0,76.24,0.0
Human Dominant_18,R3,2026-08-25T06:47:20.315939Z,behavior_monitor,17,1144,181,1011,869,1089,565,700.44,387.67,313.8,system,NA,0.356,3.1,97.47,0.0,0.0,99.11,0.0
Human Dominant_18,R3,2026-08-25T06:47:20.825874Z,behavior_monitor,17,1066,215,1039,869,1073,566,654.6,350.98,305.06,system,NA,0.349,3.1,160.96,0.0,0.0,99.11,180.0
Human Dominant_18,R3,2026-08-25T06:47:21.335453Z,behavior_monitor,17,979,239,1007,846,1022,567,607.46,330.46,279.66,system,NA,0.352,3.1,152.42,141.95,-145.97,99.11,180.0
Human Dominant_18,R3,2026-08-25T06:47:21.843449Z,behavior_monitor,17,907,299,992,832,971,566,539.44,274.95,266.14,system,NA,0.338,3.1,128.5,0.0,-90.0,99.11,180.0
Human Dominant_18,R3,2026-08-25T06:47:22.352099Z,behavior_monitor,17,860,377,983,832,920,564,471.63,197.49,274.53,system,NA,0.295,3.1,128.33,129.41,180.0,99.11,180.0
Human Dominant_18,R3,2026-08-25T06:47:22.858977Z,behavior_monitor,17,815,456,917,832,869,565,389.71,121.64,271.46,system,NA,0.238,3.1,108.3,137.5,180.0,105.3,180.0
Human Dominant_18,R3,2026-08-25T06:47:23.367940Z,behavior_monitor,17,800,542,851,832,818,564,294.14,28.45,269.62,system,NA,0.088,3.1,80.8,129.41,180.0,99.11,180.0
Human Dominant_18,R3,2026-08-25T06:47:23.369118Z,shot_hit,17,801,545,849,832,816,564,290.64,24.58,269.56,agent,NA,0.078,3.1,110.4,129.41,180.0,99.11,180.0
Human Dominant_18,R3,2026-08-25T06:47:23.369492Z,flight_spawn,18,1367,-20,849,832,816,564,997.3,802.88,269.56,system,NA,0.446,2.83,135.0,129.41,180.0,99.11,180.0
Human Dominant_18,R3,2026-08-25T06:47:28.323446Z,human_signal,18,1170,446,1198,832,1154,564,386.98,119.27,271.33,human,your_turn,0.236,2.02,179.02,0.0,0.0,76.24,180.0
Human Dominant_18,R3,2026-08-25T06:47:28.324096Z,behavior_monitor,18,1170,446,1198,832,1154,564,386.98,119.27,271.33,system,NA,0.236,2.02,179.02,0.0,0.0,81.0,180.0
Human Dominant_18,R3,2026-08-25T06:47:28.324394Z,human_signal,18,1167,446,1198,832,1154,564,387.14,118.94,271.33,human,your_turn,0.235,2.02,179.02,0.0,0.0,81.0,180.0
Human Dominant_18,R3,2026-08-25T06:47:28.834012Z,behavior_monitor,18,1111,459,1190,832,1104,564,380.8,105.12,281.13,system,NA,0.216,2.02,155.8,129.41,180.0,99.11,180.0
Human Dominant_18,R3,2026-08-25T06:47:29.341920Z,behavior_monitor,18,1066,497,1124,832,1054,564,339.35,67.87,276.8,system,NA,0.167,2.02,124.02,129.41,180.0,99.11,180.0
Human Dominant_18,R3,2026-08-25T06:47:29.731281Z,shot_hit,18,1047,541,1071,832,1030,564,291.41,28.28,270.83,agent,NA,0.088,2.02,122.03,129.41,180.0,99.11,180.0
Human Dominant_18,R3,2026-08-25T06:47:29.732338Z,flight_spawn,19,1000,-20,1071,832,1030,564,855.32,585.44,270.83,system,NA,0.406,3.41,54.13,129.41,180.0,99.11,180.0
Human Dominant_18,R3,2026-08-25T06:47:30.845843Z,human_signal,19,1072,177,981,834,1053,564,664.04,388.22,279.52,human,your_turn,0.369,3.41,92.94,0.0,0.0,0.0,97.41
Human Dominant_18,R3,2026-08-25T06:47:30.846483Z,behavior_monitor,19,1072,177,981,834,1053,564,664.04,388.22,279.52,system,NA,0.369,3.41,92.94,0.0,0.0,0.0,97.41
Human Dominant_18,R3,2026-08-25T06:47:30.846956Z,human_signal,19,1072,180,981,834,1053,564,660.71,384.83,279.52,human,your_turn,0.368,3.41,92.94,0.0,0.0,0.0,97.41
Human Dominant_18,R3,2026-08-25T06:47:31.353439Z,behavior_monitor,19,1048,274,956,834,1031,564,567.61,290.48,280.53,system,NA,0.339,3.41,117.49,129.41,180.0,99.11,180.0
Human Dominant_18,R3,2026-08-25T06:47:31.861271Z,behavior_monitor,19,1022,371,898,831,1005,564,476.45,193.88,287.44,system,NA,0.289,3.41,93.34,129.41,180.0,0.0,180.0
Human Dominant_18,R3,2026-08-25T06:47:32.367788Z,behavior_monitor,19,1013,473,865,831,997,565,387.97,93.26,297.58,system,NA,0.194,3.41,96.7,0.0,0.0,0.0,180.0
Human Dominant_18,R3,2026-08-25T06:47:32.755482Z,shot_hit,19,1030,547,865,831,1002,565,328.34,32.28,299.96,agent,NA,0.09,3.41,49.53,0.0,0.0,99.11,0.0
Human Dominant_18,R3,2026-08-25T06:47:32.755842Z,flight_spawn,20,728,-20,865,831,1002,565,862.81,646.76,299.96,system,NA,0.428,2.83,135.0,0.0,0.0,99.11,0.0
Human Dominant_18,R3,2026-08-25T06:47:36.123813Z,human_signal,20,373,368,494,822,776,566,469.67,448.63,380.63,human,your_turn,0.489,2.83,128.38,129.41,180.0,76.24,180.0
Human Dominant_18,R3,2026-08-25T06:47:36.124582Z,behavior_monitor,20,373,368,494,822,776,566,469.67,448.63,380.63,system,NA,0.489,2.83,128.38,129.41,180.0,76.24,180.0
Human Dominant_18,R3,2026-08-25T06:47:36.124938Z,human_signal,20,371,370,492,822,776,566,467.45,449.34,382.26,human,your_turn,0.49,2.83,128.38,129.41,180.0,76.24,180.0
Human Dominant_18,R3,2026-08-25T06:47:36.633343Z,behavior_monitor,20,333,439,428,822,725,566,394.84,412.09,392.2,system,NA,0.511,2.83,99.74,129.41,180.0,99.11,180.0
Human Dominant_18,R3,2026-08-25T06:47:37.141187Z,behavior_monitor,20,323,518,362,823,675,566,307.81,355.03,404.73,system,NA,0.536,2.83,78.64,133.4,165.95,99.11,180.0
Human Dominant_18,R3,2026-08-25T06:47:37.652618Z,behavior_monitor,20,296,599,298,835,624,589,236.13,328.43,407.91,system,NA,0.582,2.83,107.85,129.41,180.0,169.61,125.75
Human Dominant_18,R3,2026-08-25T06:47:38.161331Z,behavior_monitor,20,265,676,234,835,573,659,162.02,308.68,382.44,system,NA,0.656,2.83,132.28,58.89,180.0,169.61,125.75
Human Dominant_18,R3,2026-08-25T06:47:38.666977Z,behavior_monitor,20,209,738,210,845,522,729,106.46,313.25,332.85,system,NA,0.746,2.83,132.28,142.86,164.26,180.21,125.75
Human Dominant_18,R3,2026-08-25T06:47:39.170914Z,behavior_monitor,20,146,801,144,847,472,797,45.46,326.17,331.57,system,NA,0.878,2.83,132.28,129.41,180.0,169.61,125.75
Human Dominant_18,R3,2026-08-25T06:47:39.290573Z,shot_hit,20,133,816,129,843,460,811,27.52,326.86,332.98,human,NA,0.922,2.83,132.28,134.73,-163.85,169.61,125.75
Human Dominant_18,R4,2026-08-25T06:47:48.768249Z,flight_spawn,1,784,-20,129,843,460,811,1083.73,892.34,332.98,system,NA,0.452,2.83,135.0,0.0,-162.39,0.0,125.75
Human Dominant_18,R4,2026-08-25T06:47:53.621168Z,human_signal,1,567,198,985,787,478,599,722.58,411.26,540.85,human,your_turn,0.363,2.83,135.0,138.64,144.53,130.47,-54.25
Human Dominant_18,R4,2026-08-25T06:47:53.622303Z,behavior_monitor,1,567,198,985,787,478,599,722.58,411.26,540.85,system,NA,0.363,2.83,135.0,138.64,144.53,130.47,-54.25
Human Dominant_18,R4,2026-08-25T06:47:53.622688Z,human_signal,1,564,200,983,789,478,599,722.49,408.74,539.53,human,your_turn,0.361,2.83,135.0,138.64,144.53,130.47,-54.25
Human Dominant_18,R4,2026-08-25T06:47:54.128596Z,behavior_monitor,1,507,258,925,825,494,566,705.06,308.47,502.82,system,NA,0.304,2.83,135.0,137.64,160.09,99.11,180.0
Human Dominant_18,R4,2026-08-25T06:47:54.639322Z,behavior_monitor,1,439,303,859,828,444,565,672.45,261.97,491.87,system,NA,0.28,2.83,170.89,129.41,180.0,99.11,180.0
Human Dominant_18,R4,2026-08-25T06:47:55.146662Z,behavior_monitor,1,379,350,793,828,393,565,632.82,215.8,478.8,system,NA,0.254,2.83,117.14,129.41,180.0,99.11,180.0
Human Dominant_18,R4,2026-08-25T06:47:55.655952Z,behavior_monitor,1,350,428,727,828,342,565,550.53,138.06,465.87,system,NA,0.2,2.83,114.04,129.41,180.0,99.11,180.0
Human Dominant_18,R4,2026-08-25T06:47:56.163595Z,behavior_monitor,1,300,494,661,833,292,565,496.04,71.63,456.6,system,NA,0.126,2.83,134.19,136.36,161.64,82.27,-162.43
Human Dominant_18,R4,2026-08-25T06:47:56.484246Z,shot_hit,1,263,535,624,846,258,565,476.46,31.29,461.03,agent,NA,0.062,2.83,134.19,39.26,180.0,99.11,180.0
Human Dominant_18,R4,2026-08-25T06:47:56.484945Z,flight_spawn,2,532,-20,624,846,258,565,871.08,646.5,461.03,system,NA,0.426,3.54,55.56,39.26,180.0,99.11,180.0
Human Dominant_18,R4,2026-08-25T06:47:57.599589Z,human_signal,2,669,166,666,846,322,566,680.02,529.77,443.69,human,your_turn,0.438,3.54,54.55,48.17,0.0,76.24,0.0
Human Dominant_18,R4,2026-08-25T06:47:57.600214Z,behavior_monitor,2,669,166,666,846,322,566,680.02,529.77,443.69,system,NA,0.438,3.54,54.55,50.76,0.0,81.0,0.0
Human Dominant_18,R4,2026-08-25T06:47:57.600675Z,human_signal,2,671,168,667,846,322,566,677.15,529.34,444.34,human,your_turn,0.439,3.54,54.55,50.76,0.0,81.0,0.0
Human Dominant_18,R4,2026-08-25T06:47:58.107901Z,behavior_monitor,2,746,235,709,843,373,565,608.91,498.64,436.36,system,NA,0.45,3.54,3.38,99.38,-128.88,99.11,0.0
Human Dominant_18,R4,2026-08-25T06:47:58.614009Z,behavior_monitor,2,846,255,745,831,423,566,585.18,524.78,417.08,system,NA,0.473,3.54,18.22,129.41,0.0,99.11,0.0
Human Dominant_18,R4,2026-08-25T06:47:59.119155Z,behavior_monitor,2,949,284,811,831,473,566,563.82,553.24,429.37,system,NA,0.495,3.54,33.95,129.41,0.0,99.11,0.0
Human Dominant_18,R4,2026-08-25T06:47:59.626921Z,behavior_monitor,2,1048,311,877,831,523,566,547.8,583.9,441.76,system,NA,0.516,3.54,10.72,129.41,0.0,99.11,0.0
Human Dominant_18,R4,2026-08-25T06:48:00.134237Z,behavior_monitor,2,1144,353,943,831,574,566,518.54,608.35,454.78,system,NA,0.54,3.54,56.01,129.41,0.0,99.11,0.0
Human Dominant_18,R4,2026-08-25T06:48:00.641836Z,behavior_monitor,2,1226,412,1009,831,624,566,471.4,620.68,467.42,system,NA,0.568,3.54,28.65,129.41,0.0,99.11,0.0
Human Dominant_18,R4,2026-08-25T06:48:01.149805Z,behavior_monitor,2,1311,466,1075,831,675,566,434.14,643.75,479.86,system,NA,0.597,3.54,51.87,129.41,0.0,99.11,0.0
Human Dominant_18,R4,2026-08-25T06:48:01.661259Z,behavior_monitor,2,1346,564,1141,831,725,566,336.93,621.18,493.26,system,NA,0.648,3.54,81.41,129.41,0.0,99.11,0.0
Human Dominant_18,R4,2026-08-25T06:48:02.168737Z,behavior_monitor,2,1345,667,1207,831,776,632,214.25,570.32,474.99,system,NA,0.727,3.54,85.58,129.41,0.0,169.61,54.25
Human Dominant_18,R4,2026-08-25T06:48:03.643264Z,shot_miss,2,1420,912,1386,875,923,836,49.56,502.91,465.61,human,NA,0.91,3.24,174.35,134.74,45.67,177.64,58.78
Human Dominant_18,R4,2026-08-25T06:48:03.812131Z,shot_hit,2,1386,915,1400,892,939,860,27.89,449.78,462.22,human,NA,0.942,3.24,174.35,126.66,51.58,169.61,54.25
Human Dominant_18,R4,2026-08-25T06:48:03.812786Z,flight_spawn,3,940,-20,1400,892,939,860,1022.13,880.27,462.22,system,NA,0.463,3.35,126.65,126.66,51.58,169.61,54.25
Human Dominant_18,R4,2026-08-25T06:48:05.302886Z,human_signal,3,685,95,1273,910,855,740,1004.74,666.84,451.83,human,your_turn,0.399,3.35,115.85,129.41,180.0,130.47,-125.75
Human Dominant_18,R4,2026-08-25T06:48:05.303740Z,behavior_monitor,3,685,95,1273,910,855,740,1004.74,666.84,451.83,system,NA,0.399,3.35,115.85,129.41,180.0,130.47,-125.75
Human Dominant_18,R4,2026-08-25T06:48:05.304130Z,human_signal,3,684,98,1271,910,855,740,1001.45,664.12,449.79,human,your_turn,0.399,3.35,115.85,129.41,180.0,130.47,-125.75
Human Dominant_18,R4,2026-08-25T06:48:05.811239Z,behavior_monitor,3,658,190,1207,910,804,669,905.56,501.51,469.06,system,NA,0.356,3.35,94.53,137.5,180.0,180.21,-125.75
Human Dominant_18,R4,2026-08-25T06:48:06.318654Z,behavior_monitor,3,652,289,1143,892,754,600,777.33,326.77,486.22,system,NA,0.296,3.35,71.47,135.96,-155.78,169.61,-125.75
Human Dominant_18,R4,2026-08-25T06:48:06.825718Z,behavior_monitor,3,657,383,1078,872,704,565,645.13,187.81,483.8,system,NA,0.225,3.35,123.69,133.89,-165.14,99.11,180.0
Human Dominant_18,R4,2026-08-25T06:48:07.335571Z,behavior_monitor,3,671,471,1012,858,654,565,515.29,95.39,462.01,system,NA,0.156,3.35,50.4,129.41,180.0,0.0,180.0
Human Dominant_18,R4,2026-08-25T06:48:07.848258Z,behavior_monitor,3,750,522,948,838,700,565,372.81,66.46,368.82,system,NA,0.151,3.35,0.96,132.26,-157.34,99.11,0.0
Human Dominant_18,R4,2026-08-25T06:48:08.356221Z,behavior_monitor,3,832,570,991,848,750,565,319.82,82.77,372.09,system,NA,0.206,3.35,29.8,85.25,44.6,99.11,0.0
Human Dominant_18,R4,2026-08-25T06:48:08.856680Z,behavior_monitor,3,924,599,939,845,801,593,246.8,123.06,287.26,system,NA,0.333,3.35,5.72,0.0,-154.07,99.11,0.0
Human Dominant_18,R4,2026-08-25T06:48:09.363770Z,behavior_monitor,3,1016,637,1003,845,851,633,208.86,165.07,261.05,system,NA,0.441,3.35,24.06,129.41,0.0,169.61,54.25
Human Dominant_18,R4,2026-08-25T06:48:09.867345Z,behavior_monitor,3,1062,720,1060,823,902,701,102.64,161.25,199.55,system,NA,0.611,3.35,71.65,135.84,-72.31,169.61,54.25
Human Dominant_18,R4,2026-08-25T06:48:10.035752Z,shot_miss,3,1081,748,1079,809,919,724,61.09,163.34,180.5,human,NA,0.728,3.35,46.91,139.72,-35.12,169.61,54.25
Human Dominant_18,R4,2026-08-25T06:48:10.205066Z,shot_miss,3,1108,765,1099,795,936,748,31.36,172.75,169.48,human,NA,0.846,3.35,23.4,141.05,-33.19,169.61,54.25
Human Dominant_18,R4,2026-08-25T06:48:10.323218Z,shot_hit,3,1130,771,1114,792,948,764,26.49,182.09,168.28,human,NA,0.873,3.35,2.56,129.41,0.0,169.61,54.25
Human Dominant_18,R4,2026-08-25T06:48:10.323860Z,flight_spawn,4,918,-20,1114,792,948,764,835.84,784.98,168.28,system,NA,0.484,3.52,55.4,129.41,0.0,169.61,54.25
Human Dominant_18,R4,2026-08-25T06:48:10.810935Z,human_signal,4,994,44,1175,793,958,748,770.86,704.55,221.96,human,i_can,0.478,3.52,34.05,74.48,26.83,116.74,-54.25
Human Dominant_18,R4,2026-08-25T06:48:10.811512Z,behavior_monitor,4,994,44,1175,793,958,748,770.86,704.55,221.96,system,NA,0.478,3.52,34.05,83.24,26.83,130.47,-54.25
Human Dominant_18,R4,2026-08-25T06:48:11.314333Z,behavior_monitor,4,1094,65,1159,820,988,707,757.77,651.07,204.68,system,NA,0.462,3.52,8.11,137.5,90.0,103.97,-54.25
Human Dominant_18,R4,2026-08-25T06:48:11.822348Z,behavior_monitor,4,1169,120,1162,841,1003,687,721.3,591.1,221.9,system,NA,0.45,3.52,77.95,0.0,53.76,0.0,1.7
Human Dominant_18,R4,2026-08-25T06:48:12.324864Z,behavior_monitor,4,1181,221,1157,854,1013,673,632.81,481.88,230.76,system,NA,0.432,3.52,70.85,129.23,57.3,130.47,-54.25
Human Dominant_18,R4,2026-08-25T06:48:12.443220Z,human_signal,4,1187,245,1163,863,1022,660,618.05,446.99,246.38,human,your_turn,0.42,3.52,92.16,74.75,55.47,130.47,-54.25
Human Dominant_18,R4,2026-08-25T06:48:12.443862Z,human_signal,4,1187,249,1164,864,1022,660,615.49,443.62,247.58,human,your_turn,0.419,3.52,92.16,79.42,55.47,138.63,-54.25
Human Dominant_18,R4,2026-08-25T06:48:12.831624Z,behavior_monitor,4,1182,326,1160,865,1061,607,539.94,306.04,276.8,system,NA,0.362,3.52,115.04,136.04,-162.04,169.61,-54.25
Human Dominant_18,R4,2026-08-25T06:48:13.339383Z,behavior_monitor,4,1134,421,1142,861,1112,566,440.21,147.14,296.29,system,NA,0.251,3.52,109.43,102.55,-153.49,105.3,0.0
Human Dominant_18,R4,2026-08-25T06:48:13.848909Z,behavior_monitor,4,1119,523,1107,846,1096,566,323.64,49.22,280.0,system,NA,0.132,3.52,81.65,0.0,180.0,26.64,-158.23
Human Dominant_18,R4,2026-08-25T06:48:14.119820Z,shot_hit,4,1121,581,1087,846,1103,574,266.91,19.8,272.61,agent,NA,0.069,3.52,106.48,0.0,180.0,137.65,90.0
Human Dominant_18,R4,2026-08-25T06:48:14.120388Z,flight_spawn,5,377,-20,1087,846,1103,574,1119.88,937.55,272.61,system,NA,0.456,3.47,54.75,0.0,180.0,137.65,90.0
Human Dominant_18,R4,2026-08-25T06:48:15.084318Z,human_signal,5,439,156,1023,856,1050,565,912.22,735.82,292.41,human,your_turn,0.446,3.47,97.45,136.05,162.03,76.24,180.0
Human Dominant_18,R4,2026-08-25T06:48:15.084952Z,behavior_monitor,5,439,156,1023,856,1050,565,912.22,735.82,292.41,system,NA,0.446,3.47,97.45,144.55,162.03,81.0,180.0
Human Dominant_18,R4,2026-08-25T06:48:15.085239Z,human_signal,5,439,159,1021,857,1050,565,908.71,733.91,293.31,human,your_turn,0.447,3.47,97.45,144.55,162.03,81.0,180.0
Human Dominant_18,R4,2026-08-25T06:48:15.593101Z,behavior_monitor,5,441,258,957,876,1000,565,804.85,637.67,313.53,system,NA,0.442,3.47,93.59,134.54,164.13,99.11,180.0
Human Dominant_18,R4,2026-08-25T06:48:16.100829Z,behavior_monitor,5,446,361,891,884,949,565,686.99,543.17,324.21,system,NA,0.442,3.47,91.4,129.41,180.0,99.11,180.0
Human Dominant_18,R4,2026-08-25T06:48:16.611181Z,behavior_monitor,5,484,456,825,884,898,565,547.46,428.09,326.9,system,NA,0.439,3.47,61.74,129.41,180.0,99.11,180.0
Human Dominant_18,R4,2026-08-25T06:48:17.117968Z,behavior_monitor,5,577,502,759,884,847,566,423.1,277.61,330.23,system,NA,0.396,3.47,17.63,129.41,180.0,99.11,180.0
Human Dominant_18,R4,2026-08-25T06:48:17.627183Z,behavior_monitor,5,638,580,693,884,797,572,308.86,158.9,328.34,system,NA,0.34,3.47,87.98,129.41,180.0,169.61,125.75
Human Dominant_18,R4,2026-08-25T06:48:18.137614Z,behavior_monitor,5,575,658,627,884,746,643,231.75,172.17,268.72,system,NA,0.426,3.47,137.23,129.41,180.0,169.61,125.75
Human Dominant_18,R4,2026-08-25T06:48:18.644977Z,behavior_monitor,5,501,729,561,884,696,713,166.57,196.02,217.29,system,NA,0.541,3.47,137.23,129.41,180.0,169.61,125.75
Human Dominant_18,R4,2026-08-25T06:48:19.154322Z,behavior_monitor,5,411,770,495,884,646,765,141.84,234.65,191.32,system,NA,0.623,3.47,179.07,129.41,180.0,99.11,180.0
Human Dominant_18,R4,2026-08-25T06:48:19.662859Z,behavior_monitor,5,316,811,429,884,595,805,134.85,279.04,183.4,system,NA,0.674,3.47,157.64,129.41,180.0,99.11,180.0
Human Dominant_18,R4,2026-08-25T06:48:21.611916Z,flight_missed,5,40,953,174,910,400,910,140.67,362.06,225.57,system,NA,0.72,2.89,84.79,129.41,180.0,99.11,180.0
Human Dominant_18,R4,2026-08-25T06:48:21.612685Z,flight_spawn,6,773,-20,174,910,400,910,1106.24,1002.19,225.57,system,NA,0.475,3.2,51.36,129.41,180.0,99.11,180.0
Human Dominant_18,R4,2026-08-25T06:48:22.593021Z,human_signal,6,859,134,198,910,453,836,1018.65,810.82,265.19,human,your_turn,0.443,3.2,44.17,137.5,0.0,138.63,-54.25
Human Dominant_18,R4,2026-08-25T06:48:22.593475Z,behavior_monitor,6,859,134,198,910,453,836,1018.65,810.82,265.19,system,NA,0.443,3.2,44.17,129.41,0.0,130.47,-54.25
Human Dominant_18,R4,2026-08-25T06:48:22.593701Z,human_signal,6,861,136,200,910,453,836,1017.17,810.16,263.08,human,your_turn,0.443,3.2,44.17,129.41,0.0,130.47,-54.25
Human Dominant_18,R4,2026-08-25T06:48:23.102017Z,behavior_monitor,6,923,203,264,910,504,766,966.09,702.02,279.2,system,NA,0.421,3.2,65.07,129.41,0.0,169.61,-54.25
Human Dominant_18,R4,2026-08-25T06:48:23.613101Z,behavior_monitor,6,984,274,330,910,554,696,912.1,603.1,309.02,system,NA,0.398,3.2,38.35,129.41,0.0,169.61,-54.25
Human Dominant_18,R4,2026-08-25T06:48:24.116020Z,behavior_monitor,6,1070,304,396,910,605,626,906.08,566.25,351.62,system,NA,0.385,3.2,11.68,129.41,0.0,169.61,-54.25
Human Dominant_18,R4,2026-08-25T06:48:24.624136Z,behavior_monitor,6,1158,337,462,910,655,566,900.61,552.23,394.13,system,NA,0.38,3.2,33.45,129.41,0.0,99.11,0.0
Human Dominant_18,R4,2026-08-25T06:48:25.129758Z,behavior_monitor,6,1201,422,528,910,705,566,831.23,516.55,386.42,system,NA,0.383,3.2,63.22,129.41,0.0,99.11,0.0
Human Dominant_18,R4,2026-08-25T06:48:25.635489Z,behavior_monitor,6,1242,508,594,910,756,566,762.01,489.34,379.38,system,NA,0.391,3.2,87.77,122.22,0.0,93.6,0.0
Human Dominant_18,R4,2026-08-25T06:48:26.144179Z,behavior_monitor,6,1225,599,660,910,806,589,645.07,419.11,352.02,system,NA,0.394,3.2,140.03,129.41,0.0,169.61,54.25
Human Dominant_18,R4,2026-08-25T06:48:26.653368Z,behavior_monitor,6,1200,686,726,910,856,660,523.53,344.25,281.88,system,NA,0.397,3.2,66.62,129.41,0.0,169.61,54.25
Human Dominant_18,R4,2026-08-25T06:48:27.157860Z,behavior_monitor,6,1240,774,792,910,907,730,467.49,336.12,213.03,system,NA,0.418,3.2,66.62,129.41,0.0,169.61,54.25
Human Dominant_18,R4,2026-08-25T06:48:28.869473Z,flight_missed,6,1433,952,808,849,1078,910,633.17,357.49,276.5,system,NA,0.361,1.97,164.38,118.84,-90.0,99.11,0.0
Human Dominant_18,R4,2026-08-25T06:48:28.870168Z,flight_spawn,7,803,-20,808,849,1078,910,869.36,969.6,276.5,system,NA,0.527,3.18,129.02,118.84,-90.0,99.11,0.0
Human Dominant_18,R4,2026-08-25T06:48:31.274829Z,human_signal,7,757,283,564,760,940,720,513.75,474.07,378.06,human,your_turn,0.48,3.18,26.72,0.0,-131.14,130.47,-125.75
Human Dominant_18,R4,2026-08-25T06:48:31.275476Z,behavior_monitor,7,757,283,564,760,940,720,513.75,474.07,378.06,system,NA,0.48,3.18,26.72,0.0,-131.14,138.63,-125.75
Human Dominant_18,R4,2026-08-25T06:48:31.275813Z,human_signal,7,760,285,566,760,940,720,513.62,471.6,376.77,human,your_turn,0.479,3.18,26.72,0.0,-131.14,138.63,-125.75
Human Dominant_18,R4,2026-08-25T06:48:31.786428Z,behavior_monitor,7,840,318,625,791,890,650,519.21,334.99,300.36,system,NA,0.392,3.18,31.36,135.12,16.71,169.61,-125.75
Human Dominant_18,R4,2026-08-25T06:48:32.293820Z,behavior_monitor,7,922,354,691,808,884,579,509.72,228.66,299.15,system,NA,0.31,3.18,22.87,129.41,0.0,169.61,-54.25
Human Dominant_18,R4,2026-08-25T06:48:32.798283Z,behavior_monitor,7,989,419,757,808,935,565,453.48,156.29,301.05,system,NA,0.256,3.18,55.25,137.5,0.0,105.3,0.0
Human Dominant_18,R4,2026-08-25T06:48:33.310018Z,behavior_monitor,7,1050,493,823,808,986,565,388.92,96.92,292.76,system,NA,0.199,3.18,50.01,129.41,0.0,99.11,0.0
Human Dominant_18,R4,2026-08-25T06:48:33.819729Z,behavior_monitor,7,1135,529,889,808,1036,565,372.58,105.63,284.49,system,NA,0.221,3.18,19.55,129.41,0.0,99.11,0.0
Human Dominant_18,R4,2026-08-25T06:48:34.329892Z,behavior_monitor,7,1225,551,955,808,1087,565,372.67,138.65,276.83,system,NA,0.271,3.18,1.54,129.41,0.0,99.11,0.0
Human Dominant_18,R4,2026-08-25T06:48:34.836944Z,behavior_monitor,7,1318,585,1021,808,1138,581,370.76,179.93,255.11,system,NA,0.327,3.18,22.74,129.41,0.0,169.61,54.25
Human Dominant_18,R4,2026-08-25T06:48:35.346373Z,behavior_monitor,7,1404,622,1087,811,1188,619,368.56,215.81,217.02,system,NA,0.369,3.18,30.93,132.14,20.01,169.61,54.25
Human Dominant_18,R4,2026-08-25T06:48:35.850858Z,behavior_monitor,7,1425,650,1146,844,1239,647,339.24,186.11,218.12,system,NA,0.354,1.94,136.14,134.16,30.74,169.61,54.25
Human Dominant_18,R4,2026-08-25T06:48:36.848688Z,shot_miss,7,1379,746,1275,895,1340,740,181.67,39.89,167.52,agent,NA,0.18,1.94,83.74,135.94,18.95,169.61,54.25
Human Dominant_18,R4,2026-08-25T06:48:37.169408Z,shot_hit,7,1386,783,1288,899,1364,778,152.52,22.63,143.32,agent,NA,0.129,1.94,83.74,139.46,-158.12,137.65,90.0
Human Dominant_18,R4,2026-08-25T06:48:37.170108Z,flight_spawn,8,900,-20,1288,899,1364,778,998.2,923.55,143.32,system,NA,0.481,3.03,48.67,139.46,-158.12,137.65,90.0
Human Dominant_18,R4,2026-08-25T06:48:38.266227Z,human_signal,8,1085,38,1195,910,1347,755,878.33,762.8,217.04,human,your_turn,0.465,3.03,18.34,137.5,180.0,138.63,-125.75
Human Dominant_18,R4,2026-08-25T06:48:38.266944Z,behavior_monitor,8,1085,38,1195,910,1347,755,878.33,762.8,217.04,system,NA,0.465,3.03,18.34,129.41,180.0,130.47,-125.75
Human Dominant_18,R4,2026-08-25T06:48:38.267303Z,human_signal,8,1089,39,1192,910,1347,755,876.68,760.68,218.59,human,your_turn,0.465,3.03,18.34,129.41,180.0,130.47,-125.75
Human Dominant_18,R4,2026-08-25T06:48:38.773072Z,behavior_monitor,8,1148,101,1129,910,1296,684,809.0,602.26,280.57,system,NA,0.427,3.03,45.84,129.41,180.0,169.61,-125.75
Human Dominant_18,R4,2026-08-25T06:48:39.275738Z,behavior_monitor,8,1184,184,1067,885,1246,614,711.43,435.03,324.79,system,NA,0.379,3.03,68.98,140.85,-141.53,169.61,-125.75
Human Dominant_18,R4,2026-08-25T06:48:39.780517Z,behavior_monitor,8,1254,237,1014,853,1224,565,660.92,329.63,356.05,system,NA,0.333,3.03,24.5,0.0,-149.8,125.15,11.68
Human Dominant_18,R4,2026-08-25T06:48:40.287870Z,behavior_monitor,8,1317,293,1014,853,1275,566,637.0,276.3,387.79,system,NA,0.303,3.03,79.97,0.0,-149.8,99.11,0.0
Human Dominant_18,R4,2026-08-25T06:48:40.794828Z,behavior_monitor,8,1383,335,1014,843,1326,565,628.27,237.73,417.37,system,NA,0.275,3.03,0.66,50.25,-90.0,105.3,0.0
Human Dominant_18,R4,2026-08-25T06:48:41.303205Z,behavior_monitor,8,1444,376,1014,842,1376,565,633.57,200.75,455.33,system,NA,0.241,2.14,138.56,0.0,-90.0,99.11,0.0
Human Dominant_18,R4,2026-08-25T06:48:41.813092Z,behavior_monitor,8,1392,408,1000,842,1375,565,584.43,157.9,465.9,system,NA,0.213,2.14,119.61,129.41,180.0,99.11,180.0
Human Dominant_18,R4,2026-08-25T06:48:42.322037Z,behavior_monitor,8,1380,470,935,842,1364,564,579.83,95.79,510.32,system,NA,0.142,2.14,74.16,129.41,180.0,0.0,180.0
Human Dominant_18,R4,2026-08-25T06:48:42.828372Z,behavior_monitor,8,1391,530,869,842,1372,565,607.07,38.61,574.37,system,NA,0.06,2.14,122.73,129.41,180.0,0.0,0.0
Human Dominant_18,R4,2026-08-25T06:48:42.861339Z,shot_hit,8,1387,536,863,842,1370,564,607.26,33.08,578.48,agent,NA,0.052,2.14,122.73,129.41,180.0,31.22,-140.91
Human Dominant_18,R4,2026-08-25T06:48:42.861819Z,flight_spawn,9,685,-20,863,842,1370,564,880.16,900.87,578.48,system,NA,0.506,3.07,49.3,129.41,180.0,31.22,-140.91
Human Dominant_18,R4,2026-08-25T06:48:46.894208Z,human_signal,9,1150,396,545,834,1205,564,746.93,177.1,712.88,human,your_turn,0.192,3.07,81.12,0.0,-90.0,76.24,180.0
Human Dominant_18,R4,2026-08-25T06:48:46.895809Z,behavior_monitor,9,1150,396,545,834,1205,564,746.93,177.1,712.88,system,NA,0.192,3.07,81.12,0.0,-90.0,76.24,180.0
Human Dominant_18,R4,2026-08-25T06:48:46.896118Z,human_signal,9,1150,399,545,834,1205,564,745.68,174.01,712.88,human,your_turn,0.189,3.07,81.12,0.0,-90.0,76.24,180.0
Human Dominant_18,R4,2026-08-25T06:48:47.401249Z,behavior_monitor,9,1160,480,545,834,1153,564,709.31,84.61,665.53,system,NA,0.107,3.07,53.67,0.0,-90.0,126.87,173.75
Human Dominant_18,R4,2026-08-25T06:48:47.893036Z,shot_miss,9,1222,545,545,834,1187,564,735.88,39.93,696.21,agent,NA,0.051,3.07,25.16,0.0,-90.0,108.2,-8.85
Human Dominant_18,R4,2026-08-25T06:48:47.909820Z,behavior_monitor,9,1222,545,545,834,1187,564,735.88,39.93,696.21,system,NA,0.051,3.07,25.16,0.0,-90.0,99.11,0.0
Human Dominant_18,R4,2026-08-25T06:48:48.215668Z,shot_miss,9,1278,569,545,834,1219,564,779.52,59.36,725.94,agent,NA,0.071,3.07,25.16,0.0,-90.0,99.11,0.0
Human Dominant_18,R4,2026-08-25T06:48:48.419501Z,behavior_monitor,9,1308,584,545,834,1238,579,803.17,70.78,738.19,system,NA,0.081,3.07,46.07,0.0,-90.0,99.11,0.0
Human Dominant_18,R4,2026-08-25T06:48:48.928874Z,behavior_monitor,9,1357,660,555,838,1289,646,821.94,70.1,758.43,system,NA,0.079,3.07,66.31,133.79,21.43,169.61,54.25
Human Dominant_18,R4,2026-08-25T06:48:49.431564Z,behavior_monitor,9,1374,748,577,847,1339,716,802.66,47.98,772.39,system,NA,0.056,3.07,93.36,0.0,20.46,160.19,54.25
Human Dominant_18,R4,2026-08-25T06:48:49.449414Z,shot_miss,9,1373,755,577,847,1342,721,800.78,45.81,774.94,agent,NA,0.054,3.07,93.36,0.0,20.46,169.61,54.25
Human Dominant_18,R4,2026-08-25T06:48:49.634333Z,shot_miss,9,1366,787,577,847,1349,746,791.23,44.56,777.84,agent,NA,0.053,3.07,115.52,0.0,20.46,146.25,90.0
Human Dominant_18,R4,2026-08-25T06:48:49.937499Z,behavior_monitor,9,1343,834,577,847,1325,786,765.29,51.24,750.2,system,NA,0.063,3.07,115.52,0.0,20.46,169.61,125.75
Human Dominant_18,R4,2026-08-25T06:48:49.972304Z,shot_miss,9,1339,843,577,847,1322,793,761.5,52.34,746.3,agent,NA,0.064,3.07,115.52,0.0,20.46,169.61,125.75
Human Dominant_18,R4,2026-08-25T06:48:50.444586Z,behavior_monitor,9,1310,919,577,847,1293,856,736.25,65.25,715.52,system,NA,0.081,3.07,90.94,0.0,20.46,137.65,90.0
Human Dominant_18,R4,2026-08-25T06:48:50.616074Z,flight_missed,9,1313,953,577,847,1293,882,742.82,73.63,716.31,system,NA,0.09,3.07,90.94,0.0,20.46,137.65,90.0
Human Dominant_18,R4,2026-08-25T06:48:50.617084Z,flight_spawn,10,905,-20,577,847,1293,882,927.01,982.26,716.31,system,NA,0.514,3.45,125.48,0.0,20.46,137.65,90.0
Human Dominant_18,R4,2026-08-25T06:48:52.240654Z,human_signal,10,820,287,478,808,1191,740,622.72,585.64,715.74,human,your_turn,0.485,3.45,88.12,0.0,-153.79,130.47,-125.75
Human Dominant_18,R4,2026-08-25T06:48:52.241214Z,behavior_monitor,10,820,287,478,808,1191,740,622.72,585.64,715.74,system,NA,0.485,3.45,88.12,0.0,-153.79,130.47,-125.75
Human Dominant_18,R4,2026-08-25T06:48:52.241535Z,human_signal,10,819,291,479,808,1191,740,619.26,583.23,715.1,human,your_turn,0.485,3.45,88.12,0.0,-153.79,130.47,-125.75
Human Dominant_18,R4,2026-08-25T06:48:52.749519Z,behavior_monitor,10,839,383,539,786,1141,670,502.31,415.95,612.93,system,NA,0.453,3.45,59.54,141.13,-30.78,169.61,-125.75
Human Dominant_18,R4,2026-08-25T06:48:53.258020Z,behavior_monitor,10,908,459,591,787,1090,600,456.42,230.01,533.16,system,NA,0.335,3.45,9.89,0.0,90.0,166.05,-117.37
Human Dominant_18,R4,2026-08-25T06:48:53.766419Z,behavior_monitor,10,991,507,591,787,1039,564,488.39,74.95,500.41,system,NA,0.133,3.45,87.0,0.0,90.0,114.94,-170.45
Human Dominant_18,R4,2026-08-25T06:48:53.984930Z,shot_hit,10,994,555,591,787,1016,565,464.76,24.11,479.72,agent,NA,0.049,3.45,87.0,0.0,90.0,99.11,180.0
Human Dominant_18,R4,2026-08-25T06:48:53.985428Z,flight_spawn,11,240,-20,591,787,1016,565,880.9,972.12,479.72,system,NA,0.525,2.83,45.0,0.0,90.0,99.11,180.0
Human Dominant_18,R4,2026-08-25T06:48:56.256724Z,human_signal,11,515,192,419,733,874,565,549.66,517.23,484.63,human,your_turn,0.485,2.83,12.27,0.0,-90.0,76.24,180.0
Human Dominant_18,R4,2026-08-25T06:48:56.257395Z,behavior_monitor,11,515,192,419,733,874,565,549.66,517.23,484.63,system,NA,0.485,2.83,12.27,0.0,-90.0,76.24,180.0
Human Dominant_18,R4,2026-08-25T06:48:56.257860Z,human_signal,11,517,193,421,733,874,565,549.17,515.42,483.34,human,your_turn,0.484,2.83,12.27,0.0,-90.0,76.24,180.0
Human Dominant_18,R4,2026-08-25T06:48:56.764461Z,behavior_monitor,11,587,227,458,727,822,565,515.7,411.53,398.6,system,NA,0.444,2.83,40.16,129.41,0.0,99.11,180.0
Human Dominant_18,R4,2026-08-25T06:48:57.272371Z,behavior_monitor,11,609,300,512,773,772,566,482.84,311.71,332.48,system,NA,0.392,2.83,92.41,139.5,39.93,99.11,180.0
Human Dominant_18,R4,2026-08-25T06:48:57.778534Z,behavior_monitor,11,655,367,466,748,722,566,425.89,210.22,314.34,system,NA,0.33,2.83,38.8,43.11,180.0,99.11,180.0
Human Dominant_18,R4,2026-08-25T06:48:58.289315Z,behavior_monitor,11,699,436,493,781,678,566,401.78,131.69,283.31,system,NA,0.247,2.83,64.23,137.56,52.27,0.0,180.0
Human Dominant_18,R4,2026-08-25T06:48:58.797969Z,behavior_monitor,11,755,496,545,827,721,566,391.99,77.83,314.83,system,NA,0.166,2.83,61.19,137.14,34.48,99.11,0.0
Human Dominant_18,R4,2026-08-25T06:48:59.238081Z,shot_hit,11,786,565,597,862,763,566,352.41,22.69,339.96,agent,NA,0.06,2.83,88.11,136.99,34.11,0.0,0.0
Human Dominant_18,R4,2026-08-25T06:48:59.238748Z,flight_spawn,12,724,-20,597,862,763,566,891.94,587.43,339.96,system,NA,0.397,2.83,45.0,136.99,34.11,0.0,0.0
Human Dominant_18,R4,2026-08-25T06:49:00.602561Z,human_signal,12,811,186,737,909,789,565,726.67,379.8,347.66,human,your_turn,0.343,2.83,91.42,133.57,14.35,0.0,0.0
Human Dominant_18,R4,2026-08-25T06:49:00.603532Z,behavior_monitor,12,811,186,737,909,789,565,726.67,379.8,347.66,system,NA,0.343,2.83,91.42,133.57,14.35,0.0,0.0
Human Dominant_18,R4,2026-08-25T06:49:00.603827Z,human_signal,12,810,189,739,909,789,565,724.15,376.95,347.9,human,your_turn,0.342,2.83,91.42,133.57,14.35,0.0,0.0
Human Dominant_18,R4,2026-08-25T06:49:01.106233Z,behavior_monitor,12,783,264,745,888,766,565,625.68,301.47,324.21,system,NA,0.325,2.83,125.0,146.85,-146.51,105.3,180.0
Human Dominant_18,R4,2026-08-25T06:49:01.615148Z,behavior_monitor,12,705,278,747,888,715,564,611.4,286.94,324.77,system,NA,0.319,2.83,175.75,138.88,21.28,115.01,-172.49
Human Dominant_18,R4,2026-08-25T06:49:02.123465Z,behavior_monitor,12,623,298,759,861,665,564,578.75,269.61,310.86,system,NA,0.318,2.83,175.56,135.39,-162.91,99.11,180.0
Human Dominant_18,R4,2026-08-25T06:49:02.631021Z,behavior_monitor,12,556,343,693,861,614,564,535.37,228.74,306.63,system,NA,0.299,2.83,128.42,119.43,180.0,99.11,180.0
Human Dominant_18,R4,2026-08-25T06:49:03.138511Z,behavior_monitor,12,520,413,683,861,563,565,475.72,157.14,319.19,system,NA,0.248,2.83,78.72,0.0,180.0,99.11,180.0
Human Dominant_18,R4,2026-08-25T06:49:03.649886Z,behavior_monitor,12,520,497,683,861,512,565,398.84,68.74,341.23,system,NA,0.147,2.83,123.42,0.0,180.0,99.11,180.0
Human Dominant_18,R4,2026-08-25T06:49:04.040714Z,shot_miss,12,462,525,683,861,472,565,402.03,41.6,363.08,agent,NA,0.094,2.83,138.36,0.0,180.0,111.57,-174.36
Human Dominant_18,R4,2026-08-25T06:49:04.158924Z,behavior_monitor,12,449,536,683,861,462,565,399.95,31.63,369.09,system,NA,0.073,2.83,138.36,0.0,180.0,99.11,180.0
Human Dominant_18,R4,2026-08-25T06:49:04.310230Z,shot_hit,12,427,555,683,861,445,565,398.34,20.18,379.42,agent,NA,0.048,2.83,138.36,0.0,180.0,99.11,180.0
Human Dominant_18,R4,2026-08-25T06:49:04.310846Z,flight_spawn,13,1129,-20,683,861,445,565,987.93,900.95,379.42,system,NA,0.477,3.08,49.56,0.0,180.0,99.11,180.0
Human Dominant_18,R4,2026-08-25T06:49:05.865927Z,human_signal,13,1254,229,805,861,540,565,774.78,789.17,397.02,human,i_can,0.505,3.08,60.55,129.41,0.0,76.24,0.0
Human Dominant_18,R4,2026-08-25T06:49:05.882615Z,behavior_monitor,13,1254,229,805,861,541,565,774.78,788.29,396.37,system,NA,0.504,3.08,60.55,129.41,0.0,57.18,0.0
Human Dominant_18,R4,2026-08-25T06:49:06.390432Z,behavior_monitor,13,1325,284,871,860,570,566,732.99,805.98,420.45,system,NA,0.524,3.08,52.66,133.49,-14.2,57.18,0.0
Human Dominant_18,R4,2026-08-25T06:49:06.899558Z,behavior_monitor,13,1404,334,937,841,583,566,689.58,852.49,448.01,system,NA,0.553,3.08,30.31,134.47,-15.77,0.0,147.55
Human Dominant_18,R4,2026-08-25T06:49:07.408053Z,behavior_monitor,13,1437,384,1003,823,592,566,617.03,864.73,485.04,system,NA,0.584,2.23,112.75,134.11,-15.21,76.24,0.0
Human Dominant_18,R4,2026-08-25T06:49:07.916063Z,behavior_monitor,13,1377,406,1069,805,631,566,503.91,762.87,499.21,system,NA,0.602,2.23,165.85,133.9,-14.88,76.24,0.0
Human Dominant_18,R4,2026-08-25T06:49:08.422397Z,behavior_monitor,13,1312,423,1135,787,670,566,405.25,658.03,514.83,system,NA,0.619,2.23,169.99,143.98,-17.26,81.0,0.0
Human Dominant_18,R4,2026-08-25T06:49:08.925496Z,behavior_monitor,13,1271,469,1169,743,710,566,292.49,569.95,492.3,system,NA,0.661,2.23,120.07,129.41,-90.0,76.24,0.0
Human Dominant_18,R4,2026-08-25T06:49:09.433145Z,behavior_monitor,13,1237,527,1196,680,748,566,158.91,490.79,462.1,system,NA,0.755,2.23,120.07,137.25,-74.19,81.0,0.0
Human Dominant_18,R4,2026-08-25T06:49:09.944168Z,behavior_monitor,13,1203,584,1205,624,787,577,40.04,415.85,420.84,system,NA,0.912,2.23,96.42,138.44,-159.19,129.31,41.48
Human Dominant_18,R4,2026-08-25T06:49:09.977653Z,shot_miss,13,1203,588,1201,622,790,580,34.03,413.1,413.34,human,NA,0.924,2.23,96.42,138.44,-159.19,130.47,54.25
Human Dominant_18,R4,2026-08-25T06:49:10.096854Z,shot_hit,13,1197,602,1188,617,799,593,17.46,398.94,390.55,human,NA,0.958,2.23,119.49,108.29,-155.61,130.47,54.25
Human Dominant_18,R4,2026-08-25T06:49:10.097334Z,flight_spawn,14,683,-20,1188,617,799,593,813.49,624.31,390.55,system,NA,0.434,3.49,55.08,108.29,-155.61,130.47,54.25
Human Dominant_18,R4,2026-08-25T06:49:12.208241Z,human_signal,14,979,282,1081,783,872,565,511.43,302.99,302.26,human,your_turn,0.372,3.49,41.59,151.57,55.27,76.24,0.0
Human Dominant_18,R4,2026-08-25T06:49:12.208976Z,behavior_monitor,14,979,282,1081,783,872,565,511.43,302.99,302.26,system,NA,0.372,3.49,41.59,146.96,51.76,76.24,0.0
Human Dominant_18,R4,2026-08-25T06:49:12.209426Z,human_signal,14,982,284,1083,785,872,565,510.68,301.99,304.73,human,your_turn,0.372,3.49,41.59,146.96,51.76,76.24,0.0
Human Dominant_18,R4,2026-08-25T06:49:12.716886Z,behavior_monitor,14,1058,352,1139,822,922,565,477.24,253.02,335.81,system,NA,0.346,3.49,41.59,137.44,35.63,99.11,0.0
Human Dominant_18,R4,2026-08-25T06:49:13.225948Z,behavior_monitor,14,1136,421,1186,849,973,565,430.5,217.73,354.43,system,NA,0.336,3.49,41.59,124.02,0.0,99.11,0.0
Human Dominant_18,R4,2026-08-25T06:49:13.731628Z,behavior_monitor,14,1119,513,1233,846,1024,565,352.39,108.82,349.92,system,NA,0.236,3.49,148.62,148.41,-157.89,105.3,0.0
Human Dominant_18,R4,2026-08-25T06:49:14.152754Z,shot_hit,14,1057,581,1176,843,1042,575,288.34,15.65,300.03,agent,NA,0.051,3.49,115.31,129.41,180.0,169.61,125.75
Human Dominant_18,R4,2026-08-25T06:49:14.153729Z,flight_spawn,15,936,-20,1176,843,1042,575,896.58,604.7,300.03,system,NA,0.403,2.83,45.0,129.41,180.0,169.61,125.75
Human Dominant_18,R4,2026-08-25T06:49:15.051249Z,human_signal,15,1046,71,1062,863,1019,566,791.98,495.62,300.07,human,your_turn,0.385,2.83,29.54,129.41,180.0,76.24,0.0
Human Dominant_18,R4,2026-08-25T06:49:15.051859Z,behavior_monitor,15,1046,71,1062,863,1019,566,791.98,495.62,300.07,system,NA,0.385,2.83,29.54,129.41,180.0,76.24,0.0
Human Dominant_18,R4,2026-08-25T06:49:15.052322Z,human_signal,15,1049,72,1060,863,1019,566,790.51,494.37,299.77,human,your_turn,0.385,2.83,29.54,129.41,180.0,76.24,0.0
Human Dominant_18,R4,2026-08-25T06:49:15.559136Z,behavior_monitor,15,1118,109,1020,863,1069,566,760.52,459.85,300.99,system,NA,0.377,2.83,30.2,0.0,180.0,99.11,0.0
Human Dominant_18,R4,2026-08-25T06:49:16.067948Z,behavior_monitor,15,1164,178,1068,856,1120,566,685.23,390.51,295.11,system,NA,0.363,2.83,52.33,134.7,-16.11,99.11,0.0
Human Dominant_18,R4,2026-08-25T06:49:16.574881Z,behavior_monitor,15,1198,253,1114,808,1171,566,561.19,314.3,248.3,system,NA,0.359,2.83,73.06,140.23,-61.44,99.11,0.0
Human Dominant_18,R4,2026-08-25T06:49:17.081023Z,behavior_monitor,15,1241,323,1141,802,1214,566,489.94,244.25,247.9,system,NA,0.333,2.83,21.13,137.29,21.13,99.11,0.0
Human Dominant_18,R4,2026-08-25T06:49:17.589763Z,behavior_monitor,15,1320,340,1189,810,1265,565,487.63,231.86,255.99,system,NA,0.322,2.83,22.2,129.41,0.0,99.11,0.0
Human Dominant_18,R4,2026-08-25T06:49:18.096713Z,behavior_monitor,15,1388,377,1226,808,1315,566,460.0,201.72,258.29,system,NA,0.305,2.83,45.19,0.0,-90.0,99.11,0.0
Human Dominant_18,R4,2026-08-25T06:49:18.603852Z,behavior_monitor,15,1442,443,1226,808,1366,566,423.97,144.18,279.84,system,NA,0.254,2.83,72.34,0.0,-90.0,105.3,0.0
Human Dominant_18,R4,2026-08-25T06:49:19.112936Z,behavior_monitor,15,1438,525,1234,808,1415,566,349.11,46.96,302.42,system,NA,0.119,2.83,90.87,0.0,0.0,0.0,0.0
Human Dominant_18,R4,2026-08-25T06:49:19.282964Z,shot_hit,15,1418,548,1234,808,1405,566,318.52,22.07,296.48,agent,NA,0.065,2.83,139.48,0.0,0.0,99.11,180.0
Human Dominant_18,R4,2026-08-25T06:49:19.283617Z,flight_spawn,16,1059,-20,1234,808,1405,566,846.59,680.42,296.48,system,NA,0.446,2.92,133.25,0.0,0.0,99.11,180.0
Human Dominant_18,R4,2026-08-25T06:49:20.094271Z,human_signal,16,1038,95,1170,808,1371,565,724.77,576.23,314.85,human,your_turn,0.443,2.92,61.2,137.5,180.0,81.0,180.0
Human Dominant_18,R4,2026-08-25T06:49:20.094885Z,behavior_monitor,16,1038,95,1170,808,1371,565,724.77,576.23,314.85,system,NA,0.443,2.92,61.2,129.41,180.0,76.24,180.0
Human Dominant_18,R4,2026-08-25T06:49:20.095371Z,human_signal,16,1040,98,1168,808,1371,565,721.62,573.38,316.26,human,your_turn,0.443,2.92,61.2,129.41,180.0,76.24,180.0
Human Dominant_18,R4,2026-08-25T06:49:20.602437Z,behavior_monitor,16,1107,146,1104,808,1321,565,661.75,470.77,324.94,system,NA,0.416,2.92,33.25,129.41,180.0,99.11,180.0
Human Dominant_18,R4,2026-08-25T06:49:21.108551Z,behavior_monitor,16,1174,198,1038,808,1270,565,625.01,379.51,335.52,system,NA,0.378,2.92,59.2,129.41,180.0,117.71,-179.13
Human Dominant_18,R4,2026-08-25T06:49:21.617442Z,behavior_monitor,16,1231,261,972,808,1220,565,604.45,303.78,346.59,system,NA,0.334,2.92,31.66,129.41,180.0,99.11,180.0
Human Dominant_18,R4,2026-08-25T06:49:22.125460Z,behavior_monitor,16,1303,307,908,789,1261,565,622.37,261.18,417.91,system,NA,0.296,2.92,31.66,135.33,-155.53,99.11,0.0
Human Dominant_18,R4,2026-08-25T06:49:22.634029Z,behavior_monitor,16,1376,348,842,767,1311,565,678.66,226.9,510.5,system,NA,0.251,2.92,1.78,134.83,-163.71,99.11,0.0
Human Dominant_18,R4,2026-08-25T06:49:23.143334Z,behavior_monitor,16,1443,351,776,748,1362,566,775.77,229.62,613.43,system,NA,0.228,1.75,177.03,135.51,-162.74,99.11,0.0
Human Dominant_18,R4,2026-08-25T06:49:23.649638Z,behavior_monitor,16,1389,364,752,737,1374,566,737.15,201.83,644.49,system,NA,0.215,1.75,170.47,135.43,18.53,99.11,180.0
Human Dominant_18,R4,2026-08-25T06:49:24.158767Z,behavior_monitor,16,1336,373,708,723,1323,566,718.74,192.97,635.37,system,NA,0.212,1.75,170.47,126.66,-162.01,99.11,180.0
Human Dominant_18,R4,2026-08-25T06:49:24.663819Z,behavior_monitor,16,1318,419,702,722,1300,566,686.2,148.46,617.9,system,NA,0.178,1.75,116.87,0.0,180.0,99.11,180.0
Human Dominant_18,R4,2026-08-25T06:49:25.878190Z,shot_miss,16,1292,532,702,722,1270,566,620.03,40.82,588.86,agent,NA,0.062,1.75,72.82,0.0,180.0,105.3,0.0
Human Dominant_18,R4,2026-08-25T06:49:26.150006Z,shot_hit,16,1299,559,702,722,1276,566,618.85,24.65,594.22,agent,NA,0.038,1.75,72.82,0.0,180.0,0.0,0.0
Human Dominant_18,R4,2026-08-25T06:49:26.151035Z,flight_spawn,17,881,-20,702,722,1276,566,763.61,706.69,594.22,system,NA,0.481,2.83,135.0,0.0,180.0,0.0,0.0
Human Dominant_18,R4,2026-08-25T06:49:26.808151Z,human_signal,17,806,56,702,722,1256,566,674.29,680.75,575.48,human,your_turn,0.502,2.83,135.0,0.0,180.0,76.24,180.0
Human Dominant_18,R4,2026-08-25T06:49:26.808841Z,behavior_monitor,17,806,56,702,722,1256,566,674.29,680.75,575.48,system,NA,0.502,2.83,135.0,0.0,180.0,81.0,180.0
Human Dominant_18,R4,2026-08-25T06:49:26.809278Z,human_signal,17,804,58,702,722,1256,566,672.05,680.41,575.48,human,your_turn,0.503,2.83,135.0,0.0,180.0,81.0,180.0
Human Dominant_18,R4,2026-08-25T06:49:27.312992Z,behavior_monitor,17,736,101,665,710,1206,566,612.92,660.89,559.54,system,NA,0.519,2.83,161.07,129.41,180.0,99.11,180.0
Human Dominant_18,R4,2026-08-25T06:49:27.816870Z,behavior_monitor,17,657,122,599,694,1155,566,575.54,667.34,570.59,system,NA,0.537,2.83,162.98,139.16,-158.43,99.11,180.0
Human Dominant_18,R4,2026-08-25T06:49:28.322339Z,behavior_monitor,17,577,146,533,668,1104,566,523.42,673.53,580.31,system,NA,0.563,2.83,162.98,139.23,-158.35,99.11,180.0
Human Dominant_18,R4,2026-08-25T06:49:28.643080Z,human_signal,17,522,158,489,651,1072,566,493.95,685.76,589.59,human,i_can,0.581,2.83,169.69,138.88,-158.72,99.11,180.0
Human Dominant_18,R4,2026-08-25T06:49:28.828599Z,behavior_monitor,17,494,164,467,642,1062,566,478.83,695.65,599.51,system,NA,0.592,2.83,165.47,138.43,-159.21,57.18,180.0
Human Dominant_18,R4,2026-08-25T06:49:29.334559Z,behavior_monitor,17,411,185,401,617,1032,566,432.24,728.01,632.82,system,NA,0.627,2.83,165.53,138.38,-159.26,57.18,180.0
Human Dominant_18,R4,2026-08-25T06:49:29.844789Z,behavior_monitor,17,329,210,335,592,1028,565,382.64,784.13,693.22,system,NA,0.672,2.83,162.29,138.66,-158.95,0.0,-123.45
Human Dominant_18,R4,2026-08-25T06:49:30.354168Z,behavior_monitor,17,245,225,269,586,1015,566,362.06,841.85,746.28,system,NA,0.699,2.83,161.71,129.41,180.0,76.24,180.0
Human Dominant_18,R4,2026-08-25T06:49:30.861345Z,behavior_monitor,17,166,239,203,586,975,566,348.99,872.81,772.71,system,NA,0.714,2.83,173.43,129.41,180.0,76.24,180.0
Human Dominant_18,R4,2026-08-25T06:49:31.366306Z,behavior_monitor,17,108,297,137,586,936,566,290.9,871.24,799.81,system,NA,0.75,2.83,127.49,129.41,180.0,76.24,180.0
Human Dominant_18,R4,2026-08-25T06:49:31.875389Z,behavior_monitor,17,52,360,72,573,898,566,213.82,870.46,825.97,system,NA,0.803,2.83,122.97,129.41,180.0,76.24,180.0
Human Dominant_18,R4,2026-08-25T06:49:32.386135Z,behavior_monitor,17,30,419,61,573,859,566,156.75,842.35,798.17,system,NA,0.843,2.02,70.73,0.0,180.0,76.24,180.0
Human Dominant_18,R4,2026-08-25T06:49:32.892373Z,behavior_monitor,17,32,478,61,573,820,565,99.55,792.82,758.71,system,NA,0.888,2.02,98.45,0.0,180.0,76.24,180.0
Human Dominant_18,R4,2026-08-25T06:49:33.400146Z,behavior_monitor,17,35,527,20,573,781,565,49.0,746.86,761.4,system,NA,0.938,1.81,46.21,0.0,180.0,76.24,180.0
Human Dominant_18,R4,2026-08-25T06:49:33.415948Z,shot_miss,17,37,528,20,573,780,565,48.42,743.57,760.1,human,NA,0.939,1.81,46.21,0.0,180.0,76.24,180.0
Human Dominant_18,R4,2026-08-25T06:49:33.601177Z,shot_miss,17,51,541,28,582,765,565,46.87,714.82,737.58,human,NA,0.938,1.81,19.4,141.0,41.16,76.24,180.0
Human Dominant_18,R4,2026-08-25T06:49:33.771031Z,shot_miss,17,66,549,46,596,752,565,50.87,686.9,706.76,human,NA,0.931,1.81,68.74,133.52,36.46,76.24,180.0
Human Dominant_18,R4,2026-08-25T06:49:34.025192Z,shot_hit,17,69,575,77,601,733,570,27.47,663.86,656.56,human,NA,0.96,1.81,73.12,135.86,-17.73,130.47,125.75
Human Dominant_18,R4,2026-08-25T06:49:34.025725Z,flight_spawn,18,418,-20,77,601,733,570,708.42,669.71,656.56,system,NA,0.486,3.31,52.84,135.86,-17.73,130.47,125.75
Human Dominant_18,R4,2026-08-25T06:49:35.073893Z,human_signal,18,518,132,140,705,678,565,686.86,462.02,555.61,human,your_turn,0.402,3.31,19.08,137.9,56.11,76.24,180.0
Human Dominant_18,R4,2026-08-25T06:49:35.074888Z,behavior_monitor,18,518,132,140,705,678,565,686.86,462.02,555.61,system,NA,0.402,3.31,19.08,138.08,56.68,76.24,180.0
Human Dominant_18,R4,2026-08-25T06:49:35.075238Z,human_signal,18,521,133,141,707,678,565,688.25,460.16,554.87,human,your_turn,0.401,3.31,19.08,138.08,56.68,76.24,180.0
Human Dominant_18,R4,2026-08-25T06:49:35.581040Z,behavior_monitor,18,608,175,181,763,627,565,726.79,391.23,488.34,system,NA,0.35,3.31,45.78,137.45,42.88,99.11,180.0
Human Dominant_18,R4,2026-08-25T06:49:36.085766Z,behavior_monitor,18,689,221,243,793,643,565,725.0,347.75,459.46,system,NA,0.324,3.31,18.51,136.18,23.59,99.11,0.0
Human Dominant_18,R4,2026-08-25T06:49:36.593757Z,behavior_monitor,18,784,240,307,818,693,566,749.48,338.24,461.3,system,NA,0.311,3.31,1.38,133.98,20.66,99.11,0.0
Human Dominant_18,R4,2026-08-25T06:49:37.102232Z,behavior_monitor,18,873,272,371,841,743,566,758.86,321.25,462.74,system,NA,0.297,3.31,26.76,133.81,19.43,99.11,0.0
Human Dominant_18,R4,2026-08-25T06:49:37.611617Z,behavior_monitor,18,961,315,437,862,793,566,758.11,302.12,463.55,system,NA,0.285,3.31,26.26,134.89,16.38,99.11,0.0
Human Dominant_18,R4,2026-08-25T06:49:38.120029Z,behavior_monitor,18,1033,377,499,864,843,566,721.85,267.35,454.94,system,NA,0.27,3.31,47.62,135.57,-49.83,93.04,13.16
Human Dominant_18,R4,2026-08-25T06:49:38.633507Z,behavior_monitor,18,1012,450,535,830,894,566,609.87,165.55,445.58,system,NA,0.213,3.31,154.21,0.0,-53.41,99.11,0.0
Human Dominant_18,R4,2026-08-25T06:49:39.140765Z,behavior_monitor,18,909,457,567,818,909,566,496.88,108.81,424.96,system,NA,0.18,3.31,177.53,134.77,-106.21,99.11,180.0
Human Dominant_18,R4,2026-08-25T06:49:39.650519Z,behavior_monitor,18,835,507,552,787,859,566,397.66,64.21,378.33,system,NA,0.139,3.31,105.93,129.41,180.0,99.11,180.0
Human Dominant_18,R4,2026-08-25T06:49:39.923228Z,shot_hit,18,840,562,523,787,831,566,388.31,10.55,378.03,agent,NA,0.026,3.31,81.3,0.0,180.0,99.11,180.0
Human Dominant_18,R4,2026-08-25T06:49:39.923568Z,flight_spawn,19,639,-20,523,787,831,566,815.58,617.3,378.03,system,NA,0.431,3.55,55.68,0.0,180.0,99.11,180.0
Human Dominant_18,R4,2026-08-25T06:49:40.614175Z,human_signal,19,745,74,523,787,799,565,746.21,493.8,354.0,human,your_turn,0.398,3.55,14.02,0.0,180.0,76.24,180.0
Human Dominant_18,R4,2026-08-25T06:49:40.615815Z,behavior_monitor,19,745,74,523,787,799,565,746.21,493.8,354.0,system,NA,0.398,3.55,14.02,0.0,180.0,81.0,180.0
Human Dominant_18,R4,2026-08-25T06:49:40.616172Z,human_signal,19,748,75,523,787,799,565,746.34,492.61,354.0,human,your_turn,0.398,3.55,14.02,0.0,180.0,81.0,180.0
Human Dominant_18,R4,2026-08-25T06:49:41.121991Z,behavior_monitor,19,829,132,523,787,801,565,722.19,433.32,355.46,system,NA,0.375,3.55,65.46,0.0,180.0,99.11,0.0
Human Dominant_18,R4,2026-08-25T06:49:41.627530Z,behavior_monitor,19,829,238,523,787,810,565,628.21,327.91,362.21,system,NA,0.343,3.55,64.73,0.0,180.0,0.0,37.23
Human Dominant_18,R4,2026-08-25T06:49:42.134884Z,behavior_monitor,19,851,340,523,787,828,565,554.13,226.32,376.98,system,NA,0.29,3.55,87.58,0.0,180.0,0.0,0.0
Human Dominant_18,R4,2026-08-25T06:49:42.643268Z,behavior_monitor,19,867,443,523,787,840,564,485.53,124.09,386.62,system,NA,0.204,3.55,37.08,0.0,180.0,99.11,0.0
Human Dominant_18,R4,2026-08-25T06:49:43.148085Z,behavior_monitor,19,951,508,523,787,891,565,511.05,83.35,429.27,system,NA,0.14,3.55,37.08,0.0,180.0,99.11,0.0
Human Dominant_18,R4,2026-08-25T06:49:43.656883Z,behavior_monitor,19,1020,587,523,787,941,579,535.22,79.39,466.77,system,NA,0.129,3.55,35.04,0.0,180.0,169.61,54.25
Human Dominant_18,R4,2026-08-25T06:49:44.165058Z,behavior_monitor,19,1091,659,573,813,991,646,539.79,100.26,450.19,system,NA,0.157,3.55,88.11,137.26,27.55,169.61,54.25
Human Dominant_18,R4,2026-08-25T06:49:44.674714Z,behavior_monitor,19,1124,757,637,841,1041,716,494.55,91.95,423.27,system,NA,0.157,3.55,58.71,136.82,23.59,161.68,63.51
Human Dominant_18,R4,2026-08-25T06:49:45.182754Z,behavior_monitor,19,1193,837,698,873,1092,787,495.66,112.34,403.33,system,NA,0.185,3.55,38.27,138.93,32.5,169.61,54.25
Human Dominant_18,R4,2026-08-25T06:49:45.809643Z,flight_missed,19,1232,953,669,829,1156,876,576.08,107.5,489.53,system,NA,0.157,3.55,92.03,138.93,-129.02,169.61,54.25
Human Dominant_18,R4,2026-08-25T06:49:45.810298Z,flight_spawn,20,184,-20,669,829,1156,876,977.82,1322.63,489.53,system,NA,0.575,2.83,135.0,138.93,-129.02,169.61,54.25
Human Dominant_18,R4,2026-08-25T06:49:47.281859Z,human_signal,20,173,211,492,751,1071,757,627.55,1050.84,578.74,human,i_can,0.626,2.83,62.61,137.77,-159.94,130.47,-125.75
Human Dominant_18,R4,2026-08-25T06:49:47.299084Z,behavior_monitor,20,173,211,492,751,1070,756,627.55,1049.31,577.75,system,NA,0.626,2.83,62.61,137.89,-159.81,97.85,-125.75
Human Dominant_18,R4,2026-08-25T06:49:47.806739Z,behavior_monitor,20,228,273,426,726,1041,715,494.95,925.6,614.74,system,NA,0.652,2.83,9.69,137.21,-159.5,97.85,-125.75
Human Dominant_18,R4,2026-08-25T06:49:48.315084Z,behavior_monitor,20,305,290,362,701,1028,696,413.95,828.69,666.12,system,NA,0.667,2.83,13.59,136.77,-148.68,0.0,-125.75
Human Dominant_18,R4,2026-08-25T06:49:48.821665Z,behavior_monitor,20,384,311,351,642,1026,694,333.19,748.51,677.01,system,NA,0.692,2.83,1.76,137.56,-54.78,130.47,-125.75
Human Dominant_18,R4,2026-08-25T06:49:49.324190Z,behavior_monitor,20,465,313,396,587,987,640,282.68,616.21,593.69,system,NA,0.686,2.83,1.76,138.34,-50.28,130.47,-125.75
Human Dominant_18,R4,2026-08-25T06:49:49.833202Z,behavior_monitor,20,522,356,449,547,948,586,204.36,484.45,500.59,system,NA,0.703,2.83,78.8,137.5,0.0,138.63,-125.75
Human Dominant_18,R4,2026-08-25T06:49:50.338429Z,behavior_monitor,20,542,437,513,561,909,566,127.67,388.53,396.3,system,NA,0.753,2.83,30.18,131.61,24.9,76.24,180.0
Human Dominant_18,R4,2026-08-25T06:49:50.845544Z,behavior_monitor,20,568,517,574,589,870,566,72.47,305.92,297.54,system,NA,0.808,2.83,83.11,130.62,18.56,76.24,180.0
Human Dominant_18,R4,2026-08-25T06:49:50.946809Z,shot_miss,20,569,534,586,593,862,566,61.96,294.95,277.02,human,NA,0.826,2.83,83.11,132.16,17.27,76.24,180.0
Human Dominant_18,R4,2026-08-25T06:49:51.113449Z,shot_miss,20,577,561,607,602,849,566,51.73,272.52,244.75,human,NA,0.84,2.83,85.24,142.58,27.96,81.0,180.0
Human Dominant_18,R4,2026-08-25T06:49:51.349552Z,behavior_monitor,20,566,598,589,624,831,584,34.76,265.36,245.52,system,NA,0.884,2.83,85.95,139.39,142.53,130.47,125.75
Human Dominant_18,R4,2026-08-25T06:49:51.400716Z,shot_hit,20,567,606,583,628,827,589,27.49,260.45,246.72,human,NA,0.905,2.83,85.95,139.32,142.17,130.47,125.75
Human Dominant_18,R5,2026-08-25T06:50:56.109301Z,flight_spawn,1,541,-20,583,628,827,589,650.2,673.48,246.72,system,NA,0.509,2.83,135.0,0.0,141.73,0.0,128.51
Human Dominant_18,R5,2026-08-25T06:51:00.946709Z,human_signal,1,568,258,1047,792,481,593,717.35,346.03,600.65,human,your_turn,0.325,2.83,84.91,140.76,140.18,130.47,-54.25
Human Dominant_18,R5,2026-08-25T06:51:00.948720Z,behavior_monitor,1,568,258,1047,792,481,593,717.35,346.03,600.65,system,NA,0.325,2.83,84.91,140.76,140.18,130.47,-54.25
Human Dominant_18,R5,2026-08-25T06:51:00.949189Z,human_signal,1,568,261,1045,794,481,593,715.45,343.19,599.4,human,your_turn,0.324,2.83,84.91,140.76,140.18,130.47,-54.25
Human Dominant_18,R5,2026-08-25T06:51:01.452913Z,behavior_monitor,1,575,343,990,835,531,565,643.35,226.42,531.96,system,NA,0.26,2.83,84.91,138.67,147.15,99.11,0.0
Human Dominant_18,R5,2026-08-25T06:51:01.960782Z,behavior_monitor,1,600,421,926,863,577,565,548.69,145.16,458.82,system,NA,0.209,2.83,60.33,136.83,159.37,99.11,0.0
Human Dominant_18,R5,2026-08-25T06:51:02.467306Z,behavior_monitor,1,652,481,860,871,624,565,441.41,88.07,385.92,system,NA,0.166,2.83,67.01,129.41,180.0,99.11,0.0
Human Dominant_18,R5,2026-08-25T06:51:02.938421Z,shot_hit,1,647,562,833,876,630,565,364.95,17.47,371.55,agent,NA,0.046,2.83,96.96,0.0,90.0,0.0,107.25
Human Dominant_18,R5,2026-08-25T06:51:02.939066Z,flight_spawn,2,612,-20,833,876,630,565,923.4,586.03,371.55,system,NA,0.388,2.83,135.0,0.0,90.0,0.0,107.25
Human Dominant_18,R5,2026-08-25T06:51:06.230576Z,human_signal,2,396,438,476,876,410,565,445.65,128.27,317.85,human,your_turn,0.223,2.83,96.33,137.5,180.0,81.0,180.0
Human Dominant_18,R5,2026-08-25T06:51:06.231343Z,behavior_monitor,2,396,438,476,876,410,565,445.65,128.27,317.85,system,NA,0.223,2.83,96.33,129.41,180.0,76.24,180.0
Human Dominant_18,R5,2026-08-25T06:51:06.231788Z,human_signal,2,396,441,473,876,410,565,442.44,125.44,317.4,human,your_turn,0.221,2.83,96.33,129.41,180.0,76.24,180.0
Human Dominant_18,R5,2026-08-25T06:51:06.739754Z,behavior_monitor,2,412,519,435,879,389,565,361.47,52.28,317.32,system,NA,0.126,2.83,65.08,137.91,26.05,99.11,0.0
Human Dominant_18,R5,2026-08-25T06:51:06.993162Z,shot_hit,2,426,561,469,895,402,565,336.86,24.27,336.0,agent,NA,0.067,2.83,61.38,136.16,23.2,0.0,0.0
Human Dominant_18,R5,2026-08-25T06:51:06.994209Z,flight_spawn,3,240,-20,469,895,402,565,943.28,607.8,336.0,system,NA,0.392,3.4,53.91,136.16,23.2,0.0,0.0
Human Dominant_18,R5,2026-08-25T06:51:07.973659Z,human_signal,3,401,90,504,877,369,565,794.14,476.73,339.49,human,your_turn,0.375,3.4,10.96,33.91,0.0,76.24,0.0
Human Dominant_18,R5,2026-08-25T06:51:07.974506Z,behavior_monitor,3,401,90,504,877,369,565,794.14,476.73,339.49,system,NA,0.375,3.4,10.96,33.91,0.0,76.24,0.0
Human Dominant_18,R5,2026-08-25T06:51:07.974882Z,human_signal,3,405,90,505,878,369,565,794.43,476.34,341.3,human,your_turn,0.375,3.4,10.96,33.91,0.0,76.24,0.0
Human Dominant_18,R5,2026-08-25T06:51:08.483351Z,behavior_monitor,3,492,129,567,901,420,566,775.76,442.81,366.21,system,NA,0.363,3.4,34.95,129.41,0.0,99.11,0.0
Human Dominant_18,R5,2026-08-25T06:51:08.989987Z,behavior_monitor,3,532,215,633,901,470,566,692.99,356.11,372.48,system,NA,0.339,3.4,89.78,129.41,0.0,99.11,0.0
Human Dominant_18,R5,2026-08-25T06:51:09.500134Z,behavior_monitor,3,530,316,699,901,510,566,608.19,250.81,383.99,system,NA,0.292,3.4,115.72,137.5,0.0,0.0,0.0
Human Dominant_18,R5,2026-08-25T06:51:10.005667Z,behavior_monitor,3,565,408,730,901,540,566,519.72,159.77,384.78,system,NA,0.235,3.4,66.89,0.0,0.0,99.11,0.0
Human Dominant_18,R5,2026-08-25T06:51:10.513418Z,behavior_monitor,3,582,506,752,901,560,566,429.29,63.62,385.38,system,NA,0.129,3.4,88.93,129.41,0.0,0.0,121.65
Human Dominant_18,R5,2026-08-25T06:51:10.731013Z,shot_hit,3,585,554,779,901,563,566,397.29,25.51,398.63,agent,NA,0.06,3.4,88.93,84.29,0.0,0.0,-31.57
Human Dominant_18,R5,2026-08-25T06:51:10.731284Z,flight_spawn,4,324,-20,779,901,563,566,1027.36,633.04,398.63,system,NA,0.381,2.84,45.31,84.29,0.0,0.0,-31.57
Human Dominant_18,R5,2026-08-25T06:51:11.921709Z,human_signal,4,412,147,780,901,500,566,838.98,428.5,436.1,human,your_turn,0.338,2.84,87.09,0.0,0.0,76.24,180.0
Human Dominant_18,R5,2026-08-25T06:51:11.922441Z,behavior_monitor,4,412,147,780,901,500,566,838.98,428.5,436.1,system,NA,0.338,2.84,87.09,0.0,0.0,81.0,180.0
Human Dominant_18,R5,2026-08-25T06:51:11.922892Z,human_signal,4,413,149,780,901,500,566,836.18,425.61,436.1,human,your_turn,0.337,2.84,87.09,0.0,0.0,81.0,180.0
Human Dominant_18,R5,2026-08-25T06:51:12.425095Z,behavior_monitor,4,437,226,780,901,449,566,756.38,339.52,470.54,system,NA,0.31,2.84,60.86,0.0,0.0,99.11,180.0
Human Dominant_18,R5,2026-08-25T06:51:12.929588Z,behavior_monitor,4,444,311,780,901,426,566,678.29,255.15,487.59,system,NA,0.273,2.84,85.08,0.0,0.0,0.0,180.0
Human Dominant_18,R5,2026-08-25T06:51:13.437920Z,behavior_monitor,4,411,382,735,874,399,566,589.21,184.56,455.94,system,NA,0.239,2.84,155.81,139.19,-126.0,105.3,180.0
Human Dominant_18,R5,2026-08-25T06:51:13.945660Z,behavior_monitor,4,335,420,687,824,348,566,535.8,146.3,426.16,system,NA,0.214,2.84,126.76,133.68,-139.21,99.11,180.0
Human Dominant_18,R5,2026-08-25T06:51:14.452731Z,behavior_monitor,4,289,491,685,822,297,564,515.98,73.4,465.55,system,NA,0.125,2.84,102.59,0.0,-90.0,122.99,-170.37
Human Dominant_18,R5,2026-08-25T06:51:14.859024Z,shot_hit,4,265,556,685,822,254,563,496.55,13.74,502.64,agent,NA,0.027,2.84,127.25,0.0,-90.0,99.11,180.0
Human Dominant_18,R5,2026-08-25T06:51:14.859618Z,flight_spawn,5,697,-20,685,822,254,563,842.39,733.36,502.64,system,NA,0.465,3.12,129.8,0.0,-90.0,99.11,180.0
Human Dominant_18,R5,2026-08-25T06:51:16.216820Z,human_signal,5,493,82,685,822,286,563,764.12,523.29,475.16,human,your_turn,0.406,3.12,132.32,0.0,-90.0,76.24,0.0
Human Dominant_18,R5,2026-08-25T06:51:16.217518Z,behavior_monitor,5,493,82,685,822,286,563,764.12,523.29,475.16,system,NA,0.406,3.12,132.32,0.0,-90.0,76.24,0.0
Human Dominant_18,R5,2026-08-25T06:51:16.217878Z,human_signal,5,490,85,685,822,286,563,762.46,520.29,475.16,human,your_turn,0.406,3.12,132.32,0.0,-90.0,76.24,0.0
Human Dominant_18,R5,2026-08-25T06:51:16.724791Z,behavior_monitor,5,421,135,685,822,337,563,735.53,436.19,433.57,system,NA,0.372,3.12,160.04,0.0,-90.0,105.3,0.0
Human Dominant_18,R5,2026-08-25T06:51:17.235726Z,behavior_monitor,5,332,170,685,822,333,564,741.3,393.75,436.28,system,NA,0.347,3.12,131.44,0.0,-90.0,105.3,180.0
Human Dominant_18,R5,2026-08-25T06:51:17.741633Z,behavior_monitor,5,287,249,680,822,283,564,694.53,314.89,473.37,system,NA,0.312,3.12,108.13,80.89,180.0,99.11,180.0
Human Dominant_18,R5,2026-08-25T06:51:18.249258Z,behavior_monitor,5,243,330,617,822,234,563,617.77,233.3,462.41,system,NA,0.274,3.12,137.82,129.41,180.0,99.11,180.0
Human Dominant_18,R5,2026-08-25T06:51:18.759147Z,behavior_monitor,5,216,415,551,822,195,563,527.69,149.37,440.72,system,NA,0.221,3.12,79.12,129.41,180.0,0.0,173.89
Human Dominant_18,R5,2026-08-25T06:51:19.267544Z,behavior_monitor,5,251,498,510,822,228,563,415.07,68.79,382.68,system,NA,0.142,3.12,83.0,0.0,180.0,99.11,0.0
Human Dominant_18,R5,2026-08-25T06:51:19.639584Z,shot_hit,5,230,561,545,841,216,563,421.19,13.77,430.56,agent,NA,0.032,3.12,155.36,137.6,27.43,99.11,180.0
Human Dominant_18,R5,2026-08-25T06:51:19.640251Z,flight_spawn,6,466,-20,545,841,216,563,865.2,634.36,430.56,system,NA,0.423,3.57,124.09,137.6,27.43,99.11,180.0
Human Dominant_18,R5,2026-08-25T06:51:20.435897Z,human_signal,6,356,98,611,865,256,563,808.3,475.22,466.21,human,your_turn,0.37,3.57,170.16,129.41,0.0,76.24,0.0
Human Dominant_18,R5,2026-08-25T06:51:20.436957Z,behavior_monitor,6,356,98,611,865,256,563,808.3,475.22,466.21,system,NA,0.37,3.57,170.16,129.41,0.0,76.24,0.0
Human Dominant_18,R5,2026-08-25T06:51:20.437312Z,human_signal,6,352,99,613,865,256,563,809.45,473.96,467.89,human,your_turn,0.369,3.57,170.16,129.41,0.0,76.24,0.0
Human Dominant_18,R5,2026-08-25T06:51:20.552863Z,human_signal,6,328,104,626,865,268,563,816.69,462.2,468.51,human,i_can,0.361,3.57,168.62,89.91,0.0,99.11,0.0
Human Dominant_18,R5,2026-08-25T06:51:20.943158Z,behavior_monitor,6,250,122,594,845,264,563,801.27,441.24,434.33,system,NA,0.355,3.57,170.07,135.14,-156.42,57.18,180.0
Human Dominant_18,R5,2026-08-25T06:51:21.450580Z,behavior_monitor,6,152,164,529,821,243,563,757.0,408.53,385.49,system,NA,0.351,3.57,140.6,136.37,-160.08,0.0,180.0
Human Dominant_18,R5,2026-08-25T06:51:21.961107Z,behavior_monitor,6,74,233,470,805,243,563,695.25,370.85,331.29,system,NA,0.348,3.57,140.12,137.46,-159.78,0.0,50.61
Human Dominant_18,R5,2026-08-25T06:51:22.468664Z,behavior_monitor,6,23,317,461,827,225,563,671.99,317.63,354.53,system,NA,0.321,3.57,67.02,93.74,90.0,76.24,180.0
Human Dominant_18,R5,2026-08-25T06:51:22.874064Z,human_signal,6,61,396,461,845,194,563,601.22,213.24,388.49,human,your_turn,0.262,3.57,87.96,0.0,90.0,76.24,180.0
Human Dominant_18,R5,2026-08-25T06:51:22.874728Z,human_signal,6,60,400,461,845,194,563,598.77,210.66,388.49,human,your_turn,0.26,3.57,87.96,0.0,90.0,81.0,180.0
Human Dominant_18,R5,2026-08-25T06:51:22.975123Z,behavior_monitor,6,61,418,461,845,183,563,585.42,190.27,395.53,system,NA,0.245,3.57,87.96,0.0,90.0,99.11,180.0
Human Dominant_18,R5,2026-08-25T06:51:23.481135Z,behavior_monitor,6,59,524,441,845,134,564,498.97,84.81,416.34,system,NA,0.145,3.57,88.21,129.41,180.0,99.11,180.0
Human Dominant_18,R5,2026-08-25T06:51:23.917315Z,shot_miss,6,60,619,403,860,88,599,419.08,35.13,408.92,agent,NA,0.077,3.57,84.52,129.41,90.0,169.61,125.75
Human Dominant_18,R5,2026-08-25T06:51:23.985020Z,behavior_monitor,6,60,630,403,867,83,606,416.27,33.26,412.56,system,NA,0.074,3.57,84.52,129.41,90.0,169.61,125.75
Human Dominant_18,R5,2026-08-25T06:51:24.170765Z,shot_miss,6,65,673,395,893,63,634,396.46,38.31,421.0,agent,NA,0.088,3.57,84.52,134.74,106.17,169.61,125.75
Human Dominant_18,R5,2026-08-25T06:51:24.492912Z,behavior_monitor,6,71,736,388,910,51,676,361.35,63.16,409.63,system,NA,0.149,3.57,84.52,43.9,180.0,137.65,90.0
Human Dominant_18,R5,2026-08-25T06:51:24.998976Z,behavior_monitor,6,110,834,334,910,87,746,236.33,91.23,296.2,system,NA,0.279,3.57,62.22,121.89,180.0,169.61,54.25
Human Dominant_18,R5,2026-08-25T06:51:25.503462Z,behavior_monitor,6,167,929,272,910,138,816,107.52,116.69,163.63,system,NA,0.52,3.57,62.22,116.02,180.0,169.61,54.25
Human Dominant_18,R5,2026-08-25T06:51:25.622087Z,flight_missed,6,177,954,257,910,151,835,91.26,122.46,129.26,system,NA,0.573,3.57,62.22,112.01,180.0,169.61,54.25
Human Dominant_18,R5,2026-08-25T06:51:25.622676Z,flight_spawn,7,649,-20,257,910,151,835,1009.35,989.4,129.26,system,NA,0.495,3.28,127.59,112.01,180.0,169.61,54.25
Human Dominant_18,R5,2026-08-25T06:51:27.079587Z,human_signal,7,391,53,415,884,187,786,831.7,760.93,248.15,human,your_turn,0.478,3.28,161.03,134.51,-21.74,130.47,-54.25
Human Dominant_18,R5,2026-08-25T06:51:27.080453Z,behavior_monitor,7,391,53,415,884,187,786,831.7,760.93,248.15,system,NA,0.478,3.28,161.03,131.93,-18.74,130.47,-54.25
Human Dominant_18,R5,2026-08-25T06:51:27.080712Z,human_signal,7,388,54,417,884,187,786,830.14,759.15,249.85,human,your_turn,0.478,3.28,161.03,131.93,-18.74,130.47,-54.25
Human Dominant_18,R5,2026-08-25T06:51:27.586325Z,behavior_monitor,7,296,81,466,882,238,716,818.84,637.41,282.31,system,NA,0.438,3.28,174.1,32.41,-90.0,169.61,-54.25
Human Dominant_18,R5,2026-08-25T06:51:28.095018Z,behavior_monitor,7,196,95,416,860,214,646,795.74,550.98,294.29,system,NA,0.409,3.28,173.53,129.41,180.0,169.61,-125.75
Human Dominant_18,R5,2026-08-25T06:51:28.598189Z,behavior_monitor,7,103,125,350,860,164,575,775.33,454.4,339.99,system,NA,0.37,3.28,175.76,129.41,180.0,169.61,-125.75
Human Dominant_18,R5,2026-08-25T06:51:29.102437Z,behavior_monitor,7,27,146,343,860,114,565,780.59,428.21,373.19,system,NA,0.354,2.17,32.1,0.0,-147.7,99.11,180.0
Human Dominant_18,R5,2026-08-25T06:51:29.608166Z,behavior_monitor,7,87,169,349,854,67,566,733.19,396.82,403.68,system,NA,0.351,2.17,12.44,129.74,-22.86,0.0,180.0
Human Dominant_18,R5,2026-08-25T06:51:30.115595Z,behavior_monitor,7,149,185,414,827,115,566,694.17,381.82,396.58,system,NA,0.355,2.17,37.84,139.55,-24.64,99.11,0.0
Human Dominant_18,R5,2026-08-25T06:51:30.622276Z,behavior_monitor,7,178,241,455,802,154,566,625.43,325.59,382.59,system,NA,0.342,2.17,43.05,0.0,-33.19,93.6,0.0
Human Dominant_18,R5,2026-08-25T06:51:31.132011Z,behavior_monitor,7,200,294,455,802,181,566,568.66,272.78,361.89,system,NA,0.324,2.17,134.18,0.0,-33.19,0.0,157.84
Human Dominant_18,R5,2026-08-25T06:51:31.640152Z,behavior_monitor,7,148,328,475,796,133,565,571.13,237.88,412.42,system,NA,0.294,2.17,126.87,61.48,-90.0,99.11,180.0
Human Dominant_18,R5,2026-08-25T06:51:36.043997Z,shot_miss,7,220,527,475,785,197,565,363.09,44.55,355.77,agent,NA,0.109,1.31,68.31,0.0,-90.0,99.11,0.0
Human Dominant_18,R5,2026-08-25T06:51:36.264793Z,shot_hit,7,229,543,475,785,205,565,346.06,32.55,349.28,agent,NA,0.086,1.31,68.31,0.0,-90.0,0.0,0.0
Human Dominant_18,R5,2026-08-25T06:51:36.265879Z,flight_spawn,8,857,-20,475,785,205,565,891.78,876.66,349.28,system,NA,0.496,2.83,135.0,0.0,-90.0,0.0,0.0
Human Dominant_18,R5,2026-08-25T06:51:39.226887Z,human_signal,8,876,423,777,792,409,565,381.22,487.65,432.08,human,i_can,0.561,2.83,134.6,137.5,0.0,81.0,0.0
Human Dominant_18,R5,2026-08-25T06:51:39.243159Z,behavior_monitor,8,876,423,777,792,410,565,381.22,486.72,431.25,system,NA,0.561,2.83,134.6,129.41,0.0,57.18,0.0
Human Dominant_18,R5,2026-08-25T06:51:39.752200Z,behavior_monitor,8,827,491,794,738,439,564,249.9,395.53,396.27,system,NA,0.613,2.83,89.0,135.31,-106.97,57.18,0.0
Human Dominant_18,R5,2026-08-25T06:51:40.258821Z,behavior_monitor,8,800,567,793,672,440,564,106.02,360.3,369.83,system,NA,0.773,2.83,139.84,125.3,-90.0,0.0,0.0
Human Dominant_18,R5,2026-08-25T06:51:40.698656Z,human_signal,8,742,610,766,639,446,572,38.05,297.63,326.9,human,i_can,0.887,2.83,144.83,135.41,160.31,130.47,54.25
Human Dominant_18,R5,2026-08-25T06:51:40.699705Z,human_signal,8,740,612,764,641,446,572,37.62,296.22,325.25,human,i_can,0.887,2.83,144.83,143.93,148.21,130.47,54.25
Human Dominant_18,R5,2026-08-25T06:51:40.731134Z,shot_miss,8,738,614,762,642,448,575,37.35,292.3,321.12,human,NA,0.887,2.83,144.83,150.2,145.6,103.97,54.25
Human Dominant_18,R5,2026-08-25T06:51:40.765729Z,behavior_monitor,8,734,617,759,645,450,578,37.24,286.38,315.55,system,NA,0.885,2.83,144.83,139.46,143.07,97.85,54.25
Human Dominant_18,R5,2026-08-25T06:51:40.954209Z,shot_miss,8,710,635,740,662,461,593,40.73,252.66,287.7,human,NA,0.861,2.83,144.83,135.3,134.17,97.85,54.25
Human Dominant_18,R5,2026-08-25T06:51:41.087821Z,shot_miss,8,698,654,727,676,469,603,36.67,234.45,268.42,human,NA,0.865,2.83,117.42,146.94,135.38,103.97,54.25
Human Dominant_18,R5,2026-08-25T06:51:41.257008Z,shot_miss,8,678,674,709,690,478,617,34.2,208.0,241.57,human,NA,0.859,2.83,140.07,138.84,145.48,97.85,54.25
Human Dominant_18,R5,2026-08-25T06:51:41.273696Z,behavior_monitor,8,676,676,707,691,479,618,34.25,204.88,238.66,system,NA,0.857,2.83,140.07,137.85,149.87,97.85,54.25
Human Dominant_18,R5,2026-08-25T06:51:41.409729Z,shot_miss,8,658,691,690,701,487,629,34.23,181.14,215.34,human,NA,0.841,2.83,140.07,138.66,149.59,97.85,54.25
Human Dominant_18,R5,2026-08-25T06:51:41.662666Z,shot_miss,8,622,713,661,721,490,633,40.56,153.78,192.63,human,NA,0.791,2.83,160.3,139.17,143.12,0.0,54.25
Human Dominant_18,R5,2026-08-25T06:51:41.780807Z,behavior_monitor,8,603,719,648,731,490,633,47.18,141.75,186.19,system,NA,0.75,2.83,160.3,138.95,143.06,0.0,142.13
Human Dominant_18,R5,2026-08-25T06:51:42.116214Z,shot_miss,8,552,739,609,758,490,634,60.3,122.22,171.9,human,NA,0.67,2.83,136.23,136.6,151.89,0.0,35.4
Human Dominant_18,R5,2026-08-25T06:51:42.285827Z,behavior_monitor,8,534,759,588,766,490,634,53.91,133.22,164.67,system,NA,0.712,2.83,113.04,136.53,160.04,0.0,35.4
Human Dominant_18,R5,2026-08-25T06:51:42.319864Z,shot_miss,8,532,765,583,768,490,634,51.63,137.38,163.37,human,NA,0.727,2.83,113.04,136.4,160.45,0.0,35.4
Human Dominant_18,R5,2026-08-25T06:51:42.539617Z,shot_miss,8,517,798,557,781,498,650,43.09,149.73,143.92,human,NA,0.777,2.83,113.04,137.66,147.69,105.88,90.0
Human Dominant_18,R5,2026-08-25T06:51:42.727726Z,shot_miss,8,505,827,536,797,489,670,43.38,158.33,135.87,human,NA,0.785,2.83,113.04,138.46,140.99,130.47,125.75
Human Dominant_18,R5,2026-08-25T06:51:42.794486Z,behavior_monitor,8,500,837,529,803,484,677,44.89,161.56,134.43,system,NA,0.783,2.83,113.04,138.59,137.32,130.47,125.75
Human Dominant_18,R5,2026-08-25T06:51:42.981165Z,shot_miss,8,478,858,512,822,470,697,49.05,162.0,132.79,human,NA,0.768,2.83,162.03,137.63,130.4,130.47,125.75
Human Dominant_18,R5,2026-08-25T06:51:43.285383Z,shot_miss,8,429,874,487,857,446,729,60.1,145.64,133.99,human,NA,0.708,2.83,160.95,138.32,120.91,130.47,125.75
Human Dominant_18,R5,2026-08-25T06:51:43.302655Z,behavior_monitor,8,426,875,486,859,445,731,61.57,144.99,134.22,system,NA,0.702,2.83,160.95,139.33,121.23,130.47,125.75
Human Dominant_18,R5,2026-08-25T06:51:43.810954Z,behavior_monitor,8,346,881,437,910,406,784,95.02,113.45,128.8,system,NA,0.544,2.83,178.76,109.41,178.26,130.47,125.75
Human Dominant_18,R5,2026-08-25T06:51:44.320923Z,behavior_monitor,8,287,929,405,910,367,838,120.28,120.96,80.78,system,NA,0.501,2.83,114.37,115.57,0.0,130.47,125.75
Human Dominant_18,R5,2026-08-25T06:51:44.455306Z,flight_missed,8,280,952,424,910,355,855,151.07,123.86,88.11,system,NA,0.451,2.83,87.33,126.68,0.0,130.47,125.75
Human Dominant_18,R5,2026-08-25T06:51:44.456374Z,flight_spawn,9,792,-20,424,910,355,855,1000.13,978.05,88.11,system,NA,0.494,3.03,48.7,126.68,0.0,130.47,125.75
Human Dominant_18,R5,2026-08-25T06:51:49.271975Z,shot_hit,9,1035,761,1038,784,700,701,22.5,340.64,347.58,human,NA,0.938,3.03,87.31,129.41,0.0,130.47,54.25
Human Dominant_18,R5,2026-08-25T06:51:49.273341Z,flight_spawn,10,772,-20,1038,784,700,701,846.88,724.84,347.58,system,NA,0.461,2.83,45.0,129.41,0.0,130.47,54.25
Human Dominant_18,R5,2026-08-25T06:51:50.349155Z,human_signal,10,817,148,989,788,761,617,662.9,472.32,285.52,human,your_turn,0.416,2.83,63.02,134.02,-154.36,130.47,-54.25
Human Dominant_18,R5,2026-08-25T06:51:50.349823Z,behavior_monitor,10,817,148,989,788,761,617,662.9,472.32,285.52,system,NA,0.416,2.83,63.02,133.86,-154.66,130.47,-54.25
Human Dominant_18,R5,2026-08-25T06:51:50.350289Z,human_signal,10,818,150,987,787,761,617,658.69,469.96,283.29,human,your_turn,0.416,2.83,63.02,133.86,-154.66,130.47,-54.25
Human Dominant_18,R5,2026-08-25T06:51:50.860854Z,behavior_monitor,10,885,199,930,757,811,565,560.09,373.75,225.58,system,NA,0.4,2.83,33.67,79.96,-90.0,99.11,0.0
Human Dominant_18,R5,2026-08-25T06:51:51.367154Z,behavior_monitor,10,954,245,987,751,862,565,507.45,333.08,224.59,system,NA,0.396,2.83,29.9,134.09,18.64,99.11,0.0
Human Dominant_18,R5,2026-08-25T06:51:51.873624Z,behavior_monitor,10,991,317,1036,801,911,564,485.92,259.06,268.23,system,NA,0.348,2.83,86.53,138.01,54.97,99.11,0.0
Human Dominant_18,R5,2026-08-25T06:51:52.378452Z,behavior_monitor,10,974,398,988,791,957,564,393.8,166.88,229.78,system,NA,0.298,2.83,140.1,132.1,-156.47,0.0,0.0
Human Dominant_18,R5,2026-08-25T06:51:52.888191Z,behavior_monitor,10,905,452,924,774,906,563,322.85,111.11,211.97,system,NA,0.256,2.83,140.1,122.22,180.0,93.6,180.0
Human Dominant_18,R5,2026-08-25T06:51:53.395198Z,behavior_monitor,10,850,514,858,782,855,563,268.02,49.55,218.63,system,NA,0.156,2.83,138.03,134.17,164.69,99.11,180.0
Human Dominant_18,R5,2026-08-25T06:51:53.566241Z,shot_hit,10,826,535,833,789,837,563,253.79,29.95,225.57,agent,NA,0.106,2.83,138.03,133.97,165.01,99.11,180.0
Human Dominant_18,R5,2026-08-25T06:51:53.566915Z,flight_spawn,11,107,-20,833,789,837,563,1087.55,934.48,225.57,system,NA,0.462,3.52,124.66,133.97,165.01,99.11,180.0
Human Dominant_18,R5,2026-08-25T06:51:56.034139Z,human_signal,11,250,274,514,795,670,563,583.91,510.1,279.06,human,your_turn,0.466,3.23,0.8,129.41,180.0,76.24,180.0
Human Dominant_18,R5,2026-08-25T06:51:56.035149Z,behavior_monitor,11,250,274,514,795,670,563,583.91,510.1,279.06,system,NA,0.466,3.23,0.8,129.41,180.0,76.24,180.0
Human Dominant_18,R5,2026-08-25T06:51:56.035604Z,human_signal,11,253,274,512,795,670,563,581.35,507.28,280.29,human,your_turn,0.466,3.23,0.8,129.41,180.0,76.24,180.0
Human Dominant_18,R5,2026-08-25T06:51:56.541121Z,behavior_monitor,11,332,319,448,795,619,563,489.38,376.66,287.74,system,NA,0.435,3.23,51.13,129.41,180.0,99.11,180.0
Human Dominant_18,R5,2026-08-25T06:51:57.048251Z,behavior_monitor,11,400,378,383,795,569,563,417.65,251.29,297.39,system,NA,0.376,3.23,49.72,125.92,180.0,99.11,180.0
Human Dominant_18,R5,2026-08-25T06:51:57.559792Z,behavior_monitor,11,467,447,377,819,519,563,382.78,127.38,292.66,system,NA,0.25,3.23,52.8,136.96,32.65,99.11,180.0
Human Dominant_18,R5,2026-08-25T06:51:58.065024Z,behavior_monitor,11,506,531,439,851,488,562,327.2,36.38,292.72,system,NA,0.1,3.23,111.28,137.02,26.13,0.0,-5.6
Human Dominant_18,R5,2026-08-25T06:51:58.252141Z,shot_hit,11,490,567,464,863,474,562,297.56,16.87,301.24,agent,NA,0.054,3.23,111.28,137.02,26.13,99.11,180.0
Human Dominant_18,R5,2026-08-25T06:51:58.252758Z,flight_spawn,12,747,-20,464,863,474,562,928.07,643.45,301.24,system,NA,0.409,2.83,135.0,137.02,26.13,99.11,180.0
Human Dominant_18,R5,2026-08-25T06:51:59.028057Z,human_signal,12,638,46,557,910,496,562,867.14,535.11,352.61,human,your_turn,0.382,2.83,155.63,121.86,0.0,76.24,0.0
Human Dominant_18,R5,2026-08-25T06:51:59.028764Z,behavior_monitor,12,638,46,557,910,496,562,867.14,535.11,352.61,system,NA,0.382,2.83,155.63,129.48,0.0,81.0,0.0
Human Dominant_18,R5,2026-08-25T06:51:59.029233Z,human_signal,12,635,47,559,911,496,562,866.61,533.26,354.03,human,your_turn,0.381,2.83,155.63,129.48,0.0,81.0,0.0
Human Dominant_18,R5,2026-08-25T06:51:59.538249Z,behavior_monitor,12,561,70,590,901,543,562,831.49,492.39,342.07,system,NA,0.372,2.83,178.76,144.67,-133.53,0.0,0.0
Human Dominant_18,R5,2026-08-25T06:52:00.047643Z,behavior_monitor,12,481,89,539,850,493,561,763.66,472.08,293.11,system,NA,0.382,2.83,156.46,140.07,-136.01,99.11,180.0
Human Dominant_18,R5,2026-08-25T06:52:00.556791Z,behavior_monitor,12,406,123,494,815,443,561,697.14,439.33,258.85,system,NA,0.387,2.83,127.65,0.0,-137.1,99.11,180.0
Human Dominant_18,R5,2026-08-25T06:52:01.067491Z,behavior_monitor,12,339,178,458,815,392,561,647.96,387.01,261.99,system,NA,0.374,2.83,131.36,137.5,180.0,105.3,180.0
Human Dominant_18,R5,2026-08-25T06:52:01.577853Z,behavior_monitor,12,267,217,392,815,341,561,610.62,352.17,258.48,system,NA,0.366,2.83,154.51,129.41,180.0,99.11,180.0
Human Dominant_18,R5,2026-08-25T06:52:02.084912Z,behavior_monitor,12,208,277,326,815,291,562,549.83,296.17,255.18,system,NA,0.35,2.83,109.25,129.41,180.0,99.11,180.0
Human Dominant_18,R5,2026-08-25T06:52:02.594074Z,behavior_monitor,12,217,361,261,815,241,561,455.62,201.58,254.13,system,NA,0.307,2.83,81.69,108.54,180.0,93.6,180.0
Human Dominant_18,R5,2026-08-25T06:52:03.102503Z,behavior_monitor,12,248,439,254,815,224,561,375.73,124.59,255.07,system,NA,0.249,2.83,56.58,0.0,180.0,99.11,0.0
Human Dominant_18,R5,2026-08-25T06:52:03.611645Z,behavior_monitor,12,326,470,254,815,273,561,351.96,104.8,254.9,system,NA,0.229,2.83,35.33,0.0,180.0,99.11,0.0
Human Dominant_18,R5,2026-08-25T06:52:08.012894Z,shot_hit,12,822,903,802,910,711,869,21.02,116.17,99.53,human,NA,0.847,2.83,112.09,118.97,0.0,169.61,54.25
Human Dominant_18,R5,2026-08-25T06:52:08.014368Z,flight_spawn,13,763,-20,802,910,711,869,930.82,890.87,99.53,system,NA,0.489,3.39,126.21,118.97,0.0,169.61,54.25
Human Dominant_18,R5,2026-08-25T06:52:09.159854Z,human_signal,13,632,165,818,863,646,776,721.88,611.36,192.88,human,your_turn,0.459,3.39,126.21,135.56,-150.23,130.47,-125.75
Human Dominant_18,R5,2026-08-25T06:52:09.160866Z,behavior_monitor,13,632,165,818,863,646,776,721.88,611.36,192.88,system,NA,0.459,3.39,126.21,135.56,-150.23,130.47,-125.75
Human Dominant_18,R5,2026-08-25T06:52:09.161298Z,human_signal,13,630,168,816,862,646,776,718.31,608.69,190.59,human,your_turn,0.459,3.39,126.21,135.56,-150.23,130.47,-125.75
Human Dominant_18,R5,2026-08-25T06:52:09.667946Z,behavior_monitor,13,583,252,756,834,596,707,607.25,455.04,204.27,system,NA,0.428,3.39,124.88,134.72,-156.09,169.61,-125.75
Human Dominant_18,R5,2026-08-25T06:52:10.172325Z,behavior_monitor,13,522,331,693,806,546,636,504.92,305.82,224.72,system,NA,0.377,3.39,125.38,135.8,-157.02,169.61,-125.75
Human Dominant_18,R5,2026-08-25T06:52:10.679545Z,behavior_monitor,13,459,414,628,782,495,566,404.91,155.92,253.69,system,NA,0.278,3.39,125.38,136.51,-161.42,169.61,-125.75
Human Dominant_18,R5,2026-08-25T06:52:11.186189Z,behavior_monitor,13,387,476,562,770,445,565,342.13,106.67,235.58,system,NA,0.238,3.39,129.56,129.39,180.0,99.11,180.0
Human Dominant_18,R5,2026-08-25T06:52:11.694547Z,behavior_monitor,13,304,534,496,770,394,565,304.16,95.8,228.4,system,NA,0.24,3.39,133.44,129.39,180.0,99.11,180.0
Human Dominant_18,R5,2026-08-25T06:52:12.199976Z,behavior_monitor,13,234,608,430,770,345,601,254.11,110.67,189.4,system,NA,0.303,3.39,133.44,129.39,180.0,169.61,125.75
Human Dominant_18,R5,2026-08-25T06:52:12.707025Z,behavior_monitor,13,191,698,375,810,294,671,215.73,106.79,160.6,system,NA,0.331,3.39,109.25,132.3,130.76,160.19,125.75
Human Dominant_18,R5,2026-08-25T06:52:12.724866Z,human_signal,13,189,701,373,812,292,674,214.72,106.58,160.2,human,your_turn,0.332,3.39,109.25,132.3,130.76,160.19,125.75
Human Dominant_18,R5,2026-08-25T06:52:12.725315Z,human_signal,13,187,704,372,814,292,674,214.27,109.27,160.96,human,your_turn,0.338,3.39,109.25,140.72,131.07,169.61,125.75
Human Dominant_18,R5,2026-08-25T06:52:13.213110Z,behavior_monitor,13,165,794,326,863,243,741,174.81,94.23,147.73,system,NA,0.35,3.39,58.79,141.65,134.05,169.61,125.75
Human Dominant_18,R5,2026-08-25T06:52:13.722661Z,behavior_monitor,13,172,888,277,910,192,811,106.39,80.02,129.72,system,NA,0.429,3.39,80.28,92.92,180.0,169.61,125.75
Human Dominant_18,R5,2026-08-25T06:52:14.128530Z,flight_missed,13,222,953,307,910,186,869,95.8,91.45,127.98,system,NA,0.488,3.39,31.29,129.41,0.0,169.61,54.25
Human Dominant_18,R5,2026-08-25T06:52:14.129567Z,flight_spawn,14,626,-20,307,910,186,869,982.99,992.4,127.98,system,NA,0.502,2.83,45.0,129.41,0.0,169.61,54.25
Human Dominant_18,R5,2026-08-25T06:52:15.329186Z,human_signal,14,625,151,461,890,223,817,756.99,778.2,248.71,human,your_turn,0.507,2.83,102.72,129.41,0.0,0.0,-54.25
Human Dominant_18,R5,2026-08-25T06:52:15.330513Z,behavior_monitor,14,625,151,461,890,223,817,756.99,778.2,248.71,system,NA,0.507,2.83,102.72,129.41,0.0,0.0,-54.25
Human Dominant_18,R5,2026-08-25T06:52:15.331086Z,human_signal,14,625,153,463,890,223,817,753.63,775.37,250.82,human,your_turn,0.507,2.83,102.72,129.41,0.0,0.0,-54.25
Human Dominant_18,R5,2026-08-25T06:52:15.836097Z,behavior_monitor,14,598,229,527,890,274,746,664.77,610.79,291.0,system,NA,0.479,2.83,154.36,129.41,0.0,169.61,-54.25
Human Dominant_18,R5,2026-08-25T06:52:16.344584Z,behavior_monitor,14,525,265,564,854,324,676,589.94,456.88,298.9,system,NA,0.436,2.83,154.36,129.41,-90.0,169.61,-54.25
Human Dominant_18,R5,2026-08-25T06:52:16.851426Z,behavior_monitor,14,443,296,523,808,375,606,518.06,317.03,250.74,system,NA,0.38,2.83,174.62,129.41,180.0,169.61,-54.25
Human Dominant_18,R5,2026-08-25T06:52:17.360593Z,behavior_monitor,14,362,312,458,827,361,566,523.72,253.9,278.3,system,NA,0.327,2.83,153.81,135.14,163.26,99.11,180.0
Human Dominant_18,R5,2026-08-25T06:52:17.866216Z,behavior_monitor,14,286,350,392,845,310,566,506.63,217.64,290.8,system,NA,0.3,2.83,153.81,133.93,165.07,99.11,180.0
Human Dominant_18,R5,2026-08-25T06:52:18.376086Z,behavior_monitor,14,258,428,326,852,260,566,430.04,138.04,294.2,system,NA,0.243,2.83,105.37,129.41,180.0,99.11,180.0
Human Dominant_18,R5,2026-08-25T06:52:18.884889Z,behavior_monitor,14,231,504,261,852,219,566,349.58,62.71,289.6,system,NA,0.152,2.83,115.86,94.05,180.0,99.11,180.0
Human Dominant_18,R5,2026-08-25T06:52:19.071827Z,shot_miss,14,215,535,261,852,199,566,320.97,35.13,293.17,agent,NA,0.099,2.83,115.86,0.0,180.0,99.11,180.0
Human Dominant_18,R5,2026-08-25T06:52:19.389220Z,behavior_monitor,14,193,581,248,852,175,575,277.43,18.32,286.58,system,NA,0.062,2.83,115.86,0.0,180.0,169.61,125.75
Human Dominant_18,R5,2026-08-25T06:52:19.440643Z,shot_hit,14,192,592,252,855,175,585,269.76,17.93,280.61,agent,NA,0.062,2.83,86.29,78.34,29.86,137.65,90.0
Human Dominant_18,R5,2026-08-25T06:52:19.441728Z,flight_spawn,15,656,-20,252,855,175,585,963.81,772.56,280.61,system,NA,0.445,2.83,45.0,78.34,29.86,137.65,90.0
Human Dominant_18,R5,2026-08-25T06:52:20.558335Z,human_signal,15,757,130,358,907,232,567,873.96,682.97,362.7,human,your_turn,0.439,2.83,70.7,129.41,0.0,76.24,0.0
Human Dominant_18,R5,2026-08-25T06:52:20.559192Z,behavior_monitor,15,757,130,358,907,232,567,873.96,682.97,362.7,system,NA,0.439,2.83,70.7,129.41,0.0,76.24,0.0
Human Dominant_18,R5,2026-08-25T06:52:20.559645Z,human_signal,15,758,132,360,907,232,567,870.94,681.88,363.47,human,your_turn,0.439,2.83,70.7,129.41,0.0,76.24,0.0
Human Dominant_18,R5,2026-08-25T06:52:21.066836Z,behavior_monitor,15,782,210,424,907,283,567,783.73,613.59,368.33,system,NA,0.439,2.83,71.07,129.41,0.0,99.11,0.0
Human Dominant_18,R5,2026-08-25T06:52:21.575625Z,behavior_monitor,15,753,277,490,907,333,566,682.59,509.72,374.87,system,NA,0.428,2.83,122.87,129.41,0.0,99.11,0.0
Human Dominant_18,R5,2026-08-25T06:52:22.084141Z,behavior_monitor,15,691,334,556,907,384,564,588.86,384.1,383.24,system,NA,0.395,2.83,148.33,137.5,0.0,105.3,0.0
Human Dominant_18,R5,2026-08-25T06:52:22.593454Z,behavior_monitor,15,607,353,605,859,434,564,506.12,272.2,341.33,system,NA,0.35,2.83,165.46,145.11,-59.53,99.11,0.0
Human Dominant_18,R5,2026-08-25T06:52:23.095135Z,behavior_monitor,15,530,384,625,852,485,563,477.57,184.83,320.62,system,NA,0.279,2.83,168.24,101.36,115.97,99.11,0.0
Human Dominant_18,R5,2026-08-25T06:52:23.604346Z,behavior_monitor,15,458,426,622,857,453,563,461.05,137.08,338.99,system,NA,0.229,2.83,139.5,0.0,122.26,99.11,180.0
Human Dominant_18,R5,2026-08-25T06:52:24.113549Z,behavior_monitor,15,376,453,570,849,402,563,440.96,113.09,331.51,system,NA,0.204,2.83,163.57,105.3,-155.4,99.11,180.0
Human Dominant_18,R5,2026-08-25T06:52:24.618886Z,behavior_monitor,15,309,496,553,845,352,563,426.06,79.81,346.34,system,NA,0.158,2.83,138.26,126.81,-160.47,99.11,180.0
Human Dominant_18,R5,2026-08-25T06:52:25.076831Z,shot_hit,15,276,569,543,841,304,564,381.32,29.26,365.48,agent,NA,0.071,2.83,111.95,0.0,180.0,99.11,180.0
Human Dominant_18,R5,2026-08-25T06:52:25.077867Z,flight_spawn,16,909,-20,543,841,304,564,935.82,840.27,365.48,system,NA,0.473,2.83,45.0,0.0,180.0,99.11,180.0
Human Dominant_18,R5,2026-08-25T06:52:26.399003Z,human_signal,16,1108,61,626,842,346,563,917.64,912.3,395.77,human,your_turn,0.499,2.83,47.99,129.41,0.0,76.24,0.0
Human Dominant_18,R5,2026-08-25T06:52:26.399725Z,behavior_monitor,16,1108,61,626,842,346,563,917.64,912.3,395.77,system,NA,0.499,2.83,47.99,129.41,0.0,76.24,0.0
Human Dominant_18,R5,2026-08-25T06:52:26.400203Z,human_signal,16,1110,63,628,842,346,563,915.84,912.98,397.33,human,your_turn,0.499,2.83,47.99,129.41,0.0,76.24,0.0
Human Dominant_18,R5,2026-08-25T06:52:26.905999Z,behavior_monitor,16,1169,118,692,842,396,562,867.06,891.41,407.14,system,NA,0.507,2.83,21.47,129.41,0.0,99.11,0.0
Human Dominant_18,R5,2026-08-25T06:52:27.413580Z,behavior_monitor,16,1235,155,758,842,447,562,836.72,887.92,418.77,system,NA,0.515,2.83,63.6,137.5,0.0,105.3,0.0
Human Dominant_18,R5,2026-08-25T06:52:27.924013Z,behavior_monitor,16,1250,234,824,842,497,562,741.59,820.67,430.39,system,NA,0.525,2.83,98.32,129.41,0.0,99.11,0.0
Human Dominant_18,R5,2026-08-25T06:52:28.432839Z,behavior_monitor,16,1223,310,890,842,548,562,627.72,721.16,442.38,system,NA,0.535,2.83,143.78,129.41,0.0,99.11,0.0
Human Dominant_18,R5,2026-08-25T06:52:28.944535Z,behavior_monitor,16,1154,349,956,842,598,563,530.91,595.62,454.16,system,NA,0.529,2.83,167.75,129.41,0.0,99.11,0.0
Human Dominant_18,R5,2026-08-25T06:52:29.448913Z,behavior_monitor,16,1113,413,974,788,648,563,399.67,488.96,396.46,system,NA,0.55,2.83,91.25,137.5,-90.0,105.3,0.0
Human Dominant_18,R5,2026-08-25T06:52:29.837050Z,human_signal,16,1110,481,998,740,687,563,282.8,431.61,358.14,human,i_can,0.604,2.83,91.25,141.92,-38.28,99.11,0.0
Human Dominant_18,R5,2026-08-25T06:52:29.954282Z,behavior_monitor,16,1108,498,1009,732,693,563,254.35,419.65,358.64,system,NA,0.623,2.83,116.96,140.7,-32.37,57.18,0.0
Human Dominant_18,R5,2026-08-25T06:52:30.460923Z,behavior_monitor,16,1096,579,1069,727,723,568,149.76,373.7,380.53,system,NA,0.714,2.83,91.72,131.19,57.59,97.85,54.25
Human Dominant_18,R5,2026-08-25T06:52:30.970144Z,behavior_monitor,16,1103,662,1108,784,730,579,122.05,381.84,429.95,system,NA,0.758,2.83,90.9,138.75,40.35,0.0,54.25
Human Dominant_18,R5,2026-08-25T06:52:31.458731Z,shot_miss,16,1073,739,1107,782,755,613,54.51,341.73,389.79,human,NA,0.862,2.83,113.71,138.23,110.58,130.47,54.25
Human Dominant_18,R5,2026-08-25T06:52:31.475372Z,behavior_monitor,16,1071,741,1105,784,756,615,54.16,339.23,387.33,system,NA,0.862,2.83,113.71,148.51,127.45,130.47,54.25
Human Dominant_18,R5,2026-08-25T06:52:31.645916Z,shot_miss,16,1059,767,1089,802,769,633,45.19,319.36,360.91,human,NA,0.876,2.83,113.71,142.04,135.17,130.47,54.25
Human Dominant_18,R5,2026-08-25T06:52:31.815531Z,shot_miss,16,1049,793,1071,818,782,651,33.3,302.22,333.56,human,NA,0.901,2.83,113.71,142.07,137.8,130.47,54.25
Human Dominant_18,R5,2026-08-25T06:52:31.984424Z,behavior_monitor,16,1038,818,1053,834,795,669,21.25,285.06,305.57,system,NA,0.931,2.83,138.03,142.9,139.94,130.47,54.25
Human Dominant_18,R5,2026-08-25T06:52:32.001690Z,shot_hit,16,1036,820,1051,835,797,671,21.31,282.05,302.78,human,NA,0.93,2.83,138.03,142.9,139.94,130.47,54.25
Human Dominant_18,R5,2026-08-25T06:52:32.002052Z,flight_spawn,17,905,-20,1051,835,797,671,868.23,699.93,302.78,system,NA,0.446,2.83,135.0,142.9,139.94,130.47,54.25
Human Dominant_18,R5,2026-08-25T06:52:33.119983Z,human_signal,17,789,124,932,873,773,593,762.0,469.34,321.31,human,your_turn,0.381,2.83,114.67,137.5,180.0,138.63,-125.75
Human Dominant_18,R5,2026-08-25T06:52:33.120559Z,behavior_monitor,17,789,124,932,873,773,593,762.0,469.34,321.31,system,NA,0.381,2.83,114.67,129.41,180.0,130.47,-125.75
Human Dominant_18,R5,2026-08-25T06:52:33.120950Z,human_signal,17,788,127,929,873,773,593,759.27,466.73,320.23,human,your_turn,0.381,2.83,114.67,129.41,180.0,130.47,-125.75
Human Dominant_18,R5,2026-08-25T06:52:33.631370Z,behavior_monitor,17,825,189,866,873,795,565,684.9,377.36,315.45,system,NA,0.355,2.83,14.82,129.41,180.0,99.11,0.0
Human Dominant_18,R5,2026-08-25T06:52:34.140953Z,behavior_monitor,17,901,218,857,839,846,565,622.68,351.69,273.99,system,NA,0.361,2.83,37.78,129.41,0.0,99.11,0.0
Human Dominant_18,R5,2026-08-25T06:52:34.649408Z,behavior_monitor,17,965,275,923,839,896,565,565.44,298.08,275.05,system,NA,0.345,2.83,33.63,137.5,0.0,105.3,0.0
Human Dominant_18,R5,2026-08-25T06:52:35.155976Z,behavior_monitor,17,1041,311,975,827,947,565,520.44,270.55,263.92,system,NA,0.342,2.83,39.68,102.14,-90.0,99.11,0.0
Human Dominant_18,R5,2026-08-25T06:52:35.663211Z,behavior_monitor,17,1121,344,1025,799,997,565,464.39,253.1,235.28,system,NA,0.353,2.83,9.21,129.41,0.0,99.11,0.0
Human Dominant_18,R5,2026-08-25T06:52:36.170086Z,behavior_monitor,17,1204,358,1091,816,1047,565,471.47,260.0,254.0,system,NA,0.355,2.83,9.21,135.73,17.56,99.11,0.0
Human Dominant_18,R5,2026-08-25T06:52:36.672487Z,behavior_monitor,17,1290,371,1157,831,1097,565,478.4,273.22,272.55,system,NA,0.364,2.83,9.21,137.5,0.0,105.3,0.0
Human Dominant_18,R5,2026-08-25T06:52:37.181014Z,behavior_monitor,17,1374,390,1223,831,1148,565,466.01,286.09,276.34,system,NA,0.38,2.83,16.48,129.41,0.0,99.11,0.0
Human Dominant_18,R5,2026-08-25T06:52:37.520335Z,human_signal,17,1428,412,1267,831,1181,565,448.47,289.66,279.31,human,your_turn,0.392,2.83,39.63,122.22,0.0,93.6,0.0
Human Dominant_18,R5,2026-08-25T06:52:37.521425Z,human_signal,17,1429,414,1269,831,1181,565,446.51,289.94,279.99,human,your_turn,0.394,2.83,39.63,129.41,0.0,99.11,0.0
Human Dominant_18,R5,2026-08-25T06:52:37.690314Z,behavior_monitor,17,1447,430,1289,831,1198,565,430.78,282.97,280.93,system,NA,0.396,2.83,39.63,129.41,0.0,99.11,0.0
Human Dominant_18,R5,2026-08-25T06:52:38.197038Z,behavior_monitor,17,1428,487,1335,821,1249,565,345.79,195.0,269.91,system,NA,0.361,2.23,131.1,135.68,-123.69,99.11,0.0
Human Dominant_18,R5,2026-08-25T06:52:38.708795Z,behavior_monitor,17,1366,506,1309,860,1300,565,359.01,88.72,295.28,system,NA,0.198,2.23,157.54,138.73,122.45,99.11,0.0
Human Dominant_18,R5,2026-08-25T06:52:39.079692Z,shot_miss,17,1327,536,1273,901,1310,565,368.85,33.83,337.78,agent,NA,0.084,2.23,129.41,141.13,140.33,105.3,180.0
Human Dominant_18,R5,2026-08-25T06:52:39.213226Z,behavior_monitor,17,1317,548,1260,910,1300,565,365.98,23.99,346.79,system,NA,0.062,2.23,129.41,133.62,152.06,99.11,180.0
Human Dominant_18,R5,2026-08-25T06:52:39.296783Z,shot_hit,17,1307,558,1248,910,1292,565,356.14,16.78,347.24,agent,NA,0.045,2.23,129.41,119.4,180.0,99.11,180.0
Human Dominant_18,R5,2026-08-25T06:52:39.297381Z,flight_spawn,18,518,-20,1248,910,1292,565,1182.26,970.36,347.24,system,NA,0.451,3.21,51.5,119.4,180.0,99.11,180.0
Human Dominant_18,R5,2026-08-25T06:52:40.618224Z,human_signal,18,700,127,1084,910,1220,565,871.65,680.21,370.87,human,your_turn,0.438,3.21,5.31,129.41,180.0,71.18,-162.28
Human Dominant_18,R5,2026-08-25T06:52:40.618923Z,behavior_monitor,18,700,127,1084,910,1220,565,871.65,680.21,370.87,system,NA,0.438,3.21,5.31,129.41,180.0,76.24,180.0
Human Dominant_18,R5,2026-08-25T06:52:40.619409Z,human_signal,18,702,127,1082,910,1220,565,869.79,677.91,372.28,human,your_turn,0.438,3.21,5.31,129.41,180.0,76.24,180.0
Human Dominant_18,R5,2026-08-25T06:52:41.123081Z,behavior_monitor,18,782,161,1018,910,1170,565,784.8,560.09,377.02,system,NA,0.416,3.21,28.85,129.41,180.0,99.11,180.0
Human Dominant_18,R5,2026-08-25T06:52:41.630354Z,behavior_monitor,18,850,225,952,910,1120,565,691.89,433.33,383.52,system,NA,0.385,3.21,20.99,129.41,180.0,99.11,180.0
Human Dominant_18,R5,2026-08-25T06:52:42.137292Z,behavior_monitor,18,946,246,888,898,1069,564,654.52,341.72,379.41,system,NA,0.343,3.21,21.88,102.88,-136.22,99.11,180.0
Human Dominant_18,R5,2026-08-25T06:52:42.645901Z,behavior_monitor,18,1004,322,945,885,1019,564,566.33,242.76,329.26,system,NA,0.3,3.21,78.02,129.41,0.0,99.11,180.0
Human Dominant_18,R5,2026-08-25T06:52:43.153193Z,behavior_monitor,18,1065,393,965,857,1031,564,474.32,174.24,300.11,system,NA,0.269,3.21,29.45,44.49,-90.0,99.11,0.0
Human Dominant_18,R5,2026-08-25T06:52:43.661863Z,behavior_monitor,18,1158,412,1022,855,1082,564,463.46,170.04,297.16,system,NA,0.268,3.21,14.3,129.41,0.0,99.11,0.0
Human Dominant_18,R5,2026-08-25T06:52:44.169666Z,behavior_monitor,18,1251,436,1088,855,1132,563,449.83,174.76,294.8,system,NA,0.28,3.21,14.3,129.41,0.0,99.11,0.0
Human Dominant_18,R5,2026-08-25T06:52:44.677939Z,behavior_monitor,18,1316,505,1154,865,1182,563,394.94,145.87,303.11,system,NA,0.27,3.21,44.25,137.19,20.42,99.11,0.0
Human Dominant_18,R5,2026-08-25T06:52:45.184455Z,behavior_monitor,18,1376,579,1220,890,1233,573,347.83,143.29,317.21,system,NA,0.292,3.21,65.44,136.2,19.38,169.61,54.25
Human Dominant_18,R5,2026-08-25T06:52:46.253065Z,shot_miss,18,1340,756,1330,910,1318,722,153.87,40.25,187.55,agent,NA,0.207,3.21,70.79,0.0,0.0,137.65,90.0
Human Dominant_18,R5,2026-08-25T06:52:46.593473Z,shot_miss,18,1357,818,1288,910,1333,769,114.55,53.77,147.24,agent,NA,0.319,3.21,74.95,117.97,180.0,137.65,90.0
Human Dominant_18,R5,2026-08-25T06:52:47.085178Z,conflict,18,1357,907,1310,910,1342,837,46.45,71.16,78.78,system,NA,0.605,3.21,123.12,93.81,0.0,169.61,125.75
Human Dominant_18,R5,2026-08-25T06:52:47.153208Z,conflict,18,1351,915,1310,910,1342,837,40.85,78.15,78.78,human,NA,0.657,3.21,123.12,0.0,0.0,0.0,125.75
Human Dominant_18,R5,2026-08-25T06:52:47.153753Z,shot_miss,18,1351,915,1310,910,1342,837,40.85,78.15,78.78,human,NA,0.657,3.21,123.12,0.0,0.0,0.0,125.75
Human Dominant_18,R5,2026-08-25T06:52:47.643233Z,flight_missed,18,1304,995,1310,910,1340,839,86.11,160.01,76.23,system,NA,0.65,3.21,123.12,0.0,0.0,0.0,125.75
Human Dominant_18,R5,2026-08-25T06:52:47.643970Z,flight_spawn,19,1382,-20,1310,910,1340,839,932.81,861.0,76.23,system,NA,0.48,2.83,135.0,0.0,0.0,0.0,125.75
Human Dominant_18,R5,2026-08-25T06:52:51.088953Z,human_signal,19,1029,388,926,892,1142,566,515.21,210.19,391.6,human,your_turn,0.29,2.83,141.71,129.41,180.0,76.24,180.0
Human Dominant_18,R5,2026-08-25T06:52:51.091152Z,behavior_monitor,19,1029,388,926,892,1142,566,515.21,210.19,391.6,system,NA,0.29,2.83,141.71,129.41,180.0,76.24,180.0
Human Dominant_18,R5,2026-08-25T06:52:51.091643Z,human_signal,19,1028,390,924,892,1142,566,513.57,209.71,392.81,human,your_turn,0.29,2.83,141.71,129.41,180.0,76.24,180.0
Human Dominant_18,R5,2026-08-25T06:52:51.596716Z,behavior_monitor,19,979,448,860,892,1091,565,460.48,161.91,400.4,system,NA,0.26,2.83,91.69,137.5,180.0,105.3,180.0
Human Dominant_18,R5,2026-08-25T06:52:52.102553Z,behavior_monitor,19,998,529,794,892,1040,565,416.97,55.74,409.47,system,NA,0.118,2.83,41.56,129.41,180.0,99.11,180.0
Human Dominant_18,R5,2026-08-25T06:52:52.373614Z,shot_hit,19,1036,556,757,892,1015,565,437.18,22.98,416.86,agent,NA,0.05,2.83,15.32,129.41,180.0,0.0,180.0
Human Dominant_18,R5,2026-08-25T06:52:52.374071Z,flight_spawn,20,696,-20,757,892,1015,565,914.98,666.51,416.86,system,NA,0.421,2.83,135.0,129.41,180.0,0.0,180.0
Human Dominant_18,R5,2026-08-25T06:52:55.810479Z,human_signal,20,543,463,378,850,788,564,420.63,264.97,499.23,human,your_turn,0.386,2.83,158.9,129.41,180.0,76.24,180.0
Human Dominant_18,R5,2026-08-25T06:52:55.812951Z,behavior_monitor,20,543,463,378,850,788,564,420.63,264.97,499.23,system,NA,0.386,2.83,158.9,129.41,180.0,76.24,180.0
Human Dominant_18,R5,2026-08-25T06:52:55.813374Z,human_signal,20,541,464,376,850,788,564,419.84,266.29,501.03,human,your_turn,0.388,2.83,158.9,129.41,180.0,76.24,180.0
Human Dominant_18,R5,2026-08-25T06:52:56.316014Z,behavior_monitor,20,456,470,312,849,737,564,405.72,296.56,511.3,system,NA,0.422,2.83,179.64,134.7,-163.89,99.11,180.0
Human Dominant_18,R5,2026-08-25T06:52:56.826164Z,behavior_monitor,20,383,500,246,823,686,564,350.78,310.17,510.18,system,NA,0.469,2.83,131.64,139.13,-157.61,99.11,180.0
Human Dominant_18,R5,2026-08-25T06:52:57.332544Z,behavior_monitor,20,344,575,210,809,636,569,269.4,292.21,488.73,system,NA,0.52,2.83,102.69,50.94,180.0,180.21,125.75
Human Dominant_18,R5,2026-08-25T06:52:57.739182Z,human_signal,20,339,645,228,839,595,625,223.67,257.17,425.11,human,i_can,0.535,2.83,99.0,137.21,57.63,169.61,125.75
Human Dominant_18,R5,2026-08-25T06:52:57.840375Z,behavior_monitor,20,337,659,234,849,590,633,216.5,253.7,416.02,system,NA,0.54,2.83,99.0,146.22,60.14,103.97,125.75
Human Dominant_18,R5,2026-08-25T06:52:58.345640Z,behavior_monitor,20,294,726,262,889,560,674,165.5,271.02,367.31,system,NA,0.621,2.83,100.65,135.56,-162.67,97.85,125.75
Human Dominant_18,R5,2026-08-25T06:52:58.854522Z,behavior_monitor,20,250,796,274,904,551,686,110.53,320.08,352.17,system,NA,0.743,2.83,145.52,0.0,53.14,0.0,-150.06
Human Dominant_18,R5,2026-08-25T06:52:59.361778Z,behavior_monitor,20,180,844,216,909,525,722,74.09,365.8,361.37,system,NA,0.832,2.83,145.52,129.41,180.0,130.47,125.75
Human Dominant_18,R5,2026-08-25T06:52:59.871857Z,behavior_monitor,20,95,860,150,909,486,776,73.22,399.78,361.57,system,NA,0.845,2.83,171.43,129.41,180.0,130.47,125.75
Human Dominant_18,R5,2026-08-25T06:53:00.377397Z,behavior_monitor,20,22,873,84,909,447,830,71.79,427.18,371.51,system,NA,0.856,1.73,9.53,129.41,180.0,130.47,125.75
Human Dominant_18,R5,2026-08-25T06:53:00.530138Z,shot_miss,20,37,879,64,909,435,846,40.12,399.36,376.41,human,NA,0.909,1.73,36.93,129.41,180.0,130.47,125.75
Human Dominant_18,R5,2026-08-25T06:53:00.701082Z,shot_hit,20,52,890,43,909,422,864,21.35,371.39,382.12,human,NA,0.946,1.73,36.93,129.41,180.0,130.47,125.75
Human Dominant_18,R6,2026-08-25T06:53:05.836390Z,flight_spawn,1,516,-20,43,909,422,864,1043.43,889.61,382.12,system,NA,0.46,2.83,135.0,0.0,180.0,0.0,125.75
Human Dominant_18,R6,2026-08-25T06:53:13.379982Z,human_signal,1,129,494,709,910,155,563,713.44,74.05,653.58,human,your_turn,0.094,2.83,67.75,120.43,180.0,76.24,180.0
Human Dominant_18,R6,2026-08-25T06:53:13.381994Z,behavior_monitor,1,129,494,709,910,155,563,713.44,74.05,653.58,system,NA,0.094,2.83,67.75,119.41,180.0,76.24,180.0
Human Dominant_18,R6,2026-08-25T06:53:13.382537Z,human_signal,1,131,497,707,911,155,563,709.75,71.08,652.51,human,your_turn,0.091,2.83,67.75,119.41,180.0,76.24,180.0
Human Dominant_18,R6,2026-08-25T06:53:13.667410Z,shot_hit,1,132,542,672,910,124,564,653.35,22.71,647.7,agent,NA,0.034,2.83,120.81,129.41,180.0,99.11,180.0
Human Dominant_18,R6,2026-08-25T06:53:13.668148Z,flight_spawn,2,996,-20,672,910,124,564,984.7,1049.07,647.7,system,NA,0.516,2.83,45.0,129.41,180.0,99.11,180.0
Human Dominant_18,R6,2026-08-25T06:53:15.125042Z,human_signal,2,1218,62,723,910,190,564,982.54,1144.38,635.31,human,i_can,0.538,2.83,36.17,129.41,0.0,76.24,0.0
Human Dominant_18,R6,2026-08-25T06:53:15.142512Z,behavior_monitor,2,1218,62,723,910,191,564,981.98,1143.51,634.14,system,NA,0.538,2.83,36.17,129.41,0.0,57.18,0.0
Human Dominant_18,R6,2026-08-25T06:53:15.648636Z,behavior_monitor,2,1252,138,789,910,220,565,899.95,1116.56,664.89,system,NA,0.554,2.83,81.56,129.41,0.0,77.56,17.62
Human Dominant_18,R6,2026-08-25T06:53:16.155254Z,behavior_monitor,2,1284,214,855,910,234,565,817.23,1107.48,709.94,system,NA,0.575,2.83,107.13,129.41,0.0,0.0,0.0
Human Dominant_18,R6,2026-08-25T06:53:16.662554Z,behavior_monitor,2,1256,295,921,883,234,565,677.08,1057.3,756.8,system,NA,0.61,2.83,105.17,141.62,-23.97,0.0,0.0
Human Dominant_18,R6,2026-08-25T06:53:17.167563Z,behavior_monitor,2,1210,364,986,853,266,565,538.28,965.23,775.24,system,NA,0.642,2.83,128.44,147.02,-20.75,81.0,0.0
Human Dominant_18,R6,2026-08-25T06:53:17.673817Z,behavior_monitor,2,1146,416,1045,826,305,565,422.95,854.17,784.59,system,NA,0.669,2.83,170.99,94.68,-90.0,76.24,0.0
Human Dominant_18,R6,2026-08-25T06:53:18.181446Z,behavior_monitor,2,1088,462,1051,766,344,565,305.77,750.99,735.48,system,NA,0.711,2.83,103.11,135.2,-106.82,76.24,0.0
Human Dominant_18,R6,2026-08-25T06:53:18.685459Z,behavior_monitor,2,1070,543,1061,710,383,566,167.02,687.96,693.21,system,NA,0.805,2.83,97.4,114.94,-90.0,76.24,0.0
Human Dominant_18,R6,2026-08-25T06:53:19.161612Z,shot_miss,2,1050,617,1065,672,419,598,57.47,630.85,649.83,human,NA,0.917,2.83,117.89,73.23,-51.83,130.47,54.25
Human Dominant_18,R6,2026-08-25T06:53:19.195109Z,behavior_monitor,2,1047,622,1066,670,422,602,52.05,626.03,648.02,system,NA,0.923,2.83,117.89,68.65,-53.77,130.47,54.25
Human Dominant_18,R6,2026-08-25T06:53:19.364441Z,shot_hit,2,1038,647,1056,669,435,619,28.3,603.69,622.91,human,NA,0.955,2.83,120.68,129.41,180.0,130.47,54.25
Human Dominant_18,R6,2026-08-25T06:53:19.365036Z,flight_spawn,3,935,-20,1056,669,435,619,699.73,812.43,622.91,system,NA,0.537,3.11,49.92,129.41,180.0,130.47,54.25
Human Dominant_18,R6,2026-08-25T06:53:20.751036Z,human_signal,3,1150,64,1066,771,520,566,711.87,804.9,583.39,human,i_can,0.531,3.11,2.81,135.14,-19.99,76.24,0.0
Human Dominant_18,R6,2026-08-25T06:53:20.768023Z,behavior_monitor,3,1150,64,1066,771,521,566,711.87,804.14,582.49,system,NA,0.53,3.11,2.81,118.34,-43.13,57.18,0.0
Human Dominant_18,R6,2026-08-25T06:53:21.277032Z,behavior_monitor,3,1237,86,1117,724,550,566,649.21,837.41,587.99,system,NA,0.563,3.11,46.46,136.19,-18.15,57.18,0.0
Human Dominant_18,R6,2026-08-25T06:53:21.785723Z,behavior_monitor,3,1296,153,1175,697,564,566,556.63,840.35,625.03,system,NA,0.602,3.11,46.46,131.78,-52.06,0.0,0.0
Human Dominant_18,R6,2026-08-25T06:53:22.290964Z,behavior_monitor,3,1368,203,1213,641,584,566,464.32,864.29,633.84,system,NA,0.651,3.11,11.15,129.41,0.0,76.24,0.0
Human Dominant_18,R6,2026-08-25T06:53:22.797776Z,behavior_monitor,3,1446,230,1263,670,622,566,476.95,889.15,649.19,system,NA,0.651,2.01,151.72,135.9,0.0,81.0,0.0
Human Dominant_18,R6,2026-08-25T06:53:23.304043Z,behavior_monitor,3,1413,274,1323,667,661,566,403.58,806.0,669.26,system,NA,0.666,2.01,105.11,89.15,-42.12,76.24,0.0
Human Dominant_18,R6,2026-08-25T06:53:23.813675Z,behavior_monitor,3,1415,333,1364,646,701,566,317.38,751.19,667.76,system,NA,0.703,2.01,58.74,129.41,0.0,76.24,0.0
Human Dominant_18,R6,2026-08-25T06:53:24.321469Z,behavior_monitor,3,1449,381,1425,640,740,566,260.08,732.37,689.27,system,NA,0.738,1.56,128.05,129.41,0.0,76.24,0.0
Human Dominant_18,R6,2026-08-25T06:53:24.826508Z,behavior_monitor,3,1423,417,1428,607,758,565,189.54,680.9,671.33,system,NA,0.782,1.56,128.05,144.22,-136.68,0.0,0.0
Human Dominant_18,R6,2026-08-25T06:53:25.336940Z,behavior_monitor,3,1385,439,1376,556,793,565,117.58,605.4,582.74,system,NA,0.837,1.56,150.02,144.37,-127.51,76.24,0.0
Human Dominant_18,R6,2026-08-25T06:53:25.845266Z,shot_miss,3,1361,474,1336,495,832,565,33.18,537.3,509.31,human,NA,0.942,1.56,103.54,152.44,-115.58,81.0,0.0
Human Dominant_18,R6,2026-08-25T06:53:26.032224Z,shot_hit,3,1356,490,1360,497,846,565,7.91,516.4,518.99,human,NA,0.985,1.56,74.0,141.41,29.86,76.24,0.0
Human Dominant_18,R6,2026-08-25T06:53:26.032766Z,flight_spawn,4,197,-20,1360,497,846,565,1273.07,873.72,518.99,system,NA,0.407,2.83,135.0,141.41,29.86,76.24,0.0
Human Dominant_18,R6,2026-08-25T06:53:26.974210Z,human_signal,4,61,47,1345,610,823,565,1402.38,921.16,524.29,human,your_turn,0.396,2.83,136.78,141.89,127.79,76.24,180.0
Human Dominant_18,R6,2026-08-25T06:53:26.974917Z,behavior_monitor,4,61,47,1345,610,823,565,1402.38,921.16,524.29,system,NA,0.396,2.83,136.78,150.85,127.83,81.0,180.0
Human Dominant_18,R6,2026-08-25T06:53:26.975464Z,human_signal,4,59,49,1344,612,823,565,1403.22,922.08,522.98,human,your_turn,0.397,2.83,136.78,150.85,127.83,81.0,180.0
Human Dominant_18,R6,2026-08-25T06:53:27.481581Z,behavior_monitor,4,27,106,1295,661,773,565,1384.5,875.47,531.35,system,NA,0.387,2.3,86.23,140.92,141.86,99.11,180.0
Human Dominant_18,R6,2026-08-25T06:53:27.989659Z,behavior_monitor,4,70,155,1238,704,722,565,1290.81,770.12,534.53,system,NA,0.374,2.3,9.57,139.82,144.21,99.11,180.0
Human Dominant_18,R6,2026-08-25T06:53:28.498097Z,behavior_monitor,4,135,166,1178,742,672,565,1191.6,668.37,536.92,system,NA,0.359,2.3,9.57,137.13,152.21,99.11,180.0
Human Dominant_18,R6,2026-08-25T06:53:29.010064Z,behavior_monitor,4,200,179,1113,755,621,565,1079.8,571.24,527.75,system,NA,0.346,2.3,31.72,129.41,180.0,99.11,180.0
Human Dominant_18,R6,2026-08-25T06:53:29.517522Z,behavior_monitor,4,267,193,1101,755,570,565,1006.08,480.67,563.48,system,NA,0.323,2.3,8.18,0.0,180.0,99.11,180.0
Human Dominant_18,R6,2026-08-25T06:53:30.025252Z,behavior_monitor,4,336,203,1101,755,519,565,943.85,406.06,611.89,system,NA,0.301,2.3,8.18,0.0,180.0,99.11,180.0
Human Dominant_18,R6,2026-08-25T06:53:30.533888Z,behavior_monitor,4,401,215,1101,755,469,565,883.86,356.0,660.28,system,NA,0.287,2.3,37.52,0.0,180.0,99.11,180.0
Human Dominant_18,R6,2026-08-25T06:53:31.039988Z,behavior_monitor,4,455,257,1101,755,432,564,815.32,308.26,695.56,system,NA,0.274,2.3,9.02,0.0,180.0,99.11,0.0
Human Dominant_18,R6,2026-08-25T06:53:31.546375Z,behavior_monitor,4,518,285,1101,755,483,564,748.66,281.55,647.1,system,NA,0.273,2.3,8.25,0.0,180.0,99.11,0.0
Human Dominant_18,R6,2026-08-25T06:53:35.001586Z,shot_miss,4,868,528,944,910,828,566,389.11,54.65,362.61,agent,NA,0.123,2.3,6.06,0.0,180.0,99.11,0.0
Human Dominant_18,R6,2026-08-25T06:53:35.323857Z,shot_miss,4,907,533,944,910,860,566,377.85,57.29,353.51,agent,NA,0.132,2.3,28.32,0.0,180.0,99.11,0.0
Human Dominant_18,R6,2026-08-25T06:53:35.510696Z,shot_miss,4,927,549,944,910,879,566,360.85,51.02,349.56,agent,NA,0.124,2.3,78.44,0.0,180.0,99.11,0.0
Human Dominant_18,R6,2026-08-25T06:53:39.830813Z,shot_miss,4,1360,836,1366,895,1307,832,59.67,52.53,86.05,agent,NA,0.468,2.3,60.42,137.5,0.0,180.21,54.25
Human Dominant_18,R6,2026-08-25T06:53:39.983886Z,conflict,4,1375,851,1386,895,1323,846,45.71,52.21,79.75,system,NA,0.533,2.3,37.42,129.41,0.0,99.11,0.0
Human Dominant_18,R6,2026-08-25T06:53:40.611564Z,conflict,4,1441,892,1400,895,1327,863,40.47,117.24,79.99,human,NA,0.743,2.3,33.31,119.1,0.0,144.73,72.01
Human Dominant_18,R6,2026-08-25T06:53:40.612080Z,shot_miss,4,1441,892,1400,895,1327,863,40.47,117.24,79.99,human,NA,0.743,2.3,33.31,119.1,0.0,144.73,72.01
Human Dominant_18,R6,2026-08-25T06:53:41.541874Z,shot_miss,4,1371,940,1436,895,1354,910,79.56,34.69,83.78,agent,NA,0.304,1.71,175.96,129.41,-90.0,0.0,0.0
Human Dominant_18,R6,2026-08-25T06:53:41.828334Z,shot_miss,4,1341,948,1436,857,1326,910,131.68,41.07,121.61,agent,NA,0.238,1.71,174.23,129.41,-90.0,99.11,180.0
Human Dominant_18,R6,2026-08-25T06:53:41.962633Z,flight_missed,4,1328,952,1436,840,1313,910,155.48,44.64,141.32,system,NA,0.223,1.71,147.67,137.5,-90.0,105.3,180.0
Human Dominant_18,R6,2026-08-25T06:53:41.963780Z,flight_spawn,5,1079,-20,1436,840,1313,910,931.25,959.02,141.32,system,NA,0.507,3.02,48.61,137.5,-90.0,105.3,180.0
Human Dominant_18,R6,2026-08-25T06:53:44.618713Z,human_signal,5,1297,319,1427,802,1279,657,499.45,337.7,207.08,human,your_turn,0.403,3.02,118.12,129.41,90.0,105.88,-90.0
Human Dominant_18,R6,2026-08-25T06:53:44.619759Z,behavior_monitor,5,1297,319,1427,802,1279,657,499.45,337.7,207.08,system,NA,0.403,3.02,118.12,129.41,90.0,105.88,-90.0
Human Dominant_18,R6,2026-08-25T06:53:44.620200Z,human_signal,5,1295,322,1427,804,1279,657,499.52,334.94,208.63,human,your_turn,0.401,3.02,118.12,129.41,90.0,105.88,-90.0
Human Dominant_18,R6,2026-08-25T06:53:45.126761Z,behavior_monitor,5,1253,401,1394,853,1235,587,473.22,187.22,309.32,system,NA,0.283,3.02,93.63,138.65,158.97,137.65,-90.0
Human Dominant_18,R6,2026-08-25T06:53:45.630826Z,behavior_monitor,5,1263,489,1328,875,1240,566,392.21,81.11,321.25,system,NA,0.171,3.02,87.46,136.64,161.28,0.0,0.0
Human Dominant_18,R6,2026-08-25T06:53:45.919178Z,shot_hit,5,1264,543,1296,884,1241,567,342.12,32.75,321.72,agent,NA,0.087,3.02,87.46,129.41,180.0,0.0,137.94
Human Dominant_18,R6,2026-08-25T06:53:45.919673Z,flight_spawn,6,1296,-20,1296,884,1241,567,904.14,589.71,321.72,system,NA,0.395,2.85,45.34,129.41,180.0,0.0,137.94
Human Dominant_18,R6,2026-08-25T06:53:50.764312Z,human_signal,6,835,361,749,817,1086,566,463.46,323.8,420.11,human,your_turn,0.411,2.85,170.85,138.52,154.55,76.24,180.0
Human Dominant_18,R6,2026-08-25T06:53:50.765841Z,behavior_monitor,6,835,361,749,817,1086,566,463.46,323.8,420.11,system,NA,0.411,2.85,170.85,138.52,154.55,76.24,180.0
Human Dominant_18,R6,2026-08-25T06:53:50.766310Z,human_signal,6,833,362,747,818,1086,566,463.87,325.77,422.42,human,your_turn,0.413,2.85,170.85,138.52,154.55,76.24,180.0
Human Dominant_18,R6,2026-08-25T06:53:51.271111Z,behavior_monitor,6,751,377,685,848,1035,566,475.54,341.32,449.4,system,NA,0.418,2.85,171.22,137.9,159.79,99.11,180.0
Human Dominant_18,R6,2026-08-25T06:53:51.780708Z,behavior_monitor,6,670,399,619,859,984,566,462.64,355.2,468.2,system,NA,0.434,2.85,140.48,129.41,180.0,130.29,-169.44
Human Dominant_18,R6,2026-08-25T06:53:52.284254Z,behavior_monitor,6,608,453,553,859,933,565,409.15,344.14,480.2,system,NA,0.457,2.85,140.48,129.41,180.0,99.11,180.0
Human Dominant_18,R6,2026-08-25T06:53:52.521584Z,human_signal,6,577,481,520,859,909,565,382.61,342.84,487.48,human,i_can,0.473,2.85,140.48,129.41,180.0,99.11,180.0
Human Dominant_18,R6,2026-08-25T06:53:52.792466Z,behavior_monitor,6,545,508,487,859,893,565,355.89,352.94,501.05,system,NA,0.498,2.85,140.48,129.41,180.0,75.03,167.53
Human Dominant_18,R6,2026-08-25T06:53:53.298382Z,behavior_monitor,6,489,565,424,859,865,565,301.31,376.03,529.85,system,NA,0.555,2.85,117.48,129.41,180.0,0.0,180.0
Human Dominant_18,R6,2026-08-25T06:53:53.805032Z,behavior_monitor,6,431,611,366,827,865,565,226.03,435.97,563.77,system,NA,0.659,2.85,162.86,121.91,-126.52,0.0,180.0
Human Dominant_18,R6,2026-08-25T06:53:54.316606Z,behavior_monitor,6,365,653,312,789,833,609,145.97,469.72,550.81,system,NA,0.763,2.85,122.99,138.92,-143.38,130.47,125.75
Human Dominant_18,R6,2026-08-25T06:53:54.787461Z,shot_miss,6,323,719,306,793,797,660,75.04,478.53,508.75,human,NA,0.864,2.85,122.99,133.98,67.54,130.47,125.75
Human Dominant_18,R6,2026-08-25T06:53:54.821517Z,behavior_monitor,6,320,724,304,794,795,663,71.75,479.07,507.94,system,NA,0.87,2.85,122.99,81.8,146.14,130.47,125.75
Human Dominant_18,R6,2026-08-25T06:53:54.969087Z,shot_miss,6,306,746,284,799,783,680,57.83,482.08,513.11,human,NA,0.893,2.85,122.99,136.54,160.76,130.47,125.75
Human Dominant_18,R6,2026-08-25T06:53:55.155972Z,shot_miss,6,296,774,271,821,768,699,53.93,478.03,512.5,human,NA,0.899,2.85,96.57,140.72,123.93,130.47,125.75
Human Dominant_18,R6,2026-08-25T06:53:55.324172Z,behavior_monitor,6,306,801,257,841,756,717,63.28,457.34,513.75,system,NA,0.878,2.85,72.99,142.4,122.7,130.47,125.75
Human Dominant_18,R6,2026-08-25T06:53:55.357766Z,shot_miss,6,308,806,254,845,753,721,66.05,453.21,513.84,human,NA,0.873,2.85,72.99,142.37,121.98,130.47,125.75
Human Dominant_18,R6,2026-08-25T06:53:55.731512Z,shot_miss,6,323,867,271,891,725,760,56.6,416.04,471.88,human,NA,0.88,2.85,101.32,133.47,54.32,130.47,125.75
Human Dominant_18,R6,2026-08-25T06:53:55.832968Z,behavior_monitor,6,318,883,279,901,717,771,42.41,414.63,456.52,system,NA,0.907,2.85,101.32,132.44,53.55,130.47,125.75
Human Dominant_18,R6,2026-08-25T06:53:55.917763Z,shot_miss,6,314,897,286,910,710,781,30.3,413.56,443.64,human,NA,0.932,2.85,101.32,132.23,53.48,143.11,119.21
Human Dominant_18,R6,2026-08-25T06:53:56.071923Z,shot_hit,6,308,923,298,910,699,797,16.34,410.71,416.34,human,NA,0.962,2.85,101.32,78.69,0.0,130.47,125.75
Human Dominant_18,R6,2026-08-25T06:53:56.072922Z,flight_spawn,7,899,-20,298,910,699,797,1107.3,841.45,416.34,system,NA,0.432,2.83,135.0,78.69,0.0,130.47,125.75
Human Dominant_18,R6,2026-08-25T06:53:57.524254Z,human_signal,7,885,176,432,832,781,684,796.95,518.31,379.0,human,your_turn,0.394,2.83,54.66,137.3,-37.96,130.47,-54.25
Human Dominant_18,R6,2026-08-25T06:53:57.524754Z,behavior_monitor,7,885,176,432,832,781,684,796.95,518.31,379.0,system,NA,0.394,2.83,54.66,123.19,-23.87,130.47,-54.25
Human Dominant_18,R6,2026-08-25T06:53:57.525050Z,human_signal,7,886,178,434,831,781,684,793.97,516.3,376.88,human,your_turn,0.394,2.83,54.66,123.19,-23.87,130.47,-54.25
Human Dominant_18,R6,2026-08-25T06:53:58.031864Z,behavior_monitor,7,913,255,476,807,831,614,704.33,368.2,404.43,system,NA,0.343,2.83,76.46,83.11,0.0,169.61,-54.25
Human Dominant_18,R6,2026-08-25T06:53:58.372539Z,human_signal,7,913,311,501,807,866,567,645.21,260.95,436.47,human,your_turn,0.288,2.83,121.55,69.9,0.0,169.61,-54.25
Human Dominant_18,R6,2026-08-25T06:53:58.373275Z,human_signal,7,911,313,502,807,866,567,641.19,258.19,435.48,human,your_turn,0.287,2.83,121.55,69.9,0.0,186.36,-46.45
Human Dominant_18,R6,2026-08-25T06:53:58.540482Z,behavior_monitor,7,896,334,513,807,877,565,608.62,231.58,437.72,system,NA,0.276,2.83,142.9,73.87,0.0,0.0,0.0
Human Dominant_18,R6,2026-08-25T06:53:59.051797Z,behavior_monitor,7,844,398,556,788,828,564,483.93,166.36,352.12,system,NA,0.256,2.83,95.11,139.46,-27.27,99.11,180.0
Human Dominant_18,R6,2026-08-25T06:53:59.556196Z,behavior_monitor,7,799,465,620,758,793,564,343.3,99.16,260.05,system,NA,0.224,2.83,147.03,133.11,-21.04,99.11,180.0
Human Dominant_18,R6,2026-08-25T06:54:00.065653Z,behavior_monitor,7,720,494,645,782,743,564,297.21,73.56,238.45,system,NA,0.198,2.83,144.9,129.41,180.0,99.11,180.0
Human Dominant_18,R6,2026-08-25T06:54:00.556072Z,shot_miss,7,655,543,579,782,692,563,250.62,42.27,245.46,agent,NA,0.144,2.83,144.9,129.41,180.0,110.06,-172.23
Human Dominant_18,R6,2026-08-25T06:54:00.573112Z,behavior_monitor,7,655,543,579,782,692,563,250.62,42.27,245.46,system,NA,0.144,2.83,144.9,129.41,180.0,99.11,180.0
Human Dominant_18,R6,2026-08-25T06:54:00.914722Z,shot_hit,7,648,594,533,782,656,586,219.73,11.27,230.61,agent,NA,0.049,2.83,42.13,129.41,180.0,169.61,125.75
Human Dominant_18,R6,2026-08-25T06:54:00.915316Z,flight_spawn,8,543,-20,533,782,656,586,802.11,617.47,230.61,system,NA,0.435,2.86,134.45,129.41,180.0,169.61,125.75
Human Dominant_18,R6,2026-08-25T06:54:04.453034Z,human_signal,8,229,388,228,752,423,565,363.82,262.14,269.61,human,your_turn,0.419,2.86,89.83,129.41,90.0,76.24,180.0
Human Dominant_18,R6,2026-08-25T06:54:04.454051Z,behavior_monitor,8,229,388,228,752,423,565,363.82,262.14,269.61,system,NA,0.419,2.86,89.83,129.41,90.0,76.24,180.0
Human Dominant_18,R6,2026-08-25T06:54:04.454498Z,human_signal,8,230,391,228,754,423,565,363.16,260.06,271.13,human,your_turn,0.417,2.86,69.63,129.41,90.0,76.24,180.0
Human Dominant_18,R6,2026-08-25T06:54:04.962558Z,behavior_monitor,8,228,473,236,808,372,565,334.78,170.86,278.29,system,NA,0.338,2.86,69.74,138.32,60.37,99.11,180.0
Human Dominant_18,R6,2026-08-25T06:54:05.469722Z,behavior_monitor,8,299,506,214,873,321,565,377.04,63.3,325.96,system,NA,0.144,2.86,5.65,130.67,110.72,93.6,180.0
Human Dominant_18,R6,2026-08-25T06:54:05.842076Z,shot_miss,8,357,526,243,910,326,565,400.21,50.36,353.83,agent,NA,0.112,2.86,31.42,113.42,0.0,99.11,0.0
Human Dominant_18,R6,2026-08-25T06:54:05.977038Z,behavior_monitor,8,375,536,257,910,338,565,391.55,47.44,353.39,system,NA,0.108,2.86,31.42,115.36,0.0,99.11,0.0
Human Dominant_18,R6,2026-08-25T06:54:06.198584Z,shot_miss,8,406,556,285,910,361,565,374.01,45.77,352.86,agent,NA,0.109,2.86,27.29,117.24,0.0,99.11,0.0
Human Dominant_18,R6,2026-08-25T06:54:06.486488Z,behavior_monitor,8,452,563,317,910,388,564,371.42,63.5,352.51,system,NA,0.146,2.86,5.89,117.45,0.0,99.11,0.0
Human Dominant_18,R6,2026-08-25T06:54:06.992965Z,behavior_monitor,8,501,618,378,910,439,606,316.04,63.39,309.08,system,NA,0.167,2.86,66.21,122.69,0.0,169.61,54.25
Human Dominant_18,R6,2026-08-25T06:54:07.382924Z,shot_miss,8,528,681,428,910,479,663,249.42,52.93,251.66,agent,NA,0.175,2.86,66.21,123.07,0.0,169.61,54.25
Human Dominant_18,R6,2026-08-25T06:54:07.501092Z,behavior_monitor,8,536,697,441,910,489,677,232.9,50.79,237.42,system,NA,0.179,2.86,42.93,123.07,0.0,169.61,54.25
Human Dominant_18,R6,2026-08-25T06:54:07.754377Z,shot_miss,8,566,728,474,910,516,714,203.26,51.68,199.42,agent,NA,0.203,2.86,42.93,123.46,0.0,169.61,54.25
Human Dominant_18,R6,2026-08-25T06:54:08.010300Z,behavior_monitor,8,597,748,498,910,540,742,189.66,57.79,172.18,system,NA,0.234,2.86,14.83,0.0,0.0,99.11,0.0
Human Dominant_18,R6,2026-08-25T06:54:08.520434Z,behavior_monitor,8,681,769,432,910,590,763,285.45,90.89,215.1,system,NA,0.242,2.86,12.98,127.72,180.0,99.11,0.0
Human Dominant_18,R6,2026-08-25T06:54:09.030179Z,behavior_monitor,8,763,793,434,910,641,788,348.81,121.67,240.27,system,NA,0.259,2.86,57.15,113.67,0.0,169.61,54.25
Human Dominant_18,R6,2026-08-25T06:54:10.064339Z,flight_missed,8,828,954,542,910,746,910,289.11,93.06,203.97,system,NA,0.243,2.86,60.62,110.93,0.0,99.11,0.0
Human Dominant_18,R6,2026-08-25T06:54:10.064988Z,flight_spawn,9,909,-20,542,910,746,910,999.73,944.15,203.97,system,NA,0.486,3.24,51.83,110.93,0.0,99.11,0.0
Human Dominant_18,R6,2026-08-25T06:54:11.129634Z,human_signal,9,1040,127,593,910,803,830,901.86,742.71,224.63,human,your_turn,0.452,3.24,50.09,93.43,0.0,130.47,-54.25
Human Dominant_18,R6,2026-08-25T06:54:11.130614Z,behavior_monitor,9,1040,127,593,910,803,830,901.86,742.71,224.63,system,NA,0.452,3.24,50.09,93.43,0.0,130.47,-54.25
Human Dominant_18,R6,2026-08-25T06:54:11.131027Z,human_signal,9,1042,129,594,911,803,830,901.27,740.96,223.69,human,your_turn,0.451,3.24,50.09,93.43,0.0,130.47,-54.25
Human Dominant_18,R6,2026-08-25T06:54:11.640691Z,behavior_monitor,9,1028,216,647,910,854,760,791.82,572.29,254.71,system,NA,0.42,3.24,131.99,114.86,0.0,169.61,-54.25
Human Dominant_18,R6,2026-08-25T06:54:12.150638Z,behavior_monitor,9,980,298,709,910,905,690,668.89,399.33,293.73,system,NA,0.374,3.24,107.18,129.41,0.0,169.61,-54.25
Human Dominant_18,R6,2026-08-25T06:54:12.659556Z,behavior_monitor,9,942,386,775,908,926,620,548.27,234.27,325.71,system,NA,0.299,3.24,131.91,133.7,-14.55,169.61,-125.75
Human Dominant_18,R6,2026-08-25T06:54:13.166873Z,behavior_monitor,9,940,478,779,853,918,566,409.07,91.1,319.37,system,NA,0.182,3.24,80.74,138.49,-25.43,0.0,0.0
Human Dominant_18,R6,2026-08-25T06:54:13.538270Z,shot_hit,9,951,551,829,834,930,566,308.3,26.04,286.05,agent,NA,0.078,3.24,108.12,133.82,-14.75,13.69,13.69
Human Dominant_18,R6,2026-08-25T06:54:13.539269Z,flight_spawn,10,1212,-20,829,834,930,566,936.52,651.16,286.05,system,NA,0.41,3.33,126.92,133.82,-14.75,13.69,13.69
Human Dominant_18,R6,2026-08-25T06:54:14.903569Z,human_signal,10,1132,225,1005,834,1015,566,622.22,361.26,267.5,human,your_turn,0.367,3.33,121.67,129.41,0.0,76.24,0.0
Human Dominant_18,R6,2026-08-25T06:54:14.904181Z,behavior_monitor,10,1132,225,1005,834,1015,566,622.22,361.26,267.5,system,NA,0.367,3.33,121.67,129.41,0.0,76.24,0.0
Human Dominant_18,R6,2026-08-25T06:54:14.904629Z,human_signal,10,1130,227,1007,834,1015,566,618.65,358.0,267.43,human,your_turn,0.367,3.33,121.67,129.41,0.0,76.24,0.0
Human Dominant_18,R6,2026-08-25T06:54:15.410436Z,behavior_monitor,10,1052,287,1067,831,1041,565,544.3,277.66,267.81,system,NA,0.338,3.33,143.65,86.99,-90.0,99.11,180.0
Human Dominant_18,R6,2026-08-25T06:54:15.916520Z,behavior_monitor,10,967,340,1016,811,991,565,473.23,226.72,246.52,system,NA,0.324,3.33,167.05,129.41,180.0,99.11,180.0
Human Dominant_18,R6,2026-08-25T06:54:16.423475Z,behavior_monitor,10,913,402,950,812,940,566,411.82,165.8,246.78,system,NA,0.287,3.33,87.42,133.67,165.5,99.11,180.0
Human Dominant_18,R6,2026-08-25T06:54:16.930387Z,behavior_monitor,10,915,502,890,850,898,566,349.45,66.17,284.85,system,NA,0.159,3.33,87.42,138.71,149.17,0.0,180.0
Human Dominant_18,R6,2026-08-25T06:54:17.166876Z,shot_hit,10,941,545,884,857,916,565,316.65,32.12,293.35,agent,NA,0.092,3.33,33.8,0.0,122.99,99.11,0.0
Human Dominant_18,R6,2026-08-25T06:54:17.167803Z,flight_spawn,11,1378,-20,884,857,916,565,1006.59,746.05,293.35,system,NA,0.426,2.83,135.0,0.0,122.99,99.11,0.0
Human Dominant_18,R6,2026-08-25T06:54:18.082143Z,human_signal,11,1307,103,915,874,955,565,864.74,580.61,311.33,human,your_turn,0.402,2.83,93.19,135.87,17.75,76.24,0.0
Human Dominant_18,R6,2026-08-25T06:54:18.083158Z,behavior_monitor,11,1307,103,915,874,955,565,864.74,580.61,311.33,system,NA,0.402,2.83,93.19,135.82,17.67,76.24,0.0
Human Dominant_18,R6,2026-08-25T06:54:18.083611Z,human_signal,11,1306,106,917,874,955,565,861.58,578.0,311.75,human,your_turn,0.402,2.83,93.19,135.82,17.67,76.24,0.0
Human Dominant_18,R6,2026-08-25T06:54:18.589832Z,behavior_monitor,11,1275,182,881,855,1006,565,779.89,467.71,316.22,system,NA,0.375,2.83,91.88,130.08,-159.98,93.6,0.0
Human Dominant_18,R6,2026-08-25T06:54:19.099501Z,behavior_monitor,11,1271,267,815,830,1056,565,724.4,367.13,358.45,system,NA,0.336,2.83,91.88,139.18,-158.41,99.11,0.0
Human Dominant_18,R6,2026-08-25T06:54:19.609093Z,behavior_monitor,11,1277,349,749,804,1107,565,696.29,274.31,430.19,system,NA,0.283,2.83,43.63,139.38,-158.2,99.11,0.0
Human Dominant_18,R6,2026-08-25T06:54:20.115878Z,behavior_monitor,11,1340,408,683,777,1158,565,753.14,240.25,519.8,system,NA,0.242,2.83,43.63,139.38,-158.2,99.11,0.0
Human Dominant_18,R6,2026-08-25T06:54:20.624166Z,behavior_monitor,11,1385,479,667,770,1208,565,775.37,196.73,579.22,system,NA,0.202,2.83,45.48,0.0,-143.4,99.11,0.0
Human Dominant_18,R6,2026-08-25T06:54:21.129894Z,behavior_monitor,11,1448,534,667,770,1259,565,815.83,191.27,626.73,system,NA,0.19,1.71,171.84,0.0,-143.4,99.11,0.0
Human Dominant_18,R6,2026-08-25T06:54:21.635081Z,behavior_monitor,11,1406,554,667,770,1309,565,770.43,97.31,674.76,system,NA,0.112,1.71,96.02,0.0,-143.4,99.11,0.0
Human Dominant_18,R6,2026-08-25T06:54:22.143188Z,behavior_monitor,11,1410,604,667,770,1360,600,761.38,49.87,713.92,system,NA,0.061,1.71,100.38,0.0,-143.4,169.61,54.25
Human Dominant_18,R6,2026-08-25T06:54:22.227826Z,shot_miss,11,1408,614,667,770,1370,609,758.0,38.62,721.6,agent,NA,0.048,1.71,100.38,0.0,-143.4,99.11,0.0
Human Dominant_18,R6,2026-08-25T06:54:22.398387Z,shot_hit,11,1403,629,667,770,1380,623,749.45,23.21,728.5,agent,NA,0.03,1.71,126.63,0.0,-143.4,137.65,90.0
Human Dominant_18,R6,2026-08-25T06:54:22.398864Z,flight_spawn,12,804,-20,667,770,1380,623,802.34,864.07,728.5,system,NA,0.519,3.26,127.91,0.0,-143.4,137.65,90.0
Human Dominant_18,R6,2026-08-25T06:54:23.311958Z,human_signal,12,726,129,667,770,1334,565,643.22,748.64,698.6,human,your_turn,0.538,3.26,106.4,0.0,-143.4,76.24,180.0
Human Dominant_18,R6,2026-08-25T06:54:23.312620Z,behavior_monitor,12,726,129,667,770,1334,565,643.22,748.64,698.6,system,NA,0.538,3.26,106.4,0.0,-143.4,76.24,180.0
Human Dominant_18,R6,2026-08-25T06:54:23.313057Z,human_signal,12,725,133,667,770,1334,565,640.02,747.56,698.6,human,your_turn,0.539,3.26,106.4,0.0,-143.4,76.24,180.0
Human Dominant_18,R6,2026-08-25T06:54:23.819325Z,behavior_monitor,12,685,217,635,760,1284,565,544.8,692.1,677.73,system,NA,0.56,3.26,121.45,136.55,-161.4,99.11,180.0
Human Dominant_18,R6,2026-08-25T06:54:24.322857Z,behavior_monitor,12,637,301,569,739,1233,565,443.6,651.69,686.95,system,NA,0.595,3.26,121.45,137.56,-160.18,99.11,180.0
Human Dominant_18,R6,2026-08-25T06:54:24.660817Z,human_signal,12,601,359,539,725,1199,565,370.59,633.22,679.23,human,i_can,0.631,3.26,121.45,0.0,-133.14,99.11,180.0
Human Dominant_18,R6,2026-08-25T06:54:24.829769Z,behavior_monitor,12,582,381,539,725,1190,565,346.25,635.11,669.79,system,NA,0.647,3.26,142.27,0.0,-133.14,57.18,180.0
Human Dominant_18,R6,2026-08-25T06:54:25.336263Z,behavior_monitor,12,506,439,483,705,1160,565,267.25,666.62,691.44,system,NA,0.714,3.26,164.08,135.72,-162.47,57.18,180.0
Human Dominant_18,R6,2026-08-25T06:54:25.842014Z,behavior_monitor,12,438,504,417,684,1156,565,181.09,719.9,747.83,system,NA,0.799,3.26,113.76,144.13,-162.56,0.0,180.0
Human Dominant_18,R6,2026-08-25T06:54:26.351325Z,behavior_monitor,12,390,580,387,675,1129,576,94.14,738.84,748.67,system,NA,0.887,3.26,167.06,0.0,-163.0,130.47,125.75
Human Dominant_18,R6,2026-08-25T06:54:26.861049Z,behavior_monitor,12,301,612,342,675,1090,606,74.76,788.39,750.89,system,NA,0.913,3.26,167.84,129.41,180.0,76.24,180.0
Human Dominant_18,R6,2026-08-25T06:54:26.910997Z,shot_miss,12,292,614,335,675,1086,608,74.32,793.36,753.43,human,NA,0.914,3.26,167.84,137.5,180.0,81.0,180.0
Human Dominant_18,R6,2026-08-25T06:54:27.367976Z,behavior_monitor,12,214,648,276,677,1050,640,68.55,836.19,775.3,system,NA,0.924,3.26,141.32,136.44,161.52,130.47,125.75
Human Dominant_18,R6,2026-08-25T06:54:27.877433Z,behavior_monitor,12,119,673,223,723,1011,669,115.54,892.01,789.75,system,NA,0.885,3.26,169.88,151.07,130.37,138.63,125.75
Human Dominant_18,R6,2026-08-25T06:54:28.384716Z,behavior_monitor,12,21,696,166,768,972,690,162.06,951.0,809.78,system,NA,0.854,3.26,173.08,144.39,139.74,76.24,180.0
Human Dominant_18,R6,2026-08-25T06:54:28.895682Z,behavior_monitor,12,76,714,121,821,933,710,116.37,856.88,819.39,system,NA,0.88,1.98,5.73,129.41,90.0,130.47,125.75
Human Dominant_18,R6,2026-08-25T06:54:29.400634Z,behavior_monitor,12,135,728,150,841,893,723,113.77,758.94,752.67,system,NA,0.87,1.98,15.39,129.41,0.0,76.24,180.0
Human Dominant_18,R6,2026-08-25T06:54:29.907370Z,shot_miss,12,168,771,193,800,854,766,38.2,685.7,661.69,human,NA,0.947,1.98,91.99,151.67,-121.93,130.47,125.75
Human Dominant_18,R6,2026-08-25T06:54:30.059016Z,shot_hit,12,173,788,177,810,843,782,22.68,669.16,665.67,human,NA,0.967,1.98,63.86,150.71,126.38,130.47,125.75
Human Dominant_18,R6,2026-08-25T06:54:30.060060Z,flight_spawn,13,506,-20,177,810,843,782,893.17,870.04,665.67,system,NA,0.493,3.39,53.88,150.71,126.38,130.47,125.75
Human Dominant_18,R6,2026-08-25T06:54:31.005573Z,human_signal,13,672,49,241,876,800,722,932.16,685.49,578.98,human,your_turn,0.424,3.39,19.97,129.41,0.0,130.47,-125.75
Human Dominant_18,R6,2026-08-25T06:54:31.006173Z,behavior_monitor,13,672,49,241,876,800,722,932.16,685.49,578.98,system,NA,0.424,3.39,19.97,129.41,0.0,130.47,-125.75
Human Dominant_18,R6,2026-08-25T06:54:31.006463Z,human_signal,13,675,50,244,876,800,722,931.54,683.78,576.86,human,your_turn,0.423,3.39,19.97,129.41,0.0,130.47,-125.75
Human Dominant_18,R6,2026-08-25T06:54:31.516341Z,behavior_monitor,13,767,84,307,876,749,652,915.64,568.95,495.23,system,NA,0.383,3.39,19.97,129.41,0.0,169.61,-125.75
Human Dominant_18,R6,2026-08-25T06:54:32.027155Z,behavior_monitor,13,850,132,344,868,797,582,893.32,453.56,535.05,system,NA,0.337,3.39,49.32,0.0,-90.0,169.61,-54.25
Human Dominant_18,R6,2026-08-25T06:54:32.535018Z,behavior_monitor,13,902,214,344,868,847,566,859.5,355.96,586.25,system,NA,0.293,3.39,74.07,0.0,-90.0,99.11,0.0
Human Dominant_18,R6,2026-08-25T06:54:33.038627Z,behavior_monitor,13,929,312,346,868,897,566,805.43,255.7,628.55,system,NA,0.241,3.39,74.07,51.64,0.0,99.11,0.0
Human Dominant_18,R6,2026-08-25T06:54:33.545865Z,behavior_monitor,13,967,405,394,851,941,566,726.53,162.73,617.12,system,NA,0.183,3.39,61.08,0.0,-40.12,99.11,0.0
Human Dominant_18,R6,2026-08-25T06:54:34.054337Z,behavior_monitor,13,1038,469,397,851,991,565,746.31,107.04,659.49,system,NA,0.125,3.39,20.44,59.7,0.0,99.11,0.0
Human Dominant_18,R6,2026-08-25T06:54:34.565113Z,behavior_monitor,13,1121,527,419,851,1041,565,773.3,88.36,684.95,system,NA,0.103,3.39,41.9,0.0,0.0,99.11,0.0
Human Dominant_18,R6,2026-08-25T06:54:35.074513Z,behavior_monitor,13,1209,566,419,851,1092,565,839.88,117.1,731.03,system,NA,0.122,3.39,4.17,0.0,0.0,99.11,0.0
Human Dominant_18,R6,2026-08-25T06:54:35.580924Z,behavior_monitor,13,1297,617,419,851,1142,612,908.72,154.72,761.71,system,NA,0.145,3.39,30.47,0.0,0.0,169.61,54.25
Human Dominant_18,R6,2026-08-25T06:54:37.372622Z,flight_missed,13,1391,952,446,851,1322,858,950.39,116.71,876.48,system,NA,0.109,3.39,57.42,0.0,0.0,169.61,54.25
Human Dominant_18,R6,2026-08-25T06:54:37.373109Z,flight_spawn,14,1205,-20,446,851,1322,858,1155.99,886.07,876.48,system,NA,0.434,2.97,132.34,0.0,0.0,169.61,54.25
Human Dominant_18,R6,2026-08-25T06:54:38.337035Z,human_signal,14,1081,83,446,851,1277,794,996.48,738.02,833.37,human,your_turn,0.425,2.97,152.9,0.0,0.0,130.47,-125.75
Human Dominant_18,R6,2026-08-25T06:54:38.338045Z,behavior_monitor,14,1081,83,446,851,1277,794,996.48,738.02,833.37,system,NA,0.425,2.97,152.9,0.0,0.0,130.47,-125.75
Human Dominant_18,R6,2026-08-25T06:54:38.338497Z,human_signal,14,1079,84,446,851,1277,794,994.21,737.23,833.37,human,your_turn,0.426,2.97,152.9,0.0,0.0,130.47,-125.75
Human Dominant_18,R6,2026-08-25T06:54:38.848048Z,behavior_monitor,14,999,110,446,851,1227,724,924.88,655.43,791.17,system,NA,0.415,2.97,159.72,0.0,0.0,169.61,-125.75
Human Dominant_18,R6,2026-08-25T06:54:39.356184Z,behavior_monitor,14,924,151,414,850,1176,654,864.89,562.99,787.09,system,NA,0.394,2.97,137.82,135.05,-163.38,169.61,-125.75
Human Dominant_18,R6,2026-08-25T06:54:39.865660Z,behavior_monitor,14,837,184,360,806,1126,585,783.48,494.35,797.1,system,NA,0.387,2.97,160.4,147.06,-127.62,180.21,-125.75
Human Dominant_18,R6,2026-08-25T06:54:40.375118Z,behavior_monitor,14,762,210,347,787,1075,566,710.74,474.35,761.22,system,NA,0.4,2.97,92.6,134.56,-134.72,99.11,180.0
Human Dominant_18,R6,2026-08-25T06:54:40.883763Z,behavior_monitor,14,757,299,330,746,1025,566,618.97,377.77,717.91,system,NA,0.379,2.97,92.6,106.91,28.83,93.6,180.0
Human Dominant_18,R6,2026-08-25T06:54:41.391338Z,behavior_monitor,14,721,377,392,765,974,566,508.74,315.66,615.17,system,NA,0.383,2.97,143.82,137.5,0.0,105.3,180.0
Human Dominant_18,R6,2026-08-25T06:54:41.901699Z,behavior_monitor,14,645,424,369,785,924,566,453.66,312.53,596.27,system,NA,0.408,2.97,136.83,122.86,108.85,99.11,180.0
Human Dominant_18,R6,2026-08-25T06:54:42.409826Z,behavior_monitor,14,581,485,405,761,873,566,327.08,303.18,507.35,system,NA,0.481,2.97,136.83,126.75,-46.06,99.11,180.0
Human Dominant_18,R6,2026-08-25T06:54:42.869988Z,human_signal,14,518,542,437,728,828,565,202.81,310.45,423.51,human,i_can,0.605,2.97,136.83,62.16,-90.0,99.11,180.0
Human Dominant_18,R6,2026-08-25T06:54:42.920688Z,behavior_monitor,14,514,546,437,726,825,565,195.38,311.44,419.97,system,NA,0.614,2.97,136.83,65.29,-90.0,57.18,180.0
Human Dominant_18,R6,2026-08-25T06:54:43.429537Z,behavior_monitor,14,449,607,440,745,796,590,138.38,347.1,388.14,system,NA,0.715,2.97,136.83,137.7,109.99,97.85,125.75
Human Dominant_18,R6,2026-08-25T06:54:43.938043Z,behavior_monitor,14,383,668,395,785,785,606,117.15,407.1,429.31,system,NA,0.777,2.97,136.83,137.5,180.0,0.0,-89.57
Human Dominant_18,R6,2026-08-25T06:54:44.441222Z,behavior_monitor,14,314,711,329,776,785,606,65.82,482.75,486.89,system,NA,0.88,2.97,115.63,129.41,180.0,0.0,-7.23
Human Dominant_18,R6,2026-08-25T06:54:44.662525Z,shot_hit,14,296,746,300,770,780,613,23.87,501.6,504.7,human,NA,0.955,2.97,115.63,122.22,180.0,123.22,125.75
Human Dominant_18,R6,2026-08-25T06:54:44.663054Z,flight_spawn,15,1207,-20,300,770,780,613,1202.91,764.28,504.7,system,NA,0.389,2.83,135.0,122.22,180.0,123.22,125.75
Human Dominant_18,R6,2026-08-25T06:54:45.508694Z,human_signal,15,1089,51,320,798,807,576,1072.37,595.73,535.35,human,your_turn,0.357,2.83,155.3,129.41,0.0,130.47,-54.25
Human Dominant_18,R6,2026-08-25T06:54:45.509297Z,behavior_monitor,15,1089,51,320,798,807,576,1072.37,595.73,535.35,system,NA,0.357,2.83,155.3,129.41,0.0,130.47,-54.25
Human Dominant_18,R6,2026-08-25T06:54:45.509756Z,human_signal,15,1086,52,322,798,807,576,1067.61,593.14,533.35,human,your_turn,0.357,2.83,155.3,129.41,0.0,130.47,-54.25
Human Dominant_18,R6,2026-08-25T06:54:46.017431Z,behavior_monitor,15,1002,71,350,778,857,565,962.14,514.84,549.78,system,NA,0.349,2.83,158.16,76.25,0.0,99.11,0.0
Human Dominant_18,R6,2026-08-25T06:54:46.527078Z,behavior_monitor,15,923,102,363,778,904,565,878.38,462.72,581.87,system,NA,0.345,2.83,158.16,47.41,180.0,0.0,0.0
Human Dominant_18,R6,2026-08-25T06:54:47.034794Z,behavior_monitor,15,847,134,329,732,855,565,790.82,431.07,552.11,system,NA,0.353,2.83,158.16,59.28,-90.0,99.11,180.0
Human Dominant_18,R6,2026-08-25T06:54:47.543568Z,behavior_monitor,15,766,157,329,728,805,565,718.46,409.03,503.14,system,NA,0.363,2.83,155.64,0.0,-90.0,99.11,180.0
Human Dominant_18,R6,2026-08-25T06:54:48.052106Z,behavior_monitor,15,699,207,315,724,754,565,644.41,362.07,467.43,system,NA,0.36,2.83,151.25,97.83,-153.81,99.11,180.0
Human Dominant_18,R6,2026-08-25T06:54:48.557096Z,behavior_monitor,15,639,265,259,693,704,564,572.58,306.32,463.88,system,NA,0.349,2.83,148.25,118.55,-151.31,99.11,180.0
Human Dominant_18,R6,2026-08-25T06:54:49.063702Z,behavior_monitor,15,611,342,296,701,654,564,477.92,226.45,383.03,system,NA,0.321,2.83,101.65,136.76,24.64,99.11,180.0
Human Dominant_18,R6,2026-08-25T06:54:49.568097Z,behavior_monitor,15,587,419,349,746,603,564,403.63,145.51,311.9,system,NA,0.265,2.83,128.1,137.39,43.7,99.11,180.0
Human Dominant_18,R6,2026-08-25T06:54:50.072009Z,behavior_monitor,15,533,486,400,794,553,563,335.35,79.78,276.36,system,NA,0.192,2.83,128.1,145.6,42.39,105.3,180.0
Human Dominant_18,R6,2026-08-25T06:54:50.513950Z,shot_hit,15,498,550,447,836,507,564,289.71,16.7,278.28,agent,NA,0.055,2.83,115.46,137.61,41.33,99.11,180.0
Human Dominant_18,R6,2026-08-25T06:54:50.514564Z,flight_spawn,16,916,-20,447,836,507,564,975.89,712.98,278.28,system,NA,0.422,2.83,135.0,137.61,41.33,99.11,180.0
Human Dominant_18,R6,2026-08-25T06:54:51.389136Z,human_signal,16,900,107,553,883,547,564,850.54,577.29,319.84,human,your_turn,0.404,2.83,65.41,134.7,16.12,76.24,0.0
Human Dominant_18,R6,2026-08-25T06:54:51.390114Z,behavior_monitor,16,900,107,553,883,547,564,850.54,577.29,319.84,system,NA,0.404,2.83,65.41,134.7,16.12,76.24,0.0
Human Dominant_18,R6,2026-08-25T06:54:51.390538Z,human_signal,16,902,109,556,884,547,564,848.51,576.22,320.52,human,your_turn,0.404,2.83,65.41,134.7,16.12,76.24,0.0
Human Dominant_18,R6,2026-08-25T06:54:51.895247Z,behavior_monitor,16,963,162,619,903,598,564,817.43,542.91,340.25,system,NA,0.399,2.83,6.01,134.87,16.36,99.11,0.0
Human Dominant_18,R6,2026-08-25T06:54:52.403844Z,behavior_monitor,16,1035,190,685,910,648,564,799.91,538.12,347.98,system,NA,0.402,2.83,50.96,129.41,0.0,99.11,0.0
Human Dominant_18,R6,2026-08-25T06:54:52.912542Z,behavior_monitor,16,1098,243,723,904,698,564,760.09,512.37,341.47,system,NA,0.403,2.83,27.03,0.0,-90.0,99.11,0.0
Human Dominant_18,R6,2026-08-25T06:54:53.425283Z,behavior_monitor,16,1179,266,693,893,749,564,793.26,522.54,334.5,system,NA,0.397,2.83,47.83,106.67,0.0,99.11,0.0
Human Dominant_18,R6,2026-08-25T06:54:53.931804Z,behavior_monitor,16,1182,344,758,893,800,564,693.74,441.27,332.01,system,NA,0.389,2.83,145.53,129.41,0.0,99.11,0.0
Human Dominant_18,R6,2026-08-25T06:54:54.438378Z,behavior_monitor,16,1112,389,824,893,850,564,580.68,314.67,330.44,system,NA,0.351,2.83,172.24,129.41,0.0,99.11,0.0
Human Dominant_18,R6,2026-08-25T06:54:54.948689Z,behavior_monitor,16,1025,405,888,893,901,564,507.53,202.02,329.81,system,NA,0.285,2.83,168.77,47.24,0.0,93.6,0.0
Human Dominant_18,R6,2026-08-25T06:54:55.460647Z,behavior_monitor,16,942,423,862,893,931,563,476.93,140.66,337.11,system,NA,0.228,2.83,161.39,129.41,180.0,94.39,-178.24
Human Dominant_18,R6,2026-08-25T06:54:55.967115Z,behavior_monitor,16,866,448,796,877,880,564,434.87,116.81,324.45,system,NA,0.212,2.83,178.63,133.63,-165.57,99.11,180.0
Human Dominant_18,R6,2026-08-25T06:54:58.440784Z,shot_hit,16,623,670,533,860,633,662,210.34,12.44,221.76,agent,NA,0.056,2.83,70.98,129.41,180.0,169.61,125.75
Human Dominant_18,R6,2026-08-25T06:54:58.441871Z,flight_spawn,17,1257,-20,533,860,633,662,1140.11,925.06,221.76,system,NA,0.448,2.83,135.0,129.41,180.0,169.61,125.75
Human Dominant_18,R6,2026-08-25T06:54:59.219077Z,human_signal,17,1168,70,582,892,661,623,1009.65,750.59,280.27,human,your_turn,0.426,2.83,135.0,134.64,20.57,130.47,-54.25
Human Dominant_18,R6,2026-08-25T06:54:59.220042Z,behavior_monitor,17,1168,70,582,892,661,623,1009.65,750.59,280.27,system,NA,0.426,2.83,135.0,134.55,20.46,130.47,-54.25
Human Dominant_18,R6,2026-08-25T06:54:59.220497Z,human_signal,17,1166,72,585,893,661,623,1006.2,747.67,280.44,human,your_turn,0.426,2.83,135.0,134.55,20.46,130.47,-54.25
Human Dominant_18,R6,2026-08-25T06:54:59.727487Z,behavior_monitor,17,1112,128,647,910,711,564,909.06,592.1,351.22,system,NA,0.394,2.83,129.98,129.41,0.0,99.11,0.0
Human Dominant_18,R6,2026-08-25T06:55:00.234196Z,behavior_monitor,17,1064,198,713,903,763,565,787.23,475.15,341.03,system,NA,0.376,2.83,104.53,129.41,0.0,99.11,0.0
Human Dominant_18,R6,2026-08-25T06:55:00.738739Z,behavior_monitor,17,1103,271,766,910,812,565,722.09,413.51,347.88,system,NA,0.364,2.83,48.26,114.66,0.0,99.11,0.0
Human Dominant_18,R6,2026-08-25T06:55:01.245703Z,behavior_monitor,17,1171,325,827,910,862,565,677.63,390.89,346.66,system,NA,0.366,2.83,27.46,85.44,0.0,99.11,0.0
Human Dominant_18,R6,2026-08-25T06:55:01.753131Z,behavior_monitor,17,1214,395,878,910,913,564,614.71,345.73,347.04,system,NA,0.36,2.83,76.16,137.5,0.0,105.3,0.0
Human Dominant_18,R6,2026-08-25T06:55:02.257234Z,behavior_monitor,17,1274,447,944,910,964,564,568.54,331.4,346.03,system,NA,0.368,2.83,26.98,129.41,0.0,128.11,2.65
Human Dominant_18,R6,2026-08-25T06:55:02.765172Z,behavior_monitor,17,1350,485,1010,910,1014,564,543.81,344.45,345.93,system,NA,0.388,2.83,26.98,129.41,0.0,99.11,0.0
Human Dominant_18,R6,2026-08-25T06:55:03.271002Z,behavior_monitor,17,1411,534,1076,910,1065,564,503.32,347.84,345.91,system,NA,0.409,2.83,26.4,129.41,0.0,99.11,0.0
Human Dominant_18,R6,2026-08-25T06:55:03.779435Z,behavior_monitor,17,1439,609,1142,910,1115,599,423.32,324.31,311.75,system,NA,0.434,2.83,99.65,129.41,0.0,169.61,54.25
Human Dominant_18,R6,2026-08-25T06:55:05.404263Z,shot_hit,17,1280,799,1070,910,1263,788,237.57,20.17,228.82,agent,NA,0.078,2.83,125.28,129.41,180.0,169.61,125.75
Human Dominant_18,R6,2026-08-25T06:55:05.404942Z,flight_spawn,18,1216,-20,1070,910,1263,788,941.46,809.81,228.82,system,NA,0.462,2.91,133.41,129.41,180.0,169.61,125.75
Human Dominant_18,R6,2026-08-25T06:55:06.283575Z,human_signal,18,1157,108,957,910,1225,733,825.5,628.58,319.92,human,your_turn,0.432,2.91,132.7,129.41,180.0,130.47,-125.75
Human Dominant_18,R6,2026-08-25T06:55:06.284189Z,behavior_monitor,18,1157,108,957,910,1225,733,825.5,628.58,319.92,system,NA,0.432,2.91,132.7,137.5,180.0,138.63,-125.75
Human Dominant_18,R6,2026-08-25T06:55:06.284659Z,human_signal,18,1155,111,955,910,1225,733,823.38,626.71,321.76,human,your_turn,0.432,2.91,132.7,137.5,180.0,138.63,-125.75
Human Dominant_18,R6,2026-08-25T06:55:06.789652Z,behavior_monitor,18,1099,173,891,910,1174,663,765.64,495.94,375.36,system,NA,0.393,2.91,132.7,129.41,180.0,169.61,-125.75
Human Dominant_18,R6,2026-08-25T06:55:07.301268Z,behavior_monitor,18,1061,244,828,880,1124,591,677.09,353.11,413.12,system,NA,0.343,2.91,81.38,139.31,-149.9,169.61,-125.75
Human Dominant_18,R6,2026-08-25T06:55:07.806861Z,behavior_monitor,18,1077,328,767,845,1074,566,602.91,237.48,415.01,system,NA,0.283,2.91,87.72,136.91,-151.68,99.11,180.0
Human Dominant_18,R6,2026-08-25T06:55:08.318435Z,behavior_monitor,18,1074,415,765,832,1055,566,518.69,151.91,393.23,system,NA,0.227,2.91,89.33,0.0,0.0,0.0,170.27
Human Dominant_18,R6,2026-08-25T06:55:08.826558Z,behavior_monitor,18,1087,499,765,832,1064,566,462.99,70.48,399.96,system,NA,0.132,2.91,63.82,0.0,0.0,0.0,0.0
Human Dominant_18,R6,2026-08-25T06:55:09.114687Z,shot_hit,18,1096,548,765,832,1075,565,435.83,26.77,409.07,agent,NA,0.058,2.91,114.35,0.0,0.0,0.0,-100.92
Human Dominant_18,R6,2026-08-25T06:55:09.115719Z,flight_spawn,19,1295,-20,765,832,1075,565,1003.37,625.41,409.07,system,NA,0.384,3.11,50.05,0.0,0.0,0.0,-100.92
Human Dominant_18,R6,2026-08-25T06:55:09.992819Z,human_signal,19,1433,41,765,832,1084,565,1035.35,629.77,416.0,human,your_turn,0.378,3.11,41.98,0.0,0.0,76.24,0.0
Human Dominant_18,R6,2026-08-25T06:55:09.993388Z,behavior_monitor,19,1433,41,765,832,1084,565,1035.35,629.77,416.0,system,NA,0.378,3.11,41.98,0.0,0.0,76.24,0.0
Human Dominant_18,R6,2026-08-25T06:55:09.993659Z,human_signal,19,1436,43,765,832,1084,565,1035.51,629.54,416.0,human,your_turn,0.378,3.11,41.98,0.0,0.0,76.24,0.0
Human Dominant_18,R6,2026-08-25T06:55:10.499854Z,behavior_monitor,19,1443,110,765,832,1134,566,990.44,550.43,455.42,system,NA,0.357,2.5,72.64,0.0,0.0,99.11,0.0
Human Dominant_18,R6,2026-08-25T06:55:11.008644Z,behavior_monitor,19,1423,174,786,822,1185,565,908.16,457.7,474.25,system,NA,0.335,2.43,123.42,0.0,-90.0,99.11,0.0
Human Dominant_18,R6,2026-08-25T06:55:11.517870Z,behavior_monitor,19,1391,240,762,787,1236,566,833.83,360.93,523.36,system,NA,0.302,2.43,106.54,140.23,-137.67,99.11,0.0
Human Dominant_18,R6,2026-08-25T06:55:12.027924Z,behavior_monitor,19,1355,301,702,750,1287,564,791.74,271.73,613.42,system,NA,0.256,2.43,103.1,136.53,-153.11,99.11,0.0
Human Dominant_18,R6,2026-08-25T06:55:12.536556Z,behavior_monitor,19,1323,364,640,719,1306,564,770.06,200.94,683.61,system,NA,0.207,2.43,126.93,136.36,-154.2,99.11,180.0
Human Dominant_18,R6,2026-08-25T06:55:13.042124Z,behavior_monitor,19,1306,434,577,690,1289,564,772.47,131.53,722.56,system,NA,0.145,2.43,104.54,131.74,-159.33,99.11,180.0
Human Dominant_18,R6,2026-08-25T06:55:13.548152Z,behavior_monitor,19,1300,506,538,688,1283,564,782.38,59.95,755.03,system,NA,0.071,2.43,95.62,0.0,180.0,0.0,180.0
Human Dominant_18,R6,2026-08-25T06:55:13.818023Z,shot_miss,19,1321,539,538,688,1297,564,796.64,35.09,768.33,agent,NA,0.042,2.43,46.38,0.0,180.0,99.11,0.0
Human Dominant_18,R6,2026-08-25T06:55:14.053704Z,behavior_monitor,19,1347,554,538,688,1319,564,819.95,30.34,790.08,system,NA,0.036,2.43,22.66,0.0,180.0,99.11,0.0
Human Dominant_18,R6,2026-08-25T06:55:14.139775Z,shot_hit,19,1360,560,538,688,1329,564,831.67,31.61,800.06,agent,NA,0.037,2.43,22.66,0.0,180.0,99.11,0.0
Human Dominant_18,R6,2026-08-25T06:55:14.140746Z,flight_spawn,20,981,-20,538,688,1329,564,834.79,680.37,800.06,system,NA,0.449,3.19,51.13,0.0,180.0,99.11,0.0
Human Dominant_18,R6,2026-08-25T06:55:15.134209Z,human_signal,20,1139,64,538,688,1288,564,866.14,521.91,759.28,human,your_turn,0.376,3.19,14.99,0.0,180.0,76.24,180.0
Human Dominant_18,R6,2026-08-25T06:55:15.134741Z,behavior_monitor,20,1139,64,538,688,1288,564,866.14,521.91,759.28,system,NA,0.376,3.19,14.99,0.0,180.0,76.24,180.0
Human Dominant_18,R6,2026-08-25T06:55:15.135191Z,human_signal,20,1143,65,538,688,1288,564,867.68,520.26,759.28,human,your_turn,0.375,3.19,14.99,0.0,180.0,76.24,180.0
Human Dominant_18,R6,2026-08-25T06:55:15.642069Z,behavior_monitor,20,1230,89,538,688,1237,564,915.22,475.74,709.45,system,NA,0.342,3.19,14.99,0.0,180.0,99.11,180.0
Human Dominant_18,R6,2026-08-25T06:55:16.151191Z,behavior_monitor,20,1322,110,538,688,1267,564,973.41,457.04,739.09,system,NA,0.32,3.19,11.43,0.0,180.0,99.11,0.0
Human Dominant_18,R6,2026-08-25T06:55:16.661251Z,behavior_monitor,20,1410,147,538,688,1318,564,1026.02,427.11,789.38,system,NA,0.294,3.19,1.74,0.0,180.0,99.11,0.0
Human Dominant_18,R6,2026-08-25T06:55:17.167980Z,behavior_monitor,20,1420,152,538,688,1369,564,1031.8,415.35,839.34,system,NA,0.287,1.91,178.74,0.0,180.0,99.11,0.0
Human Dominant_18,R6,2026-08-25T06:55:17.674528Z,behavior_monitor,20,1362,160,538,688,1350,563,977.8,403.35,820.96,system,NA,0.292,1.91,152.98,0.0,180.0,99.11,180.0
Human Dominant_18,R6,2026-08-25T06:55:18.185423Z,behavior_monitor,20,1327,200,538,688,1310,564,927.21,364.42,780.97,system,NA,0.282,1.91,100.39,0.0,180.0,99.11,180.0
Human Dominant_18,R6,2026-08-25T06:55:18.694513Z,behavior_monitor,20,1306,251,538,688,1289,564,882.66,313.32,760.52,system,NA,0.262,1.91,121.08,0.0,180.0,99.11,180.0
Human Dominant_18,R6,2026-08-25T06:55:19.201882Z,behavior_monitor,20,1273,300,538,688,1256,563,830.19,263.87,728.49,system,NA,0.241,1.91,121.08,0.0,180.0,0.0,-170.81
Human Dominant_18,R6,2026-08-25T06:55:19.711531Z,behavior_monitor,20,1254,350,538,688,1236,564,790.67,214.14,708.6,system,NA,0.213,1.91,121.47,0.0,180.0,99.11,180.0
Human Dominant_18,R6,2026-08-25T06:55:21.962004Z,shot_miss,20,1079,525,538,688,1063,564,564.77,41.81,539.31,agent,NA,0.069,1.91,144.74,0.0,180.0,99.11,180.0
Human Dominant_18,R6,2026-08-25T06:55:22.251069Z,shot_hit,20,1057,544,538,688,1040,563,538.32,26.35,516.36,agent,NA,0.047,1.91,144.74,0.0,180.0,99.11,180.0
